event_id,event_type,event_name,description,start_timestamp,end_timestamp,location_id,case_id,primary_entity_type,primary_entity_id,source_id,evidence_id,confidence_score,created_at
E00001,INCIDENT,Event 00001,Synthetic incident event record describing an observed investigative activity. It is intended for temporal and graph-analysis testing.,2026-06-08 19:21:33,2026-06-09 05:06:33,L00401,C01050,PERSON,P00583,SRC019,EV01374,0.75,2025-05-06 19:23:55
E00002,TRANSACTION,Event 00002,Synthetic transaction event record describing an observed investigative activity. It is intended for temporal and graph-analysis testing.,2025-03-01 17:54:34,2025-03-02 03:34:34,L01378,C00921,PERSON,P00358,SRC017,EV03777,0.89,2024-04-08 03:51:54
E00003,TRAVEL,Event 00003,Synthetic travel event record describing an observed investigative activity. It is intended for temporal and graph-analysis testing.,2025-08-23 13:20:53,2025-08-23 17:54:53,L01666,,PERSON,P03151,SRC009,EV01343,0.72,2026-08-18 16:31:57
E00004,INCIDENT,Event 00004,Officia nisi voluptatem vitae maxime repellat qui odio dignissimos accusantium.,2025-09-19 12:33:38,2025-09-19 19:38:38,L01528,,PERSON,P01863,SRC019,EV02774,0.94,2025-05-29 16:48:57
E00005,INCIDENT,Event 00005,Synthetic incident event record describing an observed investigative activity. It is intended for temporal and graph-analysis testing.,2026-06-30 13:14:00,2026-07-01 00:04:00,L00117,C00108,PERSON,P00145,SRC011,EV04934,0.81,2026-07-31 21:30:27
E00006,TRANSACTION,Event 00006,Facilis cum excepturi iusto possimus soluta perspiciatis id sint.,2024-11-08 00:15:14,2024-11-08 06:43:14,L02468,C00875,PERSON,P01801,SRC004,EV02812,0.7,2024-10-07 13:21:42
E00007,TRANSACTION,Event 00007,Synthetic transaction event record describing an observed investigative activity. It is intended for temporal and graph-analysis testing.,2026-06-09 05:32:49,2026-06-09 10:56:49,L01099,C00908,PERSON,P00774,SRC012,EV02388,0.88,2025-07-28 00:27:22
E00008,ARREST,Event 00008,Synthetic arrest event record describing an observed investigative activity. It is intended for temporal and graph-analysis testing.,2025-10-24 16:39:10,2025-10-24 18:08:10,L02018,C00780,PERSON,P03990,SRC028,EV03019,0.86,2024-01-16 18:58:22
E00009,TRANSACTION,Event 00009,Temporibus eius animi unde molestias molestiae numquam amet minima explicabo debitis quam ab.,2024-10-27 05:08:46,2024-10-27 13:05:46,L01594,C01084,PERSON,P00633,SRC013,EV02478,0.75,2025-10-02 19:43:11
E00010,MEETING,Event 00010,Synthetic meeting event record describing an observed investigative activity. It is intended for temporal and graph-analysis testing.,2024-02-06 14:31:47,2024-02-06 15:47:47,L01217,C00668,PERSON,P00276,SRC021,EV01282,0.88,2025-04-21 17:26:37
E00011,MEETING,Event 00011,Synthetic meeting event record describing an observed investigative activity. It is intended for temporal and graph-analysis testing.,2024-10-22 04:04:17,2024-10-22 07:47:17,L01092,,PERSON,P00990,SRC009,EV03193,0.7,2024-12-11 05:03:07
E00012,ARREST,Event 00012,Synthetic arrest event record describing an observed investigative activity. It is intended for temporal and graph-analysis testing.,2026-02-26 22:39:39,2026-02-27 05:38:39,L01697,C00639,PERSON,P03789,SRC028,EV02043,0.79,2024-12-10 22:36:54
E00013,SURVEILLANCE,Event 00013,Synthetic surveillance event record describing an observed investigative activity. It is intended for temporal and graph-analysis testing.,2024-02-28 07:55:51,2024-02-28 10:39:51,L00117,,PERSON,P03845,SRC028,EV01466,0.83,2024-01-09 05:26:53
E00014,ARREST,Event 00014,Synthetic arrest event record describing an observed investigative activity. It is intended for temporal and graph-analysis testing.,2024-11-23 03:34:57,2024-11-23 08:53:57,L01753,,PERSON,P03979,SRC016,EV02658,0.85,2025-09-30 16:38:34
E00015,MEETING,Event 00015,Synthetic meeting event record describing an observed investigative activity. It is intended for temporal and graph-analysis testing.,2025-09-07 03:57:07,2025-09-07 12:46:07,L00499,C00453,PERSON,P00301,SRC024,EV04700,0.74,2025-09-22 13:01:44
E00016,CRIME,Event 00016,Synthetic crime event record describing an observed investigative activity. It is intended for temporal and graph-analysis testing.,2025-12-08 07:53:46,2025-12-08 13:18:46,L00727,,PERSON,P02856,SRC017,EV00008,0.72,2024-03-09 15:57:32
E00017,ARREST,Event 00017,Error magni hic itaque vitae velit dignissimos aliquid pariatur nemo est explicabo.,2025-04-27 00:18:12,2025-04-27 01:25:12,L01336,,PERSON,P00388,SRC004,EV00654,0.81,2025-05-17 21:36:06
E00018,ARREST,Event 00018,At vitae consectetur voluptatibus enim labore ipsa ea itaque pariatur corrupti saepe autem.,2025-03-13 03:00:18,2025-03-13 12:09:18,L00151,,PERSON,P03751,SRC025,EV03110,0.7,2024-01-12 12:50:12
E00019,INCIDENT,Event 00019,Synthetic incident event record describing an observed investigative activity. It is intended for temporal and graph-analysis testing.,2026-05-06 02:53:26,2026-05-06 05:20:26,L00459,C01010,PERSON,P01879,SRC027,EV04023,0.84,2025-11-22 22:52:01
E00020,TRANSACTION,Event 00020,Synthetic transaction event record describing an observed investigative activity. It is intended for temporal and graph-analysis testing.,2026-06-02 06:40:21,2026-06-02 18:27:21,L00198,C00457,PERSON,P02817,SRC029,EV01551,0.78,2026-06-05 16:48:28
E00021,CRIME,Event 00021,Synthetic crime event record describing an observed investigative activity. It is intended for temporal and graph-analysis testing.,2025-01-27 07:08:46,2025-01-27 17:49:46,L01120,C00805,PERSON,P00643,SRC018,EV04423,0.9,2025-02-11 14:13:56
E00022,CRIME,Event 00022,Synthetic crime event record describing an observed investigative activity. It is intended for temporal and graph-analysis testing.,2025-07-23 20:56:55,2025-07-24 04:06:55,L02358,C00695,PERSON,P03769,SRC023,EV02014,0.9,2024-11-14 12:22:29
E00023,ARREST,Event 00023,Synthetic arrest event record describing an observed investigative activity. It is intended for temporal and graph-analysis testing.,2024-08-09 19:44:42,2024-08-10 04:06:42,L00244,C00676,PERSON,P00012,SRC020,EV03138,0.94,2026-04-20 05:37:45
E00024,TRAVEL,Event 00024,Synthetic travel event record describing an observed investigative activity. It is intended for temporal and graph-analysis testing.,2025-02-05 23:07:34,2025-02-06 01:37:34,L00615,C00661,PERSON,P01232,SRC017,EV04253,0.84,2025-01-15 12:12:36
E00025,SURVEILLANCE,Event 00025,Delectus minima occaecati et illo ipsam asperiores quam.,2024-04-29 15:33:31,2024-04-29 22:05:31,L01489,C00539,PERSON,P01518,SRC006,EV02457,0.93,2024-12-12 06:26:36
E00026,ARREST,Event 00026,Synthetic arrest event record describing an observed investigative activity. It is intended for temporal and graph-analysis testing.,2025-09-08 00:00:29,2025-09-08 01:27:29,L00199,C01032,PERSON,P02188,SRC008,EV04105,0.93,2026-07-14 12:48:23
E00027,INCIDENT,Event 00027,Synthetic incident event record describing an observed investigative activity. It is intended for temporal and graph-analysis testing.,2025-07-04 05:21:39,2025-07-04 06:00:39,L01653,C00844,PERSON,P03349,SRC011,EV01598,0.93,2025-09-18 21:34:55
E00028,CRIME,Event 00028,Veniam beatae amet veritatis accusamus excepturi perferendis maxime at.,2024-01-25 07:10:26,2024-01-25 10:36:26,L00034,C00338,PERSON,P02899,SRC021,EV00879,0.74,2026-03-09 03:06:07
E00029,INCIDENT,Event 00029,Nulla assumenda optio voluptatum sint autem vero explicabo id.,2025-10-26 11:33:00,2025-10-26 18:05:00,L00742,,PERSON,P01368,SRC009,EV02121,0.93,2025-07-30 10:26:22
E00030,MEETING,Event 00030,Synthetic meeting event record describing an observed investigative activity. It is intended for temporal and graph-analysis testing.,2026-05-06 03:04:23,2026-05-06 05:45:23,L01371,C00080,PERSON,P02825,SRC005,EV02543,0.89,2026-05-25 13:39:55
E00031,MEETING,Event 00031,Synthetic meeting event record describing an observed investigative activity. It is intended for temporal and graph-analysis testing.,2025-07-23 09:33:44,2025-07-23 15:13:44,L01113,C00422,PERSON,P02882,SRC014,EV04472,0.94,2025-11-22 03:45:24
E00032,SURVEILLANCE,Event 00032,Synthetic surveillance event record describing an observed investigative activity. It is intended for temporal and graph-analysis testing.,2025-01-30 08:14:28,2025-01-30 15:53:28,L00281,C00791,PERSON,P03781,SRC012,EV03347,0.9,2024-08-09 22:08:45
E00033,TRANSACTION,Event 00033,Reiciendis perferendis sapiente enim quisquam placeat fugit optio nam est est.,2026-05-03 13:11:13,2026-05-03 17:14:13,L00160,,PERSON,P03507,SRC006,EV01875,0.79,2025-04-26 01:32:29
E00034,TRAVEL,Event 00034,Synthetic travel event record describing an observed investigative activity. It is intended for temporal and graph-analysis testing.,2024-03-18 02:49:45,2024-03-18 14:22:45,L00190,C00358,PERSON,P01260,SRC019,EV03055,0.83,2024-12-20 07:11:04
E00035,MEETING,Event 00035,Synthetic meeting event record describing an observed investigative activity. It is intended for temporal and graph-analysis testing.,2025-07-13 15:51:14,2025-07-13 18:47:14,L00692,C00191,PERSON,P01019,SRC009,EV01485,0.82,2024-06-08 19:11:58
E00036,MEETING,Event 00036,Synthetic meeting event record describing an observed investigative activity. It is intended for temporal and graph-analysis testing.,2025-09-03 17:05:49,2025-09-03 21:07:49,L00846,,PERSON,P00638,SRC002,EV04105,0.75,2024-10-24 08:06:10
E00037,MEETING,Event 00037,Synthetic meeting event record describing an observed investigative activity. It is intended for temporal and graph-analysis testing.,2025-12-29 02:09:07,2025-12-29 09:26:07,L01386,C01186,PERSON,P03011,SRC005,EV01304,0.74,2024-12-29 03:42:10
E00038,TRANSACTION,Event 00038,Synthetic transaction event record describing an observed investigative activity. It is intended for temporal and graph-analysis testing.,2026-05-08 10:32:46,2026-05-08 18:28:46,L01897,C00771,PERSON,P01185,SRC018,EV01452,0.92,2024-10-24 11:20:53
E00039,ARREST,Event 00039,Laboriosam in minima rem quo error temporibus eveniet aliquam non molestiae minus.,2026-06-14 03:23:49,2026-06-14 11:46:49,L01544,,PERSON,P01114,SRC021,EV03522,0.88,2024-06-18 10:09:43
E00040,INCIDENT,Event 00040,Minus sed modi minima rerum totam reprehenderit veniam repellat.,2024-02-01 18:31:31,2024-02-02 00:58:31,L01507,C00596,PERSON,P03384,SRC007,EV04221,0.77,2024-10-15 20:42:52
E00041,INCIDENT,Event 00041,Deleniti corporis magnam sint qui accusamus ratione nihil temporibus necessitatibus provident voluptatem nemo assumenda numquam sapiente.,2025-08-20 22:41:52,2025-08-21 10:14:52,L02261,C00022,PERSON,P01445,SRC030,EV03661,0.97,2025-01-30 20:10:01
E00042,MEETING,Event 00042,Synthetic meeting event record describing an observed investigative activity. It is intended for temporal and graph-analysis testing.,2024-11-19 02:31:11,2024-11-19 11:33:11,L01697,C00164,PERSON,P02255,SRC020,EV03952,0.85,2026-01-16 18:18:06
E00043,CRIME,Event 00043,Synthetic crime event record describing an observed investigative activity. It is intended for temporal and graph-analysis testing.,2026-02-27 03:51:22,2026-02-27 15:48:22,L01766,C00337,PERSON,P00572,SRC019,EV00530,0.9,2024-05-18 01:01:16
E00044,ARREST,Event 00044,Sequi a tenetur placeat sapiente fugit expedita.,2025-12-12 01:54:11,2025-12-12 10:52:11,L01219,C00813,PERSON,P01610,SRC001,EV04183,0.87,2025-01-09 06:05:43
E00045,TRANSACTION,Event 00045,Alias pariatur placeat ducimus quos quia soluta hic eligendi rem.,2024-12-14 08:18:53,2024-12-14 14:18:53,L00498,C01196,PERSON,P03482,SRC008,EV00972,0.97,2024-01-08 11:11:05
E00046,ARREST,Event 00046,Synthetic arrest event record describing an observed investigative activity. It is intended for temporal and graph-analysis testing.,2025-05-01 19:50:52,2025-05-02 02:37:52,L01774,,PERSON,P02393,SRC016,EV02875,0.9,2024-09-07 09:32:38
E00047,ARREST,Event 00047,Synthetic arrest event record describing an observed investigative activity. It is intended for temporal and graph-analysis testing.,2024-12-16 17:41:48,2024-12-16 22:05:48,L00542,,PERSON,P00921,SRC029,EV03282,0.9,2026-03-28 03:07:50
E00048,CRIME,Event 00048,Quasi occaecati eveniet temporibus itaque eos eveniet.,2025-10-17 18:36:15,2025-10-17 22:19:15,L01748,C00542,PERSON,P00552,SRC024,EV02284,0.97,2025-04-25 12:23:29
E00049,CRIME,Event 00049,Fugiat eveniet minima facilis natus beatae ex voluptate enim ut magni corporis omnis.,2025-10-18 18:41:05,2025-10-18 19:23:05,L00059,,PERSON,P02718,SRC024,EV00500,0.93,2025-03-24 00:42:59
E00050,ARREST,Event 00050,Synthetic arrest event record describing an observed investigative activity. It is intended for temporal and graph-analysis testing.,2025-09-10 15:26:30,2025-09-10 18:01:30,L01467,C00205,PERSON,P03248,SRC029,EV01705,0.71,2025-07-06 12:05:02
E00051,INCIDENT,Event 00051,Synthetic incident event record describing an observed investigative activity. It is intended for temporal and graph-analysis testing.,2024-01-26 10:20:47,2024-01-26 11:12:47,L00373,C01164,PERSON,P00823,SRC028,EV03525,0.95,2024-07-06 19:01:35
E00052,INCIDENT,Event 00052,Synthetic incident event record describing an observed investigative activity. It is intended for temporal and graph-analysis testing.,2024-10-18 23:56:40,2024-10-19 05:29:40,L00596,,PERSON,P02264,SRC008,EV03758,0.92,2026-03-02 00:31:33
E00053,ARREST,Event 00053,Synthetic arrest event record describing an observed investigative activity. It is intended for temporal and graph-analysis testing.,2024-08-08 00:03:48,2024-08-08 09:58:48,L02308,C00989,PERSON,P00571,SRC024,EV04818,0.82,2025-03-09 06:08:18
E00054,ARREST,Event 00054,Synthetic arrest event record describing an observed investigative activity. It is intended for temporal and graph-analysis testing.,2026-03-18 03:32:35,2026-03-18 05:04:35,L02213,,PERSON,P00536,SRC020,EV03322,0.92,2025-01-29 21:06:40
E00055,TRANSACTION,Event 00055,Synthetic transaction event record describing an observed investigative activity. It is intended for temporal and graph-analysis testing.,2024-02-17 06:08:49,2024-02-17 09:56:49,L00925,C00947,PERSON,P01665,SRC005,EV01024,0.97,2026-07-05 03:43:39
E00056,INCIDENT,Event 00056,Synthetic incident event record describing an observed investigative activity. It is intended for temporal and graph-analysis testing.,2025-07-06 01:08:35,2025-07-06 09:18:35,L00682,C00141,PERSON,P03980,SRC001,EV00643,0.81,2025-10-14 08:46:20
E00057,MEETING,Event 00057,Eum id voluptatem alias quos consequatur cum voluptates perspiciatis a asperiores voluptates adipisci accusamus.,2025-11-17 00:39:18,2025-11-17 01:43:18,L00816,C00908,PERSON,P03962,SRC016,EV00334,0.73,2024-03-07 10:04:11
E00058,MEETING,Event 00058,Laudantium possimus cumque aliquid officiis fuga ad.,2024-11-01 08:37:31,2024-11-01 17:04:31,L00107,C00977,PERSON,P02702,SRC026,EV04874,0.96,2025-10-23 23:26:20
E00059,TRAVEL,Event 00059,Synthetic travel event record describing an observed investigative activity. It is intended for temporal and graph-analysis testing.,2026-02-09 13:17:14,2026-02-09 18:43:14,L02113,,PERSON,P02184,SRC029,EV02961,0.86,2026-05-15 04:44:47
E00060,TRANSACTION,Event 00060,Synthetic transaction event record describing an observed investigative activity. It is intended for temporal and graph-analysis testing.,2026-07-29 09:28:13,2026-07-29 14:35:13,L00398,,PERSON,P03045,SRC015,EV00290,0.96,2024-05-10 05:05:16
E00061,CRIME,Event 00061,Id id ad consequatur quibusdam corrupti nihil porro officiis eligendi amet consequuntur esse.,2026-08-17 07:10:08,2026-08-17 17:07:08,L01863,,PERSON,P03311,SRC030,EV01594,0.77,2025-07-25 11:59:39
E00062,CRIME,Event 00062,Synthetic crime event record describing an observed investigative activity. It is intended for temporal and graph-analysis testing.,2025-10-12 12:11:27,2025-10-12 23:09:27,L01442,C00454,PERSON,P03350,SRC003,EV02941,0.73,2026-08-14 10:13:55
E00063,TRANSACTION,Event 00063,Synthetic transaction event record describing an observed investigative activity. It is intended for temporal and graph-analysis testing.,2024-08-28 14:02:03,2024-08-28 22:41:03,L02356,C01034,PERSON,P02178,SRC023,EV03385,0.78,2024-01-04 00:56:45
E00064,INCIDENT,Event 00064,Consequatur tempore facere non atque iure iure architecto corporis repellat veniam.,2024-08-04 23:31:56,2024-08-05 05:10:56,L00523,,PERSON,P00223,SRC007,EV02629,0.92,2024-02-07 01:15:44
E00065,TRAVEL,Event 00065,Synthetic travel event record describing an observed investigative activity. It is intended for temporal and graph-analysis testing.,2026-07-18 01:00:37,2026-07-18 12:23:37,L00907,C00309,PERSON,P00375,SRC016,EV01079,0.72,2026-02-02 12:10:08
E00066,TRAVEL,Event 00066,Synthetic travel event record describing an observed investigative activity. It is intended for temporal and graph-analysis testing.,2024-01-04 14:53:53,2024-01-05 00:08:53,L02457,C00022,PERSON,P02946,SRC017,EV01682,0.81,2026-07-16 14:23:22
E00067,TRAVEL,Event 00067,Aliquid consequuntur perferendis hic velit ab molestias temporibus.,2025-12-25 14:53:55,2025-12-25 18:25:55,L01263,C00674,PERSON,P00243,SRC002,EV02213,0.84,2026-02-22 05:00:45
E00068,INCIDENT,Event 00068,Maiores nam inventore deserunt distinctio voluptatem voluptate assumenda corrupti amet molestias fuga.,2025-04-25 18:23:58,2025-04-25 22:10:58,L01401,C00757,PERSON,P03841,SRC014,EV02145,0.9,2024-05-18 09:55:14
E00069,ARREST,Event 00069,Synthetic arrest event record describing an observed investigative activity. It is intended for temporal and graph-analysis testing.,2025-03-29 10:21:44,2025-03-29 16:03:44,L00203,,PERSON,P03177,SRC002,EV04638,0.79,2025-01-21 17:36:55
E00070,MEETING,Event 00070,Illo perspiciatis eligendi officia amet consequatur architecto.,2026-04-21 04:48:24,2026-04-21 07:42:24,L01002,,PERSON,P02584,SRC005,EV00122,0.71,2024-06-28 17:00:12
E00071,CRIME,Event 00071,Synthetic crime event record describing an observed investigative activity. It is intended for temporal and graph-analysis testing.,2025-03-25 12:37:19,2025-03-25 15:20:19,L01952,C01170,PERSON,P00674,SRC011,EV03509,0.74,2024-07-28 23:00:33
E00072,SURVEILLANCE,Event 00072,Synthetic surveillance event record describing an observed investigative activity. It is intended for temporal and graph-analysis testing.,2025-05-28 02:45:48,2025-05-28 12:42:48,L01626,C01066,PERSON,P00240,SRC008,EV01325,0.85,2026-06-08 14:04:11
E00073,ARREST,Event 00073,Synthetic arrest event record describing an observed investigative activity. It is intended for temporal and graph-analysis testing.,2025-01-30 13:03:01,2025-01-30 14:24:01,L00041,C00549,PERSON,P03486,SRC022,EV04646,0.87,2025-03-27 22:11:07
E00074,INCIDENT,Event 00074,Synthetic incident event record describing an observed investigative activity. It is intended for temporal and graph-analysis testing.,2024-08-09 16:12:40,2024-08-09 23:08:40,L02457,C00558,PERSON,P00367,SRC014,EV02161,0.86,2025-03-16 08:49:55
E00075,TRANSACTION,Event 00075,Synthetic transaction event record describing an observed investigative activity. It is intended for temporal and graph-analysis testing.,2026-03-31 03:26:20,2026-03-31 04:09:20,L00831,C00373,PERSON,P01262,SRC001,EV03336,0.94,2024-07-19 17:27:42
E00076,MEETING,Event 00076,Synthetic meeting event record describing an observed investigative activity. It is intended for temporal and graph-analysis testing.,2024-06-11 07:32:55,2024-06-11 17:59:55,L01847,,PERSON,P03670,SRC016,EV02289,0.86,2025-04-23 08:36:06
E00077,INCIDENT,Event 00077,Atque totam cumque pariatur natus velit illum odio voluptatibus alias numquam nam accusamus.,2026-07-25 21:38:16,2026-07-26 05:54:16,L01448,C00020,PERSON,P01096,SRC021,EV03114,0.77,2025-02-06 17:39:56
E00078,ARREST,Event 00078,Synthetic arrest event record describing an observed investigative activity. It is intended for temporal and graph-analysis testing.,2024-11-29 09:25:40,2024-11-29 18:39:40,L01364,C00492,PERSON,P01617,SRC029,EV02861,0.91,2025-10-18 20:47:12
E00079,SURVEILLANCE,Event 00079,Synthetic surveillance event record describing an observed investigative activity. It is intended for temporal and graph-analysis testing.,2026-04-29 12:47:32,2026-04-29 15:05:32,L01970,C00128,PERSON,P00837,SRC009,EV02963,0.91,2025-12-14 20:08:33
E00080,MEETING,Event 00080,Synthetic meeting event record describing an observed investigative activity. It is intended for temporal and graph-analysis testing.,2024-05-06 05:32:34,2024-05-06 17:30:34,L00090,C00618,PERSON,P02452,SRC013,EV00873,0.79,2024-10-16 16:13:09
E00081,INCIDENT,Event 00081,Synthetic incident event record describing an observed investigative activity. It is intended for temporal and graph-analysis testing.,2025-03-14 04:10:12,2025-03-14 12:17:12,L01751,C01146,PERSON,P00612,SRC009,EV01813,0.79,2025-11-06 09:07:32
E00082,TRAVEL,Event 00082,Synthetic travel event record describing an observed investigative activity. It is intended for temporal and graph-analysis testing.,2025-03-09 18:28:35,2025-03-10 03:02:35,L01183,C00353,PERSON,P03519,SRC003,EV03036,0.95,2026-05-03 08:15:01
E00083,MEETING,Event 00083,Synthetic meeting event record describing an observed investigative activity. It is intended for temporal and graph-analysis testing.,2025-08-25 08:08:09,2025-08-25 15:01:09,L01670,,PERSON,P03600,SRC011,EV02770,0.94,2025-06-23 02:49:58
E00084,TRAVEL,Event 00084,Synthetic travel event record describing an observed investigative activity. It is intended for temporal and graph-analysis testing.,2025-02-10 11:23:19,2025-02-10 17:27:19,L02454,C00844,PERSON,P02110,SRC003,EV02875,0.86,2026-01-05 09:14:38
E00085,ARREST,Event 00085,Synthetic arrest event record describing an observed investigative activity. It is intended for temporal and graph-analysis testing.,2024-12-05 09:02:47,2024-12-05 16:12:47,L01320,C00443,PERSON,P01793,SRC017,EV01910,0.75,2024-08-08 20:25:58
E00086,SURVEILLANCE,Event 00086,Synthetic surveillance event record describing an observed investigative activity. It is intended for temporal and graph-analysis testing.,2026-06-07 06:46:37,2026-06-07 11:01:37,L01035,,PERSON,P03504,SRC029,EV04872,0.77,2024-03-27 11:10:57
E00087,TRAVEL,Event 00087,Eum officiis numquam aut a facere adipisci id eaque quis deleniti.,2025-06-21 11:47:19,2025-06-21 17:29:19,L01767,C00659,PERSON,P01689,SRC015,EV01496,0.83,2024-02-21 09:15:52
E00088,CRIME,Event 00088,A excepturi natus non occaecati vero id quisquam ut occaecati vero voluptatibus provident sint quisquam qui.,2025-06-19 04:08:46,2025-06-19 10:56:46,L02263,C00688,PERSON,P01753,SRC011,EV04541,0.83,2024-05-01 19:53:11
E00089,TRANSACTION,Event 00089,Synthetic transaction event record describing an observed investigative activity. It is intended for temporal and graph-analysis testing.,2026-07-03 22:34:31,2026-07-04 02:20:31,L00184,,PERSON,P00445,SRC008,EV03973,0.96,2025-08-31 14:51:30
E00090,ARREST,Event 00090,Incidunt inventore minus repellat odit impedit eligendi aliquid eum consectetur.,2025-09-02 13:56:41,2025-09-02 16:28:41,L01058,,PERSON,P01911,SRC021,EV01013,0.8,2025-03-20 06:22:30
E00091,INCIDENT,Event 00091,Neque aliquid suscipit at reprehenderit placeat esse eius architecto odit.,2026-05-08 00:37:49,2026-05-08 03:10:49,L00892,,PERSON,P02995,SRC027,EV02276,0.83,2024-07-04 10:27:06
E00092,SURVEILLANCE,Event 00092,Reiciendis culpa nemo accusamus atque soluta aut harum voluptates atque.,2024-02-12 09:25:30,2024-02-12 09:52:30,L01538,C00384,PERSON,P00738,SRC009,EV03076,0.8,2024-08-30 03:14:56
E00093,INCIDENT,Event 00093,Synthetic incident event record describing an observed investigative activity. It is intended for temporal and graph-analysis testing.,2026-08-21 07:30:31,2026-08-21 10:50:31,L01721,C00358,PERSON,P01650,SRC003,EV02890,0.78,2025-03-05 02:00:19
E00094,INCIDENT,Event 00094,Fuga possimus odio eaque eligendi delectus tempore totam fugit.,2025-11-08 07:52:52,2025-11-08 09:00:52,L01388,,PERSON,P00644,SRC017,EV01751,0.72,2026-05-31 13:02:48
E00095,INCIDENT,Event 00095,Synthetic incident event record describing an observed investigative activity. It is intended for temporal and graph-analysis testing.,2024-08-15 12:27:55,2024-08-15 22:43:55,L02228,C00573,PERSON,P02302,SRC029,EV01247,0.76,2024-05-22 05:40:48
E00096,TRANSACTION,Event 00096,Synthetic transaction event record describing an observed investigative activity. It is intended for temporal and graph-analysis testing.,2026-04-27 23:12:36,2026-04-28 02:54:36,L00030,,PERSON,P03323,SRC021,EV02704,0.86,2025-10-20 06:28:53
E00097,TRANSACTION,Event 00097,Sit cumque ab adipisci veritatis corrupti corporis soluta alias nihil reiciendis voluptatum minus maiores delectus.,2025-06-24 18:52:50,2025-06-25 02:49:50,L01244,C00510,PERSON,P03398,SRC004,EV01932,0.88,2025-06-01 02:11:43
E00098,TRANSACTION,Event 00098,Synthetic transaction event record describing an observed investigative activity. It is intended for temporal and graph-analysis testing.,2025-09-15 01:16:54,2025-09-15 09:08:54,L01822,,PERSON,P01993,SRC003,EV04340,0.91,2025-07-05 09:24:30
E00099,TRAVEL,Event 00099,Iure debitis distinctio voluptatem non corrupti ducimus ad commodi accusamus reprehenderit eum.,2024-10-31 21:37:16,2024-11-01 03:47:16,L00864,C00257,PERSON,P02964,SRC014,EV03792,0.85,2026-04-20 14:11:58
E00100,MEETING,Event 00100,Synthetic meeting event record describing an observed investigative activity. It is intended for temporal and graph-analysis testing.,2025-06-15 09:02:30,2025-06-15 20:17:30,L02497,C00217,PERSON,P03942,SRC017,EV00309,0.98,2024-04-18 04:57:45
E00101,TRANSACTION,Event 00101,Esse vitae repellendus sapiente quis voluptatibus repellat rem eligendi quo laborum.,2025-11-25 20:29:39,2025-11-26 07:14:39,L01233,C00983,PERSON,P03018,SRC004,EV04469,0.85,2024-10-12 21:38:13
E00102,MEETING,Event 00102,Porro aliquam delectus nostrum dignissimos esse aperiam rerum earum in laboriosam.,2024-02-25 11:34:28,2024-02-25 19:10:28,L00837,C00998,PERSON,P03573,SRC009,EV04366,0.92,2024-02-14 23:23:29
E00103,INCIDENT,Event 00103,Vero velit ex rerum esse at dignissimos tenetur ea voluptatem facere occaecati voluptatem a.,2024-06-15 01:23:12,2024-06-15 09:04:12,L01386,C00556,PERSON,P02518,SRC004,EV01937,0.82,2024-02-01 02:30:59
E00104,CRIME,Event 00104,Synthetic crime event record describing an observed investigative activity. It is intended for temporal and graph-analysis testing.,2024-12-10 16:37:10,2024-12-11 03:05:10,L00905,C00040,PERSON,P01321,SRC014,EV03933,0.85,2026-05-24 10:49:45
E00105,TRAVEL,Event 00105,Synthetic travel event record describing an observed investigative activity. It is intended for temporal and graph-analysis testing.,2024-04-05 17:31:13,2024-04-06 01:09:13,L00323,,PERSON,P00063,SRC004,EV03021,0.71,2026-06-16 04:05:46
E00106,SURVEILLANCE,Event 00106,Fugit aut expedita odio iste rem molestiae maxime voluptates voluptatum itaque.,2025-07-30 00:06:59,2025-07-30 04:30:59,L01720,C00539,PERSON,P00125,SRC025,EV00169,0.73,2024-11-25 04:38:11
E00107,MEETING,Event 00107,Voluptate alias aperiam molestiae qui fuga id aperiam necessitatibus commodi in optio sit expedita.,2024-03-29 14:17:53,2024-03-29 23:00:53,L00395,C00004,PERSON,P03565,SRC027,EV02542,0.95,2024-11-25 15:34:03
E00108,SURVEILLANCE,Event 00108,Synthetic surveillance event record describing an observed investigative activity. It is intended for temporal and graph-analysis testing.,2024-03-20 07:15:53,2024-03-20 18:32:53,L00079,C00976,PERSON,P02902,SRC028,EV04128,0.92,2025-04-18 03:48:36
E00109,TRAVEL,Event 00109,Synthetic travel event record describing an observed investigative activity. It is intended for temporal and graph-analysis testing.,2025-10-14 10:49:27,2025-10-14 19:41:27,L02439,C00939,PERSON,P03806,SRC002,EV00072,0.87,2025-04-25 01:37:11
E00110,SURVEILLANCE,Event 00110,Synthetic surveillance event record describing an observed investigative activity. It is intended for temporal and graph-analysis testing.,2025-02-02 23:40:08,2025-02-03 03:29:08,L00653,C00979,PERSON,P02472,SRC025,EV03070,0.89,2025-12-13 21:44:18
E00111,INCIDENT,Event 00111,Synthetic incident event record describing an observed investigative activity. It is intended for temporal and graph-analysis testing.,2026-04-17 04:04:12,2026-04-17 13:13:12,L00015,,PERSON,P01071,SRC029,EV03468,0.8,2024-02-14 13:15:05
E00112,SURVEILLANCE,Event 00112,Laudantium asperiores iusto illo in facilis amet molestiae quisquam deserunt.,2025-01-12 22:30:06,2025-01-13 03:44:06,L00520,,PERSON,P02739,SRC030,EV02249,0.95,2026-01-15 15:34:59
E00113,CRIME,Event 00113,Synthetic crime event record describing an observed investigative activity. It is intended for temporal and graph-analysis testing.,2025-01-06 14:17:37,2025-01-06 22:38:37,L00964,C00556,PERSON,P03401,SRC008,EV03918,0.88,2026-01-14 03:11:16
E00114,TRANSACTION,Event 00114,Synthetic transaction event record describing an observed investigative activity. It is intended for temporal and graph-analysis testing.,2026-04-23 06:32:46,2026-04-23 14:41:46,L02011,,PERSON,P03025,SRC027,EV02808,0.94,2024-10-10 00:51:18
E00115,INCIDENT,Event 00115,Synthetic incident event record describing an observed investigative activity. It is intended for temporal and graph-analysis testing.,2024-11-10 19:39:51,2024-11-11 01:35:51,L02497,C00508,PERSON,P01115,SRC006,EV02772,0.74,2026-08-21 13:13:58
E00116,SURVEILLANCE,Event 00116,A ab fuga voluptatum esse maxime reprehenderit aliquam distinctio amet consectetur nam itaque.,2026-03-23 15:16:40,2026-03-24 00:12:40,L00416,C00074,PERSON,P01212,SRC005,EV04521,0.76,2024-01-26 12:24:27
E00117,TRAVEL,Event 00117,Synthetic travel event record describing an observed investigative activity. It is intended for temporal and graph-analysis testing.,2025-08-14 21:52:50,2025-08-14 23:39:50,L00017,C00513,PERSON,P01229,SRC014,EV00670,0.83,2024-03-07 23:23:08
E00118,TRAVEL,Event 00118,Synthetic travel event record describing an observed investigative activity. It is intended for temporal and graph-analysis testing.,2025-01-01 08:15:12,2025-01-01 14:59:12,L01966,C00447,PERSON,P01351,SRC016,EV00486,0.78,2024-04-06 22:49:42
E00119,MEETING,Event 00119,Ex ratione voluptates fugiat necessitatibus quia explicabo rerum error.,2024-12-12 08:16:27,2024-12-12 11:55:27,L01322,C00887,PERSON,P01943,SRC021,EV03549,0.91,2024-04-26 22:45:57
E00120,TRANSACTION,Event 00120,Synthetic transaction event record describing an observed investigative activity. It is intended for temporal and graph-analysis testing.,2024-09-04 16:32:43,2024-09-04 17:42:43,L00054,,PERSON,P03013,SRC018,EV04467,0.86,2025-10-10 03:03:29
E00121,ARREST,Event 00121,Synthetic arrest event record describing an observed investigative activity. It is intended for temporal and graph-analysis testing.,2026-05-06 01:34:08,2026-05-06 08:14:08,L01453,C00547,PERSON,P03545,SRC029,EV04998,0.9,2024-11-16 16:43:19
E00122,TRANSACTION,Event 00122,Synthetic transaction event record describing an observed investigative activity. It is intended for temporal and graph-analysis testing.,2025-01-15 03:20:07,2025-01-15 08:48:07,L00514,C00505,PERSON,P00381,SRC009,EV04200,0.79,2024-08-29 07:37:35
E00123,TRANSACTION,Event 00123,Synthetic transaction event record describing an observed investigative activity. It is intended for temporal and graph-analysis testing.,2026-05-20 23:59:43,2026-05-21 08:53:43,L00352,C00142,PERSON,P00101,SRC012,EV00244,0.85,2026-03-13 03:59:15
E00124,MEETING,Event 00124,Synthetic meeting event record describing an observed investigative activity. It is intended for temporal and graph-analysis testing.,2024-04-18 19:08:01,2024-04-18 23:25:01,L00716,C00518,PERSON,P00817,SRC028,EV02692,0.79,2026-07-24 10:45:31
E00125,INCIDENT,Event 00125,Synthetic incident event record describing an observed investigative activity. It is intended for temporal and graph-analysis testing.,2026-01-12 18:38:13,2026-01-12 22:26:13,L00055,C00535,PERSON,P03991,SRC004,EV03482,0.93,2024-12-10 19:11:34
E00126,CRIME,Event 00126,Omnis laudantium recusandae ipsam voluptatibus tenetur officiis sed.,2026-05-26 04:43:42,2026-05-26 11:31:42,L02120,C01072,PERSON,P01395,SRC014,EV04497,0.97,2025-06-29 23:38:30
E00127,MEETING,Event 00127,Synthetic meeting event record describing an observed investigative activity. It is intended for temporal and graph-analysis testing.,2024-04-19 07:12:16,2024-04-19 16:21:16,L00293,,PERSON,P02970,SRC006,EV01158,0.84,2026-07-20 02:23:56
E00128,TRANSACTION,Event 00128,Synthetic transaction event record describing an observed investigative activity. It is intended for temporal and graph-analysis testing.,2026-04-20 19:08:03,2026-04-20 22:54:03,L01788,,PERSON,P01044,SRC015,EV01854,0.83,2025-03-09 23:51:49
E00129,CRIME,Event 00129,Synthetic crime event record describing an observed investigative activity. It is intended for temporal and graph-analysis testing.,2024-09-10 00:27:57,2024-09-10 01:55:57,L01313,C00332,PERSON,P02715,SRC020,EV03316,0.75,2024-07-18 14:40:16
E00130,ARREST,Event 00130,Synthetic arrest event record describing an observed investigative activity. It is intended for temporal and graph-analysis testing.,2025-06-19 12:14:32,2025-06-19 16:24:32,L02167,C01179,PERSON,P01806,SRC009,EV02570,0.9,2024-03-23 05:48:05
E00131,SURVEILLANCE,Event 00131,Synthetic surveillance event record describing an observed investigative activity. It is intended for temporal and graph-analysis testing.,2025-08-16 18:59:19,2025-08-16 19:59:19,L00572,,PERSON,P01569,SRC006,EV00194,0.82,2024-05-19 03:03:14
E00132,INCIDENT,Event 00132,Synthetic incident event record describing an observed investigative activity. It is intended for temporal and graph-analysis testing.,2026-06-12 19:53:05,2026-06-12 22:43:05,L01246,,PERSON,P00920,SRC009,EV00874,0.89,2025-12-09 19:11:13
E00133,INCIDENT,Event 00133,Synthetic incident event record describing an observed investigative activity. It is intended for temporal and graph-analysis testing.,2024-04-01 19:07:34,2024-04-02 03:25:34,L01498,C00923,PERSON,P02344,SRC005,EV01862,0.76,2024-01-25 20:56:31
E00134,ARREST,Event 00134,Synthetic arrest event record describing an observed investigative activity. It is intended for temporal and graph-analysis testing.,2025-10-27 19:36:12,2025-10-28 02:59:12,L00553,C00543,PERSON,P03881,SRC016,EV03783,0.74,2026-02-19 06:03:23
E00135,TRANSACTION,Event 00135,Synthetic transaction event record describing an observed investigative activity. It is intended for temporal and graph-analysis testing.,2025-06-17 15:18:17,2025-06-17 22:45:17,L02200,C01151,PERSON,P02360,SRC010,EV02794,0.93,2024-09-30 14:50:26
E00136,ARREST,Event 00136,Eos modi pariatur labore a labore a modi corrupti repudiandae ratione.,2025-02-11 03:28:08,2025-02-11 05:01:08,L01885,C00008,PERSON,P01275,SRC008,EV01109,0.85,2025-05-27 00:40:55
E00137,CRIME,Event 00137,Quod natus vitae ab voluptatem libero inventore nemo omnis iste rem cupiditate.,2025-07-01 00:45:58,2025-07-01 07:04:58,L00707,,PERSON,P01412,SRC030,EV01951,0.95,2025-08-21 12:38:33
E00138,TRANSACTION,Event 00138,Synthetic transaction event record describing an observed investigative activity. It is intended for temporal and graph-analysis testing.,2024-07-11 15:28:25,2024-07-11 19:19:25,L02291,C01134,PERSON,P01911,SRC019,EV02834,0.77,2025-12-22 10:25:37
E00139,CRIME,Event 00139,Synthetic crime event record describing an observed investigative activity. It is intended for temporal and graph-analysis testing.,2024-08-31 08:34:22,2024-08-31 16:36:22,L01605,C00779,PERSON,P02536,SRC018,EV04427,0.7,2025-02-14 17:20:35
E00140,SURVEILLANCE,Event 00140,Synthetic surveillance event record describing an observed investigative activity. It is intended for temporal and graph-analysis testing.,2026-05-04 01:09:34,2026-05-04 07:01:34,L01970,C00125,PERSON,P00415,SRC019,EV04363,0.89,2025-04-16 02:19:29
E00141,ARREST,Event 00141,Est nihil consequuntur omnis nemo et at.,2025-04-02 12:52:51,2025-04-02 16:18:51,L00815,C00109,PERSON,P02643,SRC017,EV00342,0.78,2025-05-15 11:02:38
E00142,CRIME,Event 00142,Synthetic crime event record describing an observed investigative activity. It is intended for temporal and graph-analysis testing.,2025-03-26 09:09:01,2025-03-26 13:53:01,L02188,C00721,PERSON,P01659,SRC019,EV01729,0.83,2025-05-19 00:36:26
E00143,INCIDENT,Event 00143,Synthetic incident event record describing an observed investigative activity. It is intended for temporal and graph-analysis testing.,2024-02-07 04:36:21,2024-02-07 14:48:21,L01319,C00832,PERSON,P02567,SRC008,EV04678,0.86,2024-06-10 09:37:00
E00144,CRIME,Event 00144,Synthetic crime event record describing an observed investigative activity. It is intended for temporal and graph-analysis testing.,2025-01-17 12:05:46,2025-01-17 19:53:46,L01928,C00377,PERSON,P02358,SRC029,EV03293,0.76,2024-03-08 10:03:28
E00145,ARREST,Event 00145,Pariatur eaque natus recusandae tempora suscipit unde fuga cumque beatae voluptate repudiandae cumque assumenda pariatur.,2026-06-24 23:00:10,2026-06-25 03:28:10,L01044,,PERSON,P03437,SRC005,EV00298,0.93,2026-08-26 19:12:21
E00146,CRIME,Event 00146,Maxime eligendi iste illum soluta porro pariatur autem quidem velit voluptate veniam modi.,2026-05-29 22:21:16,2026-05-30 00:27:16,L00906,C00054,PERSON,P03388,SRC001,EV01682,0.86,2024-12-12 18:46:31
E00147,INCIDENT,Event 00147,Synthetic incident event record describing an observed investigative activity. It is intended for temporal and graph-analysis testing.,2025-09-15 22:36:20,2025-09-16 10:15:20,L01769,,PERSON,P02162,SRC014,EV03967,0.82,2026-01-26 03:02:10
E00148,CRIME,Event 00148,Synthetic crime event record describing an observed investigative activity. It is intended for temporal and graph-analysis testing.,2025-10-30 07:16:02,2025-10-30 09:01:02,L01233,C00293,PERSON,P01312,SRC014,EV03856,0.97,2024-01-10 18:46:58
E00149,CRIME,Event 00149,Synthetic crime event record describing an observed investigative activity. It is intended for temporal and graph-analysis testing.,2025-08-05 03:09:48,2025-08-05 12:16:48,L00770,C00453,PERSON,P01985,SRC006,EV01325,0.82,2026-03-24 02:59:13
E00150,TRAVEL,Event 00150,Illo minima placeat quas minus odio itaque quos non enim.,2025-12-01 10:27:26,2025-12-01 10:42:26,L02462,,PERSON,P03382,SRC029,EV00086,0.83,2025-11-09 09:43:34
E00151,TRAVEL,Event 00151,Synthetic travel event record describing an observed investigative activity. It is intended for temporal and graph-analysis testing.,2025-07-12 09:15:17,2025-07-12 17:42:17,L01402,C00471,PERSON,P03973,SRC006,EV02202,0.7,2024-11-07 05:39:39
E00152,CRIME,Event 00152,Synthetic crime event record describing an observed investigative activity. It is intended for temporal and graph-analysis testing.,2024-01-06 00:06:03,2024-01-06 02:53:03,L01305,,PERSON,P02254,SRC027,EV00267,0.82,2024-05-28 14:28:23
E00153,INCIDENT,Event 00153,Synthetic incident event record describing an observed investigative activity. It is intended for temporal and graph-analysis testing.,2025-06-09 05:24:34,2025-06-09 08:05:34,L01429,,PERSON,P01181,SRC024,EV04136,0.81,2024-03-02 12:50:12
E00154,CRIME,Event 00154,Synthetic crime event record describing an observed investigative activity. It is intended for temporal and graph-analysis testing.,2026-06-30 01:47:48,2026-06-30 06:04:48,L00901,,PERSON,P02130,SRC027,EV02888,0.89,2025-05-27 04:48:58
E00155,ARREST,Event 00155,Eaque tempore totam harum aliquam delectus deleniti ea consequatur occaecati commodi minus consectetur magni voluptates enim.,2024-01-01 04:36:56,2024-01-01 10:16:56,L00386,,PERSON,P00152,SRC019,EV03113,0.78,2026-02-19 11:54:47
E00156,CRIME,Event 00156,Accusamus minus id asperiores illum illo ipsa rem eligendi minus odio perspiciatis qui non culpa.,2026-06-03 06:57:14,2026-06-03 15:13:14,L00947,,PERSON,P01840,SRC004,EV01780,0.83,2025-01-23 08:29:05
E00157,TRAVEL,Event 00157,Synthetic travel event record describing an observed investigative activity. It is intended for temporal and graph-analysis testing.,2025-09-17 09:22:35,2025-09-17 12:58:35,L01514,C00455,PERSON,P01382,SRC018,EV03540,0.93,2024-08-22 17:51:08
E00158,INCIDENT,Event 00158,Synthetic incident event record describing an observed investigative activity. It is intended for temporal and graph-analysis testing.,2025-06-25 07:38:18,2025-06-25 14:42:18,L01482,C00973,PERSON,P02326,SRC007,EV04268,0.83,2024-11-09 19:19:03
E00159,CRIME,Event 00159,Synthetic crime event record describing an observed investigative activity. It is intended for temporal and graph-analysis testing.,2026-06-25 23:24:31,2026-06-26 02:35:31,L00164,C00894,PERSON,P03203,SRC008,EV03695,0.85,2024-01-16 07:03:21
E00160,TRANSACTION,Event 00160,Synthetic transaction event record describing an observed investigative activity. It is intended for temporal and graph-analysis testing.,2025-09-21 04:26:27,2025-09-21 09:52:27,L00649,C00380,PERSON,P03910,SRC021,EV04134,0.75,2024-05-06 19:54:41
E00161,TRAVEL,Event 00161,Synthetic travel event record describing an observed investigative activity. It is intended for temporal and graph-analysis testing.,2026-06-26 17:48:53,2026-06-27 01:52:53,L00933,C01186,PERSON,P03246,SRC015,EV03732,0.8,2024-02-03 09:07:42
E00162,TRAVEL,Event 00162,Optio rerum officiis impedit animi eius laudantium harum.,2024-08-22 20:23:40,2024-08-23 01:25:40,L01652,C00595,PERSON,P02318,SRC004,EV00273,0.81,2024-11-30 07:44:29
E00163,TRANSACTION,Event 00163,Synthetic transaction event record describing an observed investigative activity. It is intended for temporal and graph-analysis testing.,2024-07-27 15:56:36,2024-07-27 23:31:36,L02382,C00009,PERSON,P02446,SRC005,EV03260,0.7,2024-06-24 10:38:27
E00164,CRIME,Event 00164,Synthetic crime event record describing an observed investigative activity. It is intended for temporal and graph-analysis testing.,2025-06-03 01:30:41,2025-06-03 12:54:41,L00957,,PERSON,P03959,SRC020,EV00392,0.97,2025-06-21 19:56:12
E00165,TRAVEL,Event 00165,Synthetic travel event record describing an observed investigative activity. It is intended for temporal and graph-analysis testing.,2026-06-17 00:32:59,2026-06-17 01:29:59,L00012,C00904,PERSON,P03832,SRC008,EV00651,0.93,2025-04-02 00:09:06
E00166,INCIDENT,Event 00166,Incidunt quidem saepe fuga nisi non sequi harum explicabo nam quas.,2024-05-18 01:58:17,2024-05-18 08:59:17,L01748,C00219,PERSON,P00086,SRC029,EV04635,0.86,2024-12-13 22:41:04
E00167,TRAVEL,Event 00167,Synthetic travel event record describing an observed investigative activity. It is intended for temporal and graph-analysis testing.,2024-07-27 20:41:52,2024-07-28 05:35:52,L00496,,PERSON,P03371,SRC014,EV00840,0.89,2024-03-25 13:49:32
E00168,TRAVEL,Event 00168,Occaecati enim aperiam et dicta quia nemo sequi.,2025-12-23 09:47:03,2025-12-23 17:06:03,L00625,,PERSON,P03405,SRC025,EV02538,0.71,2024-11-19 15:55:46
E00169,MEETING,Event 00169,Quis nostrum explicabo iusto molestias architecto nulla a sequi harum.,2025-05-13 23:45:23,2025-05-14 11:39:23,L01509,C01079,PERSON,P02279,SRC015,EV04046,0.77,2024-12-19 06:43:45
E00170,ARREST,Event 00170,Synthetic arrest event record describing an observed investigative activity. It is intended for temporal and graph-analysis testing.,2024-03-30 22:40:01,2024-03-31 03:30:01,L00355,C01160,PERSON,P00828,SRC010,EV00213,0.75,2025-09-10 05:38:29
E00171,SURVEILLANCE,Event 00171,Synthetic surveillance event record describing an observed investigative activity. It is intended for temporal and graph-analysis testing.,2025-04-06 10:04:16,2025-04-06 19:30:16,L00623,,PERSON,P03265,SRC024,EV01883,0.9,2026-07-25 09:43:33
E00172,SURVEILLANCE,Event 00172,Synthetic surveillance event record describing an observed investigative activity. It is intended for temporal and graph-analysis testing.,2026-07-15 20:47:35,2026-07-16 05:45:35,L00642,,PERSON,P02936,SRC027,EV04047,0.76,2025-12-25 15:28:16
E00173,MEETING,Event 00173,Synthetic meeting event record describing an observed investigative activity. It is intended for temporal and graph-analysis testing.,2024-09-05 02:19:36,2024-09-05 05:22:36,L00801,,PERSON,P01244,SRC019,EV01804,0.71,2025-01-25 07:24:36
E00174,CRIME,Event 00174,Synthetic crime event record describing an observed investigative activity. It is intended for temporal and graph-analysis testing.,2024-05-10 00:21:05,2024-05-10 06:01:05,L02408,,PERSON,P00632,SRC025,EV02739,0.73,2026-08-07 04:37:00
E00175,ARREST,Event 00175,Ratione explicabo illo officiis ipsam ut amet.,2026-03-04 22:01:16,2026-03-05 05:21:16,L01113,C00381,PERSON,P02990,SRC025,EV04039,0.95,2025-03-19 19:28:42
E00176,TRAVEL,Event 00176,Excepturi aliquid distinctio qui fugit architecto ab magni illum incidunt voluptatem aliquid.,2026-03-10 08:43:07,2026-03-10 13:23:07,L02300,,PERSON,P03104,SRC003,EV03788,0.82,2025-02-10 11:39:59
E00177,TRANSACTION,Event 00177,Sequi ipsam quidem expedita aperiam ratione sunt magnam id repellendus laboriosam laboriosam tenetur voluptates fuga.,2024-04-26 15:47:56,2024-04-27 03:43:56,L01932,C00085,PERSON,P01586,SRC023,EV03709,0.73,2026-04-17 00:13:21
E00178,TRAVEL,Event 00178,Synthetic travel event record describing an observed investigative activity. It is intended for temporal and graph-analysis testing.,2025-12-22 05:57:28,2025-12-22 13:49:28,L01291,C00164,PERSON,P00222,SRC001,EV02589,0.74,2025-01-08 12:40:47
E00179,TRAVEL,Event 00179,Synthetic travel event record describing an observed investigative activity. It is intended for temporal and graph-analysis testing.,2026-02-11 17:47:44,2026-02-11 22:38:44,L01591,C00534,PERSON,P02446,SRC018,EV02736,0.91,2024-05-31 11:29:59
E00180,TRANSACTION,Event 00180,Totam atque molestiae ea omnis eaque ut neque in iusto sint eos ad natus et.,2025-09-24 20:18:11,2025-09-25 07:40:11,L01661,C00716,PERSON,P00302,SRC003,EV03650,0.98,2025-09-08 03:21:46
E00181,ARREST,Event 00181,Synthetic arrest event record describing an observed investigative activity. It is intended for temporal and graph-analysis testing.,2025-08-03 23:27:28,2025-08-04 04:53:28,L00128,C00893,PERSON,P03226,SRC024,EV02792,0.74,2025-03-12 04:28:37
E00182,SURVEILLANCE,Event 00182,Quasi officiis molestiae reprehenderit deserunt amet distinctio.,2024-11-03 03:26:07,2024-11-03 04:19:07,L00130,C00920,PERSON,P00796,SRC016,EV03781,0.96,2026-05-11 12:36:00
E00183,SURVEILLANCE,Event 00183,Id aliquam sequi provident ratione labore hic vel in.,2024-05-02 04:54:48,2024-05-02 14:42:48,L02223,,PERSON,P02798,SRC012,EV03942,0.91,2026-06-18 20:16:20
E00184,MEETING,Event 00184,Synthetic meeting event record describing an observed investigative activity. It is intended for temporal and graph-analysis testing.,2026-08-12 01:11:57,2026-08-12 07:49:57,L00227,,PERSON,P01147,SRC015,EV04955,0.79,2025-08-13 05:29:55
E00185,ARREST,Event 00185,Delectus qui ex amet cum distinctio at in totam saepe id enim deserunt.,2024-11-26 02:08:19,2024-11-26 07:35:19,L00177,C00147,PERSON,P03710,SRC015,EV00125,0.8,2025-04-08 22:52:00
E00186,CRIME,Event 00186,Itaque consequatur ratione est quod libero officia ea impedit minus.,2026-05-17 22:27:30,2026-05-18 06:39:30,L02444,C01092,PERSON,P02859,SRC014,EV03254,0.93,2026-04-21 08:19:21
E00187,SURVEILLANCE,Event 00187,Synthetic surveillance event record describing an observed investigative activity. It is intended for temporal and graph-analysis testing.,2025-03-09 15:06:00,2025-03-09 18:29:00,L02314,C00672,PERSON,P02473,SRC022,EV03503,0.9,2026-04-10 14:44:21
E00188,MEETING,Event 00188,Ex quas eaque facere veniam quas atque ullam sunt ea molestiae.,2025-05-18 20:40:34,2025-05-19 06:43:34,L01929,,PERSON,P02858,SRC011,EV02855,0.98,2024-04-13 01:27:01
E00189,TRAVEL,Event 00189,Synthetic travel event record describing an observed investigative activity. It is intended for temporal and graph-analysis testing.,2024-09-11 02:20:41,2024-09-11 11:22:41,L02025,,PERSON,P01576,SRC014,EV01522,0.76,2025-05-31 18:26:42
E00190,TRANSACTION,Event 00190,Synthetic transaction event record describing an observed investigative activity. It is intended for temporal and graph-analysis testing.,2026-08-14 02:40:37,2026-08-14 02:53:37,L01308,C00285,PERSON,P00931,SRC027,EV00504,0.74,2025-09-11 20:54:27
E00191,ARREST,Event 00191,Synthetic arrest event record describing an observed investigative activity. It is intended for temporal and graph-analysis testing.,2024-05-18 17:47:48,2024-05-19 05:12:48,L02432,,PERSON,P00483,SRC024,EV02702,0.73,2025-05-07 13:27:36
E00192,TRAVEL,Event 00192,Synthetic travel event record describing an observed investigative activity. It is intended for temporal and graph-analysis testing.,2024-06-25 15:20:56,2024-06-25 21:17:56,L00235,C01097,PERSON,P03333,SRC013,EV03335,0.8,2024-04-28 08:00:53
E00193,CRIME,Event 00193,Synthetic crime event record describing an observed investigative activity. It is intended for temporal and graph-analysis testing.,2024-04-01 07:16:51,2024-04-01 09:52:51,L00914,C00427,PERSON,P01289,SRC017,EV02225,0.89,2024-10-10 18:35:17
E00194,SURVEILLANCE,Event 00194,Synthetic surveillance event record describing an observed investigative activity. It is intended for temporal and graph-analysis testing.,2024-05-11 07:56:12,2024-05-11 19:04:12,L01366,,PERSON,P01087,SRC003,EV03815,0.76,2025-12-09 04:12:58
E00195,ARREST,Event 00195,Synthetic arrest event record describing an observed investigative activity. It is intended for temporal and graph-analysis testing.,2025-09-15 06:37:48,2025-09-15 15:44:48,L01747,,PERSON,P02444,SRC024,EV02323,0.9,2025-09-17 16:56:21
E00196,TRAVEL,Event 00196,Explicabo pariatur animi aliquid fugit ex explicabo maiores amet possimus dicta id recusandae.,2024-02-01 02:18:04,2024-02-01 08:03:04,L01522,,PERSON,P01141,SRC010,EV02786,0.85,2024-04-21 11:55:07
E00197,TRAVEL,Event 00197,Synthetic travel event record describing an observed investigative activity. It is intended for temporal and graph-analysis testing.,2024-04-11 19:33:59,2024-04-12 05:32:59,L02311,C00719,PERSON,P03421,SRC007,EV00007,0.84,2025-06-28 20:08:39
E00198,TRAVEL,Event 00198,Synthetic travel event record describing an observed investigative activity. It is intended for temporal and graph-analysis testing.,2024-10-26 19:00:48,2024-10-26 19:29:48,L01319,,PERSON,P01493,SRC028,EV00854,0.92,2025-04-04 12:08:14
E00199,TRAVEL,Event 00199,Synthetic travel event record describing an observed investigative activity. It is intended for temporal and graph-analysis testing.,2025-03-08 22:39:04,2025-03-09 09:53:04,L02145,C01197,PERSON,P02039,SRC006,EV03720,0.94,2024-04-29 05:03:29
E00200,TRAVEL,Event 00200,Synthetic travel event record describing an observed investigative activity. It is intended for temporal and graph-analysis testing.,2026-07-01 21:08:13,2026-07-02 05:32:13,L00754,C00507,PERSON,P00713,SRC019,EV03657,0.94,2026-01-26 08:56:38
E00201,INCIDENT,Event 00201,Synthetic incident event record describing an observed investigative activity. It is intended for temporal and graph-analysis testing.,2024-04-01 13:05:19,2024-04-01 22:46:19,L00484,,PERSON,P01463,SRC027,EV00172,0.77,2024-02-02 07:33:36
E00202,INCIDENT,Event 00202,Aut inventore eaque consequuntur optio quos neque.,2025-12-19 21:35:23,2025-12-20 05:09:23,L00434,C00436,PERSON,P00019,SRC008,EV00725,0.86,2024-12-26 21:13:36
E00203,MEETING,Event 00203,Synthetic meeting event record describing an observed investigative activity. It is intended for temporal and graph-analysis testing.,2024-03-28 11:39:57,2024-03-28 23:22:57,L00190,C00606,PERSON,P02833,SRC021,EV01734,0.71,2024-11-24 15:25:47
E00204,CRIME,Event 00204,Synthetic crime event record describing an observed investigative activity. It is intended for temporal and graph-analysis testing.,2026-05-31 06:32:23,2026-05-31 15:44:23,L01445,C00047,PERSON,P03492,SRC001,EV02461,0.77,2026-08-05 04:28:08
E00205,INCIDENT,Event 00205,Synthetic incident event record describing an observed investigative activity. It is intended for temporal and graph-analysis testing.,2024-06-09 12:59:58,2024-06-09 18:30:58,L02205,C00205,PERSON,P03971,SRC009,EV01596,0.77,2026-05-15 05:41:19
E00206,MEETING,Event 00206,Synthetic meeting event record describing an observed investigative activity. It is intended for temporal and graph-analysis testing.,2024-12-04 04:03:59,2024-12-04 04:13:59,L02396,,PERSON,P03297,SRC005,EV03056,0.92,2024-07-07 19:57:59
E00207,TRAVEL,Event 00207,Labore perspiciatis quod et quidem earum laboriosam quos.,2024-10-09 10:30:16,2024-10-09 19:12:16,L01694,C00277,PERSON,P02918,SRC015,EV01746,0.75,2024-10-11 03:06:21
E00208,CRIME,Event 00208,Architecto sapiente at a error laborum distinctio eveniet recusandae facilis.,2025-12-11 19:44:17,2025-12-12 00:36:17,L02212,C00249,PERSON,P02115,SRC013,EV02692,0.89,2024-07-01 14:44:10
E00209,SURVEILLANCE,Event 00209,Alias explicabo sunt possimus accusamus nobis laudantium ea ab non.,2026-08-12 23:32:54,2026-08-13 07:37:54,L00812,C00588,PERSON,P03509,SRC019,EV01874,0.85,2024-06-09 01:03:43
E00210,TRAVEL,Event 00210,Synthetic travel event record describing an observed investigative activity. It is intended for temporal and graph-analysis testing.,2024-11-15 07:10:21,2024-11-15 12:48:21,L00598,C00030,PERSON,P00393,SRC026,EV01179,0.95,2024-09-05 10:01:35
E00211,INCIDENT,Event 00211,Synthetic incident event record describing an observed investigative activity. It is intended for temporal and graph-analysis testing.,2026-02-26 11:38:41,2026-02-26 21:16:41,L02363,C01107,PERSON,P02642,SRC007,EV04675,0.78,2025-12-27 09:41:56
E00212,SURVEILLANCE,Event 00212,Synthetic surveillance event record describing an observed investigative activity. It is intended for temporal and graph-analysis testing.,2025-06-17 12:44:02,2025-06-17 19:35:02,L02200,C00762,PERSON,P02492,SRC022,EV00164,0.79,2025-06-24 10:41:14
E00213,SURVEILLANCE,Event 00213,Synthetic surveillance event record describing an observed investigative activity. It is intended for temporal and graph-analysis testing.,2025-08-16 06:57:32,2025-08-16 14:54:32,L00536,C00328,PERSON,P00750,SRC001,EV00242,0.9,2025-11-18 22:40:41
E00214,MEETING,Event 00214,Eius fuga expedita alias commodi sapiente eius impedit pariatur harum aliquam laborum occaecati sint ipsa mollitia.,2024-07-18 20:13:50,2024-07-19 06:54:50,L00144,,PERSON,P01450,SRC027,EV02501,0.76,2026-04-25 09:16:00
E00215,MEETING,Event 00215,Synthetic meeting event record describing an observed investigative activity. It is intended for temporal and graph-analysis testing.,2025-10-21 20:52:51,2025-10-22 01:30:51,L00736,C00758,PERSON,P03004,SRC028,EV03892,0.95,2025-01-12 08:35:09
E00216,SURVEILLANCE,Event 00216,Synthetic surveillance event record describing an observed investigative activity. It is intended for temporal and graph-analysis testing.,2025-02-09 15:26:25,2025-02-09 22:59:25,L01136,C00249,PERSON,P00064,SRC011,EV00170,0.9,2024-07-05 22:39:41
E00217,MEETING,Event 00217,Synthetic meeting event record describing an observed investigative activity. It is intended for temporal and graph-analysis testing.,2024-04-10 12:39:41,2024-04-11 00:07:41,L02368,C00573,PERSON,P03743,SRC018,EV02101,0.91,2026-02-15 18:20:55
E00218,SURVEILLANCE,Event 00218,Minima perferendis occaecati facere placeat in expedita provident unde fugit alias sapiente.,2024-05-28 00:43:48,2024-05-28 08:48:48,L01645,,PERSON,P02651,SRC003,EV02253,0.77,2025-03-08 23:06:49
E00219,TRANSACTION,Event 00219,Synthetic transaction event record describing an observed investigative activity. It is intended for temporal and graph-analysis testing.,2024-10-17 09:54:56,2024-10-17 13:22:56,L00121,C00914,PERSON,P00518,SRC024,EV03175,0.86,2025-03-16 14:48:27
E00220,TRAVEL,Event 00220,Synthetic travel event record describing an observed investigative activity. It is intended for temporal and graph-analysis testing.,2025-12-03 00:51:04,2025-12-03 04:50:04,L00591,C00285,PERSON,P03559,SRC002,EV00544,0.75,2026-03-15 22:06:37
E00221,INCIDENT,Event 00221,Earum cum iste soluta at minima eius.,2024-06-11 00:19:04,2024-06-11 03:45:04,L02411,C00942,PERSON,P01111,SRC026,EV01246,0.87,2026-03-07 03:52:20
E00222,CRIME,Event 00222,Synthetic crime event record describing an observed investigative activity. It is intended for temporal and graph-analysis testing.,2026-05-14 17:17:29,2026-05-15 04:37:29,L01377,,PERSON,P02828,SRC022,EV03086,0.92,2025-12-06 01:38:50
E00223,ARREST,Event 00223,Synthetic arrest event record describing an observed investigative activity. It is intended for temporal and graph-analysis testing.,2025-03-21 07:30:36,2025-03-21 09:11:36,L00437,C00504,PERSON,P01106,SRC004,EV00311,0.71,2025-02-20 03:06:27
E00224,TRANSACTION,Event 00224,Synthetic transaction event record describing an observed investigative activity. It is intended for temporal and graph-analysis testing.,2025-09-10 18:18:52,2025-09-11 03:13:52,L00034,C01174,PERSON,P00738,SRC010,EV03929,0.91,2025-10-25 16:09:45
E00225,TRANSACTION,Event 00225,Synthetic transaction event record describing an observed investigative activity. It is intended for temporal and graph-analysis testing.,2026-01-16 13:26:10,2026-01-16 13:52:10,L02172,,PERSON,P00480,SRC027,EV00709,0.95,2024-02-21 04:58:28
E00226,INCIDENT,Event 00226,Id recusandae reiciendis ipsa minima laboriosam assumenda ad vero.,2026-08-07 11:26:38,2026-08-07 14:34:38,L00562,C01029,PERSON,P01323,SRC004,EV00791,0.9,2024-10-26 05:09:50
E00227,TRANSACTION,Event 00227,Synthetic transaction event record describing an observed investigative activity. It is intended for temporal and graph-analysis testing.,2026-01-06 11:29:07,2026-01-06 15:39:07,L00180,,PERSON,P00236,SRC008,EV00126,0.97,2024-08-08 09:04:05
E00228,CRIME,Event 00228,Synthetic crime event record describing an observed investigative activity. It is intended for temporal and graph-analysis testing.,2026-03-11 12:19:36,2026-03-11 21:42:36,L02015,C00206,PERSON,P01570,SRC010,EV01856,0.73,2024-10-30 07:18:57
E00229,INCIDENT,Event 00229,Synthetic incident event record describing an observed investigative activity. It is intended for temporal and graph-analysis testing.,2024-07-13 01:19:40,2024-07-13 06:31:40,L01278,C00250,PERSON,P01796,SRC029,EV04277,0.86,2025-06-05 06:41:04
E00230,TRANSACTION,Event 00230,Ut laboriosam eos tempora recusandae officiis in corrupti.,2025-03-03 09:27:44,2025-03-03 15:34:44,L01231,C00200,PERSON,P03084,SRC016,EV02712,0.78,2026-06-09 06:17:09
E00231,INCIDENT,Event 00231,Synthetic incident event record describing an observed investigative activity. It is intended for temporal and graph-analysis testing.,2026-01-16 16:28:35,2026-01-17 04:25:35,L00866,C00068,PERSON,P02632,SRC029,EV01723,0.95,2024-04-30 08:49:21
E00232,TRANSACTION,Event 00232,Synthetic transaction event record describing an observed investigative activity. It is intended for temporal and graph-analysis testing.,2025-02-10 03:34:31,2025-02-10 12:07:31,L00641,C00364,PERSON,P01348,SRC012,EV01850,0.83,2024-02-11 18:17:21
E00233,CRIME,Event 00233,Synthetic crime event record describing an observed investigative activity. It is intended for temporal and graph-analysis testing.,2026-01-07 08:35:12,2026-01-07 12:05:12,L00077,C00553,PERSON,P03960,SRC023,EV02049,0.73,2024-09-19 00:37:08
E00234,TRAVEL,Event 00234,Voluptates incidunt adipisci porro ea aliquam a error beatae aut ut.,2025-09-27 19:29:56,2025-09-28 05:07:56,L00525,C00196,PERSON,P03889,SRC001,EV03363,0.7,2025-06-13 03:58:44
E00235,ARREST,Event 00235,Suscipit suscipit magni modi magnam numquam eos error.,2026-03-13 03:24:29,2026-03-13 13:36:29,L00661,,PERSON,P03425,SRC006,EV00813,0.93,2025-10-10 03:19:01
E00236,INCIDENT,Event 00236,Synthetic incident event record describing an observed investigative activity. It is intended for temporal and graph-analysis testing.,2025-11-30 04:42:14,2025-11-30 15:06:14,L00112,C00231,PERSON,P00269,SRC018,EV00066,0.8,2024-04-03 06:30:00
E00237,ARREST,Event 00237,Synthetic arrest event record describing an observed investigative activity. It is intended for temporal and graph-analysis testing.,2024-11-18 00:09:50,2024-11-18 04:04:50,L00556,,PERSON,P02375,SRC013,EV03674,0.73,2025-05-08 18:42:12
E00238,TRAVEL,Event 00238,Quia facilis error ad natus hic consequuntur nulla.,2025-12-14 10:42:03,2025-12-14 13:01:03,L00126,C00491,PERSON,P00091,SRC003,EV02876,0.75,2026-06-05 03:32:45
E00239,SURVEILLANCE,Event 00239,Synthetic surveillance event record describing an observed investigative activity. It is intended for temporal and graph-analysis testing.,2025-06-25 05:44:14,2025-06-25 15:38:14,L00016,C00963,PERSON,P00956,SRC016,EV01879,0.8,2024-05-05 23:21:53
E00240,INCIDENT,Event 00240,Synthetic incident event record describing an observed investigative activity. It is intended for temporal and graph-analysis testing.,2026-03-31 18:18:00,2026-04-01 00:59:00,L00159,C00400,PERSON,P00829,SRC008,EV04133,0.77,2025-12-02 23:43:12
E00241,CRIME,Event 00241,Synthetic crime event record describing an observed investigative activity. It is intended for temporal and graph-analysis testing.,2026-01-26 07:27:57,2026-01-26 15:28:57,L00626,C00395,PERSON,P03474,SRC025,EV03717,0.93,2024-04-15 05:51:56
E00242,SURVEILLANCE,Event 00242,Synthetic surveillance event record describing an observed investigative activity. It is intended for temporal and graph-analysis testing.,2025-08-13 00:53:00,2025-08-13 05:32:00,L01726,C01006,PERSON,P02289,SRC011,EV03809,0.77,2025-07-28 20:06:37
E00243,INCIDENT,Event 00243,Synthetic incident event record describing an observed investigative activity. It is intended for temporal and graph-analysis testing.,2024-03-12 14:09:06,2024-03-12 17:21:06,L01531,,PERSON,P02857,SRC019,EV04705,0.87,2024-09-19 01:12:53
E00244,ARREST,Event 00244,Synthetic arrest event record describing an observed investigative activity. It is intended for temporal and graph-analysis testing.,2024-12-06 00:39:49,2024-12-06 09:04:49,L00488,,PERSON,P03188,SRC020,EV00408,0.78,2024-02-22 19:11:47
E00245,SURVEILLANCE,Event 00245,Synthetic surveillance event record describing an observed investigative activity. It is intended for temporal and graph-analysis testing.,2025-04-18 05:44:33,2025-04-18 15:18:33,L01881,C00432,PERSON,P01007,SRC010,EV03748,0.85,2026-05-10 07:41:10
E00246,SURVEILLANCE,Event 00246,Synthetic surveillance event record describing an observed investigative activity. It is intended for temporal and graph-analysis testing.,2026-04-18 07:18:00,2026-04-18 08:09:00,L00370,C00380,PERSON,P02290,SRC025,EV00996,0.78,2024-07-13 08:43:33
E00247,ARREST,Event 00247,A magnam sit nostrum aut beatae distinctio distinctio aliquid rem aliquid omnis deleniti commodi a.,2026-02-12 17:34:00,2026-02-13 04:44:00,L02037,C00186,PERSON,P00914,SRC023,EV01352,0.95,2025-02-12 08:21:43
E00248,TRAVEL,Event 00248,Consectetur eius accusantium id velit nam natus optio alias fugiat enim ipsam omnis corrupti.,2024-07-08 07:35:42,2024-07-08 19:35:42,L00071,C00001,PERSON,P03935,SRC028,EV00643,0.94,2024-08-30 00:07:13
E00249,SURVEILLANCE,Event 00249,Synthetic surveillance event record describing an observed investigative activity. It is intended for temporal and graph-analysis testing.,2025-11-01 22:55:23,2025-11-02 08:39:23,L02484,C01117,PERSON,P02715,SRC005,EV02571,0.89,2026-01-16 15:27:53
E00250,SURVEILLANCE,Event 00250,Itaque sapiente neque atque veniam tenetur aut quam sequi earum vero beatae.,2025-11-06 19:51:22,2025-11-06 22:15:22,L01907,C01148,PERSON,P03559,SRC015,EV01142,0.88,2024-02-25 18:33:01
E00251,TRAVEL,Event 00251,Synthetic travel event record describing an observed investigative activity. It is intended for temporal and graph-analysis testing.,2025-08-05 13:58:25,2025-08-05 17:59:25,L02404,C00484,PERSON,P02128,SRC022,EV01340,0.81,2024-04-25 03:34:49
E00252,TRAVEL,Event 00252,Nemo eius veritatis quasi earum consectetur incidunt autem eius.,2024-10-13 12:29:47,2024-10-13 18:45:47,L01757,C00326,PERSON,P00914,SRC021,EV01574,0.85,2026-07-02 15:56:49
E00253,TRAVEL,Event 00253,Synthetic travel event record describing an observed investigative activity. It is intended for temporal and graph-analysis testing.,2025-02-28 12:23:52,2025-02-28 18:23:52,L00871,C00832,PERSON,P03611,SRC003,EV02372,0.97,2025-01-19 23:30:32
E00254,TRAVEL,Event 00254,Synthetic travel event record describing an observed investigative activity. It is intended for temporal and graph-analysis testing.,2025-12-11 14:16:08,2025-12-11 14:35:08,L01707,,PERSON,P02260,SRC003,EV02110,0.71,2026-07-21 05:51:29
E00255,CRIME,Event 00255,Synthetic crime event record describing an observed investigative activity. It is intended for temporal and graph-analysis testing.,2025-03-28 09:20:24,2025-03-28 20:12:24,L00353,,PERSON,P03642,SRC028,EV03294,0.79,2026-08-19 10:12:23
E00256,INCIDENT,Event 00256,Ab hic nam ratione enim odit itaque placeat minima odio nihil qui temporibus reiciendis quam.,2024-06-27 06:37:18,2024-06-27 13:09:18,L01916,,PERSON,P02569,SRC002,EV04464,0.94,2026-06-28 20:49:50
E00257,MEETING,Event 00257,Synthetic meeting event record describing an observed investigative activity. It is intended for temporal and graph-analysis testing.,2026-04-29 21:18:04,2026-04-29 23:20:04,L01969,,PERSON,P03495,SRC026,EV04938,0.91,2025-08-04 23:40:01
E00258,CRIME,Event 00258,A et aperiam provident fugiat nisi quisquam esse sint eaque.,2024-12-07 16:16:46,2024-12-07 16:54:46,L01720,C01066,PERSON,P02665,SRC030,EV04344,0.91,2025-09-15 11:54:54
E00259,TRAVEL,Event 00259,Maxime fugit sed quas expedita non maxime veritatis non consequuntur iste.,2025-01-22 03:13:57,2025-01-22 09:26:57,L01127,C00761,PERSON,P02840,SRC022,EV01990,0.81,2025-07-30 15:26:49
E00260,SURVEILLANCE,Event 00260,Commodi quisquam tempora ratione voluptatibus quam voluptate qui.,2026-06-26 08:35:47,2026-06-26 19:04:47,L02393,C01116,PERSON,P02221,SRC006,EV00384,0.76,2025-07-14 05:32:13
E00261,TRANSACTION,Event 00261,Synthetic transaction event record describing an observed investigative activity. It is intended for temporal and graph-analysis testing.,2024-12-10 14:27:51,2024-12-10 23:21:51,L01371,C00975,PERSON,P02469,SRC001,EV02498,0.82,2024-11-01 01:17:34
E00262,CRIME,Event 00262,Synthetic crime event record describing an observed investigative activity. It is intended for temporal and graph-analysis testing.,2025-03-04 03:59:47,2025-03-04 12:43:47,L00881,C01145,PERSON,P03456,SRC002,EV01617,0.8,2024-11-22 01:28:51
E00263,SURVEILLANCE,Event 00263,Synthetic surveillance event record describing an observed investigative activity. It is intended for temporal and graph-analysis testing.,2026-04-19 13:10:18,2026-04-19 13:33:18,L01297,C01069,PERSON,P03112,SRC023,EV02581,0.96,2025-07-30 08:50:04
E00264,TRAVEL,Event 00264,Synthetic travel event record describing an observed investigative activity. It is intended for temporal and graph-analysis testing.,2024-07-16 22:30:27,2024-07-17 08:26:27,L00718,C00122,PERSON,P03521,SRC003,EV03136,0.78,2024-01-21 18:53:39
E00265,TRAVEL,Event 00265,Optio minus omnis debitis quam illum asperiores reprehenderit.,2026-01-25 19:07:51,2026-01-26 00:22:51,L02193,C00396,PERSON,P00190,SRC010,EV03693,0.93,2024-12-08 01:39:11
E00266,INCIDENT,Event 00266,Ullam quo optio commodi ut nulla eos alias maxime itaque nemo deserunt aliquam magnam eius.,2025-05-01 06:16:01,2025-05-01 13:46:01,L02305,,PERSON,P01777,SRC028,EV01792,0.98,2026-07-06 19:33:52
E00267,TRAVEL,Event 00267,Deserunt autem tenetur tenetur ratione dignissimos veritatis iure.,2025-12-26 02:37:11,2025-12-26 12:58:11,L00122,C01135,PERSON,P03692,SRC022,EV00620,0.91,2025-03-13 12:36:01
E00268,CRIME,Event 00268,Ipsam minima earum beatae culpa iste possimus.,2024-10-13 17:17:51,2024-10-14 00:39:51,L01625,,PERSON,P01327,SRC009,EV00225,0.87,2026-03-03 19:49:46
E00269,INCIDENT,Event 00269,Molestias pariatur inventore nostrum harum sed eum.,2025-08-08 18:59:32,2025-08-09 04:40:32,L00347,C01144,PERSON,P00245,SRC023,EV01447,0.97,2026-03-04 11:47:41
E00270,MEETING,Event 00270,Synthetic meeting event record describing an observed investigative activity. It is intended for temporal and graph-analysis testing.,2024-06-06 22:58:15,2024-06-07 05:58:15,L01379,C00923,PERSON,P02920,SRC015,EV02357,0.72,2024-08-29 00:19:57
E00271,ARREST,Event 00271,Synthetic arrest event record describing an observed investigative activity. It is intended for temporal and graph-analysis testing.,2024-06-15 22:49:18,2024-06-16 04:21:18,L01503,C00149,PERSON,P03769,SRC028,EV02374,0.83,2024-07-15 04:40:48
E00272,MEETING,Event 00272,Synthetic meeting event record describing an observed investigative activity. It is intended for temporal and graph-analysis testing.,2025-09-18 08:41:35,2025-09-18 16:33:35,L02145,C00429,PERSON,P01486,SRC029,EV02064,0.92,2024-05-17 12:42:50
E00273,SURVEILLANCE,Event 00273,Synthetic surveillance event record describing an observed investigative activity. It is intended for temporal and graph-analysis testing.,2026-02-16 14:44:14,2026-02-16 16:24:14,L02067,C00620,PERSON,P03470,SRC021,EV00766,0.94,2026-07-09 20:55:17
E00274,TRAVEL,Event 00274,Autem unde ea asperiores nam tempore amet nemo ipsam quod molestiae.,2026-04-26 05:15:45,2026-04-26 08:27:45,L01547,C01092,PERSON,P02245,SRC024,EV03006,0.71,2026-01-02 17:33:10
E00275,CRIME,Event 00275,Synthetic crime event record describing an observed investigative activity. It is intended for temporal and graph-analysis testing.,2025-10-02 09:20:57,2025-10-02 15:27:57,L01347,C00161,PERSON,P00396,SRC030,EV01904,0.91,2024-08-02 16:40:42
E00276,SURVEILLANCE,Event 00276,Synthetic surveillance event record describing an observed investigative activity. It is intended for temporal and graph-analysis testing.,2024-03-10 06:12:51,2024-03-10 15:07:51,L02182,C00707,PERSON,P03340,SRC001,EV03169,0.8,2025-12-15 08:14:54
E00277,CRIME,Event 00277,Pariatur reiciendis aliquam harum animi ad commodi asperiores totam voluptatibus fugit alias ducimus eveniet.,2025-08-26 15:50:16,2025-08-26 19:22:16,L02002,,PERSON,P01787,SRC020,EV00658,0.72,2024-02-01 08:22:03
E00278,ARREST,Event 00278,Synthetic arrest event record describing an observed investigative activity. It is intended for temporal and graph-analysis testing.,2024-11-25 07:06:27,2024-11-25 12:34:27,L00344,C00150,PERSON,P03282,SRC028,EV01743,0.91,2026-08-01 22:48:38
E00279,MEETING,Event 00279,Synthetic meeting event record describing an observed investigative activity. It is intended for temporal and graph-analysis testing.,2025-08-22 03:08:43,2025-08-22 10:29:43,L00754,C00363,PERSON,P02646,SRC024,EV02064,0.95,2026-05-11 04:34:55
E00280,CRIME,Event 00280,Synthetic crime event record describing an observed investigative activity. It is intended for temporal and graph-analysis testing.,2026-02-24 17:05:21,2026-02-24 18:16:21,L02158,,PERSON,P00108,SRC011,EV01646,0.79,2024-12-04 09:21:52
E00281,ARREST,Event 00281,Synthetic arrest event record describing an observed investigative activity. It is intended for temporal and graph-analysis testing.,2026-08-30 17:59:40,2026-08-31 04:08:40,L00288,C00553,PERSON,P02109,SRC007,EV03807,0.88,2025-06-27 17:02:55
E00282,SURVEILLANCE,Event 00282,Hic laudantium assumenda ipsam provident ducimus tempore temporibus.,2026-02-21 14:29:26,2026-02-21 15:45:26,L00869,C00377,PERSON,P03454,SRC001,EV04868,0.89,2024-04-11 02:27:09
E00283,INCIDENT,Event 00283,Veniam nisi voluptatum saepe porro reprehenderit eveniet voluptate totam voluptatibus numquam.,2025-04-07 15:41:58,2025-04-07 19:50:58,L01174,,PERSON,P00061,SRC028,EV03549,0.71,2024-05-11 11:37:55
E00284,MEETING,Event 00284,Asperiores aliquid unde qui incidunt facilis labore aliquam quisquam porro.,2025-08-01 08:33:11,2025-08-01 11:51:11,L02421,C00041,PERSON,P03367,SRC030,EV04408,0.94,2025-11-04 21:44:06
E00285,TRAVEL,Event 00285,Synthetic travel event record describing an observed investigative activity. It is intended for temporal and graph-analysis testing.,2025-02-12 14:57:48,2025-02-13 02:30:48,L01173,C01127,PERSON,P01038,SRC013,EV02321,0.72,2024-07-29 12:38:01
E00286,TRAVEL,Event 00286,Synthetic travel event record describing an observed investigative activity. It is intended for temporal and graph-analysis testing.,2025-12-16 15:34:30,2025-12-17 02:47:30,L00335,C00464,PERSON,P01679,SRC022,EV02006,0.93,2024-06-15 19:27:03
E00287,CRIME,Event 00287,Synthetic crime event record describing an observed investigative activity. It is intended for temporal and graph-analysis testing.,2025-03-27 13:28:55,2025-03-27 19:50:55,L00624,C01186,PERSON,P03608,SRC004,EV03964,0.71,2024-11-10 05:20:45
E00288,CRIME,Event 00288,Synthetic crime event record describing an observed investigative activity. It is intended for temporal and graph-analysis testing.,2024-08-31 00:04:14,2024-08-31 05:10:14,L00396,C00228,PERSON,P01172,SRC009,EV02528,0.88,2024-10-23 06:08:27
E00289,SURVEILLANCE,Event 00289,Synthetic surveillance event record describing an observed investigative activity. It is intended for temporal and graph-analysis testing.,2024-08-29 23:40:25,2024-08-30 06:50:25,L00824,C00430,PERSON,P00053,SRC030,EV03160,0.94,2026-07-19 00:37:41
E00290,TRAVEL,Event 00290,Rerum neque provident dignissimos vitae labore illum quo sequi.,2024-06-13 23:22:44,2024-06-14 10:37:44,L01788,C00345,PERSON,P01301,SRC018,EV00117,0.71,2024-02-19 00:26:34
E00291,TRAVEL,Event 00291,Synthetic travel event record describing an observed investigative activity. It is intended for temporal and graph-analysis testing.,2024-01-07 14:22:16,2024-01-07 19:57:16,L00385,C00375,PERSON,P01216,SRC024,EV03043,0.78,2024-12-05 01:25:44
E00292,INCIDENT,Event 00292,Synthetic incident event record describing an observed investigative activity. It is intended for temporal and graph-analysis testing.,2025-07-03 07:02:20,2025-07-03 16:52:20,L02368,C00240,PERSON,P03593,SRC001,EV02226,0.85,2024-12-23 16:37:24
E00293,CRIME,Event 00293,Synthetic crime event record describing an observed investigative activity. It is intended for temporal and graph-analysis testing.,2024-07-13 21:42:07,2024-07-13 23:35:07,L00802,,PERSON,P00798,SRC008,EV04007,0.82,2025-10-14 18:30:59
E00294,TRANSACTION,Event 00294,Synthetic transaction event record describing an observed investigative activity. It is intended for temporal and graph-analysis testing.,2026-02-18 09:48:41,2026-02-18 12:14:41,L02490,C00591,PERSON,P03428,SRC001,EV03292,0.92,2025-06-23 10:08:21
E00295,SURVEILLANCE,Event 00295,Synthetic surveillance event record describing an observed investigative activity. It is intended for temporal and graph-analysis testing.,2026-04-26 07:59:41,2026-04-26 13:42:41,L02157,C01155,PERSON,P00535,SRC006,EV02424,0.74,2026-02-13 03:45:21
E00296,TRAVEL,Event 00296,Accusantium itaque nemo necessitatibus molestiae aliquid perferendis reprehenderit modi nemo neque nostrum.,2026-07-13 02:20:43,2026-07-13 12:26:43,L01872,C00106,PERSON,P00954,SRC002,EV00282,0.93,2024-09-25 02:30:41
E00297,SURVEILLANCE,Event 00297,Qui laborum placeat architecto eos libero facere illum accusamus.,2024-06-05 09:42:36,2024-06-05 19:31:36,L01452,C00055,PERSON,P02112,SRC018,EV04537,0.81,2026-05-13 12:27:17
E00298,TRANSACTION,Event 00298,Synthetic transaction event record describing an observed investigative activity. It is intended for temporal and graph-analysis testing.,2026-05-02 11:16:11,2026-05-02 20:37:11,L00445,,PERSON,P03854,SRC001,EV04277,0.86,2026-01-23 11:15:42
E00299,SURVEILLANCE,Event 00299,Synthetic surveillance event record describing an observed investigative activity. It is intended for temporal and graph-analysis testing.,2025-09-16 05:33:34,2025-09-16 12:53:34,L01944,C01196,PERSON,P01237,SRC009,EV01513,0.83,2024-06-12 04:34:01
E00300,ARREST,Event 00300,Veritatis fugit inventore vero eius neque quisquam accusamus.,2025-01-10 20:48:56,2025-01-11 07:19:56,L00574,,PERSON,P02060,SRC007,EV03235,0.83,2026-07-02 06:22:22
E00301,INCIDENT,Event 00301,Distinctio deleniti aut officia placeat tenetur odio ipsam totam iste.,2024-04-16 12:49:47,2024-04-16 17:02:47,L01884,C01033,PERSON,P02203,SRC005,EV02710,0.83,2024-11-15 07:52:39
E00302,MEETING,Event 00302,Synthetic meeting event record describing an observed investigative activity. It is intended for temporal and graph-analysis testing.,2024-09-08 13:42:18,2024-09-08 15:33:18,L01350,,PERSON,P03531,SRC003,EV01651,0.97,2025-01-14 23:08:12
E00303,CRIME,Event 00303,Temporibus illum voluptatibus excepturi aut laborum quod nam a dignissimos deserunt corrupti porro tempora perferendis explicabo.,2025-09-28 03:46:20,2025-09-28 11:06:20,L01150,C01163,PERSON,P01211,SRC018,EV04179,0.92,2025-06-23 20:59:23
E00304,TRAVEL,Event 00304,Synthetic travel event record describing an observed investigative activity. It is intended for temporal and graph-analysis testing.,2024-07-18 20:36:04,2024-07-19 04:17:04,L02188,C01071,PERSON,P03348,SRC004,EV00989,0.78,2026-01-25 17:16:19
E00305,MEETING,Event 00305,Synthetic meeting event record describing an observed investigative activity. It is intended for temporal and graph-analysis testing.,2026-08-12 04:22:06,2026-08-12 06:36:06,L01430,,PERSON,P03466,SRC016,EV00796,0.73,2024-12-01 13:48:17
E00306,CRIME,Event 00306,Synthetic crime event record describing an observed investigative activity. It is intended for temporal and graph-analysis testing.,2024-05-02 13:02:28,2024-05-02 21:46:28,L01517,C00866,PERSON,P03618,SRC010,EV02371,0.71,2026-05-01 15:46:29
E00307,TRANSACTION,Event 00307,Synthetic transaction event record describing an observed investigative activity. It is intended for temporal and graph-analysis testing.,2024-06-26 08:39:58,2024-06-26 10:05:58,L01398,C00162,PERSON,P01899,SRC003,EV01625,0.75,2024-09-26 15:13:05
E00308,MEETING,Event 00308,Synthetic meeting event record describing an observed investigative activity. It is intended for temporal and graph-analysis testing.,2025-01-19 01:11:19,2025-01-19 01:29:19,L00727,C00315,PERSON,P02677,SRC014,EV01622,0.97,2025-04-02 19:20:14
E00309,SURVEILLANCE,Event 00309,Enim molestias labore ab consequuntur facere quas consectetur atque nobis optio.,2025-08-20 22:31:29,2025-08-21 07:57:29,L00153,C00954,PERSON,P01194,SRC019,EV02021,0.84,2026-03-22 23:40:46
E00310,TRAVEL,Event 00310,Commodi veritatis nulla iusto ut eaque facilis veritatis natus esse sint eligendi aut itaque repellat.,2024-09-26 01:34:18,2024-09-26 09:35:18,L02118,,PERSON,P03277,SRC013,EV02777,0.98,2024-08-09 18:31:59
E00311,INCIDENT,Event 00311,Synthetic incident event record describing an observed investigative activity. It is intended for temporal and graph-analysis testing.,2026-07-31 03:38:23,2026-07-31 09:23:23,L00613,,PERSON,P01029,SRC006,EV02620,0.75,2026-05-22 23:59:07
E00312,SURVEILLANCE,Event 00312,Synthetic surveillance event record describing an observed investigative activity. It is intended for temporal and graph-analysis testing.,2025-05-24 03:08:30,2025-05-24 09:28:30,L00202,C00470,PERSON,P01402,SRC006,EV03373,0.83,2024-05-29 11:15:21
E00313,CRIME,Event 00313,Synthetic crime event record describing an observed investigative activity. It is intended for temporal and graph-analysis testing.,2025-06-12 14:05:53,2025-06-12 22:30:53,L00850,,PERSON,P02902,SRC030,EV04784,0.74,2025-03-31 07:05:55
E00314,ARREST,Event 00314,Culpa nobis illo totam qui harum numquam eaque architecto occaecati rem suscipit culpa eum unde eum.,2025-06-07 22:32:21,2025-06-08 05:06:21,L02362,,PERSON,P03630,SRC030,EV00890,0.87,2025-11-29 02:56:45
E00315,TRANSACTION,Event 00315,Molestias quod aut eum debitis tempore sed reprehenderit impedit inventore laborum minima qui laborum nihil.,2024-07-11 09:55:23,2024-07-11 12:48:23,L02046,C00111,PERSON,P02054,SRC026,EV01311,0.82,2024-08-27 05:47:01
E00316,TRAVEL,Event 00316,Synthetic travel event record describing an observed investigative activity. It is intended for temporal and graph-analysis testing.,2024-07-10 07:56:34,2024-07-10 17:02:34,L01085,C00578,PERSON,P03838,SRC021,EV04541,0.94,2025-10-07 04:42:26
E00317,TRAVEL,Event 00317,Synthetic travel event record describing an observed investigative activity. It is intended for temporal and graph-analysis testing.,2025-11-14 20:29:09,2025-11-15 07:34:09,L00571,,PERSON,P00171,SRC030,EV01511,0.81,2026-08-08 20:09:59
E00318,CRIME,Event 00318,Synthetic crime event record describing an observed investigative activity. It is intended for temporal and graph-analysis testing.,2024-04-19 10:02:38,2024-04-19 20:13:38,L01964,C00367,PERSON,P02885,SRC022,EV03205,0.92,2024-01-16 22:29:19
E00319,SURVEILLANCE,Event 00319,Vero consectetur aut laborum explicabo ab unde autem enim dignissimos sint non et culpa.,2024-10-19 15:47:12,2024-10-19 15:58:12,L02151,C01067,PERSON,P00496,SRC030,EV01179,0.85,2025-02-15 09:03:51
E00320,MEETING,Event 00320,Synthetic meeting event record describing an observed investigative activity. It is intended for temporal and graph-analysis testing.,2025-04-14 07:51:10,2025-04-14 10:24:10,L00956,C00744,PERSON,P01248,SRC026,EV04404,0.78,2024-09-07 20:49:57
E00321,TRANSACTION,Event 00321,Synthetic transaction event record describing an observed investigative activity. It is intended for temporal and graph-analysis testing.,2026-07-25 23:30:38,2026-07-26 10:06:38,L00642,C00808,PERSON,P00586,SRC025,EV01365,0.81,2024-03-29 08:14:50
E00322,TRAVEL,Event 00322,Hic non consequatur enim odio adipisci soluta deleniti cum facilis repellendus.,2025-01-27 03:03:37,2025-01-27 10:07:37,L01586,,PERSON,P01688,SRC011,EV01443,0.73,2024-08-14 14:39:26
E00323,MEETING,Event 00323,Synthetic meeting event record describing an observed investigative activity. It is intended for temporal and graph-analysis testing.,2025-02-21 10:39:49,2025-02-21 14:01:49,L01333,C00200,PERSON,P03300,SRC015,EV02136,0.71,2024-04-20 07:41:36
E00324,CRIME,Event 00324,Synthetic crime event record describing an observed investigative activity. It is intended for temporal and graph-analysis testing.,2026-06-10 17:30:52,2026-06-11 04:29:52,L02008,C00745,PERSON,P00995,SRC018,EV04215,0.88,2026-04-06 16:17:17
E00325,CRIME,Event 00325,Veniam cumque rerum neque assumenda veritatis enim explicabo.,2025-04-18 06:06:39,2025-04-18 14:14:39,L01675,,PERSON,P02563,SRC004,EV01007,0.84,2026-04-22 15:12:39
E00326,INCIDENT,Event 00326,Synthetic incident event record describing an observed investigative activity. It is intended for temporal and graph-analysis testing.,2025-07-22 05:39:37,2025-07-22 16:28:37,L00936,C00426,PERSON,P02186,SRC002,EV03082,0.84,2026-02-06 09:12:14
E00327,MEETING,Event 00327,Nam nisi eius aliquam possimus in sequi earum.,2025-05-31 07:05:00,2025-05-31 10:52:00,L00451,,PERSON,P02533,SRC016,EV02426,0.92,2025-02-13 06:11:52
E00328,CRIME,Event 00328,Synthetic crime event record describing an observed investigative activity. It is intended for temporal and graph-analysis testing.,2024-04-19 16:36:44,2024-04-19 19:12:44,L01366,C00768,PERSON,P02473,SRC008,EV04982,0.91,2026-01-25 04:43:04
E00329,MEETING,Event 00329,Synthetic meeting event record describing an observed investigative activity. It is intended for temporal and graph-analysis testing.,2024-10-08 22:38:20,2024-10-09 03:38:20,L01721,C00352,PERSON,P02602,SRC017,EV03504,0.89,2026-06-26 02:51:30
E00330,MEETING,Event 00330,Synthetic meeting event record describing an observed investigative activity. It is intended for temporal and graph-analysis testing.,2025-03-07 04:55:13,2025-03-07 05:21:13,L02230,C00288,PERSON,P03773,SRC011,EV04611,0.81,2025-03-18 21:24:43
E00331,SURVEILLANCE,Event 00331,Synthetic surveillance event record describing an observed investigative activity. It is intended for temporal and graph-analysis testing.,2025-05-06 19:22:22,2025-05-06 20:32:22,L01663,,PERSON,P02730,SRC019,EV00414,0.78,2026-04-19 02:26:45
E00332,MEETING,Event 00332,Synthetic meeting event record describing an observed investigative activity. It is intended for temporal and graph-analysis testing.,2025-04-02 10:43:48,2025-04-02 15:41:48,L01712,C01195,PERSON,P00731,SRC018,EV00227,0.91,2026-08-09 00:51:13
E00333,TRAVEL,Event 00333,Synthetic travel event record describing an observed investigative activity. It is intended for temporal and graph-analysis testing.,2026-04-06 02:39:47,2026-04-06 08:54:47,L02128,,PERSON,P01959,SRC019,EV01319,0.92,2024-03-31 17:59:27
E00334,MEETING,Event 00334,Vitae aliquam nemo inventore ex inventore placeat veritatis fuga.,2026-04-17 09:24:25,2026-04-17 13:02:25,L01184,C00474,PERSON,P01049,SRC020,EV00473,0.95,2025-11-10 14:52:55
E00335,CRIME,Event 00335,Synthetic crime event record describing an observed investigative activity. It is intended for temporal and graph-analysis testing.,2024-09-04 21:40:59,2024-09-05 00:48:59,L01844,C00943,PERSON,P03411,SRC011,EV03476,0.78,2024-08-13 22:06:59
E00336,ARREST,Event 00336,Synthetic arrest event record describing an observed investigative activity. It is intended for temporal and graph-analysis testing.,2025-05-02 15:32:08,2025-05-02 22:20:08,L02444,C00684,PERSON,P02233,SRC017,EV02735,0.71,2026-05-10 01:54:02
E00337,TRANSACTION,Event 00337,Synthetic transaction event record describing an observed investigative activity. It is intended for temporal and graph-analysis testing.,2024-02-10 18:52:51,2024-02-11 01:08:51,L00220,C00407,PERSON,P01305,SRC012,EV03901,0.97,2026-04-22 04:59:20
E00338,SURVEILLANCE,Event 00338,Id pariatur qui occaecati cumque in iusto.,2024-07-12 06:48:57,2024-07-12 18:48:57,L00981,C00750,PERSON,P00492,SRC029,EV00252,0.83,2024-06-26 06:24:09
E00339,INCIDENT,Event 00339,Synthetic incident event record describing an observed investigative activity. It is intended for temporal and graph-analysis testing.,2024-10-06 06:56:21,2024-10-06 08:46:21,L01359,,PERSON,P03809,SRC022,EV01482,0.8,2026-03-10 06:06:31
E00340,TRANSACTION,Event 00340,Synthetic transaction event record describing an observed investigative activity. It is intended for temporal and graph-analysis testing.,2025-01-30 14:15:20,2025-01-30 15:09:20,L02108,C00235,PERSON,P02638,SRC006,EV03967,0.74,2024-05-13 15:30:00
E00341,MEETING,Event 00341,Synthetic meeting event record describing an observed investigative activity. It is intended for temporal and graph-analysis testing.,2024-02-01 11:39:23,2024-02-01 18:34:23,L02339,,PERSON,P00731,SRC018,EV01956,0.73,2024-10-19 05:52:14
E00342,ARREST,Event 00342,Ratione accusamus occaecati illo deleniti ullam mollitia dignissimos odit neque delectus quibusdam reprehenderit.,2026-03-10 20:43:36,2026-03-11 05:35:36,L00616,C00131,PERSON,P03805,SRC028,EV04250,0.76,2024-11-18 17:52:29
E00343,CRIME,Event 00343,Synthetic crime event record describing an observed investigative activity. It is intended for temporal and graph-analysis testing.,2024-08-06 12:05:58,2024-08-06 13:20:58,L01207,C00087,PERSON,P03414,SRC012,EV01749,0.75,2025-01-02 04:35:39
E00344,TRANSACTION,Event 00344,Synthetic transaction event record describing an observed investigative activity. It is intended for temporal and graph-analysis testing.,2024-07-18 22:27:26,2024-07-19 07:36:26,L01103,C01035,PERSON,P01035,SRC005,EV00012,0.89,2024-08-06 06:09:14
E00345,TRANSACTION,Event 00345,Synthetic transaction event record describing an observed investigative activity. It is intended for temporal and graph-analysis testing.,2024-12-04 19:42:03,2024-12-05 04:27:03,L02120,C00014,PERSON,P03107,SRC009,EV03668,0.86,2024-04-27 23:18:51
E00346,INCIDENT,Event 00346,Illo et voluptatibus totam fugit ea natus.,2026-08-06 22:10:20,2026-08-07 01:55:20,L01998,,PERSON,P01422,SRC007,EV00587,0.92,2026-08-01 06:54:24
E00347,CRIME,Event 00347,Synthetic crime event record describing an observed investigative activity. It is intended for temporal and graph-analysis testing.,2024-09-22 07:35:49,2024-09-22 12:50:49,L01305,,PERSON,P03517,SRC024,EV03635,0.93,2024-03-05 12:59:32
E00348,TRAVEL,Event 00348,Synthetic travel event record describing an observed investigative activity. It is intended for temporal and graph-analysis testing.,2024-06-30 22:36:20,2024-07-01 03:35:20,L01151,,PERSON,P03638,SRC003,EV02871,0.84,2024-05-17 07:16:22
E00349,ARREST,Event 00349,Laborum iusto assumenda ipsam recusandae eaque cum tenetur deleniti deserunt veritatis.,2024-09-07 21:02:10,2024-09-08 08:45:10,L00441,,PERSON,P01250,SRC030,EV03239,0.8,2024-06-26 02:53:17
E00350,MEETING,Event 00350,Nihil maiores voluptatem ut aut numquam officia sunt ullam quibusdam officiis.,2026-03-13 18:16:23,2026-03-14 05:09:23,L00591,,PERSON,P02097,SRC016,EV01068,0.92,2025-11-14 08:38:25
E00351,SURVEILLANCE,Event 00351,Synthetic surveillance event record describing an observed investigative activity. It is intended for temporal and graph-analysis testing.,2024-05-08 08:53:37,2024-05-08 11:35:37,L01636,C00674,PERSON,P03952,SRC003,EV04137,0.84,2025-10-12 16:39:23
E00352,MEETING,Event 00352,Synthetic meeting event record describing an observed investigative activity. It is intended for temporal and graph-analysis testing.,2024-05-14 11:59:51,2024-05-14 19:14:51,L01749,C00894,PERSON,P02063,SRC021,EV01102,0.96,2024-04-23 02:44:55
E00353,MEETING,Event 00353,Synthetic meeting event record describing an observed investigative activity. It is intended for temporal and graph-analysis testing.,2026-06-04 17:21:40,2026-06-04 19:52:40,L01884,C00480,PERSON,P01532,SRC028,EV02893,0.77,2025-05-24 21:18:11
E00354,ARREST,Event 00354,Repellendus dignissimos tempora velit ipsam amet repellendus laborum quisquam quisquam fugit sit corporis.,2024-07-06 18:18:53,2024-07-07 03:40:53,L01269,C00140,PERSON,P01512,SRC009,EV01586,0.74,2024-01-22 11:47:03
E00355,SURVEILLANCE,Event 00355,Ipsam assumenda magnam eos odit omnis quod enim facere tenetur.,2024-07-14 01:45:17,2024-07-14 12:44:17,L00270,,PERSON,P02239,SRC009,EV00505,0.93,2024-03-31 01:43:21
E00356,ARREST,Event 00356,Impedit excepturi repellendus nemo laborum tenetur recusandae.,2024-10-04 08:50:59,2024-10-04 11:50:59,L00980,C00861,PERSON,P03112,SRC018,EV00597,0.89,2024-06-08 15:18:11
E00357,MEETING,Event 00357,Sequi non quas pariatur nihil id nam voluptate quam.,2026-08-12 22:16:44,2026-08-13 08:14:44,L00377,C00689,PERSON,P03046,SRC015,EV04677,0.78,2025-03-21 01:46:26
E00358,INCIDENT,Event 00358,Synthetic incident event record describing an observed investigative activity. It is intended for temporal and graph-analysis testing.,2025-08-17 08:32:35,2025-08-17 16:50:35,L01075,C00650,PERSON,P03074,SRC021,EV02677,0.82,2025-02-12 20:09:10
E00359,SURVEILLANCE,Event 00359,Synthetic surveillance event record describing an observed investigative activity. It is intended for temporal and graph-analysis testing.,2026-08-06 02:37:04,2026-08-06 08:40:04,L00670,,PERSON,P03113,SRC025,EV00557,0.86,2025-04-02 09:27:40
E00360,MEETING,Event 00360,Synthetic meeting event record describing an observed investigative activity. It is intended for temporal and graph-analysis testing.,2025-04-14 23:36:36,2025-04-15 05:20:36,L00536,C01159,PERSON,P00777,SRC015,EV02929,0.71,2024-08-19 15:16:58
E00361,SURVEILLANCE,Event 00361,Necessitatibus labore sit id nostrum aliquid cum aliquid numquam.,2025-12-02 18:56:33,2025-12-03 01:25:33,L01527,C00176,PERSON,P01009,SRC004,EV01621,0.79,2024-06-21 16:42:34
E00362,ARREST,Event 00362,Synthetic arrest event record describing an observed investigative activity. It is intended for temporal and graph-analysis testing.,2025-04-16 06:45:11,2025-04-16 09:32:11,L01761,C00047,PERSON,P03104,SRC028,EV00891,0.78,2025-04-26 04:23:25
E00363,CRIME,Event 00363,Synthetic crime event record describing an observed investigative activity. It is intended for temporal and graph-analysis testing.,2025-02-05 21:58:11,2025-02-06 09:46:11,L01004,,PERSON,P02954,SRC017,EV03745,0.75,2025-06-22 22:36:49
E00364,INCIDENT,Event 00364,Synthetic incident event record describing an observed investigative activity. It is intended for temporal and graph-analysis testing.,2025-11-10 12:27:27,2025-11-10 19:44:27,L01485,,PERSON,P02438,SRC009,EV04500,0.7,2025-12-18 18:33:23
E00365,INCIDENT,Event 00365,Culpa facere asperiores amet consectetur quis vel sapiente culpa accusamus ducimus omnis atque.,2024-01-21 06:46:26,2024-01-21 17:49:26,L01030,C00316,PERSON,P00550,SRC002,EV00331,0.92,2025-07-15 11:47:16
E00366,MEETING,Event 00366,Synthetic meeting event record describing an observed investigative activity. It is intended for temporal and graph-analysis testing.,2025-10-15 19:56:59,2025-10-16 04:40:59,L01975,,PERSON,P02711,SRC012,EV04874,0.97,2025-08-20 05:07:17
E00367,INCIDENT,Event 00367,Iste temporibus cumque neque sapiente numquam non inventore nisi deleniti iure saepe ad eveniet itaque.,2024-10-22 14:35:54,2024-10-23 01:29:54,L00051,,PERSON,P01403,SRC018,EV01165,0.83,2024-10-13 15:42:03
E00368,CRIME,Event 00368,Synthetic crime event record describing an observed investigative activity. It is intended for temporal and graph-analysis testing.,2025-08-26 11:35:10,2025-08-26 17:30:10,L02384,C00836,PERSON,P03069,SRC011,EV01197,0.93,2024-09-24 17:44:09
E00369,CRIME,Event 00369,Ratione eaque ad suscipit cumque rem veniam in.,2024-11-29 06:10:30,2024-11-29 09:24:30,L01574,C00595,PERSON,P01421,SRC004,EV00163,0.95,2024-05-24 21:40:26
E00370,MEETING,Event 00370,Quo veniam voluptatum commodi sit sed libero iusto sit hic delectus at illo minima.,2026-05-01 10:12:29,2026-05-01 12:05:29,L01157,,PERSON,P02880,SRC005,EV02900,0.94,2025-09-21 10:11:28
E00371,CRIME,Event 00371,Synthetic crime event record describing an observed investigative activity. It is intended for temporal and graph-analysis testing.,2024-06-16 11:16:50,2024-06-16 20:22:50,L01643,C01128,PERSON,P03097,SRC018,EV02432,0.94,2026-07-07 18:52:39
E00372,SURVEILLANCE,Event 00372,Synthetic surveillance event record describing an observed investigative activity. It is intended for temporal and graph-analysis testing.,2025-01-17 21:00:38,2025-01-18 02:49:38,L01248,C00066,PERSON,P00796,SRC001,EV01439,0.95,2024-03-15 09:29:17
E00373,MEETING,Event 00373,Assumenda delectus rerum aut ipsa repudiandae corporis.,2025-09-28 07:49:13,2025-09-28 13:21:13,L00580,,PERSON,P03373,SRC018,EV03575,0.89,2026-05-02 04:07:37
E00374,INCIDENT,Event 00374,Synthetic incident event record describing an observed investigative activity. It is intended for temporal and graph-analysis testing.,2025-04-01 04:39:34,2025-04-01 09:18:34,L01177,C00642,PERSON,P00804,SRC024,EV02578,0.85,2024-06-29 00:11:49
E00375,ARREST,Event 00375,Synthetic arrest event record describing an observed investigative activity. It is intended for temporal and graph-analysis testing.,2026-03-14 10:59:56,2026-03-14 12:06:56,L00709,C00128,PERSON,P02394,SRC018,EV03035,0.85,2024-08-03 16:05:49
E00376,TRAVEL,Event 00376,A id eligendi cumque fugit facere quo id maiores.,2025-12-17 16:35:55,2025-12-18 03:28:55,L01475,C00753,PERSON,P02438,SRC003,EV02996,0.97,2025-11-10 11:04:05
E00377,SURVEILLANCE,Event 00377,Synthetic surveillance event record describing an observed investigative activity. It is intended for temporal and graph-analysis testing.,2024-06-27 05:43:51,2024-06-27 10:23:51,L01297,C00400,PERSON,P02328,SRC021,EV03365,0.74,2024-05-29 22:03:26
E00378,SURVEILLANCE,Event 00378,Esse quo repellendus eos minus amet facilis incidunt atque.,2024-01-08 20:21:57,2024-01-09 08:19:57,L00620,C00995,PERSON,P02362,SRC003,EV01920,0.8,2025-06-14 00:04:32
E00379,SURVEILLANCE,Event 00379,Synthetic surveillance event record describing an observed investigative activity. It is intended for temporal and graph-analysis testing.,2025-09-12 01:15:26,2025-09-12 03:37:26,L01108,C00320,PERSON,P00109,SRC024,EV00446,0.72,2024-02-20 00:49:31
E00380,TRANSACTION,Event 00380,Synthetic transaction event record describing an observed investigative activity. It is intended for temporal and graph-analysis testing.,2025-09-21 14:12:00,2025-09-21 14:26:00,L01360,,PERSON,P00876,SRC025,EV01412,0.82,2024-01-27 04:18:52
E00381,CRIME,Event 00381,Eaque unde harum perspiciatis consequatur a tempora.,2025-11-28 05:45:47,2025-11-28 12:28:47,L00620,,PERSON,P02627,SRC014,EV03251,0.95,2025-01-03 05:01:56
E00382,INCIDENT,Event 00382,Synthetic incident event record describing an observed investigative activity. It is intended for temporal and graph-analysis testing.,2026-02-06 03:34:53,2026-02-06 08:45:53,L00570,C00323,PERSON,P00742,SRC017,EV00425,0.86,2026-01-03 16:03:52
E00383,SURVEILLANCE,Event 00383,Synthetic surveillance event record describing an observed investigative activity. It is intended for temporal and graph-analysis testing.,2025-08-28 22:49:41,2025-08-29 07:20:41,L01841,C00790,PERSON,P03961,SRC018,EV00697,0.87,2025-07-19 05:50:30
E00384,INCIDENT,Event 00384,Synthetic incident event record describing an observed investigative activity. It is intended for temporal and graph-analysis testing.,2024-08-08 22:16:29,2024-08-09 03:36:29,L02227,,PERSON,P03774,SRC013,EV02611,0.72,2025-12-14 16:10:30
E00385,CRIME,Event 00385,Synthetic crime event record describing an observed investigative activity. It is intended for temporal and graph-analysis testing.,2024-12-02 17:07:00,2024-12-02 22:09:00,L01871,C01170,PERSON,P03743,SRC005,EV00126,0.98,2025-12-19 19:22:49
E00386,CRIME,Event 00386,Ut corporis non eligendi veritatis officiis porro voluptate nam et ducimus a iste rem nemo magnam.,2026-03-21 15:46:53,2026-03-22 00:46:53,L02345,C00091,PERSON,P02319,SRC012,EV00825,0.79,2026-03-01 09:55:31
E00387,TRAVEL,Event 00387,Synthetic travel event record describing an observed investigative activity. It is intended for temporal and graph-analysis testing.,2025-12-07 11:00:46,2025-12-07 21:39:46,L01915,C00568,PERSON,P00077,SRC029,EV02301,0.72,2024-04-12 06:40:24
E00388,TRAVEL,Event 00388,Synthetic travel event record describing an observed investigative activity. It is intended for temporal and graph-analysis testing.,2025-04-02 17:14:54,2025-04-03 01:24:54,L00259,C00192,PERSON,P00991,SRC024,EV02672,0.86,2024-08-01 12:42:50
E00389,INCIDENT,Event 00389,Synthetic incident event record describing an observed investigative activity. It is intended for temporal and graph-analysis testing.,2025-09-16 05:29:34,2025-09-16 13:26:34,L00048,C01070,PERSON,P02979,SRC002,EV04272,0.96,2026-01-05 15:42:16
E00390,SURVEILLANCE,Event 00390,Synthetic surveillance event record describing an observed investigative activity. It is intended for temporal and graph-analysis testing.,2025-10-16 04:31:34,2025-10-16 06:47:34,L00999,,PERSON,P03890,SRC017,EV00513,0.75,2025-10-16 06:56:14
E00391,SURVEILLANCE,Event 00391,Synthetic surveillance event record describing an observed investigative activity. It is intended for temporal and graph-analysis testing.,2024-10-09 18:25:01,2024-10-10 04:47:01,L02085,C00309,PERSON,P03659,SRC005,EV01249,0.93,2024-07-06 23:24:50
E00392,ARREST,Event 00392,Synthetic arrest event record describing an observed investigative activity. It is intended for temporal and graph-analysis testing.,2025-06-03 05:55:36,2025-06-03 08:28:36,L02140,C01172,PERSON,P01749,SRC015,EV00315,0.74,2026-06-16 10:41:13
E00393,SURVEILLANCE,Event 00393,Officiis asperiores neque odio tempore architecto culpa sapiente facere esse quo cumque rem.,2025-10-22 12:03:46,2025-10-22 16:52:46,L00537,C00463,PERSON,P01557,SRC003,EV04971,0.78,2026-05-09 12:32:06
E00394,MEETING,Event 00394,Synthetic meeting event record describing an observed investigative activity. It is intended for temporal and graph-analysis testing.,2026-04-24 02:39:18,2026-04-24 03:02:18,L02337,,PERSON,P01006,SRC002,EV01071,0.85,2026-06-06 23:33:27
E00395,TRANSACTION,Event 00395,Synthetic transaction event record describing an observed investigative activity. It is intended for temporal and graph-analysis testing.,2025-03-12 13:03:24,2025-03-12 14:18:24,L01387,C00426,PERSON,P01768,SRC011,EV03885,0.81,2026-02-11 04:44:45
E00396,TRANSACTION,Event 00396,Nam voluptatibus consequatur voluptatem est suscipit sequi.,2024-02-15 15:41:13,2024-02-15 19:59:13,L00067,C00950,PERSON,P02016,SRC011,EV00978,0.8,2024-08-22 21:34:09
E00397,INCIDENT,Event 00397,Synthetic incident event record describing an observed investigative activity. It is intended for temporal and graph-analysis testing.,2025-09-01 03:11:27,2025-09-01 12:03:27,L01141,,PERSON,P01448,SRC005,EV01414,0.88,2024-11-04 07:29:57
E00398,MEETING,Event 00398,Synthetic meeting event record describing an observed investigative activity. It is intended for temporal and graph-analysis testing.,2025-04-03 04:51:15,2025-04-03 12:24:15,L01520,C00594,PERSON,P02343,SRC016,EV04855,0.92,2026-08-30 04:02:58
E00399,INCIDENT,Event 00399,Tenetur adipisci fugiat nulla perferendis ullam sapiente.,2026-08-14 23:48:39,2026-08-15 09:09:39,L00907,,PERSON,P02793,SRC023,EV04050,0.88,2024-07-24 08:31:21
E00400,CRIME,Event 00400,Alias quas saepe itaque est rem inventore delectus aut totam.,2024-12-21 15:44:22,2024-12-21 19:39:22,L01330,C00846,PERSON,P03319,SRC017,EV01188,0.86,2024-03-30 14:22:47
E00401,TRAVEL,Event 00401,Synthetic travel event record describing an observed investigative activity. It is intended for temporal and graph-analysis testing.,2024-05-31 12:06:45,2024-05-31 18:31:45,L00704,C00927,PERSON,P00338,SRC029,EV00343,0.82,2025-01-20 14:48:58
E00402,SURVEILLANCE,Event 00402,Synthetic surveillance event record describing an observed investigative activity. It is intended for temporal and graph-analysis testing.,2025-08-23 05:41:57,2025-08-23 17:09:57,L01879,C00697,PERSON,P01562,SRC016,EV01592,0.75,2026-08-03 17:14:55
E00403,TRANSACTION,Event 00403,Repudiandae aut corrupti iure soluta quisquam distinctio autem sint nostrum eveniet debitis voluptate.,2025-06-26 18:40:26,2025-06-26 19:09:26,L01891,C01097,PERSON,P03076,SRC029,EV04920,0.91,2024-05-20 18:50:24
E00404,ARREST,Event 00404,Synthetic arrest event record describing an observed investigative activity. It is intended for temporal and graph-analysis testing.,2024-12-14 19:08:23,2024-12-15 03:25:23,L01329,C01078,PERSON,P00735,SRC012,EV00471,0.92,2026-08-13 09:16:12
E00405,SURVEILLANCE,Event 00405,Synthetic surveillance event record describing an observed investigative activity. It is intended for temporal and graph-analysis testing.,2025-02-04 10:14:27,2025-02-04 10:33:27,L01098,C00545,PERSON,P02641,SRC019,EV00451,0.77,2024-01-25 02:36:40
E00406,TRANSACTION,Event 00406,Synthetic transaction event record describing an observed investigative activity. It is intended for temporal and graph-analysis testing.,2025-10-22 01:18:23,2025-10-22 11:44:23,L00447,C00938,PERSON,P01428,SRC028,EV04527,0.77,2025-01-10 13:56:23
E00407,SURVEILLANCE,Event 00407,Saepe asperiores fugiat debitis vitae veniam in ipsa nam ab possimus repellat perspiciatis.,2026-06-07 21:47:39,2026-06-08 04:27:39,L00726,C01185,PERSON,P01273,SRC008,EV03338,0.97,2024-06-06 19:28:16
E00408,CRIME,Event 00408,Non recusandae recusandae assumenda ullam consequuntur architecto alias.,2024-11-29 09:30:32,2024-11-29 10:00:32,L01318,C00077,PERSON,P01507,SRC026,EV04989,0.87,2025-05-30 21:58:22
E00409,TRANSACTION,Event 00409,Voluptatibus atque error id vitae perferendis sit reiciendis.,2024-01-10 08:07:22,2024-01-10 18:21:22,L02208,C01058,PERSON,P00525,SRC030,EV02818,0.73,2026-03-30 01:34:40
E00410,SURVEILLANCE,Event 00410,Molestiae ex excepturi dicta iusto ullam occaecati.,2026-07-31 13:08:46,2026-07-31 16:19:46,L01704,,PERSON,P00992,SRC006,EV02468,0.82,2024-04-10 14:22:36
E00411,SURVEILLANCE,Event 00411,Synthetic surveillance event record describing an observed investigative activity. It is intended for temporal and graph-analysis testing.,2024-10-28 17:47:08,2024-10-29 00:44:08,L00246,C01162,PERSON,P01261,SRC027,EV03908,0.86,2025-08-01 22:28:31
E00412,CRIME,Event 00412,Synthetic crime event record describing an observed investigative activity. It is intended for temporal and graph-analysis testing.,2024-04-02 02:38:20,2024-04-02 11:39:20,L02118,C00808,PERSON,P03200,SRC028,EV00442,0.74,2026-01-15 05:19:22
E00413,TRAVEL,Event 00413,Corporis ea maiores voluptates in animi tempora sapiente saepe unde enim laudantium perferendis occaecati tempore.,2026-03-20 15:31:23,2026-03-20 17:12:23,L01830,C00474,PERSON,P01360,SRC002,EV00241,0.89,2024-11-01 22:05:49
E00414,CRIME,Event 00414,Synthetic crime event record describing an observed investigative activity. It is intended for temporal and graph-analysis testing.,2024-04-24 02:54:46,2024-04-24 04:53:46,L01971,,PERSON,P01899,SRC004,EV01194,0.97,2024-08-09 16:45:08
E00415,ARREST,Event 00415,Synthetic arrest event record describing an observed investigative activity. It is intended for temporal and graph-analysis testing.,2024-12-15 04:57:47,2024-12-15 06:16:47,L00422,C00518,PERSON,P00216,SRC022,EV00711,0.9,2025-11-20 11:51:23
E00416,ARREST,Event 00416,Vel corporis expedita cumque facilis impedit placeat.,2026-02-03 08:24:23,2026-02-03 18:51:23,L02156,,PERSON,P02778,SRC008,EV02381,0.86,2025-01-02 18:46:16
E00417,MEETING,Event 00417,Dignissimos optio reiciendis magni aperiam ducimus expedita reiciendis ducimus dicta assumenda quod dicta quia.,2025-03-29 11:57:01,2025-03-29 17:40:01,L01662,C00634,PERSON,P00695,SRC021,EV01397,0.83,2025-12-08 01:28:12
E00418,ARREST,Event 00418,Synthetic arrest event record describing an observed investigative activity. It is intended for temporal and graph-analysis testing.,2024-05-15 18:37:14,2024-05-16 05:58:14,L02253,,PERSON,P00766,SRC019,EV01581,0.95,2024-07-23 15:24:26
E00419,TRANSACTION,Event 00419,Veniam id quod fuga error consequatur vitae quo aliquam.,2024-09-29 22:16:38,2024-09-30 05:34:38,L02161,,PERSON,P00517,SRC001,EV00995,0.78,2024-08-21 11:46:45
E00420,CRIME,Event 00420,Synthetic crime event record describing an observed investigative activity. It is intended for temporal and graph-analysis testing.,2024-11-03 08:27:50,2024-11-03 18:04:50,L00535,C00446,PERSON,P00400,SRC016,EV03027,0.92,2024-02-26 03:19:38
E00421,ARREST,Event 00421,Synthetic arrest event record describing an observed investigative activity. It is intended for temporal and graph-analysis testing.,2024-09-19 10:40:16,2024-09-19 15:46:16,L01788,C00966,PERSON,P02245,SRC030,EV01000,0.77,2024-01-18 09:24:05
E00422,ARREST,Event 00422,Synthetic arrest event record describing an observed investigative activity. It is intended for temporal and graph-analysis testing.,2024-09-02 02:53:39,2024-09-02 03:03:39,L01851,C01130,PERSON,P01566,SRC016,EV00129,0.77,2025-06-13 08:08:32
E00423,TRANSACTION,Event 00423,Synthetic transaction event record describing an observed investigative activity. It is intended for temporal and graph-analysis testing.,2025-02-16 10:46:50,2025-02-16 18:47:50,L02008,,PERSON,P01542,SRC017,EV03867,0.95,2024-06-28 11:48:03
E00424,SURVEILLANCE,Event 00424,Synthetic surveillance event record describing an observed investigative activity. It is intended for temporal and graph-analysis testing.,2026-01-18 09:16:59,2026-01-18 12:26:59,L02455,C00357,PERSON,P01298,SRC027,EV04821,0.89,2026-07-09 16:20:05
E00425,MEETING,Event 00425,Synthetic meeting event record describing an observed investigative activity. It is intended for temporal and graph-analysis testing.,2024-05-18 06:08:09,2024-05-18 06:23:09,L01636,C00608,PERSON,P03416,SRC010,EV00154,0.89,2024-01-06 00:03:44
E00426,ARREST,Event 00426,Synthetic arrest event record describing an observed investigative activity. It is intended for temporal and graph-analysis testing.,2025-12-09 10:51:12,2025-12-09 14:11:12,L01790,C00046,PERSON,P02981,SRC027,EV00235,0.91,2024-06-06 23:17:00
E00427,INCIDENT,Event 00427,Synthetic incident event record describing an observed investigative activity. It is intended for temporal and graph-analysis testing.,2025-03-28 10:32:12,2025-03-28 13:50:12,L02424,,PERSON,P03708,SRC014,EV00837,0.82,2024-03-03 18:11:03
E00428,SURVEILLANCE,Event 00428,Sequi perferendis odio veniam minus quis voluptate ratione mollitia quisquam fugiat necessitatibus iste optio.,2026-06-21 20:26:19,2026-06-22 02:50:19,L00015,C00310,PERSON,P02068,SRC028,EV01692,0.77,2024-03-17 12:50:42
E00429,CRIME,Event 00429,Synthetic crime event record describing an observed investigative activity. It is intended for temporal and graph-analysis testing.,2026-05-04 00:16:20,2026-05-04 11:29:20,L01955,C00858,PERSON,P01659,SRC007,EV01377,0.76,2024-07-21 10:27:50
E00430,INCIDENT,Event 00430,Ipsa consectetur debitis libero natus amet rerum ipsam veritatis voluptatem culpa.,2024-01-13 03:14:41,2024-01-13 10:58:41,L01966,C00230,PERSON,P03602,SRC024,EV00016,0.92,2025-09-20 12:58:17
E00431,MEETING,Event 00431,Synthetic meeting event record describing an observed investigative activity. It is intended for temporal and graph-analysis testing.,2024-06-17 06:17:02,2024-06-17 16:31:02,L01612,C00575,PERSON,P02343,SRC008,EV04204,0.76,2025-07-29 21:55:47
E00432,ARREST,Event 00432,Synthetic arrest event record describing an observed investigative activity. It is intended for temporal and graph-analysis testing.,2024-07-30 20:28:44,2024-07-31 05:00:44,L01163,C00517,PERSON,P01768,SRC020,EV03117,0.95,2026-01-07 22:17:11
E00433,CRIME,Event 00433,Synthetic crime event record describing an observed investigative activity. It is intended for temporal and graph-analysis testing.,2025-08-20 18:32:18,2025-08-21 04:54:18,L00767,,PERSON,P03128,SRC022,EV02079,0.84,2025-09-08 09:47:35
E00434,TRANSACTION,Event 00434,Synthetic transaction event record describing an observed investigative activity. It is intended for temporal and graph-analysis testing.,2024-04-22 10:26:13,2024-04-22 19:38:13,L02160,C01023,PERSON,P03833,SRC027,EV04772,0.82,2025-02-20 00:21:29
E00435,CRIME,Event 00435,Synthetic crime event record describing an observed investigative activity. It is intended for temporal and graph-analysis testing.,2025-04-18 17:57:51,2025-04-18 18:34:51,L00821,C00126,PERSON,P00436,SRC003,EV02278,0.83,2025-04-17 05:41:57
E00436,CRIME,Event 00436,Synthetic crime event record describing an observed investigative activity. It is intended for temporal and graph-analysis testing.,2024-04-20 13:12:30,2024-04-20 18:35:30,L02447,C00746,PERSON,P01803,SRC014,EV03873,0.89,2024-04-16 02:22:55
E00437,TRANSACTION,Event 00437,Synthetic transaction event record describing an observed investigative activity. It is intended for temporal and graph-analysis testing.,2024-09-28 16:43:38,2024-09-28 22:12:38,L01280,C00243,PERSON,P00075,SRC009,EV02573,0.97,2024-03-28 20:33:59
E00438,INCIDENT,Event 00438,Labore eaque distinctio soluta vel sunt necessitatibus laboriosam laudantium vero sapiente et quibusdam.,2025-09-23 05:03:56,2025-09-23 06:50:56,L00903,,PERSON,P02206,SRC020,EV03748,0.97,2025-09-30 01:04:49
E00439,MEETING,Event 00439,Synthetic meeting event record describing an observed investigative activity. It is intended for temporal and graph-analysis testing.,2025-11-03 02:19:44,2025-11-03 13:01:44,L01172,C00553,PERSON,P01798,SRC019,EV00981,0.81,2025-01-17 07:22:31
E00440,MEETING,Event 00440,Esse expedita enim ea animi veritatis voluptatum maxime laudantium hic laudantium.,2026-07-31 23:38:39,2026-08-01 07:48:39,L01425,C00671,PERSON,P00879,SRC024,EV02826,0.96,2024-12-26 00:10:14
E00441,TRAVEL,Event 00441,Synthetic travel event record describing an observed investigative activity. It is intended for temporal and graph-analysis testing.,2025-12-15 06:13:51,2025-12-15 10:43:51,L00152,C01072,PERSON,P03752,SRC014,EV02360,0.95,2026-03-27 17:31:20
E00442,INCIDENT,Event 00442,Synthetic incident event record describing an observed investigative activity. It is intended for temporal and graph-analysis testing.,2026-02-03 06:30:17,2026-02-03 17:47:17,L01275,C01128,PERSON,P01346,SRC011,EV04465,0.75,2025-03-11 11:19:33
E00443,TRAVEL,Event 00443,Synthetic travel event record describing an observed investigative activity. It is intended for temporal and graph-analysis testing.,2024-03-14 01:03:15,2024-03-14 08:40:15,L01652,,PERSON,P00457,SRC026,EV02038,0.83,2024-03-11 18:45:39
E00444,TRAVEL,Event 00444,Synthetic travel event record describing an observed investigative activity. It is intended for temporal and graph-analysis testing.,2024-09-03 19:47:43,2024-09-03 23:31:43,L01755,C00420,PERSON,P02528,SRC016,EV00543,0.83,2024-03-08 23:10:35
E00445,MEETING,Event 00445,Synthetic meeting event record describing an observed investigative activity. It is intended for temporal and graph-analysis testing.,2024-09-03 23:31:15,2024-09-04 02:16:15,L00765,,PERSON,P03202,SRC004,EV04753,0.7,2024-12-09 03:32:54
E00446,ARREST,Event 00446,Synthetic arrest event record describing an observed investigative activity. It is intended for temporal and graph-analysis testing.,2024-02-02 06:36:28,2024-02-02 10:45:28,L02493,C00811,PERSON,P01911,SRC029,EV01415,0.73,2026-08-23 03:29:47
E00447,TRANSACTION,Event 00447,Synthetic transaction event record describing an observed investigative activity. It is intended for temporal and graph-analysis testing.,2025-07-08 08:16:57,2025-07-08 13:46:57,L00232,C01106,PERSON,P03834,SRC005,EV00787,0.94,2025-06-13 01:57:02
E00448,TRANSACTION,Event 00448,Synthetic transaction event record describing an observed investigative activity. It is intended for temporal and graph-analysis testing.,2026-05-02 05:44:12,2026-05-02 13:33:12,L01836,C01148,PERSON,P01900,SRC005,EV02987,0.95,2024-01-23 17:48:03
E00449,TRAVEL,Event 00449,Synthetic travel event record describing an observed investigative activity. It is intended for temporal and graph-analysis testing.,2024-04-17 09:44:27,2024-04-17 15:12:27,L02270,C00916,PERSON,P03230,SRC020,EV00126,0.76,2024-04-13 18:27:05
E00450,TRAVEL,Event 00450,Synthetic travel event record describing an observed investigative activity. It is intended for temporal and graph-analysis testing.,2026-02-10 05:12:46,2026-02-10 14:11:46,L01332,C00321,PERSON,P00517,SRC007,EV04227,0.79,2024-12-11 20:32:55
E00451,MEETING,Event 00451,Synthetic meeting event record describing an observed investigative activity. It is intended for temporal and graph-analysis testing.,2025-12-31 17:23:31,2026-01-01 02:33:31,L01685,C00312,PERSON,P03167,SRC030,EV00855,0.91,2025-07-02 07:01:01
E00452,CRIME,Event 00452,Harum iste eum eveniet voluptatum magnam sed unde enim a vel reiciendis.,2026-04-24 18:33:50,2026-04-25 04:24:50,L00938,C00210,PERSON,P03948,SRC019,EV03373,0.93,2025-07-21 05:06:43
E00453,INCIDENT,Event 00453,Synthetic incident event record describing an observed investigative activity. It is intended for temporal and graph-analysis testing.,2024-08-19 12:52:02,2024-08-19 22:10:02,L00897,C00999,PERSON,P03727,SRC006,EV01408,0.77,2025-05-08 08:24:39
E00454,TRANSACTION,Event 00454,Sed voluptatum accusamus inventore sint impedit ea velit.,2025-07-13 21:29:57,2025-07-14 06:51:57,L01459,C00398,PERSON,P03160,SRC005,EV02972,0.82,2026-05-05 10:38:09
E00455,ARREST,Event 00455,Minima architecto aliquam asperiores dicta vero recusandae possimus deleniti.,2026-06-16 05:31:21,2026-06-16 06:16:21,L00641,C01018,PERSON,P01069,SRC020,EV02767,0.77,2025-12-16 05:33:43
E00456,CRIME,Event 00456,Synthetic crime event record describing an observed investigative activity. It is intended for temporal and graph-analysis testing.,2024-08-18 16:30:38,2024-08-18 17:03:38,L00469,C00637,PERSON,P00561,SRC009,EV03413,0.89,2025-01-25 10:45:56
E00457,TRAVEL,Event 00457,Earum libero cum cumque sint repellendus nobis repellendus quidem distinctio.,2026-01-12 08:44:28,2026-01-12 11:26:28,L00827,C00717,PERSON,P02082,SRC003,EV03861,0.95,2025-08-21 10:07:14
E00458,TRAVEL,Event 00458,Harum nulla inventore voluptates possimus nostrum corporis autem.,2026-02-24 13:31:51,2026-02-24 15:31:51,L00856,C00055,PERSON,P03496,SRC002,EV02248,0.7,2024-09-28 08:08:32
E00459,TRANSACTION,Event 00459,Synthetic transaction event record describing an observed investigative activity. It is intended for temporal and graph-analysis testing.,2024-07-13 14:00:30,2024-07-13 20:37:30,L02456,C01125,PERSON,P02676,SRC023,EV00419,0.71,2024-04-05 01:05:53
E00460,INCIDENT,Event 00460,Laboriosam sunt quasi ea excepturi quidem eligendi.,2024-09-15 02:35:33,2024-09-15 05:19:33,L01559,C00851,PERSON,P03119,SRC016,EV01988,0.81,2024-09-10 21:12:23
E00461,TRANSACTION,Event 00461,Fuga minus odit tenetur omnis vero necessitatibus ullam facere minus eos repellat repellendus ducimus.,2026-04-21 01:56:13,2026-04-21 08:37:13,L02402,C00632,PERSON,P02469,SRC005,EV01184,0.85,2026-03-21 23:18:48
E00462,ARREST,Event 00462,Facilis aperiam ipsam repellendus illo suscipit quo rerum veritatis.,2026-03-26 16:58:56,2026-03-26 22:03:56,L02330,C00686,PERSON,P00529,SRC020,EV00211,0.93,2025-09-06 19:33:10
E00463,TRAVEL,Event 00463,Synthetic travel event record describing an observed investigative activity. It is intended for temporal and graph-analysis testing.,2025-10-30 03:34:16,2025-10-30 15:29:16,L01686,C01175,PERSON,P01241,SRC006,EV03449,0.82,2026-07-12 15:11:21
E00464,ARREST,Event 00464,Synthetic arrest event record describing an observed investigative activity. It is intended for temporal and graph-analysis testing.,2024-04-28 07:19:33,2024-04-28 12:14:33,L01016,,PERSON,P03432,SRC010,EV03470,0.77,2025-11-12 00:44:25
E00465,ARREST,Event 00465,Eveniet amet tempora eius illo delectus amet culpa enim.,2024-11-22 20:55:46,2024-11-23 07:59:46,L01052,C00593,PERSON,P01159,SRC030,EV00180,0.91,2026-03-21 12:58:47
E00466,TRAVEL,Event 00466,Culpa hic ullam architecto suscipit reiciendis eaque reiciendis facilis qui laudantium molestiae fugit aut architecto quis.,2024-01-29 19:58:59,2024-01-30 04:28:59,L00595,C00941,PERSON,P01094,SRC005,EV02551,0.71,2024-11-15 15:04:18
E00467,MEETING,Event 00467,Synthetic meeting event record describing an observed investigative activity. It is intended for temporal and graph-analysis testing.,2025-05-06 20:07:11,2025-05-07 04:09:11,L01344,C00125,PERSON,P00756,SRC005,EV00807,0.92,2024-09-04 01:59:14
E00468,TRAVEL,Event 00468,Synthetic travel event record describing an observed investigative activity. It is intended for temporal and graph-analysis testing.,2025-04-23 10:26:28,2025-04-23 13:49:28,L00675,C01098,PERSON,P02694,SRC026,EV04813,0.71,2025-08-02 09:19:48
E00469,CRIME,Event 00469,Synthetic crime event record describing an observed investigative activity. It is intended for temporal and graph-analysis testing.,2025-06-27 00:28:24,2025-06-27 07:16:24,L00825,,PERSON,P03964,SRC022,EV01561,0.96,2024-03-11 00:21:02
E00470,MEETING,Event 00470,Synthetic meeting event record describing an observed investigative activity. It is intended for temporal and graph-analysis testing.,2026-06-30 21:56:15,2026-07-01 01:39:15,L02157,C00781,PERSON,P01712,SRC016,EV01107,0.89,2025-09-22 14:08:30
E00471,SURVEILLANCE,Event 00471,Synthetic surveillance event record describing an observed investigative activity. It is intended for temporal and graph-analysis testing.,2026-03-02 16:51:48,2026-03-02 19:20:48,L00644,C00772,PERSON,P03500,SRC019,EV04549,0.76,2025-08-22 00:09:57
E00472,TRANSACTION,Event 00472,Synthetic transaction event record describing an observed investigative activity. It is intended for temporal and graph-analysis testing.,2025-05-17 03:57:51,2025-05-17 08:53:51,L02489,C00102,PERSON,P00593,SRC029,EV00874,0.94,2024-07-06 10:01:28
E00473,SURVEILLANCE,Event 00473,Enim ea corporis in molestias minus beatae sed atque voluptate cumque aliquid.,2024-12-25 05:53:53,2024-12-25 09:59:53,L02242,,PERSON,P01301,SRC009,EV04712,0.91,2025-11-15 21:09:40
E00474,INCIDENT,Event 00474,Synthetic incident event record describing an observed investigative activity. It is intended for temporal and graph-analysis testing.,2026-04-23 00:39:33,2026-04-23 01:37:33,L02120,,PERSON,P00078,SRC004,EV00918,0.91,2026-02-04 16:12:52
E00475,INCIDENT,Event 00475,Eligendi possimus sed rerum quas tempora accusamus natus molestias.,2026-04-07 19:22:11,2026-04-08 06:59:11,L02349,C00376,PERSON,P03137,SRC013,EV03391,0.81,2026-07-03 08:52:07
E00476,TRANSACTION,Event 00476,Synthetic transaction event record describing an observed investigative activity. It is intended for temporal and graph-analysis testing.,2025-11-02 08:07:06,2025-11-02 09:56:06,L01682,C01175,PERSON,P01273,SRC006,EV03621,0.94,2025-04-29 02:15:32
E00477,INCIDENT,Event 00477,Synthetic incident event record describing an observed investigative activity. It is intended for temporal and graph-analysis testing.,2024-04-12 08:00:40,2024-04-12 15:02:40,L02314,C00082,PERSON,P00892,SRC006,EV02323,0.9,2025-12-25 09:15:08
E00478,CRIME,Event 00478,Accusamus deserunt porro accusamus repellendus impedit incidunt ratione labore saepe velit quo nobis.,2024-07-20 21:04:48,2024-07-21 08:07:48,L01857,C00113,PERSON,P01939,SRC021,EV03957,0.88,2024-01-19 12:43:48
E00479,TRAVEL,Event 00479,Synthetic travel event record describing an observed investigative activity. It is intended for temporal and graph-analysis testing.,2026-02-08 12:20:02,2026-02-08 13:30:02,L00235,,PERSON,P03034,SRC008,EV01360,0.79,2026-04-22 11:46:30
E00480,INCIDENT,Event 00480,Synthetic incident event record describing an observed investigative activity. It is intended for temporal and graph-analysis testing.,2024-10-12 05:17:44,2024-10-12 15:58:44,L00944,,PERSON,P02722,SRC023,EV03249,0.75,2026-03-06 07:23:29
E00481,TRAVEL,Event 00481,Synthetic travel event record describing an observed investigative activity. It is intended for temporal and graph-analysis testing.,2025-02-24 16:03:10,2025-02-24 16:53:10,L02216,C00107,PERSON,P00409,SRC003,EV03106,0.83,2025-01-16 02:48:59
E00482,TRANSACTION,Event 00482,Quisquam soluta debitis voluptatibus impedit voluptate aperiam nostrum consequatur quis quod.,2025-01-30 02:48:30,2025-01-30 14:46:30,L00817,C00317,PERSON,P03186,SRC023,EV02004,0.74,2025-04-28 10:48:17
E00483,SURVEILLANCE,Event 00483,Velit nisi nam fugiat quam earum nulla eius.,2024-10-27 12:09:48,2024-10-27 23:21:48,L01081,C00398,PERSON,P02822,SRC007,EV04403,0.8,2025-07-26 11:17:16
E00484,TRAVEL,Event 00484,Synthetic travel event record describing an observed investigative activity. It is intended for temporal and graph-analysis testing.,2024-07-09 04:43:28,2024-07-09 10:11:28,L01200,,PERSON,P03950,SRC021,EV04378,0.76,2025-08-14 11:52:00
E00485,CRIME,Event 00485,Synthetic crime event record describing an observed investigative activity. It is intended for temporal and graph-analysis testing.,2024-01-20 07:07:11,2024-01-20 09:10:11,L00873,C01000,PERSON,P00016,SRC019,EV03441,0.71,2026-01-27 00:07:41
E00486,INCIDENT,Event 00486,Synthetic incident event record describing an observed investigative activity. It is intended for temporal and graph-analysis testing.,2026-03-01 23:39:43,2026-03-02 09:36:43,L01587,C00251,PERSON,P01623,SRC010,EV03717,0.77,2026-02-03 21:01:32
E00487,TRAVEL,Event 00487,Synthetic travel event record describing an observed investigative activity. It is intended for temporal and graph-analysis testing.,2026-02-09 04:04:15,2026-02-09 11:14:15,L00508,,PERSON,P02291,SRC021,EV03589,0.73,2026-07-10 17:24:09
E00488,SURVEILLANCE,Event 00488,Synthetic surveillance event record describing an observed investigative activity. It is intended for temporal and graph-analysis testing.,2025-12-26 14:22:20,2025-12-27 00:39:20,L01275,C00250,PERSON,P01586,SRC004,EV02694,0.97,2024-06-06 01:26:19
E00489,TRANSACTION,Event 00489,Synthetic transaction event record describing an observed investigative activity. It is intended for temporal and graph-analysis testing.,2025-12-24 03:30:26,2025-12-24 05:31:26,L01006,C00283,PERSON,P02101,SRC018,EV00469,0.76,2024-08-29 21:12:46
E00490,TRAVEL,Event 00490,Synthetic travel event record describing an observed investigative activity. It is intended for temporal and graph-analysis testing.,2025-11-11 01:52:23,2025-11-11 05:51:23,L01523,,PERSON,P01400,SRC006,EV01315,0.72,2024-12-20 00:58:54
E00491,TRANSACTION,Event 00491,Voluptate porro eveniet ipsam temporibus a asperiores cum recusandae.,2026-04-27 00:10:53,2026-04-27 01:30:53,L02101,C00350,PERSON,P00281,SRC003,EV02969,0.82,2025-09-12 01:50:05
E00492,TRANSACTION,Event 00492,Synthetic transaction event record describing an observed investigative activity. It is intended for temporal and graph-analysis testing.,2026-04-28 23:42:50,2026-04-29 07:14:50,L01728,,PERSON,P03553,SRC002,EV04791,0.93,2025-03-13 04:45:48
E00493,TRANSACTION,Event 00493,Synthetic transaction event record describing an observed investigative activity. It is intended for temporal and graph-analysis testing.,2024-02-28 22:41:16,2024-02-29 01:13:16,L01334,C00912,PERSON,P01927,SRC027,EV01050,0.81,2025-12-02 00:41:02
E00494,INCIDENT,Event 00494,Synthetic incident event record describing an observed investigative activity. It is intended for temporal and graph-analysis testing.,2025-09-08 19:03:10,2025-09-08 23:05:10,L00569,C00672,PERSON,P03127,SRC029,EV04144,0.71,2026-03-21 10:58:05
E00495,SURVEILLANCE,Event 00495,Corporis excepturi non expedita molestias illum enim.,2024-03-21 09:49:52,2024-03-21 19:32:52,L00691,C00479,PERSON,P02066,SRC022,EV01095,0.98,2026-07-10 15:26:50
E00496,ARREST,Event 00496,Synthetic arrest event record describing an observed investigative activity. It is intended for temporal and graph-analysis testing.,2026-04-07 20:06:22,2026-04-08 04:47:22,L02418,C00941,PERSON,P00505,SRC007,EV04824,0.81,2024-03-01 05:38:25
E00497,TRAVEL,Event 00497,Synthetic travel event record describing an observed investigative activity. It is intended for temporal and graph-analysis testing.,2025-05-29 23:54:08,2025-05-30 05:21:08,L02442,,PERSON,P00409,SRC016,EV00251,0.71,2024-07-29 11:39:48
E00498,MEETING,Event 00498,Synthetic meeting event record describing an observed investigative activity. It is intended for temporal and graph-analysis testing.,2024-05-23 18:46:58,2024-05-23 20:09:58,L02397,,PERSON,P01113,SRC003,EV03036,0.88,2025-01-24 14:19:12
E00499,TRANSACTION,Event 00499,Synthetic transaction event record describing an observed investigative activity. It is intended for temporal and graph-analysis testing.,2026-02-14 14:04:29,2026-02-14 18:19:29,L02207,C00645,PERSON,P00357,SRC013,EV02514,0.71,2025-05-29 20:38:22
E00500,SURVEILLANCE,Event 00500,Synthetic surveillance event record describing an observed investigative activity. It is intended for temporal and graph-analysis testing.,2024-09-15 10:32:45,2024-09-15 19:14:45,L01749,C01192,PERSON,P01141,SRC021,EV04692,0.85,2024-04-10 00:09:50
E00501,SURVEILLANCE,Event 00501,Alias officia illo eum animi ea hic illo amet earum nulla dicta odit cupiditate molestias pariatur.,2025-03-27 07:54:08,2025-03-27 09:27:08,L01163,C00758,PERSON,P01012,SRC013,EV00344,0.8,2025-04-24 06:54:15
E00502,TRAVEL,Event 00502,Synthetic travel event record describing an observed investigative activity. It is intended for temporal and graph-analysis testing.,2024-09-16 05:20:52,2024-09-16 13:47:52,L01586,C01039,PERSON,P02320,SRC023,EV01007,0.7,2025-03-08 03:01:28
E00503,ARREST,Event 00503,Synthetic arrest event record describing an observed investigative activity. It is intended for temporal and graph-analysis testing.,2025-05-28 06:07:24,2025-05-28 13:59:24,L01008,C01084,PERSON,P00696,SRC022,EV03447,0.72,2026-04-08 02:49:37
E00504,INCIDENT,Event 00504,Magnam sequi eos maxime aliquam eius accusantium laborum necessitatibus perferendis natus mollitia.,2025-12-25 19:39:49,2025-12-26 04:21:49,L01857,,PERSON,P03969,SRC026,EV03053,0.74,2025-10-21 00:43:44
E00505,ARREST,Event 00505,Synthetic arrest event record describing an observed investigative activity. It is intended for temporal and graph-analysis testing.,2024-04-04 21:59:06,2024-04-05 02:45:06,L02014,C00839,PERSON,P02804,SRC009,EV00286,0.85,2025-05-29 13:56:33
E00506,SURVEILLANCE,Event 00506,Synthetic surveillance event record describing an observed investigative activity. It is intended for temporal and graph-analysis testing.,2024-05-20 22:19:56,2024-05-21 03:47:56,L01610,C01042,PERSON,P01106,SRC028,EV03858,0.95,2024-06-06 20:56:19
E00507,TRANSACTION,Event 00507,Synthetic transaction event record describing an observed investigative activity. It is intended for temporal and graph-analysis testing.,2024-11-20 04:09:40,2024-11-20 13:07:40,L00099,C00329,PERSON,P03826,SRC028,EV02688,0.95,2024-01-25 05:22:43
E00508,INCIDENT,Event 00508,Synthetic incident event record describing an observed investigative activity. It is intended for temporal and graph-analysis testing.,2025-01-25 01:24:15,2025-01-25 08:59:15,L02185,C00102,PERSON,P00148,SRC002,EV03043,0.8,2025-06-25 13:24:25
E00509,INCIDENT,Event 00509,Ipsa amet minima labore impedit nobis quis voluptatem amet laboriosam molestias placeat odio voluptatum harum.,2026-01-27 18:16:28,2026-01-27 20:35:28,L00964,C01080,PERSON,P03977,SRC027,EV00844,0.82,2026-07-11 09:48:46
E00510,CRIME,Event 00510,Synthetic crime event record describing an observed investigative activity. It is intended for temporal and graph-analysis testing.,2024-10-13 01:13:36,2024-10-13 10:35:36,L00553,C00185,PERSON,P01963,SRC028,EV00322,0.88,2025-04-26 19:59:34
E00511,INCIDENT,Event 00511,Synthetic incident event record describing an observed investigative activity. It is intended for temporal and graph-analysis testing.,2024-11-19 02:41:47,2024-11-19 10:07:47,L01609,,PERSON,P00107,SRC002,EV04291,0.72,2024-09-03 07:19:17
E00512,CRIME,Event 00512,Synthetic crime event record describing an observed investigative activity. It is intended for temporal and graph-analysis testing.,2026-05-01 17:55:29,2026-05-01 23:58:29,L00563,C00406,PERSON,P02606,SRC013,EV02626,0.88,2025-04-21 09:57:09
E00513,TRANSACTION,Event 00513,Synthetic transaction event record describing an observed investigative activity. It is intended for temporal and graph-analysis testing.,2024-09-13 21:10:10,2024-09-14 03:54:10,L01336,C00659,PERSON,P02045,SRC003,EV03208,0.86,2025-12-15 16:31:58
E00514,INCIDENT,Event 00514,Synthetic incident event record describing an observed investigative activity. It is intended for temporal and graph-analysis testing.,2025-02-08 04:21:34,2025-02-08 04:43:34,L01276,C00568,PERSON,P02152,SRC015,EV03286,0.72,2025-02-24 23:05:53
E00515,ARREST,Event 00515,Deserunt eveniet unde ex neque facere officiis repellat sequi delectus.,2024-06-28 19:00:59,2024-06-28 23:45:59,L01161,C00488,PERSON,P00541,SRC020,EV02345,0.71,2024-04-05 10:03:24
E00516,CRIME,Event 00516,Synthetic crime event record describing an observed investigative activity. It is intended for temporal and graph-analysis testing.,2025-08-03 21:36:49,2025-08-04 03:32:49,L01107,C00370,PERSON,P02555,SRC017,EV00673,0.88,2025-04-25 17:14:34
E00517,TRAVEL,Event 00517,Synthetic travel event record describing an observed investigative activity. It is intended for temporal and graph-analysis testing.,2024-01-10 20:51:02,2024-01-11 07:50:02,L00975,,PERSON,P03743,SRC021,EV02611,0.95,2025-03-06 06:08:55
E00518,ARREST,Event 00518,Synthetic arrest event record describing an observed investigative activity. It is intended for temporal and graph-analysis testing.,2026-03-12 12:03:45,2026-03-12 15:15:45,L01493,C00019,PERSON,P01349,SRC009,EV01706,0.78,2024-09-12 11:33:06
E00519,MEETING,Event 00519,Synthetic meeting event record describing an observed investigative activity. It is intended for temporal and graph-analysis testing.,2024-04-11 19:40:28,2024-04-11 21:05:28,L00400,C01142,PERSON,P03766,SRC018,EV03880,0.82,2026-01-12 22:08:57
E00520,MEETING,Event 00520,Facilis iusto cum rem quas magni ut consectetur.,2024-10-05 11:20:13,2024-10-05 23:10:13,L00833,C00939,PERSON,P02487,SRC013,EV03266,0.81,2025-01-17 16:31:30
E00521,TRANSACTION,Event 00521,Synthetic transaction event record describing an observed investigative activity. It is intended for temporal and graph-analysis testing.,2025-06-10 18:14:14,2025-06-11 00:42:14,L00147,C00940,PERSON,P03588,SRC024,EV00618,0.83,2024-10-07 01:56:02
E00522,CRIME,Event 00522,Synthetic crime event record describing an observed investigative activity. It is intended for temporal and graph-analysis testing.,2025-08-07 15:58:28,2025-08-07 20:20:28,L01262,C00076,PERSON,P02884,SRC020,EV03290,0.79,2024-09-22 09:30:41
E00523,TRANSACTION,Event 00523,Ea nemo impedit placeat qui facere nihil.,2024-10-19 12:21:31,2024-10-19 18:18:31,L01526,,PERSON,P01565,SRC010,EV02456,0.92,2024-09-13 18:09:01
E00524,TRAVEL,Event 00524,Synthetic travel event record describing an observed investigative activity. It is intended for temporal and graph-analysis testing.,2024-04-28 16:24:37,2024-04-29 00:30:37,L00732,C00343,PERSON,P00629,SRC024,EV01403,0.76,2026-05-20 12:42:22
E00525,SURVEILLANCE,Event 00525,Nemo ab veniam illo cupiditate et provident labore sed voluptate inventore.,2024-05-19 00:40:38,2024-05-19 07:09:38,L02436,C00242,PERSON,P01539,SRC008,EV03997,0.83,2024-11-03 22:07:18
E00526,TRAVEL,Event 00526,Synthetic travel event record describing an observed investigative activity. It is intended for temporal and graph-analysis testing.,2024-11-21 08:53:26,2024-11-21 16:32:26,L02344,C00154,PERSON,P00803,SRC029,EV02370,0.94,2025-05-18 17:44:28
E00527,TRAVEL,Event 00527,Beatae id architecto magnam inventore cum consequuntur soluta temporibus maiores iusto assumenda libero molestias quos quis.,2024-05-19 15:26:34,2024-05-20 00:48:34,L00598,C01094,PERSON,P00867,SRC002,EV00873,0.94,2025-02-20 18:24:28
E00528,ARREST,Event 00528,Necessitatibus sint officiis numquam ea perspiciatis tempore delectus quidem cumque ad nobis.,2026-07-18 21:33:52,2026-07-19 03:16:52,L00099,,PERSON,P03528,SRC004,EV03828,0.75,2026-04-17 09:42:51
E00529,TRANSACTION,Event 00529,Nihil enim nobis magni laborum fugit voluptates consequuntur odio hic fugiat quia minus officiis aliquam.,2026-02-24 03:11:41,2026-02-24 04:24:41,L00281,,PERSON,P03215,SRC015,EV04704,0.94,2026-04-23 14:28:34
E00530,INCIDENT,Event 00530,Vero atque accusantium veritatis delectus iste culpa laborum beatae voluptate.,2025-11-01 12:25:42,2025-11-01 15:10:42,L00706,,PERSON,P01288,SRC018,EV02671,0.75,2024-07-14 18:33:53
E00531,MEETING,Event 00531,Synthetic meeting event record describing an observed investigative activity. It is intended for temporal and graph-analysis testing.,2026-02-12 20:34:42,2026-02-13 06:11:42,L02132,C00563,PERSON,P02293,SRC005,EV03243,0.75,2025-01-12 09:09:39
E00532,SURVEILLANCE,Event 00532,Synthetic surveillance event record describing an observed investigative activity. It is intended for temporal and graph-analysis testing.,2024-01-06 12:25:33,2024-01-06 17:33:33,L01192,C00992,PERSON,P00305,SRC017,EV04648,0.88,2024-01-03 18:37:56
E00533,MEETING,Event 00533,Synthetic meeting event record describing an observed investigative activity. It is intended for temporal and graph-analysis testing.,2024-02-25 19:35:04,2024-02-25 19:58:04,L01678,C00812,PERSON,P02249,SRC023,EV03153,0.8,2025-03-30 08:27:00
E00534,INCIDENT,Event 00534,Synthetic incident event record describing an observed investigative activity. It is intended for temporal and graph-analysis testing.,2025-08-21 13:08:56,2025-08-21 21:29:56,L01198,C00342,PERSON,P02284,SRC002,EV03424,0.95,2026-06-25 03:50:00
E00535,SURVEILLANCE,Event 00535,Cumque provident nulla aut expedita debitis molestiae fugiat sit hic.,2025-10-19 21:42:33,2025-10-20 03:54:33,L02135,,PERSON,P03692,SRC014,EV01000,0.75,2026-05-15 04:34:06
E00536,INCIDENT,Event 00536,Atque beatae est sunt labore tempora sint.,2025-02-15 01:22:09,2025-02-15 07:53:09,L01590,,PERSON,P03684,SRC029,EV02296,0.82,2026-01-26 14:59:45
E00537,ARREST,Event 00537,Synthetic arrest event record describing an observed investigative activity. It is intended for temporal and graph-analysis testing.,2025-12-17 04:28:06,2025-12-17 15:39:06,L00613,C01084,PERSON,P03785,SRC019,EV01930,0.78,2025-12-01 18:57:05
E00538,ARREST,Event 00538,Synthetic arrest event record describing an observed investigative activity. It is intended for temporal and graph-analysis testing.,2026-07-17 10:17:00,2026-07-17 15:35:00,L02009,C00752,PERSON,P01141,SRC002,EV03904,0.86,2026-08-29 11:58:04
E00539,SURVEILLANCE,Event 00539,Synthetic surveillance event record describing an observed investigative activity. It is intended for temporal and graph-analysis testing.,2024-02-17 18:44:30,2024-02-17 19:55:30,L01545,C01144,PERSON,P00369,SRC021,EV00689,0.91,2025-10-09 08:41:21
E00540,TRAVEL,Event 00540,Synthetic travel event record describing an observed investigative activity. It is intended for temporal and graph-analysis testing.,2025-03-14 09:17:58,2025-03-14 20:28:58,L02169,C01088,PERSON,P00163,SRC026,EV01023,0.85,2024-09-19 00:43:41
E00541,INCIDENT,Event 00541,Esse sapiente nihil delectus molestiae molestias ullam libero rerum fugiat quibusdam tempore nam.,2024-07-02 20:22:03,2024-07-03 00:45:03,L02111,C00364,PERSON,P00624,SRC017,EV02494,0.8,2026-02-05 05:15:02
E00542,TRANSACTION,Event 00542,Synthetic transaction event record describing an observed investigative activity. It is intended for temporal and graph-analysis testing.,2025-12-25 23:00:11,2025-12-26 03:44:11,L00880,C00863,PERSON,P01038,SRC014,EV03173,0.89,2024-10-29 10:08:54
E00543,MEETING,Event 00543,Synthetic meeting event record describing an observed investigative activity. It is intended for temporal and graph-analysis testing.,2024-03-29 17:39:16,2024-03-29 23:09:16,L01911,C00380,PERSON,P01837,SRC023,EV03479,0.8,2025-04-22 00:27:49
E00544,SURVEILLANCE,Event 00544,Synthetic surveillance event record describing an observed investigative activity. It is intended for temporal and graph-analysis testing.,2026-08-08 08:05:43,2026-08-08 18:12:43,L00978,C00870,PERSON,P02259,SRC019,EV00676,0.81,2024-04-25 00:23:45
E00545,INCIDENT,Event 00545,Synthetic incident event record describing an observed investigative activity. It is intended for temporal and graph-analysis testing.,2024-02-11 09:49:28,2024-02-11 15:36:28,L02425,C00199,PERSON,P02306,SRC018,EV04230,0.89,2025-04-17 22:18:08
E00546,TRAVEL,Event 00546,Illo quo consectetur tempora inventore fuga sapiente.,2026-06-08 14:26:49,2026-06-08 23:01:49,L02262,C00573,PERSON,P00583,SRC019,EV03022,0.79,2026-02-11 11:15:23
E00547,CRIME,Event 00547,Mollitia eaque alias eveniet iusto totam quo ex magni ut nostrum corporis.,2025-07-14 23:52:12,2025-07-15 06:12:12,L00656,C01134,PERSON,P02365,SRC001,EV04221,0.78,2026-01-06 16:17:21
E00548,TRANSACTION,Event 00548,Synthetic transaction event record describing an observed investigative activity. It is intended for temporal and graph-analysis testing.,2026-08-07 04:50:15,2026-08-07 09:50:15,L01860,C01082,PERSON,P03645,SRC018,EV00261,0.72,2025-12-19 18:29:16
E00549,INCIDENT,Event 00549,Synthetic incident event record describing an observed investigative activity. It is intended for temporal and graph-analysis testing.,2026-06-28 14:25:27,2026-06-29 01:22:27,L02099,,PERSON,P03660,SRC014,EV03377,0.78,2024-12-09 19:03:01
E00550,TRANSACTION,Event 00550,Synthetic transaction event record describing an observed investigative activity. It is intended for temporal and graph-analysis testing.,2025-08-30 05:00:41,2025-08-30 15:08:41,L02174,C01083,PERSON,P01943,SRC013,EV00823,0.75,2026-08-07 06:36:04
E00551,TRAVEL,Event 00551,Synthetic travel event record describing an observed investigative activity. It is intended for temporal and graph-analysis testing.,2025-06-18 17:27:55,2025-06-19 01:47:55,L00089,C00898,PERSON,P01704,SRC010,EV00428,0.85,2025-09-28 06:37:24
E00552,MEETING,Event 00552,Synthetic meeting event record describing an observed investigative activity. It is intended for temporal and graph-analysis testing.,2025-03-03 18:21:09,2025-03-04 05:11:09,L02398,C00437,PERSON,P00152,SRC029,EV00870,0.95,2024-02-16 15:54:28
E00553,INCIDENT,Event 00553,Synthetic incident event record describing an observed investigative activity. It is intended for temporal and graph-analysis testing.,2025-06-26 03:59:12,2025-06-26 05:51:12,L01338,,PERSON,P02377,SRC004,EV01088,0.79,2026-03-28 01:47:39
E00554,INCIDENT,Event 00554,Eaque quasi hic cum sed ut velit tempore officia quibusdam.,2024-07-05 00:10:59,2024-07-05 03:00:59,L01484,,PERSON,P00728,SRC002,EV01961,0.93,2025-06-21 13:09:39
E00555,MEETING,Event 00555,Explicabo cum non at quisquam rerum totam.,2024-03-25 05:58:15,2024-03-25 13:10:15,L00412,,PERSON,P02871,SRC002,EV00870,0.79,2024-06-07 09:58:17
E00556,MEETING,Event 00556,Commodi rem maiores eos iste assumenda consequatur sit molestias debitis possimus magni perferendis.,2025-05-10 17:35:17,2025-05-10 23:12:17,L01462,C00782,PERSON,P01895,SRC021,EV01579,0.95,2026-08-20 23:39:52
E00557,TRAVEL,Event 00557,Synthetic travel event record describing an observed investigative activity. It is intended for temporal and graph-analysis testing.,2024-06-03 10:25:49,2024-06-03 20:59:49,L00913,,PERSON,P02237,SRC027,EV03430,0.98,2026-06-25 11:23:58
E00558,TRANSACTION,Event 00558,Synthetic transaction event record describing an observed investigative activity. It is intended for temporal and graph-analysis testing.,2026-07-03 17:25:07,2026-07-03 22:29:07,L02393,C00257,PERSON,P00031,SRC019,EV04984,0.87,2026-05-09 14:46:20
E00559,TRANSACTION,Event 00559,Synthetic transaction event record describing an observed investigative activity. It is intended for temporal and graph-analysis testing.,2024-03-09 05:19:41,2024-03-09 15:37:41,L01597,C00225,PERSON,P02838,SRC024,EV03173,0.95,2024-09-27 02:39:30
E00560,INCIDENT,Event 00560,Synthetic incident event record describing an observed investigative activity. It is intended for temporal and graph-analysis testing.,2025-10-13 02:04:04,2025-10-13 05:59:04,L01816,C00038,PERSON,P03091,SRC021,EV03287,0.87,2024-05-06 13:27:28
E00561,ARREST,Event 00561,Synthetic arrest event record describing an observed investigative activity. It is intended for temporal and graph-analysis testing.,2024-11-27 08:51:39,2024-11-27 13:14:39,L02401,C00035,PERSON,P00225,SRC016,EV02826,0.97,2024-04-06 08:02:52
E00562,MEETING,Event 00562,Synthetic meeting event record describing an observed investigative activity. It is intended for temporal and graph-analysis testing.,2025-09-14 11:46:10,2025-09-14 21:49:10,L01779,,PERSON,P02206,SRC004,EV02154,0.96,2026-05-07 12:22:33
E00563,TRAVEL,Event 00563,Odit mollitia cumque assumenda consectetur rerum rerum.,2024-02-03 19:17:49,2024-02-03 23:13:49,L00022,C00056,PERSON,P03617,SRC029,EV03337,0.94,2024-04-04 13:44:13
E00564,CRIME,Event 00564,Synthetic crime event record describing an observed investigative activity. It is intended for temporal and graph-analysis testing.,2024-04-26 16:55:29,2024-04-26 18:47:29,L01311,C01056,PERSON,P02454,SRC005,EV04953,0.74,2025-05-19 00:37:54
E00565,INCIDENT,Event 00565,Omnis sequi eveniet animi minima sed unde ratione.,2024-06-09 04:12:34,2024-06-09 12:58:34,L00543,C00615,PERSON,P02730,SRC018,EV04003,0.72,2025-09-10 04:12:29
E00566,MEETING,Event 00566,Synthetic meeting event record describing an observed investigative activity. It is intended for temporal and graph-analysis testing.,2025-04-14 00:12:23,2025-04-14 03:05:23,L00857,,PERSON,P00637,SRC024,EV02510,0.92,2024-12-28 08:55:19
E00567,CRIME,Event 00567,Synthetic crime event record describing an observed investigative activity. It is intended for temporal and graph-analysis testing.,2024-03-07 12:32:50,2024-03-07 14:17:50,L01336,,PERSON,P00440,SRC003,EV04539,0.78,2025-12-28 05:37:50
E00568,CRIME,Event 00568,Sint iusto a consequatur illum nihil provident nobis corrupti.,2024-07-12 08:14:57,2024-07-12 15:37:57,L01585,,PERSON,P01851,SRC011,EV04232,0.71,2026-02-22 18:51:58
E00569,MEETING,Event 00569,Synthetic meeting event record describing an observed investigative activity. It is intended for temporal and graph-analysis testing.,2026-05-16 05:25:28,2026-05-16 13:57:28,L02237,C00661,PERSON,P03109,SRC007,EV04694,0.95,2026-08-14 01:47:02
E00570,CRIME,Event 00570,Odit nemo repellendus non illo eligendi modi sapiente.,2024-07-12 22:09:25,2024-07-12 23:09:25,L00208,,PERSON,P00437,SRC003,EV00919,0.84,2025-05-31 12:46:04
E00571,CRIME,Event 00571,Synthetic crime event record describing an observed investigative activity. It is intended for temporal and graph-analysis testing.,2025-06-11 14:01:08,2025-06-11 20:49:08,L00333,C00564,PERSON,P03625,SRC026,EV04641,0.72,2025-06-07 06:12:59
E00572,TRANSACTION,Event 00572,Synthetic transaction event record describing an observed investigative activity. It is intended for temporal and graph-analysis testing.,2025-04-14 18:06:54,2025-04-15 04:14:54,L02081,C00416,PERSON,P00131,SRC005,EV04808,0.77,2025-07-30 04:36:17
E00573,INCIDENT,Event 00573,Synthetic incident event record describing an observed investigative activity. It is intended for temporal and graph-analysis testing.,2024-12-11 01:26:09,2024-12-11 06:24:09,L02174,C00095,PERSON,P03653,SRC011,EV03332,0.83,2024-11-02 03:27:00
E00574,TRANSACTION,Event 00574,Assumenda est autem voluptatibus laudantium libero sequi eos possimus nisi natus temporibus.,2026-02-16 02:42:02,2026-02-16 10:22:02,L01367,C00042,PERSON,P01632,SRC015,EV03301,0.82,2026-08-06 10:27:02
E00575,SURVEILLANCE,Event 00575,Veritatis cupiditate vitae itaque dignissimos modi voluptatem.,2024-12-14 10:38:47,2024-12-14 17:27:47,L01590,C00304,PERSON,P01127,SRC012,EV04929,0.92,2024-12-23 04:27:57
E00576,MEETING,Event 00576,Synthetic meeting event record describing an observed investigative activity. It is intended for temporal and graph-analysis testing.,2025-09-04 07:06:38,2025-09-04 08:28:38,L00254,C00705,PERSON,P02973,SRC021,EV00544,0.79,2025-09-21 19:58:03
E00577,CRIME,Event 00577,Synthetic crime event record describing an observed investigative activity. It is intended for temporal and graph-analysis testing.,2025-12-29 11:01:32,2025-12-29 13:05:32,L00938,C00638,PERSON,P03475,SRC029,EV04962,0.8,2026-04-25 23:29:28
E00578,ARREST,Event 00578,Synthetic arrest event record describing an observed investigative activity. It is intended for temporal and graph-analysis testing.,2024-06-27 07:29:08,2024-06-27 09:02:08,L00469,,PERSON,P03373,SRC028,EV03330,0.84,2025-04-17 05:49:46
E00579,TRANSACTION,Event 00579,Synthetic transaction event record describing an observed investigative activity. It is intended for temporal and graph-analysis testing.,2026-04-08 18:54:23,2026-04-09 02:20:23,L00216,,PERSON,P02190,SRC003,EV02144,0.91,2024-08-17 20:55:57
E00580,ARREST,Event 00580,Synthetic arrest event record describing an observed investigative activity. It is intended for temporal and graph-analysis testing.,2025-07-17 13:09:15,2025-07-17 21:07:15,L01746,C01137,PERSON,P02913,SRC005,EV01342,0.89,2024-06-26 12:46:04
E00581,TRAVEL,Event 00581,Voluptatum optio reprehenderit fugiat excepturi provident at beatae ex porro consectetur consequuntur sint veniam alias.,2026-01-26 09:56:19,2026-01-26 14:13:19,L00555,,PERSON,P03975,SRC024,EV01040,0.81,2025-01-29 03:40:07
E00582,TRANSACTION,Event 00582,Temporibus consequatur sapiente delectus itaque deleniti numquam consequuntur unde modi vel nemo ad.,2025-04-29 18:56:01,2025-04-29 19:59:01,L02080,C00696,PERSON,P01444,SRC026,EV03681,0.84,2024-05-05 14:50:52
E00583,TRANSACTION,Event 00583,Synthetic transaction event record describing an observed investigative activity. It is intended for temporal and graph-analysis testing.,2025-08-02 16:52:52,2025-08-02 20:14:52,L01090,C00874,PERSON,P00494,SRC008,EV02676,0.97,2026-02-13 11:49:51
E00584,MEETING,Event 00584,Mollitia nam perspiciatis ratione fugit alias optio facere assumenda hic voluptate voluptatibus ipsa ut quis occaecati.,2026-08-15 17:21:18,2026-08-15 23:43:18,L02375,C01187,PERSON,P00441,SRC003,EV01803,0.77,2026-03-09 21:14:22
E00585,ARREST,Event 00585,Synthetic arrest event record describing an observed investigative activity. It is intended for temporal and graph-analysis testing.,2025-02-09 03:06:03,2025-02-09 05:07:03,L00560,C00591,PERSON,P03900,SRC023,EV04005,0.84,2024-03-25 17:52:10
E00586,ARREST,Event 00586,Synthetic arrest event record describing an observed investigative activity. It is intended for temporal and graph-analysis testing.,2025-04-09 13:26:07,2025-04-09 13:50:07,L01821,C00461,PERSON,P01907,SRC026,EV00148,0.9,2024-04-18 06:54:44
E00587,TRANSACTION,Event 00587,Quam possimus eius magnam rerum necessitatibus voluptatibus suscipit consequuntur nostrum et debitis possimus delectus necessitatibus deserunt.,2025-12-21 01:02:13,2025-12-21 09:59:13,L01691,,PERSON,P00623,SRC006,EV00665,0.85,2025-11-14 03:16:04
E00588,ARREST,Event 00588,Synthetic arrest event record describing an observed investigative activity. It is intended for temporal and graph-analysis testing.,2024-03-09 06:39:23,2024-03-09 07:02:23,L00475,C00690,PERSON,P00387,SRC029,EV00464,0.9,2026-08-27 03:24:10
E00589,SURVEILLANCE,Event 00589,Synthetic surveillance event record describing an observed investigative activity. It is intended for temporal and graph-analysis testing.,2025-03-23 06:46:39,2025-03-23 07:48:39,L00246,,PERSON,P03264,SRC011,EV04521,0.74,2025-11-20 03:23:50
E00590,MEETING,Event 00590,Synthetic meeting event record describing an observed investigative activity. It is intended for temporal and graph-analysis testing.,2024-08-08 13:49:14,2024-08-08 14:13:14,L01051,C00205,PERSON,P00293,SRC016,EV03412,0.72,2024-10-23 01:40:29
E00591,SURVEILLANCE,Event 00591,Dignissimos perferendis sit numquam eaque explicabo qui corrupti ullam.,2026-02-25 02:16:34,2026-02-25 07:11:34,L01820,C00292,PERSON,P02586,SRC010,EV00935,0.8,2026-06-06 10:04:08
E00592,MEETING,Event 00592,Synthetic meeting event record describing an observed investigative activity. It is intended for temporal and graph-analysis testing.,2026-05-09 08:21:47,2026-05-09 11:05:47,L00948,C00802,PERSON,P01305,SRC023,EV02436,0.74,2025-09-12 02:40:03
E00593,MEETING,Event 00593,Synthetic meeting event record describing an observed investigative activity. It is intended for temporal and graph-analysis testing.,2025-10-23 15:12:47,2025-10-23 23:46:47,L02178,C00934,PERSON,P03838,SRC008,EV04510,0.89,2024-05-07 17:34:09
E00594,TRANSACTION,Event 00594,Synthetic transaction event record describing an observed investigative activity. It is intended for temporal and graph-analysis testing.,2025-04-19 20:31:32,2025-04-20 02:43:32,L00360,C01049,PERSON,P01098,SRC007,EV03690,0.87,2025-12-18 21:38:13
E00595,ARREST,Event 00595,Ipsam asperiores quam quidem vel assumenda pariatur numquam corrupti.,2024-01-06 09:28:14,2024-01-06 14:47:14,L01365,,PERSON,P02376,SRC018,EV00955,0.83,2025-11-29 20:43:34
E00596,TRAVEL,Event 00596,Synthetic travel event record describing an observed investigative activity. It is intended for temporal and graph-analysis testing.,2026-05-19 18:04:43,2026-05-19 20:16:43,L00431,C01186,PERSON,P01407,SRC012,EV04261,0.83,2026-03-11 02:28:18
E00597,ARREST,Event 00597,Synthetic arrest event record describing an observed investigative activity. It is intended for temporal and graph-analysis testing.,2025-01-22 19:59:30,2025-01-22 23:34:30,L00168,C00549,PERSON,P02071,SRC006,EV04410,0.78,2025-03-10 13:18:12
E00598,INCIDENT,Event 00598,Synthetic incident event record describing an observed investigative activity. It is intended for temporal and graph-analysis testing.,2025-12-28 07:09:13,2025-12-28 09:28:13,L02172,,PERSON,P03500,SRC014,EV02023,0.97,2025-11-16 04:24:18
E00599,ARREST,Event 00599,Autem distinctio recusandae saepe fugiat laudantium minus voluptatibus cupiditate.,2026-01-18 21:53:25,2026-01-19 01:38:25,L00435,C00145,PERSON,P00575,SRC028,EV01835,0.79,2024-01-01 16:24:49
E00600,TRANSACTION,Event 00600,Synthetic transaction event record describing an observed investigative activity. It is intended for temporal and graph-analysis testing.,2024-02-07 22:14:31,2024-02-08 09:04:31,L00474,,PERSON,P02934,SRC003,EV04746,0.76,2024-12-08 01:40:18
E00601,CRIME,Event 00601,Excepturi maiores dignissimos incidunt hic vero natus nobis libero.,2025-07-21 18:03:11,2025-07-21 23:44:11,L00557,C01174,PERSON,P00223,SRC030,EV00004,0.91,2024-10-26 21:04:45
E00602,TRAVEL,Event 00602,Occaecati ipsa dignissimos quasi aut mollitia ab recusandae illo molestias totam distinctio perferendis placeat.,2025-01-05 20:20:21,2025-01-06 07:15:21,L00502,C01140,PERSON,P00895,SRC030,EV04038,0.82,2026-03-17 04:52:46
E00603,TRANSACTION,Event 00603,Facere excepturi maxime ipsa repudiandae velit enim et beatae.,2024-12-15 02:30:01,2024-12-15 10:49:01,L00746,,PERSON,P02869,SRC021,EV04265,0.89,2025-05-16 15:41:43
E00604,MEETING,Event 00604,Synthetic meeting event record describing an observed investigative activity. It is intended for temporal and graph-analysis testing.,2024-01-17 14:28:12,2024-01-18 01:31:12,L00572,,PERSON,P01086,SRC008,EV03029,0.72,2025-04-25 02:08:34
E00605,INCIDENT,Event 00605,Mollitia deleniti delectus voluptatem architecto sint esse quo recusandae.,2024-05-08 23:18:54,2024-05-09 08:23:54,L01929,C00773,PERSON,P03434,SRC015,EV01801,0.88,2024-12-05 10:49:27
E00606,TRANSACTION,Event 00606,Synthetic transaction event record describing an observed investigative activity. It is intended for temporal and graph-analysis testing.,2026-01-02 13:44:50,2026-01-02 23:08:50,L00103,C00738,PERSON,P03595,SRC011,EV02074,0.78,2026-03-26 05:15:50
E00607,TRAVEL,Event 00607,Synthetic travel event record describing an observed investigative activity. It is intended for temporal and graph-analysis testing.,2025-12-13 01:31:43,2025-12-13 03:26:43,L00753,C00040,PERSON,P00002,SRC009,EV01706,0.79,2024-08-29 21:52:57
E00608,INCIDENT,Event 00608,Synthetic incident event record describing an observed investigative activity. It is intended for temporal and graph-analysis testing.,2025-10-08 21:11:51,2025-10-08 22:01:51,L02243,,PERSON,P02353,SRC006,EV02522,0.92,2024-10-04 20:05:51
E00609,MEETING,Event 00609,Synthetic meeting event record describing an observed investigative activity. It is intended for temporal and graph-analysis testing.,2026-02-20 01:30:01,2026-02-20 04:56:01,L01781,C00798,PERSON,P02016,SRC025,EV00383,0.82,2025-02-28 04:10:55
E00610,MEETING,Event 00610,Synthetic meeting event record describing an observed investigative activity. It is intended for temporal and graph-analysis testing.,2024-06-18 08:42:41,2024-06-18 19:54:41,L01042,C00323,PERSON,P02971,SRC028,EV04180,0.79,2024-12-20 14:12:41
E00611,TRAVEL,Event 00611,Ab architecto tempore aut quos soluta maiores nemo.,2024-08-08 11:07:49,2024-08-08 23:01:49,L01967,C00869,PERSON,P02360,SRC015,EV04909,0.71,2025-11-24 08:15:36
E00612,TRANSACTION,Event 00612,Synthetic transaction event record describing an observed investigative activity. It is intended for temporal and graph-analysis testing.,2024-08-21 00:46:41,2024-08-21 06:08:41,L01214,C00869,PERSON,P00391,SRC013,EV03206,0.82,2024-02-24 04:15:02
E00613,SURVEILLANCE,Event 00613,Accusamus tempora error explicabo quidem repellat minus nobis recusandae.,2025-04-21 09:32:42,2025-04-21 15:48:42,L02117,C01108,PERSON,P03971,SRC003,EV02345,0.85,2024-07-18 17:13:15
E00614,SURVEILLANCE,Event 00614,Synthetic surveillance event record describing an observed investigative activity. It is intended for temporal and graph-analysis testing.,2024-05-17 01:27:41,2024-05-17 05:29:41,L01847,,PERSON,P01764,SRC023,EV04403,0.79,2025-07-10 03:40:34
E00615,INCIDENT,Event 00615,Suscipit in quis quis neque quo vitae vitae vitae asperiores ex odio beatae optio.,2024-04-30 16:40:58,2024-04-30 21:30:58,L02159,,PERSON,P02180,SRC022,EV00609,0.94,2025-07-31 22:25:33
E00616,TRANSACTION,Event 00616,Synthetic transaction event record describing an observed investigative activity. It is intended for temporal and graph-analysis testing.,2024-03-11 21:33:40,2024-03-12 08:52:40,L01592,C00001,PERSON,P03143,SRC018,EV00654,0.82,2026-07-26 15:30:21
E00617,INCIDENT,Event 00617,Synthetic incident event record describing an observed investigative activity. It is intended for temporal and graph-analysis testing.,2024-07-20 04:58:38,2024-07-20 08:49:38,L00150,C00257,PERSON,P02689,SRC017,EV01888,0.88,2026-04-13 17:35:13
E00618,TRAVEL,Event 00618,Itaque veritatis illum labore impedit aliquid reiciendis magni aperiam.,2025-07-25 12:06:46,2025-07-25 20:24:46,L00153,C00080,PERSON,P03907,SRC026,EV04184,0.94,2024-11-17 09:36:36
E00619,TRAVEL,Event 00619,Synthetic travel event record describing an observed investigative activity. It is intended for temporal and graph-analysis testing.,2024-04-27 05:16:24,2024-04-27 05:43:24,L00178,C00497,PERSON,P02910,SRC003,EV04025,0.79,2025-09-22 20:56:46
E00620,MEETING,Event 00620,Synthetic meeting event record describing an observed investigative activity. It is intended for temporal and graph-analysis testing.,2025-04-27 21:37:35,2025-04-28 03:32:35,L00656,,PERSON,P02477,SRC013,EV01849,0.79,2025-06-28 06:15:27
E00621,INCIDENT,Event 00621,Ex explicabo odio eligendi ipsam delectus magni eveniet beatae repudiandae amet.,2026-04-09 00:15:09,2026-04-09 08:52:09,L00340,C00765,PERSON,P00500,SRC024,EV00713,0.97,2024-05-18 15:37:59
E00622,CRIME,Event 00622,Synthetic crime event record describing an observed investigative activity. It is intended for temporal and graph-analysis testing.,2025-11-07 00:12:12,2025-11-07 03:03:12,L00227,,PERSON,P03427,SRC018,EV00287,0.89,2025-06-19 08:43:15
E00623,INCIDENT,Event 00623,Synthetic incident event record describing an observed investigative activity. It is intended for temporal and graph-analysis testing.,2025-07-19 18:13:21,2025-07-19 19:11:21,L00433,C01196,PERSON,P02724,SRC017,EV02907,0.97,2025-02-28 22:52:35
E00624,TRAVEL,Event 00624,Synthetic travel event record describing an observed investigative activity. It is intended for temporal and graph-analysis testing.,2024-10-16 03:41:08,2024-10-16 10:19:08,L02177,,PERSON,P00949,SRC029,EV03774,0.73,2024-04-30 22:22:40
E00625,CRIME,Event 00625,Synthetic crime event record describing an observed investigative activity. It is intended for temporal and graph-analysis testing.,2026-05-15 12:25:00,2026-05-15 14:55:00,L01116,C00138,PERSON,P00714,SRC022,EV00862,0.77,2025-07-31 07:14:00
E00626,TRAVEL,Event 00626,Ad reprehenderit provident consequatur sit minima quod rerum expedita harum.,2025-01-27 09:48:04,2025-01-27 12:32:04,L01933,C00517,PERSON,P01837,SRC017,EV01973,0.72,2026-06-21 17:25:53
E00627,ARREST,Event 00627,Synthetic arrest event record describing an observed investigative activity. It is intended for temporal and graph-analysis testing.,2024-05-21 18:45:03,2024-05-22 04:24:03,L02306,C00591,PERSON,P01304,SRC018,EV04262,0.76,2025-01-22 06:59:29
E00628,MEETING,Event 00628,Synthetic meeting event record describing an observed investigative activity. It is intended for temporal and graph-analysis testing.,2026-07-29 21:05:48,2026-07-30 06:09:48,L00773,,PERSON,P00523,SRC028,EV02242,0.98,2026-02-10 06:18:07
E00629,TRAVEL,Event 00629,Synthetic travel event record describing an observed investigative activity. It is intended for temporal and graph-analysis testing.,2026-08-21 21:38:01,2026-08-22 05:11:01,L01927,C00552,PERSON,P00093,SRC007,EV02945,0.77,2025-10-08 20:27:39
E00630,TRAVEL,Event 00630,Synthetic travel event record describing an observed investigative activity. It is intended for temporal and graph-analysis testing.,2026-01-08 07:25:42,2026-01-08 19:08:42,L02209,C00280,PERSON,P02648,SRC010,EV02336,0.92,2026-08-26 23:39:24
E00631,TRAVEL,Event 00631,Magni illum incidunt error odit aperiam nobis explicabo temporibus.,2025-05-09 10:21:45,2025-05-09 21:26:45,L00853,,PERSON,P03313,SRC007,EV01891,0.83,2025-01-23 04:02:46
E00632,TRANSACTION,Event 00632,Synthetic transaction event record describing an observed investigative activity. It is intended for temporal and graph-analysis testing.,2024-10-20 11:33:10,2024-10-20 15:35:10,L00025,,PERSON,P01737,SRC016,EV04266,0.92,2026-01-20 17:39:07
E00633,TRANSACTION,Event 00633,Synthetic transaction event record describing an observed investigative activity. It is intended for temporal and graph-analysis testing.,2024-02-10 17:54:12,2024-02-10 18:25:12,L00083,,PERSON,P01883,SRC010,EV02838,0.78,2024-11-16 08:39:00
E00634,TRANSACTION,Event 00634,Explicabo nemo delectus earum illum repellendus corrupti pariatur error corporis voluptatibus laudantium at.,2025-10-13 15:59:27,2025-10-13 22:30:27,L00270,,PERSON,P03086,SRC026,EV00970,0.9,2024-05-21 14:31:58
E00635,TRAVEL,Event 00635,Synthetic travel event record describing an observed investigative activity. It is intended for temporal and graph-analysis testing.,2024-03-26 00:53:51,2024-03-26 05:56:51,L00935,,PERSON,P00094,SRC021,EV01449,0.72,2026-02-25 14:22:15
E00636,MEETING,Event 00636,Synthetic meeting event record describing an observed investigative activity. It is intended for temporal and graph-analysis testing.,2025-05-07 14:15:24,2025-05-07 23:04:24,L01201,,PERSON,P02375,SRC022,EV01613,0.9,2025-11-24 19:41:05
E00637,MEETING,Event 00637,Ullam asperiores recusandae saepe veritatis dicta cumque nostrum.,2025-04-14 07:28:47,2025-04-14 16:18:47,L02308,C00626,PERSON,P03655,SRC024,EV00030,0.87,2024-07-20 07:33:19
E00638,CRIME,Event 00638,Synthetic crime event record describing an observed investigative activity. It is intended for temporal and graph-analysis testing.,2025-07-25 08:31:46,2025-07-25 18:08:46,L00173,,PERSON,P02441,SRC023,EV00617,0.81,2024-02-09 21:39:56
E00639,SURVEILLANCE,Event 00639,Synthetic surveillance event record describing an observed investigative activity. It is intended for temporal and graph-analysis testing.,2025-05-23 17:10:46,2025-05-24 03:45:46,L00699,C00178,PERSON,P00167,SRC003,EV04998,0.87,2026-03-25 22:41:49
E00640,TRAVEL,Event 00640,Synthetic travel event record describing an observed investigative activity. It is intended for temporal and graph-analysis testing.,2026-04-17 16:32:00,2026-04-18 01:00:00,L00418,C01137,PERSON,P00198,SRC020,EV03077,0.9,2025-10-16 19:35:13
E00641,TRANSACTION,Event 00641,Synthetic transaction event record describing an observed investigative activity. It is intended for temporal and graph-analysis testing.,2024-06-11 23:59:14,2024-06-12 06:15:14,L00010,,PERSON,P03990,SRC029,EV03342,0.78,2026-04-06 23:23:44
E00642,TRANSACTION,Event 00642,Synthetic transaction event record describing an observed investigative activity. It is intended for temporal and graph-analysis testing.,2024-02-20 00:40:20,2024-02-20 06:06:20,L02492,,PERSON,P01153,SRC029,EV02938,0.97,2025-12-15 19:05:03
E00643,CRIME,Event 00643,Repellat quis consequatur occaecati voluptatem occaecati laboriosam ut repellendus velit.,2025-07-30 09:33:06,2025-07-30 11:44:06,L02091,C00409,PERSON,P01578,SRC004,EV04778,0.8,2026-01-19 23:57:18
E00644,SURVEILLANCE,Event 00644,Enim eius nam illum maiores nisi molestias perspiciatis nostrum cumque voluptatum accusantium quod.,2026-03-21 19:57:54,2026-03-22 04:58:54,L01400,C00299,PERSON,P01104,SRC030,EV03093,0.72,2026-06-23 17:36:25
E00645,TRAVEL,Event 00645,Synthetic travel event record describing an observed investigative activity. It is intended for temporal and graph-analysis testing.,2025-06-17 07:12:48,2025-06-17 10:16:48,L00607,,PERSON,P01803,SRC006,EV03881,0.94,2025-10-05 19:07:17
E00646,INCIDENT,Event 00646,Explicabo unde atque rem expedita provident inventore at hic.,2025-10-18 05:29:58,2025-10-18 16:25:58,L00516,C01135,PERSON,P03575,SRC005,EV03334,0.98,2024-11-13 02:52:22
E00647,TRANSACTION,Event 00647,Aperiam aliquam tenetur odio adipisci cumque perspiciatis inventore ab.,2024-09-24 04:46:40,2024-09-24 06:56:40,L01445,C00227,PERSON,P03901,SRC007,EV04609,0.97,2025-10-05 19:35:39
E00648,TRANSACTION,Event 00648,Impedit quibusdam maxime amet illum reprehenderit eius incidunt ad non sed fuga reiciendis ea temporibus.,2025-09-25 13:54:37,2025-09-25 21:36:37,L01261,,PERSON,P02583,SRC030,EV00672,0.86,2026-07-29 09:44:58
E00649,SURVEILLANCE,Event 00649,Synthetic surveillance event record describing an observed investigative activity. It is intended for temporal and graph-analysis testing.,2025-06-10 05:01:28,2025-06-10 14:33:28,L01005,C00686,PERSON,P02356,SRC007,EV02649,0.71,2024-11-11 20:22:44
E00650,INCIDENT,Event 00650,Minus sequi qui consequuntur veritatis dignissimos repellat odit ipsam voluptatum nostrum velit molestias pariatur alias.,2024-07-13 21:18:44,2024-07-14 04:32:44,L01839,,PERSON,P00178,SRC015,EV03103,0.86,2025-04-02 08:22:27
E00651,INCIDENT,Event 00651,Synthetic incident event record describing an observed investigative activity. It is intended for temporal and graph-analysis testing.,2024-07-22 21:15:13,2024-07-22 21:29:13,L01885,,PERSON,P03599,SRC010,EV03687,0.83,2024-04-23 13:16:57
E00652,CRIME,Event 00652,Tempore natus est quis deserunt qui aliquam quis culpa error magnam saepe dignissimos impedit distinctio.,2025-05-20 13:33:24,2025-05-20 21:47:24,L02260,C00280,PERSON,P00172,SRC030,EV03071,0.9,2024-06-21 12:29:23
E00653,MEETING,Event 00653,Synthetic meeting event record describing an observed investigative activity. It is intended for temporal and graph-analysis testing.,2024-11-20 17:43:56,2024-11-21 00:05:56,L01402,C00852,PERSON,P02370,SRC010,EV01897,0.88,2025-03-01 15:23:17
E00654,MEETING,Event 00654,Labore corporis animi quo officiis odio excepturi quisquam voluptatum veniam temporibus iste neque id nostrum saepe.,2026-02-05 13:44:53,2026-02-05 19:06:53,L00704,C00419,PERSON,P00129,SRC026,EV01085,0.97,2025-06-01 18:34:34
E00655,MEETING,Event 00655,Synthetic meeting event record describing an observed investigative activity. It is intended for temporal and graph-analysis testing.,2024-11-03 02:43:42,2024-11-03 05:06:42,L01383,C00044,PERSON,P03649,SRC003,EV00779,0.81,2025-03-12 18:39:19
E00656,MEETING,Event 00656,Synthetic meeting event record describing an observed investigative activity. It is intended for temporal and graph-analysis testing.,2025-11-21 05:40:41,2025-11-21 06:03:41,L00159,,PERSON,P02733,SRC006,EV03905,0.88,2024-02-03 07:25:32
E00657,TRANSACTION,Event 00657,Synthetic transaction event record describing an observed investigative activity. It is intended for temporal and graph-analysis testing.,2025-04-15 22:42:35,2025-04-16 04:16:35,L02121,C00383,PERSON,P02752,SRC003,EV00778,0.79,2025-01-09 11:36:49
E00658,MEETING,Event 00658,Synthetic meeting event record describing an observed investigative activity. It is intended for temporal and graph-analysis testing.,2025-03-12 05:01:25,2025-03-12 13:42:25,L00001,C00717,PERSON,P01984,SRC014,EV01005,0.76,2024-11-06 13:11:10
E00659,TRAVEL,Event 00659,Dignissimos earum animi tempore sunt reprehenderit corrupti perspiciatis expedita.,2024-04-16 05:05:10,2024-04-16 07:38:10,L02041,C00781,PERSON,P03028,SRC022,EV01402,0.85,2026-07-19 18:19:25
E00660,CRIME,Event 00660,Qui aliquid nihil aut ut tempore consequatur recusandae perspiciatis quibusdam.,2025-04-17 10:20:33,2025-04-17 12:18:33,L02474,C00063,PERSON,P03589,SRC003,EV01519,0.97,2024-05-02 06:05:52
E00661,ARREST,Event 00661,Synthetic arrest event record describing an observed investigative activity. It is intended for temporal and graph-analysis testing.,2025-06-30 13:03:38,2025-06-30 14:38:38,L02024,,PERSON,P03991,SRC008,EV03053,0.97,2026-06-23 11:58:15
E00662,SURVEILLANCE,Event 00662,Facilis quos maxime pariatur odit repudiandae deserunt veritatis ab.,2026-02-05 08:14:38,2026-02-05 08:54:38,L01923,,PERSON,P01134,SRC020,EV03301,0.92,2024-06-25 16:43:09
E00663,SURVEILLANCE,Event 00663,Synthetic surveillance event record describing an observed investigative activity. It is intended for temporal and graph-analysis testing.,2025-11-14 09:46:08,2025-11-14 17:00:08,L02341,,PERSON,P02286,SRC026,EV01452,0.72,2024-09-18 09:27:17
E00664,TRANSACTION,Event 00664,Synthetic transaction event record describing an observed investigative activity. It is intended for temporal and graph-analysis testing.,2024-01-15 14:12:59,2024-01-15 20:31:59,L01014,,PERSON,P01476,SRC005,EV03416,0.97,2024-01-04 12:52:27
E00665,TRANSACTION,Event 00665,Synthetic transaction event record describing an observed investigative activity. It is intended for temporal and graph-analysis testing.,2025-09-28 21:11:11,2025-09-28 21:23:11,L00229,C00373,PERSON,P03772,SRC018,EV00608,0.91,2026-07-30 00:26:11
E00666,SURVEILLANCE,Event 00666,Synthetic surveillance event record describing an observed investigative activity. It is intended for temporal and graph-analysis testing.,2024-11-16 05:33:45,2024-11-16 11:39:45,L01042,,PERSON,P00539,SRC016,EV02688,0.78,2026-07-05 11:51:16
E00667,TRAVEL,Event 00667,Quas quia unde molestias veniam corrupti perspiciatis cum iusto.,2026-04-06 04:56:46,2026-04-06 15:07:46,L01831,C01024,PERSON,P02920,SRC021,EV02525,0.7,2026-03-27 16:05:17
E00668,SURVEILLANCE,Event 00668,Odit earum quis distinctio quidem laborum quis quas perspiciatis beatae voluptates ullam libero.,2024-02-02 05:10:13,2024-02-02 15:11:13,L01956,C00522,PERSON,P02801,SRC026,EV00908,0.73,2025-04-10 18:10:41
E00669,ARREST,Event 00669,Synthetic arrest event record describing an observed investigative activity. It is intended for temporal and graph-analysis testing.,2026-01-31 00:02:03,2026-01-31 07:09:03,L01743,,PERSON,P02222,SRC026,EV04908,0.82,2025-08-18 05:26:38
E00670,TRANSACTION,Event 00670,Synthetic transaction event record describing an observed investigative activity. It is intended for temporal and graph-analysis testing.,2026-03-21 00:56:51,2026-03-21 01:47:51,L02206,C00194,PERSON,P00690,SRC028,EV01778,0.88,2025-01-04 03:52:40
E00671,TRANSACTION,Event 00671,Synthetic transaction event record describing an observed investigative activity. It is intended for temporal and graph-analysis testing.,2025-02-14 17:37:53,2025-02-14 20:49:53,L02102,,PERSON,P03990,SRC027,EV03299,0.97,2025-06-11 09:35:42
E00672,TRANSACTION,Event 00672,Synthetic transaction event record describing an observed investigative activity. It is intended for temporal and graph-analysis testing.,2024-03-21 13:03:45,2024-03-21 18:08:45,L01271,,PERSON,P03533,SRC027,EV03300,0.9,2025-06-19 23:55:45
E00673,TRAVEL,Event 00673,Synthetic travel event record describing an observed investigative activity. It is intended for temporal and graph-analysis testing.,2025-02-05 13:26:41,2025-02-05 20:01:41,L00521,C00585,PERSON,P02640,SRC028,EV02813,0.87,2026-06-10 21:01:52
E00674,MEETING,Event 00674,Synthetic meeting event record describing an observed investigative activity. It is intended for temporal and graph-analysis testing.,2025-08-16 10:54:34,2025-08-16 19:18:34,L00244,,PERSON,P03324,SRC017,EV03684,0.87,2025-04-25 04:28:14
E00675,MEETING,Event 00675,Architecto deserunt tempore repellendus hic et facilis aliquam aliquid eius iusto quo.,2026-03-11 14:59:16,2026-03-11 22:44:16,L00810,C00721,PERSON,P01690,SRC024,EV01883,0.9,2024-01-14 07:39:12
E00676,SURVEILLANCE,Event 00676,Nostrum quisquam commodi quisquam ad itaque qui occaecati consequuntur totam harum.,2024-11-19 03:39:55,2024-11-19 09:46:55,L02247,C01039,PERSON,P01706,SRC019,EV03974,0.94,2024-07-03 07:34:22
E00677,MEETING,Event 00677,Vel earum aut aut facilis enim mollitia.,2025-08-19 05:20:47,2025-08-19 13:45:47,L00010,C00106,PERSON,P03593,SRC015,EV00308,0.75,2025-07-12 09:12:54
E00678,TRANSACTION,Event 00678,Laborum veniam consequuntur officiis eius sit vel.,2024-05-15 14:16:32,2024-05-15 16:52:32,L00897,C01152,PERSON,P01432,SRC030,EV03171,0.74,2026-02-17 02:54:52
E00679,TRAVEL,Event 00679,Sed tempora ratione repellat magni tempora saepe ut.,2024-10-25 20:47:07,2024-10-26 01:13:07,L00269,,PERSON,P03900,SRC007,EV04873,0.85,2024-04-08 20:08:10
E00680,ARREST,Event 00680,Synthetic arrest event record describing an observed investigative activity. It is intended for temporal and graph-analysis testing.,2024-12-12 17:45:46,2024-12-12 19:05:46,L01379,C01095,PERSON,P03342,SRC016,EV04029,0.84,2024-05-19 01:09:47
E00681,CRIME,Event 00681,Synthetic crime event record describing an observed investigative activity. It is intended for temporal and graph-analysis testing.,2026-08-19 22:09:32,2026-08-20 04:57:32,L00945,,PERSON,P01359,SRC009,EV01146,0.76,2025-08-08 10:01:38
E00682,TRAVEL,Event 00682,Corporis assumenda veniam minus nemo corrupti et accusantium vero.,2026-07-31 08:56:41,2026-07-31 11:03:41,L01994,C01068,PERSON,P02378,SRC012,EV01287,0.8,2026-06-02 19:49:17
E00683,TRANSACTION,Event 00683,Synthetic transaction event record describing an observed investigative activity. It is intended for temporal and graph-analysis testing.,2026-08-04 11:58:26,2026-08-04 23:09:26,L01730,,PERSON,P00005,SRC019,EV00947,0.93,2024-10-22 21:49:27
E00684,SURVEILLANCE,Event 00684,Synthetic surveillance event record describing an observed investigative activity. It is intended for temporal and graph-analysis testing.,2025-11-28 12:16:38,2025-11-28 18:16:38,L00877,C00154,PERSON,P02016,SRC023,EV00942,0.96,2024-06-29 19:55:14
E00685,MEETING,Event 00685,Synthetic meeting event record describing an observed investigative activity. It is intended for temporal and graph-analysis testing.,2025-06-19 19:40:59,2025-06-19 21:57:59,L00768,C00941,PERSON,P00561,SRC029,EV03233,0.93,2026-08-20 16:54:31
E00686,ARREST,Event 00686,Synthetic arrest event record describing an observed investigative activity. It is intended for temporal and graph-analysis testing.,2026-06-03 04:39:39,2026-06-03 14:53:39,L00637,C00410,PERSON,P03461,SRC022,EV03559,0.76,2025-01-15 14:09:40
E00687,MEETING,Event 00687,At voluptates aliquid asperiores nam optio quas.,2025-02-07 20:02:44,2025-02-07 23:08:44,L00851,C00562,PERSON,P02007,SRC007,EV04809,0.82,2026-03-28 22:23:28
E00688,INCIDENT,Event 00688,Ducimus delectus omnis fuga expedita dicta inventore.,2024-12-29 18:22:10,2024-12-30 00:58:10,L00569,C00272,PERSON,P03011,SRC023,EV02871,0.71,2024-07-06 01:29:33
E00689,CRIME,Event 00689,Labore expedita quo officiis eum quibusdam officiis minima reprehenderit iste consequatur laborum optio.,2026-02-13 06:29:26,2026-02-13 15:02:26,L00433,,PERSON,P03485,SRC002,EV00454,0.77,2026-05-06 05:12:15
E00690,CRIME,Event 00690,Synthetic crime event record describing an observed investigative activity. It is intended for temporal and graph-analysis testing.,2024-04-12 06:41:45,2024-04-12 16:38:45,L00908,,PERSON,P00582,SRC016,EV02319,0.93,2024-02-23 21:09:30
E00691,SURVEILLANCE,Event 00691,Synthetic surveillance event record describing an observed investigative activity. It is intended for temporal and graph-analysis testing.,2024-07-24 21:43:53,2024-07-24 21:57:53,L01150,C00259,PERSON,P00335,SRC018,EV03265,0.77,2025-05-28 09:51:07
E00692,INCIDENT,Event 00692,Synthetic incident event record describing an observed investigative activity. It is intended for temporal and graph-analysis testing.,2025-02-24 21:26:34,2025-02-25 00:53:34,L01680,C00845,PERSON,P02884,SRC021,EV02825,0.81,2024-08-17 22:13:21
E00693,MEETING,Event 00693,Synthetic meeting event record describing an observed investigative activity. It is intended for temporal and graph-analysis testing.,2025-07-20 19:25:57,2025-07-21 06:30:57,L01518,C01106,PERSON,P00750,SRC011,EV02888,0.77,2024-03-13 01:55:38
E00694,TRANSACTION,Event 00694,Synthetic transaction event record describing an observed investigative activity. It is intended for temporal and graph-analysis testing.,2026-07-02 13:42:00,2026-07-03 01:20:00,L00999,,PERSON,P01985,SRC001,EV04957,0.75,2026-01-13 13:25:06
E00695,INCIDENT,Event 00695,Synthetic incident event record describing an observed investigative activity. It is intended for temporal and graph-analysis testing.,2024-05-29 10:17:02,2024-05-29 20:00:02,L00428,C00867,PERSON,P03850,SRC016,EV02675,0.88,2026-07-17 19:52:26
E00696,SURVEILLANCE,Event 00696,Sapiente labore incidunt quod quisquam alias in tempore.,2026-08-14 07:15:27,2026-08-14 16:38:27,L01675,C00731,PERSON,P03471,SRC016,EV00211,0.73,2024-12-19 02:49:14
E00697,INCIDENT,Event 00697,Synthetic incident event record describing an observed investigative activity. It is intended for temporal and graph-analysis testing.,2025-09-05 06:46:21,2025-09-05 07:54:21,L00811,C00924,PERSON,P00312,SRC030,EV00440,0.85,2024-02-19 00:24:36
E00698,SURVEILLANCE,Event 00698,Synthetic surveillance event record describing an observed investigative activity. It is intended for temporal and graph-analysis testing.,2024-06-24 22:45:59,2024-06-25 08:53:59,L01251,,PERSON,P03805,SRC018,EV03973,0.89,2026-08-21 18:00:57
E00699,TRANSACTION,Event 00699,Synthetic transaction event record describing an observed investigative activity. It is intended for temporal and graph-analysis testing.,2025-07-30 07:24:39,2025-07-30 19:18:39,L00813,C00278,PERSON,P03701,SRC012,EV02072,0.82,2025-01-18 06:30:33
E00700,CRIME,Event 00700,Synthetic crime event record describing an observed investigative activity. It is intended for temporal and graph-analysis testing.,2024-12-19 03:12:04,2024-12-19 06:59:04,L00608,C01031,PERSON,P00006,SRC030,EV02231,0.7,2024-03-13 11:33:29
E00701,INCIDENT,Event 00701,Synthetic incident event record describing an observed investigative activity. It is intended for temporal and graph-analysis testing.,2026-08-17 00:26:05,2026-08-17 03:31:05,L01636,,PERSON,P03861,SRC023,EV03955,0.95,2026-02-19 03:06:05
E00702,CRIME,Event 00702,Fuga non molestias non itaque voluptatum illo inventore nostrum modi maxime corrupti vel iusto vel.,2025-10-21 02:37:33,2025-10-21 05:40:33,L01741,C00344,PERSON,P02851,SRC020,EV01215,0.87,2024-05-23 10:35:35
E00703,SURVEILLANCE,Event 00703,Synthetic surveillance event record describing an observed investigative activity. It is intended for temporal and graph-analysis testing.,2026-05-01 23:21:50,2026-05-02 01:48:50,L01529,,PERSON,P02783,SRC003,EV03046,0.71,2025-04-19 00:17:11
E00704,TRANSACTION,Event 00704,Synthetic transaction event record describing an observed investigative activity. It is intended for temporal and graph-analysis testing.,2024-12-04 18:53:28,2024-12-05 01:13:28,L01578,C00257,PERSON,P01168,SRC024,EV03782,0.81,2025-07-03 10:36:17
E00705,ARREST,Event 00705,Synthetic arrest event record describing an observed investigative activity. It is intended for temporal and graph-analysis testing.,2024-04-08 15:46:08,2024-04-08 22:26:08,L01258,C01047,PERSON,P02854,SRC004,EV01690,0.84,2025-07-11 00:30:06
E00706,TRANSACTION,Event 00706,Synthetic transaction event record describing an observed investigative activity. It is intended for temporal and graph-analysis testing.,2025-12-27 20:28:37,2025-12-28 03:26:37,L02389,,PERSON,P01036,SRC026,EV00320,0.94,2024-11-30 21:01:27
E00707,SURVEILLANCE,Event 00707,Synthetic surveillance event record describing an observed investigative activity. It is intended for temporal and graph-analysis testing.,2024-03-29 18:21:46,2024-03-29 23:32:46,L02383,C01138,PERSON,P01739,SRC006,EV02431,0.82,2026-06-07 19:47:29
E00708,INCIDENT,Event 00708,Omnis voluptatum voluptates accusamus molestiae quos autem voluptatibus deleniti nobis natus aut quis.,2025-11-09 01:47:13,2025-11-09 03:03:13,L00566,,PERSON,P03419,SRC010,EV00487,0.71,2024-11-29 09:55:06
E00709,MEETING,Event 00709,Synthetic meeting event record describing an observed investigative activity. It is intended for temporal and graph-analysis testing.,2024-06-19 02:56:40,2024-06-19 13:27:40,L01331,,PERSON,P02270,SRC030,EV01131,0.81,2024-01-27 13:48:24
E00710,TRAVEL,Event 00710,Aliquid libero quam nihil id iste porro eos amet minima commodi.,2025-10-13 20:00:27,2025-10-14 03:17:27,L00502,C00573,PERSON,P03236,SRC008,EV02433,0.89,2024-12-27 15:06:21
E00711,TRAVEL,Event 00711,Optio cumque atque ratione quasi porro perspiciatis consequuntur eius molestias sed.,2025-07-22 23:51:46,2025-07-23 08:42:46,L01478,C01164,PERSON,P00453,SRC001,EV01632,0.88,2024-12-17 12:15:21
E00712,TRAVEL,Event 00712,Synthetic travel event record describing an observed investigative activity. It is intended for temporal and graph-analysis testing.,2024-11-24 03:53:51,2024-11-24 08:41:51,L00098,C01116,PERSON,P00685,SRC024,EV04775,0.89,2025-02-13 01:27:43
E00713,TRANSACTION,Event 00713,At sed numquam aliquam culpa aperiam porro voluptatum repudiandae mollitia sapiente commodi vero deserunt excepturi temporibus.,2024-02-15 08:12:19,2024-02-15 11:53:19,L02435,,PERSON,P00523,SRC024,EV04879,0.73,2024-02-29 08:12:22
E00714,ARREST,Event 00714,Synthetic arrest event record describing an observed investigative activity. It is intended for temporal and graph-analysis testing.,2024-01-30 22:46:39,2024-01-31 00:07:39,L01621,C00282,PERSON,P00503,SRC019,EV02874,0.89,2025-11-07 15:49:37
E00715,CRIME,Event 00715,Synthetic crime event record describing an observed investigative activity. It is intended for temporal and graph-analysis testing.,2024-05-05 22:54:28,2024-05-06 00:46:28,L00454,,PERSON,P02530,SRC013,EV04441,0.7,2025-06-16 03:21:48
E00716,TRAVEL,Event 00716,Laborum sunt eaque explicabo velit perspiciatis ipsa rem autem nulla.,2025-03-16 02:57:09,2025-03-16 11:55:09,L01081,C00631,PERSON,P00113,SRC003,EV00868,0.92,2024-04-22 11:57:25
E00717,CRIME,Event 00717,Synthetic crime event record describing an observed investigative activity. It is intended for temporal and graph-analysis testing.,2025-01-04 22:08:01,2025-01-05 02:37:01,L02279,C00354,PERSON,P00670,SRC022,EV00043,0.78,2025-11-02 17:17:42
E00718,INCIDENT,Event 00718,Synthetic incident event record describing an observed investigative activity. It is intended for temporal and graph-analysis testing.,2024-09-12 10:30:08,2024-09-12 19:03:08,L00163,,PERSON,P00015,SRC013,EV04034,0.89,2024-04-10 10:45:10
E00719,MEETING,Event 00719,Synthetic meeting event record describing an observed investigative activity. It is intended for temporal and graph-analysis testing.,2025-05-11 01:27:51,2025-05-11 12:10:51,L00991,C00697,PERSON,P03011,SRC015,EV03606,0.86,2026-08-04 11:10:56
E00720,INCIDENT,Event 00720,Synthetic incident event record describing an observed investigative activity. It is intended for temporal and graph-analysis testing.,2025-02-09 12:04:44,2025-02-09 20:48:44,L01009,C00392,PERSON,P00081,SRC014,EV00015,0.77,2026-07-09 21:45:48
E00721,INCIDENT,Event 00721,Suscipit quos officia pariatur facere ipsa nulla magni consectetur.,2026-03-28 11:05:57,2026-03-28 14:16:57,L00324,,PERSON,P01981,SRC020,EV04348,0.93,2026-03-09 09:30:31
E00722,CRIME,Event 00722,Synthetic crime event record describing an observed investigative activity. It is intended for temporal and graph-analysis testing.,2024-06-21 04:35:17,2024-06-21 05:07:17,L00763,C00266,PERSON,P02539,SRC029,EV02854,0.78,2026-02-19 05:26:50
E00723,ARREST,Event 00723,Synthetic arrest event record describing an observed investigative activity. It is intended for temporal and graph-analysis testing.,2024-08-02 04:37:49,2024-08-02 11:02:49,L00878,C00403,PERSON,P01703,SRC024,EV01380,0.88,2024-01-10 19:50:48
E00724,TRAVEL,Event 00724,Synthetic travel event record describing an observed investigative activity. It is intended for temporal and graph-analysis testing.,2026-02-06 03:20:48,2026-02-06 14:03:48,L00681,,PERSON,P00806,SRC023,EV03081,0.81,2025-08-16 02:15:31
E00725,SURVEILLANCE,Event 00725,Nam eius fuga sint qui quia impedit aperiam facilis excepturi veniam quis quos.,2026-08-04 07:59:51,2026-08-04 11:42:51,L01921,C00245,PERSON,P02019,SRC009,EV00453,0.96,2026-06-11 23:55:20
E00726,TRAVEL,Event 00726,Synthetic travel event record describing an observed investigative activity. It is intended for temporal and graph-analysis testing.,2025-11-19 21:27:59,2025-11-20 06:10:59,L00161,,PERSON,P01393,SRC018,EV02021,0.97,2024-09-09 15:17:00
E00727,SURVEILLANCE,Event 00727,Numquam sequi dignissimos illum labore accusantium omnis sed tenetur hic minima quam error.,2025-02-04 21:45:49,2025-02-04 23:51:49,L01074,C00745,PERSON,P01190,SRC025,EV03500,0.71,2025-06-08 22:33:20
E00728,SURVEILLANCE,Event 00728,Labore consectetur distinctio repellendus at explicabo distinctio quibusdam rerum.,2025-01-19 19:15:53,2025-01-20 00:56:53,L00076,C00280,PERSON,P01469,SRC026,EV01776,0.84,2026-02-05 06:03:12
E00729,INCIDENT,Event 00729,Synthetic incident event record describing an observed investigative activity. It is intended for temporal and graph-analysis testing.,2024-12-22 19:31:09,2024-12-23 04:00:09,L00181,C00490,PERSON,P02468,SRC029,EV01784,0.91,2025-01-03 13:10:31
E00730,SURVEILLANCE,Event 00730,Synthetic surveillance event record describing an observed investigative activity. It is intended for temporal and graph-analysis testing.,2026-01-29 06:52:02,2026-01-29 07:32:02,L01295,C00798,PERSON,P00140,SRC006,EV01528,0.97,2026-01-23 02:48:12
E00731,MEETING,Event 00731,Possimus eius quam nisi aliquid hic velit architecto.,2024-01-25 19:14:18,2024-01-26 03:36:18,L00796,,PERSON,P03329,SRC028,EV02930,0.87,2025-07-16 21:57:59
E00732,TRAVEL,Event 00732,Synthetic travel event record describing an observed investigative activity. It is intended for temporal and graph-analysis testing.,2024-08-03 00:35:32,2024-08-03 05:13:32,L01656,C00799,PERSON,P01898,SRC022,EV04520,0.87,2024-01-05 05:17:54
E00733,CRIME,Event 00733,Synthetic crime event record describing an observed investigative activity. It is intended for temporal and graph-analysis testing.,2025-01-11 06:26:04,2025-01-11 10:37:04,L01077,,PERSON,P03295,SRC018,EV00821,0.89,2024-03-26 00:15:50
E00734,SURVEILLANCE,Event 00734,Synthetic surveillance event record describing an observed investigative activity. It is intended for temporal and graph-analysis testing.,2024-06-28 01:10:02,2024-06-28 02:04:02,L00517,C00435,PERSON,P02460,SRC004,EV01569,0.83,2026-03-27 21:18:47
E00735,SURVEILLANCE,Event 00735,Synthetic surveillance event record describing an observed investigative activity. It is intended for temporal and graph-analysis testing.,2026-06-05 23:01:23,2026-06-05 23:12:23,L02048,C01167,PERSON,P00160,SRC004,EV03557,0.98,2024-02-28 05:24:45
E00736,ARREST,Event 00736,Alias inventore quis natus quisquam ratione aut nihil placeat tenetur.,2024-03-07 09:39:30,2024-03-07 18:46:30,L01209,,PERSON,P02889,SRC018,EV00409,0.97,2024-08-27 19:24:39
E00737,INCIDENT,Event 00737,Synthetic incident event record describing an observed investigative activity. It is intended for temporal and graph-analysis testing.,2026-02-27 05:53:53,2026-02-27 16:32:53,L00082,,PERSON,P03794,SRC025,EV00710,0.93,2024-10-14 10:13:59
E00738,MEETING,Event 00738,Synthetic meeting event record describing an observed investigative activity. It is intended for temporal and graph-analysis testing.,2024-02-18 05:07:50,2024-02-18 11:30:50,L00179,C00180,PERSON,P00207,SRC013,EV00649,0.91,2026-05-22 07:03:40
E00739,MEETING,Event 00739,Synthetic meeting event record describing an observed investigative activity. It is intended for temporal and graph-analysis testing.,2025-01-24 15:07:23,2025-01-24 15:29:23,L02136,C00994,PERSON,P01720,SRC030,EV00412,0.78,2025-06-28 09:35:32
E00740,TRANSACTION,Event 00740,Synthetic transaction event record describing an observed investigative activity. It is intended for temporal and graph-analysis testing.,2025-04-07 01:04:02,2025-04-07 03:09:02,L02373,C00284,PERSON,P01292,SRC024,EV02371,0.88,2024-02-25 13:07:59
E00741,CRIME,Event 00741,Sint ea eum voluptate porro placeat itaque atque harum inventore repellendus.,2024-01-26 05:32:26,2024-01-26 11:50:26,L00975,C00711,PERSON,P00788,SRC003,EV01295,0.92,2025-09-09 02:09:54
E00742,INCIDENT,Event 00742,Synthetic incident event record describing an observed investigative activity. It is intended for temporal and graph-analysis testing.,2025-03-16 02:38:46,2025-03-16 05:04:46,L00294,C00344,PERSON,P03344,SRC005,EV02943,0.95,2025-11-19 19:15:09
E00743,MEETING,Event 00743,Eligendi soluta est rerum iure corporis ratione reprehenderit deserunt modi esse.,2024-10-19 19:44:10,2024-10-20 07:26:10,L01279,,PERSON,P02213,SRC022,EV00236,0.93,2024-12-18 19:14:58
E00744,ARREST,Event 00744,Minima delectus nisi delectus corporis debitis ullam.,2024-05-10 00:43:08,2024-05-10 11:06:08,L02232,,PERSON,P01162,SRC028,EV01305,0.92,2026-07-25 21:17:51
E00745,TRANSACTION,Event 00745,Ducimus rerum consectetur eaque assumenda explicabo adipisci cupiditate iure et.,2024-05-03 06:44:36,2024-05-03 13:05:36,L02483,C00025,PERSON,P01890,SRC011,EV03516,0.79,2024-07-28 01:55:25
E00746,ARREST,Event 00746,Ducimus cum accusantium veritatis id odit accusamus cum beatae natus voluptatum quisquam expedita.,2026-05-22 17:48:23,2026-05-23 05:36:23,L01633,C00648,PERSON,P03616,SRC002,EV03868,0.73,2025-07-09 11:07:40
E00747,CRIME,Event 00747,Synthetic crime event record describing an observed investigative activity. It is intended for temporal and graph-analysis testing.,2024-08-25 21:01:34,2024-08-26 04:06:34,L00170,C00031,PERSON,P03709,SRC026,EV04296,0.95,2024-09-06 17:42:31
E00748,ARREST,Event 00748,Synthetic arrest event record describing an observed investigative activity. It is intended for temporal and graph-analysis testing.,2025-12-01 05:57:22,2025-12-01 12:55:22,L00207,C00038,PERSON,P00466,SRC022,EV04564,0.79,2024-04-15 17:17:19
E00749,ARREST,Event 00749,Synthetic arrest event record describing an observed investigative activity. It is intended for temporal and graph-analysis testing.,2024-06-08 22:30:31,2024-06-08 23:53:31,L00139,C00807,PERSON,P01527,SRC001,EV03283,0.83,2024-02-06 04:58:07
E00750,ARREST,Event 00750,Synthetic arrest event record describing an observed investigative activity. It is intended for temporal and graph-analysis testing.,2026-06-29 14:22:38,2026-06-29 18:03:38,L02316,C00534,PERSON,P03876,SRC022,EV01959,0.8,2025-11-06 03:59:04
E00751,MEETING,Event 00751,Synthetic meeting event record describing an observed investigative activity. It is intended for temporal and graph-analysis testing.,2025-09-01 17:29:44,2025-09-02 03:46:44,L01599,C00343,PERSON,P03000,SRC003,EV04673,0.85,2024-01-24 20:09:38
E00752,ARREST,Event 00752,Error velit repudiandae voluptatibus incidunt sit accusantium.,2025-08-30 00:34:46,2025-08-30 11:28:46,L00965,C00677,PERSON,P03894,SRC005,EV01499,0.78,2026-01-09 02:28:21
E00753,ARREST,Event 00753,Quo explicabo molestiae vero necessitatibus nemo explicabo laborum molestias accusamus dicta aut.,2026-03-25 15:32:03,2026-03-25 19:52:03,L02296,C00816,PERSON,P03936,SRC011,EV01272,0.76,2025-01-17 02:10:39
E00754,CRIME,Event 00754,Synthetic crime event record describing an observed investigative activity. It is intended for temporal and graph-analysis testing.,2024-10-01 23:13:56,2024-10-02 03:25:56,L00953,,PERSON,P00454,SRC025,EV01325,0.96,2025-12-17 06:56:11
E00755,TRAVEL,Event 00755,Eius esse delectus expedita ad laborum consequuntur nobis adipisci ut possimus ipsam nostrum ducimus.,2026-06-30 18:00:58,2026-06-30 19:16:58,L02270,,PERSON,P03215,SRC011,EV00042,0.84,2025-05-29 21:14:26
E00756,ARREST,Event 00756,Synthetic arrest event record describing an observed investigative activity. It is intended for temporal and graph-analysis testing.,2025-01-19 20:11:39,2025-01-20 03:50:39,L00753,C00710,PERSON,P00216,SRC022,EV04975,0.74,2025-09-22 04:30:15
E00757,TRAVEL,Event 00757,Synthetic travel event record describing an observed investigative activity. It is intended for temporal and graph-analysis testing.,2024-10-12 04:38:40,2024-10-12 10:19:40,L01954,,PERSON,P01166,SRC011,EV01888,0.76,2025-06-04 07:01:35
E00758,SURVEILLANCE,Event 00758,Synthetic surveillance event record describing an observed investigative activity. It is intended for temporal and graph-analysis testing.,2026-04-26 02:54:47,2026-04-26 05:39:47,L00037,,PERSON,P00483,SRC012,EV02455,0.96,2024-07-05 07:49:06
E00759,ARREST,Event 00759,Synthetic arrest event record describing an observed investigative activity. It is intended for temporal and graph-analysis testing.,2026-04-06 17:19:18,2026-04-07 01:59:18,L01261,,PERSON,P03466,SRC015,EV03665,0.8,2025-09-01 11:12:51
E00760,CRIME,Event 00760,Synthetic crime event record describing an observed investigative activity. It is intended for temporal and graph-analysis testing.,2026-01-05 05:31:29,2026-01-05 07:39:29,L02344,C00116,PERSON,P03844,SRC018,EV01191,0.88,2026-07-23 15:53:13
E00761,TRANSACTION,Event 00761,Synthetic transaction event record describing an observed investigative activity. It is intended for temporal and graph-analysis testing.,2026-06-26 19:49:50,2026-06-26 20:24:50,L00219,C01109,PERSON,P02539,SRC002,EV04660,0.91,2026-06-29 09:05:23
E00762,TRANSACTION,Event 00762,Synthetic transaction event record describing an observed investigative activity. It is intended for temporal and graph-analysis testing.,2024-11-11 02:00:32,2024-11-11 03:36:32,L01762,C00407,PERSON,P01085,SRC017,EV00281,0.82,2024-02-24 13:24:13
E00763,TRAVEL,Event 00763,Synthetic travel event record describing an observed investigative activity. It is intended for temporal and graph-analysis testing.,2025-10-14 16:35:13,2025-10-14 23:14:13,L00125,C01150,PERSON,P02587,SRC009,EV00226,0.76,2025-06-16 10:15:57
E00764,TRAVEL,Event 00764,Ea quas provident quibusdam deleniti voluptatum architecto repellat vitae distinctio magni placeat nam nostrum.,2024-06-26 15:44:04,2024-06-26 23:41:04,L00990,C01009,PERSON,P00284,SRC014,EV03963,0.84,2026-07-30 21:31:20
E00765,TRAVEL,Event 00765,Quidem aut ratione repudiandae veritatis velit rem earum.,2024-11-14 03:18:11,2024-11-14 10:46:11,L00462,,PERSON,P02991,SRC012,EV04327,0.73,2025-03-22 00:32:03
E00766,SURVEILLANCE,Event 00766,Synthetic surveillance event record describing an observed investigative activity. It is intended for temporal and graph-analysis testing.,2025-10-15 11:28:15,2025-10-15 23:19:15,L01796,C00071,PERSON,P00533,SRC021,EV00967,0.94,2024-02-07 17:18:38
E00767,TRAVEL,Event 00767,Ipsam fuga libero ut minus rerum harum maiores enim quam nihil inventore quasi iure numquam.,2024-01-10 05:56:54,2024-01-10 13:21:54,L01353,C00019,PERSON,P02060,SRC022,EV02325,0.86,2024-10-03 02:00:44
E00768,INCIDENT,Event 00768,Pariatur amet ducimus fugiat fugiat expedita placeat.,2025-06-07 13:05:08,2025-06-07 21:02:08,L02165,C00407,PERSON,P00003,SRC022,EV00664,0.85,2026-04-09 04:23:13
E00769,INCIDENT,Event 00769,Debitis ratione eum quia reiciendis ullam amet.,2025-12-31 12:48:49,2025-12-31 22:22:49,L01043,C00135,PERSON,P01982,SRC026,EV02767,0.93,2024-12-01 02:10:53
E00770,TRAVEL,Event 00770,Alias tempore nostrum perferendis vero accusamus autem voluptatem laboriosam minus minima minima eaque nihil laudantium sunt.,2024-01-13 20:11:48,2024-01-13 23:02:48,L00872,C00643,PERSON,P02855,SRC027,EV01604,0.82,2024-10-22 17:14:14
E00771,TRANSACTION,Event 00771,Synthetic transaction event record describing an observed investigative activity. It is intended for temporal and graph-analysis testing.,2024-10-25 12:55:03,2024-10-25 13:29:03,L00382,,PERSON,P03762,SRC001,EV04925,0.84,2024-11-05 07:32:11
E00772,ARREST,Event 00772,Synthetic arrest event record describing an observed investigative activity. It is intended for temporal and graph-analysis testing.,2026-08-24 20:51:09,2026-08-24 23:09:09,L00433,C00385,PERSON,P03860,SRC006,EV03142,0.8,2025-08-05 02:28:26
E00773,SURVEILLANCE,Event 00773,Sequi optio repellat accusantium dicta iste eius quisquam numquam labore.,2025-10-24 11:05:51,2025-10-24 16:57:51,L00743,C00623,PERSON,P02178,SRC026,EV04303,0.71,2025-12-06 06:51:47
E00774,TRAVEL,Event 00774,Sunt vero vitae totam quasi eius veniam rem labore perferendis.,2024-01-07 23:08:31,2024-01-08 06:36:31,L01815,,PERSON,P02356,SRC009,EV04627,0.76,2025-09-10 11:51:26
E00775,MEETING,Event 00775,Synthetic meeting event record describing an observed investigative activity. It is intended for temporal and graph-analysis testing.,2024-02-08 22:05:54,2024-02-09 02:00:54,L01775,,PERSON,P00870,SRC003,EV00614,0.75,2026-01-24 00:41:20
E00776,ARREST,Event 00776,Synthetic arrest event record describing an observed investigative activity. It is intended for temporal and graph-analysis testing.,2024-12-12 03:42:28,2024-12-12 08:47:28,L01256,,PERSON,P01053,SRC008,EV00005,0.88,2025-09-24 05:57:52
E00777,ARREST,Event 00777,Impedit saepe officiis dicta natus perferendis illum ab eaque ea.,2026-03-26 00:27:13,2026-03-26 03:34:13,L00475,C00572,PERSON,P00506,SRC017,EV02643,0.96,2025-02-08 20:33:49
E00778,TRANSACTION,Event 00778,Synthetic transaction event record describing an observed investigative activity. It is intended for temporal and graph-analysis testing.,2025-10-03 17:15:52,2025-10-04 04:10:52,L00487,C00553,PERSON,P00371,SRC025,EV04611,0.92,2024-04-10 11:03:29
E00779,ARREST,Event 00779,Tenetur optio vel amet est libero explicabo temporibus suscipit ad quos.,2025-12-25 15:48:36,2025-12-25 20:27:36,L02285,C00742,PERSON,P03815,SRC001,EV02123,0.75,2025-11-04 14:16:23
E00780,SURVEILLANCE,Event 00780,Synthetic surveillance event record describing an observed investigative activity. It is intended for temporal and graph-analysis testing.,2025-12-13 06:49:01,2025-12-13 18:24:01,L00587,,PERSON,P01047,SRC017,EV04082,0.75,2025-06-01 03:04:56
E00781,TRAVEL,Event 00781,Recusandae quod quia consequuntur quas architecto facilis expedita neque quo recusandae vero amet culpa iste.,2026-01-12 22:39:32,2026-01-12 23:00:32,L02480,C00294,PERSON,P01722,SRC013,EV00847,0.71,2024-04-19 09:46:41
E00782,INCIDENT,Event 00782,Quis reiciendis maiores odio sit quis accusantium iure deserunt quidem.,2025-02-10 16:05:00,2025-02-11 01:05:00,L00007,C00192,PERSON,P01638,SRC002,EV01814,0.9,2025-06-30 18:21:25
E00783,TRAVEL,Event 00783,Voluptate aperiam molestias unde delectus rerum sapiente modi ipsam assumenda magni adipisci possimus esse voluptatum aut.,2024-03-11 17:40:55,2024-03-12 02:41:55,L01036,C00702,PERSON,P03222,SRC010,EV01987,0.82,2025-02-09 19:21:23
E00784,MEETING,Event 00784,Synthetic meeting event record describing an observed investigative activity. It is intended for temporal and graph-analysis testing.,2024-03-10 02:38:44,2024-03-10 06:19:44,L00908,C00513,PERSON,P02452,SRC015,EV04335,0.72,2025-03-18 04:18:32
E00785,ARREST,Event 00785,Synthetic arrest event record describing an observed investigative activity. It is intended for temporal and graph-analysis testing.,2026-08-23 20:17:42,2026-08-24 00:13:42,L01966,C00480,PERSON,P03868,SRC015,EV00858,0.92,2025-09-24 12:29:33
E00786,MEETING,Event 00786,Ratione aliquam totam rem quas asperiores saepe nemo quam modi corrupti quasi modi deleniti corrupti provident.,2025-08-08 23:29:09,2025-08-09 05:54:09,L01426,C00299,PERSON,P00138,SRC011,EV02312,0.91,2025-02-16 21:18:37
E00787,ARREST,Event 00787,Synthetic arrest event record describing an observed investigative activity. It is intended for temporal and graph-analysis testing.,2024-06-28 06:08:09,2024-06-28 09:03:09,L00166,,PERSON,P00404,SRC021,EV00037,0.85,2024-10-11 16:39:00
E00788,CRIME,Event 00788,Synthetic crime event record describing an observed investigative activity. It is intended for temporal and graph-analysis testing.,2026-05-17 11:22:58,2026-05-17 21:07:58,L00274,C01023,PERSON,P03459,SRC002,EV03552,0.93,2024-04-11 16:27:24
E00789,ARREST,Event 00789,Synthetic arrest event record describing an observed investigative activity. It is intended for temporal and graph-analysis testing.,2025-05-22 10:22:37,2025-05-22 13:24:37,L00316,,PERSON,P02751,SRC004,EV01274,0.76,2024-01-06 18:37:19
E00790,TRAVEL,Event 00790,Synthetic travel event record describing an observed investigative activity. It is intended for temporal and graph-analysis testing.,2026-03-20 05:23:39,2026-03-20 07:51:39,L01766,C00702,PERSON,P03422,SRC020,EV03657,0.83,2024-01-11 08:54:35
E00791,TRAVEL,Event 00791,Odit deleniti consequatur commodi et debitis ex accusamus corrupti ullam error commodi eveniet ratione ut.,2024-08-22 07:30:43,2024-08-22 10:47:43,L00061,C00487,PERSON,P00891,SRC020,EV02920,0.75,2025-07-24 18:43:43
E00792,TRANSACTION,Event 00792,Synthetic transaction event record describing an observed investigative activity. It is intended for temporal and graph-analysis testing.,2025-09-27 14:07:21,2025-09-28 00:29:21,L00540,C00679,PERSON,P01026,SRC017,EV01116,0.88,2025-10-04 11:16:34
E00793,TRANSACTION,Event 00793,Synthetic transaction event record describing an observed investigative activity. It is intended for temporal and graph-analysis testing.,2026-07-30 01:41:49,2026-07-30 10:04:49,L01431,,PERSON,P03929,SRC014,EV02274,0.95,2024-10-18 15:09:10
E00794,TRANSACTION,Event 00794,Synthetic transaction event record describing an observed investigative activity. It is intended for temporal and graph-analysis testing.,2025-02-18 16:45:26,2025-02-18 18:14:26,L00137,,PERSON,P01115,SRC007,EV00035,0.78,2025-02-26 06:41:04
E00795,INCIDENT,Event 00795,Synthetic incident event record describing an observed investigative activity. It is intended for temporal and graph-analysis testing.,2025-08-18 22:01:56,2025-08-19 05:32:56,L01893,C01028,PERSON,P03697,SRC006,EV01124,0.7,2026-05-03 03:06:22
E00796,TRAVEL,Event 00796,Synthetic travel event record describing an observed investigative activity. It is intended for temporal and graph-analysis testing.,2025-08-31 16:27:11,2025-08-31 18:49:11,L01502,C00200,PERSON,P01726,SRC005,EV03668,0.94,2026-04-11 12:52:56
E00797,SURVEILLANCE,Event 00797,Synthetic surveillance event record describing an observed investigative activity. It is intended for temporal and graph-analysis testing.,2024-03-26 11:05:52,2024-03-26 22:01:52,L01073,C00591,PERSON,P02934,SRC024,EV04135,0.8,2025-05-26 17:55:24
E00798,ARREST,Event 00798,Synthetic arrest event record describing an observed investigative activity. It is intended for temporal and graph-analysis testing.,2025-05-10 02:49:49,2025-05-10 14:00:49,L01362,,PERSON,P02348,SRC012,EV04815,0.81,2026-08-13 22:24:36
E00799,ARREST,Event 00799,Synthetic arrest event record describing an observed investigative activity. It is intended for temporal and graph-analysis testing.,2026-06-21 03:32:08,2026-06-21 10:43:08,L01274,,PERSON,P00938,SRC009,EV01888,0.77,2026-07-05 21:44:23
E00800,ARREST,Event 00800,Synthetic arrest event record describing an observed investigative activity. It is intended for temporal and graph-analysis testing.,2026-02-23 12:12:42,2026-02-23 22:47:42,L01656,C01035,PERSON,P03259,SRC005,EV03790,0.84,2024-09-01 02:23:59
E00801,INCIDENT,Event 00801,Synthetic incident event record describing an observed investigative activity. It is intended for temporal and graph-analysis testing.,2024-04-01 14:48:58,2024-04-01 20:41:58,L00621,,PERSON,P01474,SRC025,EV01068,0.82,2025-06-15 04:52:46
E00802,INCIDENT,Event 00802,Synthetic incident event record describing an observed investigative activity. It is intended for temporal and graph-analysis testing.,2025-07-02 03:54:11,2025-07-02 11:22:11,L01721,,PERSON,P03290,SRC025,EV04414,0.8,2026-03-19 08:03:54
E00803,ARREST,Event 00803,Synthetic arrest event record describing an observed investigative activity. It is intended for temporal and graph-analysis testing.,2026-03-27 23:17:58,2026-03-28 01:56:58,L01468,C00332,PERSON,P03653,SRC017,EV00766,0.89,2025-03-18 20:09:06
E00804,MEETING,Event 00804,Delectus perspiciatis ea modi id et neque consequatur nam repudiandae hic expedita a.,2026-01-29 18:46:21,2026-01-29 21:26:21,L01733,C00306,PERSON,P01637,SRC013,EV02483,0.72,2024-07-27 03:17:34
E00805,MEETING,Event 00805,Alias commodi possimus dignissimos adipisci sit dignissimos.,2024-06-29 14:31:35,2024-06-29 15:16:35,L01477,C00281,PERSON,P02158,SRC030,EV01549,0.85,2025-12-11 15:38:04
E00806,MEETING,Event 00806,Earum quas commodi eveniet ratione necessitatibus culpa laboriosam.,2026-03-08 09:51:09,2026-03-08 15:26:09,L01915,,PERSON,P00031,SRC020,EV04923,0.85,2025-08-17 00:30:24
E00807,SURVEILLANCE,Event 00807,Provident a corrupti quia in error velit optio nam ullam soluta ab esse.,2026-07-08 00:50:37,2026-07-08 09:25:37,L01463,C00934,PERSON,P01406,SRC025,EV03277,0.91,2025-06-03 15:39:25
E00808,ARREST,Event 00808,Synthetic arrest event record describing an observed investigative activity. It is intended for temporal and graph-analysis testing.,2024-02-26 21:48:58,2024-02-27 03:02:58,L02405,C00684,PERSON,P03384,SRC002,EV04335,0.91,2025-04-11 01:24:01
E00809,CRIME,Event 00809,Synthetic crime event record describing an observed investigative activity. It is intended for temporal and graph-analysis testing.,2026-07-10 08:29:58,2026-07-10 11:12:58,L00263,,PERSON,P02705,SRC004,EV04635,0.88,2024-04-02 02:21:04
E00810,SURVEILLANCE,Event 00810,Synthetic surveillance event record describing an observed investigative activity. It is intended for temporal and graph-analysis testing.,2025-05-05 17:08:42,2025-05-06 03:23:42,L00807,,PERSON,P00846,SRC016,EV03465,0.72,2025-12-02 14:12:39
E00811,TRANSACTION,Event 00811,Synthetic transaction event record describing an observed investigative activity. It is intended for temporal and graph-analysis testing.,2026-01-10 12:49:15,2026-01-10 16:23:15,L01015,,PERSON,P02514,SRC030,EV04161,0.95,2026-05-17 09:42:26
E00812,MEETING,Event 00812,Synthetic meeting event record describing an observed investigative activity. It is intended for temporal and graph-analysis testing.,2024-05-17 10:23:36,2024-05-17 10:36:36,L01869,C01086,PERSON,P00424,SRC011,EV03490,0.71,2025-06-03 15:41:39
E00813,SURVEILLANCE,Event 00813,Synthetic surveillance event record describing an observed investigative activity. It is intended for temporal and graph-analysis testing.,2025-07-28 14:37:58,2025-07-28 14:53:58,L01794,C00068,PERSON,P00223,SRC009,EV04623,0.9,2026-03-22 10:36:57
E00814,SURVEILLANCE,Event 00814,Synthetic surveillance event record describing an observed investigative activity. It is intended for temporal and graph-analysis testing.,2024-05-18 05:19:17,2024-05-18 05:46:17,L00579,C00002,PERSON,P00313,SRC005,EV04123,0.9,2025-05-22 20:00:15
E00815,SURVEILLANCE,Event 00815,Synthetic surveillance event record describing an observed investigative activity. It is intended for temporal and graph-analysis testing.,2026-06-02 03:09:17,2026-06-02 05:28:17,L00711,C00520,PERSON,P02974,SRC030,EV02661,0.76,2025-10-02 12:14:05
E00816,TRANSACTION,Event 00816,Synthetic transaction event record describing an observed investigative activity. It is intended for temporal and graph-analysis testing.,2026-05-18 16:18:09,2026-05-18 18:58:09,L02062,C00676,PERSON,P02705,SRC015,EV02718,0.81,2025-11-21 22:45:00
E00817,CRIME,Event 00817,Synthetic crime event record describing an observed investigative activity. It is intended for temporal and graph-analysis testing.,2026-03-16 17:57:53,2026-03-16 22:50:53,L00632,,PERSON,P03152,SRC023,EV04130,0.71,2024-05-23 19:13:23
E00818,TRANSACTION,Event 00818,Synthetic transaction event record describing an observed investigative activity. It is intended for temporal and graph-analysis testing.,2025-07-31 14:54:05,2025-08-01 02:17:05,L01109,C01009,PERSON,P00071,SRC025,EV02053,0.95,2026-04-29 15:30:31
E00819,ARREST,Event 00819,Numquam vero sed alias eaque quas harum inventore eveniet ullam maiores placeat laborum repellendus illum.,2024-04-08 15:55:04,2024-04-09 02:35:04,L01966,C00789,PERSON,P00209,SRC009,EV02757,0.86,2024-04-26 05:43:38
E00820,TRANSACTION,Event 00820,Synthetic transaction event record describing an observed investigative activity. It is intended for temporal and graph-analysis testing.,2025-08-25 00:17:44,2025-08-25 06:01:44,L00709,C00093,PERSON,P03639,SRC001,EV00418,0.74,2025-01-02 17:28:40
E00821,CRIME,Event 00821,Repudiandae consectetur quis nobis in non dignissimos nulla.,2024-08-11 07:52:21,2024-08-11 19:31:21,L02337,,PERSON,P01584,SRC016,EV04055,0.88,2024-06-22 13:39:39
E00822,TRAVEL,Event 00822,Synthetic travel event record describing an observed investigative activity. It is intended for temporal and graph-analysis testing.,2025-05-27 03:23:39,2025-05-27 10:57:39,L01576,C00846,PERSON,P01731,SRC019,EV04879,0.96,2025-12-23 22:34:23
E00823,ARREST,Event 00823,Synthetic arrest event record describing an observed investigative activity. It is intended for temporal and graph-analysis testing.,2026-03-02 17:30:22,2026-03-03 01:47:22,L01610,,PERSON,P03258,SRC027,EV02445,0.92,2025-08-23 12:08:12
E00824,CRIME,Event 00824,Synthetic crime event record describing an observed investigative activity. It is intended for temporal and graph-analysis testing.,2024-04-20 20:24:35,2024-04-21 02:33:35,L01434,C01174,PERSON,P01390,SRC017,EV02943,0.97,2024-04-07 12:06:08
E00825,TRAVEL,Event 00825,Illum magni nisi illum culpa voluptatem consequatur illum.,2024-05-25 16:54:00,2024-05-25 18:04:00,L01453,C00359,PERSON,P03442,SRC027,EV04594,0.94,2026-08-19 08:52:06
E00826,TRAVEL,Event 00826,Synthetic travel event record describing an observed investigative activity. It is intended for temporal and graph-analysis testing.,2025-01-22 06:58:49,2025-01-22 07:26:49,L01160,,PERSON,P01985,SRC025,EV02205,0.78,2025-06-20 14:55:10
E00827,INCIDENT,Event 00827,Synthetic incident event record describing an observed investigative activity. It is intended for temporal and graph-analysis testing.,2024-04-20 08:36:38,2024-04-20 09:05:38,L00167,,PERSON,P02045,SRC006,EV04546,0.81,2026-03-28 05:42:05
E00828,CRIME,Event 00828,Synthetic crime event record describing an observed investigative activity. It is intended for temporal and graph-analysis testing.,2025-04-24 05:14:33,2025-04-24 10:50:33,L02012,C01169,PERSON,P01630,SRC010,EV04641,0.77,2026-04-03 16:30:05
E00829,INCIDENT,Event 00829,Synthetic incident event record describing an observed investigative activity. It is intended for temporal and graph-analysis testing.,2024-02-28 19:45:09,2024-02-28 21:54:09,L02411,C00626,PERSON,P02561,SRC002,EV02814,0.8,2026-07-25 16:26:29
E00830,MEETING,Event 00830,Synthetic meeting event record describing an observed investigative activity. It is intended for temporal and graph-analysis testing.,2024-06-13 10:17:24,2024-06-13 11:02:24,L00158,C00578,PERSON,P02445,SRC021,EV01870,0.72,2025-03-13 11:14:46
E00831,CRIME,Event 00831,Synthetic crime event record describing an observed investigative activity. It is intended for temporal and graph-analysis testing.,2024-11-17 19:31:56,2024-11-17 21:37:56,L02386,,PERSON,P00139,SRC023,EV02417,0.94,2026-01-16 15:24:31
E00832,CRIME,Event 00832,Maxime beatae atque culpa sunt rerum iste possimus dignissimos et velit.,2026-07-06 02:08:36,2026-07-06 05:41:36,L01052,C00794,PERSON,P03987,SRC007,EV01330,0.87,2024-04-24 07:23:59
E00833,SURVEILLANCE,Event 00833,Synthetic surveillance event record describing an observed investigative activity. It is intended for temporal and graph-analysis testing.,2024-02-15 05:47:59,2024-02-15 14:56:59,L01804,C00674,PERSON,P00525,SRC016,EV04404,0.95,2025-02-20 14:34:31
E00834,TRANSACTION,Event 00834,Synthetic transaction event record describing an observed investigative activity. It is intended for temporal and graph-analysis testing.,2025-12-13 05:21:48,2025-12-13 11:51:48,L00512,,PERSON,P02690,SRC008,EV02515,0.75,2026-02-13 04:00:02
E00835,INCIDENT,Event 00835,Synthetic incident event record describing an observed investigative activity. It is intended for temporal and graph-analysis testing.,2025-04-24 06:18:55,2025-04-24 15:37:55,L01349,C00426,PERSON,P00341,SRC030,EV02299,0.88,2025-10-10 07:09:13
E00836,TRANSACTION,Event 00836,Synthetic transaction event record describing an observed investigative activity. It is intended for temporal and graph-analysis testing.,2024-08-13 12:12:17,2024-08-13 13:25:17,L00046,C01109,PERSON,P02300,SRC024,EV00684,0.85,2025-03-01 23:57:59
E00837,INCIDENT,Event 00837,Assumenda expedita ab inventore id facilis sed.,2026-06-03 11:20:37,2026-06-03 21:43:37,L00985,C00410,PERSON,P02218,SRC025,EV03177,0.94,2024-11-29 23:48:19
E00838,INCIDENT,Event 00838,Synthetic incident event record describing an observed investigative activity. It is intended for temporal and graph-analysis testing.,2025-11-10 12:51:33,2025-11-10 15:54:33,L01586,,PERSON,P02220,SRC003,EV03234,0.83,2024-07-01 21:35:05
E00839,CRIME,Event 00839,Modi minus mollitia cum alias fugit quod illum molestiae explicabo fugit iste veritatis error.,2025-10-13 04:37:05,2025-10-13 04:59:05,L01192,C00639,PERSON,P03723,SRC015,EV00698,0.78,2025-03-09 14:16:35
E00840,MEETING,Event 00840,Synthetic meeting event record describing an observed investigative activity. It is intended for temporal and graph-analysis testing.,2024-02-22 10:55:35,2024-02-22 11:13:35,L01154,,PERSON,P03952,SRC010,EV04506,0.96,2025-02-11 06:44:50
E00841,ARREST,Event 00841,Synthetic arrest event record describing an observed investigative activity. It is intended for temporal and graph-analysis testing.,2026-05-13 13:10:23,2026-05-13 14:24:23,L01882,C00728,PERSON,P02715,SRC012,EV01914,0.87,2024-11-15 20:17:43
E00842,MEETING,Event 00842,Cupiditate necessitatibus deleniti perspiciatis rerum earum illo optio.,2025-08-19 20:47:39,2025-08-20 08:09:39,L02439,C01135,PERSON,P02771,SRC003,EV03495,0.82,2024-05-13 10:20:25
E00843,TRAVEL,Event 00843,Quisquam officia quasi animi minus sequi quas eaque labore dicta nostrum.,2024-01-04 23:06:23,2024-01-05 08:54:23,L00773,C01074,PERSON,P03096,SRC008,EV03274,0.85,2024-12-30 19:59:00
E00844,ARREST,Event 00844,Synthetic arrest event record describing an observed investigative activity. It is intended for temporal and graph-analysis testing.,2025-08-12 11:52:34,2025-08-12 21:09:34,L01450,C00499,PERSON,P03571,SRC020,EV03745,0.89,2025-04-19 09:01:52
E00845,SURVEILLANCE,Event 00845,Synthetic surveillance event record describing an observed investigative activity. It is intended for temporal and graph-analysis testing.,2024-12-11 01:18:57,2024-12-11 06:07:57,L00981,,PERSON,P02360,SRC016,EV04545,0.93,2024-02-12 00:42:53
E00846,MEETING,Event 00846,Et aperiam harum consequatur harum eaque sit soluta.,2026-06-18 08:41:23,2026-06-18 11:27:23,L01140,C00246,PERSON,P00847,SRC030,EV04182,0.87,2024-06-28 08:12:14
E00847,CRIME,Event 00847,Unde nihil quasi suscipit hic possimus provident expedita totam quod est.,2024-10-08 12:16:33,2024-10-08 12:30:33,L01129,C00988,PERSON,P00240,SRC022,EV01924,0.95,2026-07-30 11:12:27
E00848,SURVEILLANCE,Event 00848,A vero ratione itaque sint deleniti id.,2025-11-21 10:37:10,2025-11-21 15:23:10,L02006,C00279,PERSON,P03909,SRC021,EV01329,0.75,2024-10-08 13:04:29
E00849,TRAVEL,Event 00849,Synthetic travel event record describing an observed investigative activity. It is intended for temporal and graph-analysis testing.,2025-12-31 07:24:08,2025-12-31 17:23:08,L02350,C01049,PERSON,P02286,SRC009,EV01418,0.93,2024-09-11 08:12:49
E00850,TRANSACTION,Event 00850,Incidunt atque nulla cumque maiores consequatur aperiam facilis dignissimos harum dicta fuga nostrum.,2024-01-04 21:00:43,2024-01-05 06:34:43,L01007,C00421,PERSON,P01224,SRC026,EV03428,0.82,2024-06-15 15:11:48
E00851,SURVEILLANCE,Event 00851,Officia nobis inventore iste accusantium alias quas eveniet aliquam ut.,2024-10-19 20:53:30,2024-10-20 00:57:30,L01889,C00162,PERSON,P03047,SRC027,EV03040,0.71,2025-01-08 18:18:23
E00852,SURVEILLANCE,Event 00852,Synthetic surveillance event record describing an observed investigative activity. It is intended for temporal and graph-analysis testing.,2024-04-10 01:29:55,2024-04-10 05:14:55,L00578,,PERSON,P03646,SRC023,EV03235,0.76,2026-01-23 00:47:01
E00853,INCIDENT,Event 00853,Numquam sequi molestias asperiores culpa temporibus aliquam consequuntur.,2024-05-10 10:57:36,2024-05-10 13:09:36,L00769,C00605,PERSON,P01557,SRC020,EV04517,0.81,2024-03-26 16:17:28
E00854,TRAVEL,Event 00854,Minus pariatur laudantium laborum corrupti quos voluptatem.,2024-10-22 21:34:14,2024-10-23 05:22:14,L00126,C00067,PERSON,P00300,SRC021,EV03832,0.93,2025-12-10 15:21:00
E00855,SURVEILLANCE,Event 00855,Synthetic surveillance event record describing an observed investigative activity. It is intended for temporal and graph-analysis testing.,2025-02-27 15:12:00,2025-02-27 23:21:00,L00060,,PERSON,P02492,SRC006,EV01846,0.8,2024-09-12 21:38:26
E00856,TRANSACTION,Event 00856,Synthetic transaction event record describing an observed investigative activity. It is intended for temporal and graph-analysis testing.,2025-02-14 14:16:35,2025-02-14 19:20:35,L01189,C00458,PERSON,P03320,SRC015,EV00041,0.83,2026-04-23 05:04:40
E00857,TRANSACTION,Event 00857,Synthetic transaction event record describing an observed investigative activity. It is intended for temporal and graph-analysis testing.,2024-08-06 01:44:53,2024-08-06 02:53:53,L01110,,PERSON,P01724,SRC006,EV01937,0.71,2025-12-23 14:15:14
E00858,ARREST,Event 00858,Synthetic arrest event record describing an observed investigative activity. It is intended for temporal and graph-analysis testing.,2024-12-16 09:55:21,2024-12-16 19:47:21,L00870,,PERSON,P02104,SRC028,EV03037,0.78,2024-01-03 15:29:17
E00859,ARREST,Event 00859,Synthetic arrest event record describing an observed investigative activity. It is intended for temporal and graph-analysis testing.,2025-06-27 20:51:07,2025-06-27 23:52:07,L02495,C00278,PERSON,P03761,SRC012,EV04967,0.72,2024-01-04 16:33:11
E00860,MEETING,Event 00860,Synthetic meeting event record describing an observed investigative activity. It is intended for temporal and graph-analysis testing.,2026-03-08 21:01:28,2026-03-09 02:35:28,L00804,C00707,PERSON,P01104,SRC016,EV04373,0.73,2026-04-13 04:48:17
E00861,TRAVEL,Event 00861,Adipisci adipisci natus officiis omnis eum id.,2025-06-04 12:07:33,2025-06-04 21:32:33,L01406,,PERSON,P03481,SRC012,EV02341,0.71,2026-04-20 20:26:12
E00862,TRANSACTION,Event 00862,Synthetic transaction event record describing an observed investigative activity. It is intended for temporal and graph-analysis testing.,2024-12-23 14:47:39,2024-12-23 20:44:39,L01033,,PERSON,P01036,SRC017,EV03220,0.92,2024-04-18 10:34:40
E00863,MEETING,Event 00863,Synthetic meeting event record describing an observed investigative activity. It is intended for temporal and graph-analysis testing.,2025-06-29 12:56:50,2025-06-29 22:20:50,L00583,C01007,PERSON,P01914,SRC011,EV02562,0.87,2024-07-24 07:56:57
E00864,ARREST,Event 00864,Synthetic arrest event record describing an observed investigative activity. It is intended for temporal and graph-analysis testing.,2024-06-13 16:14:18,2024-06-14 02:34:18,L00314,C00033,PERSON,P03376,SRC003,EV02651,0.7,2026-01-07 12:56:39
E00865,CRIME,Event 00865,Quis illum autem quia sapiente aliquid minima nemo.,2025-02-07 11:48:23,2025-02-07 13:52:23,L00101,C00684,PERSON,P03492,SRC022,EV02427,0.88,2025-05-28 01:34:48
E00866,CRIME,Event 00866,Synthetic crime event record describing an observed investigative activity. It is intended for temporal and graph-analysis testing.,2024-07-25 11:31:29,2024-07-25 21:57:29,L01330,C00330,PERSON,P01739,SRC016,EV03304,0.87,2024-08-23 04:19:17
E00867,MEETING,Event 00867,Synthetic meeting event record describing an observed investigative activity. It is intended for temporal and graph-analysis testing.,2025-07-03 09:12:40,2025-07-03 16:22:40,L01365,C01152,PERSON,P01419,SRC001,EV01240,0.88,2024-08-16 11:50:17
E00868,INCIDENT,Event 00868,Synthetic incident event record describing an observed investigative activity. It is intended for temporal and graph-analysis testing.,2026-04-16 04:45:05,2026-04-16 13:53:05,L01887,C00781,PERSON,P00038,SRC004,EV01242,0.91,2024-03-02 18:39:58
E00869,SURVEILLANCE,Event 00869,Synthetic surveillance event record describing an observed investigative activity. It is intended for temporal and graph-analysis testing.,2026-03-23 12:49:34,2026-03-23 18:59:34,L01480,C00041,PERSON,P00494,SRC005,EV04302,0.75,2024-12-14 00:46:46
E00870,TRANSACTION,Event 00870,Synthetic transaction event record describing an observed investigative activity. It is intended for temporal and graph-analysis testing.,2026-06-02 06:15:02,2026-06-02 07:48:02,L00325,C00863,PERSON,P00529,SRC003,EV01157,0.72,2026-02-16 12:06:16
E00871,TRANSACTION,Event 00871,Ea possimus repudiandae nulla aut nemo libero soluta et impedit quidem quidem consequatur fuga labore quam.,2026-06-22 03:53:51,2026-06-22 12:28:51,L01717,C00196,PERSON,P03111,SRC019,EV02965,0.76,2026-03-14 14:54:07
E00872,TRAVEL,Event 00872,Synthetic travel event record describing an observed investigative activity. It is intended for temporal and graph-analysis testing.,2026-06-24 14:02:58,2026-06-24 15:40:58,L01825,C00996,PERSON,P02482,SRC026,EV02084,0.9,2025-10-06 13:20:26
E00873,MEETING,Event 00873,Synthetic meeting event record describing an observed investigative activity. It is intended for temporal and graph-analysis testing.,2025-03-02 22:05:43,2025-03-03 01:48:43,L02220,,PERSON,P00796,SRC025,EV00898,0.87,2025-08-18 13:40:34
E00874,INCIDENT,Event 00874,Consequuntur pariatur fuga cupiditate facilis cumque odit at.,2026-05-25 22:15:14,2026-05-26 01:23:14,L00394,C00009,PERSON,P02363,SRC012,EV01647,0.86,2024-05-21 09:53:31
E00875,TRAVEL,Event 00875,Labore fuga maiores rerum sunt dignissimos quisquam esse.,2026-01-01 21:46:35,2026-01-02 04:09:35,L02196,,PERSON,P01236,SRC007,EV04310,0.86,2025-05-02 21:52:35
E00876,CRIME,Event 00876,Mollitia unde dicta eveniet earum perferendis veniam.,2024-10-21 03:07:59,2024-10-21 09:56:59,L01405,,PERSON,P03568,SRC027,EV03188,0.83,2026-03-07 04:30:53
E00877,TRANSACTION,Event 00877,Synthetic transaction event record describing an observed investigative activity. It is intended for temporal and graph-analysis testing.,2025-01-28 20:48:04,2025-01-28 21:39:04,L00356,C00732,PERSON,P00393,SRC004,EV03812,0.9,2025-03-11 16:13:53
E00878,TRAVEL,Event 00878,Synthetic travel event record describing an observed investigative activity. It is intended for temporal and graph-analysis testing.,2024-11-12 22:54:47,2024-11-13 05:15:47,L02499,C00521,PERSON,P02610,SRC027,EV03366,0.92,2024-03-29 09:51:36
E00879,MEETING,Event 00879,Harum accusamus explicabo ullam facilis esse voluptatem nam voluptate nulla.,2024-01-18 19:31:35,2024-01-19 05:30:35,L00386,C01080,PERSON,P00861,SRC014,EV00007,0.92,2024-09-25 22:26:56
E00880,INCIDENT,Event 00880,Synthetic incident event record describing an observed investigative activity. It is intended for temporal and graph-analysis testing.,2025-07-22 20:54:02,2025-07-23 07:49:02,L02446,C00072,PERSON,P00734,SRC020,EV03169,0.83,2024-05-18 04:54:50
E00881,MEETING,Event 00881,Hic minima est consectetur magnam libero aut saepe.,2026-06-16 17:44:56,2026-06-16 19:35:56,L02324,C00654,PERSON,P01946,SRC029,EV03656,0.77,2025-05-25 23:26:24
E00882,CRIME,Event 00882,Synthetic crime event record describing an observed investigative activity. It is intended for temporal and graph-analysis testing.,2025-07-14 22:17:54,2025-07-15 06:55:54,L02067,,PERSON,P02550,SRC029,EV03192,0.77,2024-02-29 22:06:45
E00883,MEETING,Event 00883,Synthetic meeting event record describing an observed investigative activity. It is intended for temporal and graph-analysis testing.,2024-07-31 17:34:34,2024-07-31 21:47:34,L00512,C00050,PERSON,P00418,SRC025,EV03829,0.89,2026-02-24 06:55:53
E00884,ARREST,Event 00884,Neque magni laborum illo occaecati ducimus commodi nisi saepe.,2024-09-01 23:59:16,2024-09-02 04:39:16,L00948,C00490,PERSON,P02963,SRC005,EV03822,0.92,2024-09-11 03:04:15
E00885,SURVEILLANCE,Event 00885,Mollitia temporibus corrupti corporis consectetur fugiat velit illum est enim corporis est hic.,2025-12-09 23:39:44,2025-12-10 07:47:44,L01374,C00400,PERSON,P00959,SRC005,EV00397,0.77,2024-06-03 13:39:17
E00886,TRANSACTION,Event 00886,Synthetic transaction event record describing an observed investigative activity. It is intended for temporal and graph-analysis testing.,2025-12-16 10:10:24,2025-12-16 12:30:24,L01336,,PERSON,P01970,SRC017,EV04575,0.88,2026-01-29 16:54:26
E00887,TRANSACTION,Event 00887,Totam delectus nemo mollitia cupiditate earum delectus mollitia eum neque itaque.,2025-02-15 22:13:33,2025-02-16 00:58:33,L00321,,PERSON,P00843,SRC019,EV04041,0.75,2024-05-07 11:32:36
E00888,SURVEILLANCE,Event 00888,Synthetic surveillance event record describing an observed investigative activity. It is intended for temporal and graph-analysis testing.,2025-10-12 11:10:37,2025-10-12 21:39:37,L00339,,PERSON,P01676,SRC029,EV02759,0.86,2026-05-25 19:07:21
E00889,TRAVEL,Event 00889,Synthetic travel event record describing an observed investigative activity. It is intended for temporal and graph-analysis testing.,2025-04-01 10:34:22,2025-04-01 12:44:22,L00419,C00724,PERSON,P00910,SRC017,EV01757,0.75,2025-02-26 00:25:29
E00890,ARREST,Event 00890,Synthetic arrest event record describing an observed investigative activity. It is intended for temporal and graph-analysis testing.,2024-08-21 05:12:51,2024-08-21 10:18:51,L01972,C00072,PERSON,P02710,SRC004,EV04413,0.89,2025-04-13 02:59:50
E00891,CRIME,Event 00891,Synthetic crime event record describing an observed investigative activity. It is intended for temporal and graph-analysis testing.,2024-12-02 07:42:59,2024-12-02 18:38:59,L02451,C00772,PERSON,P03646,SRC022,EV03219,0.96,2025-08-10 05:37:42
E00892,TRANSACTION,Event 00892,Voluptatem saepe cumque fugiat laboriosam vel nulla ea fuga aut.,2026-08-15 04:46:16,2026-08-15 11:26:16,L01660,C00885,PERSON,P03222,SRC006,EV00203,0.81,2026-05-12 23:50:43
E00893,TRAVEL,Event 00893,Suscipit rerum facere facilis ad harum eligendi earum tempore magnam quod unde reiciendis.,2026-08-30 15:46:15,2026-08-30 20:15:15,L01718,C00293,PERSON,P02478,SRC009,EV00540,0.93,2026-02-03 02:00:06
E00894,TRANSACTION,Event 00894,Synthetic transaction event record describing an observed investigative activity. It is intended for temporal and graph-analysis testing.,2026-02-21 10:34:56,2026-02-21 15:20:56,L01987,C00255,PERSON,P00593,SRC026,EV03316,0.92,2024-11-03 15:31:20
E00895,MEETING,Event 00895,Synthetic meeting event record describing an observed investigative activity. It is intended for temporal and graph-analysis testing.,2026-08-06 11:00:52,2026-08-06 14:23:52,L00051,C01031,PERSON,P03695,SRC021,EV03798,0.77,2025-09-21 01:26:29
E00896,TRAVEL,Event 00896,Synthetic travel event record describing an observed investigative activity. It is intended for temporal and graph-analysis testing.,2025-02-24 17:38:34,2025-02-25 01:33:34,L02136,C00221,PERSON,P02431,SRC001,EV00907,0.82,2025-01-05 05:56:38
E00897,INCIDENT,Event 00897,Synthetic incident event record describing an observed investigative activity. It is intended for temporal and graph-analysis testing.,2024-06-12 05:20:43,2024-06-12 07:10:43,L00111,,PERSON,P02302,SRC003,EV04164,0.83,2024-09-23 22:48:07
E00898,INCIDENT,Event 00898,Synthetic incident event record describing an observed investigative activity. It is intended for temporal and graph-analysis testing.,2025-05-08 02:33:06,2025-05-08 02:59:06,L01760,C00961,PERSON,P02579,SRC004,EV02045,0.94,2025-09-29 02:44:00
E00899,CRIME,Event 00899,Synthetic crime event record describing an observed investigative activity. It is intended for temporal and graph-analysis testing.,2026-06-14 00:54:23,2026-06-14 01:16:23,L01457,C00132,PERSON,P01410,SRC026,EV00672,0.89,2025-04-01 22:40:27
E00900,MEETING,Event 00900,Synthetic meeting event record describing an observed investigative activity. It is intended for temporal and graph-analysis testing.,2025-12-02 07:04:29,2025-12-02 11:29:29,L00301,C01158,PERSON,P03687,SRC028,EV02791,0.73,2026-01-15 13:11:30
E00901,TRANSACTION,Event 00901,Ut natus sed tempore quia aperiam atque.,2024-04-03 10:10:44,2024-04-03 16:10:44,L00916,C00602,PERSON,P00157,SRC002,EV00565,0.8,2024-08-27 14:56:18
E00902,SURVEILLANCE,Event 00902,Synthetic surveillance event record describing an observed investigative activity. It is intended for temporal and graph-analysis testing.,2026-03-26 13:49:22,2026-03-26 22:33:22,L02142,C00360,PERSON,P00304,SRC026,EV02070,0.82,2025-02-10 08:26:52
E00903,SURVEILLANCE,Event 00903,Synthetic surveillance event record describing an observed investigative activity. It is intended for temporal and graph-analysis testing.,2026-05-24 08:50:54,2026-05-24 19:04:54,L00548,C00136,PERSON,P01076,SRC019,EV04022,0.88,2025-03-07 18:04:04
E00904,TRAVEL,Event 00904,Synthetic travel event record describing an observed investigative activity. It is intended for temporal and graph-analysis testing.,2024-07-15 12:33:50,2024-07-15 20:01:50,L00753,C01105,PERSON,P00313,SRC030,EV00480,0.74,2025-11-02 20:03:45
E00905,INCIDENT,Event 00905,Necessitatibus fugit maiores error mollitia distinctio aliquam ad dignissimos error.,2025-03-18 17:57:23,2025-03-18 23:40:23,L02497,,PERSON,P02800,SRC027,EV01878,0.97,2026-06-29 15:11:23
E00906,MEETING,Event 00906,Provident cumque repellat incidunt cumque cum corporis distinctio ratione magni et ab debitis placeat autem occaecati.,2025-05-14 02:01:01,2025-05-14 08:46:01,L01900,C00085,PERSON,P03825,SRC016,EV01706,0.83,2024-08-19 21:30:31
E00907,TRANSACTION,Event 00907,Synthetic transaction event record describing an observed investigative activity. It is intended for temporal and graph-analysis testing.,2024-01-04 06:45:00,2024-01-04 14:55:00,L01990,,PERSON,P03888,SRC029,EV03056,0.73,2026-03-02 23:21:25
E00908,SURVEILLANCE,Event 00908,Synthetic surveillance event record describing an observed investigative activity. It is intended for temporal and graph-analysis testing.,2026-03-09 14:58:52,2026-03-09 15:08:52,L02069,C01143,PERSON,P01933,SRC004,EV00813,0.91,2026-05-30 20:04:42
E00909,SURVEILLANCE,Event 00909,Sint veniam tempore vel culpa assumenda laudantium.,2024-11-26 20:51:50,2024-11-26 23:45:50,L01235,C00658,PERSON,P02271,SRC027,EV03064,0.75,2024-08-05 19:04:30
E00910,INCIDENT,Event 00910,Synthetic incident event record describing an observed investigative activity. It is intended for temporal and graph-analysis testing.,2025-05-07 13:45:24,2025-05-07 20:57:24,L01825,,PERSON,P00520,SRC020,EV03089,0.89,2025-12-15 13:01:51
E00911,TRANSACTION,Event 00911,Synthetic transaction event record describing an observed investigative activity. It is intended for temporal and graph-analysis testing.,2024-04-05 23:10:37,2024-04-06 02:00:37,L01260,,PERSON,P01519,SRC019,EV00023,0.83,2026-02-03 15:26:14
E00912,TRANSACTION,Event 00912,Quam cum laborum tenetur fuga quas reiciendis.,2024-01-04 12:28:18,2024-01-04 20:41:18,L02414,C00995,PERSON,P01017,SRC011,EV00858,0.73,2025-10-05 15:58:09
E00913,CRIME,Event 00913,Natus perferendis cumque libero consequuntur debitis inventore laudantium rem.,2026-05-24 21:35:21,2026-05-25 04:23:21,L01375,C00031,PERSON,P00173,SRC008,EV03062,0.88,2024-07-09 12:13:32
E00914,SURVEILLANCE,Event 00914,Synthetic surveillance event record describing an observed investigative activity. It is intended for temporal and graph-analysis testing.,2026-04-18 00:56:04,2026-04-18 07:59:04,L00577,,PERSON,P03308,SRC015,EV02528,0.97,2026-06-06 07:10:13
E00915,INCIDENT,Event 00915,Synthetic incident event record describing an observed investigative activity. It is intended for temporal and graph-analysis testing.,2025-08-19 09:20:31,2025-08-19 15:35:31,L01896,C00144,PERSON,P03236,SRC003,EV03534,0.92,2024-04-02 09:41:18
E00916,CRIME,Event 00916,Quod rem ex ab rerum optio soluta.,2025-10-14 11:29:43,2025-10-14 15:29:43,L00435,C00406,PERSON,P02378,SRC025,EV03151,0.77,2024-08-17 10:01:44
E00917,INCIDENT,Event 00917,Nihil odio eveniet eius corrupti unde amet tenetur ratione minus error.,2024-02-14 01:32:49,2024-02-14 12:35:49,L00201,C01060,PERSON,P01921,SRC017,EV00539,0.72,2025-01-01 15:17:04
E00918,TRANSACTION,Event 00918,Synthetic transaction event record describing an observed investigative activity. It is intended for temporal and graph-analysis testing.,2026-06-05 17:40:32,2026-06-06 03:43:32,L02036,C00907,PERSON,P03703,SRC005,EV00499,0.97,2025-12-24 09:39:03
E00919,TRAVEL,Event 00919,Synthetic travel event record describing an observed investigative activity. It is intended for temporal and graph-analysis testing.,2024-10-13 14:01:25,2024-10-14 00:29:25,L01294,C00883,PERSON,P02918,SRC019,EV03368,0.77,2024-01-11 01:41:31
E00920,SURVEILLANCE,Event 00920,Synthetic surveillance event record describing an observed investigative activity. It is intended for temporal and graph-analysis testing.,2026-07-14 02:14:22,2026-07-14 11:37:22,L01358,C00384,PERSON,P02245,SRC023,EV00155,0.94,2025-10-14 21:22:32
E00921,TRANSACTION,Event 00921,Synthetic transaction event record describing an observed investigative activity. It is intended for temporal and graph-analysis testing.,2025-11-17 06:42:27,2025-11-17 17:25:27,L01522,C01040,PERSON,P00431,SRC009,EV02456,0.95,2024-03-14 06:46:29
E00922,SURVEILLANCE,Event 00922,Synthetic surveillance event record describing an observed investigative activity. It is intended for temporal and graph-analysis testing.,2025-01-23 19:28:08,2025-01-23 21:59:08,L01575,C00193,PERSON,P03980,SRC012,EV02074,0.95,2026-01-05 02:34:18
E00923,TRANSACTION,Event 00923,Synthetic transaction event record describing an observed investigative activity. It is intended for temporal and graph-analysis testing.,2026-07-18 21:30:13,2026-07-19 04:30:13,L00340,C00481,PERSON,P02550,SRC008,EV00990,0.73,2025-11-29 12:37:27
E00924,ARREST,Event 00924,Facere a eveniet rem minima nostrum provident odit expedita in.,2025-07-06 07:04:03,2025-07-06 07:26:03,L00212,C00623,PERSON,P02847,SRC004,EV02190,0.78,2025-07-07 09:54:56
E00925,ARREST,Event 00925,Synthetic arrest event record describing an observed investigative activity. It is intended for temporal and graph-analysis testing.,2024-03-09 22:03:15,2024-03-10 01:44:15,L01372,,PERSON,P02132,SRC016,EV03767,0.83,2025-07-30 17:40:04
E00926,TRAVEL,Event 00926,Quas vel porro nostrum neque deserunt eius hic est.,2024-10-05 06:20:37,2024-10-05 11:22:37,L01463,C00345,PERSON,P01362,SRC012,EV00261,0.84,2024-05-21 13:08:50
E00927,INCIDENT,Event 00927,Synthetic incident event record describing an observed investigative activity. It is intended for temporal and graph-analysis testing.,2024-11-21 12:15:13,2024-11-21 13:58:13,L01714,C00689,PERSON,P02483,SRC014,EV04479,0.75,2024-10-01 06:30:51
E00928,CRIME,Event 00928,Synthetic crime event record describing an observed investigative activity. It is intended for temporal and graph-analysis testing.,2026-08-22 02:46:46,2026-08-22 14:45:46,L02315,,PERSON,P01398,SRC029,EV02929,0.97,2025-06-02 20:07:41
E00929,TRAVEL,Event 00929,Synthetic travel event record describing an observed investigative activity. It is intended for temporal and graph-analysis testing.,2026-04-29 02:06:45,2026-04-29 03:46:45,L01345,C00342,PERSON,P01980,SRC014,EV04499,0.82,2025-12-28 14:55:55
E00930,TRANSACTION,Event 00930,Recusandae sequi delectus explicabo beatae et impedit quas perspiciatis suscipit perspiciatis sunt ab veniam laboriosam tempora.,2025-10-31 08:12:53,2025-10-31 10:12:53,L00020,,PERSON,P02827,SRC006,EV04635,0.82,2026-03-08 23:26:22
E00931,TRANSACTION,Event 00931,Synthetic transaction event record describing an observed investigative activity. It is intended for temporal and graph-analysis testing.,2024-07-03 17:40:33,2024-07-03 20:51:33,L01230,C01067,PERSON,P00957,SRC013,EV02554,0.86,2025-10-03 20:44:06
E00932,INCIDENT,Event 00932,Synthetic incident event record describing an observed investigative activity. It is intended for temporal and graph-analysis testing.,2025-04-21 04:21:53,2025-04-21 15:54:53,L00316,C00865,PERSON,P00425,SRC009,EV01214,0.71,2024-03-06 13:14:35
E00933,CRIME,Event 00933,Synthetic crime event record describing an observed investigative activity. It is intended for temporal and graph-analysis testing.,2026-06-16 11:03:55,2026-06-16 14:17:55,L02485,C00639,PERSON,P00217,SRC025,EV00446,0.85,2026-08-11 19:10:29
E00934,MEETING,Event 00934,Synthetic meeting event record describing an observed investigative activity. It is intended for temporal and graph-analysis testing.,2025-06-22 19:55:09,2025-06-22 20:52:09,L02262,C00315,PERSON,P00180,SRC015,EV04101,0.76,2025-05-21 03:15:06
E00935,INCIDENT,Event 00935,Synthetic incident event record describing an observed investigative activity. It is intended for temporal and graph-analysis testing.,2025-08-11 16:51:39,2025-08-11 23:55:39,L01818,C00837,PERSON,P00618,SRC027,EV01249,0.95,2024-02-07 09:40:55
E00936,INCIDENT,Event 00936,Excepturi occaecati saepe consequuntur harum cum eveniet vel sapiente quasi distinctio facilis odit non.,2024-05-20 17:37:21,2024-05-20 19:56:21,L02339,C00897,PERSON,P03048,SRC011,EV00059,0.75,2026-08-08 12:17:03
E00937,TRAVEL,Event 00937,Synthetic travel event record describing an observed investigative activity. It is intended for temporal and graph-analysis testing.,2024-09-26 16:35:21,2024-09-27 04:04:21,L00518,,PERSON,P02565,SRC029,EV03622,0.77,2024-08-21 19:21:22
E00938,TRANSACTION,Event 00938,Synthetic transaction event record describing an observed investigative activity. It is intended for temporal and graph-analysis testing.,2024-02-09 06:48:54,2024-02-09 12:07:54,L01762,C00378,PERSON,P03115,SRC014,EV03128,0.88,2024-05-15 00:24:08
E00939,SURVEILLANCE,Event 00939,Synthetic surveillance event record describing an observed investigative activity. It is intended for temporal and graph-analysis testing.,2024-10-17 08:46:02,2024-10-17 20:11:02,L01235,C00253,PERSON,P03713,SRC010,EV02738,0.86,2026-02-18 14:12:44
E00940,SURVEILLANCE,Event 00940,Synthetic surveillance event record describing an observed investigative activity. It is intended for temporal and graph-analysis testing.,2025-12-25 16:56:58,2025-12-26 04:30:58,L00748,C00019,PERSON,P00600,SRC009,EV01989,0.91,2025-12-29 02:49:37
E00941,INCIDENT,Event 00941,Synthetic incident event record describing an observed investigative activity. It is intended for temporal and graph-analysis testing.,2025-12-14 13:13:02,2025-12-14 23:18:02,L01709,,PERSON,P03184,SRC005,EV00949,0.94,2024-04-26 03:39:41
E00942,INCIDENT,Event 00942,Facere illum necessitatibus numquam architecto qui odio.,2024-06-01 03:57:10,2024-06-01 14:37:10,L02165,C00057,PERSON,P01100,SRC016,EV02811,0.85,2025-08-29 16:33:00
E00943,SURVEILLANCE,Event 00943,Synthetic surveillance event record describing an observed investigative activity. It is intended for temporal and graph-analysis testing.,2025-03-24 14:16:44,2025-03-24 18:31:44,L01239,,PERSON,P01478,SRC011,EV03217,0.79,2024-02-02 16:51:49
E00944,TRAVEL,Event 00944,Iure cumque ipsa molestias ratione quis animi eos laboriosam eveniet repellat nemo aliquid eveniet.,2026-01-17 12:08:47,2026-01-17 15:06:47,L02084,,PERSON,P01754,SRC008,EV00101,0.85,2025-06-28 17:21:05
E00945,MEETING,Event 00945,Synthetic meeting event record describing an observed investigative activity. It is intended for temporal and graph-analysis testing.,2025-04-09 05:56:23,2025-04-09 14:42:23,L02135,C00762,PERSON,P02721,SRC018,EV04525,0.9,2024-10-12 23:49:45
E00946,SURVEILLANCE,Event 00946,Velit quis laborum asperiores culpa facilis odit impedit libero reprehenderit quia rerum excepturi.,2025-02-18 03:29:53,2025-02-18 14:32:53,L01966,,PERSON,P02961,SRC030,EV00312,0.86,2025-05-27 17:56:12
E00947,TRAVEL,Event 00947,Synthetic travel event record describing an observed investigative activity. It is intended for temporal and graph-analysis testing.,2026-02-28 01:52:57,2026-02-28 11:29:57,L02307,C00837,PERSON,P03167,SRC009,EV02169,0.9,2026-01-16 08:08:37
E00948,INCIDENT,Event 00948,Synthetic incident event record describing an observed investigative activity. It is intended for temporal and graph-analysis testing.,2024-05-17 10:29:56,2024-05-17 18:14:56,L01838,C00366,PERSON,P03486,SRC005,EV04312,0.88,2024-06-26 04:08:24
E00949,CRIME,Event 00949,Vitae nihil aliquam laudantium adipisci dicta velit laudantium saepe.,2025-07-17 00:58:09,2025-07-17 06:06:09,L02471,,PERSON,P03525,SRC027,EV00348,0.94,2025-07-06 05:11:07
E00950,TRAVEL,Event 00950,Synthetic travel event record describing an observed investigative activity. It is intended for temporal and graph-analysis testing.,2024-09-02 20:04:24,2024-09-03 06:17:24,L00921,C01022,PERSON,P03838,SRC016,EV01276,0.84,2024-04-15 18:59:50
E00951,MEETING,Event 00951,Synthetic meeting event record describing an observed investigative activity. It is intended for temporal and graph-analysis testing.,2026-01-11 17:26:37,2026-01-12 04:51:37,L00598,C00076,PERSON,P01039,SRC010,EV02218,0.95,2024-01-30 23:30:47
E00952,CRIME,Event 00952,Synthetic crime event record describing an observed investigative activity. It is intended for temporal and graph-analysis testing.,2024-01-30 17:03:21,2024-01-31 03:53:21,L01131,,PERSON,P03579,SRC011,EV02322,0.77,2025-12-23 11:43:05
E00953,INCIDENT,Event 00953,Quam iure alias quibusdam deleniti veniam corporis qui atque nulla a aliquid ab delectus iure.,2025-09-13 13:12:16,2025-09-14 00:02:16,L00846,C00440,PERSON,P02361,SRC002,EV00275,0.96,2024-08-21 14:28:00
E00954,INCIDENT,Event 00954,Synthetic incident event record describing an observed investigative activity. It is intended for temporal and graph-analysis testing.,2026-04-22 03:30:42,2026-04-22 05:49:42,L00853,,PERSON,P00083,SRC003,EV04627,0.87,2025-10-17 10:47:44
E00955,ARREST,Event 00955,Eius delectus explicabo est culpa cumque illo officiis optio placeat esse omnis officiis assumenda.,2026-04-23 06:48:13,2026-04-23 09:26:13,L01405,,PERSON,P03159,SRC030,EV04446,0.84,2025-07-29 01:51:13
E00956,TRAVEL,Event 00956,Synthetic travel event record describing an observed investigative activity. It is intended for temporal and graph-analysis testing.,2024-07-18 10:37:17,2024-07-18 20:47:17,L02028,C00472,PERSON,P02463,SRC017,EV00814,0.94,2026-08-30 03:40:17
E00957,SURVEILLANCE,Event 00957,Synthetic surveillance event record describing an observed investigative activity. It is intended for temporal and graph-analysis testing.,2026-03-08 16:30:13,2026-03-08 22:01:13,L01564,,PERSON,P01462,SRC021,EV04675,0.73,2026-04-20 07:00:28
E00958,SURVEILLANCE,Event 00958,Tenetur earum debitis eaque natus soluta ad rem.,2024-06-02 12:28:27,2024-06-02 13:16:27,L00787,C00448,PERSON,P03295,SRC019,EV02596,0.73,2026-02-15 05:08:28
E00959,TRAVEL,Event 00959,Synthetic travel event record describing an observed investigative activity. It is intended for temporal and graph-analysis testing.,2025-01-11 08:27:09,2025-01-11 14:14:09,L02099,,PERSON,P00019,SRC005,EV00720,0.74,2024-08-31 17:53:03
E00960,MEETING,Event 00960,Eum natus consequuntur assumenda distinctio autem consectetur unde atque aut consequatur iste harum omnis.,2024-12-18 05:49:39,2024-12-18 16:33:39,L02030,C01079,PERSON,P01541,SRC004,EV01630,0.89,2026-05-16 07:33:46
E00961,TRANSACTION,Event 00961,Synthetic transaction event record describing an observed investigative activity. It is intended for temporal and graph-analysis testing.,2024-08-24 14:33:28,2024-08-24 18:28:28,L00441,C00474,PERSON,P03473,SRC016,EV00034,0.94,2024-01-03 05:00:19
E00962,CRIME,Event 00962,Vitae quis repudiandae illum nihil odit mollitia iure.,2024-06-10 15:27:17,2024-06-10 22:58:17,L01101,,PERSON,P00736,SRC023,EV02713,0.74,2026-08-10 14:43:22
E00963,SURVEILLANCE,Event 00963,Synthetic surveillance event record describing an observed investigative activity. It is intended for temporal and graph-analysis testing.,2026-06-06 18:35:21,2026-06-07 05:47:21,L00543,,PERSON,P00058,SRC005,EV02655,0.98,2024-10-13 10:23:08
E00964,TRANSACTION,Event 00964,Synthetic transaction event record describing an observed investigative activity. It is intended for temporal and graph-analysis testing.,2024-01-28 09:52:06,2024-01-28 13:18:06,L01396,C01084,PERSON,P03877,SRC030,EV02074,0.94,2026-01-20 01:28:31
E00965,TRAVEL,Event 00965,Nisi quis a ea quis tempore et sunt in a possimus ad ipsam hic ratione.,2026-08-24 07:37:49,2026-08-24 08:02:49,L00078,C00566,PERSON,P02999,SRC017,EV04794,0.93,2024-08-15 01:26:49
E00966,TRAVEL,Event 00966,Synthetic travel event record describing an observed investigative activity. It is intended for temporal and graph-analysis testing.,2024-02-12 20:11:40,2024-02-13 04:18:40,L01994,C00557,PERSON,P00209,SRC016,EV03523,0.89,2026-01-16 20:12:54
E00967,MEETING,Event 00967,Synthetic meeting event record describing an observed investigative activity. It is intended for temporal and graph-analysis testing.,2024-03-04 02:25:59,2024-03-04 06:30:59,L00249,C00711,PERSON,P00464,SRC015,EV03402,0.91,2026-04-20 15:47:11
E00968,INCIDENT,Event 00968,Synthetic incident event record describing an observed investigative activity. It is intended for temporal and graph-analysis testing.,2024-02-03 15:09:03,2024-02-03 22:15:03,L02348,C01123,PERSON,P03033,SRC022,EV02962,0.95,2025-04-26 17:35:07
E00969,TRANSACTION,Event 00969,Debitis delectus voluptates odit maiores voluptatibus minus inventore.,2025-04-10 08:05:29,2025-04-10 12:37:29,L01388,,PERSON,P01347,SRC006,EV04866,0.95,2024-10-01 22:17:19
E00970,MEETING,Event 00970,Sed maiores vitae nihil assumenda voluptatem laudantium.,2024-03-04 14:33:49,2024-03-04 22:44:49,L01334,,PERSON,P00479,SRC016,EV01484,0.83,2026-04-27 09:11:40
E00971,TRAVEL,Event 00971,Fuga quam deserunt sit necessitatibus quibusdam omnis placeat.,2025-02-12 01:36:20,2025-02-12 09:23:20,L00027,C00476,PERSON,P02412,SRC012,EV00986,0.94,2025-08-03 03:44:22
E00972,TRAVEL,Event 00972,Molestiae porro inventore temporibus officiis mollitia tempora accusamus facere rem corrupti.,2024-05-13 00:50:11,2024-05-13 10:49:11,L02359,C01098,PERSON,P01364,SRC028,EV01952,0.83,2025-03-07 02:18:28
E00973,MEETING,Event 00973,Synthetic meeting event record describing an observed investigative activity. It is intended for temporal and graph-analysis testing.,2026-07-20 16:19:59,2026-07-20 20:41:59,L01667,C01017,PERSON,P01267,SRC013,EV00100,0.9,2026-03-15 15:04:16
E00974,CRIME,Event 00974,Synthetic crime event record describing an observed investigative activity. It is intended for temporal and graph-analysis testing.,2025-01-02 09:43:12,2025-01-02 20:45:12,L01499,C00899,PERSON,P02569,SRC016,EV00671,0.86,2025-01-22 14:24:39
E00975,MEETING,Event 00975,Synthetic meeting event record describing an observed investigative activity. It is intended for temporal and graph-analysis testing.,2025-06-11 15:55:02,2025-06-12 00:59:02,L00246,C00311,PERSON,P02428,SRC029,EV02552,0.79,2024-07-28 08:56:15
E00976,INCIDENT,Event 00976,Synthetic incident event record describing an observed investigative activity. It is intended for temporal and graph-analysis testing.,2025-11-19 06:19:14,2025-11-19 11:04:14,L00926,C01022,PERSON,P00170,SRC011,EV02684,0.85,2025-09-16 07:48:31
E00977,TRANSACTION,Event 00977,Synthetic transaction event record describing an observed investigative activity. It is intended for temporal and graph-analysis testing.,2026-04-13 21:33:15,2026-04-14 09:33:15,L00089,,PERSON,P02637,SRC013,EV04665,0.97,2024-08-13 16:45:02
E00978,INCIDENT,Event 00978,Synthetic incident event record describing an observed investigative activity. It is intended for temporal and graph-analysis testing.,2025-12-28 07:36:26,2025-12-28 13:23:26,L01702,,PERSON,P02513,SRC025,EV03842,0.73,2024-12-21 07:46:56
E00979,ARREST,Event 00979,Inventore reprehenderit rem consequatur veniam ratione fugit facilis temporibus beatae velit ducimus tempore eius.,2026-06-20 16:19:05,2026-06-20 17:57:05,L00386,,PERSON,P03954,SRC002,EV01579,0.81,2025-08-01 06:29:39
E00980,ARREST,Event 00980,Synthetic arrest event record describing an observed investigative activity. It is intended for temporal and graph-analysis testing.,2024-11-07 03:11:01,2024-11-07 12:40:01,L01572,C00615,PERSON,P01984,SRC025,EV03431,0.75,2025-02-11 11:48:59
E00981,CRIME,Event 00981,Amet sed quod vitae nisi culpa sit modi quod.,2026-05-12 10:45:50,2026-05-12 11:37:50,L01337,,PERSON,P01602,SRC027,EV01779,0.95,2024-12-11 05:14:29
E00982,INCIDENT,Event 00982,Iste labore delectus ratione eaque sequi id eaque atque rerum tenetur enim quas ratione id distinctio.,2024-01-18 09:20:15,2024-01-18 12:24:15,L02209,C00404,PERSON,P01385,SRC009,EV02520,0.75,2024-08-14 19:00:44
E00983,TRAVEL,Event 00983,Synthetic travel event record describing an observed investigative activity. It is intended for temporal and graph-analysis testing.,2024-03-07 05:55:28,2024-03-07 07:01:28,L00498,,PERSON,P03333,SRC028,EV00790,0.92,2025-09-08 15:28:45
E00984,TRAVEL,Event 00984,Synthetic travel event record describing an observed investigative activity. It is intended for temporal and graph-analysis testing.,2026-01-20 19:06:18,2026-01-20 22:04:18,L00143,C00659,PERSON,P00089,SRC023,EV03085,0.83,2026-01-21 17:59:19
E00985,CRIME,Event 00985,Synthetic crime event record describing an observed investigative activity. It is intended for temporal and graph-analysis testing.,2024-07-10 23:21:54,2024-07-11 04:46:54,L00601,C00789,PERSON,P02998,SRC012,EV03614,0.89,2024-10-11 22:03:21
E00986,INCIDENT,Event 00986,Modi deleniti iusto quas ab inventore esse ducimus.,2025-09-12 05:20:15,2025-09-12 08:18:15,L01847,C00184,PERSON,P03566,SRC004,EV03255,0.82,2025-03-15 04:08:23
E00987,INCIDENT,Event 00987,Quod inventore odio impedit nulla ipsam enim nemo nam maiores culpa possimus corrupti repellendus nihil.,2024-02-03 21:24:30,2024-02-04 02:39:30,L02187,C00413,PERSON,P02431,SRC023,EV02708,0.8,2025-04-17 04:12:21
E00988,SURVEILLANCE,Event 00988,Aliquid veniam tempore rerum hic veniam qui quisquam nisi voluptatem aut.,2024-09-30 08:59:17,2024-09-30 10:10:17,L01340,,PERSON,P01324,SRC029,EV00890,0.75,2024-12-27 10:24:52
E00989,TRAVEL,Event 00989,Synthetic travel event record describing an observed investigative activity. It is intended for temporal and graph-analysis testing.,2025-01-22 06:27:42,2025-01-22 08:20:42,L00005,,PERSON,P02642,SRC028,EV02267,0.76,2025-12-07 07:42:05
E00990,TRANSACTION,Event 00990,Laboriosam quasi minima quos nobis veniam nam ea odit natus libero fuga.,2024-09-04 19:14:38,2024-09-04 21:24:38,L00289,C00681,PERSON,P00022,SRC020,EV03086,0.87,2025-06-06 09:44:31
E00991,CRIME,Event 00991,Libero occaecati libero repudiandae sunt quos cumque incidunt facilis cumque.,2025-04-10 05:50:20,2025-04-10 07:45:20,L02407,,PERSON,P00160,SRC028,EV03738,0.87,2025-09-18 12:28:17
E00992,INCIDENT,Event 00992,Fugiat eligendi reiciendis deserunt aperiam libero suscipit.,2026-06-21 19:06:16,2026-06-21 23:57:16,L00794,C00342,PERSON,P00636,SRC017,EV04186,0.71,2026-06-18 19:58:51
E00993,ARREST,Event 00993,Est fugit nihil natus aperiam maxime enim eveniet.,2024-11-13 03:32:25,2024-11-13 11:56:25,L01271,C00702,PERSON,P03189,SRC006,EV00022,0.87,2024-03-31 19:17:05
E00994,ARREST,Event 00994,Facere animi corporis quis natus placeat quidem non.,2024-08-24 14:08:12,2024-08-24 23:59:12,L01442,C00406,PERSON,P01286,SRC002,EV02937,0.92,2026-06-30 07:42:00
E00995,CRIME,Event 00995,Synthetic crime event record describing an observed investigative activity. It is intended for temporal and graph-analysis testing.,2024-11-25 07:15:36,2024-11-25 18:38:36,L01989,,PERSON,P01970,SRC008,EV03708,0.72,2026-05-09 16:06:52
E00996,TRANSACTION,Event 00996,Officia nostrum architecto temporibus accusamus reprehenderit labore labore consequuntur.,2026-02-18 12:43:40,2026-02-18 21:59:40,L00304,,PERSON,P02001,SRC027,EV01855,0.76,2025-06-05 19:57:52
E00997,TRANSACTION,Event 00997,Synthetic transaction event record describing an observed investigative activity. It is intended for temporal and graph-analysis testing.,2024-12-23 16:56:58,2024-12-23 19:04:58,L00432,C00764,PERSON,P00378,SRC005,EV04393,0.95,2025-06-02 08:13:07
E00998,SURVEILLANCE,Event 00998,Synthetic surveillance event record describing an observed investigative activity. It is intended for temporal and graph-analysis testing.,2024-04-08 00:25:54,2024-04-08 07:15:54,L01828,C00529,PERSON,P02528,SRC012,EV03708,0.74,2025-01-10 02:59:01
E00999,ARREST,Event 00999,Synthetic arrest event record describing an observed investigative activity. It is intended for temporal and graph-analysis testing.,2026-05-31 07:57:53,2026-05-31 14:17:53,L00415,C00294,PERSON,P03228,SRC019,EV01995,0.76,2025-10-04 03:34:37
E01000,CRIME,Event 01000,Synthetic crime event record describing an observed investigative activity. It is intended for temporal and graph-analysis testing.,2025-09-19 01:20:54,2025-09-19 04:33:54,L00375,C00361,PERSON,P01018,SRC016,EV03402,0.96,2025-02-20 12:35:27
E01001,INCIDENT,Event 01001,Ex veniam vitae deleniti tempore eligendi repudiandae quis.,2026-08-30 11:15:18,2026-08-30 14:52:18,L02114,C00192,PERSON,P00486,SRC027,EV01013,0.77,2025-07-29 16:51:24
E01002,TRAVEL,Event 01002,Synthetic travel event record describing an observed investigative activity. It is intended for temporal and graph-analysis testing.,2025-07-30 04:43:31,2025-07-30 13:28:31,L01838,C00424,PERSON,P03144,SRC025,EV04210,0.86,2026-03-18 16:17:58
E01003,ARREST,Event 01003,Quidem ullam totam perspiciatis expedita sit ut cum officiis explicabo sapiente maxime.,2024-08-04 07:25:44,2024-08-04 13:39:44,L00266,C01173,PERSON,P00664,SRC026,EV00544,0.89,2024-02-17 10:49:34
E01004,TRANSACTION,Event 01004,Synthetic transaction event record describing an observed investigative activity. It is intended for temporal and graph-analysis testing.,2025-03-07 03:03:45,2025-03-07 14:25:45,L00843,,PERSON,P00240,SRC017,EV02773,0.74,2024-10-18 16:50:10
E01005,INCIDENT,Event 01005,Synthetic incident event record describing an observed investigative activity. It is intended for temporal and graph-analysis testing.,2025-10-19 20:35:17,2025-10-20 03:38:17,L01231,C01102,PERSON,P02408,SRC018,EV03579,0.96,2024-05-26 06:45:00
E01006,ARREST,Event 01006,Synthetic arrest event record describing an observed investigative activity. It is intended for temporal and graph-analysis testing.,2025-07-22 12:50:34,2025-07-22 17:03:34,L00318,C00635,PERSON,P01457,SRC004,EV02067,0.85,2026-03-02 15:07:09
E01007,ARREST,Event 01007,Synthetic arrest event record describing an observed investigative activity. It is intended for temporal and graph-analysis testing.,2024-02-05 00:36:35,2024-02-05 08:03:35,L02109,C00047,PERSON,P03463,SRC004,EV03991,0.81,2025-11-25 23:41:13
E01008,TRANSACTION,Event 01008,Synthetic transaction event record describing an observed investigative activity. It is intended for temporal and graph-analysis testing.,2026-07-21 02:24:32,2026-07-21 14:18:32,L00485,,PERSON,P00933,SRC023,EV01441,0.77,2026-07-14 18:16:29
E01009,INCIDENT,Event 01009,Synthetic incident event record describing an observed investigative activity. It is intended for temporal and graph-analysis testing.,2025-07-23 03:44:48,2025-07-23 10:10:48,L00185,C00102,PERSON,P03826,SRC030,EV00794,0.93,2025-02-14 05:15:05
E01010,CRIME,Event 01010,Synthetic crime event record describing an observed investigative activity. It is intended for temporal and graph-analysis testing.,2024-01-01 09:00:20,2024-01-01 19:33:20,L01850,,PERSON,P03189,SRC013,EV01457,0.96,2025-10-24 19:37:09
E01011,TRANSACTION,Event 01011,Quis quia ratione pariatur adipisci laboriosam dignissimos ducimus.,2024-05-19 07:55:09,2024-05-19 09:45:09,L02391,C00007,PERSON,P02331,SRC006,EV00167,0.8,2025-12-23 02:40:52
E01012,SURVEILLANCE,Event 01012,Synthetic surveillance event record describing an observed investigative activity. It is intended for temporal and graph-analysis testing.,2025-01-21 05:17:45,2025-01-21 12:47:45,L01428,,PERSON,P00832,SRC015,EV04634,0.9,2024-12-22 20:51:52
E01013,SURVEILLANCE,Event 01013,Synthetic surveillance event record describing an observed investigative activity. It is intended for temporal and graph-analysis testing.,2024-04-21 03:42:22,2024-04-21 07:54:22,L01801,C00274,PERSON,P00012,SRC005,EV00246,0.72,2025-08-25 00:54:05
E01014,TRAVEL,Event 01014,Synthetic travel event record describing an observed investigative activity. It is intended for temporal and graph-analysis testing.,2026-06-04 18:04:00,2026-06-04 20:53:00,L01262,C00997,PERSON,P01728,SRC021,EV03429,0.97,2025-11-05 06:40:14
E01015,SURVEILLANCE,Event 01015,Synthetic surveillance event record describing an observed investigative activity. It is intended for temporal and graph-analysis testing.,2026-07-06 07:55:52,2026-07-06 19:53:52,L01503,C01073,PERSON,P03576,SRC017,EV01447,0.93,2025-12-29 06:46:13
E01016,MEETING,Event 01016,Synthetic meeting event record describing an observed investigative activity. It is intended for temporal and graph-analysis testing.,2024-09-01 19:52:41,2024-09-02 01:38:41,L00680,,PERSON,P02609,SRC010,EV02943,0.88,2025-01-19 13:03:07
E01017,SURVEILLANCE,Event 01017,Synthetic surveillance event record describing an observed investigative activity. It is intended for temporal and graph-analysis testing.,2024-11-05 00:11:15,2024-11-05 09:53:15,L01122,,PERSON,P02354,SRC021,EV02737,0.9,2026-02-19 23:51:12
E01018,TRANSACTION,Event 01018,Synthetic transaction event record describing an observed investigative activity. It is intended for temporal and graph-analysis testing.,2025-05-28 04:21:22,2025-05-28 10:58:22,L01586,C01133,PERSON,P00187,SRC023,EV00192,0.71,2026-07-01 09:27:57
E01019,TRAVEL,Event 01019,Synthetic travel event record describing an observed investigative activity. It is intended for temporal and graph-analysis testing.,2024-10-16 17:27:41,2024-10-17 04:47:41,L01728,C01157,PERSON,P02709,SRC003,EV03177,0.8,2026-03-23 21:06:32
E01020,SURVEILLANCE,Event 01020,Synthetic surveillance event record describing an observed investigative activity. It is intended for temporal and graph-analysis testing.,2024-09-06 04:13:55,2024-09-06 11:15:55,L02424,,PERSON,P02279,SRC019,EV04282,0.9,2026-01-03 20:48:24
E01021,MEETING,Event 01021,Synthetic meeting event record describing an observed investigative activity. It is intended for temporal and graph-analysis testing.,2024-10-19 22:13:05,2024-10-20 08:27:05,L01360,C00128,PERSON,P01008,SRC024,EV00350,0.75,2024-02-11 12:57:15
E01022,INCIDENT,Event 01022,Aliquid eius quasi officia quam libero quibusdam.,2026-06-15 08:26:18,2026-06-15 16:19:18,L01919,,PERSON,P03065,SRC010,EV01942,0.76,2026-01-26 11:25:57
E01023,MEETING,Event 01023,Synthetic meeting event record describing an observed investigative activity. It is intended for temporal and graph-analysis testing.,2026-06-14 20:16:06,2026-06-15 02:55:06,L02434,C00238,PERSON,P03778,SRC026,EV00927,0.79,2025-11-12 20:36:47
E01024,TRANSACTION,Event 01024,Expedita vitae deserunt esse iste aperiam laborum.,2025-06-23 19:24:47,2025-06-23 21:55:47,L01376,C00031,PERSON,P02792,SRC008,EV02296,0.84,2024-02-11 14:56:06
E01025,MEETING,Event 01025,Voluptatibus in eaque harum molestias ullam impedit libero consequuntur ratione nobis.,2024-09-21 00:12:05,2024-09-21 08:58:05,L00687,C00236,PERSON,P01014,SRC008,EV03328,0.95,2026-07-02 04:49:40
E01026,INCIDENT,Event 01026,Synthetic incident event record describing an observed investigative activity. It is intended for temporal and graph-analysis testing.,2025-10-18 20:21:17,2025-10-19 02:02:17,L00428,C00160,PERSON,P00425,SRC005,EV04950,0.94,2026-04-14 14:52:36
E01027,TRANSACTION,Event 01027,Synthetic transaction event record describing an observed investigative activity. It is intended for temporal and graph-analysis testing.,2025-04-06 13:58:25,2025-04-06 22:42:25,L02014,C00001,PERSON,P03716,SRC019,EV02892,0.76,2024-04-03 09:52:22
E01028,ARREST,Event 01028,Synthetic arrest event record describing an observed investigative activity. It is intended for temporal and graph-analysis testing.,2024-10-10 01:12:40,2024-10-10 03:24:40,L00276,C00311,PERSON,P03376,SRC024,EV04565,0.77,2024-06-08 18:57:49
E01029,SURVEILLANCE,Event 01029,Synthetic surveillance event record describing an observed investigative activity. It is intended for temporal and graph-analysis testing.,2024-07-09 12:49:48,2024-07-09 21:07:48,L00385,C00051,PERSON,P02031,SRC012,EV04687,0.77,2024-03-30 09:24:56
E01030,MEETING,Event 01030,Synthetic meeting event record describing an observed investigative activity. It is intended for temporal and graph-analysis testing.,2024-07-19 08:51:45,2024-07-19 09:46:45,L02326,C00715,PERSON,P02750,SRC016,EV02166,0.86,2025-07-22 02:01:37
E01031,INCIDENT,Event 01031,Synthetic incident event record describing an observed investigative activity. It is intended for temporal and graph-analysis testing.,2024-09-29 00:19:58,2024-09-29 02:56:58,L01731,,PERSON,P03169,SRC006,EV03637,0.84,2024-02-02 08:19:19
E01032,ARREST,Event 01032,Eum inventore distinctio quisquam rem earum porro nam soluta magnam.,2025-11-06 03:52:09,2025-11-06 08:28:09,L01741,,PERSON,P01720,SRC013,EV03815,0.84,2024-11-02 11:32:26
E01033,MEETING,Event 01033,Synthetic meeting event record describing an observed investigative activity. It is intended for temporal and graph-analysis testing.,2024-03-06 12:47:27,2024-03-06 13:57:27,L01399,,PERSON,P00130,SRC024,EV03969,0.94,2026-07-10 01:16:51
E01034,CRIME,Event 01034,Synthetic crime event record describing an observed investigative activity. It is intended for temporal and graph-analysis testing.,2024-02-26 13:31:00,2024-02-27 00:02:00,L00832,C00202,PERSON,P02100,SRC021,EV01150,0.84,2024-11-14 22:20:03
E01035,MEETING,Event 01035,Synthetic meeting event record describing an observed investigative activity. It is intended for temporal and graph-analysis testing.,2024-11-24 15:58:44,2024-11-24 16:30:44,L00711,,PERSON,P01313,SRC028,EV02665,0.9,2024-05-25 03:19:56
E01036,TRANSACTION,Event 01036,Unde minus ut temporibus reiciendis placeat omnis dicta deserunt ea reprehenderit itaque deserunt neque modi.,2024-08-28 22:23:43,2024-08-28 23:29:43,L01884,C00109,PERSON,P00669,SRC015,EV01509,0.88,2025-10-07 06:37:58
E01037,TRANSACTION,Event 01037,Suscipit recusandae minus repellat omnis temporibus ad.,2025-01-14 09:23:36,2025-01-14 20:32:36,L01014,C00279,PERSON,P03235,SRC029,EV00795,0.84,2025-05-26 15:31:49
E01038,TRAVEL,Event 01038,Repudiandae saepe tenetur reiciendis tenetur iure culpa inventore officiis non aliquam.,2026-07-11 04:53:51,2026-07-11 11:05:51,L01179,C00300,PERSON,P03494,SRC029,EV00931,0.95,2025-10-18 07:22:22
E01039,SURVEILLANCE,Event 01039,Magni aliquid minima corrupti delectus ullam eaque nisi vitae suscipit temporibus qui nostrum assumenda.,2025-02-12 15:49:21,2025-02-12 19:37:21,L02097,C00197,PERSON,P01027,SRC003,EV04994,0.76,2026-04-05 17:00:48
E01040,SURVEILLANCE,Event 01040,Iste odit distinctio quo perspiciatis eos in ducimus repellendus ab labore debitis assumenda pariatur iure.,2025-05-26 09:04:39,2025-05-26 11:43:39,L01536,C00850,PERSON,P01298,SRC015,EV03407,0.93,2024-08-13 20:21:39
E01041,CRIME,Event 01041,Excepturi temporibus pariatur est rerum sequi veniam sapiente.,2024-11-15 09:26:09,2024-11-15 11:33:09,L01776,C01114,PERSON,P02462,SRC012,EV02827,0.87,2026-04-16 12:55:05
E01042,MEETING,Event 01042,Est error autem eaque ab pariatur eius sit.,2025-07-17 15:25:30,2025-07-17 23:24:30,L00561,C00538,PERSON,P01322,SRC024,EV03022,0.72,2025-05-14 01:03:08
E01043,CRIME,Event 01043,Synthetic crime event record describing an observed investigative activity. It is intended for temporal and graph-analysis testing.,2025-10-10 19:01:54,2025-10-10 23:35:54,L00714,C00721,PERSON,P02453,SRC002,EV01132,0.84,2026-01-02 23:24:36
E01044,TRAVEL,Event 01044,Synthetic travel event record describing an observed investigative activity. It is intended for temporal and graph-analysis testing.,2024-08-26 22:38:14,2024-08-27 10:24:14,L00474,C01044,PERSON,P02310,SRC022,EV04597,0.71,2026-01-11 20:01:04
E01045,ARREST,Event 01045,Synthetic arrest event record describing an observed investigative activity. It is intended for temporal and graph-analysis testing.,2026-01-12 09:33:44,2026-01-12 19:48:44,L01905,C01034,PERSON,P01589,SRC007,EV03608,0.79,2025-03-02 01:37:29
E01046,SURVEILLANCE,Event 01046,Synthetic surveillance event record describing an observed investigative activity. It is intended for temporal and graph-analysis testing.,2025-10-31 18:39:29,2025-10-31 23:17:29,L02236,,PERSON,P03849,SRC009,EV00413,0.84,2026-03-16 10:01:56
E01047,SURVEILLANCE,Event 01047,Synthetic surveillance event record describing an observed investigative activity. It is intended for temporal and graph-analysis testing.,2024-04-28 20:33:54,2024-04-29 06:01:54,L00134,,PERSON,P03394,SRC009,EV04816,0.81,2026-03-28 11:10:23
E01048,INCIDENT,Event 01048,Synthetic incident event record describing an observed investigative activity. It is intended for temporal and graph-analysis testing.,2025-07-08 23:59:18,2025-07-09 10:08:18,L00959,C00763,PERSON,P03474,SRC013,EV03301,0.85,2025-04-10 15:38:45
E01049,ARREST,Event 01049,Synthetic arrest event record describing an observed investigative activity. It is intended for temporal and graph-analysis testing.,2024-01-04 01:18:01,2024-01-04 01:42:01,L02168,C00971,PERSON,P03798,SRC015,EV02316,0.79,2026-06-13 12:29:05
E01050,SURVEILLANCE,Event 01050,Synthetic surveillance event record describing an observed investigative activity. It is intended for temporal and graph-analysis testing.,2026-08-12 08:51:21,2026-08-12 16:27:21,L02170,C00069,PERSON,P03850,SRC028,EV02151,0.8,2025-06-02 06:25:30
E01051,TRAVEL,Event 01051,Synthetic travel event record describing an observed investigative activity. It is intended for temporal and graph-analysis testing.,2025-10-15 02:13:34,2025-10-15 07:46:34,L02137,,PERSON,P02398,SRC005,EV00183,0.8,2026-03-13 00:27:56
E01052,INCIDENT,Event 01052,Synthetic incident event record describing an observed investigative activity. It is intended for temporal and graph-analysis testing.,2024-05-25 16:42:48,2024-05-26 01:09:48,L00167,,PERSON,P00597,SRC028,EV00828,0.73,2026-05-19 17:53:50
E01053,CRIME,Event 01053,Est distinctio eligendi sed eveniet officia reprehenderit at odit aut rem temporibus inventore.,2026-07-23 19:29:14,2026-07-24 03:31:14,L01822,C00219,PERSON,P01823,SRC007,EV00667,0.96,2025-09-15 00:03:12
E01054,CRIME,Event 01054,Synthetic crime event record describing an observed investigative activity. It is intended for temporal and graph-analysis testing.,2025-12-31 01:09:38,2025-12-31 05:49:38,L00126,C00192,PERSON,P00626,SRC026,EV01385,0.72,2026-06-13 23:42:18
E01055,ARREST,Event 01055,Synthetic arrest event record describing an observed investigative activity. It is intended for temporal and graph-analysis testing.,2026-06-06 23:21:49,2026-06-07 02:20:49,L00180,C00534,PERSON,P03452,SRC030,EV00851,0.85,2026-02-01 20:53:03
E01056,ARREST,Event 01056,Repudiandae eos expedita rem vero adipisci cumque soluta modi alias totam.,2025-10-05 10:02:11,2025-10-05 14:48:11,L00317,C00876,PERSON,P03417,SRC020,EV03044,0.8,2025-11-30 21:15:44
E01057,CRIME,Event 01057,Synthetic crime event record describing an observed investigative activity. It is intended for temporal and graph-analysis testing.,2026-05-01 20:10:58,2026-05-02 06:00:58,L00017,C00714,PERSON,P01560,SRC002,EV04028,0.76,2026-07-02 03:35:53
E01058,INCIDENT,Event 01058,Synthetic incident event record describing an observed investigative activity. It is intended for temporal and graph-analysis testing.,2024-05-31 00:46:50,2024-05-31 04:04:50,L01698,C00521,PERSON,P00280,SRC014,EV04310,0.77,2024-09-03 22:02:44
E01059,ARREST,Event 01059,Synthetic arrest event record describing an observed investigative activity. It is intended for temporal and graph-analysis testing.,2026-04-04 04:42:52,2026-04-04 10:34:52,L02157,,PERSON,P01641,SRC018,EV04302,0.9,2024-02-03 06:00:44
E01060,MEETING,Event 01060,Hic error rerum laboriosam molestias magni dignissimos suscipit esse natus enim quia ea.,2026-03-16 03:21:42,2026-03-16 06:03:42,L01729,C00442,PERSON,P02718,SRC019,EV04825,0.74,2024-09-10 08:31:04
E01061,MEETING,Event 01061,Labore totam earum sequi in voluptatem neque modi.,2026-06-01 06:00:11,2026-06-01 09:00:11,L01459,,PERSON,P01149,SRC018,EV04116,0.81,2025-11-23 08:52:02
E01062,INCIDENT,Event 01062,Officia omnis quisquam aut ea consequatur delectus sit necessitatibus enim.,2025-11-02 14:59:57,2025-11-03 01:45:57,L02270,,PERSON,P00404,SRC013,EV02957,0.97,2025-05-12 10:56:03
E01063,TRAVEL,Event 01063,Synthetic travel event record describing an observed investigative activity. It is intended for temporal and graph-analysis testing.,2024-03-30 01:26:35,2024-03-30 13:09:35,L01932,,PERSON,P00914,SRC005,EV03963,0.77,2025-03-04 20:13:15
E01064,SURVEILLANCE,Event 01064,Ex iste explicabo nihil impedit vitae nulla reiciendis.,2026-08-30 11:33:11,2026-08-30 15:58:11,L00732,C00218,PERSON,P00631,SRC020,EV04047,0.75,2026-08-09 18:28:45
E01065,MEETING,Event 01065,Natus culpa reprehenderit libero aliquid velit error nam minus fuga sapiente sunt quod.,2024-12-20 23:36:28,2024-12-21 09:53:28,L00890,C00426,PERSON,P02415,SRC019,EV02353,0.9,2026-08-09 14:24:00
E01066,SURVEILLANCE,Event 01066,Synthetic surveillance event record describing an observed investigative activity. It is intended for temporal and graph-analysis testing.,2025-04-01 02:25:37,2025-04-01 06:42:37,L01760,C00223,PERSON,P03819,SRC008,EV04915,0.77,2026-07-03 09:28:14
E01067,TRAVEL,Event 01067,Iste eveniet nisi ipsam sit maxime laborum amet sint commodi temporibus neque facere vero.,2026-03-25 14:06:33,2026-03-26 01:27:33,L01489,C01027,PERSON,P00867,SRC019,EV00966,0.95,2024-04-24 00:07:32
E01068,SURVEILLANCE,Event 01068,Synthetic surveillance event record describing an observed investigative activity. It is intended for temporal and graph-analysis testing.,2026-02-19 04:59:00,2026-02-19 08:44:00,L00068,,PERSON,P00774,SRC026,EV00522,0.89,2025-02-27 19:42:05
E01069,TRAVEL,Event 01069,Synthetic travel event record describing an observed investigative activity. It is intended for temporal and graph-analysis testing.,2024-04-21 14:38:43,2024-04-21 16:25:43,L00947,C00472,PERSON,P00097,SRC020,EV04441,0.72,2026-05-12 17:12:36
E01070,MEETING,Event 01070,Synthetic meeting event record describing an observed investigative activity. It is intended for temporal and graph-analysis testing.,2025-04-08 15:17:40,2025-04-08 20:46:40,L01691,C01041,PERSON,P02165,SRC022,EV00865,0.85,2026-08-11 19:21:56
E01071,CRIME,Event 01071,Ad officia non at quasi sequi labore atque laborum.,2024-01-29 06:21:05,2024-01-29 11:35:05,L01374,C00292,PERSON,P02967,SRC016,EV01551,0.7,2025-10-08 07:51:04
E01072,TRANSACTION,Event 01072,Synthetic transaction event record describing an observed investigative activity. It is intended for temporal and graph-analysis testing.,2025-11-29 09:11:38,2025-11-29 17:23:38,L01768,,PERSON,P00718,SRC015,EV04747,0.91,2025-05-30 02:55:47
E01073,INCIDENT,Event 01073,Unde ipsa ab at numquam ut officiis.,2024-09-16 07:23:47,2024-09-16 16:18:47,L00157,C00970,PERSON,P00576,SRC018,EV03388,0.91,2026-07-19 23:43:39
E01074,INCIDENT,Event 01074,Maxime quis minima quis molestiae perferendis ipsa animi eveniet tempora sint alias modi deserunt.,2025-01-29 20:44:14,2025-01-30 08:23:14,L00354,,PERSON,P00720,SRC020,EV01080,0.73,2024-11-26 10:42:42
E01075,TRAVEL,Event 01075,Synthetic travel event record describing an observed investigative activity. It is intended for temporal and graph-analysis testing.,2025-08-15 11:34:29,2025-08-15 21:23:29,L01697,C00570,PERSON,P01420,SRC003,EV02852,0.92,2024-11-24 18:16:27
E01076,SURVEILLANCE,Event 01076,Adipisci ullam eveniet sequi repudiandae minima eaque.,2024-06-21 13:13:58,2024-06-21 22:17:58,L00225,C00962,PERSON,P01794,SRC022,EV03545,0.85,2026-01-29 05:16:09
E01077,ARREST,Event 01077,Synthetic arrest event record describing an observed investigative activity. It is intended for temporal and graph-analysis testing.,2024-06-24 16:18:45,2024-06-25 02:44:45,L00699,,PERSON,P01897,SRC023,EV02754,0.75,2024-03-07 20:28:48
E01078,SURVEILLANCE,Event 01078,Synthetic surveillance event record describing an observed investigative activity. It is intended for temporal and graph-analysis testing.,2024-11-17 01:11:40,2024-11-17 12:58:40,L00130,,PERSON,P02755,SRC020,EV00954,0.96,2025-12-25 05:02:03
E01079,SURVEILLANCE,Event 01079,Synthetic surveillance event record describing an observed investigative activity. It is intended for temporal and graph-analysis testing.,2026-03-22 19:04:48,2026-03-23 05:01:48,L00380,C01052,PERSON,P01919,SRC001,EV00560,0.75,2026-03-31 09:56:53
E01080,CRIME,Event 01080,Earum corporis eveniet molestiae esse ipsam modi quas quo.,2024-07-21 09:25:08,2024-07-21 18:34:08,L01781,C00649,PERSON,P02446,SRC015,EV03346,0.78,2026-03-14 11:45:42
E01081,MEETING,Event 01081,Synthetic meeting event record describing an observed investigative activity. It is intended for temporal and graph-analysis testing.,2025-03-09 15:49:09,2025-03-10 02:13:09,L02351,,PERSON,P00656,SRC007,EV00059,0.98,2024-05-13 09:02:10
E01082,TRAVEL,Event 01082,Quas voluptate modi pariatur accusamus nulla vel assumenda.,2024-08-05 08:13:05,2024-08-05 16:40:05,L00355,C01019,PERSON,P01155,SRC025,EV01537,0.96,2025-03-21 00:01:29
E01083,CRIME,Event 01083,Synthetic crime event record describing an observed investigative activity. It is intended for temporal and graph-analysis testing.,2024-06-13 16:56:23,2024-06-13 20:24:23,L01089,C00697,PERSON,P01145,SRC015,EV03009,0.94,2026-02-21 11:38:54
E01084,SURVEILLANCE,Event 01084,Placeat odit ex quod quas deserunt occaecati hic illo culpa itaque reprehenderit accusamus vero cupiditate.,2025-09-24 22:20:24,2025-09-25 07:20:24,L00935,C00294,PERSON,P02532,SRC021,EV03330,0.78,2024-01-27 16:32:53
E01085,MEETING,Event 01085,Consequuntur repellendus soluta veniam beatae incidunt eius est soluta aperiam veniam qui.,2024-08-28 17:50:32,2024-08-28 21:08:32,L00997,C01173,PERSON,P00645,SRC029,EV04365,0.72,2024-08-13 01:04:17
E01086,MEETING,Event 01086,Accusantium laborum saepe nam illum adipisci aperiam incidunt.,2026-04-24 02:50:52,2026-04-24 08:35:52,L01018,C00724,PERSON,P02800,SRC027,EV04268,0.84,2026-06-14 18:39:31
E01087,CRIME,Event 01087,Explicabo aliquid fugit molestias veniam earum occaecati fugit enim velit consequuntur.,2026-04-27 14:51:19,2026-04-27 15:01:19,L01742,C01159,PERSON,P03105,SRC030,EV04483,0.72,2026-08-02 14:22:38
E01088,CRIME,Event 01088,Magni a ab mollitia facere nihil magni mollitia optio beatae.,2024-05-04 22:45:58,2024-05-05 09:19:58,L01181,C00105,PERSON,P03155,SRC007,EV04734,0.98,2024-02-03 13:38:24
E01089,SURVEILLANCE,Event 01089,Vero hic incidunt debitis vitae atque labore placeat minima odit libero aliquam vero eligendi consequatur.,2026-04-26 09:30:48,2026-04-26 16:41:48,L00585,,PERSON,P00563,SRC013,EV01961,0.92,2024-01-02 06:57:01
E01090,INCIDENT,Event 01090,Synthetic incident event record describing an observed investigative activity. It is intended for temporal and graph-analysis testing.,2024-09-25 23:55:06,2024-09-26 02:29:06,L02216,,PERSON,P03054,SRC001,EV02842,0.72,2024-02-04 07:16:06
E01091,INCIDENT,Event 01091,Synthetic incident event record describing an observed investigative activity. It is intended for temporal and graph-analysis testing.,2026-07-14 23:06:18,2026-07-15 02:45:18,L02342,C00755,PERSON,P00282,SRC024,EV03624,0.8,2024-07-13 02:32:35
E01092,INCIDENT,Event 01092,Adipisci officia modi tempora ad iste ab soluta veritatis enim et eum.,2024-07-19 00:48:27,2024-07-19 05:22:27,L00300,C00573,PERSON,P00288,SRC004,EV02607,0.78,2024-07-16 02:01:36
E01093,INCIDENT,Event 01093,Synthetic incident event record describing an observed investigative activity. It is intended for temporal and graph-analysis testing.,2024-02-17 00:57:44,2024-02-17 03:42:44,L00835,C00831,PERSON,P03512,SRC009,EV02112,0.83,2024-01-01 19:09:56
E01094,ARREST,Event 01094,Cupiditate ipsa tenetur quod ea eos rem perspiciatis.,2024-04-21 20:09:07,2024-04-21 22:49:07,L00448,C00660,PERSON,P03111,SRC006,EV01230,0.87,2025-05-25 03:07:43
E01095,MEETING,Event 01095,Synthetic meeting event record describing an observed investigative activity. It is intended for temporal and graph-analysis testing.,2026-05-16 01:46:54,2026-05-16 08:57:54,L00854,C00541,PERSON,P02218,SRC025,EV01050,0.86,2025-03-07 09:38:22
E01096,TRANSACTION,Event 01096,Synthetic transaction event record describing an observed investigative activity. It is intended for temporal and graph-analysis testing.,2024-07-02 22:00:18,2024-07-03 08:48:18,L00829,,PERSON,P01882,SRC030,EV03172,0.76,2026-03-02 20:45:43
E01097,MEETING,Event 01097,Vitae sapiente omnis non officia odio nisi officiis facilis.,2026-03-19 22:42:15,2026-03-20 10:39:15,L01210,C00400,PERSON,P02062,SRC023,EV01527,0.73,2025-08-24 09:08:45
E01098,MEETING,Event 01098,Synthetic meeting event record describing an observed investigative activity. It is intended for temporal and graph-analysis testing.,2026-07-24 23:04:29,2026-07-25 00:11:29,L00770,C00069,PERSON,P03150,SRC029,EV03345,0.94,2025-04-28 01:45:12
E01099,ARREST,Event 01099,Dignissimos esse rem sequi tenetur quos mollitia placeat ea dicta.,2025-09-28 18:54:53,2025-09-28 19:38:53,L01269,C00415,PERSON,P00695,SRC028,EV01425,0.73,2026-04-10 04:27:36
E01100,TRANSACTION,Event 01100,Eligendi ut ad mollitia fuga omnis minus veniam veritatis enim.,2026-01-20 07:57:55,2026-01-20 10:08:55,L01052,C00906,PERSON,P01232,SRC013,EV01328,0.77,2024-03-26 05:50:10
E01101,INCIDENT,Event 01101,Ut nulla architecto deleniti architecto quasi excepturi possimus numquam.,2025-04-20 02:51:52,2025-04-20 04:49:52,L02217,C00912,PERSON,P00347,SRC014,EV01040,0.83,2024-01-21 05:13:22
E01102,INCIDENT,Event 01102,Synthetic incident event record describing an observed investigative activity. It is intended for temporal and graph-analysis testing.,2026-04-02 06:45:36,2026-04-02 14:36:36,L00770,C00740,PERSON,P03496,SRC028,EV02488,0.97,2026-02-20 00:16:35
E01103,ARREST,Event 01103,Nam commodi cum consequuntur deleniti consequatur impedit fuga facere.,2025-06-19 17:41:45,2025-06-20 04:22:45,L00627,C00540,PERSON,P03351,SRC004,EV02728,0.91,2025-09-30 08:33:36
E01104,ARREST,Event 01104,Deleniti alias quis esse odio porro odit esse mollitia cum qui provident atque explicabo asperiores veritatis.,2024-10-25 05:54:13,2024-10-25 10:19:13,L00493,,PERSON,P00161,SRC016,EV03100,0.78,2024-01-16 16:18:59
E01105,TRANSACTION,Event 01105,Synthetic transaction event record describing an observed investigative activity. It is intended for temporal and graph-analysis testing.,2025-02-08 14:24:35,2025-02-08 19:59:35,L02165,,PERSON,P01194,SRC008,EV03034,0.94,2024-02-01 11:54:51
E01106,INCIDENT,Event 01106,Synthetic incident event record describing an observed investigative activity. It is intended for temporal and graph-analysis testing.,2025-10-29 23:09:19,2025-10-30 06:49:19,L01438,C00252,PERSON,P03352,SRC003,EV00251,0.78,2024-11-08 08:05:40
E01107,CRIME,Event 01107,Eum cumque totam earum possimus quia esse mollitia voluptates vel laboriosam minus incidunt ab itaque.,2024-03-05 01:41:48,2024-03-05 08:31:48,L00655,C00111,PERSON,P03982,SRC002,EV00097,0.72,2024-09-30 09:16:25
E01108,CRIME,Event 01108,Synthetic crime event record describing an observed investigative activity. It is intended for temporal and graph-analysis testing.,2025-06-19 14:50:21,2025-06-19 17:19:21,L01805,C00546,PERSON,P00795,SRC015,EV00950,0.97,2024-01-22 06:48:19
E01109,MEETING,Event 01109,Synthetic meeting event record describing an observed investigative activity. It is intended for temporal and graph-analysis testing.,2024-06-10 10:18:07,2024-06-10 14:18:07,L02411,C01050,PERSON,P02279,SRC016,EV03054,0.97,2025-12-25 07:27:35
E01110,TRAVEL,Event 01110,Ipsa eligendi at accusamus corporis architecto vero maxime assumenda.,2024-11-16 03:29:19,2024-11-16 11:38:19,L00349,,PERSON,P01923,SRC018,EV02925,0.82,2026-08-01 06:15:51
E01111,INCIDENT,Event 01111,Synthetic incident event record describing an observed investigative activity. It is intended for temporal and graph-analysis testing.,2025-03-22 12:11:14,2025-03-22 17:35:14,L00923,C00401,PERSON,P01263,SRC015,EV04417,0.72,2025-12-31 10:36:46
E01112,TRANSACTION,Event 01112,Synthetic transaction event record describing an observed investigative activity. It is intended for temporal and graph-analysis testing.,2025-03-01 10:46:20,2025-03-01 13:10:20,L00956,C00173,PERSON,P03641,SRC027,EV00310,0.95,2025-02-23 18:53:24
E01113,ARREST,Event 01113,Synthetic arrest event record describing an observed investigative activity. It is intended for temporal and graph-analysis testing.,2025-08-18 02:00:35,2025-08-18 08:10:35,L00660,C01178,PERSON,P03924,SRC030,EV03548,0.87,2024-12-05 14:15:21
E01114,INCIDENT,Event 01114,Synthetic incident event record describing an observed investigative activity. It is intended for temporal and graph-analysis testing.,2024-08-13 11:44:47,2024-08-13 22:53:47,L00433,C00321,PERSON,P01341,SRC009,EV03314,0.88,2024-02-16 15:27:19
E01115,SURVEILLANCE,Event 01115,Voluptates quas reprehenderit vel sit veritatis excepturi.,2025-10-15 16:05:23,2025-10-15 23:56:23,L01989,C01085,PERSON,P03601,SRC013,EV02336,0.8,2024-05-01 22:03:35
E01116,CRIME,Event 01116,Synthetic crime event record describing an observed investigative activity. It is intended for temporal and graph-analysis testing.,2024-09-19 22:12:58,2024-09-20 02:08:58,L00570,C00486,PERSON,P02353,SRC024,EV01597,0.91,2025-10-07 10:52:06
E01117,CRIME,Event 01117,Synthetic crime event record describing an observed investigative activity. It is intended for temporal and graph-analysis testing.,2025-02-17 15:48:29,2025-02-17 21:41:29,L00523,C00755,PERSON,P02346,SRC002,EV04216,0.98,2026-05-14 09:01:06
E01118,CRIME,Event 01118,Amet cupiditate pariatur nam numquam tenetur aliquid distinctio eveniet nisi nulla neque fugit.,2024-08-25 14:06:29,2024-08-25 23:14:29,L02377,,PERSON,P00814,SRC027,EV01518,0.91,2024-04-04 07:15:53
E01119,SURVEILLANCE,Event 01119,Synthetic surveillance event record describing an observed investigative activity. It is intended for temporal and graph-analysis testing.,2026-04-03 15:48:41,2026-04-03 22:14:41,L01738,C00526,PERSON,P00973,SRC007,EV00573,0.87,2024-09-05 23:28:07
E01120,CRIME,Event 01120,Synthetic crime event record describing an observed investigative activity. It is intended for temporal and graph-analysis testing.,2025-04-27 18:17:28,2025-04-27 18:38:28,L02256,C00168,PERSON,P02760,SRC026,EV02252,0.97,2026-04-05 03:12:49
E01121,SURVEILLANCE,Event 01121,Synthetic surveillance event record describing an observed investigative activity. It is intended for temporal and graph-analysis testing.,2025-03-28 23:29:41,2025-03-29 09:39:41,L00685,C00123,PERSON,P01680,SRC003,EV03076,0.9,2024-07-29 02:44:45
E01122,INCIDENT,Event 01122,Synthetic incident event record describing an observed investigative activity. It is intended for temporal and graph-analysis testing.,2025-02-02 14:38:07,2025-02-02 17:52:07,L01772,C01119,PERSON,P02283,SRC002,EV02668,0.78,2025-10-01 09:43:18
E01123,SURVEILLANCE,Event 01123,Aliquid ad repellendus tempora sunt voluptatibus ipsa facere maxime voluptatum soluta sint reprehenderit provident.,2025-08-15 13:04:58,2025-08-15 23:00:58,L01335,C00756,PERSON,P03567,SRC003,EV02437,0.71,2024-04-23 02:49:58
E01124,ARREST,Event 01124,Synthetic arrest event record describing an observed investigative activity. It is intended for temporal and graph-analysis testing.,2024-12-07 13:55:55,2024-12-07 22:16:55,L01783,,PERSON,P03476,SRC007,EV00426,0.89,2024-01-26 12:42:17
E01125,SURVEILLANCE,Event 01125,Ducimus officiis enim suscipit quod voluptates sit ut consectetur.,2026-01-06 07:04:41,2026-01-06 13:58:41,L00725,C00204,PERSON,P03324,SRC022,EV00369,0.89,2025-03-18 17:14:30
E01126,CRIME,Event 01126,Synthetic crime event record describing an observed investigative activity. It is intended for temporal and graph-analysis testing.,2024-09-30 14:43:50,2024-10-01 01:46:50,L00571,,PERSON,P01208,SRC014,EV00122,0.88,2024-04-21 11:01:31
E01127,SURVEILLANCE,Event 01127,Mollitia aut omnis aperiam quibusdam perspiciatis libero debitis laudantium quam numquam iure temporibus quam aut.,2025-03-09 00:06:44,2025-03-09 02:06:44,L02460,C01169,PERSON,P03457,SRC017,EV02164,0.75,2025-07-01 00:14:43
E01128,CRIME,Event 01128,Synthetic crime event record describing an observed investigative activity. It is intended for temporal and graph-analysis testing.,2026-06-28 20:03:41,2026-06-29 02:13:41,L02392,C00788,PERSON,P01502,SRC029,EV00338,0.95,2026-04-29 04:34:43
E01129,ARREST,Event 01129,Synthetic arrest event record describing an observed investigative activity. It is intended for temporal and graph-analysis testing.,2025-06-16 09:09:00,2025-06-16 13:09:00,L00886,C00678,PERSON,P00287,SRC011,EV02633,0.82,2024-01-24 05:58:09
E01130,SURVEILLANCE,Event 01130,Veritatis porro saepe eum ducimus error consequatur facere.,2024-10-04 04:27:07,2024-10-04 05:13:07,L00802,,PERSON,P03761,SRC019,EV04178,0.97,2024-07-10 17:48:24
E01131,TRANSACTION,Event 01131,Suscipit quisquam mollitia facere nobis laborum commodi.,2024-04-01 20:50:15,2024-04-02 05:57:15,L01221,C00222,PERSON,P03908,SRC028,EV02194,0.84,2024-05-29 20:49:12
E01132,INCIDENT,Event 01132,Synthetic incident event record describing an observed investigative activity. It is intended for temporal and graph-analysis testing.,2025-07-14 16:28:05,2025-07-15 01:04:05,L00119,,PERSON,P00890,SRC001,EV02533,0.84,2024-08-02 04:22:35
E01133,TRAVEL,Event 01133,Modi ratione aperiam eius occaecati minima facere sed necessitatibus laudantium enim ducimus beatae distinctio.,2025-06-23 14:41:55,2025-06-23 20:48:55,L01165,C00099,PERSON,P01483,SRC012,EV01489,0.79,2024-03-05 21:46:16
E01134,CRIME,Event 01134,Perspiciatis maiores ad eos harum totam omnis.,2025-03-27 01:54:16,2025-03-27 10:33:16,L00061,C00616,PERSON,P01379,SRC021,EV02090,0.91,2026-05-26 14:58:05
E01135,TRAVEL,Event 01135,Iusto magni aperiam animi corrupti placeat nemo.,2024-12-03 02:32:29,2024-12-03 04:38:29,L01532,C00247,PERSON,P02660,SRC023,EV01588,0.87,2025-05-02 03:13:52
E01136,ARREST,Event 01136,Synthetic arrest event record describing an observed investigative activity. It is intended for temporal and graph-analysis testing.,2026-03-08 01:04:16,2026-03-08 10:31:16,L01897,,PERSON,P02499,SRC026,EV00271,0.76,2025-01-14 11:28:25
E01137,SURVEILLANCE,Event 01137,Synthetic surveillance event record describing an observed investigative activity. It is intended for temporal and graph-analysis testing.,2024-09-21 21:19:24,2024-09-21 21:34:24,L02343,,PERSON,P00208,SRC021,EV03630,0.87,2026-07-17 13:38:10
E01138,MEETING,Event 01138,Quam sit tempora illo eveniet optio iste.,2026-06-28 10:58:04,2026-06-28 14:48:04,L01501,C01105,PERSON,P02786,SRC006,EV03835,0.83,2026-01-10 17:19:54
E01139,MEETING,Event 01139,Eveniet ad natus provident beatae pariatur nisi accusamus beatae aperiam.,2025-09-21 04:29:27,2025-09-21 09:01:27,L01742,C00642,PERSON,P02657,SRC007,EV00543,0.93,2026-05-29 14:22:24
E01140,INCIDENT,Event 01140,In quod harum reprehenderit quos explicabo quidem.,2025-07-07 09:25:30,2025-07-07 10:01:30,L00343,C00532,PERSON,P01890,SRC028,EV00725,0.77,2025-05-06 20:56:05
E01141,MEETING,Event 01141,Synthetic meeting event record describing an observed investigative activity. It is intended for temporal and graph-analysis testing.,2024-08-22 01:33:04,2024-08-22 03:03:04,L02330,,PERSON,P03881,SRC016,EV04017,0.86,2025-12-08 15:58:38
E01142,ARREST,Event 01142,Synthetic arrest event record describing an observed investigative activity. It is intended for temporal and graph-analysis testing.,2024-09-20 12:00:16,2024-09-20 14:49:16,L00834,,PERSON,P00970,SRC014,EV03149,0.78,2024-12-16 05:50:41
E01143,TRANSACTION,Event 01143,Synthetic transaction event record describing an observed investigative activity. It is intended for temporal and graph-analysis testing.,2025-06-12 01:06:43,2025-06-12 04:59:43,L01703,C00318,PERSON,P02430,SRC027,EV01584,0.88,2024-03-12 03:05:18
E01144,CRIME,Event 01144,Incidunt aliquam repellat deleniti perferendis aliquam rerum hic sapiente perspiciatis tempora.,2024-08-17 20:26:13,2024-08-18 00:23:13,L02469,C00089,PERSON,P02359,SRC020,EV02865,0.95,2025-12-31 23:48:23
E01145,TRAVEL,Event 01145,Non reiciendis enim deserunt ab laudantium animi.,2024-02-05 20:23:40,2024-02-05 21:21:40,L00145,C01162,PERSON,P02218,SRC021,EV00387,0.76,2024-12-20 12:11:36
E01146,INCIDENT,Event 01146,Synthetic incident event record describing an observed investigative activity. It is intended for temporal and graph-analysis testing.,2024-03-06 14:26:24,2024-03-06 22:32:24,L01448,C00374,PERSON,P01625,SRC003,EV04317,0.73,2025-10-15 00:01:46
E01147,TRAVEL,Event 01147,Synthetic travel event record describing an observed investigative activity. It is intended for temporal and graph-analysis testing.,2024-10-08 11:47:34,2024-10-08 16:58:34,L01944,C00846,PERSON,P01613,SRC008,EV02470,0.75,2025-05-13 14:21:40
E01148,SURVEILLANCE,Event 01148,Synthetic surveillance event record describing an observed investigative activity. It is intended for temporal and graph-analysis testing.,2025-04-23 11:27:30,2025-04-23 16:15:30,L01047,,PERSON,P02509,SRC005,EV04839,0.8,2026-04-04 18:52:20
E01149,TRANSACTION,Event 01149,Synthetic transaction event record describing an observed investigative activity. It is intended for temporal and graph-analysis testing.,2024-02-12 00:12:36,2024-02-12 01:38:36,L00035,C00913,PERSON,P02709,SRC005,EV03748,0.82,2025-10-19 00:51:59
E01150,CRIME,Event 01150,Synthetic crime event record describing an observed investigative activity. It is intended for temporal and graph-analysis testing.,2025-05-20 23:02:58,2025-05-21 02:23:58,L02098,C01130,PERSON,P03055,SRC009,EV01895,0.75,2024-11-22 09:05:20
E01151,ARREST,Event 01151,Ducimus corrupti consequuntur suscipit iste et quo rerum cum numquam ea occaecati nemo reprehenderit laudantium.,2024-10-24 07:29:53,2024-10-24 11:44:53,L02482,C00629,PERSON,P00249,SRC028,EV01065,0.91,2025-12-17 08:55:20
E01152,MEETING,Event 01152,Synthetic meeting event record describing an observed investigative activity. It is intended for temporal and graph-analysis testing.,2024-02-28 15:50:23,2024-02-29 03:50:23,L02272,C00545,PERSON,P01920,SRC017,EV04573,0.96,2025-09-13 09:00:46
E01153,MEETING,Event 01153,Voluptatum reiciendis consequatur itaque ab non quisquam animi ex magnam alias.,2026-05-03 16:44:56,2026-05-03 19:44:56,L00473,C00306,PERSON,P03623,SRC003,EV00511,0.73,2025-09-15 07:47:13
E01154,ARREST,Event 01154,Synthetic arrest event record describing an observed investigative activity. It is intended for temporal and graph-analysis testing.,2026-06-09 06:10:07,2026-06-09 10:56:07,L02397,C00130,PERSON,P02609,SRC019,EV01747,0.95,2025-01-25 00:36:47
E01155,CRIME,Event 01155,Synthetic crime event record describing an observed investigative activity. It is intended for temporal and graph-analysis testing.,2025-08-10 04:08:35,2025-08-10 06:07:35,L02406,C00390,PERSON,P02912,SRC012,EV01537,0.91,2024-01-13 06:20:30
E01156,SURVEILLANCE,Event 01156,Synthetic surveillance event record describing an observed investigative activity. It is intended for temporal and graph-analysis testing.,2025-10-03 20:54:23,2025-10-03 22:16:23,L02362,C00228,PERSON,P00615,SRC030,EV00236,0.79,2025-10-31 16:16:33
E01157,SURVEILLANCE,Event 01157,Synthetic surveillance event record describing an observed investigative activity. It is intended for temporal and graph-analysis testing.,2024-08-19 11:09:28,2024-08-19 20:54:28,L00127,C00095,PERSON,P03164,SRC026,EV00346,0.93,2026-02-01 05:56:58
E01158,MEETING,Event 01158,Synthetic meeting event record describing an observed investigative activity. It is intended for temporal and graph-analysis testing.,2024-06-22 03:58:06,2024-06-22 12:12:06,L01756,C00274,PERSON,P00638,SRC014,EV03345,0.82,2026-05-25 16:56:26
E01159,TRANSACTION,Event 01159,Deserunt suscipit quas totam architecto ea unde quisquam iusto eveniet aliquam harum repellendus est maiores consequatur.,2024-08-31 13:49:57,2024-09-01 00:09:57,L00051,,PERSON,P02933,SRC008,EV04243,0.89,2026-06-22 04:40:03
E01160,TRAVEL,Event 01160,Synthetic travel event record describing an observed investigative activity. It is intended for temporal and graph-analysis testing.,2024-12-23 07:55:17,2024-12-23 12:45:17,L01824,,PERSON,P00957,SRC007,EV00752,0.82,2025-07-29 04:25:12
E01161,ARREST,Event 01161,Synthetic arrest event record describing an observed investigative activity. It is intended for temporal and graph-analysis testing.,2024-10-21 08:09:16,2024-10-21 17:30:16,L01484,C00748,PERSON,P01108,SRC009,EV01219,0.75,2026-06-25 01:07:23
E01162,CRIME,Event 01162,Synthetic crime event record describing an observed investigative activity. It is intended for temporal and graph-analysis testing.,2024-05-05 09:06:39,2024-05-05 19:28:39,L00419,C01001,PERSON,P02657,SRC001,EV04169,0.73,2026-07-03 13:41:55
E01163,TRAVEL,Event 01163,Sed numquam voluptatum perspiciatis quod cum consectetur tempora aut voluptatibus inventore modi nemo repellat unde.,2024-03-13 11:27:59,2024-03-13 22:54:59,L01904,,PERSON,P00144,SRC010,EV04493,0.92,2026-02-11 09:01:50
E01164,ARREST,Event 01164,Ad asperiores distinctio minus debitis ad sequi iure harum quis corporis.,2025-07-21 16:00:17,2025-07-22 02:30:17,L01438,,PERSON,P01879,SRC003,EV01688,0.77,2025-12-13 02:10:36
E01165,INCIDENT,Event 01165,Ipsa excepturi esse magnam quis facere quam libero a quia repudiandae cupiditate sunt suscipit iusto.,2024-09-27 15:47:12,2024-09-28 03:22:12,L00468,C00432,PERSON,P01535,SRC002,EV02318,0.71,2025-03-16 06:37:51
E01166,INCIDENT,Event 01166,Synthetic incident event record describing an observed investigative activity. It is intended for temporal and graph-analysis testing.,2026-07-27 18:47:37,2026-07-28 05:19:37,L00870,C00830,PERSON,P03293,SRC007,EV04536,0.71,2026-05-14 07:34:00
E01167,TRANSACTION,Event 01167,Synthetic transaction event record describing an observed investigative activity. It is intended for temporal and graph-analysis testing.,2025-11-28 15:03:49,2025-11-29 01:24:49,L02004,,PERSON,P03471,SRC007,EV01190,0.76,2026-07-14 23:33:21
E01168,CRIME,Event 01168,Pariatur esse quia voluptates vel tenetur vel reprehenderit aliquid esse vel eius.,2024-11-22 19:48:38,2024-11-23 01:15:38,L01548,C00481,PERSON,P02681,SRC001,EV04326,0.95,2025-11-02 02:37:43
E01169,TRANSACTION,Event 01169,Synthetic transaction event record describing an observed investigative activity. It is intended for temporal and graph-analysis testing.,2025-08-15 08:41:46,2025-08-15 10:47:46,L02227,C00389,PERSON,P00344,SRC023,EV03304,0.87,2025-02-26 08:05:38
E01170,ARREST,Event 01170,Synthetic arrest event record describing an observed investigative activity. It is intended for temporal and graph-analysis testing.,2026-05-05 10:31:37,2026-05-05 14:45:37,L00572,C00219,PERSON,P01149,SRC027,EV00929,0.71,2025-07-18 14:25:32
E01171,SURVEILLANCE,Event 01171,Synthetic surveillance event record describing an observed investigative activity. It is intended for temporal and graph-analysis testing.,2026-05-01 13:42:25,2026-05-01 19:48:25,L02336,,PERSON,P00083,SRC010,EV01821,0.9,2026-07-19 14:48:17
E01172,TRAVEL,Event 01172,Synthetic travel event record describing an observed investigative activity. It is intended for temporal and graph-analysis testing.,2024-10-24 13:18:34,2024-10-24 16:44:34,L00117,,PERSON,P01676,SRC024,EV01518,0.9,2024-07-24 14:25:09
E01173,TRAVEL,Event 01173,Synthetic travel event record describing an observed investigative activity. It is intended for temporal and graph-analysis testing.,2026-07-13 13:48:24,2026-07-13 20:54:24,L00283,C00898,PERSON,P00542,SRC013,EV00704,0.92,2025-06-13 16:57:24
E01174,CRIME,Event 01174,Synthetic crime event record describing an observed investigative activity. It is intended for temporal and graph-analysis testing.,2024-11-30 02:45:32,2024-11-30 05:10:32,L01913,C00969,PERSON,P02865,SRC006,EV01824,0.8,2025-11-17 15:49:50
E01175,MEETING,Event 01175,Synthetic meeting event record describing an observed investigative activity. It is intended for temporal and graph-analysis testing.,2026-03-30 15:43:21,2026-03-30 23:43:21,L01532,,PERSON,P02035,SRC004,EV02314,0.76,2024-11-01 14:31:35
E01176,CRIME,Event 01176,Dignissimos voluptatibus esse assumenda in quo repudiandae enim.,2025-04-06 22:03:54,2025-04-07 02:19:54,L02429,C01028,PERSON,P02726,SRC009,EV01958,0.97,2024-11-01 22:03:20
E01177,CRIME,Event 01177,Synthetic crime event record describing an observed investigative activity. It is intended for temporal and graph-analysis testing.,2025-07-21 20:48:03,2025-07-22 01:44:03,L01872,C01020,PERSON,P02581,SRC016,EV02111,0.84,2025-08-25 08:36:28
E01178,INCIDENT,Event 01178,Synthetic incident event record describing an observed investigative activity. It is intended for temporal and graph-analysis testing.,2026-08-05 14:43:31,2026-08-06 01:15:31,L01574,C00670,PERSON,P01997,SRC010,EV03285,0.75,2026-04-11 15:38:40
E01179,MEETING,Event 01179,Ratione molestiae sint accusamus debitis nulla quia.,2026-05-07 14:28:57,2026-05-08 00:36:57,L02268,C00394,PERSON,P03786,SRC023,EV02492,0.77,2025-10-18 00:27:12
E01180,TRANSACTION,Event 01180,Molestiae veniam sunt fugit mollitia pariatur mollitia laudantium vel odit nisi.,2026-05-01 11:15:26,2026-05-01 12:07:26,L01742,C00595,PERSON,P01559,SRC027,EV04401,0.84,2026-08-27 01:22:16
E01181,SURVEILLANCE,Event 01181,Excepturi sunt autem repellendus rem totam adipisci sit magni corporis quia repellat.,2025-01-21 23:16:36,2025-01-22 03:00:36,L01653,,PERSON,P03546,SRC006,EV00559,0.81,2024-07-09 00:24:54
E01182,SURVEILLANCE,Event 01182,Synthetic surveillance event record describing an observed investigative activity. It is intended for temporal and graph-analysis testing.,2024-04-13 15:35:04,2024-04-14 02:24:04,L01974,C00345,PERSON,P00605,SRC017,EV01942,0.81,2024-11-10 15:26:22
E01183,CRIME,Event 01183,Synthetic crime event record describing an observed investigative activity. It is intended for temporal and graph-analysis testing.,2026-03-30 17:51:32,2026-03-31 04:46:32,L00750,C00347,PERSON,P00454,SRC018,EV02046,0.97,2024-09-01 01:04:05
E01184,ARREST,Event 01184,Synthetic arrest event record describing an observed investigative activity. It is intended for temporal and graph-analysis testing.,2024-12-06 02:17:23,2024-12-06 05:18:23,L01536,C00132,PERSON,P02981,SRC012,EV03149,0.86,2025-04-03 02:13:53
E01185,ARREST,Event 01185,Synthetic arrest event record describing an observed investigative activity. It is intended for temporal and graph-analysis testing.,2025-10-25 19:43:42,2025-10-26 06:45:42,L01262,C00337,PERSON,P01406,SRC028,EV02817,0.82,2024-01-21 16:30:56
E01186,TRAVEL,Event 01186,Repellendus mollitia quisquam nostrum ex quod porro sunt facilis repellendus saepe.,2026-06-07 12:41:59,2026-06-07 14:04:59,L01930,C00244,PERSON,P01793,SRC022,EV04945,0.91,2024-02-17 11:59:27
E01187,MEETING,Event 01187,Synthetic meeting event record describing an observed investigative activity. It is intended for temporal and graph-analysis testing.,2026-07-18 00:32:41,2026-07-18 04:54:41,L01875,,PERSON,P01693,SRC005,EV01868,0.84,2024-01-25 23:10:37
E01188,INCIDENT,Event 01188,Synthetic incident event record describing an observed investigative activity. It is intended for temporal and graph-analysis testing.,2025-03-04 01:25:21,2025-03-04 03:53:21,L02385,,PERSON,P02016,SRC022,EV02997,0.81,2025-03-09 08:59:50
E01189,ARREST,Event 01189,Synthetic arrest event record describing an observed investigative activity. It is intended for temporal and graph-analysis testing.,2025-01-29 05:42:28,2025-01-29 14:49:28,L00831,C00233,PERSON,P02860,SRC005,EV01807,0.77,2026-08-14 22:29:20
E01190,TRANSACTION,Event 01190,Error harum eum deserunt animi consequuntur ducimus aliquid qui.,2026-04-18 06:32:05,2026-04-18 18:23:05,L00801,C00655,PERSON,P01329,SRC012,EV01790,0.85,2024-12-03 04:21:16
E01191,MEETING,Event 01191,Inventore cupiditate fugiat assumenda sequi totam porro libero impedit reprehenderit dignissimos atque.,2024-11-29 15:53:28,2024-11-30 03:53:28,L01998,,PERSON,P01384,SRC015,EV02847,0.98,2025-03-12 11:12:32
E01192,TRAVEL,Event 01192,Synthetic travel event record describing an observed investigative activity. It is intended for temporal and graph-analysis testing.,2024-04-04 04:48:21,2024-04-04 08:19:21,L00167,C00757,PERSON,P03654,SRC019,EV03315,0.93,2026-03-25 20:50:48
E01193,CRIME,Event 01193,Synthetic crime event record describing an observed investigative activity. It is intended for temporal and graph-analysis testing.,2025-10-19 09:09:07,2025-10-19 14:17:07,L00605,,PERSON,P03734,SRC025,EV01394,0.7,2024-02-14 02:02:29
E01194,TRANSACTION,Event 01194,Synthetic transaction event record describing an observed investigative activity. It is intended for temporal and graph-analysis testing.,2024-09-09 09:00:22,2024-09-09 11:53:22,L01125,C00364,PERSON,P00383,SRC012,EV01674,0.84,2025-05-30 02:47:20
E01195,TRANSACTION,Event 01195,Synthetic transaction event record describing an observed investigative activity. It is intended for temporal and graph-analysis testing.,2024-09-21 11:45:53,2024-09-21 15:22:53,L00359,C00561,PERSON,P01848,SRC010,EV02223,0.77,2024-06-22 06:25:16
E01196,MEETING,Event 01196,Synthetic meeting event record describing an observed investigative activity. It is intended for temporal and graph-analysis testing.,2025-01-31 16:19:01,2025-01-31 21:42:01,L01021,,PERSON,P01127,SRC021,EV03974,0.88,2024-07-18 02:18:15
E01197,SURVEILLANCE,Event 01197,Asperiores magnam ut ad repudiandae culpa facilis sequi sed iusto fuga sed perferendis facilis.,2026-01-11 07:53:44,2026-01-11 09:37:44,L00893,C00988,PERSON,P02511,SRC012,EV04234,0.95,2024-10-16 04:03:56
E01198,INCIDENT,Event 01198,Synthetic incident event record describing an observed investigative activity. It is intended for temporal and graph-analysis testing.,2024-12-02 03:07:57,2024-12-02 05:49:57,L00885,C01160,PERSON,P01261,SRC022,EV01597,0.79,2024-10-16 15:44:11
E01199,SURVEILLANCE,Event 01199,Ullam earum esse et repellendus repudiandae deserunt magnam voluptatem non iste nam.,2025-10-04 07:45:52,2025-10-04 15:07:52,L00492,C01185,PERSON,P03656,SRC003,EV01138,0.74,2024-08-19 13:51:57
E01200,INCIDENT,Event 01200,Voluptate sequi ipsam aliquam deserunt recusandae facilis recusandae vitae aliquam non rerum atque nobis repellendus.,2026-08-05 22:23:24,2026-08-06 01:09:24,L02200,,PERSON,P03974,SRC006,EV00828,0.74,2025-10-30 10:44:35
E01201,INCIDENT,Event 01201,A ipsa quisquam alias inventore facilis omnis tenetur numquam sint nemo vitae nostrum mollitia quisquam.,2025-07-05 21:34:17,2025-07-06 02:32:17,L00791,,PERSON,P00728,SRC017,EV02383,0.72,2026-06-19 16:21:37
E01202,TRAVEL,Event 01202,Voluptatem porro illum incidunt ipsam reiciendis atque neque eum voluptatibus sequi reprehenderit rerum porro nulla nam.,2025-10-03 12:04:47,2025-10-03 18:18:47,L01578,,PERSON,P03586,SRC019,EV02606,0.84,2024-10-14 19:00:46
E01203,ARREST,Event 01203,Synthetic arrest event record describing an observed investigative activity. It is intended for temporal and graph-analysis testing.,2024-02-09 02:53:01,2024-02-09 09:30:01,L01713,,PERSON,P02609,SRC025,EV02176,0.73,2025-12-17 03:04:25
E01204,SURVEILLANCE,Event 01204,Synthetic surveillance event record describing an observed investigative activity. It is intended for temporal and graph-analysis testing.,2025-04-30 12:02:47,2025-04-30 12:44:47,L01698,C00367,PERSON,P03871,SRC028,EV03549,0.94,2024-06-28 21:45:29
E01205,TRANSACTION,Event 01205,Synthetic transaction event record describing an observed investigative activity. It is intended for temporal and graph-analysis testing.,2026-02-15 20:47:45,2026-02-15 22:22:45,L02072,,PERSON,P02160,SRC002,EV03758,0.7,2026-04-28 00:14:26
E01206,TRANSACTION,Event 01206,Synthetic transaction event record describing an observed investigative activity. It is intended for temporal and graph-analysis testing.,2025-12-11 06:33:54,2025-12-11 07:25:54,L00402,,PERSON,P03890,SRC025,EV00654,0.73,2024-02-28 08:06:50
E01207,MEETING,Event 01207,Synthetic meeting event record describing an observed investigative activity. It is intended for temporal and graph-analysis testing.,2026-05-25 04:56:26,2026-05-25 10:45:26,L02381,,PERSON,P01541,SRC026,EV02460,0.83,2026-07-04 05:13:05
E01208,CRIME,Event 01208,Earum maiores laudantium totam nam eos maiores eveniet natus commodi quidem.,2025-12-26 18:18:29,2025-12-27 05:17:29,L00988,C00371,PERSON,P01738,SRC006,EV01780,0.83,2024-04-02 02:47:27
E01209,TRANSACTION,Event 01209,Tenetur modi quo illum libero consequuntur illo porro iure expedita officia.,2025-09-23 20:09:44,2025-09-23 21:48:44,L00186,C00649,PERSON,P02179,SRC009,EV00060,0.94,2026-03-05 18:57:01
E01210,TRANSACTION,Event 01210,Synthetic transaction event record describing an observed investigative activity. It is intended for temporal and graph-analysis testing.,2026-06-04 23:39:02,2026-06-05 07:13:02,L00286,,PERSON,P02813,SRC026,EV02093,0.71,2024-06-21 21:35:50
E01211,INCIDENT,Event 01211,Synthetic incident event record describing an observed investigative activity. It is intended for temporal and graph-analysis testing.,2025-09-19 20:27:02,2025-09-20 06:38:02,L00996,C00163,PERSON,P00158,SRC005,EV03088,0.7,2024-11-13 08:20:48
E01212,CRIME,Event 01212,Explicabo hic ducimus illo sapiente accusantium ut error nam eos quos quo voluptate labore quidem aliquid.,2025-10-30 15:12:11,2025-10-31 01:56:11,L02184,,PERSON,P03981,SRC015,EV04452,0.75,2025-12-11 07:41:22
E01213,TRANSACTION,Event 01213,Synthetic transaction event record describing an observed investigative activity. It is intended for temporal and graph-analysis testing.,2024-06-15 21:50:31,2024-06-16 00:41:31,L00664,,PERSON,P00400,SRC024,EV02033,0.79,2024-02-28 04:41:09
E01214,ARREST,Event 01214,Synthetic arrest event record describing an observed investigative activity. It is intended for temporal and graph-analysis testing.,2025-04-07 05:01:30,2025-04-07 05:17:30,L02195,C00445,PERSON,P03688,SRC010,EV04469,0.75,2025-03-08 15:07:05
E01215,TRANSACTION,Event 01215,Atque iusto eaque corrupti aut quibusdam ullam unde laudantium incidunt deserunt earum quidem eaque eos.,2026-03-29 13:40:02,2026-03-29 19:13:02,L00313,C01021,PERSON,P02527,SRC018,EV03960,0.91,2025-05-18 23:16:42
E01216,ARREST,Event 01216,Maxime suscipit perspiciatis eum id repellat quos repellendus repellat.,2026-02-09 03:50:44,2026-02-09 07:46:44,L00905,,PERSON,P01358,SRC011,EV03863,0.77,2024-08-28 13:07:02
E01217,TRANSACTION,Event 01217,Synthetic transaction event record describing an observed investigative activity. It is intended for temporal and graph-analysis testing.,2026-02-06 21:25:02,2026-02-07 06:14:02,L02048,C00795,PERSON,P01032,SRC013,EV00782,0.91,2026-05-12 01:46:31
E01218,ARREST,Event 01218,Synthetic arrest event record describing an observed investigative activity. It is intended for temporal and graph-analysis testing.,2025-07-07 16:10:48,2025-07-08 02:04:48,L01782,C00053,PERSON,P01370,SRC010,EV04283,0.89,2026-07-10 07:42:25
E01219,CRIME,Event 01219,Synthetic crime event record describing an observed investigative activity. It is intended for temporal and graph-analysis testing.,2024-11-11 08:35:58,2024-11-11 15:26:58,L01792,,PERSON,P01067,SRC023,EV00712,0.87,2024-05-06 20:04:25
E01220,SURVEILLANCE,Event 01220,Synthetic surveillance event record describing an observed investigative activity. It is intended for temporal and graph-analysis testing.,2025-10-10 21:11:05,2025-10-11 00:56:05,L00920,,PERSON,P00348,SRC019,EV02428,0.71,2026-02-02 18:15:29
E01221,TRAVEL,Event 01221,Provident repellendus magni nemo molestiae quisquam ratione itaque omnis perferendis.,2024-04-30 12:04:20,2024-04-30 21:53:20,L01023,C00773,PERSON,P02840,SRC003,EV02245,0.87,2026-08-18 05:54:41
E01222,ARREST,Event 01222,Synthetic arrest event record describing an observed investigative activity. It is intended for temporal and graph-analysis testing.,2025-07-16 05:18:15,2025-07-16 15:06:15,L01680,,PERSON,P03243,SRC023,EV03824,0.95,2024-07-15 13:30:49
E01223,SURVEILLANCE,Event 01223,Synthetic surveillance event record describing an observed investigative activity. It is intended for temporal and graph-analysis testing.,2026-08-12 06:53:21,2026-08-12 09:24:21,L01402,C00048,PERSON,P03388,SRC013,EV01145,0.93,2024-04-27 14:42:41
E01224,ARREST,Event 01224,Synthetic arrest event record describing an observed investigative activity. It is intended for temporal and graph-analysis testing.,2025-04-09 01:43:48,2025-04-09 04:43:48,L00115,C00522,PERSON,P02124,SRC025,EV02858,0.84,2025-02-21 11:20:51
E01225,CRIME,Event 01225,Ea ratione alias recusandae quas nemo numquam amet hic adipisci quidem accusamus nobis impedit.,2026-07-20 14:46:38,2026-07-20 17:55:38,L01333,,PERSON,P03744,SRC015,EV04157,0.86,2025-11-19 05:19:27
E01226,INCIDENT,Event 01226,Synthetic incident event record describing an observed investigative activity. It is intended for temporal and graph-analysis testing.,2024-12-21 18:44:17,2024-12-22 03:59:17,L00608,C00193,PERSON,P01248,SRC029,EV01777,0.91,2025-04-14 20:04:36
E01227,INCIDENT,Event 01227,Excepturi delectus nihil corrupti velit voluptate atque deleniti autem.,2025-03-31 20:53:49,2025-04-01 02:27:49,L00725,C01199,PERSON,P01054,SRC025,EV04535,0.9,2024-11-10 10:32:54
E01228,INCIDENT,Event 01228,Esse officia ad ullam repellat adipisci commodi fuga porro repellat.,2024-12-27 18:46:04,2024-12-27 21:53:04,L01106,,PERSON,P01674,SRC016,EV04035,0.84,2025-09-20 18:34:02
E01229,SURVEILLANCE,Event 01229,Synthetic surveillance event record describing an observed investigative activity. It is intended for temporal and graph-analysis testing.,2024-12-03 08:46:19,2024-12-03 14:32:19,L02049,C01049,PERSON,P02442,SRC009,EV03926,0.77,2024-06-06 19:12:53
E01230,INCIDENT,Event 01230,Synthetic incident event record describing an observed investigative activity. It is intended for temporal and graph-analysis testing.,2025-07-09 18:16:26,2025-07-10 02:17:26,L01758,,PERSON,P03751,SRC024,EV01078,0.83,2025-09-19 06:59:59
E01231,CRIME,Event 01231,Pariatur inventore libero occaecati magnam distinctio minima est perferendis.,2025-01-27 13:15:31,2025-01-27 13:53:31,L00643,C00997,PERSON,P03351,SRC014,EV01220,0.76,2024-11-14 01:52:30
E01232,MEETING,Event 01232,Culpa enim odit delectus porro alias tempore ea quasi maxime esse.,2024-02-06 18:22:38,2024-02-06 23:00:38,L00914,C00439,PERSON,P03903,SRC030,EV02459,0.74,2025-11-13 13:16:51
E01233,MEETING,Event 01233,Synthetic meeting event record describing an observed investigative activity. It is intended for temporal and graph-analysis testing.,2024-09-29 15:33:59,2024-09-29 16:17:59,L01462,C00278,PERSON,P00660,SRC004,EV03806,0.79,2026-02-03 07:32:47
E01234,MEETING,Event 01234,Synthetic meeting event record describing an observed investigative activity. It is intended for temporal and graph-analysis testing.,2025-08-07 05:50:18,2025-08-07 11:35:18,L00207,C00082,PERSON,P00013,SRC022,EV01906,0.96,2024-04-26 06:42:15
E01235,TRANSACTION,Event 01235,Synthetic transaction event record describing an observed investigative activity. It is intended for temporal and graph-analysis testing.,2026-03-28 11:10:51,2026-03-28 18:23:51,L01855,C00946,PERSON,P01346,SRC024,EV04278,0.97,2025-01-10 14:15:40
E01236,INCIDENT,Event 01236,Synthetic incident event record describing an observed investigative activity. It is intended for temporal and graph-analysis testing.,2025-06-11 04:25:05,2025-06-11 14:35:05,L02280,C01153,PERSON,P01546,SRC016,EV04665,0.85,2025-09-17 15:53:32
E01237,SURVEILLANCE,Event 01237,Synthetic surveillance event record describing an observed investigative activity. It is intended for temporal and graph-analysis testing.,2025-08-10 09:12:37,2025-08-10 17:59:37,L01071,C00957,PERSON,P02624,SRC001,EV03726,0.92,2026-05-15 20:29:50
E01238,TRAVEL,Event 01238,Synthetic travel event record describing an observed investigative activity. It is intended for temporal and graph-analysis testing.,2026-04-06 14:30:59,2026-04-06 19:05:59,L00080,C01017,PERSON,P01822,SRC005,EV00596,0.73,2025-05-01 01:36:21
E01239,TRAVEL,Event 01239,Synthetic travel event record describing an observed investigative activity. It is intended for temporal and graph-analysis testing.,2024-05-31 21:22:15,2024-06-01 04:20:15,L00156,,PERSON,P01797,SRC007,EV01432,0.78,2024-12-11 14:11:38
E01240,MEETING,Event 01240,Synthetic meeting event record describing an observed investigative activity. It is intended for temporal and graph-analysis testing.,2024-05-13 10:13:35,2024-05-13 10:48:35,L01108,C00446,PERSON,P03702,SRC022,EV02725,0.82,2025-09-22 13:38:55
E01241,MEETING,Event 01241,Synthetic meeting event record describing an observed investigative activity. It is intended for temporal and graph-analysis testing.,2025-11-11 01:28:15,2025-11-11 09:35:15,L01833,C00697,PERSON,P01743,SRC008,EV00605,0.75,2024-03-13 12:54:12
E01242,TRANSACTION,Event 01242,Synthetic transaction event record describing an observed investigative activity. It is intended for temporal and graph-analysis testing.,2025-08-06 10:54:40,2025-08-06 22:17:40,L00598,,PERSON,P01947,SRC019,EV04277,0.9,2026-07-03 11:48:27
E01243,ARREST,Event 01243,Vero alias qui quasi veniam minima minima ea ut.,2024-09-27 12:10:36,2024-09-27 15:41:36,L00604,C00599,PERSON,P00360,SRC025,EV02847,0.93,2024-10-14 07:47:59
E01244,SURVEILLANCE,Event 01244,Illo saepe enim minima aut illum totam voluptatem.,2025-06-07 19:55:19,2025-06-08 00:11:19,L00343,C00701,PERSON,P02618,SRC010,EV02875,0.8,2025-08-22 15:56:50
E01245,TRANSACTION,Event 01245,Synthetic transaction event record describing an observed investigative activity. It is intended for temporal and graph-analysis testing.,2026-03-23 04:36:27,2026-03-23 14:15:27,L01072,C00777,PERSON,P01361,SRC002,EV04693,0.93,2025-07-13 00:36:31
E01246,TRAVEL,Event 01246,Synthetic travel event record describing an observed investigative activity. It is intended for temporal and graph-analysis testing.,2025-10-05 15:10:13,2025-10-05 21:40:13,L01892,C00218,PERSON,P00801,SRC017,EV04333,0.72,2026-03-22 03:22:26
E01247,CRIME,Event 01247,Synthetic crime event record describing an observed investigative activity. It is intended for temporal and graph-analysis testing.,2025-03-09 22:06:37,2025-03-10 02:26:37,L01871,C00738,PERSON,P02767,SRC030,EV00693,0.83,2025-09-24 20:31:13
E01248,TRAVEL,Event 01248,Synthetic travel event record describing an observed investigative activity. It is intended for temporal and graph-analysis testing.,2024-07-18 22:07:19,2024-07-19 07:04:19,L02183,,PERSON,P01358,SRC030,EV02964,0.85,2026-07-10 11:00:08
E01249,INCIDENT,Event 01249,Sed velit necessitatibus fugiat excepturi expedita perspiciatis nisi eaque.,2025-04-05 14:27:09,2025-04-05 20:49:09,L01116,,PERSON,P00683,SRC028,EV01945,0.95,2024-01-24 01:25:49
E01250,SURVEILLANCE,Event 01250,Synthetic surveillance event record describing an observed investigative activity. It is intended for temporal and graph-analysis testing.,2026-03-18 10:26:30,2026-03-18 19:47:30,L01201,,PERSON,P03739,SRC014,EV04403,0.74,2024-06-11 10:27:33
E01251,CRIME,Event 01251,Synthetic crime event record describing an observed investigative activity. It is intended for temporal and graph-analysis testing.,2024-12-28 01:05:58,2024-12-28 01:28:58,L02163,C00810,PERSON,P01184,SRC016,EV00316,0.91,2026-07-18 19:30:51
E01252,SURVEILLANCE,Event 01252,Ipsam quas eum voluptates a officia est quod voluptatum magni reiciendis quas distinctio incidunt reiciendis.,2024-09-25 04:43:05,2024-09-25 07:43:05,L01629,C00047,PERSON,P00264,SRC028,EV02328,0.75,2026-07-20 04:39:53
E01253,TRANSACTION,Event 01253,Synthetic transaction event record describing an observed investigative activity. It is intended for temporal and graph-analysis testing.,2024-02-01 21:43:12,2024-02-02 03:34:12,L00724,C00942,PERSON,P03987,SRC004,EV01586,0.87,2026-03-10 19:12:50
E01254,SURVEILLANCE,Event 01254,Veritatis voluptates aut et amet facilis inventore vel distinctio.,2024-01-19 09:07:46,2024-01-19 12:10:46,L01230,,PERSON,P02328,SRC016,EV04220,0.84,2025-02-27 14:23:59
E01255,ARREST,Event 01255,Consequatur excepturi repudiandae nulla fugit autem provident earum unde.,2025-06-04 11:43:47,2025-06-04 16:47:47,L00301,,PERSON,P02302,SRC020,EV00736,0.93,2024-03-06 08:28:59
E01256,SURVEILLANCE,Event 01256,Esse ipsa consequuntur eum odio quisquam eveniet dicta quam fugit reiciendis.,2026-03-10 22:22:35,2026-03-11 04:31:35,L02124,C00097,PERSON,P00205,SRC019,EV00260,0.77,2025-02-02 15:02:59
E01257,INCIDENT,Event 01257,Synthetic incident event record describing an observed investigative activity. It is intended for temporal and graph-analysis testing.,2026-06-28 13:12:43,2026-06-28 22:59:43,L00654,,PERSON,P02281,SRC020,EV00679,0.89,2024-06-01 17:18:07
E01258,ARREST,Event 01258,Synthetic arrest event record describing an observed investigative activity. It is intended for temporal and graph-analysis testing.,2024-09-17 06:45:35,2024-09-17 18:00:35,L00182,C01027,PERSON,P02961,SRC013,EV01009,0.83,2024-07-25 13:10:14
E01259,ARREST,Event 01259,Synthetic arrest event record describing an observed investigative activity. It is intended for temporal and graph-analysis testing.,2024-04-02 02:06:30,2024-04-02 09:29:30,L02350,C00349,PERSON,P03819,SRC023,EV00189,0.91,2026-03-10 21:02:26
E01260,ARREST,Event 01260,Synthetic arrest event record describing an observed investigative activity. It is intended for temporal and graph-analysis testing.,2026-03-31 01:53:48,2026-03-31 08:12:48,L01137,,PERSON,P01153,SRC030,EV02545,0.75,2025-10-14 21:46:41
E01261,CRIME,Event 01261,Synthetic crime event record describing an observed investigative activity. It is intended for temporal and graph-analysis testing.,2024-12-27 09:14:40,2024-12-27 11:44:40,L01734,C01005,PERSON,P03364,SRC013,EV00895,0.76,2026-07-13 06:22:50
E01262,TRANSACTION,Event 01262,Synthetic transaction event record describing an observed investigative activity. It is intended for temporal and graph-analysis testing.,2026-06-18 17:55:00,2026-06-18 22:20:00,L01972,C00735,PERSON,P02482,SRC004,EV02168,0.92,2026-05-25 07:13:03
E01263,TRANSACTION,Event 01263,Synthetic transaction event record describing an observed investigative activity. It is intended for temporal and graph-analysis testing.,2025-05-01 08:00:34,2025-05-01 08:58:34,L01238,C00443,PERSON,P03659,SRC016,EV02118,0.95,2025-05-19 06:36:38
E01264,TRANSACTION,Event 01264,Synthetic transaction event record describing an observed investigative activity. It is intended for temporal and graph-analysis testing.,2025-10-05 02:43:21,2025-10-05 04:10:21,L01768,C00991,PERSON,P01053,SRC026,EV04539,0.91,2024-07-14 20:18:29
E01265,MEETING,Event 01265,Synthetic meeting event record describing an observed investigative activity. It is intended for temporal and graph-analysis testing.,2024-07-30 13:35:51,2024-07-30 17:21:51,L02189,,PERSON,P02502,SRC009,EV02113,0.7,2026-01-22 18:05:54
E01266,TRAVEL,Event 01266,Provident iste mollitia quod nostrum cupiditate optio accusantium porro ducimus.,2024-08-26 12:20:57,2024-08-27 00:13:57,L01040,,PERSON,P03592,SRC002,EV02202,0.97,2024-09-07 16:42:04
E01267,INCIDENT,Event 01267,Synthetic incident event record describing an observed investigative activity. It is intended for temporal and graph-analysis testing.,2025-12-15 18:41:24,2025-12-15 21:20:24,L02466,,PERSON,P00720,SRC022,EV03536,0.85,2026-08-16 23:38:31
E01268,MEETING,Event 01268,Ea modi nostrum beatae a distinctio molestias minima cumque temporibus.,2024-09-23 17:54:04,2024-09-24 04:43:04,L00300,C00152,PERSON,P01620,SRC016,EV03821,0.94,2024-01-16 20:50:34
E01269,MEETING,Event 01269,Recusandae quia tempore quasi cupiditate sapiente veritatis odio quod sapiente rem aliquam at id.,2025-04-30 22:09:15,2025-05-01 09:53:15,L01249,C00808,PERSON,P00907,SRC006,EV02958,0.9,2025-02-18 06:17:16
E01270,ARREST,Event 01270,Synthetic arrest event record describing an observed investigative activity. It is intended for temporal and graph-analysis testing.,2025-06-09 07:16:39,2025-06-09 14:45:39,L02304,C00215,PERSON,P03976,SRC021,EV00703,0.87,2024-06-09 22:53:36
E01271,CRIME,Event 01271,Synthetic crime event record describing an observed investigative activity. It is intended for temporal and graph-analysis testing.,2024-05-13 02:53:29,2024-05-13 05:52:29,L02135,C00147,PERSON,P03299,SRC024,EV01036,0.83,2025-12-09 00:03:11
E01272,CRIME,Event 01272,Synthetic crime event record describing an observed investigative activity. It is intended for temporal and graph-analysis testing.,2024-05-13 16:41:02,2024-05-13 19:00:02,L01865,C01128,PERSON,P03590,SRC020,EV04858,0.83,2024-02-17 14:06:37
E01273,TRAVEL,Event 01273,Reiciendis perspiciatis et vero nulla aperiam eius vel enim animi.,2025-02-13 22:06:43,2025-02-14 05:37:43,L02088,C00561,PERSON,P00495,SRC006,EV01974,0.92,2024-12-28 00:05:37
E01274,SURVEILLANCE,Event 01274,Synthetic surveillance event record describing an observed investigative activity. It is intended for temporal and graph-analysis testing.,2026-06-14 23:22:45,2026-06-15 05:08:45,L00194,C00913,PERSON,P01402,SRC014,EV02009,0.84,2024-09-13 00:55:09
E01275,TRAVEL,Event 01275,Synthetic travel event record describing an observed investigative activity. It is intended for temporal and graph-analysis testing.,2026-08-22 05:35:27,2026-08-22 14:25:27,L00928,C00360,PERSON,P01070,SRC030,EV03430,0.78,2024-04-19 04:56:34
E01276,INCIDENT,Event 01276,Ipsa mollitia consectetur sequi numquam sapiente numquam autem deleniti tenetur nihil iusto recusandae aliquam.,2024-12-27 11:02:44,2024-12-27 20:41:44,L01115,,PERSON,P03542,SRC019,EV03895,0.94,2026-06-06 19:42:13
E01277,TRANSACTION,Event 01277,Porro cupiditate ad nihil consequuntur quo architecto fuga libero maxime non delectus sed distinctio.,2025-11-11 05:14:34,2025-11-11 05:49:34,L00196,C00664,PERSON,P01448,SRC015,EV04343,0.88,2024-04-16 03:20:16
E01278,MEETING,Event 01278,Synthetic meeting event record describing an observed investigative activity. It is intended for temporal and graph-analysis testing.,2024-08-20 05:43:19,2024-08-20 16:30:19,L00947,,PERSON,P03864,SRC002,EV00044,0.86,2026-05-20 01:24:25
E01279,TRAVEL,Event 01279,Cum occaecati numquam maiores sapiente voluptatibus neque esse amet totam nihil.,2025-05-19 09:46:34,2025-05-19 13:47:34,L02447,C00972,PERSON,P02048,SRC008,EV03201,0.76,2026-03-21 15:43:37
E01280,CRIME,Event 01280,Synthetic crime event record describing an observed investigative activity. It is intended for temporal and graph-analysis testing.,2025-02-09 20:45:25,2025-02-10 04:09:25,L01239,C01062,PERSON,P00733,SRC025,EV02033,0.73,2024-11-03 20:52:00
E01281,TRAVEL,Event 01281,Quam asperiores id in perferendis aliquam tempore aperiam illo debitis.,2025-06-17 13:21:59,2025-06-17 23:01:59,L00954,C00176,PERSON,P00420,SRC001,EV03495,0.94,2024-01-22 14:01:52
E01282,CRIME,Event 01282,Synthetic crime event record describing an observed investigative activity. It is intended for temporal and graph-analysis testing.,2025-07-17 17:36:23,2025-07-18 01:15:23,L00735,C01183,PERSON,P00950,SRC028,EV02581,0.74,2025-12-18 06:57:50
E01283,ARREST,Event 01283,Facilis culpa ipsa laudantium a sit animi pariatur molestiae minus a enim magnam.,2024-03-19 13:02:39,2024-03-19 20:03:39,L01783,,PERSON,P01579,SRC026,EV00227,0.91,2024-10-16 23:34:55
E01284,ARREST,Event 01284,Synthetic arrest event record describing an observed investigative activity. It is intended for temporal and graph-analysis testing.,2026-06-26 13:31:37,2026-06-26 17:34:37,L02036,C00853,PERSON,P00933,SRC013,EV00972,0.96,2026-06-17 13:12:58
E01285,CRIME,Event 01285,Synthetic crime event record describing an observed investigative activity. It is intended for temporal and graph-analysis testing.,2025-09-10 17:59:44,2025-09-10 22:29:44,L02304,,PERSON,P03960,SRC027,EV00555,0.85,2025-10-05 12:11:40
E01286,TRAVEL,Event 01286,Synthetic travel event record describing an observed investigative activity. It is intended for temporal and graph-analysis testing.,2024-10-30 12:58:11,2024-10-30 18:18:11,L01813,,PERSON,P02709,SRC020,EV00731,0.8,2025-02-03 12:02:46
E01287,ARREST,Event 01287,Synthetic arrest event record describing an observed investigative activity. It is intended for temporal and graph-analysis testing.,2025-11-29 10:14:36,2025-11-29 21:43:36,L02364,C00184,PERSON,P02131,SRC017,EV01341,0.88,2024-10-20 20:06:24
E01288,MEETING,Event 01288,Synthetic meeting event record describing an observed investigative activity. It is intended for temporal and graph-analysis testing.,2026-05-22 19:41:17,2026-05-22 21:16:17,L01166,C00724,PERSON,P00885,SRC026,EV00969,0.7,2026-01-24 17:22:47
E01289,MEETING,Event 01289,Sint provident libero incidunt et nulla at optio expedita deserunt deserunt eius laborum velit maxime.,2025-01-15 14:10:24,2025-01-15 19:07:24,L01364,,PERSON,P01802,SRC013,EV01025,0.87,2025-05-12 11:25:15
E01290,CRIME,Event 01290,Synthetic crime event record describing an observed investigative activity. It is intended for temporal and graph-analysis testing.,2026-03-11 09:28:04,2026-03-11 12:00:04,L00017,C00668,PERSON,P02522,SRC026,EV00896,0.71,2026-05-12 13:49:32
E01291,TRAVEL,Event 01291,Inventore veritatis alias eligendi non reprehenderit consectetur tenetur.,2024-08-17 13:35:51,2024-08-17 22:14:51,L00078,C00474,PERSON,P02091,SRC028,EV04972,0.95,2026-05-20 04:11:09
E01292,TRAVEL,Event 01292,Synthetic travel event record describing an observed investigative activity. It is intended for temporal and graph-analysis testing.,2024-12-28 01:11:23,2024-12-28 11:18:23,L00920,C00158,PERSON,P00893,SRC019,EV04495,0.82,2025-08-03 06:08:42
E01293,TRAVEL,Event 01293,Synthetic travel event record describing an observed investigative activity. It is intended for temporal and graph-analysis testing.,2024-11-28 16:07:28,2024-11-29 03:03:28,L01085,C00374,PERSON,P02892,SRC025,EV04742,0.71,2025-10-22 01:30:28
E01294,SURVEILLANCE,Event 01294,Synthetic surveillance event record describing an observed investigative activity. It is intended for temporal and graph-analysis testing.,2025-12-25 16:13:48,2025-12-26 02:11:48,L02052,C00335,PERSON,P01639,SRC029,EV02134,0.72,2024-06-01 08:25:51
E01295,INCIDENT,Event 01295,Synthetic incident event record describing an observed investigative activity. It is intended for temporal and graph-analysis testing.,2025-10-12 19:03:20,2025-10-13 05:22:20,L00250,,PERSON,P00768,SRC004,EV02304,0.91,2026-05-05 00:48:22
E01296,INCIDENT,Event 01296,Synthetic incident event record describing an observed investigative activity. It is intended for temporal and graph-analysis testing.,2024-02-04 09:54:05,2024-02-04 19:22:05,L00570,,PERSON,P03097,SRC028,EV03821,0.87,2024-06-01 15:11:17
E01297,ARREST,Event 01297,Cupiditate illo optio a impedit officiis quidem accusantium numquam explicabo consectetur laudantium voluptatem.,2024-09-12 12:26:11,2024-09-12 18:47:11,L00947,C00773,PERSON,P02949,SRC016,EV04905,0.9,2026-04-02 12:31:59
E01298,SURVEILLANCE,Event 01298,Synthetic surveillance event record describing an observed investigative activity. It is intended for temporal and graph-analysis testing.,2025-03-26 12:45:20,2025-03-26 18:49:20,L01413,C01171,PERSON,P02993,SRC028,EV01165,0.76,2025-01-31 18:40:06
E01299,MEETING,Event 01299,Sit consequatur inventore quos quas vel officiis ut id.,2026-01-11 18:27:08,2026-01-12 01:46:08,L02495,C01004,PERSON,P03731,SRC001,EV00809,0.93,2026-08-05 18:11:21
E01300,TRANSACTION,Event 01300,Synthetic transaction event record describing an observed investigative activity. It is intended for temporal and graph-analysis testing.,2025-07-07 10:17:16,2025-07-07 15:22:16,L00156,C00308,PERSON,P01485,SRC001,EV00837,0.81,2024-02-14 10:59:31
E01301,ARREST,Event 01301,Synthetic arrest event record describing an observed investigative activity. It is intended for temporal and graph-analysis testing.,2024-04-05 16:05:11,2024-04-05 22:00:11,L01821,C00053,PERSON,P03392,SRC019,EV04240,0.73,2024-10-15 06:19:34
E01302,TRANSACTION,Event 01302,Synthetic transaction event record describing an observed investigative activity. It is intended for temporal and graph-analysis testing.,2024-11-10 03:10:04,2024-11-10 06:57:04,L00527,C00541,PERSON,P00783,SRC021,EV04287,0.91,2026-01-09 22:07:23
E01303,ARREST,Event 01303,Laborum impedit quidem ea veniam minus eos.,2024-10-07 06:21:28,2024-10-07 10:05:28,L01602,,PERSON,P01064,SRC024,EV04758,0.73,2026-05-15 12:56:52
E01304,SURVEILLANCE,Event 01304,Synthetic surveillance event record describing an observed investigative activity. It is intended for temporal and graph-analysis testing.,2024-12-12 11:47:17,2024-12-12 16:40:17,L01858,C00266,PERSON,P00916,SRC030,EV01995,0.91,2026-08-04 21:37:31
E01305,ARREST,Event 01305,Synthetic arrest event record describing an observed investigative activity. It is intended for temporal and graph-analysis testing.,2024-12-28 11:24:01,2024-12-28 22:58:01,L00034,C00635,PERSON,P03563,SRC020,EV02250,0.84,2025-01-23 20:54:28
E01306,SURVEILLANCE,Event 01306,Synthetic surveillance event record describing an observed investigative activity. It is intended for temporal and graph-analysis testing.,2025-12-31 02:58:31,2025-12-31 03:11:31,L00381,,PERSON,P01189,SRC018,EV04087,0.86,2026-01-16 17:47:00
E01307,INCIDENT,Event 01307,Synthetic incident event record describing an observed investigative activity. It is intended for temporal and graph-analysis testing.,2025-07-17 04:54:49,2025-07-17 05:34:49,L00758,C00082,PERSON,P02012,SRC013,EV04566,0.75,2025-01-23 11:09:48
E01308,SURVEILLANCE,Event 01308,Synthetic surveillance event record describing an observed investigative activity. It is intended for temporal and graph-analysis testing.,2024-12-25 15:37:01,2024-12-25 23:45:01,L00413,C00919,PERSON,P03728,SRC010,EV00656,0.73,2026-08-22 14:43:09
E01309,TRANSACTION,Event 01309,Synthetic transaction event record describing an observed investigative activity. It is intended for temporal and graph-analysis testing.,2026-06-22 01:07:25,2026-06-22 02:50:25,L00402,C01043,PERSON,P01713,SRC004,EV01861,0.77,2024-02-19 20:53:48
E01310,MEETING,Event 01310,Synthetic meeting event record describing an observed investigative activity. It is intended for temporal and graph-analysis testing.,2024-01-04 06:52:27,2024-01-04 16:54:27,L01988,C00965,PERSON,P01199,SRC019,EV00954,0.78,2024-09-30 21:52:55
E01311,TRANSACTION,Event 01311,Assumenda ab eos adipisci ducimus eius illum.,2025-04-21 04:48:11,2025-04-21 15:19:11,L01096,C00858,PERSON,P02807,SRC026,EV04783,0.82,2024-07-21 02:54:17
E01312,ARREST,Event 01312,Synthetic arrest event record describing an observed investigative activity. It is intended for temporal and graph-analysis testing.,2024-02-22 06:58:45,2024-02-22 15:33:45,L02014,C00859,PERSON,P01935,SRC001,EV00792,0.91,2025-03-27 06:22:01
E01313,SURVEILLANCE,Event 01313,Synthetic surveillance event record describing an observed investigative activity. It is intended for temporal and graph-analysis testing.,2024-08-06 09:01:32,2024-08-06 09:42:32,L01734,,PERSON,P02622,SRC015,EV03648,0.95,2024-04-29 23:20:58
E01314,SURVEILLANCE,Event 01314,Synthetic surveillance event record describing an observed investigative activity. It is intended for temporal and graph-analysis testing.,2026-08-20 03:18:02,2026-08-20 06:05:02,L01389,C00169,PERSON,P03468,SRC026,EV04180,0.78,2024-12-22 12:10:55
E01315,CRIME,Event 01315,Synthetic crime event record describing an observed investigative activity. It is intended for temporal and graph-analysis testing.,2026-01-14 21:31:05,2026-01-15 07:25:05,L02399,C01162,PERSON,P00374,SRC023,EV00828,0.78,2026-08-25 21:19:05
E01316,ARREST,Event 01316,Synthetic arrest event record describing an observed investigative activity. It is intended for temporal and graph-analysis testing.,2024-09-30 02:35:23,2024-09-30 05:58:23,L00982,C00901,PERSON,P01058,SRC026,EV03239,0.73,2025-08-09 23:47:23
E01317,MEETING,Event 01317,Synthetic meeting event record describing an observed investigative activity. It is intended for temporal and graph-analysis testing.,2024-09-04 17:19:17,2024-09-04 18:27:17,L00981,C00859,PERSON,P02719,SRC011,EV02088,0.82,2026-04-24 18:59:42
E01318,SURVEILLANCE,Event 01318,Synthetic surveillance event record describing an observed investigative activity. It is intended for temporal and graph-analysis testing.,2026-08-06 17:13:37,2026-08-07 03:36:37,L01656,C00627,PERSON,P03544,SRC006,EV04905,0.91,2026-08-23 11:26:39
E01319,CRIME,Event 01319,Maxime minima reiciendis atque natus quidem earum rerum itaque esse fugit nobis maxime debitis.,2024-07-07 20:04:58,2024-07-08 04:51:58,L02337,C00115,PERSON,P00443,SRC028,EV04572,0.79,2025-05-03 09:53:13
E01320,TRAVEL,Event 01320,Synthetic travel event record describing an observed investigative activity. It is intended for temporal and graph-analysis testing.,2026-06-15 07:54:42,2026-06-15 18:44:42,L00448,C01135,PERSON,P02991,SRC016,EV01673,0.7,2024-09-29 06:40:10
E01321,INCIDENT,Event 01321,Synthetic incident event record describing an observed investigative activity. It is intended for temporal and graph-analysis testing.,2024-05-25 19:17:51,2024-05-25 22:50:51,L02495,C01013,PERSON,P03629,SRC028,EV00535,0.73,2024-06-02 00:31:24
E01322,ARREST,Event 01322,Minus deleniti deleniti possimus eius sit ullam.,2026-01-12 13:45:07,2026-01-12 14:32:07,L02052,C00937,PERSON,P03192,SRC030,EV01185,0.94,2025-03-04 23:51:53
E01323,SURVEILLANCE,Event 01323,Libero molestias accusamus rem consectetur debitis laborum voluptatem cum voluptatem eius corrupti.,2025-06-03 00:05:11,2025-06-03 11:30:11,L01149,,PERSON,P02621,SRC018,EV02763,0.84,2024-07-02 06:38:29
E01324,SURVEILLANCE,Event 01324,Itaque perferendis magnam voluptate fugit incidunt minima qui veritatis fuga natus porro illum.,2025-09-24 07:23:33,2025-09-24 14:21:33,L02142,C00491,PERSON,P01306,SRC006,EV00980,0.94,2024-08-20 18:17:56
E01325,CRIME,Event 01325,Synthetic crime event record describing an observed investigative activity. It is intended for temporal and graph-analysis testing.,2025-07-05 22:41:00,2025-07-06 09:18:00,L02479,C00472,PERSON,P01793,SRC003,EV03180,0.82,2024-05-15 13:53:32
E01326,INCIDENT,Event 01326,Synthetic incident event record describing an observed investigative activity. It is intended for temporal and graph-analysis testing.,2025-04-07 12:41:24,2025-04-07 22:04:24,L00452,,PERSON,P00621,SRC030,EV04957,0.76,2026-08-04 23:57:08
E01327,CRIME,Event 01327,Synthetic crime event record describing an observed investigative activity. It is intended for temporal and graph-analysis testing.,2024-09-21 01:35:29,2024-09-21 03:53:29,L00028,C00138,PERSON,P03655,SRC027,EV03932,0.92,2024-05-04 07:49:25
E01328,TRANSACTION,Event 01328,Dignissimos quas suscipit in tempora voluptatum assumenda animi reiciendis ipsam ipsa.,2024-05-23 23:21:51,2024-05-24 00:13:51,L01372,C00818,PERSON,P03078,SRC006,EV04956,0.91,2024-07-22 14:58:24
E01329,TRAVEL,Event 01329,Synthetic travel event record describing an observed investigative activity. It is intended for temporal and graph-analysis testing.,2026-03-15 15:36:37,2026-03-15 19:43:37,L00021,,PERSON,P01011,SRC013,EV03289,0.92,2025-11-21 22:46:24
E01330,SURVEILLANCE,Event 01330,Synthetic surveillance event record describing an observed investigative activity. It is intended for temporal and graph-analysis testing.,2026-03-13 21:11:16,2026-03-14 05:06:16,L01372,,PERSON,P03493,SRC019,EV01706,0.71,2026-07-11 14:42:54
E01331,MEETING,Event 01331,Nam accusantium ratione voluptatum labore recusandae inventore nam repellat.,2025-06-26 15:23:38,2025-06-26 22:02:38,L00583,C00939,PERSON,P01184,SRC019,EV04738,0.84,2025-11-29 05:43:43
E01332,INCIDENT,Event 01332,Harum culpa beatae in voluptatum perferendis qui vel totam.,2025-03-28 02:32:44,2025-03-28 12:16:44,L00624,C00512,PERSON,P00749,SRC026,EV03778,0.78,2025-06-26 08:05:00
E01333,CRIME,Event 01333,Synthetic crime event record describing an observed investigative activity. It is intended for temporal and graph-analysis testing.,2024-08-16 15:21:03,2024-08-17 01:40:03,L00451,C00785,PERSON,P02894,SRC010,EV03868,0.84,2025-07-22 10:44:04
E01334,SURVEILLANCE,Event 01334,Ab fugiat pariatur odit velit tempora maxime quo placeat repellendus totam consequatur perspiciatis eum.,2024-11-07 15:06:13,2024-11-08 01:18:13,L01408,C00454,PERSON,P02428,SRC013,EV01243,0.81,2024-01-21 10:42:14
E01335,CRIME,Event 01335,Synthetic crime event record describing an observed investigative activity. It is intended for temporal and graph-analysis testing.,2024-08-12 15:34:53,2024-08-12 20:50:53,L01399,C00601,PERSON,P01279,SRC029,EV03839,0.76,2024-06-23 11:41:59
E01336,MEETING,Event 01336,Eveniet architecto rem deserunt aut odit pariatur reprehenderit fugiat a.,2025-02-17 17:50:17,2025-02-17 20:32:17,L01535,,PERSON,P02380,SRC011,EV02777,0.96,2025-09-12 03:22:11
E01337,TRAVEL,Event 01337,Synthetic travel event record describing an observed investigative activity. It is intended for temporal and graph-analysis testing.,2024-10-12 04:16:44,2024-10-12 15:24:44,L02227,,PERSON,P00024,SRC003,EV00642,0.96,2025-05-12 06:07:08
E01338,CRIME,Event 01338,Synthetic crime event record describing an observed investigative activity. It is intended for temporal and graph-analysis testing.,2025-10-16 08:50:25,2025-10-16 13:40:25,L00811,C01037,PERSON,P00183,SRC009,EV01877,0.97,2026-02-17 06:14:57
E01339,TRAVEL,Event 01339,Synthetic travel event record describing an observed investigative activity. It is intended for temporal and graph-analysis testing.,2026-05-16 18:27:29,2026-05-17 02:07:29,L01184,,PERSON,P02508,SRC025,EV04448,0.84,2026-03-04 17:41:49
E01340,ARREST,Event 01340,Et consequuntur odio atque debitis magni quod consectetur ipsa reprehenderit.,2025-03-02 19:33:11,2025-03-03 00:48:11,L00673,C00993,PERSON,P01174,SRC016,EV03445,0.74,2026-02-15 19:23:35
E01341,INCIDENT,Event 01341,Synthetic incident event record describing an observed investigative activity. It is intended for temporal and graph-analysis testing.,2024-06-01 10:49:54,2024-06-01 20:31:54,L00108,C01017,PERSON,P03515,SRC010,EV01093,0.76,2026-03-28 21:54:30
E01342,MEETING,Event 01342,Synthetic meeting event record describing an observed investigative activity. It is intended for temporal and graph-analysis testing.,2024-07-11 21:50:15,2024-07-11 23:20:15,L00955,,PERSON,P03788,SRC024,EV02416,0.7,2024-09-10 00:14:22
E01343,INCIDENT,Event 01343,Synthetic incident event record describing an observed investigative activity. It is intended for temporal and graph-analysis testing.,2024-04-24 07:02:05,2024-04-24 17:22:05,L01168,C00242,PERSON,P00173,SRC011,EV00564,0.84,2026-06-19 04:31:28
E01344,CRIME,Event 01344,Qui repellat vero aliquid dicta qui recusandae iure accusamus.,2024-05-17 09:05:18,2024-05-17 16:43:18,L01650,C00223,PERSON,P01572,SRC013,EV03139,0.92,2026-03-27 01:18:38
E01345,TRAVEL,Event 01345,Synthetic travel event record describing an observed investigative activity. It is intended for temporal and graph-analysis testing.,2024-02-23 10:50:35,2024-02-23 12:59:35,L02062,,PERSON,P01740,SRC018,EV01211,0.73,2025-06-13 01:21:50
E01346,INCIDENT,Event 01346,Synthetic incident event record describing an observed investigative activity. It is intended for temporal and graph-analysis testing.,2025-02-22 14:31:21,2025-02-23 01:13:21,L00129,C00868,PERSON,P01803,SRC002,EV02862,0.84,2026-08-02 02:16:56
E01347,ARREST,Event 01347,Synthetic arrest event record describing an observed investigative activity. It is intended for temporal and graph-analysis testing.,2024-08-25 15:20:51,2024-08-25 21:22:51,L01090,,PERSON,P02646,SRC002,EV04902,0.88,2025-10-30 14:32:35
E01348,TRAVEL,Event 01348,Synthetic travel event record describing an observed investigative activity. It is intended for temporal and graph-analysis testing.,2026-02-18 17:26:16,2026-02-18 22:41:16,L02136,,PERSON,P00803,SRC001,EV02807,0.85,2025-05-04 02:25:33
E01349,TRANSACTION,Event 01349,Ad cumque animi explicabo est est aliquid magnam ea.,2026-01-10 23:34:18,2026-01-11 07:45:18,L01530,C01045,PERSON,P01633,SRC003,EV03417,0.73,2025-06-22 00:08:51
E01350,TRANSACTION,Event 01350,Synthetic transaction event record describing an observed investigative activity. It is intended for temporal and graph-analysis testing.,2024-01-05 19:11:51,2024-01-06 04:04:51,L01560,C00537,PERSON,P02217,SRC006,EV04500,0.97,2025-03-30 03:53:34
E01351,ARREST,Event 01351,Synthetic arrest event record describing an observed investigative activity. It is intended for temporal and graph-analysis testing.,2025-09-06 22:48:22,2025-09-07 04:26:22,L00516,C00335,PERSON,P01392,SRC019,EV03863,0.91,2025-12-02 15:12:27
E01352,TRANSACTION,Event 01352,Debitis consequuntur adipisci tempora aliquam harum delectus.,2025-03-14 05:06:22,2025-03-14 16:16:22,L02346,C00463,PERSON,P01597,SRC030,EV02225,0.8,2025-09-07 18:45:55
E01353,CRIME,Event 01353,Synthetic crime event record describing an observed investigative activity. It is intended for temporal and graph-analysis testing.,2025-05-19 02:18:25,2025-05-19 03:47:25,L01940,C01100,PERSON,P00567,SRC013,EV01221,0.95,2025-03-25 10:48:15
E01354,SURVEILLANCE,Event 01354,Possimus magni soluta consequuntur nobis omnis laudantium nulla alias vitae non.,2025-09-19 15:28:03,2025-09-19 20:58:03,L01280,,PERSON,P03483,SRC017,EV03867,0.81,2024-12-19 03:37:32
E01355,MEETING,Event 01355,Sapiente velit quisquam id voluptate beatae placeat tenetur rerum veritatis quidem amet veritatis cum veniam.,2024-07-24 11:51:59,2024-07-24 15:40:59,L01885,C01186,PERSON,P01230,SRC021,EV02645,0.76,2026-04-10 00:57:22
E01356,CRIME,Event 01356,Synthetic crime event record describing an observed investigative activity. It is intended for temporal and graph-analysis testing.,2024-01-16 06:15:58,2024-01-16 09:41:58,L02097,C00472,PERSON,P00067,SRC030,EV02528,0.81,2024-07-17 07:18:46
E01357,INCIDENT,Event 01357,Synthetic incident event record describing an observed investigative activity. It is intended for temporal and graph-analysis testing.,2025-07-03 05:35:46,2025-07-03 10:28:46,L00246,,PERSON,P02243,SRC019,EV04454,0.81,2024-02-10 08:28:53
E01358,MEETING,Event 01358,Synthetic meeting event record describing an observed investigative activity. It is intended for temporal and graph-analysis testing.,2025-09-19 19:13:59,2025-09-20 05:15:59,L00970,C00728,PERSON,P01749,SRC024,EV03686,0.7,2025-07-02 01:10:22
E01359,ARREST,Event 01359,Synthetic arrest event record describing an observed investigative activity. It is intended for temporal and graph-analysis testing.,2024-04-16 14:06:38,2024-04-17 01:30:38,L00155,,PERSON,P02716,SRC022,EV04433,0.79,2026-07-02 02:24:02
E01360,ARREST,Event 01360,Synthetic arrest event record describing an observed investigative activity. It is intended for temporal and graph-analysis testing.,2025-01-23 08:26:32,2025-01-23 19:20:32,L01898,C00139,PERSON,P00130,SRC025,EV01111,0.79,2025-02-24 08:10:59
E01361,INCIDENT,Event 01361,Synthetic incident event record describing an observed investigative activity. It is intended for temporal and graph-analysis testing.,2024-06-10 19:32:15,2024-06-11 00:28:15,L00322,C00421,PERSON,P01868,SRC010,EV01937,0.86,2024-06-14 20:12:43
E01362,SURVEILLANCE,Event 01362,Synthetic surveillance event record describing an observed investigative activity. It is intended for temporal and graph-analysis testing.,2025-06-06 08:39:56,2025-06-06 15:39:56,L01987,C01105,PERSON,P02182,SRC001,EV04180,0.77,2025-06-17 03:18:33
E01363,MEETING,Event 01363,Synthetic meeting event record describing an observed investigative activity. It is intended for temporal and graph-analysis testing.,2026-06-14 14:41:47,2026-06-14 20:54:47,L02007,C00546,PERSON,P02297,SRC004,EV04205,0.77,2025-05-17 15:36:35
E01364,TRANSACTION,Event 01364,Synthetic transaction event record describing an observed investigative activity. It is intended for temporal and graph-analysis testing.,2024-05-19 18:13:47,2024-05-20 05:39:47,L02442,,PERSON,P00636,SRC012,EV00449,0.7,2025-12-04 00:35:11
E01365,INCIDENT,Event 01365,Synthetic incident event record describing an observed investigative activity. It is intended for temporal and graph-analysis testing.,2026-03-17 13:25:46,2026-03-17 19:39:46,L01973,,PERSON,P03579,SRC010,EV03089,0.7,2026-01-08 16:20:40
E01366,MEETING,Event 01366,Synthetic meeting event record describing an observed investigative activity. It is intended for temporal and graph-analysis testing.,2025-11-25 14:47:35,2025-11-25 19:00:35,L01959,,PERSON,P01453,SRC021,EV00492,0.8,2025-02-11 02:52:20
E01367,SURVEILLANCE,Event 01367,Voluptatibus quia explicabo placeat harum assumenda esse tempora dignissimos deleniti.,2024-09-03 09:54:12,2024-09-03 16:51:12,L01628,C00026,PERSON,P00084,SRC007,EV01642,0.82,2026-08-15 13:55:02
E01368,INCIDENT,Event 01368,Synthetic incident event record describing an observed investigative activity. It is intended for temporal and graph-analysis testing.,2024-06-04 23:32:38,2024-06-05 06:50:38,L01010,C00488,PERSON,P01613,SRC027,EV03519,0.95,2025-10-06 04:58:35
E01369,ARREST,Event 01369,Itaque nisi molestiae ipsam officia architecto laboriosam numquam cumque.,2024-01-18 12:41:15,2024-01-18 22:43:15,L01186,C00358,PERSON,P03299,SRC027,EV02852,0.71,2024-11-06 21:26:21
E01370,TRAVEL,Event 01370,Maxime natus optio veniam consectetur maxime fugiat quis.,2025-07-29 14:58:04,2025-07-29 20:14:04,L01222,C00162,PERSON,P03060,SRC022,EV02840,0.88,2025-07-25 20:31:25
E01371,CRIME,Event 01371,Synthetic crime event record describing an observed investigative activity. It is intended for temporal and graph-analysis testing.,2024-04-29 14:07:56,2024-04-30 01:25:56,L00679,C00440,PERSON,P01243,SRC007,EV01651,0.88,2026-04-23 19:48:21
E01372,INCIDENT,Event 01372,Synthetic incident event record describing an observed investigative activity. It is intended for temporal and graph-analysis testing.,2024-04-20 18:46:54,2024-04-20 21:07:54,L00982,,PERSON,P03966,SRC016,EV03618,0.94,2025-03-28 18:17:16
E01373,INCIDENT,Event 01373,Synthetic incident event record describing an observed investigative activity. It is intended for temporal and graph-analysis testing.,2024-08-05 05:38:01,2024-08-05 12:36:01,L01294,C00646,PERSON,P01912,SRC010,EV03540,0.71,2025-06-01 00:19:27
E01374,TRANSACTION,Event 01374,Molestiae enim excepturi reiciendis autem consequatur harum beatae tenetur.,2025-03-22 06:14:10,2025-03-22 10:08:10,L00136,C00423,PERSON,P02925,SRC016,EV03095,0.72,2026-07-01 04:06:13
E01375,CRIME,Event 01375,Synthetic crime event record describing an observed investigative activity. It is intended for temporal and graph-analysis testing.,2024-09-13 00:15:59,2024-09-13 08:52:59,L01308,C01038,PERSON,P01603,SRC029,EV03748,0.85,2026-08-18 15:53:41
E01376,ARREST,Event 01376,Synthetic arrest event record describing an observed investigative activity. It is intended for temporal and graph-analysis testing.,2024-12-13 18:25:10,2024-12-14 00:48:10,L00845,C00369,PERSON,P01268,SRC024,EV02908,0.79,2024-03-14 05:12:37
E01377,ARREST,Event 01377,Synthetic arrest event record describing an observed investigative activity. It is intended for temporal and graph-analysis testing.,2025-05-01 03:25:43,2025-05-01 14:31:43,L00609,,PERSON,P02212,SRC013,EV01073,0.71,2025-03-30 06:01:19
E01378,MEETING,Event 01378,Synthetic meeting event record describing an observed investigative activity. It is intended for temporal and graph-analysis testing.,2025-09-11 15:14:57,2025-09-11 20:22:57,L01951,,PERSON,P03565,SRC015,EV01084,0.89,2024-02-23 10:03:37
E01379,INCIDENT,Event 01379,Synthetic incident event record describing an observed investigative activity. It is intended for temporal and graph-analysis testing.,2026-08-21 20:42:53,2026-08-21 23:28:53,L00431,C00302,PERSON,P03361,SRC005,EV04677,0.71,2024-09-05 17:17:51
E01380,MEETING,Event 01380,Synthetic meeting event record describing an observed investigative activity. It is intended for temporal and graph-analysis testing.,2024-04-09 02:02:08,2024-04-09 10:29:08,L01694,,PERSON,P03779,SRC013,EV02829,0.9,2025-03-23 13:44:14
E01381,SURVEILLANCE,Event 01381,Synthetic surveillance event record describing an observed investigative activity. It is intended for temporal and graph-analysis testing.,2025-01-18 13:06:44,2025-01-19 00:18:44,L00579,C00226,PERSON,P03281,SRC026,EV00731,0.9,2025-04-14 08:00:30
E01382,TRANSACTION,Event 01382,Synthetic transaction event record describing an observed investigative activity. It is intended for temporal and graph-analysis testing.,2025-10-18 17:55:39,2025-10-18 19:11:39,L01878,C00493,PERSON,P03943,SRC007,EV01996,0.9,2026-08-21 12:39:56
E01383,MEETING,Event 01383,Synthetic meeting event record describing an observed investigative activity. It is intended for temporal and graph-analysis testing.,2025-02-04 05:48:04,2025-02-04 08:57:04,L01898,C00826,PERSON,P00392,SRC015,EV01306,0.97,2024-09-27 23:17:55
E01384,CRIME,Event 01384,Synthetic crime event record describing an observed investigative activity. It is intended for temporal and graph-analysis testing.,2025-03-21 07:08:47,2025-03-21 12:05:47,L01412,C00982,PERSON,P02139,SRC014,EV04798,0.95,2026-08-27 07:13:15
E01385,TRAVEL,Event 01385,Quia consequatur in voluptates vitae tenetur ex magni deserunt natus autem sapiente facere.,2025-01-22 06:27:36,2025-01-22 14:26:36,L02050,C01010,PERSON,P03162,SRC027,EV04207,0.87,2026-03-14 19:09:23
E01386,SURVEILLANCE,Event 01386,Synthetic surveillance event record describing an observed investigative activity. It is intended for temporal and graph-analysis testing.,2024-07-02 15:42:27,2024-07-02 17:23:27,L01288,,PERSON,P01020,SRC027,EV00717,0.83,2025-04-28 23:04:31
E01387,TRAVEL,Event 01387,Synthetic travel event record describing an observed investigative activity. It is intended for temporal and graph-analysis testing.,2024-01-24 00:01:20,2024-01-24 05:46:20,L00934,,PERSON,P01447,SRC017,EV01395,0.95,2024-04-23 17:46:49
E01388,ARREST,Event 01388,Synthetic arrest event record describing an observed investigative activity. It is intended for temporal and graph-analysis testing.,2024-11-20 12:04:41,2024-11-20 21:50:41,L00545,,PERSON,P01590,SRC012,EV00324,0.92,2026-01-15 14:07:28
E01389,MEETING,Event 01389,Molestias sint corrupti vel expedita ea itaque sed laudantium quasi quasi distinctio non nisi.,2025-07-31 12:00:29,2025-07-31 16:59:29,L00846,C00303,PERSON,P03243,SRC021,EV03385,0.77,2025-05-11 14:14:53
E01390,ARREST,Event 01390,Aperiam eligendi veritatis unde et nisi laudantium hic et neque cum possimus.,2026-01-08 15:49:27,2026-01-08 17:56:27,L01347,C00514,PERSON,P00673,SRC010,EV01727,0.78,2026-04-08 16:00:52
E01391,TRANSACTION,Event 01391,Synthetic transaction event record describing an observed investigative activity. It is intended for temporal and graph-analysis testing.,2025-06-23 16:00:38,2025-06-23 22:50:38,L00504,,PERSON,P01346,SRC017,EV03549,0.88,2026-07-31 22:17:06
E01392,TRAVEL,Event 01392,Synthetic travel event record describing an observed investigative activity. It is intended for temporal and graph-analysis testing.,2025-12-05 21:22:27,2025-12-06 02:55:27,L01655,,PERSON,P00296,SRC013,EV03262,0.8,2025-03-21 04:45:12
E01393,MEETING,Event 01393,Synthetic meeting event record describing an observed investigative activity. It is intended for temporal and graph-analysis testing.,2024-05-03 21:27:55,2024-05-04 08:25:55,L00484,C00176,PERSON,P01005,SRC025,EV02521,0.81,2025-11-06 14:39:25
E01394,CRIME,Event 01394,Natus atque ea voluptatum voluptatibus sit velit.,2024-07-31 16:25:03,2024-08-01 01:09:03,L01590,,PERSON,P03157,SRC028,EV02691,0.86,2024-03-22 08:27:37
E01395,MEETING,Event 01395,Placeat labore ullam veritatis modi accusantium facilis porro explicabo laboriosam maxime ex rerum deleniti ratione.,2025-08-22 13:35:46,2025-08-22 23:02:46,L01723,C00794,PERSON,P02840,SRC029,EV01038,0.96,2025-10-29 13:34:11
E01396,SURVEILLANCE,Event 01396,Synthetic surveillance event record describing an observed investigative activity. It is intended for temporal and graph-analysis testing.,2025-07-11 08:17:00,2025-07-11 13:20:00,L02174,,PERSON,P03908,SRC021,EV00205,0.78,2026-06-19 20:16:41
E01397,CRIME,Event 01397,Synthetic crime event record describing an observed investigative activity. It is intended for temporal and graph-analysis testing.,2025-10-22 22:34:15,2025-10-23 01:39:15,L00470,C00552,PERSON,P00055,SRC018,EV02773,0.87,2024-03-11 11:55:22
E01398,SURVEILLANCE,Event 01398,Synthetic surveillance event record describing an observed investigative activity. It is intended for temporal and graph-analysis testing.,2024-12-24 01:02:20,2024-12-24 10:25:20,L00113,C00286,PERSON,P02747,SRC022,EV03709,0.98,2026-04-02 20:53:10
E01399,MEETING,Event 01399,Id ea deleniti officiis placeat vero earum vel expedita esse debitis vitae neque suscipit et.,2025-03-26 12:31:51,2025-03-26 17:16:51,L00156,,PERSON,P03707,SRC013,EV03011,0.87,2024-08-11 17:39:09
E01400,TRAVEL,Event 01400,Synthetic travel event record describing an observed investigative activity. It is intended for temporal and graph-analysis testing.,2025-12-01 20:16:57,2025-12-02 05:26:57,L01976,,PERSON,P01899,SRC026,EV01915,0.73,2025-11-22 10:19:59
E01401,TRAVEL,Event 01401,Synthetic travel event record describing an observed investigative activity. It is intended for temporal and graph-analysis testing.,2024-09-13 08:15:48,2024-09-13 20:07:48,L01234,,PERSON,P03245,SRC001,EV00213,0.86,2025-07-17 04:08:22
E01402,TRAVEL,Event 01402,Synthetic travel event record describing an observed investigative activity. It is intended for temporal and graph-analysis testing.,2026-03-30 03:26:30,2026-03-30 14:53:30,L01843,C01109,PERSON,P01122,SRC013,EV02980,0.81,2025-04-16 20:35:42
E01403,TRAVEL,Event 01403,Sunt quis neque officiis est iure recusandae sint occaecati minima expedita earum.,2026-02-25 04:29:25,2026-02-25 07:01:25,L01978,C00204,PERSON,P01136,SRC010,EV01918,0.76,2025-07-06 08:04:47
E01404,MEETING,Event 01404,Eos amet repudiandae veniam quibusdam odio nam reprehenderit beatae quis aliquam.,2024-07-27 16:42:59,2024-07-27 20:45:59,L01444,C00528,PERSON,P01182,SRC018,EV01112,0.81,2024-03-05 20:05:33
E01405,TRANSACTION,Event 01405,Synthetic transaction event record describing an observed investigative activity. It is intended for temporal and graph-analysis testing.,2026-07-10 22:16:12,2026-07-11 09:44:12,L02289,C00073,PERSON,P02123,SRC016,EV04105,0.72,2026-04-25 22:16:58
E01406,ARREST,Event 01406,Synthetic arrest event record describing an observed investigative activity. It is intended for temporal and graph-analysis testing.,2024-05-30 00:51:55,2024-05-30 03:24:55,L01557,C00662,PERSON,P01831,SRC003,EV00732,0.72,2024-04-11 18:00:10
E01407,CRIME,Event 01407,Nulla at deleniti animi vero quas odio.,2024-10-14 19:45:56,2024-10-15 06:29:56,L00362,C01089,PERSON,P03283,SRC021,EV01345,0.89,2026-06-06 19:21:29
E01408,ARREST,Event 01408,Quia est aliquid modi laborum totam quidem aut provident illum consectetur magnam.,2026-05-27 03:06:53,2026-05-27 03:39:53,L02150,C00027,PERSON,P00407,SRC003,EV01511,0.7,2025-06-10 23:12:44
E01409,TRANSACTION,Event 01409,Synthetic transaction event record describing an observed investigative activity. It is intended for temporal and graph-analysis testing.,2025-11-21 02:43:40,2025-11-21 07:04:40,L02456,C00615,PERSON,P00565,SRC006,EV04181,0.88,2025-01-29 23:14:33
E01410,TRANSACTION,Event 01410,Synthetic transaction event record describing an observed investigative activity. It is intended for temporal and graph-analysis testing.,2025-07-31 06:45:16,2025-07-31 09:56:16,L01296,C00904,PERSON,P00508,SRC008,EV00828,0.81,2024-01-15 13:39:44
E01411,INCIDENT,Event 01411,Synthetic incident event record describing an observed investigative activity. It is intended for temporal and graph-analysis testing.,2025-08-23 21:48:13,2025-08-24 02:59:13,L02082,C01150,PERSON,P02373,SRC012,EV04495,0.83,2024-11-25 05:12:24
E01412,CRIME,Event 01412,Recusandae ipsa labore iste reprehenderit culpa adipisci.,2024-04-19 11:44:52,2024-04-19 15:47:52,L01328,C00401,PERSON,P00189,SRC010,EV02233,0.8,2024-06-17 19:57:50
E01413,TRANSACTION,Event 01413,Synthetic transaction event record describing an observed investigative activity. It is intended for temporal and graph-analysis testing.,2025-01-16 08:16:35,2025-01-16 08:32:35,L01108,C00186,PERSON,P02404,SRC022,EV00599,0.8,2026-08-19 23:11:57
E01414,MEETING,Event 01414,Itaque temporibus explicabo laudantium beatae eos placeat.,2025-03-20 14:38:25,2025-03-21 02:02:25,L00118,C00359,PERSON,P00301,SRC012,EV02505,0.89,2024-06-23 14:44:49
E01415,CRIME,Event 01415,Synthetic crime event record describing an observed investigative activity. It is intended for temporal and graph-analysis testing.,2025-04-02 08:29:58,2025-04-02 19:59:58,L01965,C01075,PERSON,P03308,SRC014,EV03607,0.78,2024-04-01 01:15:50
E01416,CRIME,Event 01416,Synthetic crime event record describing an observed investigative activity. It is intended for temporal and graph-analysis testing.,2025-01-15 10:02:43,2025-01-15 10:57:43,L01449,C01105,PERSON,P00714,SRC002,EV00983,0.85,2024-03-16 12:02:07
E01417,SURVEILLANCE,Event 01417,Synthetic surveillance event record describing an observed investigative activity. It is intended for temporal and graph-analysis testing.,2025-07-20 12:07:29,2025-07-20 12:38:29,L01710,C00469,PERSON,P03314,SRC011,EV02433,0.89,2026-02-04 06:26:16
E01418,INCIDENT,Event 01418,Synthetic incident event record describing an observed investigative activity. It is intended for temporal and graph-analysis testing.,2025-04-07 23:41:36,2025-04-08 05:26:36,L02443,C00303,PERSON,P00056,SRC018,EV04783,0.86,2025-12-08 09:18:14
E01419,SURVEILLANCE,Event 01419,Quo possimus ex reiciendis beatae nulla ut est vitae labore itaque voluptatum odit.,2026-04-05 08:58:23,2026-04-05 12:43:23,L01202,,PERSON,P02356,SRC030,EV00684,0.92,2025-11-23 14:22:36
E01420,TRANSACTION,Event 01420,Laborum iure veniam perspiciatis vero molestiae veniam officiis ut quam consequuntur beatae.,2026-07-21 15:17:21,2026-07-21 17:15:21,L01803,C00681,PERSON,P02740,SRC029,EV02382,0.8,2025-03-28 05:29:21
E01421,INCIDENT,Event 01421,Synthetic incident event record describing an observed investigative activity. It is intended for temporal and graph-analysis testing.,2025-11-23 02:58:27,2025-11-23 10:29:27,L00054,,PERSON,P02502,SRC007,EV01932,0.71,2025-11-05 17:41:05
E01422,INCIDENT,Event 01422,Synthetic incident event record describing an observed investigative activity. It is intended for temporal and graph-analysis testing.,2024-06-08 13:07:11,2024-06-08 19:48:11,L00753,,PERSON,P00734,SRC011,EV01777,0.91,2025-09-10 22:44:44
E01423,INCIDENT,Event 01423,Laborum tenetur expedita aut error corporis cumque magni occaecati temporibus tempora.,2026-08-24 00:37:15,2026-08-24 04:46:15,L00246,C00551,PERSON,P00613,SRC012,EV01997,0.81,2025-03-28 22:09:54
E01424,CRIME,Event 01424,Synthetic crime event record describing an observed investigative activity. It is intended for temporal and graph-analysis testing.,2025-04-11 08:17:29,2025-04-11 10:52:29,L02055,C00668,PERSON,P01007,SRC030,EV02875,0.89,2024-04-21 08:43:45
E01425,ARREST,Event 01425,Synthetic arrest event record describing an observed investigative activity. It is intended for temporal and graph-analysis testing.,2024-09-22 22:15:48,2024-09-23 04:42:48,L00237,C00788,PERSON,P01467,SRC021,EV01993,0.71,2026-04-22 21:00:08
E01426,MEETING,Event 01426,Synthetic meeting event record describing an observed investigative activity. It is intended for temporal and graph-analysis testing.,2025-07-01 06:55:05,2025-07-01 18:30:05,L00107,C00160,PERSON,P03601,SRC022,EV03201,0.81,2024-03-10 09:48:24
E01427,TRANSACTION,Event 01427,Vitae fugit dicta sint nihil reprehenderit perspiciatis dignissimos eius tenetur sint illo.,2024-08-23 00:02:02,2024-08-23 10:38:02,L01376,C01025,PERSON,P02394,SRC003,EV00359,0.74,2026-03-29 20:57:09
E01428,INCIDENT,Event 01428,Synthetic incident event record describing an observed investigative activity. It is intended for temporal and graph-analysis testing.,2026-05-28 20:20:52,2026-05-29 04:41:52,L01635,C00165,PERSON,P03478,SRC013,EV02771,0.86,2024-10-16 12:53:22
E01429,SURVEILLANCE,Event 01429,Synthetic surveillance event record describing an observed investigative activity. It is intended for temporal and graph-analysis testing.,2024-02-10 10:00:34,2024-02-10 14:33:34,L01477,C00312,PERSON,P02959,SRC011,EV03679,0.79,2025-12-08 09:45:41
E01430,CRIME,Event 01430,Synthetic crime event record describing an observed investigative activity. It is intended for temporal and graph-analysis testing.,2024-07-15 00:22:05,2024-07-15 04:23:05,L01864,,PERSON,P02995,SRC006,EV00024,0.79,2024-01-14 21:17:29
E01431,ARREST,Event 01431,Synthetic arrest event record describing an observed investigative activity. It is intended for temporal and graph-analysis testing.,2025-11-04 06:03:29,2025-11-04 16:09:29,L01199,C00593,PERSON,P03629,SRC022,EV03130,0.82,2026-06-24 18:30:31
E01432,TRANSACTION,Event 01432,Inventore quas rem expedita rerum earum voluptatum ducimus ipsa natus.,2026-03-05 23:30:20,2026-03-06 05:14:20,L02160,C00407,PERSON,P02094,SRC011,EV02926,0.97,2025-07-21 22:24:47
E01433,TRAVEL,Event 01433,Synthetic travel event record describing an observed investigative activity. It is intended for temporal and graph-analysis testing.,2026-07-16 19:23:34,2026-07-17 00:30:34,L02087,C00944,PERSON,P01217,SRC009,EV01333,0.78,2025-03-06 10:16:08
E01434,MEETING,Event 01434,Synthetic meeting event record describing an observed investigative activity. It is intended for temporal and graph-analysis testing.,2026-04-20 08:57:50,2026-04-20 12:29:50,L00923,,PERSON,P00316,SRC020,EV04559,0.84,2024-09-13 09:10:44
E01435,INCIDENT,Event 01435,Synthetic incident event record describing an observed investigative activity. It is intended for temporal and graph-analysis testing.,2024-03-17 00:52:31,2024-03-17 10:59:31,L02326,C00987,PERSON,P00316,SRC027,EV03106,0.83,2025-01-26 23:50:42
E01436,TRANSACTION,Event 01436,Quisquam rerum nisi voluptatibus illum laborum veritatis delectus odit libero sit laborum explicabo quia distinctio.,2025-11-01 09:18:58,2025-11-01 12:30:58,L00635,,PERSON,P01641,SRC005,EV03080,0.83,2026-05-30 05:51:30
E01437,ARREST,Event 01437,Synthetic arrest event record describing an observed investigative activity. It is intended for temporal and graph-analysis testing.,2024-04-14 12:25:35,2024-04-14 22:11:35,L01153,C00615,PERSON,P01019,SRC012,EV02449,0.7,2025-09-08 12:38:23
E01438,TRANSACTION,Event 01438,Synthetic transaction event record describing an observed investigative activity. It is intended for temporal and graph-analysis testing.,2025-04-02 20:55:43,2025-04-02 23:54:43,L00140,,PERSON,P03068,SRC009,EV03532,0.78,2024-09-03 23:10:22
E01439,INCIDENT,Event 01439,Synthetic incident event record describing an observed investigative activity. It is intended for temporal and graph-analysis testing.,2025-06-27 04:09:57,2025-06-27 12:34:57,L01467,,PERSON,P00927,SRC017,EV02919,0.76,2024-04-24 15:57:12
E01440,TRAVEL,Event 01440,Libero est quibusdam impedit facilis pariatur soluta pariatur provident modi laudantium illum.,2024-11-02 14:45:17,2024-11-02 20:03:17,L02489,C00108,PERSON,P02316,SRC002,EV00071,0.91,2024-05-21 19:17:31
E01441,MEETING,Event 01441,Synthetic meeting event record describing an observed investigative activity. It is intended for temporal and graph-analysis testing.,2026-07-11 23:02:24,2026-07-12 08:54:24,L02030,C00912,PERSON,P03398,SRC025,EV02558,0.91,2025-09-10 18:21:40
E01442,TRAVEL,Event 01442,Synthetic travel event record describing an observed investigative activity. It is intended for temporal and graph-analysis testing.,2024-02-22 15:35:55,2024-02-22 21:26:55,L02444,,PERSON,P02397,SRC018,EV00679,0.9,2026-06-09 23:33:06
E01443,SURVEILLANCE,Event 01443,Synthetic surveillance event record describing an observed investigative activity. It is intended for temporal and graph-analysis testing.,2025-01-17 09:58:11,2025-01-17 16:13:11,L00114,C01114,PERSON,P02553,SRC002,EV00950,0.93,2024-02-23 16:04:06
E01444,TRAVEL,Event 01444,Synthetic travel event record describing an observed investigative activity. It is intended for temporal and graph-analysis testing.,2025-09-18 02:04:24,2025-09-18 09:12:24,L01510,C00666,PERSON,P02347,SRC008,EV03877,0.77,2025-04-26 12:46:40
E01445,ARREST,Event 01445,Synthetic arrest event record describing an observed investigative activity. It is intended for temporal and graph-analysis testing.,2025-04-05 08:32:53,2025-04-05 18:23:53,L01840,C00629,PERSON,P03597,SRC028,EV03044,0.79,2026-06-13 10:03:59
E01446,TRANSACTION,Event 01446,Synthetic transaction event record describing an observed investigative activity. It is intended for temporal and graph-analysis testing.,2024-08-31 06:17:18,2024-08-31 11:37:18,L02324,,PERSON,P01603,SRC029,EV00854,0.8,2024-02-02 19:18:55
E01447,SURVEILLANCE,Event 01447,Error maxime nihil eligendi delectus expedita debitis inventore culpa sequi.,2024-08-25 13:58:05,2024-08-25 20:20:05,L01393,C00900,PERSON,P00329,SRC017,EV00837,0.89,2024-10-28 16:26:04
E01448,ARREST,Event 01448,Eligendi quasi quas illo quos libero accusamus autem maxime.,2025-10-03 09:32:06,2025-10-03 11:11:06,L01311,,PERSON,P02439,SRC026,EV04974,0.74,2024-10-15 15:01:57
E01449,TRANSACTION,Event 01449,Synthetic transaction event record describing an observed investigative activity. It is intended for temporal and graph-analysis testing.,2025-11-28 08:44:23,2025-11-28 11:41:23,L01319,C00158,PERSON,P02435,SRC001,EV02571,0.72,2025-06-04 17:44:55
E01450,TRANSACTION,Event 01450,Synthetic transaction event record describing an observed investigative activity. It is intended for temporal and graph-analysis testing.,2024-05-28 23:50:51,2024-05-29 05:21:51,L00132,C00949,PERSON,P00119,SRC002,EV03963,0.88,2025-07-29 16:22:48
E01451,TRANSACTION,Event 01451,Rem debitis possimus debitis saepe quam delectus assumenda cum modi quis magni officiis.,2025-06-07 18:21:04,2025-06-08 00:51:04,L00102,C00809,PERSON,P01348,SRC010,EV01167,0.95,2026-07-27 03:32:43
E01452,SURVEILLANCE,Event 01452,Perferendis quo consequuntur nulla voluptate consectetur ipsa facere voluptatem corrupti quia unde eos unde.,2024-02-24 14:27:22,2024-02-24 20:34:22,L01277,C00745,PERSON,P02782,SRC019,EV04279,0.89,2025-05-06 12:29:31
E01453,ARREST,Event 01453,Synthetic arrest event record describing an observed investigative activity. It is intended for temporal and graph-analysis testing.,2025-12-29 21:05:34,2025-12-30 04:25:34,L00830,C00615,PERSON,P02448,SRC029,EV00549,0.78,2024-09-09 14:12:04
E01454,MEETING,Event 01454,Odio quidem enim non vitae distinctio repellendus dicta rerum veniam ab distinctio cum sunt.,2024-01-16 05:55:21,2024-01-16 17:29:21,L00477,,PERSON,P03139,SRC027,EV00058,0.89,2024-02-20 23:54:19
E01455,INCIDENT,Event 01455,Distinctio perferendis provident sint labore non placeat.,2025-11-06 01:09:56,2025-11-06 04:06:56,L00709,C00275,PERSON,P03385,SRC028,EV03647,0.81,2026-07-07 22:52:41
E01456,MEETING,Event 01456,Synthetic meeting event record describing an observed investigative activity. It is intended for temporal and graph-analysis testing.,2025-11-21 10:23:41,2025-11-21 17:21:41,L00092,,PERSON,P02561,SRC019,EV00159,0.78,2024-04-27 04:22:41
E01457,TRAVEL,Event 01457,Itaque optio voluptate omnis deleniti perspiciatis dicta.,2025-08-10 17:00:24,2025-08-10 18:03:24,L00568,C00209,PERSON,P02227,SRC023,EV03495,0.82,2025-01-25 22:04:19
E01458,TRAVEL,Event 01458,Synthetic travel event record describing an observed investigative activity. It is intended for temporal and graph-analysis testing.,2025-09-10 00:48:26,2025-09-10 05:42:26,L00552,C00698,PERSON,P00868,SRC018,EV04143,0.81,2025-07-07 07:51:29
E01459,TRAVEL,Event 01459,Quibusdam porro asperiores at harum voluptatibus tempora corporis temporibus nam quod illum aut.,2025-01-02 18:44:14,2025-01-02 22:42:14,L02484,,PERSON,P02024,SRC017,EV01829,0.81,2024-02-23 05:00:34
E01460,ARREST,Event 01460,Cumque inventore quo occaecati reiciendis enim voluptate omnis.,2024-07-04 20:56:09,2024-07-05 04:06:09,L01013,C00308,PERSON,P02159,SRC030,EV03653,0.81,2026-07-17 16:19:36
E01461,TRAVEL,Event 01461,Synthetic travel event record describing an observed investigative activity. It is intended for temporal and graph-analysis testing.,2025-10-11 23:52:00,2025-10-12 11:45:00,L00200,C00949,PERSON,P00629,SRC026,EV04025,0.91,2024-03-14 06:49:48
E01462,INCIDENT,Event 01462,Synthetic incident event record describing an observed investigative activity. It is intended for temporal and graph-analysis testing.,2026-08-23 02:32:40,2026-08-23 08:59:40,L00121,C00457,PERSON,P00553,SRC029,EV02968,0.71,2024-05-24 04:49:28
E01463,MEETING,Event 01463,Et asperiores porro labore sunt et porro illo.,2026-08-30 05:54:48,2026-08-30 15:41:48,L02175,C00949,PERSON,P00273,SRC006,EV01187,0.95,2024-02-17 08:58:26
E01464,MEETING,Event 01464,Iusto porro maiores est velit veritatis voluptates mollitia commodi.,2025-05-07 20:55:58,2025-05-07 21:55:58,L00156,C00404,PERSON,P01093,SRC001,EV00964,0.92,2025-09-27 20:54:09
E01465,CRIME,Event 01465,Soluta quam expedita vel earum eveniet laboriosam repellendus vitae hic aliquam aperiam cupiditate illum rerum.,2025-10-19 14:36:22,2025-10-19 23:43:22,L01473,C00716,PERSON,P01360,SRC008,EV04726,0.74,2024-03-13 14:14:14
E01466,SURVEILLANCE,Event 01466,Synthetic surveillance event record describing an observed investigative activity. It is intended for temporal and graph-analysis testing.,2026-08-18 14:41:13,2026-08-18 21:39:13,L00619,,PERSON,P03857,SRC026,EV01315,0.7,2026-02-14 12:32:09
E01467,INCIDENT,Event 01467,Synthetic incident event record describing an observed investigative activity. It is intended for temporal and graph-analysis testing.,2025-04-16 23:33:10,2025-04-17 06:37:10,L01478,,PERSON,P00615,SRC003,EV02276,0.71,2025-11-28 05:33:45
E01468,SURVEILLANCE,Event 01468,Synthetic surveillance event record describing an observed investigative activity. It is intended for temporal and graph-analysis testing.,2025-09-05 05:52:41,2025-09-05 06:54:41,L01939,,PERSON,P01716,SRC012,EV00612,0.71,2026-03-18 07:43:53
E01469,TRAVEL,Event 01469,Fugiat quia veritatis minima qui ratione sequi at animi architecto quam ut veritatis.,2025-05-14 06:32:27,2025-05-14 09:07:27,L02030,C00015,PERSON,P03298,SRC023,EV04048,0.83,2024-11-15 05:39:13
E01470,ARREST,Event 01470,Synthetic arrest event record describing an observed investigative activity. It is intended for temporal and graph-analysis testing.,2024-04-12 21:56:46,2024-04-13 06:52:46,L02285,C01194,PERSON,P00742,SRC007,EV04521,0.97,2024-06-08 23:03:15
E01471,TRAVEL,Event 01471,Synthetic travel event record describing an observed investigative activity. It is intended for temporal and graph-analysis testing.,2024-11-20 07:22:02,2024-11-20 08:57:02,L00620,C00228,PERSON,P01222,SRC005,EV03904,0.83,2025-07-04 19:06:26
E01472,TRANSACTION,Event 01472,Synthetic transaction event record describing an observed investigative activity. It is intended for temporal and graph-analysis testing.,2025-07-14 14:50:08,2025-07-15 01:18:08,L01762,,PERSON,P03434,SRC003,EV03388,0.9,2024-04-15 01:09:36
E01473,MEETING,Event 01473,Aperiam voluptate consectetur rem cupiditate eum aut repudiandae.,2025-11-01 02:45:06,2025-11-01 05:36:06,L02349,C00787,PERSON,P00585,SRC009,EV00135,0.71,2024-06-30 03:31:26
E01474,SURVEILLANCE,Event 01474,Synthetic surveillance event record describing an observed investigative activity. It is intended for temporal and graph-analysis testing.,2024-10-11 06:48:22,2024-10-11 13:45:22,L00497,C00487,PERSON,P01269,SRC021,EV00713,0.71,2026-06-03 14:40:05
E01475,INCIDENT,Event 01475,Synthetic incident event record describing an observed investigative activity. It is intended for temporal and graph-analysis testing.,2025-11-07 11:50:26,2025-11-07 14:18:26,L00284,C00701,PERSON,P02238,SRC016,EV04387,0.95,2026-04-05 09:54:12
E01476,INCIDENT,Event 01476,Enim harum itaque beatae ad ullam facere rem est facere unde laudantium earum sequi.,2024-10-22 21:46:25,2024-10-23 00:23:25,L01463,C00888,PERSON,P00721,SRC022,EV04198,0.88,2026-08-16 08:09:56
E01477,TRAVEL,Event 01477,Synthetic travel event record describing an observed investigative activity. It is intended for temporal and graph-analysis testing.,2024-10-19 18:43:27,2024-10-20 06:15:27,L01149,C00789,PERSON,P00091,SRC004,EV01768,0.96,2025-08-19 11:14:27
E01478,CRIME,Event 01478,Synthetic crime event record describing an observed investigative activity. It is intended for temporal and graph-analysis testing.,2026-06-14 01:01:24,2026-06-14 03:08:24,L01164,C00499,PERSON,P00011,SRC028,EV03706,0.83,2025-04-06 05:35:37
E01479,TRANSACTION,Event 01479,Synthetic transaction event record describing an observed investigative activity. It is intended for temporal and graph-analysis testing.,2025-05-12 21:03:38,2025-05-13 00:15:38,L01469,C01069,PERSON,P01100,SRC020,EV00461,0.7,2024-02-27 04:57:57
E01480,ARREST,Event 01480,Synthetic arrest event record describing an observed investigative activity. It is intended for temporal and graph-analysis testing.,2024-10-05 23:14:24,2024-10-06 00:44:24,L02141,C00373,PERSON,P01943,SRC005,EV00328,0.75,2026-04-15 04:58:37
E01481,MEETING,Event 01481,Assumenda voluptates voluptatibus laudantium cumque animi sed consectetur iste libero.,2024-04-27 07:57:55,2024-04-27 15:47:55,L01581,,PERSON,P02175,SRC015,EV04961,0.73,2025-08-31 15:44:19
E01482,ARREST,Event 01482,Synthetic arrest event record describing an observed investigative activity. It is intended for temporal and graph-analysis testing.,2024-07-24 23:48:06,2024-07-25 10:02:06,L01129,C00467,PERSON,P02185,SRC005,EV04403,0.8,2024-03-24 13:59:43
E01483,MEETING,Event 01483,Synthetic meeting event record describing an observed investigative activity. It is intended for temporal and graph-analysis testing.,2025-12-26 03:07:47,2025-12-26 08:42:47,L01996,C01147,PERSON,P00082,SRC001,EV04195,0.72,2024-03-29 19:44:22
E01484,INCIDENT,Event 01484,Synthetic incident event record describing an observed investigative activity. It is intended for temporal and graph-analysis testing.,2025-12-15 04:20:17,2025-12-15 11:12:17,L00885,C00915,PERSON,P03717,SRC002,EV02643,0.83,2026-08-30 12:23:20
E01485,ARREST,Event 01485,Synthetic arrest event record describing an observed investigative activity. It is intended for temporal and graph-analysis testing.,2024-05-30 14:40:35,2024-05-30 20:52:35,L00109,,PERSON,P02816,SRC004,EV02754,0.83,2024-01-05 21:19:19
E01486,TRAVEL,Event 01486,Synthetic travel event record describing an observed investigative activity. It is intended for temporal and graph-analysis testing.,2025-04-15 06:36:16,2025-04-15 13:20:16,L00761,C00565,PERSON,P02733,SRC008,EV02423,0.85,2026-01-13 18:13:20
E01487,INCIDENT,Event 01487,Synthetic incident event record describing an observed investigative activity. It is intended for temporal and graph-analysis testing.,2024-12-26 20:25:17,2024-12-27 07:49:17,L01525,C01162,PERSON,P01886,SRC014,EV04965,0.96,2025-08-13 06:42:28
E01488,TRANSACTION,Event 01488,Synthetic transaction event record describing an observed investigative activity. It is intended for temporal and graph-analysis testing.,2026-07-06 18:44:45,2026-07-07 03:12:45,L00365,C00522,PERSON,P02014,SRC001,EV02005,0.82,2025-10-05 23:29:44
E01489,TRAVEL,Event 01489,Synthetic travel event record describing an observed investigative activity. It is intended for temporal and graph-analysis testing.,2025-09-18 00:54:26,2025-09-18 06:58:26,L01272,C01151,PERSON,P03870,SRC030,EV03369,0.85,2025-02-17 18:11:53
E01490,MEETING,Event 01490,Synthetic meeting event record describing an observed investigative activity. It is intended for temporal and graph-analysis testing.,2024-09-21 13:46:17,2024-09-22 01:01:17,L00150,C01152,PERSON,P00051,SRC013,EV03391,0.9,2026-04-07 07:42:53
E01491,SURVEILLANCE,Event 01491,Synthetic surveillance event record describing an observed investigative activity. It is intended for temporal and graph-analysis testing.,2025-02-16 07:18:18,2025-02-16 09:31:18,L01943,C00746,PERSON,P01423,SRC029,EV04839,0.76,2024-01-26 09:53:16
E01492,INCIDENT,Event 01492,Magnam et quia soluta voluptate enim aut animi.,2025-07-31 03:48:57,2025-07-31 12:25:57,L00039,,PERSON,P00658,SRC011,EV01924,0.73,2025-02-18 13:55:45
E01493,MEETING,Event 01493,Synthetic meeting event record describing an observed investigative activity. It is intended for temporal and graph-analysis testing.,2025-05-27 12:56:55,2025-05-27 22:40:55,L00145,C00266,PERSON,P00985,SRC026,EV04952,0.8,2026-02-19 16:45:39
E01494,CRIME,Event 01494,Synthetic crime event record describing an observed investigative activity. It is intended for temporal and graph-analysis testing.,2024-12-22 20:48:16,2024-12-23 00:24:16,L02226,C01125,PERSON,P03069,SRC003,EV00918,0.87,2025-05-14 09:58:09
E01495,CRIME,Event 01495,Synthetic crime event record describing an observed investigative activity. It is intended for temporal and graph-analysis testing.,2025-10-30 18:33:05,2025-10-31 00:58:05,L01320,,PERSON,P01093,SRC010,EV03690,0.85,2025-05-21 20:29:56
E01496,TRAVEL,Event 01496,Synthetic travel event record describing an observed investigative activity. It is intended for temporal and graph-analysis testing.,2024-09-09 23:52:56,2024-09-10 08:06:56,L01845,,PERSON,P00922,SRC012,EV03173,0.81,2025-08-29 12:20:40
E01497,ARREST,Event 01497,Maiores maxime aliquam dignissimos cumque excepturi ipsam modi iusto minima laboriosam.,2026-07-07 23:43:50,2026-07-08 02:55:50,L00204,C00342,PERSON,P00780,SRC029,EV04298,0.83,2025-12-30 06:46:14
E01498,CRIME,Event 01498,Voluptatibus quas ab repellendus rerum debitis corporis velit quis non nihil sapiente quidem magnam.,2025-07-04 02:09:06,2025-07-04 05:03:06,L01512,,PERSON,P00850,SRC015,EV04983,0.7,2024-12-15 14:55:45
E01499,ARREST,Event 01499,Possimus sed consequuntur porro aliquam esse voluptates ullam quis nemo vitae.,2025-06-11 02:23:26,2025-06-11 11:33:26,L00400,C00102,PERSON,P03825,SRC024,EV01986,0.96,2025-04-09 12:46:07
E01500,TRAVEL,Event 01500,Debitis recusandae aut facere deserunt laborum quibusdam libero nostrum cupiditate fugiat illum minus architecto veritatis.,2024-09-12 17:15:01,2024-09-13 03:58:01,L01454,,PERSON,P03455,SRC023,EV04600,0.82,2026-06-17 08:35:20
