alias_id,entity_type,entity_id,alias_value,alias_type,source_id,confidence_score,created_at
AL000001,PERSON,P00001,Neha Patel,EXACT_CANONICAL,SRCU001,0.99,2025-11-03 00:23:34
AL000002,PERSON,P00002,Isha Tiwari,EXACT_CANONICAL,SRCU001,0.99,2025-02-20 16:34:01
AL000003,PERSON,P00003,Yash Sharma,EXACT_CANONICAL,SRCU001,0.99,2025-10-06 12:13:22
AL000004,PERSON,P00004,Riya Sharma,EXACT_CANONICAL,SRCU001,0.99,2025-01-03 19:33:10
AL000005,PERSON,P00005,Sanjay Patel,EXACT_CANONICAL,SRCU001,0.99,2025-10-29 18:39:27
AL000006,PERSON,P00006,Isha Yadav,EXACT_CANONICAL,SRCU001,0.99,2025-01-07 15:33:50
AL000007,PERSON,P00007,Yash Saxena,EXACT_CANONICAL,SRCU001,0.99,2025-08-28 20:20:18
AL000008,PERSON,P00008,Aditya Jain,EXACT_CANONICAL,SRCU001,0.99,2025-08-15 12:43:18
AL000009,PERSON,P00009,Priya Malhotra,EXACT_CANONICAL,SRCU001,0.99,2025-03-07 17:56:48
AL000010,PERSON,P00010,Ankit Malhotra,EXACT_CANONICAL,SRCU001,0.99,2025-12-28 02:13:24
AL000011,PERSON,P00011,Sanjay Chauhan,EXACT_CANONICAL,SRCU001,0.99,2025-10-26 08:27:03
AL000012,PERSON,P00012,Nandini Yadav,EXACT_CANONICAL,SRCU001,0.99,2026-01-06 07:19:39
AL000013,PERSON,P00013,Amit Shah,EXACT_CANONICAL,SRCU001,0.99,2026-06-18 17:26:01
AL000014,PERSON,P00014,Riya Patel,EXACT_CANONICAL,SRCU001,0.99,2025-07-10 09:31:38
AL000015,PERSON,P00015,Deepak Bansal,EXACT_CANONICAL,SRCU001,0.99,2025-09-11 20:51:19
AL000016,PERSON,P00016,Karan Joshi,EXACT_CANONICAL,SRCU001,0.99,2025-12-04 18:58:13
AL000017,PERSON,P00017,Karan Bansal,EXACT_CANONICAL,SRCU001,0.99,2026-01-06 19:15:28
AL000018,PERSON,P00018,Rohan Saxena,EXACT_CANONICAL,SRCU001,0.99,2025-09-29 06:35:50
AL000019,PERSON,P00019,Nandini Saxena,EXACT_CANONICAL,SRCU001,0.99,2026-02-22 12:17:42
AL000020,PERSON,P00020,Sneha Mehta,EXACT_CANONICAL,SRCU001,0.99,2026-02-22 05:39:29
AL000021,PERSON,P00021,Riya Deshmukh,EXACT_CANONICAL,SRCU001,0.99,2026-06-27 11:52:49
AL000022,PERSON,P00022,Deepak Bansal,EXACT_CANONICAL,SRCU001,0.99,2025-02-28 13:22:47
AL000023,PERSON,P00023,Vikram Shah,EXACT_CANONICAL,SRCU001,0.99,2025-07-10 04:26:38
AL000024,PERSON,P00024,Sanjay Mehta,EXACT_CANONICAL,SRCU001,0.99,2025-04-16 04:24:39
AL000025,PERSON,P00025,Meera Shah,EXACT_CANONICAL,SRCU001,0.99,2026-08-14 01:00:24
AL000026,PERSON,P00026,Amit Saxena,EXACT_CANONICAL,SRCU001,0.99,2025-09-20 17:16:57
AL000027,PERSON,P00027,Kavya Patel,EXACT_CANONICAL,SRCU001,0.99,2026-02-22 04:50:40
AL000028,PERSON,P00028,Vikram Mehta,EXACT_CANONICAL,SRCU001,0.99,2025-02-12 09:22:29
AL000029,PERSON,P00029,Aditya Jain,EXACT_CANONICAL,SRCU001,0.99,2026-07-10 21:59:23
AL000030,PERSON,P00030,Ankit Sharma,EXACT_CANONICAL,SRCU001,0.99,2025-02-06 17:43:03
AL000031,PERSON,P00031,Kavya Tiwari,EXACT_CANONICAL,SRCU001,0.99,2025-05-26 02:45:57
AL000032,PERSON,P00032,Vihaan Joshi,EXACT_CANONICAL,SRCU001,0.99,2026-07-30 04:52:04
AL000033,PERSON,P00033,Varun Mehta,EXACT_CANONICAL,SRCU001,0.99,2026-05-03 06:54:52
AL000034,PERSON,P00034,Siddharth Jain,EXACT_CANONICAL,SRCU001,0.99,2025-10-16 07:04:18
AL000035,PERSON,P00035,Sanjay Malhotra,EXACT_CANONICAL,SRCU001,0.99,2026-05-22 13:20:12
AL000036,PERSON,P00036,Neha Agarwal,EXACT_CANONICAL,SRCU001,0.99,2025-10-25 23:13:17
AL000037,PERSON,P00037,Arjun Mehta,EXACT_CANONICAL,SRCU001,0.99,2025-05-24 16:06:56
AL000038,PERSON,P00038,Vikram Saxena,EXACT_CANONICAL,SRCU001,0.99,2025-10-23 05:56:48
AL000039,PERSON,P00039,Sneha Tiwari,EXACT_CANONICAL,SRCU001,0.99,2025-01-15 16:11:19
AL000040,PERSON,P00040,Isha Tiwari,EXACT_CANONICAL,SRCU001,0.99,2025-05-29 02:31:18
AL000041,PERSON,P00041,Karan Bansal,EXACT_CANONICAL,SRCU001,0.99,2026-04-10 18:58:44
AL000042,PERSON,P00042,Vihaan Sharma,EXACT_CANONICAL,SRCU001,0.99,2025-09-10 07:18:14
AL000043,PERSON,P00043,Amit Tiwari,EXACT_CANONICAL,SRCU001,0.99,2025-10-19 02:32:30
AL000044,PERSON,P00044,Raj Singh,EXACT_CANONICAL,SRCU001,0.99,2025-02-10 18:14:02
AL000045,PERSON,P00045,Priya Jain,EXACT_CANONICAL,SRCU001,0.99,2025-03-18 23:38:25
AL000046,PERSON,P00046,Vikram Khan,EXACT_CANONICAL,SRCU001,0.99,2025-10-06 18:46:43
AL000047,PERSON,P00047,Nandini Mishra,EXACT_CANONICAL,SRCU001,0.99,2026-08-13 03:39:38
AL000048,PERSON,P00048,Rahul Yadav,EXACT_CANONICAL,SRCU001,0.99,2025-02-26 17:14:18
AL000049,PERSON,P00049,Sanjay Malhotra,EXACT_CANONICAL,SRCU001,0.99,2026-08-08 16:17:57
AL000050,PERSON,P00050,Sneha Tiwari,EXACT_CANONICAL,SRCU001,0.99,2025-10-30 05:00:36
AL000051,PERSON,P00051,Karan Verma,EXACT_CANONICAL,SRCU001,0.99,2025-12-04 11:58:41
AL000052,PERSON,P00052,Arjun Chauhan,EXACT_CANONICAL,SRCU001,0.99,2025-08-28 03:33:09
AL000053,PERSON,P00053,Raj Gupta,EXACT_CANONICAL,SRCU001,0.99,2026-08-03 07:09:58
AL000054,PERSON,P00054,Isha Agarwal,EXACT_CANONICAL,SRCU001,0.99,2026-06-11 14:43:12
AL000055,PERSON,P00055,Rohan Gupta,EXACT_CANONICAL,SRCU001,0.99,2025-01-04 22:42:27
AL000056,PERSON,P00056,Raj Sharma,EXACT_CANONICAL,SRCU001,0.99,2026-05-06 09:22:20
AL000057,PERSON,P00057,Deepak Yadav,EXACT_CANONICAL,SRCU001,0.99,2025-08-18 08:59:22
AL000058,PERSON,P00058,Yash Joshi,EXACT_CANONICAL,SRCU001,0.99,2025-08-30 03:19:35
AL000059,PERSON,P00059,Aarav Verma,EXACT_CANONICAL,SRCU001,0.99,2025-09-20 13:54:47
AL000060,PERSON,P00060,Rahul Chauhan,EXACT_CANONICAL,SRCU001,0.99,2025-12-08 09:13:04
AL000061,PERSON,P00061,Kabir Bansal,EXACT_CANONICAL,SRCU001,0.99,2025-05-02 16:07:47
AL000062,PERSON,P00062,Priya Bansal,EXACT_CANONICAL,SRCU001,0.99,2025-06-29 16:46:00
AL000063,PERSON,P00063,Sneha Tiwari,EXACT_CANONICAL,SRCU001,0.99,2025-08-14 21:10:53
AL000064,PERSON,P00064,Neha Malhotra,EXACT_CANONICAL,SRCU001,0.99,2026-02-01 05:15:11
AL000065,PERSON,P00065,Vikram Malhotra,EXACT_CANONICAL,SRCU001,0.99,2026-07-02 21:37:33
AL000066,PERSON,P00066,Rohan Gupta,EXACT_CANONICAL,SRCU001,0.99,2025-10-26 06:06:19
AL000067,PERSON,P00067,Sneha Mishra,EXACT_CANONICAL,SRCU001,0.99,2025-05-23 06:08:56
AL000068,PERSON,P00068,Nikhil Agarwal,EXACT_CANONICAL,SRCU001,0.99,2026-05-13 03:33:33
AL000069,PERSON,P00069,Yash Jain,EXACT_CANONICAL,SRCU001,0.99,2026-07-10 03:46:24
AL000070,PERSON,P00070,Priya Chauhan,EXACT_CANONICAL,SRCU001,0.99,2025-02-08 13:01:22
AL000071,PERSON,P00071,Siddharth Shah,EXACT_CANONICAL,SRCU001,0.99,2026-01-01 06:01:30
AL000072,PERSON,P00072,Ankit Joshi,EXACT_CANONICAL,SRCU001,0.99,2025-09-30 18:18:25
AL000073,PERSON,P00073,Amit Malhotra,EXACT_CANONICAL,SRCU001,0.99,2025-05-12 20:02:12
AL000074,PERSON,P00074,Neha Verma,EXACT_CANONICAL,SRCU001,0.99,2025-07-30 21:21:31
AL000075,PERSON,P00075,Mohit Patel,EXACT_CANONICAL,SRCU001,0.99,2025-07-17 09:03:35
AL000076,PERSON,P00076,Isha Patel,EXACT_CANONICAL,SRCU001,0.99,2025-04-08 18:32:46
AL000077,PERSON,P00077,Priya Chauhan,EXACT_CANONICAL,SRCU001,0.99,2025-05-29 14:24:26
AL000078,PERSON,P00078,Vikram Patel,EXACT_CANONICAL,SRCU001,0.99,2025-03-19 21:39:37
AL000079,PERSON,P00079,Priya Saxena,EXACT_CANONICAL,SRCU001,0.99,2025-05-29 06:48:34
AL000080,PERSON,P00080,Amit Saxena,EXACT_CANONICAL,SRCU001,0.99,2025-09-27 18:57:50
AL000081,PERSON,P00081,Karan Deshmukh,EXACT_CANONICAL,SRCU001,0.99,2026-06-11 16:16:10
AL000082,PERSON,P00082,Riya Jain,EXACT_CANONICAL,SRCU001,0.99,2025-11-16 13:36:11
AL000083,PERSON,P00083,Ankit Joshi,EXACT_CANONICAL,SRCU001,0.99,2026-06-08 07:42:00
AL000084,PERSON,P00084,Karan Joshi,EXACT_CANONICAL,SRCU001,0.99,2025-05-23 03:06:36
AL000085,PERSON,P00085,Aditya Jain,EXACT_CANONICAL,SRCU001,0.99,2025-10-26 00:06:13
AL000086,PERSON,P00086,Kavya Sharma,EXACT_CANONICAL,SRCU001,0.99,2026-04-23 03:43:54
AL000087,PERSON,P00087,Mohit Tiwari,EXACT_CANONICAL,SRCU001,0.99,2025-02-21 14:46:55
AL000088,PERSON,P00088,Karan Jain,EXACT_CANONICAL,SRCU001,0.99,2025-12-05 04:31:25
AL000089,PERSON,P00089,Ananya Khan,EXACT_CANONICAL,SRCU001,0.99,2026-08-11 00:37:05
AL000090,PERSON,P00090,Varun Deshmukh,EXACT_CANONICAL,SRCU001,0.99,2025-05-12 01:55:16
AL000091,PERSON,P00091,Aarav Tiwari,EXACT_CANONICAL,SRCU001,0.99,2025-03-26 13:10:22
AL000092,PERSON,P00092,Neha Rathore,EXACT_CANONICAL,SRCU001,0.99,2025-10-08 18:03:13
AL000093,PERSON,P00093,Vihaan Malhotra,EXACT_CANONICAL,SRCU001,0.99,2025-09-27 23:58:22
AL000094,PERSON,P00094,Priya Verma,EXACT_CANONICAL,SRCU001,0.99,2025-11-18 07:11:44
AL000095,PERSON,P00095,Amit Deshmukh,EXACT_CANONICAL,SRCU001,0.99,2025-10-05 16:43:52
AL000096,PERSON,P00096,Manish Shah,EXACT_CANONICAL,SRCU001,0.99,2025-06-29 23:47:27
AL000097,PERSON,P00097,Rahul Gupta,EXACT_CANONICAL,SRCU001,0.99,2025-11-16 16:49:35
AL000098,PERSON,P00098,Aarav Mishra,EXACT_CANONICAL,SRCU001,0.99,2025-06-05 03:22:12
AL000099,PERSON,P00099,Manish Yadav,EXACT_CANONICAL,SRCU001,0.99,2026-05-17 03:50:20
AL000100,PERSON,P00100,Amit Patel,EXACT_CANONICAL,SRCU001,0.99,2025-03-31 02:19:38
AL000101,PERSON,P00101,Kavya Agarwal,EXACT_CANONICAL,SRCU001,0.99,2026-02-21 00:53:00
AL000102,PERSON,P00102,Ananya Chauhan,EXACT_CANONICAL,SRCU001,0.99,2026-07-11 19:09:56
AL000103,PERSON,P00103,Amit Joshi,EXACT_CANONICAL,SRCU001,0.99,2025-07-02 21:08:02
AL000104,PERSON,P00104,Siddharth Sharma,EXACT_CANONICAL,SRCU001,0.99,2026-04-18 01:36:14
AL000105,PERSON,P00105,Karan Khan,EXACT_CANONICAL,SRCU001,0.99,2025-03-22 19:23:51
AL000106,PERSON,P00106,Sanjay Patel,EXACT_CANONICAL,SRCU001,0.99,2026-02-12 14:35:03
AL000107,PERSON,P00107,Raj Verma,EXACT_CANONICAL,SRCU001,0.99,2026-05-26 10:22:16
AL000108,PERSON,P00108,Varun Sharma,EXACT_CANONICAL,SRCU001,0.99,2026-02-01 02:47:36
AL000109,PERSON,P00109,Mohit Yadav,EXACT_CANONICAL,SRCU001,0.99,2025-05-27 08:41:47
AL000110,PERSON,P00110,Arjun Sharma,EXACT_CANONICAL,SRCU001,0.99,2026-04-06 19:12:23
AL000111,PERSON,P00111,Aditya Jain,EXACT_CANONICAL,SRCU001,0.99,2026-07-02 16:43:40
AL000112,PERSON,P00112,Varun Malhotra,EXACT_CANONICAL,SRCU001,0.99,2025-03-10 05:17:50
AL000113,PERSON,P00113,Rahul Deshmukh,EXACT_CANONICAL,SRCU001,0.99,2026-01-05 19:49:45
AL000114,PERSON,P00114,Amit Joshi,EXACT_CANONICAL,SRCU001,0.99,2025-12-18 05:37:24
AL000115,PERSON,P00115,Siddharth Rathore,EXACT_CANONICAL,SRCU001,0.99,2025-03-24 22:03:45
AL000116,PERSON,P00116,Ankit Yadav,EXACT_CANONICAL,SRCU001,0.99,2025-02-27 19:17:14
AL000117,PERSON,P00117,Amit Verma,EXACT_CANONICAL,SRCU001,0.99,2025-11-23 21:27:11
AL000118,PERSON,P00118,Rohan Rathore,EXACT_CANONICAL,SRCU001,0.99,2026-06-30 06:08:36
AL000119,PERSON,P00119,Deepak Sharma,EXACT_CANONICAL,SRCU001,0.99,2025-10-08 17:33:54
AL000120,PERSON,P00120,Sanjay Deshmukh,EXACT_CANONICAL,SRCU001,0.99,2025-02-20 16:14:18
AL000121,PERSON,P00121,Meera Rathore,EXACT_CANONICAL,SRCU001,0.99,2025-05-16 01:47:47
AL000122,PERSON,P00122,Vikram Mehta,EXACT_CANONICAL,SRCU001,0.99,2025-06-23 05:38:14
AL000123,PERSON,P00123,Aarav Verma,EXACT_CANONICAL,SRCU001,0.99,2026-05-14 20:36:31
AL000124,PERSON,P00124,Varun Mishra,EXACT_CANONICAL,SRCU001,0.99,2026-01-21 04:46:15
AL000125,PERSON,P00125,Ankit Deshmukh,EXACT_CANONICAL,SRCU001,0.99,2025-07-12 11:04:25
AL000126,PERSON,P00126,Karan Sharma,EXACT_CANONICAL,SRCU001,0.99,2025-11-30 21:48:13
AL000127,PERSON,P00127,Manish Mishra,EXACT_CANONICAL,SRCU001,0.99,2026-06-10 22:13:41
AL000128,PERSON,P00128,Vikram Chauhan,EXACT_CANONICAL,SRCU001,0.99,2025-09-11 19:09:47
AL000129,PERSON,P00129,Karan Sharma,EXACT_CANONICAL,SRCU001,0.99,2025-06-05 23:45:36
AL000130,PERSON,P00130,Meera Agarwal,EXACT_CANONICAL,SRCU001,0.99,2025-08-02 08:06:16
AL000131,PERSON,P00131,Priya Singh,EXACT_CANONICAL,SRCU001,0.99,2025-08-13 14:33:25
AL000132,PERSON,P00132,Isha Singh,EXACT_CANONICAL,SRCU001,0.99,2025-10-17 03:00:54
AL000133,PERSON,P00133,Raj Saxena,EXACT_CANONICAL,SRCU001,0.99,2025-02-26 16:20:52
AL000134,PERSON,P00134,Mohit Agarwal,EXACT_CANONICAL,SRCU001,0.99,2026-03-30 19:17:32
AL000135,PERSON,P00135,Riya Chauhan,EXACT_CANONICAL,SRCU001,0.99,2025-04-04 18:02:42
AL000136,PERSON,P00136,Nikhil Malhotra,EXACT_CANONICAL,SRCU001,0.99,2025-01-29 00:11:58
AL000137,PERSON,P00137,Yash Tiwari,EXACT_CANONICAL,SRCU001,0.99,2025-06-26 06:38:59
AL000138,PERSON,P00138,Ananya Agarwal,EXACT_CANONICAL,SRCU001,0.99,2026-06-12 00:45:52
AL000139,PERSON,P00139,Vikram Tiwari,EXACT_CANONICAL,SRCU001,0.99,2025-12-14 06:37:22
AL000140,PERSON,P00140,Rohan Mishra,EXACT_CANONICAL,SRCU001,0.99,2025-02-06 13:02:14
AL000141,PERSON,P00141,Deepak Yadav,EXACT_CANONICAL,SRCU001,0.99,2025-03-29 05:09:00
AL000142,PERSON,P00142,Nikhil Verma,EXACT_CANONICAL,SRCU001,0.99,2025-11-13 14:44:45
AL000143,PERSON,P00143,Neha Deshmukh,EXACT_CANONICAL,SRCU001,0.99,2026-06-23 19:15:28
AL000144,PERSON,P00144,Aditya Tiwari,EXACT_CANONICAL,SRCU001,0.99,2026-05-22 10:53:17
AL000145,PERSON,P00145,Aarav Malhotra,EXACT_CANONICAL,SRCU001,0.99,2025-05-25 14:35:19
AL000146,PERSON,P00146,Rohan Sharma,EXACT_CANONICAL,SRCU001,0.99,2025-02-17 19:37:48
AL000147,PERSON,P00147,Vihaan Singh,EXACT_CANONICAL,SRCU001,0.99,2025-07-07 15:17:11
AL000148,PERSON,P00148,Siddharth Patel,EXACT_CANONICAL,SRCU001,0.99,2025-08-01 20:15:28
AL000149,PERSON,P00149,Aarav Verma,EXACT_CANONICAL,SRCU001,0.99,2025-08-03 07:58:07
AL000150,PERSON,P00150,Aditya Mehta,EXACT_CANONICAL,SRCU001,0.99,2025-10-04 17:08:32
AL000151,PERSON,P00151,Raj Joshi,EXACT_CANONICAL,SRCU001,0.99,2026-01-12 03:05:18
AL000152,PERSON,P00152,Kavya Patel,EXACT_CANONICAL,SRCU001,0.99,2025-11-03 13:48:32
AL000153,PERSON,P00153,Sanjay Yadav,EXACT_CANONICAL,SRCU001,0.99,2025-09-05 23:42:20
AL000154,PERSON,P00154,Nikhil Singh,EXACT_CANONICAL,SRCU001,0.99,2026-04-16 05:16:25
AL000155,PERSON,P00155,Nikhil Singh,EXACT_CANONICAL,SRCU001,0.99,2026-08-15 06:51:49
AL000156,PERSON,P00156,Pooja Mishra,EXACT_CANONICAL,SRCU001,0.99,2026-06-11 23:44:20
AL000157,PERSON,P00157,Rohan Rathore,EXACT_CANONICAL,SRCU001,0.99,2026-07-14 10:03:40
AL000158,PERSON,P00158,Siddharth Jain,EXACT_CANONICAL,SRCU001,0.99,2025-03-18 02:50:22
AL000159,PERSON,P00159,Aarav Khan,EXACT_CANONICAL,SRCU001,0.99,2026-06-30 22:59:01
AL000160,PERSON,P00160,Rohan Shah,EXACT_CANONICAL,SRCU001,0.99,2025-05-08 16:01:41
AL000161,PERSON,P00161,Amit Yadav,EXACT_CANONICAL,SRCU001,0.99,2025-09-06 12:19:01
AL000162,PERSON,P00162,Vihaan Singh,EXACT_CANONICAL,SRCU001,0.99,2026-08-31 11:11:12
AL000163,PERSON,P00163,Mohit Deshmukh,EXACT_CANONICAL,SRCU001,0.99,2026-05-29 14:22:37
AL000164,PERSON,P00164,Manish Shah,EXACT_CANONICAL,SRCU001,0.99,2026-08-25 14:19:57
AL000165,PERSON,P00165,Vihaan Sharma,EXACT_CANONICAL,SRCU001,0.99,2026-06-25 02:33:47
AL000166,PERSON,P00166,Aarav Rathore,EXACT_CANONICAL,SRCU001,0.99,2025-08-20 16:14:24
AL000167,PERSON,P00167,Sneha Saxena,EXACT_CANONICAL,SRCU001,0.99,2026-07-03 08:27:56
AL000168,PERSON,P00168,Riya Joshi,EXACT_CANONICAL,SRCU001,0.99,2025-01-25 01:11:19
AL000169,PERSON,P00169,Sanjay Khan,EXACT_CANONICAL,SRCU001,0.99,2025-12-04 00:49:06
AL000170,PERSON,P00170,Amit Shah,EXACT_CANONICAL,SRCU001,0.99,2025-10-12 12:42:47
AL000171,PERSON,P00171,Pooja Khan,EXACT_CANONICAL,SRCU001,0.99,2025-04-05 11:21:34
AL000172,PERSON,P00172,Nikhil Saxena,EXACT_CANONICAL,SRCU001,0.99,2026-03-05 06:25:39
AL000173,PERSON,P00173,Pooja Mehta,EXACT_CANONICAL,SRCU001,0.99,2025-12-16 21:11:01
AL000174,PERSON,P00174,Priya Shah,EXACT_CANONICAL,SRCU001,0.99,2026-05-15 08:01:09
AL000175,PERSON,P00175,Neha Agarwal,EXACT_CANONICAL,SRCU001,0.99,2025-04-08 01:28:13
AL000176,PERSON,P00176,Vihaan Verma,EXACT_CANONICAL,SRCU001,0.99,2025-06-21 12:10:06
AL000177,PERSON,P00177,Deepak Shah,EXACT_CANONICAL,SRCU001,0.99,2026-02-22 19:13:01
AL000178,PERSON,P00178,Yash Rathore,EXACT_CANONICAL,SRCU001,0.99,2026-01-16 03:45:49
AL000179,PERSON,P00179,Sanjay Mehta,EXACT_CANONICAL,SRCU001,0.99,2025-05-13 03:32:00
AL000180,PERSON,P00180,Varun Bansal,EXACT_CANONICAL,SRCU001,0.99,2026-03-09 00:27:11
AL000181,PERSON,P00181,Priya Deshmukh,EXACT_CANONICAL,SRCU001,0.99,2025-12-13 04:53:56
AL000182,PERSON,P00182,Ankit Agarwal,EXACT_CANONICAL,SRCU001,0.99,2025-03-14 15:38:50
AL000183,PERSON,P00183,Nandini Saxena,EXACT_CANONICAL,SRCU001,0.99,2025-07-16 17:20:50
AL000184,PERSON,P00184,Manish Tiwari,EXACT_CANONICAL,SRCU001,0.99,2026-07-30 05:29:33
AL000185,PERSON,P00185,Isha Bansal,EXACT_CANONICAL,SRCU001,0.99,2026-02-06 03:15:33
AL000186,PERSON,P00186,Kabir Gupta,EXACT_CANONICAL,SRCU001,0.99,2026-01-30 20:50:35
AL000187,PERSON,P00187,Manish Patel,EXACT_CANONICAL,SRCU001,0.99,2025-10-09 05:45:33
AL000188,PERSON,P00188,Rohan Khan,EXACT_CANONICAL,SRCU001,0.99,2025-12-03 16:58:55
AL000189,PERSON,P00189,Isha Jain,EXACT_CANONICAL,SRCU001,0.99,2025-09-11 15:01:52
AL000190,PERSON,P00190,Kavya Rathore,EXACT_CANONICAL,SRCU001,0.99,2026-01-15 00:12:00
AL000191,PERSON,P00191,Varun Mishra,EXACT_CANONICAL,SRCU001,0.99,2025-09-01 17:51:34
AL000192,PERSON,P00192,Nikhil Tiwari,EXACT_CANONICAL,SRCU001,0.99,2026-01-13 06:59:21
AL000193,PERSON,P00193,Deepak Bansal,EXACT_CANONICAL,SRCU001,0.99,2025-01-27 21:39:54
AL000194,PERSON,P00194,Aarav Mishra,EXACT_CANONICAL,SRCU001,0.99,2025-11-05 10:33:39
AL000195,PERSON,P00195,Aarav Joshi,EXACT_CANONICAL,SRCU001,0.99,2025-07-13 06:49:52
AL000196,PERSON,P00196,Sneha Rathore,EXACT_CANONICAL,SRCU001,0.99,2025-07-07 05:25:22
AL000197,PERSON,P00197,Aarav Malhotra,EXACT_CANONICAL,SRCU001,0.99,2026-02-19 23:34:37
AL000198,PERSON,P00198,Vihaan Jain,EXACT_CANONICAL,SRCU001,0.99,2026-06-11 03:54:32
AL000199,PERSON,P00199,Yash Tiwari,EXACT_CANONICAL,SRCU001,0.99,2025-12-18 09:16:13
AL000200,PERSON,P00200,Nikhil Jain,EXACT_CANONICAL,SRCU001,0.99,2025-07-09 21:54:13
AL000201,PERSON,P00201,Raj Bansal,EXACT_CANONICAL,SRCU001,0.99,2025-04-09 11:06:12
AL000202,PERSON,P00202,Nikhil Malhotra,EXACT_CANONICAL,SRCU001,0.99,2025-05-13 16:11:20
AL000203,PERSON,P00203,Arjun Shah,EXACT_CANONICAL,SRCU001,0.99,2026-04-17 22:42:52
AL000204,PERSON,P00204,Sneha Yadav,EXACT_CANONICAL,SRCU001,0.99,2026-04-10 14:08:23
AL000205,PERSON,P00205,Vihaan Agarwal,EXACT_CANONICAL,SRCU001,0.99,2026-06-05 21:36:12
AL000206,PERSON,P00206,Ankit Tiwari,EXACT_CANONICAL,SRCU001,0.99,2026-08-17 07:23:56
AL000207,PERSON,P00207,Riya Joshi,EXACT_CANONICAL,SRCU001,0.99,2026-09-04 22:18:28
AL000208,PERSON,P00208,Ankit Joshi,EXACT_CANONICAL,SRCU001,0.99,2025-08-21 22:34:24
AL000209,PERSON,P00209,Isha Mishra,EXACT_CANONICAL,SRCU001,0.99,2025-12-16 16:55:26
AL000210,PERSON,P00210,Sanjay Agarwal,EXACT_CANONICAL,SRCU001,0.99,2026-02-03 02:24:24
AL000211,PERSON,P00211,Vihaan Saxena,EXACT_CANONICAL,SRCU001,0.99,2026-08-22 21:08:53
AL000212,PERSON,P00212,Nikhil Bansal,EXACT_CANONICAL,SRCU001,0.99,2025-07-26 19:19:17
AL000213,PERSON,P00213,Rohan Mehta,EXACT_CANONICAL,SRCU001,0.99,2026-04-11 16:31:06
AL000214,PERSON,P00214,Rohan Yadav,EXACT_CANONICAL,SRCU001,0.99,2025-07-26 10:03:09
AL000215,PERSON,P00215,Sanjay Malhotra,EXACT_CANONICAL,SRCU001,0.99,2025-07-20 07:09:53
AL000216,PERSON,P00216,Raj Patel,EXACT_CANONICAL,SRCU001,0.99,2026-01-23 13:38:48
AL000217,PERSON,P00217,Mohit Gupta,EXACT_CANONICAL,SRCU001,0.99,2025-10-02 01:08:51
AL000218,PERSON,P00218,Aditya Joshi,EXACT_CANONICAL,SRCU001,0.99,2025-03-05 14:10:17
AL000219,PERSON,P00219,Ananya Khan,EXACT_CANONICAL,SRCU001,0.99,2025-05-01 06:14:05
AL000220,PERSON,P00220,Aarav Saxena,EXACT_CANONICAL,SRCU001,0.99,2025-11-06 01:22:59
AL000221,PERSON,P00221,Aditya Agarwal,EXACT_CANONICAL,SRCU001,0.99,2025-08-21 03:54:11
AL000222,PERSON,P00222,Siddharth Mehta,EXACT_CANONICAL,SRCU001,0.99,2026-06-15 01:06:37
AL000223,PERSON,P00223,Rohan Tiwari,EXACT_CANONICAL,SRCU001,0.99,2026-01-13 07:34:46
AL000224,PERSON,P00224,Sneha Patel,EXACT_CANONICAL,SRCU001,0.99,2025-10-14 13:32:12
AL000225,PERSON,P00225,Nikhil Bansal,EXACT_CANONICAL,SRCU001,0.99,2025-04-24 00:38:48
AL000226,PERSON,P00226,Neha Agarwal,EXACT_CANONICAL,SRCU001,0.99,2025-05-31 02:44:59
AL000227,PERSON,P00227,Yash Deshmukh,EXACT_CANONICAL,SRCU001,0.99,2025-07-09 12:04:53
AL000228,PERSON,P00228,Pooja Shah,EXACT_CANONICAL,SRCU001,0.99,2025-08-15 05:26:13
AL000229,PERSON,P00229,Neha Tiwari,EXACT_CANONICAL,SRCU001,0.99,2026-08-29 14:16:39
AL000230,PERSON,P00230,Ankit Agarwal,EXACT_CANONICAL,SRCU001,0.99,2026-08-23 09:40:35
AL000231,PERSON,P00231,Rahul Joshi,EXACT_CANONICAL,SRCU001,0.99,2026-09-02 21:42:06
AL000232,PERSON,P00232,Varun Tiwari,EXACT_CANONICAL,SRCU001,0.99,2026-06-27 00:24:46
AL000233,PERSON,P00233,Arjun Verma,EXACT_CANONICAL,SRCU001,0.99,2026-03-09 18:29:34
AL000234,PERSON,P00234,Siddharth Joshi,EXACT_CANONICAL,SRCU001,0.99,2026-03-28 09:22:32
AL000235,PERSON,P00235,Mohit Sharma,EXACT_CANONICAL,SRCU001,0.99,2026-05-12 16:57:38
AL000236,PERSON,P00236,Vihaan Agarwal,EXACT_CANONICAL,SRCU001,0.99,2025-10-27 10:14:49
AL000237,PERSON,P00237,Amit Singh,EXACT_CANONICAL,SRCU001,0.99,2025-10-09 22:57:33
AL000238,PERSON,P00238,Raj Gupta,EXACT_CANONICAL,SRCU001,0.99,2026-06-06 14:01:25
AL000239,PERSON,P00239,Karan Deshmukh,EXACT_CANONICAL,SRCU001,0.99,2025-08-02 11:35:19
AL000240,PERSON,P00240,Raj Saxena,EXACT_CANONICAL,SRCU001,0.99,2025-11-14 22:29:42
AL000241,PERSON,P00241,Ananya Joshi,EXACT_CANONICAL,SRCU001,0.99,2025-12-17 20:13:02
AL000242,PERSON,P00242,Yash Joshi,EXACT_CANONICAL,SRCU001,0.99,2026-03-05 02:03:09
AL000243,PERSON,P00243,Raj Rathore,EXACT_CANONICAL,SRCU001,0.99,2026-02-02 08:41:59
AL000244,PERSON,P00244,Amit Shah,EXACT_CANONICAL,SRCU001,0.99,2026-01-08 01:43:05
AL000245,PERSON,P00245,Kavya Shah,EXACT_CANONICAL,SRCU001,0.99,2026-06-13 06:32:43
AL000246,PERSON,P00246,Isha Deshmukh,EXACT_CANONICAL,SRCU001,0.99,2025-02-12 11:08:11
AL000247,PERSON,P00247,Aarav Yadav,EXACT_CANONICAL,SRCU001,0.99,2025-03-29 21:55:56
AL000248,PERSON,P00248,Nandini Rathore,EXACT_CANONICAL,SRCU001,0.99,2025-02-07 17:41:01
AL000249,PERSON,P00249,Ankit Joshi,EXACT_CANONICAL,SRCU001,0.99,2025-05-21 01:43:31
AL000250,PERSON,P00250,Isha Malhotra,EXACT_CANONICAL,SRCU001,0.99,2025-01-30 03:37:53
AL000251,PERSON,P00251,Manish Agarwal,EXACT_CANONICAL,SRCU001,0.99,2025-09-08 06:16:51
AL000252,PERSON,P00252,Nandini Malhotra,EXACT_CANONICAL,SRCU001,0.99,2025-11-16 18:07:19
AL000253,PERSON,P00253,Manish Verma,EXACT_CANONICAL,SRCU001,0.99,2026-07-24 09:33:37
AL000254,PERSON,P00254,Mohit Gupta,EXACT_CANONICAL,SRCU001,0.99,2025-01-24 22:01:02
AL000255,PERSON,P00255,Yash Shah,EXACT_CANONICAL,SRCU001,0.99,2025-07-20 17:24:55
AL000256,PERSON,P00256,Ananya Rathore,EXACT_CANONICAL,SRCU001,0.99,2026-08-18 15:03:52
AL000257,PERSON,P00257,Neha Rathore,EXACT_CANONICAL,SRCU001,0.99,2026-01-01 17:46:34
AL000258,PERSON,P00258,Pooja Mehta,EXACT_CANONICAL,SRCU001,0.99,2026-08-12 00:35:01
AL000259,PERSON,P00259,Nandini Verma,EXACT_CANONICAL,SRCU001,0.99,2025-11-20 14:13:01
AL000260,PERSON,P00260,Yash Patel,EXACT_CANONICAL,SRCU001,0.99,2026-08-12 22:05:04
AL000261,PERSON,P00261,Kavya Patel,EXACT_CANONICAL,SRCU001,0.99,2026-05-31 04:20:32
AL000262,PERSON,P00262,Sanjay Agarwal,EXACT_CANONICAL,SRCU001,0.99,2025-10-22 20:55:47
AL000263,PERSON,P00263,Ankit Mishra,EXACT_CANONICAL,SRCU001,0.99,2026-03-15 21:51:54
AL000264,PERSON,P00264,Nandini Jain,EXACT_CANONICAL,SRCU001,0.99,2025-09-03 11:04:43
AL000265,PERSON,P00265,Isha Shah,EXACT_CANONICAL,SRCU001,0.99,2025-02-16 09:01:00
AL000266,PERSON,P00266,Manish Khan,EXACT_CANONICAL,SRCU001,0.99,2026-02-13 01:31:41
AL000267,PERSON,P00267,Nikhil Deshmukh,EXACT_CANONICAL,SRCU001,0.99,2025-12-07 04:16:52
AL000268,PERSON,P00268,Yash Saxena,EXACT_CANONICAL,SRCU001,0.99,2025-10-17 10:04:57
AL000269,PERSON,P00269,Vikram Deshmukh,EXACT_CANONICAL,SRCU001,0.99,2025-09-12 04:25:04
AL000270,PERSON,P00270,Raj Bansal,EXACT_CANONICAL,SRCU001,0.99,2025-03-30 16:00:05
AL000271,PERSON,P00271,Arjun Gupta,EXACT_CANONICAL,SRCU001,0.99,2025-12-05 23:54:45
AL000272,PERSON,P00272,Deepak Shah,EXACT_CANONICAL,SRCU001,0.99,2025-05-15 03:18:30
AL000273,PERSON,P00273,Isha Gupta,EXACT_CANONICAL,SRCU001,0.99,2025-03-02 00:28:33
AL000274,PERSON,P00274,Vihaan Mehta,EXACT_CANONICAL,SRCU001,0.99,2026-07-30 21:35:54
AL000275,PERSON,P00275,Isha Mishra,EXACT_CANONICAL,SRCU001,0.99,2026-02-04 16:37:31
AL000276,PERSON,P00276,Priya Tiwari,EXACT_CANONICAL,SRCU001,0.99,2025-03-24 00:39:27
AL000277,PERSON,P00277,Rohan Jain,EXACT_CANONICAL,SRCU001,0.99,2025-04-23 02:47:09
AL000278,PERSON,P00278,Raj Chauhan,EXACT_CANONICAL,SRCU001,0.99,2025-04-11 21:59:36
AL000279,PERSON,P00279,Isha Patel,EXACT_CANONICAL,SRCU001,0.99,2026-08-15 02:49:24
AL000280,PERSON,P00280,Arjun Deshmukh,EXACT_CANONICAL,SRCU001,0.99,2025-03-19 06:55:35
AL000281,PERSON,P00281,Vikram Tiwari,EXACT_CANONICAL,SRCU001,0.99,2026-06-01 16:53:40
AL000282,PERSON,P00282,Nandini Shah,EXACT_CANONICAL,SRCU001,0.99,2025-04-13 19:43:28
AL000283,PERSON,P00283,Priya Bansal,EXACT_CANONICAL,SRCU001,0.99,2026-05-06 20:40:31
AL000284,PERSON,P00284,Nandini Khan,EXACT_CANONICAL,SRCU001,0.99,2026-07-24 19:08:47
AL000285,PERSON,P00285,Varun Joshi,EXACT_CANONICAL,SRCU001,0.99,2025-12-27 04:45:45
AL000286,PERSON,P00286,Vikram Jain,EXACT_CANONICAL,SRCU001,0.99,2026-07-24 05:35:38
AL000287,PERSON,P00287,Amit Tiwari,EXACT_CANONICAL,SRCU001,0.99,2026-02-02 22:52:40
AL000288,PERSON,P00288,Nandini Yadav,EXACT_CANONICAL,SRCU001,0.99,2025-08-17 14:44:26
AL000289,PERSON,P00289,Yash Verma,EXACT_CANONICAL,SRCU001,0.99,2026-08-14 07:49:12
AL000290,PERSON,P00290,Manish Sharma,EXACT_CANONICAL,SRCU001,0.99,2025-12-13 03:01:25
AL000291,PERSON,P00291,Rahul Chauhan,EXACT_CANONICAL,SRCU001,0.99,2025-09-01 18:55:49
AL000292,PERSON,P00292,Manish Malhotra,EXACT_CANONICAL,SRCU001,0.99,2025-02-08 20:55:17
AL000293,PERSON,P00293,Mohit Joshi,EXACT_CANONICAL,SRCU001,0.99,2026-05-28 09:21:43
AL000294,PERSON,P00294,Rohan Sharma,EXACT_CANONICAL,SRCU001,0.99,2025-07-12 08:17:06
AL000295,PERSON,P00295,Ankit Shah,EXACT_CANONICAL,SRCU001,0.99,2025-10-26 18:36:21
AL000296,PERSON,P00296,Mohit Yadav,EXACT_CANONICAL,SRCU001,0.99,2025-06-23 22:16:00
AL000297,PERSON,P00297,Kabir Tiwari,EXACT_CANONICAL,SRCU001,0.99,2026-06-28 15:49:37
AL000298,PERSON,P00298,Neha Jain,EXACT_CANONICAL,SRCU001,0.99,2026-01-23 11:21:59
AL000299,PERSON,P00299,Yash Deshmukh,EXACT_CANONICAL,SRCU001,0.99,2025-04-23 10:51:50
AL000300,PERSON,P00300,Aarav Bansal,EXACT_CANONICAL,SRCU001,0.99,2025-06-07 16:44:17
AL000301,PERSON,P00301,Amit Khan,EXACT_CANONICAL,SRCU001,0.99,2025-04-20 01:32:22
AL000302,PERSON,P00302,Sneha Saxena,EXACT_CANONICAL,SRCU001,0.99,2025-12-25 06:58:19
AL000303,PERSON,P00303,Ananya Jain,EXACT_CANONICAL,SRCU001,0.99,2025-04-18 03:56:03
AL000304,PERSON,P00304,Raj Rathore,EXACT_CANONICAL,SRCU001,0.99,2025-10-01 05:30:00
AL000305,PERSON,P00305,Kavya Joshi,EXACT_CANONICAL,SRCU001,0.99,2026-07-10 04:40:25
AL000306,PERSON,P00306,Riya Shah,EXACT_CANONICAL,SRCU001,0.99,2025-06-03 04:47:16
AL000307,PERSON,P00307,Kabir Joshi,EXACT_CANONICAL,SRCU001,0.99,2025-07-08 09:34:40
AL000308,PERSON,P00308,Vikram Shah,EXACT_CANONICAL,SRCU001,0.99,2026-03-25 17:20:49
AL000309,PERSON,P00309,Ananya Mehta,EXACT_CANONICAL,SRCU001,0.99,2025-06-11 05:52:03
AL000310,PERSON,P00310,Aditya Joshi,EXACT_CANONICAL,SRCU001,0.99,2026-08-11 13:23:54
AL000311,PERSON,P00311,Deepak Rathore,EXACT_CANONICAL,SRCU001,0.99,2026-01-06 04:33:17
AL000312,PERSON,P00312,Ankit Mehta,EXACT_CANONICAL,SRCU001,0.99,2025-04-15 07:12:21
AL000313,PERSON,P00313,Ananya Singh,EXACT_CANONICAL,SRCU001,0.99,2026-09-01 08:11:31
AL000314,PERSON,P00314,Pooja Malhotra,EXACT_CANONICAL,SRCU001,0.99,2025-04-30 11:47:03
AL000315,PERSON,P00315,Amit Patel,EXACT_CANONICAL,SRCU001,0.99,2026-06-16 16:13:52
AL000316,PERSON,P00316,Ankit Sharma,EXACT_CANONICAL,SRCU001,0.99,2025-08-14 17:56:09
AL000317,PERSON,P00317,Priya Chauhan,EXACT_CANONICAL,SRCU001,0.99,2025-02-17 15:34:39
AL000318,PERSON,P00318,Amit Malhotra,EXACT_CANONICAL,SRCU001,0.99,2025-06-08 08:56:37
AL000319,PERSON,P00319,Mohit Deshmukh,EXACT_CANONICAL,SRCU001,0.99,2025-04-18 08:03:51
AL000320,PERSON,P00320,Sanjay Deshmukh,EXACT_CANONICAL,SRCU001,0.99,2025-08-10 09:08:00
AL000321,PERSON,P00321,Riya Deshmukh,EXACT_CANONICAL,SRCU001,0.99,2026-05-26 18:04:15
AL000322,PERSON,P00322,Sanjay Agarwal,EXACT_CANONICAL,SRCU001,0.99,2025-01-23 19:26:48
AL000323,PERSON,P00323,Ankit Saxena,EXACT_CANONICAL,SRCU001,0.99,2025-05-15 09:10:54
AL000324,PERSON,P00324,Raj Sharma,EXACT_CANONICAL,SRCU001,0.99,2026-02-11 13:19:00
AL000325,PERSON,P00325,Sneha Mishra,EXACT_CANONICAL,SRCU001,0.99,2026-06-15 18:37:36
AL000326,PERSON,P00326,Amit Chauhan,EXACT_CANONICAL,SRCU001,0.99,2025-04-23 06:02:29
AL000327,PERSON,P00327,Nandini Mishra,EXACT_CANONICAL,SRCU001,0.99,2025-04-05 20:26:29
AL000328,PERSON,P00328,Arjun Jain,EXACT_CANONICAL,SRCU001,0.99,2026-05-26 19:55:35
AL000329,PERSON,P00329,Pooja Joshi,EXACT_CANONICAL,SRCU001,0.99,2025-04-18 12:23:21
AL000330,PERSON,P00330,Raj Shah,EXACT_CANONICAL,SRCU001,0.99,2025-06-26 14:43:04
AL000331,PERSON,P00331,Ananya Bansal,EXACT_CANONICAL,SRCU001,0.99,2026-04-20 19:12:22
AL000332,PERSON,P00332,Aditya Patel,EXACT_CANONICAL,SRCU001,0.99,2025-06-30 02:33:55
AL000333,PERSON,P00333,Mohit Patel,EXACT_CANONICAL,SRCU001,0.99,2025-05-29 14:18:54
AL000334,PERSON,P00334,Ananya Patel,EXACT_CANONICAL,SRCU001,0.99,2025-12-17 17:45:28
AL000335,PERSON,P00335,Raj Khan,EXACT_CANONICAL,SRCU001,0.99,2026-01-15 22:52:28
AL000336,PERSON,P00336,Neha Mishra,EXACT_CANONICAL,SRCU001,0.99,2025-07-31 15:09:58
AL000337,PERSON,P00337,Ananya Gupta,EXACT_CANONICAL,SRCU001,0.99,2026-07-25 19:20:51
AL000338,PERSON,P00338,Kabir Saxena,EXACT_CANONICAL,SRCU001,0.99,2026-03-05 18:58:48
AL000339,PERSON,P00339,Neha Joshi,EXACT_CANONICAL,SRCU001,0.99,2025-08-08 22:21:17
AL000340,PERSON,P00340,Deepak Deshmukh,EXACT_CANONICAL,SRCU001,0.99,2026-03-09 21:05:37
AL000341,PERSON,P00341,Sanjay Patel,EXACT_CANONICAL,SRCU001,0.99,2026-02-11 17:55:58
AL000342,PERSON,P00342,Amit Deshmukh,EXACT_CANONICAL,SRCU001,0.99,2025-08-02 18:46:24
AL000343,PERSON,P00343,Nandini Khan,EXACT_CANONICAL,SRCU001,0.99,2026-06-14 08:39:20
AL000344,PERSON,P00344,Yash Verma,EXACT_CANONICAL,SRCU001,0.99,2025-08-09 03:51:30
AL000345,PERSON,P00345,Raj Bansal,EXACT_CANONICAL,SRCU001,0.99,2026-08-10 22:05:17
AL000346,PERSON,P00346,Kabir Mehta,EXACT_CANONICAL,SRCU001,0.99,2025-03-17 18:47:43
AL000347,PERSON,P00347,Manish Khan,EXACT_CANONICAL,SRCU001,0.99,2025-08-28 11:14:06
AL000348,PERSON,P00348,Karan Tiwari,EXACT_CANONICAL,SRCU001,0.99,2025-01-01 03:29:28
AL000349,PERSON,P00349,Arjun Jain,EXACT_CANONICAL,SRCU001,0.99,2026-05-08 15:22:41
AL000350,PERSON,P00350,Aditya Yadav,EXACT_CANONICAL,SRCU001,0.99,2026-03-21 14:05:01
AL000351,PERSON,P00351,Riya Deshmukh,EXACT_CANONICAL,SRCU001,0.99,2026-05-15 11:16:11
AL000352,PERSON,P00352,Nikhil Tiwari,EXACT_CANONICAL,SRCU001,0.99,2026-05-20 17:30:51
AL000353,PERSON,P00353,Karan Bansal,EXACT_CANONICAL,SRCU001,0.99,2025-01-16 01:28:30
AL000354,PERSON,P00354,Ananya Singh,EXACT_CANONICAL,SRCU001,0.99,2025-11-16 19:51:50
AL000355,PERSON,P00355,Siddharth Malhotra,EXACT_CANONICAL,SRCU001,0.99,2026-03-05 12:43:41
AL000356,PERSON,P00356,Ananya Saxena,EXACT_CANONICAL,SRCU001,0.99,2025-03-16 12:21:10
AL000357,PERSON,P00357,Isha Mehta,EXACT_CANONICAL,SRCU001,0.99,2026-02-03 17:30:35
AL000358,PERSON,P00358,Amit Gupta,EXACT_CANONICAL,SRCU001,0.99,2025-11-05 14:00:40
AL000359,PERSON,P00359,Riya Rathore,EXACT_CANONICAL,SRCU001,0.99,2026-05-03 19:44:07
AL000360,PERSON,P00360,Deepak Sharma,EXACT_CANONICAL,SRCU001,0.99,2025-09-10 17:06:07
AL000361,PERSON,P00361,Amit Gupta,EXACT_CANONICAL,SRCU001,0.99,2025-03-27 09:28:46
AL000362,PERSON,P00362,Karan Mehta,EXACT_CANONICAL,SRCU001,0.99,2025-12-25 02:02:27
AL000363,PERSON,P00363,Ananya Jain,EXACT_CANONICAL,SRCU001,0.99,2025-11-07 02:46:51
AL000364,PERSON,P00364,Siddharth Jain,EXACT_CANONICAL,SRCU001,0.99,2026-06-26 00:04:20
AL000365,PERSON,P00365,Riya Mishra,EXACT_CANONICAL,SRCU001,0.99,2025-08-29 21:49:05
AL000366,PERSON,P00366,Arjun Joshi,EXACT_CANONICAL,SRCU001,0.99,2026-07-08 18:03:05
AL000367,PERSON,P00367,Rohan Mehta,EXACT_CANONICAL,SRCU001,0.99,2025-08-31 02:51:49
AL000368,PERSON,P00368,Isha Singh,EXACT_CANONICAL,SRCU001,0.99,2026-04-11 09:39:09
AL000369,PERSON,P00369,Pooja Patel,EXACT_CANONICAL,SRCU001,0.99,2026-05-05 11:10:26
AL000370,PERSON,P00370,Karan Mehta,EXACT_CANONICAL,SRCU001,0.99,2025-03-06 17:26:10
AL000371,PERSON,P00371,Varun Deshmukh,EXACT_CANONICAL,SRCU001,0.99,2026-08-23 07:46:26
AL000372,PERSON,P00372,Kavya Jain,EXACT_CANONICAL,SRCU001,0.99,2025-12-15 03:15:49
AL000373,PERSON,P00373,Meera Sharma,EXACT_CANONICAL,SRCU001,0.99,2025-02-20 11:30:11
AL000374,PERSON,P00374,Priya Khan,EXACT_CANONICAL,SRCU001,0.99,2026-05-08 05:38:53
AL000375,PERSON,P00375,Rahul Verma,EXACT_CANONICAL,SRCU001,0.99,2025-12-05 20:45:14
AL000376,PERSON,P00376,Pooja Mishra,EXACT_CANONICAL,SRCU001,0.99,2025-03-29 16:46:30
AL000377,PERSON,P00377,Aditya Agarwal,EXACT_CANONICAL,SRCU001,0.99,2026-05-07 20:53:02
AL000378,PERSON,P00378,Neha Mehta,EXACT_CANONICAL,SRCU001,0.99,2025-08-17 21:29:46
AL000379,PERSON,P00379,Arjun Yadav,EXACT_CANONICAL,SRCU001,0.99,2025-09-28 11:22:52
AL000380,PERSON,P00380,Ananya Sharma,EXACT_CANONICAL,SRCU001,0.99,2025-02-09 23:23:24
AL000381,PERSON,P00381,Karan Khan,EXACT_CANONICAL,SRCU001,0.99,2026-08-02 04:35:27
AL000382,PERSON,P00382,Karan Bansal,EXACT_CANONICAL,SRCU001,0.99,2025-01-18 18:08:29
AL000383,PERSON,P00383,Mohit Shah,EXACT_CANONICAL,SRCU001,0.99,2025-06-25 20:38:26
AL000384,PERSON,P00384,Vikram Bansal,EXACT_CANONICAL,SRCU001,0.99,2026-02-17 09:28:14
AL000385,PERSON,P00385,Nandini Singh,EXACT_CANONICAL,SRCU001,0.99,2025-08-05 18:43:22
AL000386,PERSON,P00386,Vikram Joshi,EXACT_CANONICAL,SRCU001,0.99,2025-11-29 04:14:31
AL000387,PERSON,P00387,Varun Verma,EXACT_CANONICAL,SRCU001,0.99,2026-03-24 05:07:46
AL000388,PERSON,P00388,Manish Agarwal,EXACT_CANONICAL,SRCU001,0.99,2025-11-12 14:37:30
AL000389,PERSON,P00389,Kavya Agarwal,EXACT_CANONICAL,SRCU001,0.99,2025-06-18 19:47:18
AL000390,PERSON,P00390,Isha Tiwari,EXACT_CANONICAL,SRCU001,0.99,2025-07-18 04:14:55
AL000391,PERSON,P00391,Sneha Sharma,EXACT_CANONICAL,SRCU001,0.99,2025-06-23 00:04:05
AL000392,PERSON,P00392,Vikram Mishra,EXACT_CANONICAL,SRCU001,0.99,2025-08-28 11:03:09
AL000393,PERSON,P00393,Meera Bansal,EXACT_CANONICAL,SRCU001,0.99,2025-04-29 11:37:37
AL000394,PERSON,P00394,Varun Singh,EXACT_CANONICAL,SRCU001,0.99,2025-03-10 00:30:21
AL000395,PERSON,P00395,Karan Joshi,EXACT_CANONICAL,SRCU001,0.99,2025-03-21 02:40:58
AL000396,PERSON,P00396,Rahul Singh,EXACT_CANONICAL,SRCU001,0.99,2025-05-16 02:43:58
AL000397,PERSON,P00397,Arjun Tiwari,EXACT_CANONICAL,SRCU001,0.99,2025-08-03 13:57:46
AL000398,PERSON,P00398,Arjun Mehta,EXACT_CANONICAL,SRCU001,0.99,2026-03-24 03:03:56
AL000399,PERSON,P00399,Sanjay Singh,EXACT_CANONICAL,SRCU001,0.99,2025-05-11 07:48:05
AL000400,PERSON,P00400,Karan Khan,EXACT_CANONICAL,SRCU001,0.99,2026-02-22 21:17:42
AL000401,PERSON,P00401,Deepak Patel,EXACT_CANONICAL,SRCU001,0.99,2025-09-03 21:01:40
AL000402,PERSON,P00402,Nikhil Mehta,EXACT_CANONICAL,SRCU001,0.99,2026-08-10 23:28:20
AL000403,PERSON,P00403,Deepak Singh,EXACT_CANONICAL,SRCU001,0.99,2025-11-17 04:51:52
AL000404,PERSON,P00404,Nandini Shah,EXACT_CANONICAL,SRCU001,0.99,2025-01-11 06:00:27
AL000405,PERSON,P00405,Kabir Saxena,EXACT_CANONICAL,SRCU001,0.99,2025-12-10 20:46:18
AL000406,PERSON,P00406,Yash Deshmukh,EXACT_CANONICAL,SRCU001,0.99,2026-08-18 01:41:17
AL000407,PERSON,P00407,Vihaan Mehta,EXACT_CANONICAL,SRCU001,0.99,2025-03-31 13:50:07
AL000408,PERSON,P00408,Vikram Tiwari,EXACT_CANONICAL,SRCU001,0.99,2026-01-25 23:33:26
AL000409,PERSON,P00409,Nandini Shah,EXACT_CANONICAL,SRCU001,0.99,2025-05-30 06:09:47
AL000410,PERSON,P00410,Aarav Malhotra,EXACT_CANONICAL,SRCU001,0.99,2025-10-01 20:54:57
AL000411,PERSON,P00411,Vikram Khan,EXACT_CANONICAL,SRCU001,0.99,2025-03-13 07:04:45
AL000412,PERSON,P00412,Isha Verma,EXACT_CANONICAL,SRCU001,0.99,2025-11-19 06:39:38
AL000413,PERSON,P00413,Sanjay Saxena,EXACT_CANONICAL,SRCU001,0.99,2025-03-10 12:19:29
AL000414,PERSON,P00414,Rahul Rathore,EXACT_CANONICAL,SRCU001,0.99,2025-01-12 21:35:38
AL000415,PERSON,P00415,Vikram Sharma,EXACT_CANONICAL,SRCU001,0.99,2026-01-09 16:21:43
AL000416,PERSON,P00416,Ananya Khan,EXACT_CANONICAL,SRCU001,0.99,2026-02-06 09:26:12
AL000417,PERSON,P00417,Arjun Bansal,EXACT_CANONICAL,SRCU001,0.99,2025-06-02 05:17:43
AL000418,PERSON,P00418,Sanjay Singh,EXACT_CANONICAL,SRCU001,0.99,2025-02-12 09:32:55
AL000419,PERSON,P00419,Raj Deshmukh,EXACT_CANONICAL,SRCU001,0.99,2026-08-18 10:34:29
AL000420,PERSON,P00420,Rohan Khan,EXACT_CANONICAL,SRCU001,0.99,2026-02-04 01:16:21
AL000421,PERSON,P00421,Nandini Deshmukh,EXACT_CANONICAL,SRCU001,0.99,2025-04-25 01:55:59
AL000422,PERSON,P00422,Vikram Saxena,EXACT_CANONICAL,SRCU001,0.99,2025-03-18 18:43:08
AL000423,PERSON,P00423,Vikram Mehta,EXACT_CANONICAL,SRCU001,0.99,2025-09-09 08:48:08
AL000424,PERSON,P00424,Amit Khan,EXACT_CANONICAL,SRCU001,0.99,2026-01-29 19:14:21
AL000425,PERSON,P00425,Mohit Shah,EXACT_CANONICAL,SRCU001,0.99,2026-07-06 13:05:05
AL000426,PERSON,P00426,Arjun Mehta,EXACT_CANONICAL,SRCU001,0.99,2026-06-16 20:31:37
AL000427,PERSON,P00427,Meera Mehta,EXACT_CANONICAL,SRCU001,0.99,2025-06-13 05:57:10
AL000428,PERSON,P00428,Meera Mishra,EXACT_CANONICAL,SRCU001,0.99,2025-04-28 19:20:18
AL000429,PERSON,P00429,Isha Tiwari,EXACT_CANONICAL,SRCU001,0.99,2026-05-30 20:30:12
AL000430,PERSON,P00430,Raj Rathore,EXACT_CANONICAL,SRCU001,0.99,2026-04-11 13:01:32
AL000431,PERSON,P00431,Neha Deshmukh,EXACT_CANONICAL,SRCU001,0.99,2025-11-19 16:00:20
AL000432,PERSON,P00432,Aditya Rathore,EXACT_CANONICAL,SRCU001,0.99,2025-03-16 10:16:54
AL000433,PERSON,P00433,Aditya Tiwari,EXACT_CANONICAL,SRCU001,0.99,2025-05-10 22:14:37
AL000434,PERSON,P00434,Deepak Yadav,EXACT_CANONICAL,SRCU001,0.99,2026-05-24 02:31:51
AL000435,PERSON,P00435,Priya Patel,EXACT_CANONICAL,SRCU001,0.99,2025-09-22 08:30:55
AL000436,PERSON,P00436,Ankit Bansal,EXACT_CANONICAL,SRCU001,0.99,2025-12-26 20:45:39
AL000437,PERSON,P00437,Ankit Verma,EXACT_CANONICAL,SRCU001,0.99,2026-03-12 02:38:50
AL000438,PERSON,P00438,Kabir Gupta,EXACT_CANONICAL,SRCU001,0.99,2025-08-04 19:02:56
AL000439,PERSON,P00439,Sneha Singh,EXACT_CANONICAL,SRCU001,0.99,2026-05-12 01:35:07
AL000440,PERSON,P00440,Sanjay Malhotra,EXACT_CANONICAL,SRCU001,0.99,2025-02-07 10:45:43
AL000441,PERSON,P00441,Arjun Mishra,EXACT_CANONICAL,SRCU001,0.99,2025-08-28 19:49:42
AL000442,PERSON,P00442,Manish Tiwari,EXACT_CANONICAL,SRCU001,0.99,2025-08-20 16:32:13
AL000443,PERSON,P00443,Mohit Verma,EXACT_CANONICAL,SRCU001,0.99,2026-07-06 15:51:18
AL000444,PERSON,P00444,Vihaan Chauhan,EXACT_CANONICAL,SRCU001,0.99,2026-02-13 18:18:06
AL000445,PERSON,P00445,Sanjay Agarwal,EXACT_CANONICAL,SRCU001,0.99,2025-02-16 00:24:22
AL000446,PERSON,P00446,Isha Yadav,EXACT_CANONICAL,SRCU001,0.99,2025-05-23 04:51:07
AL000447,PERSON,P00447,Rahul Mishra,EXACT_CANONICAL,SRCU001,0.99,2025-07-01 12:41:17
AL000448,PERSON,P00448,Manish Bansal,EXACT_CANONICAL,SRCU001,0.99,2026-03-16 16:48:05
AL000449,PERSON,P00449,Sneha Verma,EXACT_CANONICAL,SRCU001,0.99,2026-08-04 18:01:56
AL000450,PERSON,P00450,Sneha Yadav,EXACT_CANONICAL,SRCU001,0.99,2026-02-22 19:45:36
AL000451,PERSON,P00451,Deepak Khan,EXACT_CANONICAL,SRCU001,0.99,2025-07-02 16:19:53
AL000452,PERSON,P00452,Isha Mehta,EXACT_CANONICAL,SRCU001,0.99,2025-05-11 03:46:51
AL000453,PERSON,P00453,Riya Jain,EXACT_CANONICAL,SRCU001,0.99,2025-09-12 17:59:53
AL000454,PERSON,P00454,Pooja Sharma,EXACT_CANONICAL,SRCU001,0.99,2025-03-25 16:38:13
AL000455,PERSON,P00455,Kavya Agarwal,EXACT_CANONICAL,SRCU001,0.99,2025-03-24 16:11:27
AL000456,PERSON,P00456,Manish Bansal,EXACT_CANONICAL,SRCU001,0.99,2025-07-25 06:27:43
AL000457,PERSON,P00457,Sneha Saxena,EXACT_CANONICAL,SRCU001,0.99,2026-08-11 03:58:23
AL000458,PERSON,P00458,Sanjay Malhotra,EXACT_CANONICAL,SRCU001,0.99,2025-07-13 21:47:19
AL000459,PERSON,P00459,Vikram Verma,EXACT_CANONICAL,SRCU001,0.99,2025-06-15 11:32:04
AL000460,PERSON,P00460,Manish Malhotra,EXACT_CANONICAL,SRCU001,0.99,2025-09-01 13:38:34
AL000461,PERSON,P00461,Sanjay Jain,EXACT_CANONICAL,SRCU001,0.99,2025-12-28 23:27:38
AL000462,PERSON,P00462,Sneha Tiwari,EXACT_CANONICAL,SRCU001,0.99,2025-01-31 18:35:05
AL000463,PERSON,P00463,Raj Khan,EXACT_CANONICAL,SRCU001,0.99,2026-05-29 09:58:10
AL000464,PERSON,P00464,Amit Joshi,EXACT_CANONICAL,SRCU001,0.99,2025-10-01 05:12:48
AL000465,PERSON,P00465,Neha Shah,EXACT_CANONICAL,SRCU001,0.99,2026-06-06 15:37:29
AL000466,PERSON,P00466,Priya Chauhan,EXACT_CANONICAL,SRCU001,0.99,2025-03-26 18:00:03
AL000467,PERSON,P00467,Siddharth Yadav,EXACT_CANONICAL,SRCU001,0.99,2025-06-20 22:10:10
AL000468,PERSON,P00468,Kabir Joshi,EXACT_CANONICAL,SRCU001,0.99,2026-03-16 19:23:07
AL000469,PERSON,P00469,Mohit Mehta,EXACT_CANONICAL,SRCU001,0.99,2025-08-03 20:33:46
AL000470,PERSON,P00470,Vihaan Tiwari,EXACT_CANONICAL,SRCU001,0.99,2025-07-02 03:47:34
AL000471,PERSON,P00471,Aarav Jain,EXACT_CANONICAL,SRCU001,0.99,2025-12-29 20:41:49
AL000472,PERSON,P00472,Siddharth Agarwal,EXACT_CANONICAL,SRCU001,0.99,2025-10-09 11:32:06
AL000473,PERSON,P00473,Yash Bansal,EXACT_CANONICAL,SRCU001,0.99,2025-05-21 16:22:29
AL000474,PERSON,P00474,Kabir Chauhan,EXACT_CANONICAL,SRCU001,0.99,2026-03-03 10:03:14
AL000475,PERSON,P00475,Kabir Patel,EXACT_CANONICAL,SRCU001,0.99,2025-03-12 23:47:28
AL000476,PERSON,P00476,Yash Verma,EXACT_CANONICAL,SRCU001,0.99,2026-07-17 17:52:54
AL000477,PERSON,P00477,Deepak Chauhan,EXACT_CANONICAL,SRCU001,0.99,2026-01-16 09:44:27
AL000478,PERSON,P00478,Aarav Agarwal,EXACT_CANONICAL,SRCU001,0.99,2025-06-26 07:58:33
AL000479,PERSON,P00479,Sneha Patel,EXACT_CANONICAL,SRCU001,0.99,2026-02-28 21:03:54
AL000480,PERSON,P00480,Rahul Deshmukh,EXACT_CANONICAL,SRCU001,0.99,2026-05-21 02:38:03
AL000481,PERSON,P00481,Vihaan Tiwari,EXACT_CANONICAL,SRCU001,0.99,2025-12-01 16:59:56
AL000482,PERSON,P00482,Aditya Patel,EXACT_CANONICAL,SRCU001,0.99,2026-03-19 18:40:34
AL000483,PERSON,P00483,Arjun Malhotra,EXACT_CANONICAL,SRCU001,0.99,2025-12-22 19:26:45
AL000484,PERSON,P00484,Kabir Verma,EXACT_CANONICAL,SRCU001,0.99,2025-10-20 13:01:03
AL000485,PERSON,P00485,Pooja Verma,EXACT_CANONICAL,SRCU001,0.99,2025-12-28 18:11:56
AL000486,PERSON,P00486,Yash Malhotra,EXACT_CANONICAL,SRCU001,0.99,2026-06-10 00:41:46
AL000487,PERSON,P00487,Deepak Malhotra,EXACT_CANONICAL,SRCU001,0.99,2025-07-01 03:32:31
AL000488,PERSON,P00488,Arjun Singh,EXACT_CANONICAL,SRCU001,0.99,2025-03-03 23:53:02
AL000489,PERSON,P00489,Kavya Shah,EXACT_CANONICAL,SRCU001,0.99,2026-04-14 17:15:06
AL000490,PERSON,P00490,Meera Singh,EXACT_CANONICAL,SRCU001,0.99,2026-09-03 05:43:15
AL000491,PERSON,P00491,Neha Joshi,EXACT_CANONICAL,SRCU001,0.99,2025-01-23 22:56:04
AL000492,PERSON,P00492,Yash Patel,EXACT_CANONICAL,SRCU001,0.99,2025-07-11 04:42:08
AL000493,PERSON,P00493,Ankit Singh,EXACT_CANONICAL,SRCU001,0.99,2025-12-28 11:13:49
AL000494,PERSON,P00494,Riya Rathore,EXACT_CANONICAL,SRCU001,0.99,2026-01-28 10:42:57
AL000495,PERSON,P00495,Karan Verma,EXACT_CANONICAL,SRCU001,0.99,2025-02-21 17:10:26
AL000496,PERSON,P00496,Kavya Shah,EXACT_CANONICAL,SRCU001,0.99,2025-12-14 19:45:14
AL000497,PERSON,P00497,Isha Sharma,EXACT_CANONICAL,SRCU001,0.99,2025-08-13 21:15:45
AL000498,PERSON,P00498,Kavya Deshmukh,EXACT_CANONICAL,SRCU001,0.99,2026-08-07 12:35:06
AL000499,PERSON,P00499,Sneha Jain,EXACT_CANONICAL,SRCU001,0.99,2026-07-29 22:27:00
AL000500,PERSON,P00500,Pooja Jain,EXACT_CANONICAL,SRCU001,0.99,2025-03-02 21:47:22
AL000501,PERSON,P00501,Vihaan Khan,EXACT_CANONICAL,SRCU001,0.99,2026-04-28 14:06:37
AL000502,PERSON,P00502,Arjun Chauhan,EXACT_CANONICAL,SRCU001,0.99,2026-06-17 14:50:53
AL000503,PERSON,P00503,Nandini Shah,EXACT_CANONICAL,SRCU001,0.99,2026-08-16 21:12:24
AL000504,PERSON,P00504,Rohan Rathore,EXACT_CANONICAL,SRCU001,0.99,2026-08-05 11:50:00
AL000505,PERSON,P00505,Nandini Bansal,EXACT_CANONICAL,SRCU001,0.99,2026-02-12 01:17:44
AL000506,PERSON,P00506,Yash Joshi,EXACT_CANONICAL,SRCU001,0.99,2025-12-18 09:49:51
AL000507,PERSON,P00507,Ankit Joshi,EXACT_CANONICAL,SRCU001,0.99,2025-08-22 23:52:39
AL000508,PERSON,P00508,Isha Bansal,EXACT_CANONICAL,SRCU001,0.99,2026-04-22 08:58:17
AL000509,PERSON,P00509,Yash Agarwal,EXACT_CANONICAL,SRCU001,0.99,2026-06-08 00:52:39
AL000510,PERSON,P00510,Sanjay Patel,EXACT_CANONICAL,SRCU001,0.99,2026-07-20 21:38:04
AL000511,PERSON,P00511,Kavya Sharma,EXACT_CANONICAL,SRCU001,0.99,2025-08-22 09:48:14
AL000512,PERSON,P00512,Karan Khan,EXACT_CANONICAL,SRCU001,0.99,2026-02-27 17:53:39
AL000513,PERSON,P00513,Pooja Tiwari,EXACT_CANONICAL,SRCU001,0.99,2026-06-07 11:18:32
AL000514,PERSON,P00514,Raj Jain,EXACT_CANONICAL,SRCU001,0.99,2025-03-05 14:32:27
AL000515,PERSON,P00515,Kavya Joshi,EXACT_CANONICAL,SRCU001,0.99,2025-11-01 06:58:54
AL000516,PERSON,P00516,Riya Yadav,EXACT_CANONICAL,SRCU001,0.99,2025-09-04 19:53:08
AL000517,PERSON,P00517,Pooja Gupta,EXACT_CANONICAL,SRCU001,0.99,2025-10-23 15:34:22
AL000518,PERSON,P00518,Ankit Verma,EXACT_CANONICAL,SRCU001,0.99,2026-08-17 23:09:01
AL000519,PERSON,P00519,Aarav Joshi,EXACT_CANONICAL,SRCU001,0.99,2026-08-08 09:54:23
AL000520,PERSON,P00520,Vihaan Deshmukh,EXACT_CANONICAL,SRCU001,0.99,2026-01-27 09:16:11
AL000521,PERSON,P00521,Kabir Bansal,EXACT_CANONICAL,SRCU001,0.99,2026-05-17 07:06:25
AL000522,PERSON,P00522,Nikhil Jain,EXACT_CANONICAL,SRCU001,0.99,2025-04-21 18:44:01
AL000523,PERSON,P00523,Yash Bansal,EXACT_CANONICAL,SRCU001,0.99,2025-02-09 20:39:39
AL000524,PERSON,P00524,Meera Deshmukh,EXACT_CANONICAL,SRCU001,0.99,2025-05-03 01:41:44
AL000525,PERSON,P00525,Arjun Chauhan,EXACT_CANONICAL,SRCU001,0.99,2025-02-16 20:00:50
AL000526,PERSON,P00526,Varun Bansal,EXACT_CANONICAL,SRCU001,0.99,2025-07-27 12:54:43
AL000527,PERSON,P00527,Arjun Khan,EXACT_CANONICAL,SRCU001,0.99,2025-12-30 13:18:33
AL000528,PERSON,P00528,Riya Mishra,EXACT_CANONICAL,SRCU001,0.99,2025-09-18 18:37:00
AL000529,PERSON,P00529,Deepak Joshi,EXACT_CANONICAL,SRCU001,0.99,2025-07-19 19:42:05
AL000530,PERSON,P00530,Sneha Jain,EXACT_CANONICAL,SRCU001,0.99,2026-01-14 21:16:11
AL000531,PERSON,P00531,Priya Patel,EXACT_CANONICAL,SRCU001,0.99,2025-02-17 15:55:49
AL000532,PERSON,P00532,Nikhil Bansal,EXACT_CANONICAL,SRCU001,0.99,2025-07-16 20:57:04
AL000533,PERSON,P00533,Deepak Chauhan,EXACT_CANONICAL,SRCU001,0.99,2025-03-12 22:20:06
AL000534,PERSON,P00534,Isha Chauhan,EXACT_CANONICAL,SRCU001,0.99,2025-11-26 06:57:23
AL000535,PERSON,P00535,Kavya Saxena,EXACT_CANONICAL,SRCU001,0.99,2026-06-29 17:44:07
AL000536,PERSON,P00536,Ankit Tiwari,EXACT_CANONICAL,SRCU001,0.99,2025-04-02 10:01:11
AL000537,PERSON,P00537,Nikhil Gupta,EXACT_CANONICAL,SRCU001,0.99,2025-07-22 18:00:02
AL000538,PERSON,P00538,Karan Gupta,EXACT_CANONICAL,SRCU001,0.99,2026-04-13 08:13:26
AL000539,PERSON,P00539,Manish Mehta,EXACT_CANONICAL,SRCU001,0.99,2026-06-13 17:29:10
AL000540,PERSON,P00540,Vikram Patel,EXACT_CANONICAL,SRCU001,0.99,2026-01-19 13:32:51
AL000541,PERSON,P00541,Priya Agarwal,EXACT_CANONICAL,SRCU001,0.99,2025-07-24 21:39:50
AL000542,PERSON,P00542,Vikram Jain,EXACT_CANONICAL,SRCU001,0.99,2025-01-09 20:23:32
AL000543,PERSON,P00543,Mohit Yadav,EXACT_CANONICAL,SRCU001,0.99,2026-03-21 07:15:47
AL000544,PERSON,P00544,Yash Mehta,EXACT_CANONICAL,SRCU001,0.99,2026-03-17 11:39:25
AL000545,PERSON,P00545,Neha Mehta,EXACT_CANONICAL,SRCU001,0.99,2026-05-05 13:49:19
AL000546,PERSON,P00546,Rahul Verma,EXACT_CANONICAL,SRCU001,0.99,2026-04-07 03:09:26
AL000547,PERSON,P00547,Pooja Shah,EXACT_CANONICAL,SRCU001,0.99,2025-04-29 03:21:11
AL000548,PERSON,P00548,Vikram Deshmukh,EXACT_CANONICAL,SRCU001,0.99,2026-06-06 01:40:06
AL000549,PERSON,P00549,Siddharth Singh,EXACT_CANONICAL,SRCU001,0.99,2025-02-17 15:39:47
AL000550,PERSON,P00550,Nikhil Jain,EXACT_CANONICAL,SRCU001,0.99,2025-02-25 19:48:24
AL000551,PERSON,P00551,Vihaan Verma,EXACT_CANONICAL,SRCU001,0.99,2025-03-18 14:18:45
AL000552,PERSON,P00552,Ankit Chauhan,EXACT_CANONICAL,SRCU001,0.99,2025-12-23 13:34:02
AL000553,PERSON,P00553,Vikram Bansal,EXACT_CANONICAL,SRCU001,0.99,2025-01-19 03:38:11
AL000554,PERSON,P00554,Varun Singh,EXACT_CANONICAL,SRCU001,0.99,2025-01-17 04:32:32
AL000555,PERSON,P00555,Kabir Khan,EXACT_CANONICAL,SRCU001,0.99,2025-03-02 15:59:28
AL000556,PERSON,P00556,Arjun Rathore,EXACT_CANONICAL,SRCU001,0.99,2026-08-20 10:28:37
AL000557,PERSON,P00557,Siddharth Shah,EXACT_CANONICAL,SRCU001,0.99,2026-01-24 18:31:52
AL000558,PERSON,P00558,Nandini Khan,EXACT_CANONICAL,SRCU001,0.99,2026-04-19 13:01:33
AL000559,PERSON,P00559,Mohit Rathore,EXACT_CANONICAL,SRCU001,0.99,2025-11-01 21:53:21
AL000560,PERSON,P00560,Pooja Khan,EXACT_CANONICAL,SRCU001,0.99,2025-12-30 00:13:39
AL000561,PERSON,P00561,Deepak Deshmukh,EXACT_CANONICAL,SRCU001,0.99,2025-07-09 15:31:56
AL000562,PERSON,P00562,Varun Bansal,EXACT_CANONICAL,SRCU001,0.99,2026-05-23 06:07:53
AL000563,PERSON,P00563,Vihaan Tiwari,EXACT_CANONICAL,SRCU001,0.99,2025-04-16 01:23:22
AL000564,PERSON,P00564,Raj Sharma,EXACT_CANONICAL,SRCU001,0.99,2025-11-11 11:25:33
AL000565,PERSON,P00565,Kavya Rathore,EXACT_CANONICAL,SRCU001,0.99,2025-06-15 23:00:03
AL000566,PERSON,P00566,Vikram Mehta,EXACT_CANONICAL,SRCU001,0.99,2025-09-19 05:56:30
AL000567,PERSON,P00567,Kavya Sharma,EXACT_CANONICAL,SRCU001,0.99,2025-07-25 19:39:36
AL000568,PERSON,P00568,Sanjay Mishra,EXACT_CANONICAL,SRCU001,0.99,2026-08-04 05:20:34
AL000569,PERSON,P00569,Amit Shah,EXACT_CANONICAL,SRCU001,0.99,2025-06-30 16:19:11
AL000570,PERSON,P00570,Mohit Khan,EXACT_CANONICAL,SRCU001,0.99,2026-06-03 14:10:11
AL000571,PERSON,P00571,Ananya Chauhan,EXACT_CANONICAL,SRCU001,0.99,2026-07-17 06:06:42
AL000572,PERSON,P00572,Kabir Patel,EXACT_CANONICAL,SRCU001,0.99,2025-04-24 23:45:26
AL000573,PERSON,P00573,Vihaan Khan,EXACT_CANONICAL,SRCU001,0.99,2025-08-13 08:38:19
AL000574,PERSON,P00574,Amit Mehta,EXACT_CANONICAL,SRCU001,0.99,2025-05-11 13:31:07
AL000575,PERSON,P00575,Nandini Chauhan,EXACT_CANONICAL,SRCU001,0.99,2026-02-28 02:48:24
AL000576,PERSON,P00576,Neha Rathore,EXACT_CANONICAL,SRCU001,0.99,2026-04-13 16:52:44
AL000577,PERSON,P00577,Varun Jain,EXACT_CANONICAL,SRCU001,0.99,2026-06-07 07:32:13
AL000578,PERSON,P00578,Kabir Mehta,EXACT_CANONICAL,SRCU001,0.99,2026-08-23 14:05:40
AL000579,PERSON,P00579,Aarav Mehta,EXACT_CANONICAL,SRCU001,0.99,2026-01-05 00:53:41
AL000580,PERSON,P00580,Rahul Yadav,EXACT_CANONICAL,SRCU001,0.99,2026-08-31 22:39:22
AL000581,PERSON,P00581,Aditya Bansal,EXACT_CANONICAL,SRCU001,0.99,2026-02-20 17:05:05
AL000582,PERSON,P00582,Kavya Shah,EXACT_CANONICAL,SRCU001,0.99,2025-06-28 21:49:14
AL000583,PERSON,P00583,Sanjay Yadav,EXACT_CANONICAL,SRCU001,0.99,2026-04-05 16:16:34
AL000584,PERSON,P00584,Neha Jain,EXACT_CANONICAL,SRCU001,0.99,2025-02-28 12:13:28
AL000585,PERSON,P00585,Sneha Malhotra,EXACT_CANONICAL,SRCU001,0.99,2025-02-22 23:59:55
AL000586,PERSON,P00586,Mohit Joshi,EXACT_CANONICAL,SRCU001,0.99,2025-11-15 22:19:50
AL000587,PERSON,P00587,Rahul Rathore,EXACT_CANONICAL,SRCU001,0.99,2025-05-19 18:14:39
AL000588,PERSON,P00588,Vikram Deshmukh,EXACT_CANONICAL,SRCU001,0.99,2025-02-18 05:47:58
AL000589,PERSON,P00589,Mohit Deshmukh,EXACT_CANONICAL,SRCU001,0.99,2025-07-15 01:59:15
AL000590,PERSON,P00590,Meera Shah,EXACT_CANONICAL,SRCU001,0.99,2025-03-27 20:19:50
AL000591,PERSON,P00591,Vihaan Bansal,EXACT_CANONICAL,SRCU001,0.99,2026-04-19 07:42:58
AL000592,PERSON,P00592,Pooja Khan,EXACT_CANONICAL,SRCU001,0.99,2026-03-17 19:58:29
AL000593,PERSON,P00593,Rahul Chauhan,EXACT_CANONICAL,SRCU001,0.99,2025-03-27 23:47:55
AL000594,PERSON,P00594,Vikram Malhotra,EXACT_CANONICAL,SRCU001,0.99,2025-04-26 15:17:58
AL000595,PERSON,P00595,Amit Saxena,EXACT_CANONICAL,SRCU001,0.99,2026-05-10 12:25:50
AL000596,PERSON,P00596,Siddharth Jain,EXACT_CANONICAL,SRCU001,0.99,2025-07-04 19:08:23
AL000597,PERSON,P00597,Rohan Singh,EXACT_CANONICAL,SRCU001,0.99,2026-04-29 20:30:44
AL000598,PERSON,P00598,Riya Bansal,EXACT_CANONICAL,SRCU001,0.99,2025-07-15 13:05:32
AL000599,PERSON,P00599,Vihaan Chauhan,EXACT_CANONICAL,SRCU001,0.99,2025-06-03 12:38:23
AL000600,PERSON,P00600,Arjun Yadav,EXACT_CANONICAL,SRCU001,0.99,2026-08-31 10:22:46
AL000601,PERSON,P00601,Nikhil Sharma,EXACT_CANONICAL,SRCU001,0.99,2026-05-09 15:51:21
AL000602,PERSON,P00602,Kabir Agarwal,EXACT_CANONICAL,SRCU001,0.99,2025-11-01 11:23:54
AL000603,PERSON,P00603,Deepak Singh,EXACT_CANONICAL,SRCU001,0.99,2025-08-24 22:12:46
AL000604,PERSON,P00604,Riya Mehta,EXACT_CANONICAL,SRCU001,0.99,2025-03-11 02:25:42
AL000605,PERSON,P00605,Karan Deshmukh,EXACT_CANONICAL,SRCU001,0.99,2025-09-04 03:55:48
AL000606,PERSON,P00606,Deepak Mishra,EXACT_CANONICAL,SRCU001,0.99,2026-03-31 19:28:11
AL000607,PERSON,P00607,Isha Mehta,EXACT_CANONICAL,SRCU001,0.99,2025-07-20 23:59:33
AL000608,PERSON,P00608,Raj Verma,EXACT_CANONICAL,SRCU001,0.99,2025-10-06 14:30:32
AL000609,PERSON,P00609,Neha Chauhan,EXACT_CANONICAL,SRCU001,0.99,2026-04-23 23:00:17
AL000610,PERSON,P00610,Sneha Khan,EXACT_CANONICAL,SRCU001,0.99,2026-07-12 19:11:22
AL000611,PERSON,P00611,Raj Malhotra,EXACT_CANONICAL,SRCU001,0.99,2025-04-07 11:05:37
AL000612,PERSON,P00612,Neha Shah,EXACT_CANONICAL,SRCU001,0.99,2026-03-29 01:15:27
AL000613,PERSON,P00613,Aditya Yadav,EXACT_CANONICAL,SRCU001,0.99,2025-09-06 04:52:09
AL000614,PERSON,P00614,Sneha Singh,EXACT_CANONICAL,SRCU001,0.99,2025-04-17 20:52:08
AL000615,PERSON,P00615,Amit Agarwal,EXACT_CANONICAL,SRCU001,0.99,2026-01-20 22:38:42
AL000616,PERSON,P00616,Raj Mishra,EXACT_CANONICAL,SRCU001,0.99,2025-08-31 16:38:37
AL000617,PERSON,P00617,Neha Jain,EXACT_CANONICAL,SRCU001,0.99,2025-03-28 23:42:57
AL000618,PERSON,P00618,Karan Mishra,EXACT_CANONICAL,SRCU001,0.99,2026-04-13 01:38:16
AL000619,PERSON,P00619,Yash Yadav,EXACT_CANONICAL,SRCU001,0.99,2026-03-28 18:22:44
AL000620,PERSON,P00620,Raj Sharma,EXACT_CANONICAL,SRCU001,0.99,2026-08-28 02:36:42
AL000621,PERSON,P00621,Aarav Jain,EXACT_CANONICAL,SRCU001,0.99,2025-02-01 17:45:55
AL000622,PERSON,P00622,Kavya Rathore,EXACT_CANONICAL,SRCU001,0.99,2025-06-25 02:13:52
AL000623,PERSON,P00623,Rohan Verma,EXACT_CANONICAL,SRCU001,0.99,2025-03-23 05:15:00
AL000624,PERSON,P00624,Sneha Malhotra,EXACT_CANONICAL,SRCU001,0.99,2026-04-16 09:18:32
AL000625,PERSON,P00625,Vikram Verma,EXACT_CANONICAL,SRCU001,0.99,2026-04-17 19:33:56
AL000626,PERSON,P00626,Priya Agarwal,EXACT_CANONICAL,SRCU001,0.99,2025-02-14 14:45:05
AL000627,PERSON,P00627,Neha Agarwal,EXACT_CANONICAL,SRCU001,0.99,2025-06-04 20:43:20
AL000628,PERSON,P00628,Sanjay Sharma,EXACT_CANONICAL,SRCU001,0.99,2025-03-30 13:24:29
AL000629,PERSON,P00629,Siddharth Rathore,EXACT_CANONICAL,SRCU001,0.99,2026-04-25 01:45:14
AL000630,PERSON,P00630,Yash Joshi,EXACT_CANONICAL,SRCU001,0.99,2026-07-30 14:55:34
AL000631,PERSON,P00631,Sanjay Tiwari,EXACT_CANONICAL,SRCU001,0.99,2026-05-20 07:12:10
AL000632,PERSON,P00632,Isha Singh,EXACT_CANONICAL,SRCU001,0.99,2025-06-07 04:45:52
AL000633,PERSON,P00633,Mohit Gupta,EXACT_CANONICAL,SRCU001,0.99,2026-07-28 00:36:36
AL000634,PERSON,P00634,Sneha Deshmukh,EXACT_CANONICAL,SRCU001,0.99,2025-02-27 00:02:16
AL000635,PERSON,P00635,Nikhil Yadav,EXACT_CANONICAL,SRCU001,0.99,2025-01-25 01:21:42
AL000636,PERSON,P00636,Pooja Deshmukh,EXACT_CANONICAL,SRCU001,0.99,2025-11-01 01:42:56
AL000637,PERSON,P00637,Mohit Tiwari,EXACT_CANONICAL,SRCU001,0.99,2025-05-15 05:28:02
AL000638,PERSON,P00638,Varun Mehta,EXACT_CANONICAL,SRCU001,0.99,2026-07-01 22:03:14
AL000639,PERSON,P00639,Rahul Patel,EXACT_CANONICAL,SRCU001,0.99,2025-04-24 22:09:19
AL000640,PERSON,P00640,Karan Verma,EXACT_CANONICAL,SRCU001,0.99,2025-04-08 14:03:21
AL000641,PERSON,P00641,Meera Mehta,EXACT_CANONICAL,SRCU001,0.99,2026-01-31 02:19:11
AL000642,PERSON,P00642,Amit Saxena,EXACT_CANONICAL,SRCU001,0.99,2026-02-01 10:03:46
AL000643,PERSON,P00643,Manish Mehta,EXACT_CANONICAL,SRCU001,0.99,2026-02-20 05:20:33
AL000644,PERSON,P00644,Rahul Gupta,EXACT_CANONICAL,SRCU001,0.99,2026-05-27 17:23:30
AL000645,PERSON,P00645,Arjun Shah,EXACT_CANONICAL,SRCU001,0.99,2026-08-17 07:39:36
AL000646,PERSON,P00646,Ankit Bansal,EXACT_CANONICAL,SRCU001,0.99,2025-03-14 17:33:46
AL000647,PERSON,P00647,Sanjay Saxena,EXACT_CANONICAL,SRCU001,0.99,2025-05-23 22:29:53
AL000648,PERSON,P00648,Rahul Chauhan,EXACT_CANONICAL,SRCU001,0.99,2025-10-24 15:56:19
AL000649,PERSON,P00649,Aarav Verma,EXACT_CANONICAL,SRCU001,0.99,2026-06-18 05:58:11
AL000650,PERSON,P00650,Rahul Joshi,EXACT_CANONICAL,SRCU001,0.99,2025-01-27 19:56:47
AL000651,PERSON,P00651,Siddharth Singh,EXACT_CANONICAL,SRCU001,0.99,2025-07-22 21:27:49
AL000652,PERSON,P00652,Siddharth Jain,EXACT_CANONICAL,SRCU001,0.99,2026-06-22 02:05:24
AL000653,PERSON,P00653,Rahul Mehta,EXACT_CANONICAL,SRCU001,0.99,2026-04-19 21:00:34
AL000654,PERSON,P00654,Nandini Patel,EXACT_CANONICAL,SRCU001,0.99,2025-10-02 05:45:00
AL000655,PERSON,P00655,Nandini Joshi,EXACT_CANONICAL,SRCU001,0.99,2026-03-04 21:20:51
AL000656,PERSON,P00656,Isha Deshmukh,EXACT_CANONICAL,SRCU001,0.99,2026-08-22 14:33:48
AL000657,PERSON,P00657,Raj Shah,EXACT_CANONICAL,SRCU001,0.99,2025-01-01 21:07:15
AL000658,PERSON,P00658,Ankit Yadav,EXACT_CANONICAL,SRCU001,0.99,2025-12-09 23:51:03
AL000659,PERSON,P00659,Rohan Singh,EXACT_CANONICAL,SRCU001,0.99,2026-01-11 10:38:33
AL000660,PERSON,P00660,Varun Mishra,EXACT_CANONICAL,SRCU001,0.99,2025-10-10 08:01:06
AL000661,PERSON,P00661,Siddharth Gupta,EXACT_CANONICAL,SRCU001,0.99,2026-01-06 12:23:25
AL000662,PERSON,P00662,Sanjay Shah,EXACT_CANONICAL,SRCU001,0.99,2025-03-17 15:20:57
AL000663,PERSON,P00663,Nikhil Deshmukh,EXACT_CANONICAL,SRCU001,0.99,2025-10-06 23:42:16
AL000664,PERSON,P00664,Deepak Deshmukh,EXACT_CANONICAL,SRCU001,0.99,2025-01-01 09:49:23
AL000665,PERSON,P00665,Isha Mehta,EXACT_CANONICAL,SRCU001,0.99,2025-12-29 00:19:47
AL000666,PERSON,P00666,Manish Sharma,EXACT_CANONICAL,SRCU001,0.99,2025-02-04 02:10:58
AL000667,PERSON,P00667,Rahul Tiwari,EXACT_CANONICAL,SRCU001,0.99,2025-01-11 01:55:44
AL000668,PERSON,P00668,Rohan Sharma,EXACT_CANONICAL,SRCU001,0.99,2026-03-04 03:06:07
AL000669,PERSON,P00669,Kavya Deshmukh,EXACT_CANONICAL,SRCU001,0.99,2026-03-03 20:49:26
AL000670,PERSON,P00670,Riya Saxena,EXACT_CANONICAL,SRCU001,0.99,2026-03-22 05:19:50
AL000671,PERSON,P00671,Arjun Joshi,EXACT_CANONICAL,SRCU001,0.99,2025-02-27 02:17:15
AL000672,PERSON,P00672,Raj Sharma,EXACT_CANONICAL,SRCU001,0.99,2025-07-05 19:42:55
AL000673,PERSON,P00673,Aarav Saxena,EXACT_CANONICAL,SRCU001,0.99,2026-02-12 09:13:26
AL000674,PERSON,P00674,Neha Malhotra,EXACT_CANONICAL,SRCU001,0.99,2025-03-03 17:59:34
AL000675,PERSON,P00675,Meera Chauhan,EXACT_CANONICAL,SRCU001,0.99,2025-03-04 11:03:19
AL000676,PERSON,P00676,Priya Jain,EXACT_CANONICAL,SRCU001,0.99,2025-11-26 05:42:54
AL000677,PERSON,P00677,Deepak Tiwari,EXACT_CANONICAL,SRCU001,0.99,2025-12-23 01:48:55
AL000678,PERSON,P00678,Riya Singh,EXACT_CANONICAL,SRCU001,0.99,2026-03-07 12:31:10
AL000679,PERSON,P00679,Nandini Khan,EXACT_CANONICAL,SRCU001,0.99,2026-04-21 13:30:59
AL000680,PERSON,P00680,Isha Sharma,EXACT_CANONICAL,SRCU001,0.99,2025-01-19 01:07:39
AL000681,PERSON,P00681,Sneha Malhotra,EXACT_CANONICAL,SRCU001,0.99,2025-03-19 01:18:19
AL000682,PERSON,P00682,Yash Deshmukh,EXACT_CANONICAL,SRCU001,0.99,2026-01-31 01:56:52
AL000683,PERSON,P00683,Nikhil Mehta,EXACT_CANONICAL,SRCU001,0.99,2025-03-31 07:14:59
AL000684,PERSON,P00684,Mohit Singh,EXACT_CANONICAL,SRCU001,0.99,2026-04-30 09:16:32
AL000685,PERSON,P00685,Amit Jain,EXACT_CANONICAL,SRCU001,0.99,2026-07-28 06:53:30
AL000686,PERSON,P00686,Ananya Joshi,EXACT_CANONICAL,SRCU001,0.99,2025-12-04 03:25:17
AL000687,PERSON,P00687,Ankit Joshi,EXACT_CANONICAL,SRCU001,0.99,2025-06-25 10:05:33
AL000688,PERSON,P00688,Meera Verma,EXACT_CANONICAL,SRCU001,0.99,2025-02-15 21:31:00
AL000689,PERSON,P00689,Neha Verma,EXACT_CANONICAL,SRCU001,0.99,2026-08-07 21:30:30
AL000690,PERSON,P00690,Manish Deshmukh,EXACT_CANONICAL,SRCU001,0.99,2025-12-30 18:33:48
AL000691,PERSON,P00691,Varun Patel,EXACT_CANONICAL,SRCU001,0.99,2025-06-15 01:40:14
AL000692,PERSON,P00692,Kabir Yadav,EXACT_CANONICAL,SRCU001,0.99,2026-01-26 00:21:21
AL000693,PERSON,P00693,Neha Khan,EXACT_CANONICAL,SRCU001,0.99,2026-08-02 21:46:58
AL000694,PERSON,P00694,Isha Bansal,EXACT_CANONICAL,SRCU001,0.99,2026-02-08 16:47:07
AL000695,PERSON,P00695,Nandini Joshi,EXACT_CANONICAL,SRCU001,0.99,2025-02-13 07:11:29
AL000696,PERSON,P00696,Vihaan Mishra,EXACT_CANONICAL,SRCU001,0.99,2025-10-18 17:37:36
AL000697,PERSON,P00697,Rohan Gupta,EXACT_CANONICAL,SRCU001,0.99,2025-03-26 01:25:54
AL000698,PERSON,P00698,Raj Sharma,EXACT_CANONICAL,SRCU001,0.99,2026-01-15 17:24:10
AL000699,PERSON,P00699,Amit Yadav,EXACT_CANONICAL,SRCU001,0.99,2026-08-17 06:51:41
AL000700,PERSON,P00700,Raj Gupta,EXACT_CANONICAL,SRCU001,0.99,2026-05-18 00:08:17
AL000701,PERSON,P00701,Priya Shah,EXACT_CANONICAL,SRCU001,0.99,2025-03-01 12:17:22
AL000702,PERSON,P00702,Kabir Agarwal,EXACT_CANONICAL,SRCU001,0.99,2025-07-01 02:02:21
AL000703,PERSON,P00703,Vihaan Mehta,EXACT_CANONICAL,SRCU001,0.99,2025-10-05 06:17:13
AL000704,PERSON,P00704,Manish Rathore,EXACT_CANONICAL,SRCU001,0.99,2025-11-22 10:36:04
AL000705,PERSON,P00705,Ananya Gupta,EXACT_CANONICAL,SRCU001,0.99,2026-06-06 20:28:41
AL000706,PERSON,P00706,Kavya Agarwal,EXACT_CANONICAL,SRCU001,0.99,2025-01-09 02:09:57
AL000707,PERSON,P00707,Nikhil Singh,EXACT_CANONICAL,SRCU001,0.99,2025-08-24 00:52:12
AL000708,PERSON,P00708,Ananya Agarwal,EXACT_CANONICAL,SRCU001,0.99,2025-10-23 16:42:17
AL000709,PERSON,P00709,Riya Gupta,EXACT_CANONICAL,SRCU001,0.99,2026-08-20 09:27:38
AL000710,PERSON,P00710,Neha Gupta,EXACT_CANONICAL,SRCU001,0.99,2026-05-29 07:00:11
AL000711,PERSON,P00711,Raj Joshi,EXACT_CANONICAL,SRCU001,0.99,2026-08-09 22:01:55
AL000712,PERSON,P00712,Aarav Khan,EXACT_CANONICAL,SRCU001,0.99,2025-03-27 14:25:25
AL000713,PERSON,P00713,Rohan Rathore,EXACT_CANONICAL,SRCU001,0.99,2026-06-19 01:46:56
AL000714,PERSON,P00714,Sneha Bansal,EXACT_CANONICAL,SRCU001,0.99,2026-08-28 03:03:49
AL000715,PERSON,P00715,Priya Joshi,EXACT_CANONICAL,SRCU001,0.99,2025-01-05 18:23:37
AL000716,PERSON,P00716,Neha Tiwari,EXACT_CANONICAL,SRCU001,0.99,2025-06-10 11:37:15
AL000717,PERSON,P00717,Pooja Agarwal,EXACT_CANONICAL,SRCU001,0.99,2026-02-11 23:25:16
AL000718,PERSON,P00718,Nikhil Yadav,EXACT_CANONICAL,SRCU001,0.99,2025-11-12 17:29:27
AL000719,PERSON,P00719,Pooja Gupta,EXACT_CANONICAL,SRCU001,0.99,2025-03-08 02:46:32
AL000720,PERSON,P00720,Nandini Rathore,EXACT_CANONICAL,SRCU001,0.99,2025-04-01 10:55:29
AL000721,PERSON,P00721,Varun Singh,EXACT_CANONICAL,SRCU001,0.99,2025-02-19 12:12:09
AL000722,PERSON,P00722,Aarav Agarwal,EXACT_CANONICAL,SRCU001,0.99,2026-01-07 18:27:09
AL000723,PERSON,P00723,Varun Agarwal,EXACT_CANONICAL,SRCU001,0.99,2025-12-31 14:24:15
AL000724,PERSON,P00724,Karan Tiwari,EXACT_CANONICAL,SRCU001,0.99,2025-01-11 21:07:44
AL000725,PERSON,P00725,Aarav Deshmukh,EXACT_CANONICAL,SRCU001,0.99,2025-07-04 20:44:38
AL000726,PERSON,P00726,Rohan Agarwal,EXACT_CANONICAL,SRCU001,0.99,2026-03-04 08:04:03
AL000727,PERSON,P00727,Deepak Verma,EXACT_CANONICAL,SRCU001,0.99,2026-04-30 00:45:06
AL000728,PERSON,P00728,Ankit Khan,EXACT_CANONICAL,SRCU001,0.99,2026-08-11 21:01:47
AL000729,PERSON,P00729,Rahul Tiwari,EXACT_CANONICAL,SRCU001,0.99,2026-07-15 22:09:49
AL000730,PERSON,P00730,Nandini Yadav,EXACT_CANONICAL,SRCU001,0.99,2025-04-20 04:04:44
AL000731,PERSON,P00731,Meera Deshmukh,EXACT_CANONICAL,SRCU001,0.99,2025-03-08 16:54:17
AL000732,PERSON,P00732,Kavya Joshi,EXACT_CANONICAL,SRCU001,0.99,2026-02-22 05:30:11
AL000733,PERSON,P00733,Riya Khan,EXACT_CANONICAL,SRCU001,0.99,2026-03-26 07:08:44
AL000734,PERSON,P00734,Kavya Patel,EXACT_CANONICAL,SRCU001,0.99,2026-08-30 10:16:11
AL000735,PERSON,P00735,Amit Jain,EXACT_CANONICAL,SRCU001,0.99,2026-07-03 07:04:40
AL000736,PERSON,P00736,Sneha Shah,EXACT_CANONICAL,SRCU001,0.99,2026-02-25 21:21:59
AL000737,PERSON,P00737,Kabir Mehta,EXACT_CANONICAL,SRCU001,0.99,2025-05-16 09:26:18
AL000738,PERSON,P00738,Arjun Yadav,EXACT_CANONICAL,SRCU001,0.99,2026-04-15 18:42:59
AL000739,PERSON,P00739,Yash Chauhan,EXACT_CANONICAL,SRCU001,0.99,2026-04-12 02:12:31
AL000740,PERSON,P00740,Siddharth Sharma,EXACT_CANONICAL,SRCU001,0.99,2025-01-01 20:50:25
AL000741,PERSON,P00741,Deepak Gupta,EXACT_CANONICAL,SRCU001,0.99,2026-07-24 04:06:34
AL000742,PERSON,P00742,Manish Mishra,EXACT_CANONICAL,SRCU001,0.99,2025-06-29 01:10:23
AL000743,PERSON,P00743,Riya Agarwal,EXACT_CANONICAL,SRCU001,0.99,2025-01-23 17:02:34
AL000744,PERSON,P00744,Nikhil Patel,EXACT_CANONICAL,SRCU001,0.99,2025-08-21 15:42:58
AL000745,PERSON,P00745,Sanjay Chauhan,EXACT_CANONICAL,SRCU001,0.99,2026-01-10 20:15:39
AL000746,PERSON,P00746,Ankit Saxena,EXACT_CANONICAL,SRCU001,0.99,2025-10-09 01:58:56
AL000747,PERSON,P00747,Rohan Rathore,EXACT_CANONICAL,SRCU001,0.99,2025-05-18 10:00:32
AL000748,PERSON,P00748,Riya Yadav,EXACT_CANONICAL,SRCU001,0.99,2025-07-26 19:47:11
AL000749,PERSON,P00749,Deepak Chauhan,EXACT_CANONICAL,SRCU001,0.99,2025-06-28 00:12:53
AL000750,PERSON,P00750,Isha Jain,EXACT_CANONICAL,SRCU001,0.99,2025-05-19 03:15:02
AL000751,PERSON,P00751,Nikhil Patel,EXACT_CANONICAL,SRCU001,0.99,2025-08-05 15:35:26
AL000752,PERSON,P00752,Riya Malhotra,EXACT_CANONICAL,SRCU001,0.99,2026-04-06 07:58:33
AL000753,PERSON,P00753,Priya Mehta,EXACT_CANONICAL,SRCU001,0.99,2026-02-24 05:11:05
AL000754,PERSON,P00754,Pooja Sharma,EXACT_CANONICAL,SRCU001,0.99,2026-06-21 05:22:10
AL000755,PERSON,P00755,Kavya Agarwal,EXACT_CANONICAL,SRCU001,0.99,2026-02-05 20:08:01
AL000756,PERSON,P00756,Siddharth Khan,EXACT_CANONICAL,SRCU001,0.99,2025-08-12 13:56:35
AL000757,PERSON,P00757,Rohan Bansal,EXACT_CANONICAL,SRCU001,0.99,2025-11-08 06:08:02
AL000758,PERSON,P00758,Riya Malhotra,EXACT_CANONICAL,SRCU001,0.99,2025-03-09 16:56:29
AL000759,PERSON,P00759,Nikhil Khan,EXACT_CANONICAL,SRCU001,0.99,2026-05-02 07:43:54
AL000760,PERSON,P00760,Vihaan Joshi,EXACT_CANONICAL,SRCU001,0.99,2026-06-04 11:05:28
AL000761,PERSON,P00761,Priya Yadav,EXACT_CANONICAL,SRCU001,0.99,2025-09-08 11:01:41
AL000762,PERSON,P00762,Arjun Verma,EXACT_CANONICAL,SRCU001,0.99,2025-04-03 07:15:33
AL000763,PERSON,P00763,Nandini Tiwari,EXACT_CANONICAL,SRCU001,0.99,2025-09-30 09:53:13
AL000764,PERSON,P00764,Amit Sharma,EXACT_CANONICAL,SRCU001,0.99,2025-05-22 02:23:37
AL000765,PERSON,P00765,Priya Verma,EXACT_CANONICAL,SRCU001,0.99,2025-10-16 19:35:18
AL000766,PERSON,P00766,Karan Joshi,EXACT_CANONICAL,SRCU001,0.99,2025-03-05 06:30:31
AL000767,PERSON,P00767,Pooja Jain,EXACT_CANONICAL,SRCU001,0.99,2025-04-02 11:22:02
AL000768,PERSON,P00768,Aarav Mehta,EXACT_CANONICAL,SRCU001,0.99,2025-05-24 22:02:06
AL000769,PERSON,P00769,Karan Gupta,EXACT_CANONICAL,SRCU001,0.99,2026-07-18 11:03:28
AL000770,PERSON,P00770,Rahul Deshmukh,EXACT_CANONICAL,SRCU001,0.99,2026-08-23 03:44:21
AL000771,PERSON,P00771,Pooja Shah,EXACT_CANONICAL,SRCU001,0.99,2026-06-25 21:45:01
AL000772,PERSON,P00772,Aditya Yadav,EXACT_CANONICAL,SRCU001,0.99,2026-07-18 20:18:02
AL000773,PERSON,P00773,Pooja Verma,EXACT_CANONICAL,SRCU001,0.99,2025-02-16 06:43:33
AL000774,PERSON,P00774,Mohit Gupta,EXACT_CANONICAL,SRCU001,0.99,2026-06-04 20:41:09
AL000775,PERSON,P00775,Rahul Deshmukh,EXACT_CANONICAL,SRCU001,0.99,2025-05-27 22:18:18
AL000776,PERSON,P00776,Isha Malhotra,EXACT_CANONICAL,SRCU001,0.99,2025-07-12 14:12:07
AL000777,PERSON,P00777,Vihaan Chauhan,EXACT_CANONICAL,SRCU001,0.99,2025-06-29 00:01:54
AL000778,PERSON,P00778,Pooja Rathore,EXACT_CANONICAL,SRCU001,0.99,2026-07-02 13:57:47
AL000779,PERSON,P00779,Ananya Rathore,EXACT_CANONICAL,SRCU001,0.99,2026-07-22 12:48:10
AL000780,PERSON,P00780,Neha Mehta,EXACT_CANONICAL,SRCU001,0.99,2025-02-13 03:55:03
AL000781,PERSON,P00781,Neha Gupta,EXACT_CANONICAL,SRCU001,0.99,2026-05-18 01:41:02
AL000782,PERSON,P00782,Arjun Saxena,EXACT_CANONICAL,SRCU001,0.99,2025-06-26 00:27:45
AL000783,PERSON,P00783,Isha Shah,EXACT_CANONICAL,SRCU001,0.99,2026-08-11 19:20:15
AL000784,PERSON,P00784,Sneha Yadav,EXACT_CANONICAL,SRCU001,0.99,2025-11-17 06:35:38
AL000785,PERSON,P00785,Rahul Bansal,EXACT_CANONICAL,SRCU001,0.99,2025-05-15 06:23:20
AL000786,PERSON,P00786,Isha Singh,EXACT_CANONICAL,SRCU001,0.99,2026-08-17 16:45:56
AL000787,PERSON,P00787,Rohan Sharma,EXACT_CANONICAL,SRCU001,0.99,2026-06-13 12:04:44
AL000788,PERSON,P00788,Siddharth Mehta,EXACT_CANONICAL,SRCU001,0.99,2026-06-24 08:41:10
AL000789,PERSON,P00789,Sneha Chauhan,EXACT_CANONICAL,SRCU001,0.99,2025-01-28 09:27:27
AL000790,PERSON,P00790,Kabir Joshi,EXACT_CANONICAL,SRCU001,0.99,2025-04-12 16:41:43
AL000791,PERSON,P00791,Kabir Yadav,EXACT_CANONICAL,SRCU001,0.99,2026-07-29 07:54:34
AL000792,PERSON,P00792,Yash Chauhan,EXACT_CANONICAL,SRCU001,0.99,2026-03-02 12:29:42
AL000793,PERSON,P00793,Aditya Shah,EXACT_CANONICAL,SRCU001,0.99,2026-06-15 03:07:16
AL000794,PERSON,P00794,Varun Yadav,EXACT_CANONICAL,SRCU001,0.99,2026-01-17 04:41:24
AL000795,PERSON,P00795,Ananya Rathore,EXACT_CANONICAL,SRCU001,0.99,2025-10-15 18:22:31
AL000796,PERSON,P00796,Rahul Patel,EXACT_CANONICAL,SRCU001,0.99,2025-01-19 16:46:36
AL000797,PERSON,P00797,Neha Gupta,EXACT_CANONICAL,SRCU001,0.99,2025-06-16 13:04:12
AL000798,PERSON,P00798,Mohit Rathore,EXACT_CANONICAL,SRCU001,0.99,2025-08-08 06:52:46
AL000799,PERSON,P00799,Amit Malhotra,EXACT_CANONICAL,SRCU001,0.99,2025-11-28 12:39:26
AL000800,PERSON,P00800,Raj Khan,EXACT_CANONICAL,SRCU001,0.99,2026-04-29 02:30:38
AL000801,PERSON,P00801,Isha Yadav,EXACT_CANONICAL,SRCU001,0.99,2025-12-16 12:37:49
AL000802,PERSON,P00802,Vikram Patel,EXACT_CANONICAL,SRCU001,0.99,2026-07-23 10:05:42
AL000803,PERSON,P00803,Aditya Rathore,EXACT_CANONICAL,SRCU001,0.99,2025-11-02 21:46:03
AL000804,PERSON,P00804,Kabir Chauhan,EXACT_CANONICAL,SRCU001,0.99,2026-07-07 08:26:40
AL000805,PERSON,P00805,Vihaan Shah,EXACT_CANONICAL,SRCU001,0.99,2025-01-01 05:12:53
AL000806,PERSON,P00806,Sanjay Jain,EXACT_CANONICAL,SRCU001,0.99,2026-01-30 18:12:55
AL000807,PERSON,P00807,Amit Bansal,EXACT_CANONICAL,SRCU001,0.99,2025-04-27 22:46:15
AL000808,PERSON,P00808,Aarav Mishra,EXACT_CANONICAL,SRCU001,0.99,2025-10-16 11:38:34
AL000809,PERSON,P00809,Rohan Shah,EXACT_CANONICAL,SRCU001,0.99,2026-08-11 06:33:55
AL000810,PERSON,P00810,Vihaan Mishra,EXACT_CANONICAL,SRCU001,0.99,2025-09-17 06:52:38
AL000811,PERSON,P00811,Pooja Sharma,EXACT_CANONICAL,SRCU001,0.99,2025-11-30 05:19:57
AL000812,PERSON,P00812,Aditya Sharma,EXACT_CANONICAL,SRCU001,0.99,2026-02-11 12:19:11
AL000813,PERSON,P00813,Deepak Yadav,EXACT_CANONICAL,SRCU001,0.99,2026-07-27 12:35:04
AL000814,PERSON,P00814,Neha Sharma,EXACT_CANONICAL,SRCU001,0.99,2026-08-04 09:47:55
AL000815,PERSON,P00815,Karan Deshmukh,EXACT_CANONICAL,SRCU001,0.99,2026-05-21 07:59:15
AL000816,PERSON,P00816,Nandini Verma,EXACT_CANONICAL,SRCU001,0.99,2025-11-06 20:49:53
AL000817,PERSON,P00817,Yash Verma,EXACT_CANONICAL,SRCU001,0.99,2025-03-28 10:44:39
AL000818,PERSON,P00818,Sanjay Jain,EXACT_CANONICAL,SRCU001,0.99,2025-10-16 21:19:51
AL000819,PERSON,P00819,Pooja Jain,EXACT_CANONICAL,SRCU001,0.99,2025-01-18 16:16:12
AL000820,PERSON,P00820,Aditya Saxena,EXACT_CANONICAL,SRCU001,0.99,2025-03-28 04:28:17
AL000821,PERSON,P00821,Raj Agarwal,EXACT_CANONICAL,SRCU001,0.99,2025-09-15 12:04:16
AL000822,PERSON,P00822,Meera Khan,EXACT_CANONICAL,SRCU001,0.99,2025-02-14 20:29:59
AL000823,PERSON,P00823,Rohan Rathore,EXACT_CANONICAL,SRCU001,0.99,2025-05-28 15:08:38
AL000824,PERSON,P00824,Rohan Rathore,EXACT_CANONICAL,SRCU001,0.99,2026-04-28 05:19:50
AL000825,PERSON,P00825,Kavya Jain,EXACT_CANONICAL,SRCU001,0.99,2026-08-08 06:54:17
AL000826,PERSON,P00826,Sanjay Rathore,EXACT_CANONICAL,SRCU001,0.99,2025-09-24 08:58:48
AL000827,PERSON,P00827,Kavya Agarwal,EXACT_CANONICAL,SRCU001,0.99,2025-04-21 18:23:15
AL000828,PERSON,P00828,Vihaan Singh,EXACT_CANONICAL,SRCU001,0.99,2025-11-06 17:52:11
AL000829,PERSON,P00829,Kabir Khan,EXACT_CANONICAL,SRCU001,0.99,2026-08-05 02:16:31
AL000830,PERSON,P00830,Karan Saxena,EXACT_CANONICAL,SRCU001,0.99,2026-08-30 02:06:53
AL000831,PERSON,P00831,Raj Khan,EXACT_CANONICAL,SRCU001,0.99,2025-09-25 09:02:02
AL000832,PERSON,P00832,Deepak Joshi,EXACT_CANONICAL,SRCU001,0.99,2026-06-27 21:52:39
AL000833,PERSON,P00833,Pooja Shah,EXACT_CANONICAL,SRCU001,0.99,2025-05-02 16:23:14
AL000834,PERSON,P00834,Meera Verma,EXACT_CANONICAL,SRCU001,0.99,2025-02-12 21:56:46
AL000835,PERSON,P00835,Vikram Yadav,EXACT_CANONICAL,SRCU001,0.99,2025-08-18 18:24:09
AL000836,PERSON,P00836,Vikram Malhotra,EXACT_CANONICAL,SRCU001,0.99,2025-02-11 13:59:26
AL000837,PERSON,P00837,Sanjay Deshmukh,EXACT_CANONICAL,SRCU001,0.99,2025-10-03 07:21:31
AL000838,PERSON,P00838,Amit Saxena,EXACT_CANONICAL,SRCU001,0.99,2025-08-27 14:37:11
AL000839,PERSON,P00839,Riya Tiwari,EXACT_CANONICAL,SRCU001,0.99,2026-02-17 13:42:03
AL000840,PERSON,P00840,Isha Mishra,EXACT_CANONICAL,SRCU001,0.99,2025-12-22 02:05:17
AL000841,PERSON,P00841,Riya Bansal,EXACT_CANONICAL,SRCU001,0.99,2026-03-16 14:38:44
AL000842,PERSON,P00842,Karan Mishra,EXACT_CANONICAL,SRCU001,0.99,2025-07-10 07:17:41
AL000843,PERSON,P00843,Raj Rathore,EXACT_CANONICAL,SRCU001,0.99,2025-12-04 14:24:32
AL000844,PERSON,P00844,Deepak Jain,EXACT_CANONICAL,SRCU001,0.99,2026-06-16 20:36:49
AL000845,PERSON,P00845,Mohit Patel,EXACT_CANONICAL,SRCU001,0.99,2025-09-25 07:22:04
AL000846,PERSON,P00846,Mohit Mehta,EXACT_CANONICAL,SRCU001,0.99,2025-02-12 20:42:22
AL000847,PERSON,P00847,Priya Rathore,EXACT_CANONICAL,SRCU001,0.99,2025-07-15 17:57:49
AL000848,PERSON,P00848,Sanjay Yadav,EXACT_CANONICAL,SRCU001,0.99,2026-02-12 11:27:55
AL000849,PERSON,P00849,Nikhil Verma,EXACT_CANONICAL,SRCU001,0.99,2026-05-09 17:55:02
AL000850,PERSON,P00850,Pooja Patel,EXACT_CANONICAL,SRCU001,0.99,2025-06-19 16:55:00
AL000851,PERSON,P00851,Priya Saxena,EXACT_CANONICAL,SRCU001,0.99,2025-12-26 04:10:40
AL000852,PERSON,P00852,Nikhil Rathore,EXACT_CANONICAL,SRCU001,0.99,2025-03-26 07:04:04
AL000853,PERSON,P00853,Sneha Gupta,EXACT_CANONICAL,SRCU001,0.99,2025-03-09 17:54:34
AL000854,PERSON,P00854,Sneha Singh,EXACT_CANONICAL,SRCU001,0.99,2025-10-24 08:36:24
AL000855,PERSON,P00855,Yash Bansal,EXACT_CANONICAL,SRCU001,0.99,2025-08-09 06:22:05
AL000856,PERSON,P00856,Rohan Singh,EXACT_CANONICAL,SRCU001,0.99,2026-02-13 22:44:54
AL000857,PERSON,P00857,Kavya Patel,EXACT_CANONICAL,SRCU001,0.99,2025-07-06 04:19:50
AL000858,PERSON,P00858,Kavya Bansal,EXACT_CANONICAL,SRCU001,0.99,2025-11-28 07:35:01
AL000859,PERSON,P00859,Aarav Patel,EXACT_CANONICAL,SRCU001,0.99,2026-03-29 17:45:29
AL000860,PERSON,P00860,Aarav Mehta,EXACT_CANONICAL,SRCU001,0.99,2026-07-11 18:30:55
AL000861,PERSON,P00861,Varun Deshmukh,EXACT_CANONICAL,SRCU001,0.99,2026-06-13 01:52:52
AL000862,PERSON,P00862,Rahul Gupta,EXACT_CANONICAL,SRCU001,0.99,2025-12-16 00:17:17
AL000863,PERSON,P00863,Ananya Rathore,EXACT_CANONICAL,SRCU001,0.99,2025-11-20 17:36:58
AL000864,PERSON,P00864,Nikhil Chauhan,EXACT_CANONICAL,SRCU001,0.99,2025-05-18 07:10:04
AL000865,PERSON,P00865,Arjun Yadav,EXACT_CANONICAL,SRCU001,0.99,2025-12-03 15:01:30
AL000866,PERSON,P00866,Vihaan Mehta,EXACT_CANONICAL,SRCU001,0.99,2026-05-11 08:47:32
AL000867,PERSON,P00867,Priya Yadav,EXACT_CANONICAL,SRCU001,0.99,2025-06-18 18:10:02
AL000868,PERSON,P00868,Sneha Rathore,EXACT_CANONICAL,SRCU001,0.99,2026-01-24 20:27:57
AL000869,PERSON,P00869,Priya Mehta,EXACT_CANONICAL,SRCU001,0.99,2026-06-07 07:05:37
AL000870,PERSON,P00870,Kabir Mehta,EXACT_CANONICAL,SRCU001,0.99,2025-05-15 05:49:12
AL000871,PERSON,P00871,Arjun Jain,EXACT_CANONICAL,SRCU001,0.99,2026-01-15 08:24:14
AL000872,PERSON,P00872,Kavya Chauhan,EXACT_CANONICAL,SRCU001,0.99,2025-06-11 17:48:36
AL000873,PERSON,P00873,Deepak Patel,EXACT_CANONICAL,SRCU001,0.99,2025-01-08 14:59:28
AL000874,PERSON,P00874,Isha Verma,EXACT_CANONICAL,SRCU001,0.99,2026-05-26 02:07:19
AL000875,PERSON,P00875,Rohan Agarwal,EXACT_CANONICAL,SRCU001,0.99,2025-04-06 19:56:26
AL000876,PERSON,P00876,Manish Rathore,EXACT_CANONICAL,SRCU001,0.99,2026-02-05 17:33:17
AL000877,PERSON,P00877,Vihaan Mishra,EXACT_CANONICAL,SRCU001,0.99,2026-06-29 20:13:57
AL000878,PERSON,P00878,Kabir Tiwari,EXACT_CANONICAL,SRCU001,0.99,2026-02-10 11:36:32
AL000879,PERSON,P00879,Ankit Rathore,EXACT_CANONICAL,SRCU001,0.99,2026-02-23 18:28:50
AL000880,PERSON,P00880,Mohit Tiwari,EXACT_CANONICAL,SRCU001,0.99,2025-12-17 22:05:48
AL000881,PERSON,P00881,Yash Saxena,EXACT_CANONICAL,SRCU001,0.99,2025-05-27 11:19:35
AL000882,PERSON,P00882,Nikhil Shah,EXACT_CANONICAL,SRCU001,0.99,2026-07-06 23:03:32
AL000883,PERSON,P00883,Nikhil Mishra,EXACT_CANONICAL,SRCU001,0.99,2025-01-07 21:13:29
AL000884,PERSON,P00884,Aditya Mehta,EXACT_CANONICAL,SRCU001,0.99,2025-01-27 17:14:59
AL000885,PERSON,P00885,Priya Mishra,EXACT_CANONICAL,SRCU001,0.99,2026-08-20 01:39:22
AL000886,PERSON,P00886,Aarav Joshi,EXACT_CANONICAL,SRCU001,0.99,2025-12-09 14:06:42
AL000887,PERSON,P00887,Ananya Gupta,EXACT_CANONICAL,SRCU001,0.99,2025-01-19 02:32:25
AL000888,PERSON,P00888,Amit Gupta,EXACT_CANONICAL,SRCU001,0.99,2025-11-12 01:46:26
AL000889,PERSON,P00889,Manish Shah,EXACT_CANONICAL,SRCU001,0.99,2025-07-13 19:17:19
AL000890,PERSON,P00890,Aditya Shah,EXACT_CANONICAL,SRCU001,0.99,2025-11-04 17:23:09
AL000891,PERSON,P00891,Varun Agarwal,EXACT_CANONICAL,SRCU001,0.99,2026-01-31 07:59:44
AL000892,PERSON,P00892,Varun Yadav,EXACT_CANONICAL,SRCU001,0.99,2025-04-20 21:18:46
AL000893,PERSON,P00893,Priya Yadav,EXACT_CANONICAL,SRCU001,0.99,2025-08-02 20:07:40
AL000894,PERSON,P00894,Rahul Saxena,EXACT_CANONICAL,SRCU001,0.99,2025-03-31 10:07:48
AL000895,PERSON,P00895,Sneha Mehta,EXACT_CANONICAL,SRCU001,0.99,2026-08-14 01:46:30
AL000896,PERSON,P00896,Yash Jain,EXACT_CANONICAL,SRCU001,0.99,2025-01-13 20:56:48
AL000897,PERSON,P00897,Manish Yadav,EXACT_CANONICAL,SRCU001,0.99,2025-11-18 10:24:26
AL000898,PERSON,P00898,Kabir Malhotra,EXACT_CANONICAL,SRCU001,0.99,2025-10-13 08:17:53
AL000899,PERSON,P00899,Isha Rathore,EXACT_CANONICAL,SRCU001,0.99,2026-04-17 01:42:26
AL000900,PERSON,P00900,Meera Mishra,EXACT_CANONICAL,SRCU001,0.99,2026-05-06 23:00:00
AL000901,PERSON,P00901,Arjun Shah,EXACT_CANONICAL,SRCU001,0.99,2026-06-09 10:59:27
AL000902,PERSON,P00902,Pooja Joshi,EXACT_CANONICAL,SRCU001,0.99,2025-03-19 19:09:03
AL000903,PERSON,P00903,Kabir Gupta,EXACT_CANONICAL,SRCU001,0.99,2026-03-18 13:27:35
AL000904,PERSON,P00904,Ananya Patel,EXACT_CANONICAL,SRCU001,0.99,2026-08-16 14:04:30
AL000905,PERSON,P00905,Rohan Saxena,EXACT_CANONICAL,SRCU001,0.99,2025-05-15 08:33:53
AL000906,PERSON,P00906,Sneha Verma,EXACT_CANONICAL,SRCU001,0.99,2025-03-23 14:20:08
AL000907,PERSON,P00907,Kavya Patel,EXACT_CANONICAL,SRCU001,0.99,2025-01-12 21:04:10
AL000908,PERSON,P00908,Nandini Malhotra,EXACT_CANONICAL,SRCU001,0.99,2025-09-13 01:11:08
AL000909,PERSON,P00909,Nandini Yadav,EXACT_CANONICAL,SRCU001,0.99,2025-12-25 12:14:43
AL000910,PERSON,P00910,Pooja Rathore,EXACT_CANONICAL,SRCU001,0.99,2026-07-15 12:54:57
AL000911,PERSON,P00911,Karan Bansal,EXACT_CANONICAL,SRCU001,0.99,2025-07-22 17:24:05
AL000912,PERSON,P00912,Neha Khan,EXACT_CANONICAL,SRCU001,0.99,2026-08-03 15:46:56
AL000913,PERSON,P00913,Sanjay Shah,EXACT_CANONICAL,SRCU001,0.99,2026-05-13 08:01:49
AL000914,PERSON,P00914,Pooja Singh,EXACT_CANONICAL,SRCU001,0.99,2025-07-23 15:13:33
AL000915,PERSON,P00915,Karan Khan,EXACT_CANONICAL,SRCU001,0.99,2026-07-31 22:49:58
AL000916,PERSON,P00916,Ankit Chauhan,EXACT_CANONICAL,SRCU001,0.99,2026-05-14 11:56:00
AL000917,PERSON,P00917,Nandini Mehta,EXACT_CANONICAL,SRCU001,0.99,2026-08-14 10:31:37
AL000918,PERSON,P00918,Karan Singh,EXACT_CANONICAL,SRCU001,0.99,2025-02-20 20:56:15
AL000919,PERSON,P00919,Amit Yadav,EXACT_CANONICAL,SRCU001,0.99,2026-08-07 06:11:53
AL000920,PERSON,P00920,Ankit Singh,EXACT_CANONICAL,SRCU001,0.99,2025-02-26 04:07:08
AL000921,PERSON,P00921,Kabir Mishra,EXACT_CANONICAL,SRCU001,0.99,2025-11-23 22:52:08
AL000922,PERSON,P00922,Nikhil Shah,EXACT_CANONICAL,SRCU001,0.99,2026-08-29 08:36:36
AL000923,PERSON,P00923,Rahul Chauhan,EXACT_CANONICAL,SRCU001,0.99,2026-01-05 03:39:47
AL000924,PERSON,P00924,Sanjay Jain,EXACT_CANONICAL,SRCU001,0.99,2025-08-28 18:08:57
AL000925,PERSON,P00925,Manish Chauhan,EXACT_CANONICAL,SRCU001,0.99,2026-06-19 14:57:30
AL000926,PERSON,P00926,Mohit Joshi,EXACT_CANONICAL,SRCU001,0.99,2025-03-17 21:37:09
AL000927,PERSON,P00927,Sanjay Verma,EXACT_CANONICAL,SRCU001,0.99,2025-06-10 13:28:02
AL000928,PERSON,P00928,Karan Deshmukh,EXACT_CANONICAL,SRCU001,0.99,2026-05-28 12:23:22
AL000929,PERSON,P00929,Pooja Singh,EXACT_CANONICAL,SRCU001,0.99,2025-10-24 14:05:33
AL000930,PERSON,P00930,Kabir Verma,EXACT_CANONICAL,SRCU001,0.99,2025-11-22 06:35:18
AL000931,PERSON,P00931,Vihaan Yadav,EXACT_CANONICAL,SRCU001,0.99,2025-08-20 15:17:14
AL000932,PERSON,P00932,Riya Singh,EXACT_CANONICAL,SRCU001,0.99,2026-08-14 04:36:36
AL000933,PERSON,P00933,Varun Malhotra,EXACT_CANONICAL,SRCU001,0.99,2025-11-27 12:59:24
AL000934,PERSON,P00934,Kabir Mishra,EXACT_CANONICAL,SRCU001,0.99,2025-01-22 02:28:39
AL000935,PERSON,P00935,Priya Patel,EXACT_CANONICAL,SRCU001,0.99,2025-10-25 04:47:54
AL000936,PERSON,P00936,Sneha Rathore,EXACT_CANONICAL,SRCU001,0.99,2025-10-24 18:15:59
AL000937,PERSON,P00937,Vihaan Deshmukh,EXACT_CANONICAL,SRCU001,0.99,2026-04-10 16:00:56
AL000938,PERSON,P00938,Sanjay Verma,EXACT_CANONICAL,SRCU001,0.99,2025-11-01 06:03:50
AL000939,PERSON,P00939,Pooja Chauhan,EXACT_CANONICAL,SRCU001,0.99,2026-06-03 01:10:21
AL000940,PERSON,P00940,Neha Singh,EXACT_CANONICAL,SRCU001,0.99,2026-06-23 14:35:43
AL000941,PERSON,P00941,Priya Patel,EXACT_CANONICAL,SRCU001,0.99,2025-02-25 07:57:49
AL000942,PERSON,P00942,Yash Mishra,EXACT_CANONICAL,SRCU001,0.99,2025-05-20 17:17:21
AL000943,PERSON,P00943,Aditya Verma,EXACT_CANONICAL,SRCU001,0.99,2026-01-16 16:29:02
AL000944,PERSON,P00944,Nandini Rathore,EXACT_CANONICAL,SRCU001,0.99,2026-09-03 19:56:52
AL000945,PERSON,P00945,Kavya Rathore,EXACT_CANONICAL,SRCU001,0.99,2025-09-23 13:33:24
AL000946,PERSON,P00946,Siddharth Verma,EXACT_CANONICAL,SRCU001,0.99,2025-06-21 17:22:00
AL000947,PERSON,P00947,Arjun Yadav,EXACT_CANONICAL,SRCU001,0.99,2025-08-07 19:32:07
AL000948,PERSON,P00948,Aarav Patel,EXACT_CANONICAL,SRCU001,0.99,2025-10-21 10:11:36
AL000949,PERSON,P00949,Ananya Agarwal,EXACT_CANONICAL,SRCU001,0.99,2025-11-15 09:12:34
AL000950,PERSON,P00950,Nandini Khan,EXACT_CANONICAL,SRCU001,0.99,2025-06-25 05:38:31
AL000951,PERSON,P00951,Ankit Patel,EXACT_CANONICAL,SRCU001,0.99,2026-03-18 08:44:40
AL000952,PERSON,P00952,Isha Deshmukh,EXACT_CANONICAL,SRCU001,0.99,2025-01-17 00:14:17
AL000953,PERSON,P00953,Aarav Gupta,EXACT_CANONICAL,SRCU001,0.99,2025-12-23 01:12:49
AL000954,PERSON,P00954,Neha Jain,EXACT_CANONICAL,SRCU001,0.99,2026-08-14 18:00:20
AL000955,PERSON,P00955,Mohit Mishra,EXACT_CANONICAL,SRCU001,0.99,2026-06-10 12:26:19
AL000956,PERSON,P00956,Deepak Shah,EXACT_CANONICAL,SRCU001,0.99,2026-06-05 01:47:36
AL000957,PERSON,P00957,Riya Mishra,EXACT_CANONICAL,SRCU001,0.99,2026-01-31 11:18:11
AL000958,PERSON,P00958,Siddharth Deshmukh,EXACT_CANONICAL,SRCU001,0.99,2025-10-29 08:17:23
AL000959,PERSON,P00959,Raj Mehta,EXACT_CANONICAL,SRCU001,0.99,2025-11-19 21:20:45
AL000960,PERSON,P00960,Neha Saxena,EXACT_CANONICAL,SRCU001,0.99,2026-05-28 23:23:46
AL000961,PERSON,P00961,Nikhil Yadav,EXACT_CANONICAL,SRCU001,0.99,2026-09-03 07:12:02
AL000962,PERSON,P00962,Meera Agarwal,EXACT_CANONICAL,SRCU001,0.99,2025-10-29 14:25:59
AL000963,PERSON,P00963,Ananya Mehta,EXACT_CANONICAL,SRCU001,0.99,2026-03-16 20:49:15
AL000964,PERSON,P00964,Amit Rathore,EXACT_CANONICAL,SRCU001,0.99,2025-03-17 06:12:22
AL000965,PERSON,P00965,Priya Khan,EXACT_CANONICAL,SRCU001,0.99,2025-07-02 17:47:44
AL000966,PERSON,P00966,Vikram Patel,EXACT_CANONICAL,SRCU001,0.99,2026-08-11 08:35:04
AL000967,PERSON,P00967,Meera Tiwari,EXACT_CANONICAL,SRCU001,0.99,2025-06-25 05:23:00
AL000968,PERSON,P00968,Sneha Patel,EXACT_CANONICAL,SRCU001,0.99,2025-04-25 00:40:56
AL000969,PERSON,P00969,Neha Patel,EXACT_CANONICAL,SRCU001,0.99,2026-02-07 02:17:12
AL000970,PERSON,P00970,Mohit Patel,EXACT_CANONICAL,SRCU001,0.99,2025-07-05 02:07:11
AL000971,PERSON,P00971,Amit Sharma,EXACT_CANONICAL,SRCU001,0.99,2025-11-10 20:47:37
AL000972,PERSON,P00972,Karan Saxena,EXACT_CANONICAL,SRCU001,0.99,2025-08-20 14:21:34
AL000973,PERSON,P00973,Rohan Mishra,EXACT_CANONICAL,SRCU001,0.99,2025-06-05 13:09:55
AL000974,PERSON,P00974,Deepak Singh,EXACT_CANONICAL,SRCU001,0.99,2025-04-24 06:26:52
AL000975,PERSON,P00975,Pooja Khan,EXACT_CANONICAL,SRCU001,0.99,2026-06-09 03:53:59
AL000976,PERSON,P00976,Ananya Bansal,EXACT_CANONICAL,SRCU001,0.99,2026-01-07 15:28:23
AL000977,PERSON,P00977,Meera Bansal,EXACT_CANONICAL,SRCU001,0.99,2026-05-24 11:50:54
AL000978,PERSON,P00978,Yash Deshmukh,EXACT_CANONICAL,SRCU001,0.99,2026-05-31 06:43:36
AL000979,PERSON,P00979,Sanjay Chauhan,EXACT_CANONICAL,SRCU001,0.99,2025-11-22 06:02:58
AL000980,PERSON,P00980,Varun Joshi,EXACT_CANONICAL,SRCU001,0.99,2025-11-12 03:51:06
AL000981,PERSON,P00981,Varun Patel,EXACT_CANONICAL,SRCU001,0.99,2025-11-02 18:35:29
AL000982,PERSON,P00982,Neha Patel,EXACT_CANONICAL,SRCU001,0.99,2026-09-01 22:46:53
AL000983,PERSON,P00983,Siddharth Shah,EXACT_CANONICAL,SRCU001,0.99,2026-08-25 10:55:52
AL000984,PERSON,P00984,Sneha Shah,EXACT_CANONICAL,SRCU001,0.99,2025-08-19 21:14:17
AL000985,PERSON,P00985,Sneha Saxena,EXACT_CANONICAL,SRCU001,0.99,2026-02-19 22:40:41
AL000986,PERSON,P00986,Meera Singh,EXACT_CANONICAL,SRCU001,0.99,2026-07-13 16:41:15
AL000987,PERSON,P00987,Raj Bansal,EXACT_CANONICAL,SRCU001,0.99,2025-12-27 00:47:07
AL000988,PERSON,P00988,Mohit Mishra,EXACT_CANONICAL,SRCU001,0.99,2025-06-07 04:57:37
AL000989,PERSON,P00989,Ananya Bansal,EXACT_CANONICAL,SRCU001,0.99,2026-09-04 16:49:22
AL000990,PERSON,P00990,Raj Saxena,EXACT_CANONICAL,SRCU001,0.99,2025-07-02 20:26:38
AL000991,PERSON,P00991,Vihaan Bansal,EXACT_CANONICAL,SRCU001,0.99,2025-01-19 18:40:45
AL000992,PERSON,P00992,Kavya Singh,EXACT_CANONICAL,SRCU001,0.99,2025-04-23 00:28:15
AL000993,PERSON,P00993,Kabir Rathore,EXACT_CANONICAL,SRCU001,0.99,2026-02-18 01:19:52
AL000994,PERSON,P00994,Manish Shah,EXACT_CANONICAL,SRCU001,0.99,2026-06-19 19:44:25
AL000995,PERSON,P00995,Pooja Singh,EXACT_CANONICAL,SRCU001,0.99,2025-08-03 23:56:06
AL000996,PERSON,P00996,Aditya Deshmukh,EXACT_CANONICAL,SRCU001,0.99,2026-09-04 18:25:21
AL000997,PERSON,P00997,Priya Yadav,EXACT_CANONICAL,SRCU001,0.99,2025-04-06 01:20:59
AL000998,PERSON,P00998,Ananya Agarwal,EXACT_CANONICAL,SRCU001,0.99,2025-01-06 08:47:51
AL000999,PERSON,P00999,Vihaan Shah,EXACT_CANONICAL,SRCU001,0.99,2026-07-29 03:58:19
AL001000,PERSON,P01000,Raj Khan,EXACT_CANONICAL,SRCU001,0.99,2025-07-26 20:11:53
AL001001,PERSON,P01001,Deepak Mehta,EXACT_CANONICAL,SRCU001,0.99,2025-12-03 01:32:42
AL001002,PERSON,P01002,Aarav Joshi,EXACT_CANONICAL,SRCU001,0.99,2025-03-28 04:22:23
AL001003,PERSON,P01003,Arjun Patel,EXACT_CANONICAL,SRCU001,0.99,2025-06-26 05:03:14
AL001004,PERSON,P01004,Manish Mishra,EXACT_CANONICAL,SRCU001,0.99,2026-06-04 23:01:20
AL001005,PERSON,P01005,Ankit Patel,EXACT_CANONICAL,SRCU001,0.99,2026-04-17 09:13:36
AL001006,PERSON,P01006,Vihaan Gupta,EXACT_CANONICAL,SRCU001,0.99,2025-11-24 23:39:10
AL001007,PERSON,P01007,Arjun Malhotra,EXACT_CANONICAL,SRCU001,0.99,2026-06-04 14:22:35
AL001008,PERSON,P01008,Vikram Sharma,EXACT_CANONICAL,SRCU001,0.99,2025-11-18 03:52:55
AL001009,PERSON,P01009,Manish Shah,EXACT_CANONICAL,SRCU001,0.99,2025-01-29 10:54:59
AL001010,PERSON,P01010,Kavya Jain,EXACT_CANONICAL,SRCU001,0.99,2025-04-16 11:03:11
AL001011,PERSON,P01011,Sneha Deshmukh,EXACT_CANONICAL,SRCU001,0.99,2026-04-26 08:04:44
AL001012,PERSON,P01012,Karan Deshmukh,EXACT_CANONICAL,SRCU001,0.99,2025-11-29 20:53:27
AL001013,PERSON,P01013,Varun Agarwal,EXACT_CANONICAL,SRCU001,0.99,2026-06-02 18:46:51
AL001014,PERSON,P01014,Sneha Singh,EXACT_CANONICAL,SRCU001,0.99,2025-10-18 11:19:51
AL001015,PERSON,P01015,Sanjay Joshi,EXACT_CANONICAL,SRCU001,0.99,2026-03-11 13:56:43
AL001016,PERSON,P01016,Sanjay Gupta,EXACT_CANONICAL,SRCU001,0.99,2025-02-03 02:56:47
AL001017,PERSON,P01017,Aarav Deshmukh,EXACT_CANONICAL,SRCU001,0.99,2025-01-10 21:20:49
AL001018,PERSON,P01018,Ananya Rathore,EXACT_CANONICAL,SRCU001,0.99,2026-03-03 15:38:09
AL001019,PERSON,P01019,Priya Yadav,EXACT_CANONICAL,SRCU001,0.99,2026-08-10 00:39:51
AL001020,PERSON,P01020,Pooja Sharma,EXACT_CANONICAL,SRCU001,0.99,2025-12-20 11:26:12
AL001021,PERSON,P01021,Pooja Malhotra,EXACT_CANONICAL,SRCU001,0.99,2026-03-30 02:00:59
AL001022,PERSON,P01022,Vihaan Malhotra,EXACT_CANONICAL,SRCU001,0.99,2025-01-04 02:30:59
AL001023,PERSON,P01023,Arjun Malhotra,EXACT_CANONICAL,SRCU001,0.99,2026-05-21 11:50:56
AL001024,PERSON,P01024,Priya Deshmukh,EXACT_CANONICAL,SRCU001,0.99,2025-12-22 19:58:48
AL001025,PERSON,P01025,Riya Jain,EXACT_CANONICAL,SRCU001,0.99,2026-06-17 10:06:51
AL001026,PERSON,P01026,Ananya Tiwari,EXACT_CANONICAL,SRCU001,0.99,2025-08-22 01:33:05
AL001027,PERSON,P01027,Neha Verma,EXACT_CANONICAL,SRCU001,0.99,2026-08-23 01:01:04
AL001028,PERSON,P01028,Mohit Saxena,EXACT_CANONICAL,SRCU001,0.99,2025-11-22 18:51:23
AL001029,PERSON,P01029,Deepak Joshi,EXACT_CANONICAL,SRCU001,0.99,2026-02-18 01:38:14
AL001030,PERSON,P01030,Isha Jain,EXACT_CANONICAL,SRCU001,0.99,2026-05-30 10:23:31
AL001031,PERSON,P01031,Neha Patel,EXACT_CANONICAL,SRCU001,0.99,2026-06-28 05:30:54
AL001032,PERSON,P01032,Karan Jain,EXACT_CANONICAL,SRCU001,0.99,2025-06-19 11:16:56
AL001033,PERSON,P01033,Aditya Deshmukh,EXACT_CANONICAL,SRCU001,0.99,2025-12-01 05:37:11
AL001034,PERSON,P01034,Vihaan Verma,EXACT_CANONICAL,SRCU001,0.99,2026-08-06 02:30:33
AL001035,PERSON,P01035,Vihaan Agarwal,EXACT_CANONICAL,SRCU001,0.99,2026-01-02 16:41:31
AL001036,PERSON,P01036,Manish Chauhan,EXACT_CANONICAL,SRCU001,0.99,2025-09-11 14:49:41
AL001037,PERSON,P01037,Aarav Yadav,EXACT_CANONICAL,SRCU001,0.99,2025-07-09 14:21:13
AL001038,PERSON,P01038,Priya Sharma,EXACT_CANONICAL,SRCU001,0.99,2026-09-01 15:57:52
AL001039,PERSON,P01039,Aditya Shah,EXACT_CANONICAL,SRCU001,0.99,2026-08-01 04:27:30
AL001040,PERSON,P01040,Isha Deshmukh,EXACT_CANONICAL,SRCU001,0.99,2026-08-28 02:06:27
AL001041,PERSON,P01041,Amit Bansal,EXACT_CANONICAL,SRCU001,0.99,2025-05-23 16:13:55
AL001042,PERSON,P01042,Manish Saxena,EXACT_CANONICAL,SRCU001,0.99,2025-09-04 00:26:35
AL001043,PERSON,P01043,Raj Verma,EXACT_CANONICAL,SRCU001,0.99,2025-04-20 23:40:34
AL001044,PERSON,P01044,Mohit Yadav,EXACT_CANONICAL,SRCU001,0.99,2025-08-10 16:17:46
AL001045,PERSON,P01045,Arjun Yadav,EXACT_CANONICAL,SRCU001,0.99,2025-11-01 15:06:51
AL001046,PERSON,P01046,Rahul Jain,EXACT_CANONICAL,SRCU001,0.99,2025-10-05 05:57:15
AL001047,PERSON,P01047,Aarav Saxena,EXACT_CANONICAL,SRCU001,0.99,2025-12-12 15:12:13
AL001048,PERSON,P01048,Rahul Shah,EXACT_CANONICAL,SRCU001,0.99,2025-07-25 18:37:05
AL001049,PERSON,P01049,Meera Malhotra,EXACT_CANONICAL,SRCU001,0.99,2026-02-10 06:23:50
AL001050,PERSON,P01050,Karan Patel,EXACT_CANONICAL,SRCU001,0.99,2025-07-21 00:01:32
AL001051,PERSON,P01051,Sanjay Gupta,EXACT_CANONICAL,SRCU001,0.99,2026-05-29 21:26:14
AL001052,PERSON,P01052,Kavya Deshmukh,EXACT_CANONICAL,SRCU001,0.99,2025-07-13 05:16:58
AL001053,PERSON,P01053,Kavya Gupta,EXACT_CANONICAL,SRCU001,0.99,2025-08-02 14:31:52
AL001054,PERSON,P01054,Vikram Verma,EXACT_CANONICAL,SRCU001,0.99,2026-02-07 18:41:43
AL001055,PERSON,P01055,Kavya Malhotra,EXACT_CANONICAL,SRCU001,0.99,2026-05-13 18:43:20
AL001056,PERSON,P01056,Kavya Deshmukh,EXACT_CANONICAL,SRCU001,0.99,2026-07-12 01:08:14
AL001057,PERSON,P01057,Kabir Joshi,EXACT_CANONICAL,SRCU001,0.99,2025-09-27 01:56:48
AL001058,PERSON,P01058,Neha Shah,EXACT_CANONICAL,SRCU001,0.99,2025-08-30 14:44:57
AL001059,PERSON,P01059,Amit Chauhan,EXACT_CANONICAL,SRCU001,0.99,2026-08-18 01:47:39
AL001060,PERSON,P01060,Aditya Agarwal,EXACT_CANONICAL,SRCU001,0.99,2025-05-03 21:18:17
AL001061,PERSON,P01061,Sanjay Mishra,EXACT_CANONICAL,SRCU001,0.99,2025-05-26 02:28:07
AL001062,PERSON,P01062,Aarav Khan,EXACT_CANONICAL,SRCU001,0.99,2025-09-07 06:33:59
AL001063,PERSON,P01063,Varun Tiwari,EXACT_CANONICAL,SRCU001,0.99,2026-07-23 03:03:41
AL001064,PERSON,P01064,Raj Gupta,EXACT_CANONICAL,SRCU001,0.99,2025-06-24 21:37:54
AL001065,PERSON,P01065,Priya Malhotra,EXACT_CANONICAL,SRCU001,0.99,2025-07-29 21:02:25
AL001066,PERSON,P01066,Manish Saxena,EXACT_CANONICAL,SRCU001,0.99,2025-01-11 00:23:40
AL001067,PERSON,P01067,Rohan Chauhan,EXACT_CANONICAL,SRCU001,0.99,2026-04-01 09:01:32
AL001068,PERSON,P01068,Raj Yadav,EXACT_CANONICAL,SRCU001,0.99,2025-10-24 18:41:31
AL001069,PERSON,P01069,Ananya Mishra,EXACT_CANONICAL,SRCU001,0.99,2026-08-30 16:31:57
AL001070,PERSON,P01070,Manish Sharma,EXACT_CANONICAL,SRCU001,0.99,2025-09-23 00:44:10
AL001071,PERSON,P01071,Pooja Chauhan,EXACT_CANONICAL,SRCU001,0.99,2025-07-14 07:00:01
AL001072,PERSON,P01072,Sanjay Shah,EXACT_CANONICAL,SRCU001,0.99,2026-04-01 00:39:23
AL001073,PERSON,P01073,Ankit Gupta,EXACT_CANONICAL,SRCU001,0.99,2025-02-03 02:39:49
AL001074,PERSON,P01074,Raj Khan,EXACT_CANONICAL,SRCU001,0.99,2025-09-04 00:36:29
AL001075,PERSON,P01075,Ankit Agarwal,EXACT_CANONICAL,SRCU001,0.99,2026-05-11 17:27:12
AL001076,PERSON,P01076,Kabir Joshi,EXACT_CANONICAL,SRCU001,0.99,2025-07-04 01:27:21
AL001077,PERSON,P01077,Aditya Chauhan,EXACT_CANONICAL,SRCU001,0.99,2025-06-13 15:38:55
AL001078,PERSON,P01078,Mohit Khan,EXACT_CANONICAL,SRCU001,0.99,2025-11-03 01:53:59
AL001079,PERSON,P01079,Deepak Malhotra,EXACT_CANONICAL,SRCU001,0.99,2025-05-19 10:36:59
AL001080,PERSON,P01080,Kavya Jain,EXACT_CANONICAL,SRCU001,0.99,2025-02-24 00:54:46
AL001081,PERSON,P01081,Aditya Agarwal,EXACT_CANONICAL,SRCU001,0.99,2025-01-17 07:12:55
AL001082,PERSON,P01082,Kabir Mishra,EXACT_CANONICAL,SRCU001,0.99,2025-09-04 01:23:58
AL001083,PERSON,P01083,Ananya Shah,EXACT_CANONICAL,SRCU001,0.99,2026-07-16 04:43:30
AL001084,PERSON,P01084,Raj Agarwal,EXACT_CANONICAL,SRCU001,0.99,2026-01-07 10:54:05
AL001085,PERSON,P01085,Nikhil Mehta,EXACT_CANONICAL,SRCU001,0.99,2025-03-27 10:28:07
AL001086,PERSON,P01086,Varun Verma,EXACT_CANONICAL,SRCU001,0.99,2026-05-08 22:59:38
AL001087,PERSON,P01087,Rahul Chauhan,EXACT_CANONICAL,SRCU001,0.99,2025-11-23 13:44:34
AL001088,PERSON,P01088,Mohit Yadav,EXACT_CANONICAL,SRCU001,0.99,2025-12-25 05:52:53
AL001089,PERSON,P01089,Sneha Khan,EXACT_CANONICAL,SRCU001,0.99,2026-02-15 01:59:32
AL001090,PERSON,P01090,Ankit Khan,EXACT_CANONICAL,SRCU001,0.99,2025-12-30 05:46:55
AL001091,PERSON,P01091,Rahul Verma,EXACT_CANONICAL,SRCU001,0.99,2025-11-22 21:35:42
AL001092,PERSON,P01092,Meera Patel,EXACT_CANONICAL,SRCU001,0.99,2025-08-21 11:55:26
AL001093,PERSON,P01093,Ankit Gupta,EXACT_CANONICAL,SRCU001,0.99,2025-08-30 17:09:52
AL001094,PERSON,P01094,Aarav Joshi,EXACT_CANONICAL,SRCU001,0.99,2025-03-29 18:26:07
AL001095,PERSON,P01095,Priya Khan,EXACT_CANONICAL,SRCU001,0.99,2025-01-27 03:57:40
AL001096,PERSON,P01096,Yash Gupta,EXACT_CANONICAL,SRCU001,0.99,2026-06-12 09:37:32
AL001097,PERSON,P01097,Sanjay Khan,EXACT_CANONICAL,SRCU001,0.99,2025-02-21 23:26:05
AL001098,PERSON,P01098,Aditya Malhotra,EXACT_CANONICAL,SRCU001,0.99,2025-10-30 13:18:44
AL001099,PERSON,P01099,Mohit Patel,EXACT_CANONICAL,SRCU001,0.99,2026-02-25 15:07:33
AL001100,PERSON,P01100,Neha Chauhan,EXACT_CANONICAL,SRCU001,0.99,2025-07-16 01:30:11
AL001101,PERSON,P01101,Nandini Shah,EXACT_CANONICAL,SRCU001,0.99,2025-11-25 04:32:52
AL001102,PERSON,P01102,Vikram Sharma,EXACT_CANONICAL,SRCU001,0.99,2026-05-04 14:58:15
AL001103,PERSON,P01103,Vikram Deshmukh,EXACT_CANONICAL,SRCU001,0.99,2025-06-15 15:49:22
AL001104,PERSON,P01104,Rahul Verma,EXACT_CANONICAL,SRCU001,0.99,2026-02-25 02:20:42
AL001105,PERSON,P01105,Kavya Verma,EXACT_CANONICAL,SRCU001,0.99,2025-10-07 02:20:04
AL001106,PERSON,P01106,Sanjay Joshi,EXACT_CANONICAL,SRCU001,0.99,2025-09-13 11:41:53
AL001107,PERSON,P01107,Yash Chauhan,EXACT_CANONICAL,SRCU001,0.99,2025-08-22 21:10:01
AL001108,PERSON,P01108,Rahul Verma,EXACT_CANONICAL,SRCU001,0.99,2026-02-11 01:51:09
AL001109,PERSON,P01109,Kavya Gupta,EXACT_CANONICAL,SRCU001,0.99,2026-08-10 00:13:42
AL001110,PERSON,P01110,Vikram Mishra,EXACT_CANONICAL,SRCU001,0.99,2025-09-18 01:13:18
AL001111,PERSON,P01111,Rahul Malhotra,EXACT_CANONICAL,SRCU001,0.99,2025-09-18 06:37:35
AL001112,PERSON,P01112,Amit Bansal,EXACT_CANONICAL,SRCU001,0.99,2025-08-18 03:25:28
AL001113,PERSON,P01113,Riya Mehta,EXACT_CANONICAL,SRCU001,0.99,2025-04-27 08:48:53
AL001114,PERSON,P01114,Deepak Agarwal,EXACT_CANONICAL,SRCU001,0.99,2025-05-28 16:01:58
AL001115,PERSON,P01115,Rahul Singh,EXACT_CANONICAL,SRCU001,0.99,2025-04-30 04:35:46
AL001116,PERSON,P01116,Ankit Saxena,EXACT_CANONICAL,SRCU001,0.99,2025-09-21 14:22:42
AL001117,PERSON,P01117,Nandini Shah,EXACT_CANONICAL,SRCU001,0.99,2025-10-19 22:17:20
AL001118,PERSON,P01118,Mohit Saxena,EXACT_CANONICAL,SRCU001,0.99,2025-06-05 06:32:46
AL001119,PERSON,P01119,Sneha Saxena,EXACT_CANONICAL,SRCU001,0.99,2025-03-23 04:54:23
AL001120,PERSON,P01120,Rohan Malhotra,EXACT_CANONICAL,SRCU001,0.99,2025-05-19 02:45:03
AL001121,PERSON,P01121,Ananya Chauhan,EXACT_CANONICAL,SRCU001,0.99,2026-07-07 20:05:47
AL001122,PERSON,P01122,Sneha Mishra,EXACT_CANONICAL,SRCU001,0.99,2026-01-05 09:01:30
AL001123,PERSON,P01123,Meera Mehta,EXACT_CANONICAL,SRCU001,0.99,2026-05-27 08:17:39
AL001124,PERSON,P01124,Isha Chauhan,EXACT_CANONICAL,SRCU001,0.99,2025-03-11 09:23:26
AL001125,PERSON,P01125,Ananya Mishra,EXACT_CANONICAL,SRCU001,0.99,2025-02-09 22:37:43
AL001126,PERSON,P01126,Ananya Singh,EXACT_CANONICAL,SRCU001,0.99,2026-04-30 02:14:33
AL001127,PERSON,P01127,Rahul Verma,EXACT_CANONICAL,SRCU001,0.99,2026-01-13 22:00:44
AL001128,PERSON,P01128,Yash Patel,EXACT_CANONICAL,SRCU001,0.99,2025-02-26 15:41:54
AL001129,PERSON,P01129,Aarav Shah,EXACT_CANONICAL,SRCU001,0.99,2025-02-23 15:17:37
AL001130,PERSON,P01130,Aarav Shah,EXACT_CANONICAL,SRCU001,0.99,2025-09-25 17:01:51
AL001131,PERSON,P01131,Pooja Malhotra,EXACT_CANONICAL,SRCU001,0.99,2026-02-23 18:50:28
AL001132,PERSON,P01132,Meera Joshi,EXACT_CANONICAL,SRCU001,0.99,2025-09-02 00:56:18
AL001133,PERSON,P01133,Nikhil Joshi,EXACT_CANONICAL,SRCU001,0.99,2025-02-11 21:26:51
AL001134,PERSON,P01134,Varun Malhotra,EXACT_CANONICAL,SRCU001,0.99,2025-01-22 19:20:53
AL001135,PERSON,P01135,Neha Joshi,EXACT_CANONICAL,SRCU001,0.99,2026-06-17 14:31:23
AL001136,PERSON,P01136,Mohit Chauhan,EXACT_CANONICAL,SRCU001,0.99,2026-01-28 07:19:50
AL001137,PERSON,P01137,Meera Patel,EXACT_CANONICAL,SRCU001,0.99,2025-04-30 06:03:32
AL001138,PERSON,P01138,Riya Bansal,EXACT_CANONICAL,SRCU001,0.99,2025-10-11 18:05:22
AL001139,PERSON,P01139,Deepak Khan,EXACT_CANONICAL,SRCU001,0.99,2025-07-08 12:35:23
AL001140,PERSON,P01140,Pooja Mehta,EXACT_CANONICAL,SRCU001,0.99,2026-02-18 11:20:05
AL001141,PERSON,P01141,Karan Jain,EXACT_CANONICAL,SRCU001,0.99,2025-09-19 02:43:44
AL001142,PERSON,P01142,Aditya Joshi,EXACT_CANONICAL,SRCU001,0.99,2025-01-15 07:17:16
AL001143,PERSON,P01143,Isha Chauhan,EXACT_CANONICAL,SRCU001,0.99,2025-11-16 04:49:01
AL001144,PERSON,P01144,Aditya Patel,EXACT_CANONICAL,SRCU001,0.99,2026-07-04 02:34:39
AL001145,PERSON,P01145,Sanjay Chauhan,EXACT_CANONICAL,SRCU001,0.99,2025-02-22 17:23:50
AL001146,PERSON,P01146,Ankit Mishra,EXACT_CANONICAL,SRCU001,0.99,2025-12-05 22:40:59
AL001147,PERSON,P01147,Arjun Chauhan,EXACT_CANONICAL,SRCU001,0.99,2025-12-26 13:37:40
AL001148,PERSON,P01148,Sneha Jain,EXACT_CANONICAL,SRCU001,0.99,2026-07-31 01:41:51
AL001149,PERSON,P01149,Riya Verma,EXACT_CANONICAL,SRCU001,0.99,2025-10-04 18:54:35
AL001150,PERSON,P01150,Sneha Gupta,EXACT_CANONICAL,SRCU001,0.99,2025-06-04 15:12:12
AL001151,PERSON,P01151,Rahul Jain,EXACT_CANONICAL,SRCU001,0.99,2026-09-01 19:17:22
AL001152,PERSON,P01152,Sneha Khan,EXACT_CANONICAL,SRCU001,0.99,2025-04-29 05:35:26
AL001153,PERSON,P01153,Pooja Chauhan,EXACT_CANONICAL,SRCU001,0.99,2026-07-23 11:19:29
AL001154,PERSON,P01154,Riya Tiwari,EXACT_CANONICAL,SRCU001,0.99,2025-10-12 11:56:41
AL001155,PERSON,P01155,Manish Yadav,EXACT_CANONICAL,SRCU001,0.99,2025-10-26 09:18:01
AL001156,PERSON,P01156,Rahul Gupta,EXACT_CANONICAL,SRCU001,0.99,2025-04-27 23:41:47
AL001157,PERSON,P01157,Kabir Verma,EXACT_CANONICAL,SRCU001,0.99,2026-03-22 01:20:09
AL001158,PERSON,P01158,Neha Joshi,EXACT_CANONICAL,SRCU001,0.99,2026-03-28 08:12:49
AL001159,PERSON,P01159,Ankit Rathore,EXACT_CANONICAL,SRCU001,0.99,2025-05-22 01:02:51
AL001160,PERSON,P01160,Aditya Yadav,EXACT_CANONICAL,SRCU001,0.99,2025-12-30 09:09:08
AL001161,PERSON,P01161,Arjun Rathore,EXACT_CANONICAL,SRCU001,0.99,2025-11-22 11:08:43
AL001162,PERSON,P01162,Siddharth Khan,EXACT_CANONICAL,SRCU001,0.99,2025-12-29 21:42:17
AL001163,PERSON,P01163,Aditya Tiwari,EXACT_CANONICAL,SRCU001,0.99,2025-11-26 13:31:40
AL001164,PERSON,P01164,Kavya Bansal,EXACT_CANONICAL,SRCU001,0.99,2025-12-19 17:16:22
AL001165,PERSON,P01165,Riya Deshmukh,EXACT_CANONICAL,SRCU001,0.99,2026-02-22 16:13:13
AL001166,PERSON,P01166,Rahul Khan,EXACT_CANONICAL,SRCU001,0.99,2026-07-29 10:23:37
AL001167,PERSON,P01167,Raj Khan,EXACT_CANONICAL,SRCU001,0.99,2026-08-09 13:23:43
AL001168,PERSON,P01168,Varun Agarwal,EXACT_CANONICAL,SRCU001,0.99,2025-11-01 19:46:51
AL001169,PERSON,P01169,Nikhil Deshmukh,EXACT_CANONICAL,SRCU001,0.99,2025-03-21 09:23:37
AL001170,PERSON,P01170,Manish Gupta,EXACT_CANONICAL,SRCU001,0.99,2025-10-29 08:50:42
AL001171,PERSON,P01171,Yash Mishra,EXACT_CANONICAL,SRCU001,0.99,2026-02-04 07:22:54
AL001172,PERSON,P01172,Deepak Mehta,EXACT_CANONICAL,SRCU001,0.99,2025-10-08 21:35:18
AL001173,PERSON,P01173,Karan Gupta,EXACT_CANONICAL,SRCU001,0.99,2025-03-06 06:21:41
AL001174,PERSON,P01174,Amit Chauhan,EXACT_CANONICAL,SRCU001,0.99,2026-01-21 02:38:02
AL001175,PERSON,P01175,Priya Tiwari,EXACT_CANONICAL,SRCU001,0.99,2025-09-22 04:19:16
AL001176,PERSON,P01176,Riya Jain,EXACT_CANONICAL,SRCU001,0.99,2026-06-07 22:12:39
AL001177,PERSON,P01177,Arjun Khan,EXACT_CANONICAL,SRCU001,0.99,2025-08-27 01:47:06
AL001178,PERSON,P01178,Ananya Shah,EXACT_CANONICAL,SRCU001,0.99,2025-06-10 15:19:44
AL001179,PERSON,P01179,Ankit Khan,EXACT_CANONICAL,SRCU001,0.99,2025-09-12 03:12:11
AL001180,PERSON,P01180,Priya Bansal,EXACT_CANONICAL,SRCU001,0.99,2026-05-22 17:15:31
AL001181,PERSON,P01181,Nandini Saxena,EXACT_CANONICAL,SRCU001,0.99,2025-04-20 02:15:52
AL001182,PERSON,P01182,Kavya Yadav,EXACT_CANONICAL,SRCU001,0.99,2025-01-08 15:21:29
AL001183,PERSON,P01183,Vikram Agarwal,EXACT_CANONICAL,SRCU001,0.99,2026-06-30 08:40:29
AL001184,PERSON,P01184,Isha Jain,EXACT_CANONICAL,SRCU001,0.99,2025-09-24 12:43:48
AL001185,PERSON,P01185,Mohit Sharma,EXACT_CANONICAL,SRCU001,0.99,2025-06-10 19:11:56
AL001186,PERSON,P01186,Priya Tiwari,EXACT_CANONICAL,SRCU001,0.99,2026-05-18 21:42:04
AL001187,PERSON,P01187,Isha Saxena,EXACT_CANONICAL,SRCU001,0.99,2026-03-29 19:47:32
AL001188,PERSON,P01188,Meera Bansal,EXACT_CANONICAL,SRCU001,0.99,2025-11-15 09:47:51
AL001189,PERSON,P01189,Amit Rathore,EXACT_CANONICAL,SRCU001,0.99,2025-02-19 09:53:26
AL001190,PERSON,P01190,Riya Patel,EXACT_CANONICAL,SRCU001,0.99,2026-01-17 09:41:43
AL001191,PERSON,P01191,Siddharth Chauhan,EXACT_CANONICAL,SRCU001,0.99,2025-12-30 09:08:52
AL001192,PERSON,P01192,Nikhil Sharma,EXACT_CANONICAL,SRCU001,0.99,2025-04-13 14:41:25
AL001193,PERSON,P01193,Isha Khan,EXACT_CANONICAL,SRCU001,0.99,2026-08-18 02:58:36
AL001194,PERSON,P01194,Varun Singh,EXACT_CANONICAL,SRCU001,0.99,2025-04-12 09:25:41
AL001195,PERSON,P01195,Vikram Rathore,EXACT_CANONICAL,SRCU001,0.99,2025-06-28 16:59:51
AL001196,PERSON,P01196,Arjun Yadav,EXACT_CANONICAL,SRCU001,0.99,2025-06-11 11:14:53
AL001197,PERSON,P01197,Ananya Gupta,EXACT_CANONICAL,SRCU001,0.99,2025-08-06 09:50:03
AL001198,PERSON,P01198,Meera Verma,EXACT_CANONICAL,SRCU001,0.99,2026-03-03 06:23:56
AL001199,PERSON,P01199,Mohit Singh,EXACT_CANONICAL,SRCU001,0.99,2026-06-14 15:38:12
AL001200,PERSON,P01200,Sneha Chauhan,EXACT_CANONICAL,SRCU001,0.99,2025-10-06 15:44:45
AL001201,PERSON,P01201,Aarav Jain,EXACT_CANONICAL,SRCU001,0.99,2026-07-09 22:47:33
AL001202,PERSON,P01202,Mohit Agarwal,EXACT_CANONICAL,SRCU001,0.99,2025-04-08 12:32:18
AL001203,PERSON,P01203,Kabir Jain,EXACT_CANONICAL,SRCU001,0.99,2026-02-12 12:39:23
AL001204,PERSON,P01204,Mohit Patel,EXACT_CANONICAL,SRCU001,0.99,2025-04-15 09:28:02
AL001205,PERSON,P01205,Arjun Singh,EXACT_CANONICAL,SRCU001,0.99,2026-01-19 05:45:31
AL001206,PERSON,P01206,Aditya Verma,EXACT_CANONICAL,SRCU001,0.99,2025-08-27 02:04:42
AL001207,PERSON,P01207,Vihaan Bansal,EXACT_CANONICAL,SRCU001,0.99,2025-09-16 18:08:32
AL001208,PERSON,P01208,Nikhil Mishra,EXACT_CANONICAL,SRCU001,0.99,2025-02-15 08:27:13
AL001209,PERSON,P01209,Isha Joshi,EXACT_CANONICAL,SRCU001,0.99,2026-05-18 21:12:46
AL001210,PERSON,P01210,Mohit Saxena,EXACT_CANONICAL,SRCU001,0.99,2026-06-21 14:21:17
AL001211,PERSON,P01211,Rohan Joshi,EXACT_CANONICAL,SRCU001,0.99,2025-10-10 15:11:39
AL001212,PERSON,P01212,Neha Malhotra,EXACT_CANONICAL,SRCU001,0.99,2025-07-09 02:39:15
AL001213,PERSON,P01213,Arjun Verma,EXACT_CANONICAL,SRCU001,0.99,2026-03-13 19:57:47
AL001214,PERSON,P01214,Aditya Tiwari,EXACT_CANONICAL,SRCU001,0.99,2025-11-25 13:15:14
AL001215,PERSON,P01215,Rohan Gupta,EXACT_CANONICAL,SRCU001,0.99,2025-10-29 07:00:49
AL001216,PERSON,P01216,Neha Patel,EXACT_CANONICAL,SRCU001,0.99,2026-02-23 15:38:45
AL001217,PERSON,P01217,Yash Malhotra,EXACT_CANONICAL,SRCU001,0.99,2026-06-28 14:18:42
AL001218,PERSON,P01218,Priya Tiwari,EXACT_CANONICAL,SRCU001,0.99,2026-02-04 00:46:13
AL001219,PERSON,P01219,Ankit Chauhan,EXACT_CANONICAL,SRCU001,0.99,2026-08-21 11:01:10
AL001220,PERSON,P01220,Ananya Sharma,EXACT_CANONICAL,SRCU001,0.99,2025-10-13 23:31:33
AL001221,PERSON,P01221,Raj Patel,EXACT_CANONICAL,SRCU001,0.99,2026-04-15 10:39:18
AL001222,PERSON,P01222,Meera Malhotra,EXACT_CANONICAL,SRCU001,0.99,2026-03-16 12:22:16
AL001223,PERSON,P01223,Neha Saxena,EXACT_CANONICAL,SRCU001,0.99,2025-10-25 10:10:31
AL001224,PERSON,P01224,Isha Singh,EXACT_CANONICAL,SRCU001,0.99,2025-07-05 06:01:54
AL001225,PERSON,P01225,Sneha Saxena,EXACT_CANONICAL,SRCU001,0.99,2026-07-05 00:40:40
AL001226,PERSON,P01226,Riya Shah,EXACT_CANONICAL,SRCU001,0.99,2025-01-31 22:28:11
AL001227,PERSON,P01227,Rahul Yadav,EXACT_CANONICAL,SRCU001,0.99,2025-04-23 14:41:23
AL001228,PERSON,P01228,Ankit Singh,EXACT_CANONICAL,SRCU001,0.99,2026-08-05 09:10:09
AL001229,PERSON,P01229,Mohit Khan,EXACT_CANONICAL,SRCU001,0.99,2026-03-24 23:03:47
AL001230,PERSON,P01230,Kabir Agarwal,EXACT_CANONICAL,SRCU001,0.99,2025-08-29 09:51:55
AL001231,PERSON,P01231,Rohan Mehta,EXACT_CANONICAL,SRCU001,0.99,2026-03-15 22:18:17
AL001232,PERSON,P01232,Pooja Sharma,EXACT_CANONICAL,SRCU001,0.99,2025-09-01 22:46:20
AL001233,PERSON,P01233,Sneha Verma,EXACT_CANONICAL,SRCU001,0.99,2026-07-09 15:49:49
AL001234,PERSON,P01234,Kavya Sharma,EXACT_CANONICAL,SRCU001,0.99,2026-03-16 00:24:03
AL001235,PERSON,P01235,Siddharth Yadav,EXACT_CANONICAL,SRCU001,0.99,2025-06-29 09:00:52
AL001236,PERSON,P01236,Karan Tiwari,EXACT_CANONICAL,SRCU001,0.99,2026-06-03 11:56:14
AL001237,PERSON,P01237,Meera Mishra,EXACT_CANONICAL,SRCU001,0.99,2025-05-19 14:44:29
AL001238,PERSON,P01238,Nikhil Agarwal,EXACT_CANONICAL,SRCU001,0.99,2026-03-04 23:06:55
AL001239,PERSON,P01239,Vikram Patel,EXACT_CANONICAL,SRCU001,0.99,2025-04-09 21:33:04
AL001240,PERSON,P01240,Aditya Verma,EXACT_CANONICAL,SRCU001,0.99,2025-07-28 00:11:19
AL001241,PERSON,P01241,Amit Singh,EXACT_CANONICAL,SRCU001,0.99,2026-02-12 11:36:39
AL001242,PERSON,P01242,Priya Saxena,EXACT_CANONICAL,SRCU001,0.99,2025-02-08 15:24:13
AL001243,PERSON,P01243,Sanjay Singh,EXACT_CANONICAL,SRCU001,0.99,2025-08-01 03:51:46
AL001244,PERSON,P01244,Isha Malhotra,EXACT_CANONICAL,SRCU001,0.99,2025-08-01 00:00:59
AL001245,PERSON,P01245,Amit Rathore,EXACT_CANONICAL,SRCU001,0.99,2026-06-05 02:06:06
AL001246,PERSON,P01246,Amit Tiwari,EXACT_CANONICAL,SRCU001,0.99,2025-01-25 02:45:13
AL001247,PERSON,P01247,Aditya Shah,EXACT_CANONICAL,SRCU001,0.99,2026-03-06 10:26:52
AL001248,PERSON,P01248,Riya Sharma,EXACT_CANONICAL,SRCU001,0.99,2025-12-30 23:21:50
AL001249,PERSON,P01249,Riya Singh,EXACT_CANONICAL,SRCU001,0.99,2025-06-12 14:42:02
AL001250,PERSON,P01250,Isha Singh,EXACT_CANONICAL,SRCU001,0.99,2026-03-17 17:45:22
AL001251,PERSON,P01251,Amit Saxena,EXACT_CANONICAL,SRCU001,0.99,2025-08-07 19:20:11
AL001252,PERSON,P01252,Rohan Saxena,EXACT_CANONICAL,SRCU001,0.99,2026-06-23 23:13:48
AL001253,PERSON,P01253,Rohan Khan,EXACT_CANONICAL,SRCU001,0.99,2026-02-07 19:39:27
AL001254,PERSON,P01254,Kavya Sharma,EXACT_CANONICAL,SRCU001,0.99,2025-10-17 14:40:00
AL001255,PERSON,P01255,Kabir Sharma,EXACT_CANONICAL,SRCU001,0.99,2025-11-27 11:45:19
AL001256,PERSON,P01256,Siddharth Bansal,EXACT_CANONICAL,SRCU001,0.99,2025-11-03 23:21:21
AL001257,PERSON,P01257,Rohan Gupta,EXACT_CANONICAL,SRCU001,0.99,2026-08-06 08:19:28
AL001258,PERSON,P01258,Raj Deshmukh,EXACT_CANONICAL,SRCU001,0.99,2026-04-02 13:10:57
AL001259,PERSON,P01259,Sneha Chauhan,EXACT_CANONICAL,SRCU001,0.99,2025-08-10 22:45:28
AL001260,PERSON,P01260,Aditya Saxena,EXACT_CANONICAL,SRCU001,0.99,2025-05-20 23:29:14
AL001261,PERSON,P01261,Arjun Mehta,EXACT_CANONICAL,SRCU001,0.99,2026-07-04 09:56:24
AL001262,PERSON,P01262,Vihaan Jain,EXACT_CANONICAL,SRCU001,0.99,2025-07-21 09:43:48
AL001263,PERSON,P01263,Aditya Agarwal,EXACT_CANONICAL,SRCU001,0.99,2025-06-15 02:41:59
AL001264,PERSON,P01264,Ankit Saxena,EXACT_CANONICAL,SRCU001,0.99,2026-07-06 00:30:22
AL001265,PERSON,P01265,Arjun Bansal,EXACT_CANONICAL,SRCU001,0.99,2026-06-25 10:01:38
AL001266,PERSON,P01266,Manish Khan,EXACT_CANONICAL,SRCU001,0.99,2025-04-25 11:41:24
AL001267,PERSON,P01267,Kavya Singh,EXACT_CANONICAL,SRCU001,0.99,2025-01-05 11:47:33
AL001268,PERSON,P01268,Yash Mishra,EXACT_CANONICAL,SRCU001,0.99,2025-08-22 15:55:36
AL001269,PERSON,P01269,Rohan Shah,EXACT_CANONICAL,SRCU001,0.99,2025-07-19 08:57:00
AL001270,PERSON,P01270,Kavya Mehta,EXACT_CANONICAL,SRCU001,0.99,2025-10-22 03:45:41
AL001271,PERSON,P01271,Siddharth Saxena,EXACT_CANONICAL,SRCU001,0.99,2026-05-28 23:58:24
AL001272,PERSON,P01272,Pooja Yadav,EXACT_CANONICAL,SRCU001,0.99,2026-04-24 19:23:04
AL001273,PERSON,P01273,Amit Deshmukh,EXACT_CANONICAL,SRCU001,0.99,2025-02-18 08:46:23
AL001274,PERSON,P01274,Deepak Malhotra,EXACT_CANONICAL,SRCU001,0.99,2025-02-04 17:11:54
AL001275,PERSON,P01275,Rohan Patel,EXACT_CANONICAL,SRCU001,0.99,2026-05-11 16:16:22
AL001276,PERSON,P01276,Priya Mehta,EXACT_CANONICAL,SRCU001,0.99,2025-03-28 09:18:10
AL001277,PERSON,P01277,Nandini Chauhan,EXACT_CANONICAL,SRCU001,0.99,2026-05-19 22:01:11
AL001278,PERSON,P01278,Mohit Gupta,EXACT_CANONICAL,SRCU001,0.99,2025-01-02 05:22:19
AL001279,PERSON,P01279,Rohan Gupta,EXACT_CANONICAL,SRCU001,0.99,2026-08-21 03:02:24
AL001280,PERSON,P01280,Mohit Gupta,EXACT_CANONICAL,SRCU001,0.99,2026-02-26 01:49:03
AL001281,PERSON,P01281,Aditya Singh,EXACT_CANONICAL,SRCU001,0.99,2025-07-15 20:28:43
AL001282,PERSON,P01282,Varun Gupta,EXACT_CANONICAL,SRCU001,0.99,2026-05-05 00:59:38
AL001283,PERSON,P01283,Manish Khan,EXACT_CANONICAL,SRCU001,0.99,2025-06-29 03:26:20
AL001284,PERSON,P01284,Kabir Mishra,EXACT_CANONICAL,SRCU001,0.99,2025-02-24 04:21:57
AL001285,PERSON,P01285,Rahul Mehta,EXACT_CANONICAL,SRCU001,0.99,2025-07-24 00:42:43
AL001286,PERSON,P01286,Nandini Singh,EXACT_CANONICAL,SRCU001,0.99,2025-05-01 07:53:09
AL001287,PERSON,P01287,Deepak Singh,EXACT_CANONICAL,SRCU001,0.99,2025-09-25 08:04:17
AL001288,PERSON,P01288,Amit Tiwari,EXACT_CANONICAL,SRCU001,0.99,2026-05-11 00:20:59
AL001289,PERSON,P01289,Siddharth Sharma,EXACT_CANONICAL,SRCU001,0.99,2025-04-16 00:36:11
AL001290,PERSON,P01290,Arjun Rathore,EXACT_CANONICAL,SRCU001,0.99,2025-01-10 09:33:45
AL001291,PERSON,P01291,Pooja Joshi,EXACT_CANONICAL,SRCU001,0.99,2026-05-06 03:17:27
AL001292,PERSON,P01292,Kabir Tiwari,EXACT_CANONICAL,SRCU001,0.99,2026-03-18 01:29:24
AL001293,PERSON,P01293,Meera Patel,EXACT_CANONICAL,SRCU001,0.99,2025-04-23 21:31:36
AL001294,PERSON,P01294,Amit Patel,EXACT_CANONICAL,SRCU001,0.99,2025-11-04 11:26:50
AL001295,PERSON,P01295,Priya Agarwal,EXACT_CANONICAL,SRCU001,0.99,2026-01-06 05:02:54
AL001296,PERSON,P01296,Mohit Patel,EXACT_CANONICAL,SRCU001,0.99,2025-03-31 15:37:12
AL001297,PERSON,P01297,Ankit Sharma,EXACT_CANONICAL,SRCU001,0.99,2025-08-04 16:07:37
AL001298,PERSON,P01298,Meera Mishra,EXACT_CANONICAL,SRCU001,0.99,2026-01-25 15:42:53
AL001299,PERSON,P01299,Nikhil Bansal,EXACT_CANONICAL,SRCU001,0.99,2025-10-11 09:05:36
AL001300,PERSON,P01300,Ankit Gupta,EXACT_CANONICAL,SRCU001,0.99,2026-07-10 13:54:47
AL001301,PERSON,P01301,Ankit Khan,EXACT_CANONICAL,SRCU001,0.99,2025-10-04 06:19:53
AL001302,PERSON,P01302,Rohan Bansal,EXACT_CANONICAL,SRCU001,0.99,2025-09-20 05:27:50
AL001303,PERSON,P01303,Rahul Mehta,EXACT_CANONICAL,SRCU001,0.99,2026-01-26 06:57:39
AL001304,PERSON,P01304,Raj Mehta,EXACT_CANONICAL,SRCU001,0.99,2025-10-04 19:43:38
AL001305,PERSON,P01305,Kabir Jain,EXACT_CANONICAL,SRCU001,0.99,2026-06-14 01:12:55
AL001306,PERSON,P01306,Aditya Singh,EXACT_CANONICAL,SRCU001,0.99,2025-08-05 11:19:34
AL001307,PERSON,P01307,Arjun Singh,EXACT_CANONICAL,SRCU001,0.99,2025-07-05 13:11:35
AL001308,PERSON,P01308,Nandini Gupta,EXACT_CANONICAL,SRCU001,0.99,2026-03-19 21:37:03
AL001309,PERSON,P01309,Aditya Gupta,EXACT_CANONICAL,SRCU001,0.99,2025-09-05 08:10:42
AL001310,PERSON,P01310,Meera Khan,EXACT_CANONICAL,SRCU001,0.99,2025-04-19 16:11:32
AL001311,PERSON,P01311,Yash Deshmukh,EXACT_CANONICAL,SRCU001,0.99,2025-12-16 15:01:20
AL001312,PERSON,P01312,Aarav Bansal,EXACT_CANONICAL,SRCU001,0.99,2025-06-19 01:57:34
AL001313,PERSON,P01313,Sanjay Singh,EXACT_CANONICAL,SRCU001,0.99,2025-07-28 15:35:01
AL001314,PERSON,P01314,Aditya Saxena,EXACT_CANONICAL,SRCU001,0.99,2026-09-04 06:06:20
AL001315,PERSON,P01315,Nandini Gupta,EXACT_CANONICAL,SRCU001,0.99,2026-02-25 15:54:44
AL001316,PERSON,P01316,Siddharth Agarwal,EXACT_CANONICAL,SRCU001,0.99,2026-07-18 07:17:19
AL001317,PERSON,P01317,Karan Joshi,EXACT_CANONICAL,SRCU001,0.99,2025-07-18 02:04:58
AL001318,PERSON,P01318,Meera Mehta,EXACT_CANONICAL,SRCU001,0.99,2025-03-07 01:35:08
AL001319,PERSON,P01319,Yash Bansal,EXACT_CANONICAL,SRCU001,0.99,2025-10-25 14:18:54
AL001320,PERSON,P01320,Nikhil Jain,EXACT_CANONICAL,SRCU001,0.99,2026-07-28 05:00:33
AL001321,PERSON,P01321,Aarav Joshi,EXACT_CANONICAL,SRCU001,0.99,2025-01-06 13:18:28
AL001322,PERSON,P01322,Vikram Tiwari,EXACT_CANONICAL,SRCU001,0.99,2025-10-10 08:13:37
AL001323,PERSON,P01323,Ananya Deshmukh,EXACT_CANONICAL,SRCU001,0.99,2025-12-30 22:22:54
AL001324,PERSON,P01324,Rahul Verma,EXACT_CANONICAL,SRCU001,0.99,2025-03-08 21:57:58
AL001325,PERSON,P01325,Yash Joshi,EXACT_CANONICAL,SRCU001,0.99,2025-11-18 18:00:12
AL001326,PERSON,P01326,Siddharth Sharma,EXACT_CANONICAL,SRCU001,0.99,2025-08-23 08:53:58
AL001327,PERSON,P01327,Sanjay Sharma,EXACT_CANONICAL,SRCU001,0.99,2026-07-04 23:44:09
AL001328,PERSON,P01328,Ankit Mehta,EXACT_CANONICAL,SRCU001,0.99,2026-04-30 13:21:30
AL001329,PERSON,P01329,Deepak Rathore,EXACT_CANONICAL,SRCU001,0.99,2025-08-06 03:26:00
AL001330,PERSON,P01330,Rohan Patel,EXACT_CANONICAL,SRCU001,0.99,2025-11-27 03:01:29
AL001331,PERSON,P01331,Meera Saxena,EXACT_CANONICAL,SRCU001,0.99,2025-11-16 06:02:10
AL001332,PERSON,P01332,Manish Mehta,EXACT_CANONICAL,SRCU001,0.99,2025-12-27 06:41:14
AL001333,PERSON,P01333,Siddharth Yadav,EXACT_CANONICAL,SRCU001,0.99,2026-01-28 17:12:36
AL001334,PERSON,P01334,Arjun Bansal,EXACT_CANONICAL,SRCU001,0.99,2025-09-09 04:51:20
AL001335,PERSON,P01335,Mohit Jain,EXACT_CANONICAL,SRCU001,0.99,2025-05-12 19:56:27
AL001336,PERSON,P01336,Vikram Gupta,EXACT_CANONICAL,SRCU001,0.99,2025-08-03 08:44:15
AL001337,PERSON,P01337,Deepak Chauhan,EXACT_CANONICAL,SRCU001,0.99,2025-02-11 17:07:08
AL001338,PERSON,P01338,Riya Joshi,EXACT_CANONICAL,SRCU001,0.99,2025-02-09 19:31:19
AL001339,PERSON,P01339,Nandini Saxena,EXACT_CANONICAL,SRCU001,0.99,2026-03-24 21:03:41
AL001340,PERSON,P01340,Kabir Agarwal,EXACT_CANONICAL,SRCU001,0.99,2025-01-03 13:54:06
AL001341,PERSON,P01341,Aarav Yadav,EXACT_CANONICAL,SRCU001,0.99,2025-05-26 23:13:39
AL001342,PERSON,P01342,Nandini Tiwari,EXACT_CANONICAL,SRCU001,0.99,2025-07-25 13:40:02
AL001343,PERSON,P01343,Sanjay Verma,EXACT_CANONICAL,SRCU001,0.99,2026-07-02 16:26:22
AL001344,PERSON,P01344,Amit Gupta,EXACT_CANONICAL,SRCU001,0.99,2025-09-12 07:31:24
AL001345,PERSON,P01345,Varun Mishra,EXACT_CANONICAL,SRCU001,0.99,2025-10-17 23:38:25
AL001346,PERSON,P01346,Vihaan Shah,EXACT_CANONICAL,SRCU001,0.99,2026-07-02 07:50:23
AL001347,PERSON,P01347,Ananya Chauhan,EXACT_CANONICAL,SRCU001,0.99,2026-06-18 10:03:16
AL001348,PERSON,P01348,Rahul Saxena,EXACT_CANONICAL,SRCU001,0.99,2026-05-10 18:57:20
AL001349,PERSON,P01349,Ananya Deshmukh,EXACT_CANONICAL,SRCU001,0.99,2026-07-25 09:55:24
AL001350,PERSON,P01350,Kabir Joshi,EXACT_CANONICAL,SRCU001,0.99,2025-08-07 17:43:52
AL001351,PERSON,P01351,Karan Mehta,EXACT_CANONICAL,SRCU001,0.99,2025-06-19 04:12:04
AL001352,PERSON,P01352,Mohit Jain,EXACT_CANONICAL,SRCU001,0.99,2025-07-15 19:03:31
AL001353,PERSON,P01353,Varun Bansal,EXACT_CANONICAL,SRCU001,0.99,2025-05-17 20:33:12
AL001354,PERSON,P01354,Deepak Rathore,EXACT_CANONICAL,SRCU001,0.99,2025-10-06 01:08:12
AL001355,PERSON,P01355,Sneha Saxena,EXACT_CANONICAL,SRCU001,0.99,2025-01-05 18:18:35
AL001356,PERSON,P01356,Neha Sharma,EXACT_CANONICAL,SRCU001,0.99,2026-03-18 13:37:36
AL001357,PERSON,P01357,Siddharth Mishra,EXACT_CANONICAL,SRCU001,0.99,2025-01-08 05:44:11
AL001358,PERSON,P01358,Karan Tiwari,EXACT_CANONICAL,SRCU001,0.99,2025-05-20 21:53:59
AL001359,PERSON,P01359,Ankit Shah,EXACT_CANONICAL,SRCU001,0.99,2026-02-08 19:35:40
AL001360,PERSON,P01360,Ananya Joshi,EXACT_CANONICAL,SRCU001,0.99,2025-11-15 16:12:43
AL001361,PERSON,P01361,Aarav Rathore,EXACT_CANONICAL,SRCU001,0.99,2026-05-21 13:26:29
AL001362,PERSON,P01362,Kabir Agarwal,EXACT_CANONICAL,SRCU001,0.99,2026-04-04 22:58:10
AL001363,PERSON,P01363,Sneha Shah,EXACT_CANONICAL,SRCU001,0.99,2025-02-19 04:48:15
AL001364,PERSON,P01364,Aarav Verma,EXACT_CANONICAL,SRCU001,0.99,2025-05-23 07:15:15
AL001365,PERSON,P01365,Aditya Malhotra,EXACT_CANONICAL,SRCU001,0.99,2026-04-20 12:59:11
AL001366,PERSON,P01366,Vikram Verma,EXACT_CANONICAL,SRCU001,0.99,2026-09-03 10:05:47
AL001367,PERSON,P01367,Arjun Malhotra,EXACT_CANONICAL,SRCU001,0.99,2026-05-22 23:27:22
AL001368,PERSON,P01368,Kavya Shah,EXACT_CANONICAL,SRCU001,0.99,2026-07-19 10:33:18
AL001369,PERSON,P01369,Manish Agarwal,EXACT_CANONICAL,SRCU001,0.99,2026-06-21 04:26:12
AL001370,PERSON,P01370,Sneha Mishra,EXACT_CANONICAL,SRCU001,0.99,2025-11-26 02:44:31
AL001371,PERSON,P01371,Nikhil Yadav,EXACT_CANONICAL,SRCU001,0.99,2025-02-27 07:16:24
AL001372,PERSON,P01372,Aarav Mishra,EXACT_CANONICAL,SRCU001,0.99,2026-06-29 07:49:05
AL001373,PERSON,P01373,Yash Tiwari,EXACT_CANONICAL,SRCU001,0.99,2026-02-04 18:52:03
AL001374,PERSON,P01374,Deepak Bansal,EXACT_CANONICAL,SRCU001,0.99,2026-08-12 02:20:13
AL001375,PERSON,P01375,Arjun Joshi,EXACT_CANONICAL,SRCU001,0.99,2025-11-08 17:55:55
AL001376,PERSON,P01376,Vihaan Patel,EXACT_CANONICAL,SRCU001,0.99,2025-03-30 15:15:49
AL001377,PERSON,P01377,Mohit Singh,EXACT_CANONICAL,SRCU001,0.99,2025-11-12 00:09:00
AL001378,PERSON,P01378,Nandini Sharma,EXACT_CANONICAL,SRCU001,0.99,2025-02-16 18:33:29
AL001379,PERSON,P01379,Meera Patel,EXACT_CANONICAL,SRCU001,0.99,2025-04-09 18:21:41
AL001380,PERSON,P01380,Deepak Chauhan,EXACT_CANONICAL,SRCU001,0.99,2025-07-01 06:13:16
AL001381,PERSON,P01381,Sneha Tiwari,EXACT_CANONICAL,SRCU001,0.99,2026-08-10 01:53:32
AL001382,PERSON,P01382,Aarav Khan,EXACT_CANONICAL,SRCU001,0.99,2025-02-04 03:21:18
AL001383,PERSON,P01383,Rahul Rathore,EXACT_CANONICAL,SRCU001,0.99,2025-10-06 20:20:20
AL001384,PERSON,P01384,Ankit Chauhan,EXACT_CANONICAL,SRCU001,0.99,2025-07-26 22:22:55
AL001385,PERSON,P01385,Siddharth Chauhan,EXACT_CANONICAL,SRCU001,0.99,2025-03-09 22:41:38
AL001386,PERSON,P01386,Nikhil Singh,EXACT_CANONICAL,SRCU001,0.99,2026-07-02 14:26:36
AL001387,PERSON,P01387,Riya Bansal,EXACT_CANONICAL,SRCU001,0.99,2025-03-18 18:09:11
AL001388,PERSON,P01388,Nikhil Shah,EXACT_CANONICAL,SRCU001,0.99,2025-03-14 08:24:56
AL001389,PERSON,P01389,Aditya Rathore,EXACT_CANONICAL,SRCU001,0.99,2025-12-11 15:23:53
AL001390,PERSON,P01390,Priya Bansal,EXACT_CANONICAL,SRCU001,0.99,2025-02-15 02:26:19
AL001391,PERSON,P01391,Sneha Chauhan,EXACT_CANONICAL,SRCU001,0.99,2025-07-17 21:38:29
AL001392,PERSON,P01392,Nandini Rathore,EXACT_CANONICAL,SRCU001,0.99,2026-04-24 06:58:37
AL001393,PERSON,P01393,Pooja Mishra,EXACT_CANONICAL,SRCU001,0.99,2025-04-17 16:44:03
AL001394,PERSON,P01394,Deepak Saxena,EXACT_CANONICAL,SRCU001,0.99,2025-03-04 09:56:41
AL001395,PERSON,P01395,Ankit Singh,EXACT_CANONICAL,SRCU001,0.99,2025-02-18 18:22:18
AL001396,PERSON,P01396,Vikram Gupta,EXACT_CANONICAL,SRCU001,0.99,2025-07-12 05:38:06
AL001397,PERSON,P01397,Priya Patel,EXACT_CANONICAL,SRCU001,0.99,2025-07-18 20:14:13
AL001398,PERSON,P01398,Raj Mehta,EXACT_CANONICAL,SRCU001,0.99,2025-09-23 04:56:34
AL001399,PERSON,P01399,Varun Saxena,EXACT_CANONICAL,SRCU001,0.99,2026-05-05 17:22:49
AL001400,PERSON,P01400,Riya Mehta,EXACT_CANONICAL,SRCU001,0.99,2025-01-17 20:10:15
AL001401,PERSON,P01401,Yash Tiwari,EXACT_CANONICAL,SRCU001,0.99,2026-04-23 16:22:47
AL001402,PERSON,P01402,Riya Khan,EXACT_CANONICAL,SRCU001,0.99,2025-04-16 03:39:50
AL001403,PERSON,P01403,Yash Verma,EXACT_CANONICAL,SRCU001,0.99,2025-03-26 02:51:17
AL001404,PERSON,P01404,Karan Sharma,EXACT_CANONICAL,SRCU001,0.99,2025-02-18 18:21:04
AL001405,PERSON,P01405,Rohan Gupta,EXACT_CANONICAL,SRCU001,0.99,2025-08-21 18:28:17
AL001406,PERSON,P01406,Siddharth Deshmukh,EXACT_CANONICAL,SRCU001,0.99,2025-08-18 04:01:15
AL001407,PERSON,P01407,Aditya Tiwari,EXACT_CANONICAL,SRCU001,0.99,2026-03-13 19:03:41
AL001408,PERSON,P01408,Vikram Saxena,EXACT_CANONICAL,SRCU001,0.99,2026-04-04 03:54:42
AL001409,PERSON,P01409,Kavya Gupta,EXACT_CANONICAL,SRCU001,0.99,2025-05-21 23:31:15
AL001410,PERSON,P01410,Pooja Chauhan,EXACT_CANONICAL,SRCU001,0.99,2025-09-19 15:13:43
AL001411,PERSON,P01411,Meera Deshmukh,EXACT_CANONICAL,SRCU001,0.99,2025-06-02 23:11:16
AL001412,PERSON,P01412,Siddharth Sharma,EXACT_CANONICAL,SRCU001,0.99,2025-04-11 23:04:30
AL001413,PERSON,P01413,Aditya Verma,EXACT_CANONICAL,SRCU001,0.99,2025-08-26 17:02:26
AL001414,PERSON,P01414,Meera Jain,EXACT_CANONICAL,SRCU001,0.99,2026-03-30 02:49:53
AL001415,PERSON,P01415,Aditya Malhotra,EXACT_CANONICAL,SRCU001,0.99,2025-07-18 23:42:15
AL001416,PERSON,P01416,Nikhil Tiwari,EXACT_CANONICAL,SRCU001,0.99,2026-08-05 01:31:03
AL001417,PERSON,P01417,Varun Patel,EXACT_CANONICAL,SRCU001,0.99,2025-07-09 06:49:54
AL001418,PERSON,P01418,Nandini Singh,EXACT_CANONICAL,SRCU001,0.99,2025-02-21 11:59:03
AL001419,PERSON,P01419,Rohan Verma,EXACT_CANONICAL,SRCU001,0.99,2025-03-07 12:17:21
AL001420,PERSON,P01420,Karan Malhotra,EXACT_CANONICAL,SRCU001,0.99,2025-02-13 08:14:42
AL001421,PERSON,P01421,Mohit Sharma,EXACT_CANONICAL,SRCU001,0.99,2025-10-20 14:14:27
AL001422,PERSON,P01422,Amit Tiwari,EXACT_CANONICAL,SRCU001,0.99,2025-08-05 20:24:53
AL001423,PERSON,P01423,Yash Joshi,EXACT_CANONICAL,SRCU001,0.99,2025-10-26 21:54:22
AL001424,PERSON,P01424,Amit Mishra,EXACT_CANONICAL,SRCU001,0.99,2026-05-12 09:48:03
AL001425,PERSON,P01425,Isha Shah,EXACT_CANONICAL,SRCU001,0.99,2026-07-04 13:58:55
AL001426,PERSON,P01426,Nandini Sharma,EXACT_CANONICAL,SRCU001,0.99,2025-05-31 04:16:21
AL001427,PERSON,P01427,Sanjay Shah,EXACT_CANONICAL,SRCU001,0.99,2026-07-30 03:27:40
AL001428,PERSON,P01428,Neha Deshmukh,EXACT_CANONICAL,SRCU001,0.99,2026-05-08 15:02:04
AL001429,PERSON,P01429,Deepak Sharma,EXACT_CANONICAL,SRCU001,0.99,2026-01-27 11:17:39
AL001430,PERSON,P01430,Amit Verma,EXACT_CANONICAL,SRCU001,0.99,2026-01-16 13:57:42
AL001431,PERSON,P01431,Deepak Khan,EXACT_CANONICAL,SRCU001,0.99,2026-05-06 18:42:09
AL001432,PERSON,P01432,Kabir Singh,EXACT_CANONICAL,SRCU001,0.99,2026-08-08 13:36:40
AL001433,PERSON,P01433,Varun Yadav,EXACT_CANONICAL,SRCU001,0.99,2025-09-26 01:15:28
AL001434,PERSON,P01434,Aarav Saxena,EXACT_CANONICAL,SRCU001,0.99,2026-05-11 18:58:42
AL001435,PERSON,P01435,Arjun Bansal,EXACT_CANONICAL,SRCU001,0.99,2025-12-07 16:37:45
AL001436,PERSON,P01436,Amit Mehta,EXACT_CANONICAL,SRCU001,0.99,2026-03-08 11:35:17
AL001437,PERSON,P01437,Sanjay Mishra,EXACT_CANONICAL,SRCU001,0.99,2025-12-01 14:31:46
AL001438,PERSON,P01438,Manish Singh,EXACT_CANONICAL,SRCU001,0.99,2025-12-16 23:04:35
AL001439,PERSON,P01439,Varun Shah,EXACT_CANONICAL,SRCU001,0.99,2025-10-06 15:51:59
AL001440,PERSON,P01440,Ankit Mehta,EXACT_CANONICAL,SRCU001,0.99,2025-06-11 17:06:26
AL001441,PERSON,P01441,Isha Mishra,EXACT_CANONICAL,SRCU001,0.99,2026-05-12 17:37:08
AL001442,PERSON,P01442,Deepak Joshi,EXACT_CANONICAL,SRCU001,0.99,2025-06-16 15:05:35
AL001443,PERSON,P01443,Nikhil Jain,EXACT_CANONICAL,SRCU001,0.99,2025-06-17 10:51:23
AL001444,PERSON,P01444,Amit Saxena,EXACT_CANONICAL,SRCU001,0.99,2025-03-04 11:22:28
AL001445,PERSON,P01445,Deepak Mishra,EXACT_CANONICAL,SRCU001,0.99,2025-05-05 09:24:28
AL001446,PERSON,P01446,Priya Shah,EXACT_CANONICAL,SRCU001,0.99,2026-07-15 13:42:11
AL001447,PERSON,P01447,Amit Bansal,EXACT_CANONICAL,SRCU001,0.99,2026-06-19 01:18:58
AL001448,PERSON,P01448,Amit Malhotra,EXACT_CANONICAL,SRCU001,0.99,2025-03-30 19:09:36
AL001449,PERSON,P01449,Amit Sharma,EXACT_CANONICAL,SRCU001,0.99,2025-09-14 02:02:52
AL001450,PERSON,P01450,Amit Saxena,EXACT_CANONICAL,SRCU001,0.99,2025-06-18 10:10:51
AL001451,PERSON,P01451,Meera Joshi,EXACT_CANONICAL,SRCU001,0.99,2025-11-28 00:33:43
AL001452,PERSON,P01452,Deepak Mishra,EXACT_CANONICAL,SRCU001,0.99,2025-06-10 06:12:54
AL001453,PERSON,P01453,Kabir Shah,EXACT_CANONICAL,SRCU001,0.99,2025-04-06 08:28:12
AL001454,PERSON,P01454,Deepak Chauhan,EXACT_CANONICAL,SRCU001,0.99,2026-07-20 16:04:57
AL001455,PERSON,P01455,Vihaan Shah,EXACT_CANONICAL,SRCU001,0.99,2025-06-10 15:13:56
AL001456,PERSON,P01456,Kabir Singh,EXACT_CANONICAL,SRCU001,0.99,2025-01-04 19:07:11
AL001457,PERSON,P01457,Yash Joshi,EXACT_CANONICAL,SRCU001,0.99,2026-04-11 17:28:43
AL001458,PERSON,P01458,Vikram Khan,EXACT_CANONICAL,SRCU001,0.99,2025-02-02 13:34:46
AL001459,PERSON,P01459,Karan Singh,EXACT_CANONICAL,SRCU001,0.99,2026-08-07 03:15:53
AL001460,PERSON,P01460,Meera Tiwari,EXACT_CANONICAL,SRCU001,0.99,2025-04-30 09:14:37
AL001461,PERSON,P01461,Siddharth Mishra,EXACT_CANONICAL,SRCU001,0.99,2025-01-03 07:46:15
AL001462,PERSON,P01462,Riya Patel,EXACT_CANONICAL,SRCU001,0.99,2026-02-17 01:15:35
AL001463,PERSON,P01463,Karan Patel,EXACT_CANONICAL,SRCU001,0.99,2025-05-23 14:32:52
AL001464,PERSON,P01464,Karan Yadav,EXACT_CANONICAL,SRCU001,0.99,2026-05-02 22:22:42
AL001465,PERSON,P01465,Ananya Bansal,EXACT_CANONICAL,SRCU001,0.99,2025-09-30 19:56:31
AL001466,PERSON,P01466,Riya Jain,EXACT_CANONICAL,SRCU001,0.99,2025-12-21 13:52:27
AL001467,PERSON,P01467,Rohan Gupta,EXACT_CANONICAL,SRCU001,0.99,2025-02-01 02:14:22
AL001468,PERSON,P01468,Yash Gupta,EXACT_CANONICAL,SRCU001,0.99,2026-03-22 03:00:30
AL001469,PERSON,P01469,Neha Saxena,EXACT_CANONICAL,SRCU001,0.99,2026-05-12 04:06:08
AL001470,PERSON,P01470,Mohit Rathore,EXACT_CANONICAL,SRCU001,0.99,2025-11-02 12:51:23
AL001471,PERSON,P01471,Meera Agarwal,EXACT_CANONICAL,SRCU001,0.99,2026-06-01 03:53:29
AL001472,PERSON,P01472,Deepak Joshi,EXACT_CANONICAL,SRCU001,0.99,2025-03-30 10:45:58
AL001473,PERSON,P01473,Mohit Deshmukh,EXACT_CANONICAL,SRCU001,0.99,2026-03-10 05:02:07
AL001474,PERSON,P01474,Riya Mishra,EXACT_CANONICAL,SRCU001,0.99,2026-07-20 06:08:42
AL001475,PERSON,P01475,Kavya Yadav,EXACT_CANONICAL,SRCU001,0.99,2025-12-30 06:22:13
AL001476,PERSON,P01476,Neha Verma,EXACT_CANONICAL,SRCU001,0.99,2026-03-09 14:39:21
AL001477,PERSON,P01477,Neha Patel,EXACT_CANONICAL,SRCU001,0.99,2025-03-07 01:23:33
AL001478,PERSON,P01478,Aarav Chauhan,EXACT_CANONICAL,SRCU001,0.99,2025-10-30 10:00:56
AL001479,PERSON,P01479,Varun Gupta,EXACT_CANONICAL,SRCU001,0.99,2026-07-28 15:41:21
AL001480,PERSON,P01480,Manish Khan,EXACT_CANONICAL,SRCU001,0.99,2025-03-03 19:19:36
AL001481,PERSON,P01481,Vihaan Sharma,EXACT_CANONICAL,SRCU001,0.99,2025-03-01 02:35:56
AL001482,PERSON,P01482,Aarav Jain,EXACT_CANONICAL,SRCU001,0.99,2025-12-14 01:59:03
AL001483,PERSON,P01483,Isha Malhotra,EXACT_CANONICAL,SRCU001,0.99,2025-04-08 18:28:01
AL001484,PERSON,P01484,Yash Singh,EXACT_CANONICAL,SRCU001,0.99,2025-10-10 06:40:58
AL001485,PERSON,P01485,Sanjay Mishra,EXACT_CANONICAL,SRCU001,0.99,2025-11-20 00:38:26
AL001486,PERSON,P01486,Neha Shah,EXACT_CANONICAL,SRCU001,0.99,2025-07-05 07:34:15
AL001487,PERSON,P01487,Mohit Agarwal,EXACT_CANONICAL,SRCU001,0.99,2025-09-17 23:16:46
AL001488,PERSON,P01488,Nikhil Tiwari,EXACT_CANONICAL,SRCU001,0.99,2026-06-28 15:52:50
AL001489,PERSON,P01489,Siddharth Patel,EXACT_CANONICAL,SRCU001,0.99,2025-10-05 02:30:04
AL001490,PERSON,P01490,Mohit Shah,EXACT_CANONICAL,SRCU001,0.99,2025-04-24 14:39:08
AL001491,PERSON,P01491,Siddharth Jain,EXACT_CANONICAL,SRCU001,0.99,2026-03-16 08:34:07
AL001492,PERSON,P01492,Rohan Verma,EXACT_CANONICAL,SRCU001,0.99,2026-01-24 12:53:36
AL001493,PERSON,P01493,Raj Rathore,EXACT_CANONICAL,SRCU001,0.99,2025-05-14 10:36:06
AL001494,PERSON,P01494,Raj Mehta,EXACT_CANONICAL,SRCU001,0.99,2026-06-27 23:34:02
AL001495,PERSON,P01495,Varun Patel,EXACT_CANONICAL,SRCU001,0.99,2025-06-24 19:04:35
AL001496,PERSON,P01496,Kavya Bansal,EXACT_CANONICAL,SRCU001,0.99,2025-08-14 21:38:29
AL001497,PERSON,P01497,Manish Malhotra,EXACT_CANONICAL,SRCU001,0.99,2026-04-05 08:14:33
AL001498,PERSON,P01498,Varun Gupta,EXACT_CANONICAL,SRCU001,0.99,2026-08-15 21:35:58
AL001499,PERSON,P01499,Rahul Joshi,EXACT_CANONICAL,SRCU001,0.99,2025-10-09 00:41:36
AL001500,PERSON,P01500,Mohit Mehta,EXACT_CANONICAL,SRCU001,0.99,2026-02-18 16:41:52
AL001501,PERSON,P01501,Sanjay Patel,EXACT_CANONICAL,SRCU001,0.99,2026-01-31 05:28:32
AL001502,PERSON,P01502,Vikram Saxena,EXACT_CANONICAL,SRCU001,0.99,2025-08-23 23:50:58
AL001503,PERSON,P01503,Nikhil Deshmukh,EXACT_CANONICAL,SRCU001,0.99,2025-12-12 21:57:16
AL001504,PERSON,P01504,Rahul Malhotra,EXACT_CANONICAL,SRCU001,0.99,2025-11-21 22:02:34
AL001505,PERSON,P01505,Ankit Joshi,EXACT_CANONICAL,SRCU001,0.99,2026-08-15 13:14:10
AL001506,PERSON,P01506,Kabir Sharma,EXACT_CANONICAL,SRCU001,0.99,2026-04-03 15:22:30
AL001507,PERSON,P01507,Riya Sharma,EXACT_CANONICAL,SRCU001,0.99,2026-08-13 13:16:40
AL001508,PERSON,P01508,Priya Rathore,EXACT_CANONICAL,SRCU001,0.99,2025-01-08 05:05:21
AL001509,PERSON,P01509,Ankit Rathore,EXACT_CANONICAL,SRCU001,0.99,2025-02-28 08:03:25
AL001510,PERSON,P01510,Rahul Khan,EXACT_CANONICAL,SRCU001,0.99,2025-05-29 23:33:32
AL001511,PERSON,P01511,Karan Patel,EXACT_CANONICAL,SRCU001,0.99,2026-02-20 06:20:30
AL001512,PERSON,P01512,Deepak Saxena,EXACT_CANONICAL,SRCU001,0.99,2026-04-27 21:46:08
AL001513,PERSON,P01513,Aarav Gupta,EXACT_CANONICAL,SRCU001,0.99,2026-02-12 06:40:55
AL001514,PERSON,P01514,Nandini Saxena,EXACT_CANONICAL,SRCU001,0.99,2026-01-02 04:02:44
AL001515,PERSON,P01515,Neha Rathore,EXACT_CANONICAL,SRCU001,0.99,2026-02-11 09:15:06
AL001516,PERSON,P01516,Sneha Sharma,EXACT_CANONICAL,SRCU001,0.99,2025-08-18 05:52:51
AL001517,PERSON,P01517,Neha Tiwari,EXACT_CANONICAL,SRCU001,0.99,2025-06-20 22:19:54
AL001518,PERSON,P01518,Kabir Singh,EXACT_CANONICAL,SRCU001,0.99,2026-02-25 01:27:13
AL001519,PERSON,P01519,Sanjay Patel,EXACT_CANONICAL,SRCU001,0.99,2026-08-04 17:35:09
AL001520,PERSON,P01520,Priya Joshi,EXACT_CANONICAL,SRCU001,0.99,2026-03-19 02:48:09
AL001521,PERSON,P01521,Sneha Verma,EXACT_CANONICAL,SRCU001,0.99,2025-11-06 00:54:33
AL001522,PERSON,P01522,Karan Deshmukh,EXACT_CANONICAL,SRCU001,0.99,2025-12-08 15:51:59
AL001523,PERSON,P01523,Aarav Agarwal,EXACT_CANONICAL,SRCU001,0.99,2025-07-08 12:49:50
AL001524,PERSON,P01524,Aditya Shah,EXACT_CANONICAL,SRCU001,0.99,2025-04-13 22:25:50
AL001525,PERSON,P01525,Siddharth Sharma,EXACT_CANONICAL,SRCU001,0.99,2025-07-14 02:26:39
AL001526,PERSON,P01526,Vikram Agarwal,EXACT_CANONICAL,SRCU001,0.99,2026-06-27 12:18:46
AL001527,PERSON,P01527,Kabir Malhotra,EXACT_CANONICAL,SRCU001,0.99,2026-08-02 15:04:43
AL001528,PERSON,P01528,Kabir Agarwal,EXACT_CANONICAL,SRCU001,0.99,2025-04-11 21:50:19
AL001529,PERSON,P01529,Nikhil Bansal,EXACT_CANONICAL,SRCU001,0.99,2025-04-01 10:53:56
AL001530,PERSON,P01530,Siddharth Gupta,EXACT_CANONICAL,SRCU001,0.99,2025-06-25 16:44:42
AL001531,PERSON,P01531,Raj Malhotra,EXACT_CANONICAL,SRCU001,0.99,2025-06-10 07:49:31
AL001532,PERSON,P01532,Nandini Patel,EXACT_CANONICAL,SRCU001,0.99,2025-12-07 22:48:19
AL001533,PERSON,P01533,Nikhil Shah,EXACT_CANONICAL,SRCU001,0.99,2026-04-03 04:29:10
AL001534,PERSON,P01534,Riya Sharma,EXACT_CANONICAL,SRCU001,0.99,2026-07-11 13:42:16
AL001535,PERSON,P01535,Nandini Saxena,EXACT_CANONICAL,SRCU001,0.99,2025-01-20 11:23:33
AL001536,PERSON,P01536,Siddharth Shah,EXACT_CANONICAL,SRCU001,0.99,2026-06-13 09:44:23
AL001537,PERSON,P01537,Sanjay Rathore,EXACT_CANONICAL,SRCU001,0.99,2025-09-07 20:06:11
AL001538,PERSON,P01538,Karan Shah,EXACT_CANONICAL,SRCU001,0.99,2025-06-23 05:11:49
AL001539,PERSON,P01539,Yash Bansal,EXACT_CANONICAL,SRCU001,0.99,2026-02-05 13:07:41
AL001540,PERSON,P01540,Vihaan Mehta,EXACT_CANONICAL,SRCU001,0.99,2026-06-27 00:50:02
AL001541,PERSON,P01541,Aarav Singh,EXACT_CANONICAL,SRCU001,0.99,2025-07-21 15:57:31
AL001542,PERSON,P01542,Rahul Mishra,EXACT_CANONICAL,SRCU001,0.99,2026-07-24 22:52:45
AL001543,PERSON,P01543,Nikhil Patel,EXACT_CANONICAL,SRCU001,0.99,2026-08-02 19:56:00
AL001544,PERSON,P01544,Deepak Jain,EXACT_CANONICAL,SRCU001,0.99,2025-09-05 14:37:45
AL001545,PERSON,P01545,Manish Mishra,EXACT_CANONICAL,SRCU001,0.99,2026-01-14 00:41:22
AL001546,PERSON,P01546,Siddharth Sharma,EXACT_CANONICAL,SRCU001,0.99,2026-04-30 18:28:21
AL001547,PERSON,P01547,Sneha Sharma,EXACT_CANONICAL,SRCU001,0.99,2026-05-11 07:48:48
AL001548,PERSON,P01548,Rahul Verma,EXACT_CANONICAL,SRCU001,0.99,2025-10-06 16:44:03
AL001549,PERSON,P01549,Rohan Agarwal,EXACT_CANONICAL,SRCU001,0.99,2026-02-11 01:24:48
AL001550,PERSON,P01550,Ankit Bansal,EXACT_CANONICAL,SRCU001,0.99,2026-03-03 01:15:58
AL001551,PERSON,P01551,Riya Chauhan,EXACT_CANONICAL,SRCU001,0.99,2025-04-06 10:43:34
AL001552,PERSON,P01552,Aarav Rathore,EXACT_CANONICAL,SRCU001,0.99,2025-01-26 20:41:42
AL001553,PERSON,P01553,Arjun Deshmukh,EXACT_CANONICAL,SRCU001,0.99,2025-07-25 06:31:16
AL001554,PERSON,P01554,Kabir Mishra,EXACT_CANONICAL,SRCU001,0.99,2025-09-25 02:58:19
AL001555,PERSON,P01555,Ananya Shah,EXACT_CANONICAL,SRCU001,0.99,2025-02-26 02:45:34
AL001556,PERSON,P01556,Arjun Rathore,EXACT_CANONICAL,SRCU001,0.99,2026-07-04 04:37:26
AL001557,PERSON,P01557,Pooja Sharma,EXACT_CANONICAL,SRCU001,0.99,2025-05-06 05:12:30
AL001558,PERSON,P01558,Manish Verma,EXACT_CANONICAL,SRCU001,0.99,2026-07-14 11:53:26
AL001559,PERSON,P01559,Aditya Tiwari,EXACT_CANONICAL,SRCU001,0.99,2025-03-08 07:50:51
AL001560,PERSON,P01560,Deepak Deshmukh,EXACT_CANONICAL,SRCU001,0.99,2025-12-08 11:37:38
AL001561,PERSON,P01561,Rohan Deshmukh,EXACT_CANONICAL,SRCU001,0.99,2026-04-29 06:16:10
AL001562,PERSON,P01562,Ankit Sharma,EXACT_CANONICAL,SRCU001,0.99,2026-05-14 14:06:58
AL001563,PERSON,P01563,Siddharth Malhotra,EXACT_CANONICAL,SRCU001,0.99,2026-03-21 16:37:48
AL001564,PERSON,P01564,Pooja Mishra,EXACT_CANONICAL,SRCU001,0.99,2025-11-06 14:19:56
AL001565,PERSON,P01565,Ankit Khan,EXACT_CANONICAL,SRCU001,0.99,2025-05-16 07:02:32
AL001566,PERSON,P01566,Rohan Malhotra,EXACT_CANONICAL,SRCU001,0.99,2025-04-19 14:59:17
AL001567,PERSON,P01567,Sanjay Jain,EXACT_CANONICAL,SRCU001,0.99,2026-07-24 05:43:42
AL001568,PERSON,P01568,Raj Chauhan,EXACT_CANONICAL,SRCU001,0.99,2025-07-05 01:40:35
AL001569,PERSON,P01569,Deepak Singh,EXACT_CANONICAL,SRCU001,0.99,2026-05-22 20:48:18
AL001570,PERSON,P01570,Ankit Malhotra,EXACT_CANONICAL,SRCU001,0.99,2025-02-21 12:50:51
AL001571,PERSON,P01571,Isha Bansal,EXACT_CANONICAL,SRCU001,0.99,2026-03-28 18:03:18
AL001572,PERSON,P01572,Yash Shah,EXACT_CANONICAL,SRCU001,0.99,2025-04-08 20:39:23
AL001573,PERSON,P01573,Raj Rathore,EXACT_CANONICAL,SRCU001,0.99,2026-07-11 21:00:58
AL001574,PERSON,P01574,Ankit Gupta,EXACT_CANONICAL,SRCU001,0.99,2026-06-05 05:51:09
AL001575,PERSON,P01575,Isha Chauhan,EXACT_CANONICAL,SRCU001,0.99,2025-06-10 15:13:32
AL001576,PERSON,P01576,Nikhil Patel,EXACT_CANONICAL,SRCU001,0.99,2025-06-10 03:20:04
AL001577,PERSON,P01577,Manish Yadav,EXACT_CANONICAL,SRCU001,0.99,2025-02-17 00:15:34
AL001578,PERSON,P01578,Sanjay Yadav,EXACT_CANONICAL,SRCU001,0.99,2026-01-07 22:58:36
AL001579,PERSON,P01579,Amit Mishra,EXACT_CANONICAL,SRCU001,0.99,2025-12-26 00:54:48
AL001580,PERSON,P01580,Aditya Deshmukh,EXACT_CANONICAL,SRCU001,0.99,2025-08-12 20:36:35
AL001581,PERSON,P01581,Neha Rathore,EXACT_CANONICAL,SRCU001,0.99,2026-08-05 15:38:42
AL001582,PERSON,P01582,Riya Gupta,EXACT_CANONICAL,SRCU001,0.99,2025-01-03 11:18:35
AL001583,PERSON,P01583,Rahul Joshi,EXACT_CANONICAL,SRCU001,0.99,2025-05-11 02:37:48
AL001584,PERSON,P01584,Priya Deshmukh,EXACT_CANONICAL,SRCU001,0.99,2026-05-10 13:00:00
AL001585,PERSON,P01585,Yash Joshi,EXACT_CANONICAL,SRCU001,0.99,2026-08-15 00:55:10
AL001586,PERSON,P01586,Amit Bansal,EXACT_CANONICAL,SRCU001,0.99,2026-04-02 23:33:33
AL001587,PERSON,P01587,Arjun Deshmukh,EXACT_CANONICAL,SRCU001,0.99,2026-05-23 10:10:54
AL001588,PERSON,P01588,Ankit Verma,EXACT_CANONICAL,SRCU001,0.99,2025-03-21 08:22:05
AL001589,PERSON,P01589,Karan Shah,EXACT_CANONICAL,SRCU001,0.99,2025-01-17 00:16:34
AL001590,PERSON,P01590,Vikram Rathore,EXACT_CANONICAL,SRCU001,0.99,2025-02-06 09:49:19
AL001591,PERSON,P01591,Pooja Jain,EXACT_CANONICAL,SRCU001,0.99,2025-05-20 19:39:15
AL001592,PERSON,P01592,Karan Deshmukh,EXACT_CANONICAL,SRCU001,0.99,2025-04-17 13:51:20
AL001593,PERSON,P01593,Nikhil Shah,EXACT_CANONICAL,SRCU001,0.99,2025-12-21 08:21:49
AL001594,PERSON,P01594,Ananya Yadav,EXACT_CANONICAL,SRCU001,0.99,2025-03-19 14:15:51
AL001595,PERSON,P01595,Karan Jain,EXACT_CANONICAL,SRCU001,0.99,2025-09-18 09:32:22
AL001596,PERSON,P01596,Isha Bansal,EXACT_CANONICAL,SRCU001,0.99,2025-07-09 06:42:18
AL001597,PERSON,P01597,Varun Joshi,EXACT_CANONICAL,SRCU001,0.99,2025-09-18 11:52:22
AL001598,PERSON,P01598,Meera Chauhan,EXACT_CANONICAL,SRCU001,0.99,2025-09-01 05:47:12
AL001599,PERSON,P01599,Rohan Malhotra,EXACT_CANONICAL,SRCU001,0.99,2026-08-23 05:57:02
AL001600,PERSON,P01600,Nandini Sharma,EXACT_CANONICAL,SRCU001,0.99,2025-06-03 15:44:07
AL001601,PERSON,P00001,N. Patel,INITIALS,SRCU002,0.94,2025-11-27 18:56:32
AL001602,PERSON,P00002,I. Tiwari,INITIALS,SRCU002,0.91,2026-02-03 08:17:28
AL001603,PERSON,P00003,Y. Sharma,INITIALS,SRCU002,0.9,2025-10-22 05:26:12
AL001604,PERSON,P00004,R. Sharma,INITIALS,SRCU002,0.88,2025-08-11 00:34:15
AL001605,PERSON,P00005,S. Patel,INITIALS,SRCU002,0.87,2026-09-01 20:02:53
AL001606,PERSON,P00006,I. Yadav,INITIALS,SRCU002,0.86,2025-10-09 07:09:25
AL001607,PERSON,P00007,Y. Saxena,INITIALS,SRCU002,0.96,2026-08-04 19:31:22
AL001608,PERSON,P00008,A. Jain,INITIALS,SRCU002,0.94,2025-05-09 08:53:09
AL001609,PERSON,P00009,P. Malhotra,INITIALS,SRCU002,0.96,2025-06-02 15:13:20
AL001610,PERSON,P00010,A. Malhotra,INITIALS,SRCU002,0.86,2026-04-18 12:03:03
AL001611,PERSON,P00011,S. Chauhan,INITIALS,SRCU002,0.89,2026-02-15 12:21:18
AL001612,PERSON,P00012,N. Yadav,INITIALS,SRCU002,0.91,2026-09-03 12:32:25
AL001613,PERSON,P00013,A. Shah,INITIALS,SRCU002,0.86,2025-12-27 01:30:06
AL001614,PERSON,P00014,R. Patel,INITIALS,SRCU002,0.9,2025-05-04 08:53:25
AL001615,PERSON,P00015,D. Bansal,INITIALS,SRCU002,0.94,2026-01-08 00:15:51
AL001616,PERSON,P00016,K. Joshi,INITIALS,SRCU002,0.93,2025-01-10 02:12:42
AL001617,PERSON,P00017,K. Bansal,INITIALS,SRCU002,0.88,2025-05-17 06:10:34
AL001618,PERSON,P00018,R. Saxena,INITIALS,SRCU002,0.9,2026-04-16 12:52:08
AL001619,PERSON,P00019,N. Saxena,INITIALS,SRCU002,0.9,2025-01-02 09:17:46
AL001620,PERSON,P00020,S. Mehta,INITIALS,SRCU002,0.91,2025-05-24 10:45:04
AL001621,PERSON,P00021,R. Deshmukh,INITIALS,SRCU002,0.87,2026-03-05 05:31:44
AL001622,PERSON,P00022,D. Bansal,INITIALS,SRCU002,0.9,2025-02-02 17:05:42
AL001623,PERSON,P00023,V. Shah,INITIALS,SRCU002,0.96,2025-11-13 06:39:20
AL001624,PERSON,P00024,S. Mehta,INITIALS,SRCU002,0.94,2025-11-01 20:25:19
AL001625,PERSON,P00025,M. Shah,INITIALS,SRCU002,0.85,2025-01-26 17:25:36
AL001626,PERSON,P00026,A. Saxena,INITIALS,SRCU002,0.9,2025-11-09 20:21:30
AL001627,PERSON,P00027,K. Patel,INITIALS,SRCU002,0.86,2025-10-04 19:11:38
AL001628,PERSON,P00028,V. Mehta,INITIALS,SRCU002,0.93,2026-06-15 21:28:13
AL001629,PERSON,P00029,A. Jain,INITIALS,SRCU002,0.87,2025-02-25 22:37:14
AL001630,PERSON,P00030,A. Sharma,INITIALS,SRCU002,0.89,2026-07-10 00:32:26
AL001631,PERSON,P00031,K. Tiwari,INITIALS,SRCU002,0.97,2025-12-28 08:16:54
AL001632,PERSON,P00032,V. Joshi,INITIALS,SRCU002,0.86,2025-09-20 00:23:04
AL001633,PERSON,P00033,V. Mehta,INITIALS,SRCU002,0.87,2025-08-16 08:15:30
AL001634,PERSON,P00034,S. Jain,INITIALS,SRCU002,0.96,2025-07-01 15:57:14
AL001635,PERSON,P00035,S. Malhotra,INITIALS,SRCU002,0.96,2026-04-09 13:06:35
AL001636,PERSON,P00036,N. Agarwal,INITIALS,SRCU002,0.93,2025-09-09 02:37:20
AL001637,PERSON,P00037,A. Mehta,INITIALS,SRCU002,0.86,2025-12-25 04:52:58
AL001638,PERSON,P00038,V. Saxena,INITIALS,SRCU002,0.9,2025-01-07 23:14:32
AL001639,PERSON,P00039,S. Tiwari,INITIALS,SRCU002,0.89,2025-10-11 04:56:12
AL001640,PERSON,P00040,I. Tiwari,INITIALS,SRCU002,0.93,2025-04-25 22:19:43
AL001641,PERSON,P00041,K. Bansal,INITIALS,SRCU002,0.87,2026-02-08 16:33:47
AL001642,PERSON,P00042,V. Sharma,INITIALS,SRCU002,0.96,2026-05-29 10:44:13
AL001643,PERSON,P00043,A. Tiwari,INITIALS,SRCU002,0.87,2025-02-21 23:28:57
AL001644,PERSON,P00044,R. Singh,INITIALS,SRCU002,0.86,2026-02-22 10:39:34
AL001645,PERSON,P00045,P. Jain,INITIALS,SRCU002,0.87,2026-03-01 13:37:36
AL001646,PERSON,P00046,V. Khan,INITIALS,SRCU002,0.94,2025-06-09 04:24:30
AL001647,PERSON,P00047,N. Mishra,INITIALS,SRCU002,0.88,2025-05-13 22:42:24
AL001648,PERSON,P00048,R. Yadav,INITIALS,SRCU002,0.85,2026-08-30 11:42:51
AL001649,PERSON,P00049,S. Malhotra,INITIALS,SRCU002,0.91,2025-10-01 22:49:11
AL001650,PERSON,P00050,S. Tiwari,INITIALS,SRCU002,0.89,2025-01-09 11:24:53
AL001651,PERSON,P00051,K. Verma,INITIALS,SRCU002,0.94,2025-05-20 09:53:41
AL001652,PERSON,P00052,A. Chauhan,INITIALS,SRCU002,0.87,2025-09-10 10:25:54
AL001653,PERSON,P00053,R. Gupta,INITIALS,SRCU002,0.94,2026-02-20 00:17:11
AL001654,PERSON,P00054,I. Agarwal,INITIALS,SRCU002,0.96,2025-11-27 18:59:17
AL001655,PERSON,P00055,R. Gupta,INITIALS,SRCU002,0.95,2025-11-14 18:25:01
AL001656,PERSON,P00056,R. Sharma,INITIALS,SRCU002,0.92,2026-01-23 19:41:44
AL001657,PERSON,P00057,D. Yadav,INITIALS,SRCU002,0.86,2026-04-24 06:24:38
AL001658,PERSON,P00058,Y. Joshi,INITIALS,SRCU002,0.89,2025-06-02 09:13:29
AL001659,PERSON,P00059,A. Verma,INITIALS,SRCU002,0.93,2026-04-24 12:43:58
AL001660,PERSON,P00060,R. Chauhan,INITIALS,SRCU002,0.93,2026-05-27 16:16:21
AL001661,PERSON,P00061,K. Bansal,INITIALS,SRCU002,0.93,2026-02-11 21:06:28
AL001662,PERSON,P00062,P. Bansal,INITIALS,SRCU002,0.89,2025-08-15 21:57:11
AL001663,PERSON,P00063,S. Tiwari,INITIALS,SRCU002,0.85,2026-02-28 20:49:36
AL001664,PERSON,P00064,N. Malhotra,INITIALS,SRCU002,0.9,2026-08-22 18:53:21
AL001665,PERSON,P00065,V. Malhotra,INITIALS,SRCU002,0.95,2025-11-05 04:25:44
AL001666,PERSON,P00066,R. Gupta,INITIALS,SRCU002,0.89,2026-04-04 21:39:07
AL001667,PERSON,P00067,S. Mishra,INITIALS,SRCU002,0.92,2025-06-27 21:32:54
AL001668,PERSON,P00068,N. Agarwal,INITIALS,SRCU002,0.91,2025-07-09 21:53:01
AL001669,PERSON,P00069,Y. Jain,INITIALS,SRCU002,0.86,2026-06-28 10:09:27
AL001670,PERSON,P00070,P. Chauhan,INITIALS,SRCU002,0.86,2025-02-07 00:07:48
AL001671,PERSON,P00071,S. Shah,INITIALS,SRCU002,0.95,2025-08-04 04:29:56
AL001672,PERSON,P00072,A. Joshi,INITIALS,SRCU002,0.96,2025-03-23 18:39:06
AL001673,PERSON,P00073,A. Malhotra,INITIALS,SRCU002,0.92,2025-09-08 01:37:12
AL001674,PERSON,P00074,N. Verma,INITIALS,SRCU002,0.91,2025-06-24 09:52:03
AL001675,PERSON,P00075,M. Patel,INITIALS,SRCU002,0.89,2025-04-24 15:11:08
AL001676,PERSON,P00076,I. Patel,INITIALS,SRCU002,0.88,2025-03-12 05:21:48
AL001677,PERSON,P00077,P. Chauhan,INITIALS,SRCU002,0.93,2025-06-16 06:40:26
AL001678,PERSON,P00078,V. Patel,INITIALS,SRCU002,0.86,2026-06-29 14:33:13
AL001679,PERSON,P00079,P. Saxena,INITIALS,SRCU002,0.93,2026-06-19 11:10:36
AL001680,PERSON,P00080,A. Saxena,INITIALS,SRCU002,0.95,2026-01-21 15:22:47
AL001681,PERSON,P00081,K. Deshmukh,INITIALS,SRCU002,0.93,2025-01-02 10:29:14
AL001682,PERSON,P00082,R. Jain,INITIALS,SRCU002,0.86,2025-05-29 02:54:01
AL001683,PERSON,P00083,A. Joshi,INITIALS,SRCU002,0.86,2025-06-06 15:21:40
AL001684,PERSON,P00084,K. Joshi,INITIALS,SRCU002,0.87,2025-11-24 18:04:31
AL001685,PERSON,P00085,A. Jain,INITIALS,SRCU002,0.89,2025-08-07 12:01:31
AL001686,PERSON,P00086,K. Sharma,INITIALS,SRCU002,0.93,2025-02-19 18:29:18
AL001687,PERSON,P00087,M. Tiwari,INITIALS,SRCU002,0.9,2025-08-30 08:12:25
AL001688,PERSON,P00088,K. Jain,INITIALS,SRCU002,0.92,2025-10-10 18:49:16
AL001689,PERSON,P00089,A. Khan,INITIALS,SRCU002,0.87,2025-03-13 05:48:24
AL001690,PERSON,P00090,V. Deshmukh,INITIALS,SRCU002,0.91,2025-11-29 18:32:48
AL001691,PERSON,P00091,A. Tiwari,INITIALS,SRCU002,0.97,2026-02-10 21:01:15
AL001692,PERSON,P00092,N. Rathore,INITIALS,SRCU002,0.95,2025-05-07 09:10:54
AL001693,PERSON,P00093,V. Malhotra,INITIALS,SRCU002,0.88,2025-05-25 18:42:02
AL001694,PERSON,P00094,P. Verma,INITIALS,SRCU002,0.97,2026-03-08 01:37:38
AL001695,PERSON,P00095,A. Deshmukh,INITIALS,SRCU002,0.88,2025-12-23 23:34:05
AL001696,PERSON,P00096,M. Shah,INITIALS,SRCU002,0.94,2025-02-20 01:20:42
AL001697,PERSON,P00097,R. Gupta,INITIALS,SRCU002,0.94,2026-07-26 23:55:18
AL001698,PERSON,P00098,A. Mishra,INITIALS,SRCU002,0.85,2025-02-25 12:08:58
AL001699,PERSON,P00099,M. Yadav,INITIALS,SRCU002,0.9,2026-07-29 19:05:40
AL001700,PERSON,P00100,A. Patel,INITIALS,SRCU002,0.89,2026-01-09 22:29:19
AL001701,PERSON,P00101,K. Agarwal,INITIALS,SRCU002,0.9,2026-03-21 17:11:30
AL001702,PERSON,P00102,A. Chauhan,INITIALS,SRCU002,0.92,2026-07-05 12:23:55
AL001703,PERSON,P00103,A. Joshi,INITIALS,SRCU002,0.92,2026-07-24 21:32:26
AL001704,PERSON,P00104,S. Sharma,INITIALS,SRCU002,0.94,2026-04-12 18:20:37
AL001705,PERSON,P00105,K. Khan,INITIALS,SRCU002,0.96,2025-08-22 11:29:33
AL001706,PERSON,P00106,S. Patel,INITIALS,SRCU002,0.87,2026-04-19 04:40:27
AL001707,PERSON,P00107,R. Verma,INITIALS,SRCU002,0.86,2025-04-18 04:18:21
AL001708,PERSON,P00108,V. Sharma,INITIALS,SRCU002,0.93,2025-07-19 15:38:26
AL001709,PERSON,P00109,M. Yadav,INITIALS,SRCU002,0.93,2025-12-12 20:10:55
AL001710,PERSON,P00110,A. Sharma,INITIALS,SRCU002,0.89,2025-03-07 23:13:42
AL001711,PERSON,P00111,A. Jain,INITIALS,SRCU002,0.93,2026-04-25 20:49:31
AL001712,PERSON,P00112,V. Malhotra,INITIALS,SRCU002,0.9,2026-03-07 03:32:54
AL001713,PERSON,P00113,R. Deshmukh,INITIALS,SRCU002,0.94,2025-04-26 21:58:56
AL001714,PERSON,P00114,A. Joshi,INITIALS,SRCU002,0.88,2025-04-26 18:42:18
AL001715,PERSON,P00115,S. Rathore,INITIALS,SRCU002,0.93,2025-10-27 15:37:17
AL001716,PERSON,P00116,A. Yadav,INITIALS,SRCU002,0.86,2026-01-07 23:35:52
AL001717,PERSON,P00117,A. Verma,INITIALS,SRCU002,0.87,2025-09-09 08:04:42
AL001718,PERSON,P00118,R. Rathore,INITIALS,SRCU002,0.95,2026-02-05 08:40:55
AL001719,PERSON,P00119,D. Sharma,INITIALS,SRCU002,0.86,2026-07-03 05:55:28
AL001720,PERSON,P00120,S. Deshmukh,INITIALS,SRCU002,0.86,2026-05-08 07:04:06
AL001721,PERSON,P00121,M. Rathore,INITIALS,SRCU002,0.9,2026-05-11 22:41:13
AL001722,PERSON,P00122,V. Mehta,INITIALS,SRCU002,0.89,2026-05-21 00:04:37
AL001723,PERSON,P00123,A. Verma,INITIALS,SRCU002,0.9,2025-08-14 01:02:32
AL001724,PERSON,P00124,V. Mishra,INITIALS,SRCU002,0.9,2025-09-02 04:10:07
AL001725,PERSON,P00125,A. Deshmukh,INITIALS,SRCU002,0.88,2025-05-06 23:14:09
AL001726,PERSON,P00126,K. Sharma,INITIALS,SRCU002,0.95,2026-02-17 21:23:37
AL001727,PERSON,P00127,M. Mishra,INITIALS,SRCU002,0.9,2025-10-16 22:29:48
AL001728,PERSON,P00128,V. Chauhan,INITIALS,SRCU002,0.87,2025-11-29 16:33:38
AL001729,PERSON,P00129,K. Sharma,INITIALS,SRCU002,0.86,2026-04-06 22:09:11
AL001730,PERSON,P00130,M. Agarwal,INITIALS,SRCU002,0.93,2026-03-31 20:39:46
AL001731,PERSON,P00131,P. Singh,INITIALS,SRCU002,0.96,2025-05-12 07:35:14
AL001732,PERSON,P00132,I. Singh,INITIALS,SRCU002,0.88,2026-03-14 22:16:15
AL001733,PERSON,P00133,R. Saxena,INITIALS,SRCU002,0.91,2026-05-23 20:09:12
AL001734,PERSON,P00134,M. Agarwal,INITIALS,SRCU002,0.92,2025-05-01 11:34:59
AL001735,PERSON,P00135,R. Chauhan,INITIALS,SRCU002,0.95,2025-07-07 03:14:30
AL001736,PERSON,P00136,N. Malhotra,INITIALS,SRCU002,0.96,2025-05-03 09:30:52
AL001737,PERSON,P00137,Y. Tiwari,INITIALS,SRCU002,0.93,2026-07-19 07:30:23
AL001738,PERSON,P00138,A. Agarwal,INITIALS,SRCU002,0.87,2026-04-11 06:00:58
AL001739,PERSON,P00139,V. Tiwari,INITIALS,SRCU002,0.86,2025-09-25 17:55:14
AL001740,PERSON,P00140,R. Mishra,INITIALS,SRCU002,0.88,2025-05-02 11:26:02
AL001741,PERSON,P00141,D. Yadav,INITIALS,SRCU002,0.85,2026-03-01 04:05:09
AL001742,PERSON,P00142,N. Verma,INITIALS,SRCU002,0.85,2025-08-17 21:24:39
AL001743,PERSON,P00143,N. Deshmukh,INITIALS,SRCU002,0.92,2025-10-05 07:30:51
AL001744,PERSON,P00144,A. Tiwari,INITIALS,SRCU002,0.89,2025-03-02 01:03:01
AL001745,PERSON,P00145,A. Malhotra,INITIALS,SRCU002,0.92,2025-03-25 00:24:46
AL001746,PERSON,P00146,R. Sharma,INITIALS,SRCU002,0.92,2026-02-10 00:11:46
AL001747,PERSON,P00147,V. Singh,INITIALS,SRCU002,0.86,2025-07-04 02:02:03
AL001748,PERSON,P00148,S. Patel,INITIALS,SRCU002,0.88,2025-08-24 05:17:18
AL001749,PERSON,P00149,A. Verma,INITIALS,SRCU002,0.95,2025-07-26 07:32:45
AL001750,PERSON,P00150,A. Mehta,INITIALS,SRCU002,0.87,2026-08-28 22:29:44
AL001751,PERSON,P00151,R. Joshi,INITIALS,SRCU002,0.87,2025-04-14 09:18:05
AL001752,PERSON,P00152,K. Patel,INITIALS,SRCU002,0.92,2025-11-28 19:29:04
AL001753,PERSON,P00153,S. Yadav,INITIALS,SRCU002,0.93,2025-08-07 02:10:32
AL001754,PERSON,P00154,N. Singh,INITIALS,SRCU002,0.92,2025-07-21 02:05:00
AL001755,PERSON,P00155,N. Singh,INITIALS,SRCU002,0.94,2026-06-27 08:03:35
AL001756,PERSON,P00156,P. Mishra,INITIALS,SRCU002,0.85,2025-09-19 19:15:57
AL001757,PERSON,P00157,R. Rathore,INITIALS,SRCU002,0.94,2025-01-13 23:28:43
AL001758,PERSON,P00158,S. Jain,INITIALS,SRCU002,0.91,2025-01-25 14:43:53
AL001759,PERSON,P00159,A. Khan,INITIALS,SRCU002,0.89,2025-01-20 13:24:00
AL001760,PERSON,P00160,R. Shah,INITIALS,SRCU002,0.93,2025-08-15 10:41:22
AL001761,PERSON,P00161,A. Yadav,INITIALS,SRCU002,0.92,2026-05-14 04:22:59
AL001762,PERSON,P00162,V. Singh,INITIALS,SRCU002,0.87,2025-08-20 12:01:28
AL001763,PERSON,P00163,M. Deshmukh,INITIALS,SRCU002,0.9,2025-05-31 21:57:42
AL001764,PERSON,P00164,M. Shah,INITIALS,SRCU002,0.94,2026-03-31 17:48:35
AL001765,PERSON,P00165,V. Sharma,INITIALS,SRCU002,0.9,2025-04-04 07:05:00
AL001766,PERSON,P00166,A. Rathore,INITIALS,SRCU002,0.95,2026-04-02 14:27:45
AL001767,PERSON,P00167,S. Saxena,INITIALS,SRCU002,0.88,2025-07-22 10:47:24
AL001768,PERSON,P00168,R. Joshi,INITIALS,SRCU002,0.92,2025-01-17 09:27:00
AL001769,PERSON,P00169,S. Khan,INITIALS,SRCU002,0.97,2026-05-07 19:09:54
AL001770,PERSON,P00170,A. Shah,INITIALS,SRCU002,0.88,2026-04-08 15:55:24
AL001771,PERSON,P00171,P. Khan,INITIALS,SRCU002,0.96,2026-04-03 18:21:10
AL001772,PERSON,P00172,N. Saxena,INITIALS,SRCU002,0.86,2025-10-12 00:51:40
AL001773,PERSON,P00173,P. Mehta,INITIALS,SRCU002,0.92,2025-02-23 05:33:07
AL001774,PERSON,P00174,P. Shah,INITIALS,SRCU002,0.88,2025-03-19 13:28:18
AL001775,PERSON,P00175,N. Agarwal,INITIALS,SRCU002,0.87,2025-11-09 00:23:56
AL001776,PERSON,P00176,V. Verma,INITIALS,SRCU002,0.92,2025-06-17 15:43:19
AL001777,PERSON,P00177,D. Shah,INITIALS,SRCU002,0.89,2026-03-20 16:09:25
AL001778,PERSON,P00178,Y. Rathore,INITIALS,SRCU002,0.94,2026-02-04 21:06:45
AL001779,PERSON,P00179,S. Mehta,INITIALS,SRCU002,0.95,2026-08-05 07:36:18
AL001780,PERSON,P00180,V. Bansal,INITIALS,SRCU002,0.95,2025-05-22 18:52:09
AL001781,PERSON,P00181,P. Deshmukh,INITIALS,SRCU002,0.93,2026-07-08 02:40:46
AL001782,PERSON,P00182,A. Agarwal,INITIALS,SRCU002,0.92,2026-05-17 18:23:52
AL001783,PERSON,P00183,N. Saxena,INITIALS,SRCU002,0.97,2025-07-11 01:09:16
AL001784,PERSON,P00184,M. Tiwari,INITIALS,SRCU002,0.93,2026-05-07 23:21:09
AL001785,PERSON,P00185,I. Bansal,INITIALS,SRCU002,0.92,2026-04-06 05:12:30
AL001786,PERSON,P00186,K. Gupta,INITIALS,SRCU002,0.88,2026-08-02 04:56:18
AL001787,PERSON,P00187,M. Patel,INITIALS,SRCU002,0.9,2025-01-15 03:32:29
AL001788,PERSON,P00188,R. Khan,INITIALS,SRCU002,0.89,2026-02-27 19:41:19
AL001789,PERSON,P00189,I. Jain,INITIALS,SRCU002,0.89,2025-06-30 06:45:33
AL001790,PERSON,P00190,K. Rathore,INITIALS,SRCU002,0.89,2026-07-15 17:25:31
AL001791,PERSON,P00191,V. Mishra,INITIALS,SRCU002,0.95,2026-07-15 21:04:31
AL001792,PERSON,P00192,N. Tiwari,INITIALS,SRCU002,0.94,2025-08-31 21:29:47
AL001793,PERSON,P00193,D. Bansal,INITIALS,SRCU002,0.96,2025-02-13 07:50:24
AL001794,PERSON,P00194,A. Mishra,INITIALS,SRCU002,0.87,2026-02-12 23:22:56
AL001795,PERSON,P00195,A. Joshi,INITIALS,SRCU002,0.86,2025-07-13 10:02:29
AL001796,PERSON,P00196,S. Rathore,INITIALS,SRCU002,0.86,2025-12-24 04:29:25
AL001797,PERSON,P00197,A. Malhotra,INITIALS,SRCU002,0.91,2026-08-07 11:24:16
AL001798,PERSON,P00198,V. Jain,INITIALS,SRCU002,0.94,2025-02-26 21:38:08
AL001799,PERSON,P00199,Y. Tiwari,INITIALS,SRCU002,0.87,2025-07-01 17:13:17
AL001800,PERSON,P00200,N. Jain,INITIALS,SRCU002,0.95,2026-05-20 00:33:38
AL001801,PERSON,P00201,R. Bansal,INITIALS,SRCU002,0.85,2025-04-15 05:04:28
AL001802,PERSON,P00202,N. Malhotra,INITIALS,SRCU002,0.91,2026-08-27 08:11:04
AL001803,PERSON,P00203,A. Shah,INITIALS,SRCU002,0.91,2025-04-30 14:22:15
AL001804,PERSON,P00204,S. Yadav,INITIALS,SRCU002,0.86,2025-02-11 05:07:58
AL001805,PERSON,P00205,V. Agarwal,INITIALS,SRCU002,0.91,2026-04-28 09:22:34
AL001806,PERSON,P00206,A. Tiwari,INITIALS,SRCU002,0.96,2025-12-24 11:20:51
AL001807,PERSON,P00207,R. Joshi,INITIALS,SRCU002,0.9,2025-04-26 19:32:42
AL001808,PERSON,P00208,A. Joshi,INITIALS,SRCU002,0.91,2025-10-29 05:29:43
AL001809,PERSON,P00209,I. Mishra,INITIALS,SRCU002,0.95,2025-09-07 04:58:45
AL001810,PERSON,P00210,S. Agarwal,INITIALS,SRCU002,0.89,2025-06-16 22:02:52
AL001811,PERSON,P00211,V. Saxena,INITIALS,SRCU002,0.88,2025-03-30 02:33:22
AL001812,PERSON,P00212,N. Bansal,INITIALS,SRCU002,0.92,2025-06-11 22:11:17
AL001813,PERSON,P00213,R. Mehta,INITIALS,SRCU002,0.93,2025-12-30 05:14:31
AL001814,PERSON,P00214,R. Yadav,INITIALS,SRCU002,0.97,2025-11-19 17:33:20
AL001815,PERSON,P00215,S. Malhotra,INITIALS,SRCU002,0.86,2026-08-18 23:55:45
AL001816,PERSON,P00216,R. Patel,INITIALS,SRCU002,0.87,2026-03-21 09:09:24
AL001817,PERSON,P00217,M. Gupta,INITIALS,SRCU002,0.85,2026-01-10 18:34:18
AL001818,PERSON,P00218,A. Joshi,INITIALS,SRCU002,0.89,2025-04-04 01:54:12
AL001819,PERSON,P00219,A. Khan,INITIALS,SRCU002,0.87,2025-01-28 02:58:12
AL001820,PERSON,P00220,A. Saxena,INITIALS,SRCU002,0.88,2025-06-02 04:00:25
AL001821,PERSON,P00221,A. Agarwal,INITIALS,SRCU002,0.91,2025-05-03 05:05:22
AL001822,PERSON,P00222,S. Mehta,INITIALS,SRCU002,0.86,2025-04-02 05:25:31
AL001823,PERSON,P00223,R. Tiwari,INITIALS,SRCU002,0.92,2025-07-19 17:47:20
AL001824,PERSON,P00224,S. Patel,INITIALS,SRCU002,0.94,2025-11-06 19:11:30
AL001825,PERSON,P00225,N. Bansal,INITIALS,SRCU002,0.89,2026-01-11 08:46:09
AL001826,PERSON,P00226,N. Agarwal,INITIALS,SRCU002,0.91,2026-04-22 08:17:46
AL001827,PERSON,P00227,Y. Deshmukh,INITIALS,SRCU002,0.87,2026-07-18 01:53:39
AL001828,PERSON,P00228,P. Shah,INITIALS,SRCU002,0.97,2026-06-20 22:27:42
AL001829,PERSON,P00229,N. Tiwari,INITIALS,SRCU002,0.87,2026-01-03 13:48:43
AL001830,PERSON,P00230,A. Agarwal,INITIALS,SRCU002,0.94,2025-04-06 13:56:26
AL001831,PERSON,P00231,R. Joshi,INITIALS,SRCU002,0.86,2025-03-12 14:00:54
AL001832,PERSON,P00232,V. Tiwari,INITIALS,SRCU002,0.93,2026-07-25 01:03:53
AL001833,PERSON,P00233,A. Verma,INITIALS,SRCU002,0.93,2025-08-22 23:19:52
AL001834,PERSON,P00234,S. Joshi,INITIALS,SRCU002,0.89,2025-03-18 23:26:40
AL001835,PERSON,P00235,M. Sharma,INITIALS,SRCU002,0.87,2025-08-02 22:14:51
AL001836,PERSON,P00236,V. Agarwal,INITIALS,SRCU002,0.93,2026-01-24 10:33:10
AL001837,PERSON,P00237,A. Singh,INITIALS,SRCU002,0.88,2025-07-15 03:55:47
AL001838,PERSON,P00238,R. Gupta,INITIALS,SRCU002,0.89,2026-08-19 16:57:32
AL001839,PERSON,P00239,K. Deshmukh,INITIALS,SRCU002,0.91,2026-09-02 06:17:51
AL001840,PERSON,P00240,R. Saxena,INITIALS,SRCU002,0.91,2025-03-16 12:14:08
AL001841,PERSON,P00241,A. Joshi,INITIALS,SRCU002,0.96,2026-06-18 04:35:55
AL001842,PERSON,P00242,Y. Joshi,INITIALS,SRCU002,0.9,2026-01-13 04:31:41
AL001843,PERSON,P00243,R. Rathore,INITIALS,SRCU002,0.93,2025-09-10 23:46:39
AL001844,PERSON,P00244,A. Shah,INITIALS,SRCU002,0.87,2026-06-10 12:08:03
AL001845,PERSON,P00245,K. Shah,INITIALS,SRCU002,0.96,2025-12-02 23:32:52
AL001846,PERSON,P00246,I. Deshmukh,INITIALS,SRCU002,0.94,2026-04-01 18:30:56
AL001847,PERSON,P00247,A. Yadav,INITIALS,SRCU002,0.88,2026-07-06 17:09:12
AL001848,PERSON,P00248,N. Rathore,INITIALS,SRCU002,0.89,2026-04-20 00:34:41
AL001849,PERSON,P00249,A. Joshi,INITIALS,SRCU002,0.88,2026-07-05 02:31:06
AL001850,PERSON,P00250,I. Malhotra,INITIALS,SRCU002,0.93,2026-03-22 05:24:44
AL001851,PERSON,P00251,M. Agarwal,INITIALS,SRCU002,0.88,2025-12-29 07:20:34
AL001852,PERSON,P00252,N. Malhotra,INITIALS,SRCU002,0.96,2025-06-22 09:09:23
AL001853,PERSON,P00253,M. Verma,INITIALS,SRCU002,0.86,2026-08-08 15:36:22
AL001854,PERSON,P00254,M. Gupta,INITIALS,SRCU002,0.86,2025-01-10 17:12:25
AL001855,PERSON,P00255,Y. Shah,INITIALS,SRCU002,0.93,2026-06-26 00:18:04
AL001856,PERSON,P00256,A. Rathore,INITIALS,SRCU002,0.92,2025-09-14 08:08:46
AL001857,PERSON,P00257,N. Rathore,INITIALS,SRCU002,0.9,2026-03-14 17:46:04
AL001858,PERSON,P00258,P. Mehta,INITIALS,SRCU002,0.89,2026-03-24 10:10:59
AL001859,PERSON,P00259,N. Verma,INITIALS,SRCU002,0.92,2025-10-02 14:29:16
AL001860,PERSON,P00260,Y. Patel,INITIALS,SRCU002,0.96,2026-02-26 01:54:37
AL001861,PERSON,P00261,K. Patel,INITIALS,SRCU002,0.94,2026-05-25 07:34:09
AL001862,PERSON,P00262,S. Agarwal,INITIALS,SRCU002,0.96,2026-01-27 20:18:14
AL001863,PERSON,P00263,A. Mishra,INITIALS,SRCU002,0.89,2025-04-13 03:05:13
AL001864,PERSON,P00264,N. Jain,INITIALS,SRCU002,0.9,2025-02-13 21:11:48
AL001865,PERSON,P00265,I. Shah,INITIALS,SRCU002,0.93,2025-02-04 16:39:33
AL001866,PERSON,P00266,M. Khan,INITIALS,SRCU002,0.95,2026-01-21 16:09:51
AL001867,PERSON,P00267,N. Deshmukh,INITIALS,SRCU002,0.96,2025-08-11 04:17:08
AL001868,PERSON,P00268,Y. Saxena,INITIALS,SRCU002,0.95,2026-05-24 17:21:31
AL001869,PERSON,P00269,V. Deshmukh,INITIALS,SRCU002,0.94,2026-03-27 10:28:47
AL001870,PERSON,P00270,R. Bansal,INITIALS,SRCU002,0.91,2025-04-26 10:47:24
AL001871,PERSON,P00271,A. Gupta,INITIALS,SRCU002,0.93,2025-09-10 08:40:11
AL001872,PERSON,P00272,D. Shah,INITIALS,SRCU002,0.95,2026-09-04 08:49:25
AL001873,PERSON,P00273,I. Gupta,INITIALS,SRCU002,0.94,2026-02-24 21:20:54
AL001874,PERSON,P00274,V. Mehta,INITIALS,SRCU002,0.88,2026-01-12 03:38:44
AL001875,PERSON,P00275,I. Mishra,INITIALS,SRCU002,0.94,2025-03-18 05:52:57
AL001876,PERSON,P00276,P. Tiwari,INITIALS,SRCU002,0.87,2025-12-10 17:28:36
AL001877,PERSON,P00277,R. Jain,INITIALS,SRCU002,0.96,2025-12-11 15:51:12
AL001878,PERSON,P00278,R. Chauhan,INITIALS,SRCU002,0.95,2026-08-15 04:54:21
AL001879,PERSON,P00279,I. Patel,INITIALS,SRCU002,0.96,2026-03-27 02:32:17
AL001880,PERSON,P00280,A. Deshmukh,INITIALS,SRCU002,0.9,2026-08-22 13:25:18
AL001881,PERSON,P00281,V. Tiwari,INITIALS,SRCU002,0.89,2026-03-27 20:28:28
AL001882,PERSON,P00282,N. Shah,INITIALS,SRCU002,0.95,2025-08-27 04:56:56
AL001883,PERSON,P00283,P. Bansal,INITIALS,SRCU002,0.86,2026-05-18 22:48:44
AL001884,PERSON,P00284,N. Khan,INITIALS,SRCU002,0.88,2025-11-20 17:50:37
AL001885,PERSON,P00285,V. Joshi,INITIALS,SRCU002,0.96,2025-12-06 12:26:52
AL001886,PERSON,P00286,V. Jain,INITIALS,SRCU002,0.86,2025-06-03 23:15:34
AL001887,PERSON,P00287,A. Tiwari,INITIALS,SRCU002,0.9,2025-11-07 20:22:13
AL001888,PERSON,P00288,N. Yadav,INITIALS,SRCU002,0.95,2025-12-13 15:42:07
AL001889,PERSON,P00289,Y. Verma,INITIALS,SRCU002,0.93,2025-02-08 16:29:33
AL001890,PERSON,P00290,M. Sharma,INITIALS,SRCU002,0.94,2026-09-01 18:46:32
AL001891,PERSON,P00291,R. Chauhan,INITIALS,SRCU002,0.88,2025-01-08 03:36:36
AL001892,PERSON,P00292,M. Malhotra,INITIALS,SRCU002,0.97,2026-07-25 07:45:35
AL001893,PERSON,P00293,M. Joshi,INITIALS,SRCU002,0.97,2025-04-01 03:19:28
AL001894,PERSON,P00294,R. Sharma,INITIALS,SRCU002,0.89,2025-05-20 05:02:56
AL001895,PERSON,P00295,A. Shah,INITIALS,SRCU002,0.94,2026-02-11 00:39:05
AL001896,PERSON,P00296,M. Yadav,INITIALS,SRCU002,0.93,2025-01-27 04:31:31
AL001897,PERSON,P00297,K. Tiwari,INITIALS,SRCU002,0.87,2025-07-22 03:28:42
AL001898,PERSON,P00298,N. Jain,INITIALS,SRCU002,0.87,2025-05-15 23:09:06
AL001899,PERSON,P00299,Y. Deshmukh,INITIALS,SRCU002,0.96,2026-08-07 21:16:56
AL001900,PERSON,P00300,A. Bansal,INITIALS,SRCU002,0.88,2026-04-17 18:17:17
AL001901,PERSON,P00301,A. Khan,INITIALS,SRCU002,0.86,2025-05-01 23:08:11
AL001902,PERSON,P00302,S. Saxena,INITIALS,SRCU002,0.88,2026-06-10 18:27:49
AL001903,PERSON,P00303,A. Jain,INITIALS,SRCU002,0.94,2025-09-27 08:37:11
AL001904,PERSON,P00304,R. Rathore,INITIALS,SRCU002,0.86,2025-09-04 18:37:38
AL001905,PERSON,P00305,K. Joshi,INITIALS,SRCU002,0.88,2025-10-01 13:16:14
AL001906,PERSON,P00306,R. Shah,INITIALS,SRCU002,0.89,2025-05-23 17:18:16
AL001907,PERSON,P00307,K. Joshi,INITIALS,SRCU002,0.96,2026-04-30 07:07:06
AL001908,PERSON,P00308,V. Shah,INITIALS,SRCU002,0.88,2026-01-18 02:28:06
AL001909,PERSON,P00309,A. Mehta,INITIALS,SRCU002,0.9,2026-07-25 06:38:44
AL001910,PERSON,P00310,A. Joshi,INITIALS,SRCU002,0.95,2025-05-23 21:50:16
AL001911,PERSON,P00311,D. Rathore,INITIALS,SRCU002,0.95,2026-02-14 22:07:28
AL001912,PERSON,P00312,A. Mehta,INITIALS,SRCU002,0.93,2025-08-20 13:07:36
AL001913,PERSON,P00313,A. Singh,INITIALS,SRCU002,0.93,2026-04-23 11:19:00
AL001914,PERSON,P00314,P. Malhotra,INITIALS,SRCU002,0.93,2026-07-28 06:35:04
AL001915,PERSON,P00315,A. Patel,INITIALS,SRCU002,0.9,2025-11-07 11:08:16
AL001916,PERSON,P00316,A. Sharma,INITIALS,SRCU002,0.9,2026-07-15 11:24:35
AL001917,PERSON,P00317,P. Chauhan,INITIALS,SRCU002,0.88,2025-03-25 15:54:01
AL001918,PERSON,P00318,A. Malhotra,INITIALS,SRCU002,0.86,2025-08-05 13:46:48
AL001919,PERSON,P00319,M. Deshmukh,INITIALS,SRCU002,0.93,2025-09-11 22:20:52
AL001920,PERSON,P00320,S. Deshmukh,INITIALS,SRCU002,0.96,2025-07-29 02:49:03
AL001921,PERSON,P00321,R. Deshmukh,INITIALS,SRCU002,0.86,2026-04-19 00:13:45
AL001922,PERSON,P00322,S. Agarwal,INITIALS,SRCU002,0.86,2025-09-28 00:06:04
AL001923,PERSON,P00323,A. Saxena,INITIALS,SRCU002,0.97,2025-08-23 22:37:59
AL001924,PERSON,P00324,R. Sharma,INITIALS,SRCU002,0.91,2026-03-25 18:33:27
AL001925,PERSON,P00325,S. Mishra,INITIALS,SRCU002,0.87,2026-02-12 23:56:24
AL001926,PERSON,P00326,A. Chauhan,INITIALS,SRCU002,0.97,2026-04-28 21:22:05
AL001927,PERSON,P00327,N. Mishra,INITIALS,SRCU002,0.86,2025-11-05 09:24:53
AL001928,PERSON,P00328,A. Jain,INITIALS,SRCU002,0.86,2026-01-25 23:07:22
AL001929,PERSON,P00329,P. Joshi,INITIALS,SRCU002,0.97,2026-05-03 04:16:36
AL001930,PERSON,P00330,R. Shah,INITIALS,SRCU002,0.96,2026-01-31 04:12:05
AL001931,PERSON,P00331,A. Bansal,INITIALS,SRCU002,0.89,2026-07-06 04:33:01
AL001932,PERSON,P00332,A. Patel,INITIALS,SRCU002,0.91,2025-10-20 18:04:05
AL001933,PERSON,P00333,M. Patel,INITIALS,SRCU002,0.88,2026-08-05 06:29:12
AL001934,PERSON,P00334,A. Patel,INITIALS,SRCU002,0.92,2026-04-18 07:19:22
AL001935,PERSON,P00335,R. Khan,INITIALS,SRCU002,0.87,2025-03-06 16:37:30
AL001936,PERSON,P00336,N. Mishra,INITIALS,SRCU002,0.93,2026-07-31 00:50:54
AL001937,PERSON,P00337,A. Gupta,INITIALS,SRCU002,0.95,2026-01-25 13:03:53
AL001938,PERSON,P00338,K. Saxena,INITIALS,SRCU002,0.87,2025-03-12 10:18:34
AL001939,PERSON,P00339,N. Joshi,INITIALS,SRCU002,0.88,2026-06-22 18:24:47
AL001940,PERSON,P00340,D. Deshmukh,INITIALS,SRCU002,0.89,2025-09-04 03:38:18
AL001941,PERSON,P00341,S. Patel,INITIALS,SRCU002,0.86,2025-06-15 06:23:46
AL001942,PERSON,P00342,A. Deshmukh,INITIALS,SRCU002,0.9,2025-03-26 00:08:03
AL001943,PERSON,P00343,N. Khan,INITIALS,SRCU002,0.96,2025-11-10 22:11:33
AL001944,PERSON,P00344,Y. Verma,INITIALS,SRCU002,0.88,2026-02-01 12:16:26
AL001945,PERSON,P00345,R. Bansal,INITIALS,SRCU002,0.91,2026-05-18 23:23:40
AL001946,PERSON,P00346,K. Mehta,INITIALS,SRCU002,0.87,2025-12-02 03:06:57
AL001947,PERSON,P00347,M. Khan,INITIALS,SRCU002,0.93,2025-02-27 03:31:55
AL001948,PERSON,P00348,K. Tiwari,INITIALS,SRCU002,0.85,2025-08-24 02:17:20
AL001949,PERSON,P00349,A. Jain,INITIALS,SRCU002,0.91,2025-12-18 04:34:42
AL001950,PERSON,P00350,A. Yadav,INITIALS,SRCU002,0.94,2025-05-10 13:54:35
AL001951,PERSON,P00351,R. Deshmukh,INITIALS,SRCU002,0.91,2026-01-22 12:28:23
AL001952,PERSON,P00352,N. Tiwari,INITIALS,SRCU002,0.89,2026-05-19 19:44:03
AL001953,PERSON,P00353,K. Bansal,INITIALS,SRCU002,0.93,2026-01-23 15:24:23
AL001954,PERSON,P00354,A. Singh,INITIALS,SRCU002,0.95,2025-02-11 17:54:31
AL001955,PERSON,P00355,S. Malhotra,INITIALS,SRCU002,0.94,2025-03-08 03:03:36
AL001956,PERSON,P00356,A. Saxena,INITIALS,SRCU002,0.89,2026-03-20 10:24:30
AL001957,PERSON,P00357,I. Mehta,INITIALS,SRCU002,0.87,2026-05-03 07:45:28
AL001958,PERSON,P00358,A. Gupta,INITIALS,SRCU002,0.97,2026-07-30 03:51:05
AL001959,PERSON,P00359,R. Rathore,INITIALS,SRCU002,0.9,2025-04-12 03:14:27
AL001960,PERSON,P00360,D. Sharma,INITIALS,SRCU002,0.91,2026-08-08 05:24:58
AL001961,PERSON,P00361,A. Gupta,INITIALS,SRCU002,0.9,2025-01-26 03:18:30
AL001962,PERSON,P00362,K. Mehta,INITIALS,SRCU002,0.89,2025-10-08 19:56:14
AL001963,PERSON,P00363,A. Jain,INITIALS,SRCU002,0.93,2025-12-07 22:57:13
AL001964,PERSON,P00364,S. Jain,INITIALS,SRCU002,0.95,2025-05-26 01:59:16
AL001965,PERSON,P00365,R. Mishra,INITIALS,SRCU002,0.92,2025-12-30 21:34:28
AL001966,PERSON,P00366,A. Joshi,INITIALS,SRCU002,0.93,2025-10-19 20:10:40
AL001967,PERSON,P00367,R. Mehta,INITIALS,SRCU002,0.93,2025-12-29 11:09:16
AL001968,PERSON,P00368,I. Singh,INITIALS,SRCU002,0.91,2025-01-15 23:14:50
AL001969,PERSON,P00369,P. Patel,INITIALS,SRCU002,0.92,2026-01-08 15:16:45
AL001970,PERSON,P00370,K. Mehta,INITIALS,SRCU002,0.95,2025-09-29 15:53:07
AL001971,PERSON,P00371,V. Deshmukh,INITIALS,SRCU002,0.87,2026-06-12 10:20:45
AL001972,PERSON,P00372,K. Jain,INITIALS,SRCU002,0.91,2025-05-05 18:21:35
AL001973,PERSON,P00373,M. Sharma,INITIALS,SRCU002,0.9,2025-08-16 14:45:34
AL001974,PERSON,P00374,P. Khan,INITIALS,SRCU002,0.9,2026-01-27 03:40:29
AL001975,PERSON,P00375,R. Verma,INITIALS,SRCU002,0.97,2026-05-18 11:26:17
AL001976,PERSON,P00376,P. Mishra,INITIALS,SRCU002,0.95,2026-08-28 05:18:49
AL001977,PERSON,P00377,A. Agarwal,INITIALS,SRCU002,0.91,2025-09-18 04:48:15
AL001978,PERSON,P00378,N. Mehta,INITIALS,SRCU002,0.86,2026-06-23 01:21:21
AL001979,PERSON,P00379,A. Yadav,INITIALS,SRCU002,0.87,2025-03-15 22:53:48
AL001980,PERSON,P00380,A. Sharma,INITIALS,SRCU002,0.89,2025-05-04 02:45:58
AL001981,PERSON,P00381,K. Khan,INITIALS,SRCU002,0.96,2025-10-23 23:02:17
AL001982,PERSON,P00382,K. Bansal,INITIALS,SRCU002,0.92,2025-03-04 17:51:48
AL001983,PERSON,P00383,M. Shah,INITIALS,SRCU002,0.9,2026-03-18 08:15:34
AL001984,PERSON,P00384,V. Bansal,INITIALS,SRCU002,0.93,2025-10-15 18:34:39
AL001985,PERSON,P00385,N. Singh,INITIALS,SRCU002,0.86,2025-10-25 17:44:55
AL001986,PERSON,P00386,V. Joshi,INITIALS,SRCU002,0.96,2025-01-05 21:22:20
AL001987,PERSON,P00387,V. Verma,INITIALS,SRCU002,0.85,2025-06-10 15:08:46
AL001988,PERSON,P00388,M. Agarwal,INITIALS,SRCU002,0.9,2025-06-23 06:43:08
AL001989,PERSON,P00389,K. Agarwal,INITIALS,SRCU002,0.86,2026-04-16 13:29:45
AL001990,PERSON,P00390,I. Tiwari,INITIALS,SRCU002,0.89,2025-06-23 12:25:38
AL001991,PERSON,P00391,S. Sharma,INITIALS,SRCU002,0.93,2026-04-05 00:46:09
AL001992,PERSON,P00392,V. Mishra,INITIALS,SRCU002,0.85,2026-08-02 15:48:40
AL001993,PERSON,P00393,M. Bansal,INITIALS,SRCU002,0.85,2025-07-06 06:53:54
AL001994,PERSON,P00394,V. Singh,INITIALS,SRCU002,0.9,2025-07-08 18:38:42
AL001995,PERSON,P00395,K. Joshi,INITIALS,SRCU002,0.91,2025-01-19 06:40:31
AL001996,PERSON,P00396,R. Singh,INITIALS,SRCU002,0.9,2026-01-30 19:39:48
AL001997,PERSON,P00397,A. Tiwari,INITIALS,SRCU002,0.94,2025-06-06 23:27:07
AL001998,PERSON,P00398,A. Mehta,INITIALS,SRCU002,0.96,2026-03-23 09:08:37
AL001999,PERSON,P00399,S. Singh,INITIALS,SRCU002,0.95,2026-02-02 02:51:44
AL002000,PERSON,P00400,K. Khan,INITIALS,SRCU002,0.96,2026-08-17 06:22:48
AL002001,PERSON,P00401,D. Patel,INITIALS,SRCU002,0.96,2026-05-03 16:11:34
AL002002,PERSON,P00402,N. Mehta,INITIALS,SRCU002,0.89,2025-11-14 19:26:13
AL002003,PERSON,P00403,D. Singh,INITIALS,SRCU002,0.97,2026-05-01 13:31:42
AL002004,PERSON,P00404,N. Shah,INITIALS,SRCU002,0.96,2025-09-10 04:42:41
AL002005,PERSON,P00405,K. Saxena,INITIALS,SRCU002,0.92,2026-05-04 11:45:40
AL002006,PERSON,P00406,Y. Deshmukh,INITIALS,SRCU002,0.87,2026-07-30 09:22:51
AL002007,PERSON,P00407,V. Mehta,INITIALS,SRCU002,0.95,2025-10-24 20:31:31
AL002008,PERSON,P00408,V. Tiwari,INITIALS,SRCU002,0.94,2025-03-02 08:53:17
AL002009,PERSON,P00409,N. Shah,INITIALS,SRCU002,0.91,2026-04-22 06:48:36
AL002010,PERSON,P00410,A. Malhotra,INITIALS,SRCU002,0.96,2026-01-14 08:12:15
AL002011,PERSON,P00411,V. Khan,INITIALS,SRCU002,0.91,2025-03-24 19:12:04
AL002012,PERSON,P00412,I. Verma,INITIALS,SRCU002,0.87,2026-08-24 22:52:14
AL002013,PERSON,P00413,S. Saxena,INITIALS,SRCU002,0.87,2025-12-05 20:21:45
AL002014,PERSON,P00414,R. Rathore,INITIALS,SRCU002,0.95,2026-06-02 17:40:23
AL002015,PERSON,P00415,V. Sharma,INITIALS,SRCU002,0.89,2026-02-23 23:00:20
AL002016,PERSON,P00416,A. Khan,INITIALS,SRCU002,0.89,2025-06-25 22:49:14
AL002017,PERSON,P00417,A. Bansal,INITIALS,SRCU002,0.93,2026-06-07 16:13:49
AL002018,PERSON,P00418,S. Singh,INITIALS,SRCU002,0.95,2025-03-07 12:28:53
AL002019,PERSON,P00419,R. Deshmukh,INITIALS,SRCU002,0.95,2026-07-17 18:12:35
AL002020,PERSON,P00420,R. Khan,INITIALS,SRCU002,0.96,2025-11-30 12:22:30
AL002021,PERSON,P00421,N. Deshmukh,INITIALS,SRCU002,0.95,2026-02-04 04:50:13
AL002022,PERSON,P00422,V. Saxena,INITIALS,SRCU002,0.88,2025-09-08 10:06:57
AL002023,PERSON,P00423,V. Mehta,INITIALS,SRCU002,0.97,2025-12-30 17:39:18
AL002024,PERSON,P00424,A. Khan,INITIALS,SRCU002,0.9,2025-05-13 16:20:54
AL002025,PERSON,P00425,M. Shah,INITIALS,SRCU002,0.88,2026-03-16 06:01:28
AL002026,PERSON,P00426,A. Mehta,INITIALS,SRCU002,0.91,2026-05-15 02:30:26
AL002027,PERSON,P00427,M. Mehta,INITIALS,SRCU002,0.93,2026-05-17 05:38:00
AL002028,PERSON,P00428,M. Mishra,INITIALS,SRCU002,0.86,2025-03-03 23:23:54
AL002029,PERSON,P00429,I. Tiwari,INITIALS,SRCU002,0.97,2025-02-02 04:27:12
AL002030,PERSON,P00430,R. Rathore,INITIALS,SRCU002,0.96,2025-09-25 14:08:39
AL002031,PERSON,P00431,N. Deshmukh,INITIALS,SRCU002,0.96,2025-01-28 06:17:19
AL002032,PERSON,P00432,A. Rathore,INITIALS,SRCU002,0.9,2026-05-29 19:28:14
AL002033,PERSON,P00433,A. Tiwari,INITIALS,SRCU002,0.88,2026-06-07 03:43:22
AL002034,PERSON,P00434,D. Yadav,INITIALS,SRCU002,0.97,2025-10-17 10:08:45
AL002035,PERSON,P00435,P. Patel,INITIALS,SRCU002,0.9,2025-05-18 17:55:22
AL002036,PERSON,P00436,A. Bansal,INITIALS,SRCU002,0.95,2025-09-30 04:58:29
AL002037,PERSON,P00437,A. Verma,INITIALS,SRCU002,0.93,2025-03-07 13:39:07
AL002038,PERSON,P00438,K. Gupta,INITIALS,SRCU002,0.88,2025-01-12 10:09:51
AL002039,PERSON,P00439,S. Singh,INITIALS,SRCU002,0.95,2025-04-10 16:04:09
AL002040,PERSON,P00440,S. Malhotra,INITIALS,SRCU002,0.85,2025-03-24 06:10:22
AL002041,PERSON,P00441,A. Mishra,INITIALS,SRCU002,0.95,2025-01-30 22:11:15
AL002042,PERSON,P00442,M. Tiwari,INITIALS,SRCU002,0.92,2025-10-15 09:47:13
AL002043,PERSON,P00443,M. Verma,INITIALS,SRCU002,0.89,2025-01-20 19:33:45
AL002044,PERSON,P00444,V. Chauhan,INITIALS,SRCU002,0.88,2025-08-11 17:50:31
AL002045,PERSON,P00445,S. Agarwal,INITIALS,SRCU002,0.94,2025-11-28 23:45:18
AL002046,PERSON,P00446,I. Yadav,INITIALS,SRCU002,0.96,2025-08-30 15:57:48
AL002047,PERSON,P00447,R. Mishra,INITIALS,SRCU002,0.9,2026-07-19 20:51:45
AL002048,PERSON,P00448,M. Bansal,INITIALS,SRCU002,0.85,2026-02-10 04:47:12
AL002049,PERSON,P00449,S. Verma,INITIALS,SRCU002,0.9,2026-05-30 04:03:59
AL002050,PERSON,P00450,S. Yadav,INITIALS,SRCU002,0.86,2025-08-03 11:46:24
AL002051,PERSON,P00451,D. Khan,INITIALS,SRCU002,0.87,2026-05-22 10:14:56
AL002052,PERSON,P00452,I. Mehta,INITIALS,SRCU002,0.91,2026-07-15 09:46:20
AL002053,PERSON,P00453,R. Jain,INITIALS,SRCU002,0.89,2026-06-23 12:07:10
AL002054,PERSON,P00454,P. Sharma,INITIALS,SRCU002,0.92,2025-02-13 05:47:37
AL002055,PERSON,P00455,K. Agarwal,INITIALS,SRCU002,0.86,2025-04-27 07:19:04
AL002056,PERSON,P00456,M. Bansal,INITIALS,SRCU002,0.89,2025-07-15 01:22:29
AL002057,PERSON,P00457,S. Saxena,INITIALS,SRCU002,0.85,2025-02-10 07:46:33
AL002058,PERSON,P00458,S. Malhotra,INITIALS,SRCU002,0.91,2025-03-25 15:53:00
AL002059,PERSON,P00459,V. Verma,INITIALS,SRCU002,0.95,2025-04-15 13:59:11
AL002060,PERSON,P00460,M. Malhotra,INITIALS,SRCU002,0.95,2026-06-22 09:39:39
AL002061,PERSON,P00461,S. Jain,INITIALS,SRCU002,0.88,2026-06-18 16:43:17
AL002062,PERSON,P00462,S. Tiwari,INITIALS,SRCU002,0.9,2025-06-04 04:00:47
AL002063,PERSON,P00463,R. Khan,INITIALS,SRCU002,0.89,2026-07-18 08:53:28
AL002064,PERSON,P00464,A. Joshi,INITIALS,SRCU002,0.92,2025-02-03 11:20:57
AL002065,PERSON,P00465,N. Shah,INITIALS,SRCU002,0.89,2025-02-22 15:37:53
AL002066,PERSON,P00466,P. Chauhan,INITIALS,SRCU002,0.94,2025-07-25 23:28:18
AL002067,PERSON,P00467,S. Yadav,INITIALS,SRCU002,0.91,2025-06-06 15:06:41
AL002068,PERSON,P00468,K. Joshi,INITIALS,SRCU002,0.86,2025-05-10 16:24:26
AL002069,PERSON,P00469,M. Mehta,INITIALS,SRCU002,0.93,2025-02-25 17:27:08
AL002070,PERSON,P00470,V. Tiwari,INITIALS,SRCU002,0.85,2025-11-13 02:12:44
AL002071,PERSON,P00471,A. Jain,INITIALS,SRCU002,0.85,2025-12-03 13:44:18
AL002072,PERSON,P00472,S. Agarwal,INITIALS,SRCU002,0.9,2025-03-14 04:05:07
AL002073,PERSON,P00473,Y. Bansal,INITIALS,SRCU002,0.93,2025-11-05 08:46:12
AL002074,PERSON,P00474,K. Chauhan,INITIALS,SRCU002,0.9,2026-02-18 17:30:23
AL002075,PERSON,P00475,K. Patel,INITIALS,SRCU002,0.85,2026-06-22 22:02:14
AL002076,PERSON,P00476,Y. Verma,INITIALS,SRCU002,0.93,2025-11-21 06:50:06
AL002077,PERSON,P00477,D. Chauhan,INITIALS,SRCU002,0.93,2026-03-07 13:23:34
AL002078,PERSON,P00478,A. Agarwal,INITIALS,SRCU002,0.87,2025-11-04 22:13:49
AL002079,PERSON,P00479,S. Patel,INITIALS,SRCU002,0.85,2026-03-24 00:24:44
AL002080,PERSON,P00480,R. Deshmukh,INITIALS,SRCU002,0.86,2025-07-29 08:31:54
AL002081,PERSON,P00481,V. Tiwari,INITIALS,SRCU002,0.88,2025-03-30 14:49:02
AL002082,PERSON,P00482,A. Patel,INITIALS,SRCU002,0.89,2025-09-25 07:44:26
AL002083,PERSON,P00483,A. Malhotra,INITIALS,SRCU002,0.93,2026-05-02 18:15:44
AL002084,PERSON,P00484,K. Verma,INITIALS,SRCU002,0.92,2026-06-14 23:31:55
AL002085,PERSON,P00485,P. Verma,INITIALS,SRCU002,0.86,2025-01-08 01:46:38
AL002086,PERSON,P00486,Y. Malhotra,INITIALS,SRCU002,0.93,2025-10-25 22:15:30
AL002087,PERSON,P00487,D. Malhotra,INITIALS,SRCU002,0.9,2025-05-31 20:10:19
AL002088,PERSON,P00488,A. Singh,INITIALS,SRCU002,0.94,2026-03-11 08:08:58
AL002089,PERSON,P00489,K. Shah,INITIALS,SRCU002,0.93,2025-12-14 03:37:36
AL002090,PERSON,P00490,M. Singh,INITIALS,SRCU002,0.92,2026-01-17 09:30:48
AL002091,PERSON,P00491,N. Joshi,INITIALS,SRCU002,0.96,2025-07-11 19:49:25
AL002092,PERSON,P00492,Y. Patel,INITIALS,SRCU002,0.94,2025-04-29 03:03:33
AL002093,PERSON,P00493,A. Singh,INITIALS,SRCU002,0.88,2025-10-30 12:23:50
AL002094,PERSON,P00494,R. Rathore,INITIALS,SRCU002,0.89,2025-04-24 04:05:57
AL002095,PERSON,P00495,K. Verma,INITIALS,SRCU002,0.95,2025-08-21 04:09:12
AL002096,PERSON,P00496,K. Shah,INITIALS,SRCU002,0.89,2025-09-20 01:48:20
AL002097,PERSON,P00497,I. Sharma,INITIALS,SRCU002,0.97,2026-04-11 19:59:46
AL002098,PERSON,P00498,K. Deshmukh,INITIALS,SRCU002,0.92,2025-08-06 07:43:56
AL002099,PERSON,P00499,S. Jain,INITIALS,SRCU002,0.97,2026-08-06 02:48:58
AL002100,PERSON,P00500,P. Jain,INITIALS,SRCU002,0.91,2026-01-02 03:46:59
AL002101,PERSON,P00501,V. Khan,INITIALS,SRCU002,0.85,2025-08-08 19:35:37
AL002102,PERSON,P00502,A. Chauhan,INITIALS,SRCU002,0.86,2025-10-17 04:25:17
AL002103,PERSON,P00503,N. Shah,INITIALS,SRCU002,0.93,2025-04-05 03:00:08
AL002104,PERSON,P00504,R. Rathore,INITIALS,SRCU002,0.87,2026-07-18 17:56:42
AL002105,PERSON,P00505,N. Bansal,INITIALS,SRCU002,0.94,2026-03-06 09:03:33
AL002106,PERSON,P00506,Y. Joshi,INITIALS,SRCU002,0.92,2025-06-17 16:44:31
AL002107,PERSON,P00507,A. Joshi,INITIALS,SRCU002,0.92,2025-05-23 18:20:03
AL002108,PERSON,P00508,I. Bansal,INITIALS,SRCU002,0.87,2026-01-29 07:09:18
AL002109,PERSON,P00509,Y. Agarwal,INITIALS,SRCU002,0.9,2025-06-16 11:27:52
AL002110,PERSON,P00510,S. Patel,INITIALS,SRCU002,0.94,2025-02-02 18:42:06
AL002111,PERSON,P00511,K. Sharma,INITIALS,SRCU002,0.91,2025-01-08 10:38:24
AL002112,PERSON,P00512,K. Khan,INITIALS,SRCU002,0.92,2026-04-13 18:07:22
AL002113,PERSON,P00513,P. Tiwari,INITIALS,SRCU002,0.88,2026-09-02 11:13:39
AL002114,PERSON,P00514,R. Jain,INITIALS,SRCU002,0.91,2025-09-22 15:12:23
AL002115,PERSON,P00515,K. Joshi,INITIALS,SRCU002,0.89,2026-02-18 03:51:30
AL002116,PERSON,P00516,R. Yadav,INITIALS,SRCU002,0.95,2025-11-14 09:53:21
AL002117,PERSON,P00517,P. Gupta,INITIALS,SRCU002,0.9,2026-07-10 11:45:47
AL002118,PERSON,P00518,A. Verma,INITIALS,SRCU002,0.85,2025-06-26 05:54:02
AL002119,PERSON,P00519,A. Joshi,INITIALS,SRCU002,0.94,2025-10-28 13:05:37
AL002120,PERSON,P00520,V. Deshmukh,INITIALS,SRCU002,0.94,2025-05-10 03:16:47
AL002121,PERSON,P00521,K. Bansal,INITIALS,SRCU002,0.94,2025-08-05 06:47:50
AL002122,PERSON,P00522,N. Jain,INITIALS,SRCU002,0.9,2025-09-20 17:50:51
AL002123,PERSON,P00523,Y. Bansal,INITIALS,SRCU002,0.93,2026-05-28 01:13:40
AL002124,PERSON,P00524,M. Deshmukh,INITIALS,SRCU002,0.89,2026-08-31 04:44:13
AL002125,PERSON,P00525,A. Chauhan,INITIALS,SRCU002,0.86,2025-06-25 02:45:38
AL002126,PERSON,P00526,V. Bansal,INITIALS,SRCU002,0.96,2025-06-20 21:56:02
AL002127,PERSON,P00527,A. Khan,INITIALS,SRCU002,0.9,2026-07-22 01:19:52
AL002128,PERSON,P00528,R. Mishra,INITIALS,SRCU002,0.91,2025-05-26 16:07:37
AL002129,PERSON,P00529,D. Joshi,INITIALS,SRCU002,0.92,2026-05-30 04:33:10
AL002130,PERSON,P00530,S. Jain,INITIALS,SRCU002,0.95,2026-01-07 07:11:59
AL002131,PERSON,P00531,P. Patel,INITIALS,SRCU002,0.92,2025-09-05 05:54:38
AL002132,PERSON,P00532,N. Bansal,INITIALS,SRCU002,0.91,2026-01-07 03:50:58
AL002133,PERSON,P00533,D. Chauhan,INITIALS,SRCU002,0.89,2025-11-01 00:33:12
AL002134,PERSON,P00534,I. Chauhan,INITIALS,SRCU002,0.96,2025-08-27 05:14:52
AL002135,PERSON,P00535,K. Saxena,INITIALS,SRCU002,0.94,2025-05-21 10:14:28
AL002136,PERSON,P00536,A. Tiwari,INITIALS,SRCU002,0.91,2026-08-20 04:58:59
AL002137,PERSON,P00537,N. Gupta,INITIALS,SRCU002,0.89,2025-07-03 05:56:21
AL002138,PERSON,P00538,K. Gupta,INITIALS,SRCU002,0.86,2025-03-27 15:06:02
AL002139,PERSON,P00539,M. Mehta,INITIALS,SRCU002,0.85,2026-08-30 22:21:38
AL002140,PERSON,P00540,V. Patel,INITIALS,SRCU002,0.88,2025-03-08 21:42:12
AL002141,PERSON,P00541,P. Agarwal,INITIALS,SRCU002,0.94,2026-07-21 01:42:08
AL002142,PERSON,P00542,V. Jain,INITIALS,SRCU002,0.95,2025-06-09 04:59:20
AL002143,PERSON,P00543,M. Yadav,INITIALS,SRCU002,0.88,2025-03-31 02:55:09
AL002144,PERSON,P00544,Y. Mehta,INITIALS,SRCU002,0.89,2025-10-15 11:07:45
AL002145,PERSON,P00545,N. Mehta,INITIALS,SRCU002,0.95,2025-08-06 12:18:27
AL002146,PERSON,P00546,R. Verma,INITIALS,SRCU002,0.86,2025-12-12 21:10:00
AL002147,PERSON,P00547,P. Shah,INITIALS,SRCU002,0.94,2026-08-20 17:07:49
AL002148,PERSON,P00548,V. Deshmukh,INITIALS,SRCU002,0.91,2026-02-08 23:12:32
AL002149,PERSON,P00549,S. Singh,INITIALS,SRCU002,0.93,2026-01-25 14:27:28
AL002150,PERSON,P00550,N. Jain,INITIALS,SRCU002,0.86,2026-07-30 09:59:43
AL002151,PERSON,P00551,V. Verma,INITIALS,SRCU002,0.86,2026-05-11 00:22:05
AL002152,PERSON,P00552,A. Chauhan,INITIALS,SRCU002,0.87,2026-04-10 22:52:19
AL002153,PERSON,P00553,V. Bansal,INITIALS,SRCU002,0.93,2025-11-13 00:18:43
AL002154,PERSON,P00554,V. Singh,INITIALS,SRCU002,0.85,2026-08-26 00:34:35
AL002155,PERSON,P00555,K. Khan,INITIALS,SRCU002,0.91,2026-06-23 01:05:41
AL002156,PERSON,P00556,A. Rathore,INITIALS,SRCU002,0.94,2026-02-08 07:33:19
AL002157,PERSON,P00557,S. Shah,INITIALS,SRCU002,0.89,2025-01-19 12:24:29
AL002158,PERSON,P00558,N. Khan,INITIALS,SRCU002,0.97,2025-01-13 19:55:30
AL002159,PERSON,P00559,M. Rathore,INITIALS,SRCU002,0.88,2026-02-10 19:42:24
AL002160,PERSON,P00560,P. Khan,INITIALS,SRCU002,0.97,2026-02-15 20:55:14
AL002161,PERSON,P00561,D. Deshmukh,INITIALS,SRCU002,0.93,2026-06-17 13:42:56
AL002162,PERSON,P00562,V. Bansal,INITIALS,SRCU002,0.95,2025-04-18 14:28:23
AL002163,PERSON,P00563,V. Tiwari,INITIALS,SRCU002,0.88,2026-05-05 08:09:49
AL002164,PERSON,P00564,R. Sharma,INITIALS,SRCU002,0.91,2026-05-27 08:03:08
AL002165,PERSON,P00565,K. Rathore,INITIALS,SRCU002,0.87,2026-05-18 07:57:39
AL002166,PERSON,P00566,V. Mehta,INITIALS,SRCU002,0.85,2026-03-29 11:50:28
AL002167,PERSON,P00567,K. Sharma,INITIALS,SRCU002,0.85,2026-06-01 16:53:05
AL002168,PERSON,P00568,S. Mishra,INITIALS,SRCU002,0.91,2026-05-21 19:45:10
AL002169,PERSON,P00569,A. Shah,INITIALS,SRCU002,0.91,2026-05-23 18:17:04
AL002170,PERSON,P00570,M. Khan,INITIALS,SRCU002,0.93,2026-03-03 14:33:42
AL002171,PERSON,P00571,A. Chauhan,INITIALS,SRCU002,0.86,2026-01-06 10:10:42
AL002172,PERSON,P00572,K. Patel,INITIALS,SRCU002,0.92,2026-07-19 12:13:35
AL002173,PERSON,P00573,V. Khan,INITIALS,SRCU002,0.95,2025-05-07 17:13:08
AL002174,PERSON,P00574,A. Mehta,INITIALS,SRCU002,0.86,2026-03-02 16:51:02
AL002175,PERSON,P00575,N. Chauhan,INITIALS,SRCU002,0.96,2025-09-08 18:32:11
AL002176,PERSON,P00576,N. Rathore,INITIALS,SRCU002,0.94,2025-01-30 14:29:13
AL002177,PERSON,P00577,V. Jain,INITIALS,SRCU002,0.9,2025-06-22 06:57:00
AL002178,PERSON,P00578,K. Mehta,INITIALS,SRCU002,0.95,2025-05-31 08:52:00
AL002179,PERSON,P00579,A. Mehta,INITIALS,SRCU002,0.9,2025-04-13 13:55:37
AL002180,PERSON,P00580,R. Yadav,INITIALS,SRCU002,0.95,2026-02-21 23:31:19
AL002181,PERSON,P00581,A. Bansal,INITIALS,SRCU002,0.91,2026-01-30 03:20:55
AL002182,PERSON,P00582,K. Shah,INITIALS,SRCU002,0.94,2026-06-12 06:59:03
AL002183,PERSON,P00583,S. Yadav,INITIALS,SRCU002,0.97,2026-02-25 11:35:31
AL002184,PERSON,P00584,N. Jain,INITIALS,SRCU002,0.96,2025-02-09 13:33:50
AL002185,PERSON,P00585,S. Malhotra,INITIALS,SRCU002,0.93,2025-07-26 16:47:32
AL002186,PERSON,P00586,M. Joshi,INITIALS,SRCU002,0.87,2026-07-31 10:18:34
AL002187,PERSON,P00587,R. Rathore,INITIALS,SRCU002,0.88,2026-08-16 23:01:22
AL002188,PERSON,P00588,V. Deshmukh,INITIALS,SRCU002,0.89,2025-04-30 17:47:12
AL002189,PERSON,P00589,M. Deshmukh,INITIALS,SRCU002,0.89,2025-06-07 22:25:03
AL002190,PERSON,P00590,M. Shah,INITIALS,SRCU002,0.88,2025-07-25 15:03:48
AL002191,PERSON,P00591,V. Bansal,INITIALS,SRCU002,0.93,2025-07-30 10:12:19
AL002192,PERSON,P00592,P. Khan,INITIALS,SRCU002,0.95,2025-12-27 23:34:53
AL002193,PERSON,P00593,R. Chauhan,INITIALS,SRCU002,0.87,2025-12-19 00:20:59
AL002194,PERSON,P00594,V. Malhotra,INITIALS,SRCU002,0.94,2025-12-25 09:36:15
AL002195,PERSON,P00595,A. Saxena,INITIALS,SRCU002,0.9,2025-01-07 03:33:17
AL002196,PERSON,P00596,S. Jain,INITIALS,SRCU002,0.9,2026-02-11 18:55:17
AL002197,PERSON,P00597,R. Singh,INITIALS,SRCU002,0.93,2026-04-19 03:51:54
AL002198,PERSON,P00598,R. Bansal,INITIALS,SRCU002,0.86,2025-02-28 03:04:36
AL002199,PERSON,P00599,V. Chauhan,INITIALS,SRCU002,0.97,2025-03-01 20:08:09
AL002200,PERSON,P00600,A. Yadav,INITIALS,SRCU002,0.88,2025-01-27 14:22:16
AL002201,PERSON,P00601,N. Sharma,INITIALS,SRCU002,0.93,2026-02-25 08:26:05
AL002202,PERSON,P00602,K. Agarwal,INITIALS,SRCU002,0.95,2025-09-27 00:45:10
AL002203,PERSON,P00603,D. Singh,INITIALS,SRCU002,0.95,2026-01-27 20:59:14
AL002204,PERSON,P00604,R. Mehta,INITIALS,SRCU002,0.85,2025-02-13 14:01:47
AL002205,PERSON,P00605,K. Deshmukh,INITIALS,SRCU002,0.91,2026-01-04 02:43:21
AL002206,PERSON,P00606,D. Mishra,INITIALS,SRCU002,0.87,2025-06-02 19:44:09
AL002207,PERSON,P00607,I. Mehta,INITIALS,SRCU002,0.96,2026-02-14 02:56:53
AL002208,PERSON,P00608,R. Verma,INITIALS,SRCU002,0.9,2025-07-27 21:26:11
AL002209,PERSON,P00609,N. Chauhan,INITIALS,SRCU002,0.93,2025-06-30 17:39:29
AL002210,PERSON,P00610,S. Khan,INITIALS,SRCU002,0.94,2026-06-23 14:58:20
AL002211,PERSON,P00611,R. Malhotra,INITIALS,SRCU002,0.85,2025-02-10 15:49:13
AL002212,PERSON,P00612,N. Shah,INITIALS,SRCU002,0.88,2025-03-16 07:14:57
AL002213,PERSON,P00613,A. Yadav,INITIALS,SRCU002,0.86,2026-01-09 19:35:59
AL002214,PERSON,P00614,S. Singh,INITIALS,SRCU002,0.9,2025-12-18 17:21:48
AL002215,PERSON,P00615,A. Agarwal,INITIALS,SRCU002,0.91,2025-01-14 07:16:48
AL002216,PERSON,P00616,R. Mishra,INITIALS,SRCU002,0.95,2026-07-22 20:51:14
AL002217,PERSON,P00617,N. Jain,INITIALS,SRCU002,0.89,2025-08-10 11:02:23
AL002218,PERSON,P00618,K. Mishra,INITIALS,SRCU002,0.86,2025-01-13 14:29:37
AL002219,PERSON,P00619,Y. Yadav,INITIALS,SRCU002,0.92,2026-02-05 02:10:36
AL002220,PERSON,P00620,R. Sharma,INITIALS,SRCU002,0.88,2025-01-04 18:17:21
AL002221,PERSON,P00621,A. Jain,INITIALS,SRCU002,0.92,2025-10-13 06:57:50
AL002222,PERSON,P00622,K. Rathore,INITIALS,SRCU002,0.96,2025-03-30 21:21:54
AL002223,PERSON,P00623,R. Verma,INITIALS,SRCU002,0.9,2025-10-04 20:15:41
AL002224,PERSON,P00624,S. Malhotra,INITIALS,SRCU002,0.86,2025-02-08 21:18:53
AL002225,PERSON,P00625,V. Verma,INITIALS,SRCU002,0.86,2026-02-22 04:31:09
AL002226,PERSON,P00626,P. Agarwal,INITIALS,SRCU002,0.86,2025-04-15 08:18:22
AL002227,PERSON,P00627,N. Agarwal,INITIALS,SRCU002,0.92,2026-01-10 10:57:35
AL002228,PERSON,P00628,S. Sharma,INITIALS,SRCU002,0.92,2026-02-12 06:32:44
AL002229,PERSON,P00629,S. Rathore,INITIALS,SRCU002,0.88,2026-04-14 05:58:53
AL002230,PERSON,P00630,Y. Joshi,INITIALS,SRCU002,0.9,2025-07-31 06:12:09
AL002231,PERSON,P00631,S. Tiwari,INITIALS,SRCU002,0.91,2025-01-29 12:08:26
AL002232,PERSON,P00632,I. Singh,INITIALS,SRCU002,0.96,2025-10-20 05:12:03
AL002233,PERSON,P00633,M. Gupta,INITIALS,SRCU002,0.96,2025-01-29 14:02:45
AL002234,PERSON,P00634,S. Deshmukh,INITIALS,SRCU002,0.94,2025-01-02 08:13:41
AL002235,PERSON,P00635,N. Yadav,INITIALS,SRCU002,0.96,2025-01-16 13:24:56
AL002236,PERSON,P00636,P. Deshmukh,INITIALS,SRCU002,0.91,2025-08-22 07:32:23
AL002237,PERSON,P00637,M. Tiwari,INITIALS,SRCU002,0.88,2026-08-29 18:58:36
AL002238,PERSON,P00638,V. Mehta,INITIALS,SRCU002,0.94,2025-07-08 09:43:36
AL002239,PERSON,P00639,R. Patel,INITIALS,SRCU002,0.93,2025-12-21 19:23:00
AL002240,PERSON,P00640,K. Verma,INITIALS,SRCU002,0.95,2025-06-01 12:05:46
AL002241,PERSON,P00641,M. Mehta,INITIALS,SRCU002,0.97,2025-11-29 12:22:44
AL002242,PERSON,P00642,A. Saxena,INITIALS,SRCU002,0.96,2026-03-23 14:39:45
AL002243,PERSON,P00643,M. Mehta,INITIALS,SRCU002,0.94,2026-08-02 00:45:20
AL002244,PERSON,P00644,R. Gupta,INITIALS,SRCU002,0.89,2026-06-28 12:08:36
AL002245,PERSON,P00645,A. Shah,INITIALS,SRCU002,0.94,2025-09-07 04:27:55
AL002246,PERSON,P00646,A. Bansal,INITIALS,SRCU002,0.85,2025-05-28 11:25:41
AL002247,PERSON,P00647,S. Saxena,INITIALS,SRCU002,0.96,2025-06-28 08:39:09
AL002248,PERSON,P00648,R. Chauhan,INITIALS,SRCU002,0.92,2026-08-02 16:49:35
AL002249,PERSON,P00649,A. Verma,INITIALS,SRCU002,0.87,2026-04-27 18:42:22
AL002250,PERSON,P00650,R. Joshi,INITIALS,SRCU002,0.9,2025-10-20 09:47:44
AL002251,PERSON,P00651,S. Singh,INITIALS,SRCU002,0.96,2025-12-07 05:07:05
AL002252,PERSON,P00652,S. Jain,INITIALS,SRCU002,0.93,2025-08-19 22:06:18
AL002253,PERSON,P00653,R. Mehta,INITIALS,SRCU002,0.87,2026-01-08 21:07:50
AL002254,PERSON,P00654,N. Patel,INITIALS,SRCU002,0.9,2026-09-03 21:38:35
AL002255,PERSON,P00655,N. Joshi,INITIALS,SRCU002,0.95,2026-05-19 17:22:52
AL002256,PERSON,P00656,I. Deshmukh,INITIALS,SRCU002,0.89,2025-12-10 11:45:53
AL002257,PERSON,P00657,R. Shah,INITIALS,SRCU002,0.91,2025-07-11 17:36:01
AL002258,PERSON,P00658,A. Yadav,INITIALS,SRCU002,0.86,2026-08-02 00:53:55
AL002259,PERSON,P00659,R. Singh,INITIALS,SRCU002,0.87,2025-10-28 04:34:37
AL002260,PERSON,P00660,V. Mishra,INITIALS,SRCU002,0.93,2025-01-17 05:36:25
AL002261,PERSON,P00661,S. Gupta,INITIALS,SRCU002,0.94,2025-12-14 02:16:26
AL002262,PERSON,P00662,S. Shah,INITIALS,SRCU002,0.91,2025-08-14 08:57:52
AL002263,PERSON,P00663,N. Deshmukh,INITIALS,SRCU002,0.86,2026-06-21 23:23:26
AL002264,PERSON,P00664,D. Deshmukh,INITIALS,SRCU002,0.95,2026-07-21 00:43:42
AL002265,PERSON,P00665,I. Mehta,INITIALS,SRCU002,0.87,2025-01-22 16:01:01
AL002266,PERSON,P00666,M. Sharma,INITIALS,SRCU002,0.92,2025-01-13 21:14:39
AL002267,PERSON,P00667,R. Tiwari,INITIALS,SRCU002,0.87,2025-07-20 21:06:13
AL002268,PERSON,P00668,R. Sharma,INITIALS,SRCU002,0.94,2026-01-24 17:28:34
AL002269,PERSON,P00669,K. Deshmukh,INITIALS,SRCU002,0.89,2026-03-22 21:55:32
AL002270,PERSON,P00670,R. Saxena,INITIALS,SRCU002,0.93,2025-10-28 09:56:30
AL002271,PERSON,P00671,A. Joshi,INITIALS,SRCU002,0.9,2026-02-28 09:29:45
AL002272,PERSON,P00672,R. Sharma,INITIALS,SRCU002,0.87,2025-02-01 22:52:20
AL002273,PERSON,P00673,A. Saxena,INITIALS,SRCU002,0.95,2025-05-08 08:02:34
AL002274,PERSON,P00674,N. Malhotra,INITIALS,SRCU002,0.88,2025-05-12 08:44:17
AL002275,PERSON,P00675,M. Chauhan,INITIALS,SRCU002,0.88,2025-09-12 20:30:57
AL002276,PERSON,P00676,P. Jain,INITIALS,SRCU002,0.92,2025-08-19 01:50:06
AL002277,PERSON,P00677,D. Tiwari,INITIALS,SRCU002,0.97,2026-05-03 20:43:57
AL002278,PERSON,P00678,R. Singh,INITIALS,SRCU002,0.91,2025-10-06 16:48:14
AL002279,PERSON,P00679,N. Khan,INITIALS,SRCU002,0.96,2025-06-28 20:46:13
AL002280,PERSON,P00680,I. Sharma,INITIALS,SRCU002,0.95,2025-10-04 11:11:08
AL002281,PERSON,P00681,S. Malhotra,INITIALS,SRCU002,0.9,2026-01-11 12:34:56
AL002282,PERSON,P00682,Y. Deshmukh,INITIALS,SRCU002,0.89,2026-05-01 12:43:29
AL002283,PERSON,P00683,N. Mehta,INITIALS,SRCU002,0.91,2025-05-15 01:00:11
AL002284,PERSON,P00684,M. Singh,INITIALS,SRCU002,0.93,2025-03-20 00:02:25
AL002285,PERSON,P00685,A. Jain,INITIALS,SRCU002,0.85,2025-01-06 01:54:59
AL002286,PERSON,P00686,A. Joshi,INITIALS,SRCU002,0.86,2025-10-07 16:34:03
AL002287,PERSON,P00687,A. Joshi,INITIALS,SRCU002,0.96,2026-06-08 12:07:38
AL002288,PERSON,P00688,M. Verma,INITIALS,SRCU002,0.92,2025-01-07 16:41:37
AL002289,PERSON,P00689,N. Verma,INITIALS,SRCU002,0.97,2025-07-14 06:31:28
AL002290,PERSON,P00690,M. Deshmukh,INITIALS,SRCU002,0.93,2025-01-22 17:33:03
AL002291,PERSON,P00691,V. Patel,INITIALS,SRCU002,0.94,2025-11-12 08:07:20
AL002292,PERSON,P00692,K. Yadav,INITIALS,SRCU002,0.9,2026-05-17 17:52:36
AL002293,PERSON,P00693,N. Khan,INITIALS,SRCU002,0.93,2025-01-10 09:16:30
AL002294,PERSON,P00694,I. Bansal,INITIALS,SRCU002,0.87,2025-01-28 23:10:06
AL002295,PERSON,P00695,N. Joshi,INITIALS,SRCU002,0.85,2025-06-11 01:54:45
AL002296,PERSON,P00696,V. Mishra,INITIALS,SRCU002,0.94,2025-06-05 21:32:04
AL002297,PERSON,P00697,R. Gupta,INITIALS,SRCU002,0.94,2025-05-13 04:45:13
AL002298,PERSON,P00698,R. Sharma,INITIALS,SRCU002,0.88,2025-03-12 23:46:10
AL002299,PERSON,P00699,A. Yadav,INITIALS,SRCU002,0.97,2026-01-12 10:24:58
AL002300,PERSON,P00700,R. Gupta,INITIALS,SRCU002,0.95,2025-11-28 07:27:52
AL002301,PERSON,P00701,P. Shah,INITIALS,SRCU002,0.91,2025-04-02 11:18:52
AL002302,PERSON,P00702,K. Agarwal,INITIALS,SRCU002,0.88,2026-05-12 05:42:31
AL002303,PERSON,P00703,V. Mehta,INITIALS,SRCU002,0.93,2025-09-09 01:56:26
AL002304,PERSON,P00704,M. Rathore,INITIALS,SRCU002,0.92,2026-01-17 22:59:06
AL002305,PERSON,P00705,A. Gupta,INITIALS,SRCU002,0.88,2025-01-22 11:18:24
AL002306,PERSON,P00706,K. Agarwal,INITIALS,SRCU002,0.87,2025-05-09 03:38:58
AL002307,PERSON,P00707,N. Singh,INITIALS,SRCU002,0.88,2025-08-30 12:32:38
AL002308,PERSON,P00708,A. Agarwal,INITIALS,SRCU002,0.92,2025-06-27 15:54:29
AL002309,PERSON,P00709,R. Gupta,INITIALS,SRCU002,0.91,2025-12-05 21:56:03
AL002310,PERSON,P00710,N. Gupta,INITIALS,SRCU002,0.95,2025-11-19 08:39:09
AL002311,PERSON,P00711,R. Joshi,INITIALS,SRCU002,0.88,2026-08-27 16:00:52
AL002312,PERSON,P00712,A. Khan,INITIALS,SRCU002,0.97,2025-01-06 18:20:06
AL002313,PERSON,P00713,R. Rathore,INITIALS,SRCU002,0.94,2026-07-08 04:29:38
AL002314,PERSON,P00714,S. Bansal,INITIALS,SRCU002,0.89,2026-04-17 04:51:14
AL002315,PERSON,P00715,P. Joshi,INITIALS,SRCU002,0.88,2025-11-11 11:44:55
AL002316,PERSON,P00716,N. Tiwari,INITIALS,SRCU002,0.92,2026-01-07 22:40:28
AL002317,PERSON,P00717,P. Agarwal,INITIALS,SRCU002,0.9,2025-11-03 12:15:39
AL002318,PERSON,P00718,N. Yadav,INITIALS,SRCU002,0.86,2025-06-08 10:28:07
AL002319,PERSON,P00719,P. Gupta,INITIALS,SRCU002,0.94,2026-02-08 05:35:18
AL002320,PERSON,P00720,N. Rathore,INITIALS,SRCU002,0.87,2026-03-20 01:35:19
AL002321,PERSON,P00721,V. Singh,INITIALS,SRCU002,0.9,2025-05-29 21:14:28
AL002322,PERSON,P00722,A. Agarwal,INITIALS,SRCU002,0.87,2026-03-24 17:49:00
AL002323,PERSON,P00723,V. Agarwal,INITIALS,SRCU002,0.95,2026-03-14 18:41:23
AL002324,PERSON,P00724,K. Tiwari,INITIALS,SRCU002,0.96,2026-02-22 03:58:20
AL002325,PERSON,P00725,A. Deshmukh,INITIALS,SRCU002,0.86,2025-08-29 08:48:59
AL002326,PERSON,P00726,R. Agarwal,INITIALS,SRCU002,0.87,2026-03-15 15:39:45
AL002327,PERSON,P00727,D. Verma,INITIALS,SRCU002,0.94,2025-02-19 15:46:12
AL002328,PERSON,P00728,A. Khan,INITIALS,SRCU002,0.89,2026-04-28 19:53:23
AL002329,PERSON,P00729,R. Tiwari,INITIALS,SRCU002,0.89,2025-10-30 00:28:03
AL002330,PERSON,P00730,N. Yadav,INITIALS,SRCU002,0.9,2026-01-05 23:55:26
AL002331,PERSON,P00731,M. Deshmukh,INITIALS,SRCU002,0.95,2025-07-17 04:07:33
AL002332,PERSON,P00732,K. Joshi,INITIALS,SRCU002,0.92,2025-08-21 18:51:28
AL002333,PERSON,P00733,R. Khan,INITIALS,SRCU002,0.85,2025-11-25 21:44:31
AL002334,PERSON,P00734,K. Patel,INITIALS,SRCU002,0.9,2025-02-11 17:41:32
AL002335,PERSON,P00735,A. Jain,INITIALS,SRCU002,0.91,2026-08-08 16:15:14
AL002336,PERSON,P00736,S. Shah,INITIALS,SRCU002,0.94,2025-07-27 02:13:52
AL002337,PERSON,P00737,K. Mehta,INITIALS,SRCU002,0.92,2025-09-02 13:15:43
AL002338,PERSON,P00738,A. Yadav,INITIALS,SRCU002,0.97,2025-12-02 12:01:52
AL002339,PERSON,P00739,Y. Chauhan,INITIALS,SRCU002,0.88,2025-04-24 07:01:37
AL002340,PERSON,P00740,S. Sharma,INITIALS,SRCU002,0.89,2025-08-23 00:44:56
AL002341,PERSON,P00741,D. Gupta,INITIALS,SRCU002,0.91,2026-05-12 07:45:39
AL002342,PERSON,P00742,M. Mishra,INITIALS,SRCU002,0.91,2025-05-11 13:29:05
AL002343,PERSON,P00743,R. Agarwal,INITIALS,SRCU002,0.9,2026-03-26 05:40:31
AL002344,PERSON,P00744,N. Patel,INITIALS,SRCU002,0.9,2025-03-27 05:11:21
AL002345,PERSON,P00745,S. Chauhan,INITIALS,SRCU002,0.96,2025-12-30 18:40:21
AL002346,PERSON,P00746,A. Saxena,INITIALS,SRCU002,0.95,2026-04-07 11:30:30
AL002347,PERSON,P00747,R. Rathore,INITIALS,SRCU002,0.88,2026-06-27 08:55:37
AL002348,PERSON,P00748,R. Yadav,INITIALS,SRCU002,0.94,2025-03-15 16:06:04
AL002349,PERSON,P00749,D. Chauhan,INITIALS,SRCU002,0.87,2025-11-11 04:44:12
AL002350,PERSON,P00750,I. Jain,INITIALS,SRCU002,0.95,2026-06-07 03:49:52
AL002351,PERSON,P00751,N. Patel,INITIALS,SRCU002,0.9,2025-04-11 04:00:28
AL002352,PERSON,P00752,R. Malhotra,INITIALS,SRCU002,0.89,2025-04-20 15:17:15
AL002353,PERSON,P00753,P. Mehta,INITIALS,SRCU002,0.93,2025-01-03 03:40:26
AL002354,PERSON,P00754,P. Sharma,INITIALS,SRCU002,0.89,2026-07-19 05:49:32
AL002355,PERSON,P00755,K. Agarwal,INITIALS,SRCU002,0.95,2025-10-28 04:52:23
AL002356,PERSON,P00756,S. Khan,INITIALS,SRCU002,0.89,2025-01-18 10:31:39
AL002357,PERSON,P00757,R. Bansal,INITIALS,SRCU002,0.9,2025-12-26 15:31:03
AL002358,PERSON,P00758,R. Malhotra,INITIALS,SRCU002,0.9,2026-04-24 03:28:33
AL002359,PERSON,P00759,N. Khan,INITIALS,SRCU002,0.92,2025-12-02 22:58:14
AL002360,PERSON,P00760,V. Joshi,INITIALS,SRCU002,0.88,2026-08-01 10:50:34
AL002361,PERSON,P00761,P. Yadav,INITIALS,SRCU002,0.88,2025-03-29 20:42:29
AL002362,PERSON,P00762,A. Verma,INITIALS,SRCU002,0.96,2026-05-21 00:46:01
AL002363,PERSON,P00763,N. Tiwari,INITIALS,SRCU002,0.93,2025-12-15 13:52:16
AL002364,PERSON,P00764,A. Sharma,INITIALS,SRCU002,0.9,2025-11-25 11:31:28
AL002365,PERSON,P00765,P. Verma,INITIALS,SRCU002,0.91,2025-02-07 14:37:46
AL002366,PERSON,P00766,K. Joshi,INITIALS,SRCU002,0.89,2026-05-09 00:23:38
AL002367,PERSON,P00767,P. Jain,INITIALS,SRCU002,0.93,2025-02-14 11:30:01
AL002368,PERSON,P00768,A. Mehta,INITIALS,SRCU002,0.87,2026-02-07 21:45:04
AL002369,PERSON,P00769,K. Gupta,INITIALS,SRCU002,0.88,2026-04-09 20:44:29
AL002370,PERSON,P00770,R. Deshmukh,INITIALS,SRCU002,0.85,2025-10-26 00:08:01
AL002371,PERSON,P00771,P. Shah,INITIALS,SRCU002,0.9,2025-12-04 07:44:45
AL002372,PERSON,P00772,A. Yadav,INITIALS,SRCU002,0.93,2026-03-21 13:15:54
AL002373,PERSON,P00773,P. Verma,INITIALS,SRCU002,0.89,2026-06-11 13:40:17
AL002374,PERSON,P00774,M. Gupta,INITIALS,SRCU002,0.91,2026-08-09 19:33:16
AL002375,PERSON,P00775,R. Deshmukh,INITIALS,SRCU002,0.91,2026-03-25 21:59:14
AL002376,PERSON,P00776,I. Malhotra,INITIALS,SRCU002,0.91,2026-08-15 20:20:23
AL002377,PERSON,P00777,V. Chauhan,INITIALS,SRCU002,0.92,2025-06-06 11:29:58
AL002378,PERSON,P00778,P. Rathore,INITIALS,SRCU002,0.97,2026-07-24 20:00:11
AL002379,PERSON,P00779,A. Rathore,INITIALS,SRCU002,0.87,2025-10-20 14:08:09
AL002380,PERSON,P00780,N. Mehta,INITIALS,SRCU002,0.97,2025-03-12 23:29:35
AL002381,PERSON,P00781,N. Gupta,INITIALS,SRCU002,0.95,2025-06-05 18:20:28
AL002382,PERSON,P00782,A. Saxena,INITIALS,SRCU002,0.87,2025-02-09 09:39:04
AL002383,PERSON,P00783,I. Shah,INITIALS,SRCU002,0.87,2026-07-01 06:54:58
AL002384,PERSON,P00784,S. Yadav,INITIALS,SRCU002,0.91,2025-01-16 09:12:13
AL002385,PERSON,P00785,R. Bansal,INITIALS,SRCU002,0.89,2025-01-06 13:06:05
AL002386,PERSON,P00786,I. Singh,INITIALS,SRCU002,0.86,2025-05-24 05:27:38
AL002387,PERSON,P00787,R. Sharma,INITIALS,SRCU002,0.87,2025-02-26 12:00:07
AL002388,PERSON,P00788,S. Mehta,INITIALS,SRCU002,0.92,2026-02-13 14:08:05
AL002389,PERSON,P00789,S. Chauhan,INITIALS,SRCU002,0.94,2025-12-06 02:20:44
AL002390,PERSON,P00790,K. Joshi,INITIALS,SRCU002,0.93,2026-07-16 12:04:43
AL002391,PERSON,P00791,K. Yadav,INITIALS,SRCU002,0.93,2025-11-22 09:17:03
AL002392,PERSON,P00792,Y. Chauhan,INITIALS,SRCU002,0.96,2025-05-16 11:53:25
AL002393,PERSON,P00793,A. Shah,INITIALS,SRCU002,0.86,2026-06-17 03:35:38
AL002394,PERSON,P00794,V. Yadav,INITIALS,SRCU002,0.9,2025-07-28 18:27:47
AL002395,PERSON,P00795,A. Rathore,INITIALS,SRCU002,0.9,2025-04-15 08:29:34
AL002396,PERSON,P00796,R. Patel,INITIALS,SRCU002,0.87,2025-07-02 07:21:22
AL002397,PERSON,P00797,N. Gupta,INITIALS,SRCU002,0.9,2026-02-01 18:00:03
AL002398,PERSON,P00798,M. Rathore,INITIALS,SRCU002,0.9,2026-07-24 17:48:31
AL002399,PERSON,P00799,A. Malhotra,INITIALS,SRCU002,0.94,2025-08-28 15:55:42
AL002400,PERSON,P00800,R. Khan,INITIALS,SRCU002,0.91,2025-11-23 14:35:56
AL002401,PERSON,P00801,I. Yadav,INITIALS,SRCU002,0.97,2025-04-26 15:35:38
AL002402,PERSON,P00802,V. Patel,INITIALS,SRCU002,0.91,2026-02-25 06:31:24
AL002403,PERSON,P00803,A. Rathore,INITIALS,SRCU002,0.93,2025-12-25 08:36:31
AL002404,PERSON,P00804,K. Chauhan,INITIALS,SRCU002,0.89,2025-11-02 13:34:33
AL002405,PERSON,P00805,V. Shah,INITIALS,SRCU002,0.86,2025-12-26 17:53:51
AL002406,PERSON,P00806,S. Jain,INITIALS,SRCU002,0.88,2026-06-03 12:44:14
AL002407,PERSON,P00807,A. Bansal,INITIALS,SRCU002,0.87,2025-03-03 19:48:52
AL002408,PERSON,P00808,A. Mishra,INITIALS,SRCU002,0.87,2026-04-03 16:37:48
AL002409,PERSON,P00809,R. Shah,INITIALS,SRCU002,0.86,2025-04-13 17:46:51
AL002410,PERSON,P00810,V. Mishra,INITIALS,SRCU002,0.86,2025-01-20 20:27:43
AL002411,PERSON,P00811,P. Sharma,INITIALS,SRCU002,0.95,2025-05-06 06:41:00
AL002412,PERSON,P00812,A. Sharma,INITIALS,SRCU002,0.95,2025-08-15 22:21:05
AL002413,PERSON,P00813,D. Yadav,INITIALS,SRCU002,0.87,2025-12-25 18:42:44
AL002414,PERSON,P00814,N. Sharma,INITIALS,SRCU002,0.92,2025-04-19 19:15:47
AL002415,PERSON,P00815,K. Deshmukh,INITIALS,SRCU002,0.87,2025-04-04 10:36:20
AL002416,PERSON,P00816,N. Verma,INITIALS,SRCU002,0.89,2025-05-28 08:30:37
AL002417,PERSON,P00817,Y. Verma,INITIALS,SRCU002,0.94,2025-02-17 17:50:03
AL002418,PERSON,P00818,S. Jain,INITIALS,SRCU002,0.86,2025-12-01 13:40:51
AL002419,PERSON,P00819,P. Jain,INITIALS,SRCU002,0.91,2025-12-27 15:44:50
AL002420,PERSON,P00820,A. Saxena,INITIALS,SRCU002,0.94,2026-07-26 17:04:36
AL002421,PERSON,P00821,R. Agarwal,INITIALS,SRCU002,0.86,2025-03-08 11:25:38
AL002422,PERSON,P00822,M. Khan,INITIALS,SRCU002,0.94,2025-07-04 23:23:53
AL002423,PERSON,P00823,R. Rathore,INITIALS,SRCU002,0.94,2026-02-02 18:44:53
AL002424,PERSON,P00824,R. Rathore,INITIALS,SRCU002,0.87,2026-04-22 20:42:17
AL002425,PERSON,P00825,K. Jain,INITIALS,SRCU002,0.95,2026-08-17 21:31:16
AL002426,PERSON,P00826,S. Rathore,INITIALS,SRCU002,0.94,2025-11-12 18:42:51
AL002427,PERSON,P00827,K. Agarwal,INITIALS,SRCU002,0.89,2026-06-03 02:59:31
AL002428,PERSON,P00828,V. Singh,INITIALS,SRCU002,0.89,2025-12-08 17:17:20
AL002429,PERSON,P00829,K. Khan,INITIALS,SRCU002,0.89,2025-07-02 00:03:15
AL002430,PERSON,P00830,K. Saxena,INITIALS,SRCU002,0.86,2025-02-05 09:39:44
AL002431,PERSON,P00831,R. Khan,INITIALS,SRCU002,0.91,2025-06-22 04:26:30
AL002432,PERSON,P00832,D. Joshi,INITIALS,SRCU002,0.93,2025-07-09 06:29:59
AL002433,PERSON,P00833,P. Shah,INITIALS,SRCU002,0.89,2025-08-29 07:32:04
AL002434,PERSON,P00834,M. Verma,INITIALS,SRCU002,0.93,2026-05-29 14:18:14
AL002435,PERSON,P00835,V. Yadav,INITIALS,SRCU002,0.96,2026-08-24 10:41:59
AL002436,PERSON,P00836,V. Malhotra,INITIALS,SRCU002,0.92,2025-03-26 03:23:38
AL002437,PERSON,P00837,S. Deshmukh,INITIALS,SRCU002,0.89,2025-10-14 23:58:15
AL002438,PERSON,P00838,A. Saxena,INITIALS,SRCU002,0.91,2025-10-05 05:17:57
AL002439,PERSON,P00839,R. Tiwari,INITIALS,SRCU002,0.94,2026-05-14 18:27:11
AL002440,PERSON,P00840,I. Mishra,INITIALS,SRCU002,0.94,2025-03-05 02:32:33
AL002441,PERSON,P00841,R. Bansal,INITIALS,SRCU002,0.89,2026-07-12 12:58:54
AL002442,PERSON,P00842,K. Mishra,INITIALS,SRCU002,0.89,2025-08-04 22:42:33
AL002443,PERSON,P00843,R. Rathore,INITIALS,SRCU002,0.94,2026-06-16 20:48:13
AL002444,PERSON,P00844,D. Jain,INITIALS,SRCU002,0.96,2026-07-08 08:10:31
AL002445,PERSON,P00845,M. Patel,INITIALS,SRCU002,0.89,2025-03-03 15:04:05
AL002446,PERSON,P00846,M. Mehta,INITIALS,SRCU002,0.89,2025-01-18 16:37:07
AL002447,PERSON,P00847,P. Rathore,INITIALS,SRCU002,0.87,2025-10-15 12:56:11
AL002448,PERSON,P00848,S. Yadav,INITIALS,SRCU002,0.92,2025-01-04 15:41:01
AL002449,PERSON,P00849,N. Verma,INITIALS,SRCU002,0.97,2025-05-29 08:48:29
AL002450,PERSON,P00850,P. Patel,INITIALS,SRCU002,0.91,2025-06-15 03:51:28
AL002451,PERSON,P00851,P. Saxena,INITIALS,SRCU002,0.96,2025-12-12 19:06:08
AL002452,PERSON,P00852,N. Rathore,INITIALS,SRCU002,0.88,2025-07-14 18:48:19
AL002453,PERSON,P00853,S. Gupta,INITIALS,SRCU002,0.88,2026-04-23 06:06:16
AL002454,PERSON,P00854,S. Singh,INITIALS,SRCU002,0.86,2025-04-23 18:24:21
AL002455,PERSON,P00855,Y. Bansal,INITIALS,SRCU002,0.88,2025-11-30 22:10:27
AL002456,PERSON,P00856,R. Singh,INITIALS,SRCU002,0.89,2025-12-22 23:45:47
AL002457,PERSON,P00857,K. Patel,INITIALS,SRCU002,0.92,2025-04-15 09:02:44
AL002458,PERSON,P00858,K. Bansal,INITIALS,SRCU002,0.95,2025-11-10 00:10:08
AL002459,PERSON,P00859,A. Patel,INITIALS,SRCU002,0.93,2025-10-26 23:08:20
AL002460,PERSON,P00860,A. Mehta,INITIALS,SRCU002,0.88,2025-08-19 11:04:52
AL002461,PERSON,P00861,V. Deshmukh,INITIALS,SRCU002,0.92,2026-06-05 15:30:35
AL002462,PERSON,P00862,R. Gupta,INITIALS,SRCU002,0.94,2026-02-26 12:33:17
AL002463,PERSON,P00863,A. Rathore,INITIALS,SRCU002,0.85,2026-08-16 18:09:54
AL002464,PERSON,P00864,N. Chauhan,INITIALS,SRCU002,0.94,2025-02-16 16:19:38
AL002465,PERSON,P00865,A. Yadav,INITIALS,SRCU002,0.95,2025-11-10 21:07:58
AL002466,PERSON,P00866,V. Mehta,INITIALS,SRCU002,0.93,2025-09-12 00:01:27
AL002467,PERSON,P00867,P. Yadav,INITIALS,SRCU002,0.95,2026-05-22 16:37:28
AL002468,PERSON,P00868,S. Rathore,INITIALS,SRCU002,0.86,2025-07-20 04:18:20
AL002469,PERSON,P00869,P. Mehta,INITIALS,SRCU002,0.94,2026-07-10 17:45:46
AL002470,PERSON,P00870,K. Mehta,INITIALS,SRCU002,0.93,2025-08-12 03:58:18
AL002471,PERSON,P00871,A. Jain,INITIALS,SRCU002,0.94,2026-03-10 10:50:15
AL002472,PERSON,P00872,K. Chauhan,INITIALS,SRCU002,0.87,2025-09-21 23:12:21
AL002473,PERSON,P00873,D. Patel,INITIALS,SRCU002,0.91,2025-06-07 16:23:23
AL002474,PERSON,P00874,I. Verma,INITIALS,SRCU002,0.87,2025-07-31 14:10:42
AL002475,PERSON,P00875,R. Agarwal,INITIALS,SRCU002,0.85,2025-06-05 07:34:23
AL002476,PERSON,P00876,M. Rathore,INITIALS,SRCU002,0.93,2026-01-18 19:14:39
AL002477,PERSON,P00877,V. Mishra,INITIALS,SRCU002,0.89,2026-09-01 19:16:01
AL002478,PERSON,P00878,K. Tiwari,INITIALS,SRCU002,0.86,2025-04-01 11:01:15
AL002479,PERSON,P00879,A. Rathore,INITIALS,SRCU002,0.96,2026-01-08 07:59:45
AL002480,PERSON,P00880,M. Tiwari,INITIALS,SRCU002,0.9,2026-01-23 22:43:06
AL002481,PERSON,P00881,Y. Saxena,INITIALS,SRCU002,0.87,2025-09-18 20:48:06
AL002482,PERSON,P00882,N. Shah,INITIALS,SRCU002,0.94,2025-06-08 22:16:45
AL002483,PERSON,P00883,N. Mishra,INITIALS,SRCU002,0.96,2025-07-26 23:22:52
AL002484,PERSON,P00884,A. Mehta,INITIALS,SRCU002,0.86,2026-02-01 03:18:02
AL002485,PERSON,P00885,P. Mishra,INITIALS,SRCU002,0.91,2026-08-19 19:46:45
AL002486,PERSON,P00886,A. Joshi,INITIALS,SRCU002,0.91,2026-08-16 05:55:11
AL002487,PERSON,P00887,A. Gupta,INITIALS,SRCU002,0.95,2026-04-24 00:51:10
AL002488,PERSON,P00888,A. Gupta,INITIALS,SRCU002,0.91,2025-08-07 01:32:51
AL002489,PERSON,P00889,M. Shah,INITIALS,SRCU002,0.85,2026-05-29 10:10:28
AL002490,PERSON,P00890,A. Shah,INITIALS,SRCU002,0.95,2025-07-12 18:11:01
AL002491,PERSON,P00891,V. Agarwal,INITIALS,SRCU002,0.86,2026-01-25 01:20:56
AL002492,PERSON,P00892,V. Yadav,INITIALS,SRCU002,0.92,2025-03-31 00:45:22
AL002493,PERSON,P00893,P. Yadav,INITIALS,SRCU002,0.86,2025-08-10 20:37:18
AL002494,PERSON,P00894,R. Saxena,INITIALS,SRCU002,0.94,2025-07-19 22:17:41
AL002495,PERSON,P00895,S. Mehta,INITIALS,SRCU002,0.9,2025-07-18 18:07:16
AL002496,PERSON,P00896,Y. Jain,INITIALS,SRCU002,0.85,2025-01-07 11:36:26
AL002497,PERSON,P00897,M. Yadav,INITIALS,SRCU002,0.92,2025-05-13 16:56:21
AL002498,PERSON,P00898,K. Malhotra,INITIALS,SRCU002,0.89,2025-09-13 00:01:25
AL002499,PERSON,P00899,I. Rathore,INITIALS,SRCU002,0.9,2025-05-15 23:22:16
AL002500,PERSON,P00900,M. Mishra,INITIALS,SRCU002,0.87,2025-04-20 21:33:34
AL002501,PERSON,P00901,A. Shah,INITIALS,SRCU002,0.87,2026-08-07 02:18:34
AL002502,PERSON,P00902,P. Joshi,INITIALS,SRCU002,0.91,2025-02-11 09:56:29
AL002503,PERSON,P00903,K. Gupta,INITIALS,SRCU002,0.94,2025-03-14 16:54:29
AL002504,PERSON,P00904,A. Patel,INITIALS,SRCU002,0.9,2025-05-22 17:35:12
AL002505,PERSON,P00905,R. Saxena,INITIALS,SRCU002,0.9,2025-04-21 10:11:51
AL002506,PERSON,P00906,S. Verma,INITIALS,SRCU002,0.94,2025-07-05 13:12:12
AL002507,PERSON,P00907,K. Patel,INITIALS,SRCU002,0.96,2026-08-29 09:55:23
AL002508,PERSON,P00908,N. Malhotra,INITIALS,SRCU002,0.97,2026-07-08 11:18:14
AL002509,PERSON,P00909,N. Yadav,INITIALS,SRCU002,0.89,2026-06-17 16:58:25
AL002510,PERSON,P00910,P. Rathore,INITIALS,SRCU002,0.96,2026-08-02 19:04:59
AL002511,PERSON,P00911,K. Bansal,INITIALS,SRCU002,0.86,2026-03-05 00:27:25
AL002512,PERSON,P00912,N. Khan,INITIALS,SRCU002,0.92,2026-06-14 02:32:54
AL002513,PERSON,P00913,S. Shah,INITIALS,SRCU002,0.89,2026-05-20 19:09:25
AL002514,PERSON,P00914,P. Singh,INITIALS,SRCU002,0.97,2025-09-22 14:03:06
AL002515,PERSON,P00915,K. Khan,INITIALS,SRCU002,0.86,2025-05-01 16:12:53
AL002516,PERSON,P00916,A. Chauhan,INITIALS,SRCU002,0.89,2026-08-13 15:37:02
AL002517,PERSON,P00917,N. Mehta,INITIALS,SRCU002,0.91,2025-09-04 17:08:55
AL002518,PERSON,P00918,K. Singh,INITIALS,SRCU002,0.95,2026-07-27 17:48:00
AL002519,PERSON,P00919,A. Yadav,INITIALS,SRCU002,0.85,2025-04-10 02:40:11
AL002520,PERSON,P00920,A. Singh,INITIALS,SRCU002,0.85,2026-09-01 23:03:29
AL002521,PERSON,P00921,K. Mishra,INITIALS,SRCU002,0.9,2025-03-11 09:45:41
AL002522,PERSON,P00922,N. Shah,INITIALS,SRCU002,0.89,2026-01-24 09:49:42
AL002523,PERSON,P00923,R. Chauhan,INITIALS,SRCU002,0.96,2026-05-17 20:26:43
AL002524,PERSON,P00924,S. Jain,INITIALS,SRCU002,0.96,2025-07-09 00:12:31
AL002525,PERSON,P00925,M. Chauhan,INITIALS,SRCU002,0.86,2025-04-24 02:34:58
AL002526,PERSON,P00926,M. Joshi,INITIALS,SRCU002,0.94,2025-01-06 21:27:10
AL002527,PERSON,P00927,S. Verma,INITIALS,SRCU002,0.87,2026-07-30 13:49:01
AL002528,PERSON,P00928,K. Deshmukh,INITIALS,SRCU002,0.91,2025-09-02 20:05:12
AL002529,PERSON,P00929,P. Singh,INITIALS,SRCU002,0.94,2026-01-22 04:41:06
AL002530,PERSON,P00930,K. Verma,INITIALS,SRCU002,0.87,2025-03-01 16:53:58
AL002531,PERSON,P00931,V. Yadav,INITIALS,SRCU002,0.91,2026-09-04 15:48:46
AL002532,PERSON,P00932,R. Singh,INITIALS,SRCU002,0.94,2025-09-09 14:21:33
AL002533,PERSON,P00933,V. Malhotra,INITIALS,SRCU002,0.95,2026-06-15 07:11:59
AL002534,PERSON,P00934,K. Mishra,INITIALS,SRCU002,0.93,2025-07-16 12:04:29
AL002535,PERSON,P00935,P. Patel,INITIALS,SRCU002,0.85,2025-08-06 18:25:47
AL002536,PERSON,P00936,S. Rathore,INITIALS,SRCU002,0.9,2025-05-17 00:33:16
AL002537,PERSON,P00937,V. Deshmukh,INITIALS,SRCU002,0.95,2026-01-13 04:08:13
AL002538,PERSON,P00938,S. Verma,INITIALS,SRCU002,0.95,2025-03-12 01:12:15
AL002539,PERSON,P00939,P. Chauhan,INITIALS,SRCU002,0.86,2026-07-30 21:22:47
AL002540,PERSON,P00940,N. Singh,INITIALS,SRCU002,0.9,2025-11-27 02:59:30
AL002541,PERSON,P00941,P. Patel,INITIALS,SRCU002,0.88,2025-01-19 05:07:44
AL002542,PERSON,P00942,Y. Mishra,INITIALS,SRCU002,0.91,2026-01-20 09:39:51
AL002543,PERSON,P00943,A. Verma,INITIALS,SRCU002,0.91,2026-06-12 11:59:33
AL002544,PERSON,P00944,N. Rathore,INITIALS,SRCU002,0.96,2025-07-22 03:26:32
AL002545,PERSON,P00945,K. Rathore,INITIALS,SRCU002,0.91,2025-06-15 11:28:04
AL002546,PERSON,P00946,S. Verma,INITIALS,SRCU002,0.87,2026-01-01 11:21:24
AL002547,PERSON,P00947,A. Yadav,INITIALS,SRCU002,0.9,2026-03-02 08:27:21
AL002548,PERSON,P00948,A. Patel,INITIALS,SRCU002,0.89,2026-07-13 15:14:23
AL002549,PERSON,P00949,A. Agarwal,INITIALS,SRCU002,0.86,2025-02-15 11:12:58
AL002550,PERSON,P00950,N. Khan,INITIALS,SRCU002,0.86,2025-12-19 15:06:58
AL002551,PERSON,P00951,A. Patel,INITIALS,SRCU002,0.9,2025-08-13 19:29:46
AL002552,PERSON,P00952,I. Deshmukh,INITIALS,SRCU002,0.93,2025-05-01 00:03:50
AL002553,PERSON,P00953,A. Gupta,INITIALS,SRCU002,0.95,2025-08-18 13:42:45
AL002554,PERSON,P00954,N. Jain,INITIALS,SRCU002,0.94,2025-12-12 06:03:12
AL002555,PERSON,P00955,M. Mishra,INITIALS,SRCU002,0.88,2025-07-28 16:09:06
AL002556,PERSON,P00956,D. Shah,INITIALS,SRCU002,0.86,2025-07-23 06:05:57
AL002557,PERSON,P00957,R. Mishra,INITIALS,SRCU002,0.93,2026-06-25 03:42:42
AL002558,PERSON,P00958,S. Deshmukh,INITIALS,SRCU002,0.97,2025-05-31 06:37:40
AL002559,PERSON,P00959,R. Mehta,INITIALS,SRCU002,0.91,2026-08-20 15:49:06
AL002560,PERSON,P00960,N. Saxena,INITIALS,SRCU002,0.92,2025-01-10 00:48:46
AL002561,PERSON,P00961,N. Yadav,INITIALS,SRCU002,0.93,2026-06-30 07:50:57
AL002562,PERSON,P00962,M. Agarwal,INITIALS,SRCU002,0.96,2026-02-07 17:28:29
AL002563,PERSON,P00963,A. Mehta,INITIALS,SRCU002,0.95,2025-08-20 10:43:33
AL002564,PERSON,P00964,A. Rathore,INITIALS,SRCU002,0.85,2026-03-06 02:11:51
AL002565,PERSON,P00965,P. Khan,INITIALS,SRCU002,0.88,2026-02-26 04:02:02
AL002566,PERSON,P00966,V. Patel,INITIALS,SRCU002,0.96,2025-12-04 23:47:47
AL002567,PERSON,P00967,M. Tiwari,INITIALS,SRCU002,0.9,2026-06-13 21:34:06
AL002568,PERSON,P00968,S. Patel,INITIALS,SRCU002,0.88,2026-08-25 20:23:08
AL002569,PERSON,P00969,N. Patel,INITIALS,SRCU002,0.88,2026-05-22 03:39:38
AL002570,PERSON,P00970,M. Patel,INITIALS,SRCU002,0.89,2025-05-09 19:51:30
AL002571,PERSON,P00971,A. Sharma,INITIALS,SRCU002,0.92,2025-03-18 17:39:16
AL002572,PERSON,P00972,K. Saxena,INITIALS,SRCU002,0.94,2026-05-20 10:54:29
AL002573,PERSON,P00973,R. Mishra,INITIALS,SRCU002,0.86,2025-09-05 04:22:38
AL002574,PERSON,P00974,D. Singh,INITIALS,SRCU002,0.9,2026-01-04 13:03:49
AL002575,PERSON,P00975,P. Khan,INITIALS,SRCU002,0.92,2025-04-29 04:24:29
AL002576,PERSON,P00976,A. Bansal,INITIALS,SRCU002,0.87,2026-01-04 17:41:09
AL002577,PERSON,P00977,M. Bansal,INITIALS,SRCU002,0.89,2026-09-03 18:47:56
AL002578,PERSON,P00978,Y. Deshmukh,INITIALS,SRCU002,0.91,2026-08-25 23:47:50
AL002579,PERSON,P00979,S. Chauhan,INITIALS,SRCU002,0.9,2026-06-10 22:32:10
AL002580,PERSON,P00980,V. Joshi,INITIALS,SRCU002,0.87,2025-01-24 09:06:22
AL002581,PERSON,P00981,V. Patel,INITIALS,SRCU002,0.95,2025-07-18 05:02:35
AL002582,PERSON,P00982,N. Patel,INITIALS,SRCU002,0.91,2026-06-20 12:46:24
AL002583,PERSON,P00983,S. Shah,INITIALS,SRCU002,0.9,2025-07-11 00:07:52
AL002584,PERSON,P00984,S. Shah,INITIALS,SRCU002,0.86,2026-02-22 07:56:49
AL002585,PERSON,P00985,S. Saxena,INITIALS,SRCU002,0.86,2025-10-29 00:04:35
AL002586,PERSON,P00986,M. Singh,INITIALS,SRCU002,0.87,2025-06-20 11:24:55
AL002587,PERSON,P00987,R. Bansal,INITIALS,SRCU002,0.94,2026-01-30 13:56:34
AL002588,PERSON,P00988,M. Mishra,INITIALS,SRCU002,0.85,2026-02-21 18:54:29
AL002589,PERSON,P00989,A. Bansal,INITIALS,SRCU002,0.88,2026-01-06 12:20:26
AL002590,PERSON,P00990,R. Saxena,INITIALS,SRCU002,0.88,2026-08-18 11:37:12
AL002591,PERSON,P00991,V. Bansal,INITIALS,SRCU002,0.86,2026-07-02 21:11:52
AL002592,PERSON,P00992,K. Singh,INITIALS,SRCU002,0.96,2026-05-14 12:18:55
AL002593,PERSON,P00993,K. Rathore,INITIALS,SRCU002,0.95,2026-04-07 05:34:09
AL002594,PERSON,P00994,M. Shah,INITIALS,SRCU002,0.86,2026-01-02 18:22:30
AL002595,PERSON,P00995,P. Singh,INITIALS,SRCU002,0.91,2026-08-08 11:17:05
AL002596,PERSON,P00996,A. Deshmukh,INITIALS,SRCU002,0.93,2025-05-30 03:57:12
AL002597,PERSON,P00997,P. Yadav,INITIALS,SRCU002,0.95,2026-08-25 18:48:50
AL002598,PERSON,P00998,A. Agarwal,INITIALS,SRCU002,0.86,2026-07-17 22:44:09
AL002599,PERSON,P00999,V. Shah,INITIALS,SRCU002,0.94,2026-08-27 09:14:17
AL002600,PERSON,P01000,R. Khan,INITIALS,SRCU002,0.96,2025-01-02 13:11:00
AL002601,PERSON,P01001,D. Mehta,INITIALS,SRCU002,0.87,2025-08-18 09:33:20
AL002602,PERSON,P01002,A. Joshi,INITIALS,SRCU002,0.88,2026-07-05 01:20:33
AL002603,PERSON,P01003,A. Patel,INITIALS,SRCU002,0.87,2026-06-01 05:26:46
AL002604,PERSON,P01004,M. Mishra,INITIALS,SRCU002,0.94,2026-03-08 06:00:46
AL002605,PERSON,P01005,A. Patel,INITIALS,SRCU002,0.91,2025-07-16 00:08:05
AL002606,PERSON,P01006,V. Gupta,INITIALS,SRCU002,0.86,2026-03-25 08:38:54
AL002607,PERSON,P01007,A. Malhotra,INITIALS,SRCU002,0.91,2026-06-17 08:54:26
AL002608,PERSON,P01008,V. Sharma,INITIALS,SRCU002,0.88,2025-10-03 21:26:55
AL002609,PERSON,P01009,M. Shah,INITIALS,SRCU002,0.87,2025-08-10 13:00:17
AL002610,PERSON,P01010,K. Jain,INITIALS,SRCU002,0.86,2025-02-12 21:31:45
AL002611,PERSON,P01011,S. Deshmukh,INITIALS,SRCU002,0.89,2026-04-09 05:58:51
AL002612,PERSON,P01012,K. Deshmukh,INITIALS,SRCU002,0.95,2025-12-10 20:04:05
AL002613,PERSON,P01013,V. Agarwal,INITIALS,SRCU002,0.92,2025-01-27 06:37:01
AL002614,PERSON,P01014,S. Singh,INITIALS,SRCU002,0.88,2026-06-23 17:34:31
AL002615,PERSON,P01015,S. Joshi,INITIALS,SRCU002,0.87,2025-02-04 15:26:52
AL002616,PERSON,P01016,S. Gupta,INITIALS,SRCU002,0.93,2026-01-21 08:04:31
AL002617,PERSON,P01017,A. Deshmukh,INITIALS,SRCU002,0.97,2025-12-31 10:33:13
AL002618,PERSON,P01018,A. Rathore,INITIALS,SRCU002,0.94,2025-02-17 14:25:01
AL002619,PERSON,P01019,P. Yadav,INITIALS,SRCU002,0.95,2026-04-26 22:28:40
AL002620,PERSON,P01020,P. Sharma,INITIALS,SRCU002,0.85,2026-02-06 11:55:29
AL002621,PERSON,P01021,P. Malhotra,INITIALS,SRCU002,0.88,2026-06-11 13:00:29
AL002622,PERSON,P01022,V. Malhotra,INITIALS,SRCU002,0.91,2026-05-22 04:25:57
AL002623,PERSON,P01023,A. Malhotra,INITIALS,SRCU002,0.85,2026-01-30 19:22:31
AL002624,PERSON,P01024,P. Deshmukh,INITIALS,SRCU002,0.9,2026-01-02 15:48:08
AL002625,PERSON,P01025,R. Jain,INITIALS,SRCU002,0.92,2026-04-30 00:48:25
AL002626,PERSON,P01026,A. Tiwari,INITIALS,SRCU002,0.89,2025-02-24 09:02:40
AL002627,PERSON,P01027,N. Verma,INITIALS,SRCU002,0.95,2025-02-01 14:42:23
AL002628,PERSON,P01028,M. Saxena,INITIALS,SRCU002,0.86,2025-09-18 12:36:17
AL002629,PERSON,P01029,D. Joshi,INITIALS,SRCU002,0.93,2026-08-14 17:16:40
AL002630,PERSON,P01030,I. Jain,INITIALS,SRCU002,0.93,2026-09-03 20:27:28
AL002631,PERSON,P01031,N. Patel,INITIALS,SRCU002,0.85,2026-05-12 00:11:03
AL002632,PERSON,P01032,K. Jain,INITIALS,SRCU002,0.96,2025-11-30 09:19:54
AL002633,PERSON,P01033,A. Deshmukh,INITIALS,SRCU002,0.91,2025-02-22 14:44:02
AL002634,PERSON,P01034,V. Verma,INITIALS,SRCU002,0.94,2025-04-06 08:50:34
AL002635,PERSON,P01035,V. Agarwal,INITIALS,SRCU002,0.92,2026-01-01 22:54:35
AL002636,PERSON,P01036,M. Chauhan,INITIALS,SRCU002,0.86,2025-07-22 08:49:32
AL002637,PERSON,P01037,A. Yadav,INITIALS,SRCU002,0.89,2025-12-27 14:35:26
AL002638,PERSON,P01038,P. Sharma,INITIALS,SRCU002,0.87,2026-05-21 18:57:28
AL002639,PERSON,P01039,A. Shah,INITIALS,SRCU002,0.91,2025-06-17 15:08:35
AL002640,PERSON,P01040,I. Deshmukh,INITIALS,SRCU002,0.86,2026-01-24 01:48:50
AL002641,PERSON,P01041,A. Bansal,INITIALS,SRCU002,0.86,2025-10-14 13:28:44
AL002642,PERSON,P01042,M. Saxena,INITIALS,SRCU002,0.94,2025-10-03 23:01:23
AL002643,PERSON,P01043,R. Verma,INITIALS,SRCU002,0.87,2025-12-15 08:04:06
AL002644,PERSON,P01044,M. Yadav,INITIALS,SRCU002,0.96,2025-07-21 02:33:00
AL002645,PERSON,P01045,A. Yadav,INITIALS,SRCU002,0.9,2026-01-21 21:06:57
AL002646,PERSON,P01046,R. Jain,INITIALS,SRCU002,0.86,2025-06-23 05:22:36
AL002647,PERSON,P01047,A. Saxena,INITIALS,SRCU002,0.88,2025-12-10 14:46:22
AL002648,PERSON,P01048,R. Shah,INITIALS,SRCU002,0.87,2026-04-23 08:18:50
AL002649,PERSON,P01049,M. Malhotra,INITIALS,SRCU002,0.87,2025-01-25 00:45:27
AL002650,PERSON,P01050,K. Patel,INITIALS,SRCU002,0.96,2025-05-23 08:41:55
AL002651,PERSON,P01051,S. Gupta,INITIALS,SRCU002,0.96,2025-11-27 04:14:42
AL002652,PERSON,P01052,K. Deshmukh,INITIALS,SRCU002,0.9,2026-02-26 15:42:47
AL002653,PERSON,P01053,K. Gupta,INITIALS,SRCU002,0.91,2025-09-05 02:05:13
AL002654,PERSON,P01054,V. Verma,INITIALS,SRCU002,0.91,2026-09-01 15:40:39
AL002655,PERSON,P01055,K. Malhotra,INITIALS,SRCU002,0.88,2025-07-31 16:34:01
AL002656,PERSON,P01056,K. Deshmukh,INITIALS,SRCU002,0.9,2025-04-11 15:25:42
AL002657,PERSON,P01057,K. Joshi,INITIALS,SRCU002,0.97,2025-02-13 02:34:19
AL002658,PERSON,P01058,N. Shah,INITIALS,SRCU002,0.95,2025-12-02 08:44:42
AL002659,PERSON,P01059,A. Chauhan,INITIALS,SRCU002,0.91,2025-05-28 21:50:05
AL002660,PERSON,P01060,A. Agarwal,INITIALS,SRCU002,0.89,2026-08-02 08:03:30
AL002661,PERSON,P01061,S. Mishra,INITIALS,SRCU002,0.87,2026-03-17 16:32:18
AL002662,PERSON,P01062,A. Khan,INITIALS,SRCU002,0.91,2025-05-26 17:01:58
AL002663,PERSON,P01063,V. Tiwari,INITIALS,SRCU002,0.94,2025-02-26 18:53:41
AL002664,PERSON,P01064,R. Gupta,INITIALS,SRCU002,0.97,2025-01-04 08:50:38
AL002665,PERSON,P01065,P. Malhotra,INITIALS,SRCU002,0.9,2025-02-04 00:37:00
AL002666,PERSON,P01066,M. Saxena,INITIALS,SRCU002,0.95,2025-03-20 11:41:47
AL002667,PERSON,P01067,R. Chauhan,INITIALS,SRCU002,0.93,2026-03-05 18:55:41
AL002668,PERSON,P01068,R. Yadav,INITIALS,SRCU002,0.92,2026-01-11 22:25:46
AL002669,PERSON,P01069,A. Mishra,INITIALS,SRCU002,0.94,2025-11-15 02:36:29
AL002670,PERSON,P01070,M. Sharma,INITIALS,SRCU002,0.95,2025-09-27 22:17:19
AL002671,PERSON,P01071,P. Chauhan,INITIALS,SRCU002,0.88,2025-07-19 06:45:46
AL002672,PERSON,P01072,S. Shah,INITIALS,SRCU002,0.88,2025-02-13 16:08:50
AL002673,PERSON,P01073,A. Gupta,INITIALS,SRCU002,0.87,2025-03-29 21:47:50
AL002674,PERSON,P01074,R. Khan,INITIALS,SRCU002,0.92,2025-08-10 03:43:49
AL002675,PERSON,P01075,A. Agarwal,INITIALS,SRCU002,0.95,2025-01-23 16:11:33
AL002676,PERSON,P01076,K. Joshi,INITIALS,SRCU002,0.94,2026-08-04 15:32:59
AL002677,PERSON,P01077,A. Chauhan,INITIALS,SRCU002,0.94,2026-06-28 06:35:22
AL002678,PERSON,P01078,M. Khan,INITIALS,SRCU002,0.91,2026-08-23 04:48:09
AL002679,PERSON,P01079,D. Malhotra,INITIALS,SRCU002,0.89,2026-09-03 18:43:11
AL002680,PERSON,P01080,K. Jain,INITIALS,SRCU002,0.93,2025-06-04 04:32:38
AL002681,PERSON,P01081,A. Agarwal,INITIALS,SRCU002,0.86,2025-05-05 23:19:52
AL002682,PERSON,P01082,K. Mishra,INITIALS,SRCU002,0.89,2025-01-17 16:42:37
AL002683,PERSON,P01083,A. Shah,INITIALS,SRCU002,0.87,2025-12-01 05:29:48
AL002684,PERSON,P01084,R. Agarwal,INITIALS,SRCU002,0.87,2025-04-10 05:54:54
AL002685,PERSON,P01085,N. Mehta,INITIALS,SRCU002,0.88,2025-12-10 15:33:10
AL002686,PERSON,P01086,V. Verma,INITIALS,SRCU002,0.93,2026-05-22 12:08:01
AL002687,PERSON,P01087,R. Chauhan,INITIALS,SRCU002,0.95,2025-03-06 21:05:02
AL002688,PERSON,P01088,M. Yadav,INITIALS,SRCU002,0.9,2026-05-23 11:31:39
AL002689,PERSON,P01089,S. Khan,INITIALS,SRCU002,0.86,2025-12-17 07:29:22
AL002690,PERSON,P01090,A. Khan,INITIALS,SRCU002,0.86,2026-09-04 10:48:29
AL002691,PERSON,P01091,R. Verma,INITIALS,SRCU002,0.94,2026-06-10 01:11:50
AL002692,PERSON,P01092,M. Patel,INITIALS,SRCU002,0.95,2025-07-15 00:43:17
AL002693,PERSON,P01093,A. Gupta,INITIALS,SRCU002,0.96,2025-04-10 08:23:03
AL002694,PERSON,P01094,A. Joshi,INITIALS,SRCU002,0.95,2025-03-02 19:44:55
AL002695,PERSON,P01095,P. Khan,INITIALS,SRCU002,0.92,2026-01-25 07:56:09
AL002696,PERSON,P01096,Y. Gupta,INITIALS,SRCU002,0.87,2026-05-02 13:36:39
AL002697,PERSON,P01097,S. Khan,INITIALS,SRCU002,0.91,2025-04-19 21:44:04
AL002698,PERSON,P01098,A. Malhotra,INITIALS,SRCU002,0.94,2025-10-26 12:13:40
AL002699,PERSON,P01099,M. Patel,INITIALS,SRCU002,0.85,2025-12-12 15:10:02
AL002700,PERSON,P01100,N. Chauhan,INITIALS,SRCU002,0.95,2025-04-12 07:06:16
AL002701,PERSON,P01101,N. Shah,INITIALS,SRCU002,0.89,2025-03-09 18:42:11
AL002702,PERSON,P01102,V. Sharma,INITIALS,SRCU002,0.97,2026-08-12 03:20:36
AL002703,PERSON,P01103,V. Deshmukh,INITIALS,SRCU002,0.92,2026-04-28 04:37:46
AL002704,PERSON,P01104,R. Verma,INITIALS,SRCU002,0.91,2026-07-31 01:35:51
AL002705,PERSON,P01105,K. Verma,INITIALS,SRCU002,0.9,2025-09-07 18:13:54
AL002706,PERSON,P01106,S. Joshi,INITIALS,SRCU002,0.9,2025-07-17 06:45:54
AL002707,PERSON,P01107,Y. Chauhan,INITIALS,SRCU002,0.91,2026-02-02 05:49:16
AL002708,PERSON,P01108,R. Verma,INITIALS,SRCU002,0.97,2026-02-28 16:30:11
AL002709,PERSON,P01109,K. Gupta,INITIALS,SRCU002,0.91,2025-10-20 04:47:01
AL002710,PERSON,P01110,V. Mishra,INITIALS,SRCU002,0.95,2025-08-02 19:24:41
AL002711,PERSON,P01111,R. Malhotra,INITIALS,SRCU002,0.94,2026-01-27 19:16:48
AL002712,PERSON,P01112,A. Bansal,INITIALS,SRCU002,0.94,2025-09-29 00:59:32
AL002713,PERSON,P01113,R. Mehta,INITIALS,SRCU002,0.96,2025-05-17 21:01:22
AL002714,PERSON,P01114,D. Agarwal,INITIALS,SRCU002,0.86,2025-06-10 18:09:54
AL002715,PERSON,P01115,R. Singh,INITIALS,SRCU002,0.88,2025-08-14 15:21:27
AL002716,PERSON,P01116,A. Saxena,INITIALS,SRCU002,0.87,2025-03-06 00:29:44
AL002717,PERSON,P01117,N. Shah,INITIALS,SRCU002,0.91,2025-03-05 06:44:20
AL002718,PERSON,P01118,M. Saxena,INITIALS,SRCU002,0.93,2025-03-27 17:21:31
AL002719,PERSON,P01119,S. Saxena,INITIALS,SRCU002,0.97,2026-07-21 17:15:57
AL002720,PERSON,P01120,R. Malhotra,INITIALS,SRCU002,0.91,2025-12-14 02:18:44
AL002721,PERSON,P01121,A. Chauhan,INITIALS,SRCU002,0.94,2025-01-05 15:30:54
AL002722,PERSON,P01122,S. Mishra,INITIALS,SRCU002,0.95,2025-08-04 15:26:46
AL002723,PERSON,P01123,M. Mehta,INITIALS,SRCU002,0.96,2025-03-04 23:54:55
AL002724,PERSON,P01124,I. Chauhan,INITIALS,SRCU002,0.85,2026-03-06 18:18:14
AL002725,PERSON,P01125,A. Mishra,INITIALS,SRCU002,0.9,2025-06-04 22:03:58
AL002726,PERSON,P01126,A. Singh,INITIALS,SRCU002,0.87,2026-01-15 17:51:33
AL002727,PERSON,P01127,R. Verma,INITIALS,SRCU002,0.9,2025-05-17 09:51:41
AL002728,PERSON,P01128,Y. Patel,INITIALS,SRCU002,0.89,2026-01-12 04:22:23
AL002729,PERSON,P01129,A. Shah,INITIALS,SRCU002,0.86,2026-03-11 00:06:30
AL002730,PERSON,P01130,A. Shah,INITIALS,SRCU002,0.93,2025-06-18 02:57:47
AL002731,PERSON,P01131,P. Malhotra,INITIALS,SRCU002,0.97,2025-07-20 14:00:50
AL002732,PERSON,P01132,M. Joshi,INITIALS,SRCU002,0.97,2025-11-25 07:02:14
AL002733,PERSON,P01133,N. Joshi,INITIALS,SRCU002,0.92,2026-07-18 01:15:37
AL002734,PERSON,P01134,V. Malhotra,INITIALS,SRCU002,0.86,2025-08-30 17:24:17
AL002735,PERSON,P01135,N. Joshi,INITIALS,SRCU002,0.9,2026-08-28 18:51:05
AL002736,PERSON,P01136,M. Chauhan,INITIALS,SRCU002,0.94,2026-05-22 17:44:56
AL002737,PERSON,P01137,M. Patel,INITIALS,SRCU002,0.93,2026-01-28 18:21:22
AL002738,PERSON,P01138,R. Bansal,INITIALS,SRCU002,0.92,2026-04-07 23:57:06
AL002739,PERSON,P01139,D. Khan,INITIALS,SRCU002,0.85,2026-02-20 10:40:49
AL002740,PERSON,P01140,P. Mehta,INITIALS,SRCU002,0.89,2025-12-07 23:28:25
AL002741,PERSON,P01141,K. Jain,INITIALS,SRCU002,0.95,2026-07-23 23:51:52
AL002742,PERSON,P01142,A. Joshi,INITIALS,SRCU002,0.94,2025-08-03 03:09:07
AL002743,PERSON,P01143,I. Chauhan,INITIALS,SRCU002,0.95,2025-04-17 11:49:56
AL002744,PERSON,P01144,A. Patel,INITIALS,SRCU002,0.95,2026-02-23 21:35:40
AL002745,PERSON,P01145,S. Chauhan,INITIALS,SRCU002,0.95,2025-05-22 10:32:11
AL002746,PERSON,P01146,A. Mishra,INITIALS,SRCU002,0.95,2026-05-08 10:50:58
AL002747,PERSON,P01147,A. Chauhan,INITIALS,SRCU002,0.88,2025-07-28 20:19:01
AL002748,PERSON,P01148,S. Jain,INITIALS,SRCU002,0.88,2026-03-11 23:19:36
AL002749,PERSON,P01149,R. Verma,INITIALS,SRCU002,0.85,2025-12-31 14:32:02
AL002750,PERSON,P01150,S. Gupta,INITIALS,SRCU002,0.9,2026-03-28 23:38:56
AL002751,PERSON,P01151,R. Jain,INITIALS,SRCU002,0.93,2025-04-29 05:40:54
AL002752,PERSON,P01152,S. Khan,INITIALS,SRCU002,0.94,2026-02-07 03:49:03
AL002753,PERSON,P01153,P. Chauhan,INITIALS,SRCU002,0.87,2025-05-19 13:01:57
AL002754,PERSON,P01154,R. Tiwari,INITIALS,SRCU002,0.95,2025-01-31 23:11:12
AL002755,PERSON,P01155,M. Yadav,INITIALS,SRCU002,0.9,2026-05-03 15:33:03
AL002756,PERSON,P01156,R. Gupta,INITIALS,SRCU002,0.91,2025-09-13 14:17:49
AL002757,PERSON,P01157,K. Verma,INITIALS,SRCU002,0.87,2026-01-10 01:09:23
AL002758,PERSON,P01158,N. Joshi,INITIALS,SRCU002,0.89,2026-04-18 22:10:15
AL002759,PERSON,P01159,A. Rathore,INITIALS,SRCU002,0.94,2025-03-04 08:43:01
AL002760,PERSON,P01160,A. Yadav,INITIALS,SRCU002,0.95,2025-01-23 19:34:36
AL002761,PERSON,P01161,A. Rathore,INITIALS,SRCU002,0.85,2026-05-12 04:25:35
AL002762,PERSON,P01162,S. Khan,INITIALS,SRCU002,0.93,2025-07-10 16:36:45
AL002763,PERSON,P01163,A. Tiwari,INITIALS,SRCU002,0.89,2026-07-18 10:40:15
AL002764,PERSON,P01164,K. Bansal,INITIALS,SRCU002,0.93,2025-08-20 16:36:22
AL002765,PERSON,P01165,R. Deshmukh,INITIALS,SRCU002,0.94,2026-05-03 03:04:22
AL002766,PERSON,P01166,R. Khan,INITIALS,SRCU002,0.97,2025-03-10 21:12:32
AL002767,PERSON,P01167,R. Khan,INITIALS,SRCU002,0.9,2026-07-26 09:08:09
AL002768,PERSON,P01168,V. Agarwal,INITIALS,SRCU002,0.92,2026-01-22 06:11:19
AL002769,PERSON,P01169,N. Deshmukh,INITIALS,SRCU002,0.86,2025-03-21 00:00:33
AL002770,PERSON,P01170,M. Gupta,INITIALS,SRCU002,0.85,2026-06-07 03:30:01
AL002771,PERSON,P01171,Y. Mishra,INITIALS,SRCU002,0.86,2025-11-20 20:06:45
AL002772,PERSON,P01172,D. Mehta,INITIALS,SRCU002,0.96,2026-03-27 11:14:15
AL002773,PERSON,P01173,K. Gupta,INITIALS,SRCU002,0.85,2025-11-09 08:11:12
AL002774,PERSON,P01174,A. Chauhan,INITIALS,SRCU002,0.86,2025-03-20 16:09:16
AL002775,PERSON,P01175,P. Tiwari,INITIALS,SRCU002,0.85,2025-03-13 08:57:03
AL002776,PERSON,P01176,R. Jain,INITIALS,SRCU002,0.95,2026-07-08 08:36:59
AL002777,PERSON,P01177,A. Khan,INITIALS,SRCU002,0.93,2026-01-13 03:12:19
AL002778,PERSON,P01178,A. Shah,INITIALS,SRCU002,0.86,2026-05-16 15:19:44
AL002779,PERSON,P01179,A. Khan,INITIALS,SRCU002,0.86,2026-08-08 05:55:41
AL002780,PERSON,P01180,P. Bansal,INITIALS,SRCU002,0.96,2026-03-08 03:45:14
AL002781,PERSON,P01181,N. Saxena,INITIALS,SRCU002,0.91,2025-06-08 22:57:06
AL002782,PERSON,P01182,K. Yadav,INITIALS,SRCU002,0.87,2025-11-15 21:15:11
AL002783,PERSON,P01183,V. Agarwal,INITIALS,SRCU002,0.96,2025-11-04 14:51:45
AL002784,PERSON,P01184,I. Jain,INITIALS,SRCU002,0.97,2026-03-21 15:02:47
AL002785,PERSON,P01185,M. Sharma,INITIALS,SRCU002,0.97,2026-01-08 21:58:18
AL002786,PERSON,P01186,P. Tiwari,INITIALS,SRCU002,0.96,2026-06-01 12:42:51
AL002787,PERSON,P01187,I. Saxena,INITIALS,SRCU002,0.94,2025-01-05 05:22:35
AL002788,PERSON,P01188,M. Bansal,INITIALS,SRCU002,0.97,2026-07-23 03:19:58
AL002789,PERSON,P01189,A. Rathore,INITIALS,SRCU002,0.89,2025-01-01 19:53:00
AL002790,PERSON,P01190,R. Patel,INITIALS,SRCU002,0.91,2025-05-10 07:46:30
AL002791,PERSON,P01191,S. Chauhan,INITIALS,SRCU002,0.85,2026-03-28 03:46:23
AL002792,PERSON,P01192,N. Sharma,INITIALS,SRCU002,0.94,2025-06-30 02:27:23
AL002793,PERSON,P01193,I. Khan,INITIALS,SRCU002,0.92,2025-01-02 05:49:48
AL002794,PERSON,P01194,V. Singh,INITIALS,SRCU002,0.85,2026-04-26 03:40:46
AL002795,PERSON,P01195,V. Rathore,INITIALS,SRCU002,0.92,2026-06-26 11:19:37
AL002796,PERSON,P01196,A. Yadav,INITIALS,SRCU002,0.89,2026-03-16 18:39:06
AL002797,PERSON,P01197,A. Gupta,INITIALS,SRCU002,0.88,2025-03-25 16:21:00
AL002798,PERSON,P01198,M. Verma,INITIALS,SRCU002,0.89,2026-06-11 05:16:31
AL002799,PERSON,P01199,M. Singh,INITIALS,SRCU002,0.96,2026-02-27 08:37:42
AL002800,PERSON,P01200,S. Chauhan,INITIALS,SRCU002,0.88,2026-05-25 04:38:36
AL002801,PERSON,P01201,A. Jain,INITIALS,SRCU002,0.93,2025-03-23 09:25:17
AL002802,PERSON,P01202,M. Agarwal,INITIALS,SRCU002,0.88,2025-02-21 17:13:12
AL002803,PERSON,P01203,K. Jain,INITIALS,SRCU002,0.88,2026-07-22 22:50:47
AL002804,PERSON,P01204,M. Patel,INITIALS,SRCU002,0.87,2025-04-26 22:37:43
AL002805,PERSON,P01205,A. Singh,INITIALS,SRCU002,0.95,2026-07-26 11:39:39
AL002806,PERSON,P01206,A. Verma,INITIALS,SRCU002,0.93,2025-11-07 20:39:15
AL002807,PERSON,P01207,V. Bansal,INITIALS,SRCU002,0.93,2025-07-05 05:49:22
AL002808,PERSON,P01208,N. Mishra,INITIALS,SRCU002,0.87,2026-03-05 07:46:56
AL002809,PERSON,P01209,I. Joshi,INITIALS,SRCU002,0.95,2026-01-07 19:19:18
AL002810,PERSON,P01210,M. Saxena,INITIALS,SRCU002,0.94,2025-03-12 20:17:38
AL002811,PERSON,P01211,R. Joshi,INITIALS,SRCU002,0.85,2025-03-12 16:27:09
AL002812,PERSON,P01212,N. Malhotra,INITIALS,SRCU002,0.97,2025-09-12 07:34:50
AL002813,PERSON,P01213,A. Verma,INITIALS,SRCU002,0.87,2026-06-14 01:50:41
AL002814,PERSON,P01214,A. Tiwari,INITIALS,SRCU002,0.95,2026-05-22 20:00:18
AL002815,PERSON,P01215,R. Gupta,INITIALS,SRCU002,0.95,2025-06-29 14:44:28
AL002816,PERSON,P01216,N. Patel,INITIALS,SRCU002,0.87,2026-03-01 21:08:59
AL002817,PERSON,P01217,Y. Malhotra,INITIALS,SRCU002,0.96,2025-06-25 18:32:30
AL002818,PERSON,P01218,P. Tiwari,INITIALS,SRCU002,0.91,2025-12-31 01:52:18
AL002819,PERSON,P01219,A. Chauhan,INITIALS,SRCU002,0.92,2026-04-27 07:28:42
AL002820,PERSON,P01220,A. Sharma,INITIALS,SRCU002,0.9,2025-03-10 12:30:36
AL002821,PERSON,P01221,R. Patel,INITIALS,SRCU002,0.88,2025-03-17 17:48:26
AL002822,PERSON,P01222,M. Malhotra,INITIALS,SRCU002,0.93,2025-03-23 10:39:58
AL002823,PERSON,P01223,N. Saxena,INITIALS,SRCU002,0.95,2026-08-10 03:10:56
AL002824,PERSON,P01224,I. Singh,INITIALS,SRCU002,0.96,2026-06-15 20:36:54
AL002825,PERSON,P01225,S. Saxena,INITIALS,SRCU002,0.89,2026-03-26 03:07:32
AL002826,PERSON,P01226,R. Shah,INITIALS,SRCU002,0.85,2025-12-22 23:07:22
AL002827,PERSON,P01227,R. Yadav,INITIALS,SRCU002,0.96,2026-05-18 08:26:13
AL002828,PERSON,P01228,A. Singh,INITIALS,SRCU002,0.88,2025-07-01 16:02:25
AL002829,PERSON,P01229,M. Khan,INITIALS,SRCU002,0.95,2026-07-01 16:40:08
AL002830,PERSON,P01230,K. Agarwal,INITIALS,SRCU002,0.88,2025-09-26 22:12:53
AL002831,PERSON,P01231,R. Mehta,INITIALS,SRCU002,0.96,2025-02-11 07:42:17
AL002832,PERSON,P01232,P. Sharma,INITIALS,SRCU002,0.92,2026-05-14 12:16:46
AL002833,PERSON,P01233,S. Verma,INITIALS,SRCU002,0.87,2026-01-14 15:01:12
AL002834,PERSON,P01234,K. Sharma,INITIALS,SRCU002,0.93,2025-02-20 00:41:43
AL002835,PERSON,P01235,S. Yadav,INITIALS,SRCU002,0.9,2025-09-14 12:46:10
AL002836,PERSON,P01236,K. Tiwari,INITIALS,SRCU002,0.91,2025-11-05 06:57:09
AL002837,PERSON,P01237,M. Mishra,INITIALS,SRCU002,0.93,2025-12-25 13:26:03
AL002838,PERSON,P01238,N. Agarwal,INITIALS,SRCU002,0.97,2026-06-24 04:59:22
AL002839,PERSON,P01239,V. Patel,INITIALS,SRCU002,0.88,2025-10-13 18:51:38
AL002840,PERSON,P01240,A. Verma,INITIALS,SRCU002,0.96,2025-08-17 03:27:58
AL002841,PERSON,P01241,A. Singh,INITIALS,SRCU002,0.86,2026-05-07 14:08:26
AL002842,PERSON,P01242,P. Saxena,INITIALS,SRCU002,0.89,2026-04-12 16:36:02
AL002843,PERSON,P01243,S. Singh,INITIALS,SRCU002,0.91,2026-04-06 08:27:43
AL002844,PERSON,P01244,I. Malhotra,INITIALS,SRCU002,0.94,2026-02-09 21:44:04
AL002845,PERSON,P01245,A. Rathore,INITIALS,SRCU002,0.87,2026-01-08 13:50:53
AL002846,PERSON,P01246,A. Tiwari,INITIALS,SRCU002,0.96,2025-05-28 17:56:24
AL002847,PERSON,P01247,A. Shah,INITIALS,SRCU002,0.9,2025-07-26 13:52:07
AL002848,PERSON,P01248,R. Sharma,INITIALS,SRCU002,0.96,2026-04-18 12:08:05
AL002849,PERSON,P01249,R. Singh,INITIALS,SRCU002,0.86,2026-06-11 07:07:43
AL002850,PERSON,P01250,I. Singh,INITIALS,SRCU002,0.9,2025-06-20 19:59:07
AL002851,PERSON,P01251,A. Saxena,INITIALS,SRCU002,0.86,2026-04-28 06:01:00
AL002852,PERSON,P01252,R. Saxena,INITIALS,SRCU002,0.85,2025-06-04 23:27:18
AL002853,PERSON,P01253,R. Khan,INITIALS,SRCU002,0.96,2025-05-12 17:20:17
AL002854,PERSON,P01254,K. Sharma,INITIALS,SRCU002,0.89,2025-09-03 15:10:10
AL002855,PERSON,P01255,K. Sharma,INITIALS,SRCU002,0.92,2026-05-21 02:50:08
AL002856,PERSON,P01256,S. Bansal,INITIALS,SRCU002,0.91,2025-07-31 05:55:44
AL002857,PERSON,P01257,R. Gupta,INITIALS,SRCU002,0.96,2026-05-05 20:18:10
AL002858,PERSON,P01258,R. Deshmukh,INITIALS,SRCU002,0.89,2026-01-17 11:30:08
AL002859,PERSON,P01259,S. Chauhan,INITIALS,SRCU002,0.92,2025-08-08 03:17:51
AL002860,PERSON,P01260,A. Saxena,INITIALS,SRCU002,0.91,2025-07-02 08:24:09
AL002861,PERSON,P01261,A. Mehta,INITIALS,SRCU002,0.86,2025-12-15 09:41:57
AL002862,PERSON,P01262,V. Jain,INITIALS,SRCU002,0.9,2025-04-28 22:35:59
AL002863,PERSON,P01263,A. Agarwal,INITIALS,SRCU002,0.91,2026-01-21 12:50:19
AL002864,PERSON,P01264,A. Saxena,INITIALS,SRCU002,0.9,2025-03-18 09:17:47
AL002865,PERSON,P01265,A. Bansal,INITIALS,SRCU002,0.87,2026-06-25 19:42:59
AL002866,PERSON,P01266,M. Khan,INITIALS,SRCU002,0.94,2026-02-17 23:12:12
AL002867,PERSON,P01267,K. Singh,INITIALS,SRCU002,0.96,2025-02-23 23:40:24
AL002868,PERSON,P01268,Y. Mishra,INITIALS,SRCU002,0.88,2025-06-11 17:15:51
AL002869,PERSON,P01269,R. Shah,INITIALS,SRCU002,0.89,2026-02-25 22:04:51
AL002870,PERSON,P01270,K. Mehta,INITIALS,SRCU002,0.95,2025-02-14 12:06:11
AL002871,PERSON,P01271,S. Saxena,INITIALS,SRCU002,0.9,2025-09-15 04:54:51
AL002872,PERSON,P01272,P. Yadav,INITIALS,SRCU002,0.92,2025-08-09 00:38:38
AL002873,PERSON,P01273,A. Deshmukh,INITIALS,SRCU002,0.86,2025-04-30 01:40:44
AL002874,PERSON,P01274,D. Malhotra,INITIALS,SRCU002,0.85,2025-04-15 07:49:51
AL002875,PERSON,P01275,R. Patel,INITIALS,SRCU002,0.95,2026-06-05 23:21:58
AL002876,PERSON,P01276,P. Mehta,INITIALS,SRCU002,0.93,2026-02-11 20:15:14
AL002877,PERSON,P01277,N. Chauhan,INITIALS,SRCU002,0.86,2025-11-08 02:41:43
AL002878,PERSON,P01278,M. Gupta,INITIALS,SRCU002,0.87,2026-08-05 11:10:29
AL002879,PERSON,P01279,R. Gupta,INITIALS,SRCU002,0.96,2025-11-28 23:05:26
AL002880,PERSON,P01280,M. Gupta,INITIALS,SRCU002,0.87,2025-07-04 13:43:06
AL002881,PERSON,P01281,A. Singh,INITIALS,SRCU002,0.96,2025-09-18 20:51:04
AL002882,PERSON,P01282,V. Gupta,INITIALS,SRCU002,0.96,2025-12-12 17:35:46
AL002883,PERSON,P01283,M. Khan,INITIALS,SRCU002,0.86,2025-01-05 03:47:09
AL002884,PERSON,P01284,K. Mishra,INITIALS,SRCU002,0.95,2025-06-18 01:09:47
AL002885,PERSON,P01285,R. Mehta,INITIALS,SRCU002,0.92,2026-06-29 08:32:35
AL002886,PERSON,P01286,N. Singh,INITIALS,SRCU002,0.96,2026-08-12 15:39:15
AL002887,PERSON,P01287,D. Singh,INITIALS,SRCU002,0.85,2025-12-03 13:44:45
AL002888,PERSON,P01288,A. Tiwari,INITIALS,SRCU002,0.87,2026-04-14 02:37:03
AL002889,PERSON,P01289,S. Sharma,INITIALS,SRCU002,0.93,2025-02-06 01:43:26
AL002890,PERSON,P01290,A. Rathore,INITIALS,SRCU002,0.96,2026-05-17 12:38:15
AL002891,PERSON,P01291,P. Joshi,INITIALS,SRCU002,0.88,2025-10-17 12:40:22
AL002892,PERSON,P01292,K. Tiwari,INITIALS,SRCU002,0.88,2025-07-22 22:20:55
AL002893,PERSON,P01293,M. Patel,INITIALS,SRCU002,0.92,2025-06-16 01:20:21
AL002894,PERSON,P01294,A. Patel,INITIALS,SRCU002,0.92,2025-10-21 22:52:07
AL002895,PERSON,P01295,P. Agarwal,INITIALS,SRCU002,0.93,2026-03-05 01:48:28
AL002896,PERSON,P01296,M. Patel,INITIALS,SRCU002,0.96,2026-03-10 15:01:01
AL002897,PERSON,P01297,A. Sharma,INITIALS,SRCU002,0.9,2025-11-12 09:12:03
AL002898,PERSON,P01298,M. Mishra,INITIALS,SRCU002,0.97,2025-02-23 19:09:39
AL002899,PERSON,P01299,N. Bansal,INITIALS,SRCU002,0.87,2026-01-19 16:56:28
AL002900,PERSON,P01300,A. Gupta,INITIALS,SRCU002,0.89,2025-04-10 04:03:07
AL002901,PERSON,P01301,A. Khan,INITIALS,SRCU002,0.94,2026-04-24 19:28:32
AL002902,PERSON,P01302,R. Bansal,INITIALS,SRCU002,0.86,2025-09-30 13:33:33
AL002903,PERSON,P01303,R. Mehta,INITIALS,SRCU002,0.92,2025-11-06 13:31:19
AL002904,PERSON,P01304,R. Mehta,INITIALS,SRCU002,0.88,2025-08-03 08:19:30
AL002905,PERSON,P01305,K. Jain,INITIALS,SRCU002,0.96,2025-03-29 12:16:04
AL002906,PERSON,P01306,A. Singh,INITIALS,SRCU002,0.93,2025-07-27 04:06:25
AL002907,PERSON,P01307,A. Singh,INITIALS,SRCU002,0.96,2025-08-02 12:58:51
AL002908,PERSON,P01308,N. Gupta,INITIALS,SRCU002,0.89,2026-05-25 07:26:16
AL002909,PERSON,P01309,A. Gupta,INITIALS,SRCU002,0.87,2025-06-03 06:09:03
AL002910,PERSON,P01310,M. Khan,INITIALS,SRCU002,0.96,2025-07-20 06:02:44
AL002911,PERSON,P01311,Y. Deshmukh,INITIALS,SRCU002,0.89,2025-12-13 19:21:08
AL002912,PERSON,P01312,A. Bansal,INITIALS,SRCU002,0.93,2025-11-14 11:42:30
AL002913,PERSON,P01313,S. Singh,INITIALS,SRCU002,0.97,2025-01-19 15:43:24
AL002914,PERSON,P01314,A. Saxena,INITIALS,SRCU002,0.89,2025-11-23 02:27:03
AL002915,PERSON,P01315,N. Gupta,INITIALS,SRCU002,0.97,2025-07-28 04:17:26
AL002916,PERSON,P01316,S. Agarwal,INITIALS,SRCU002,0.89,2026-03-16 05:21:25
AL002917,PERSON,P01317,K. Joshi,INITIALS,SRCU002,0.86,2025-11-16 22:26:22
AL002918,PERSON,P01318,M. Mehta,INITIALS,SRCU002,0.96,2025-03-28 07:08:50
AL002919,PERSON,P01319,Y. Bansal,INITIALS,SRCU002,0.85,2025-07-07 08:05:06
AL002920,PERSON,P01320,N. Jain,INITIALS,SRCU002,0.89,2025-06-25 07:26:37
AL002921,PERSON,P01321,A. Joshi,INITIALS,SRCU002,0.96,2026-03-06 22:59:46
AL002922,PERSON,P01322,V. Tiwari,INITIALS,SRCU002,0.95,2025-09-20 16:42:27
AL002923,PERSON,P01323,A. Deshmukh,INITIALS,SRCU002,0.96,2025-08-19 17:37:40
AL002924,PERSON,P01324,R. Verma,INITIALS,SRCU002,0.95,2026-06-02 21:39:43
AL002925,PERSON,P01325,Y. Joshi,INITIALS,SRCU002,0.87,2025-10-16 09:16:40
AL002926,PERSON,P01326,S. Sharma,INITIALS,SRCU002,0.93,2025-04-24 20:16:15
AL002927,PERSON,P01327,S. Sharma,INITIALS,SRCU002,0.93,2026-05-09 04:17:06
AL002928,PERSON,P01328,A. Mehta,INITIALS,SRCU002,0.91,2026-05-07 10:21:44
AL002929,PERSON,P01329,D. Rathore,INITIALS,SRCU002,0.94,2026-03-03 13:19:34
AL002930,PERSON,P01330,R. Patel,INITIALS,SRCU002,0.94,2026-08-15 22:54:53
AL002931,PERSON,P01331,M. Saxena,INITIALS,SRCU002,0.94,2026-01-31 17:05:46
AL002932,PERSON,P01332,M. Mehta,INITIALS,SRCU002,0.87,2025-08-17 15:56:03
AL002933,PERSON,P01333,S. Yadav,INITIALS,SRCU002,0.85,2025-03-29 07:31:48
AL002934,PERSON,P01334,A. Bansal,INITIALS,SRCU002,0.9,2025-08-28 12:35:28
AL002935,PERSON,P01335,M. Jain,INITIALS,SRCU002,0.89,2025-11-21 13:53:58
AL002936,PERSON,P01336,V. Gupta,INITIALS,SRCU002,0.85,2025-11-18 06:43:19
AL002937,PERSON,P01337,D. Chauhan,INITIALS,SRCU002,0.87,2026-07-08 06:35:07
AL002938,PERSON,P01338,R. Joshi,INITIALS,SRCU002,0.95,2026-07-03 16:08:41
AL002939,PERSON,P01339,N. Saxena,INITIALS,SRCU002,0.85,2026-03-01 22:34:39
AL002940,PERSON,P01340,K. Agarwal,INITIALS,SRCU002,0.94,2025-05-30 17:06:25
AL002941,PERSON,P01341,A. Yadav,INITIALS,SRCU002,0.92,2026-01-24 14:42:45
AL002942,PERSON,P01342,N. Tiwari,INITIALS,SRCU002,0.9,2025-12-20 00:10:33
AL002943,PERSON,P01343,S. Verma,INITIALS,SRCU002,0.87,2025-02-27 22:36:23
AL002944,PERSON,P01344,A. Gupta,INITIALS,SRCU002,0.86,2025-03-03 19:08:33
AL002945,PERSON,P01345,V. Mishra,INITIALS,SRCU002,0.9,2026-08-20 12:57:54
AL002946,PERSON,P01346,V. Shah,INITIALS,SRCU002,0.96,2026-02-22 10:14:46
AL002947,PERSON,P01347,A. Chauhan,INITIALS,SRCU002,0.86,2025-02-06 14:16:00
AL002948,PERSON,P01348,R. Saxena,INITIALS,SRCU002,0.91,2025-02-24 09:16:18
AL002949,PERSON,P01349,A. Deshmukh,INITIALS,SRCU002,0.88,2025-09-03 00:17:50
AL002950,PERSON,P01350,K. Joshi,INITIALS,SRCU002,0.94,2026-06-30 06:27:13
AL002951,PERSON,P01351,K. Mehta,INITIALS,SRCU002,0.9,2025-06-03 13:25:12
AL002952,PERSON,P01352,M. Jain,INITIALS,SRCU002,0.91,2026-05-23 03:29:38
AL002953,PERSON,P01353,V. Bansal,INITIALS,SRCU002,0.9,2026-02-14 04:04:05
AL002954,PERSON,P01354,D. Rathore,INITIALS,SRCU002,0.91,2026-08-05 15:29:52
AL002955,PERSON,P01355,S. Saxena,INITIALS,SRCU002,0.96,2026-01-15 13:04:00
AL002956,PERSON,P01356,N. Sharma,INITIALS,SRCU002,0.89,2025-11-14 07:52:01
AL002957,PERSON,P01357,S. Mishra,INITIALS,SRCU002,0.86,2025-11-09 08:08:09
AL002958,PERSON,P01358,K. Tiwari,INITIALS,SRCU002,0.9,2026-03-29 10:59:59
AL002959,PERSON,P01359,A. Shah,INITIALS,SRCU002,0.89,2026-02-01 10:55:10
AL002960,PERSON,P01360,A. Joshi,INITIALS,SRCU002,0.93,2025-12-03 10:34:26
AL002961,PERSON,P01361,A. Rathore,INITIALS,SRCU002,0.93,2026-07-08 20:37:30
AL002962,PERSON,P01362,K. Agarwal,INITIALS,SRCU002,0.89,2025-10-22 18:34:12
AL002963,PERSON,P01363,S. Shah,INITIALS,SRCU002,0.9,2026-02-24 08:17:42
AL002964,PERSON,P01364,A. Verma,INITIALS,SRCU002,0.86,2026-05-09 01:37:07
AL002965,PERSON,P01365,A. Malhotra,INITIALS,SRCU002,0.92,2025-10-31 13:35:46
AL002966,PERSON,P01366,V. Verma,INITIALS,SRCU002,0.85,2025-11-01 09:43:06
AL002967,PERSON,P01367,A. Malhotra,INITIALS,SRCU002,0.95,2026-02-05 00:13:42
AL002968,PERSON,P01368,K. Shah,INITIALS,SRCU002,0.88,2025-10-27 23:02:23
AL002969,PERSON,P01369,M. Agarwal,INITIALS,SRCU002,0.88,2025-03-29 05:47:27
AL002970,PERSON,P01370,S. Mishra,INITIALS,SRCU002,0.92,2025-08-02 23:45:04
AL002971,PERSON,P01371,N. Yadav,INITIALS,SRCU002,0.86,2026-07-14 18:13:46
AL002972,PERSON,P01372,A. Mishra,INITIALS,SRCU002,0.97,2025-03-30 03:44:50
AL002973,PERSON,P01373,Y. Tiwari,INITIALS,SRCU002,0.91,2025-11-04 13:15:36
AL002974,PERSON,P01374,D. Bansal,INITIALS,SRCU002,0.92,2025-04-29 05:12:01
AL002975,PERSON,P01375,A. Joshi,INITIALS,SRCU002,0.9,2026-01-02 11:44:17
AL002976,PERSON,P01376,V. Patel,INITIALS,SRCU002,0.92,2026-02-04 20:34:32
AL002977,PERSON,P01377,M. Singh,INITIALS,SRCU002,0.95,2025-05-04 20:04:20
AL002978,PERSON,P01378,N. Sharma,INITIALS,SRCU002,0.89,2026-05-06 07:14:39
AL002979,PERSON,P01379,M. Patel,INITIALS,SRCU002,0.87,2025-07-13 15:58:02
AL002980,PERSON,P01380,D. Chauhan,INITIALS,SRCU002,0.94,2025-08-19 20:20:09
AL002981,PERSON,P01381,S. Tiwari,INITIALS,SRCU002,0.93,2026-02-15 09:44:53
AL002982,PERSON,P01382,A. Khan,INITIALS,SRCU002,0.91,2025-06-08 05:35:04
AL002983,PERSON,P01383,R. Rathore,INITIALS,SRCU002,0.96,2025-01-23 07:26:32
AL002984,PERSON,P01384,A. Chauhan,INITIALS,SRCU002,0.91,2025-02-27 01:43:30
AL002985,PERSON,P01385,S. Chauhan,INITIALS,SRCU002,0.91,2025-07-10 05:26:58
AL002986,PERSON,P01386,N. Singh,INITIALS,SRCU002,0.93,2026-08-06 02:58:13
AL002987,PERSON,P01387,R. Bansal,INITIALS,SRCU002,0.92,2025-11-04 23:41:11
AL002988,PERSON,P01388,N. Shah,INITIALS,SRCU002,0.95,2025-04-13 00:59:36
AL002989,PERSON,P01389,A. Rathore,INITIALS,SRCU002,0.93,2026-03-12 20:54:56
AL002990,PERSON,P01390,P. Bansal,INITIALS,SRCU002,0.87,2025-11-04 14:26:39
AL002991,PERSON,P01391,S. Chauhan,INITIALS,SRCU002,0.85,2025-10-11 15:32:56
AL002992,PERSON,P01392,N. Rathore,INITIALS,SRCU002,0.9,2026-06-22 04:03:48
AL002993,PERSON,P01393,P. Mishra,INITIALS,SRCU002,0.96,2025-01-11 11:01:47
AL002994,PERSON,P01394,D. Saxena,INITIALS,SRCU002,0.96,2026-02-09 06:59:05
AL002995,PERSON,P01395,A. Singh,INITIALS,SRCU002,0.89,2025-12-02 05:30:16
AL002996,PERSON,P01396,V. Gupta,INITIALS,SRCU002,0.91,2025-07-15 00:26:37
AL002997,PERSON,P01397,P. Patel,INITIALS,SRCU002,0.91,2025-07-11 15:38:27
AL002998,PERSON,P01398,R. Mehta,INITIALS,SRCU002,0.95,2025-05-26 21:47:51
AL002999,PERSON,P01399,V. Saxena,INITIALS,SRCU002,0.91,2025-02-11 14:19:21
AL003000,PERSON,P01400,R. Mehta,INITIALS,SRCU002,0.91,2025-01-23 05:39:35
AL003001,PERSON,P01401,Y. Tiwari,INITIALS,SRCU002,0.94,2025-05-13 17:16:59
AL003002,PERSON,P01402,R. Khan,INITIALS,SRCU002,0.94,2025-06-05 15:05:16
AL003003,PERSON,P01403,Y. Verma,INITIALS,SRCU002,0.92,2026-03-01 18:48:46
AL003004,PERSON,P01404,K. Sharma,INITIALS,SRCU002,0.95,2025-04-30 08:18:21
AL003005,PERSON,P01405,R. Gupta,INITIALS,SRCU002,0.89,2025-03-11 00:29:04
AL003006,PERSON,P01406,S. Deshmukh,INITIALS,SRCU002,0.86,2025-06-25 13:33:26
AL003007,PERSON,P01407,A. Tiwari,INITIALS,SRCU002,0.85,2026-04-23 18:38:37
AL003008,PERSON,P01408,V. Saxena,INITIALS,SRCU002,0.88,2025-05-10 06:11:14
AL003009,PERSON,P01409,K. Gupta,INITIALS,SRCU002,0.96,2026-06-25 22:04:29
AL003010,PERSON,P01410,P. Chauhan,INITIALS,SRCU002,0.86,2026-06-30 18:22:03
AL003011,PERSON,P01411,M. Deshmukh,INITIALS,SRCU002,0.87,2026-04-25 03:05:56
AL003012,PERSON,P01412,S. Sharma,INITIALS,SRCU002,0.86,2025-03-30 02:44:43
AL003013,PERSON,P01413,A. Verma,INITIALS,SRCU002,0.96,2026-04-13 22:04:40
AL003014,PERSON,P01414,M. Jain,INITIALS,SRCU002,0.97,2025-03-21 03:33:26
AL003015,PERSON,P01415,A. Malhotra,INITIALS,SRCU002,0.93,2025-10-01 21:41:43
AL003016,PERSON,P01416,N. Tiwari,INITIALS,SRCU002,0.86,2025-06-17 19:57:36
AL003017,PERSON,P01417,V. Patel,INITIALS,SRCU002,0.89,2025-03-09 12:52:20
AL003018,PERSON,P01418,N. Singh,INITIALS,SRCU002,0.92,2025-01-18 06:15:31
AL003019,PERSON,P01419,R. Verma,INITIALS,SRCU002,0.85,2025-03-13 04:41:01
AL003020,PERSON,P01420,K. Malhotra,INITIALS,SRCU002,0.9,2026-05-07 02:44:21
AL003021,PERSON,P01421,M. Sharma,INITIALS,SRCU002,0.88,2025-09-06 07:01:15
AL003022,PERSON,P01422,A. Tiwari,INITIALS,SRCU002,0.88,2026-03-24 19:47:09
AL003023,PERSON,P01423,Y. Joshi,INITIALS,SRCU002,0.88,2025-11-17 15:10:45
AL003024,PERSON,P01424,A. Mishra,INITIALS,SRCU002,0.86,2025-01-24 07:55:31
AL003025,PERSON,P01425,I. Shah,INITIALS,SRCU002,0.87,2025-06-22 06:34:18
AL003026,PERSON,P01426,N. Sharma,INITIALS,SRCU002,0.93,2025-03-25 05:40:55
AL003027,PERSON,P01427,S. Shah,INITIALS,SRCU002,0.92,2026-05-13 05:12:32
AL003028,PERSON,P01428,N. Deshmukh,INITIALS,SRCU002,0.88,2025-01-09 00:42:41
AL003029,PERSON,P01429,D. Sharma,INITIALS,SRCU002,0.94,2025-10-08 04:21:29
AL003030,PERSON,P01430,A. Verma,INITIALS,SRCU002,0.88,2025-06-09 14:51:12
AL003031,PERSON,P01431,D. Khan,INITIALS,SRCU002,0.94,2025-05-11 14:40:22
AL003032,PERSON,P01432,K. Singh,INITIALS,SRCU002,0.96,2025-06-20 13:08:12
AL003033,PERSON,P01433,V. Yadav,INITIALS,SRCU002,0.89,2025-06-07 16:02:47
AL003034,PERSON,P01434,A. Saxena,INITIALS,SRCU002,0.87,2025-12-04 19:21:12
AL003035,PERSON,P01435,A. Bansal,INITIALS,SRCU002,0.85,2025-06-12 05:07:24
AL003036,PERSON,P01436,A. Mehta,INITIALS,SRCU002,0.86,2026-04-06 15:08:46
AL003037,PERSON,P01437,S. Mishra,INITIALS,SRCU002,0.93,2025-12-28 08:35:18
AL003038,PERSON,P01438,M. Singh,INITIALS,SRCU002,0.9,2026-08-06 05:15:57
AL003039,PERSON,P01439,V. Shah,INITIALS,SRCU002,0.89,2025-09-15 20:05:05
AL003040,PERSON,P01440,A. Mehta,INITIALS,SRCU002,0.94,2026-07-28 01:35:48
AL003041,PERSON,P01441,I. Mishra,INITIALS,SRCU002,0.94,2026-01-31 19:18:12
AL003042,PERSON,P01442,D. Joshi,INITIALS,SRCU002,0.9,2025-08-24 18:39:46
AL003043,PERSON,P01443,N. Jain,INITIALS,SRCU002,0.95,2026-09-01 13:37:24
AL003044,PERSON,P01444,A. Saxena,INITIALS,SRCU002,0.88,2026-06-13 18:48:53
AL003045,PERSON,P01445,D. Mishra,INITIALS,SRCU002,0.95,2026-06-27 19:14:49
AL003046,PERSON,P01446,P. Shah,INITIALS,SRCU002,0.92,2026-07-18 23:22:52
AL003047,PERSON,P01447,A. Bansal,INITIALS,SRCU002,0.89,2025-01-08 13:56:03
AL003048,PERSON,P01448,A. Malhotra,INITIALS,SRCU002,0.87,2026-06-26 23:35:44
AL003049,PERSON,P01449,A. Sharma,INITIALS,SRCU002,0.9,2025-06-22 23:21:18
AL003050,PERSON,P01450,A. Saxena,INITIALS,SRCU002,0.88,2025-01-23 13:43:14
AL003051,PERSON,P01451,M. Joshi,INITIALS,SRCU002,0.94,2025-03-22 17:24:00
AL003052,PERSON,P01452,D. Mishra,INITIALS,SRCU002,0.87,2025-06-02 08:43:43
AL003053,PERSON,P01453,K. Shah,INITIALS,SRCU002,0.96,2026-03-05 19:58:04
AL003054,PERSON,P01454,D. Chauhan,INITIALS,SRCU002,0.92,2025-03-13 21:48:10
AL003055,PERSON,P01455,V. Shah,INITIALS,SRCU002,0.87,2025-11-27 17:55:05
AL003056,PERSON,P01456,K. Singh,INITIALS,SRCU002,0.95,2026-03-26 09:48:46
AL003057,PERSON,P01457,Y. Joshi,INITIALS,SRCU002,0.85,2025-02-11 20:08:42
AL003058,PERSON,P01458,V. Khan,INITIALS,SRCU002,0.93,2025-12-04 19:47:37
AL003059,PERSON,P01459,K. Singh,INITIALS,SRCU002,0.87,2025-08-31 11:10:57
AL003060,PERSON,P01460,M. Tiwari,INITIALS,SRCU002,0.95,2025-04-05 13:35:35
AL003061,PERSON,P01461,S. Mishra,INITIALS,SRCU002,0.91,2025-06-08 11:47:12
AL003062,PERSON,P01462,R. Patel,INITIALS,SRCU002,0.94,2025-01-11 04:59:46
AL003063,PERSON,P01463,K. Patel,INITIALS,SRCU002,0.89,2025-04-29 16:33:00
AL003064,PERSON,P01464,K. Yadav,INITIALS,SRCU002,0.95,2026-08-22 08:22:46
AL003065,PERSON,P01465,A. Bansal,INITIALS,SRCU002,0.94,2025-03-17 02:26:03
AL003066,PERSON,P01466,R. Jain,INITIALS,SRCU002,0.93,2025-07-31 23:29:03
AL003067,PERSON,P01467,R. Gupta,INITIALS,SRCU002,0.9,2025-06-10 21:18:15
AL003068,PERSON,P01468,Y. Gupta,INITIALS,SRCU002,0.88,2025-05-08 00:58:06
AL003069,PERSON,P01469,N. Saxena,INITIALS,SRCU002,0.95,2025-02-07 21:01:27
AL003070,PERSON,P01470,M. Rathore,INITIALS,SRCU002,0.91,2026-02-10 21:19:01
AL003071,PERSON,P01471,M. Agarwal,INITIALS,SRCU002,0.96,2025-12-29 08:01:53
AL003072,PERSON,P01472,D. Joshi,INITIALS,SRCU002,0.92,2025-09-01 15:31:56
AL003073,PERSON,P01473,M. Deshmukh,INITIALS,SRCU002,0.88,2026-01-11 14:03:10
AL003074,PERSON,P01474,R. Mishra,INITIALS,SRCU002,0.96,2026-05-26 17:41:04
AL003075,PERSON,P01475,K. Yadav,INITIALS,SRCU002,0.85,2026-07-31 00:29:35
AL003076,PERSON,P01476,N. Verma,INITIALS,SRCU002,0.92,2025-12-19 07:14:12
AL003077,PERSON,P01477,N. Patel,INITIALS,SRCU002,0.87,2026-05-08 13:49:47
AL003078,PERSON,P01478,A. Chauhan,INITIALS,SRCU002,0.97,2025-11-12 17:44:57
AL003079,PERSON,P01479,V. Gupta,INITIALS,SRCU002,0.96,2025-09-23 06:23:35
AL003080,PERSON,P01480,M. Khan,INITIALS,SRCU002,0.95,2026-04-20 07:01:17
AL003081,PERSON,P01481,V. Sharma,INITIALS,SRCU002,0.9,2026-04-28 19:51:50
AL003082,PERSON,P01482,A. Jain,INITIALS,SRCU002,0.94,2025-05-31 01:19:47
AL003083,PERSON,P01483,I. Malhotra,INITIALS,SRCU002,0.91,2026-05-29 22:23:38
AL003084,PERSON,P01484,Y. Singh,INITIALS,SRCU002,0.96,2025-12-16 05:46:33
AL003085,PERSON,P01485,S. Mishra,INITIALS,SRCU002,0.86,2026-02-22 16:46:37
AL003086,PERSON,P01486,N. Shah,INITIALS,SRCU002,0.88,2025-03-26 09:09:23
AL003087,PERSON,P01487,M. Agarwal,INITIALS,SRCU002,0.88,2026-06-22 08:08:52
AL003088,PERSON,P01488,N. Tiwari,INITIALS,SRCU002,0.93,2025-02-11 01:35:39
AL003089,PERSON,P01489,S. Patel,INITIALS,SRCU002,0.96,2026-02-17 14:39:33
AL003090,PERSON,P01490,M. Shah,INITIALS,SRCU002,0.92,2025-03-20 22:50:04
AL003091,PERSON,P01491,S. Jain,INITIALS,SRCU002,0.86,2025-10-31 09:24:22
AL003092,PERSON,P01492,R. Verma,INITIALS,SRCU002,0.85,2025-04-06 12:14:26
AL003093,PERSON,P01493,R. Rathore,INITIALS,SRCU002,0.92,2026-06-29 14:52:40
AL003094,PERSON,P01494,R. Mehta,INITIALS,SRCU002,0.95,2025-02-21 12:58:08
AL003095,PERSON,P01495,V. Patel,INITIALS,SRCU002,0.89,2025-09-11 15:52:00
AL003096,PERSON,P01496,K. Bansal,INITIALS,SRCU002,0.89,2025-11-06 15:16:50
AL003097,PERSON,P01497,M. Malhotra,INITIALS,SRCU002,0.9,2025-05-20 21:12:18
AL003098,PERSON,P01498,V. Gupta,INITIALS,SRCU002,0.94,2026-06-06 18:50:50
AL003099,PERSON,P01499,R. Joshi,INITIALS,SRCU002,0.86,2025-06-13 02:12:44
AL003100,PERSON,P01500,M. Mehta,INITIALS,SRCU002,0.94,2025-05-16 03:22:47
AL003101,PERSON,P01501,S. Patel,INITIALS,SRCU002,0.91,2026-08-22 05:09:36
AL003102,PERSON,P01502,V. Saxena,INITIALS,SRCU002,0.94,2025-05-04 00:37:56
AL003103,PERSON,P01503,N. Deshmukh,INITIALS,SRCU002,0.89,2026-08-12 20:07:53
AL003104,PERSON,P01504,R. Malhotra,INITIALS,SRCU002,0.86,2026-04-10 15:32:00
AL003105,PERSON,P01505,A. Joshi,INITIALS,SRCU002,0.96,2025-06-02 12:29:16
AL003106,PERSON,P01506,K. Sharma,INITIALS,SRCU002,0.9,2026-03-23 19:52:25
AL003107,PERSON,P01507,R. Sharma,INITIALS,SRCU002,0.89,2025-07-08 10:33:16
AL003108,PERSON,P01508,P. Rathore,INITIALS,SRCU002,0.91,2025-06-14 06:39:15
AL003109,PERSON,P01509,A. Rathore,INITIALS,SRCU002,0.92,2026-06-08 21:52:39
AL003110,PERSON,P01510,R. Khan,INITIALS,SRCU002,0.93,2025-02-13 20:55:41
AL003111,PERSON,P01511,K. Patel,INITIALS,SRCU002,0.92,2025-03-29 18:19:53
AL003112,PERSON,P01512,D. Saxena,INITIALS,SRCU002,0.9,2025-10-21 04:37:28
AL003113,PERSON,P01513,A. Gupta,INITIALS,SRCU002,0.91,2026-05-22 00:43:16
AL003114,PERSON,P01514,N. Saxena,INITIALS,SRCU002,0.95,2025-02-22 12:14:48
AL003115,PERSON,P01515,N. Rathore,INITIALS,SRCU002,0.95,2025-10-24 09:32:20
AL003116,PERSON,P01516,S. Sharma,INITIALS,SRCU002,0.93,2026-05-01 20:28:08
AL003117,PERSON,P01517,N. Tiwari,INITIALS,SRCU002,0.91,2025-12-16 02:26:43
AL003118,PERSON,P01518,K. Singh,INITIALS,SRCU002,0.88,2025-03-28 15:57:16
AL003119,PERSON,P01519,S. Patel,INITIALS,SRCU002,0.89,2025-02-03 08:22:55
AL003120,PERSON,P01520,P. Joshi,INITIALS,SRCU002,0.91,2025-02-02 00:23:23
AL003121,PERSON,P01521,S. Verma,INITIALS,SRCU002,0.93,2025-05-30 07:02:22
AL003122,PERSON,P01522,K. Deshmukh,INITIALS,SRCU002,0.96,2025-02-19 02:57:27
AL003123,PERSON,P01523,A. Agarwal,INITIALS,SRCU002,0.95,2026-03-31 16:51:05
AL003124,PERSON,P01524,A. Shah,INITIALS,SRCU002,0.94,2025-06-19 01:40:39
AL003125,PERSON,P01525,S. Sharma,INITIALS,SRCU002,0.86,2026-08-20 17:17:19
AL003126,PERSON,P01526,V. Agarwal,INITIALS,SRCU002,0.9,2026-04-21 06:41:19
AL003127,PERSON,P01527,K. Malhotra,INITIALS,SRCU002,0.9,2026-02-17 22:52:23
AL003128,PERSON,P01528,K. Agarwal,INITIALS,SRCU002,0.9,2026-02-18 08:55:15
AL003129,PERSON,P01529,N. Bansal,INITIALS,SRCU002,0.87,2026-08-17 18:35:39
AL003130,PERSON,P01530,S. Gupta,INITIALS,SRCU002,0.87,2025-05-26 19:22:09
AL003131,PERSON,P01531,R. Malhotra,INITIALS,SRCU002,0.97,2025-01-26 05:07:26
AL003132,PERSON,P01532,N. Patel,INITIALS,SRCU002,0.96,2025-08-22 08:08:32
AL003133,PERSON,P01533,N. Shah,INITIALS,SRCU002,0.91,2025-11-19 19:05:39
AL003134,PERSON,P01534,R. Sharma,INITIALS,SRCU002,0.93,2025-05-27 09:08:31
AL003135,PERSON,P01535,N. Saxena,INITIALS,SRCU002,0.89,2025-06-29 09:02:08
AL003136,PERSON,P01536,S. Shah,INITIALS,SRCU002,0.86,2026-05-26 19:35:44
AL003137,PERSON,P01537,S. Rathore,INITIALS,SRCU002,0.93,2025-04-17 05:44:17
AL003138,PERSON,P01538,K. Shah,INITIALS,SRCU002,0.91,2025-09-29 14:00:16
AL003139,PERSON,P01539,Y. Bansal,INITIALS,SRCU002,0.89,2026-03-30 19:51:06
AL003140,PERSON,P01540,V. Mehta,INITIALS,SRCU002,0.92,2026-01-25 07:23:58
AL003141,PERSON,P01541,A. Singh,INITIALS,SRCU002,0.85,2025-09-26 04:09:37
AL003142,PERSON,P01542,R. Mishra,INITIALS,SRCU002,0.96,2025-01-08 04:52:40
AL003143,PERSON,P01543,N. Patel,INITIALS,SRCU002,0.85,2026-04-02 14:59:04
AL003144,PERSON,P01544,D. Jain,INITIALS,SRCU002,0.88,2025-12-25 19:23:51
AL003145,PERSON,P01545,M. Mishra,INITIALS,SRCU002,0.94,2025-09-15 00:07:50
AL003146,PERSON,P01546,S. Sharma,INITIALS,SRCU002,0.85,2026-02-28 12:42:59
AL003147,PERSON,P01547,S. Sharma,INITIALS,SRCU002,0.87,2026-07-04 18:42:14
AL003148,PERSON,P01548,R. Verma,INITIALS,SRCU002,0.87,2026-05-19 15:47:59
AL003149,PERSON,P01549,R. Agarwal,INITIALS,SRCU002,0.96,2025-01-12 23:29:44
AL003150,PERSON,P01550,A. Bansal,INITIALS,SRCU002,0.91,2026-05-27 20:42:26
AL003151,PERSON,P01551,R. Chauhan,INITIALS,SRCU002,0.95,2026-06-19 12:34:17
AL003152,PERSON,P01552,A. Rathore,INITIALS,SRCU002,0.88,2025-10-11 15:15:33
AL003153,PERSON,P01553,A. Deshmukh,INITIALS,SRCU002,0.96,2026-05-17 09:04:28
AL003154,PERSON,P01554,K. Mishra,INITIALS,SRCU002,0.91,2025-01-28 06:33:05
AL003155,PERSON,P01555,A. Shah,INITIALS,SRCU002,0.92,2025-11-23 22:03:26
AL003156,PERSON,P01556,A. Rathore,INITIALS,SRCU002,0.95,2025-10-23 18:59:36
AL003157,PERSON,P01557,P. Sharma,INITIALS,SRCU002,0.86,2025-12-15 22:12:53
AL003158,PERSON,P01558,M. Verma,INITIALS,SRCU002,0.95,2025-04-23 19:45:12
AL003159,PERSON,P01559,A. Tiwari,INITIALS,SRCU002,0.93,2026-02-06 13:09:39
AL003160,PERSON,P01560,D. Deshmukh,INITIALS,SRCU002,0.92,2026-03-31 15:04:05
AL003161,PERSON,P01561,R. Deshmukh,INITIALS,SRCU002,0.91,2026-06-10 12:49:39
AL003162,PERSON,P01562,A. Sharma,INITIALS,SRCU002,0.87,2026-02-27 11:48:45
AL003163,PERSON,P01563,S. Malhotra,INITIALS,SRCU002,0.93,2025-12-25 01:34:29
AL003164,PERSON,P01564,P. Mishra,INITIALS,SRCU002,0.86,2025-09-20 16:01:26
AL003165,PERSON,P01565,A. Khan,INITIALS,SRCU002,0.87,2026-06-23 07:56:04
AL003166,PERSON,P01566,R. Malhotra,INITIALS,SRCU002,0.95,2025-03-30 17:19:22
AL003167,PERSON,P01567,S. Jain,INITIALS,SRCU002,0.87,2025-09-19 19:55:31
AL003168,PERSON,P01568,R. Chauhan,INITIALS,SRCU002,0.96,2025-02-05 20:42:57
AL003169,PERSON,P01569,D. Singh,INITIALS,SRCU002,0.93,2026-01-21 12:57:38
AL003170,PERSON,P01570,A. Malhotra,INITIALS,SRCU002,0.91,2026-08-07 16:30:16
AL003171,PERSON,P01571,I. Bansal,INITIALS,SRCU002,0.87,2026-04-05 16:30:48
AL003172,PERSON,P01572,Y. Shah,INITIALS,SRCU002,0.88,2026-05-12 20:35:44
AL003173,PERSON,P01573,R. Rathore,INITIALS,SRCU002,0.95,2025-12-18 16:51:43
AL003174,PERSON,P01574,A. Gupta,INITIALS,SRCU002,0.92,2025-08-25 03:20:51
AL003175,PERSON,P01575,I. Chauhan,INITIALS,SRCU002,0.89,2025-02-04 19:58:41
AL003176,PERSON,P01576,N. Patel,INITIALS,SRCU002,0.92,2025-03-20 07:32:39
AL003177,PERSON,P01577,M. Yadav,INITIALS,SRCU002,0.92,2026-08-17 01:15:36
AL003178,PERSON,P01578,S. Yadav,INITIALS,SRCU002,0.86,2026-02-13 23:19:14
AL003179,PERSON,P01579,A. Mishra,INITIALS,SRCU002,0.93,2026-03-23 02:00:42
AL003180,PERSON,P01580,A. Deshmukh,INITIALS,SRCU002,0.88,2025-11-20 08:42:02
AL003181,PERSON,P01581,N. Rathore,INITIALS,SRCU002,0.94,2025-09-16 06:27:56
AL003182,PERSON,P01582,R. Gupta,INITIALS,SRCU002,0.97,2025-06-01 10:39:38
AL003183,PERSON,P01583,R. Joshi,INITIALS,SRCU002,0.97,2025-04-05 12:02:05
AL003184,PERSON,P01584,P. Deshmukh,INITIALS,SRCU002,0.93,2026-05-02 04:52:28
AL003185,PERSON,P01585,Y. Joshi,INITIALS,SRCU002,0.97,2025-11-10 18:25:47
AL003186,PERSON,P01586,A. Bansal,INITIALS,SRCU002,0.87,2025-03-02 01:32:57
AL003187,PERSON,P01587,A. Deshmukh,INITIALS,SRCU002,0.86,2025-05-18 03:53:18
AL003188,PERSON,P01588,A. Verma,INITIALS,SRCU002,0.96,2025-11-01 09:44:10
AL003189,PERSON,P01589,K. Shah,INITIALS,SRCU002,0.89,2025-01-23 07:25:45
AL003190,PERSON,P01590,V. Rathore,INITIALS,SRCU002,0.87,2025-06-09 16:16:28
AL003191,PERSON,P01591,P. Jain,INITIALS,SRCU002,0.88,2025-03-11 11:35:31
AL003192,PERSON,P01592,K. Deshmukh,INITIALS,SRCU002,0.94,2026-02-19 10:43:26
AL003193,PERSON,P01593,N. Shah,INITIALS,SRCU002,0.97,2025-04-13 08:52:03
AL003194,PERSON,P01594,A. Yadav,INITIALS,SRCU002,0.86,2025-10-08 23:50:13
AL003195,PERSON,P01595,K. Jain,INITIALS,SRCU002,0.92,2026-05-17 16:41:30
AL003196,PERSON,P01596,I. Bansal,INITIALS,SRCU002,0.91,2026-06-26 05:10:16
AL003197,PERSON,P01597,V. Joshi,INITIALS,SRCU002,0.88,2025-12-27 19:42:09
AL003198,PERSON,P01598,M. Chauhan,INITIALS,SRCU002,0.94,2025-12-26 09:30:13
AL003199,PERSON,P01599,R. Malhotra,INITIALS,SRCU002,0.88,2025-11-21 10:11:50
AL003200,PERSON,P01600,N. Sharma,INITIALS,SRCU002,0.93,2026-08-12 15:38:44
AL003201,PERSON,P00001,नेहा Patel,DEVANAGARI_VARIANT,SRCU004,0.8,2026-04-10 20:02:53
AL003202,PERSON,P00002,ईशा Tiwari,DEVANAGARI_VARIANT,SRCU004,0.9,2025-09-01 09:07:24
AL003203,PERSON,P00003,यश Sharma,DEVANAGARI_VARIANT,SRCU003,0.9,2026-08-17 22:55:38
AL003204,PERSON,P00004,रिया Sharma,DEVANAGARI_VARIANT,SRCU003,0.84,2025-09-25 11:25:25
AL003205,PERSON,P00005,संजय Patel,DEVANAGARI_VARIANT,SRCU003,0.92,2025-01-17 01:34:52
AL003206,PERSON,P00006,ईशा Yadav,DEVANAGARI_VARIANT,SRCU005,0.81,2025-06-27 15:04:44
AL003207,PERSON,P00007,यश Saxena,DEVANAGARI_VARIANT,SRCU004,0.78,2026-06-14 18:48:35
AL003208,PERSON,P00008,Aditya Jain,DEVANAGARI_VARIANT,SRCU004,0.82,2026-08-17 06:23:33
AL003209,PERSON,P00009,प्रिया Malhotra,DEVANAGARI_VARIANT,SRCU004,0.73,2026-07-03 15:25:19
AL003210,PERSON,P00010,Ankit Malhotra,DEVANAGARI_VARIANT,SRCU003,0.76,2026-05-16 22:25:28
AL003211,PERSON,P00011,संजय Chauhan,DEVANAGARI_VARIANT,SRCU005,0.87,2026-03-04 01:02:51
AL003212,PERSON,P00012,Nandini Yadav,DEVANAGARI_VARIANT,SRCU003,0.75,2026-05-21 19:00:04
AL003213,PERSON,P00013,अमित Shah,DEVANAGARI_VARIANT,SRCU003,0.94,2025-11-16 05:37:44
AL003214,PERSON,P00014,रिया Patel,DEVANAGARI_VARIANT,SRCU004,0.96,2026-07-14 13:47:30
AL003215,PERSON,P00015,दीपक Bansal,DEVANAGARI_VARIANT,SRCU003,0.79,2026-04-23 13:16:00
AL003216,PERSON,P00016,करण Joshi,DEVANAGARI_VARIANT,SRCU005,0.84,2026-03-19 19:45:13
AL003217,PERSON,P00017,करण Bansal,DEVANAGARI_VARIANT,SRCU003,0.92,2026-05-02 07:42:27
AL003218,PERSON,P00018,रोहन Saxena,DEVANAGARI_VARIANT,SRCU005,0.9,2025-04-24 14:10:25
AL003219,PERSON,P00019,Nandini Saxena,DEVANAGARI_VARIANT,SRCU005,0.88,2025-09-13 18:37:40
AL003220,PERSON,P00020,Sneha Mehta,DEVANAGARI_VARIANT,SRCU003,0.87,2026-07-29 05:32:43
AL003221,PERSON,P00021,रिया Deshmukh,DEVANAGARI_VARIANT,SRCU004,0.87,2025-07-20 04:01:45
AL003222,PERSON,P00022,दीपक Bansal,DEVANAGARI_VARIANT,SRCU004,0.78,2026-02-15 13:55:19
AL003223,PERSON,P00023,विक्रम Shah,DEVANAGARI_VARIANT,SRCU003,0.8,2025-10-17 11:32:55
AL003224,PERSON,P00024,संजय Mehta,DEVANAGARI_VARIANT,SRCU004,0.78,2025-11-10 06:06:49
AL003225,PERSON,P00025,Meera Shah,DEVANAGARI_VARIANT,SRCU005,0.89,2025-08-04 03:14:15
AL003226,PERSON,P00026,अमित Saxena,DEVANAGARI_VARIANT,SRCU004,0.9,2025-03-10 04:44:06
AL003227,PERSON,P00027,काव्या Patel,DEVANAGARI_VARIANT,SRCU005,0.85,2025-11-16 13:26:56
AL003228,PERSON,P00028,विक्रम Mehta,DEVANAGARI_VARIANT,SRCU005,0.8,2025-08-09 02:07:02
AL003229,PERSON,P00029,Aditya Jain,DEVANAGARI_VARIANT,SRCU003,0.81,2025-06-29 14:19:19
AL003230,PERSON,P00030,Ankit Sharma,DEVANAGARI_VARIANT,SRCU004,0.91,2025-10-31 21:04:21
AL003231,PERSON,P00031,काव्या Tiwari,DEVANAGARI_VARIANT,SRCU003,0.88,2025-07-10 04:54:47
AL003232,PERSON,P00032,Vihaan Joshi,DEVANAGARI_VARIANT,SRCU003,0.76,2025-11-19 07:59:39
AL003233,PERSON,P00033,वरुण Mehta,DEVANAGARI_VARIANT,SRCU005,0.93,2025-10-04 05:47:21
AL003234,PERSON,P00034,Siddharth Jain,DEVANAGARI_VARIANT,SRCU005,0.74,2025-04-16 14:35:58
AL003235,PERSON,P00035,संजय Malhotra,DEVANAGARI_VARIANT,SRCU005,0.87,2025-04-29 22:10:01
AL003236,PERSON,P00036,नेहा Agarwal,DEVANAGARI_VARIANT,SRCU003,0.77,2026-08-21 20:51:56
AL003237,PERSON,P00037,अर्जुन Mehta,DEVANAGARI_VARIANT,SRCU005,0.95,2025-01-13 15:18:12
AL003238,PERSON,P00038,विक्रम Saxena,DEVANAGARI_VARIANT,SRCU005,0.94,2026-06-14 19:30:03
AL003239,PERSON,P00039,Sneha Tiwari,DEVANAGARI_VARIANT,SRCU004,0.92,2025-07-08 22:33:30
AL003240,PERSON,P00040,ईशा Tiwari,DEVANAGARI_VARIANT,SRCU004,0.77,2026-04-03 19:04:47
AL003241,PERSON,P00041,करण Bansal,DEVANAGARI_VARIANT,SRCU004,0.81,2025-06-07 00:34:47
AL003242,PERSON,P00042,Vihaan Sharma,DEVANAGARI_VARIANT,SRCU004,0.89,2025-06-30 18:29:26
AL003243,PERSON,P00043,अमित Tiwari,DEVANAGARI_VARIANT,SRCU004,0.77,2026-08-28 20:20:23
AL003244,PERSON,P00044,राज Singh,DEVANAGARI_VARIANT,SRCU004,0.88,2025-02-15 14:48:07
AL003245,PERSON,P00045,प्रिया Jain,DEVANAGARI_VARIANT,SRCU003,0.88,2026-07-12 00:42:59
AL003246,PERSON,P00046,विक्रम Khan,DEVANAGARI_VARIANT,SRCU003,0.79,2026-06-20 23:29:53
AL003247,PERSON,P00047,Nandini Mishra,DEVANAGARI_VARIANT,SRCU004,0.79,2025-11-11 02:01:36
AL003248,PERSON,P00048,राहुल Yadav,DEVANAGARI_VARIANT,SRCU003,0.89,2025-09-26 16:02:22
AL003249,PERSON,P00049,संजय Malhotra,DEVANAGARI_VARIANT,SRCU004,0.74,2025-11-17 16:00:28
AL003250,PERSON,P00050,Sneha Tiwari,DEVANAGARI_VARIANT,SRCU003,0.85,2026-05-25 19:18:28
AL003251,PERSON,P00051,करण Verma,DEVANAGARI_VARIANT,SRCU004,0.95,2025-08-14 12:55:54
AL003252,PERSON,P00052,अर्जुन Chauhan,DEVANAGARI_VARIANT,SRCU003,0.82,2025-09-23 00:04:08
AL003253,PERSON,P00053,राज Gupta,DEVANAGARI_VARIANT,SRCU005,0.81,2026-08-17 21:44:40
AL003254,PERSON,P00054,ईशा Agarwal,DEVANAGARI_VARIANT,SRCU003,0.9,2026-08-29 13:10:14
AL003255,PERSON,P00055,रोहन Gupta,DEVANAGARI_VARIANT,SRCU004,0.72,2026-05-04 15:50:57
AL003256,PERSON,P00056,राज Sharma,DEVANAGARI_VARIANT,SRCU004,0.76,2025-11-14 09:12:18
AL003257,PERSON,P00057,दीपक Yadav,DEVANAGARI_VARIANT,SRCU004,0.78,2025-07-05 01:42:39
AL003258,PERSON,P00058,यश Joshi,DEVANAGARI_VARIANT,SRCU005,0.93,2025-02-20 15:15:11
AL003259,PERSON,P00059,Aarav Verma,DEVANAGARI_VARIANT,SRCU004,0.74,2025-01-02 13:59:26
AL003260,PERSON,P00060,राहुल Chauhan,DEVANAGARI_VARIANT,SRCU004,0.81,2026-04-24 22:02:52
AL003261,PERSON,P00061,कबीर Bansal,DEVANAGARI_VARIANT,SRCU005,0.83,2025-10-02 08:24:10
AL003262,PERSON,P00062,प्रिया Bansal,DEVANAGARI_VARIANT,SRCU004,0.88,2026-05-07 07:58:46
AL003263,PERSON,P00063,Sneha Tiwari,DEVANAGARI_VARIANT,SRCU005,0.77,2025-01-20 20:27:37
AL003264,PERSON,P00064,नेहा Malhotra,DEVANAGARI_VARIANT,SRCU004,0.74,2025-01-11 14:06:36
AL003265,PERSON,P00065,विक्रम Malhotra,DEVANAGARI_VARIANT,SRCU005,0.81,2025-08-13 03:48:46
AL003266,PERSON,P00066,रोहन Gupta,DEVANAGARI_VARIANT,SRCU003,0.82,2025-09-13 00:39:22
AL003267,PERSON,P00067,Sneha Mishra,DEVANAGARI_VARIANT,SRCU003,0.78,2025-01-06 03:30:34
AL003268,PERSON,P00068,निखिल Agarwal,DEVANAGARI_VARIANT,SRCU004,0.82,2025-01-27 11:39:52
AL003269,PERSON,P00069,यश Jain,DEVANAGARI_VARIANT,SRCU003,0.82,2026-03-14 08:40:21
AL003270,PERSON,P00070,प्रिया Chauhan,DEVANAGARI_VARIANT,SRCU005,0.73,2026-03-19 11:03:00
AL003271,PERSON,P00071,Siddharth Shah,DEVANAGARI_VARIANT,SRCU003,0.73,2025-09-04 19:22:23
AL003272,PERSON,P00072,Ankit Joshi,DEVANAGARI_VARIANT,SRCU003,0.88,2026-04-16 19:21:02
AL003273,PERSON,P00073,अमित Malhotra,DEVANAGARI_VARIANT,SRCU004,0.83,2025-05-30 10:04:48
AL003274,PERSON,P00074,नेहा Verma,DEVANAGARI_VARIANT,SRCU003,0.81,2025-07-25 20:04:07
AL003275,PERSON,P00075,मोहित Patel,DEVANAGARI_VARIANT,SRCU004,0.95,2025-11-19 02:11:03
AL003276,PERSON,P00076,ईशा Patel,DEVANAGARI_VARIANT,SRCU004,0.94,2025-07-06 14:20:09
AL003277,PERSON,P00077,प्रिया Chauhan,DEVANAGARI_VARIANT,SRCU005,0.92,2025-05-17 14:06:00
AL003278,PERSON,P00078,विक्रम Patel,DEVANAGARI_VARIANT,SRCU003,0.84,2026-07-16 06:23:40
AL003279,PERSON,P00079,प्रिया Saxena,DEVANAGARI_VARIANT,SRCU005,0.82,2025-12-06 07:50:41
AL003280,PERSON,P00080,अमित Saxena,DEVANAGARI_VARIANT,SRCU004,0.76,2025-06-29 21:54:39
AL003281,PERSON,P00081,करण Deshmukh,DEVANAGARI_VARIANT,SRCU004,0.89,2026-02-01 01:17:07
AL003282,PERSON,P00082,रिया Jain,DEVANAGARI_VARIANT,SRCU004,0.84,2025-09-23 23:08:57
AL003283,PERSON,P00083,Ankit Joshi,DEVANAGARI_VARIANT,SRCU004,0.83,2026-03-08 01:27:22
AL003284,PERSON,P00084,करण Joshi,DEVANAGARI_VARIANT,SRCU004,0.94,2025-06-10 09:06:45
AL003285,PERSON,P00085,Aditya Jain,DEVANAGARI_VARIANT,SRCU003,0.82,2026-03-27 22:35:03
AL003286,PERSON,P00086,काव्या Sharma,DEVANAGARI_VARIANT,SRCU004,0.94,2025-01-23 03:42:14
AL003287,PERSON,P00087,मोहित Tiwari,DEVANAGARI_VARIANT,SRCU005,0.9,2025-01-23 10:14:11
AL003288,PERSON,P00088,करण Jain,DEVANAGARI_VARIANT,SRCU004,0.84,2025-03-27 03:11:25
AL003289,PERSON,P00089,अनन्या Khan,DEVANAGARI_VARIANT,SRCU003,0.87,2026-06-29 15:13:35
AL003290,PERSON,P00090,वरुण Deshmukh,DEVANAGARI_VARIANT,SRCU004,0.84,2026-05-29 02:57:58
AL003291,PERSON,P00091,Aarav Tiwari,DEVANAGARI_VARIANT,SRCU003,0.92,2025-01-11 14:34:17
AL003292,PERSON,P00092,नेहा Rathore,DEVANAGARI_VARIANT,SRCU003,0.85,2025-11-05 00:34:57
AL003293,PERSON,P00093,Vihaan Malhotra,DEVANAGARI_VARIANT,SRCU005,0.91,2025-05-02 05:06:23
AL003294,PERSON,P00094,प्रिया Verma,DEVANAGARI_VARIANT,SRCU003,0.83,2025-07-28 11:11:19
AL003295,PERSON,P00095,अमित Deshmukh,DEVANAGARI_VARIANT,SRCU004,0.83,2025-06-07 11:06:47
AL003296,PERSON,P00096,मनीष Shah,DEVANAGARI_VARIANT,SRCU004,0.96,2026-04-19 01:17:58
AL003297,PERSON,P00097,राहुल Gupta,DEVANAGARI_VARIANT,SRCU003,0.75,2025-07-09 18:22:05
AL003298,PERSON,P00098,Aarav Mishra,DEVANAGARI_VARIANT,SRCU003,0.84,2025-08-14 05:29:35
AL003299,PERSON,P00099,मनीष Yadav,DEVANAGARI_VARIANT,SRCU005,0.8,2026-03-15 13:44:13
AL003300,PERSON,P00100,अमित Patel,DEVANAGARI_VARIANT,SRCU004,0.94,2025-09-20 12:29:27
AL003301,PERSON,P00101,काव्या Agarwal,DEVANAGARI_VARIANT,SRCU004,0.85,2026-01-24 05:06:30
AL003302,PERSON,P00102,अनन्या Chauhan,DEVANAGARI_VARIANT,SRCU003,0.9,2025-10-27 08:22:06
AL003303,PERSON,P00103,अमित Joshi,DEVANAGARI_VARIANT,SRCU003,0.86,2025-05-27 17:22:28
AL003304,PERSON,P00104,Siddharth Sharma,DEVANAGARI_VARIANT,SRCU005,0.81,2026-04-11 09:24:35
AL003305,PERSON,P00105,करण Khan,DEVANAGARI_VARIANT,SRCU004,0.92,2025-12-06 17:19:00
AL003306,PERSON,P00106,संजय Patel,DEVANAGARI_VARIANT,SRCU005,0.82,2025-10-04 16:55:35
AL003307,PERSON,P00107,राज Verma,DEVANAGARI_VARIANT,SRCU004,0.92,2025-05-10 16:33:23
AL003308,PERSON,P00108,वरुण Sharma,DEVANAGARI_VARIANT,SRCU004,0.83,2025-08-13 18:08:13
AL003309,PERSON,P00109,मोहित Yadav,DEVANAGARI_VARIANT,SRCU004,0.88,2026-04-26 06:53:22
AL003310,PERSON,P00110,अर्जुन Sharma,DEVANAGARI_VARIANT,SRCU004,0.77,2025-10-03 11:44:13
AL003311,PERSON,P00111,Aditya Jain,DEVANAGARI_VARIANT,SRCU003,0.8,2026-04-02 20:05:20
AL003312,PERSON,P00112,वरुण Malhotra,DEVANAGARI_VARIANT,SRCU003,0.73,2026-01-08 09:50:10
AL003313,PERSON,P00113,राहुल Deshmukh,DEVANAGARI_VARIANT,SRCU004,0.96,2026-03-12 03:51:06
AL003314,PERSON,P00114,अमित Joshi,DEVANAGARI_VARIANT,SRCU005,0.82,2025-03-03 17:13:09
AL003315,PERSON,P00115,Siddharth Rathore,DEVANAGARI_VARIANT,SRCU004,0.93,2025-05-30 00:52:46
AL003316,PERSON,P00116,Ankit Yadav,DEVANAGARI_VARIANT,SRCU003,0.95,2025-07-12 03:09:11
AL003317,PERSON,P00117,अमित Verma,DEVANAGARI_VARIANT,SRCU004,0.87,2025-04-20 02:17:29
AL003318,PERSON,P00118,रोहन Rathore,DEVANAGARI_VARIANT,SRCU003,0.84,2026-04-05 00:00:59
AL003319,PERSON,P00119,दीपक Sharma,DEVANAGARI_VARIANT,SRCU005,0.87,2025-12-08 21:28:09
AL003320,PERSON,P00120,संजय Deshmukh,DEVANAGARI_VARIANT,SRCU003,0.94,2025-09-19 09:35:36
AL003321,PERSON,P00121,Meera Rathore,DEVANAGARI_VARIANT,SRCU005,0.9,2025-08-27 23:56:47
AL003322,PERSON,P00122,विक्रम Mehta,DEVANAGARI_VARIANT,SRCU005,0.96,2025-04-24 19:49:36
AL003323,PERSON,P00123,Aarav Verma,DEVANAGARI_VARIANT,SRCU003,0.82,2025-11-02 13:59:31
AL003324,PERSON,P00124,वरुण Mishra,DEVANAGARI_VARIANT,SRCU004,0.72,2025-03-11 19:01:11
AL003325,PERSON,P00125,Ankit Deshmukh,DEVANAGARI_VARIANT,SRCU003,0.93,2025-04-24 06:02:21
AL003326,PERSON,P00126,करण Sharma,DEVANAGARI_VARIANT,SRCU003,0.84,2026-04-04 01:47:22
AL003327,PERSON,P00127,मनीष Mishra,DEVANAGARI_VARIANT,SRCU005,0.83,2025-12-26 01:00:21
AL003328,PERSON,P00128,विक्रम Chauhan,DEVANAGARI_VARIANT,SRCU003,0.83,2025-11-24 20:28:45
AL003329,PERSON,P00129,करण Sharma,DEVANAGARI_VARIANT,SRCU003,0.88,2025-10-10 07:00:20
AL003330,PERSON,P00130,Meera Agarwal,DEVANAGARI_VARIANT,SRCU004,0.85,2026-01-22 08:52:21
AL003331,PERSON,P00131,प्रिया Singh,DEVANAGARI_VARIANT,SRCU005,0.86,2026-06-26 22:02:09
AL003332,PERSON,P00132,ईशा Singh,DEVANAGARI_VARIANT,SRCU005,0.87,2025-06-27 19:14:32
AL003333,PERSON,P00133,राज Saxena,DEVANAGARI_VARIANT,SRCU004,0.94,2026-04-21 04:25:12
AL003334,PERSON,P00134,मोहित Agarwal,DEVANAGARI_VARIANT,SRCU003,0.95,2026-01-07 16:52:32
AL003335,PERSON,P00135,रिया Chauhan,DEVANAGARI_VARIANT,SRCU004,0.85,2025-10-27 06:34:33
AL003336,PERSON,P00136,निखिल Malhotra,DEVANAGARI_VARIANT,SRCU004,0.75,2025-07-25 17:29:21
AL003337,PERSON,P00137,यश Tiwari,DEVANAGARI_VARIANT,SRCU003,0.93,2025-08-11 17:32:02
AL003338,PERSON,P00138,अनन्या Agarwal,DEVANAGARI_VARIANT,SRCU005,0.84,2025-11-01 01:05:44
AL003339,PERSON,P00139,विक्रम Tiwari,DEVANAGARI_VARIANT,SRCU004,0.83,2025-06-30 22:39:32
AL003340,PERSON,P00140,रोहन Mishra,DEVANAGARI_VARIANT,SRCU005,0.94,2026-06-12 19:45:23
AL003341,PERSON,P00141,दीपक Yadav,DEVANAGARI_VARIANT,SRCU004,0.91,2026-08-19 06:23:36
AL003342,PERSON,P00142,निखिल Verma,DEVANAGARI_VARIANT,SRCU005,0.79,2025-05-17 13:08:31
AL003343,PERSON,P00143,नेहा Deshmukh,DEVANAGARI_VARIANT,SRCU005,0.83,2025-12-21 14:52:05
AL003344,PERSON,P00144,Aditya Tiwari,DEVANAGARI_VARIANT,SRCU005,0.73,2025-06-13 02:23:20
AL003345,PERSON,P00145,Aarav Malhotra,DEVANAGARI_VARIANT,SRCU004,0.79,2026-07-21 22:45:19
AL003346,PERSON,P00146,रोहन Sharma,DEVANAGARI_VARIANT,SRCU003,0.92,2026-06-21 12:29:09
AL003347,PERSON,P00147,Vihaan Singh,DEVANAGARI_VARIANT,SRCU003,0.81,2026-03-15 09:57:10
AL003348,PERSON,P00148,Siddharth Patel,DEVANAGARI_VARIANT,SRCU003,0.86,2025-10-14 18:58:37
AL003349,PERSON,P00149,Aarav Verma,DEVANAGARI_VARIANT,SRCU004,0.91,2025-10-22 02:07:27
AL003350,PERSON,P00150,Aditya Mehta,DEVANAGARI_VARIANT,SRCU003,0.96,2026-01-29 20:09:07
AL003351,PERSON,P00151,राज Joshi,DEVANAGARI_VARIANT,SRCU004,0.82,2025-01-16 14:59:41
AL003352,PERSON,P00152,काव्या Patel,DEVANAGARI_VARIANT,SRCU005,0.84,2025-09-27 04:46:47
AL003353,PERSON,P00153,संजय Yadav,DEVANAGARI_VARIANT,SRCU003,0.94,2026-03-12 01:31:30
AL003354,PERSON,P00154,निखिल Singh,DEVANAGARI_VARIANT,SRCU003,0.86,2025-09-11 17:31:06
AL003355,PERSON,P00155,निखिल Singh,DEVANAGARI_VARIANT,SRCU005,0.92,2025-06-27 09:51:15
AL003356,PERSON,P00156,पूजा Mishra,DEVANAGARI_VARIANT,SRCU004,0.94,2026-08-25 16:45:54
AL003357,PERSON,P00157,रोहन Rathore,DEVANAGARI_VARIANT,SRCU003,0.85,2025-01-26 13:37:18
AL003358,PERSON,P00158,Siddharth Jain,DEVANAGARI_VARIANT,SRCU004,0.96,2025-09-28 07:04:58
AL003359,PERSON,P00159,Aarav Khan,DEVANAGARI_VARIANT,SRCU005,0.85,2025-07-07 02:37:29
AL003360,PERSON,P00160,रोहन Shah,DEVANAGARI_VARIANT,SRCU003,0.86,2026-04-18 23:26:55
AL003361,PERSON,P00161,अमित Yadav,DEVANAGARI_VARIANT,SRCU003,0.74,2025-01-03 08:12:09
AL003362,PERSON,P00162,Vihaan Singh,DEVANAGARI_VARIANT,SRCU004,0.85,2025-05-26 09:07:15
AL003363,PERSON,P00163,मोहित Deshmukh,DEVANAGARI_VARIANT,SRCU003,0.8,2025-07-07 09:00:48
AL003364,PERSON,P00164,मनीष Shah,DEVANAGARI_VARIANT,SRCU005,0.89,2025-03-04 08:04:19
AL003365,PERSON,P00165,Vihaan Sharma,DEVANAGARI_VARIANT,SRCU004,0.89,2025-02-10 06:24:42
AL003366,PERSON,P00166,Aarav Rathore,DEVANAGARI_VARIANT,SRCU005,0.95,2025-02-04 11:25:10
AL003367,PERSON,P00167,Sneha Saxena,DEVANAGARI_VARIANT,SRCU003,0.79,2025-04-03 20:59:19
AL003368,PERSON,P00168,रिया Joshi,DEVANAGARI_VARIANT,SRCU003,0.87,2025-11-17 17:45:31
AL003369,PERSON,P00169,संजय Khan,DEVANAGARI_VARIANT,SRCU004,0.96,2025-12-29 14:19:09
AL003370,PERSON,P00170,अमित Shah,DEVANAGARI_VARIANT,SRCU004,0.92,2025-06-20 15:19:48
AL003371,PERSON,P00171,पूजा Khan,DEVANAGARI_VARIANT,SRCU003,0.72,2025-03-16 01:24:41
AL003372,PERSON,P00172,निखिल Saxena,DEVANAGARI_VARIANT,SRCU005,0.94,2025-03-18 12:58:45
AL003373,PERSON,P00173,पूजा Mehta,DEVANAGARI_VARIANT,SRCU005,0.94,2026-08-29 07:07:41
AL003374,PERSON,P00174,प्रिया Shah,DEVANAGARI_VARIANT,SRCU004,0.72,2026-06-23 09:36:56
AL003375,PERSON,P00175,नेहा Agarwal,DEVANAGARI_VARIANT,SRCU004,0.92,2025-11-01 06:33:03
AL003376,PERSON,P00176,Vihaan Verma,DEVANAGARI_VARIANT,SRCU003,0.92,2025-07-29 09:36:04
AL003377,PERSON,P00177,दीपक Shah,DEVANAGARI_VARIANT,SRCU005,0.84,2025-11-04 11:09:33
AL003378,PERSON,P00178,यश Rathore,DEVANAGARI_VARIANT,SRCU005,0.82,2025-07-25 14:45:57
AL003379,PERSON,P00179,संजय Mehta,DEVANAGARI_VARIANT,SRCU004,0.88,2026-04-19 06:14:32
AL003380,PERSON,P00180,वरुण Bansal,DEVANAGARI_VARIANT,SRCU004,0.81,2025-04-01 18:11:51
AL003381,PERSON,P00181,प्रिया Deshmukh,DEVANAGARI_VARIANT,SRCU005,0.88,2025-06-20 01:14:23
AL003382,PERSON,P00182,Ankit Agarwal,DEVANAGARI_VARIANT,SRCU005,0.88,2025-01-31 19:44:43
AL003383,PERSON,P00183,Nandini Saxena,DEVANAGARI_VARIANT,SRCU003,0.83,2025-08-26 19:48:45
AL003384,PERSON,P00184,मनीष Tiwari,DEVANAGARI_VARIANT,SRCU004,0.92,2026-04-04 04:32:44
AL003385,PERSON,P00185,ईशा Bansal,DEVANAGARI_VARIANT,SRCU003,0.73,2026-08-18 01:16:57
AL003386,PERSON,P00186,कबीर Gupta,DEVANAGARI_VARIANT,SRCU004,0.81,2025-01-20 17:35:51
AL003387,PERSON,P00187,मनीष Patel,DEVANAGARI_VARIANT,SRCU005,0.82,2026-05-12 19:24:57
AL003388,PERSON,P00188,रोहन Khan,DEVANAGARI_VARIANT,SRCU005,0.74,2025-04-20 15:56:21
AL003389,PERSON,P00189,ईशा Jain,DEVANAGARI_VARIANT,SRCU003,0.76,2026-03-06 12:18:48
AL003390,PERSON,P00190,काव्या Rathore,DEVANAGARI_VARIANT,SRCU003,0.93,2025-10-24 04:48:15
AL003391,PERSON,P00191,वरुण Mishra,DEVANAGARI_VARIANT,SRCU003,0.77,2025-09-25 01:25:36
AL003392,PERSON,P00192,निखिल Tiwari,DEVANAGARI_VARIANT,SRCU004,0.77,2025-12-20 13:37:26
AL003393,PERSON,P00193,दीपक Bansal,DEVANAGARI_VARIANT,SRCU004,0.82,2026-09-02 18:37:02
AL003394,PERSON,P00194,Aarav Mishra,DEVANAGARI_VARIANT,SRCU003,0.8,2025-08-17 13:24:23
AL003395,PERSON,P00195,Aarav Joshi,DEVANAGARI_VARIANT,SRCU003,0.78,2025-05-21 12:36:35
AL003396,PERSON,P00196,Sneha Rathore,DEVANAGARI_VARIANT,SRCU003,0.8,2025-08-14 10:09:31
AL003397,PERSON,P00197,Aarav Malhotra,DEVANAGARI_VARIANT,SRCU003,0.83,2026-03-29 09:22:39
AL003398,PERSON,P00198,Vihaan Jain,DEVANAGARI_VARIANT,SRCU004,0.88,2026-02-04 23:57:34
AL003399,PERSON,P00199,यश Tiwari,DEVANAGARI_VARIANT,SRCU004,0.91,2025-07-11 22:10:38
AL003400,PERSON,P00200,निखिल Jain,DEVANAGARI_VARIANT,SRCU003,0.79,2025-07-21 12:09:51
AL003401,PERSON,P00201,Raj Bansal,TRANSLITERATION_VARIANT,SRCU004,0.87,2025-10-13 00:19:21
AL003402,PERSON,P00202,Nikhil. Malhotra,TRANSLITERATION_VARIANT,SRCU005,0.88,2025-12-29 21:58:43
AL003403,PERSON,P00203,Arjd. Shah,TRANSLITERATION_VARIANT,SRCU003,0.9,2026-08-21 03:59:04
AL003404,PERSON,P00204,Sneha Yad,TRANSLITERATION_VARIANT,SRCU005,0.95,2025-08-24 13:34:52
AL003405,PERSON,P00205,Vihaan Agarwal,TRANSLITERATION_VARIANT,SRCU005,0.77,2025-05-27 08:55:05
AL003406,PERSON,P00206,Ankit. Tiwari,TRANSLITERATION_VARIANT,SRCU004,0.79,2025-08-06 14:47:27
AL003407,PERSON,P00207,Riyd. Joshi,TRANSLITERATION_VARIANT,SRCU005,0.79,2026-06-15 09:19:38
AL003408,PERSON,P00208,Ankit Jos,TRANSLITERATION_VARIANT,SRCU003,0.84,2025-11-04 11:43:05
AL003409,PERSON,P00209,Isha Mishra,TRANSLITERATION_VARIANT,SRCU005,0.88,2026-07-31 20:03:52
AL003410,PERSON,P00210,Sanjay. Agarwal,TRANSLITERATION_VARIANT,SRCU004,0.87,2025-10-07 02:30:06
AL003411,PERSON,P00211,Vihd. Saxena,TRANSLITERATION_VARIANT,SRCU003,0.78,2026-04-06 02:41:13
AL003412,PERSON,P00212,Nikhil Bans,TRANSLITERATION_VARIANT,SRCU005,0.76,2026-07-16 01:05:41
AL003413,PERSON,P00213,Rohan Mehta,TRANSLITERATION_VARIANT,SRCU005,0.9,2026-05-27 02:09:39
AL003414,PERSON,P00214,Rohan. Yadav,TRANSLITERATION_VARIANT,SRCU004,0.88,2025-07-02 03:14:18
AL003415,PERSON,P00215,Sand. Malhotra,TRANSLITERATION_VARIANT,SRCU004,0.92,2026-03-29 04:18:06
AL003416,PERSON,P00216,Raj Pat,TRANSLITERATION_VARIANT,SRCU003,0.84,2026-01-30 20:59:48
AL003417,PERSON,P00217,Mohit Gupta,TRANSLITERATION_VARIANT,SRCU005,0.88,2025-05-29 14:14:48
AL003418,PERSON,P00218,Aditya. Joshi,TRANSLITERATION_VARIANT,SRCU005,0.86,2026-06-22 12:45:02
AL003419,PERSON,P00219,Anad. Khan,TRANSLITERATION_VARIANT,SRCU004,0.77,2026-05-11 10:20:30
AL003420,PERSON,P00220,Aarav Saxe,TRANSLITERATION_VARIANT,SRCU003,0.84,2025-05-23 19:40:15
AL003421,PERSON,P00221,Aditya Agarwal,TRANSLITERATION_VARIANT,SRCU005,0.94,2025-09-22 10:07:08
AL003422,PERSON,P00222,Siddharth. Mehta,TRANSLITERATION_VARIANT,SRCU005,0.94,2025-04-30 04:39:46
AL003423,PERSON,P00223,Rohd. Tiwari,TRANSLITERATION_VARIANT,SRCU004,0.81,2025-08-18 18:32:03
AL003424,PERSON,P00224,Sneha Pat,TRANSLITERATION_VARIANT,SRCU003,0.77,2025-07-23 19:19:58
AL003425,PERSON,P00225,Nikhil Bansal,TRANSLITERATION_VARIANT,SRCU004,0.81,2026-08-08 14:55:58
AL003426,PERSON,P00226,Neha. Agarwal,TRANSLITERATION_VARIANT,SRCU004,0.9,2025-08-11 20:00:55
AL003427,PERSON,P00227,Yasd. Deshmukh,TRANSLITERATION_VARIANT,SRCU005,0.73,2025-04-12 06:24:02
AL003428,PERSON,P00228,Pooja Sh,TRANSLITERATION_VARIANT,SRCU003,0.86,2026-08-28 16:12:21
AL003429,PERSON,P00229,Neha Tiwari,TRANSLITERATION_VARIANT,SRCU005,0.76,2025-05-27 04:38:42
AL003430,PERSON,P00230,Ankit. Agarwal,TRANSLITERATION_VARIANT,SRCU005,0.89,2025-08-16 19:21:25
AL003431,PERSON,P00231,Rahd. Joshi,TRANSLITERATION_VARIANT,SRCU005,0.89,2026-07-04 16:56:17
AL003432,PERSON,P00232,Varun Tiwa,TRANSLITERATION_VARIANT,SRCU003,0.96,2025-06-19 01:42:27
AL003433,PERSON,P00233,Arjun Verma,TRANSLITERATION_VARIANT,SRCU005,0.8,2025-07-01 08:14:07
AL003434,PERSON,P00234,Siddharth. Joshi,TRANSLITERATION_VARIANT,SRCU003,0.91,2026-02-08 22:16:29
AL003435,PERSON,P00235,Mohd. Sharma,TRANSLITERATION_VARIANT,SRCU003,0.92,2026-08-21 03:51:18
AL003436,PERSON,P00236,Vihaan Agarw,TRANSLITERATION_VARIANT,SRCU003,0.91,2025-06-01 10:08:53
AL003437,PERSON,P00237,Amit Singh,TRANSLITERATION_VARIANT,SRCU005,0.79,2025-01-10 00:09:40
AL003438,PERSON,P00238,Raj. Gupta,TRANSLITERATION_VARIANT,SRCU004,0.79,2026-07-09 14:46:15
AL003439,PERSON,P00239,Kard. Deshmukh,TRANSLITERATION_VARIANT,SRCU005,0.95,2025-06-02 11:31:13
AL003440,PERSON,P00240,Raj Saxe,TRANSLITERATION_VARIANT,SRCU005,0.89,2026-08-31 19:54:13
AL003441,PERSON,P00241,Ananya Joshi,TRANSLITERATION_VARIANT,SRCU003,0.73,2025-12-11 06:19:46
AL003442,PERSON,P00242,Yash. Joshi,TRANSLITERATION_VARIANT,SRCU005,0.89,2026-03-15 15:43:15
AL003443,PERSON,P00243,Rajd. Rathore,TRANSLITERATION_VARIANT,SRCU004,0.94,2025-08-26 02:25:16
AL003444,PERSON,P00244,Amit Sh,TRANSLITERATION_VARIANT,SRCU003,0.76,2025-11-12 05:30:02
AL003445,PERSON,P00245,Kavya Shah,TRANSLITERATION_VARIANT,SRCU005,0.77,2025-04-05 23:23:47
AL003446,PERSON,P00246,Isha. Deshmukh,TRANSLITERATION_VARIANT,SRCU004,0.87,2025-12-21 16:06:54
AL003447,PERSON,P00247,Aard. Yadav,TRANSLITERATION_VARIANT,SRCU004,0.94,2026-08-28 14:27:56
AL003448,PERSON,P00248,Nandini Ratho,TRANSLITERATION_VARIANT,SRCU005,0.96,2026-09-01 18:43:23
AL003449,PERSON,P00249,Ankit Joshi,TRANSLITERATION_VARIANT,SRCU004,0.89,2026-07-19 13:41:06
AL003450,PERSON,P00250,Isha. Malhotra,TRANSLITERATION_VARIANT,SRCU004,0.8,2025-03-05 18:36:02
AL003451,PERSON,P00251,Mand. Agarwal,TRANSLITERATION_VARIANT,SRCU005,0.75,2025-10-15 11:56:44
AL003452,PERSON,P00252,Nandini Malhot,TRANSLITERATION_VARIANT,SRCU003,0.78,2025-05-18 04:52:45
AL003453,PERSON,P00253,Manish Verma,TRANSLITERATION_VARIANT,SRCU005,0.83,2025-07-17 22:36:35
AL003454,PERSON,P00254,Mohit. Gupta,TRANSLITERATION_VARIANT,SRCU005,0.77,2025-11-08 05:09:23
AL003455,PERSON,P00255,Yasd. Shah,TRANSLITERATION_VARIANT,SRCU003,0.95,2025-07-17 02:09:42
AL003456,PERSON,P00256,Ananya Ratho,TRANSLITERATION_VARIANT,SRCU004,0.83,2026-04-06 03:32:37
AL003457,PERSON,P00257,Neha Rathore,TRANSLITERATION_VARIANT,SRCU004,0.76,2025-11-28 10:25:43
AL003458,PERSON,P00258,Pooja. Mehta,TRANSLITERATION_VARIANT,SRCU003,0.86,2025-11-15 13:10:11
AL003459,PERSON,P00259,Nand. Verma,TRANSLITERATION_VARIANT,SRCU004,0.9,2025-04-09 07:33:44
AL003460,PERSON,P00260,Yash Pat,TRANSLITERATION_VARIANT,SRCU004,0.88,2025-06-14 11:30:11
AL003461,PERSON,P00261,Kavya Patel,TRANSLITERATION_VARIANT,SRCU005,0.92,2025-01-21 01:20:53
AL003462,PERSON,P00262,Sanjay. Agarwal,TRANSLITERATION_VARIANT,SRCU005,0.81,2025-05-14 08:24:33
AL003463,PERSON,P00263,Ankd. Mishra,TRANSLITERATION_VARIANT,SRCU003,0.86,2026-03-10 07:23:41
AL003464,PERSON,P00264,Nandini Ja,TRANSLITERATION_VARIANT,SRCU003,0.8,2026-07-13 00:17:06
AL003465,PERSON,P00265,Isha Shah,TRANSLITERATION_VARIANT,SRCU003,0.94,2025-07-03 15:24:47
AL003466,PERSON,P00266,Manish. Khan,TRANSLITERATION_VARIANT,SRCU003,0.9,2025-01-17 02:54:09
AL003467,PERSON,P00267,Nikd. Deshmukh,TRANSLITERATION_VARIANT,SRCU005,0.86,2025-12-24 08:38:42
AL003468,PERSON,P00268,Yash Saxe,TRANSLITERATION_VARIANT,SRCU004,0.81,2025-08-17 23:44:07
AL003469,PERSON,P00269,Vikram Deshmukh,TRANSLITERATION_VARIANT,SRCU003,0.94,2026-05-18 03:48:15
AL003470,PERSON,P00270,Raj. Bansal,TRANSLITERATION_VARIANT,SRCU004,0.93,2026-01-23 04:50:13
AL003471,PERSON,P00271,Arjd. Gupta,TRANSLITERATION_VARIANT,SRCU005,0.89,2025-03-06 03:37:11
AL003472,PERSON,P00272,Deepak Sh,TRANSLITERATION_VARIANT,SRCU004,0.86,2025-06-16 20:37:39
AL003473,PERSON,P00273,Isha Gupta,TRANSLITERATION_VARIANT,SRCU005,0.79,2026-01-19 10:48:26
AL003474,PERSON,P00274,Vihaan. Mehta,TRANSLITERATION_VARIANT,SRCU003,0.73,2026-01-05 14:38:40
AL003475,PERSON,P00275,Ishd. Mishra,TRANSLITERATION_VARIANT,SRCU003,0.76,2025-02-07 01:33:18
AL003476,PERSON,P00276,Priya Tiwa,TRANSLITERATION_VARIANT,SRCU003,0.88,2026-04-15 10:00:24
AL003477,PERSON,P00277,Rohan Jain,TRANSLITERATION_VARIANT,SRCU005,0.93,2026-06-05 17:27:40
AL003478,PERSON,P00278,Raj. Chauhan,TRANSLITERATION_VARIANT,SRCU003,0.89,2026-01-29 23:52:18
AL003479,PERSON,P00279,Ishd. Patel,TRANSLITERATION_VARIANT,SRCU003,0.74,2026-08-30 09:20:23
AL003480,PERSON,P00280,Arjun Deshmu,TRANSLITERATION_VARIANT,SRCU003,0.76,2025-01-21 18:04:11
AL003481,PERSON,P00281,Vikram Tiwari,TRANSLITERATION_VARIANT,SRCU003,0.81,2025-09-27 06:09:15
AL003482,PERSON,P00282,Nandini. Shah,TRANSLITERATION_VARIANT,SRCU003,0.88,2025-06-14 16:02:07
AL003483,PERSON,P00283,Prid. Bansal,TRANSLITERATION_VARIANT,SRCU004,0.96,2026-05-12 07:40:28
AL003484,PERSON,P00284,Nandini Kh,TRANSLITERATION_VARIANT,SRCU005,0.88,2025-08-06 05:20:57
AL003485,PERSON,P00285,Varun Joshi,TRANSLITERATION_VARIANT,SRCU003,0.93,2026-02-11 13:33:09
AL003486,PERSON,P00286,Vikram. Jain,TRANSLITERATION_VARIANT,SRCU004,0.87,2026-06-26 07:34:16
AL003487,PERSON,P00287,Amid. Tiwari,TRANSLITERATION_VARIANT,SRCU004,0.8,2025-05-16 03:36:52
AL003488,PERSON,P00288,Nandini Yad,TRANSLITERATION_VARIANT,SRCU003,0.94,2026-08-21 07:46:24
AL003489,PERSON,P00289,Yash Verma,TRANSLITERATION_VARIANT,SRCU004,0.77,2025-11-28 03:25:29
AL003490,PERSON,P00290,Manish. Sharma,TRANSLITERATION_VARIANT,SRCU004,0.74,2026-03-27 03:24:10
AL003491,PERSON,P00291,Rahd. Chauhan,TRANSLITERATION_VARIANT,SRCU003,0.77,2025-04-29 08:57:17
AL003492,PERSON,P00292,Manish Malhot,TRANSLITERATION_VARIANT,SRCU004,0.92,2025-03-22 21:00:23
AL003493,PERSON,P00293,Mohit Joshi,TRANSLITERATION_VARIANT,SRCU004,0.85,2025-10-11 13:48:31
AL003494,PERSON,P00294,Rohan. Sharma,TRANSLITERATION_VARIANT,SRCU004,0.82,2026-05-18 15:27:40
AL003495,PERSON,P00295,Ankd. Shah,TRANSLITERATION_VARIANT,SRCU005,0.93,2025-07-21 21:00:50
AL003496,PERSON,P00296,Mohit Yad,TRANSLITERATION_VARIANT,SRCU003,0.83,2026-04-28 11:23:57
AL003497,PERSON,P00297,Kabir Tiwari,TRANSLITERATION_VARIANT,SRCU005,0.84,2025-06-20 16:44:53
AL003498,PERSON,P00298,Neha. Jain,TRANSLITERATION_VARIANT,SRCU003,0.9,2026-06-08 07:35:26
AL003499,PERSON,P00299,Yasd. Deshmukh,TRANSLITERATION_VARIANT,SRCU004,0.88,2026-08-04 03:57:42
AL003500,PERSON,P00300,Aarav Bans,TRANSLITERATION_VARIANT,SRCU003,0.8,2025-10-30 17:02:02
AL003501,PERSON,P00301,Amit Khan,TRANSLITERATION_VARIANT,SRCU005,0.74,2025-09-16 20:04:21
AL003502,PERSON,P00302,Sneha. Saxena,TRANSLITERATION_VARIANT,SRCU004,0.94,2025-04-02 20:15:25
AL003503,PERSON,P00303,Anad. Jain,TRANSLITERATION_VARIANT,SRCU004,0.8,2025-09-24 07:46:06
AL003504,PERSON,P00304,Raj Ratho,TRANSLITERATION_VARIANT,SRCU004,0.96,2025-09-20 15:56:36
AL003505,PERSON,P00305,Kavya Joshi,TRANSLITERATION_VARIANT,SRCU004,0.81,2025-12-24 04:44:09
AL003506,PERSON,P00306,Riya. Shah,TRANSLITERATION_VARIANT,SRCU003,0.95,2025-06-16 01:47:10
AL003507,PERSON,P00307,Kabd. Joshi,TRANSLITERATION_VARIANT,SRCU003,0.84,2025-06-19 10:14:53
AL003508,PERSON,P00308,Vikram Sh,TRANSLITERATION_VARIANT,SRCU003,0.84,2025-09-30 02:09:01
AL003509,PERSON,P00309,Ananya Mehta,TRANSLITERATION_VARIANT,SRCU005,0.89,2025-01-04 08:01:32
AL003510,PERSON,P00310,Aditya. Joshi,TRANSLITERATION_VARIANT,SRCU004,0.85,2025-07-27 11:30:19
AL003511,PERSON,P00311,Deed. Rathore,TRANSLITERATION_VARIANT,SRCU003,0.78,2025-08-27 02:17:08
AL003512,PERSON,P00312,Ankit Meh,TRANSLITERATION_VARIANT,SRCU005,0.86,2025-11-06 06:30:17
AL003513,PERSON,P00313,Ananya Singh,TRANSLITERATION_VARIANT,SRCU003,0.72,2025-12-27 18:29:59
AL003514,PERSON,P00314,Pooja. Malhotra,TRANSLITERATION_VARIANT,SRCU004,0.82,2025-09-22 08:56:54
AL003515,PERSON,P00315,Amid. Patel,TRANSLITERATION_VARIANT,SRCU005,0.79,2026-06-28 15:40:29
AL003516,PERSON,P00316,Ankit Shar,TRANSLITERATION_VARIANT,SRCU003,0.95,2025-09-07 17:11:49
AL003517,PERSON,P00317,Priya Chauhan,TRANSLITERATION_VARIANT,SRCU003,0.75,2026-04-24 14:56:48
AL003518,PERSON,P00318,Amit. Malhotra,TRANSLITERATION_VARIANT,SRCU003,0.75,2025-03-21 09:38:41
AL003519,PERSON,P00319,Mohd. Deshmukh,TRANSLITERATION_VARIANT,SRCU004,0.81,2025-01-14 06:09:14
AL003520,PERSON,P00320,Sanjay Deshmu,TRANSLITERATION_VARIANT,SRCU003,0.82,2026-04-19 06:36:52
AL003521,PERSON,P00321,Riya Deshmukh,TRANSLITERATION_VARIANT,SRCU004,0.83,2026-07-27 17:44:14
AL003522,PERSON,P00322,Sanjay. Agarwal,TRANSLITERATION_VARIANT,SRCU003,0.9,2025-02-26 05:14:14
AL003523,PERSON,P00323,Ankd. Saxena,TRANSLITERATION_VARIANT,SRCU003,0.82,2025-03-10 22:18:57
AL003524,PERSON,P00324,Raj Shar,TRANSLITERATION_VARIANT,SRCU003,0.9,2025-06-19 17:55:49
AL003525,PERSON,P00325,Sneha Mishra,TRANSLITERATION_VARIANT,SRCU005,0.87,2026-03-31 14:21:04
AL003526,PERSON,P00326,Amit. Chauhan,TRANSLITERATION_VARIANT,SRCU003,0.75,2026-03-14 01:03:20
AL003527,PERSON,P00327,Nand. Mishra,TRANSLITERATION_VARIANT,SRCU005,0.85,2025-03-07 19:09:54
AL003528,PERSON,P00328,Arjun Ja,TRANSLITERATION_VARIANT,SRCU004,0.9,2025-11-14 18:45:25
AL003529,PERSON,P00329,Pooja Joshi,TRANSLITERATION_VARIANT,SRCU005,0.88,2025-02-19 19:14:27
AL003530,PERSON,P00330,Raj. Shah,TRANSLITERATION_VARIANT,SRCU004,0.88,2026-05-20 15:33:47
AL003531,PERSON,P00331,Anad. Bansal,TRANSLITERATION_VARIANT,SRCU004,0.85,2025-08-10 17:47:17
AL003532,PERSON,P00332,Aditya Pat,TRANSLITERATION_VARIANT,SRCU005,0.95,2026-04-03 02:00:15
AL003533,PERSON,P00333,Mohit Patel,TRANSLITERATION_VARIANT,SRCU003,0.93,2025-06-20 14:36:27
AL003534,PERSON,P00334,Ananya. Patel,TRANSLITERATION_VARIANT,SRCU004,0.78,2025-10-23 11:33:20
AL003535,PERSON,P00335,Rajd. Khan,TRANSLITERATION_VARIANT,SRCU005,0.9,2025-12-26 20:32:16
AL003536,PERSON,P00336,Neha Mish,TRANSLITERATION_VARIANT,SRCU005,0.79,2025-03-16 06:26:18
AL003537,PERSON,P00337,Ananya Gupta,TRANSLITERATION_VARIANT,SRCU004,0.85,2026-03-26 04:43:02
AL003538,PERSON,P00338,Kabir. Saxena,TRANSLITERATION_VARIANT,SRCU005,0.76,2025-05-03 10:04:48
AL003539,PERSON,P00339,Nehd. Joshi,TRANSLITERATION_VARIANT,SRCU003,0.92,2025-04-14 17:21:33
AL003540,PERSON,P00340,Deepak Deshmu,TRANSLITERATION_VARIANT,SRCU005,0.96,2025-12-25 00:17:55
AL003541,PERSON,P00341,Sanjay Patel,TRANSLITERATION_VARIANT,SRCU004,0.8,2025-07-25 06:38:16
AL003542,PERSON,P00342,Amit. Deshmukh,TRANSLITERATION_VARIANT,SRCU004,0.81,2026-09-02 05:20:32
AL003543,PERSON,P00343,Nand. Khan,TRANSLITERATION_VARIANT,SRCU005,0.87,2026-01-24 00:55:54
AL003544,PERSON,P00344,Yash Ver,TRANSLITERATION_VARIANT,SRCU004,0.72,2025-05-25 02:19:40
AL003545,PERSON,P00345,Raj Bansal,TRANSLITERATION_VARIANT,SRCU005,0.86,2025-09-10 20:41:17
AL003546,PERSON,P00346,Kabir. Mehta,TRANSLITERATION_VARIANT,SRCU005,0.88,2026-02-15 09:46:19
AL003547,PERSON,P00347,Mand. Khan,TRANSLITERATION_VARIANT,SRCU003,0.8,2026-03-31 01:59:21
AL003548,PERSON,P00348,Karan Tiwa,TRANSLITERATION_VARIANT,SRCU004,0.79,2026-05-02 21:26:06
AL003549,PERSON,P00349,Arjun Jain,TRANSLITERATION_VARIANT,SRCU003,0.85,2025-05-10 08:10:16
AL003550,PERSON,P00350,Aditya. Yadav,TRANSLITERATION_VARIANT,SRCU003,0.84,2025-07-03 18:51:13
AL003551,PERSON,P00351,Riyd. Deshmukh,TRANSLITERATION_VARIANT,SRCU003,0.74,2025-09-03 22:20:30
AL003552,PERSON,P00352,Nikhil Tiwa,TRANSLITERATION_VARIANT,SRCU004,0.92,2026-03-13 21:38:34
AL003553,PERSON,P00353,Karan Bansal,TRANSLITERATION_VARIANT,SRCU004,0.76,2025-05-25 16:47:22
AL003554,PERSON,P00354,Ananya. Singh,TRANSLITERATION_VARIANT,SRCU005,0.93,2025-08-08 03:21:27
AL003555,PERSON,P00355,Sidd. Malhotra,TRANSLITERATION_VARIANT,SRCU004,0.87,2026-05-24 17:50:42
AL003556,PERSON,P00356,Ananya Saxe,TRANSLITERATION_VARIANT,SRCU005,0.8,2025-08-14 08:05:49
AL003557,PERSON,P00357,Isha Mehta,TRANSLITERATION_VARIANT,SRCU003,0.79,2025-06-23 07:58:14
AL003558,PERSON,P00358,Amit. Gupta,TRANSLITERATION_VARIANT,SRCU004,0.9,2026-06-15 09:31:07
AL003559,PERSON,P00359,Riyd. Rathore,TRANSLITERATION_VARIANT,SRCU003,0.72,2026-01-18 10:43:54
AL003560,PERSON,P00360,Deepak Shar,TRANSLITERATION_VARIANT,SRCU003,0.96,2025-10-15 09:27:44
AL003561,PERSON,P00361,Amit Gupta,TRANSLITERATION_VARIANT,SRCU003,0.8,2025-04-02 04:11:04
AL003562,PERSON,P00362,Karan. Mehta,TRANSLITERATION_VARIANT,SRCU005,0.79,2025-07-10 04:29:40
AL003563,PERSON,P00363,Anad. Jain,TRANSLITERATION_VARIANT,SRCU004,0.77,2025-05-05 20:55:35
AL003564,PERSON,P00364,Siddharth Ja,TRANSLITERATION_VARIANT,SRCU005,0.82,2025-02-22 18:42:12
AL003565,PERSON,P00365,Riya Mishra,TRANSLITERATION_VARIANT,SRCU003,0.79,2025-06-07 17:50:46
AL003566,PERSON,P00366,Arjun. Joshi,TRANSLITERATION_VARIANT,SRCU005,0.89,2025-06-16 20:13:05
AL003567,PERSON,P00367,Rohd. Mehta,TRANSLITERATION_VARIANT,SRCU004,0.78,2026-01-08 15:47:42
AL003568,PERSON,P00368,Isha Sin,TRANSLITERATION_VARIANT,SRCU004,0.76,2025-06-19 03:01:28
AL003569,PERSON,P00369,Pooja Patel,TRANSLITERATION_VARIANT,SRCU005,0.9,2025-04-18 03:03:26
AL003570,PERSON,P00370,Karan. Mehta,TRANSLITERATION_VARIANT,SRCU003,0.85,2025-08-19 14:03:06
AL003571,PERSON,P00371,Vard. Deshmukh,TRANSLITERATION_VARIANT,SRCU003,0.87,2026-07-10 00:56:08
AL003572,PERSON,P00372,Kavya Ja,TRANSLITERATION_VARIANT,SRCU005,0.75,2025-09-25 00:13:40
AL003573,PERSON,P00373,Meera Sharma,TRANSLITERATION_VARIANT,SRCU005,0.96,2025-10-15 01:30:26
AL003574,PERSON,P00374,Priya. Khan,TRANSLITERATION_VARIANT,SRCU004,0.96,2026-05-08 14:39:16
AL003575,PERSON,P00375,Rahd. Verma,TRANSLITERATION_VARIANT,SRCU005,0.94,2025-06-30 00:43:06
AL003576,PERSON,P00376,Pooja Mish,TRANSLITERATION_VARIANT,SRCU005,0.87,2025-08-29 11:55:33
AL003577,PERSON,P00377,Aditya Agarwal,TRANSLITERATION_VARIANT,SRCU004,0.8,2025-05-06 07:27:53
AL003578,PERSON,P00378,Neha. Mehta,TRANSLITERATION_VARIANT,SRCU003,0.86,2025-11-11 15:45:33
AL003579,PERSON,P00379,Arjd. Yadav,TRANSLITERATION_VARIANT,SRCU005,0.81,2025-11-01 18:29:46
AL003580,PERSON,P00380,Ananya Shar,TRANSLITERATION_VARIANT,SRCU003,0.8,2025-03-27 07:11:29
AL003581,PERSON,P00381,Karan Khan,TRANSLITERATION_VARIANT,SRCU005,0.77,2025-04-23 03:53:47
AL003582,PERSON,P00382,Karan. Bansal,TRANSLITERATION_VARIANT,SRCU005,0.9,2026-02-19 14:41:37
AL003583,PERSON,P00383,Mohd. Shah,TRANSLITERATION_VARIANT,SRCU003,0.74,2026-06-15 06:09:09
AL003584,PERSON,P00384,Vikram Bans,TRANSLITERATION_VARIANT,SRCU003,0.73,2026-03-20 12:47:11
AL003585,PERSON,P00385,Nandini Singh,TRANSLITERATION_VARIANT,SRCU005,0.82,2025-04-18 00:36:40
AL003586,PERSON,P00386,Vikram. Joshi,TRANSLITERATION_VARIANT,SRCU005,0.84,2026-05-22 03:40:46
AL003587,PERSON,P00387,Vard. Verma,TRANSLITERATION_VARIANT,SRCU005,0.77,2025-04-12 14:05:30
AL003588,PERSON,P00388,Manish Agarw,TRANSLITERATION_VARIANT,SRCU005,0.9,2025-08-28 20:00:30
AL003589,PERSON,P00389,Kavya Agarwal,TRANSLITERATION_VARIANT,SRCU005,0.83,2025-12-24 14:23:55
AL003590,PERSON,P00390,Isha. Tiwari,TRANSLITERATION_VARIANT,SRCU005,0.9,2025-11-13 18:39:08
AL003591,PERSON,P00391,Sned. Sharma,TRANSLITERATION_VARIANT,SRCU003,0.8,2025-05-22 00:27:54
AL003592,PERSON,P00392,Vikram Mish,TRANSLITERATION_VARIANT,SRCU004,0.95,2026-05-23 00:44:08
AL003593,PERSON,P00393,Meera Bansal,TRANSLITERATION_VARIANT,SRCU004,0.78,2025-05-27 02:40:10
AL003594,PERSON,P00394,Varun. Singh,TRANSLITERATION_VARIANT,SRCU003,0.78,2025-02-14 07:32:40
AL003595,PERSON,P00395,Kard. Joshi,TRANSLITERATION_VARIANT,SRCU003,0.91,2025-03-28 01:31:42
AL003596,PERSON,P00396,Rahul Sin,TRANSLITERATION_VARIANT,SRCU005,0.93,2026-03-05 22:43:39
AL003597,PERSON,P00397,Arjun Tiwari,TRANSLITERATION_VARIANT,SRCU003,0.91,2025-07-15 01:14:42
AL003598,PERSON,P00398,Arjun. Mehta,TRANSLITERATION_VARIANT,SRCU005,0.8,2025-10-19 10:47:31
AL003599,PERSON,P00399,Sand. Singh,TRANSLITERATION_VARIANT,SRCU003,0.76,2026-07-06 06:01:47
AL003600,PERSON,P00400,Karan Kh,TRANSLITERATION_VARIANT,SRCU004,0.89,2025-12-03 04:42:59
AL003601,PERSON,P00401,Deepak Patel,OCR_CORRUPTION,SRCU004,0.88,2025-03-20 13:43:23
AL003602,PERSON,P00402,Nikhi1 Mehta,OCR_CORRUPTION,SRCU004,0.87,2025-07-24 00:18:51
AL003603,PERSON,P00403,Deepak Singh,OCR_CORRUPTION,SRCU003,0.75,2025-04-22 13:45:10
AL003604,PERSON,P00404,Nandini Shah,OCR_CORRUPTION,SRCU003,0.94,2026-04-21 09:48:16
AL003605,PERSON,P00405,Kabir Saxena,OCR_CORRUPTION,SRCU004,0.85,2025-01-10 02:34:43
AL003606,PERSON,P00406,Yash Deshmukh,OCR_CORRUPTION,SRCU003,0.82,2025-09-22 12:34:08
AL003607,PERSON,P00407,Vihaan Mehta,OCR_CORRUPTION,SRCU004,0.94,2025-08-01 02:44:29
AL003608,PERSON,P00408,Vikram Tiwari,OCR_CORRUPTION,SRCU003,0.83,2025-06-27 14:56:19
AL003609,PERSON,P00409,Nandini Shah,OCR_CORRUPTION,SRCU003,0.85,2025-05-26 04:54:03
AL003610,PERSON,P00410,Aarav Malhotra,OCR_CORRUPTION,SRCU003,0.89,2026-01-08 20:14:14
AL003611,PERSON,P00411,Vikram Khan,OCR_CORRUPTION,SRCU005,0.77,2026-08-04 22:06:42
AL003612,PERSON,P00412,1sha Verma,OCR_CORRUPTION,SRCU004,0.74,2025-11-27 23:18:31
AL003613,PERSON,P00413,Sanjay Saxena,OCR_CORRUPTION,SRCU004,0.92,2026-06-13 13:58:22
AL003614,PERSON,P00414,Rahu1 Rathore,OCR_CORRUPTION,SRCU003,0.92,2026-06-01 23:09:02
AL003615,PERSON,P00415,Vikram Sharma,OCR_CORRUPTION,SRCU004,0.86,2026-02-16 10:46:41
AL003616,PERSON,P00416,Ananya Khan,OCR_CORRUPTION,SRCU003,0.85,2025-09-05 02:13:39
AL003617,PERSON,P00417,Arjun Bansal,OCR_CORRUPTION,SRCU003,0.86,2026-06-22 08:37:58
AL003618,PERSON,P00418,Sanjay Singh,OCR_CORRUPTION,SRCU005,0.77,2026-07-08 18:44:56
AL003619,PERSON,P00419,Raj Deshmukh,OCR_CORRUPTION,SRCU003,0.86,2025-05-30 03:55:04
AL003620,PERSON,P00420,R0han Khan,OCR_CORRUPTION,SRCU004,0.86,2026-05-24 19:41:14
AL003621,PERSON,P00421,Nandini Deshmukh,OCR_CORRUPTION,SRCU003,0.89,2025-02-17 11:13:58
AL003622,PERSON,P00422,Vikram Saxena,OCR_CORRUPTION,SRCU003,0.8,2025-09-05 02:28:01
AL003623,PERSON,P00423,Vikram Mehta,OCR_CORRUPTION,SRCU004,0.74,2025-12-24 01:36:02
AL003624,PERSON,P00424,Amit Khan,OCR_CORRUPTION,SRCU005,0.93,2026-06-01 18:07:23
AL003625,PERSON,P00425,M0hit Shah,OCR_CORRUPTION,SRCU004,0.88,2025-01-18 01:10:23
AL003626,PERSON,P00426,Arjun Mehta,OCR_CORRUPTION,SRCU005,0.78,2025-02-20 23:12:14
AL003627,PERSON,P00427,Meera Mehta,OCR_CORRUPTION,SRCU003,0.82,2026-05-15 03:26:54
AL003628,PERSON,P00428,Meera Mishra,OCR_CORRUPTION,SRCU004,0.74,2025-07-25 11:30:20
AL003629,PERSON,P00429,1sha Tiwari,OCR_CORRUPTION,SRCU003,0.88,2025-03-12 18:48:32
AL003630,PERSON,P00430,Raj Rathore,OCR_CORRUPTION,SRCU003,0.95,2025-08-18 08:50:26
AL003631,PERSON,P00431,Neha Deshmukh,OCR_CORRUPTION,SRCU003,0.95,2026-07-22 05:55:51
AL003632,PERSON,P00432,Aditya Rathore,OCR_CORRUPTION,SRCU004,0.83,2025-06-02 13:42:26
AL003633,PERSON,P00433,Aditya Tiwari,OCR_CORRUPTION,SRCU005,0.74,2025-11-11 18:25:45
AL003634,PERSON,P00434,Deepak Yadav,OCR_CORRUPTION,SRCU003,0.87,2025-06-07 09:42:27
AL003635,PERSON,P00435,Priya Patel,OCR_CORRUPTION,SRCU003,0.95,2025-03-01 12:40:01
AL003636,PERSON,P00436,Ankit Bansal,OCR_CORRUPTION,SRCU004,0.87,2025-03-08 21:26:18
AL003637,PERSON,P00437,Ankit Verma,OCR_CORRUPTION,SRCU003,0.92,2025-09-26 22:04:49
AL003638,PERSON,P00438,Kabir Gupta,OCR_CORRUPTION,SRCU005,0.91,2025-07-29 15:42:13
AL003639,PERSON,P00439,Sneha Singh,OCR_CORRUPTION,SRCU004,0.76,2026-05-20 02:58:03
AL003640,PERSON,P00440,Sanjay Malhotra,OCR_CORRUPTION,SRCU003,0.95,2025-07-21 16:09:29
AL003641,PERSON,P00441,Arjun Mishra,OCR_CORRUPTION,SRCU005,0.87,2026-03-26 18:36:02
AL003642,PERSON,P00442,Manish Tiwari,OCR_CORRUPTION,SRCU005,0.9,2026-07-15 15:49:25
AL003643,PERSON,P00443,M0hit Verma,OCR_CORRUPTION,SRCU005,0.82,2025-06-11 14:52:27
AL003644,PERSON,P00444,Vihaan Chauhan,OCR_CORRUPTION,SRCU005,0.95,2025-04-25 15:40:45
AL003645,PERSON,P00445,Sanjay Agarwal,OCR_CORRUPTION,SRCU003,0.81,2025-09-01 20:15:02
AL003646,PERSON,P00446,1sha Yadav,OCR_CORRUPTION,SRCU005,0.85,2025-08-16 02:07:58
AL003647,PERSON,P00447,Rahu1 Mishra,OCR_CORRUPTION,SRCU003,0.84,2025-12-06 00:52:54
AL003648,PERSON,P00448,Manish Bansal,OCR_CORRUPTION,SRCU004,0.77,2026-02-20 20:57:28
AL003649,PERSON,P00449,Sneha Verma,OCR_CORRUPTION,SRCU003,0.94,2026-08-03 22:51:58
AL003650,PERSON,P00450,Sneha Yadav,OCR_CORRUPTION,SRCU004,0.95,2025-11-30 13:22:34
AL003651,PERSON,P00451,Deepak Khan,OCR_CORRUPTION,SRCU003,0.74,2026-08-09 20:53:27
AL003652,PERSON,P00452,1sha Mehta,OCR_CORRUPTION,SRCU005,0.82,2026-03-20 16:04:10
AL003653,PERSON,P00453,Riya Jain,OCR_CORRUPTION,SRCU005,0.85,2026-03-26 05:01:37
AL003654,PERSON,P00454,P00ja Sharma,OCR_CORRUPTION,SRCU005,0.89,2025-09-09 00:39:36
AL003655,PERSON,P00455,Kavya Agarwal,OCR_CORRUPTION,SRCU004,0.72,2026-07-31 11:04:31
AL003656,PERSON,P00456,Manish Bansal,OCR_CORRUPTION,SRCU004,0.87,2025-06-30 15:41:52
AL003657,PERSON,P00457,Sneha Saxena,OCR_CORRUPTION,SRCU003,0.95,2026-03-27 22:40:21
AL003658,PERSON,P00458,Sanjay Malhotra,OCR_CORRUPTION,SRCU005,0.95,2025-03-24 08:39:13
AL003659,PERSON,P00459,Vikram Verma,OCR_CORRUPTION,SRCU004,0.76,2025-06-16 00:03:21
AL003660,PERSON,P00460,Manish Malhotra,OCR_CORRUPTION,SRCU003,0.74,2025-12-01 19:28:45
AL003661,PERSON,P00461,Sanjay Jain,OCR_CORRUPTION,SRCU003,0.87,2026-08-15 19:52:36
AL003662,PERSON,P00462,Sneha Tiwari,OCR_CORRUPTION,SRCU005,0.76,2025-10-12 03:47:34
AL003663,PERSON,P00463,Raj Khan,OCR_CORRUPTION,SRCU005,0.93,2025-02-16 12:18:01
AL003664,PERSON,P00464,Amit Joshi,OCR_CORRUPTION,SRCU005,0.92,2025-06-01 12:25:51
AL003665,PERSON,P00465,Neha Shah,OCR_CORRUPTION,SRCU005,0.76,2025-10-18 07:09:15
AL003666,PERSON,P00466,Priya Chauhan,OCR_CORRUPTION,SRCU004,0.93,2025-02-28 17:23:47
AL003667,PERSON,P00467,Siddharth Yadav,OCR_CORRUPTION,SRCU005,0.87,2025-05-29 05:53:55
AL003668,PERSON,P00468,Kabir Joshi,OCR_CORRUPTION,SRCU003,0.86,2025-10-31 17:23:53
AL003669,PERSON,P00469,M0hit Mehta,OCR_CORRUPTION,SRCU003,0.8,2025-03-04 04:32:15
AL003670,PERSON,P00470,Vihaan Tiwari,OCR_CORRUPTION,SRCU004,0.9,2026-03-15 15:37:19
AL003671,PERSON,P00471,Aarav Jain,OCR_CORRUPTION,SRCU005,0.8,2025-09-19 02:05:09
AL003672,PERSON,P00472,Siddharth Agarwal,OCR_CORRUPTION,SRCU004,0.86,2025-03-29 02:14:23
AL003673,PERSON,P00473,Yash Bansal,OCR_CORRUPTION,SRCU003,0.74,2025-04-06 20:38:22
AL003674,PERSON,P00474,Kabir Chauhan,OCR_CORRUPTION,SRCU004,0.76,2025-08-22 14:04:08
AL003675,PERSON,P00475,Kabir Patel,OCR_CORRUPTION,SRCU004,0.86,2025-10-13 13:15:18
AL003676,PERSON,P00476,Yash Verma,OCR_CORRUPTION,SRCU003,0.94,2026-05-09 09:03:01
AL003677,PERSON,P00477,Deepak Chauhan,OCR_CORRUPTION,SRCU005,0.84,2025-03-31 06:01:56
AL003678,PERSON,P00478,Aarav Agarwal,OCR_CORRUPTION,SRCU003,0.77,2025-12-20 21:15:16
AL003679,PERSON,P00479,Sneha Patel,OCR_CORRUPTION,SRCU005,0.87,2026-02-04 04:15:04
AL003680,PERSON,P00480,Rahu1 Deshmukh,OCR_CORRUPTION,SRCU004,0.81,2026-02-28 16:41:19
AL003681,PERSON,P00481,Vihaan Tiwari,OCR_CORRUPTION,SRCU005,0.76,2026-07-10 03:16:43
AL003682,PERSON,P00482,Aditya Patel,OCR_CORRUPTION,SRCU005,0.79,2025-11-08 18:24:16
AL003683,PERSON,P00483,Arjun Malhotra,OCR_CORRUPTION,SRCU005,0.88,2025-05-27 10:43:56
AL003684,PERSON,P00484,Kabir Verma,OCR_CORRUPTION,SRCU004,0.88,2025-10-09 09:17:44
AL003685,PERSON,P00485,P00ja Verma,OCR_CORRUPTION,SRCU003,0.92,2025-03-11 16:27:55
AL003686,PERSON,P00486,Yash Malhotra,OCR_CORRUPTION,SRCU005,0.96,2026-05-11 06:56:59
AL003687,PERSON,P00487,Deepak Malhotra,OCR_CORRUPTION,SRCU004,0.82,2025-06-10 20:46:35
AL003688,PERSON,P00488,Arjun Singh,OCR_CORRUPTION,SRCU003,0.96,2025-12-29 01:09:29
AL003689,PERSON,P00489,Kavya Shah,OCR_CORRUPTION,SRCU004,0.85,2025-08-25 15:20:25
AL003690,PERSON,P00490,Meera Singh,OCR_CORRUPTION,SRCU005,0.9,2025-01-05 00:26:53
AL003691,PERSON,P00491,Neha Joshi,OCR_CORRUPTION,SRCU005,0.79,2025-05-25 11:40:03
AL003692,PERSON,P00492,Yash Patel,OCR_CORRUPTION,SRCU004,0.94,2026-02-07 06:52:21
AL003693,PERSON,P00493,Ankit Singh,OCR_CORRUPTION,SRCU004,0.94,2025-06-21 00:46:01
AL003694,PERSON,P00494,Riya Rathore,OCR_CORRUPTION,SRCU005,0.88,2025-06-10 20:41:02
AL003695,PERSON,P00495,Karan Verma,OCR_CORRUPTION,SRCU003,0.81,2026-03-02 10:55:56
AL003696,PERSON,P00496,Kavya Shah,OCR_CORRUPTION,SRCU004,0.93,2025-12-23 09:15:40
AL003697,PERSON,P00497,1sha Sharma,OCR_CORRUPTION,SRCU004,0.81,2026-04-13 11:33:26
AL003698,PERSON,P00498,Kavya Deshmukh,OCR_CORRUPTION,SRCU003,0.81,2026-05-11 15:04:08
AL003699,PERSON,P00499,Sneha Jain,OCR_CORRUPTION,SRCU004,0.82,2026-06-20 14:49:39
AL003700,PERSON,P00500,P00ja Jain,OCR_CORRUPTION,SRCU004,0.85,2025-11-09 20:03:14
AL003701,PERSON,P00501,Vihaan Khan,OCR_CORRUPTION,SRCU004,0.82,2025-01-08 12:38:51
AL003702,PERSON,P00502,Arjun Chauhan,OCR_CORRUPTION,SRCU004,0.75,2026-08-26 22:11:13
AL003703,PERSON,P00503,Nandini Shah,OCR_CORRUPTION,SRCU005,0.73,2026-01-02 15:29:06
AL003704,PERSON,P00504,R0han Rathore,OCR_CORRUPTION,SRCU003,0.82,2025-10-14 12:50:49
AL003705,PERSON,P00505,Nandini Bansal,OCR_CORRUPTION,SRCU005,0.8,2025-10-14 10:00:00
AL003706,PERSON,P00506,Yash Joshi,OCR_CORRUPTION,SRCU005,0.87,2025-07-31 22:32:01
AL003707,PERSON,P00507,Ankit Joshi,OCR_CORRUPTION,SRCU004,0.81,2026-02-01 00:25:22
AL003708,PERSON,P00508,1sha Bansal,OCR_CORRUPTION,SRCU005,0.86,2026-08-05 01:19:00
AL003709,PERSON,P00509,Yash Agarwal,OCR_CORRUPTION,SRCU005,0.92,2025-12-13 20:37:33
AL003710,PERSON,P00510,Sanjay Patel,OCR_CORRUPTION,SRCU004,0.76,2025-03-18 03:50:54
AL003711,PERSON,P00511,Kavya Sharma,OCR_CORRUPTION,SRCU004,0.87,2026-04-16 09:31:00
AL003712,PERSON,P00512,Karan Khan,OCR_CORRUPTION,SRCU003,0.93,2026-07-22 14:45:16
AL003713,PERSON,P00513,P00ja Tiwari,OCR_CORRUPTION,SRCU003,0.82,2025-05-24 19:16:20
AL003714,PERSON,P00514,Raj Jain,OCR_CORRUPTION,SRCU004,0.79,2026-08-01 15:56:17
AL003715,PERSON,P00515,Kavya Joshi,OCR_CORRUPTION,SRCU004,0.75,2026-02-21 16:40:32
AL003716,PERSON,P00516,Riya Yadav,OCR_CORRUPTION,SRCU005,0.79,2025-03-17 02:08:29
AL003717,PERSON,P00517,P00ja Gupta,OCR_CORRUPTION,SRCU003,0.89,2025-10-19 05:42:25
AL003718,PERSON,P00518,Ankit Verma,OCR_CORRUPTION,SRCU005,0.72,2026-02-01 16:55:56
AL003719,PERSON,P00519,Aarav Joshi,OCR_CORRUPTION,SRCU003,0.79,2026-05-04 03:29:42
AL003720,PERSON,P00520,Vihaan Deshmukh,OCR_CORRUPTION,SRCU005,0.77,2025-05-03 16:10:37
AL003721,PERSON,P00521,Kabir Bansal,OCR_CORRUPTION,SRCU003,0.87,2026-02-17 17:09:00
AL003722,PERSON,P00522,Nikhi1 Jain,OCR_CORRUPTION,SRCU004,0.85,2025-04-26 05:38:10
AL003723,PERSON,P00523,Yash Bansal,OCR_CORRUPTION,SRCU005,0.92,2026-05-02 11:16:14
AL003724,PERSON,P00524,Meera Deshmukh,OCR_CORRUPTION,SRCU003,0.75,2025-09-09 06:09:10
AL003725,PERSON,P00525,Arjun Chauhan,OCR_CORRUPTION,SRCU003,0.91,2025-01-31 06:43:29
AL003726,PERSON,P00526,Varun Bansal,OCR_CORRUPTION,SRCU003,0.76,2025-03-04 15:08:24
AL003727,PERSON,P00527,Arjun Khan,OCR_CORRUPTION,SRCU004,0.82,2025-08-01 10:05:27
AL003728,PERSON,P00528,Riya Mishra,OCR_CORRUPTION,SRCU004,0.92,2026-05-06 02:14:10
AL003729,PERSON,P00529,Deepak Joshi,OCR_CORRUPTION,SRCU005,0.77,2025-09-23 16:29:08
AL003730,PERSON,P00530,Sneha Jain,OCR_CORRUPTION,SRCU003,0.85,2026-04-22 10:49:03
AL003731,PERSON,P00531,Priya Patel,OCR_CORRUPTION,SRCU003,0.8,2025-02-19 19:06:51
AL003732,PERSON,P00532,Nikhi1 Bansal,OCR_CORRUPTION,SRCU003,0.95,2025-06-10 20:05:56
AL003733,PERSON,P00533,Deepak Chauhan,OCR_CORRUPTION,SRCU005,0.87,2026-06-26 19:06:50
AL003734,PERSON,P00534,1sha Chauhan,OCR_CORRUPTION,SRCU005,0.75,2026-04-21 03:36:56
AL003735,PERSON,P00535,Kavya Saxena,OCR_CORRUPTION,SRCU005,0.81,2025-11-07 17:10:28
AL003736,PERSON,P00536,Ankit Tiwari,OCR_CORRUPTION,SRCU003,0.92,2025-06-04 03:18:45
AL003737,PERSON,P00537,Nikhi1 Gupta,OCR_CORRUPTION,SRCU004,0.87,2026-08-02 04:12:49
AL003738,PERSON,P00538,Karan Gupta,OCR_CORRUPTION,SRCU003,0.8,2025-04-03 14:41:34
AL003739,PERSON,P00539,Manish Mehta,OCR_CORRUPTION,SRCU005,0.92,2025-02-12 20:34:40
AL003740,PERSON,P00540,Vikram Patel,OCR_CORRUPTION,SRCU005,0.95,2025-08-11 23:50:39
AL003741,PERSON,P00541,Priya Agarwal,OCR_CORRUPTION,SRCU003,0.73,2025-11-04 16:11:25
AL003742,PERSON,P00542,Vikram Jain,OCR_CORRUPTION,SRCU003,0.88,2025-01-03 11:31:32
AL003743,PERSON,P00543,M0hit Yadav,OCR_CORRUPTION,SRCU005,0.96,2025-10-10 02:37:03
AL003744,PERSON,P00544,Yash Mehta,OCR_CORRUPTION,SRCU005,0.79,2025-09-17 00:21:14
AL003745,PERSON,P00545,Neha Mehta,OCR_CORRUPTION,SRCU004,0.73,2025-08-05 06:03:59
AL003746,PERSON,P00546,Rahu1 Verma,OCR_CORRUPTION,SRCU003,0.88,2026-06-08 14:07:41
AL003747,PERSON,P00547,P00ja Shah,OCR_CORRUPTION,SRCU004,0.87,2025-01-31 05:15:13
AL003748,PERSON,P00548,Vikram Deshmukh,OCR_CORRUPTION,SRCU004,0.85,2026-05-28 09:42:42
AL003749,PERSON,P00549,Siddharth Singh,OCR_CORRUPTION,SRCU004,0.76,2025-04-14 15:06:07
AL003750,PERSON,P00550,Nikhi1 Jain,OCR_CORRUPTION,SRCU004,0.74,2026-01-26 09:47:07
AL003751,PERSON,P00551,Vihaan Verma,OCR_CORRUPTION,SRCU005,0.89,2025-12-01 10:57:26
AL003752,PERSON,P00552,Ankit Chauhan,OCR_CORRUPTION,SRCU003,0.77,2025-07-12 17:36:54
AL003753,PERSON,P00553,Vikram Bansal,OCR_CORRUPTION,SRCU005,0.86,2025-07-19 06:13:46
AL003754,PERSON,P00554,Varun Singh,OCR_CORRUPTION,SRCU004,0.79,2026-08-05 22:55:45
AL003755,PERSON,P00555,Kabir Khan,OCR_CORRUPTION,SRCU003,0.78,2025-06-04 12:59:23
AL003756,PERSON,P00556,Arjun Rathore,OCR_CORRUPTION,SRCU004,0.96,2025-08-12 23:27:02
AL003757,PERSON,P00557,Siddharth Shah,OCR_CORRUPTION,SRCU003,0.86,2025-05-07 05:34:03
AL003758,PERSON,P00558,Nandini Khan,OCR_CORRUPTION,SRCU003,0.87,2025-08-17 21:05:02
AL003759,PERSON,P00559,M0hit Rathore,OCR_CORRUPTION,SRCU004,0.9,2026-05-14 01:03:14
AL003760,PERSON,P00560,P00ja Khan,OCR_CORRUPTION,SRCU003,0.89,2025-08-04 02:24:31
AL003761,PERSON,P00561,Deepak Deshmukh,OCR_CORRUPTION,SRCU003,0.76,2025-04-23 12:22:12
AL003762,PERSON,P00562,Varun Bansal,OCR_CORRUPTION,SRCU003,0.75,2026-01-01 04:23:05
AL003763,PERSON,P00563,Vihaan Tiwari,OCR_CORRUPTION,SRCU003,0.87,2025-01-23 07:22:07
AL003764,PERSON,P00564,Raj Sharma,OCR_CORRUPTION,SRCU004,0.85,2025-04-01 18:37:14
AL003765,PERSON,P00565,Kavya Rathore,OCR_CORRUPTION,SRCU004,0.78,2026-05-21 04:31:10
AL003766,PERSON,P00566,Vikram Mehta,OCR_CORRUPTION,SRCU004,0.95,2025-04-12 01:16:28
AL003767,PERSON,P00567,Kavya Sharma,OCR_CORRUPTION,SRCU005,0.74,2025-10-11 06:40:16
AL003768,PERSON,P00568,Sanjay Mishra,OCR_CORRUPTION,SRCU005,0.8,2025-08-01 12:51:20
AL003769,PERSON,P00569,Amit Shah,OCR_CORRUPTION,SRCU005,0.92,2025-05-24 05:56:23
AL003770,PERSON,P00570,M0hit Khan,OCR_CORRUPTION,SRCU004,0.87,2025-08-31 13:40:28
AL003771,PERSON,P00571,Ananya Chauhan,OCR_CORRUPTION,SRCU003,0.94,2025-09-16 13:51:09
AL003772,PERSON,P00572,Kabir Patel,OCR_CORRUPTION,SRCU004,0.79,2026-06-16 17:20:16
AL003773,PERSON,P00573,Vihaan Khan,OCR_CORRUPTION,SRCU005,0.83,2026-03-22 14:44:15
AL003774,PERSON,P00574,Amit Mehta,OCR_CORRUPTION,SRCU005,0.78,2025-04-25 23:55:30
AL003775,PERSON,P00575,Nandini Chauhan,OCR_CORRUPTION,SRCU005,0.82,2025-04-23 04:24:19
AL003776,PERSON,P00576,Neha Rathore,OCR_CORRUPTION,SRCU003,0.75,2026-04-06 22:00:34
AL003777,PERSON,P00577,Varun Jain,OCR_CORRUPTION,SRCU005,0.79,2026-07-18 04:24:13
AL003778,PERSON,P00578,Kabir Mehta,OCR_CORRUPTION,SRCU004,0.89,2026-02-09 23:37:49
AL003779,PERSON,P00579,Aarav Mehta,OCR_CORRUPTION,SRCU003,0.81,2026-02-09 20:15:30
AL003780,PERSON,P00580,Rahu1 Yadav,OCR_CORRUPTION,SRCU003,0.86,2025-08-04 16:14:40
AL003781,PERSON,P00581,Aditya Bansal,OCR_CORRUPTION,SRCU003,0.92,2025-07-01 22:24:46
AL003782,PERSON,P00582,Kavya Shah,OCR_CORRUPTION,SRCU005,0.87,2025-08-13 05:22:19
AL003783,PERSON,P00583,Sanjay Yadav,OCR_CORRUPTION,SRCU005,0.95,2025-04-03 00:49:32
AL003784,PERSON,P00584,Neha Jain,OCR_CORRUPTION,SRCU004,0.82,2025-09-16 09:36:07
AL003785,PERSON,P00585,Sneha Malhotra,OCR_CORRUPTION,SRCU005,0.92,2026-07-17 03:04:37
AL003786,PERSON,P00586,M0hit Joshi,OCR_CORRUPTION,SRCU004,0.81,2026-08-30 11:58:32
AL003787,PERSON,P00587,Rahu1 Rathore,OCR_CORRUPTION,SRCU003,0.91,2025-09-16 16:21:15
AL003788,PERSON,P00588,Vikram Deshmukh,OCR_CORRUPTION,SRCU003,0.91,2025-07-02 05:12:14
AL003789,PERSON,P00589,M0hit Deshmukh,OCR_CORRUPTION,SRCU003,0.75,2025-04-13 15:06:00
AL003790,PERSON,P00590,Meera Shah,OCR_CORRUPTION,SRCU005,0.96,2025-11-20 09:17:11
AL003791,PERSON,P00591,Vihaan Bansal,OCR_CORRUPTION,SRCU004,0.74,2025-09-23 16:29:55
AL003792,PERSON,P00592,P00ja Khan,OCR_CORRUPTION,SRCU005,0.84,2025-02-14 07:39:25
AL003793,PERSON,P00593,Rahu1 Chauhan,OCR_CORRUPTION,SRCU004,0.78,2026-01-24 21:14:59
AL003794,PERSON,P00594,Vikram Malhotra,OCR_CORRUPTION,SRCU004,0.81,2025-07-19 12:45:23
AL003795,PERSON,P00595,Amit Saxena,OCR_CORRUPTION,SRCU004,0.8,2025-11-20 01:05:01
AL003796,PERSON,P00596,Siddharth Jain,OCR_CORRUPTION,SRCU004,0.92,2026-06-11 17:17:02
AL003797,PERSON,P00597,R0han Singh,OCR_CORRUPTION,SRCU005,0.81,2026-05-08 17:05:49
AL003798,PERSON,P00598,Riya Bansal,OCR_CORRUPTION,SRCU004,0.88,2025-06-14 05:09:39
AL003799,PERSON,P00599,Vihaan Chauhan,OCR_CORRUPTION,SRCU003,0.92,2025-12-18 07:23:30
AL003800,PERSON,P00600,Arjun Yadav,OCR_CORRUPTION,SRCU003,0.83,2026-08-10 01:58:43
AL003801,PERSON,P00601,Nikhil Sharma @ Chotu,NICKNAME,SRCU005,0.82,2026-08-29 06:48:15
AL003802,PERSON,P00602,Kabir Agarwal @ Bunty,NICKNAME,SRCU003,0.76,2025-11-21 11:12:47
AL003803,PERSON,P00603,Deepak Singh @ Sonu,NICKNAME,SRCU004,0.88,2025-09-03 07:56:08
AL003804,PERSON,P00604,Riya Mehta @ Raju,NICKNAME,SRCU005,0.78,2026-01-30 12:45:53
AL003805,PERSON,P00605,Karan Deshmukh @ Mintu,NICKNAME,SRCU005,0.76,2026-02-26 01:25:22
AL003806,PERSON,P00606,Deepak Mishra @ Golu,NICKNAME,SRCU003,0.91,2025-06-11 16:30:34
AL003807,PERSON,P00607,Isha Mehta @ Pintu,NICKNAME,SRCU003,0.73,2025-07-04 13:35:41
AL003808,PERSON,P00608,Raj Verma @ Rohit,NICKNAME,SRCU003,0.73,2025-10-03 16:55:32
AL003809,PERSON,P00609,Neha Chauhan @ Chotu,NICKNAME,SRCU003,0.92,2025-08-02 00:35:02
AL003810,PERSON,P00610,Sneha Khan @ Bunty,NICKNAME,SRCU004,0.84,2026-06-01 15:04:10
AL003811,PERSON,P00611,Raj Malhotra @ Sonu,NICKNAME,SRCU003,0.86,2025-03-04 21:31:15
AL003812,PERSON,P00612,Neha Shah @ Raju,NICKNAME,SRCU005,0.87,2025-05-19 14:32:34
AL003813,PERSON,P00613,Aditya Yadav @ Mintu,NICKNAME,SRCU005,0.96,2025-07-13 07:07:32
AL003814,PERSON,P00614,Sneha Singh @ Golu,NICKNAME,SRCU003,0.73,2025-09-27 22:52:48
AL003815,PERSON,P00615,Amit Agarwal @ Pintu,NICKNAME,SRCU005,0.81,2025-08-26 11:04:30
AL003816,PERSON,P00616,Raj Mishra @ Rohit,NICKNAME,SRCU005,0.76,2025-11-19 19:47:39
AL003817,PERSON,P00617,Neha Jain @ Chotu,NICKNAME,SRCU005,0.87,2026-04-25 05:42:41
AL003818,PERSON,P00618,Karan Mishra @ Bunty,NICKNAME,SRCU004,0.86,2026-01-10 05:42:18
AL003819,PERSON,P00619,Yash Yadav @ Sonu,NICKNAME,SRCU005,0.85,2025-12-24 15:17:05
AL003820,PERSON,P00620,Raj Sharma @ Raju,NICKNAME,SRCU003,0.74,2025-06-05 16:39:44
AL003821,PERSON,P00621,Aarav Jain @ Mintu,NICKNAME,SRCU004,0.93,2025-04-12 06:33:09
AL003822,PERSON,P00622,Kavya Rathore @ Golu,NICKNAME,SRCU003,0.89,2025-10-03 17:12:54
AL003823,PERSON,P00623,Rohan Verma @ Pintu,NICKNAME,SRCU005,0.94,2025-03-11 01:38:12
AL003824,PERSON,P00624,Sneha Malhotra @ Rohit,NICKNAME,SRCU004,0.78,2026-04-29 06:43:06
AL003825,PERSON,P00625,Vikram Verma @ Chotu,NICKNAME,SRCU005,0.89,2026-07-23 08:49:19
AL003826,PERSON,P00626,Priya Agarwal @ Bunty,NICKNAME,SRCU004,0.82,2026-02-02 14:21:21
AL003827,PERSON,P00627,Neha Agarwal @ Sonu,NICKNAME,SRCU004,0.9,2026-05-21 21:48:15
AL003828,PERSON,P00628,Sanjay Sharma @ Raju,NICKNAME,SRCU004,0.84,2025-03-13 09:50:03
AL003829,PERSON,P00629,Siddharth Rathore @ Mintu,NICKNAME,SRCU004,0.9,2026-03-02 20:04:50
AL003830,PERSON,P00630,Yash Joshi @ Golu,NICKNAME,SRCU005,0.83,2025-10-31 01:31:10
AL003831,PERSON,P00631,Sanjay Tiwari @ Pintu,NICKNAME,SRCU003,0.85,2025-02-09 16:02:55
AL003832,PERSON,P00632,Isha Singh @ Rohit,NICKNAME,SRCU003,0.8,2025-02-02 11:16:11
AL003833,PERSON,P00633,Mohit Gupta @ Chotu,NICKNAME,SRCU004,0.73,2025-09-11 16:08:59
AL003834,PERSON,P00634,Sneha Deshmukh @ Bunty,NICKNAME,SRCU004,0.95,2025-09-06 07:32:46
AL003835,PERSON,P00635,Nikhil Yadav @ Sonu,NICKNAME,SRCU003,0.77,2025-04-21 11:44:30
AL003836,PERSON,P00636,Pooja Deshmukh @ Raju,NICKNAME,SRCU004,0.91,2025-08-07 03:05:57
AL003837,PERSON,P00637,Mohit Tiwari @ Mintu,NICKNAME,SRCU005,0.85,2026-06-17 23:37:18
AL003838,PERSON,P00638,Varun Mehta @ Golu,NICKNAME,SRCU003,0.77,2026-03-29 07:48:01
AL003839,PERSON,P00639,Rahul Patel @ Pintu,NICKNAME,SRCU004,0.91,2026-07-22 00:39:41
AL003840,PERSON,P00640,Karan Verma @ Rohit,NICKNAME,SRCU003,0.81,2025-03-12 15:15:26
AL003841,PERSON,P00641,Meera Mehta @ Chotu,NICKNAME,SRCU004,0.75,2025-12-11 14:36:08
AL003842,PERSON,P00642,Amit Saxena @ Bunty,NICKNAME,SRCU005,0.74,2025-07-27 15:16:45
AL003843,PERSON,P00643,Manish Mehta @ Sonu,NICKNAME,SRCU004,0.77,2025-06-06 03:09:54
AL003844,PERSON,P00644,Rahul Gupta @ Raju,NICKNAME,SRCU005,0.79,2026-01-28 01:04:03
AL003845,PERSON,P00645,Arjun Shah @ Mintu,NICKNAME,SRCU003,0.94,2026-02-16 04:51:51
AL003846,PERSON,P00646,Ankit Bansal @ Golu,NICKNAME,SRCU004,0.91,2025-09-17 18:10:05
AL003847,PERSON,P00647,Sanjay Saxena @ Pintu,NICKNAME,SRCU003,0.78,2025-10-11 00:24:55
AL003848,PERSON,P00648,Rahul Chauhan @ Rohit,NICKNAME,SRCU005,0.95,2026-03-03 06:55:34
AL003849,PERSON,P00649,Aarav Verma @ Chotu,NICKNAME,SRCU005,0.79,2026-08-06 03:29:27
AL003850,PERSON,P00650,Rahul Joshi @ Bunty,NICKNAME,SRCU005,0.75,2026-02-10 21:53:47
AL003851,PERSON,P00651,Siddharth Singh @ Sonu,NICKNAME,SRCU004,0.96,2026-02-05 12:46:00
AL003852,PERSON,P00652,Siddharth Jain @ Raju,NICKNAME,SRCU003,0.8,2026-07-25 02:12:28
AL003853,PERSON,P00653,Rahul Mehta @ Mintu,NICKNAME,SRCU003,0.86,2026-01-26 10:38:31
AL003854,PERSON,P00654,Nandini Patel @ Golu,NICKNAME,SRCU005,0.79,2026-08-07 12:17:58
AL003855,PERSON,P00655,Nandini Joshi @ Pintu,NICKNAME,SRCU005,0.94,2026-07-14 02:43:51
AL003856,PERSON,P00656,Isha Deshmukh @ Rohit,NICKNAME,SRCU003,0.87,2026-01-26 00:51:01
AL003857,PERSON,P00657,Raj Shah @ Chotu,NICKNAME,SRCU005,0.88,2026-05-15 11:08:01
AL003858,PERSON,P00658,Ankit Yadav @ Bunty,NICKNAME,SRCU004,0.86,2025-06-08 16:05:28
AL003859,PERSON,P00659,Rohan Singh @ Sonu,NICKNAME,SRCU003,0.76,2025-08-15 07:22:09
AL003860,PERSON,P00660,Varun Mishra @ Raju,NICKNAME,SRCU005,0.75,2025-06-24 12:42:07
AL003861,PERSON,P00661,Siddharth Gupta @ Mintu,NICKNAME,SRCU003,0.95,2026-08-03 09:28:29
AL003862,PERSON,P00662,Sanjay Shah @ Golu,NICKNAME,SRCU004,0.84,2026-02-26 22:34:21
AL003863,PERSON,P00663,Nikhil Deshmukh @ Pintu,NICKNAME,SRCU005,0.96,2026-05-27 03:43:41
AL003864,PERSON,P00664,Deepak Deshmukh @ Rohit,NICKNAME,SRCU003,0.82,2026-07-27 19:53:49
AL003865,PERSON,P00665,Isha Mehta @ Chotu,NICKNAME,SRCU004,0.87,2025-12-25 12:48:41
AL003866,PERSON,P00666,Manish Sharma @ Bunty,NICKNAME,SRCU003,0.82,2026-03-19 12:26:27
AL003867,PERSON,P00667,Rahul Tiwari @ Sonu,NICKNAME,SRCU004,0.84,2026-07-19 00:44:18
AL003868,PERSON,P00668,Rohan Sharma @ Raju,NICKNAME,SRCU004,0.73,2025-07-31 06:01:29
AL003869,PERSON,P00669,Kavya Deshmukh @ Mintu,NICKNAME,SRCU004,0.8,2025-09-21 12:02:15
AL003870,PERSON,P00670,Riya Saxena @ Golu,NICKNAME,SRCU003,0.93,2025-10-09 20:05:07
AL003871,PERSON,P00671,Arjun Joshi @ Pintu,NICKNAME,SRCU003,0.85,2025-01-27 12:51:50
AL003872,PERSON,P00672,Raj Sharma @ Rohit,NICKNAME,SRCU004,0.76,2025-09-30 08:44:19
AL003873,PERSON,P00673,Aarav Saxena @ Chotu,NICKNAME,SRCU003,0.75,2025-09-09 21:52:43
AL003874,PERSON,P00674,Neha Malhotra @ Bunty,NICKNAME,SRCU003,0.72,2025-02-15 01:00:25
AL003875,PERSON,P00675,Meera Chauhan @ Sonu,NICKNAME,SRCU004,0.83,2025-01-27 23:04:59
AL003876,PERSON,P00676,Priya Jain @ Raju,NICKNAME,SRCU004,0.94,2025-01-31 01:10:20
AL003877,PERSON,P00677,Deepak Tiwari @ Mintu,NICKNAME,SRCU005,0.78,2026-01-02 11:30:01
AL003878,PERSON,P00678,Riya Singh @ Golu,NICKNAME,SRCU003,0.84,2025-10-03 06:35:13
AL003879,PERSON,P00679,Nandini Khan @ Pintu,NICKNAME,SRCU005,0.77,2025-04-06 14:20:44
AL003880,PERSON,P00680,Isha Sharma @ Rohit,NICKNAME,SRCU004,0.85,2026-02-09 00:46:47
AL003881,PERSON,P00681,Sneha Malhotra @ Chotu,NICKNAME,SRCU005,0.95,2025-11-21 06:23:57
AL003882,PERSON,P00682,Yash Deshmukh @ Bunty,NICKNAME,SRCU005,0.84,2025-09-26 23:10:21
AL003883,PERSON,P00683,Nikhil Mehta @ Sonu,NICKNAME,SRCU004,0.75,2026-01-21 06:32:03
AL003884,PERSON,P00684,Mohit Singh @ Raju,NICKNAME,SRCU003,0.92,2026-03-28 06:56:23
AL003885,PERSON,P00685,Amit Jain @ Mintu,NICKNAME,SRCU004,0.73,2025-10-02 09:19:18
AL003886,PERSON,P00686,Ananya Joshi @ Golu,NICKNAME,SRCU004,0.82,2026-01-30 16:15:54
AL003887,PERSON,P00687,Ankit Joshi @ Pintu,NICKNAME,SRCU003,0.88,2026-07-16 22:17:21
AL003888,PERSON,P00688,Meera Verma @ Rohit,NICKNAME,SRCU004,0.84,2026-07-04 09:22:54
AL003889,PERSON,P00689,Neha Verma @ Chotu,NICKNAME,SRCU003,0.93,2026-02-20 14:24:30
AL003890,PERSON,P00690,Manish Deshmukh @ Bunty,NICKNAME,SRCU004,0.74,2025-09-08 23:32:55
AL003891,PERSON,P00691,Varun Patel @ Sonu,NICKNAME,SRCU005,0.9,2026-03-23 05:53:25
AL003892,PERSON,P00692,Kabir Yadav @ Raju,NICKNAME,SRCU004,0.78,2026-07-01 10:45:20
AL003893,PERSON,P00693,Neha Khan @ Mintu,NICKNAME,SRCU004,0.8,2025-06-03 12:42:30
AL003894,PERSON,P00694,Isha Bansal @ Golu,NICKNAME,SRCU004,0.84,2025-09-11 20:22:59
AL003895,PERSON,P00695,Nandini Joshi @ Pintu,NICKNAME,SRCU004,0.81,2025-08-25 19:31:07
AL003896,PERSON,P00696,Vihaan Mishra @ Rohit,NICKNAME,SRCU005,0.95,2026-06-23 10:32:10
AL003897,PERSON,P00697,Rohan Gupta @ Chotu,NICKNAME,SRCU003,0.85,2025-12-10 22:34:15
AL003898,PERSON,P00698,Raj Sharma @ Bunty,NICKNAME,SRCU004,0.83,2025-01-31 01:18:54
AL003899,PERSON,P00699,Amit Yadav @ Sonu,NICKNAME,SRCU005,0.79,2026-07-28 04:53:54
AL003900,PERSON,P00700,Raj Gupta @ Raju,NICKNAME,SRCU003,0.85,2025-05-05 15:12:16
AL003901,PERSON,P00701,Priya Shah @ Mintu,NICKNAME,SRCU003,0.81,2025-08-09 06:27:11
AL003902,PERSON,P00702,Kabir Agarwal @ Golu,NICKNAME,SRCU003,0.82,2025-04-13 00:31:56
AL003903,PERSON,P00703,Vihaan Mehta @ Pintu,NICKNAME,SRCU004,0.83,2026-07-04 12:01:45
AL003904,PERSON,P00704,Manish Rathore @ Rohit,NICKNAME,SRCU003,0.87,2025-12-08 22:24:27
AL003905,PERSON,P00705,Ananya Gupta @ Chotu,NICKNAME,SRCU005,0.79,2025-09-25 03:52:18
AL003906,PERSON,P00706,Kavya Agarwal @ Bunty,NICKNAME,SRCU004,0.95,2025-11-17 04:39:25
AL003907,PERSON,P00707,Nikhil Singh @ Sonu,NICKNAME,SRCU003,0.73,2025-11-06 22:13:52
AL003908,PERSON,P00708,Ananya Agarwal @ Raju,NICKNAME,SRCU005,0.93,2026-01-09 15:38:31
AL003909,PERSON,P00709,Riya Gupta @ Mintu,NICKNAME,SRCU004,0.9,2026-02-26 07:52:14
AL003910,PERSON,P00710,Neha Gupta @ Golu,NICKNAME,SRCU003,0.76,2025-12-05 23:40:05
AL003911,PERSON,P00711,Raj Joshi @ Pintu,NICKNAME,SRCU004,0.73,2025-10-12 11:11:35
AL003912,PERSON,P00712,Aarav Khan @ Rohit,NICKNAME,SRCU005,0.94,2025-07-16 07:15:10
AL003913,PERSON,P00713,Rohan Rathore @ Chotu,NICKNAME,SRCU005,0.93,2025-03-09 10:18:32
AL003914,PERSON,P00714,Sneha Bansal @ Bunty,NICKNAME,SRCU004,0.81,2026-05-02 07:16:40
AL003915,PERSON,P00715,Priya Joshi @ Sonu,NICKNAME,SRCU004,0.77,2025-12-17 02:52:53
AL003916,PERSON,P00716,Neha Tiwari @ Raju,NICKNAME,SRCU003,0.91,2025-08-16 21:52:23
AL003917,PERSON,P00717,Pooja Agarwal @ Mintu,NICKNAME,SRCU004,0.75,2026-02-04 12:07:55
AL003918,PERSON,P00718,Nikhil Yadav @ Golu,NICKNAME,SRCU003,0.76,2026-06-18 17:21:30
AL003919,PERSON,P00719,Pooja Gupta @ Pintu,NICKNAME,SRCU003,0.76,2026-03-18 05:39:27
AL003920,PERSON,P00720,Nandini Rathore @ Rohit,NICKNAME,SRCU004,0.85,2025-04-21 08:53:52
AL003921,PERSON,P00721,Varun Singh @ Chotu,NICKNAME,SRCU003,0.79,2026-06-27 19:20:48
AL003922,PERSON,P00722,Aarav Agarwal @ Bunty,NICKNAME,SRCU004,0.84,2025-12-23 17:06:44
AL003923,PERSON,P00723,Varun Agarwal @ Sonu,NICKNAME,SRCU005,0.78,2025-08-18 22:20:59
AL003924,PERSON,P00724,Karan Tiwari @ Raju,NICKNAME,SRCU003,0.95,2025-06-03 01:41:18
AL003925,PERSON,P00725,Aarav Deshmukh @ Mintu,NICKNAME,SRCU003,0.76,2025-08-14 19:00:51
AL003926,PERSON,P00726,Rohan Agarwal @ Golu,NICKNAME,SRCU005,0.91,2025-01-16 08:39:13
AL003927,PERSON,P00727,Deepak Verma @ Pintu,NICKNAME,SRCU004,0.93,2026-03-13 23:50:27
AL003928,PERSON,P00728,Ankit Khan @ Rohit,NICKNAME,SRCU004,0.84,2025-09-29 01:30:49
AL003929,PERSON,P00729,Rahul Tiwari @ Chotu,NICKNAME,SRCU004,0.83,2025-08-19 04:15:19
AL003930,PERSON,P00730,Nandini Yadav @ Bunty,NICKNAME,SRCU004,0.87,2026-08-07 14:05:41
AL003931,PERSON,P00731,Meera Deshmukh @ Sonu,NICKNAME,SRCU004,0.74,2025-05-11 02:42:04
AL003932,PERSON,P00732,Kavya Joshi @ Raju,NICKNAME,SRCU004,0.73,2025-02-17 07:21:31
AL003933,PERSON,P00733,Riya Khan @ Mintu,NICKNAME,SRCU003,0.85,2026-05-01 20:58:22
AL003934,PERSON,P00734,Kavya Patel @ Golu,NICKNAME,SRCU004,0.93,2026-03-31 02:20:25
AL003935,PERSON,P00735,Amit Jain @ Pintu,NICKNAME,SRCU005,0.88,2025-06-01 13:41:24
AL003936,PERSON,P00736,Sneha Shah @ Rohit,NICKNAME,SRCU005,0.95,2025-09-29 02:51:44
AL003937,PERSON,P00737,Kabir Mehta @ Chotu,NICKNAME,SRCU005,0.73,2025-05-17 10:21:36
AL003938,PERSON,P00738,Arjun Yadav @ Bunty,NICKNAME,SRCU003,0.81,2026-02-16 19:02:04
AL003939,PERSON,P00739,Yash Chauhan @ Sonu,NICKNAME,SRCU005,0.73,2026-01-05 06:21:12
AL003940,PERSON,P00740,Siddharth Sharma @ Raju,NICKNAME,SRCU004,0.87,2026-01-25 09:57:21
AL003941,PERSON,P00741,Deepak Gupta @ Mintu,NICKNAME,SRCU003,0.79,2026-08-28 02:34:05
AL003942,PERSON,P00742,Manish Mishra @ Golu,NICKNAME,SRCU003,0.75,2025-08-23 10:41:42
AL003943,PERSON,P00743,Riya Agarwal @ Pintu,NICKNAME,SRCU004,0.95,2026-07-20 22:16:29
AL003944,PERSON,P00744,Nikhil Patel @ Rohit,NICKNAME,SRCU005,0.84,2025-02-04 12:26:08
AL003945,PERSON,P00745,Sanjay Chauhan @ Chotu,NICKNAME,SRCU003,0.77,2025-11-17 01:29:02
AL003946,PERSON,P00746,Ankit Saxena @ Bunty,NICKNAME,SRCU005,0.84,2026-04-10 07:11:37
AL003947,PERSON,P00747,Rohan Rathore @ Sonu,NICKNAME,SRCU003,0.9,2025-12-25 18:04:42
AL003948,PERSON,P00748,Riya Yadav @ Raju,NICKNAME,SRCU004,0.77,2025-03-04 06:21:04
AL003949,PERSON,P00749,Deepak Chauhan @ Mintu,NICKNAME,SRCU005,0.75,2025-01-29 22:49:23
AL003950,PERSON,P00750,Isha Jain @ Golu,NICKNAME,SRCU003,0.87,2025-09-05 08:17:50
AL003951,PERSON,P00751,Nikhil Patel @ Pintu,NICKNAME,SRCU005,0.87,2025-10-16 19:25:04
AL003952,PERSON,P00752,Riya Malhotra @ Rohit,NICKNAME,SRCU004,0.87,2026-07-30 08:42:25
AL003953,PERSON,P00753,Priya Mehta @ Chotu,NICKNAME,SRCU003,0.77,2025-04-02 21:28:05
AL003954,PERSON,P00754,Pooja Sharma @ Bunty,NICKNAME,SRCU004,0.85,2025-08-29 10:00:30
AL003955,PERSON,P00755,Kavya Agarwal @ Sonu,NICKNAME,SRCU005,0.94,2026-02-03 18:13:13
AL003956,PERSON,P00756,Siddharth Khan @ Raju,NICKNAME,SRCU004,0.9,2026-06-20 19:35:25
AL003957,PERSON,P00757,Rohan Bansal @ Mintu,NICKNAME,SRCU003,0.9,2025-05-07 23:42:15
AL003958,PERSON,P00758,Riya Malhotra @ Golu,NICKNAME,SRCU004,0.86,2025-10-31 05:49:57
AL003959,PERSON,P00759,Nikhil Khan @ Pintu,NICKNAME,SRCU004,0.96,2025-12-18 04:04:28
AL003960,PERSON,P00760,Vihaan Joshi @ Rohit,NICKNAME,SRCU005,0.94,2026-07-17 22:42:18
AL003961,PERSON,P00761,Priya Yadav @ Chotu,NICKNAME,SRCU003,0.89,2025-08-16 17:23:22
AL003962,PERSON,P00762,Arjun Verma @ Bunty,NICKNAME,SRCU005,0.94,2026-02-22 05:24:33
AL003963,PERSON,P00763,Nandini Tiwari @ Sonu,NICKNAME,SRCU005,0.75,2026-07-03 03:20:43
AL003964,PERSON,P00764,Amit Sharma @ Raju,NICKNAME,SRCU003,0.78,2025-02-25 02:00:59
AL003965,PERSON,P00765,Priya Verma @ Mintu,NICKNAME,SRCU003,0.83,2025-04-18 07:03:14
AL003966,PERSON,P00766,Karan Joshi @ Golu,NICKNAME,SRCU004,0.74,2025-07-17 13:43:43
AL003967,PERSON,P00767,Pooja Jain @ Pintu,NICKNAME,SRCU005,0.77,2026-01-01 04:20:56
AL003968,PERSON,P00768,Aarav Mehta @ Rohit,NICKNAME,SRCU003,0.86,2025-02-21 01:05:16
AL003969,PERSON,P00769,Karan Gupta @ Chotu,NICKNAME,SRCU005,0.73,2026-01-10 21:23:38
AL003970,PERSON,P00770,Rahul Deshmukh @ Bunty,NICKNAME,SRCU004,0.83,2026-04-09 16:00:25
AL003971,PERSON,P00771,Pooja Shah @ Sonu,NICKNAME,SRCU005,0.78,2025-01-08 12:16:55
AL003972,PERSON,P00772,Aditya Yadav @ Raju,NICKNAME,SRCU004,0.81,2025-02-05 05:15:14
AL003973,PERSON,P00773,Pooja Verma @ Mintu,NICKNAME,SRCU004,0.91,2025-05-06 17:42:53
AL003974,PERSON,P00774,Mohit Gupta @ Golu,NICKNAME,SRCU005,0.82,2026-05-28 15:58:44
AL003975,PERSON,P00775,Rahul Deshmukh @ Pintu,NICKNAME,SRCU005,0.86,2025-05-22 06:28:49
AL003976,PERSON,P00776,Isha Malhotra @ Rohit,NICKNAME,SRCU004,0.82,2025-01-11 01:08:41
AL003977,PERSON,P00777,Vihaan Chauhan @ Chotu,NICKNAME,SRCU003,0.91,2026-05-01 05:38:36
AL003978,PERSON,P00778,Pooja Rathore @ Bunty,NICKNAME,SRCU005,0.82,2025-08-06 13:13:18
AL003979,PERSON,P00779,Ananya Rathore @ Sonu,NICKNAME,SRCU004,0.77,2025-04-24 15:13:51
AL003980,PERSON,P00780,Neha Mehta @ Raju,NICKNAME,SRCU004,0.81,2025-07-30 06:35:08
AL003981,PERSON,P00781,Neha Gupta @ Mintu,NICKNAME,SRCU004,0.94,2025-05-27 04:32:16
AL003982,PERSON,P00782,Arjun Saxena @ Golu,NICKNAME,SRCU004,0.88,2025-12-28 01:22:08
AL003983,PERSON,P00783,Isha Shah @ Pintu,NICKNAME,SRCU004,0.78,2025-05-16 09:16:45
AL003984,PERSON,P00784,Sneha Yadav @ Rohit,NICKNAME,SRCU003,0.79,2025-05-26 21:52:30
AL003985,PERSON,P00785,Rahul Bansal @ Chotu,NICKNAME,SRCU005,0.77,2026-06-08 16:39:33
AL003986,PERSON,P00786,Isha Singh @ Bunty,NICKNAME,SRCU005,0.9,2025-07-25 01:05:23
AL003987,PERSON,P00787,Rohan Sharma @ Sonu,NICKNAME,SRCU005,0.88,2025-07-18 01:20:34
AL003988,PERSON,P00788,Siddharth Mehta @ Raju,NICKNAME,SRCU003,0.95,2025-06-27 11:52:43
AL003989,PERSON,P00789,Sneha Chauhan @ Mintu,NICKNAME,SRCU003,0.81,2026-08-07 17:46:12
AL003990,PERSON,P00790,Kabir Joshi @ Golu,NICKNAME,SRCU005,0.95,2026-05-16 08:52:58
AL003991,PERSON,P00791,Kabir Yadav @ Pintu,NICKNAME,SRCU005,0.74,2026-06-19 15:56:10
AL003992,PERSON,P00792,Yash Chauhan @ Rohit,NICKNAME,SRCU004,0.88,2025-04-30 04:55:23
AL003993,PERSON,P00793,Aditya Shah @ Chotu,NICKNAME,SRCU005,0.78,2026-04-02 11:11:48
AL003994,PERSON,P00794,Varun Yadav @ Bunty,NICKNAME,SRCU005,0.93,2025-01-30 22:37:22
AL003995,PERSON,P00795,Ananya Rathore @ Sonu,NICKNAME,SRCU003,0.86,2025-08-01 14:26:03
AL003996,PERSON,P00796,Rahul Patel @ Raju,NICKNAME,SRCU005,0.74,2026-08-27 07:16:22
AL003997,PERSON,P00797,Neha Gupta @ Mintu,NICKNAME,SRCU004,0.79,2026-02-02 08:32:38
AL003998,PERSON,P00798,Mohit Rathore @ Golu,NICKNAME,SRCU004,0.92,2025-06-08 05:46:37
AL003999,PERSON,P00799,Amit Malhotra @ Pintu,NICKNAME,SRCU003,0.84,2025-07-04 06:27:07
AL004000,PERSON,P00800,Raj Khan @ Rohit,NICKNAME,SRCU003,0.76,2025-03-01 03:46:22
AL004001,PERSON,P01836,Aarav Sharma,COLLISION_VARIANT,SRCU005,0.94,2026-09-04 12:00:00
AL004002,PERSON,P01717,Aditya Khan,COLLISION_VARIANT,SRCU005,0.94,2026-09-04 12:00:00
AL004003,PERSON,P01907,Aditya Mishra,COLLISION_VARIANT,SRCU005,0.94,2026-09-04 12:00:00
AL004004,PERSON,P02146,Ananya Malhotra,COLLISION_VARIANT,SRCU005,0.94,2026-09-04 12:00:00
AL004005,PERSON,P02075,Ankit Jain,COLLISION_VARIANT,SRCU005,0.94,2026-09-04 12:00:00
AL004006,PERSON,P01713,Arjun Agarwal,COLLISION_VARIANT,SRCU005,0.94,2026-09-04 12:00:00
AL004007,PERSON,P02812,Kabir Deshmukh,COLLISION_VARIANT,SRCU005,0.94,2026-09-04 12:00:00
AL004008,PERSON,P03120,Karan Agarwal,COLLISION_VARIANT,SRCU005,0.94,2026-09-04 12:00:00
AL004009,PERSON,P01975,Karan Chauhan,COLLISION_VARIANT,SRCU005,0.94,2026-09-04 12:00:00
AL004010,PERSON,P01897,Karan Rathore,COLLISION_VARIANT,SRCU005,0.94,2026-09-04 12:00:00
AL004011,PERSON,P01649,Kavya Khan,COLLISION_VARIANT,SRCU005,0.94,2026-09-04 12:00:00
AL004012,PERSON,P02112,Kavya Mishra,COLLISION_VARIANT,SRCU005,0.94,2026-09-04 12:00:00
AL004013,PERSON,P01911,Manish Jain,COLLISION_VARIANT,SRCU005,0.94,2026-09-04 12:00:00
AL004014,PERSON,P03371,Manish Joshi,COLLISION_VARIANT,SRCU005,0.94,2026-09-04 12:00:00
AL004015,PERSON,P02677,Meera Gupta,COLLISION_VARIANT,SRCU005,0.94,2026-09-04 12:00:00
AL004016,PERSON,P01795,Meera Yadav,COLLISION_VARIANT,SRCU005,0.94,2026-09-04 12:00:00
AL004017,PERSON,P01882,Mohit Bansal,COLLISION_VARIANT,SRCU005,0.94,2026-09-04 12:00:00
AL004018,PERSON,P01863,Mohit Malhotra,COLLISION_VARIANT,SRCU005,0.94,2026-09-04 12:00:00
AL004019,PERSON,P02669,Nandini Agarwal,COLLISION_VARIANT,SRCU005,0.94,2026-09-04 12:00:00
AL004020,PERSON,P03154,Neha Bansal,COLLISION_VARIANT,SRCU005,0.94,2026-09-04 12:00:00
AL004021,PERSON,P01685,Neha Yadav,COLLISION_VARIANT,SRCU005,0.94,2026-09-04 12:00:00
AL004022,PERSON,P02275,Pooja Bansal,COLLISION_VARIANT,SRCU005,0.94,2026-09-04 12:00:00
AL004023,PERSON,P03200,Pooja Saxena,COLLISION_VARIANT,SRCU005,0.94,2026-09-04 12:00:00
AL004024,PERSON,P01772,Priya Gupta,COLLISION_VARIANT,SRCU005,0.94,2026-09-04 12:00:00
AL004025,PERSON,P01637,Rahul Agarwal,COLLISION_VARIANT,SRCU005,0.94,2026-09-04 12:00:00
AL004026,PERSON,P02181,Rahul Sharma,COLLISION_VARIANT,SRCU005,0.94,2026-09-04 12:00:00
AL004027,PERSON,P01699,Raj Tiwari,COLLISION_VARIANT,SRCU005,0.94,2026-09-04 12:00:00
AL004028,PERSON,P02003,Siddharth Tiwari,COLLISION_VARIANT,SRCU005,0.94,2026-09-04 12:00:00
AL004029,PERSON,P02334,Sneha Agarwal,COLLISION_VARIANT,SRCU005,0.94,2026-09-04 12:00:00
AL004030,PERSON,P02436,Sneha Joshi,COLLISION_VARIANT,SRCU005,0.94,2026-09-04 12:00:00
AL004031,PERSON,P02287,Varun Chauhan,COLLISION_VARIANT,SRCU005,0.94,2026-09-04 12:00:00
AL004032,PERSON,P01668,Varun Khan,COLLISION_VARIANT,SRCU005,0.94,2026-09-04 12:00:00
AL004033,PERSON,P01928,Varun Rathore,COLLISION_VARIANT,SRCU005,0.94,2026-09-04 12:00:00
AL004034,PERSON,P02251,Vihaan Rathore,COLLISION_VARIANT,SRCU005,0.94,2026-09-04 12:00:00
AL004035,PERSON,P02045,Vikram Singh,COLLISION_VARIANT,SRCU005,0.94,2026-09-04 12:00:00
AL004036,PERSON,P02555,Yash Khan,COLLISION_VARIANT,SRCU005,0.94,2026-09-04 12:00:00
