person_id,full_name,alias,date_of_birth,gender,nationality,occupation,address,city,state,postal_code,status,source_id,confidence_score,created_at,updated_at
P00001,Neha Patel,,1990-04-13,Male,Indian,Accountant,"43/321, Chahal Circle",Indore,Madhya Pradesh,001338,Active,SRC024,0.8,2025-08-08 18:20:28,2025-06-30 02:11:40
P00002,Isha Tiwari,,1994-03-10,Male,Indian,Business Owner,"794
Dutta Nagar",Ujjain,Madhya Pradesh,542351,Active,SRC007,0.83,2024-03-31 05:48:03,2024-04-04 02:31:14
P00003,Yash Sharma,,2000-11-22,Female,Indian,Accountant,"H.No. 781
Brar Marg",Kanpur,Uttar Pradesh,959310,Inactive,SRC019,0.84,2025-10-05 09:49:15,2026-01-22 04:41:30
P00004,Riya Sharma,,2007-12-01,Female,Indian,Consultant,"H.No. 647, Gaba Path",Dewas,Madhya Pradesh,534192,Active,SRC007,0.98,2025-06-03 17:14:03,2024-08-26 04:49:29
P00005,Sanjay Patel,,1981-03-30,Female,Indian,Technician,"83/503
Mutti Nagar",Ujjain,Madhya Pradesh,413953,Under Review,SRC009,0.95,2025-09-29 17:48:13,2025-01-19 22:47:46
P00006,Isha Yadav,I. Yadav,2004-04-24,Female,Indian,Driver,"423
Yohannan Circle",Kanpur,Uttar Pradesh,969653,Under Review,SRC010,0.95,2026-08-28 09:33:05,2024-05-14 14:19:22
P00007,Yash Saxena,,1982-11-03,Male,Indian,Business Owner,"H.No. 226, Bhatt",Hyderabad,Telangana,697848,Under Review,SRC008,0.94,2026-04-17 12:55:39,2024-01-12 04:06:17
P00008,Aditya Jain,,1994-06-05,Female,Indian,Technician,"51/462
Aggarwal Chowk",Gwalior,Madhya Pradesh,828148,Active,SRC012,0.85,2025-08-15 12:40:20,2024-05-28 17:06:09
P00009,Priya Malhotra,,1996-07-23,Male,Indian,Security Guard,"57/01, Mohanty Path",Ujjain,Madhya Pradesh,039117,Under Review,SRC008,0.81,2026-03-04 23:46:30,2026-08-09 13:53:38
P00010,Ankit Malhotra,,1984-11-02,Female,Indian,Business Owner,"782, Wable Road",Kanpur,Uttar Pradesh,383465,Active,SRC027,0.79,2025-03-02 06:30:47,2025-05-18 14:25:51
P00011,Sanjay Chauhan,S. Chauhan,1963-11-04,Female,Indian,Accountant,"H.No. 509, Karpe Circle",Nagpur,Maharashtra,010310,Under Review,SRC016,0.86,2026-04-16 10:12:21,2024-03-09 22:39:39
P00012,Nandini Yadav,,1969-10-22,Male,Indian,Security Guard,"829
Solanki",Jabalpur,Madhya Pradesh,763116,Under Review,SRC009,0.94,2024-12-10 17:33:24,2025-02-04 00:03:37
P00013,Amit Shah,,2001-09-22,Male,Indian,Security Guard,"10/651, Handa Ganj",Jaipur,Rajasthan,872624,Inactive,SRC003,0.94,2025-03-26 03:17:26,2026-04-30 20:59:45
P00014,Riya Patel,,1961-07-07,Female,Indian,Manager,"H.No. 801, Ganesan Ganj",Jabalpur,Madhya Pradesh,773602,Active,SRC013,0.86,2025-01-03 17:46:48,2026-08-16 16:55:55
P00015,Deepak Bansal,,1971-03-13,Male,Indian,Driver,"H.No. 68
Dubey Chowk",Nagpur,Maharashtra,430980,Under Review,SRC029,0.89,2025-12-28 18:43:31,2024-02-25 14:55:24
P00016,Karan Joshi,,1987-06-19,Male,Indian,Trader,"H.No. 812, Bir Zila",Gwalior,Madhya Pradesh,619399,Active,SRC024,0.96,2024-02-08 16:02:50,2024-03-20 18:28:35
P00017,Karan Bansal,,1991-03-13,Male,Indian,Consultant,"H.No. 35
Lanka Ganj",Dewas,Madhya Pradesh,247510,Under Review,SRC017,0.91,2025-03-21 21:53:00,2026-08-29 11:54:29
P00018,Rohan Saxena,,2008-06-21,Male,Indian,Manager,"38/42, Biswas Path",Dewas,Madhya Pradesh,542784,Inactive,SRC016,0.78,2025-08-18 03:53:57,2026-08-18 13:51:59
P00019,Nandini Saxena,,1991-01-09,Male,Indian,Manager,"84/124, Chhabra Zila",Ahmedabad,Gujarat,449353,Active,SRC003,0.93,2025-10-30 22:25:58,2026-04-09 21:13:12
P00020,Sneha Mehta,,1983-06-12,Male,Indian,Trader,"H.No. 164
Aggarwal Nagar",Kanpur,Uttar Pradesh,242786,Under Review,SRC006,0.84,2025-06-29 18:17:49,2024-04-18 20:28:43
P00021,Riya Deshmukh,,2005-11-13,Male,Indian,Consultant,"05/98, Sani Street",Kota,Rajasthan,045053,Inactive,SRC022,0.92,2025-10-25 15:37:16,2025-10-10 22:13:44
P00022,Deepak Bansal,D. Bansal,1975-09-16,Male,Indian,Driver,"23/22
Bakshi Marg",Delhi,Delhi,563421,Inactive,SRC001,0.9,2025-01-07 05:06:51,2024-02-07 16:17:49
P00023,Vikram Shah,V. Shah,1981-09-04,Male,Indian,Accountant,"54, Kapoor Ganj",Pune,Maharashtra,365414,Active,SRC029,0.79,2024-12-07 15:57:51,2025-05-10 15:38:28
P00024,Sanjay Mehta,,1992-04-29,Female,Indian,Accountant,"H.No. 142
Lanka",Lucknow,Uttar Pradesh,196556,Under Review,SRC005,0.93,2025-08-12 20:11:20,2025-05-12 14:45:04
P00025,Meera Shah,,1977-04-25,Female,Indian,Student,"H.No. 06, Venkatesh Nagar",Hyderabad,Telangana,561595,Active,SRC004,0.8,2025-10-07 11:25:27,2024-05-01 06:15:01
P00026,Amit Saxena,,2003-07-29,Male,Indian,Driver,"65/648
Handa Street",Kota,Rajasthan,629946,Active,SRC013,0.93,2025-06-17 03:25:47,2024-01-01 09:28:46
P00027,Kavya Patel,,1972-04-20,Female,Indian,Sales Executive,"95/77
Kala Chowk",Pune,Maharashtra,214895,Inactive,SRC006,0.84,2024-03-31 20:46:40,2026-07-15 07:05:46
P00028,Vikram Mehta,,1969-08-25,Male,Indian,Business Owner,"320
Konda Nagar",Delhi,Delhi,917693,Under Review,SRC018,0.96,2025-11-29 22:48:49,2025-01-08 14:39:54
P00029,Aditya Jain,,1978-01-19,Female,Indian,Accountant,"01/632, Shetty Circle",Dewas,Madhya Pradesh,831727,Inactive,SRC029,0.79,2025-10-11 13:16:30,2026-08-19 05:15:52
P00030,Ankit Sharma,,1988-01-15,Female,Indian,Consultant,"86/87
Soman Street",Jaipur,Rajasthan,434873,Inactive,SRC023,0.98,2024-09-24 04:23:58,2024-03-16 09:23:28
P00031,Kavya Tiwari,K. Tiwari,1972-03-29,Female,Indian,Accountant,"H.No. 58
Devi Zila",Gurugram,Haryana,362316,Active,SRC019,0.93,2025-01-31 14:15:37,2025-06-11 23:03:19
P00032,Vihaan Joshi,V. Joshi,1978-11-16,Female,Indian,Security Guard,"69, Rai Nagar",Bhopal,Madhya Pradesh,054668,Under Review,SRC006,0.79,2025-12-28 07:59:09,2025-06-15 09:16:54
P00033,Varun Mehta,V. Mehta,1988-06-08,Male,Indian,Accountant,"34, Sunder Marg",Dewas,Madhya Pradesh,656272,Inactive,SRC004,0.98,2026-08-12 05:49:10,2025-06-03 16:51:17
P00034,Siddharth Jain,,2003-12-04,Male,Indian,Student,"H.No. 627, Bedi Street",Hyderabad,Telangana,653755,Under Review,SRC019,0.9,2026-01-10 16:14:10,2025-01-03 21:21:19
P00035,Sanjay Malhotra,,1996-01-09,Female,Indian,Accountant,"H.No. 17
Zacharia Nagar",Mumbai,Maharashtra,531003,Inactive,SRC013,0.81,2024-07-12 23:28:14,2024-01-20 19:54:50
P00036,Neha Agarwal,,1965-06-10,Male,Indian,Business Owner,"19, Shroff Ganj",Delhi,Delhi,529912,Inactive,SRC020,0.99,2026-07-27 16:09:34,2024-04-15 04:19:19
P00037,Arjun Mehta,,1958-12-24,Female,Indian,Sales Executive,"66/31
Kibe",Kanpur,Uttar Pradesh,491905,Inactive,SRC029,0.79,2025-06-02 08:40:01,2025-10-05 15:50:46
P00038,Vikram Saxena,V. Saxena,1961-03-09,Female,Indian,Manager,"H.No. 671
Pathak Marg",Ahmedabad,Gujarat,262849,Under Review,SRC017,0.78,2026-02-25 09:04:05,2025-06-07 15:24:49
P00039,Sneha Tiwari,,1982-04-30,Male,Indian,Sales Executive,"94/531
Seshadri Road",Ahmedabad,Gujarat,799650,Inactive,SRC004,0.97,2025-04-25 23:02:43,2024-11-12 05:43:51
P00040,Isha Tiwari,,1982-07-15,Male,Indian,Technician,"H.No. 54
Majumdar",Jabalpur,Madhya Pradesh,831367,Active,SRC022,0.91,2025-06-24 04:28:29,2024-08-21 20:02:40
P00041,Karan Bansal,,1981-12-13,Male,Indian,Driver,"01
Kant Road",Gurugram,Haryana,349578,Under Review,SRC014,0.95,2025-05-31 14:05:20,2025-02-18 00:21:54
P00042,Vihaan Sharma,,1995-09-18,Female,Indian,Sales Executive,"H.No. 74
Krishnamurthy Road",Surat,Gujarat,135182,Under Review,SRC015,0.9,2024-07-05 08:51:53,2025-12-19 15:53:45
P00043,Amit Tiwari,A. Tiwari,1971-10-09,Male,Indian,Security Guard,"H.No. 343
Gola Path",Indore,Madhya Pradesh,082400,Active,SRC027,0.86,2025-06-22 10:02:18,2025-11-09 14:05:27
P00044,Raj Singh,R. Singh,1964-02-10,Female,Indian,Technician,"H.No. 094
Srinivas Chowk",Kota,Rajasthan,520471,Active,SRC029,0.86,2026-03-10 22:02:40,2025-01-24 21:19:12
P00045,Priya Jain,,1961-06-13,Female,Indian,Manager,"294, Kothari Zila",Gwalior,Madhya Pradesh,869993,Under Review,SRC005,0.97,2026-01-24 17:59:43,2025-01-05 02:35:15
P00046,Vikram Khan,,2004-01-02,Male,Indian,Sales Executive,"64/99
Chaudhary Nagar",Dewas,Madhya Pradesh,341232,Under Review,SRC030,0.85,2025-06-21 02:07:22,2024-06-01 07:20:58
P00047,Nandini Mishra,,1978-07-03,Male,Indian,Student,"H.No. 03
Mandal Road",Pune,Maharashtra,134936,Active,SRC028,0.88,2024-04-21 16:15:22,2024-08-06 17:45:01
P00048,Rahul Yadav,,1965-04-08,Male,Indian,Accountant,"102
Mani Road",Vadodara,Gujarat,174648,Active,SRC022,0.82,2025-06-09 09:38:58,2025-03-01 22:32:41
P00049,Sanjay Malhotra,,1988-03-03,Female,Indian,Technician,"59/401
Bail Ganj",Ujjain,Madhya Pradesh,902787,Under Review,SRC017,0.86,2026-06-10 08:07:54,2024-06-25 14:08:04
P00050,Sneha Tiwari,,1987-07-10,Male,Indian,Consultant,"H.No. 756
Nagi Path",Surat,Gujarat,256746,Active,SRC019,0.98,2026-03-02 14:23:38,2025-06-19 05:51:21
P00051,Karan Verma,,1980-11-12,Female,Indian,Technician,"H.No. 51
Varkey Marg",Gwalior,Madhya Pradesh,876038,Inactive,SRC020,0.99,2024-12-18 00:16:17,2026-01-06 00:27:37
P00052,Arjun Chauhan,,1989-07-26,Male,Indian,Student,"482, Sarma Road",Hyderabad,Telangana,109324,Active,SRC017,0.97,2025-06-19 23:11:32,2025-06-21 08:10:29
P00053,Raj Gupta,,1962-06-04,Female,Indian,Manager,"12, Manne Chowk",Vadodara,Gujarat,677378,Inactive,SRC022,0.96,2024-05-20 17:40:45,2024-07-04 11:08:00
P00054,Isha Agarwal,,1988-03-28,Female,Indian,Technician,"H.No. 465, Loke Circle",Lucknow,Uttar Pradesh,449972,Inactive,SRC023,0.84,2025-03-10 11:46:29,2025-04-16 06:20:24
P00055,Rohan Gupta,,1974-08-16,Female,Indian,Sales Executive,"53
Rajagopal Ganj",Kota,Rajasthan,605766,Under Review,SRC019,0.84,2026-08-19 17:26:37,2026-02-09 23:58:36
P00056,Raj Sharma,,1990-12-03,Female,Indian,Manager,"02, Narula Circle",Ahmedabad,Gujarat,718702,Under Review,SRC021,0.85,2025-02-02 21:49:14,2025-09-29 02:27:12
P00057,Deepak Yadav,,1965-07-17,Male,Indian,Driver,"H.No. 59
Buch Marg",Mumbai,Maharashtra,865780,Inactive,SRC017,0.92,2025-08-23 18:54:48,2024-08-16 10:21:16
P00058,Yash Joshi,,1992-07-28,Male,Indian,Consultant,"161
Sawhney Zila",Ujjain,Madhya Pradesh,400504,Active,SRC026,0.82,2024-12-14 18:50:09,2025-02-23 01:23:52
P00059,Aarav Verma,,1970-02-14,Male,Indian,Trader,"22/21
Raja",Pune,Maharashtra,792374,Inactive,SRC029,0.91,2025-03-23 03:53:25,2025-10-10 20:03:51
P00060,Rahul Chauhan,,2003-07-07,Male,Indian,Business Owner,"H.No. 82
Sathe Zila",Gurugram,Haryana,946474,Active,SRC025,0.87,2024-07-12 20:06:55,2025-01-09 07:21:24
P00061,Kabir Bansal,K. Bansal,1982-04-25,Male,Indian,Driver,"95, Merchant",Delhi,Delhi,064090,Inactive,SRC005,0.95,2026-06-05 00:43:37,2025-12-26 01:15:36
P00062,Priya Bansal,,2000-02-23,Female,Indian,Manager,"953
Krishna Ganj",Kanpur,Uttar Pradesh,104709,Under Review,SRC029,0.89,2024-12-21 00:14:22,2024-05-07 20:43:42
P00063,Sneha Tiwari,,2004-01-23,Female,Indian,Trader,"62/328
Wali Path",Delhi,Delhi,247451,Inactive,SRC025,0.83,2025-03-31 16:28:28,2024-03-14 06:23:26
P00064,Neha Malhotra,,1996-02-18,Male,Indian,Consultant,"68/516, Lalla Nagar",Lucknow,Uttar Pradesh,754965,Inactive,SRC003,0.93,2024-04-15 10:05:53,2024-08-15 12:12:32
P00065,Vikram Malhotra,,1958-12-12,Male,Indian,Sales Executive,"31/74
Dada Marg",Surat,Gujarat,004711,Active,SRC008,0.86,2024-08-16 11:03:01,2025-06-07 00:47:18
P00066,Rohan Gupta,,1977-06-28,Female,Indian,Security Guard,"86/926
Suri Zila",Ujjain,Madhya Pradesh,405377,Inactive,SRC014,0.79,2026-07-13 21:21:51,2026-04-12 08:28:22
P00067,Sneha Mishra,,1962-09-26,Male,Indian,Manager,"50/64
Das Ganj",Jaipur,Rajasthan,139005,Inactive,SRC016,0.78,2024-08-24 23:49:15,2024-05-02 12:34:28
P00068,Nikhil Agarwal,,1986-06-18,Female,Indian,Security Guard,"39/33, Divan Path",Jaipur,Rajasthan,422842,Under Review,SRC024,0.89,2024-04-16 23:00:00,2026-04-23 01:17:27
P00069,Yash Jain,,1964-05-23,Female,Indian,Trader,"950
Lanka Street",Gurugram,Haryana,268117,Active,SRC013,0.85,2025-03-12 04:07:22,2024-12-18 06:20:02
P00070,Priya Chauhan,,1987-12-12,Male,Indian,Manager,"39/08
Shanker Road",Dewas,Madhya Pradesh,076617,Under Review,SRC001,0.97,2025-11-24 03:59:43,2025-03-07 14:04:03
P00071,Siddharth Shah,S. Shah,2003-07-14,Female,Indian,Sales Executive,"21/24
Nair",Indore,Madhya Pradesh,984789,Inactive,SRC006,0.79,2025-02-22 14:00:52,2026-02-10 16:22:47
P00072,Ankit Joshi,,1963-07-04,Female,Indian,Student,"73, Nori Marg",Mumbai,Maharashtra,661565,Inactive,SRC025,0.98,2025-10-09 03:35:55,2024-12-30 04:40:38
P00073,Amit Malhotra,,1965-06-15,Male,Indian,Technician,"H.No. 111
Char Marg",Ujjain,Madhya Pradesh,280988,Active,SRC021,0.79,2024-11-16 17:53:34,2024-04-28 22:20:41
P00074,Neha Verma,,1975-09-14,Male,Indian,Business Owner,"04/945
Tripathi Zila",Indore,Madhya Pradesh,273158,Under Review,SRC005,0.83,2024-12-23 15:17:08,2026-01-12 00:22:00
P00075,Mohit Patel,,1986-12-13,Female,Indian,Consultant,"99/80
Loke",Hyderabad,Telangana,244550,Inactive,SRC006,0.91,2024-06-25 12:10:57,2024-05-19 09:12:31
P00076,Isha Patel,,1991-03-13,Male,Indian,Manager,"018, Puri Ganj",Dewas,Madhya Pradesh,752545,Active,SRC030,0.85,2026-01-25 20:39:55,2025-07-06 06:26:41
P00077,Priya Chauhan,,1962-01-01,Male,Indian,Driver,"290, Magar Zila",Jaipur,Rajasthan,679764,Under Review,SRC023,0.95,2024-07-28 17:57:59,2025-05-13 12:18:39
P00078,Vikram Patel,,1975-04-10,Male,Indian,Manager,"H.No. 97, Morar Circle",Ahmedabad,Gujarat,369003,Active,SRC012,0.89,2024-10-20 06:44:41,2024-07-24 12:44:09
P00079,Priya Saxena,,1964-09-01,Female,Indian,Business Owner,"H.No. 51
Tank Nagar",Ujjain,Madhya Pradesh,226838,Inactive,SRC027,0.88,2025-06-27 15:18:45,2025-10-12 00:15:39
P00080,Amit Saxena,,1975-09-25,Female,Indian,Sales Executive,"06/071
Sanghvi Path",Delhi,Delhi,641605,Under Review,SRC017,0.98,2024-06-16 05:34:57,2026-07-11 00:41:21
P00081,Karan Deshmukh,,1981-02-18,Female,Indian,Student,"H.No. 613
Rattan Marg",Kanpur,Uttar Pradesh,645352,Under Review,SRC019,0.84,2024-03-15 07:36:40,2025-09-08 03:03:44
P00082,Riya Jain,,1984-09-24,Female,Indian,Accountant,"H.No. 52, Chauhan Ganj",Ujjain,Madhya Pradesh,432921,Inactive,SRC019,0.91,2024-06-21 08:42:59,2026-01-21 23:32:54
P00083,Ankit Joshi,,1982-11-14,Female,Indian,Sales Executive,"99/552
Bir Chowk",Indore,Madhya Pradesh,744905,Inactive,SRC007,0.85,2025-05-08 15:19:51,2024-10-29 00:38:38
P00084,Karan Joshi,,1980-09-19,Female,Indian,Security Guard,"H.No. 41, Tripathi Zila",Nagpur,Maharashtra,798079,Active,SRC017,0.98,2025-09-26 05:42:29,2024-11-08 20:17:34
P00085,Aditya Jain,,1981-12-05,Male,Indian,Trader,"H.No. 715, Thaman Zila",Kota,Rajasthan,037788,Under Review,SRC023,0.88,2025-08-16 08:10:33,2024-12-20 01:44:42
P00086,Kavya Sharma,,2004-06-26,Female,Indian,Accountant,"59
Natt Nagar",Ujjain,Madhya Pradesh,518644,Inactive,SRC022,0.9,2025-12-05 04:37:41,2025-09-30 20:05:04
P00087,Mohit Tiwari,,2003-11-23,Female,Indian,Technician,"H.No. 19, Palla Street",Lucknow,Uttar Pradesh,629148,Under Review,SRC015,0.84,2025-01-01 12:12:54,2026-02-09 06:53:24
P00088,Karan Jain,,1999-02-22,Female,Indian,Driver,"68/505, Gole Road",Gwalior,Madhya Pradesh,573322,Under Review,SRC018,0.98,2024-03-16 01:57:32,2026-04-01 15:05:30
P00089,Ananya Khan,,1962-10-30,Female,Indian,Consultant,"59/296, Gaba Street",Mumbai,Maharashtra,927065,Under Review,SRC019,0.99,2025-10-20 02:25:37,2024-08-19 02:48:18
P00090,Varun Deshmukh,,1980-04-28,Male,Indian,Consultant,"73/834
Hari Chowk",Ahmedabad,Gujarat,977468,Active,SRC012,0.82,2025-05-28 05:14:27,2026-07-29 04:17:38
P00091,Aarav Tiwari,,1999-05-02,Male,Indian,Security Guard,"H.No. 07, Chauhan Path",Jabalpur,Madhya Pradesh,412478,Inactive,SRC023,0.98,2024-05-23 08:53:08,2025-03-01 15:51:33
P00092,Neha Rathore,,2005-12-08,Female,Indian,Trader,"50, Bera Marg",Gwalior,Madhya Pradesh,853615,Inactive,SRC015,0.85,2024-08-06 11:25:44,2024-11-06 01:55:45
P00093,Vihaan Malhotra,V. Malhotra,1962-09-21,Male,Indian,Student,"204
Dewan Chowk",Gurugram,Haryana,790104,Inactive,SRC003,0.9,2024-07-28 19:58:10,2024-05-25 11:34:55
P00094,Priya Verma,P. Verma,2005-08-15,Female,Indian,Driver,"H.No. 434
Batta Zila",Jabalpur,Madhya Pradesh,697117,Active,SRC004,0.9,2025-08-03 15:03:00,2024-01-16 23:47:54
P00095,Amit Deshmukh,,1983-12-15,Male,Indian,Security Guard,"24/609, Khosla Path",Bengaluru,Karnataka,218518,Inactive,SRC015,0.97,2025-06-13 09:24:06,2026-02-04 04:18:03
P00096,Manish Shah,,1983-07-23,Male,Indian,Manager,"70, Prakash Marg",Kota,Rajasthan,051531,Under Review,SRC004,0.98,2026-01-20 16:06:00,2025-12-16 08:05:11
P00097,Rahul Gupta,,1974-08-18,Male,Indian,Accountant,"H.No. 85, Shetty Street",Nagpur,Maharashtra,221704,Active,SRC018,0.8,2024-07-15 03:33:10,2026-02-08 17:58:56
P00098,Aarav Mishra,,2002-11-05,Female,Indian,Consultant,"H.No. 86
Solanki Circle",Delhi,Delhi,034505,Active,SRC008,0.84,2024-09-22 20:09:15,2026-02-16 18:14:38
P00099,Manish Yadav,,1979-12-15,Female,Indian,Manager,"76/527
Pillai Chowk",Ujjain,Madhya Pradesh,161692,Under Review,SRC026,0.98,2025-06-14 17:55:05,2024-11-08 12:55:45
P00100,Amit Patel,,1961-10-02,Male,Indian,Consultant,"H.No. 79
Ganesan Marg",Kanpur,Uttar Pradesh,570596,Active,SRC003,0.79,2024-09-24 03:25:00,2026-08-11 13:35:49
P00101,Kavya Agarwal,,2006-01-05,Female,Indian,Trader,"65/820, Sarma Street",Bengaluru,Karnataka,213556,Active,SRC015,0.92,2026-07-12 19:57:21,2024-02-01 12:15:43
P00102,Ananya Chauhan,,1965-06-30,Female,Indian,Trader,"H.No. 57
Devan Zila",Nagpur,Maharashtra,654310,Active,SRC020,0.79,2025-12-16 19:28:45,2025-04-30 13:40:28
P00103,Amit Joshi,,1977-05-28,Male,Indian,Accountant,"H.No. 47, Mangal Ganj",Bengaluru,Karnataka,312172,Under Review,SRC027,0.96,2026-05-24 09:57:09,2025-03-09 02:14:11
P00104,Siddharth Sharma,,1962-02-23,Male,Indian,Trader,"51/884
Dugar Road",Nagpur,Maharashtra,583132,Under Review,SRC021,0.87,2024-08-18 08:15:48,2025-04-25 16:24:01
P00105,Karan Khan,,1976-01-28,Female,Indian,Driver,"82
Chadha",Hyderabad,Telangana,467866,Inactive,SRC012,0.87,2026-03-12 02:37:17,2024-03-12 18:13:35
P00106,Sanjay Patel,,2007-04-06,Female,Indian,Consultant,"78, Dave Path",Dewas,Madhya Pradesh,268018,Under Review,SRC013,0.95,2024-05-28 21:13:01,2024-06-09 05:04:19
P00107,Raj Verma,R. Verma,1974-02-15,Female,Indian,Technician,"H.No. 84, Krishna Zila",Delhi,Delhi,842498,Active,SRC025,0.86,2024-03-31 21:44:24,2025-09-15 16:20:18
P00108,Varun Sharma,,1987-11-08,Male,Indian,Accountant,"995, Barman",Kanpur,Uttar Pradesh,109439,Under Review,SRC012,0.91,2025-02-09 08:08:04,2025-09-13 17:43:20
P00109,Mohit Yadav,,1983-01-26,Male,Indian,Consultant,"47/364
Bora Chowk",Bhopal,Madhya Pradesh,276773,Inactive,SRC029,0.93,2024-11-27 00:10:36,2024-05-19 18:57:04
P00110,Arjun Sharma,,2001-08-09,Male,Indian,Consultant,"56/258
Cherian Circle",Bengaluru,Karnataka,371473,Under Review,SRC001,0.9,2024-05-17 01:46:28,2024-02-19 05:44:05
P00111,Aditya Jain,,2005-11-19,Male,Indian,Sales Executive,"259
Gupta Path",Gwalior,Madhya Pradesh,787747,Inactive,SRC030,0.93,2024-01-23 13:12:46,2026-07-08 17:04:35
P00112,Varun Malhotra,,1983-06-13,Female,Indian,Accountant,"950, Manda Nagar",Kota,Rajasthan,974801,Inactive,SRC018,0.81,2025-02-23 07:01:30,2026-05-08 15:06:22
P00113,Rahul Deshmukh,,1994-10-10,Male,Indian,Driver,"H.No. 06
Hayer Nagar",Lucknow,Uttar Pradesh,841687,Inactive,SRC025,0.95,2026-01-13 18:21:53,2024-09-29 04:02:14
P00114,Amit Joshi,,2008-02-11,Male,Indian,Consultant,"165, Pau Path",Lucknow,Uttar Pradesh,398680,Under Review,SRC010,0.96,2024-02-14 01:55:25,2024-05-13 08:04:24
P00115,Siddharth Rathore,,1974-08-27,Female,Indian,Technician,"72/98
Narang Street",Jabalpur,Madhya Pradesh,269495,Inactive,SRC018,0.94,2025-05-08 14:49:10,2025-05-10 22:50:37
P00116,Ankit Yadav,,1982-08-26,Male,Indian,Manager,"05
Choudhary Path",Surat,Gujarat,940974,Inactive,SRC008,0.96,2026-07-29 23:02:05,2026-01-31 18:22:26
P00117,Amit Verma,,1997-04-03,Female,Indian,Student,"09/728, Rai",Surat,Gujarat,309130,Under Review,SRC026,0.95,2025-03-05 03:07:57,2025-02-11 11:21:27
P00118,Rohan Rathore,R. Rathore,1978-09-24,Female,Indian,Driver,"89, Bhatia Chowk",Bhopal,Madhya Pradesh,838578,Inactive,SRC004,0.89,2025-01-01 15:36:43,2026-07-19 20:31:10
P00119,Deepak Sharma,,1981-02-10,Male,Indian,Driver,"54/97
Koshy Ganj",Jabalpur,Madhya Pradesh,843443,Inactive,SRC026,0.98,2025-11-02 14:28:56,2025-04-20 19:11:59
P00120,Sanjay Deshmukh,,1982-02-20,Female,Indian,Security Guard,"H.No. 19
Raghavan Circle",Jaipur,Rajasthan,524041,Inactive,SRC011,0.91,2024-12-03 00:16:50,2025-03-06 10:22:01
P00121,Meera Rathore,M. Rathore,1970-10-01,Male,Indian,Accountant,"384
Magar Circle",Kanpur,Uttar Pradesh,199330,Under Review,SRC022,0.97,2025-10-13 17:57:45,2025-05-31 16:52:51
P00122,Vikram Mehta,,1990-03-16,Male,Indian,Trader,"H.No. 657, Devan Zila",Kota,Rajasthan,826773,Active,SRC023,0.84,2026-01-05 12:02:06,2024-10-06 11:44:46
P00123,Aarav Verma,,1972-03-23,Female,Indian,Technician,"H.No. 938, Gill Nagar",Surat,Gujarat,206724,Inactive,SRC014,0.81,2026-05-03 01:42:23,2024-01-10 00:24:24
P00124,Varun Mishra,,1986-08-20,Male,Indian,Sales Executive,"H.No. 47, Viswanathan Circle",Hyderabad,Telangana,287431,Active,SRC003,0.91,2024-11-17 18:08:06,2025-12-12 09:05:46
P00125,Ankit Deshmukh,,1990-09-25,Male,Indian,Accountant,"H.No. 549, Gill Ganj",Pune,Maharashtra,685161,Inactive,SRC021,0.83,2024-06-28 19:00:38,2024-05-16 19:34:06
P00126,Karan Sharma,,1974-03-05,Male,Indian,Driver,"H.No. 463, Loke Chowk",Delhi,Delhi,499045,Inactive,SRC012,0.99,2025-11-05 01:31:55,2024-03-01 10:43:38
P00127,Manish Mishra,,1963-09-13,Female,Indian,Accountant,"684
Merchant Zila",Nagpur,Maharashtra,933272,Inactive,SRC028,0.88,2025-03-18 16:39:43,2026-08-20 03:20:38
P00128,Vikram Chauhan,,1976-09-21,Female,Indian,Consultant,"33/91
Sekhon Circle",Hyderabad,Telangana,191088,Active,SRC027,0.92,2024-07-15 16:45:54,2025-06-06 04:05:16
P00129,Karan Sharma,,1966-01-22,Male,Indian,Manager,"H.No. 397
Uppal Zila",Hyderabad,Telangana,072867,Under Review,SRC016,0.95,2025-07-02 16:27:14,2025-06-27 17:01:55
P00130,Meera Agarwal,,1991-12-25,Female,Indian,Accountant,"06/403
Bora",Pune,Maharashtra,651801,Under Review,SRC007,0.91,2026-08-17 12:16:37,2025-04-04 07:48:24
P00131,Priya Singh,,1972-04-23,Male,Indian,Consultant,"656, Purohit Chowk",Gwalior,Madhya Pradesh,182512,Inactive,SRC002,0.9,2026-08-24 00:57:28,2025-01-17 10:42:18
P00132,Isha Singh,,1964-03-01,Female,Indian,Student,"H.No. 047, Samra Circle",Ujjain,Madhya Pradesh,337524,Active,SRC007,0.81,2024-07-02 09:23:43,2026-05-01 13:51:40
P00133,Raj Saxena,,1996-09-16,Female,Indian,Sales Executive,"69/033, Chaudhuri Zila",Lucknow,Uttar Pradesh,790306,Inactive,SRC030,0.95,2025-03-03 02:39:34,2025-06-09 04:28:15
P00134,Mohit Agarwal,,1996-02-22,Female,Indian,Driver,"843, Nagar",Surat,Gujarat,342836,Active,SRC025,0.98,2024-10-19 09:17:53,2024-02-29 07:28:57
P00135,Riya Chauhan,,2006-01-17,Female,Indian,Business Owner,"68/705, Vohra Marg",Kanpur,Uttar Pradesh,662462,Inactive,SRC018,0.81,2026-01-04 01:07:28,2025-04-05 17:36:41
P00136,Nikhil Malhotra,,2000-12-26,Female,Indian,Driver,"27/086
Wagle Marg",Hyderabad,Telangana,634351,Under Review,SRC008,0.88,2026-06-16 07:49:26,2026-04-04 06:15:31
P00137,Yash Tiwari,,1962-05-21,Male,Indian,Driver,"H.No. 469, Baral",Surat,Gujarat,398373,Under Review,SRC027,0.88,2026-04-25 23:57:12,2024-11-19 23:22:57
P00138,Ananya Agarwal,A. Agarwal,2006-06-24,Male,Indian,Business Owner,"317, Jayaraman Ganj",Kota,Rajasthan,385467,Inactive,SRC016,0.8,2025-06-03 05:47:51,2024-12-15 13:25:44
P00139,Vikram Tiwari,,1971-01-04,Female,Indian,Security Guard,"17
Jani Path",Jabalpur,Madhya Pradesh,560932,Inactive,SRC019,0.94,2024-01-16 18:46:01,2025-06-22 08:55:53
P00140,Rohan Mishra,,1987-06-16,Female,Indian,Consultant,"H.No. 23
Karpe Path",Gwalior,Madhya Pradesh,937854,Active,SRC023,0.86,2026-01-12 17:59:50,2025-04-20 10:16:47
P00141,Deepak Yadav,,1994-07-28,Male,Indian,Technician,"25
Dey Street",Pune,Maharashtra,280801,Under Review,SRC029,0.99,2026-07-08 16:01:57,2025-10-12 04:10:09
P00142,Nikhil Verma,,1996-08-26,Male,Indian,Trader,"312
Kamdar Nagar",Jaipur,Rajasthan,509977,Active,SRC022,0.82,2024-01-16 07:22:05,2025-06-01 20:13:33
P00143,Neha Deshmukh,N. Deshmukh,1978-08-25,Female,Indian,Accountant,"48/40, Sani Circle",Indore,Madhya Pradesh,118233,Active,SRC026,0.9,2025-08-26 01:07:20,2024-09-02 14:28:10
P00144,Aditya Tiwari,,1975-09-30,Male,Indian,Technician,"H.No. 567
Kohli",Mumbai,Maharashtra,410166,Active,SRC026,0.97,2025-01-01 23:39:49,2025-04-08 03:40:15
P00145,Aarav Malhotra,,1990-02-22,Female,Indian,Sales Executive,"H.No. 765, Chandran",Jabalpur,Madhya Pradesh,339740,Active,SRC022,0.96,2026-06-18 04:58:01,2025-10-27 22:46:48
P00146,Rohan Sharma,,1971-12-20,Male,Indian,Manager,"503, Dhawan",Vadodara,Gujarat,142939,Inactive,SRC001,0.82,2026-03-23 02:45:35,2025-01-13 15:35:06
P00147,Vihaan Singh,,2003-05-24,Male,Indian,Trader,"21
Pal Circle",Kota,Rajasthan,163159,Inactive,SRC025,0.86,2026-01-18 05:49:12,2026-07-18 01:51:11
P00148,Siddharth Patel,,1977-11-25,Male,Indian,Security Guard,"H.No. 477
Parekh Ganj",Delhi,Delhi,629619,Inactive,SRC015,0.92,2024-10-14 09:42:05,2024-08-27 19:05:43
P00149,Aarav Verma,,1961-06-02,Female,Indian,Driver,"626
Patel Path",Gurugram,Haryana,104754,Inactive,SRC023,0.97,2024-04-09 11:18:28,2024-03-25 22:33:53
P00150,Aditya Mehta,,1979-08-26,Male,Indian,Sales Executive,"H.No. 015
Chander Circle",Surat,Gujarat,604661,Inactive,SRC020,0.91,2025-12-06 06:33:12,2025-06-28 10:17:50
P00151,Raj Joshi,,2008-04-19,Female,Indian,Trader,"82/62, Luthra Street",Jaipur,Rajasthan,472126,Under Review,SRC020,0.87,2024-09-25 12:15:41,2024-10-18 15:48:52
P00152,Kavya Patel,,1997-08-02,Male,Indian,Student,"H.No. 37
Hayre",Kanpur,Uttar Pradesh,124065,Inactive,SRC029,0.83,2026-03-29 21:21:20,2025-01-04 15:11:24
P00153,Sanjay Yadav,,2001-08-23,Male,Indian,Technician,"H.No. 69
Mital Street",Jaipur,Rajasthan,937526,Inactive,SRC011,0.92,2026-07-31 13:40:16,2024-10-10 13:53:50
P00154,Nikhil Singh,N. Singh,1993-02-10,Male,Indian,Driver,"35/64
Patla Marg",Gurugram,Haryana,939828,Inactive,SRC004,0.94,2024-01-27 04:32:41,2025-12-08 13:53:11
P00155,Nikhil Singh,N. Singh,2005-10-05,Female,Indian,Driver,"41, Tata Marg",Kanpur,Uttar Pradesh,434266,Inactive,SRC012,0.96,2024-03-12 23:14:01,2026-08-21 22:50:26
P00156,Pooja Mishra,,1982-02-10,Female,Indian,Technician,"86/80
Yadav Path",Bhopal,Madhya Pradesh,135290,Active,SRC019,0.89,2025-07-02 00:19:12,2025-09-19 14:46:07
P00157,Rohan Rathore,,1990-08-27,Female,Indian,Security Guard,"10
Kuruvilla Zila",Pune,Maharashtra,888993,Inactive,SRC004,0.94,2025-03-09 17:49:14,2025-01-15 13:45:54
P00158,Siddharth Jain,,1997-01-22,Male,Indian,Manager,"H.No. 07, Merchant Zila",Kota,Rajasthan,112545,Under Review,SRC027,0.93,2025-03-19 00:55:39,2024-07-20 06:45:56
P00159,Aarav Khan,,1982-04-19,Female,Indian,Technician,"H.No. 775
Mital Zila",Nagpur,Maharashtra,105123,Inactive,SRC001,0.82,2025-05-17 01:29:22,2025-06-21 00:12:32
P00160,Rohan Shah,R. Shah,1974-07-20,Male,Indian,Driver,"36
Grewal Street",Jaipur,Rajasthan,609379,Under Review,SRC017,0.83,2025-02-21 22:55:04,2024-01-05 07:55:02
P00161,Amit Yadav,A. Yadav,1968-08-16,Female,Indian,Technician,"19/182
Nanda Path",Surat,Gujarat,714785,Under Review,SRC020,0.8,2025-08-03 20:27:46,2025-08-17 19:16:27
P00162,Vihaan Singh,,1987-08-10,Male,Indian,Driver,"H.No. 79
Mishra Street",Dewas,Madhya Pradesh,251341,Inactive,SRC015,0.92,2024-06-27 02:27:20,2025-11-05 17:07:48
P00163,Mohit Deshmukh,,1983-09-21,Male,Indian,Security Guard,"29/66
Sur Street",Delhi,Delhi,827422,Active,SRC012,0.87,2024-11-02 02:04:21,2025-03-14 19:46:28
P00164,Manish Shah,,1960-05-27,Female,Indian,Business Owner,"H.No. 723
Tiwari Marg",Gurugram,Haryana,676772,Active,SRC013,0.99,2024-03-21 10:31:28,2024-01-31 00:39:33
P00165,Vihaan Sharma,,1996-06-25,Male,Indian,Sales Executive,"H.No. 438
Ganguly Road",Mumbai,Maharashtra,978819,Inactive,SRC010,0.85,2024-04-21 02:57:13,2026-01-24 04:26:21
P00166,Aarav Rathore,A. Rathore,1999-08-29,Female,Indian,Security Guard,"07/83
Chaudry Marg",Kota,Rajasthan,407451,Under Review,SRC008,0.89,2025-03-03 05:09:37,2026-08-25 02:53:59
P00167,Sneha Saxena,,1997-03-24,Male,Indian,Student,"959, Gandhi Marg",Ujjain,Madhya Pradesh,330958,Active,SRC015,0.97,2024-09-30 11:53:50,2025-06-08 05:19:23
P00168,Riya Joshi,,1974-03-06,Female,Indian,Student,"H.No. 94
Chandran Circle",Hyderabad,Telangana,604223,Inactive,SRC004,0.87,2024-05-22 07:04:36,2024-11-09 09:36:08
P00169,Sanjay Khan,,1970-04-18,Female,Indian,Driver,"29
Sachdeva Road",Bengaluru,Karnataka,711684,Inactive,SRC028,0.8,2025-11-06 22:43:07,2026-05-03 15:06:53
P00170,Amit Shah,,1980-11-10,Female,Indian,Consultant,"H.No. 90
Shanker Zila",Jaipur,Rajasthan,186363,Under Review,SRC011,0.83,2025-04-26 08:35:00,2024-11-10 03:32:49
P00171,Pooja Khan,,1972-02-18,Male,Indian,Security Guard,"75/00, Sharaf Zila",Ujjain,Madhya Pradesh,127706,Under Review,SRC007,0.97,2024-07-15 20:32:05,2025-10-31 23:59:51
P00172,Nikhil Saxena,,1964-05-25,Male,Indian,Consultant,"415
Butala Road",Jabalpur,Madhya Pradesh,206436,Active,SRC006,0.91,2025-09-29 18:53:27,2025-11-15 16:45:23
P00173,Pooja Mehta,,1957-09-22,Female,Indian,Trader,"H.No. 293
Saxena Circle",Dewas,Madhya Pradesh,051627,Under Review,SRC025,0.9,2024-03-09 21:58:57,2025-01-07 17:26:56
P00174,Priya Shah,,1994-12-09,Female,Indian,Sales Executive,"H.No. 554, Raja Street",Bengaluru,Karnataka,218909,Inactive,SRC003,0.88,2025-09-24 11:16:19,2025-03-04 05:12:06
P00175,Neha Agarwal,,1994-07-07,Female,Indian,Security Guard,"97, Chadha Ganj",Nagpur,Maharashtra,219656,Active,SRC010,0.88,2024-11-02 00:17:22,2024-05-16 01:18:52
P00176,Vihaan Verma,,1971-10-18,Male,Indian,Driver,"899, Mane",Vadodara,Gujarat,438983,Under Review,SRC020,0.89,2025-12-28 15:38:40,2024-10-14 13:29:52
P00177,Deepak Shah,,1960-06-14,Male,Indian,Trader,"61, Tata Ganj",Kanpur,Uttar Pradesh,805526,Under Review,SRC021,0.82,2026-04-17 13:43:43,2025-07-07 00:49:07
P00178,Yash Rathore,Y. Rathore,1976-04-21,Male,Indian,Trader,"10, Bir",Lucknow,Uttar Pradesh,430068,Active,SRC026,0.97,2024-10-05 18:03:47,2025-11-24 09:18:51
P00179,Sanjay Mehta,,1996-10-16,Male,Indian,Accountant,"61/889
Mall Street",Lucknow,Uttar Pradesh,418328,Under Review,SRC015,0.99,2024-11-13 22:16:22,2025-07-24 14:28:50
P00180,Varun Bansal,V. Bansal,1996-08-05,Female,Indian,Consultant,"H.No. 63, Konda Nagar",Bengaluru,Karnataka,617990,Inactive,SRC014,0.94,2024-10-27 22:32:29,2025-12-22 16:01:36
P00181,Priya Deshmukh,,1995-06-11,Female,Indian,Driver,"H.No. 202, Palan Chowk",Bhopal,Madhya Pradesh,252410,Inactive,SRC004,0.9,2024-11-21 23:10:38,2025-02-21 17:35:14
P00182,Ankit Agarwal,,1984-05-21,Male,Indian,Technician,"91/778
Bhakta Path",Nagpur,Maharashtra,925241,Active,SRC019,0.92,2026-05-20 02:57:22,2025-10-17 22:03:37
P00183,Nandini Saxena,,1963-07-21,Female,Indian,Sales Executive,"H.No. 030, Patla Chowk",Ahmedabad,Gujarat,220863,Under Review,SRC023,0.98,2024-11-09 02:43:14,2025-02-09 00:25:26
P00184,Manish Tiwari,,1994-05-28,Female,Indian,Sales Executive,"H.No. 951
Ben Circle",Jaipur,Rajasthan,380617,Under Review,SRC023,0.95,2026-04-22 15:35:04,2026-01-22 15:24:49
P00185,Isha Bansal,,1973-07-07,Female,Indian,Security Guard,"70/53, Modi Road",Ujjain,Madhya Pradesh,759738,Inactive,SRC001,0.86,2026-01-09 22:46:50,2024-08-26 12:12:09
P00186,Kabir Gupta,,1957-12-29,Female,Indian,Accountant,"H.No. 385
Nayak Nagar",Surat,Gujarat,641383,Active,SRC005,0.81,2025-02-12 11:32:22,2026-07-24 05:35:36
P00187,Manish Patel,,2007-04-09,Male,Indian,Technician,"41/038, Pradhan Marg",Lucknow,Uttar Pradesh,191826,Under Review,SRC005,0.91,2024-03-13 19:26:29,2025-07-06 11:44:58
P00188,Rohan Khan,,1979-11-08,Male,Indian,Trader,"445, Narain Marg",Dewas,Madhya Pradesh,743132,Active,SRC014,0.86,2026-01-28 21:05:18,2025-07-22 22:06:07
P00189,Isha Jain,,1965-08-05,Female,Indian,Accountant,"75, Dara Marg",Delhi,Delhi,374741,Under Review,SRC008,0.84,2024-03-28 23:30:30,2026-02-24 19:00:10
P00190,Kavya Rathore,,1973-03-08,Female,Indian,Trader,"521, Parekh Ganj",Mumbai,Maharashtra,804420,Inactive,SRC025,0.86,2026-07-15 09:21:35,2026-04-11 12:38:58
P00191,Varun Mishra,,1986-01-09,Male,Indian,Consultant,"H.No. 712, Arora Zila",Dewas,Madhya Pradesh,323651,Active,SRC021,0.88,2025-07-20 14:25:31,2024-09-08 19:58:47
P00192,Nikhil Tiwari,,1999-02-13,Male,Indian,Consultant,"H.No. 372, Narula Zila",Gwalior,Madhya Pradesh,070296,Active,SRC025,0.81,2026-03-10 11:59:50,2025-01-19 08:00:33
P00193,Deepak Bansal,,1959-03-05,Male,Indian,Accountant,"532
Mammen Road",Jabalpur,Madhya Pradesh,209993,Inactive,SRC029,0.85,2025-09-21 19:14:42,2025-04-30 10:07:00
P00194,Aarav Mishra,,2002-09-10,Female,Indian,Accountant,"H.No. 146
Saini Street",Bhopal,Madhya Pradesh,838065,Inactive,SRC003,0.86,2025-04-11 17:35:27,2026-01-30 08:04:21
P00195,Aarav Joshi,,1975-03-20,Female,Indian,Sales Executive,"42
Nagar Nagar",Gwalior,Madhya Pradesh,040785,Active,SRC002,0.84,2026-01-16 03:17:53,2026-08-30 14:47:36
P00196,Sneha Rathore,,2007-05-06,Female,Indian,Trader,"348, Kanda Nagar",Jabalpur,Madhya Pradesh,522395,Under Review,SRC001,0.97,2026-02-23 10:37:16,2025-11-09 18:58:31
P00197,Aarav Malhotra,,2004-04-13,Female,Indian,Driver,"59/929, Tailor Ganj",Mumbai,Maharashtra,270103,Inactive,SRC008,0.84,2025-08-08 10:01:45,2024-01-20 09:21:30
P00198,Vihaan Jain,,1982-01-17,Female,Indian,Driver,"32/52
Bhargava Path",Kota,Rajasthan,292185,Active,SRC027,0.97,2026-07-23 14:58:04,2024-12-29 12:05:30
P00199,Yash Tiwari,,2005-09-16,Male,Indian,Sales Executive,"15/45
Dugar Street",Indore,Madhya Pradesh,752895,Inactive,SRC014,0.78,2024-08-05 05:02:07,2025-07-27 01:09:50
P00200,Nikhil Jain,,1966-08-12,Male,Indian,Security Guard,"42/209
Bali Marg",Hyderabad,Telangana,959391,Inactive,SRC003,0.98,2026-06-30 09:32:00,2024-05-16 20:18:14
P00201,Raj Bansal,,1995-09-07,Female,Indian,Trader,"H.No. 52, Nayak Zila",Lucknow,Uttar Pradesh,043315,Active,SRC021,0.86,2024-09-06 17:28:34,2024-04-15 02:49:26
P00202,Nikhil Malhotra,,1957-09-25,Male,Indian,Technician,"62
Tailor Marg",Indore,Madhya Pradesh,586179,Active,SRC024,0.92,2025-09-25 09:26:28,2025-10-30 14:34:11
P00203,Arjun Shah,A. Shah,1965-12-18,Female,Indian,Security Guard,"H.No. 405, Cheema Road",Surat,Gujarat,526218,Inactive,SRC027,0.91,2026-07-05 09:42:39,2026-08-09 15:13:32
P00204,Sneha Yadav,,1974-11-27,Male,Indian,Driver,"06/296
Bera Street",Gurugram,Haryana,533688,Under Review,SRC025,0.98,2024-09-15 02:27:46,2024-09-30 22:07:36
P00205,Vihaan Agarwal,V. Agarwal,1969-10-14,Male,Indian,Business Owner,"98, Dube Chowk",Mumbai,Maharashtra,506149,Inactive,SRC030,0.85,2025-04-12 08:37:43,2024-04-04 08:50:16
P00206,Ankit Tiwari,,1968-03-23,Male,Indian,Consultant,"H.No. 714
Sinha Marg",Gurugram,Haryana,418625,Inactive,SRC028,0.94,2026-05-11 14:01:31,2024-12-25 10:16:03
P00207,Riya Joshi,R. Joshi,1980-05-27,Female,Indian,Student,"74
Luthra Ganj",Nagpur,Maharashtra,211586,Inactive,SRC024,0.87,2026-08-02 11:54:56,2025-07-27 19:17:30
P00208,Ankit Joshi,,1985-11-26,Female,Indian,Technician,"68/79
Soni Ganj",Dewas,Madhya Pradesh,160898,Under Review,SRC009,0.95,2026-02-17 20:06:58,2025-10-21 05:47:40
P00209,Isha Mishra,,1989-04-21,Male,Indian,Security Guard,"22, Hans Ganj",Ujjain,Madhya Pradesh,061632,Inactive,SRC011,0.8,2026-03-22 14:05:34,2024-09-07 22:09:44
P00210,Sanjay Agarwal,,2004-02-14,Female,Indian,Sales Executive,"H.No. 686, Nanda Circle",Ahmedabad,Gujarat,870998,Under Review,SRC015,0.85,2026-01-30 13:55:24,2024-04-19 11:32:24
P00211,Vihaan Saxena,,1965-04-20,Female,Indian,Business Owner,"H.No. 914, Padmanabhan Circle",Bengaluru,Karnataka,467997,Active,SRC022,0.91,2024-02-06 10:53:54,2024-09-24 23:28:15
P00212,Nikhil Bansal,,1965-01-02,Male,Indian,Manager,"H.No. 653
Soman Nagar",Dewas,Madhya Pradesh,505444,Under Review,SRC026,0.87,2026-03-31 02:09:11,2026-04-15 01:29:55
P00213,Rohan Mehta,,1992-08-06,Female,Indian,Technician,"475, Saha Road",Pune,Maharashtra,373678,Inactive,SRC019,0.79,2026-04-23 18:35:48,2026-03-09 20:23:53
P00214,Rohan Yadav,,1983-12-13,Male,Indian,Manager,"H.No. 486, Viswanathan Street",Vadodara,Gujarat,233030,Active,SRC017,0.86,2025-03-20 02:59:21,2026-06-12 05:51:41
P00215,Sanjay Malhotra,,1993-08-09,Male,Indian,Sales Executive,"H.No. 78
Dasgupta Marg",Pune,Maharashtra,357972,Inactive,SRC017,0.86,2026-07-23 14:04:18,2025-04-06 18:26:44
P00216,Raj Patel,,1985-10-15,Female,Indian,Accountant,"414
Raju Nagar",Nagpur,Maharashtra,293333,Under Review,SRC010,0.93,2024-09-18 19:38:23,2025-02-02 10:48:43
P00217,Mohit Gupta,M. Gupta,1958-09-10,Male,Indian,Trader,"22, Anand",Gwalior,Madhya Pradesh,494466,Active,SRC029,0.93,2026-04-08 14:14:25,2025-03-22 14:31:18
P00218,Aditya Joshi,,1968-10-18,Female,Indian,Consultant,"89/691
Vaidya Nagar",Vadodara,Gujarat,899441,Active,SRC023,0.93,2025-04-13 17:33:20,2024-11-23 04:53:45
P00219,Ananya Khan,,1971-10-09,Male,Indian,Accountant,"H.No. 44
Doctor Ganj",Vadodara,Gujarat,096520,Active,SRC008,0.95,2025-09-29 16:54:50,2026-08-28 12:53:54
P00220,Aarav Saxena,,1970-11-25,Female,Indian,Security Guard,"60
Gupta",Kanpur,Uttar Pradesh,387584,Active,SRC020,0.97,2026-04-02 14:13:48,2026-03-28 22:35:41
P00221,Aditya Agarwal,,2002-05-16,Female,Indian,Security Guard,"H.No. 17, Kuruvilla Street",Jaipur,Rajasthan,513534,Inactive,SRC025,0.87,2025-02-13 02:52:31,2026-05-12 21:34:14
P00222,Siddharth Mehta,,1976-08-16,Male,Indian,Trader,"17
Bobal Nagar",Jabalpur,Madhya Pradesh,381684,Inactive,SRC022,0.89,2025-02-05 22:52:50,2026-04-27 08:04:09
P00223,Rohan Tiwari,,1965-05-11,Male,Indian,Student,"H.No. 69, Dhar Chowk",Hyderabad,Telangana,217525,Under Review,SRC030,0.96,2025-09-09 08:49:11,2024-01-05 14:04:10
P00224,Sneha Patel,S. Patel,1971-08-15,Male,Indian,Sales Executive,"27/12, Saraf",Lucknow,Uttar Pradesh,667600,Inactive,SRC030,0.93,2025-06-03 08:53:28,2025-12-11 22:21:02
P00225,Nikhil Bansal,,2006-02-14,Female,Indian,Accountant,"30/03
Padmanabhan Ganj",Ahmedabad,Gujarat,216894,Under Review,SRC018,0.84,2024-06-11 12:15:19,2026-03-12 14:24:03
P00226,Neha Agarwal,,1972-11-16,Male,Indian,Manager,"89
Nazareth Circle",Bengaluru,Karnataka,257532,Under Review,SRC005,0.82,2026-07-11 11:39:56,2026-06-12 09:55:57
P00227,Yash Deshmukh,,1978-03-30,Male,Indian,Business Owner,"230, Thaman",Surat,Gujarat,150648,Active,SRC002,0.98,2025-08-29 07:26:35,2025-07-31 21:18:53
P00228,Pooja Shah,,1960-02-12,Female,Indian,Manager,"00/167, Dasgupta Marg",Nagpur,Maharashtra,723046,Under Review,SRC001,0.88,2025-10-05 19:11:28,2025-10-06 14:18:07
P00229,Neha Tiwari,,1971-06-10,Female,Indian,Trader,"18, Dalal",Ahmedabad,Gujarat,117393,Active,SRC026,0.95,2026-01-26 22:53:47,2026-03-20 01:09:37
P00230,Ankit Agarwal,A. Agarwal,2007-04-20,Male,Indian,Sales Executive,"64/208
Johal Chowk",Delhi,Delhi,530011,Inactive,SRC014,0.88,2026-03-23 16:20:29,2025-10-12 23:00:00
P00231,Rahul Joshi,R. Joshi,1965-04-11,Female,Indian,Technician,"11/43, Minhas Chowk",Bengaluru,Karnataka,701204,Inactive,SRC005,0.94,2024-12-16 11:43:58,2025-10-20 11:51:07
P00232,Varun Tiwari,,1979-05-25,Female,Indian,Driver,"H.No. 002, Narasimhan Street",Gwalior,Madhya Pradesh,794155,Inactive,SRC015,0.83,2024-06-26 22:22:00,2025-01-24 22:57:23
P00233,Arjun Verma,,2006-09-30,Female,Indian,Accountant,"76
Chowdhury Street",Ahmedabad,Gujarat,021697,Active,SRC027,0.85,2026-02-19 14:29:14,2025-10-22 01:50:11
P00234,Siddharth Joshi,,1966-11-30,Female,Indian,Security Guard,"H.No. 90
Subramanian Street",Mumbai,Maharashtra,167014,Inactive,SRC016,0.96,2025-09-29 06:56:34,2024-01-13 00:38:08
P00235,Mohit Sharma,,2001-12-15,Female,Indian,Accountant,"58/891, Kothari Marg",Ujjain,Madhya Pradesh,562890,Active,SRC019,0.85,2024-01-12 07:55:51,2026-06-28 03:26:29
P00236,Vihaan Agarwal,,1983-06-15,Female,Indian,Consultant,"21
Nagi Chowk",Gurugram,Haryana,540838,Under Review,SRC001,0.96,2025-09-17 22:44:45,2025-01-27 09:19:27
P00237,Amit Singh,,1969-08-27,Female,Indian,Technician,"97
Tara Zila",Nagpur,Maharashtra,517016,Active,SRC013,0.79,2025-02-05 04:55:47,2025-06-26 02:07:24
P00238,Raj Gupta,,1957-09-05,Male,Indian,Student,"94/88, Shan Ganj",Vadodara,Gujarat,503758,Under Review,SRC015,0.94,2026-01-16 16:42:27,2025-08-06 18:03:33
P00239,Karan Deshmukh,K. Deshmukh,1994-03-21,Male,Indian,Student,"71/130
Pant Path",Bengaluru,Karnataka,885102,Inactive,SRC026,0.99,2025-04-24 03:02:30,2026-03-10 15:34:34
P00240,Raj Saxena,,1995-07-16,Female,Indian,Security Guard,"H.No. 493
Dara Ganj",Jabalpur,Madhya Pradesh,373516,Active,SRC002,0.79,2024-02-15 05:52:35,2025-09-08 03:25:53
P00241,Ananya Joshi,,1991-12-13,Male,Indian,Manager,"79, Desai Circle",Gurugram,Haryana,080869,Under Review,SRC005,0.85,2025-04-14 21:25:37,2025-05-09 14:35:23
P00242,Yash Joshi,,2004-08-25,Female,Indian,Manager,"92/216, Nagy",Dewas,Madhya Pradesh,693465,Inactive,SRC017,0.95,2026-08-02 06:55:15,2025-03-16 14:51:10
P00243,Raj Rathore,,1964-06-21,Male,Indian,Technician,"84/85
Kalla Circle",Hyderabad,Telangana,394522,Inactive,SRC022,0.8,2025-05-05 06:55:10,2025-11-06 13:34:23
P00244,Amit Shah,,1974-02-10,Male,Indian,Manager,"H.No. 87, Sahni",Ahmedabad,Gujarat,608106,Inactive,SRC009,0.98,2024-05-21 09:40:09,2025-10-14 03:46:32
P00245,Kavya Shah,,1967-11-12,Male,Indian,Manager,"H.No. 42, Merchant Nagar",Hyderabad,Telangana,805719,Inactive,SRC006,0.89,2026-04-24 14:21:43,2025-12-20 12:37:42
P00246,Isha Deshmukh,I. Deshmukh,2001-10-11,Male,Indian,Business Owner,"840
Ram Marg",Jaipur,Rajasthan,580043,Under Review,SRC023,0.8,2025-08-26 19:21:24,2026-01-29 20:09:29
P00247,Aarav Yadav,,2002-01-17,Female,Indian,Accountant,"59/893, Menon Ganj",Surat,Gujarat,212281,Inactive,SRC017,0.94,2025-01-02 00:19:58,2025-02-20 22:30:52
P00248,Nandini Rathore,,1986-01-21,Male,Indian,Security Guard,"940, Shukla Path",Bhopal,Madhya Pradesh,025909,Inactive,SRC022,0.88,2026-03-31 09:00:17,2024-10-20 00:34:02
P00249,Ankit Joshi,,1997-12-15,Female,Indian,Security Guard,"H.No. 583
Verma Street",Dewas,Madhya Pradesh,826886,Inactive,SRC022,0.94,2024-03-30 11:06:45,2024-08-03 05:25:03
P00250,Isha Malhotra,,1968-07-20,Male,Indian,Consultant,"H.No. 54
Wali Ganj",Bengaluru,Karnataka,801573,Under Review,SRC010,0.83,2026-05-30 01:48:04,2025-08-20 03:08:52
P00251,Manish Agarwal,,1989-05-07,Female,Indian,Technician,"56/164, Mandal Circle",Mumbai,Maharashtra,858877,Inactive,SRC012,0.9,2024-02-12 16:01:26,2026-05-24 00:40:19
P00252,Nandini Malhotra,N. Malhotra,1967-06-28,Female,Indian,Student,"H.No. 288, Bhatti Nagar",Ahmedabad,Gujarat,361386,Inactive,SRC025,0.95,2025-09-21 02:29:46,2026-07-03 09:04:04
P00253,Manish Verma,,1995-10-06,Male,Indian,Technician,"H.No. 750, Borah Zila",Ahmedabad,Gujarat,248193,Inactive,SRC021,0.83,2026-06-05 09:21:30,2025-01-31 15:02:26
P00254,Mohit Gupta,,1980-09-04,Female,Indian,Security Guard,"50
Dani Marg",Mumbai,Maharashtra,919015,Under Review,SRC009,0.81,2026-06-21 23:46:15,2024-04-13 06:28:37
P00255,Yash Shah,,1997-10-20,Male,Indian,Accountant,"14/76
Balasubramanian Marg",Pune,Maharashtra,283268,Active,SRC004,0.87,2024-10-14 00:20:13,2025-09-08 22:14:04
P00256,Ananya Rathore,,1972-11-14,Male,Indian,Business Owner,"H.No. 882
Barman Zila",Gwalior,Madhya Pradesh,996881,Under Review,SRC030,0.81,2024-10-23 11:08:52,2025-12-29 02:13:18
P00257,Neha Rathore,,2003-10-02,Female,Indian,Technician,"682
Gour Street",Gurugram,Haryana,943129,Inactive,SRC021,0.79,2026-04-09 05:46:06,2026-04-08 09:36:21
P00258,Pooja Mehta,,2005-03-22,Male,Indian,Sales Executive,"81/414
Hora Zila",Hyderabad,Telangana,552314,Inactive,SRC029,0.96,2025-08-25 18:55:56,2026-05-25 19:34:09
P00259,Nandini Verma,,1973-11-16,Male,Indian,Consultant,"H.No. 94
Dua",Jaipur,Rajasthan,562053,Active,SRC001,0.84,2026-02-03 10:44:05,2025-11-23 23:16:26
P00260,Yash Patel,,1990-05-09,Female,Indian,Sales Executive,"H.No. 25
Shere Chowk",Surat,Gujarat,547812,Under Review,SRC015,0.84,2025-09-20 02:55:15,2024-03-20 18:14:58
P00261,Kavya Patel,K. Patel,1971-12-25,Female,Indian,Consultant,"34/11, Tripathi Nagar",Surat,Gujarat,996930,Under Review,SRC006,0.78,2025-06-20 16:49:22,2025-06-12 19:05:44
P00262,Sanjay Agarwal,,2008-08-09,Male,Indian,Sales Executive,"25/639
Desai Road",Hyderabad,Telangana,881658,Under Review,SRC028,0.91,2024-01-11 07:20:13,2024-08-20 10:20:40
P00263,Ankit Mishra,,2006-11-01,Female,Indian,Driver,"27/22, Dhingra",Lucknow,Uttar Pradesh,503731,Active,SRC005,0.88,2024-09-14 05:16:02,2024-08-15 16:48:14
P00264,Nandini Jain,,1991-10-08,Male,Indian,Trader,"77
Baral Nagar",Indore,Madhya Pradesh,184498,Inactive,SRC011,0.84,2025-07-08 18:22:47,2025-01-01 11:45:15
P00265,Isha Shah,,1976-12-22,Female,Indian,Accountant,"46/38, Pandit Marg",Indore,Madhya Pradesh,779082,Active,SRC022,0.8,2025-03-04 00:30:52,2024-08-11 18:44:39
P00266,Manish Khan,,1983-11-29,Female,Indian,Driver,"222
Dani Path",Jaipur,Rajasthan,651777,Under Review,SRC030,0.98,2024-07-24 00:21:31,2024-06-05 21:25:21
P00267,Nikhil Deshmukh,,2000-03-03,Male,Indian,Trader,"029, Dyal",Pune,Maharashtra,809202,Active,SRC015,0.94,2024-09-08 06:52:45,2024-06-24 04:14:11
P00268,Yash Saxena,,2006-07-17,Female,Indian,Security Guard,"41/379, Subramaniam Chowk",Kota,Rajasthan,369292,Under Review,SRC027,0.83,2025-08-29 09:14:25,2025-05-12 00:18:58
P00269,Vikram Deshmukh,,1966-03-23,Female,Indian,Driver,"99
Karpe Zila",Ujjain,Madhya Pradesh,621038,Under Review,SRC004,0.79,2026-04-16 09:11:06,2025-05-05 17:48:13
P00270,Raj Bansal,,1979-01-29,Male,Indian,Sales Executive,"12/79, Barad",Mumbai,Maharashtra,172980,Inactive,SRC028,0.89,2026-05-22 18:01:08,2026-01-23 22:46:26
P00271,Arjun Gupta,,1990-10-12,Female,Indian,Business Owner,"H.No. 08
Karnik Marg",Hyderabad,Telangana,659916,Inactive,SRC005,0.89,2024-05-10 06:26:17,2025-04-09 06:12:07
P00272,Deepak Shah,,1969-07-12,Female,Indian,Business Owner,"H.No. 98, Kurian Marg",Bhopal,Madhya Pradesh,009818,Inactive,SRC009,0.95,2024-01-07 23:59:43,2025-09-28 20:57:39
P00273,Isha Gupta,I. Gupta,1992-09-29,Female,Indian,Technician,"51
Sandhu Street",Hyderabad,Telangana,486959,Under Review,SRC003,0.89,2024-09-25 02:53:23,2025-10-24 05:30:15
P00274,Vihaan Mehta,V. Mehta,1996-03-04,Female,Indian,Sales Executive,"87/25
Sule Circle",Gurugram,Haryana,495621,Active,SRC025,0.91,2025-12-28 14:57:25,2025-03-10 12:53:00
P00275,Isha Mishra,,1993-05-02,Female,Indian,Trader,"H.No. 386, Ben Path",Vadodara,Gujarat,601279,Inactive,SRC013,0.8,2025-02-27 14:56:01,2024-03-03 08:24:24
P00276,Priya Tiwari,,1968-12-24,Female,Indian,Driver,"06/69, Mangat Circle",Jabalpur,Madhya Pradesh,277038,Active,SRC018,0.86,2024-10-05 06:49:26,2024-02-02 16:50:44
P00277,Rohan Jain,,1988-03-30,Female,Indian,Trader,"20/53, Dugar Nagar",Indore,Madhya Pradesh,465669,Under Review,SRC024,0.89,2024-07-13 21:38:53,2024-01-15 22:50:20
P00278,Raj Chauhan,,1993-07-22,Female,Indian,Sales Executive,"48/95, Malhotra Path",Pune,Maharashtra,937690,Inactive,SRC007,0.98,2024-09-11 01:22:56,2025-01-31 03:24:28
P00279,Isha Patel,,1963-02-06,Female,Indian,Manager,"45/18, Yogi Road",Bhopal,Madhya Pradesh,769735,Active,SRC008,0.82,2026-07-24 06:50:48,2025-03-22 11:01:42
P00280,Arjun Deshmukh,,1981-03-02,Male,Indian,Accountant,"14, Raja Zila",Bhopal,Madhya Pradesh,356588,Under Review,SRC002,0.86,2024-01-10 11:03:21,2026-03-20 16:59:54
P00281,Vikram Tiwari,,1970-05-01,Male,Indian,Sales Executive,"51, Gokhale Circle",Mumbai,Maharashtra,553942,Under Review,SRC010,0.83,2026-07-10 13:06:07,2025-10-26 15:55:18
P00282,Nandini Shah,,2004-01-29,Female,Indian,Accountant,"33/343
Jain Ganj",Surat,Gujarat,952111,Inactive,SRC029,0.81,2025-10-19 13:33:53,2025-10-07 12:16:44
P00283,Priya Bansal,,1988-12-22,Female,Indian,Business Owner,"59, Tailor Path",Pune,Maharashtra,728463,Under Review,SRC019,0.96,2025-12-30 21:57:19,2024-05-04 18:47:57
P00284,Nandini Khan,,1984-06-25,Male,Indian,Technician,"80
Palan Circle",Kota,Rajasthan,271875,Under Review,SRC022,0.86,2025-11-01 14:26:41,2024-01-12 12:01:12
P00285,Varun Joshi,,1968-06-01,Female,Indian,Student,"H.No. 59, Grover Road",Kota,Rajasthan,347955,Active,SRC025,0.89,2024-06-27 22:45:07,2025-02-16 11:54:50
P00286,Vikram Jain,,1979-01-16,Male,Indian,Trader,"H.No. 64
Gole Chowk",Ahmedabad,Gujarat,931438,Active,SRC018,0.87,2025-02-24 13:10:20,2025-01-05 14:23:19
P00287,Amit Tiwari,A. Tiwari,1965-02-08,Male,Indian,Consultant,"02, Tata Marg",Lucknow,Uttar Pradesh,885744,Active,SRC011,0.92,2025-06-30 23:03:25,2025-07-06 12:04:18
P00288,Nandini Yadav,N. Yadav,1977-12-27,Male,Indian,Business Owner,"H.No. 347, Sengupta Zila",Vadodara,Gujarat,455884,Inactive,SRC013,0.92,2024-11-30 20:21:49,2025-02-04 15:26:26
P00289,Yash Verma,,1975-07-30,Male,Indian,Trader,"98/24, Nair Path",Ujjain,Madhya Pradesh,716947,Active,SRC028,0.97,2025-09-06 15:44:35,2024-05-20 22:29:54
P00290,Manish Sharma,,1966-03-20,Male,Indian,Trader,"99
Bora Marg",Mumbai,Maharashtra,253554,Active,SRC023,0.91,2025-11-22 06:02:33,2025-08-12 00:56:59
P00291,Rahul Chauhan,,1977-11-02,Female,Indian,Student,"H.No. 98
Sachdev Chowk",Pune,Maharashtra,202341,Inactive,SRC018,0.92,2024-07-23 21:15:55,2025-01-21 07:48:30
P00292,Manish Malhotra,,1962-07-17,Female,Indian,Trader,"00/68
Chawla Zila",Vadodara,Gujarat,921643,Active,SRC026,0.99,2024-08-28 17:12:12,2024-10-03 12:03:40
P00293,Mohit Joshi,,1989-08-15,Female,Indian,Business Owner,"20/05, Soni Path",Mumbai,Maharashtra,848728,Under Review,SRC028,0.83,2024-06-21 06:09:34,2025-08-04 10:47:10
P00294,Rohan Sharma,,1989-11-08,Female,Indian,Consultant,"84/57
Karan Circle",Nagpur,Maharashtra,745642,Active,SRC007,0.85,2024-10-22 09:02:05,2024-01-01 02:09:23
P00295,Ankit Shah,,1999-04-03,Female,Indian,Consultant,"H.No. 47, Anand Circle",Pune,Maharashtra,740649,Inactive,SRC024,0.91,2024-08-12 23:20:30,2024-01-08 00:33:15
P00296,Mohit Yadav,,1976-09-22,Female,Indian,Sales Executive,"66/32
Radhakrishnan Marg",Dewas,Madhya Pradesh,416389,Active,SRC024,0.89,2026-02-24 18:29:24,2025-10-28 03:43:12
P00297,Kabir Tiwari,,1972-03-09,Male,Indian,Business Owner,"31
Deshpande Street",Bhopal,Madhya Pradesh,179749,Active,SRC014,0.81,2025-04-23 17:05:27,2024-11-07 23:40:20
P00298,Neha Jain,,1965-06-06,Male,Indian,Accountant,"144, Sarma Street",Ujjain,Madhya Pradesh,312073,Under Review,SRC015,0.86,2024-11-28 16:20:56,2024-10-30 03:56:19
P00299,Yash Deshmukh,,1998-06-11,Male,Indian,Business Owner,"05
Dhingra Zila",Gurugram,Haryana,461872,Under Review,SRC018,0.87,2024-07-06 00:04:27,2026-03-29 19:37:31
P00300,Aarav Bansal,,1999-05-08,Female,Indian,Business Owner,"H.No. 367, Bandi Ganj",Nagpur,Maharashtra,718376,Under Review,SRC027,0.93,2025-10-25 01:02:27,2024-10-30 16:22:40
P00301,Amit Khan,,1974-02-23,Male,Indian,Accountant,"88/147, Issac Road",Gwalior,Madhya Pradesh,031365,Active,SRC020,0.89,2024-01-15 15:51:39,2026-02-11 22:36:16
P00302,Sneha Saxena,,1987-06-28,Male,Indian,Technician,"009
Dubey Chowk",Nagpur,Maharashtra,132719,Inactive,SRC015,0.9,2024-11-25 06:49:58,2026-08-01 11:18:23
P00303,Ananya Jain,,1996-05-29,Male,Indian,Business Owner,"H.No. 528, Dass Zila",Ahmedabad,Gujarat,358573,Active,SRC013,0.86,2024-01-21 18:37:52,2025-01-02 13:39:36
P00304,Raj Rathore,,1994-08-13,Male,Indian,Driver,"H.No. 778
Suri Road",Bhopal,Madhya Pradesh,928557,Inactive,SRC028,0.87,2024-09-24 21:22:36,2026-03-19 21:40:32
P00305,Kavya Joshi,,2004-04-22,Male,Indian,Security Guard,"H.No. 827, Lall Road",Hyderabad,Telangana,708620,Active,SRC008,0.82,2025-08-26 00:02:33,2024-12-20 05:53:02
P00306,Riya Shah,,1989-04-20,Male,Indian,Consultant,"18/638
Dube Chowk",Gurugram,Haryana,565118,Under Review,SRC019,0.92,2025-10-03 02:25:24,2024-02-12 14:17:11
P00307,Kabir Joshi,,2005-07-01,Male,Indian,Student,"H.No. 317, Chaudhary Ganj",Indore,Madhya Pradesh,967899,Active,SRC010,0.81,2024-09-06 00:40:35,2024-12-22 11:05:56
P00308,Vikram Shah,,1988-07-28,Female,Indian,Student,"H.No. 371, Bhat Chowk",Jaipur,Rajasthan,865094,Under Review,SRC005,0.95,2025-05-29 17:41:40,2025-12-15 11:22:53
P00309,Ananya Mehta,,2000-03-24,Female,Indian,Business Owner,"811, Wali Ganj",Lucknow,Uttar Pradesh,338392,Active,SRC014,0.83,2025-06-27 08:18:18,2025-06-27 01:43:22
P00310,Aditya Joshi,,1995-09-21,Female,Indian,Technician,"76/122
Ratti Circle",Bengaluru,Karnataka,289755,Active,SRC021,0.84,2025-06-19 05:29:58,2026-08-27 22:26:54
P00311,Deepak Rathore,,2000-10-03,Female,Indian,Student,"65/939
Kala Circle",Pune,Maharashtra,845776,Active,SRC022,0.9,2024-01-01 04:34:05,2024-02-03 17:26:53
P00312,Ankit Mehta,,1972-03-06,Male,Indian,Driver,"24/04, Kala Ganj",Bengaluru,Karnataka,048889,Active,SRC009,0.81,2026-06-19 22:08:27,2024-05-30 12:53:58
P00313,Ananya Singh,,1959-08-05,Male,Indian,Driver,"245
Krish",Jaipur,Rajasthan,441969,Active,SRC010,0.87,2026-06-12 02:22:33,2025-12-15 10:34:42
P00314,Pooja Malhotra,P. Malhotra,1994-07-28,Male,Indian,Student,"791
Mital",Gwalior,Madhya Pradesh,961055,Inactive,SRC018,0.9,2026-05-06 00:54:52,2025-02-26 13:52:34
P00315,Amit Patel,A. Patel,2005-02-10,Male,Indian,Manager,"906, Mody Nagar",Indore,Madhya Pradesh,589258,Under Review,SRC026,0.85,2025-11-09 22:17:36,2024-05-29 01:28:03
P00316,Ankit Sharma,,1992-01-10,Male,Indian,Security Guard,"99
Chana Circle",Ahmedabad,Gujarat,646225,Active,SRC019,0.89,2024-03-21 07:35:36,2025-07-10 00:16:50
P00317,Priya Chauhan,P. Chauhan,1960-03-08,Female,Indian,Consultant,"H.No. 16
Saraf Circle",Dewas,Madhya Pradesh,278376,Inactive,SRC005,0.79,2025-09-26 15:18:19,2024-07-09 19:18:39
P00318,Amit Malhotra,,1989-01-31,Male,Indian,Technician,"146, Chakraborty Path",Kota,Rajasthan,665535,Inactive,SRC008,0.93,2024-12-01 05:20:44,2025-09-29 17:07:51
P00319,Mohit Deshmukh,,1996-12-03,Male,Indian,Sales Executive,"H.No. 97, Dhingra",Bengaluru,Karnataka,033521,Inactive,SRC001,0.98,2024-04-19 08:06:17,2024-02-23 01:34:18
P00320,Sanjay Deshmukh,,2006-01-24,Female,Indian,Trader,"H.No. 05, Mody Zila",Jaipur,Rajasthan,705383,Inactive,SRC014,0.95,2024-07-17 07:10:09,2025-05-24 03:18:17
P00321,Riya Deshmukh,,1970-11-11,Male,Indian,Trader,"20/69
Bassi Circle",Jabalpur,Madhya Pradesh,204394,Inactive,SRC006,0.98,2024-02-21 15:38:48,2025-09-29 01:54:20
P00322,Sanjay Agarwal,,1958-02-04,Male,Indian,Technician,"45/104
Kashyap Marg",Gurugram,Haryana,815798,Inactive,SRC009,0.95,2024-03-26 15:27:31,2024-07-12 12:08:01
P00323,Ankit Saxena,,2006-12-23,Male,Indian,Manager,"H.No. 384, Suri Path",Gwalior,Madhya Pradesh,205554,Under Review,SRC006,0.92,2024-08-17 19:51:13,2026-08-09 19:57:36
P00324,Raj Sharma,,1983-03-27,Male,Indian,Trader,"46/084, Doshi Ganj",Delhi,Delhi,621689,Inactive,SRC027,0.93,2026-04-29 03:19:29,2025-10-29 23:41:32
P00325,Sneha Mishra,S. Mishra,1978-12-15,Female,Indian,Accountant,"49, Sen Path",Gurugram,Haryana,329832,Inactive,SRC022,0.81,2024-10-27 15:43:49,2025-11-17 02:20:41
P00326,Amit Chauhan,,1984-05-20,Female,Indian,Manager,"29, Nadkarni Street",Ujjain,Madhya Pradesh,881252,Inactive,SRC018,0.89,2025-12-08 10:45:40,2026-01-14 18:26:18
P00327,Nandini Mishra,N. Mishra,2002-07-23,Female,Indian,Security Guard,"47
Doshi Road",Kanpur,Uttar Pradesh,122099,Under Review,SRC021,0.97,2024-09-16 15:46:32,2025-07-05 17:35:25
P00328,Arjun Jain,A. Jain,1969-06-12,Male,Indian,Manager,"051, Desai Chowk",Vadodara,Gujarat,526772,Under Review,SRC022,0.92,2024-06-08 08:44:21,2024-08-08 03:55:42
P00329,Pooja Joshi,P. Joshi,1978-07-05,Male,Indian,Consultant,"H.No. 63, Jayaraman Ganj",Kota,Rajasthan,279757,Active,SRC017,0.94,2026-05-13 14:55:46,2025-02-20 00:16:49
P00330,Raj Shah,,1997-04-04,Female,Indian,Student,"56/999
Vohra Circle",Hyderabad,Telangana,817703,Inactive,SRC025,0.92,2025-05-19 16:44:39,2025-01-19 22:18:45
P00331,Ananya Bansal,,1995-03-01,Male,Indian,Trader,"03/47
Modi Marg",Jabalpur,Madhya Pradesh,726490,Active,SRC010,0.87,2025-11-02 07:46:53,2026-05-29 06:38:01
P00332,Aditya Patel,,1981-04-24,Female,Indian,Trader,"H.No. 812
Deshmukh",Jabalpur,Madhya Pradesh,657027,Active,SRC017,0.88,2025-07-28 09:02:49,2025-11-24 09:26:17
P00333,Mohit Patel,,1967-12-20,Female,Indian,Technician,"H.No. 452
Chand Zila",Delhi,Delhi,751868,Active,SRC010,0.79,2025-08-18 13:07:04,2024-06-04 13:58:37
P00334,Ananya Patel,,1985-09-26,Male,Indian,Sales Executive,"592, Dhillon Street",Indore,Madhya Pradesh,064474,Under Review,SRC008,0.89,2025-09-01 12:55:37,2024-04-24 09:07:13
P00335,Raj Khan,,1964-05-18,Female,Indian,Accountant,"H.No. 940, Tank Chowk",Surat,Gujarat,809733,Inactive,SRC021,0.82,2025-07-26 23:06:47,2025-04-07 20:49:34
P00336,Neha Mishra,N. Mishra,1978-08-03,Male,Indian,Trader,"90/38, Johal Road",Jaipur,Rajasthan,220502,Under Review,SRC014,0.86,2026-04-10 18:37:17,2025-10-10 23:42:11
P00337,Ananya Gupta,,2000-05-29,Male,Indian,Manager,"H.No. 10
Saha Zila",Mumbai,Maharashtra,249998,Active,SRC026,0.96,2024-06-21 15:05:41,2025-03-19 01:02:56
P00338,Kabir Saxena,,1987-03-13,Male,Indian,Consultant,"H.No. 455, Bir Marg",Surat,Gujarat,814721,Under Review,SRC028,0.88,2025-11-06 20:45:11,2024-09-24 00:13:18
P00339,Neha Joshi,,1984-07-19,Female,Indian,Manager,"39/019, Chahal Circle",Bengaluru,Karnataka,946954,Active,SRC012,0.85,2025-05-26 04:56:09,2026-08-26 03:48:29
P00340,Deepak Deshmukh,,1975-09-19,Female,Indian,Manager,"97/87, Gole Chowk",Dewas,Madhya Pradesh,430107,Under Review,SRC003,0.92,2025-08-31 13:45:33,2024-04-24 17:48:05
P00341,Sanjay Patel,,2000-12-02,Male,Indian,Technician,"05
Kala Path",Pune,Maharashtra,344144,Under Review,SRC005,0.89,2025-05-08 00:12:58,2024-11-11 04:16:10
P00342,Amit Deshmukh,,1957-12-25,Female,Indian,Sales Executive,"H.No. 69
Balakrishnan",Jabalpur,Madhya Pradesh,355770,Inactive,SRC021,0.89,2025-09-20 05:16:14,2025-04-13 11:53:00
P00343,Nandini Khan,N. Khan,1989-08-28,Female,Indian,Sales Executive,"60
Mistry Circle",Kanpur,Uttar Pradesh,880395,Active,SRC011,0.96,2026-02-16 22:44:56,2026-05-14 01:15:51
P00344,Yash Verma,,1975-09-14,Female,Indian,Sales Executive,"H.No. 05, Warrior Marg",Vadodara,Gujarat,996291,Active,SRC027,0.86,2026-04-21 05:59:30,2026-01-01 05:58:01
P00345,Raj Bansal,,1993-08-21,Female,Indian,Student,"04/617
Prabhu Ganj",Gurugram,Haryana,438421,Under Review,SRC027,0.87,2024-12-30 02:41:05,2024-02-06 09:14:55
P00346,Kabir Mehta,K. Mehta,1967-12-23,Male,Indian,Consultant,"80, Tella Chowk",Hyderabad,Telangana,357845,Active,SRC009,0.83,2024-05-19 10:13:33,2026-04-28 06:14:59
P00347,Manish Khan,,1999-08-07,Female,Indian,Security Guard,"076, D’Alia Circle",Delhi,Delhi,409157,Under Review,SRC004,0.9,2026-05-15 04:16:06,2024-04-10 07:39:26
P00348,Karan Tiwari,,1996-09-29,Male,Indian,Trader,"H.No. 943
Iyer Path",Vadodara,Gujarat,448571,Under Review,SRC007,0.99,2024-09-22 07:01:15,2024-06-02 05:50:48
P00349,Arjun Jain,,1963-07-05,Male,Indian,Trader,"858, Madan Path",Ahmedabad,Gujarat,493214,Inactive,SRC012,0.96,2025-08-19 16:54:53,2024-11-25 14:13:50
P00350,Aditya Yadav,,1980-04-18,Male,Indian,Accountant,"H.No. 701, Bhagat Marg",Gwalior,Madhya Pradesh,662997,Under Review,SRC019,0.92,2025-08-22 16:11:44,2024-10-31 00:06:50
P00351,Riya Deshmukh,R. Deshmukh,1999-05-12,Male,Indian,Accountant,"92, Sidhu Zila",Kota,Rajasthan,747733,Active,SRC026,0.79,2024-05-19 20:11:19,2026-05-21 12:24:23
P00352,Nikhil Tiwari,,1970-10-31,Male,Indian,Technician,"25
Setty Path",Nagpur,Maharashtra,017157,Under Review,SRC010,0.84,2025-03-24 18:54:56,2024-06-15 04:33:27
P00353,Karan Bansal,K. Bansal,1996-11-01,Female,Indian,Business Owner,"16/15, Bobal Circle",Gwalior,Madhya Pradesh,876963,Inactive,SRC028,0.92,2025-08-27 02:40:09,2025-06-17 03:42:19
P00354,Ananya Singh,A. Singh,2007-05-04,Female,Indian,Accountant,"H.No. 539
Saran Marg",Pune,Maharashtra,832197,Under Review,SRC013,0.88,2024-04-21 05:40:02,2025-08-02 23:33:17
P00355,Siddharth Malhotra,,1974-04-07,Male,Indian,Driver,"24, Boase Marg",Kota,Rajasthan,965701,Inactive,SRC017,0.94,2024-07-30 17:40:12,2024-05-15 03:59:01
P00356,Ananya Saxena,,1987-04-16,Female,Indian,Manager,"278, Ramakrishnan Road",Delhi,Delhi,335494,Active,SRC028,0.94,2026-06-12 16:50:59,2026-06-30 09:16:09
P00357,Isha Mehta,,1994-04-12,Female,Indian,Driver,"H.No. 909
Raval Circle",Delhi,Delhi,405800,Under Review,SRC013,0.83,2025-11-15 08:43:31,2026-03-09 14:13:50
P00358,Amit Gupta,,1975-12-29,Female,Indian,Technician,"H.No. 369
Nadkarni Marg",Gurugram,Haryana,666832,Under Review,SRC019,0.81,2025-04-07 01:11:50,2024-07-02 03:28:23
P00359,Riya Rathore,,1977-04-14,Male,Indian,Business Owner,"24
Desai Street",Surat,Gujarat,102762,Active,SRC021,0.94,2024-03-23 09:03:38,2025-09-16 21:39:22
P00360,Deepak Sharma,,1978-11-17,Male,Indian,Trader,"96/927
Samra Circle",Gwalior,Madhya Pradesh,653269,Inactive,SRC001,0.99,2024-01-08 05:30:18,2025-04-29 16:57:41
P00361,Amit Gupta,,1994-12-12,Female,Indian,Sales Executive,"89
Bandi Path",Jabalpur,Madhya Pradesh,975197,Inactive,SRC003,0.92,2026-07-24 18:29:59,2024-03-18 21:38:01
P00362,Karan Mehta,,1994-11-28,Male,Indian,Business Owner,"81
Chakrabarti Circle",Vadodara,Gujarat,718949,Inactive,SRC021,0.84,2024-02-21 08:23:05,2024-11-30 06:29:24
P00363,Ananya Jain,,1997-05-17,Male,Indian,Business Owner,"87
Narula",Kota,Rajasthan,544209,Active,SRC016,0.8,2025-12-30 04:34:44,2025-12-08 08:14:36
P00364,Siddharth Jain,,1986-06-02,Male,Indian,Business Owner,"79/290, Bala Road",Lucknow,Uttar Pradesh,712814,Under Review,SRC011,0.95,2024-09-02 05:53:39,2025-08-22 04:06:33
P00365,Riya Mishra,,1971-09-15,Male,Indian,Student,"H.No. 192
Dora",Jabalpur,Madhya Pradesh,524372,Active,SRC024,0.95,2026-02-16 18:56:06,2026-04-18 17:45:39
P00366,Arjun Joshi,,1975-02-26,Male,Indian,Student,"927, Rajagopal Marg",Vadodara,Gujarat,723950,Active,SRC021,0.99,2025-09-16 22:04:52,2026-01-05 02:03:38
P00367,Rohan Mehta,,1963-08-02,Male,Indian,Trader,"67, Soni Road",Lucknow,Uttar Pradesh,667428,Inactive,SRC024,0.82,2026-04-26 18:43:32,2024-01-12 13:01:32
P00368,Isha Singh,,2004-12-16,Female,Indian,Accountant,"58
Chatterjee Nagar",Kota,Rajasthan,694544,Active,SRC029,0.8,2026-02-19 15:41:29,2024-09-05 10:47:28
P00369,Pooja Patel,,1987-06-19,Female,Indian,Student,"39/385
Munshi Street",Hyderabad,Telangana,010618,Inactive,SRC026,0.81,2024-04-11 02:26:34,2025-03-09 21:38:32
P00370,Karan Mehta,,1968-11-10,Female,Indian,Business Owner,"H.No. 30
Chanda Nagar",Pune,Maharashtra,939111,Under Review,SRC029,0.84,2026-04-13 07:36:22,2024-05-06 09:35:39
P00371,Varun Deshmukh,,1991-02-23,Female,Indian,Consultant,"H.No. 244, Borra Chowk",Lucknow,Uttar Pradesh,465421,Under Review,SRC002,0.94,2024-09-26 19:13:02,2024-03-01 16:52:12
P00372,Kavya Jain,,1977-06-27,Male,Indian,Trader,"H.No. 42, Boase Chowk",Gurugram,Haryana,396271,Under Review,SRC020,0.79,2024-05-19 23:42:46,2026-01-17 22:51:12
P00373,Meera Sharma,,1968-10-22,Male,Indian,Student,"41, Bora Nagar",Vadodara,Gujarat,947072,Under Review,SRC014,0.86,2025-09-27 05:42:40,2024-01-01 20:15:40
P00374,Priya Khan,,1959-08-07,Male,Indian,Business Owner,"H.No. 25
Aggarwal Marg",Gurugram,Haryana,766183,Under Review,SRC003,0.78,2024-01-04 05:14:00,2026-07-17 09:26:08
P00375,Rahul Verma,,1999-05-22,Female,Indian,Security Guard,"H.No. 985
Mitter Path",Bhopal,Madhya Pradesh,015851,Inactive,SRC021,0.93,2026-03-29 11:16:20,2026-01-09 22:06:01
P00376,Pooja Mishra,,1972-06-16,Male,Indian,Security Guard,"806, Mistry Ganj",Kota,Rajasthan,157173,Under Review,SRC020,0.81,2024-05-16 03:56:52,2024-07-06 21:06:04
P00377,Aditya Agarwal,,1994-05-18,Male,Indian,Sales Executive,"61, Morar Circle",Ujjain,Madhya Pradesh,870050,Under Review,SRC011,0.86,2024-11-24 14:24:17,2025-12-02 13:04:19
P00378,Neha Mehta,,1978-05-08,Male,Indian,Business Owner,"87/829, Bora Ganj",Ahmedabad,Gujarat,270790,Active,SRC003,0.97,2024-08-24 03:07:22,2025-09-23 06:27:37
P00379,Arjun Yadav,,1958-05-27,Female,Indian,Sales Executive,"H.No. 17, Garde",Bengaluru,Karnataka,117993,Active,SRC001,0.93,2024-03-02 09:44:50,2024-07-16 04:04:33
P00380,Ananya Sharma,,1974-11-16,Female,Indian,Security Guard,"H.No. 19
Devan Circle",Dewas,Madhya Pradesh,309251,Under Review,SRC026,0.95,2024-04-27 11:38:55,2024-05-17 10:09:42
P00381,Karan Khan,K. Khan,1978-11-04,Female,Indian,Driver,"27/39
Deol Nagar",Vadodara,Gujarat,962071,Active,SRC011,0.95,2024-01-07 04:16:31,2024-06-23 13:38:56
P00382,Karan Bansal,,1962-03-20,Male,Indian,Trader,"72
Dhar Ganj",Ujjain,Madhya Pradesh,876329,Inactive,SRC017,0.86,2025-11-03 23:57:40,2025-08-03 04:08:35
P00383,Mohit Shah,,1994-03-31,Female,Indian,Driver,"45/608, Handa Ganj",Dewas,Madhya Pradesh,819588,Under Review,SRC022,0.93,2024-08-01 08:32:10,2026-01-19 12:46:34
P00384,Vikram Bansal,V. Bansal,1991-04-18,Male,Indian,Accountant,"H.No. 312
Tank Chowk",Indore,Madhya Pradesh,200543,Active,SRC016,0.86,2025-02-26 22:27:07,2024-11-21 06:26:53
P00385,Nandini Singh,,1998-09-25,Male,Indian,Security Guard,"H.No. 108
Dugar Street",Dewas,Madhya Pradesh,781137,Under Review,SRC024,0.92,2025-07-30 16:53:09,2024-11-13 04:06:19
P00386,Vikram Joshi,,1967-10-22,Female,Indian,Consultant,"153
Khalsa Zila",Pune,Maharashtra,363179,Active,SRC019,0.86,2025-04-16 07:53:20,2026-05-16 10:41:43
P00387,Varun Verma,,1965-01-22,Male,Indian,Student,"652
Hari Chowk",Dewas,Madhya Pradesh,435209,Active,SRC029,0.88,2024-02-28 00:59:13,2024-05-12 19:34:58
P00388,Manish Agarwal,M. Agarwal,2001-02-07,Female,Indian,Business Owner,"25
Merchant Ganj",Surat,Gujarat,929831,Inactive,SRC007,0.84,2025-02-04 13:55:41,2025-05-22 16:20:40
P00389,Kavya Agarwal,,2001-08-23,Female,Indian,Manager,"77/40, Koshy Marg",Bengaluru,Karnataka,569392,Inactive,SRC025,0.94,2026-06-08 02:00:00,2026-05-23 23:58:33
P00390,Isha Tiwari,I. Tiwari,1978-12-23,Female,Indian,Business Owner,"H.No. 780, Wali Marg",Pune,Maharashtra,717731,Active,SRC018,0.85,2025-06-27 09:47:15,2024-01-13 02:06:06
P00391,Sneha Sharma,S. Sharma,1994-12-28,Female,Indian,Consultant,"543, Babu Zila",Surat,Gujarat,427990,Active,SRC007,0.89,2026-08-08 01:22:40,2025-03-27 05:44:18
P00392,Vikram Mishra,,1964-09-27,Male,Indian,Consultant,"570
Rajan Zila",Gurugram,Haryana,804649,Active,SRC002,0.97,2025-06-11 18:56:40,2026-02-12 00:40:04
P00393,Meera Bansal,,1997-11-04,Female,Indian,Trader,"50/85, Choudhry Nagar",Kota,Rajasthan,579055,Under Review,SRC003,0.9,2024-06-19 12:50:39,2025-06-27 16:52:29
P00394,Varun Singh,V. Singh,1961-02-01,Male,Indian,Student,"538, Sridhar Zila",Jaipur,Rajasthan,355486,Under Review,SRC005,0.83,2024-09-26 15:53:52,2024-03-02 15:47:49
P00395,Karan Joshi,,1975-04-11,Female,Indian,Technician,"81/78
Master Circle",Jaipur,Rajasthan,951371,Inactive,SRC009,0.83,2024-03-19 00:08:21,2026-05-23 16:49:54
P00396,Rahul Singh,R. Singh,1972-05-17,Male,Indian,Sales Executive,"H.No. 241, Taneja Street",Hyderabad,Telangana,380468,Inactive,SRC015,0.85,2026-06-25 13:33:35,2025-04-06 02:37:39
P00397,Arjun Tiwari,,1979-02-05,Male,Indian,Trader,"H.No. 31, Kata Nagar",Vadodara,Gujarat,695579,Inactive,SRC015,0.84,2025-10-09 21:03:14,2025-05-30 20:26:30
P00398,Arjun Mehta,,1985-08-22,Female,Indian,Manager,"H.No. 92
Garg Road",Dewas,Madhya Pradesh,375402,Active,SRC007,0.96,2024-12-09 14:04:44,2025-03-19 14:47:47
P00399,Sanjay Singh,,1966-02-26,Female,Indian,Student,"84/222, Khanna Street",Ujjain,Madhya Pradesh,059274,Under Review,SRC002,0.92,2024-12-25 16:35:02,2024-07-18 14:47:16
P00400,Karan Khan,,1993-09-25,Female,Indian,Security Guard,"H.No. 25
Zacharia Chowk",Indore,Madhya Pradesh,841067,Under Review,SRC018,0.83,2026-01-17 18:26:10,2026-07-11 04:46:11
P00401,Deepak Patel,D. Patel,2004-12-27,Male,Indian,Accountant,"H.No. 885, Som Road",Jabalpur,Madhya Pradesh,929751,Active,SRC007,0.95,2025-12-12 21:16:10,2026-05-25 20:52:27
P00402,Nikhil Mehta,,1964-10-12,Male,Indian,Business Owner,"H.No. 06, Kannan",Hyderabad,Telangana,515093,Active,SRC007,0.97,2025-07-21 16:17:27,2024-08-04 03:30:12
P00403,Deepak Singh,,2005-05-22,Female,Indian,Driver,"018
Chahal Chowk",Ujjain,Madhya Pradesh,375998,Active,SRC015,0.79,2026-07-06 22:19:38,2026-06-02 22:03:11
P00404,Nandini Shah,,1976-01-31,Female,Indian,Trader,"65/650, Pai Road",Kota,Rajasthan,478137,Active,SRC013,0.92,2025-12-22 12:09:15,2025-02-08 09:19:10
P00405,Kabir Saxena,,1980-03-27,Female,Indian,Consultant,"66/299, Dhawan Zila",Mumbai,Maharashtra,478519,Inactive,SRC029,0.81,2026-01-05 16:46:31,2024-03-27 01:26:39
P00406,Yash Deshmukh,,1978-07-21,Female,Indian,Trader,"28
Devan Chowk",Bengaluru,Karnataka,264870,Inactive,SRC029,0.9,2026-03-11 14:00:26,2024-10-20 20:08:17
P00407,Vihaan Mehta,,1987-07-08,Female,Indian,Accountant,"73/00
Lala Street",Nagpur,Maharashtra,714627,Under Review,SRC029,0.95,2026-06-01 07:26:05,2025-09-19 09:02:20
P00408,Vikram Tiwari,,1959-02-13,Female,Indian,Trader,"19
Srivastava Path",Indore,Madhya Pradesh,471589,Under Review,SRC026,0.88,2024-01-18 01:42:45,2024-09-09 12:42:44
P00409,Nandini Shah,,1987-05-03,Female,Indian,Sales Executive,"H.No. 72, Gade Path",Lucknow,Uttar Pradesh,456504,Active,SRC011,0.91,2024-10-10 18:56:24,2025-09-13 16:40:45
P00410,Aarav Malhotra,,1961-08-03,Female,Indian,Security Guard,"21/928, Mutti Path",Bhopal,Madhya Pradesh,451895,Inactive,SRC025,0.9,2026-03-12 02:02:51,2024-01-13 13:11:10
P00411,Vikram Khan,,1984-02-05,Male,Indian,Consultant,"65
Chaudry Street",Gwalior,Madhya Pradesh,283389,Under Review,SRC027,0.95,2025-11-02 00:46:22,2026-07-15 18:40:05
P00412,Isha Verma,,2000-10-26,Female,Indian,Technician,"71, Deep Zila",Pune,Maharashtra,754527,Active,SRC006,0.83,2026-05-15 16:53:25,2025-08-04 12:17:27
P00413,Sanjay Saxena,S. Saxena,1996-08-12,Female,Indian,Manager,"401
Dave Ganj",Hyderabad,Telangana,342321,Under Review,SRC005,0.9,2025-02-17 08:02:53,2026-01-12 10:07:44
P00414,Rahul Rathore,,1963-05-15,Female,Indian,Business Owner,"60, Chokshi Ganj",Kanpur,Uttar Pradesh,890714,Active,SRC002,0.83,2024-02-12 02:42:34,2024-10-20 12:01:58
P00415,Vikram Sharma,,1958-03-12,Female,Indian,Manager,"H.No. 939, Goyal Ganj",Lucknow,Uttar Pradesh,012495,Active,SRC026,0.81,2024-12-08 16:39:03,2026-04-12 01:11:04
P00416,Ananya Khan,A. Khan,1997-06-28,Male,Indian,Manager,"91/19, Wadhwa Nagar",Surat,Gujarat,342801,Under Review,SRC030,0.81,2026-06-18 06:40:04,2026-06-14 14:58:59
P00417,Arjun Bansal,,2001-01-31,Female,Indian,Student,"H.No. 92
Chhabra Chowk",Vadodara,Gujarat,566383,Under Review,SRC004,0.85,2025-01-31 13:45:38,2026-01-10 20:26:00
P00418,Sanjay Singh,,1973-09-12,Female,Indian,Trader,"H.No. 827
Mani Path",Dewas,Madhya Pradesh,157164,Under Review,SRC011,0.82,2025-03-20 14:35:51,2025-12-17 07:08:42
P00419,Raj Deshmukh,,1992-09-16,Male,Indian,Student,"864
Gulati Marg",Vadodara,Gujarat,752071,Inactive,SRC024,0.92,2025-01-20 16:01:35,2025-05-23 13:12:42
P00420,Rohan Khan,,1992-03-04,Female,Indian,Manager,"669, Ganguly Zila",Indore,Madhya Pradesh,535396,Active,SRC006,0.91,2024-04-29 10:44:31,2026-03-26 11:31:27
P00421,Nandini Deshmukh,,1994-08-28,Male,Indian,Trader,"99/465
Ravel Chowk",Pune,Maharashtra,842711,Active,SRC011,0.94,2024-08-31 22:06:34,2025-04-28 20:20:14
P00422,Vikram Saxena,V. Saxena,1989-09-19,Male,Indian,Technician,"H.No. 101, Bala Chowk",Surat,Gujarat,695249,Inactive,SRC001,0.84,2025-08-29 09:43:41,2026-01-09 15:31:24
P00423,Vikram Mehta,,1991-05-21,Male,Indian,Business Owner,"34
Swaminathan Chowk",Vadodara,Gujarat,858800,Active,SRC013,0.87,2026-08-21 23:05:47,2026-05-06 08:41:40
P00424,Amit Khan,,1963-09-30,Female,Indian,Technician,"H.No. 67
Banik Chowk",Kota,Rajasthan,284276,Under Review,SRC013,0.8,2024-05-10 20:34:09,2025-11-27 09:34:04
P00425,Mohit Shah,M. Shah,1982-07-13,Male,Indian,Business Owner,"78/89, Soni Chowk",Pune,Maharashtra,806479,Inactive,SRC001,0.85,2026-08-02 15:46:26,2025-08-23 06:46:31
P00426,Arjun Mehta,A. Mehta,1975-08-30,Female,Indian,Sales Executive,"H.No. 00
Bath",Surat,Gujarat,559056,Under Review,SRC003,0.89,2024-04-04 17:19:06,2024-12-01 19:46:47
P00427,Meera Mehta,,1975-11-24,Female,Indian,Business Owner,"H.No. 333
Chad Road",Surat,Gujarat,415208,Inactive,SRC021,0.81,2024-11-13 07:28:49,2025-03-24 11:09:21
P00428,Meera Mishra,M. Mishra,2001-09-13,Female,Indian,Accountant,"H.No. 07
Bains",Dewas,Madhya Pradesh,696591,Active,SRC014,0.93,2026-02-25 12:02:31,2024-04-07 08:31:25
P00429,Isha Tiwari,,1992-02-06,Female,Indian,Accountant,"85
Mistry Street",Nagpur,Maharashtra,637183,Active,SRC002,0.86,2024-10-06 14:19:37,2024-02-16 05:57:08
P00430,Raj Rathore,R. Rathore,2008-06-23,Male,Indian,Student,"919
Nayar Zila",Jabalpur,Madhya Pradesh,198763,Active,SRC010,0.95,2024-12-03 22:32:04,2024-03-15 14:12:05
P00431,Neha Deshmukh,,1999-09-06,Male,Indian,Accountant,"85
Sachdeva Ganj",Gurugram,Haryana,498782,Active,SRC021,0.84,2026-05-07 02:41:47,2025-09-02 21:24:41
P00432,Aditya Rathore,,1983-12-31,Female,Indian,Trader,"73/74, Saraf Circle",Gwalior,Madhya Pradesh,835723,Inactive,SRC029,0.92,2024-05-26 09:50:14,2025-10-28 19:16:50
P00433,Aditya Tiwari,,1972-12-25,Female,Indian,Technician,"51
Sachar Ganj",Jaipur,Rajasthan,424936,Active,SRC015,0.79,2024-08-20 01:03:53,2024-05-25 21:55:06
P00434,Deepak Yadav,,1959-01-31,Female,Indian,Manager,"78
Sami Marg",Nagpur,Maharashtra,324204,Active,SRC005,0.94,2026-02-07 08:22:12,2024-09-27 06:31:53
P00435,Priya Patel,,1985-10-03,Female,Indian,Manager,"70/015, Misra",Ujjain,Madhya Pradesh,651623,Active,SRC018,0.79,2024-04-18 21:50:40,2025-12-15 15:35:11
P00436,Ankit Bansal,,2005-04-01,Female,Indian,Manager,"13
Das",Kota,Rajasthan,596363,Active,SRC016,0.84,2024-05-20 09:10:39,2024-06-19 10:12:07
P00437,Ankit Verma,,2007-02-19,Male,Indian,Driver,"49
Swaminathan Nagar",Lucknow,Uttar Pradesh,158673,Inactive,SRC006,0.98,2026-07-26 07:20:23,2026-05-05 16:31:55
P00438,Kabir Gupta,K. Gupta,2005-06-15,Female,Indian,Driver,"54
Banerjee Nagar",Mumbai,Maharashtra,348645,Under Review,SRC014,0.82,2026-05-28 18:31:28,2025-10-28 17:55:09
P00439,Sneha Singh,,1984-12-13,Male,Indian,Driver,"60, Kumer Marg",Bengaluru,Karnataka,134327,Inactive,SRC018,0.86,2025-09-06 07:20:53,2026-05-05 17:19:08
P00440,Sanjay Malhotra,,1996-10-09,Male,Indian,Manager,"H.No. 417
Sachar Chowk",Lucknow,Uttar Pradesh,612481,Under Review,SRC017,0.94,2024-12-08 08:32:57,2025-08-08 20:36:41
P00441,Arjun Mishra,A. Mishra,1999-02-26,Male,Indian,Driver,"00
Sawhney Street",Jabalpur,Madhya Pradesh,063459,Under Review,SRC025,0.8,2024-03-21 00:16:58,2024-06-02 13:28:10
P00442,Manish Tiwari,,1984-01-02,Female,Indian,Student,"65/77, Lad Street",Vadodara,Gujarat,954316,Under Review,SRC016,0.9,2024-12-23 16:11:05,2025-01-17 20:52:33
P00443,Mohit Verma,,1976-11-29,Male,Indian,Manager,"H.No. 089, Chakraborty Ganj",Dewas,Madhya Pradesh,342069,Under Review,SRC022,0.93,2025-02-21 07:45:05,2024-09-10 03:12:16
P00444,Vihaan Chauhan,,1962-03-19,Male,Indian,Trader,"910
Saran Circle",Surat,Gujarat,713334,Inactive,SRC029,0.86,2024-10-07 04:29:16,2025-04-25 19:48:53
P00445,Sanjay Agarwal,,1964-04-23,Female,Indian,Driver,"34/36, Rege Street",Ahmedabad,Gujarat,044397,Active,SRC005,0.84,2026-06-01 19:55:44,2024-12-25 15:46:49
P00446,Isha Yadav,,1992-07-26,Female,Indian,Manager,"H.No. 072
Rao Path",Surat,Gujarat,669411,Under Review,SRC003,0.82,2025-06-25 23:03:48,2024-02-20 16:56:01
P00447,Rahul Mishra,,2005-02-25,Female,Indian,Business Owner,"H.No. 99
Ahluwalia Nagar",Gurugram,Haryana,896465,Under Review,SRC026,0.81,2024-05-08 16:01:39,2026-05-18 03:15:37
P00448,Manish Bansal,M. Bansal,1959-10-08,Male,Indian,Sales Executive,"H.No. 28, Nori Chowk",Jaipur,Rajasthan,215862,Active,SRC029,0.95,2024-09-10 09:00:04,2024-10-31 19:28:18
P00449,Sneha Verma,S. Verma,2007-07-29,Male,Indian,Technician,"H.No. 56
Lall Road",Pune,Maharashtra,856257,Under Review,SRC007,0.84,2026-01-13 01:20:53,2024-05-27 04:20:03
P00450,Sneha Yadav,,2001-03-05,Male,Indian,Business Owner,"H.No. 320
Goswami Ganj",Lucknow,Uttar Pradesh,742761,Active,SRC012,0.88,2026-08-26 07:57:03,2026-06-21 04:07:20
P00451,Deepak Khan,,1959-10-01,Female,Indian,Technician,"87/771
Dasgupta Street",Gurugram,Haryana,134228,Active,SRC027,0.97,2026-03-11 08:41:44,2025-07-02 00:57:10
P00452,Isha Mehta,I. Mehta,1991-06-28,Male,Indian,Sales Executive,"08/92, Bose Marg",Ahmedabad,Gujarat,715041,Under Review,SRC025,0.98,2025-01-18 12:39:11,2025-07-28 09:35:04
P00453,Riya Jain,,2006-03-08,Female,Indian,Student,"017
Setty Chowk",Pune,Maharashtra,905097,Under Review,SRC001,0.96,2024-11-12 03:25:33,2025-12-12 19:02:38
P00454,Pooja Sharma,,1995-02-13,Male,Indian,Manager,"045, Bobal Nagar",Gurugram,Haryana,164236,Active,SRC008,0.83,2024-03-27 18:43:31,2026-04-09 07:58:47
P00455,Kavya Agarwal,,1965-12-24,Female,Indian,Technician,"H.No. 21
Swaminathan Road",Nagpur,Maharashtra,492515,Inactive,SRC009,0.83,2025-05-13 19:28:41,2025-04-21 09:40:37
P00456,Manish Bansal,,2002-10-29,Male,Indian,Business Owner,"H.No. 99
Chana Marg",Bengaluru,Karnataka,592661,Under Review,SRC022,0.98,2024-02-09 08:18:36,2024-11-28 12:25:32
P00457,Sneha Saxena,,1981-04-23,Female,Indian,Consultant,"27/881, Sidhu Road",Kanpur,Uttar Pradesh,174224,Under Review,SRC004,0.88,2026-03-29 19:35:39,2025-05-23 23:14:44
P00458,Sanjay Malhotra,,1972-09-27,Female,Indian,Consultant,"10/81, Sandal Circle",Surat,Gujarat,179454,Active,SRC005,0.89,2025-07-23 18:10:52,2026-01-17 21:26:21
P00459,Vikram Verma,,1958-07-02,Female,Indian,Sales Executive,"260
Saha Zila",Bengaluru,Karnataka,597794,Under Review,SRC001,0.92,2024-11-28 02:50:25,2026-06-12 07:44:58
P00460,Manish Malhotra,,1998-12-24,Male,Indian,Manager,"194, Saraf Zila",Kota,Rajasthan,061027,Under Review,SRC019,0.95,2025-03-23 17:43:36,2025-01-29 03:41:56
P00461,Sanjay Jain,,1991-03-19,Female,Indian,Technician,"H.No. 99
Rana Path",Kanpur,Uttar Pradesh,122031,Under Review,SRC010,0.96,2026-03-04 22:29:23,2025-11-08 05:44:58
P00462,Sneha Tiwari,,1967-04-09,Female,Indian,Sales Executive,"723, Yohannan Marg",Dewas,Madhya Pradesh,147276,Under Review,SRC009,0.93,2024-01-22 05:27:59,2024-06-10 14:53:43
P00463,Raj Khan,,1965-06-11,Male,Indian,Technician,"70
Kibe Chowk",Surat,Gujarat,496050,Active,SRC024,0.96,2024-04-09 21:23:54,2026-04-04 17:50:41
P00464,Amit Joshi,,1979-09-10,Female,Indian,Trader,"99
Mannan Circle",Vadodara,Gujarat,767899,Active,SRC016,0.79,2026-06-29 00:40:51,2026-05-30 15:16:04
P00465,Neha Shah,,2001-12-02,Male,Indian,Trader,"08/069, Bhatt Path",Hyderabad,Telangana,671795,Active,SRC017,0.81,2025-03-12 05:17:40,2025-02-28 10:50:34
P00466,Priya Chauhan,,1965-11-24,Male,Indian,Sales Executive,"57, Tripathi Ganj",Lucknow,Uttar Pradesh,959724,Active,SRC007,0.85,2025-12-04 11:22:45,2025-01-14 19:56:56
P00467,Siddharth Yadav,,1978-12-06,Male,Indian,Driver,"29
Mandal Ganj",Jabalpur,Madhya Pradesh,722329,Inactive,SRC011,0.91,2025-04-23 21:31:16,2026-02-11 01:24:08
P00468,Kabir Joshi,K. Joshi,2005-10-07,Female,Indian,Accountant,"H.No. 33
Batta Circle",Bhopal,Madhya Pradesh,545228,Active,SRC019,0.94,2024-02-01 02:33:49,2024-03-02 22:43:07
P00469,Mohit Mehta,,1979-08-19,Female,Indian,Student,"H.No. 837, Oak Road",Jabalpur,Madhya Pradesh,084289,Inactive,SRC016,0.86,2025-10-13 09:50:04,2025-11-18 07:58:03
P00470,Vihaan Tiwari,,2004-12-05,Male,Indian,Technician,"11
Chaudry",Mumbai,Maharashtra,812135,Under Review,SRC007,0.78,2024-06-01 19:01:26,2024-10-11 05:39:21
P00471,Aarav Jain,,1980-03-09,Female,Indian,Consultant,"12/552
Jaggi Zila",Pune,Maharashtra,603754,Active,SRC004,0.86,2025-05-06 09:17:26,2024-03-23 22:22:52
P00472,Siddharth Agarwal,S. Agarwal,1976-08-30,Male,Indian,Consultant,"H.No. 32
Sama Circle",Dewas,Madhya Pradesh,266678,Inactive,SRC015,0.93,2026-02-12 03:40:14,2024-12-18 00:09:18
P00473,Yash Bansal,,1959-03-10,Male,Indian,Technician,"H.No. 811, Murty Path",Surat,Gujarat,260602,Inactive,SRC012,0.94,2026-05-28 03:26:23,2024-02-26 05:58:30
P00474,Kabir Chauhan,,1989-11-18,Male,Indian,Accountant,"68
Murthy Road",Indore,Madhya Pradesh,048926,Under Review,SRC001,0.9,2025-03-10 03:24:24,2024-07-18 14:16:44
P00475,Kabir Patel,,1985-06-08,Male,Indian,Student,"56/341
Yogi Nagar",Vadodara,Gujarat,628843,Under Review,SRC009,0.94,2024-03-31 07:31:21,2025-06-20 21:18:11
P00476,Yash Verma,,1984-04-04,Male,Indian,Business Owner,"H.No. 089, Khurana Road",Bengaluru,Karnataka,681054,Active,SRC023,0.8,2025-09-02 01:27:34,2024-12-10 21:39:41
P00477,Deepak Chauhan,,1960-02-08,Female,Indian,Sales Executive,"49, Setty Nagar",Gwalior,Madhya Pradesh,399893,Active,SRC023,0.92,2024-12-06 21:04:21,2024-10-03 20:28:22
P00478,Aarav Agarwal,,1997-09-11,Female,Indian,Manager,"68/315, Hans Circle",Kota,Rajasthan,712661,Under Review,SRC023,0.81,2024-03-30 18:11:22,2025-02-17 09:57:17
P00479,Sneha Patel,,1964-04-20,Male,Indian,Consultant,"15, Rau Circle",Lucknow,Uttar Pradesh,497677,Active,SRC026,0.8,2025-12-12 23:03:16,2025-02-09 15:58:14
P00480,Rahul Deshmukh,,1965-12-22,Male,Indian,Technician,"72, Wadhwa Circle",Mumbai,Maharashtra,377028,Under Review,SRC014,0.84,2024-12-25 08:38:32,2026-07-15 02:56:29
P00481,Vihaan Tiwari,,1988-05-08,Female,Indian,Technician,"H.No. 159
Baria Road",Gurugram,Haryana,154544,Active,SRC001,0.78,2025-04-17 19:19:59,2026-02-08 20:11:19
P00482,Aditya Patel,,1964-12-01,Male,Indian,Driver,"H.No. 443
Suresh Street",Hyderabad,Telangana,185106,Under Review,SRC003,0.93,2025-04-13 04:25:55,2024-10-28 08:09:29
P00483,Arjun Malhotra,,1980-09-27,Female,Indian,Consultant,"79
Devi Street",Pune,Maharashtra,772519,Inactive,SRC002,0.8,2025-10-08 13:27:28,2025-02-02 13:38:26
P00484,Kabir Verma,,1969-07-18,Female,Indian,Student,"H.No. 80
Mall Chowk",Ahmedabad,Gujarat,209481,Under Review,SRC004,0.8,2025-09-18 12:41:02,2024-03-23 20:28:12
P00485,Pooja Verma,,2006-05-20,Male,Indian,Technician,"83/78, Dara Nagar",Indore,Madhya Pradesh,043397,Inactive,SRC029,0.87,2024-03-23 08:41:55,2025-06-03 03:18:58
P00486,Yash Malhotra,,1974-01-04,Female,Indian,Sales Executive,"05, Gole Marg",Ujjain,Madhya Pradesh,085641,Active,SRC013,0.86,2024-04-21 13:10:52,2024-04-06 15:38:20
P00487,Deepak Malhotra,,1966-03-31,Female,Indian,Student,"412, Reddy Road",Jaipur,Rajasthan,095200,Under Review,SRC029,0.95,2024-10-16 23:27:51,2024-04-06 01:52:29
P00488,Arjun Singh,,1964-12-07,Male,Indian,Driver,"H.No. 61
Jain Nagar",Bhopal,Madhya Pradesh,993788,Inactive,SRC030,0.9,2025-01-09 15:39:24,2024-04-21 23:22:48
P00489,Kavya Shah,,1960-10-05,Female,Indian,Technician,"61/70
Kaur Marg",Delhi,Delhi,489138,Under Review,SRC001,0.96,2025-09-25 23:01:00,2024-05-02 04:20:31
P00490,Meera Singh,,1986-08-26,Male,Indian,Student,"H.No. 832
Zachariah Path",Gurugram,Haryana,386870,Inactive,SRC002,0.79,2024-01-01 23:22:36,2025-03-28 02:33:17
P00491,Neha Joshi,,1999-12-20,Male,Indian,Technician,"20/074
Krishna",Indore,Madhya Pradesh,539840,Under Review,SRC017,0.92,2024-06-06 01:23:36,2025-06-03 16:03:10
P00492,Yash Patel,,1961-03-27,Male,Indian,Trader,"12, Mammen Circle",Kota,Rajasthan,398554,Inactive,SRC022,0.92,2026-08-11 04:33:41,2025-11-19 15:28:24
P00493,Ankit Singh,,1971-08-05,Male,Indian,Business Owner,"H.No. 37
Narasimhan",Kanpur,Uttar Pradesh,209700,Under Review,SRC030,0.81,2025-10-16 13:02:23,2025-02-06 00:10:59
P00494,Riya Rathore,,2003-05-01,Male,Indian,Trader,"81
Yohannan Zila",Gurugram,Haryana,715695,Inactive,SRC008,0.85,2025-01-11 07:24:36,2026-03-27 11:43:57
P00495,Karan Verma,,1999-01-28,Female,Indian,Student,"H.No. 753, Andra Chowk",Lucknow,Uttar Pradesh,045319,Active,SRC003,0.88,2025-08-31 08:31:26,2026-02-25 14:05:42
P00496,Kavya Shah,K. Shah,1968-12-12,Female,Indian,Trader,"H.No. 04
Kadakia Chowk",Delhi,Delhi,361498,Inactive,SRC004,0.99,2025-04-25 16:09:08,2025-06-20 21:17:15
P00497,Isha Sharma,,1991-04-28,Male,Indian,Security Guard,"H.No. 921, Lad Street",Gwalior,Madhya Pradesh,843089,Under Review,SRC001,0.95,2024-09-03 02:12:46,2025-06-28 23:49:41
P00498,Kavya Deshmukh,,1980-10-26,Male,Indian,Trader,"05/664
Vasa Zila",Bengaluru,Karnataka,758030,Inactive,SRC012,0.95,2024-09-27 10:17:31,2025-02-12 17:17:21
P00499,Sneha Jain,,1980-07-24,Female,Indian,Technician,"35, Bakshi Zila",Delhi,Delhi,613325,Under Review,SRC015,0.8,2024-10-29 09:56:18,2025-09-01 02:13:40
P00500,Pooja Jain,,1962-08-08,Female,Indian,Security Guard,"09
Krishna Path",Indore,Madhya Pradesh,173505,Under Review,SRC012,0.93,2025-05-20 15:27:05,2024-08-18 08:26:17
P00501,Vihaan Khan,V. Khan,1961-05-22,Female,Indian,Driver,"H.No. 791
Bhat Zila",Gurugram,Haryana,651207,Inactive,SRC020,0.82,2024-02-23 07:25:43,2025-08-17 05:58:07
P00502,Arjun Chauhan,,1979-09-11,Male,Indian,Technician,"08/046, Char Marg",Mumbai,Maharashtra,399076,Active,SRC025,0.87,2025-03-27 16:12:38,2025-02-20 13:07:30
P00503,Nandini Shah,,1989-04-20,Female,Indian,Trader,"H.No. 07, Narasimhan Circle",Gwalior,Madhya Pradesh,110919,Under Review,SRC019,0.98,2026-02-07 02:27:08,2024-07-07 09:17:12
P00504,Rohan Rathore,,1986-11-26,Male,Indian,Security Guard,"H.No. 67
Saxena",Indore,Madhya Pradesh,320024,Inactive,SRC027,0.9,2025-07-22 17:45:52,2025-05-14 06:30:44
P00505,Nandini Bansal,,1990-11-27,Male,Indian,Sales Executive,"H.No. 98
Din Street",Dewas,Madhya Pradesh,495450,Active,SRC013,0.92,2025-05-18 16:52:37,2025-10-01 22:04:07
P00506,Yash Joshi,,1965-01-16,Female,Indian,Manager,"80/65, Iyer Ganj",Lucknow,Uttar Pradesh,153779,Under Review,SRC025,0.83,2025-11-04 17:14:52,2026-04-09 00:06:24
P00507,Ankit Joshi,,1986-07-17,Male,Indian,Sales Executive,"46/52
Sha Zila",Ahmedabad,Gujarat,730337,Inactive,SRC020,0.93,2025-08-30 01:46:48,2024-08-20 13:34:21
P00508,Isha Bansal,,1995-02-18,Female,Indian,Security Guard,"63/620
Anne Path",Ahmedabad,Gujarat,508124,Under Review,SRC007,0.82,2025-03-04 12:24:37,2025-09-06 06:55:30
P00509,Yash Agarwal,,2004-03-20,Male,Indian,Sales Executive,"H.No. 033
Ghosh Road",Vadodara,Gujarat,425832,Under Review,SRC018,0.93,2024-07-09 16:42:05,2024-06-20 07:45:36
P00510,Sanjay Patel,,1971-01-08,Female,Indian,Security Guard,"H.No. 261, Kade Path",Vadodara,Gujarat,735528,Inactive,SRC029,0.96,2026-08-08 17:16:56,2026-08-28 18:10:17
P00511,Kavya Sharma,K. Sharma,2002-08-20,Female,Indian,Sales Executive,"H.No. 223, Walia Ganj",Lucknow,Uttar Pradesh,559630,Active,SRC022,0.79,2026-01-12 11:29:58,2025-07-25 11:14:01
P00512,Karan Khan,,2001-03-31,Male,Indian,Business Owner,"530
Date Road",Ahmedabad,Gujarat,317912,Under Review,SRC026,0.84,2025-05-09 21:08:58,2026-01-01 00:32:43
P00513,Pooja Tiwari,,1990-07-27,Female,Indian,Driver,"87
Nagy Street",Bhopal,Madhya Pradesh,877749,Under Review,SRC028,0.92,2025-01-25 02:53:33,2026-06-15 07:31:02
P00514,Raj Jain,,1987-06-15,Female,Indian,Business Owner,"337, Randhawa Ganj",Kanpur,Uttar Pradesh,466925,Inactive,SRC013,0.87,2024-09-04 15:46:00,2024-03-23 11:17:24
P00515,Kavya Joshi,K. Joshi,1996-01-02,Female,Indian,Accountant,"85
Barman Ganj",Kanpur,Uttar Pradesh,895677,Under Review,SRC028,0.94,2025-02-24 19:52:20,2024-12-23 14:08:19
P00516,Riya Yadav,,1983-01-17,Female,Indian,Manager,"02
Kaur Chowk",Pune,Maharashtra,151488,Under Review,SRC024,0.91,2025-06-15 21:24:53,2024-03-17 01:10:09
P00517,Pooja Gupta,,1971-10-08,Male,Indian,Sales Executive,"H.No. 115, Iyer Nagar",Ahmedabad,Gujarat,354443,Active,SRC024,0.89,2025-11-17 14:10:00,2026-08-29 01:11:44
P00518,Ankit Verma,,2008-08-03,Female,Indian,Sales Executive,"H.No. 445
Ravi Marg",Kota,Rajasthan,782633,Active,SRC019,0.96,2025-12-04 19:20:22,2024-07-23 05:00:05
P00519,Aarav Joshi,,1969-08-03,Male,Indian,Business Owner,"75/153
Sahni Marg",Delhi,Delhi,778052,Active,SRC030,0.85,2025-07-15 21:58:38,2024-05-04 21:07:38
P00520,Vihaan Deshmukh,,2005-10-12,Female,Indian,Driver,"55, Saini Ganj",Ahmedabad,Gujarat,684590,Under Review,SRC011,0.89,2025-07-06 06:04:05,2024-02-01 08:08:39
P00521,Kabir Bansal,,1964-10-06,Male,Indian,Student,"99/96
Jayaraman Marg",Ujjain,Madhya Pradesh,186371,Under Review,SRC018,0.86,2024-11-15 23:06:12,2026-07-24 23:10:46
P00522,Nikhil Jain,,1990-04-05,Female,Indian,Technician,"H.No. 218
Balay Street",Mumbai,Maharashtra,023164,Inactive,SRC007,0.98,2024-07-19 07:59:48,2024-10-10 05:53:46
P00523,Yash Bansal,,1984-05-31,Male,Indian,Driver,"H.No. 580
Narain Street",Gurugram,Haryana,621286,Under Review,SRC012,0.87,2025-04-10 08:07:14,2024-03-07 21:45:12
P00524,Meera Deshmukh,,2006-05-19,Male,Indian,Technician,"346, Dutt Chowk",Bengaluru,Karnataka,938743,Inactive,SRC030,0.95,2024-01-08 05:48:58,2024-05-18 20:08:35
P00525,Arjun Chauhan,,1960-12-06,Female,Indian,Business Owner,"38/59
Sharma Chowk",Nagpur,Maharashtra,901475,Under Review,SRC027,0.94,2025-11-12 09:47:30,2025-11-23 10:24:09
P00526,Varun Bansal,,1972-11-02,Female,Indian,Accountant,"32, Sankaran",Delhi,Delhi,629160,Inactive,SRC017,0.8,2024-08-21 05:21:49,2026-04-27 00:50:25
P00527,Arjun Khan,,1971-08-19,Male,Indian,Accountant,"13/768
Pillay Zila",Kanpur,Uttar Pradesh,185672,Under Review,SRC021,0.94,2024-09-02 22:36:21,2025-05-07 09:37:11
P00528,Riya Mishra,,1981-03-29,Female,Indian,Driver,"76/563, Barad Marg",Gwalior,Madhya Pradesh,412577,Under Review,SRC022,0.81,2025-03-24 21:36:31,2024-03-21 07:40:32
P00529,Deepak Joshi,D. Joshi,1991-03-07,Male,Indian,Sales Executive,"742
Badami Street",Bhopal,Madhya Pradesh,241862,Inactive,SRC018,0.79,2024-03-16 11:46:18,2026-01-12 23:19:53
P00530,Sneha Jain,,1992-03-20,Female,Indian,Student,"52, Banerjee Ganj",Nagpur,Maharashtra,708164,Inactive,SRC011,0.78,2025-03-07 23:58:37,2025-08-05 01:17:28
P00531,Priya Patel,P. Patel,1960-02-25,Male,Indian,Manager,"353
Chand Ganj",Kanpur,Uttar Pradesh,600531,Active,SRC023,0.96,2024-08-02 14:42:01,2026-05-08 11:08:38
P00532,Nikhil Bansal,,1998-04-25,Female,Indian,Manager,"20/681, Naidu Path",Gwalior,Madhya Pradesh,938661,Active,SRC010,0.94,2024-08-14 03:11:41,2024-04-13 00:38:01
P00533,Deepak Chauhan,,1974-02-28,Male,Indian,Trader,"50, Kala Marg",Jaipur,Rajasthan,314950,Active,SRC018,0.83,2024-03-06 12:19:11,2024-07-31 15:49:59
P00534,Isha Chauhan,,1973-01-17,Male,Indian,Consultant,"H.No. 892
Chandran Road",Kanpur,Uttar Pradesh,625257,Under Review,SRC029,0.97,2024-03-06 16:34:29,2024-01-18 04:08:05
P00535,Kavya Saxena,,2004-03-09,Male,Indian,Driver,"83
Arya Circle",Indore,Madhya Pradesh,091436,Active,SRC001,0.9,2026-01-06 19:12:09,2025-08-26 00:46:51
P00536,Ankit Tiwari,,1960-09-22,Female,Indian,Accountant,"43
Prashad Street",Kanpur,Uttar Pradesh,039752,Under Review,SRC024,0.97,2024-09-27 14:48:31,2025-09-18 05:23:44
P00537,Nikhil Gupta,,1996-06-15,Male,Indian,Sales Executive,"40/355
Jha Ganj",Kota,Rajasthan,339685,Active,SRC008,0.91,2024-06-27 14:09:14,2025-09-04 18:40:52
P00538,Karan Gupta,,1960-12-18,Male,Indian,Security Guard,"H.No. 302
Dass Ganj",Gwalior,Madhya Pradesh,298338,Inactive,SRC021,0.9,2024-03-17 01:17:51,2025-12-06 09:56:44
P00539,Manish Mehta,M. Mehta,1973-07-21,Female,Indian,Technician,"629, Mitter Ganj",Nagpur,Maharashtra,973471,Inactive,SRC005,0.92,2026-07-14 08:03:36,2024-12-15 20:57:26
P00540,Vikram Patel,,1976-12-07,Male,Indian,Technician,"68
Sant",Ahmedabad,Gujarat,706614,Inactive,SRC015,0.85,2025-08-02 02:43:18,2024-05-28 16:09:19
P00541,Priya Agarwal,P. Agarwal,1994-09-24,Female,Indian,Technician,"74
Mander Chowk",Hyderabad,Telangana,897152,Inactive,SRC006,0.78,2025-11-26 13:29:21,2024-07-09 10:21:15
P00542,Vikram Jain,,2004-05-23,Female,Indian,Sales Executive,"H.No. 857, Sagar Marg",Kota,Rajasthan,567491,Under Review,SRC024,0.85,2025-02-01 18:00:27,2024-02-07 18:41:08
P00543,Mohit Yadav,,2004-09-02,Female,Indian,Trader,"23/64
Upadhyay Path",Delhi,Delhi,506633,Under Review,SRC004,0.82,2025-04-09 19:50:50,2026-06-15 14:08:00
P00544,Yash Mehta,,1976-02-07,Male,Indian,Security Guard,"24/972, Kota Road",Nagpur,Maharashtra,011669,Active,SRC009,0.93,2026-08-05 20:14:52,2024-03-19 04:17:38
P00545,Neha Mehta,,2004-01-29,Male,Indian,Manager,"644
Walia Circle",Ujjain,Madhya Pradesh,946119,Under Review,SRC013,0.94,2026-01-25 17:17:27,2024-12-01 02:15:39
P00546,Rahul Verma,,1964-12-12,Female,Indian,Sales Executive,"64/027, Chatterjee Nagar",Kanpur,Uttar Pradesh,686462,Inactive,SRC013,0.83,2024-06-20 15:19:23,2024-06-30 08:48:49
P00547,Pooja Shah,P. Shah,1964-07-09,Male,Indian,Student,"817
Kala",Ahmedabad,Gujarat,302346,Inactive,SRC017,0.78,2025-03-04 19:56:14,2026-06-07 07:42:29
P00548,Vikram Deshmukh,,1963-03-29,Male,Indian,Trader,"H.No. 416, Malhotra Zila",Dewas,Madhya Pradesh,509377,Active,SRC006,0.9,2025-10-16 15:19:58,2024-04-08 02:05:42
P00549,Siddharth Singh,,1960-10-13,Male,Indian,Accountant,"90/138, Prashad Nagar",Gurugram,Haryana,775965,Inactive,SRC008,0.79,2024-12-26 18:34:27,2026-05-16 02:50:02
P00550,Nikhil Jain,,2008-08-22,Female,Indian,Student,"H.No. 66, Bhandari",Bhopal,Madhya Pradesh,510762,Inactive,SRC030,0.88,2024-01-25 23:41:21,2024-04-29 13:49:59
P00551,Vihaan Verma,V. Verma,1984-09-24,Female,Indian,Consultant,"H.No. 79, Varma Chowk",Surat,Gujarat,305050,Under Review,SRC018,0.9,2026-08-01 10:02:33,2025-12-16 22:42:21
P00552,Ankit Chauhan,,1992-03-30,Male,Indian,Security Guard,"76/91, Sangha Path",Vadodara,Gujarat,164932,Inactive,SRC013,0.98,2026-04-26 08:56:27,2026-05-02 13:48:59
P00553,Vikram Bansal,,1997-09-12,Female,Indian,Trader,"714, Sibal Circle",Jaipur,Rajasthan,717833,Inactive,SRC029,0.91,2024-07-24 22:14:11,2026-01-02 21:57:10
P00554,Varun Singh,V. Singh,1991-04-26,Male,Indian,Security Guard,"H.No. 602, Rajagopal Path",Delhi,Delhi,347128,Under Review,SRC009,0.82,2025-09-08 10:37:02,2025-04-23 16:13:17
P00555,Kabir Khan,,1998-03-30,Male,Indian,Accountant,"991
Purohit Path",Vadodara,Gujarat,863341,Inactive,SRC026,0.85,2024-10-10 02:52:59,2024-04-18 09:00:16
P00556,Arjun Rathore,,1975-01-08,Male,Indian,Student,"19/525, Agarwal Marg",Gurugram,Haryana,098366,Active,SRC008,0.79,2024-11-07 00:18:11,2024-12-21 04:02:12
P00557,Siddharth Shah,S. Shah,1992-04-25,Male,Indian,Manager,"99/31, Andra Marg",Dewas,Madhya Pradesh,524377,Active,SRC002,0.81,2024-05-23 10:40:37,2024-10-02 17:47:21
P00558,Nandini Khan,,1995-10-09,Male,Indian,Consultant,"54/81, Sridhar Road",Lucknow,Uttar Pradesh,746052,Active,SRC007,0.87,2026-03-16 12:45:48,2024-07-23 22:14:12
P00559,Mohit Rathore,,1995-01-13,Female,Indian,Manager,"02/764, Bains Street",Dewas,Madhya Pradesh,567566,Active,SRC026,0.9,2024-03-10 21:12:57,2025-12-08 03:10:24
P00560,Pooja Khan,,1972-01-26,Female,Indian,Sales Executive,"86/125, Bhagat",Bengaluru,Karnataka,729277,Under Review,SRC022,0.85,2024-10-10 05:20:12,2024-05-20 21:54:14
P00561,Deepak Deshmukh,D. Deshmukh,1968-10-17,Female,Indian,Student,"05/912, Sane Marg",Hyderabad,Telangana,015720,Active,SRC004,0.78,2024-04-24 04:17:00,2025-05-16 12:26:32
P00562,Varun Bansal,,1974-12-07,Male,Indian,Sales Executive,"630
Khosla Zila",Kota,Rajasthan,749261,Inactive,SRC029,0.91,2026-01-26 17:34:11,2026-04-21 13:02:47
P00563,Vihaan Tiwari,,1990-11-01,Male,Indian,Trader,"75/011
Dara Zila",Lucknow,Uttar Pradesh,830999,Under Review,SRC005,0.97,2025-04-11 13:14:45,2025-11-05 23:53:09
P00564,Raj Sharma,,1962-06-29,Female,Indian,Business Owner,"76, Dass Road",Kota,Rajasthan,518260,Under Review,SRC017,0.87,2025-01-18 03:56:12,2026-03-06 09:23:32
P00565,Kavya Rathore,,1997-08-17,Male,Indian,Student,"H.No. 898
Johal Zila",Jaipur,Rajasthan,292087,Active,SRC009,0.88,2026-02-17 21:34:44,2024-04-29 17:21:14
P00566,Vikram Mehta,,1964-03-28,Female,Indian,Consultant,"21/840, Dash Zila",Ahmedabad,Gujarat,582603,Active,SRC001,0.93,2024-10-19 11:36:38,2026-07-09 16:00:13
P00567,Kavya Sharma,,1984-02-29,Male,Indian,Student,"87/297
Virk Path",Hyderabad,Telangana,988310,Under Review,SRC007,0.92,2024-08-18 16:46:03,2024-07-01 23:53:45
P00568,Sanjay Mishra,S. Mishra,1972-12-14,Female,Indian,Manager,"983, Parmer",Vadodara,Gujarat,296184,Inactive,SRC009,0.96,2024-09-10 15:16:10,2025-09-24 05:24:15
P00569,Amit Shah,,1965-12-31,Female,Indian,Accountant,"H.No. 462
Jani Circle",Vadodara,Gujarat,435989,Inactive,SRC018,0.94,2024-06-08 14:44:01,2026-03-10 09:15:04
P00570,Mohit Khan,,1973-10-21,Female,Indian,Consultant,"09
Brahmbhatt Ganj",Vadodara,Gujarat,181861,Inactive,SRC019,0.85,2024-11-16 11:09:23,2024-03-27 13:43:28
P00571,Ananya Chauhan,,2004-01-16,Male,Indian,Accountant,"340
Purohit Zila",Jabalpur,Madhya Pradesh,611284,Inactive,SRC026,0.93,2025-07-26 22:17:21,2026-02-24 00:21:02
P00572,Kabir Patel,,1962-07-17,Female,Indian,Security Guard,"94/849
Bava Zila",Mumbai,Maharashtra,562588,Under Review,SRC023,0.92,2025-08-01 13:29:44,2026-04-06 16:33:36
P00573,Vihaan Khan,,1981-12-27,Male,Indian,Driver,"H.No. 08, Date Street",Jaipur,Rajasthan,694053,Active,SRC016,0.97,2025-10-21 21:40:54,2025-02-10 22:49:40
P00574,Amit Mehta,,1981-01-06,Female,Indian,Driver,"H.No. 78
Majumdar Road",Ujjain,Madhya Pradesh,834146,Under Review,SRC002,0.93,2026-01-19 18:32:48,2026-04-02 10:10:31
P00575,Nandini Chauhan,,1990-01-14,Female,Indian,Manager,"31/290, Mangal Zila",Bengaluru,Karnataka,068277,Active,SRC025,0.95,2025-05-16 02:32:53,2026-08-29 00:13:54
P00576,Neha Rathore,N. Rathore,2002-12-18,Female,Indian,Accountant,"09, Amble Ganj",Delhi,Delhi,853890,Active,SRC026,0.91,2025-08-13 23:23:13,2026-07-27 14:26:44
P00577,Varun Jain,V. Jain,1992-01-26,Male,Indian,Technician,"152, Pandit Circle",Bengaluru,Karnataka,676251,Active,SRC021,0.78,2024-11-24 20:00:32,2025-10-22 17:28:59
P00578,Kabir Mehta,,2000-02-02,Female,Indian,Student,"H.No. 47, Lanka Road",Nagpur,Maharashtra,096348,Inactive,SRC019,0.82,2026-03-14 10:23:09,2024-02-04 11:20:27
P00579,Aarav Mehta,,1981-04-14,Female,Indian,Technician,"H.No. 509
Narasimhan Chowk",Ujjain,Madhya Pradesh,510526,Inactive,SRC008,0.91,2024-12-10 23:02:19,2024-04-08 14:26:23
P00580,Rahul Yadav,,1982-10-06,Female,Indian,Sales Executive,"82/61, Amble Chowk",Jaipur,Rajasthan,437654,Inactive,SRC017,0.8,2024-12-20 15:42:12,2026-05-18 02:29:59
P00581,Aditya Bansal,,1985-01-10,Male,Indian,Security Guard,"H.No. 772
Pandya Street",Ahmedabad,Gujarat,053134,Inactive,SRC029,0.89,2024-02-09 04:03:55,2025-01-18 21:26:17
P00582,Kavya Shah,,1995-08-11,Female,Indian,Manager,"374, Sama Zila",Nagpur,Maharashtra,872568,Inactive,SRC025,0.83,2025-12-07 09:25:29,2025-12-22 20:41:24
P00583,Sanjay Yadav,,1999-10-12,Male,Indian,Trader,"H.No. 102, Padmanabhan Street",Delhi,Delhi,305690,Active,SRC009,0.79,2025-02-26 14:26:22,2024-10-08 15:37:28
P00584,Neha Jain,,1982-06-14,Female,Indian,Technician,"928
Krish Street",Pune,Maharashtra,143637,Under Review,SRC018,0.78,2025-11-18 09:16:29,2026-02-27 02:00:36
P00585,Sneha Malhotra,,1993-06-05,Female,Indian,Technician,"923, Deo Zila",Pune,Maharashtra,043260,Active,SRC018,0.98,2025-08-22 19:44:44,2024-03-29 11:31:27
P00586,Mohit Joshi,,1960-04-08,Female,Indian,Sales Executive,"43/35
Srinivas Marg",Vadodara,Gujarat,860414,Under Review,SRC022,0.98,2024-12-19 18:13:48,2026-07-06 12:54:24
P00587,Rahul Rathore,,1993-12-17,Male,Indian,Consultant,"H.No. 02, Acharya Nagar",Mumbai,Maharashtra,534749,Active,SRC008,0.82,2024-04-08 00:59:13,2024-06-28 20:23:01
P00588,Vikram Deshmukh,V. Deshmukh,2006-01-13,Male,Indian,Driver,"H.No. 41
Arya Zila",Vadodara,Gujarat,555989,Active,SRC022,0.98,2024-12-27 13:25:22,2025-09-24 16:35:57
P00589,Mohit Deshmukh,,1968-05-19,Male,Indian,Trader,"H.No. 129
Barman Zila",Indore,Madhya Pradesh,371189,Inactive,SRC020,0.85,2024-11-29 15:21:12,2025-12-06 18:23:18
P00590,Meera Shah,,2008-02-22,Female,Indian,Student,"20/23, Krishnan Marg",Nagpur,Maharashtra,571617,Active,SRC025,0.9,2025-02-11 16:35:06,2026-06-25 04:28:21
P00591,Vihaan Bansal,,1983-05-15,Male,Indian,Security Guard,"942, Bath Road",Kota,Rajasthan,367881,Inactive,SRC013,0.96,2024-06-10 01:10:53,2025-12-31 10:59:43
P00592,Pooja Khan,,1977-04-05,Female,Indian,Technician,"94
Gour Ganj",Delhi,Delhi,293908,Under Review,SRC001,0.78,2025-03-19 03:27:28,2025-11-19 15:28:18
P00593,Rahul Chauhan,R. Chauhan,1984-06-13,Female,Indian,Manager,"448
Garg Zila",Hyderabad,Telangana,083402,Inactive,SRC006,0.9,2026-07-05 14:39:29,2024-09-27 06:10:11
P00594,Vikram Malhotra,,1964-06-13,Female,Indian,Technician,"33/810, Pillay Path",Gurugram,Haryana,184269,Active,SRC016,0.87,2024-10-13 22:23:45,2026-08-16 15:49:17
P00595,Amit Saxena,,1989-08-05,Female,Indian,Trader,"H.No. 34, Kunda Street",Vadodara,Gujarat,891649,Active,SRC019,0.81,2025-06-20 00:05:54,2026-03-05 19:00:42
P00596,Siddharth Jain,,1968-12-03,Male,Indian,Security Guard,"962
Kata Chowk",Gwalior,Madhya Pradesh,527172,Inactive,SRC028,0.86,2025-03-22 23:40:40,2026-03-04 13:50:39
P00597,Rohan Singh,,1966-08-26,Male,Indian,Student,"24/042
Ramesh Street",Gurugram,Haryana,121637,Inactive,SRC005,0.99,2026-06-03 14:01:42,2026-08-02 04:26:28
P00598,Riya Bansal,,1962-10-13,Female,Indian,Consultant,"09/166, Choudhary Nagar",Kanpur,Uttar Pradesh,023142,Inactive,SRC018,0.96,2026-07-02 06:08:58,2025-08-06 10:43:38
P00599,Vihaan Chauhan,,1998-01-30,Male,Indian,Accountant,"H.No. 851, Dewan Ganj",Gwalior,Madhya Pradesh,972457,Inactive,SRC016,0.96,2024-05-30 08:11:42,2024-02-24 08:48:17
P00600,Arjun Yadav,,1992-12-18,Female,Indian,Security Guard,"H.No. 018, Chauhan Road",Surat,Gujarat,203036,Under Review,SRC030,0.95,2025-01-09 23:27:54,2024-12-09 18:29:35
P00601,Nikhil Sharma,N. Sharma,1972-04-19,Male,Indian,Manager,"17/213
Manda Zila",Kota,Rajasthan,195151,Under Review,SRC021,0.92,2026-05-21 09:44:08,2025-08-11 04:25:58
P00602,Kabir Agarwal,,1966-10-02,Female,Indian,Trader,"26/24
Mangat",Vadodara,Gujarat,147541,Active,SRC013,0.91,2026-02-06 13:22:05,2026-04-18 10:44:41
P00603,Deepak Singh,,2007-07-21,Female,Indian,Student,"H.No. 26, Sridhar Chowk",Dewas,Madhya Pradesh,196421,Under Review,SRC020,0.9,2024-11-10 07:56:35,2024-05-04 02:12:53
P00604,Riya Mehta,R. Mehta,1996-10-24,Male,Indian,Technician,"H.No. 76
Sachdev Chowk",Ujjain,Madhya Pradesh,236687,Inactive,SRC021,0.84,2025-06-08 04:49:31,2025-04-24 07:13:40
P00605,Karan Deshmukh,,1985-01-06,Female,Indian,Technician,"19, Vyas Marg",Jaipur,Rajasthan,135030,Under Review,SRC019,0.89,2024-12-18 14:43:42,2025-04-06 03:07:41
P00606,Deepak Mishra,,1964-06-25,Male,Indian,Sales Executive,"H.No. 552, Sharma Road",Dewas,Madhya Pradesh,863330,Under Review,SRC008,0.92,2025-12-27 19:50:08,2024-04-24 01:41:26
P00607,Isha Mehta,I. Mehta,1993-02-26,Male,Indian,Driver,"06, Bhagat Path",Mumbai,Maharashtra,917920,Active,SRC030,0.96,2024-05-22 22:05:51,2024-05-17 11:06:43
P00608,Raj Verma,,1970-03-02,Male,Indian,Driver,"62/27, Wable Street",Indore,Madhya Pradesh,765704,Inactive,SRC020,0.81,2024-04-18 06:17:57,2024-02-28 09:08:19
P00609,Neha Chauhan,,1990-06-08,Female,Indian,Trader,"20/66, Kuruvilla Chowk",Ahmedabad,Gujarat,362418,Under Review,SRC005,0.81,2025-01-02 08:47:15,2026-07-14 09:27:27
P00610,Sneha Khan,S. Khan,1995-07-28,Female,Indian,Technician,"03/62
Brahmbhatt Circle",Indore,Madhya Pradesh,756620,Inactive,SRC015,0.98,2026-02-20 15:34:42,2025-09-21 04:30:19
P00611,Raj Malhotra,,1967-08-08,Male,Indian,Manager,"H.No. 159, Bala Path",Kanpur,Uttar Pradesh,428113,Under Review,SRC015,0.91,2025-08-03 23:43:49,2026-01-06 02:17:19
P00612,Neha Shah,,1973-06-08,Female,Indian,Technician,"03/419, Basu",Kota,Rajasthan,005140,Inactive,SRC018,0.83,2026-08-12 01:36:29,2026-01-01 09:13:04
P00613,Aditya Yadav,,2006-07-26,Female,Indian,Sales Executive,"H.No. 65, Chatterjee Street",Ahmedabad,Gujarat,681820,Inactive,SRC001,0.78,2025-07-25 07:43:20,2025-01-06 19:04:23
P00614,Sneha Singh,,1987-07-29,Male,Indian,Trader,"H.No. 22, Brar Chowk",Vadodara,Gujarat,332288,Inactive,SRC010,0.78,2026-08-23 11:41:46,2025-08-15 07:16:17
P00615,Amit Agarwal,,1984-05-10,Male,Indian,Security Guard,"25
Parsa Road",Bengaluru,Karnataka,063399,Inactive,SRC007,0.87,2024-03-13 23:21:36,2024-05-28 06:52:39
P00616,Raj Mishra,,1989-09-08,Female,Indian,Student,"H.No. 024
Chahal Circle",Jaipur,Rajasthan,175242,Active,SRC009,0.8,2024-03-07 07:42:55,2025-07-14 22:41:58
P00617,Neha Jain,,1975-09-10,Female,Indian,Consultant,"747, Sathe Road",Lucknow,Uttar Pradesh,197054,Under Review,SRC024,0.89,2025-01-25 02:43:57,2026-04-13 20:41:11
P00618,Karan Mishra,,2004-06-11,Male,Indian,Sales Executive,"58, Murthy",Mumbai,Maharashtra,168740,Inactive,SRC004,0.91,2025-08-26 20:34:18,2025-09-18 11:34:37
P00619,Yash Yadav,,1995-06-19,Female,Indian,Accountant,"80/214, Dutt Marg",Nagpur,Maharashtra,136715,Inactive,SRC001,0.81,2025-03-29 07:10:25,2025-09-17 03:17:51
P00620,Raj Sharma,,2003-07-30,Female,Indian,Consultant,"H.No. 121
Sant Marg",Dewas,Madhya Pradesh,651559,Active,SRC023,0.87,2025-04-18 03:57:40,2025-11-14 07:53:44
P00621,Aarav Jain,A. Jain,1981-12-16,Female,Indian,Accountant,"08
Singhal Street",Ujjain,Madhya Pradesh,359096,Inactive,SRC014,0.85,2024-03-01 17:10:15,2026-02-25 16:52:34
P00622,Kavya Rathore,,1997-12-08,Male,Indian,Technician,"030
Madan Marg",Vadodara,Gujarat,212146,Active,SRC027,0.94,2024-03-20 12:04:16,2026-04-30 04:24:52
P00623,Rohan Verma,,1980-09-10,Male,Indian,Security Guard,"34/20
Sangha Zila",Nagpur,Maharashtra,423567,Inactive,SRC006,0.82,2025-04-07 15:51:44,2025-11-01 05:34:10
P00624,Sneha Malhotra,,1965-11-12,Male,Indian,Accountant,"H.No. 96
Issac Nagar",Jaipur,Rajasthan,992550,Inactive,SRC025,0.98,2024-05-26 10:37:21,2025-03-22 06:36:23
P00625,Vikram Verma,,1965-03-11,Male,Indian,Security Guard,"H.No. 648
Seshadri Nagar",Mumbai,Maharashtra,791033,Under Review,SRC007,0.88,2025-02-12 19:57:08,2025-06-15 08:12:20
P00626,Priya Agarwal,P. Agarwal,1966-02-21,Male,Indian,Security Guard,"533
Atwal",Surat,Gujarat,504481,Under Review,SRC004,0.83,2025-11-11 10:27:14,2025-09-23 09:23:07
P00627,Neha Agarwal,,1980-12-04,Male,Indian,Accountant,"H.No. 58
Virk Marg",Mumbai,Maharashtra,127652,Active,SRC008,0.91,2025-06-21 19:54:05,2024-06-07 06:22:10
P00628,Sanjay Sharma,,1979-11-25,Male,Indian,Student,"64/911
Chakraborty Zila",Dewas,Madhya Pradesh,961798,Active,SRC001,0.98,2024-04-07 00:14:34,2025-03-08 02:42:05
P00629,Siddharth Rathore,S. Rathore,1987-04-25,Male,Indian,Accountant,"46/337, Raj Circle",Bengaluru,Karnataka,371576,Active,SRC016,0.8,2026-06-02 11:27:56,2025-09-19 10:45:25
P00630,Yash Joshi,Y. Joshi,1997-09-08,Male,Indian,Security Guard,"H.No. 538
Loyal Road",Bhopal,Madhya Pradesh,463060,Active,SRC005,0.88,2024-01-16 02:39:29,2024-05-29 05:37:16
P00631,Sanjay Tiwari,,1976-10-06,Female,Indian,Accountant,"H.No. 29
Khurana Marg",Vadodara,Gujarat,396096,Active,SRC023,0.86,2024-05-05 09:22:59,2025-09-11 02:15:30
P00632,Isha Singh,,2007-07-08,Female,Indian,Trader,"58, Sarkar Street",Nagpur,Maharashtra,128196,Under Review,SRC010,0.89,2026-03-31 06:27:12,2025-09-02 09:08:19
P00633,Mohit Gupta,,1970-12-10,Female,Indian,Technician,"H.No. 31, Bal Zila",Hyderabad,Telangana,092098,Under Review,SRC015,0.84,2026-06-14 17:43:13,2024-03-17 15:29:43
P00634,Sneha Deshmukh,S. Deshmukh,1977-03-04,Male,Indian,Trader,"52, Kapadia Ganj",Kanpur,Uttar Pradesh,383640,Inactive,SRC027,0.84,2024-09-24 12:58:42,2026-06-28 17:33:25
P00635,Nikhil Yadav,,1989-09-01,Female,Indian,Sales Executive,"H.No. 791, Dhar Zila",Indore,Madhya Pradesh,421175,Active,SRC020,0.96,2026-06-07 01:49:01,2024-07-21 08:34:21
P00636,Pooja Deshmukh,,1962-10-21,Male,Indian,Security Guard,"17, Kade Zila",Pune,Maharashtra,657224,Inactive,SRC007,0.89,2024-01-10 20:47:45,2024-06-22 20:28:01
P00637,Mohit Tiwari,,1986-08-08,Female,Indian,Student,"H.No. 557, Ahluwalia",Jabalpur,Madhya Pradesh,841390,Under Review,SRC011,0.8,2025-06-05 11:36:07,2025-05-19 00:13:02
P00638,Varun Mehta,,1996-06-24,Male,Indian,Sales Executive,"H.No. 13, Narang Nagar",Bhopal,Madhya Pradesh,312447,Active,SRC007,0.8,2024-07-12 20:35:41,2024-03-30 11:40:47
P00639,Rahul Patel,,1993-10-13,Female,Indian,Trader,"76
Ratta Circle",Bhopal,Madhya Pradesh,423461,Under Review,SRC020,0.93,2025-07-21 21:21:14,2026-01-15 18:06:50
P00640,Karan Verma,,1973-07-24,Male,Indian,Business Owner,"76/769, Nagar Road",Vadodara,Gujarat,966395,Active,SRC021,0.88,2024-12-29 20:43:31,2025-09-07 14:46:28
P00641,Meera Mehta,,1960-12-12,Male,Indian,Technician,"H.No. 849, Memon Marg",Delhi,Delhi,601256,Under Review,SRC024,0.98,2026-02-08 13:00:43,2024-12-14 02:02:59
P00642,Amit Saxena,,1961-05-17,Female,Indian,Security Guard,"H.No. 25
Andra Zila",Bhopal,Madhya Pradesh,053795,Active,SRC024,0.79,2026-05-24 11:28:09,2025-06-30 11:25:51
P00643,Manish Mehta,,1977-05-02,Male,Indian,Driver,"31/84, Borde",Mumbai,Maharashtra,655330,Under Review,SRC008,0.89,2026-02-20 01:14:19,2025-04-30 04:29:50
P00644,Rahul Gupta,,2008-03-04,Male,Indian,Security Guard,"H.No. 172
Narain",Lucknow,Uttar Pradesh,390409,Under Review,SRC018,0.87,2026-08-19 06:43:10,2026-06-06 00:41:26
P00645,Arjun Shah,,1972-03-04,Female,Indian,Driver,"H.No. 880
Babu Path",Vadodara,Gujarat,716445,Active,SRC026,0.82,2026-01-03 08:13:19,2025-01-24 12:50:27
P00646,Ankit Bansal,,1986-01-18,Female,Indian,Technician,"90
Misra Marg",Surat,Gujarat,715910,Inactive,SRC018,0.99,2024-08-05 23:10:59,2026-03-14 04:03:39
P00647,Sanjay Saxena,,1964-09-29,Female,Indian,Technician,"63/213
Yogi Path",Kota,Rajasthan,040104,Under Review,SRC008,0.9,2024-03-14 00:23:05,2024-11-16 10:29:24
P00648,Rahul Chauhan,,1988-12-02,Female,Indian,Technician,"H.No. 22
Sharma",Kanpur,Uttar Pradesh,252967,Inactive,SRC015,0.98,2025-10-12 04:37:46,2025-05-22 16:13:33
P00649,Aarav Verma,,1969-12-08,Male,Indian,Consultant,"74/573
Lalla Zila",Ahmedabad,Gujarat,158331,Active,SRC010,0.99,2024-03-14 02:46:19,2025-04-26 06:02:00
P00650,Rahul Joshi,,1968-07-03,Female,Indian,Security Guard,"63, Cheema Chowk",Indore,Madhya Pradesh,398854,Under Review,SRC018,0.9,2025-11-20 09:10:50,2025-09-29 14:18:59
P00651,Siddharth Singh,S. Singh,2000-11-27,Female,Indian,Sales Executive,"356, Varghese Chowk",Gwalior,Madhya Pradesh,631462,Active,SRC009,0.86,2025-10-29 17:41:01,2026-07-14 19:18:06
P00652,Siddharth Jain,,1987-02-09,Female,Indian,Driver,"711, Babu Ganj",Pune,Maharashtra,240787,Under Review,SRC013,0.9,2024-12-08 10:53:44,2024-04-25 03:09:11
P00653,Rahul Mehta,,1985-09-26,Male,Indian,Trader,"32
Thakkar Marg",Surat,Gujarat,850745,Under Review,SRC023,0.9,2024-04-05 04:07:19,2025-09-23 02:36:54
P00654,Nandini Patel,,1995-01-01,Male,Indian,Manager,"436
Majumdar Street",Bengaluru,Karnataka,861031,Inactive,SRC003,0.94,2024-08-01 15:37:35,2024-02-21 16:52:23
P00655,Nandini Joshi,,1959-06-28,Female,Indian,Student,"181
Kara Road",Vadodara,Gujarat,661347,Active,SRC028,0.94,2024-07-19 03:37:54,2026-02-03 12:18:43
P00656,Isha Deshmukh,,1975-05-26,Female,Indian,Business Owner,"94/012
Sood Circle",Indore,Madhya Pradesh,325122,Inactive,SRC017,0.79,2024-11-19 04:29:27,2025-03-18 22:12:41
P00657,Raj Shah,,2006-09-29,Male,Indian,Sales Executive,"50
Lalla Street",Jabalpur,Madhya Pradesh,209579,Active,SRC022,0.93,2024-01-01 23:30:11,2026-04-29 15:23:57
P00658,Ankit Yadav,,1981-10-09,Male,Indian,Accountant,"H.No. 943, Thakur Circle",Bengaluru,Karnataka,211457,Inactive,SRC010,0.95,2025-04-22 09:56:07,2024-12-07 07:26:20
P00659,Rohan Singh,R. Singh,1985-07-02,Male,Indian,Security Guard,"H.No. 57
Pandit Nagar",Surat,Gujarat,589714,Inactive,SRC009,0.8,2025-10-29 06:25:53,2025-12-09 13:17:21
P00660,Varun Mishra,,1958-09-23,Female,Indian,Security Guard,"257
Konda Nagar",Jabalpur,Madhya Pradesh,531361,Active,SRC016,0.86,2026-07-28 09:15:35,2026-05-03 11:04:03
P00661,Siddharth Gupta,,1992-04-15,Male,Indian,Accountant,"24/55
Sahni Marg",Kanpur,Uttar Pradesh,430985,Active,SRC009,0.94,2026-03-22 15:34:28,2024-04-29 15:23:29
P00662,Sanjay Shah,S. Shah,1998-03-26,Female,Indian,Student,"H.No. 10
Din Chowk",Ujjain,Madhya Pradesh,284982,Inactive,SRC012,0.82,2024-10-22 10:43:55,2024-10-07 11:26:47
P00663,Nikhil Deshmukh,,1998-06-17,Male,Indian,Technician,"03, Dasgupta Road",Indore,Madhya Pradesh,740650,Under Review,SRC027,0.99,2024-02-18 13:18:45,2024-05-14 00:00:32
P00664,Deepak Deshmukh,,2002-06-26,Male,Indian,Accountant,"H.No. 423, Buch Marg",Jabalpur,Madhya Pradesh,307536,Under Review,SRC012,0.81,2025-02-15 03:41:52,2026-07-29 19:12:28
P00665,Isha Mehta,,1962-09-04,Male,Indian,Manager,"H.No. 94
Sarin Street",Gwalior,Madhya Pradesh,923426,Active,SRC028,0.95,2025-06-23 07:38:04,2024-10-19 22:24:21
P00666,Manish Sharma,,1962-01-13,Male,Indian,Consultant,"26/61
Vyas Street",Surat,Gujarat,585756,Inactive,SRC016,0.78,2025-03-29 22:56:07,2026-07-24 11:42:30
P00667,Rahul Tiwari,,1981-03-12,Female,Indian,Security Guard,"12, Mittal",Mumbai,Maharashtra,985298,Inactive,SRC020,0.93,2026-05-25 14:45:16,2026-05-04 02:30:28
P00668,Rohan Sharma,,1960-05-26,Male,Indian,Consultant,"607
Sharma Circle",Jaipur,Rajasthan,104159,Active,SRC002,0.84,2024-04-04 18:27:46,2024-10-09 17:33:08
P00669,Kavya Deshmukh,K. Deshmukh,1982-03-23,Male,Indian,Driver,"H.No. 198
Jayaraman Nagar",Nagpur,Maharashtra,872324,Inactive,SRC022,0.84,2025-09-03 06:38:52,2025-11-30 17:24:17
P00670,Riya Saxena,R. Saxena,2005-06-07,Female,Indian,Accountant,"31/10
Dara Street",Gwalior,Madhya Pradesh,331708,Inactive,SRC017,0.99,2025-03-07 19:59:17,2024-02-24 03:36:45
P00671,Arjun Joshi,,1963-11-19,Male,Indian,Sales Executive,"23
Lad Circle",Gurugram,Haryana,916202,Active,SRC017,0.98,2024-05-17 20:39:20,2025-12-25 11:51:50
P00672,Raj Sharma,,1969-12-11,Female,Indian,Technician,"74, Chaudhry Road",Bhopal,Madhya Pradesh,546617,Inactive,SRC013,0.94,2025-02-09 15:21:58,2025-02-17 08:41:57
P00673,Aarav Saxena,,1959-02-05,Female,Indian,Accountant,"H.No. 960
Mitter",Vadodara,Gujarat,970527,Under Review,SRC009,0.95,2026-05-08 14:22:10,2025-03-21 23:23:35
P00674,Neha Malhotra,,1958-02-18,Male,Indian,Security Guard,"H.No. 88, Palla Ganj",Jaipur,Rajasthan,812259,Inactive,SRC008,0.81,2024-11-26 03:07:30,2025-11-26 20:56:16
P00675,Meera Chauhan,M. Chauhan,1997-10-16,Female,Indian,Security Guard,"46/176
Gole Chowk",Jabalpur,Madhya Pradesh,259959,Under Review,SRC020,0.96,2025-08-23 19:16:36,2025-01-27 20:55:37
P00676,Priya Jain,,1959-12-17,Male,Indian,Student,"117, Naik Chowk",Kota,Rajasthan,312661,Inactive,SRC030,0.91,2024-03-01 06:06:39,2024-08-31 17:17:55
P00677,Deepak Tiwari,,1959-07-31,Male,Indian,Manager,"59, Ghosh Nagar",Jabalpur,Madhya Pradesh,176298,Under Review,SRC022,0.95,2024-07-13 08:11:54,2024-09-02 16:15:42
P00678,Riya Singh,,1979-12-26,Male,Indian,Student,"326
Handa Circle",Ahmedabad,Gujarat,901302,Active,SRC021,0.98,2026-05-19 04:07:54,2024-12-15 20:28:06
P00679,Nandini Khan,N. Khan,1978-06-24,Male,Indian,Sales Executive,"H.No. 28, Gupta Chowk",Surat,Gujarat,978559,Inactive,SRC027,0.96,2026-05-25 11:05:47,2026-04-10 09:06:04
P00680,Isha Sharma,,1998-07-21,Female,Indian,Student,"61
Brar",Surat,Gujarat,841173,Inactive,SRC015,0.94,2024-02-20 02:08:16,2025-06-09 22:38:38
P00681,Sneha Malhotra,,1958-10-26,Male,Indian,Sales Executive,"H.No. 65
Dugar Zila",Jabalpur,Madhya Pradesh,189389,Active,SRC001,0.94,2025-05-01 13:05:51,2025-01-23 10:34:38
P00682,Yash Deshmukh,,1960-07-23,Male,Indian,Manager,"74/00, Sama Path",Nagpur,Maharashtra,350238,Active,SRC008,0.92,2026-03-05 17:02:06,2024-11-16 17:02:00
P00683,Nikhil Mehta,N. Mehta,1996-04-17,Female,Indian,Technician,"719, Banik",Gurugram,Haryana,169918,Active,SRC028,0.86,2025-04-10 20:16:18,2024-05-05 23:15:24
P00684,Mohit Singh,,1994-07-24,Male,Indian,Student,"H.No. 783, Sankar Path",Dewas,Madhya Pradesh,430003,Active,SRC030,0.84,2025-06-03 18:18:29,2026-04-17 01:35:47
P00685,Amit Jain,,1992-06-13,Male,Indian,Sales Executive,"70/66, Sani Street",Mumbai,Maharashtra,821719,Inactive,SRC028,0.91,2026-08-14 00:08:49,2024-12-23 18:43:58
P00686,Ananya Joshi,,1967-07-19,Female,Indian,Student,"H.No. 331
Anne",Delhi,Delhi,689003,Active,SRC020,0.93,2026-03-01 16:20:47,2024-03-15 13:02:09
P00687,Ankit Joshi,,1964-02-18,Male,Indian,Security Guard,"H.No. 05, Konda Path",Jaipur,Rajasthan,296711,Active,SRC015,0.88,2024-03-15 07:34:33,2026-07-02 00:49:10
P00688,Meera Verma,,1968-03-02,Female,Indian,Business Owner,"745
Master Circle",Pune,Maharashtra,845881,Under Review,SRC013,0.89,2024-02-22 12:57:01,2026-05-26 02:44:00
P00689,Neha Verma,,1993-08-26,Female,Indian,Consultant,"H.No. 13
Verma Street",Mumbai,Maharashtra,483152,Inactive,SRC015,0.81,2024-02-04 21:34:55,2024-08-16 18:10:39
P00690,Manish Deshmukh,,1980-02-15,Male,Indian,Trader,"H.No. 070
Mall Road",Bhopal,Madhya Pradesh,410496,Under Review,SRC015,0.8,2025-04-26 23:35:17,2026-04-19 11:28:14
P00691,Varun Patel,,1977-04-15,Male,Indian,Student,"362, Walia Marg",Dewas,Madhya Pradesh,408509,Inactive,SRC011,0.87,2026-01-04 02:34:19,2024-11-23 03:22:10
P00692,Kabir Yadav,,1999-11-27,Male,Indian,Trader,"30/59
Sane Marg",Hyderabad,Telangana,186487,Active,SRC009,0.85,2025-02-16 09:23:43,2025-11-30 19:13:48
P00693,Neha Khan,N. Khan,1996-11-21,Female,Indian,Technician,"673
Aurora Street",Gwalior,Madhya Pradesh,413845,Active,SRC017,0.93,2025-07-09 15:55:17,2024-02-07 13:31:55
P00694,Isha Bansal,,1971-08-29,Female,Indian,Security Guard,"49/014
Nagi",Bengaluru,Karnataka,277070,Inactive,SRC002,0.94,2025-03-29 20:17:42,2026-07-28 19:21:28
P00695,Nandini Joshi,,1982-02-28,Male,Indian,Sales Executive,"09, Malhotra Zila",Hyderabad,Telangana,172444,Active,SRC006,0.94,2026-04-25 14:10:51,2024-05-03 18:53:57
P00696,Vihaan Mishra,,1989-10-25,Female,Indian,Consultant,"03/10, Toor Street",Ahmedabad,Gujarat,950830,Under Review,SRC006,0.8,2026-07-15 00:11:13,2026-08-23 04:30:35
P00697,Rohan Gupta,,2007-05-30,Female,Indian,Business Owner,"58/093, Chopra Path",Indore,Madhya Pradesh,871813,Inactive,SRC016,0.96,2024-07-17 12:47:12,2025-07-08 23:11:03
P00698,Raj Sharma,,1999-12-16,Male,Indian,Accountant,"H.No. 642
Narain Nagar",Bengaluru,Karnataka,565749,Under Review,SRC022,0.88,2024-01-31 07:35:15,2024-12-24 08:35:10
P00699,Amit Yadav,,1972-07-03,Male,Indian,Accountant,"01/93, Vaidya Path",Ujjain,Madhya Pradesh,369026,Under Review,SRC009,0.91,2026-01-12 00:30:41,2025-09-23 16:24:01
P00700,Raj Gupta,,2006-05-21,Male,Indian,Technician,"89/86, Dara Circle",Bhopal,Madhya Pradesh,978875,Active,SRC005,0.96,2024-09-18 21:57:17,2026-03-24 10:28:50
P00701,Priya Shah,,1972-08-13,Male,Indian,Business Owner,"H.No. 35, Shah Ganj",Bengaluru,Karnataka,137651,Active,SRC014,0.99,2024-12-08 11:32:40,2025-05-06 23:47:08
P00702,Kabir Agarwal,,2004-04-25,Male,Indian,Trader,"37/63
Dass",Bengaluru,Karnataka,692944,Under Review,SRC019,0.86,2024-11-28 08:23:05,2024-04-24 18:41:45
P00703,Vihaan Mehta,,1978-07-03,Female,Indian,Driver,"73/27, Ganesan Nagar",Ahmedabad,Gujarat,648712,Inactive,SRC027,0.9,2026-04-25 23:36:06,2026-03-22 08:15:54
P00704,Manish Rathore,M. Rathore,1958-11-21,Female,Indian,Technician,"H.No. 288, Sami Marg",Jabalpur,Madhya Pradesh,268341,Under Review,SRC014,0.89,2024-11-23 17:08:50,2026-03-13 10:45:29
P00705,Ananya Gupta,A. Gupta,1974-11-02,Male,Indian,Trader,"01/576, Sarin Chowk",Bengaluru,Karnataka,722981,Under Review,SRC023,0.91,2024-05-28 03:29:29,2024-01-08 13:45:57
P00706,Kavya Agarwal,,1987-12-01,Female,Indian,Consultant,"57
Trivedi Street",Kota,Rajasthan,134750,Under Review,SRC019,0.99,2025-07-02 21:35:42,2026-05-23 01:47:15
P00707,Nikhil Singh,,1987-03-30,Female,Indian,Trader,"H.No. 56
Gokhale Path",Bengaluru,Karnataka,036849,Active,SRC029,0.91,2026-05-05 20:02:22,2024-11-01 21:06:26
P00708,Ananya Agarwal,A. Agarwal,1975-05-21,Male,Indian,Trader,"H.No. 447, Kapur Chowk",Mumbai,Maharashtra,449134,Under Review,SRC026,0.8,2024-05-17 04:42:17,2024-07-20 06:12:01
P00709,Riya Gupta,,2000-06-12,Female,Indian,Business Owner,"H.No. 908, Hayer Circle",Bengaluru,Karnataka,705349,Inactive,SRC012,0.9,2025-02-18 23:41:16,2025-03-08 19:32:45
P00710,Neha Gupta,,1964-02-08,Female,Indian,Consultant,"H.No. 11
Sankaran Chowk",Indore,Madhya Pradesh,412415,Active,SRC010,0.84,2026-02-20 22:37:35,2025-12-25 04:22:08
P00711,Raj Joshi,R. Joshi,1969-01-05,Female,Indian,Technician,"H.No. 28, Majumdar Path",Indore,Madhya Pradesh,815061,Inactive,SRC024,0.9,2026-06-26 04:39:27,2026-02-11 18:05:51
P00712,Aarav Khan,,1973-11-11,Female,Indian,Trader,"03/296, Hayre Ganj",Mumbai,Maharashtra,727274,Inactive,SRC026,0.79,2024-05-08 05:36:18,2025-09-09 15:12:45
P00713,Rohan Rathore,,1962-03-12,Female,Indian,Trader,"H.No. 617, Joshi Circle",Jabalpur,Madhya Pradesh,064969,Inactive,SRC030,0.94,2024-08-16 09:04:58,2024-12-05 06:55:50
P00714,Sneha Bansal,,1984-09-21,Female,Indian,Security Guard,"H.No. 34, Suri Chowk",Ahmedabad,Gujarat,958741,Under Review,SRC001,0.82,2024-08-01 00:27:56,2026-07-25 22:05:00
P00715,Priya Joshi,P. Joshi,2003-05-29,Male,Indian,Consultant,"75
Sandal Ganj",Vadodara,Gujarat,275156,Active,SRC011,0.99,2025-11-16 18:55:43,2026-01-22 19:01:01
P00716,Neha Tiwari,,1982-05-05,Female,Indian,Sales Executive,"63/04
Tripathi Road",Dewas,Madhya Pradesh,608545,Under Review,SRC004,0.96,2025-02-04 03:01:17,2026-02-26 04:28:52
P00717,Pooja Agarwal,,1979-05-10,Female,Indian,Student,"H.No. 473
Bath Path",Surat,Gujarat,763928,Active,SRC016,0.96,2024-07-19 15:12:05,2025-08-31 09:41:25
P00718,Nikhil Yadav,,2006-01-05,Female,Indian,Sales Executive,"980
Raghavan Nagar",Ahmedabad,Gujarat,558108,Active,SRC012,0.94,2024-07-23 18:44:28,2025-06-05 00:21:27
P00719,Pooja Gupta,,2007-12-01,Male,Indian,Trader,"34/255
Kale Marg",Ujjain,Madhya Pradesh,000818,Under Review,SRC005,0.82,2025-01-22 04:38:03,2025-04-16 19:23:00
P00720,Nandini Rathore,,1965-09-03,Female,Indian,Sales Executive,"H.No. 330
Dasgupta Road",Lucknow,Uttar Pradesh,624111,Active,SRC027,0.99,2025-05-05 21:18:34,2025-11-15 11:52:50
P00721,Varun Singh,,1995-01-13,Female,Indian,Student,"H.No. 892, Raman Zila",Mumbai,Maharashtra,945680,Under Review,SRC028,0.89,2024-10-20 23:53:58,2025-03-22 12:21:52
P00722,Aarav Agarwal,,1962-10-02,Male,Indian,Technician,"46
Kapadia Zila",Bhopal,Madhya Pradesh,847488,Inactive,SRC029,0.79,2024-08-26 00:13:37,2024-01-17 17:56:49
P00723,Varun Agarwal,,1983-01-07,Female,Indian,Accountant,"H.No. 81
Kapur Chowk",Indore,Madhya Pradesh,637579,Inactive,SRC007,0.82,2024-04-16 00:09:51,2024-10-29 05:21:37
P00724,Karan Tiwari,,1965-01-01,Male,Indian,Consultant,"H.No. 823, Krish Chowk",Surat,Gujarat,269789,Active,SRC006,0.84,2026-01-10 01:06:05,2024-02-27 08:12:08
P00725,Aarav Deshmukh,,1982-11-01,Male,Indian,Security Guard,"H.No. 52
Nagy Nagar",Kanpur,Uttar Pradesh,043878,Inactive,SRC018,0.85,2025-05-01 07:41:26,2026-07-22 13:40:00
P00726,Rohan Agarwal,,1969-09-10,Male,Indian,Consultant,"78/811
Brahmbhatt Marg",Hyderabad,Telangana,202812,Under Review,SRC029,0.85,2024-07-11 00:55:42,2026-04-26 06:22:57
P00727,Deepak Verma,D. Verma,1963-06-20,Male,Indian,Driver,"28
Dey Chowk",Jabalpur,Madhya Pradesh,604164,Inactive,SRC002,0.8,2025-12-01 12:06:31,2026-05-06 11:02:31
P00728,Ankit Khan,,1971-07-01,Female,Indian,Manager,"59/22
Virk Road",Bengaluru,Karnataka,958947,Inactive,SRC010,0.85,2025-03-26 09:10:39,2026-06-29 22:12:02
P00729,Rahul Tiwari,,2004-12-13,Female,Indian,Manager,"870, Saha Path",Ujjain,Madhya Pradesh,271043,Active,SRC003,0.95,2024-07-12 21:17:52,2024-04-01 07:32:05
P00730,Nandini Yadav,,1981-01-21,Female,Indian,Trader,"H.No. 979, Bhavsar Street",Gwalior,Madhya Pradesh,835034,Active,SRC008,0.81,2024-10-03 12:20:53,2026-06-05 21:35:53
P00731,Meera Deshmukh,,1979-05-28,Female,Indian,Sales Executive,"H.No. 96
Jain Road",Nagpur,Maharashtra,921342,Under Review,SRC030,0.92,2024-09-12 20:07:09,2024-04-09 13:25:34
P00732,Kavya Joshi,,1998-04-24,Male,Indian,Trader,"H.No. 99
Malhotra",Delhi,Delhi,320331,Active,SRC012,0.88,2026-06-23 10:47:03,2025-08-21 07:41:53
P00733,Riya Khan,,1964-12-24,Male,Indian,Security Guard,"H.No. 510
Vaidya Street",Ahmedabad,Gujarat,675481,Active,SRC013,0.95,2024-08-22 06:31:42,2025-01-17 15:05:45
P00734,Kavya Patel,,1997-02-20,Male,Indian,Consultant,"H.No. 48
Wali Path",Surat,Gujarat,932426,Under Review,SRC015,0.86,2025-06-29 08:27:57,2025-04-21 20:39:48
P00735,Amit Jain,,1997-11-27,Male,Indian,Trader,"65/20, Shukla Path",Bengaluru,Karnataka,639836,Inactive,SRC003,0.85,2024-12-30 02:27:18,2026-06-26 23:54:35
P00736,Sneha Shah,,2008-06-09,Female,Indian,Manager,"58, Ahluwalia Ganj",Kota,Rajasthan,515480,Inactive,SRC018,0.93,2025-08-13 09:23:46,2024-02-02 14:57:01
P00737,Kabir Mehta,,1971-09-10,Male,Indian,Manager,"04
Bhandari Road",Hyderabad,Telangana,797727,Under Review,SRC015,0.85,2025-12-30 16:30:19,2025-09-22 01:33:08
P00738,Arjun Yadav,,1985-06-30,Female,Indian,Driver,"H.No. 509, Goel Street",Dewas,Madhya Pradesh,161070,Under Review,SRC004,0.92,2024-11-01 18:03:07,2026-04-14 17:27:15
P00739,Yash Chauhan,,1971-10-27,Male,Indian,Driver,"90/552, Peri",Surat,Gujarat,660138,Active,SRC027,0.81,2024-05-23 12:44:44,2024-09-16 10:28:55
P00740,Siddharth Sharma,,1966-06-21,Female,Indian,Security Guard,"H.No. 93, Rout Circle",Jabalpur,Madhya Pradesh,044851,Inactive,SRC013,0.91,2024-11-28 05:35:54,2025-07-06 19:58:55
P00741,Deepak Gupta,,1993-03-07,Female,Indian,Consultant,"H.No. 112
Grewal Zila",Mumbai,Maharashtra,902035,Under Review,SRC026,0.97,2025-03-23 22:04:19,2026-05-03 12:20:12
P00742,Manish Mishra,,2005-10-10,Male,Indian,Manager,"32/406
Gokhale Road",Vadodara,Gujarat,295633,Under Review,SRC013,0.96,2024-09-22 10:24:43,2024-07-12 20:17:38
P00743,Riya Agarwal,,2007-08-12,Male,Indian,Business Owner,"74/175
Patla",Bhopal,Madhya Pradesh,872096,Under Review,SRC018,0.95,2024-05-31 12:00:18,2025-07-07 08:32:46
P00744,Nikhil Patel,,2008-05-08,Male,Indian,Student,"H.No. 43
Thakur Path",Ahmedabad,Gujarat,183437,Under Review,SRC019,0.86,2024-09-10 19:16:25,2026-06-16 00:39:40
P00745,Sanjay Chauhan,,1984-01-15,Male,Indian,Sales Executive,"27, Naidu",Jaipur,Rajasthan,969051,Inactive,SRC005,0.82,2025-09-04 11:25:55,2026-04-25 20:34:23
P00746,Ankit Saxena,A. Saxena,1958-01-27,Male,Indian,Sales Executive,"55
Grover Zila",Kota,Rajasthan,427820,Active,SRC003,0.92,2025-03-03 03:43:53,2025-08-22 23:07:51
P00747,Rohan Rathore,,1987-12-11,Male,Indian,Driver,"67/345
Nazareth",Kota,Rajasthan,640381,Active,SRC021,0.95,2025-02-13 14:51:52,2026-01-23 04:08:23
P00748,Riya Yadav,,2006-04-28,Male,Indian,Trader,"02/82
Viswanathan Road",Bengaluru,Karnataka,922501,Under Review,SRC014,0.9,2024-10-27 22:09:20,2026-01-15 03:30:04
P00749,Deepak Chauhan,,1998-07-19,Female,Indian,Manager,"27
Divan Nagar",Vadodara,Gujarat,244123,Active,SRC019,0.88,2026-04-14 14:27:46,2025-02-28 18:17:22
P00750,Isha Jain,,1994-08-08,Female,Indian,Business Owner,"85/072, Chaudhry Path",Lucknow,Uttar Pradesh,863767,Active,SRC019,0.88,2025-11-18 03:44:42,2026-01-12 10:53:15
P00751,Nikhil Patel,,1962-07-23,Male,Indian,Sales Executive,"H.No. 26, Mandal Path",Hyderabad,Telangana,968157,Under Review,SRC024,0.89,2025-10-13 18:57:36,2026-08-02 00:42:35
P00752,Riya Malhotra,,1959-01-16,Male,Indian,Accountant,"555, Agarwal Circle",Delhi,Delhi,132730,Inactive,SRC021,0.94,2024-07-24 12:41:51,2025-02-27 15:28:31
P00753,Priya Mehta,,1974-12-27,Female,Indian,Manager,"24, Ram Road",Kanpur,Uttar Pradesh,046226,Active,SRC029,0.85,2025-10-25 21:59:54,2026-03-22 16:59:50
P00754,Pooja Sharma,,1981-05-19,Female,Indian,Manager,"H.No. 16, Dyal Nagar",Gurugram,Haryana,298670,Under Review,SRC011,0.87,2025-04-18 00:19:36,2026-07-23 00:04:35
P00755,Kavya Agarwal,K. Agarwal,1978-02-26,Female,Indian,Manager,"H.No. 64, Seshadri Zila",Ahmedabad,Gujarat,758512,Inactive,SRC002,0.91,2026-08-12 06:06:44,2025-06-01 08:31:47
P00756,Siddharth Khan,S. Khan,1977-03-24,Female,Indian,Manager,"059, Hora Road",Hyderabad,Telangana,607401,Active,SRC010,0.88,2026-04-24 11:07:26,2025-03-23 19:46:28
P00757,Rohan Bansal,,1960-03-22,Female,Indian,Consultant,"H.No. 65
Bajwa Road",Ujjain,Madhya Pradesh,245607,Active,SRC020,0.84,2024-11-11 20:49:09,2025-09-10 19:28:04
P00758,Riya Malhotra,,1988-01-21,Male,Indian,Manager,"08/632
Warrior Zila",Indore,Madhya Pradesh,227645,Under Review,SRC005,0.92,2026-08-03 14:42:21,2025-11-01 09:20:24
P00759,Nikhil Khan,,1970-02-13,Male,Indian,Trader,"H.No. 155
Din Nagar",Nagpur,Maharashtra,681546,Active,SRC026,0.89,2025-01-24 22:04:15,2024-06-27 23:08:29
P00760,Vihaan Joshi,,1995-10-03,Male,Indian,Trader,"13, Lal",Ujjain,Madhya Pradesh,988305,Inactive,SRC025,0.86,2025-07-11 20:32:33,2024-07-28 09:34:00
P00761,Priya Yadav,,2005-05-19,Female,Indian,Business Owner,"24/809
Golla Marg",Dewas,Madhya Pradesh,406306,Under Review,SRC009,0.94,2025-10-01 11:13:58,2024-09-24 08:23:51
P00762,Arjun Verma,,1981-04-03,Female,Indian,Consultant,"H.No. 330
Kant Path",Dewas,Madhya Pradesh,949796,Inactive,SRC024,0.98,2025-09-09 15:12:40,2024-11-15 21:01:01
P00763,Nandini Tiwari,,1977-07-06,Female,Indian,Trader,"H.No. 55, Saxena Path",Pune,Maharashtra,773826,Inactive,SRC005,0.89,2024-09-05 18:56:00,2024-02-01 09:29:15
P00764,Amit Sharma,,2001-02-19,Female,Indian,Student,"78/513, Pingle Circle",Ahmedabad,Gujarat,457702,Under Review,SRC011,0.98,2025-08-30 23:47:37,2024-06-11 05:34:46
P00765,Priya Verma,,1975-08-09,Female,Indian,Student,"04
Swaminathan Circle",Gwalior,Madhya Pradesh,682691,Under Review,SRC030,0.92,2024-04-04 08:40:22,2024-07-31 09:52:02
P00766,Karan Joshi,,2008-04-08,Male,Indian,Consultant,"268
Pandey Marg",Nagpur,Maharashtra,694551,Under Review,SRC019,0.86,2025-10-08 07:12:21,2025-10-30 07:10:41
P00767,Pooja Jain,,1989-12-16,Female,Indian,Sales Executive,"88/63
Talwar Marg",Hyderabad,Telangana,472264,Inactive,SRC018,0.78,2024-01-04 05:56:04,2026-03-18 11:02:16
P00768,Aarav Mehta,,1996-07-30,Male,Indian,Trader,"16/966, Gulati Marg",Indore,Madhya Pradesh,932998,Inactive,SRC008,0.93,2026-08-29 22:32:36,2025-08-06 09:06:57
P00769,Karan Gupta,K. Gupta,1995-01-04,Male,Indian,Business Owner,"H.No. 93, Sodhi Street",Bhopal,Madhya Pradesh,509688,Under Review,SRC022,0.97,2026-04-20 03:00:37,2026-04-07 08:24:57
P00770,Rahul Deshmukh,,1965-11-25,Male,Indian,Driver,"32/735
Memon Street",Gwalior,Madhya Pradesh,039773,Under Review,SRC005,0.86,2025-10-27 05:05:14,2025-03-07 16:11:21
P00771,Pooja Shah,,1970-01-02,Male,Indian,Consultant,"81, Narula",Dewas,Madhya Pradesh,371006,Inactive,SRC015,0.92,2026-04-23 15:38:54,2026-08-26 15:43:22
P00772,Aditya Yadav,,2001-08-22,Female,Indian,Consultant,"48, Walla Zila",Nagpur,Maharashtra,770460,Active,SRC025,0.8,2024-12-19 13:29:33,2025-11-28 06:37:05
P00773,Pooja Verma,,1983-10-05,Male,Indian,Consultant,"11
Lala Street",Jaipur,Rajasthan,256523,Inactive,SRC006,0.87,2026-02-13 01:45:21,2024-07-23 09:54:16
P00774,Mohit Gupta,,1962-08-16,Female,Indian,Driver,"73, Oommen Road",Bengaluru,Karnataka,757494,Active,SRC018,0.94,2025-08-01 09:05:08,2026-01-10 18:24:30
P00775,Rahul Deshmukh,,1965-03-21,Female,Indian,Driver,"H.No. 359
Manne Path",Gwalior,Madhya Pradesh,294774,Active,SRC003,0.79,2024-05-30 06:30:46,2026-02-22 10:59:56
P00776,Isha Malhotra,I. Malhotra,1964-03-23,Female,Indian,Sales Executive,"43
Kakar Nagar",Delhi,Delhi,290458,Under Review,SRC021,0.78,2025-12-26 07:55:02,2026-08-27 05:20:10
P00777,Vihaan Chauhan,V. Chauhan,1978-05-15,Female,Indian,Student,"H.No. 29, Murthy Circle",Nagpur,Maharashtra,672872,Under Review,SRC001,0.89,2025-04-15 22:19:52,2025-01-04 14:46:46
P00778,Pooja Rathore,,1991-10-11,Male,Indian,Security Guard,"H.No. 34, Kapur Ganj",Gurugram,Haryana,491357,Active,SRC001,0.86,2025-03-22 22:04:50,2026-06-07 01:25:44
P00779,Ananya Rathore,,2003-11-22,Female,Indian,Technician,"35/061, Tripathi Path",Gwalior,Madhya Pradesh,488810,Under Review,SRC010,0.86,2025-03-10 13:46:13,2025-05-23 19:54:01
P00780,Neha Mehta,,1970-02-24,Female,Indian,Driver,"33/720, Lata",Vadodara,Gujarat,131284,Inactive,SRC025,0.94,2024-02-29 05:19:19,2024-08-09 10:35:38
P00781,Neha Gupta,,1987-07-16,Female,Indian,Accountant,"18
Nagar Nagar",Dewas,Madhya Pradesh,371717,Inactive,SRC023,0.86,2024-07-11 01:35:49,2025-06-11 17:23:49
P00782,Arjun Saxena,A. Saxena,1968-08-19,Female,Indian,Accountant,"H.No. 90
Sani",Gurugram,Haryana,739970,Active,SRC002,0.82,2024-09-01 22:48:50,2025-01-31 04:12:26
P00783,Isha Shah,,1971-06-24,Male,Indian,Security Guard,"H.No. 87, Mander Circle",Pune,Maharashtra,483548,Under Review,SRC010,0.88,2025-05-04 11:30:37,2025-09-01 00:31:26
P00784,Sneha Yadav,S. Yadav,1963-05-10,Male,Indian,Technician,"05, Singhal Circle",Indore,Madhya Pradesh,221641,Under Review,SRC002,0.87,2026-06-19 07:29:48,2025-03-07 05:34:02
P00785,Rahul Bansal,,1990-03-15,Male,Indian,Manager,"133, Thaker Road",Delhi,Delhi,587149,Active,SRC030,0.8,2024-07-23 14:44:13,2025-10-15 17:54:38
P00786,Isha Singh,,1974-03-08,Female,Indian,Manager,"22, Dugar",Gurugram,Haryana,879643,Active,SRC008,0.93,2026-06-26 15:45:44,2025-04-04 05:42:57
P00787,Rohan Sharma,,2001-05-03,Female,Indian,Driver,"H.No. 24
Pandya Path",Dewas,Madhya Pradesh,746966,Inactive,SRC020,0.82,2024-01-06 12:27:53,2026-07-03 14:35:00
P00788,Siddharth Mehta,S. Mehta,1960-06-28,Male,Indian,Driver,"H.No. 27
Bahl Road",Gwalior,Madhya Pradesh,344505,Active,SRC014,0.85,2025-02-19 22:56:28,2025-01-07 01:57:09
P00789,Sneha Chauhan,S. Chauhan,1986-02-17,Male,Indian,Technician,"987, Chhabra Road",Surat,Gujarat,325797,Active,SRC025,0.79,2026-07-15 08:09:48,2026-07-10 03:31:40
P00790,Kabir Joshi,K. Joshi,1997-07-06,Male,Indian,Student,"73/499
Bhargava Marg",Ujjain,Madhya Pradesh,054857,Active,SRC023,0.86,2026-06-17 16:02:58,2024-04-18 00:47:27
P00791,Kabir Yadav,,1964-07-08,Male,Indian,Sales Executive,"H.No. 62, Mistry Street",Pune,Maharashtra,817359,Active,SRC026,0.96,2025-06-15 19:51:22,2025-10-04 20:27:04
P00792,Yash Chauhan,Y. Chauhan,1986-01-22,Female,Indian,Driver,"02/155
Kala Chowk",Dewas,Madhya Pradesh,573755,Active,SRC001,0.82,2024-07-12 14:42:06,2026-08-03 05:02:08
P00793,Aditya Shah,,1970-11-18,Female,Indian,Sales Executive,"166, Sur Marg",Ahmedabad,Gujarat,808509,Active,SRC005,0.91,2025-03-01 09:39:21,2024-02-01 05:13:33
P00794,Varun Yadav,,1983-05-21,Male,Indian,Manager,"74/95
Borra Zila",Kota,Rajasthan,818281,Under Review,SRC002,0.91,2025-07-12 10:18:08,2025-03-31 19:10:10
P00795,Ananya Rathore,,1990-10-30,Female,Indian,Technician,"H.No. 647, Doshi Chowk",Bengaluru,Karnataka,129578,Inactive,SRC001,0.9,2026-01-30 00:32:55,2025-12-20 11:50:15
P00796,Rahul Patel,,2006-01-16,Female,Indian,Security Guard,"94, Ramakrishnan Nagar",Lucknow,Uttar Pradesh,035624,Under Review,SRC008,0.88,2026-04-12 11:22:43,2025-07-22 14:21:34
P00797,Neha Gupta,N. Gupta,1996-10-29,Male,Indian,Sales Executive,"39/592
Divan Ganj",Nagpur,Maharashtra,421089,Under Review,SRC028,0.98,2026-07-07 23:50:27,2024-02-08 09:17:48
P00798,Mohit Rathore,M. Rathore,1964-02-29,Male,Indian,Business Owner,"H.No. 553
Jaggi Ganj",Dewas,Madhya Pradesh,264335,Under Review,SRC012,0.84,2024-01-27 13:25:35,2026-05-03 22:35:35
P00799,Amit Malhotra,,2005-11-01,Female,Indian,Business Owner,"07, Rai Ganj",Surat,Gujarat,776336,Active,SRC024,0.79,2025-07-28 06:45:06,2024-05-01 06:48:39
P00800,Raj Khan,,2007-02-07,Female,Indian,Security Guard,"317, Parmar",Dewas,Madhya Pradesh,633185,Active,SRC003,0.97,2025-04-10 01:45:52,2025-05-09 23:59:08
P00801,Isha Yadav,,2005-11-10,Female,Indian,Accountant,"H.No. 666, Pant Zila",Hyderabad,Telangana,416431,Under Review,SRC022,0.97,2025-09-24 20:54:11,2026-02-27 07:04:35
P00802,Vikram Patel,,2002-05-06,Male,Indian,Student,"H.No. 50, Kothari Street",Surat,Gujarat,902822,Active,SRC013,0.97,2025-11-07 07:16:46,2026-01-11 16:56:44
P00803,Aditya Rathore,,1960-10-15,Female,Indian,Sales Executive,"45/962, Gera Marg",Hyderabad,Telangana,822512,Active,SRC030,0.91,2024-01-30 04:05:45,2024-07-17 13:36:13
P00804,Kabir Chauhan,K. Chauhan,1978-04-04,Male,Indian,Technician,"H.No. 95
Bal Nagar",Vadodara,Gujarat,070260,Inactive,SRC007,0.85,2025-06-08 21:49:06,2026-01-11 21:57:12
P00805,Vihaan Shah,,1994-07-09,Male,Indian,Trader,"105, Chanda Ganj",Bhopal,Madhya Pradesh,117768,Inactive,SRC014,0.82,2025-03-04 12:35:25,2026-04-13 18:41:41
P00806,Sanjay Jain,,1998-12-13,Male,Indian,Manager,"H.No. 77, Dave Road",Ahmedabad,Gujarat,859177,Under Review,SRC028,0.83,2025-12-29 12:05:02,2026-04-08 23:10:03
P00807,Amit Bansal,,1967-09-06,Male,Indian,Manager,"22/31, Raval Zila",Gurugram,Haryana,913342,Inactive,SRC027,0.88,2025-12-11 07:40:00,2024-10-19 23:28:38
P00808,Aarav Mishra,,1993-11-26,Female,Indian,Manager,"98/894
Narang Street",Pune,Maharashtra,529060,Active,SRC029,0.97,2026-02-11 18:02:17,2026-08-11 01:59:56
P00809,Rohan Shah,,1958-05-26,Male,Indian,Business Owner,"265, Srivastava Nagar",Indore,Madhya Pradesh,539673,Inactive,SRC024,0.94,2025-03-16 22:58:36,2024-09-12 17:00:50
P00810,Vihaan Mishra,,1980-02-07,Male,Indian,Trader,"85/524
Sura Path",Lucknow,Uttar Pradesh,158415,Inactive,SRC008,0.8,2025-02-18 23:58:01,2024-01-25 17:28:02
P00811,Pooja Sharma,,1985-05-18,Male,Indian,Technician,"711, Merchant Circle",Kota,Rajasthan,547681,Inactive,SRC008,0.92,2026-07-29 04:51:49,2026-08-03 10:39:57
P00812,Aditya Sharma,,1966-12-25,Male,Indian,Trader,"303, Vora Path",Gurugram,Haryana,988085,Under Review,SRC024,0.9,2025-06-08 21:24:16,2025-11-05 23:09:35
P00813,Deepak Yadav,,2008-07-11,Female,Indian,Sales Executive,"H.No. 21, Kara Street",Jabalpur,Madhya Pradesh,896340,Inactive,SRC021,0.88,2026-07-22 03:53:36,2026-07-12 06:41:31
P00814,Neha Sharma,,1972-10-16,Female,Indian,Security Guard,"75
Mital Street",Ujjain,Madhya Pradesh,148439,Active,SRC010,0.87,2025-07-31 22:44:10,2024-03-06 00:15:33
P00815,Karan Deshmukh,,1996-03-08,Male,Indian,Driver,"723, Dutta Marg",Kanpur,Uttar Pradesh,693351,Under Review,SRC029,0.85,2024-08-08 04:40:33,2026-07-12 10:13:03
P00816,Nandini Verma,,1964-10-31,Female,Indian,Business Owner,"H.No. 923
Dhar Chowk",Lucknow,Uttar Pradesh,501848,Active,SRC013,0.86,2024-04-09 20:12:01,2025-09-03 13:48:00
P00817,Yash Verma,,1981-09-11,Male,Indian,Security Guard,"H.No. 18
Sha",Vadodara,Gujarat,154064,Under Review,SRC025,0.82,2024-04-19 18:58:58,2025-03-29 22:18:28
P00818,Sanjay Jain,S. Jain,1987-07-03,Female,Indian,Manager,"H.No. 38
Chakrabarti Zila",Kanpur,Uttar Pradesh,376601,Under Review,SRC007,0.94,2026-04-21 19:23:07,2024-09-29 15:18:49
P00819,Pooja Jain,,1994-08-06,Female,Indian,Security Guard,"H.No. 85
Krishnamurthy Marg",Surat,Gujarat,101739,Under Review,SRC014,0.84,2025-04-26 14:40:53,2025-07-29 03:00:13
P00820,Aditya Saxena,,1991-08-14,Male,Indian,Trader,"78/996, Venkataraman",Vadodara,Gujarat,091919,Under Review,SRC018,0.92,2024-04-02 08:25:17,2026-07-29 15:04:10
P00821,Raj Agarwal,,1969-11-02,Male,Indian,Accountant,"05
Sharma Chowk",Delhi,Delhi,660392,Inactive,SRC003,0.8,2024-01-24 11:49:14,2026-07-09 09:49:07
P00822,Meera Khan,,1962-09-16,Male,Indian,Driver,"H.No. 745
Pandey Path",Ahmedabad,Gujarat,470574,Active,SRC009,0.8,2026-01-17 20:36:26,2024-06-05 06:08:49
P00823,Rohan Rathore,,1986-02-25,Male,Indian,Consultant,"65/271
Pandey Path",Jabalpur,Madhya Pradesh,541165,Inactive,SRC022,0.89,2025-08-28 00:16:01,2025-09-14 05:01:13
P00824,Rohan Rathore,,1996-04-03,Male,Indian,Consultant,"H.No. 75, Sarma Path",Vadodara,Gujarat,225013,Active,SRC003,0.78,2025-07-20 03:17:14,2026-06-03 07:00:20
P00825,Kavya Jain,,1993-05-19,Female,Indian,Manager,"82/69
Issac Zila",Lucknow,Uttar Pradesh,196425,Inactive,SRC021,0.92,2025-06-02 10:35:37,2025-01-21 01:03:48
P00826,Sanjay Rathore,,2004-08-27,Female,Indian,Trader,"49/915, Savant Ganj",Hyderabad,Telangana,382407,Inactive,SRC019,0.81,2024-08-06 09:47:26,2025-11-07 07:29:13
P00827,Kavya Agarwal,,1968-11-02,Male,Indian,Trader,"32, Minhas Nagar",Dewas,Madhya Pradesh,097768,Inactive,SRC010,0.94,2025-06-20 08:13:59,2025-07-06 17:56:14
P00828,Vihaan Singh,,1978-09-12,Male,Indian,Manager,"96/454
Prabhakar Marg",Vadodara,Gujarat,358512,Active,SRC023,0.89,2024-11-08 23:27:50,2026-03-16 02:33:47
P00829,Kabir Khan,K. Khan,1993-06-29,Male,Indian,Business Owner,"H.No. 878, Cheema Path",Jabalpur,Madhya Pradesh,583749,Inactive,SRC019,0.81,2026-03-25 00:35:46,2025-03-23 19:29:53
P00830,Karan Saxena,,1980-01-01,Male,Indian,Technician,"H.No. 208
Bhandari Chowk",Dewas,Madhya Pradesh,721514,Inactive,SRC005,0.86,2025-07-08 08:53:12,2026-07-10 18:32:36
P00831,Raj Khan,,1994-10-14,Male,Indian,Student,"26
Seth Ganj",Kanpur,Uttar Pradesh,845398,Inactive,SRC025,0.81,2026-07-09 17:14:43,2024-05-20 08:07:50
P00832,Deepak Joshi,D. Joshi,1985-03-10,Female,Indian,Consultant,"H.No. 905
Dar",Jabalpur,Madhya Pradesh,918623,Inactive,SRC029,0.84,2024-08-30 01:58:00,2025-08-08 06:49:21
P00833,Pooja Shah,,1996-05-15,Female,Indian,Technician,"071, Chakraborty Path",Jabalpur,Madhya Pradesh,696667,Under Review,SRC004,0.93,2024-05-14 18:28:26,2024-11-30 00:37:57
P00834,Meera Verma,,1962-07-23,Male,Indian,Consultant,"647
Gour Zila",Jabalpur,Madhya Pradesh,633515,Active,SRC013,0.91,2025-03-15 12:44:25,2024-04-01 11:44:21
P00835,Vikram Yadav,V. Yadav,1970-10-25,Male,Indian,Manager,"05/12, Wadhwa Nagar",Vadodara,Gujarat,056409,Under Review,SRC007,0.9,2025-07-02 03:41:33,2026-04-16 03:44:33
P00836,Vikram Malhotra,V. Malhotra,2006-05-30,Female,Indian,Driver,"97/283, Chatterjee Path",Mumbai,Maharashtra,959272,Under Review,SRC013,0.82,2025-05-08 15:08:25,2026-03-03 08:58:08
P00837,Sanjay Deshmukh,,1980-05-15,Male,Indian,Technician,"14/41, Gole Path",Bengaluru,Karnataka,173929,Inactive,SRC005,0.93,2026-06-14 03:49:11,2026-07-01 11:55:55
P00838,Amit Saxena,,2005-01-11,Female,Indian,Technician,"18
Nigam Zila",Jaipur,Rajasthan,523736,Inactive,SRC010,0.99,2024-02-10 11:13:07,2024-02-27 00:59:31
P00839,Riya Tiwari,,2007-10-09,Female,Indian,Student,"91/815
Wali Circle",Ujjain,Madhya Pradesh,834527,Inactive,SRC010,0.81,2026-01-12 21:46:48,2024-10-12 01:10:55
P00840,Isha Mishra,I. Mishra,1989-08-12,Male,Indian,Sales Executive,"61
Bajwa Chowk",Kota,Rajasthan,158796,Active,SRC010,0.88,2024-10-24 15:19:13,2026-08-23 11:53:39
P00841,Riya Bansal,R. Bansal,1996-12-23,Female,Indian,Driver,"03/14, Ghose",Surat,Gujarat,080046,Active,SRC014,0.91,2024-07-02 03:45:26,2026-07-27 03:41:50
P00842,Karan Mishra,,1960-05-05,Male,Indian,Accountant,"88/285
Kala Nagar",Dewas,Madhya Pradesh,723513,Active,SRC027,0.86,2025-04-26 21:39:59,2025-07-09 17:23:08
P00843,Raj Rathore,,1988-12-07,Female,Indian,Manager,"31, Agrawal Road",Bhopal,Madhya Pradesh,526356,Inactive,SRC016,0.9,2024-02-13 13:09:37,2024-05-17 20:15:51
P00844,Deepak Jain,,1970-03-23,Male,Indian,Consultant,"94
Mahajan Ganj",Indore,Madhya Pradesh,066643,Inactive,SRC021,0.96,2026-03-05 16:09:13,2025-04-20 00:49:53
P00845,Mohit Patel,,1988-04-11,Female,Indian,Accountant,"H.No. 723
Contractor Zila",Ahmedabad,Gujarat,271285,Active,SRC004,0.94,2024-06-11 20:20:52,2025-12-21 02:39:01
P00846,Mohit Mehta,,2006-05-23,Female,Indian,Manager,"H.No. 84
Lal Road",Bengaluru,Karnataka,163187,Inactive,SRC028,0.83,2024-07-14 08:48:19,2025-05-19 05:36:11
P00847,Priya Rathore,,1959-06-28,Male,Indian,Consultant,"H.No. 130
Gour Marg",Gwalior,Madhya Pradesh,136957,Active,SRC019,0.79,2025-12-19 09:51:48,2025-03-06 02:08:24
P00848,Sanjay Yadav,,1996-11-23,Male,Indian,Consultant,"509, Dua Nagar",Jabalpur,Madhya Pradesh,425730,Inactive,SRC014,0.91,2025-01-15 17:54:52,2024-05-28 23:07:59
P00849,Nikhil Verma,,1972-07-20,Male,Indian,Security Guard,"235, Bakshi Chowk",Ahmedabad,Gujarat,139848,Active,SRC025,0.91,2024-06-05 17:57:37,2025-06-16 08:25:28
P00850,Pooja Patel,,1973-11-12,Female,Indian,Technician,"16/880, Gara",Bengaluru,Karnataka,502130,Under Review,SRC026,0.84,2025-01-05 22:05:42,2025-07-01 12:26:33
P00851,Priya Saxena,,1999-03-03,Female,Indian,Sales Executive,"098, Bahri Zila",Gwalior,Madhya Pradesh,964967,Active,SRC005,0.89,2026-06-04 15:56:58,2024-08-19 06:02:51
P00852,Nikhil Rathore,,1982-09-09,Male,Indian,Driver,"H.No. 77
Sha Street",Kota,Rajasthan,324264,Active,SRC005,0.89,2026-05-08 03:00:15,2024-12-24 03:21:34
P00853,Sneha Gupta,,1958-09-27,Male,Indian,Student,"076
Karan Circle",Kanpur,Uttar Pradesh,253666,Inactive,SRC030,0.8,2025-03-24 03:30:00,2025-03-16 02:23:07
P00854,Sneha Singh,,2006-03-29,Female,Indian,Technician,"H.No. 55
Deol Marg",Indore,Madhya Pradesh,333939,Active,SRC027,0.87,2024-12-19 14:27:53,2025-03-26 20:45:16
P00855,Yash Bansal,Y. Bansal,2001-08-27,Female,Indian,Business Owner,"H.No. 43
Dhaliwal Marg",Surat,Gujarat,187496,Under Review,SRC027,0.8,2024-02-19 12:16:59,2024-07-30 07:32:38
P00856,Rohan Singh,,1985-10-21,Male,Indian,Sales Executive,"68/627, Jhaveri Nagar",Pune,Maharashtra,924926,Active,SRC014,0.93,2025-07-13 13:00:52,2026-02-18 05:08:27
P00857,Kavya Patel,K. Patel,1965-05-09,Female,Indian,Student,"32
Mutti Chowk",Ujjain,Madhya Pradesh,111000,Active,SRC007,0.8,2024-11-18 13:23:22,2024-03-28 12:26:30
P00858,Kavya Bansal,K. Bansal,2005-03-07,Male,Indian,Consultant,"234
Patil Zila",Hyderabad,Telangana,977524,Active,SRC003,0.84,2024-10-22 01:16:17,2026-02-19 16:08:55
P00859,Aarav Patel,,1965-10-26,Male,Indian,Manager,"618, Rout",Gwalior,Madhya Pradesh,887431,Active,SRC006,0.92,2025-10-07 22:40:15,2024-05-22 16:29:03
P00860,Aarav Mehta,,1980-05-11,Female,Indian,Manager,"676, Garde Chowk",Jabalpur,Madhya Pradesh,957992,Inactive,SRC012,0.81,2025-03-11 06:07:47,2024-01-20 07:41:34
P00861,Varun Deshmukh,,1982-10-01,Male,Indian,Driver,"H.No. 15
Goel Zila",Pune,Maharashtra,946213,Under Review,SRC025,0.78,2026-07-24 14:42:07,2024-11-08 00:57:11
P00862,Rahul Gupta,R. Gupta,1993-12-14,Male,Indian,Driver,"H.No. 97, Sahni Nagar",Ahmedabad,Gujarat,543848,Active,SRC030,0.89,2026-05-29 20:44:36,2024-01-23 19:28:20
P00863,Ananya Rathore,,1973-12-01,Male,Indian,Trader,"H.No. 344, Sant Chowk",Vadodara,Gujarat,047158,Under Review,SRC004,0.82,2024-01-31 12:38:28,2026-04-28 11:52:43
P00864,Nikhil Chauhan,,2004-12-03,Male,Indian,Student,"90/463, Rai Chowk",Kota,Rajasthan,046558,Active,SRC025,0.99,2026-04-10 13:53:23,2026-02-01 22:46:42
P00865,Arjun Yadav,,1978-06-09,Female,Indian,Technician,"548
Suresh Ganj",Gwalior,Madhya Pradesh,417158,Under Review,SRC010,0.9,2026-05-21 15:10:07,2024-01-23 09:16:12
P00866,Vihaan Mehta,,1964-03-23,Female,Indian,Consultant,"125, Dube Zila",Surat,Gujarat,110059,Inactive,SRC020,0.93,2024-03-09 11:34:42,2025-07-21 00:29:33
P00867,Priya Yadav,,2006-12-02,Female,Indian,Student,"51/910
Iyengar Street",Pune,Maharashtra,211063,Active,SRC028,0.79,2024-07-23 13:02:06,2025-11-28 14:53:51
P00868,Sneha Rathore,S. Rathore,1977-05-27,Female,Indian,Driver,"37, Grewal",Vadodara,Gujarat,490728,Inactive,SRC015,0.89,2024-01-07 03:25:49,2024-06-20 02:28:13
P00869,Priya Mehta,P. Mehta,1967-10-03,Female,Indian,Manager,"93/11, Grover Ganj",Gwalior,Madhya Pradesh,326949,Active,SRC024,0.97,2025-02-05 03:36:32,2025-09-15 07:10:25
P00870,Kabir Mehta,,1968-10-19,Female,Indian,Accountant,"H.No. 38
Krishnamurthy Nagar",Vadodara,Gujarat,210175,Under Review,SRC028,0.99,2026-05-28 07:41:51,2024-02-28 18:33:13
P00871,Arjun Jain,,1996-03-17,Female,Indian,Manager,"H.No. 701
Pathak Path",Kota,Rajasthan,945757,Under Review,SRC009,0.94,2024-12-26 10:35:38,2024-10-19 03:22:19
P00872,Kavya Chauhan,,1982-08-12,Female,Indian,Trader,"920, Rout Path",Vadodara,Gujarat,756777,Under Review,SRC009,0.81,2024-05-28 13:29:47,2025-12-18 22:29:16
P00873,Deepak Patel,,1977-05-02,Female,Indian,Accountant,"562, Pau Marg",Gwalior,Madhya Pradesh,622923,Under Review,SRC005,0.79,2024-04-02 06:50:54,2025-01-15 17:26:32
P00874,Isha Verma,,1965-04-25,Male,Indian,Sales Executive,"076
Mitter Street",Ujjain,Madhya Pradesh,337976,Inactive,SRC020,0.92,2025-02-27 08:37:55,2026-04-08 14:29:42
P00875,Rohan Agarwal,,1982-07-11,Male,Indian,Security Guard,"H.No. 11, Sood Path",Bengaluru,Karnataka,238736,Inactive,SRC026,0.88,2025-04-22 06:18:59,2026-07-20 00:31:04
P00876,Manish Rathore,,1989-11-16,Female,Indian,Security Guard,"49/691
Dayal",Gurugram,Haryana,552597,Under Review,SRC001,0.98,2024-03-02 10:05:41,2025-03-11 00:10:13
P00877,Vihaan Mishra,,1978-12-08,Female,Indian,Student,"H.No. 35, Mand Chowk",Gwalior,Madhya Pradesh,953259,Inactive,SRC015,0.79,2026-08-02 21:57:37,2024-08-10 17:53:46
P00878,Kabir Tiwari,,1987-11-27,Male,Indian,Trader,"797, Munshi Nagar",Ahmedabad,Gujarat,629518,Inactive,SRC005,0.85,2025-04-22 16:26:31,2025-08-09 07:54:35
P00879,Ankit Rathore,,2003-02-08,Female,Indian,Security Guard,"H.No. 763
Dhar Road",Gwalior,Madhya Pradesh,073305,Under Review,SRC018,0.9,2024-12-12 13:15:11,2025-08-26 21:28:39
P00880,Mohit Tiwari,,1986-04-29,Female,Indian,Consultant,"H.No. 75
Yadav",Dewas,Madhya Pradesh,399140,Inactive,SRC019,0.98,2025-12-16 15:16:35,2024-07-08 16:18:39
P00881,Yash Saxena,,1998-05-30,Male,Indian,Manager,"660
Lal Road",Ahmedabad,Gujarat,240061,Active,SRC005,0.96,2024-12-24 16:17:10,2026-01-24 20:24:33
P00882,Nikhil Shah,,2008-04-24,Female,Indian,Student,"68/297
Chokshi Path",Indore,Madhya Pradesh,743974,Active,SRC014,0.85,2024-06-07 12:03:58,2024-05-05 01:33:54
P00883,Nikhil Mishra,N. Mishra,2006-06-07,Male,Indian,Accountant,"H.No. 587, Dhar Path",Vadodara,Gujarat,680656,Active,SRC021,0.85,2024-06-22 04:37:09,2025-08-19 12:41:31
P00884,Aditya Mehta,A. Mehta,1996-06-16,Male,Indian,Business Owner,"H.No. 99
Vaidya Nagar",Ahmedabad,Gujarat,271122,Under Review,SRC011,0.79,2024-04-09 11:49:01,2024-06-07 23:17:24
P00885,Priya Mishra,,1994-01-28,Female,Indian,Consultant,"H.No. 55, Sachar Zila",Hyderabad,Telangana,176808,Active,SRC023,0.88,2025-02-09 02:40:23,2026-02-07 09:44:40
P00886,Aarav Joshi,,1993-02-03,Female,Indian,Manager,"721, Karan Road",Jaipur,Rajasthan,080037,Active,SRC026,0.88,2024-02-11 06:00:14,2024-08-01 02:06:32
P00887,Ananya Gupta,,1969-07-15,Female,Indian,Sales Executive,"855, Randhawa Marg",Surat,Gujarat,847068,Under Review,SRC010,0.86,2024-03-07 03:02:16,2024-07-13 17:18:18
P00888,Amit Gupta,,1959-07-04,Male,Indian,Security Guard,"70/51, Pillai",Gurugram,Haryana,632809,Active,SRC010,0.84,2024-09-30 19:39:11,2025-06-25 05:50:49
P00889,Manish Shah,,1983-09-22,Male,Indian,Manager,"945, Narain Ganj",Jaipur,Rajasthan,614707,Active,SRC019,0.85,2025-08-10 01:50:46,2025-09-25 19:41:38
P00890,Aditya Shah,,1983-10-09,Male,Indian,Technician,"210
Chhabra Marg",Lucknow,Uttar Pradesh,394394,Active,SRC021,0.95,2024-12-17 04:37:54,2024-02-22 21:35:28
P00891,Varun Agarwal,,1989-08-08,Female,Indian,Accountant,"804
Kalita Nagar",Kota,Rajasthan,537657,Inactive,SRC013,0.83,2026-08-15 15:43:37,2025-08-08 13:32:12
P00892,Varun Yadav,,1966-02-05,Male,Indian,Security Guard,"89
Kothari Road",Kanpur,Uttar Pradesh,910090,Active,SRC019,0.88,2026-04-14 00:32:23,2026-07-10 05:22:21
P00893,Priya Yadav,,2005-02-09,Female,Indian,Manager,"69
Chatterjee Street",Nagpur,Maharashtra,533651,Under Review,SRC021,0.79,2024-09-29 10:03:43,2025-09-27 23:28:25
P00894,Rahul Saxena,R. Saxena,1972-11-03,Male,Indian,Consultant,"H.No. 424, Jayaraman Chowk",Delhi,Delhi,072011,Inactive,SRC014,0.85,2025-12-06 05:44:25,2025-03-18 22:52:16
P00895,Sneha Mehta,,2002-11-17,Female,Indian,Consultant,"H.No. 09
Bhatnagar Chowk",Mumbai,Maharashtra,316600,Under Review,SRC006,0.83,2025-04-28 23:49:55,2026-03-19 00:41:48
P00896,Yash Jain,,1978-09-14,Male,Indian,Accountant,"01/44, Jain Chowk",Jaipur,Rajasthan,043370,Active,SRC008,0.95,2026-08-26 22:47:46,2024-02-12 22:21:45
P00897,Manish Yadav,,1986-05-24,Female,Indian,Student,"73/04
Chakrabarti Path",Gurugram,Haryana,778255,Under Review,SRC029,0.79,2025-12-07 14:11:23,2025-06-10 03:59:28
P00898,Kabir Malhotra,K. Malhotra,1974-01-10,Female,Indian,Security Guard,"29
Pradhan Marg",Jabalpur,Madhya Pradesh,542786,Active,SRC021,0.96,2024-12-16 14:23:57,2025-02-24 01:19:22
P00899,Isha Rathore,I. Rathore,1988-05-18,Male,Indian,Technician,"H.No. 57, Zacharia Chowk",Indore,Madhya Pradesh,058295,Under Review,SRC010,0.96,2025-06-09 15:00:29,2026-03-20 13:10:10
P00900,Meera Mishra,,1965-10-19,Male,Indian,Student,"616, Thaker Zila",Vadodara,Gujarat,819048,Under Review,SRC027,0.81,2025-10-08 16:36:06,2024-06-09 06:07:07
P00901,Arjun Shah,,1969-03-27,Female,Indian,Trader,"15
Rana Path",Lucknow,Uttar Pradesh,395613,Active,SRC008,0.91,2025-09-15 04:14:24,2025-03-17 09:43:49
P00902,Pooja Joshi,,2000-03-22,Female,Indian,Accountant,"08/172, Mohan Zila",Surat,Gujarat,643813,Inactive,SRC007,0.81,2024-01-23 20:54:11,2024-01-31 06:11:15
P00903,Kabir Gupta,,1963-11-05,Female,Indian,Manager,"11/471, Parmar Marg",Nagpur,Maharashtra,094565,Active,SRC016,0.89,2024-07-21 19:41:13,2025-02-20 22:53:22
P00904,Ananya Patel,,1987-09-29,Female,Indian,Accountant,"99/070
Nagarajan Chowk",Surat,Gujarat,047681,Inactive,SRC029,0.94,2025-02-15 06:55:45,2025-07-25 06:32:11
P00905,Rohan Saxena,,2002-08-01,Female,Indian,Business Owner,"H.No. 607
Soman Zila",Gurugram,Haryana,811317,Under Review,SRC029,0.91,2025-01-04 14:16:59,2024-11-24 06:33:38
P00906,Sneha Verma,,1988-06-15,Female,Indian,Consultant,"H.No. 548
Kalita Chowk",Pune,Maharashtra,102908,Under Review,SRC023,0.86,2025-03-08 10:19:43,2025-05-03 12:23:58
P00907,Kavya Patel,,1981-04-17,Female,Indian,Student,"04/91
Swaminathan Circle",Kanpur,Uttar Pradesh,742049,Active,SRC030,0.98,2024-11-18 11:13:01,2024-04-16 17:07:14
P00908,Nandini Malhotra,N. Malhotra,1965-07-25,Male,Indian,Consultant,"773, Ram Nagar",Ahmedabad,Gujarat,604235,Active,SRC028,0.97,2026-04-22 04:41:15,2025-07-21 19:31:20
P00909,Nandini Yadav,,1982-10-31,Female,Indian,Business Owner,"11/222
Bajwa",Surat,Gujarat,756085,Inactive,SRC028,0.8,2025-09-09 16:35:48,2024-04-13 10:58:26
P00910,Pooja Rathore,,1981-10-29,Female,Indian,Student,"86
Bhattacharyya Zila",Gurugram,Haryana,457683,Active,SRC027,0.81,2026-06-01 03:18:08,2026-05-01 21:26:45
P00911,Karan Bansal,,1963-11-04,Female,Indian,Trader,"H.No. 923, Prakash Chowk",Ujjain,Madhya Pradesh,712961,Under Review,SRC001,0.94,2025-06-28 13:20:02,2024-08-13 23:27:43
P00912,Neha Khan,,1965-03-09,Male,Indian,Business Owner,"60/508, Chowdhury Nagar",Delhi,Delhi,980425,Inactive,SRC007,0.91,2026-06-14 20:55:32,2026-04-17 08:23:48
P00913,Sanjay Shah,S. Shah,1998-07-14,Male,Indian,Security Guard,"77/731, Rama Street",Ujjain,Madhya Pradesh,228217,Under Review,SRC025,0.95,2025-05-14 12:33:24,2026-08-18 16:52:14
P00914,Pooja Singh,,1986-07-18,Female,Indian,Trader,"65/346, Sankaran Nagar",Bengaluru,Karnataka,560356,Inactive,SRC028,0.93,2025-03-13 16:23:28,2026-03-24 18:58:09
P00915,Karan Khan,,1969-02-17,Female,Indian,Accountant,"98, Dugar Marg",Hyderabad,Telangana,984716,Active,SRC014,0.86,2025-08-06 15:02:17,2025-02-10 01:10:24
P00916,Ankit Chauhan,,1986-04-26,Male,Indian,Security Guard,"05/464, Om Chowk",Hyderabad,Telangana,895478,Under Review,SRC020,0.91,2025-04-19 14:48:50,2026-01-06 23:13:05
P00917,Nandini Mehta,,2000-06-26,Male,Indian,Business Owner,"51, Oommen Chowk",Delhi,Delhi,444498,Inactive,SRC020,0.87,2024-08-09 16:34:18,2026-06-20 19:05:48
P00918,Karan Singh,,1974-03-15,Male,Indian,Manager,"35/43, Vasa Path",Ujjain,Madhya Pradesh,449639,Active,SRC001,0.93,2026-05-16 12:07:58,2024-05-15 12:24:43
P00919,Amit Yadav,A. Yadav,1996-12-07,Male,Indian,Accountant,"588
Jayaraman Path",Gurugram,Haryana,982143,Inactive,SRC010,0.94,2024-07-19 04:17:46,2026-02-07 14:47:46
P00920,Ankit Singh,,2000-01-08,Male,Indian,Consultant,"75/367, Sharaf Road",Kota,Rajasthan,249141,Under Review,SRC022,0.82,2026-07-29 10:01:40,2026-03-02 03:51:01
P00921,Kabir Mishra,K. Mishra,2007-11-06,Female,Indian,Accountant,"H.No. 347, Malhotra Chowk",Jabalpur,Madhya Pradesh,340679,Under Review,SRC015,0.97,2024-04-15 03:51:53,2025-03-01 08:50:45
P00922,Nikhil Shah,N. Shah,1973-08-22,Female,Indian,Sales Executive,"150, Boase Nagar",Delhi,Delhi,188421,Inactive,SRC023,0.86,2026-06-19 18:03:46,2025-10-30 04:23:06
P00923,Rahul Chauhan,,1968-02-13,Female,Indian,Driver,"H.No. 159, Mane Road",Kota,Rajasthan,333999,Active,SRC018,0.79,2026-01-01 10:19:07,2026-06-21 19:11:20
P00924,Sanjay Jain,,1975-09-13,Male,Indian,Business Owner,"089, Kannan Path",Gurugram,Haryana,638902,Inactive,SRC017,0.91,2024-03-29 17:10:58,2025-12-21 11:07:51
P00925,Manish Chauhan,M. Chauhan,2007-08-01,Male,Indian,Manager,"11
Ray Ganj",Vadodara,Gujarat,379223,Active,SRC009,0.82,2024-09-28 22:11:57,2024-01-04 01:59:15
P00926,Mohit Joshi,M. Joshi,1991-11-25,Female,Indian,Security Guard,"96/73
Chaudhry Ganj",Delhi,Delhi,677269,Inactive,SRC005,0.83,2025-12-31 10:12:37,2024-01-23 09:43:00
P00927,Sanjay Verma,,1996-09-08,Female,Indian,Technician,"76/855, Tata Nagar",Jabalpur,Madhya Pradesh,793521,Inactive,SRC010,0.97,2025-08-07 17:28:02,2025-11-11 01:23:11
P00928,Karan Deshmukh,,1976-12-06,Female,Indian,Sales Executive,"355
Mahal Marg",Nagpur,Maharashtra,436970,Inactive,SRC024,0.99,2025-10-29 22:57:54,2025-07-02 02:23:39
P00929,Pooja Singh,,1990-08-03,Female,Indian,Business Owner,"06, Pai",Kanpur,Uttar Pradesh,607676,Active,SRC005,0.79,2024-03-28 01:05:27,2024-09-05 01:01:32
P00930,Kabir Verma,,1969-04-29,Female,Indian,Student,"H.No. 72
Kanda Street",Gurugram,Haryana,065031,Active,SRC029,0.97,2025-11-19 00:18:19,2024-06-03 11:12:56
P00931,Vihaan Yadav,,1989-01-21,Female,Indian,Trader,"H.No. 18, Sethi Road",Vadodara,Gujarat,426423,Inactive,SRC004,0.96,2025-02-02 09:48:43,2024-06-11 03:06:56
P00932,Riya Singh,,1961-01-27,Male,Indian,Consultant,"09/24, Singhal Circle",Gwalior,Madhya Pradesh,230391,Active,SRC027,0.82,2024-03-06 13:30:24,2024-04-08 18:28:06
P00933,Varun Malhotra,,1999-05-09,Male,Indian,Manager,"17/85, Dua Street",Hyderabad,Telangana,305248,Active,SRC017,0.94,2026-03-02 08:18:58,2025-05-02 09:19:20
P00934,Kabir Mishra,,2003-04-23,Female,Indian,Driver,"207
Deo Street",Ujjain,Madhya Pradesh,959473,Inactive,SRC001,0.84,2025-03-18 15:51:21,2025-11-22 00:48:17
P00935,Priya Patel,,1994-01-20,Male,Indian,Technician,"90/162, Mani Nagar",Jaipur,Rajasthan,876886,Active,SRC001,0.8,2026-05-14 19:05:13,2025-03-30 00:30:54
P00936,Sneha Rathore,,1990-09-07,Female,Indian,Manager,"96/48
Ganesan Marg",Delhi,Delhi,203195,Under Review,SRC001,0.85,2026-03-30 05:07:24,2024-04-22 10:00:04
P00937,Vihaan Deshmukh,,2003-10-13,Male,Indian,Accountant,"45
Murty Nagar",Delhi,Delhi,303627,Active,SRC026,0.92,2026-04-21 20:05:04,2026-02-08 04:19:24
P00938,Sanjay Verma,,1995-11-18,Female,Indian,Driver,"32
Karan Nagar",Ujjain,Madhya Pradesh,476775,Inactive,SRC009,0.82,2026-05-08 13:25:04,2025-03-26 18:57:55
P00939,Pooja Chauhan,P. Chauhan,1978-11-16,Male,Indian,Sales Executive,"214, Bera Path",Ujjain,Madhya Pradesh,766194,Inactive,SRC025,0.86,2024-12-11 04:41:29,2025-05-13 17:20:10
P00940,Neha Singh,,1982-01-01,Female,Indian,Consultant,"H.No. 553
Toor Road",Gwalior,Madhya Pradesh,012840,Under Review,SRC020,0.81,2024-01-25 00:24:33,2024-07-31 18:56:15
P00941,Priya Patel,,1984-03-30,Female,Indian,Trader,"65, Sharma",Vadodara,Gujarat,954508,Inactive,SRC016,0.84,2025-07-23 19:25:31,2026-05-09 16:15:48
P00942,Yash Mishra,,1996-05-09,Female,Indian,Manager,"08/98
Dube Zila",Ujjain,Madhya Pradesh,574223,Active,SRC014,0.91,2024-03-31 16:09:48,2025-01-08 12:35:18
P00943,Aditya Verma,,1977-10-13,Female,Indian,Accountant,"H.No. 402, Sahota Ganj",Lucknow,Uttar Pradesh,626894,Under Review,SRC022,0.93,2026-08-21 16:26:05,2024-07-23 22:18:16
P00944,Nandini Rathore,,2008-03-18,Male,Indian,Consultant,"H.No. 471, Sidhu Ganj",Lucknow,Uttar Pradesh,711759,Inactive,SRC014,0.8,2025-12-09 06:25:55,2024-12-28 01:39:42
P00945,Kavya Rathore,K. Rathore,1981-08-02,Male,Indian,Consultant,"88/55
Dugal Circle",Ahmedabad,Gujarat,933067,Active,SRC017,0.87,2024-09-21 20:08:47,2026-07-03 13:28:47
P00946,Siddharth Verma,S. Verma,1972-12-30,Male,Indian,Security Guard,"H.No. 944
Divan Zila",Kanpur,Uttar Pradesh,337218,Active,SRC017,0.87,2025-05-07 04:27:39,2025-02-05 12:05:11
P00947,Arjun Yadav,,1978-01-23,Female,Indian,Consultant,"H.No. 13
Srivastava Street",Hyderabad,Telangana,506662,Under Review,SRC003,0.94,2025-02-07 00:55:59,2026-08-09 22:37:49
P00948,Aarav Patel,A. Patel,1974-09-10,Male,Indian,Student,"H.No. 437
Randhawa Chowk",Delhi,Delhi,663439,Active,SRC003,0.87,2026-02-21 19:22:23,2024-11-23 00:52:14
P00949,Ananya Agarwal,,1988-03-02,Female,Indian,Trader,"H.No. 111
Doctor Nagar",Surat,Gujarat,712007,Under Review,SRC026,0.84,2024-06-21 18:41:10,2024-05-09 21:06:07
P00950,Nandini Khan,,2007-11-03,Female,Indian,Driver,"59/102
Narayanan Road",Mumbai,Maharashtra,091090,Inactive,SRC018,0.78,2026-03-10 06:01:41,2024-07-06 01:22:43
P00951,Ankit Patel,A. Patel,1966-05-03,Female,Indian,Trader,"14
Manne",Indore,Madhya Pradesh,942179,Under Review,SRC013,0.96,2026-04-09 09:08:17,2024-06-02 03:27:56
P00952,Isha Deshmukh,,1997-04-01,Female,Indian,Student,"93, Balay Road",Gurugram,Haryana,527758,Inactive,SRC003,0.81,2024-10-25 03:01:25,2025-09-27 20:17:05
P00953,Aarav Gupta,,1999-03-21,Male,Indian,Business Owner,"453
Shenoy Ganj",Gwalior,Madhya Pradesh,201091,Active,SRC016,0.92,2024-05-23 16:37:21,2026-08-29 06:34:01
P00954,Neha Jain,,1964-02-07,Male,Indian,Driver,"H.No. 55, Khare",Kota,Rajasthan,661894,Inactive,SRC025,0.88,2026-07-01 03:00:36,2024-07-23 02:35:34
P00955,Mohit Mishra,M. Mishra,1981-10-21,Male,Indian,Trader,"H.No. 26, Pai Ganj",Indore,Madhya Pradesh,004627,Inactive,SRC016,0.78,2025-03-26 23:44:38,2026-07-29 10:56:04
P00956,Deepak Shah,,1997-08-22,Female,Indian,Business Owner,"25
Murty Marg",Pune,Maharashtra,024617,Inactive,SRC001,0.8,2026-05-01 21:09:55,2024-11-21 12:33:28
P00957,Riya Mishra,,1959-10-24,Female,Indian,Business Owner,"897, Jain Road",Kota,Rajasthan,600559,Inactive,SRC013,0.88,2024-12-28 22:51:14,2024-01-03 15:55:17
P00958,Siddharth Deshmukh,,1982-04-17,Male,Indian,Security Guard,"258, Wali Road",Gurugram,Haryana,899936,Active,SRC014,0.9,2026-01-18 22:18:38,2025-12-12 12:38:32
P00959,Raj Mehta,,1959-09-06,Female,Indian,Trader,"70/45
Reddy Nagar",Nagpur,Maharashtra,767993,Active,SRC016,0.91,2026-06-17 03:59:10,2026-03-23 06:18:00
P00960,Neha Saxena,,1969-01-14,Male,Indian,Sales Executive,"H.No. 03
Kumar",Delhi,Delhi,408303,Inactive,SRC024,0.82,2026-07-15 07:18:16,2025-03-13 02:53:03
P00961,Nikhil Yadav,,1977-11-30,Female,Indian,Manager,"H.No. 148
Saha Circle",Pune,Maharashtra,849079,Under Review,SRC022,0.88,2024-07-26 15:39:23,2025-10-05 10:24:39
P00962,Meera Agarwal,,1972-05-02,Female,Indian,Trader,"685, Iyer Street",Jaipur,Rajasthan,615370,Active,SRC020,0.82,2024-04-06 18:35:18,2026-06-24 22:37:34
P00963,Ananya Mehta,A. Mehta,1994-12-14,Male,Indian,Sales Executive,"44/626, Gade Ganj",Gurugram,Haryana,144881,Under Review,SRC016,0.8,2024-03-15 04:01:27,2024-05-31 08:50:18
P00964,Amit Rathore,,1963-11-12,Male,Indian,Business Owner,"142, Seth Zila",Ahmedabad,Gujarat,188781,Inactive,SRC029,0.83,2025-04-13 05:57:36,2025-08-20 18:40:29
P00965,Priya Khan,,1997-09-24,Male,Indian,Driver,"H.No. 526
Krishna Ganj",Dewas,Madhya Pradesh,911225,Inactive,SRC014,0.8,2024-06-05 00:15:20,2026-03-04 04:58:10
P00966,Vikram Patel,,1984-12-11,Female,Indian,Technician,"50/566
Vala Zila",Kanpur,Uttar Pradesh,323979,Inactive,SRC025,0.79,2025-12-28 13:05:32,2024-03-06 02:15:43
P00967,Meera Tiwari,,2008-04-25,Male,Indian,Business Owner,"78/765, Issac Path",Nagpur,Maharashtra,073095,Inactive,SRC026,0.88,2024-01-17 15:49:02,2025-10-08 15:16:39
P00968,Sneha Patel,,1976-09-01,Male,Indian,Security Guard,"05
Chada Chowk",Gwalior,Madhya Pradesh,198819,Active,SRC017,0.8,2024-05-12 02:30:29,2025-04-25 23:57:14
P00969,Neha Patel,,2008-06-22,Male,Indian,Consultant,"H.No. 905
Muni Ganj",Mumbai,Maharashtra,401042,Under Review,SRC015,0.94,2025-11-08 02:48:54,2026-03-04 16:04:16
P00970,Mohit Patel,,2008-08-19,Female,Indian,Sales Executive,"H.No. 61
Patla Circle",Jabalpur,Madhya Pradesh,744600,Active,SRC028,0.82,2026-08-12 18:14:24,2024-11-14 21:42:27
P00971,Amit Sharma,,1993-12-21,Female,Indian,Technician,"99/15, Chandran Zila",Pune,Maharashtra,551293,Inactive,SRC017,0.82,2025-07-20 12:11:34,2024-03-17 17:02:42
P00972,Karan Saxena,,1960-03-04,Male,Indian,Sales Executive,"81/89
Mishra Circle",Kota,Rajasthan,160461,Under Review,SRC014,0.95,2025-10-02 03:13:21,2024-09-18 18:48:47
P00973,Rohan Mishra,,1960-04-28,Female,Indian,Security Guard,"H.No. 901, Basak Chowk",Kota,Rajasthan,568142,Under Review,SRC012,0.98,2025-07-28 21:37:09,2025-06-30 00:55:11
P00974,Deepak Singh,,1998-03-03,Male,Indian,Driver,"H.No. 22, Chawla",Indore,Madhya Pradesh,732283,Inactive,SRC011,0.86,2026-08-20 22:13:59,2024-01-06 03:27:00
P00975,Pooja Khan,P. Khan,1984-05-04,Male,Indian,Sales Executive,"37/83
Sani Nagar",Kota,Rajasthan,963845,Under Review,SRC002,0.99,2024-05-12 12:47:16,2026-08-05 10:20:39
P00976,Ananya Bansal,,1978-08-29,Female,Indian,Technician,"H.No. 39
Salvi Zila",Ahmedabad,Gujarat,970169,Inactive,SRC001,0.95,2024-07-05 00:05:01,2024-09-03 02:33:59
P00977,Meera Bansal,,1964-03-16,Female,Indian,Trader,"91/320, Krish Ganj",Bengaluru,Karnataka,162341,Under Review,SRC007,0.97,2025-07-13 01:28:08,2025-09-26 06:04:16
P00978,Yash Deshmukh,,1994-04-01,Female,Indian,Accountant,"15, Sekhon Ganj",Delhi,Delhi,215566,Inactive,SRC003,0.79,2025-10-03 17:06:58,2025-10-23 22:42:17
P00979,Sanjay Chauhan,,1980-04-13,Female,Indian,Accountant,"23/653, Suri Ganj",Jabalpur,Madhya Pradesh,460406,Active,SRC017,0.9,2025-03-27 01:34:43,2024-02-29 17:55:12
P00980,Varun Joshi,V. Joshi,2003-01-03,Female,Indian,Accountant,"78/436, Mani Zila",Dewas,Madhya Pradesh,442607,Inactive,SRC024,0.87,2026-02-03 11:33:17,2025-05-30 07:02:26
P00981,Varun Patel,,1987-08-01,Female,Indian,Security Guard,"H.No. 37
Majumdar Ganj",Bhopal,Madhya Pradesh,642737,Inactive,SRC004,0.79,2026-05-30 09:02:32,2024-01-17 16:23:17
P00982,Neha Patel,,1969-08-16,Male,Indian,Trader,"38
Dhillon Circle",Delhi,Delhi,458414,Inactive,SRC008,0.95,2026-04-18 17:28:48,2025-05-17 12:51:11
P00983,Siddharth Shah,,1973-06-28,Male,Indian,Technician,"H.No. 191
Mandal Ganj",Kanpur,Uttar Pradesh,389982,Inactive,SRC010,0.92,2025-09-02 13:49:53,2026-08-09 01:27:11
P00984,Sneha Shah,,1957-11-03,Male,Indian,Driver,"H.No. 86, Om",Jabalpur,Madhya Pradesh,732146,Inactive,SRC017,0.9,2024-09-01 09:16:06,2026-02-21 20:51:36
P00985,Sneha Saxena,S. Saxena,1987-07-26,Female,Indian,Student,"99/951
Sodhi Marg",Delhi,Delhi,350557,Active,SRC003,0.79,2026-01-08 10:27:08,2025-06-02 02:36:45
P00986,Meera Singh,,1982-10-27,Male,Indian,Technician,"01/19
Kashyap Street",Gurugram,Haryana,037681,Under Review,SRC017,0.86,2024-04-09 20:16:09,2026-08-21 01:12:58
P00987,Raj Bansal,,1985-08-24,Female,Indian,Student,"335, Bansal Zila",Jaipur,Rajasthan,096149,Inactive,SRC023,0.98,2026-05-15 18:38:46,2026-05-18 23:44:06
P00988,Mohit Mishra,M. Mishra,1962-06-09,Male,Indian,Trader,"11/49, Khosla Circle",Dewas,Madhya Pradesh,748207,Under Review,SRC015,0.81,2026-03-06 00:06:41,2024-07-29 12:24:17
P00989,Ananya Bansal,A. Bansal,1978-09-03,Male,Indian,Trader,"H.No. 189
Mall Ganj",Lucknow,Uttar Pradesh,655782,Inactive,SRC002,0.94,2024-01-27 04:09:14,2024-04-04 21:04:51
P00990,Raj Saxena,,1989-08-28,Female,Indian,Driver,"43/223, Gola Nagar",Gwalior,Madhya Pradesh,332470,Active,SRC012,0.9,2025-10-05 19:06:50,2024-08-07 12:47:56
P00991,Vihaan Bansal,V. Bansal,1964-07-12,Female,Indian,Technician,"35/462, Dutt Zila",Jabalpur,Madhya Pradesh,602508,Inactive,SRC010,0.88,2024-06-19 08:50:08,2026-03-31 03:34:51
P00992,Kavya Singh,,1979-02-09,Female,Indian,Business Owner,"312, Chopra Marg",Jabalpur,Madhya Pradesh,324888,Inactive,SRC029,0.84,2026-07-13 07:37:35,2026-06-25 21:17:10
P00993,Kabir Rathore,K. Rathore,2003-07-09,Female,Indian,Driver,"29
Kale Circle",Indore,Madhya Pradesh,629745,Active,SRC014,0.88,2024-09-10 04:51:35,2024-07-27 08:45:47
P00994,Manish Shah,,1995-01-28,Female,Indian,Trader,"646, Shroff Circle",Delhi,Delhi,912038,Under Review,SRC027,0.91,2026-07-12 22:11:10,2024-04-20 02:37:35
P00995,Pooja Singh,,1982-02-11,Female,Indian,Trader,"H.No. 828, Date Ganj",Lucknow,Uttar Pradesh,089813,Active,SRC028,0.93,2025-06-08 10:47:43,2024-03-22 07:28:37
P00996,Aditya Deshmukh,,1984-06-13,Male,Indian,Student,"H.No. 45, Deshpande Circle",Bengaluru,Karnataka,067323,Inactive,SRC018,0.79,2025-11-10 21:48:21,2024-03-27 23:16:26
P00997,Priya Yadav,,1965-03-17,Male,Indian,Business Owner,"H.No. 681
Sharma Path",Nagpur,Maharashtra,450000,Under Review,SRC021,0.95,2026-01-24 08:54:17,2025-11-03 05:30:44
P00998,Ananya Agarwal,,2001-09-04,Male,Indian,Accountant,"H.No. 529, Butala Zila",Kanpur,Uttar Pradesh,717850,Under Review,SRC018,0.9,2026-02-05 04:54:03,2025-12-29 06:18:43
P00999,Vihaan Shah,,1988-07-08,Female,Indian,Security Guard,"H.No. 56, Thaman Zila",Lucknow,Uttar Pradesh,442182,Active,SRC004,0.92,2025-08-07 03:19:59,2025-07-14 19:44:33
P01000,Raj Khan,,1981-12-26,Male,Indian,Accountant,"12/24
Basak Circle",Indore,Madhya Pradesh,670867,Under Review,SRC027,0.97,2024-01-26 13:01:17,2025-08-06 00:47:25
P01001,Deepak Mehta,,1957-10-24,Female,Indian,Manager,"655
Pathak Zila",Kanpur,Uttar Pradesh,826691,Active,SRC016,0.96,2024-08-17 10:26:34,2024-05-25 05:49:28
P01002,Aarav Joshi,,1971-05-30,Male,Indian,Security Guard,"H.No. 50, Mukherjee Path",Kota,Rajasthan,960807,Inactive,SRC013,0.83,2024-02-21 14:30:48,2024-07-21 07:15:59
P01003,Arjun Patel,A. Patel,1978-08-03,Male,Indian,Sales Executive,"50/98
Dass Street",Kanpur,Uttar Pradesh,040164,Inactive,SRC025,0.8,2026-03-23 08:32:35,2024-04-30 21:49:24
P01004,Manish Mishra,M. Mishra,1986-01-06,Female,Indian,Sales Executive,"H.No. 42, Som Circle",Dewas,Madhya Pradesh,383638,Active,SRC023,0.79,2025-09-22 06:05:03,2025-01-23 21:59:52
P01005,Ankit Patel,A. Patel,1970-01-09,Female,Indian,Consultant,"694, Vig Street",Surat,Gujarat,642036,Inactive,SRC027,0.97,2026-01-06 01:18:29,2024-05-06 23:40:42
P01006,Vihaan Gupta,,1994-07-04,Male,Indian,Trader,"144
Shere Zila",Pune,Maharashtra,646255,Under Review,SRC025,0.89,2026-01-07 04:49:47,2026-04-22 21:13:03
P01007,Arjun Malhotra,,1959-10-30,Female,Indian,Driver,"558
Memon Street",Bhopal,Madhya Pradesh,017646,Inactive,SRC001,0.87,2026-02-09 16:58:25,2026-04-19 18:44:30
P01008,Vikram Sharma,,1983-10-31,Male,Indian,Accountant,"153, Tella Circle",Nagpur,Maharashtra,452790,Under Review,SRC021,0.94,2025-10-17 11:43:25,2024-11-26 18:01:19
P01009,Manish Shah,,1972-06-11,Male,Indian,Sales Executive,"H.No. 33, Joshi Ganj",Kota,Rajasthan,384951,Inactive,SRC018,0.99,2025-01-19 01:30:05,2024-08-03 21:18:51
P01010,Kavya Jain,,1964-11-18,Female,Indian,Business Owner,"H.No. 197, Shukla Circle",Kanpur,Uttar Pradesh,809339,Active,SRC027,0.88,2024-03-29 22:48:33,2025-10-22 10:56:23
P01011,Sneha Deshmukh,,1982-10-16,Male,Indian,Business Owner,"53, Ray Nagar",Ahmedabad,Gujarat,119875,Active,SRC030,0.97,2026-08-22 15:41:07,2024-04-02 17:37:39
P01012,Karan Deshmukh,,2006-09-01,Female,Indian,Technician,"80/02
Bala Ganj",Nagpur,Maharashtra,915618,Under Review,SRC007,0.9,2024-05-04 10:53:04,2025-08-04 01:44:11
P01013,Varun Agarwal,V. Agarwal,2004-10-23,Male,Indian,Consultant,"65/774, Dar Road",Bhopal,Madhya Pradesh,093659,Active,SRC013,0.93,2026-02-09 16:42:40,2024-05-10 07:26:49
P01014,Sneha Singh,,1960-08-16,Female,Indian,Accountant,"11/89
Chopra Road",Kanpur,Uttar Pradesh,336875,Under Review,SRC017,0.98,2026-03-26 10:29:57,2025-07-24 17:16:51
P01015,Sanjay Joshi,,1996-04-02,Female,Indian,Consultant,"223
Tiwari",Nagpur,Maharashtra,137455,Active,SRC022,0.99,2025-02-10 23:25:01,2024-03-30 17:37:55
P01016,Sanjay Gupta,,2005-04-17,Female,Indian,Business Owner,"886
Peri Nagar",Delhi,Delhi,537666,Under Review,SRC005,0.92,2026-07-29 04:45:17,2025-12-24 16:13:00
P01017,Aarav Deshmukh,A. Deshmukh,1984-02-27,Male,Indian,Sales Executive,"H.No. 260, Hans Nagar",Gurugram,Haryana,835669,Inactive,SRC018,0.97,2024-03-26 23:50:37,2026-04-27 17:05:03
P01018,Ananya Rathore,,1959-01-22,Male,Indian,Security Guard,"71/531, Kamdar Street",Jaipur,Rajasthan,550688,Active,SRC029,0.95,2024-06-27 10:50:52,2025-07-10 14:18:47
P01019,Priya Yadav,,1982-06-04,Female,Indian,Manager,"82
Kade",Gwalior,Madhya Pradesh,401348,Inactive,SRC013,0.82,2024-01-05 19:48:10,2025-05-28 13:24:58
P01020,Pooja Sharma,,1980-06-27,Male,Indian,Trader,"H.No. 43, Wadhwa Chowk",Gwalior,Madhya Pradesh,603359,Active,SRC008,0.94,2025-12-05 07:30:59,2024-02-21 23:00:16
P01021,Pooja Malhotra,,1991-09-09,Female,Indian,Accountant,"09/085
Bhattacharyya",Vadodara,Gujarat,492074,Active,SRC016,0.98,2025-07-21 03:51:35,2024-06-10 03:06:55
P01022,Vihaan Malhotra,,1996-03-27,Male,Indian,Business Owner,"96/48
Shan",Gurugram,Haryana,842859,Active,SRC027,0.91,2025-01-08 17:28:34,2026-07-15 05:35:22
P01023,Arjun Malhotra,,1970-04-30,Male,Indian,Security Guard,"14/08
Hayer Road",Hyderabad,Telangana,312342,Active,SRC022,0.94,2026-01-25 07:25:42,2025-02-22 06:25:53
P01024,Priya Deshmukh,P. Deshmukh,1986-06-06,Male,Indian,Driver,"90, Solanki Circle",Hyderabad,Telangana,617607,Active,SRC009,0.98,2024-06-18 05:15:15,2024-07-29 01:51:24
P01025,Riya Jain,,1986-04-25,Female,Indian,Accountant,"93/59, Kohli Path",Lucknow,Uttar Pradesh,804056,Under Review,SRC001,0.99,2026-05-13 07:49:33,2024-04-24 14:59:20
P01026,Ananya Tiwari,,1964-12-07,Female,Indian,Business Owner,"H.No. 08
Ravi Street",Bengaluru,Karnataka,826418,Inactive,SRC021,0.92,2025-01-07 02:35:46,2025-01-03 01:58:14
P01027,Neha Verma,,1978-06-04,Female,Indian,Consultant,"087, Chaudhari Marg",Surat,Gujarat,385951,Active,SRC022,0.89,2024-09-02 03:04:55,2024-07-05 20:32:21
P01028,Mohit Saxena,,1971-04-16,Male,Indian,Business Owner,"948, Baria Road",Lucknow,Uttar Pradesh,273008,Inactive,SRC030,0.87,2025-02-26 12:33:45,2025-01-15 02:59:43
P01029,Deepak Joshi,,2002-10-26,Female,Indian,Driver,"H.No. 168, Borde Ganj",Indore,Madhya Pradesh,395001,Under Review,SRC026,0.79,2024-12-31 01:28:13,2024-02-24 11:23:27
P01030,Isha Jain,,1990-09-25,Male,Indian,Accountant,"H.No. 91, Bhagat Path",Kota,Rajasthan,628397,Active,SRC011,0.85,2025-09-16 17:41:37,2025-09-02 01:10:57
P01031,Neha Patel,,1960-03-26,Male,Indian,Manager,"440
Sastry Chowk",Indore,Madhya Pradesh,946207,Under Review,SRC030,0.85,2026-05-11 12:41:24,2025-12-07 10:02:50
P01032,Karan Jain,,1996-07-31,Female,Indian,Business Owner,"29/250
Chanda Circle",Gwalior,Madhya Pradesh,760299,Inactive,SRC017,0.95,2024-03-05 23:46:33,2026-01-26 17:46:53
P01033,Aditya Deshmukh,,1958-10-30,Male,Indian,Trader,"H.No. 333
Kata Chowk",Bengaluru,Karnataka,255235,Under Review,SRC004,0.8,2026-06-10 02:12:51,2025-01-25 11:26:41
P01034,Vihaan Verma,,1981-06-30,Male,Indian,Sales Executive,"03, Chaudry Street",Jaipur,Rajasthan,920613,Active,SRC030,0.95,2025-12-31 01:53:07,2024-08-19 13:08:42
P01035,Vihaan Agarwal,,1983-11-06,Male,Indian,Driver,"778
Pai",Bengaluru,Karnataka,133718,Under Review,SRC002,0.9,2024-10-15 17:11:45,2024-09-14 10:54:29
P01036,Manish Chauhan,M. Chauhan,1960-03-06,Female,Indian,Accountant,"50/26, Uppal Road",Jaipur,Rajasthan,164403,Under Review,SRC026,0.92,2025-03-15 13:00:02,2025-10-25 15:12:07
P01037,Aarav Yadav,,2000-02-07,Female,Indian,Manager,"81
Sheth Street",Jaipur,Rajasthan,822102,Under Review,SRC004,0.85,2025-09-13 19:23:12,2026-05-04 11:17:38
P01038,Priya Sharma,,2003-04-12,Male,Indian,Driver,"H.No. 348, Garg Marg",Delhi,Delhi,797363,Active,SRC001,0.9,2026-05-01 02:46:15,2025-06-08 19:07:56
P01039,Aditya Shah,,2002-05-19,Male,Indian,Security Guard,"56/05, Sengupta Ganj",Mumbai,Maharashtra,798661,Inactive,SRC012,0.87,2025-03-17 07:51:12,2025-11-12 05:00:17
P01040,Isha Deshmukh,,1978-03-16,Male,Indian,Business Owner,"682
Patla Nagar",Delhi,Delhi,682122,Active,SRC005,0.85,2024-08-05 20:42:16,2024-12-05 20:56:33
P01041,Amit Bansal,,1992-01-15,Male,Indian,Sales Executive,"50, Zacharia Path",Vadodara,Gujarat,146921,Inactive,SRC010,0.91,2025-05-23 17:18:01,2026-01-19 07:08:47
P01042,Manish Saxena,,1966-07-22,Male,Indian,Business Owner,"H.No. 96, Baral Chowk",Indore,Madhya Pradesh,369984,Active,SRC017,0.95,2026-02-01 04:46:24,2026-04-24 15:20:57
P01043,Raj Verma,,2006-04-12,Male,Indian,Accountant,"H.No. 509, Sant Ganj",Kota,Rajasthan,842495,Active,SRC011,0.82,2026-04-03 06:57:25,2025-08-16 06:24:51
P01044,Mohit Yadav,,1985-11-25,Female,Indian,Manager,"14/578, Shankar Circle",Bengaluru,Karnataka,715238,Inactive,SRC014,0.85,2025-01-25 19:24:30,2025-01-14 22:52:00
P01045,Arjun Yadav,,1967-08-31,Male,Indian,Accountant,"H.No. 974, Brahmbhatt Marg",Bhopal,Madhya Pradesh,779876,Under Review,SRC008,0.88,2025-06-11 08:14:30,2026-04-13 21:13:08
P01046,Rahul Jain,,1986-12-22,Female,Indian,Student,"72/25
Hayre Circle",Gurugram,Haryana,085806,Active,SRC013,0.82,2025-09-18 04:10:01,2025-10-25 21:58:26
P01047,Aarav Saxena,A. Saxena,1998-01-30,Male,Indian,Security Guard,"H.No. 405
Raj Marg",Indore,Madhya Pradesh,790012,Active,SRC005,0.84,2024-09-29 01:09:04,2025-06-11 03:24:54
P01048,Rahul Shah,R. Shah,1997-05-14,Male,Indian,Accountant,"H.No. 44
Viswanathan Street",Vadodara,Gujarat,796325,Active,SRC010,0.82,2026-03-15 03:41:26,2025-08-17 21:07:08
P01049,Meera Malhotra,,1967-02-21,Male,Indian,Sales Executive,"28/946, Hayer Ganj",Dewas,Madhya Pradesh,562415,Active,SRC001,0.82,2024-06-30 13:31:30,2026-01-10 22:30:22
P01050,Karan Patel,,1994-07-07,Male,Indian,Student,"562
Garg",Indore,Madhya Pradesh,933589,Under Review,SRC026,0.97,2026-01-30 13:51:05,2024-12-26 01:27:05
P01051,Sanjay Gupta,,1969-01-26,Female,Indian,Technician,"65/50, Venkataraman Chowk",Ahmedabad,Gujarat,685095,Under Review,SRC006,0.98,2026-01-05 13:49:46,2026-01-22 03:10:18
P01052,Kavya Deshmukh,,1972-04-27,Male,Indian,Driver,"034
Dar",Kota,Rajasthan,179720,Active,SRC029,0.97,2024-07-12 18:29:59,2026-03-21 12:47:19
P01053,Kavya Gupta,,1974-09-07,Female,Indian,Technician,"H.No. 01, Kade Path",Mumbai,Maharashtra,415471,Under Review,SRC014,0.99,2024-11-13 22:40:56,2024-11-14 21:59:42
P01054,Vikram Verma,,1963-02-20,Female,Indian,Sales Executive,"H.No. 93, Soni Marg",Bengaluru,Karnataka,367500,Inactive,SRC008,0.79,2026-07-22 21:15:16,2024-09-15 13:53:50
P01055,Kavya Malhotra,,2000-11-05,Female,Indian,Accountant,"H.No. 10, Goel Path",Jabalpur,Madhya Pradesh,698198,Under Review,SRC003,0.94,2025-04-05 02:52:26,2024-02-28 12:26:37
P01056,Kavya Deshmukh,K. Deshmukh,1995-01-11,Female,Indian,Security Guard,"04, Dayal Path",Ujjain,Madhya Pradesh,888562,Inactive,SRC016,0.89,2026-05-16 03:36:21,2026-06-28 22:10:57
P01057,Kabir Joshi,,1986-02-05,Female,Indian,Trader,"05
Toor",Vadodara,Gujarat,787442,Inactive,SRC009,0.9,2024-05-14 11:41:29,2025-11-18 00:53:08
P01058,Neha Shah,,1983-09-10,Male,Indian,Trader,"59/65
Mani Path",Bhopal,Madhya Pradesh,824911,Active,SRC013,0.83,2026-03-01 11:34:56,2025-02-20 13:09:40
P01059,Amit Chauhan,A. Chauhan,1974-08-13,Female,Indian,Consultant,"H.No. 002, Pradhan Road",Hyderabad,Telangana,931321,Under Review,SRC003,0.81,2026-02-16 17:32:10,2026-04-25 00:51:50
P01060,Aditya Agarwal,,1961-03-14,Male,Indian,Manager,"H.No. 57, Vig Nagar",Delhi,Delhi,682144,Active,SRC015,0.89,2024-10-03 16:26:38,2025-05-20 18:34:48
P01061,Sanjay Mishra,,1989-02-17,Female,Indian,Technician,"97/27
Sampath Ganj",Delhi,Delhi,746202,Inactive,SRC011,0.84,2024-12-22 09:41:59,2025-05-16 09:36:46
P01062,Aarav Khan,,1995-05-07,Male,Indian,Technician,"H.No. 43, Vora Zila",Delhi,Delhi,281231,Active,SRC010,0.96,2024-05-02 21:15:02,2025-08-13 04:50:18
P01063,Varun Tiwari,,2002-06-25,Male,Indian,Driver,"49/106, Chana Nagar",Ujjain,Madhya Pradesh,647238,Active,SRC003,0.86,2025-03-26 16:19:17,2024-01-24 13:42:40
P01064,Raj Gupta,,1966-02-01,Female,Indian,Consultant,"81
Goel Chowk",Surat,Gujarat,577545,Inactive,SRC024,0.95,2025-06-30 20:47:18,2024-09-15 10:59:56
P01065,Priya Malhotra,,1964-08-03,Male,Indian,Security Guard,"05/29, Vaidya Zila",Mumbai,Maharashtra,683160,Inactive,SRC001,0.94,2025-06-18 12:59:00,2024-06-25 17:56:57
P01066,Manish Saxena,,1980-02-01,Male,Indian,Trader,"72/173, Savant Ganj",Jaipur,Rajasthan,992052,Under Review,SRC017,0.99,2024-06-16 21:14:39,2025-07-15 01:53:08
P01067,Rohan Chauhan,,1986-07-31,Male,Indian,Trader,"62/165, Borra",Pune,Maharashtra,388232,Active,SRC017,0.9,2024-11-12 07:47:37,2024-12-19 20:56:33
P01068,Raj Yadav,,2006-11-04,Male,Indian,Technician,"H.No. 84, Sahni Road",Delhi,Delhi,777326,Active,SRC014,0.94,2024-10-09 00:24:32,2026-07-05 11:12:36
P01069,Ananya Mishra,,1986-10-17,Male,Indian,Technician,"H.No. 97
Dada",Mumbai,Maharashtra,799702,Active,SRC019,0.96,2025-07-09 15:00:03,2025-03-04 06:11:20
P01070,Manish Sharma,,1965-12-08,Female,Indian,Technician,"978
Chowdhury Chowk",Gurugram,Haryana,752988,Active,SRC014,0.87,2024-08-24 11:10:15,2024-05-25 05:02:33
P01071,Pooja Chauhan,,1999-02-05,Male,Indian,Manager,"560, Guha Circle",Kanpur,Uttar Pradesh,004879,Active,SRC030,0.81,2026-02-27 22:34:06,2025-10-29 11:48:42
P01072,Sanjay Shah,,1981-06-01,Female,Indian,Student,"H.No. 35
Parikh Circle",Bengaluru,Karnataka,386003,Active,SRC013,0.79,2024-01-17 20:51:14,2026-08-09 14:01:08
P01073,Ankit Gupta,A. Gupta,1969-09-20,Female,Indian,Consultant,"19/951
Bhavsar Chowk",Gurugram,Haryana,239102,Active,SRC006,0.8,2025-09-17 13:16:23,2024-06-11 22:59:40
P01074,Raj Khan,,2004-12-09,Female,Indian,Business Owner,"01/437
Vaidya Road",Bhopal,Madhya Pradesh,093096,Active,SRC007,0.79,2026-08-23 09:21:02,2024-03-21 09:59:30
P01075,Ankit Agarwal,,1992-09-11,Male,Indian,Trader,"H.No. 912
Bava Marg",Mumbai,Maharashtra,213217,Active,SRC012,0.89,2025-02-03 00:55:26,2026-01-02 08:06:46
P01076,Kabir Joshi,,1964-10-16,Male,Indian,Sales Executive,"11/16, Cheema Marg",Kota,Rajasthan,201907,Under Review,SRC014,0.88,2024-05-12 07:33:47,2024-11-29 16:18:36
P01077,Aditya Chauhan,A. Chauhan,1995-07-17,Male,Indian,Consultant,"393
Memon Nagar",Mumbai,Maharashtra,665380,Inactive,SRC027,0.93,2025-10-04 12:11:41,2025-03-19 01:10:32
P01078,Mohit Khan,,2002-05-23,Female,Indian,Manager,"12/42
Chana Zila",Bengaluru,Karnataka,086825,Active,SRC017,0.93,2026-04-16 15:04:24,2025-07-14 20:46:58
P01079,Deepak Malhotra,D. Malhotra,1974-04-30,Male,Indian,Trader,"946, Badal Street",Mumbai,Maharashtra,556103,Active,SRC027,0.86,2025-11-27 08:24:13,2025-07-07 12:15:15
P01080,Kavya Jain,,1975-04-12,Female,Indian,Trader,"H.No. 137
Dhar Zila",Lucknow,Uttar Pradesh,365858,Inactive,SRC019,0.79,2024-12-22 18:57:32,2024-10-25 15:47:00
P01081,Aditya Agarwal,,2004-10-17,Female,Indian,Student,"H.No. 412, Dhaliwal Nagar",Delhi,Delhi,061592,Under Review,SRC027,0.95,2025-04-11 08:51:31,2025-06-26 11:24:11
P01082,Kabir Mishra,K. Mishra,1971-11-05,Female,Indian,Trader,"90/71, Sandhu Marg",Pune,Maharashtra,632248,Inactive,SRC030,0.92,2025-09-24 13:00:05,2026-05-26 18:57:15
P01083,Ananya Shah,,1975-02-18,Male,Indian,Accountant,"034
Krish Nagar",Gwalior,Madhya Pradesh,109567,Active,SRC009,0.97,2025-07-03 04:31:45,2026-01-17 15:58:06
P01084,Raj Agarwal,,1980-09-11,Male,Indian,Trader,"H.No. 91
Savant Path",Ujjain,Madhya Pradesh,546234,Inactive,SRC025,0.9,2025-04-11 14:57:13,2024-04-13 13:14:13
P01085,Nikhil Mehta,,2000-05-06,Female,Indian,Student,"60
Basu Zila",Gwalior,Madhya Pradesh,181030,Inactive,SRC006,0.83,2026-02-23 07:58:16,2025-12-17 19:01:22
P01086,Varun Verma,V. Verma,1978-09-17,Female,Indian,Student,"H.No. 764, Suresh Zila",Delhi,Delhi,680808,Inactive,SRC024,0.86,2024-04-04 19:08:46,2025-12-08 03:22:16
P01087,Rahul Chauhan,R. Chauhan,1976-05-07,Male,Indian,Sales Executive,"901, Bhat Path",Bhopal,Madhya Pradesh,138067,Inactive,SRC022,0.94,2024-04-08 22:06:53,2024-02-22 10:16:39
P01088,Mohit Yadav,M. Yadav,1994-01-05,Male,Indian,Trader,"H.No. 045
Majumdar Circle",Ujjain,Madhya Pradesh,436213,Active,SRC016,0.95,2024-01-25 02:53:58,2025-07-03 20:56:38
P01089,Sneha Khan,,1966-12-09,Male,Indian,Sales Executive,"66
Kulkarni",Dewas,Madhya Pradesh,031805,Inactive,SRC004,0.89,2024-07-12 14:13:33,2025-10-14 22:22:39
P01090,Ankit Khan,,2002-02-24,Male,Indian,Consultant,"62/74, Ramesh Marg",Ujjain,Madhya Pradesh,215918,Active,SRC015,0.86,2024-08-22 01:16:22,2024-05-14 11:45:38
P01091,Rahul Verma,,2001-03-18,Male,Indian,Security Guard,"H.No. 046, Sandal Marg",Kanpur,Uttar Pradesh,459011,Under Review,SRC022,0.93,2024-02-19 05:05:13,2025-07-26 14:59:08
P01092,Meera Patel,,1991-08-31,Female,Indian,Business Owner,"H.No. 00, Keer Road",Jaipur,Rajasthan,949053,Under Review,SRC001,0.79,2025-10-11 16:21:23,2025-11-19 14:53:07
P01093,Ankit Gupta,,1973-10-26,Male,Indian,Accountant,"H.No. 499, Barad Circle",Pune,Maharashtra,976987,Active,SRC001,0.87,2025-09-13 15:09:46,2025-09-22 12:43:28
P01094,Aarav Joshi,,1967-10-20,Male,Indian,Accountant,"16/698
Chaudry Road",Mumbai,Maharashtra,612374,Active,SRC026,0.96,2026-07-15 19:51:45,2025-04-16 22:13:10
P01095,Priya Khan,P. Khan,1986-10-16,Male,Indian,Technician,"256, Kade Street",Dewas,Madhya Pradesh,991970,Inactive,SRC018,0.91,2024-03-06 04:28:52,2026-03-11 08:05:36
P01096,Yash Gupta,,1971-02-20,Female,Indian,Driver,"20/370
Sharma Circle",Kanpur,Uttar Pradesh,116020,Active,SRC007,0.8,2025-09-05 19:01:00,2025-10-04 14:35:52
P01097,Sanjay Khan,,1970-11-26,Female,Indian,Business Owner,"599, Thaman Circle",Indore,Madhya Pradesh,211708,Inactive,SRC007,0.88,2025-05-05 01:13:25,2025-07-25 18:44:31
P01098,Aditya Malhotra,,1972-06-12,Male,Indian,Accountant,"H.No. 864, Warrior Road",Bengaluru,Karnataka,217588,Inactive,SRC010,0.94,2025-12-18 12:49:44,2024-08-14 20:14:03
P01099,Mohit Patel,,2007-10-18,Male,Indian,Consultant,"08
Bhatia Street",Kanpur,Uttar Pradesh,480675,Active,SRC020,0.85,2025-04-05 11:55:25,2024-04-01 04:00:50
P01100,Neha Chauhan,,2000-08-22,Female,Indian,Trader,"91, Rau Road",Jabalpur,Madhya Pradesh,128794,Active,SRC011,0.78,2026-02-09 02:15:02,2025-08-06 16:54:17
P01101,Nandini Shah,,1979-04-08,Male,Indian,Security Guard,"69, Bedi Chowk",Delhi,Delhi,095314,Under Review,SRC023,0.99,2026-05-30 07:03:24,2024-03-27 01:10:49
P01102,Vikram Sharma,,1987-04-20,Male,Indian,Consultant,"H.No. 60, Kothari Chowk",Bengaluru,Karnataka,748835,Active,SRC024,0.87,2025-12-04 08:21:02,2024-12-10 11:36:08
P01103,Vikram Deshmukh,V. Deshmukh,1997-05-26,Female,Indian,Trader,"62/40
Sama",Ujjain,Madhya Pradesh,966834,Inactive,SRC007,0.81,2026-06-29 07:06:55,2025-02-21 17:12:21
P01104,Rahul Verma,,1971-03-21,Female,Indian,Technician,"170
Nigam Street",Pune,Maharashtra,622593,Active,SRC009,0.85,2026-03-14 05:32:18,2025-01-30 15:38:46
P01105,Kavya Verma,,1985-05-05,Female,Indian,Consultant,"H.No. 893, Warrior Road",Lucknow,Uttar Pradesh,883906,Active,SRC008,0.96,2024-05-13 17:57:06,2024-09-08 13:13:46
P01106,Sanjay Joshi,,1982-02-15,Male,Indian,Accountant,"91/60
Bhatnagar",Pune,Maharashtra,413193,Under Review,SRC023,0.93,2024-12-14 02:06:38,2026-01-05 02:13:37
P01107,Yash Chauhan,,1988-04-03,Female,Indian,Business Owner,"613, Soman Ganj",Lucknow,Uttar Pradesh,052304,Active,SRC028,0.88,2024-11-08 13:04:20,2025-05-12 05:53:21
P01108,Rahul Verma,,1978-02-06,Male,Indian,Driver,"544, Dhillon Chowk",Jabalpur,Madhya Pradesh,191650,Active,SRC019,0.9,2026-04-29 11:16:28,2025-11-09 04:41:01
P01109,Kavya Gupta,,1971-08-16,Female,Indian,Trader,"17
Bhattacharyya Chowk",Pune,Maharashtra,498980,Inactive,SRC006,0.93,2025-06-15 22:38:26,2026-07-19 14:27:44
P01110,Vikram Mishra,,1994-11-15,Female,Indian,Consultant,"82
Magar Zila",Dewas,Madhya Pradesh,746813,Under Review,SRC015,0.98,2026-03-28 01:28:59,2025-08-28 17:43:46
P01111,Rahul Malhotra,R. Malhotra,2004-07-18,Female,Indian,Student,"H.No. 86
Yohannan",Gurugram,Haryana,969874,Inactive,SRC006,0.88,2026-06-24 04:35:39,2025-01-05 20:54:17
P01112,Amit Bansal,,1973-08-07,Male,Indian,Trader,"H.No. 59, Murthy Road",Bengaluru,Karnataka,119292,Active,SRC025,0.86,2024-02-27 00:08:55,2025-10-30 21:23:37
P01113,Riya Mehta,,1982-01-13,Male,Indian,Security Guard,"605
Bobal Zila",Ahmedabad,Gujarat,160398,Under Review,SRC006,0.83,2026-01-02 09:11:53,2025-06-24 05:57:00
P01114,Deepak Agarwal,,1977-10-22,Female,Indian,Driver,"H.No. 36
Chaudhry Street",Delhi,Delhi,559067,Inactive,SRC005,0.93,2024-01-08 11:18:15,2024-01-25 02:30:13
P01115,Rahul Singh,R. Singh,1991-02-17,Female,Indian,Trader,"489
Gola Road",Mumbai,Maharashtra,466489,Inactive,SRC030,0.87,2025-02-27 03:58:18,2025-04-29 01:42:01
P01116,Ankit Saxena,,1960-03-21,Male,Indian,Student,"H.No. 20
Murty Road",Jaipur,Rajasthan,577580,Active,SRC030,0.81,2025-07-09 18:53:57,2026-01-31 09:19:59
P01117,Nandini Shah,,1973-05-28,Female,Indian,Consultant,"389
Sandal Nagar",Dewas,Madhya Pradesh,354662,Under Review,SRC012,0.89,2026-04-11 05:20:19,2024-06-28 08:21:56
P01118,Mohit Saxena,,1979-01-10,Female,Indian,Accountant,"H.No. 165
Palan",Bhopal,Madhya Pradesh,006221,Active,SRC016,0.79,2024-06-19 04:26:58,2024-10-13 04:06:39
P01119,Sneha Saxena,,2006-10-18,Male,Indian,Consultant,"77
Rattan Road",Indore,Madhya Pradesh,591601,Under Review,SRC015,0.98,2024-03-17 22:19:39,2024-09-30 08:17:29
P01120,Rohan Malhotra,,2007-10-30,Male,Indian,Business Owner,"H.No. 84, Varughese Circle",Pune,Maharashtra,008017,Active,SRC025,0.8,2025-07-26 21:53:21,2026-08-13 11:09:44
P01121,Ananya Chauhan,,1982-03-18,Male,Indian,Security Guard,"23/12
Parmar",Jaipur,Rajasthan,047264,Active,SRC029,0.87,2026-04-09 17:13:34,2025-09-13 08:26:53
P01122,Sneha Mishra,,1979-05-06,Female,Indian,Manager,"12/038, Karnik Road",Nagpur,Maharashtra,536596,Inactive,SRC024,0.87,2026-04-23 00:08:05,2025-06-01 22:02:05
P01123,Meera Mehta,,1981-03-11,Female,Indian,Sales Executive,"25/482
Datta Road",Gwalior,Madhya Pradesh,838545,Inactive,SRC024,0.82,2026-02-14 09:34:49,2026-08-11 11:45:06
P01124,Isha Chauhan,I. Chauhan,1971-05-10,Male,Indian,Trader,"64/454, Nigam Chowk",Ahmedabad,Gujarat,311232,Active,SRC004,0.79,2026-06-28 10:03:28,2026-08-16 03:18:34
P01125,Ananya Mishra,,1972-03-24,Female,Indian,Student,"91/776
Kibe Ganj",Lucknow,Uttar Pradesh,272038,Active,SRC006,0.86,2025-06-08 08:17:54,2025-10-28 14:03:29
P01126,Ananya Singh,,1999-06-22,Male,Indian,Trader,"H.No. 08
Bhavsar Nagar",Mumbai,Maharashtra,304530,Under Review,SRC027,0.82,2025-01-11 04:11:12,2026-08-25 11:35:35
P01127,Rahul Verma,,2007-08-05,Male,Indian,Consultant,"88/249
Narayanan Ganj",Dewas,Madhya Pradesh,400181,Inactive,SRC015,0.91,2025-11-26 20:18:30,2025-01-20 15:18:32
P01128,Yash Patel,Y. Patel,1981-11-07,Male,Indian,Student,"16/52
Kumar Road",Dewas,Madhya Pradesh,544608,Active,SRC009,0.79,2024-07-23 14:07:55,2025-06-04 15:11:35
P01129,Aarav Shah,,1976-02-11,Male,Indian,Business Owner,"99, Seshadri Ganj",Pune,Maharashtra,053912,Active,SRC009,0.94,2025-06-06 03:24:14,2026-07-23 09:58:34
P01130,Aarav Shah,A. Shah,1983-10-22,Male,Indian,Student,"69/99
Wable Marg",Bhopal,Madhya Pradesh,904579,Under Review,SRC017,0.99,2025-11-15 02:16:02,2026-03-25 21:32:37
P01131,Pooja Malhotra,,1963-01-03,Female,Indian,Manager,"24/630
Zachariah Zila",Gurugram,Haryana,424238,Inactive,SRC011,0.86,2025-09-23 04:23:00,2025-07-30 09:33:31
P01132,Meera Joshi,,1965-12-20,Female,Indian,Student,"912, Tata Zila",Surat,Gujarat,629328,Inactive,SRC020,0.79,2026-04-23 12:38:40,2026-06-18 04:50:19
P01133,Nikhil Joshi,N. Joshi,1993-12-19,Female,Indian,Sales Executive,"210, Aurora Zila",Gwalior,Madhya Pradesh,320018,Active,SRC020,0.81,2025-01-10 12:27:59,2025-02-26 06:04:46
P01134,Varun Malhotra,,1963-07-08,Female,Indian,Security Guard,"98/76, Apte Zila",Pune,Maharashtra,435614,Inactive,SRC022,0.82,2024-03-01 01:05:40,2025-12-05 22:39:45
P01135,Neha Joshi,,2003-06-16,Male,Indian,Technician,"H.No. 31
Uppal",Indore,Madhya Pradesh,746823,Under Review,SRC015,0.83,2024-11-02 08:39:12,2025-02-01 15:12:57
P01136,Mohit Chauhan,,2007-10-10,Female,Indian,Student,"10/030
Raval Chowk",Bengaluru,Karnataka,054596,Inactive,SRC022,0.96,2025-03-01 17:18:51,2024-03-13 12:29:30
P01137,Meera Patel,,1958-09-01,Male,Indian,Sales Executive,"66, Luthra Marg",Jaipur,Rajasthan,106541,Under Review,SRC029,0.9,2025-11-20 19:36:18,2025-11-16 01:40:05
P01138,Riya Bansal,R. Bansal,2003-02-25,Male,Indian,Consultant,"H.No. 07, Naik Circle",Bhopal,Madhya Pradesh,699497,Under Review,SRC018,0.99,2024-02-10 19:47:43,2025-08-21 13:34:44
P01139,Deepak Khan,,1976-05-26,Female,Indian,Security Guard,"68, Menon Ganj",Delhi,Delhi,689996,Active,SRC008,0.82,2024-06-04 00:06:16,2025-08-13 13:06:18
P01140,Pooja Mehta,,1997-09-13,Male,Indian,Sales Executive,"68/88, Dani",Gwalior,Madhya Pradesh,879150,Inactive,SRC029,0.86,2024-12-26 23:29:34,2025-07-29 09:28:59
P01141,Karan Jain,,1966-11-18,Male,Indian,Sales Executive,"H.No. 976
Khalsa Nagar",Nagpur,Maharashtra,012657,Under Review,SRC021,0.93,2026-04-06 08:09:21,2025-09-06 00:30:25
P01142,Aditya Joshi,,1987-02-11,Male,Indian,Technician,"04, Ahluwalia Zila",Pune,Maharashtra,217558,Inactive,SRC030,0.93,2024-11-01 20:48:29,2026-07-20 11:43:53
P01143,Isha Chauhan,,1981-02-27,Female,Indian,Accountant,"H.No. 12
Minhas Chowk",Kanpur,Uttar Pradesh,921188,Active,SRC009,0.8,2024-05-20 17:56:48,2024-03-30 10:05:48
P01144,Aditya Patel,,1994-01-08,Male,Indian,Driver,"642
Dhaliwal Street",Ujjain,Madhya Pradesh,589170,Under Review,SRC012,0.81,2026-02-28 06:16:21,2026-05-07 20:05:27
P01145,Sanjay Chauhan,,2004-04-03,Female,Indian,Business Owner,"54/218
Memon Path",Hyderabad,Telangana,705682,Under Review,SRC018,0.82,2024-01-03 19:23:50,2025-07-16 08:56:20
P01146,Ankit Mishra,,1964-02-11,Male,Indian,Security Guard,"09
Bawa Nagar",Surat,Gujarat,635640,Under Review,SRC020,0.9,2025-03-22 22:55:54,2024-07-24 13:37:35
P01147,Arjun Chauhan,,1964-08-09,Female,Indian,Technician,"828
Narang",Indore,Madhya Pradesh,001788,Active,SRC027,0.98,2024-06-26 20:00:12,2025-11-01 05:57:44
P01148,Sneha Jain,,1994-03-29,Male,Indian,Manager,"H.No. 261, Prakash Marg",Gurugram,Haryana,710580,Inactive,SRC005,0.94,2024-03-29 23:55:59,2025-07-12 20:28:36
P01149,Riya Verma,,2007-05-20,Male,Indian,Consultant,"11, Grewal Path",Bengaluru,Karnataka,105370,Under Review,SRC019,0.88,2026-03-09 15:41:01,2024-05-12 11:42:29
P01150,Sneha Gupta,,1959-11-27,Female,Indian,Business Owner,"H.No. 695
Agrawal Nagar",Gurugram,Haryana,418948,Inactive,SRC005,0.95,2025-11-23 04:03:50,2025-11-11 06:00:36
P01151,Rahul Jain,,1969-03-31,Male,Indian,Trader,"87/69, Kala Circle",Bhopal,Madhya Pradesh,529447,Under Review,SRC013,0.84,2026-01-15 07:25:27,2025-02-06 06:10:28
P01152,Sneha Khan,,1995-01-14,Female,Indian,Student,"34, Butala Circle",Indore,Madhya Pradesh,104502,Under Review,SRC016,0.99,2024-12-08 07:07:01,2025-06-30 07:41:20
P01153,Pooja Chauhan,P. Chauhan,1988-10-26,Female,Indian,Consultant,"21/743, Sarma Path",Jaipur,Rajasthan,835268,Under Review,SRC030,0.82,2024-02-28 20:13:24,2026-04-18 18:27:22
P01154,Riya Tiwari,R. Tiwari,2007-08-08,Female,Indian,Manager,"H.No. 673
Kanda",Jaipur,Rajasthan,488384,Active,SRC028,0.98,2026-07-30 13:06:00,2024-11-05 08:03:21
P01155,Manish Yadav,,1969-04-16,Female,Indian,Trader,"28
Narayanan Nagar",Dewas,Madhya Pradesh,077406,Inactive,SRC029,0.81,2024-12-16 09:11:50,2025-08-26 03:18:44
P01156,Rahul Gupta,,1975-08-24,Male,Indian,Sales Executive,"23
Goswami",Indore,Madhya Pradesh,908551,Inactive,SRC014,0.92,2024-02-11 08:34:50,2025-09-03 23:06:06
P01157,Kabir Verma,,1973-06-14,Female,Indian,Sales Executive,"91/311, Shere Zila",Gwalior,Madhya Pradesh,190254,Active,SRC004,0.99,2025-11-16 03:32:06,2025-03-09 03:57:54
P01158,Neha Joshi,,1977-07-06,Male,Indian,Student,"069, Kaur Path",Hyderabad,Telangana,412012,Active,SRC002,0.8,2024-06-26 07:41:20,2026-05-26 18:52:56
P01159,Ankit Rathore,,1997-09-13,Male,Indian,Student,"H.No. 026
Brar Nagar",Ahmedabad,Gujarat,153259,Under Review,SRC026,0.92,2024-09-09 14:52:19,2025-09-08 14:32:53
P01160,Aditya Yadav,,1989-03-03,Female,Indian,Technician,"40, Chaudhry Chowk",Jaipur,Rajasthan,327980,Active,SRC004,0.8,2026-06-24 14:52:53,2025-11-20 04:09:04
P01161,Arjun Rathore,,1987-10-03,Female,Indian,Consultant,"03/100
Mani Marg",Lucknow,Uttar Pradesh,403910,Under Review,SRC024,0.8,2024-09-26 22:38:32,2024-05-02 15:40:17
P01162,Siddharth Khan,,1959-04-10,Female,Indian,Consultant,"08, Mane",Jaipur,Rajasthan,184913,Under Review,SRC005,0.8,2026-08-21 17:49:15,2024-11-23 17:12:15
P01163,Aditya Tiwari,,1989-01-20,Male,Indian,Student,"55/35, Oak",Dewas,Madhya Pradesh,056100,Under Review,SRC027,0.89,2025-01-31 13:16:22,2025-04-18 17:55:11
P01164,Kavya Bansal,K. Bansal,2005-08-21,Male,Indian,Accountant,"06/968, Borah Nagar",Gurugram,Haryana,774037,Under Review,SRC029,0.8,2025-05-02 10:16:26,2025-11-06 15:21:11
P01165,Riya Deshmukh,R. Deshmukh,1964-01-23,Female,Indian,Technician,"39/449, Kar Path",Dewas,Madhya Pradesh,067762,Active,SRC002,0.81,2024-11-21 03:38:15,2024-01-08 19:58:56
P01166,Rahul Khan,,1965-11-12,Male,Indian,Driver,"H.No. 173
Munshi Marg",Ujjain,Madhya Pradesh,262417,Active,SRC017,0.84,2025-06-06 17:36:11,2024-06-27 19:24:10
P01167,Raj Khan,,1960-10-15,Male,Indian,Accountant,"92/334, Chandran Path",Kota,Rajasthan,009060,Inactive,SRC002,0.98,2024-12-12 13:16:12,2024-01-06 11:12:19
P01168,Varun Agarwal,,1996-08-25,Female,Indian,Technician,"43/02
Chakrabarti Zila",Kanpur,Uttar Pradesh,673290,Under Review,SRC030,0.99,2024-09-30 23:41:13,2025-10-22 00:33:20
P01169,Nikhil Deshmukh,,2006-07-06,Male,Indian,Business Owner,"H.No. 98
Seshadri Circle",Kanpur,Uttar Pradesh,921299,Active,SRC002,0.82,2026-01-20 05:56:02,2024-10-30 06:27:54
P01170,Manish Gupta,,1977-10-29,Male,Indian,Manager,"620, Shankar Street",Jabalpur,Madhya Pradesh,582147,Inactive,SRC009,0.81,2026-08-14 18:06:00,2026-05-15 21:36:06
P01171,Yash Mishra,,1993-02-09,Female,Indian,Student,"H.No. 711, Edwin Path",Ujjain,Madhya Pradesh,802362,Under Review,SRC029,0.81,2024-04-06 07:15:22,2026-02-12 18:57:03
P01172,Deepak Mehta,,1994-09-03,Male,Indian,Security Guard,"H.No. 581, Suresh Circle",Nagpur,Maharashtra,591611,Active,SRC003,0.91,2025-05-04 13:09:33,2024-07-24 17:27:12
P01173,Karan Gupta,,1976-08-11,Male,Indian,Student,"95/977, Chandra Street",Vadodara,Gujarat,880053,Active,SRC011,0.99,2025-04-10 19:46:29,2026-01-14 22:00:29
P01174,Amit Chauhan,,1993-05-03,Male,Indian,Driver,"H.No. 869, Trivedi Street",Indore,Madhya Pradesh,284540,Inactive,SRC004,0.89,2025-10-01 14:35:22,2026-08-26 13:15:23
P01175,Priya Tiwari,P. Tiwari,1964-09-17,Male,Indian,Technician,"002
Kala Circle",Kota,Rajasthan,823220,Inactive,SRC025,0.84,2024-09-02 03:49:01,2024-09-26 22:24:44
P01176,Riya Jain,R. Jain,1982-07-09,Female,Indian,Accountant,"32/811
Parsa Marg",Nagpur,Maharashtra,020203,Inactive,SRC004,0.94,2026-08-10 06:01:51,2024-09-26 12:27:44
P01177,Arjun Khan,,1994-02-07,Female,Indian,Manager,"227, Parmer Chowk",Lucknow,Uttar Pradesh,135302,Inactive,SRC004,0.89,2025-05-04 17:57:06,2025-02-10 15:28:14
P01178,Ananya Shah,,2002-11-15,Male,Indian,Business Owner,"H.No. 63
Bhandari Nagar",Ahmedabad,Gujarat,937775,Active,SRC011,0.98,2025-01-22 03:22:45,2025-07-22 18:41:47
P01179,Ankit Khan,,1988-11-01,Female,Indian,Trader,"102, Chakraborty",Vadodara,Gujarat,174690,Under Review,SRC005,0.83,2026-04-17 08:44:43,2024-06-03 19:48:06
P01180,Priya Bansal,,1995-11-15,Male,Indian,Student,"H.No. 043, Majumdar Circle",Jabalpur,Madhya Pradesh,966229,Under Review,SRC024,0.84,2024-03-19 23:14:42,2026-04-25 04:20:59
P01181,Nandini Saxena,,2005-07-21,Female,Indian,Trader,"08
Peri Nagar",Pune,Maharashtra,856670,Active,SRC015,0.99,2025-01-07 19:39:44,2025-11-12 12:21:10
P01182,Kavya Yadav,,2005-02-03,Female,Indian,Security Guard,"86/55, Mitter Nagar",Lucknow,Uttar Pradesh,440766,Under Review,SRC029,0.97,2026-08-11 05:52:27,2025-10-28 08:47:58
P01183,Vikram Agarwal,,1988-07-04,Female,Indian,Technician,"39/650, Puri Road",Ujjain,Madhya Pradesh,732262,Active,SRC021,0.8,2025-02-26 03:01:43,2026-03-22 12:06:44
P01184,Isha Jain,I. Jain,1962-03-07,Male,Indian,Driver,"H.No. 36, Oza Street",Ujjain,Madhya Pradesh,421880,Under Review,SRC010,0.9,2025-06-03 09:19:10,2025-04-24 16:21:23
P01185,Mohit Sharma,,2007-12-22,Male,Indian,Trader,"96/234, Rai Zila",Kota,Rajasthan,338532,Inactive,SRC017,0.92,2025-12-01 17:18:10,2026-07-25 10:05:50
P01186,Priya Tiwari,,1972-01-15,Male,Indian,Business Owner,"505
Keer Circle",Gwalior,Madhya Pradesh,343031,Under Review,SRC014,0.93,2024-03-17 13:27:56,2026-03-22 22:09:57
P01187,Isha Saxena,,2000-12-07,Male,Indian,Manager,"05
Pingle Road",Pune,Maharashtra,694757,Inactive,SRC006,0.92,2025-01-25 12:56:49,2025-11-23 21:06:26
P01188,Meera Bansal,M. Bansal,1994-06-02,Female,Indian,Sales Executive,"53/536
Sodhi Path",Pune,Maharashtra,669861,Under Review,SRC012,0.98,2025-02-23 06:33:50,2026-05-31 11:37:20
P01189,Amit Rathore,A. Rathore,1964-02-13,Male,Indian,Technician,"H.No. 45, Wason Nagar",Jaipur,Rajasthan,959481,Under Review,SRC008,0.95,2026-03-03 18:24:51,2024-06-29 08:38:17
P01190,Riya Patel,,1978-01-09,Female,Indian,Consultant,"H.No. 59, Ranganathan Marg",Ahmedabad,Gujarat,721307,Active,SRC001,0.93,2026-04-26 14:56:34,2024-09-25 17:26:45
P01191,Siddharth Chauhan,,1969-11-21,Male,Indian,Trader,"H.No. 26, Mangal Zila",Mumbai,Maharashtra,489332,Under Review,SRC028,0.88,2026-07-04 13:15:57,2026-03-05 12:43:47
P01192,Nikhil Sharma,,1973-01-07,Female,Indian,Technician,"H.No. 30
Sachar Chowk",Bengaluru,Karnataka,731008,Active,SRC001,0.85,2025-09-20 04:26:18,2025-12-12 03:17:28
P01193,Isha Khan,,1982-12-13,Male,Indian,Student,"211
Sekhon Path",Jaipur,Rajasthan,845235,Inactive,SRC007,0.8,2026-03-04 14:57:11,2025-10-02 04:15:00
P01194,Varun Singh,V. Singh,1995-05-14,Female,Indian,Business Owner,"87, Loke Road",Kota,Rajasthan,017320,Active,SRC025,0.92,2025-11-03 19:55:51,2025-02-03 19:51:13
P01195,Vikram Rathore,,1975-01-31,Female,Indian,Student,"777, Sani Street",Jaipur,Rajasthan,563370,Active,SRC018,0.95,2024-04-18 11:10:01,2026-06-05 10:17:47
P01196,Arjun Yadav,A. Yadav,1990-08-08,Female,Indian,Student,"52/781, Pillai Nagar",Delhi,Delhi,800027,Active,SRC012,0.97,2026-04-13 05:07:54,2024-06-22 08:53:31
P01197,Ananya Gupta,,1964-03-13,Male,Indian,Sales Executive,"573
Sandal Zila",Gwalior,Madhya Pradesh,943913,Inactive,SRC014,0.94,2026-01-12 11:03:59,2025-05-29 19:13:48
P01198,Meera Verma,,1989-09-03,Female,Indian,Consultant,"20, Dara Ganj",Dewas,Madhya Pradesh,695528,Active,SRC014,0.88,2026-01-24 15:00:15,2024-06-20 06:11:29
P01199,Mohit Singh,,1994-06-07,Female,Indian,Security Guard,"73/52, Pandey Path",Surat,Gujarat,322273,Under Review,SRC030,0.94,2025-11-11 10:17:57,2024-07-03 23:18:40
P01200,Sneha Chauhan,S. Chauhan,1984-04-20,Male,Indian,Business Owner,"H.No. 457, Pandya Ganj",Jabalpur,Madhya Pradesh,236618,Active,SRC005,0.85,2024-12-06 13:23:18,2024-02-03 19:40:43
P01201,Aarav Jain,,1977-12-03,Female,Indian,Student,"70/82, Tank Marg",Bhopal,Madhya Pradesh,823601,Under Review,SRC024,0.78,2024-01-14 18:39:06,2024-05-01 07:33:26
P01202,Mohit Agarwal,,1977-11-20,Female,Indian,Accountant,"83/882
Tailor Zila",Ahmedabad,Gujarat,484673,Under Review,SRC005,0.93,2024-11-11 13:19:49,2026-01-03 09:36:30
P01203,Kabir Jain,,1964-05-08,Female,Indian,Accountant,"222, Badal Circle",Nagpur,Maharashtra,944258,Under Review,SRC027,0.87,2026-08-21 15:34:34,2026-04-14 21:31:06
P01204,Mohit Patel,,1986-07-16,Male,Indian,Manager,"560, Goswami Marg",Lucknow,Uttar Pradesh,350637,Under Review,SRC021,0.81,2026-04-21 03:38:46,2024-08-26 00:52:55
P01205,Arjun Singh,A. Singh,2001-04-12,Male,Indian,Sales Executive,"04/67, Cheema Road",Jaipur,Rajasthan,075384,Inactive,SRC001,0.91,2026-01-21 07:43:07,2025-09-27 13:33:12
P01206,Aditya Verma,,1974-03-11,Female,Indian,Accountant,"13/626, Trivedi Nagar",Jaipur,Rajasthan,639756,Active,SRC011,0.87,2024-03-02 13:11:24,2025-12-11 18:34:45
P01207,Vihaan Bansal,,1997-12-31,Female,Indian,Driver,"H.No. 54, Bora",Kota,Rajasthan,151641,Inactive,SRC012,0.84,2024-03-16 09:37:13,2026-01-15 17:36:22
P01208,Nikhil Mishra,,1992-01-02,Male,Indian,Sales Executive,"40
Chand",Pune,Maharashtra,939578,Active,SRC001,0.79,2025-04-28 05:47:51,2026-02-22 02:56:23
P01209,Isha Joshi,,1960-09-27,Female,Indian,Manager,"042, Dutt Marg",Mumbai,Maharashtra,197121,Active,SRC014,0.82,2024-05-25 15:07:13,2024-03-12 07:30:20
P01210,Mohit Saxena,,1967-12-17,Male,Indian,Business Owner,"69/678, Setty",Surat,Gujarat,098731,Under Review,SRC018,0.94,2024-06-09 12:27:55,2025-04-22 07:18:42
P01211,Rohan Joshi,,1982-05-07,Female,Indian,Manager,"22/76, Sharma Nagar",Vadodara,Gujarat,988978,Under Review,SRC020,0.86,2025-02-13 00:10:02,2024-08-18 19:49:41
P01212,Neha Malhotra,,1990-03-06,Male,Indian,Driver,"94/319, Raja Zila",Mumbai,Maharashtra,430895,Active,SRC021,0.94,2024-06-25 18:48:05,2024-05-01 07:44:33
P01213,Arjun Verma,,1959-12-31,Male,Indian,Accountant,"15/05, Radhakrishnan Chowk",Hyderabad,Telangana,497470,Under Review,SRC015,0.97,2025-11-22 18:29:18,2024-01-02 03:48:11
P01214,Aditya Tiwari,,1979-02-18,Female,Indian,Accountant,"44
Saran Circle",Bengaluru,Karnataka,649797,Under Review,SRC024,0.81,2026-06-17 10:14:18,2026-05-10 22:09:54
P01215,Rohan Gupta,,1962-03-18,Female,Indian,Security Guard,"56, Kurian Nagar",Kota,Rajasthan,006355,Inactive,SRC029,0.86,2025-11-11 03:47:08,2025-04-02 13:30:22
P01216,Neha Patel,N. Patel,1959-08-04,Female,Indian,Security Guard,"H.No. 96
Grewal",Kota,Rajasthan,711952,Under Review,SRC026,0.78,2025-07-07 22:31:17,2025-01-04 21:25:28
P01217,Yash Malhotra,,1974-01-17,Male,Indian,Accountant,"59/702, Palla Path",Jabalpur,Madhya Pradesh,282763,Under Review,SRC027,0.86,2025-02-19 01:10:47,2024-08-16 10:21:58
P01218,Priya Tiwari,,1961-08-31,Male,Indian,Trader,"48/98
Nayak",Lucknow,Uttar Pradesh,546634,Under Review,SRC013,0.9,2026-08-04 02:53:33,2026-01-03 08:51:06
P01219,Ankit Chauhan,,2002-04-12,Male,Indian,Business Owner,"34/414
Dara",Bengaluru,Karnataka,999393,Active,SRC019,0.83,2026-03-22 06:30:35,2026-07-08 05:48:06
P01220,Ananya Sharma,,1970-11-07,Female,Indian,Consultant,"H.No. 39
Rout Road",Lucknow,Uttar Pradesh,088223,Active,SRC010,0.93,2024-02-16 10:55:24,2024-11-15 07:50:46
P01221,Raj Patel,,1979-02-05,Male,Indian,Consultant,"39/889
Chaudhry Road",Dewas,Madhya Pradesh,210972,Active,SRC021,0.81,2024-02-29 13:14:03,2024-06-17 15:46:03
P01222,Meera Malhotra,,2001-07-20,Male,Indian,Accountant,"54, Pall Circle",Jabalpur,Madhya Pradesh,465579,Active,SRC018,0.8,2024-05-08 08:24:06,2026-01-26 17:55:29
P01223,Neha Saxena,,1959-07-28,Female,Indian,Driver,"H.No. 449, Modi Marg",Bengaluru,Karnataka,129390,Under Review,SRC029,0.9,2026-03-11 17:46:25,2024-05-17 14:47:36
P01224,Isha Singh,,1995-04-10,Female,Indian,Technician,"H.No. 213
Nath Chowk",Kota,Rajasthan,589635,Active,SRC021,0.95,2025-07-20 15:02:37,2025-09-03 01:09:35
P01225,Sneha Saxena,,2000-06-27,Female,Indian,Sales Executive,"61/99, Biswas Ganj",Pune,Maharashtra,584345,Inactive,SRC001,0.89,2025-01-20 20:12:25,2024-08-03 07:30:00
P01226,Riya Shah,,1961-05-14,Female,Indian,Consultant,"H.No. 342
Reddy Ganj",Gwalior,Madhya Pradesh,203347,Under Review,SRC021,0.91,2024-10-11 20:25:00,2024-09-14 23:09:19
P01227,Rahul Yadav,,1968-04-09,Male,Indian,Manager,"H.No. 437, Sagar",Pune,Maharashtra,800852,Under Review,SRC026,0.96,2025-07-07 17:10:34,2024-09-30 00:05:56
P01228,Ankit Singh,,1996-02-01,Female,Indian,Technician,"177, Bhatt Road",Delhi,Delhi,430435,Active,SRC029,0.88,2024-02-26 20:48:56,2024-08-10 05:09:02
P01229,Mohit Khan,,1998-02-28,Male,Indian,Accountant,"H.No. 228
Mand",Delhi,Delhi,652752,Under Review,SRC016,0.98,2024-07-12 14:21:18,2024-05-09 20:56:41
P01230,Kabir Agarwal,,2008-05-13,Male,Indian,Student,"H.No. 202, Rattan Path",Indore,Madhya Pradesh,330303,Under Review,SRC020,0.82,2024-07-10 22:36:55,2025-02-01 06:25:21
P01231,Rohan Mehta,,1980-02-28,Female,Indian,Driver,"67/507, Dhar Marg",Kota,Rajasthan,995530,Under Review,SRC017,0.81,2024-06-17 20:59:28,2025-09-16 10:15:41
P01232,Pooja Sharma,P. Sharma,1968-05-30,Female,Indian,Business Owner,"398, Sura Road",Bengaluru,Karnataka,303420,Active,SRC027,0.78,2024-05-03 15:00:25,2024-10-15 00:18:40
P01233,Sneha Verma,,1961-02-21,Male,Indian,Consultant,"H.No. 722, Master Street",Jabalpur,Madhya Pradesh,507648,Active,SRC021,0.91,2025-03-26 01:56:00,2026-01-25 05:32:24
P01234,Kavya Sharma,,1962-11-07,Female,Indian,Driver,"75/461
Goswami",Gwalior,Madhya Pradesh,065838,Active,SRC005,0.88,2026-04-28 20:13:07,2025-03-04 19:22:20
P01235,Siddharth Yadav,,1997-11-21,Female,Indian,Sales Executive,"25/812
Nadig Street",Dewas,Madhya Pradesh,956684,Active,SRC002,0.89,2025-11-24 08:54:17,2026-06-09 03:45:58
P01236,Karan Tiwari,K. Tiwari,1994-08-18,Male,Indian,Driver,"733, Bose Chowk",Gwalior,Madhya Pradesh,121101,Under Review,SRC010,0.8,2025-05-31 13:56:49,2026-07-28 22:16:17
P01237,Meera Mishra,M. Mishra,1959-10-23,Male,Indian,Business Owner,"86/901
Bawa Chowk",Jabalpur,Madhya Pradesh,403925,Active,SRC014,0.86,2024-04-10 18:32:36,2026-08-03 09:22:24
P01238,Nikhil Agarwal,,1989-02-24,Female,Indian,Driver,"951
Chaudry Chowk",Pune,Maharashtra,227643,Inactive,SRC006,0.99,2024-08-02 08:43:35,2025-03-18 03:13:50
P01239,Vikram Patel,,1966-01-04,Female,Indian,Driver,"H.No. 22
Prashad Zila",Ahmedabad,Gujarat,654963,Inactive,SRC030,0.97,2026-06-03 05:38:06,2025-12-21 01:21:54
P01240,Aditya Verma,A. Verma,1957-09-30,Female,Indian,Security Guard,"444, Badami Chowk",Bengaluru,Karnataka,887899,Inactive,SRC020,0.82,2026-06-16 13:01:13,2024-01-12 10:14:09
P01241,Amit Singh,,1981-05-14,Female,Indian,Technician,"H.No. 596, Palla Circle",Ahmedabad,Gujarat,953774,Active,SRC009,0.97,2025-08-30 01:38:26,2026-05-29 08:55:28
P01242,Priya Saxena,,1977-12-06,Male,Indian,Business Owner,"956, Loyal Ganj",Nagpur,Maharashtra,777522,Active,SRC025,0.92,2026-06-06 10:09:26,2025-07-05 22:09:31
P01243,Sanjay Singh,,1958-07-25,Female,Indian,Driver,"58, Dhar Zila",Jaipur,Rajasthan,059229,Active,SRC019,0.87,2024-10-05 02:52:40,2024-03-10 09:50:06
P01244,Isha Malhotra,I. Malhotra,2004-10-18,Male,Indian,Sales Executive,"029
Mutti Path",Jabalpur,Madhya Pradesh,363726,Inactive,SRC012,0.85,2024-06-16 16:57:42,2025-08-28 14:49:18
P01245,Amit Rathore,,1972-10-19,Female,Indian,Sales Executive,"H.No. 661, Lad Path",Kota,Rajasthan,851331,Under Review,SRC030,0.83,2024-08-05 00:19:12,2025-06-07 18:36:35
P01246,Amit Tiwari,,2001-02-01,Female,Indian,Security Guard,"H.No. 98, Dugar Ganj",Gurugram,Haryana,122121,Under Review,SRC027,0.83,2024-12-28 01:35:14,2024-10-15 01:53:08
P01247,Aditya Shah,,1991-06-21,Male,Indian,Driver,"58/268, Wason Marg",Kota,Rajasthan,640191,Active,SRC012,0.78,2025-05-31 12:08:09,2024-09-12 01:35:01
P01248,Riya Sharma,,1985-01-25,Male,Indian,Driver,"H.No. 42
Basak Nagar",Vadodara,Gujarat,298778,Active,SRC030,0.85,2025-04-12 11:16:15,2026-03-20 10:43:21
P01249,Riya Singh,,1984-03-25,Female,Indian,Accountant,"64/641
Saran",Ahmedabad,Gujarat,342192,Active,SRC027,0.83,2025-11-26 13:23:15,2025-02-28 08:14:39
P01250,Isha Singh,,1965-01-20,Male,Indian,Student,"204, Bath Zila",Gwalior,Madhya Pradesh,294831,Under Review,SRC001,0.93,2024-09-30 19:21:29,2025-04-17 11:40:26
P01251,Amit Saxena,,1983-09-26,Male,Indian,Trader,"H.No. 797, Ray Street",Bhopal,Madhya Pradesh,981283,Under Review,SRC028,0.81,2024-04-17 21:35:19,2025-06-18 17:09:20
P01252,Rohan Saxena,R. Saxena,1960-07-30,Male,Indian,Business Owner,"60
Agate Street",Jabalpur,Madhya Pradesh,053285,Under Review,SRC027,0.95,2024-07-07 04:05:06,2025-01-20 08:05:05
P01253,Rohan Khan,,2002-03-11,Female,Indian,Trader,"H.No. 05, Madan Street",Gurugram,Haryana,838058,Inactive,SRC024,0.85,2025-11-01 12:09:15,2026-06-18 22:22:39
P01254,Kavya Sharma,K. Sharma,2000-08-20,Male,Indian,Business Owner,"99/007, Walla Marg",Ahmedabad,Gujarat,276332,Under Review,SRC025,0.82,2026-04-01 01:16:06,2026-08-24 03:12:54
P01255,Kabir Sharma,,1968-03-20,Female,Indian,Security Guard,"33/761
Nayar Circle",Jaipur,Rajasthan,862671,Under Review,SRC027,0.83,2024-08-29 03:22:35,2025-06-21 05:48:22
P01256,Siddharth Bansal,,2006-11-22,Female,Indian,Sales Executive,"H.No. 132, Dugar Circle",Ahmedabad,Gujarat,392188,Inactive,SRC003,0.89,2025-12-12 08:24:33,2024-08-05 18:18:42
P01257,Rohan Gupta,,2003-06-15,Male,Indian,Student,"91/875
Ravi Nagar",Jaipur,Rajasthan,761065,Active,SRC027,0.94,2026-03-14 05:35:04,2024-06-11 12:54:30
P01258,Raj Deshmukh,,1990-01-17,Female,Indian,Trader,"43/192, Saxena Chowk",Ujjain,Madhya Pradesh,178159,Inactive,SRC021,0.91,2025-02-11 16:28:13,2026-04-10 04:35:55
P01259,Sneha Chauhan,S. Chauhan,1990-06-23,Female,Indian,Student,"H.No. 72
Dora Nagar",Dewas,Madhya Pradesh,656862,Active,SRC009,0.8,2025-08-18 02:54:48,2024-12-10 08:18:59
P01260,Aditya Saxena,,1999-12-21,Female,Indian,Business Owner,"H.No. 73, Tripathi Road",Bengaluru,Karnataka,553946,Active,SRC010,0.81,2025-09-03 07:28:04,2024-01-09 18:55:33
P01261,Arjun Mehta,,1980-05-01,Female,Indian,Accountant,"990
Loyal Chowk",Mumbai,Maharashtra,296694,Under Review,SRC007,0.91,2024-03-02 05:31:16,2025-03-02 01:12:16
P01262,Vihaan Jain,V. Jain,1989-03-23,Male,Indian,Manager,"H.No. 808
Shankar",Nagpur,Maharashtra,748599,Inactive,SRC002,0.79,2024-10-03 13:15:36,2024-09-25 08:28:20
P01263,Aditya Agarwal,,2006-04-21,Female,Indian,Student,"84/16, Kibe Chowk",Indore,Madhya Pradesh,785369,Under Review,SRC007,0.85,2025-06-05 22:49:32,2025-06-02 19:42:21
P01264,Ankit Saxena,,2008-07-12,Male,Indian,Technician,"80/44
Anne Path",Jabalpur,Madhya Pradesh,860521,Inactive,SRC029,0.94,2026-03-24 03:07:57,2026-08-17 22:44:12
P01265,Arjun Bansal,A. Bansal,1966-01-13,Female,Indian,Trader,"06, Mann Marg",Jabalpur,Madhya Pradesh,082484,Under Review,SRC028,0.96,2024-12-14 21:18:33,2024-04-11 13:21:24
P01266,Manish Khan,,1968-12-17,Male,Indian,Driver,"05/748, Khalsa Circle",Jabalpur,Madhya Pradesh,418563,Under Review,SRC008,0.97,2024-01-15 04:12:45,2026-06-19 11:12:35
P01267,Kavya Singh,,1980-06-21,Female,Indian,Trader,"H.No. 003
Pai Nagar",Dewas,Madhya Pradesh,619953,Active,SRC011,0.84,2024-01-17 19:41:42,2026-07-31 02:21:44
P01268,Yash Mishra,,1975-11-25,Female,Indian,Accountant,"H.No. 849
Sarma Ganj",Bhopal,Madhya Pradesh,679087,Active,SRC020,0.91,2026-06-08 07:16:30,2026-06-06 15:14:24
P01269,Rohan Shah,R. Shah,1991-01-02,Male,Indian,Sales Executive,"600
Jani Zila",Gurugram,Haryana,510344,Inactive,SRC018,0.96,2024-10-21 20:01:54,2026-07-31 18:25:43
P01270,Kavya Mehta,K. Mehta,1964-05-18,Female,Indian,Sales Executive,"74, Sami Path",Gurugram,Haryana,524062,Inactive,SRC006,0.79,2026-02-05 03:18:17,2024-05-02 15:25:35
P01271,Siddharth Saxena,S. Saxena,1974-03-05,Male,Indian,Trader,"96/72
Sandal Path",Vadodara,Gujarat,221905,Inactive,SRC016,0.99,2024-08-17 13:00:47,2026-06-25 17:01:53
P01272,Pooja Yadav,,1990-09-10,Female,Indian,Business Owner,"04
Mohanty Chowk",Jabalpur,Madhya Pradesh,648455,Inactive,SRC028,0.84,2025-08-04 03:51:46,2025-08-07 13:28:03
P01273,Amit Deshmukh,,1974-04-23,Female,Indian,Technician,"835, Suresh Nagar",Jabalpur,Madhya Pradesh,245531,Active,SRC022,0.87,2024-06-10 17:39:58,2026-03-17 12:27:37
P01274,Deepak Malhotra,,2003-07-18,Male,Indian,Accountant,"H.No. 362, Chand Street",Bhopal,Madhya Pradesh,732772,Under Review,SRC027,0.9,2025-02-18 02:34:49,2024-09-20 09:23:06
P01275,Rohan Patel,,1990-06-10,Female,Indian,Driver,"58/55, Nair Circle",Ahmedabad,Gujarat,294252,Active,SRC013,0.96,2025-11-24 13:22:03,2024-10-31 04:29:05
P01276,Priya Mehta,,1978-05-19,Female,Indian,Driver,"59
Sen Zila",Vadodara,Gujarat,050805,Active,SRC006,0.93,2024-10-27 04:24:53,2024-03-31 05:48:28
P01277,Nandini Chauhan,,1980-07-12,Female,Indian,Driver,"H.No. 73
Kala Path",Kota,Rajasthan,247841,Inactive,SRC011,0.99,2026-03-21 18:26:49,2026-04-01 07:31:38
P01278,Mohit Gupta,M. Gupta,1963-09-29,Female,Indian,Business Owner,"97/344
Jani",Gurugram,Haryana,537880,Under Review,SRC005,0.98,2024-08-04 05:52:40,2024-05-01 10:36:15
P01279,Rohan Gupta,,1968-10-10,Female,Indian,Business Owner,"H.No. 338, Gopal",Surat,Gujarat,087882,Inactive,SRC026,0.87,2026-03-01 03:48:37,2025-06-25 18:46:35
P01280,Mohit Gupta,,1975-08-27,Male,Indian,Student,"87, Andra Ganj",Bhopal,Madhya Pradesh,862515,Inactive,SRC009,0.91,2024-06-25 15:18:18,2025-03-09 03:37:04
P01281,Aditya Singh,,1973-04-06,Male,Indian,Consultant,"35/378
Chaudhuri Nagar",Ujjain,Madhya Pradesh,567344,Under Review,SRC015,0.96,2026-04-25 21:12:49,2025-04-28 03:45:47
P01282,Varun Gupta,,1995-03-02,Male,Indian,Driver,"62/969
Mukherjee Zila",Nagpur,Maharashtra,362999,Inactive,SRC011,0.98,2024-09-07 00:21:19,2024-12-31 22:00:01
P01283,Manish Khan,,1998-02-27,Female,Indian,Trader,"H.No. 09
Balakrishnan",Mumbai,Maharashtra,108985,Inactive,SRC018,0.92,2025-04-11 17:44:02,2025-07-15 20:21:57
P01284,Kabir Mishra,,1984-10-06,Female,Indian,Business Owner,"52/118, Rout",Vadodara,Gujarat,424648,Under Review,SRC026,0.97,2026-01-25 12:20:14,2024-10-16 12:10:22
P01285,Rahul Mehta,,1995-12-23,Female,Indian,Technician,"57/28
Swaminathan Path",Hyderabad,Telangana,958281,Active,SRC005,0.97,2026-03-30 20:05:31,2024-02-19 22:56:29
P01286,Nandini Singh,,1964-12-26,Male,Indian,Student,"97/891
Mistry Street",Gurugram,Haryana,971705,Inactive,SRC017,0.93,2025-12-31 08:18:33,2025-05-29 20:01:52
P01287,Deepak Singh,,2004-05-19,Male,Indian,Business Owner,"H.No. 14
Sandal Ganj",Delhi,Delhi,286811,Active,SRC024,0.99,2024-06-26 07:19:23,2024-07-30 18:16:40
P01288,Amit Tiwari,,1959-03-08,Male,Indian,Technician,"81
Korpal Zila",Dewas,Madhya Pradesh,814590,Active,SRC007,0.98,2026-05-13 13:05:09,2024-01-23 01:14:52
P01289,Siddharth Sharma,,1998-03-18,Male,Indian,Consultant,"H.No. 779, Prabhakar Nagar",Vadodara,Gujarat,286693,Inactive,SRC017,0.95,2024-08-03 01:03:09,2026-02-07 00:10:07
P01290,Arjun Rathore,,1962-03-25,Female,Indian,Technician,"88/070
Hayer Path",Delhi,Delhi,601193,Under Review,SRC014,0.89,2026-02-05 00:12:27,2024-03-18 15:57:42
P01291,Pooja Joshi,,1970-05-08,Female,Indian,Student,"74/25, Dara Path",Gwalior,Madhya Pradesh,609085,Inactive,SRC006,0.9,2026-03-15 00:58:00,2026-02-15 01:34:50
P01292,Kabir Tiwari,,2001-04-21,Female,Indian,Consultant,"H.No. 450, Mistry Street",Kota,Rajasthan,736158,Under Review,SRC020,0.98,2025-04-27 19:00:49,2025-01-03 21:05:06
P01293,Meera Patel,,1978-03-05,Male,Indian,Driver,"H.No. 358
Rattan",Ujjain,Madhya Pradesh,353900,Under Review,SRC001,0.91,2025-09-01 17:05:41,2025-06-13 20:23:38
P01294,Amit Patel,,2007-06-02,Male,Indian,Trader,"H.No. 547
Chadha Ganj",Gurugram,Haryana,663979,Under Review,SRC019,0.95,2024-06-29 22:00:35,2024-12-03 08:32:37
P01295,Priya Agarwal,,2002-05-29,Female,Indian,Security Guard,"43, Basak Marg",Kota,Rajasthan,837727,Inactive,SRC004,0.82,2024-01-28 09:53:48,2024-06-03 03:08:33
P01296,Mohit Patel,,1987-12-28,Female,Indian,Student,"05
Merchant Ganj",Vadodara,Gujarat,816441,Under Review,SRC023,0.94,2026-03-05 22:35:20,2025-10-26 12:25:37
P01297,Ankit Sharma,,1961-07-28,Female,Indian,Consultant,"75/35, Mistry Circle",Vadodara,Gujarat,405103,Under Review,SRC009,0.84,2025-10-13 04:59:56,2025-06-16 02:20:35
P01298,Meera Mishra,M. Mishra,1964-07-28,Female,Indian,Business Owner,"H.No. 427, Joshi Marg",Pune,Maharashtra,281444,Active,SRC001,0.81,2025-03-17 01:10:22,2025-05-29 14:08:17
P01299,Nikhil Bansal,,1987-03-14,Male,Indian,Manager,"096
Basu",Bengaluru,Karnataka,764909,Inactive,SRC008,0.9,2024-06-18 00:15:06,2025-05-07 00:05:10
P01300,Ankit Gupta,,1996-08-11,Male,Indian,Manager,"87/45
Choudhury Path",Bengaluru,Karnataka,587271,Inactive,SRC005,0.98,2025-03-17 06:25:47,2026-05-14 06:47:14
P01301,Ankit Khan,,1958-10-03,Male,Indian,Student,"81/16
Banerjee Road",Jaipur,Rajasthan,439881,Active,SRC004,0.93,2025-05-08 13:28:06,2024-07-18 23:55:12
P01302,Rohan Bansal,,1981-08-20,Female,Indian,Consultant,"33/36
Soman Road",Gwalior,Madhya Pradesh,041309,Under Review,SRC006,0.98,2024-01-13 02:52:52,2026-06-07 11:44:45
P01303,Rahul Mehta,R. Mehta,2005-09-19,Male,Indian,Manager,"860
Datta Street",Ujjain,Madhya Pradesh,254204,Active,SRC001,0.91,2024-03-06 23:44:03,2026-04-04 12:04:25
P01304,Raj Mehta,,2001-08-25,Male,Indian,Trader,"H.No. 905, Shenoy Chowk",Hyderabad,Telangana,044100,Under Review,SRC021,0.94,2025-11-19 04:18:41,2025-04-26 09:21:12
P01305,Kabir Jain,,1987-11-03,Male,Indian,Student,"H.No. 932
Prabhu Road",Pune,Maharashtra,810979,Inactive,SRC022,0.79,2024-10-28 04:59:38,2026-07-17 23:21:24
P01306,Aditya Singh,,2004-10-09,Male,Indian,Driver,"H.No. 87, Soman Nagar",Indore,Madhya Pradesh,649632,Inactive,SRC030,0.91,2024-06-21 15:57:14,2024-03-17 00:27:34
P01307,Arjun Singh,,1982-12-19,Male,Indian,Driver,"240
Kala Road",Ahmedabad,Gujarat,611890,Active,SRC016,0.96,2024-02-04 11:44:08,2024-10-24 05:32:24
P01308,Nandini Gupta,N. Gupta,1984-06-27,Male,Indian,Student,"63/070, Rastogi Street",Jaipur,Rajasthan,202009,Active,SRC016,0.98,2024-11-22 04:05:05,2026-02-10 00:39:00
P01309,Aditya Gupta,,1977-08-10,Female,Indian,Trader,"21/953
Balasubramanian Marg",Kota,Rajasthan,577950,Active,SRC006,0.84,2024-02-28 07:32:36,2025-04-26 13:40:16
P01310,Meera Khan,,1964-08-19,Male,Indian,Driver,"H.No. 739, Chakraborty Chowk",Hyderabad,Telangana,072211,Inactive,SRC012,0.88,2024-07-17 16:20:05,2026-03-02 01:06:15
P01311,Yash Deshmukh,Y. Deshmukh,1986-07-22,Female,Indian,Driver,"H.No. 672
Dar Street",Kanpur,Uttar Pradesh,454617,Active,SRC020,0.79,2024-04-17 23:07:21,2024-06-11 16:04:40
P01312,Aarav Bansal,,1998-11-12,Male,Indian,Technician,"07, Mohan Road",Lucknow,Uttar Pradesh,602344,Active,SRC029,0.83,2026-04-13 16:39:36,2026-06-24 13:05:20
P01313,Sanjay Singh,S. Singh,1964-05-22,Male,Indian,Consultant,"160
Oommen Street",Pune,Maharashtra,394120,Inactive,SRC016,0.82,2025-07-21 14:10:48,2024-10-23 20:28:58
P01314,Aditya Saxena,,1999-08-29,Female,Indian,Trader,"690
Goswami Ganj",Kanpur,Uttar Pradesh,551327,Inactive,SRC017,0.98,2025-02-01 22:23:27,2025-09-25 22:53:40
P01315,Nandini Gupta,N. Gupta,1988-05-28,Female,Indian,Student,"80/245
Zachariah Path",Nagpur,Maharashtra,160211,Active,SRC019,0.95,2025-07-13 10:45:25,2024-04-17 10:59:50
P01316,Siddharth Agarwal,,2006-05-19,Female,Indian,Student,"686, Wason Road",Dewas,Madhya Pradesh,478686,Inactive,SRC014,0.91,2024-05-03 11:24:31,2025-03-27 02:11:47
P01317,Karan Joshi,K. Joshi,2008-08-16,Female,Indian,Student,"84/47, Bajwa Road",Bengaluru,Karnataka,781919,Active,SRC019,0.85,2024-02-01 15:37:01,2024-10-10 16:52:51
P01318,Meera Mehta,M. Mehta,2000-11-01,Male,Indian,Security Guard,"H.No. 640, Raval Nagar",Delhi,Delhi,692353,Inactive,SRC019,0.87,2024-09-28 01:55:31,2024-09-18 18:03:01
P01319,Yash Bansal,,1979-12-17,Male,Indian,Sales Executive,"H.No. 821
Wable Ganj",Vadodara,Gujarat,546220,Inactive,SRC014,0.95,2024-06-12 15:09:54,2026-08-28 22:17:07
P01320,Nikhil Jain,,1967-11-01,Female,Indian,Technician,"20/550
Kamdar Ganj",Ujjain,Madhya Pradesh,000886,Active,SRC025,0.85,2024-08-29 22:52:03,2024-10-10 19:33:49
P01321,Aarav Joshi,,1994-02-06,Male,Indian,Trader,"39
Agrawal Zila",Indore,Madhya Pradesh,889911,Under Review,SRC026,0.85,2024-09-02 07:33:58,2025-01-30 05:26:14
P01322,Vikram Tiwari,,1957-10-21,Male,Indian,Security Guard,"92, Dewan Ganj",Ujjain,Madhya Pradesh,379897,Active,SRC004,0.9,2025-12-21 00:46:30,2025-08-24 02:18:11
P01323,Ananya Deshmukh,,1977-06-20,Female,Indian,Student,"H.No. 81
Sandal Circle",Ujjain,Madhya Pradesh,463000,Inactive,SRC027,0.85,2026-06-15 11:35:01,2026-03-04 21:43:45
P01324,Rahul Verma,,2007-04-07,Female,Indian,Student,"33/611
Sehgal Ganj",Gurugram,Haryana,181519,Active,SRC004,0.88,2025-06-24 07:16:16,2024-12-25 09:45:44
P01325,Yash Joshi,,1970-11-20,Male,Indian,Consultant,"42/03, Arora Road",Hyderabad,Telangana,535346,Active,SRC021,0.94,2025-02-04 00:22:35,2025-03-10 10:08:49
P01326,Siddharth Sharma,,1976-10-18,Female,Indian,Business Owner,"H.No. 94
Sankaran Marg",Delhi,Delhi,201082,Under Review,SRC030,0.89,2024-09-16 18:54:13,2025-09-18 13:48:37
P01327,Sanjay Sharma,,1958-06-27,Female,Indian,Consultant,"81/822, Varghese Ganj",Ujjain,Madhya Pradesh,940262,Inactive,SRC011,0.94,2024-02-02 18:30:41,2024-12-03 06:59:06
P01328,Ankit Mehta,,2002-12-02,Female,Indian,Manager,"H.No. 52
Karan Chowk",Kanpur,Uttar Pradesh,364235,Active,SRC013,0.84,2026-08-26 20:39:19,2024-01-17 22:15:04
P01329,Deepak Rathore,,1972-09-11,Male,Indian,Business Owner,"18/28, Chhabra Path",Gwalior,Madhya Pradesh,612559,Active,SRC002,0.95,2024-01-18 09:58:32,2025-10-09 14:07:30
P01330,Rohan Patel,,2003-03-05,Female,Indian,Accountant,"H.No. 079, Kanda Street",Surat,Gujarat,466001,Active,SRC003,0.82,2024-05-04 08:04:40,2024-08-23 18:15:30
P01331,Meera Saxena,,1964-12-23,Male,Indian,Consultant,"H.No. 123, Sane Street",Kanpur,Uttar Pradesh,512048,Active,SRC004,0.79,2025-11-27 00:23:20,2024-01-12 05:12:35
P01332,Manish Mehta,,1995-03-06,Female,Indian,Consultant,"H.No. 34
Raj Road",Nagpur,Maharashtra,422763,Under Review,SRC006,0.97,2026-04-09 02:56:42,2024-10-18 17:59:53
P01333,Siddharth Yadav,S. Yadav,1999-10-04,Male,Indian,Manager,"H.No. 915, Amble Ganj",Gwalior,Madhya Pradesh,734724,Inactive,SRC021,0.87,2024-08-16 12:52:53,2025-06-27 06:13:18
P01334,Arjun Bansal,,1979-03-09,Female,Indian,Trader,"82
Nadkarni Street",Lucknow,Uttar Pradesh,272670,Inactive,SRC011,0.94,2025-05-10 15:13:38,2026-04-04 10:14:35
P01335,Mohit Jain,,1993-07-21,Female,Indian,Driver,"H.No. 62
Majumdar Street",Ujjain,Madhya Pradesh,976878,Inactive,SRC018,0.96,2026-04-13 03:21:58,2024-09-19 06:49:24
P01336,Vikram Gupta,V. Gupta,1989-06-21,Female,Indian,Business Owner,"12
Bhasin",Ujjain,Madhya Pradesh,500618,Active,SRC001,0.92,2024-10-22 02:50:59,2025-07-04 08:28:55
P01337,Deepak Chauhan,,2008-05-02,Female,Indian,Accountant,"354, Mohanty Ganj",Mumbai,Maharashtra,466821,Under Review,SRC025,0.89,2024-05-26 17:51:09,2024-11-23 04:46:25
P01338,Riya Joshi,,1990-03-02,Male,Indian,Security Guard,"52/54
Gera",Ahmedabad,Gujarat,644111,Active,SRC030,0.81,2025-10-14 11:23:54,2025-08-18 22:08:42
P01339,Nandini Saxena,,1997-02-24,Male,Indian,Student,"27/30, Kaur Marg",Jaipur,Rajasthan,359488,Active,SRC003,0.84,2026-02-23 12:31:13,2025-12-05 11:12:48
P01340,Kabir Agarwal,,1984-08-10,Male,Indian,Trader,"68/06
Lad Marg",Hyderabad,Telangana,511021,Active,SRC024,0.8,2024-06-05 15:37:19,2026-05-04 10:51:15
P01341,Aarav Yadav,,1973-07-13,Female,Indian,Security Guard,"H.No. 230
Ratti Zila",Dewas,Madhya Pradesh,498603,Inactive,SRC012,0.84,2025-04-28 06:16:02,2024-04-07 18:24:41
P01342,Nandini Tiwari,,1994-11-25,Male,Indian,Sales Executive,"H.No. 032
Jaggi Nagar",Ujjain,Madhya Pradesh,978999,Inactive,SRC017,0.87,2026-06-06 18:48:41,2024-02-18 03:53:32
P01343,Sanjay Verma,,1962-03-26,Male,Indian,Business Owner,"H.No. 034
Dada Chowk",Delhi,Delhi,171978,Under Review,SRC013,0.93,2025-02-07 17:41:57,2026-01-29 14:18:21
P01344,Amit Gupta,,1963-01-09,Male,Indian,Manager,"590
Kuruvilla Circle",Ahmedabad,Gujarat,947855,Inactive,SRC017,0.91,2026-06-15 09:22:06,2025-09-03 17:04:58
P01345,Varun Mishra,,1961-08-07,Male,Indian,Driver,"H.No. 35
Gandhi Circle",Gwalior,Madhya Pradesh,072887,Active,SRC004,0.79,2025-05-23 11:26:01,2024-01-04 08:52:14
P01346,Vihaan Shah,,1964-09-08,Male,Indian,Consultant,"03/71
Cherian Marg",Nagpur,Maharashtra,088197,Active,SRC029,0.91,2026-08-07 14:20:12,2024-05-30 10:53:23
P01347,Ananya Chauhan,,2003-04-02,Male,Indian,Consultant,"H.No. 77
Wason Zila",Jaipur,Rajasthan,753076,Inactive,SRC007,0.82,2025-06-28 13:08:17,2024-04-13 04:18:06
P01348,Rahul Saxena,,2003-09-20,Female,Indian,Business Owner,"H.No. 80, Peri Circle",Ahmedabad,Gujarat,780024,Active,SRC006,0.89,2025-10-13 01:30:58,2024-10-12 05:52:39
P01349,Ananya Deshmukh,,1998-05-22,Male,Indian,Sales Executive,"622, Raman Zila",Gurugram,Haryana,696857,Inactive,SRC022,0.79,2024-09-09 13:44:58,2025-10-10 09:20:51
P01350,Kabir Joshi,K. Joshi,1958-09-08,Male,Indian,Trader,"51/691
Patla Ganj",Delhi,Delhi,150164,Inactive,SRC011,0.78,2026-03-12 05:14:16,2025-01-12 21:48:16
P01351,Karan Mehta,,1957-11-23,Male,Indian,Manager,"350, Kuruvilla Circle",Dewas,Madhya Pradesh,431983,Inactive,SRC016,0.9,2025-07-16 06:49:27,2024-10-07 18:24:56
P01352,Mohit Jain,M. Jain,2001-04-16,Male,Indian,Manager,"004, Sandal Zila",Gurugram,Haryana,053021,Under Review,SRC010,0.96,2024-12-24 08:33:50,2024-03-10 08:15:22
P01353,Varun Bansal,,1981-12-16,Male,Indian,Driver,"86/463
Narayan Ganj",Dewas,Madhya Pradesh,481105,Inactive,SRC026,0.93,2024-01-17 14:45:30,2024-04-25 07:00:52
P01354,Deepak Rathore,,1996-06-25,Female,Indian,Trader,"42
Tiwari Chowk",Vadodara,Gujarat,157385,Inactive,SRC012,0.88,2024-11-08 06:51:43,2026-01-14 06:22:25
P01355,Sneha Saxena,,2001-09-29,Female,Indian,Driver,"17/75, Desai Zila",Ahmedabad,Gujarat,959781,Inactive,SRC022,0.89,2024-11-28 03:34:57,2024-09-09 14:07:00
P01356,Neha Sharma,,1976-11-12,Male,Indian,Sales Executive,"97/236, Dube Nagar",Jabalpur,Madhya Pradesh,465467,Inactive,SRC016,0.79,2025-03-31 21:54:08,2024-02-05 16:30:55
P01357,Siddharth Mishra,,1960-12-19,Male,Indian,Accountant,"H.No. 730, Sheth Circle",Vadodara,Gujarat,564783,Inactive,SRC021,0.8,2025-04-13 03:55:06,2025-12-04 03:33:30
P01358,Karan Tiwari,,1968-09-17,Male,Indian,Consultant,"H.No. 43
Babu Circle",Delhi,Delhi,741485,Under Review,SRC012,0.97,2025-11-17 14:59:18,2025-10-15 13:58:50
P01359,Ankit Shah,,1977-03-21,Female,Indian,Consultant,"25/46, Rau Circle",Kota,Rajasthan,728840,Active,SRC002,0.9,2025-03-12 13:55:22,2025-02-21 00:55:08
P01360,Ananya Joshi,A. Joshi,1964-08-11,Female,Indian,Manager,"63/271
Nigam Ganj",Bengaluru,Karnataka,867625,Inactive,SRC010,0.8,2025-08-10 10:35:04,2024-07-31 00:07:23
P01361,Aarav Rathore,,1984-08-25,Male,Indian,Security Guard,"06/04
Virk Circle",Jabalpur,Madhya Pradesh,932055,Inactive,SRC020,0.9,2026-01-26 10:19:47,2024-09-09 16:42:24
P01362,Kabir Agarwal,,1975-05-12,Female,Indian,Business Owner,"89/273, Sahota",Gurugram,Haryana,597640,Inactive,SRC002,0.83,2024-11-01 18:50:49,2025-10-25 09:39:40
P01363,Sneha Shah,S. Shah,1995-04-20,Female,Indian,Business Owner,"07
Sheth Circle",Gwalior,Madhya Pradesh,554261,Inactive,SRC012,0.92,2025-07-24 20:32:14,2026-04-19 08:43:11
P01364,Aarav Verma,A. Verma,1969-12-21,Female,Indian,Security Guard,"273
De Marg",Nagpur,Maharashtra,320222,Under Review,SRC025,0.9,2025-04-14 03:03:28,2024-04-13 13:02:46
P01365,Aditya Malhotra,,1961-06-30,Male,Indian,Student,"H.No. 76
Dara",Jabalpur,Madhya Pradesh,162042,Under Review,SRC030,0.8,2025-08-23 03:14:07,2025-06-12 12:41:50
P01366,Vikram Verma,,1963-06-26,Male,Indian,Student,"69/83
Prasad Nagar",Gurugram,Haryana,169039,Inactive,SRC013,0.98,2026-04-13 08:28:18,2024-06-23 08:00:20
P01367,Arjun Malhotra,,1959-03-07,Male,Indian,Manager,"69/801, Gour Road",Ahmedabad,Gujarat,471068,Inactive,SRC022,0.96,2024-01-25 14:10:54,2024-03-10 12:34:01
P01368,Kavya Shah,,1981-05-12,Male,Indian,Consultant,"163, Baral Chowk",Jabalpur,Madhya Pradesh,004933,Active,SRC014,0.9,2024-06-28 18:16:25,2026-03-23 13:58:22
P01369,Manish Agarwal,,1967-01-11,Female,Indian,Security Guard,"93
Sastry Zila",Ujjain,Madhya Pradesh,947638,Active,SRC013,0.94,2024-01-06 04:27:05,2024-08-04 06:58:19
P01370,Sneha Mishra,S. Mishra,1986-05-17,Female,Indian,Technician,"H.No. 40
Palla Street",Gwalior,Madhya Pradesh,193932,Under Review,SRC030,0.92,2025-03-25 13:01:43,2024-06-02 17:42:06
P01371,Nikhil Yadav,,1996-05-02,Female,Indian,Student,"12/91, Kapadia Marg",Vadodara,Gujarat,049602,Inactive,SRC001,0.97,2026-03-19 00:33:20,2025-11-30 03:01:34
P01372,Aarav Mishra,,1980-10-01,Female,Indian,Accountant,"728
Parekh Road",Ujjain,Madhya Pradesh,974995,Under Review,SRC017,0.86,2024-01-23 18:19:05,2025-12-04 06:29:51
P01373,Yash Tiwari,,1983-06-17,Male,Indian,Student,"H.No. 06
Patla Chowk",Hyderabad,Telangana,020801,Active,SRC013,0.92,2025-07-03 18:55:29,2026-03-30 15:50:01
P01374,Deepak Bansal,,1966-06-06,Male,Indian,Business Owner,"215, Khanna Road",Delhi,Delhi,448909,Inactive,SRC027,0.99,2024-08-07 02:10:57,2026-05-24 11:39:45
P01375,Arjun Joshi,A. Joshi,1975-06-11,Female,Indian,Manager,"320, Konda Street",Bengaluru,Karnataka,102555,Inactive,SRC023,0.85,2026-04-10 11:05:44,2024-02-27 18:37:54
P01376,Vihaan Patel,,1989-03-13,Male,Indian,Accountant,"H.No. 45, Kara Nagar",Hyderabad,Telangana,988843,Under Review,SRC005,0.9,2025-08-29 22:32:55,2026-01-04 15:59:52
P01377,Mohit Singh,,1970-03-13,Male,Indian,Consultant,"H.No. 36, Sandhu Street",Pune,Maharashtra,080598,Under Review,SRC010,0.93,2026-08-30 19:49:30,2024-08-12 06:26:09
P01378,Nandini Sharma,,1964-02-11,Male,Indian,Driver,"H.No. 12
Bhandari",Gurugram,Haryana,596599,Active,SRC001,0.81,2025-08-21 04:31:51,2026-07-14 16:35:55
P01379,Meera Patel,M. Patel,1963-09-07,Male,Indian,Driver,"63, Srivastava Zila",Lucknow,Uttar Pradesh,495421,Inactive,SRC001,0.95,2026-05-31 22:35:24,2025-01-08 13:33:05
P01380,Deepak Chauhan,,1988-01-12,Female,Indian,Student,"19/375
Chaudhari",Bhopal,Madhya Pradesh,267131,Inactive,SRC006,0.95,2025-04-13 14:44:01,2024-08-13 20:26:45
P01381,Sneha Tiwari,,1978-02-09,Female,Indian,Manager,"H.No. 75
Trivedi Street",Nagpur,Maharashtra,461209,Active,SRC014,0.81,2025-02-18 05:29:37,2025-03-12 10:58:49
P01382,Aarav Khan,,1996-10-04,Male,Indian,Sales Executive,"H.No. 992, Luthra Circle",Jabalpur,Madhya Pradesh,240321,Under Review,SRC024,0.93,2024-03-02 02:22:46,2025-11-03 10:10:32
P01383,Rahul Rathore,,2001-07-14,Male,Indian,Manager,"H.No. 514
Dewan Ganj",Gurugram,Haryana,914308,Inactive,SRC012,0.92,2026-04-08 08:46:52,2025-04-17 00:23:34
P01384,Ankit Chauhan,,1987-10-29,Female,Indian,Sales Executive,"H.No. 79, Prasad Street",Gwalior,Madhya Pradesh,221883,Active,SRC010,0.88,2025-11-20 01:47:33,2024-09-04 12:06:10
P01385,Siddharth Chauhan,,1998-05-13,Male,Indian,Manager,"81/920
Subramanian Road",Indore,Madhya Pradesh,067693,Inactive,SRC002,0.97,2026-07-24 16:16:25,2026-05-06 20:24:57
P01386,Nikhil Singh,,1996-04-21,Female,Indian,Consultant,"H.No. 15
Bhandari",Delhi,Delhi,578464,Active,SRC006,0.86,2024-02-25 18:46:17,2025-05-20 17:33:35
P01387,Riya Bansal,,1990-02-18,Female,Indian,Security Guard,"88/382
Sarkar Path",Mumbai,Maharashtra,262084,Active,SRC006,0.92,2025-01-22 03:43:39,2024-05-01 22:41:22
P01388,Nikhil Shah,,1987-06-25,Male,Indian,Consultant,"H.No. 43, Prakash Path",Surat,Gujarat,962822,Under Review,SRC010,0.97,2024-06-27 14:39:15,2024-12-06 21:40:41
P01389,Aditya Rathore,,1996-03-04,Male,Indian,Manager,"H.No. 62, Sekhon Road",Jaipur,Rajasthan,863942,Under Review,SRC030,0.89,2025-09-20 16:10:21,2024-03-29 04:37:03
P01390,Priya Bansal,P. Bansal,2005-11-26,Female,Indian,Manager,"414, Gill",Nagpur,Maharashtra,096627,Under Review,SRC012,0.9,2024-02-08 16:24:57,2025-02-02 20:12:10
P01391,Sneha Chauhan,S. Chauhan,1957-09-06,Male,Indian,Accountant,"H.No. 956
Goyal Ganj",Ujjain,Madhya Pradesh,740039,Active,SRC022,0.8,2024-03-13 20:23:30,2025-12-18 09:59:10
P01392,Nandini Rathore,,1961-12-22,Male,Indian,Driver,"538, Goel",Surat,Gujarat,247119,Active,SRC024,0.97,2024-08-04 04:38:45,2026-04-09 04:03:35
P01393,Pooja Mishra,P. Mishra,1993-02-08,Female,Indian,Driver,"H.No. 827
Barad Chowk",Ujjain,Madhya Pradesh,646160,Active,SRC028,0.94,2025-04-06 04:53:09,2025-02-28 03:45:15
P01394,Deepak Saxena,,1964-04-15,Male,Indian,Sales Executive,"850
Nanda Nagar",Bengaluru,Karnataka,723461,Inactive,SRC004,0.93,2025-03-08 16:28:06,2025-02-18 02:51:41
P01395,Ankit Singh,,1965-02-23,Male,Indian,Consultant,"13/361, Lad Nagar",Hyderabad,Telangana,164231,Inactive,SRC015,0.92,2025-01-13 14:00:57,2024-09-25 13:39:38
P01396,Vikram Gupta,,1999-05-06,Male,Indian,Driver,"37/277, Virk Marg",Dewas,Madhya Pradesh,760634,Under Review,SRC001,0.91,2025-08-11 02:04:10,2024-06-24 04:46:42
P01397,Priya Patel,P. Patel,2007-05-19,Male,Indian,Business Owner,"17
Oak Path",Mumbai,Maharashtra,887017,Inactive,SRC025,0.87,2025-08-25 23:45:40,2025-07-03 09:17:05
P01398,Raj Mehta,,1966-06-19,Female,Indian,Accountant,"H.No. 248, Saxena Ganj",Surat,Gujarat,441723,Active,SRC019,0.95,2024-09-18 09:56:26,2025-02-20 20:00:42
P01399,Varun Saxena,,1974-10-07,Male,Indian,Driver,"69/47, Apte",Vadodara,Gujarat,548536,Inactive,SRC014,0.91,2026-03-30 07:56:29,2024-05-13 02:54:54
P01400,Riya Mehta,R. Mehta,1986-03-14,Female,Indian,Driver,"H.No. 72, Varty Ganj",Hyderabad,Telangana,410095,Active,SRC016,0.83,2024-08-09 00:05:31,2026-04-30 18:55:00
P01401,Yash Tiwari,Y. Tiwari,1989-08-02,Female,Indian,Consultant,"42
Raman Zila",Surat,Gujarat,359900,Inactive,SRC023,0.86,2025-07-19 20:22:48,2024-08-02 10:11:07
P01402,Riya Khan,R. Khan,1984-11-19,Male,Indian,Security Guard,"60/476
Memon Zila",Ahmedabad,Gujarat,788443,Under Review,SRC017,0.85,2025-03-20 16:42:52,2025-01-20 11:34:43
P01403,Yash Verma,,1976-10-20,Male,Indian,Manager,"56/467
Rama Street",Kanpur,Uttar Pradesh,681541,Inactive,SRC030,0.97,2025-05-20 10:35:54,2026-03-05 10:21:26
P01404,Karan Sharma,,1995-09-29,Female,Indian,Accountant,"H.No. 277, Choudhary Street",Bhopal,Madhya Pradesh,845078,Inactive,SRC029,0.94,2025-01-09 15:53:30,2024-10-09 05:23:10
P01405,Rohan Gupta,,1969-09-18,Female,Indian,Business Owner,"05
Kari Nagar",Kanpur,Uttar Pradesh,746983,Active,SRC016,0.8,2024-07-24 13:40:15,2025-01-20 15:45:11
P01406,Siddharth Deshmukh,,1990-07-18,Male,Indian,Student,"H.No. 671, Deshmukh Circle",Bhopal,Madhya Pradesh,266794,Under Review,SRC024,0.91,2026-01-25 03:31:21,2025-08-20 17:19:44
P01407,Aditya Tiwari,,1996-12-30,Female,Indian,Business Owner,"86/53
Narayan Circle",Gurugram,Haryana,673963,Active,SRC002,0.88,2024-10-23 10:53:08,2026-03-02 05:59:51
P01408,Vikram Saxena,,1993-03-09,Male,Indian,Business Owner,"05
Bains Path",Kota,Rajasthan,922170,Active,SRC001,0.94,2024-09-12 06:40:17,2026-04-13 07:45:51
P01409,Kavya Gupta,,1979-03-22,Female,Indian,Business Owner,"67/06, Jha Marg",Kanpur,Uttar Pradesh,016290,Under Review,SRC016,0.79,2025-04-06 18:04:42,2026-07-07 00:44:15
P01410,Pooja Chauhan,,1987-04-06,Female,Indian,Security Guard,"91/98, Swaminathan Street",Jabalpur,Madhya Pradesh,826533,Active,SRC004,0.87,2025-03-27 03:10:03,2025-03-21 04:30:02
P01411,Meera Deshmukh,,2004-04-21,Female,Indian,Student,"64/94, Ravel Street",Vadodara,Gujarat,203983,Active,SRC008,0.83,2026-08-04 05:15:46,2024-03-25 17:54:48
P01412,Siddharth Sharma,,1996-12-29,Male,Indian,Business Owner,"H.No. 90
Mandal Zila",Pune,Maharashtra,996706,Under Review,SRC008,0.95,2025-08-05 15:30:49,2024-03-02 19:04:17
P01413,Aditya Verma,,1975-01-04,Female,Indian,Business Owner,"054
Wali",Jabalpur,Madhya Pradesh,438843,Inactive,SRC012,0.91,2026-02-28 19:21:24,2025-11-09 13:05:41
P01414,Meera Jain,M. Jain,1997-08-05,Female,Indian,Trader,"81, Sinha Marg",Ahmedabad,Gujarat,664315,Under Review,SRC004,0.92,2026-05-09 04:28:27,2025-05-28 10:56:32
P01415,Aditya Malhotra,,2001-09-19,Female,Indian,Accountant,"H.No. 649, Vaidya Street",Kanpur,Uttar Pradesh,503701,Inactive,SRC023,0.84,2025-04-08 02:28:39,2026-06-30 14:51:23
P01416,Nikhil Tiwari,,2007-07-07,Male,Indian,Security Guard,"40/703
Varghese Nagar",Ahmedabad,Gujarat,817262,Inactive,SRC011,0.93,2025-05-29 10:01:07,2025-08-07 10:06:18
P01417,Varun Patel,,1978-10-25,Female,Indian,Manager,"44/850, Shankar Nagar",Bhopal,Madhya Pradesh,889592,Inactive,SRC009,0.8,2025-09-16 06:18:53,2025-03-30 07:40:18
P01418,Nandini Singh,,1971-09-23,Male,Indian,Driver,"80, Chowdhury Marg",Lucknow,Uttar Pradesh,127662,Inactive,SRC024,0.95,2024-01-16 03:15:48,2024-02-02 04:48:07
P01419,Rohan Verma,,1964-06-23,Female,Indian,Driver,"917, Gill Nagar",Pune,Maharashtra,344435,Active,SRC016,0.96,2026-02-20 09:15:30,2025-01-06 04:26:31
P01420,Karan Malhotra,,1990-11-14,Male,Indian,Business Owner,"H.No. 87
Bumb Nagar",Hyderabad,Telangana,042425,Inactive,SRC028,0.91,2024-07-28 03:30:13,2025-08-03 13:27:19
P01421,Mohit Sharma,,1987-07-14,Male,Indian,Accountant,"753, Goswami Nagar",Jaipur,Rajasthan,976039,Active,SRC013,0.82,2025-01-01 13:13:28,2026-01-10 11:55:27
P01422,Amit Tiwari,,1957-09-16,Male,Indian,Security Guard,"652
Basak Road",Bhopal,Madhya Pradesh,536481,Inactive,SRC030,0.79,2025-11-12 00:21:09,2026-03-04 03:26:30
P01423,Yash Joshi,,1997-12-12,Male,Indian,Business Owner,"03/648
Din Circle",Nagpur,Maharashtra,597738,Inactive,SRC024,0.95,2024-12-25 11:07:55,2026-07-02 17:09:59
P01424,Amit Mishra,,1978-01-27,Female,Indian,Consultant,"236, Raj Nagar",Bhopal,Madhya Pradesh,799864,Under Review,SRC015,0.87,2025-07-23 12:05:35,2024-05-05 20:31:44
P01425,Isha Shah,,1987-04-29,Female,Indian,Trader,"22/042
Vohra",Lucknow,Uttar Pradesh,226992,Under Review,SRC030,0.83,2024-01-11 18:43:53,2025-02-09 16:41:01
P01426,Nandini Sharma,,1961-05-17,Female,Indian,Driver,"96/23
Purohit Path",Nagpur,Maharashtra,998335,Active,SRC025,0.89,2026-01-01 04:55:34,2025-12-15 23:08:22
P01427,Sanjay Shah,S. Shah,2001-10-17,Female,Indian,Technician,"87/77
Grover",Jaipur,Rajasthan,604134,Inactive,SRC022,0.83,2025-05-26 00:16:49,2024-02-17 12:52:44
P01428,Neha Deshmukh,N. Deshmukh,2005-12-29,Female,Indian,Consultant,"31/53
Wable",Indore,Madhya Pradesh,912260,Active,SRC015,0.88,2024-01-29 12:56:11,2026-05-22 14:11:09
P01429,Deepak Sharma,D. Sharma,1972-06-09,Female,Indian,Trader,"76/291, Karan Road",Delhi,Delhi,491341,Under Review,SRC028,0.9,2024-01-17 05:34:26,2025-05-17 15:19:15
P01430,Amit Verma,,1986-12-28,Female,Indian,Manager,"872
Zachariah Nagar",Hyderabad,Telangana,564224,Under Review,SRC011,0.98,2026-06-03 01:24:37,2024-11-16 14:38:10
P01431,Deepak Khan,,2007-02-14,Female,Indian,Consultant,"H.No. 823, Kata Path",Nagpur,Maharashtra,976691,Inactive,SRC005,0.83,2025-08-28 13:56:25,2024-09-10 23:18:37
P01432,Kabir Singh,,2003-11-12,Male,Indian,Driver,"980
Ratti Path",Bengaluru,Karnataka,017530,Under Review,SRC002,0.82,2025-03-12 11:00:15,2025-02-01 11:05:09
P01433,Varun Yadav,,1962-10-18,Male,Indian,Business Owner,"57/24
Mukherjee Nagar",Hyderabad,Telangana,474125,Under Review,SRC009,0.98,2024-08-07 10:46:15,2024-03-11 14:00:53
P01434,Aarav Saxena,,1967-07-29,Male,Indian,Technician,"10
Taneja Nagar",Kanpur,Uttar Pradesh,732175,Active,SRC003,0.89,2024-03-01 10:23:23,2025-02-11 17:30:31
P01435,Arjun Bansal,,1996-04-22,Female,Indian,Manager,"H.No. 259, Bobal",Ujjain,Madhya Pradesh,873370,Inactive,SRC027,0.95,2024-07-03 18:00:53,2025-12-13 00:06:56
P01436,Amit Mehta,,1998-12-31,Male,Indian,Business Owner,"H.No. 74
Acharya Circle",Kota,Rajasthan,760786,Inactive,SRC020,0.95,2026-04-22 14:51:50,2026-01-23 13:21:00
P01437,Sanjay Mishra,,1973-09-29,Female,Indian,Manager,"H.No. 765, Bora Zila",Vadodara,Gujarat,085173,Active,SRC006,0.86,2026-07-24 01:35:23,2024-06-10 23:08:37
P01438,Manish Singh,M. Singh,1985-02-12,Male,Indian,Technician,"H.No. 456
Kumer Ganj",Hyderabad,Telangana,918580,Under Review,SRC023,0.94,2024-12-01 00:24:02,2025-06-13 21:42:36
P01439,Varun Shah,,1961-09-13,Female,Indian,Manager,"H.No. 74, Ramanathan Road",Vadodara,Gujarat,391607,Active,SRC022,0.93,2026-03-10 02:01:14,2024-01-03 14:52:59
P01440,Ankit Mehta,,1972-03-17,Male,Indian,Manager,"H.No. 454, Zacharia Zila",Ujjain,Madhya Pradesh,039822,Under Review,SRC019,0.91,2024-03-20 05:40:04,2025-06-09 01:23:05
P01441,Isha Mishra,,1992-05-26,Male,Indian,Manager,"20
Varkey Ganj",Kanpur,Uttar Pradesh,886407,Inactive,SRC022,0.89,2025-06-03 18:07:45,2024-01-13 02:40:32
P01442,Deepak Joshi,,1977-08-25,Female,Indian,Accountant,"51/64, Jhaveri Marg",Nagpur,Maharashtra,356230,Inactive,SRC008,0.95,2026-06-26 08:41:16,2025-08-11 13:39:27
P01443,Nikhil Jain,,1981-07-23,Male,Indian,Accountant,"H.No. 880
Sura Marg",Delhi,Delhi,898709,Inactive,SRC024,0.98,2024-06-12 15:31:00,2026-08-10 14:43:39
P01444,Amit Saxena,,1994-03-02,Male,Indian,Technician,"43/11, Dhillon Ganj",Ujjain,Madhya Pradesh,611584,Under Review,SRC016,0.91,2025-06-22 14:22:43,2025-06-29 17:36:16
P01445,Deepak Mishra,,1975-02-27,Male,Indian,Security Guard,"211
Rau",Pune,Maharashtra,472205,Active,SRC025,0.97,2024-08-07 18:59:24,2026-05-30 13:10:56
P01446,Priya Shah,,1992-04-03,Female,Indian,Technician,"45
Minhas Road",Jabalpur,Madhya Pradesh,082317,Inactive,SRC004,0.8,2025-12-31 10:41:50,2024-10-08 11:09:37
P01447,Amit Bansal,,1995-09-17,Male,Indian,Sales Executive,"39/467
Reddy Marg",Jabalpur,Madhya Pradesh,623596,Inactive,SRC001,0.82,2026-06-16 22:22:18,2024-12-19 11:49:48
P01448,Amit Malhotra,,2007-06-17,Female,Indian,Driver,"61/840, Prakash Street",Kanpur,Uttar Pradesh,870368,Active,SRC028,0.79,2025-01-25 10:48:06,2024-11-17 17:12:03
P01449,Amit Sharma,,1999-02-11,Male,Indian,Security Guard,"066
Saraf Ganj",Dewas,Madhya Pradesh,502816,Under Review,SRC030,0.86,2024-09-15 19:12:32,2024-01-08 19:08:58
P01450,Amit Saxena,,1985-06-19,Male,Indian,Consultant,"H.No. 390, Dani",Jabalpur,Madhya Pradesh,030252,Active,SRC011,0.97,2024-01-23 16:13:46,2024-09-12 05:03:00
P01451,Meera Joshi,,1965-09-24,Male,Indian,Business Owner,"59, Peri Chowk",Hyderabad,Telangana,192600,Active,SRC024,0.97,2025-08-29 10:51:27,2025-06-03 01:02:04
P01452,Deepak Mishra,,1959-11-11,Female,Indian,Consultant,"H.No. 74
Kurian Path",Delhi,Delhi,920548,Inactive,SRC023,0.81,2026-07-25 15:40:11,2024-09-30 21:57:32
P01453,Kabir Shah,K. Shah,1972-03-21,Male,Indian,Manager,"811
Babu Circle",Lucknow,Uttar Pradesh,896558,Under Review,SRC012,0.92,2024-07-24 15:42:38,2026-05-12 09:13:42
P01454,Deepak Chauhan,,2000-10-11,Female,Indian,Driver,"62
Prabhakar Street",Surat,Gujarat,179705,Active,SRC010,0.88,2025-11-11 12:39:13,2025-01-04 15:06:06
P01455,Vihaan Shah,,1969-08-22,Female,Indian,Consultant,"H.No. 624
Sampath Circle",Lucknow,Uttar Pradesh,704726,Inactive,SRC013,0.85,2026-05-27 10:46:41,2025-01-30 03:21:52
P01456,Kabir Singh,,1964-05-09,Male,Indian,Student,"H.No. 585
Bobal Nagar",Bhopal,Madhya Pradesh,301731,Under Review,SRC009,0.9,2025-02-15 17:38:33,2026-02-26 02:54:40
P01457,Yash Joshi,,1973-10-15,Male,Indian,Driver,"H.No. 87, Bhatia",Gwalior,Madhya Pradesh,224413,Inactive,SRC009,0.88,2024-08-26 16:07:40,2024-11-13 14:01:43
P01458,Vikram Khan,,1980-03-24,Female,Indian,Manager,"H.No. 645
Chatterjee Ganj",Ahmedabad,Gujarat,790571,Active,SRC030,0.83,2025-07-11 04:58:42,2025-12-16 11:39:11
P01459,Karan Singh,,1996-05-08,Male,Indian,Business Owner,"46
Kala",Gwalior,Madhya Pradesh,561833,Under Review,SRC029,0.79,2026-05-07 07:36:21,2025-11-25 05:15:23
P01460,Meera Tiwari,,1982-11-28,Male,Indian,Trader,"80
Sidhu Path",Kanpur,Uttar Pradesh,237718,Active,SRC012,0.82,2024-09-15 04:40:05,2026-04-12 10:32:21
P01461,Siddharth Mishra,,1998-10-05,Female,Indian,Consultant,"22/09, Sankaran Path",Delhi,Delhi,333297,Active,SRC023,0.93,2024-07-25 23:00:13,2025-10-26 04:21:49
P01462,Riya Patel,,1968-05-25,Female,Indian,Consultant,"H.No. 40
Deol Street",Delhi,Delhi,326769,Active,SRC028,0.81,2026-04-16 06:15:19,2025-09-27 02:48:12
P01463,Karan Patel,,1970-11-04,Male,Indian,Driver,"39
Kapur Street",Vadodara,Gujarat,202320,Inactive,SRC006,0.89,2025-07-13 16:48:34,2024-09-01 13:48:35
P01464,Karan Yadav,,2008-03-29,Male,Indian,Technician,"93, Gill Ganj",Lucknow,Uttar Pradesh,423471,Active,SRC014,0.8,2025-08-11 07:47:08,2025-05-26 02:08:02
P01465,Ananya Bansal,,2003-01-12,Male,Indian,Business Owner,"75/515, Oommen Road",Surat,Gujarat,607569,Active,SRC005,0.9,2025-11-02 02:29:09,2025-08-28 12:47:02
P01466,Riya Jain,,1967-12-17,Male,Indian,Trader,"H.No. 006, Korpal Road",Mumbai,Maharashtra,226227,Active,SRC024,0.88,2025-03-13 06:23:46,2025-03-30 06:09:51
P01467,Rohan Gupta,,1968-01-23,Male,Indian,Business Owner,"80, Ratti Marg",Ujjain,Madhya Pradesh,707038,Inactive,SRC003,0.88,2024-12-17 17:53:36,2024-08-19 14:42:53
P01468,Yash Gupta,Y. Gupta,1998-05-07,Female,Indian,Manager,"52/98
Deshmukh Road",Dewas,Madhya Pradesh,107402,Inactive,SRC021,0.9,2026-05-23 13:35:08,2024-09-19 22:50:46
P01469,Neha Saxena,,1992-02-12,Male,Indian,Consultant,"58
Sangha Street",Gurugram,Haryana,625906,Active,SRC029,0.84,2026-03-18 23:39:05,2024-01-14 10:06:12
P01470,Mohit Rathore,,1959-09-17,Female,Indian,Consultant,"856
Sabharwal Road",Jaipur,Rajasthan,497459,Active,SRC008,0.8,2025-04-17 14:05:40,2025-07-24 08:53:39
P01471,Meera Agarwal,,1962-12-31,Female,Indian,Accountant,"97/98, Brahmbhatt Road",Kota,Rajasthan,986099,Under Review,SRC014,0.8,2026-05-14 17:57:05,2026-03-02 21:26:10
P01472,Deepak Joshi,,1958-05-24,Female,Indian,Sales Executive,"32/66
Kalita Road",Gwalior,Madhya Pradesh,239461,Inactive,SRC027,0.95,2024-05-07 05:33:39,2024-06-01 17:03:38
P01473,Mohit Deshmukh,,1985-08-15,Male,Indian,Consultant,"15/948, Kari Path",Kota,Rajasthan,001276,Inactive,SRC017,0.83,2025-12-22 07:07:46,2026-08-19 01:00:34
P01474,Riya Mishra,,2002-05-01,Female,Indian,Consultant,"984, Mital Chowk",Bhopal,Madhya Pradesh,256787,Under Review,SRC011,0.87,2024-03-03 11:31:29,2025-05-14 12:43:32
P01475,Kavya Yadav,,1983-03-26,Male,Indian,Consultant,"378, Subramanian Circle",Kota,Rajasthan,584168,Inactive,SRC024,0.83,2024-02-18 03:21:40,2025-11-09 16:41:04
P01476,Neha Verma,,2008-01-12,Male,Indian,Manager,"49/564, Yadav Chowk",Ahmedabad,Gujarat,605867,Active,SRC018,0.82,2025-08-29 16:43:21,2025-07-06 01:12:04
P01477,Neha Patel,,1998-04-22,Male,Indian,Manager,"83/097, Jaggi Street",Bengaluru,Karnataka,108092,Under Review,SRC001,0.98,2025-02-09 22:00:24,2025-01-08 19:37:48
P01478,Aarav Chauhan,,1964-06-03,Female,Indian,Technician,"55, Sengupta Path",Ujjain,Madhya Pradesh,457865,Under Review,SRC003,0.92,2024-11-14 22:16:41,2026-01-08 03:58:19
P01479,Varun Gupta,,2002-12-25,Male,Indian,Security Guard,"H.No. 247
Maharaj Marg",Vadodara,Gujarat,006875,Inactive,SRC028,0.93,2025-05-21 22:50:51,2026-02-26 10:39:22
P01480,Manish Khan,,1998-11-24,Male,Indian,Security Guard,"H.No. 05, Sachdeva Zila",Vadodara,Gujarat,545122,Under Review,SRC008,0.98,2026-05-17 16:42:32,2026-04-18 07:29:45
P01481,Vihaan Sharma,V. Sharma,1970-12-06,Female,Indian,Trader,"H.No. 02
Jaggi Ganj",Lucknow,Uttar Pradesh,860835,Active,SRC006,0.84,2026-03-09 10:14:11,2026-04-23 20:19:29
P01482,Aarav Jain,A. Jain,1994-11-28,Male,Indian,Student,"H.No. 363
Misra Nagar",Pune,Maharashtra,238602,Under Review,SRC013,0.81,2024-02-14 00:01:40,2025-11-05 22:58:02
P01483,Isha Malhotra,I. Malhotra,1994-12-20,Female,Indian,Business Owner,"H.No. 941, Luthra Ganj",Ujjain,Madhya Pradesh,961979,Active,SRC024,0.95,2025-04-16 16:50:16,2026-04-01 19:53:13
P01484,Yash Singh,,1999-07-22,Female,Indian,Accountant,"452
Luthra Circle",Gwalior,Madhya Pradesh,356948,Under Review,SRC028,0.85,2024-01-13 19:50:17,2024-11-05 04:38:21
P01485,Sanjay Mishra,,1959-10-28,Female,Indian,Consultant,"H.No. 67, Upadhyay Road",Lucknow,Uttar Pradesh,957394,Inactive,SRC007,0.8,2025-10-20 13:20:51,2026-05-14 06:54:28
P01486,Neha Shah,,1987-06-24,Female,Indian,Driver,"602, Krishna",Gurugram,Haryana,203158,Active,SRC014,0.9,2025-08-07 06:02:58,2026-01-12 02:43:03
P01487,Mohit Agarwal,,1974-08-10,Female,Indian,Business Owner,"07/34
Baria Street",Kanpur,Uttar Pradesh,197774,Inactive,SRC024,0.86,2025-06-02 05:03:03,2025-03-23 20:21:43
P01488,Nikhil Tiwari,,1988-10-05,Male,Indian,Student,"41/864, Dutt Circle",Gwalior,Madhya Pradesh,088295,Active,SRC015,0.86,2026-02-04 11:12:07,2025-05-20 23:02:00
P01489,Siddharth Patel,,1977-11-20,Male,Indian,Driver,"H.No. 962
Kannan Ganj",Ahmedabad,Gujarat,605869,Under Review,SRC006,0.82,2026-01-06 07:29:09,2024-06-10 06:30:31
P01490,Mohit Shah,M. Shah,1979-02-02,Female,Indian,Manager,"H.No. 83
Sawhney Zila",Pune,Maharashtra,066293,Inactive,SRC017,0.93,2025-10-01 11:00:36,2025-09-16 21:37:28
P01491,Siddharth Jain,,1992-06-02,Female,Indian,Student,"H.No. 817
Tella Circle",Bhopal,Madhya Pradesh,426559,Inactive,SRC024,0.85,2024-10-30 23:22:52,2025-08-29 00:58:09
P01492,Rohan Verma,,1987-12-13,Female,Indian,Business Owner,"23, Sharma Street",Surat,Gujarat,371798,Inactive,SRC023,0.82,2026-07-09 07:15:05,2024-01-27 05:55:01
P01493,Raj Rathore,,1965-05-25,Male,Indian,Technician,"790, Sangha Nagar",Kanpur,Uttar Pradesh,487084,Inactive,SRC023,0.88,2026-02-27 01:14:50,2026-08-15 20:25:35
P01494,Raj Mehta,,1987-04-19,Male,Indian,Student,"H.No. 767
Murthy Path",Gwalior,Madhya Pradesh,981889,Active,SRC025,0.78,2025-10-28 23:34:44,2026-03-31 05:34:14
P01495,Varun Patel,,1995-11-13,Male,Indian,Business Owner,"15/91
Tak Path",Dewas,Madhya Pradesh,894589,Inactive,SRC016,0.82,2026-01-11 12:41:23,2025-09-02 06:04:58
P01496,Kavya Bansal,K. Bansal,1966-03-21,Female,Indian,Student,"48/87, Jha Marg",Gurugram,Haryana,207612,Active,SRC010,0.8,2024-08-19 08:59:47,2025-01-23 08:54:24
P01497,Manish Malhotra,,1963-03-21,Female,Indian,Manager,"90/518, Chaudhry Circle",Lucknow,Uttar Pradesh,988618,Under Review,SRC006,0.81,2026-01-16 07:21:34,2026-03-04 11:04:25
P01498,Varun Gupta,,1959-01-09,Female,Indian,Security Guard,"H.No. 669
Dani Nagar",Bengaluru,Karnataka,792372,Under Review,SRC009,0.88,2025-07-27 13:31:48,2024-05-20 02:11:11
P01499,Rahul Joshi,R. Joshi,1985-11-20,Female,Indian,Business Owner,"486, Sha Road",Jabalpur,Madhya Pradesh,350675,Inactive,SRC014,0.82,2025-03-23 19:33:48,2025-08-20 14:24:41
P01500,Mohit Mehta,,2001-08-24,Male,Indian,Accountant,"557, Sur Nagar",Indore,Madhya Pradesh,312315,Under Review,SRC004,0.89,2024-11-16 09:06:13,2025-09-07 01:23:50
P01501,Sanjay Patel,,1992-06-02,Male,Indian,Driver,"05
Chander Street",Bhopal,Madhya Pradesh,993844,Inactive,SRC021,0.9,2024-09-13 07:05:32,2024-10-29 18:40:00
P01502,Vikram Saxena,,2007-09-30,Female,Indian,Consultant,"H.No. 141, Subramanian Road",Indore,Madhya Pradesh,123503,Inactive,SRC019,0.93,2025-01-24 18:43:33,2026-08-21 17:41:34
P01503,Nikhil Deshmukh,,1963-06-23,Male,Indian,Driver,"91/09
Seshadri Chowk",Jaipur,Rajasthan,802344,Under Review,SRC005,0.8,2024-12-13 12:24:42,2025-05-13 13:03:13
P01504,Rahul Malhotra,,1971-02-07,Male,Indian,Sales Executive,"40/36
Misra Marg",Dewas,Madhya Pradesh,163295,Under Review,SRC019,0.92,2025-04-11 19:29:30,2026-01-07 21:44:54
P01505,Ankit Joshi,,1983-06-24,Female,Indian,Manager,"H.No. 597, Sethi Path",Hyderabad,Telangana,927318,Under Review,SRC030,0.88,2025-01-17 21:04:39,2025-06-28 10:51:06
P01506,Kabir Sharma,,1995-07-26,Male,Indian,Manager,"915, Pillay Circle",Pune,Maharashtra,233241,Active,SRC005,0.81,2024-12-31 18:22:23,2026-08-23 20:43:06
P01507,Riya Sharma,R. Sharma,1976-09-07,Male,Indian,Sales Executive,"48/396
Bajwa Marg",Surat,Gujarat,344674,Under Review,SRC026,0.87,2025-01-13 06:42:07,2025-12-08 12:32:01
P01508,Priya Rathore,,1975-04-14,Male,Indian,Accountant,"41/74
Contractor",Surat,Gujarat,170502,Under Review,SRC013,0.86,2026-05-23 07:49:03,2024-03-15 20:17:45
P01509,Ankit Rathore,,1991-07-22,Female,Indian,Security Guard,"81/41
Mital Ganj",Vadodara,Gujarat,760948,Active,SRC029,0.91,2024-07-16 21:41:43,2025-04-18 17:00:02
P01510,Rahul Khan,,1980-08-09,Female,Indian,Security Guard,"29/286, Khurana Road",Nagpur,Maharashtra,026509,Inactive,SRC016,0.93,2025-12-07 09:45:44,2025-07-23 08:14:54
P01511,Karan Patel,,1993-09-24,Female,Indian,Sales Executive,"H.No. 836, Sethi Marg",Kanpur,Uttar Pradesh,196666,Active,SRC028,0.86,2026-07-15 19:51:57,2024-01-02 10:55:35
P01512,Deepak Saxena,,2008-07-15,Male,Indian,Student,"420
Dave Street",Kota,Rajasthan,349980,Inactive,SRC006,0.98,2024-03-11 09:59:47,2026-08-19 21:01:55
P01513,Aarav Gupta,,1994-08-27,Male,Indian,Business Owner,"36/75
Babu",Delhi,Delhi,779152,Under Review,SRC010,0.85,2025-09-10 12:02:31,2024-09-25 14:58:39
P01514,Nandini Saxena,,1978-04-03,Male,Indian,Manager,"H.No. 09
Kakar Street",Nagpur,Maharashtra,517465,Inactive,SRC002,0.92,2025-02-26 13:19:47,2024-10-25 21:01:52
P01515,Neha Rathore,N. Rathore,2001-12-19,Female,Indian,Consultant,"H.No. 186
Suri Ganj",Jaipur,Rajasthan,631995,Under Review,SRC002,0.98,2025-12-16 05:13:01,2025-09-17 11:44:11
P01516,Sneha Sharma,,2003-03-31,Female,Indian,Trader,"H.No. 92
Sunder Street",Gurugram,Haryana,641490,Active,SRC016,0.94,2024-01-26 14:45:37,2026-06-21 06:10:13
P01517,Neha Tiwari,N. Tiwari,2007-01-28,Male,Indian,Manager,"H.No. 255
Joshi Zila",Gwalior,Madhya Pradesh,448672,Under Review,SRC005,0.93,2024-06-24 16:37:21,2026-06-05 00:26:49
P01518,Kabir Singh,,1969-05-02,Male,Indian,Business Owner,"H.No. 73, Bhatti Ganj",Ujjain,Madhya Pradesh,546157,Inactive,SRC021,0.93,2024-10-11 12:22:29,2026-03-18 01:31:03
P01519,Sanjay Patel,,1965-04-05,Male,Indian,Manager,"H.No. 497, Varughese Circle",Kanpur,Uttar Pradesh,953120,Under Review,SRC001,0.85,2024-10-08 16:42:46,2025-07-21 10:01:10
P01520,Priya Joshi,,1972-03-23,Female,Indian,Security Guard,"66
Varkey Zila",Dewas,Madhya Pradesh,085800,Active,SRC022,0.86,2024-04-07 04:59:16,2025-11-08 21:34:40
P01521,Sneha Verma,,1982-03-04,Male,Indian,Consultant,"H.No. 439, Nair Zila",Ujjain,Madhya Pradesh,143678,Active,SRC006,0.87,2025-02-05 09:55:58,2025-09-06 06:17:19
P01522,Karan Deshmukh,,2005-11-17,Female,Indian,Sales Executive,"81, Shan Circle",Mumbai,Maharashtra,096856,Under Review,SRC024,0.96,2024-10-20 01:26:33,2024-11-17 17:46:13
P01523,Aarav Agarwal,,1980-10-30,Male,Indian,Technician,"80, Sangha Street",Nagpur,Maharashtra,315423,Inactive,SRC019,0.96,2024-01-12 21:46:02,2024-02-02 08:13:44
P01524,Aditya Shah,A. Shah,1967-02-02,Male,Indian,Sales Executive,"865, Bahl Path",Delhi,Delhi,224114,Under Review,SRC003,0.82,2026-02-05 23:28:43,2024-01-27 13:42:28
P01525,Siddharth Sharma,,1978-07-10,Male,Indian,Technician,"H.No. 514, Dhar Path",Dewas,Madhya Pradesh,166338,Inactive,SRC003,0.96,2024-05-16 20:26:51,2024-05-12 00:28:47
P01526,Vikram Agarwal,,1964-08-21,Male,Indian,Consultant,"H.No. 539, Gour Street",Mumbai,Maharashtra,056201,Active,SRC013,0.93,2026-07-23 22:28:35,2025-12-20 04:52:08
P01527,Kabir Malhotra,,1996-04-20,Female,Indian,Accountant,"H.No. 348, Kadakia Road",Jabalpur,Madhya Pradesh,913325,Active,SRC009,0.97,2024-06-25 15:12:58,2025-01-03 14:29:42
P01528,Kabir Agarwal,,2007-04-15,Female,Indian,Driver,"394, Sabharwal Path",Nagpur,Maharashtra,523428,Inactive,SRC012,0.9,2025-01-23 22:26:37,2026-01-21 15:46:19
P01529,Nikhil Bansal,,1972-11-12,Male,Indian,Business Owner,"02
Vala Road",Delhi,Delhi,634209,Under Review,SRC013,0.81,2026-07-14 02:02:38,2024-08-28 20:01:19
P01530,Siddharth Gupta,,1995-12-09,Female,Indian,Accountant,"34/985
Sodhi Street",Kota,Rajasthan,561526,Inactive,SRC023,0.98,2026-08-13 07:50:42,2025-01-28 08:50:39
P01531,Raj Malhotra,,1999-03-10,Male,Indian,Consultant,"H.No. 76, Pingle Street",Ujjain,Madhya Pradesh,809664,Active,SRC015,0.83,2024-04-12 09:14:47,2025-04-04 23:14:59
P01532,Nandini Patel,,2008-04-17,Male,Indian,Trader,"695, Mani Street",Lucknow,Uttar Pradesh,466535,Active,SRC015,0.9,2024-07-21 18:03:02,2025-07-18 21:14:32
P01533,Nikhil Shah,,1992-10-30,Male,Indian,Technician,"985
Dube Ganj",Jaipur,Rajasthan,367924,Under Review,SRC004,0.91,2024-04-10 11:16:30,2025-04-07 00:01:17
P01534,Riya Sharma,,1965-08-29,Female,Indian,Technician,"63/835
Kala Road",Dewas,Madhya Pradesh,685863,Under Review,SRC029,0.8,2025-10-12 16:47:14,2024-01-26 10:17:09
P01535,Nandini Saxena,N. Saxena,1997-09-11,Male,Indian,Business Owner,"82/497
Khalsa",Ahmedabad,Gujarat,615381,Inactive,SRC026,0.91,2024-04-08 18:22:14,2026-05-22 17:16:40
P01536,Siddharth Shah,,1983-12-13,Female,Indian,Accountant,"71/030, Joshi Chowk",Kota,Rajasthan,260720,Inactive,SRC024,0.86,2026-07-06 12:34:55,2024-09-23 11:24:17
P01537,Sanjay Rathore,,1988-12-17,Male,Indian,Security Guard,"08/26
Johal Road",Jaipur,Rajasthan,214639,Active,SRC014,0.87,2026-01-17 11:19:37,2026-01-31 20:33:04
P01538,Karan Shah,,1980-03-18,Male,Indian,Security Guard,"H.No. 42, Gala",Jaipur,Rajasthan,456339,Active,SRC030,0.84,2024-04-15 22:40:37,2024-05-14 22:47:48
P01539,Yash Bansal,,2005-02-19,Male,Indian,Sales Executive,"H.No. 369
Tiwari Road",Mumbai,Maharashtra,126649,Under Review,SRC011,0.95,2025-03-23 17:45:48,2025-08-26 16:05:30
P01540,Vihaan Mehta,,1980-09-11,Male,Indian,Technician,"83, Narasimhan Ganj",Ahmedabad,Gujarat,910161,Inactive,SRC013,0.81,2024-06-14 05:21:45,2026-02-03 01:33:38
P01541,Aarav Singh,,1986-10-20,Female,Indian,Consultant,"39, Magar",Mumbai,Maharashtra,133344,Active,SRC006,0.83,2024-07-28 15:03:08,2026-06-11 20:46:23
P01542,Rahul Mishra,,1979-01-20,Male,Indian,Security Guard,"34/814
Lanka Nagar",Ujjain,Madhya Pradesh,016793,Inactive,SRC001,0.88,2024-02-06 16:18:20,2026-08-25 03:18:58
P01543,Nikhil Patel,,2004-01-06,Female,Indian,Accountant,"H.No. 604, Chacko",Gurugram,Haryana,042028,Inactive,SRC022,0.86,2025-06-30 15:38:58,2026-05-07 21:27:48
P01544,Deepak Jain,,2001-03-08,Female,Indian,Sales Executive,"80, Baral Zila",Gwalior,Madhya Pradesh,421348,Inactive,SRC025,0.85,2026-05-21 03:28:56,2026-06-28 07:15:38
P01545,Manish Mishra,,1973-02-02,Male,Indian,Technician,"035
Borde Ganj",Bengaluru,Karnataka,079179,Inactive,SRC022,0.94,2024-04-06 23:56:43,2026-06-14 22:04:15
P01546,Siddharth Sharma,,1977-02-27,Male,Indian,Accountant,"H.No. 71, Tandon Zila",Pune,Maharashtra,321940,Inactive,SRC012,0.85,2026-08-27 10:58:12,2024-10-22 06:17:01
P01547,Sneha Sharma,,1981-05-01,Female,Indian,Driver,"881, Chanda Road",Bengaluru,Karnataka,287452,Under Review,SRC008,0.81,2026-06-03 02:32:11,2026-06-27 16:07:13
P01548,Rahul Verma,,1961-07-01,Male,Indian,Technician,"78, Swaminathan Path",Mumbai,Maharashtra,463913,Inactive,SRC021,0.82,2025-06-23 03:31:26,2026-07-26 22:56:45
P01549,Rohan Agarwal,,1959-08-01,Female,Indian,Business Owner,"H.No. 91
Das Marg",Ahmedabad,Gujarat,232154,Inactive,SRC014,0.82,2026-05-03 07:12:11,2024-03-15 01:54:29
P01550,Ankit Bansal,,1969-10-12,Male,Indian,Technician,"506
Sant",Gwalior,Madhya Pradesh,616845,Under Review,SRC024,0.8,2024-11-24 00:46:48,2026-08-29 09:14:36
P01551,Riya Chauhan,R. Chauhan,1966-08-15,Male,Indian,Manager,"41/025
Sur Road",Indore,Madhya Pradesh,798994,Under Review,SRC013,0.92,2025-05-21 12:58:02,2026-06-09 04:46:42
P01552,Aarav Rathore,,1975-12-22,Male,Indian,Consultant,"48/99
Bhardwaj Ganj",Jaipur,Rajasthan,519567,Inactive,SRC009,0.94,2024-12-04 11:24:57,2025-10-07 11:54:15
P01553,Arjun Deshmukh,,1978-03-02,Female,Indian,Technician,"H.No. 84
Gour Street",Delhi,Delhi,172662,Under Review,SRC012,0.8,2026-01-09 21:21:58,2024-12-17 20:40:25
P01554,Kabir Mishra,,1976-05-20,Male,Indian,Sales Executive,"07
Basak Nagar",Kanpur,Uttar Pradesh,441306,Active,SRC011,0.98,2025-05-10 11:51:59,2026-07-18 21:59:36
P01555,Ananya Shah,,1979-02-21,Female,Indian,Student,"H.No. 08, Chauhan Chowk",Nagpur,Maharashtra,066890,Active,SRC015,0.84,2025-10-16 03:55:08,2026-08-19 14:12:30
P01556,Arjun Rathore,,1998-09-07,Female,Indian,Consultant,"28, Amble Street",Delhi,Delhi,623811,Inactive,SRC011,0.92,2024-12-07 16:37:24,2026-02-10 08:08:55
P01557,Pooja Sharma,,1965-11-24,Female,Indian,Technician,"822, Dubey Street",Kanpur,Uttar Pradesh,084752,Inactive,SRC001,0.87,2025-05-26 19:21:30,2024-12-14 06:03:04
P01558,Manish Verma,M. Verma,1988-07-29,Male,Indian,Security Guard,"H.No. 041
Loyal Nagar",Bengaluru,Karnataka,913511,Under Review,SRC013,0.83,2026-06-29 17:45:50,2024-12-03 15:49:39
P01559,Aditya Tiwari,A. Tiwari,1959-03-09,Male,Indian,Trader,"572
Wali Street",Gwalior,Madhya Pradesh,064157,Inactive,SRC029,0.84,2025-06-25 11:57:40,2024-02-09 19:54:39
P01560,Deepak Deshmukh,,1996-05-21,Female,Indian,Business Owner,"H.No. 280, Bajwa Zila",Pune,Maharashtra,194534,Active,SRC011,0.86,2024-03-16 02:48:16,2024-11-19 22:15:44
P01561,Rohan Deshmukh,,1996-05-19,Male,Indian,Technician,"44/786, Mani Chowk",Gwalior,Madhya Pradesh,802188,Under Review,SRC024,0.84,2026-06-20 07:51:13,2024-08-05 05:51:46
P01562,Ankit Sharma,,1977-05-01,Female,Indian,Driver,"80
Shetty Ganj",Dewas,Madhya Pradesh,213974,Inactive,SRC004,0.95,2026-06-25 00:31:12,2026-05-29 10:55:37
P01563,Siddharth Malhotra,,1999-08-05,Male,Indian,Business Owner,"90/55
Naidu Circle",Ahmedabad,Gujarat,759940,Inactive,SRC019,0.88,2025-06-14 00:33:51,2024-09-27 17:51:56
P01564,Pooja Mishra,,1987-01-16,Male,Indian,Consultant,"96, Bawa",Nagpur,Maharashtra,528986,Under Review,SRC022,0.79,2024-01-15 08:58:17,2024-03-05 21:03:18
P01565,Ankit Khan,,1960-02-21,Female,Indian,Accountant,"73
Sethi Ganj",Ahmedabad,Gujarat,570165,Active,SRC026,0.87,2024-05-20 00:23:26,2025-02-07 04:28:23
P01566,Rohan Malhotra,,2004-12-01,Female,Indian,Driver,"81/498
Dey Nagar",Nagpur,Maharashtra,308437,Active,SRC008,0.78,2025-12-04 08:49:58,2025-08-22 08:01:10
P01567,Sanjay Jain,,1965-11-13,Female,Indian,Manager,"H.No. 44
Tara Chowk",Ujjain,Madhya Pradesh,508423,Inactive,SRC021,0.9,2025-12-24 20:38:30,2026-05-26 15:04:50
P01568,Raj Chauhan,,1966-07-20,Male,Indian,Technician,"00/41
Date Chowk",Gurugram,Haryana,155369,Inactive,SRC011,0.85,2024-04-15 02:18:17,2025-06-04 03:26:47
P01569,Deepak Singh,,1973-10-01,Female,Indian,Accountant,"06/27
Radhakrishnan",Delhi,Delhi,242570,Under Review,SRC023,0.82,2024-08-20 16:54:25,2026-01-12 06:58:53
P01570,Ankit Malhotra,A. Malhotra,1968-12-21,Male,Indian,Trader,"59/45, Kapadia Street",Jaipur,Rajasthan,582863,Under Review,SRC012,0.8,2024-02-14 20:17:48,2024-01-20 17:00:48
P01571,Isha Bansal,,1999-11-27,Female,Indian,Trader,"29
Chana",Vadodara,Gujarat,217429,Under Review,SRC015,0.79,2024-05-15 02:03:52,2024-05-07 11:37:29
P01572,Yash Shah,,1973-01-27,Female,Indian,Student,"82
Parmer Zila",Dewas,Madhya Pradesh,926693,Active,SRC025,0.98,2025-04-07 00:26:30,2026-08-21 18:34:14
P01573,Raj Rathore,,1957-12-03,Male,Indian,Student,"503, Kashyap Zila",Pune,Maharashtra,804850,Under Review,SRC028,0.81,2024-06-28 22:52:18,2024-02-13 20:47:03
P01574,Ankit Gupta,,1962-07-11,Female,Indian,Sales Executive,"H.No. 933, Prakash Ganj",Mumbai,Maharashtra,797190,Active,SRC025,0.94,2024-01-03 00:08:38,2025-09-20 16:22:22
P01575,Isha Chauhan,,1967-01-16,Male,Indian,Student,"16
Gour Street",Kanpur,Uttar Pradesh,647185,Under Review,SRC009,0.85,2024-12-10 08:12:40,2025-08-06 12:14:36
P01576,Nikhil Patel,,1957-10-17,Female,Indian,Accountant,"92/30
Padmanabhan Road",Surat,Gujarat,231677,Inactive,SRC016,0.94,2026-06-10 07:34:36,2025-06-04 01:03:05
P01577,Manish Yadav,,1961-07-08,Male,Indian,Student,"47
Konda Road",Dewas,Madhya Pradesh,019453,Inactive,SRC001,0.89,2025-10-21 09:09:49,2025-11-11 10:02:40
P01578,Sanjay Yadav,,1962-12-29,Male,Indian,Student,"77/666, Bhardwaj Path",Dewas,Madhya Pradesh,276120,Under Review,SRC021,0.87,2026-02-01 14:12:43,2024-06-04 19:08:42
P01579,Amit Mishra,,1962-01-31,Male,Indian,Sales Executive,"80
Borah Marg",Mumbai,Maharashtra,223116,Under Review,SRC020,0.89,2025-04-10 13:00:28,2025-06-16 07:45:00
P01580,Aditya Deshmukh,,2004-12-18,Male,Indian,Technician,"76, Nayak Ganj",Hyderabad,Telangana,223718,Under Review,SRC008,0.81,2024-12-12 03:08:26,2024-05-31 02:51:15
P01581,Neha Rathore,,2001-12-27,Male,Indian,Manager,"84/856
Tank Ganj",Ujjain,Madhya Pradesh,142943,Under Review,SRC013,0.9,2024-01-21 23:46:59,2024-01-29 03:17:35
P01582,Riya Gupta,,1995-09-28,Male,Indian,Sales Executive,"H.No. 39
Dixit Circle",Dewas,Madhya Pradesh,132465,Inactive,SRC030,0.93,2025-08-06 06:04:51,2025-09-01 10:58:17
P01583,Rahul Joshi,,2001-02-03,Male,Indian,Accountant,"32/78
Chauhan Road",Jabalpur,Madhya Pradesh,837659,Under Review,SRC015,0.88,2024-03-10 15:29:50,2026-08-16 19:48:01
P01584,Priya Deshmukh,,2003-05-05,Male,Indian,Trader,"H.No. 114, Rama Nagar",Delhi,Delhi,266426,Under Review,SRC021,0.8,2025-03-09 02:21:33,2026-02-10 14:30:50
P01585,Yash Joshi,,1968-11-27,Male,Indian,Business Owner,"H.No. 272
Mutti Road",Dewas,Madhya Pradesh,337565,Under Review,SRC002,0.92,2026-06-24 05:35:13,2025-01-10 11:36:12
P01586,Amit Bansal,,1981-08-08,Male,Indian,Student,"H.No. 87
Memon Circle",Gurugram,Haryana,224945,Inactive,SRC029,0.93,2026-03-19 00:55:28,2024-01-22 02:16:35
P01587,Arjun Deshmukh,,1978-06-01,Female,Indian,Trader,"H.No. 06, Dayal",Kanpur,Uttar Pradesh,568512,Under Review,SRC002,0.84,2026-03-07 07:49:26,2024-02-22 18:32:00
P01588,Ankit Verma,,1979-03-06,Female,Indian,Student,"67, Kashyap Street",Vadodara,Gujarat,097934,Active,SRC004,0.81,2025-10-28 07:47:44,2024-09-19 00:28:50
P01589,Karan Shah,,1964-09-24,Female,Indian,Student,"14/65, Grewal Nagar",Gwalior,Madhya Pradesh,347780,Under Review,SRC011,0.81,2024-10-06 03:05:35,2024-12-01 13:50:45
P01590,Vikram Rathore,,1982-10-19,Female,Indian,Driver,"518
Ben Road",Mumbai,Maharashtra,033982,Inactive,SRC029,0.93,2024-04-01 01:54:58,2025-03-16 13:24:05
P01591,Pooja Jain,,1992-05-19,Female,Indian,Technician,"372, Madan Nagar",Nagpur,Maharashtra,167670,Inactive,SRC023,0.83,2025-01-19 17:56:41,2025-01-31 00:10:26
P01592,Karan Deshmukh,,1968-11-15,Male,Indian,Security Guard,"63/01, Devi Zila",Bhopal,Madhya Pradesh,008484,Inactive,SRC001,0.83,2024-05-03 02:01:56,2026-03-06 01:04:38
P01593,Nikhil Shah,,1997-02-07,Female,Indian,Sales Executive,"367, Raj",Vadodara,Gujarat,828967,Under Review,SRC021,0.84,2025-12-05 05:44:57,2025-09-12 21:47:08
P01594,Ananya Yadav,A. Yadav,1993-03-26,Male,Indian,Sales Executive,"H.No. 549
Saran Road",Ahmedabad,Gujarat,085649,Under Review,SRC010,0.96,2025-11-26 21:10:13,2024-02-20 14:16:14
P01595,Karan Jain,,2001-11-22,Female,Indian,Sales Executive,"H.No. 95, Kale Zila",Indore,Madhya Pradesh,001154,Under Review,SRC001,0.83,2025-01-15 22:24:41,2025-04-07 08:43:02
P01596,Isha Bansal,,1997-10-23,Male,Indian,Technician,"03/88, Banik",Lucknow,Uttar Pradesh,410404,Under Review,SRC005,0.9,2024-08-23 10:57:25,2024-12-05 03:49:44
P01597,Varun Joshi,,1977-04-21,Female,Indian,Sales Executive,"H.No. 353
Chauhan Circle",Lucknow,Uttar Pradesh,837475,Under Review,SRC016,0.82,2024-12-08 18:03:35,2024-02-18 14:10:05
P01598,Meera Chauhan,,1959-10-25,Male,Indian,Technician,"H.No. 685, Manda Marg",Indore,Madhya Pradesh,177840,Active,SRC010,0.82,2024-03-29 17:56:50,2026-06-21 02:36:21
P01599,Rohan Malhotra,,1959-07-26,Male,Indian,Accountant,"16/988
Sule Ganj",Bengaluru,Karnataka,611586,Inactive,SRC016,0.88,2025-02-16 20:05:46,2026-02-16 06:21:05
P01600,Nandini Sharma,,2007-07-15,Male,Indian,Technician,"H.No. 997, Sarna Marg",Lucknow,Uttar Pradesh,983326,Under Review,SRC002,0.86,2024-03-04 21:35:35,2026-04-26 07:13:20
P01601,Arjun Joshi,A. Joshi,1994-05-12,Male,Indian,Business Owner,"H.No. 83, Gupta Path",Lucknow,Uttar Pradesh,581956,Inactive,SRC019,0.89,2024-11-14 07:35:04,2025-11-17 12:55:13
P01602,Vikram Malhotra,,1985-06-27,Male,Indian,Accountant,"H.No. 33, Upadhyay",Dewas,Madhya Pradesh,426621,Under Review,SRC023,0.88,2025-03-31 11:38:42,2026-01-25 19:17:27
P01603,Vihaan Deshmukh,,1982-04-02,Male,Indian,Accountant,"H.No. 584, Sangha Marg",Nagpur,Maharashtra,930302,Under Review,SRC027,0.97,2026-02-06 09:33:41,2024-11-27 18:23:13
P01604,Meera Singh,,1965-09-15,Male,Indian,Accountant,"766
Kapadia",Lucknow,Uttar Pradesh,515025,Active,SRC019,0.94,2024-05-02 09:15:34,2025-05-18 21:02:33
P01605,Mohit Yadav,,2005-10-13,Male,Indian,Technician,"H.No. 308
Halder Chowk",Gwalior,Madhya Pradesh,897207,Under Review,SRC003,0.82,2026-01-14 20:33:24,2024-08-05 17:15:00
P01606,Arjun Yadav,,2001-10-14,Male,Indian,Security Guard,"77, D’Alia Chowk",Ujjain,Madhya Pradesh,842527,Under Review,SRC007,0.91,2025-09-26 20:33:16,2026-06-15 15:50:31
P01607,Manish Shah,,1967-10-16,Male,Indian,Trader,"H.No. 712, Bava Zila",Indore,Madhya Pradesh,423447,Under Review,SRC007,0.9,2024-07-29 18:11:27,2025-10-21 12:13:50
P01608,Neha Deshmukh,,1960-04-24,Female,Indian,Student,"77/196
Soman Zila",Delhi,Delhi,659656,Under Review,SRC009,0.88,2025-01-26 18:21:10,2025-03-18 23:12:25
P01609,Kabir Joshi,,1972-10-06,Female,Indian,Consultant,"33/44
Badal Nagar",Lucknow,Uttar Pradesh,224265,Inactive,SRC028,0.89,2024-07-09 23:27:09,2025-03-22 12:04:12
P01610,Sanjay Malhotra,,1967-11-20,Female,Indian,Driver,"191, Kohli Road",Kanpur,Uttar Pradesh,705473,Active,SRC016,0.78,2025-02-13 22:58:41,2026-01-11 16:21:59
P01611,Meera Bansal,,1974-09-25,Male,Indian,Driver,"H.No. 501, Biswas Nagar",Gurugram,Haryana,260080,Inactive,SRC022,0.84,2024-05-10 22:01:08,2024-12-05 05:39:10
P01612,Nandini Yadav,,1986-10-31,Male,Indian,Accountant,"47/597, Jani Circle",Surat,Gujarat,548835,Active,SRC025,0.83,2025-04-23 17:06:17,2024-03-27 20:22:19
P01613,Manish Bansal,,1967-03-15,Female,Indian,Driver,"67/91
Rajagopalan Road",Ahmedabad,Gujarat,866432,Under Review,SRC010,0.97,2024-01-23 07:49:44,2024-07-21 01:28:23
P01614,Rahul Shah,,2005-09-25,Male,Indian,Student,"26/652
Dhar Circle",Jabalpur,Madhya Pradesh,685492,Active,SRC028,0.81,2026-08-19 19:28:54,2025-04-29 14:41:47
P01615,Priya Khan,,1964-03-23,Female,Indian,Manager,"H.No. 020, Raman Circle",Surat,Gujarat,146051,Inactive,SRC025,0.93,2025-07-27 07:39:31,2025-06-28 08:56:17
P01616,Vikram Malhotra,,1974-11-26,Female,Indian,Technician,"716, Bhandari Ganj",Gurugram,Haryana,356369,Active,SRC010,0.85,2025-11-24 12:34:00,2026-03-21 03:00:54
P01617,Nikhil Joshi,,1967-11-28,Female,Indian,Student,"H.No. 000, Ben",Delhi,Delhi,187810,Active,SRC025,0.98,2026-02-26 16:25:51,2024-10-28 08:38:29
P01618,Vihaan Mishra,,1999-09-10,Male,Indian,Trader,"835, Bhattacharyya Road",Vadodara,Gujarat,892909,Inactive,SRC001,0.95,2025-12-20 15:01:28,2024-02-18 00:51:48
P01619,Rahul Gupta,,1971-01-22,Female,Indian,Business Owner,"76/613, Ramesh Marg",Nagpur,Maharashtra,808122,Inactive,SRC014,0.95,2025-10-18 04:06:03,2025-02-21 12:05:40
P01620,Sanjay Tiwari,,1961-01-27,Male,Indian,Manager,"47
Palan Nagar",Kanpur,Uttar Pradesh,110583,Under Review,SRC015,0.96,2025-10-18 03:15:43,2025-12-22 15:45:16
P01621,Arjun Mehta,A. Mehta,1958-02-04,Female,Indian,Manager,"39
Thakur Chowk",Pune,Maharashtra,218914,Inactive,SRC002,0.94,2024-05-16 03:39:52,2025-02-14 18:59:53
P01622,Ankit Rathore,,1969-07-17,Female,Indian,Business Owner,"50/167
Srinivas Marg",Pune,Maharashtra,877628,Active,SRC002,0.91,2025-06-12 00:57:45,2026-07-21 07:40:00
P01623,Karan Tiwari,,1978-07-15,Female,Indian,Driver,"88, Bakshi Path",Vadodara,Gujarat,627629,Inactive,SRC005,0.96,2024-06-03 14:59:24,2025-02-17 15:16:01
P01624,Aditya Joshi,,1979-11-08,Male,Indian,Manager,"37/61, Nair Marg",Kota,Rajasthan,289890,Inactive,SRC019,0.82,2025-03-27 06:38:49,2025-07-19 02:22:42
P01625,Aditya Yadav,,1970-01-01,Female,Indian,Security Guard,"81/25
Sood Path",Pune,Maharashtra,726597,Under Review,SRC027,0.84,2025-01-04 22:00:29,2024-01-25 06:20:28
P01626,Aarav Singh,,2000-06-09,Female,Indian,Technician,"80/501
Dash Road",Ujjain,Madhya Pradesh,165789,Inactive,SRC024,0.97,2024-07-02 09:10:29,2024-03-09 01:57:47
P01627,Kabir Joshi,,1999-08-23,Female,Indian,Technician,"51
Walia Circle",Delhi,Delhi,114860,Active,SRC022,0.98,2024-02-24 13:38:15,2025-09-25 21:33:17
P01628,Karan Malhotra,,1997-02-19,Male,Indian,Sales Executive,"92/449, Virk Street",Bengaluru,Karnataka,875703,Active,SRC021,0.87,2025-09-17 05:04:17,2026-01-23 01:04:48
P01629,Ankit Rathore,,1987-09-29,Male,Indian,Security Guard,"H.No. 125, Bhatt Nagar",Bhopal,Madhya Pradesh,074290,Inactive,SRC001,0.9,2025-01-25 15:49:55,2025-09-17 18:19:28
P01630,Vihaan Bansal,,1975-03-31,Female,Indian,Consultant,"336, Kade",Surat,Gujarat,806200,Under Review,SRC011,0.91,2026-01-31 07:59:00,2025-04-30 00:23:02
P01631,Isha Mehta,I. Mehta,1967-08-23,Male,Indian,Security Guard,"H.No. 26, Dewan Marg",Hyderabad,Telangana,975374,Active,SRC026,0.89,2026-08-25 07:12:41,2025-11-09 11:01:37
P01632,Riya Mehta,,1974-04-30,Male,Indian,Driver,"44/695, Tandon Marg",Hyderabad,Telangana,068735,Under Review,SRC014,0.95,2025-09-20 12:01:11,2024-09-03 07:36:22
P01633,Deepak Yadav,,1976-09-04,Male,Indian,Sales Executive,"H.No. 14
Sanghvi Marg",Jabalpur,Madhya Pradesh,583483,Under Review,SRC019,0.85,2026-02-04 07:29:23,2025-06-30 09:39:01
P01634,Varun Mishra,,2001-05-02,Female,Indian,Business Owner,"86/267
Saraf Ganj",Indore,Madhya Pradesh,485320,Under Review,SRC027,0.86,2026-04-17 10:31:18,2026-02-28 11:54:26
P01635,Aarav Jain,,1981-10-12,Female,Indian,Accountant,"H.No. 894
Dutt Ganj",Surat,Gujarat,983443,Under Review,SRC022,0.94,2026-04-27 17:50:21,2025-12-10 02:56:31
P01636,Raj Yadav,,2008-07-04,Female,Indian,Manager,"05/04
Bhasin Path",Mumbai,Maharashtra,092846,Active,SRC007,0.94,2025-03-26 23:12:37,2025-12-14 00:43:39
P01637,Rahul Agarwal,R. Agarwal,1958-02-01,Male,Indian,Sales Executive,"429
Bath Ganj",Dewas,Madhya Pradesh,737295,Under Review,SRC012,0.98,2024-09-19 08:39:30,2026-02-06 04:19:39
P01638,Sanjay Joshi,,1975-04-14,Male,Indian,Consultant,"801, Devi Marg",Pune,Maharashtra,851502,Active,SRC014,0.99,2025-11-01 12:30:32,2025-09-10 20:28:25
P01639,Vikram Gupta,V. Gupta,1972-12-18,Female,Indian,Driver,"H.No. 281
Kadakia Road",Vadodara,Gujarat,312794,Inactive,SRC001,0.87,2026-01-20 22:34:33,2025-10-30 02:59:27
P01640,Isha Gupta,I. Gupta,1992-07-31,Female,Indian,Student,"95, Brar Ganj",Jaipur,Rajasthan,123590,Active,SRC007,0.94,2024-09-24 08:27:27,2026-04-25 11:25:22
P01641,Siddharth Patel,,1978-02-15,Male,Indian,Sales Executive,"42, Saraf Circle",Ujjain,Madhya Pradesh,251085,Active,SRC004,0.98,2025-04-27 12:29:40,2025-05-29 06:13:33
P01642,Isha Deshmukh,,1985-12-04,Female,Indian,Student,"H.No. 45
Lad Zila",Vadodara,Gujarat,091935,Active,SRC007,0.99,2024-04-01 05:38:47,2025-04-08 18:24:53
P01643,Kavya Bansal,,2003-09-01,Male,Indian,Trader,"H.No. 55
Setty Ganj",Vadodara,Gujarat,627281,Active,SRC001,0.86,2025-02-08 12:12:00,2024-07-13 09:38:39
P01644,Amit Chauhan,,1980-03-23,Female,Indian,Driver,"H.No. 215
Prasad Chowk",Gwalior,Madhya Pradesh,264126,Inactive,SRC028,0.92,2024-01-28 23:18:29,2024-09-07 14:02:26
P01645,Vikram Mehta,,1963-09-18,Male,Indian,Consultant,"20
Bhargava",Jaipur,Rajasthan,931963,Under Review,SRC021,0.97,2024-01-20 15:11:15,2026-04-01 07:00:40
P01646,Vihaan Singh,V. Singh,2004-09-27,Male,Indian,Sales Executive,"H.No. 670
Nayak Road",Pune,Maharashtra,599822,Under Review,SRC005,0.81,2026-06-08 16:35:27,2025-11-15 21:26:42
P01647,Mohit Verma,,1979-01-10,Male,Indian,Consultant,"12/343, Wali Circle",Bhopal,Madhya Pradesh,485142,Inactive,SRC020,0.87,2024-02-25 15:22:04,2024-12-25 07:49:53
P01648,Kabir Mishra,K. Mishra,1999-04-13,Male,Indian,Sales Executive,"H.No. 50
Gill Street",Dewas,Madhya Pradesh,134275,Inactive,SRC029,0.97,2026-01-16 09:31:17,2025-03-05 15:23:19
P01649,Kavya Khan,,1981-06-19,Female,Indian,Student,"H.No. 549, Mangal Nagar",Indore,Madhya Pradesh,318343,Under Review,SRC012,0.97,2025-02-28 02:38:17,2025-08-21 10:20:42
P01650,Karan Deshmukh,K. Deshmukh,1969-02-22,Male,Indian,Technician,"H.No. 297, Dani Chowk",Surat,Gujarat,506291,Active,SRC029,0.88,2026-07-12 02:35:48,2026-06-29 20:27:09
P01651,Isha Singh,I. Singh,1988-07-10,Female,Indian,Manager,"H.No. 17
Edwin Ganj",Kota,Rajasthan,629108,Under Review,SRC017,0.82,2025-04-20 23:08:22,2026-03-08 22:54:13
P01652,Arjun Sharma,,1965-08-09,Male,Indian,Student,"83/69, Nagy Zila",Vadodara,Gujarat,376710,Active,SRC004,0.98,2024-12-15 07:00:51,2025-07-03 15:04:43
P01653,Deepak Mishra,,1992-06-22,Male,Indian,Consultant,"H.No. 745
Buch",Kanpur,Uttar Pradesh,304450,Inactive,SRC016,0.97,2024-01-11 01:44:47,2026-08-19 12:15:18
P01654,Karan Singh,,1957-12-20,Female,Indian,Manager,"83/878
Banerjee",Surat,Gujarat,450295,Under Review,SRC023,0.8,2025-05-04 10:01:50,2025-03-16 08:51:37
P01655,Mohit Shah,M. Shah,1977-11-23,Male,Indian,Sales Executive,"04/093, Reddy Road",Mumbai,Maharashtra,541823,Active,SRC022,0.8,2026-02-06 12:14:12,2025-06-11 01:51:39
P01656,Arjun Chauhan,,1962-07-31,Male,Indian,Accountant,"827, Bora Street",Ahmedabad,Gujarat,513346,Active,SRC009,0.82,2024-02-28 11:36:19,2025-06-14 18:19:50
P01657,Priya Agarwal,,1965-10-24,Female,Indian,Manager,"H.No. 388, Pathak Street",Surat,Gujarat,208316,Under Review,SRC017,0.9,2025-05-23 20:26:21,2025-12-05 03:01:15
P01658,Meera Malhotra,,1990-03-02,Female,Indian,Sales Executive,"03, Chadha Circle",Jabalpur,Madhya Pradesh,369078,Under Review,SRC024,0.98,2025-07-30 12:18:57,2024-10-24 23:42:10
P01659,Vihaan Chauhan,,1982-06-17,Male,Indian,Business Owner,"000
Dayal Path",Bhopal,Madhya Pradesh,410707,Active,SRC021,0.79,2024-04-21 01:23:42,2024-08-22 22:12:16
P01660,Kavya Jain,,1986-04-06,Male,Indian,Manager,"89/512, Shanker Ganj",Dewas,Madhya Pradesh,851191,Inactive,SRC016,0.96,2025-08-28 09:58:58,2026-02-15 23:40:55
P01661,Rahul Shah,,1973-03-03,Male,Indian,Trader,"H.No. 69
Dhar Chowk",Jaipur,Rajasthan,556192,Under Review,SRC009,0.89,2025-03-17 06:35:16,2025-04-30 01:21:09
P01662,Arjun Malhotra,,1969-09-21,Female,Indian,Sales Executive,"18/862
Khosla Marg",Lucknow,Uttar Pradesh,612667,Inactive,SRC011,0.95,2025-06-13 05:13:04,2026-07-03 13:50:37
P01663,Mohit Tiwari,,1976-08-27,Female,Indian,Security Guard,"713
Vohra Circle",Delhi,Delhi,402234,Inactive,SRC003,0.94,2025-10-11 04:50:54,2026-07-24 10:57:28
P01664,Amit Sharma,A. Sharma,1973-01-25,Male,Indian,Trader,"27
Jayaraman Marg",Kanpur,Uttar Pradesh,041176,Active,SRC004,0.9,2026-01-28 02:22:02,2025-10-27 17:23:13
P01665,Manish Singh,,1966-07-20,Female,Indian,Security Guard,"H.No. 24, Karan Circle",Vadodara,Gujarat,968636,Active,SRC028,0.98,2024-09-11 20:37:59,2024-01-27 11:28:53
P01666,Kabir Chauhan,,1970-06-07,Male,Indian,Business Owner,"89
Uppal Marg",Lucknow,Uttar Pradesh,036883,Active,SRC024,0.94,2024-01-03 21:49:13,2024-09-27 18:57:13
P01667,Varun Deshmukh,,1968-11-19,Male,Indian,Security Guard,"31, Golla Path",Jabalpur,Madhya Pradesh,912706,Inactive,SRC018,0.83,2024-11-16 22:12:11,2024-08-05 00:45:42
P01668,Varun Khan,V. Khan,1960-12-14,Male,Indian,Manager,"H.No. 629
Bumb Zila",Vadodara,Gujarat,228247,Active,SRC027,0.98,2024-04-30 17:27:03,2024-07-06 09:07:03
P01669,Ananya Singh,,1962-02-18,Female,Indian,Accountant,"96, Srinivasan Nagar",Kanpur,Uttar Pradesh,789849,Inactive,SRC002,0.98,2025-04-09 04:24:20,2024-10-04 04:02:17
P01670,Ankit Agarwal,,1988-12-31,Female,Indian,Trader,"H.No. 22, Swaminathan Zila",Jaipur,Rajasthan,148656,Inactive,SRC011,0.81,2024-12-12 08:03:16,2025-12-18 20:23:24
P01671,Manish Sharma,,1985-11-13,Female,Indian,Accountant,"H.No. 617, Munshi Ganj",Ujjain,Madhya Pradesh,316312,Under Review,SRC020,0.9,2025-08-03 06:36:41,2026-08-12 13:56:33
P01672,Aditya Verma,A. Verma,1976-05-12,Female,Indian,Sales Executive,"26
Sahota Zila",Kota,Rajasthan,963788,Active,SRC013,0.95,2024-03-10 02:42:22,2025-07-12 11:05:04
P01673,Neha Mishra,,2003-02-22,Male,Indian,Technician,"82, Comar Nagar",Jaipur,Rajasthan,071675,Active,SRC008,0.98,2024-07-02 10:26:19,2025-10-26 19:40:10
P01674,Karan Singh,K. Singh,1966-06-06,Male,Indian,Accountant,"361
Bose Ganj",Jaipur,Rajasthan,985490,Inactive,SRC005,0.92,2026-01-03 22:42:59,2024-02-14 04:23:26
P01675,Pooja Joshi,,1992-10-27,Female,Indian,Security Guard,"729, Merchant Path",Indore,Madhya Pradesh,858356,Active,SRC025,0.91,2026-05-29 09:39:46,2026-03-09 04:19:13
P01676,Mohit Jain,,1969-08-16,Male,Indian,Security Guard,"743, Dube",Delhi,Delhi,551741,Under Review,SRC020,0.88,2026-03-22 02:51:15,2025-11-12 15:34:04
P01677,Aditya Joshi,,1967-01-25,Male,Indian,Student,"47/621, Guha Street",Nagpur,Maharashtra,018639,Inactive,SRC004,0.91,2025-08-05 01:57:48,2024-12-14 08:11:28
P01678,Amit Shah,,1962-08-26,Female,Indian,Consultant,"84/531, Ramachandran Path",Dewas,Madhya Pradesh,093079,Active,SRC017,0.8,2025-01-24 03:27:52,2025-10-05 14:49:23
P01679,Isha Deshmukh,,1974-11-22,Male,Indian,Trader,"96/459, Shetty Circle",Bengaluru,Karnataka,408992,Under Review,SRC014,0.87,2025-11-14 15:32:25,2025-03-24 10:59:22
P01680,Neha Patel,,1990-02-09,Female,Indian,Consultant,"H.No. 16, Trivedi Marg",Nagpur,Maharashtra,133973,Under Review,SRC017,0.85,2026-06-28 01:54:11,2025-03-16 14:16:55
P01681,Priya Malhotra,P. Malhotra,1982-01-22,Male,Indian,Trader,"H.No. 734, Gole Nagar",Vadodara,Gujarat,222419,Active,SRC019,0.88,2025-05-26 00:43:01,2026-02-09 12:44:38
P01682,Siddharth Mishra,S. Mishra,1994-06-26,Female,Indian,Security Guard,"32, Saraf Ganj",Nagpur,Maharashtra,401814,Under Review,SRC027,0.9,2024-10-09 08:29:59,2024-06-12 15:42:37
P01683,Yash Bansal,Y. Bansal,1996-06-20,Male,Indian,Manager,"024
Pillai Ganj",Jaipur,Rajasthan,947651,Under Review,SRC004,0.9,2024-04-24 19:53:38,2025-12-16 23:18:12
P01684,Arjun Jain,,1979-05-21,Female,Indian,Student,"H.No. 64, Mane Nagar",Vadodara,Gujarat,475398,Under Review,SRC024,0.79,2025-08-26 07:12:11,2024-03-04 04:47:49
P01685,Neha Yadav,,1967-06-28,Male,Indian,Student,"H.No. 42, Nair Road",Delhi,Delhi,908261,Under Review,SRC024,0.94,2025-10-11 09:03:37,2026-03-10 14:53:12
P01686,Priya Sharma,,1961-04-09,Male,Indian,Technician,"H.No. 65, Loke",Mumbai,Maharashtra,992023,Active,SRC010,0.97,2025-04-12 07:36:46,2025-11-22 22:11:26
P01687,Kavya Sharma,,1979-09-28,Female,Indian,Technician,"22/95
Kata Ganj",Delhi,Delhi,194118,Under Review,SRC012,0.85,2026-01-31 07:26:05,2024-07-05 16:39:18
P01688,Vikram Malhotra,,1992-03-09,Female,Indian,Trader,"H.No. 24, Menon Street",Delhi,Delhi,662834,Under Review,SRC021,0.84,2025-02-03 00:55:26,2024-07-15 03:06:12
P01689,Kavya Khan,,1972-12-18,Female,Indian,Student,"437, Chaudry Path",Mumbai,Maharashtra,694086,Inactive,SRC025,0.95,2026-01-25 02:13:42,2024-12-18 04:45:15
P01690,Riya Rathore,,1972-05-10,Male,Indian,Technician,"826
Deol",Ujjain,Madhya Pradesh,507435,Inactive,SRC004,0.97,2026-03-10 00:29:13,2024-01-22 02:56:44
P01691,Aditya Chauhan,,2001-08-18,Male,Indian,Student,"89/59, Srinivasan Road",Surat,Gujarat,396964,Active,SRC009,0.96,2024-11-13 22:28:47,2024-11-10 00:03:45
P01692,Mohit Saxena,,1962-07-28,Female,Indian,Sales Executive,"50
Shankar Road",Surat,Gujarat,883009,Active,SRC011,0.78,2026-02-15 14:51:32,2024-11-27 00:53:11
P01693,Rahul Shah,,1964-08-16,Female,Indian,Security Guard,"449
Purohit Marg",Ahmedabad,Gujarat,679899,Under Review,SRC006,0.86,2024-09-08 05:48:56,2024-01-16 22:59:55
P01694,Ananya Mehta,A. Mehta,1993-05-30,Female,Indian,Consultant,"06/901
Sarraf Road",Mumbai,Maharashtra,103847,Active,SRC023,0.85,2024-04-09 20:35:35,2025-01-16 14:23:50
P01695,Nikhil Chauhan,,1999-12-18,Male,Indian,Consultant,"50
Bose Path",Jabalpur,Madhya Pradesh,016744,Under Review,SRC019,0.98,2025-07-01 18:35:42,2025-12-04 16:16:17
P01696,Sanjay Jain,,1966-11-20,Male,Indian,Security Guard,"35/969
Narang Circle",Delhi,Delhi,450566,Active,SRC022,0.99,2026-04-13 17:40:40,2025-07-15 01:05:36
P01697,Aarav Rathore,,2006-01-14,Male,Indian,Accountant,"H.No. 40
Lalla Street",Pune,Maharashtra,861789,Active,SRC015,0.92,2024-06-12 06:54:02,2024-11-18 04:37:12
P01698,Rahul Singh,,1980-05-26,Male,Indian,Manager,"H.No. 250
Yohannan Ganj",Indore,Madhya Pradesh,762648,Inactive,SRC027,0.87,2026-08-23 21:54:45,2024-03-10 10:02:41
P01699,Raj Tiwari,,1978-08-24,Male,Indian,Security Guard,"49/36, Ben Circle",Hyderabad,Telangana,358530,Under Review,SRC013,0.91,2025-12-01 15:33:05,2024-03-23 07:06:54
P01700,Meera Chauhan,,1996-12-05,Female,Indian,Consultant,"89, Nath Marg",Nagpur,Maharashtra,930485,Inactive,SRC012,0.86,2024-05-23 10:46:45,2026-04-24 18:49:55
P01701,Nandini Jain,,1993-10-13,Male,Indian,Sales Executive,"H.No. 86
Bava Chowk",Surat,Gujarat,656203,Inactive,SRC028,0.95,2025-12-28 04:18:07,2024-07-28 19:26:14
P01702,Ananya Jain,,1973-03-05,Male,Indian,Security Guard,"946
Purohit Circle",Kanpur,Uttar Pradesh,318123,Under Review,SRC016,0.89,2024-08-04 08:19:28,2025-03-03 20:54:42
P01703,Arjun Deshmukh,,1979-03-06,Male,Indian,Trader,"07/317
Mammen Road",Pune,Maharashtra,776262,Inactive,SRC019,0.96,2025-01-12 15:28:32,2026-07-06 17:37:43
P01704,Deepak Deshmukh,,1980-05-04,Female,Indian,Driver,"08/989
Tandon Chowk",Delhi,Delhi,759443,Active,SRC001,0.9,2026-07-04 13:02:27,2026-03-27 15:35:09
P01705,Raj Verma,,1994-01-10,Male,Indian,Driver,"53/77, Bala Road",Vadodara,Gujarat,767687,Under Review,SRC012,0.79,2024-09-30 19:04:43,2024-09-14 23:30:44
P01706,Isha Malhotra,,1965-05-02,Male,Indian,Manager,"75
Morar Zila",Hyderabad,Telangana,534115,Inactive,SRC014,0.93,2026-01-04 00:18:27,2026-01-15 20:01:32
P01707,Rohan Chauhan,,1990-11-28,Female,Indian,Security Guard,"H.No. 990, Batra Nagar",Mumbai,Maharashtra,065658,Under Review,SRC022,0.84,2024-05-25 23:09:12,2025-12-25 18:05:31
P01708,Vikram Shah,,1994-07-05,Male,Indian,Security Guard,"856
Korpal Path",Lucknow,Uttar Pradesh,232660,Under Review,SRC019,0.85,2025-09-06 06:04:00,2026-06-09 16:55:31
P01709,Aarav Deshmukh,,1991-11-24,Female,Indian,Manager,"H.No. 470, Brar",Bhopal,Madhya Pradesh,034956,Active,SRC025,0.99,2024-03-16 16:42:24,2025-08-06 19:21:51
P01710,Yash Mehta,,1996-09-14,Male,Indian,Accountant,"H.No. 11
Chaudry Circle",Lucknow,Uttar Pradesh,837466,Active,SRC020,0.94,2024-03-15 10:26:46,2025-12-11 10:50:31
P01711,Kabir Khan,,1981-08-29,Female,Indian,Driver,"H.No. 868
Acharya Chowk",Indore,Madhya Pradesh,796668,Inactive,SRC003,0.8,2026-05-11 12:45:05,2025-11-20 01:10:51
P01712,Ankit Shah,,1958-06-23,Female,Indian,Trader,"25/659
Prasad",Jaipur,Rajasthan,891423,Active,SRC028,0.85,2025-11-03 23:32:15,2024-01-04 12:16:29
P01713,Arjun Agarwal,A. Agarwal,1966-11-15,Female,Indian,Consultant,"64, Mutti Nagar",Vadodara,Gujarat,739862,Inactive,SRC003,0.82,2026-06-08 22:20:27,2024-03-06 06:34:36
P01714,Ankit Gupta,,1960-06-18,Male,Indian,Technician,"186, Bali Marg",Pune,Maharashtra,747338,Inactive,SRC025,0.8,2025-07-28 19:54:45,2024-03-28 20:25:16
P01715,Karan Sharma,K. Sharma,1980-10-24,Male,Indian,Technician,"474
Dave Road",Bengaluru,Karnataka,359441,Active,SRC006,0.78,2024-01-17 05:40:30,2026-05-22 23:12:51
P01716,Varun Sharma,,2002-03-26,Female,Indian,Business Owner,"38/735, Yogi Zila",Indore,Madhya Pradesh,647741,Under Review,SRC019,0.86,2024-07-17 06:50:00,2026-08-01 04:50:01
P01717,Aditya Khan,,2004-07-10,Female,Indian,Sales Executive,"30/25, Prakash Circle",Mumbai,Maharashtra,465815,Under Review,SRC007,0.98,2024-07-23 08:47:35,2025-08-28 04:57:42
P01718,Arjun Singh,,1984-07-23,Male,Indian,Trader,"21/789
Oza Path",Bengaluru,Karnataka,984128,Under Review,SRC028,0.96,2026-08-10 18:25:16,2024-11-17 08:58:50
P01719,Kabir Bansal,,1998-11-10,Female,Indian,Business Owner,"75, Gokhale",Jabalpur,Madhya Pradesh,831934,Under Review,SRC002,0.98,2025-06-02 02:47:15,2026-07-17 19:40:37
P01720,Meera Patel,,1962-05-07,Male,Indian,Technician,"03/814, Gulati Marg",Ahmedabad,Gujarat,292421,Under Review,SRC006,0.9,2025-11-01 12:44:10,2026-05-02 15:23:38
P01721,Kabir Patel,,1986-12-15,Male,Indian,Manager,"H.No. 912, Varma Zila",Gurugram,Haryana,273411,Inactive,SRC015,0.98,2024-10-14 17:43:19,2025-01-25 17:38:08
P01722,Raj Chauhan,,1967-09-13,Male,Indian,Technician,"H.No. 55, Bhagat Ganj",Delhi,Delhi,530304,Active,SRC012,0.81,2024-10-15 19:38:02,2025-03-13 15:16:06
P01723,Sneha Rathore,,1984-11-04,Male,Indian,Technician,"H.No. 965, Mitter",Mumbai,Maharashtra,576634,Active,SRC030,0.99,2024-11-12 17:55:27,2026-05-12 09:56:01
P01724,Mohit Shah,,1963-10-10,Male,Indian,Technician,"91/26, Loke",Gwalior,Madhya Pradesh,206419,Under Review,SRC019,0.9,2026-06-11 14:12:51,2026-02-20 23:48:07
P01725,Raj Bansal,,1958-11-02,Male,Indian,Consultant,"66/910, Vyas Nagar",Jaipur,Rajasthan,242168,Inactive,SRC005,0.87,2024-05-17 13:51:51,2026-03-12 23:20:42
P01726,Rahul Agarwal,,2004-11-05,Female,Indian,Driver,"17/562, Raj Marg",Kota,Rajasthan,083479,Inactive,SRC001,0.88,2026-02-17 00:58:55,2025-11-20 06:56:24
P01727,Sanjay Tiwari,,1995-09-14,Female,Indian,Trader,"H.No. 93, Pandey Street",Gurugram,Haryana,228703,Inactive,SRC025,0.92,2024-06-02 15:17:45,2024-01-30 16:21:55
P01728,Vihaan Bansal,,2006-08-21,Male,Indian,Consultant,"H.No. 85
Tak",Bhopal,Madhya Pradesh,438712,Under Review,SRC024,0.97,2025-08-16 14:07:34,2024-03-26 23:40:12
P01729,Raj Khan,,1974-09-27,Male,Indian,Business Owner,"H.No. 80, Varty Street",Surat,Gujarat,060480,Inactive,SRC013,0.82,2024-06-17 19:37:50,2026-06-29 01:11:28
P01730,Raj Verma,,1966-12-12,Male,Indian,Security Guard,"54, Lall Chowk",Kota,Rajasthan,695090,Inactive,SRC022,0.93,2024-09-07 05:33:57,2024-03-22 04:17:39
P01731,Nandini Gupta,,1983-04-22,Male,Indian,Accountant,"64
Banik Ganj",Gwalior,Madhya Pradesh,655623,Under Review,SRC011,0.8,2025-05-15 22:09:15,2025-04-23 20:22:56
P01732,Rahul Rathore,,1983-08-12,Male,Indian,Business Owner,"65/699
Borah Ganj",Mumbai,Maharashtra,606229,Inactive,SRC007,0.97,2024-01-23 09:47:56,2024-03-26 19:16:41
P01733,Arjun Agarwal,,1962-08-26,Female,Indian,Sales Executive,"60/47, Malhotra",Indore,Madhya Pradesh,199038,Inactive,SRC027,0.83,2024-01-17 05:25:31,2024-11-16 09:08:08
P01734,Nandini Chauhan,N. Chauhan,1996-06-04,Male,Indian,Manager,"95/38
Mann Street",Bhopal,Madhya Pradesh,191479,Under Review,SRC009,0.97,2025-12-12 08:06:35,2026-07-20 04:38:19
P01735,Amit Shah,,1969-07-28,Female,Indian,Student,"839
Chander Path",Ahmedabad,Gujarat,730953,Under Review,SRC001,0.87,2024-05-02 16:33:38,2025-12-11 10:32:58
P01736,Amit Chauhan,,1982-11-01,Male,Indian,Trader,"86/86
Rai Path",Nagpur,Maharashtra,925822,Inactive,SRC020,0.78,2025-05-26 08:20:35,2024-06-09 07:13:59
P01737,Ananya Chauhan,,1985-01-12,Female,Indian,Sales Executive,"H.No. 832, Prakash Ganj",Bhopal,Madhya Pradesh,068856,Under Review,SRC023,0.83,2025-06-04 17:28:21,2024-10-16 23:30:15
P01738,Neha Patel,N. Patel,2005-09-19,Female,Indian,Driver,"67
Badami Circle",Gwalior,Madhya Pradesh,458374,Active,SRC018,0.85,2025-12-15 05:54:35,2025-07-13 00:28:26
P01739,Isha Malhotra,,2000-01-18,Female,Indian,Consultant,"H.No. 21
Parikh Ganj",Jaipur,Rajasthan,175559,Under Review,SRC009,0.8,2025-09-03 12:55:27,2026-06-17 19:46:42
P01740,Arjun Chauhan,,1993-05-15,Female,Indian,Accountant,"H.No. 87
Chahal Road",Mumbai,Maharashtra,486267,Active,SRC017,0.99,2024-11-10 12:04:46,2024-04-27 01:15:12
P01741,Mohit Rathore,M. Rathore,1995-10-30,Male,Indian,Student,"97/64, Kapur Path",Gwalior,Madhya Pradesh,965515,Active,SRC003,0.94,2026-01-27 15:01:42,2025-02-28 01:30:32
P01742,Kavya Mehta,,2002-11-22,Female,Indian,Trader,"89
Khanna Marg",Pune,Maharashtra,093582,Under Review,SRC005,0.87,2024-02-29 09:04:07,2024-04-17 06:43:40
P01743,Pooja Verma,,1997-09-01,Male,Indian,Accountant,"H.No. 597, Gera Street",Lucknow,Uttar Pradesh,228483,Under Review,SRC011,0.79,2024-10-24 01:35:27,2025-10-06 22:08:16
P01744,Aarav Singh,,1966-03-17,Female,Indian,Sales Executive,"80
Venkatesh",Surat,Gujarat,601804,Inactive,SRC015,0.82,2024-01-08 21:18:24,2024-07-17 11:22:14
P01745,Neha Verma,,2004-01-30,Female,Indian,Security Guard,"H.No. 537, Prasad Ganj",Jaipur,Rajasthan,671554,Active,SRC008,0.82,2024-09-22 04:57:09,2026-05-06 23:18:06
P01746,Rahul Joshi,R. Joshi,1975-04-08,Female,Indian,Driver,"09, Sundaram Marg",Delhi,Delhi,627205,Active,SRC020,0.89,2025-12-30 03:40:49,2025-01-19 10:05:19
P01747,Raj Khan,,1993-03-16,Female,Indian,Business Owner,"91/19
Wali Street",Jabalpur,Madhya Pradesh,672850,Active,SRC022,0.79,2024-06-15 02:28:41,2024-03-24 04:23:35
P01748,Varun Tiwari,,2002-08-12,Male,Indian,Technician,"H.No. 38
Bahri Ganj",Indore,Madhya Pradesh,755821,Inactive,SRC002,0.81,2026-06-08 12:04:03,2025-01-10 20:20:55
P01749,Arjun Jain,,1978-12-04,Male,Indian,Student,"56/78, Mani Road",Indore,Madhya Pradesh,078907,Under Review,SRC004,0.96,2026-03-18 17:20:09,2024-03-20 23:12:33
P01750,Pooja Verma,,1997-07-07,Male,Indian,Trader,"81/77, Prabhakar Path",Hyderabad,Telangana,294414,Under Review,SRC021,0.86,2025-08-10 16:57:56,2024-06-09 18:00:56
P01751,Priya Deshmukh,,1968-03-05,Male,Indian,Trader,"49, Gokhale Circle",Jaipur,Rajasthan,859747,Under Review,SRC009,0.85,2025-03-08 22:16:08,2024-12-07 00:59:30
P01752,Neha Yadav,,1997-06-16,Male,Indian,Trader,"05, Mitter Path",Gurugram,Haryana,343687,Under Review,SRC029,0.86,2025-10-01 11:55:54,2024-04-09 02:22:05
P01753,Rohan Agarwal,,2001-07-09,Female,Indian,Consultant,"094, Bhagat",Dewas,Madhya Pradesh,634153,Active,SRC012,0.94,2024-12-16 05:21:56,2025-03-27 06:57:29
P01754,Amit Agarwal,A. Agarwal,1964-01-17,Female,Indian,Security Guard,"01/154, Sha Chowk",Jabalpur,Madhya Pradesh,494314,Active,SRC013,0.81,2025-11-06 11:45:41,2025-04-15 16:41:03
P01755,Neha Saxena,,1966-06-28,Female,Indian,Student,"85
Kumar Marg",Mumbai,Maharashtra,354741,Inactive,SRC024,0.87,2025-01-17 21:11:48,2024-11-15 22:06:51
P01756,Ankit Yadav,,1990-10-03,Female,Indian,Sales Executive,"952
Dhillon Ganj",Vadodara,Gujarat,558095,Under Review,SRC017,0.82,2025-04-17 20:42:28,2025-08-04 15:56:03
P01757,Rahul Gupta,,2000-02-23,Female,Indian,Trader,"16/60
Wali Street",Hyderabad,Telangana,136233,Under Review,SRC028,0.94,2025-12-22 15:19:36,2025-09-29 12:15:19
P01758,Amit Saxena,,2006-10-01,Male,Indian,Trader,"04
Shroff Nagar",Ahmedabad,Gujarat,469714,Active,SRC018,0.92,2025-12-10 20:03:43,2025-04-24 09:31:53
P01759,Manish Deshmukh,M. Deshmukh,1987-10-03,Male,Indian,Technician,"H.No. 18, Nagarajan Path",Kota,Rajasthan,083745,Under Review,SRC029,0.81,2025-11-25 14:38:04,2025-01-26 13:21:27
P01760,Ankit Bansal,,1963-12-04,Female,Indian,Business Owner,"961, Brahmbhatt Nagar",Kota,Rajasthan,590017,Under Review,SRC007,0.86,2025-12-30 11:06:12,2026-07-03 17:37:01
P01761,Priya Khan,,1981-02-17,Male,Indian,Student,"07/86
Gokhale",Nagpur,Maharashtra,516215,Under Review,SRC026,0.95,2025-07-16 16:28:54,2026-01-29 12:25:09
P01762,Rohan Mishra,,1991-07-25,Male,Indian,Trader,"63
Hora Path",Surat,Gujarat,735589,Inactive,SRC020,0.98,2025-01-31 12:23:20,2025-04-20 20:17:24
P01763,Yash Bansal,,1980-11-05,Male,Indian,Driver,"83/41, Kashyap Ganj",Bhopal,Madhya Pradesh,139014,Active,SRC001,0.97,2024-07-03 10:38:26,2025-08-10 07:17:27
P01764,Riya Verma,,2004-02-13,Female,Indian,Technician,"749
Sankaran Ganj",Surat,Gujarat,357967,Active,SRC024,0.81,2026-01-17 20:56:35,2026-05-10 13:25:04
P01765,Rahul Agarwal,,2006-02-26,Female,Indian,Manager,"03/00
Kari Chowk",Ujjain,Madhya Pradesh,658260,Inactive,SRC016,0.85,2025-05-14 19:07:55,2026-08-06 00:04:25
P01766,Kabir Agarwal,K. Agarwal,1975-02-23,Male,Indian,Sales Executive,"794
Dhaliwal Zila",Ahmedabad,Gujarat,691122,Active,SRC014,0.8,2026-07-20 01:51:26,2026-02-14 06:01:49
P01767,Nandini Deshmukh,N. Deshmukh,1966-02-23,Female,Indian,Consultant,"25/261
Suresh Zila",Kota,Rajasthan,594657,Under Review,SRC028,0.97,2026-07-26 17:44:50,2025-09-04 04:32:25
P01768,Arjun Singh,A. Singh,1971-08-02,Male,Indian,Sales Executive,"32/554
Bose Road",Delhi,Delhi,818513,Inactive,SRC016,0.86,2025-01-06 17:33:01,2025-03-13 23:47:47
P01769,Kabir Sharma,,1983-09-28,Female,Indian,Trader,"52/038, Chaudhry Circle",Hyderabad,Telangana,768418,Under Review,SRC019,0.82,2026-01-27 13:44:05,2024-09-28 21:54:39
P01770,Meera Sharma,,1982-12-31,Female,Indian,Technician,"H.No. 62, Bala Street",Gurugram,Haryana,483335,Active,SRC029,0.86,2024-09-16 18:07:09,2024-02-28 01:17:51
P01771,Kabir Singh,,1962-08-22,Female,Indian,Sales Executive,"28, Ramachandran Ganj",Bengaluru,Karnataka,308764,Active,SRC030,0.95,2025-04-01 01:22:55,2025-04-14 20:47:17
P01772,Priya Gupta,,1995-01-07,Male,Indian,Technician,"76, Khalsa Zila",Surat,Gujarat,629507,Under Review,SRC026,0.88,2025-02-13 16:46:24,2025-04-14 17:53:10
P01773,Yash Shah,,2000-06-04,Female,Indian,Consultant,"172
Manda Nagar",Kota,Rajasthan,804186,Active,SRC017,0.84,2026-03-02 22:42:57,2024-08-04 08:47:31
P01774,Varun Sharma,,1969-03-16,Male,Indian,Business Owner,"45, Kunda Marg",Gurugram,Haryana,741991,Under Review,SRC008,0.93,2025-01-25 10:38:40,2024-11-10 04:23:26
P01775,Karan Yadav,,2003-11-20,Female,Indian,Trader,"06/49, Sur Nagar",Kota,Rajasthan,342519,Under Review,SRC003,0.85,2025-03-14 11:04:42,2024-02-21 15:31:52
P01776,Vihaan Singh,V. Singh,1985-11-02,Male,Indian,Consultant,"91/36
Dhar Circle",Bengaluru,Karnataka,707421,Inactive,SRC007,0.97,2026-07-23 18:51:44,2026-06-16 08:55:47
P01777,Ankit Chauhan,,1961-01-31,Female,Indian,Student,"62/526, Dey Nagar",Bhopal,Madhya Pradesh,169088,Inactive,SRC012,0.95,2025-03-19 04:43:58,2026-02-10 06:21:58
P01778,Riya Mishra,,1983-11-27,Male,Indian,Technician,"33/58, Thakur Ganj",Kota,Rajasthan,391065,Under Review,SRC009,0.9,2025-03-12 12:30:48,2026-05-11 11:36:56
P01779,Mohit Agarwal,M. Agarwal,1974-04-23,Female,Indian,Driver,"45, Purohit Road",Nagpur,Maharashtra,510214,Under Review,SRC030,0.85,2024-02-15 19:31:36,2026-02-24 23:54:47
P01780,Varun Patel,,1962-03-07,Male,Indian,Accountant,"195, Varghese Path",Indore,Madhya Pradesh,990359,Active,SRC006,0.86,2025-03-17 13:02:21,2025-04-24 11:26:36
P01781,Rohan Shah,,1982-10-23,Male,Indian,Business Owner,"03/056
Seth Circle",Pune,Maharashtra,941246,Under Review,SRC001,0.93,2024-01-05 16:23:11,2024-03-31 16:56:08
P01782,Sanjay Deshmukh,S. Deshmukh,1977-09-02,Female,Indian,Technician,"89/533, Rajan Chowk",Ujjain,Madhya Pradesh,187677,Under Review,SRC004,0.91,2026-04-22 07:06:42,2025-02-27 19:44:19
P01783,Vihaan Singh,,1960-10-05,Male,Indian,Sales Executive,"H.No. 34
Sha Path",Mumbai,Maharashtra,173033,Active,SRC023,0.98,2024-06-21 06:24:11,2025-07-18 11:31:31
P01784,Aarav Mishra,,1979-02-06,Male,Indian,Student,"H.No. 74
Dada Path",Pune,Maharashtra,484809,Inactive,SRC021,0.89,2024-10-22 06:38:41,2026-04-29 16:02:16
P01785,Mohit Gupta,,1980-01-18,Male,Indian,Trader,"H.No. 815, Bahri Marg",Gurugram,Haryana,427079,Inactive,SRC024,0.92,2026-01-28 09:43:40,2025-07-21 22:00:19
P01786,Riya Verma,,2005-07-29,Male,Indian,Driver,"61
Chokshi Zila",Delhi,Delhi,797647,Active,SRC007,0.84,2024-12-18 06:45:46,2025-10-17 10:09:43
P01787,Meera Tiwari,,1975-07-30,Male,Indian,Driver,"28
Shah",Hyderabad,Telangana,269348,Active,SRC006,0.96,2024-11-24 17:33:05,2026-07-06 19:19:07
P01788,Pooja Jain,,1992-05-13,Female,Indian,Manager,"09/84, Wadhwa Marg",Dewas,Madhya Pradesh,606699,Inactive,SRC017,0.91,2024-06-26 01:58:40,2026-04-22 03:12:05
P01789,Rahul Mishra,,1990-10-26,Male,Indian,Security Guard,"H.No. 382
Soni Marg",Nagpur,Maharashtra,977779,Active,SRC021,0.97,2024-12-30 11:18:51,2024-02-09 18:38:04
P01790,Priya Malhotra,,1991-01-14,Male,Indian,Business Owner,"637
Gour Chowk",Ahmedabad,Gujarat,110735,Active,SRC016,0.85,2024-04-29 21:01:46,2025-06-22 22:38:27
P01791,Isha Verma,,1979-01-23,Female,Indian,Driver,"06/824, Gade Ganj",Bengaluru,Karnataka,330239,Under Review,SRC025,0.97,2025-07-27 11:21:23,2024-08-11 13:56:41
P01792,Deepak Sharma,,1971-12-12,Female,Indian,Manager,"06, Kuruvilla",Ujjain,Madhya Pradesh,069523,Under Review,SRC003,0.9,2024-11-27 19:34:52,2025-06-07 04:02:14
P01793,Isha Joshi,,1977-08-26,Female,Indian,Technician,"41/28, Kibe Path",Delhi,Delhi,006448,Inactive,SRC010,0.94,2026-05-11 20:45:49,2025-06-24 16:23:27
P01794,Sanjay Tiwari,,1972-04-27,Male,Indian,Business Owner,"H.No. 31
Venkatesh Zila",Mumbai,Maharashtra,425542,Under Review,SRC012,0.87,2025-05-30 02:43:07,2024-01-07 06:53:11
P01795,Meera Yadav,,1970-04-18,Female,Indian,Trader,"42
Nath Path",Surat,Gujarat,786887,Inactive,SRC015,0.81,2025-06-13 15:48:42,2024-01-27 16:08:56
P01796,Isha Chauhan,,1966-11-14,Male,Indian,Technician,"92/213, Srivastava Zila",Kota,Rajasthan,195866,Inactive,SRC028,0.91,2026-06-16 14:18:18,2026-07-14 17:34:19
P01797,Ankit Saxena,,1997-03-25,Male,Indian,Sales Executive,"79/87, Venkataraman Street",Indore,Madhya Pradesh,314249,Under Review,SRC006,0.83,2024-12-18 12:16:04,2025-02-01 15:46:17
P01798,Aarav Chauhan,A. Chauhan,1987-01-22,Female,Indian,Accountant,"96, Mital Road",Gurugram,Haryana,603328,Active,SRC016,0.86,2025-06-25 16:14:33,2024-01-07 10:48:21
P01799,Manish Tiwari,,1957-11-24,Female,Indian,Manager,"H.No. 028
Muni Chowk",Nagpur,Maharashtra,120220,Under Review,SRC016,0.87,2024-03-21 01:08:49,2026-05-13 11:39:42
P01800,Riya Khan,,1976-01-27,Male,Indian,Technician,"H.No. 16
Wagle Road",Gurugram,Haryana,921046,Active,SRC003,0.98,2025-02-07 20:18:15,2026-04-30 20:03:59
P01801,Ananya Rathore,,1973-12-19,Male,Indian,Security Guard,"H.No. 526, Sem",Bengaluru,Karnataka,420360,Inactive,SRC026,0.83,2025-04-13 06:53:04,2026-06-03 00:24:16
P01802,Mohit Sharma,,1975-02-04,Female,Indian,Consultant,"095, Tak Circle",Ahmedabad,Gujarat,383680,Under Review,SRC020,0.87,2025-02-18 17:39:55,2026-02-13 03:20:26
P01803,Arjun Deshmukh,,2001-10-03,Female,Indian,Technician,"92
Desai Ganj",Jabalpur,Madhya Pradesh,714858,Under Review,SRC028,0.81,2025-11-15 16:40:52,2025-08-27 04:40:35
P01804,Siddharth Rathore,S. Rathore,1981-02-22,Female,Indian,Student,"H.No. 01, Sankaran",Ujjain,Madhya Pradesh,972092,Active,SRC007,0.98,2024-12-06 22:29:01,2025-07-10 00:40:13
P01805,Ananya Jain,,1960-01-10,Female,Indian,Consultant,"52/33, Sengupta Street",Surat,Gujarat,493795,Under Review,SRC011,0.9,2025-05-06 20:55:23,2025-07-31 08:50:19
P01806,Sanjay Gupta,,1962-12-06,Male,Indian,Manager,"H.No. 11
Kakar Marg",Jabalpur,Madhya Pradesh,149207,Under Review,SRC008,0.95,2024-11-21 05:19:57,2026-06-30 00:56:53
P01807,Vikram Rathore,,1973-02-08,Male,Indian,Technician,"H.No. 24, Sibal Circle",Hyderabad,Telangana,962625,Under Review,SRC029,0.8,2025-08-08 01:19:37,2025-05-18 04:03:14
P01808,Pooja Singh,,1985-06-26,Female,Indian,Trader,"497, Keer Chowk",Bengaluru,Karnataka,772443,Under Review,SRC029,0.97,2025-09-10 04:50:32,2024-07-11 05:15:24
P01809,Isha Malhotra,,2002-09-20,Male,Indian,Consultant,"78/72
Puri",Ujjain,Madhya Pradesh,715643,Under Review,SRC005,0.86,2026-05-20 04:19:37,2026-04-23 03:39:07
P01810,Pooja Verma,,1990-09-12,Male,Indian,Technician,"90/34, Bahl Circle",Gurugram,Haryana,247960,Inactive,SRC027,0.91,2025-09-01 13:39:33,2025-12-02 12:40:29
P01811,Raj Singh,,1986-08-14,Female,Indian,Technician,"16/57, Sridhar Ganj",Nagpur,Maharashtra,242662,Under Review,SRC029,0.89,2024-05-02 11:48:02,2024-09-11 15:11:46
P01812,Sneha Gupta,,1965-07-06,Female,Indian,Business Owner,"693, Chad Nagar",Bengaluru,Karnataka,015273,Under Review,SRC029,0.82,2024-04-15 19:08:14,2025-11-22 13:18:15
P01813,Kavya Bansal,,1996-01-11,Female,Indian,Student,"641, Swamy Road",Ahmedabad,Gujarat,690018,Under Review,SRC027,0.96,2024-09-15 17:11:07,2026-06-12 14:37:29
P01814,Manish Malhotra,M. Malhotra,1998-04-29,Male,Indian,Business Owner,"H.No. 98, Sen Road",Mumbai,Maharashtra,229835,Under Review,SRC021,0.94,2025-08-22 19:29:56,2025-10-27 21:55:09
P01815,Aditya Saxena,,2004-02-29,Male,Indian,Trader,"15
Bahri Ganj",Delhi,Delhi,262473,Under Review,SRC013,0.9,2025-01-26 19:28:39,2024-01-11 07:28:45
P01816,Yash Yadav,Y. Yadav,1994-05-17,Female,Indian,Trader,"90/90, Sankaran Nagar",Surat,Gujarat,761442,Inactive,SRC007,0.93,2025-03-15 09:59:56,2025-04-20 16:34:16
P01817,Deepak Agarwal,,2000-08-12,Female,Indian,Business Owner,"H.No. 40
Goda Road",Dewas,Madhya Pradesh,169792,Active,SRC002,0.96,2025-12-05 13:36:45,2025-12-30 16:14:57
P01818,Raj Rathore,R. Rathore,1995-02-21,Female,Indian,Security Guard,"H.No. 49
Hegde Ganj",Vadodara,Gujarat,396904,Active,SRC021,0.87,2024-11-06 20:08:24,2024-07-25 06:53:48
P01819,Sanjay Chauhan,,1997-05-05,Male,Indian,Consultant,"52/878, Natt Ganj",Dewas,Madhya Pradesh,338133,Inactive,SRC019,0.94,2024-01-20 03:53:24,2025-04-13 09:41:49
P01820,Vihaan Bansal,,1971-10-23,Male,Indian,Trader,"30/236, Chaudhuri Road",Bhopal,Madhya Pradesh,247409,Active,SRC030,0.79,2025-06-08 04:30:30,2024-07-04 17:22:10
P01821,Rohan Patel,R. Patel,1999-06-09,Male,Indian,Driver,"H.No. 335, Naik Nagar",Lucknow,Uttar Pradesh,602325,Inactive,SRC012,0.85,2024-04-03 05:59:57,2024-01-28 13:43:59
P01822,Amit Joshi,,1993-10-24,Male,Indian,Security Guard,"H.No. 58
Bhagat Chowk",Ujjain,Madhya Pradesh,042245,Inactive,SRC021,0.95,2025-01-17 15:38:49,2024-03-10 06:48:44
P01823,Ananya Singh,,1987-12-14,Male,Indian,Trader,"H.No. 51, Nagi Street",Kanpur,Uttar Pradesh,807819,Active,SRC004,0.94,2024-03-29 16:08:25,2024-08-30 17:32:05
P01824,Riya Malhotra,,2007-07-06,Male,Indian,Business Owner,"H.No. 534
Kumar",Pune,Maharashtra,971575,Under Review,SRC027,0.93,2024-12-14 06:40:08,2026-07-12 18:14:43
P01825,Mohit Verma,,2003-04-09,Male,Indian,Sales Executive,"32
Deep Circle",Bhopal,Madhya Pradesh,630616,Active,SRC017,0.85,2024-05-10 12:09:15,2026-04-09 01:38:06
P01826,Ankit Chauhan,,1991-11-28,Female,Indian,Trader,"63/520
Shanker Nagar",Indore,Madhya Pradesh,150420,Active,SRC022,0.93,2024-11-01 21:41:20,2025-07-01 04:37:41
P01827,Amit Tiwari,A. Tiwari,1977-04-29,Male,Indian,Accountant,"69/771
Gupta Road",Ujjain,Madhya Pradesh,608090,Active,SRC019,0.88,2024-04-16 08:28:25,2024-03-17 12:34:13
P01828,Nikhil Mehta,,1972-03-07,Male,Indian,Student,"10/392
Varghese Chowk",Hyderabad,Telangana,893046,Active,SRC005,0.89,2025-09-30 17:16:17,2025-01-10 10:55:24
P01829,Nandini Deshmukh,,1970-01-24,Female,Indian,Security Guard,"87, Pandey Circle",Ahmedabad,Gujarat,856905,Inactive,SRC006,0.96,2025-09-02 18:17:44,2025-10-04 23:53:50
P01830,Pooja Deshmukh,,1977-02-21,Female,Indian,Consultant,"82/67
Viswanathan Street",Nagpur,Maharashtra,072720,Inactive,SRC004,0.92,2025-12-05 10:54:18,2026-08-14 23:03:47
P01831,Deepak Sharma,,1963-05-25,Female,Indian,Accountant,"23
Kade Chowk",Delhi,Delhi,640783,Active,SRC004,0.79,2025-12-08 12:26:50,2025-11-23 16:46:31
P01832,Kavya Patel,,1959-02-20,Female,Indian,Accountant,"H.No. 697, Prabhu Circle",Mumbai,Maharashtra,454983,Under Review,SRC027,0.84,2025-02-04 12:59:36,2026-05-17 14:56:57
P01833,Deepak Verma,,1970-12-10,Female,Indian,Accountant,"H.No. 90
Raghavan Marg",Pune,Maharashtra,751857,Under Review,SRC001,0.85,2026-05-19 02:21:59,2024-03-22 17:35:35
P01834,Rahul Khan,,1973-03-10,Female,Indian,Technician,"H.No. 595
Johal Marg",Surat,Gujarat,318073,Inactive,SRC013,0.91,2025-07-26 16:18:58,2024-05-22 14:13:38
P01835,Kabir Rathore,,1994-05-18,Female,Indian,Accountant,"H.No. 85, Narula Marg",Gurugram,Haryana,377730,Active,SRC020,0.8,2025-10-20 17:27:52,2024-04-06 17:41:40
P01836,Aarav Sharma,A. Sharma,1982-12-03,Male,Indian,Consultant,"H.No. 926
Prabhu Zila",Bengaluru,Karnataka,872012,Active,SRC010,0.87,2024-09-12 12:43:47,2024-02-26 00:32:19
P01837,Isha Shah,I. Shah,2006-04-27,Female,Indian,Accountant,"H.No. 50
Oommen Nagar",Dewas,Madhya Pradesh,908099,Under Review,SRC007,0.98,2026-06-12 14:32:20,2026-03-31 04:07:32
P01838,Isha Saxena,,1986-08-22,Male,Indian,Consultant,"73
Uppal Circle",Ujjain,Madhya Pradesh,246163,Active,SRC029,0.81,2024-01-13 20:00:12,2026-02-15 18:41:43
P01839,Rohan Malhotra,,1997-01-14,Male,Indian,Driver,"30/00, Buch",Delhi,Delhi,352949,Under Review,SRC024,0.98,2026-06-30 13:03:01,2026-08-17 07:06:21
P01840,Kavya Sharma,K. Sharma,1982-09-30,Male,Indian,Driver,"H.No. 799
Murthy Marg",Gurugram,Haryana,662897,Under Review,SRC008,0.88,2025-11-05 11:18:13,2024-12-15 12:39:08
P01841,Meera Shah,,1984-04-14,Male,Indian,Manager,"252
Narang Chowk",Kanpur,Uttar Pradesh,002230,Inactive,SRC003,0.93,2024-05-06 03:20:11,2026-05-22 10:19:39
P01842,Rohan Gupta,,1972-04-21,Female,Indian,Business Owner,"77
Gour Zila",Ujjain,Madhya Pradesh,158904,Active,SRC016,0.87,2024-04-09 12:39:08,2025-05-17 15:14:25
P01843,Deepak Mishra,,1989-10-01,Male,Indian,Driver,"H.No. 16, Sankar Marg",Dewas,Madhya Pradesh,812392,Inactive,SRC023,0.84,2025-04-19 15:01:36,2025-06-22 09:15:05
P01844,Mohit Gupta,M. Gupta,1997-01-03,Female,Indian,Accountant,"90/986
Saha Ganj",Nagpur,Maharashtra,527695,Active,SRC023,0.87,2026-03-17 17:47:31,2026-02-27 10:26:33
P01845,Aarav Verma,,2001-04-20,Female,Indian,Security Guard,"H.No. 42
Dhillon Nagar",Hyderabad,Telangana,482488,Under Review,SRC016,0.95,2026-03-24 19:25:45,2024-07-05 05:24:20
P01846,Ananya Verma,,1961-04-07,Female,Indian,Trader,"714
Barman Path",Ahmedabad,Gujarat,118026,Inactive,SRC018,0.81,2025-10-22 16:56:27,2025-09-06 06:04:53
P01847,Priya Saxena,,1999-02-03,Female,Indian,Technician,"H.No. 939
Ahuja Marg",Kanpur,Uttar Pradesh,104718,Inactive,SRC006,0.9,2025-07-06 12:41:16,2025-12-25 06:13:41
P01848,Nikhil Yadav,,2000-01-16,Male,Indian,Trader,"56/924, Rout Chowk",Vadodara,Gujarat,410341,Under Review,SRC018,0.87,2024-09-30 07:39:46,2024-07-11 15:47:34
P01849,Amit Mehta,,1961-03-24,Male,Indian,Technician,"H.No. 814, Oommen Nagar",Bengaluru,Karnataka,325179,Inactive,SRC021,0.88,2025-10-12 11:11:47,2024-10-28 08:31:42
P01850,Pooja Tiwari,,1980-08-22,Female,Indian,Security Guard,"09
Batta Road",Dewas,Madhya Pradesh,714878,Under Review,SRC005,0.91,2024-07-25 22:30:23,2024-01-22 04:37:43
P01851,Raj Khan,R. Khan,1963-01-01,Male,Indian,Student,"45
Dass Chowk",Hyderabad,Telangana,757940,Active,SRC027,0.87,2025-03-18 17:01:07,2024-09-17 12:00:31
P01852,Arjun Bansal,A. Bansal,1969-01-06,Male,Indian,Manager,"H.No. 49
Vohra",Kanpur,Uttar Pradesh,093391,Active,SRC009,0.98,2025-11-19 21:39:29,2025-01-17 13:38:32
P01853,Priya Khan,,2007-02-15,Female,Indian,Trader,"H.No. 264
Agrawal Zila",Pune,Maharashtra,032675,Active,SRC011,0.93,2024-08-15 10:21:42,2024-03-04 14:27:53
P01854,Kavya Saxena,,1990-08-11,Female,Indian,Accountant,"H.No. 76, Chahal Ganj",Kanpur,Uttar Pradesh,108965,Under Review,SRC012,0.94,2024-10-14 08:22:32,2026-02-04 13:28:50
P01855,Ananya Patel,,1966-02-14,Female,Indian,Sales Executive,"06, Bail Road",Pune,Maharashtra,474867,Under Review,SRC029,0.94,2025-08-06 06:17:19,2026-05-03 03:21:35
P01856,Ananya Sharma,,1976-12-23,Female,Indian,Sales Executive,"48/17
Koshy Nagar",Lucknow,Uttar Pradesh,100770,Active,SRC023,0.98,2026-01-03 03:34:54,2025-03-08 12:19:57
P01857,Vikram Chauhan,,2006-02-07,Male,Indian,Accountant,"75/949, Jaggi Ganj",Ahmedabad,Gujarat,781117,Active,SRC001,0.79,2024-04-13 17:43:20,2025-11-15 11:45:54
P01858,Arjun Gupta,,1979-04-01,Male,Indian,Driver,"H.No. 490, Chander Street",Dewas,Madhya Pradesh,441559,Inactive,SRC015,0.98,2025-02-15 10:57:18,2024-09-28 18:35:19
P01859,Amit Saxena,A. Saxena,1969-07-09,Female,Indian,Technician,"96/552
Chopra Ganj",Jaipur,Rajasthan,033530,Inactive,SRC012,0.82,2026-05-02 18:29:19,2026-01-06 16:31:46
P01860,Amit Deshmukh,,1973-07-15,Male,Indian,Trader,"65, Raju Ganj",Hyderabad,Telangana,977317,Active,SRC016,0.85,2024-07-29 14:40:42,2025-07-06 14:11:05
P01861,Aarav Malhotra,,1973-02-22,Female,Indian,Security Guard,"24/872
Palla Ganj",Gurugram,Haryana,539276,Active,SRC014,0.92,2025-06-22 11:11:11,2025-10-07 20:37:26
P01862,Yash Saxena,,1970-12-20,Female,Indian,Business Owner,"493, Subramaniam Zila",Gurugram,Haryana,706055,Inactive,SRC025,0.97,2025-06-28 02:47:23,2024-04-08 12:48:49
P01863,Mohit Malhotra,M. Malhotra,2002-03-06,Male,Indian,Driver,"92
Dara Zila",Kanpur,Uttar Pradesh,250698,Inactive,SRC013,0.94,2025-08-18 19:43:36,2026-06-28 05:34:29
P01864,Vikram Deshmukh,V. Deshmukh,1976-08-03,Female,Indian,Security Guard,"46
Warrior Ganj",Gurugram,Haryana,014557,Under Review,SRC028,0.87,2024-01-05 18:29:06,2026-04-30 08:02:15
P01865,Yash Mishra,Y. Mishra,1988-03-26,Male,Indian,Manager,"H.No. 27, Zachariah Zila",Gwalior,Madhya Pradesh,692552,Under Review,SRC025,0.79,2025-08-11 00:28:17,2026-04-09 05:36:57
P01866,Varun Yadav,,1960-06-18,Female,Indian,Consultant,"26/00, Buch Nagar",Ujjain,Madhya Pradesh,015616,Under Review,SRC019,0.86,2024-03-09 12:17:20,2025-07-23 14:43:25
P01867,Nandini Tiwari,,1967-06-28,Male,Indian,Security Guard,"H.No. 98
Dewan Zila",Bhopal,Madhya Pradesh,300882,Inactive,SRC006,0.97,2025-09-29 11:01:45,2024-07-07 00:00:38
P01868,Manish Khan,,2001-03-17,Female,Indian,Student,"90/86
Datta Chowk",Bhopal,Madhya Pradesh,310448,Active,SRC022,0.81,2024-05-01 11:56:21,2025-10-20 00:14:03
P01869,Sneha Mehta,,2005-10-23,Male,Indian,Business Owner,"36/556
Devi Zila",Mumbai,Maharashtra,188220,Inactive,SRC025,0.94,2025-02-03 13:44:55,2025-12-31 09:14:47
P01870,Neha Khan,N. Khan,1984-07-05,Male,Indian,Accountant,"H.No. 17
Bhatnagar Marg",Jaipur,Rajasthan,023641,Inactive,SRC028,0.92,2025-11-02 15:22:11,2025-02-28 13:55:27
P01871,Riya Rathore,,1969-11-05,Male,Indian,Driver,"H.No. 99, Sachdev Zila",Pune,Maharashtra,640323,Active,SRC005,0.81,2026-01-30 10:48:39,2025-10-10 10:21:36
P01872,Yash Shah,,1994-01-13,Female,Indian,Student,"25/282, Sha Marg",Indore,Madhya Pradesh,269379,Active,SRC023,0.89,2024-09-10 00:22:39,2026-04-02 21:07:26
P01873,Ananya Saxena,A. Saxena,1986-08-15,Female,Indian,Business Owner,"529, Kurian Marg",Kanpur,Uttar Pradesh,484368,Inactive,SRC014,0.9,2025-02-27 06:15:58,2024-04-19 21:58:23
P01874,Amit Mehta,A. Mehta,2007-03-30,Female,Indian,Trader,"H.No. 433, Sandhu Nagar",Ujjain,Madhya Pradesh,098058,Inactive,SRC017,0.97,2025-05-01 04:34:38,2024-03-23 20:57:27
P01875,Nandini Singh,N. Singh,1974-09-13,Male,Indian,Manager,"06/27
Srinivas Circle",Gwalior,Madhya Pradesh,259120,Active,SRC022,0.82,2025-11-24 23:33:50,2024-09-16 06:03:43
P01876,Priya Tiwari,,1977-07-27,Female,Indian,Driver,"21, Gokhale Marg",Vadodara,Gujarat,603235,Under Review,SRC006,0.9,2025-05-09 23:37:40,2024-03-11 12:05:31
P01877,Arjun Tiwari,,1998-04-13,Male,Indian,Consultant,"55/99, Suri",Bhopal,Madhya Pradesh,379395,Active,SRC024,0.93,2026-08-08 08:58:11,2026-04-09 16:35:55
P01878,Aarav Saxena,,1973-10-11,Male,Indian,Driver,"H.No. 924
Luthra Chowk",Bhopal,Madhya Pradesh,117367,Under Review,SRC022,0.84,2024-01-12 12:42:30,2025-11-22 07:13:20
P01879,Varun Sharma,,1979-05-19,Male,Indian,Technician,"76
Chauhan Zila",Ahmedabad,Gujarat,584233,Active,SRC028,0.88,2024-01-30 19:15:11,2024-01-15 00:35:19
P01880,Rahul Gupta,,1959-11-11,Male,Indian,Driver,"082
Ganesan",Gurugram,Haryana,828732,Active,SRC013,0.9,2026-02-16 18:54:43,2024-02-08 06:05:35
P01881,Neha Tiwari,N. Tiwari,1981-09-22,Male,Indian,Security Guard,"H.No. 273, Pandit Marg",Ujjain,Madhya Pradesh,852207,Active,SRC028,0.94,2024-05-10 02:57:50,2024-03-03 07:46:31
P01882,Mohit Bansal,,1980-07-30,Male,Indian,Student,"42/87, Boase Road",Ujjain,Madhya Pradesh,279636,Under Review,SRC012,0.98,2024-11-13 10:31:23,2024-06-01 18:30:04
P01883,Sneha Malhotra,S. Malhotra,1994-12-20,Female,Indian,Business Owner,"H.No. 51
Badami Nagar",Kota,Rajasthan,108194,Inactive,SRC025,0.86,2025-11-01 01:01:06,2026-01-17 19:57:42
P01884,Rahul Saxena,,1993-11-17,Male,Indian,Sales Executive,"23, Arya Nagar",Jaipur,Rajasthan,607223,Inactive,SRC020,0.98,2024-11-09 12:55:13,2024-05-29 09:28:59
P01885,Varun Mishra,,1991-01-13,Female,Indian,Trader,"H.No. 342, Hora Road",Dewas,Madhya Pradesh,539169,Active,SRC014,0.91,2024-05-17 17:22:40,2026-07-19 20:54:17
P01886,Amit Mehta,A. Mehta,1959-03-17,Male,Indian,Business Owner,"63, Sami Zila",Kanpur,Uttar Pradesh,968740,Inactive,SRC009,0.86,2024-08-30 00:19:30,2026-04-14 23:00:22
P01887,Deepak Joshi,,1970-08-20,Female,Indian,Consultant,"H.No. 10
Chaudhary Marg",Ahmedabad,Gujarat,649700,Inactive,SRC017,0.88,2025-10-29 06:12:00,2024-10-06 15:13:53
P01888,Pooja Shah,,1997-11-24,Male,Indian,Trader,"01/51
Ray Chowk",Kanpur,Uttar Pradesh,296280,Inactive,SRC003,0.93,2025-07-24 12:24:39,2024-10-14 17:36:37
P01889,Sanjay Tiwari,,1963-09-28,Male,Indian,Consultant,"H.No. 09, Sagar Marg",Lucknow,Uttar Pradesh,315255,Under Review,SRC009,0.98,2024-06-04 11:35:05,2024-08-25 22:33:01
P01890,Riya Agarwal,,1965-12-18,Female,Indian,Technician,"H.No. 88, Shah Ganj",Bengaluru,Karnataka,435404,Active,SRC019,0.82,2025-04-28 12:38:10,2025-01-28 16:01:47
P01891,Manish Gupta,,2005-07-12,Female,Indian,Consultant,"50/11, Narayan Zila",Surat,Gujarat,558627,Inactive,SRC020,0.87,2025-03-09 07:08:42,2025-06-12 15:05:30
P01892,Priya Gupta,,1985-02-14,Male,Indian,Consultant,"H.No. 317
Wali Road",Bengaluru,Karnataka,304588,Active,SRC022,0.92,2024-01-07 19:18:07,2026-01-08 17:35:34
P01893,Ananya Tiwari,,1981-09-07,Female,Indian,Manager,"H.No. 422
Kannan",Kanpur,Uttar Pradesh,545920,Under Review,SRC006,0.8,2024-11-13 04:24:04,2026-02-11 00:40:57
P01894,Isha Agarwal,,1986-05-30,Female,Indian,Sales Executive,"H.No. 77
Chakrabarti",Pune,Maharashtra,379830,Under Review,SRC026,0.88,2025-11-20 12:11:21,2026-01-08 02:44:12
P01895,Vikram Chauhan,,1981-07-10,Female,Indian,Security Guard,"45, Chahal Zila",Gurugram,Haryana,089589,Inactive,SRC005,0.83,2025-03-28 04:57:16,2026-07-11 23:32:56
P01896,Aditya Malhotra,,1998-05-14,Female,Indian,Business Owner,"H.No. 22, Jha Zila",Gwalior,Madhya Pradesh,689600,Active,SRC007,0.95,2026-06-09 16:43:51,2024-07-09 11:19:47
P01897,Karan Rathore,,1981-01-20,Female,Indian,Security Guard,"898, Karan",Delhi,Delhi,746113,Under Review,SRC014,0.82,2025-12-11 19:09:51,2025-07-10 19:03:51
P01898,Vihaan Mishra,,1996-03-07,Female,Indian,Student,"92/71
Ramesh Path",Gurugram,Haryana,338788,Inactive,SRC011,0.81,2025-10-20 08:34:23,2026-05-08 16:29:09
P01899,Kabir Patel,,1965-02-03,Male,Indian,Business Owner,"89/868
Kuruvilla Zila",Vadodara,Gujarat,976309,Active,SRC009,0.8,2024-01-09 07:43:39,2024-01-04 23:06:31
P01900,Raj Malhotra,,1969-10-07,Female,Indian,Accountant,"99/44
Shere Path",Jabalpur,Madhya Pradesh,441076,Active,SRC029,0.92,2025-07-19 19:53:52,2026-03-16 23:22:16
P01901,Vihaan Sharma,,1995-08-09,Female,Indian,Consultant,"54, Mishra Ganj",Gwalior,Madhya Pradesh,591604,Inactive,SRC008,0.83,2024-08-30 17:59:20,2025-07-18 02:04:00
P01902,Yash Deshmukh,,2004-07-27,Female,Indian,Accountant,"85/90, Sanghvi Chowk",Hyderabad,Telangana,857837,Active,SRC001,0.9,2024-11-16 23:01:23,2025-10-10 00:16:19
P01903,Sanjay Jain,,1998-05-03,Female,Indian,Accountant,"78, Kamdar Road",Dewas,Madhya Pradesh,073071,Under Review,SRC020,0.78,2026-02-23 14:21:35,2026-03-28 12:17:19
P01904,Kabir Mehta,,1981-06-02,Female,Indian,Trader,"H.No. 350
Swamy Nagar",Hyderabad,Telangana,692233,Active,SRC004,0.83,2025-11-27 04:16:31,2025-05-02 12:30:14
P01905,Amit Jain,,1972-01-29,Male,Indian,Sales Executive,"699, Oak",Pune,Maharashtra,850231,Active,SRC009,0.8,2026-01-14 07:47:48,2026-07-25 00:44:51
P01906,Vikram Agarwal,,2005-01-31,Female,Indian,Trader,"H.No. 32
Khanna Chowk",Kota,Rajasthan,514972,Active,SRC008,0.8,2024-09-12 09:28:21,2025-11-02 08:13:27
P01907,Aditya Mishra,,1967-04-12,Female,Indian,Manager,"477, Master Zila",Delhi,Delhi,950935,Inactive,SRC001,0.89,2024-11-01 11:40:16,2024-12-01 08:53:06
P01908,Karan Gupta,,1980-09-11,Female,Indian,Technician,"006, Singhal Zila",Gurugram,Haryana,136445,Active,SRC016,0.89,2025-07-02 09:12:21,2026-02-16 17:44:11
P01909,Ankit Yadav,,1998-06-06,Male,Indian,Driver,"189, Chander Ganj",Bengaluru,Karnataka,706507,Under Review,SRC027,0.93,2025-12-16 02:23:13,2024-04-10 13:50:55
P01910,Ankit Khan,,1965-07-07,Female,Indian,Technician,"30/56, Mander Road",Jaipur,Rajasthan,853045,Inactive,SRC009,0.83,2024-12-25 17:37:38,2026-02-28 08:58:33
P01911,Manish Jain,,1975-01-06,Female,Indian,Business Owner,"H.No. 263
Sangha Path",Jaipur,Rajasthan,777894,Under Review,SRC030,0.9,2026-06-17 00:18:24,2024-07-29 13:04:51
P01912,Neha Mehta,,1990-08-16,Male,Indian,Student,"39
Bhatia",Delhi,Delhi,600823,Under Review,SRC012,0.86,2025-01-24 11:58:41,2025-01-01 20:23:48
P01913,Aarav Rathore,,1991-05-14,Female,Indian,Driver,"90, Gour Street",Kota,Rajasthan,097550,Inactive,SRC009,0.85,2025-01-24 14:23:57,2025-03-21 13:09:02
P01914,Karan Saxena,,1988-07-20,Male,Indian,Accountant,"70/151
Barad Street",Nagpur,Maharashtra,393449,Under Review,SRC021,0.89,2024-02-02 06:27:35,2025-02-28 15:21:54
P01915,Varun Gupta,,1981-12-04,Female,Indian,Business Owner,"H.No. 621, Hari Circle",Bhopal,Madhya Pradesh,391929,Active,SRC003,0.93,2026-06-14 00:40:58,2026-02-01 01:12:27
P01916,Kabir Mehta,,1988-09-30,Male,Indian,Consultant,"H.No. 530, Chada Chowk",Bengaluru,Karnataka,260082,Active,SRC017,0.98,2026-05-10 13:55:22,2025-05-12 02:43:12
P01917,Deepak Singh,D. Singh,1990-12-10,Female,Indian,Consultant,"42/705
Naik Road",Ahmedabad,Gujarat,887282,Active,SRC008,0.87,2024-03-01 11:04:54,2024-07-07 06:58:41
P01918,Kabir Bansal,,1965-10-07,Male,Indian,Manager,"H.No. 269, Bera Circle",Ujjain,Madhya Pradesh,466589,Active,SRC019,0.92,2024-11-11 07:04:29,2025-12-21 15:41:49
P01919,Kavya Khan,,1971-06-24,Female,Indian,Sales Executive,"H.No. 960
Lanka Marg",Ahmedabad,Gujarat,245257,Active,SRC001,0.95,2024-07-30 15:30:06,2025-06-19 06:13:21
P01920,Rahul Deshmukh,R. Deshmukh,1993-02-09,Male,Indian,Consultant,"88
Atwal Road",Ujjain,Madhya Pradesh,094657,Active,SRC018,0.81,2025-03-31 11:08:04,2026-01-24 11:59:07
P01921,Deepak Tiwari,,1960-05-13,Male,Indian,Security Guard,"H.No. 298
Setty Circle",Vadodara,Gujarat,842680,Active,SRC008,0.95,2026-02-13 02:02:37,2024-05-12 15:35:53
P01922,Sanjay Khan,,1998-04-19,Male,Indian,Security Guard,"16, Dar Road",Nagpur,Maharashtra,005371,Under Review,SRC029,0.79,2025-09-20 01:06:12,2026-07-05 02:03:03
P01923,Rohan Khan,,1959-05-14,Male,Indian,Accountant,"68/803
Ratti Zila",Bhopal,Madhya Pradesh,479512,Under Review,SRC027,0.86,2025-03-29 14:59:06,2025-05-24 13:21:57
P01924,Kavya Malhotra,,2003-06-12,Male,Indian,Driver,"H.No. 28, Khanna Path",Delhi,Delhi,416019,Under Review,SRC008,0.81,2025-08-10 14:58:46,2026-08-08 17:20:07
P01925,Yash Verma,,1986-01-17,Male,Indian,Business Owner,"08/70
Sinha Zila",Ujjain,Madhya Pradesh,867152,Inactive,SRC015,0.89,2024-02-08 08:17:33,2025-03-30 17:18:24
P01926,Mohit Chauhan,,1962-12-12,Female,Indian,Security Guard,"40, Kara Road",Kanpur,Uttar Pradesh,689579,Inactive,SRC021,0.98,2025-01-04 01:34:46,2025-11-11 12:06:24
P01927,Nikhil Deshmukh,,1990-09-22,Female,Indian,Consultant,"10
Bhavsar Path",Hyderabad,Telangana,090070,Under Review,SRC030,0.87,2026-03-04 05:31:56,2025-04-27 23:02:57
P01928,Varun Rathore,,1995-04-03,Male,Indian,Driver,"20/502, Mani Path",Jabalpur,Madhya Pradesh,239201,Under Review,SRC012,0.96,2024-01-12 15:10:38,2025-10-18 08:49:17
P01929,Arjun Deshmukh,,1989-04-18,Female,Indian,Technician,"H.No. 99
Luthra Chowk",Kota,Rajasthan,539659,Active,SRC011,0.88,2026-04-23 15:46:29,2026-08-19 02:16:01
P01930,Pooja Sharma,,1995-10-29,Male,Indian,Trader,"526
Kuruvilla",Mumbai,Maharashtra,041641,Under Review,SRC026,0.94,2024-12-05 19:01:49,2025-11-30 09:23:15
P01931,Rohan Agarwal,,1980-02-25,Male,Indian,Accountant,"51/337, Karpe",Jaipur,Rajasthan,669976,Inactive,SRC009,0.88,2025-06-03 04:00:05,2025-12-24 11:12:01
P01932,Deepak Yadav,,2003-08-06,Female,Indian,Sales Executive,"55/71, Mitra Chowk",Vadodara,Gujarat,584968,Inactive,SRC002,0.83,2025-05-10 09:26:08,2024-09-24 14:33:27
P01933,Rohan Patel,,1987-09-02,Female,Indian,Trader,"03/58, Garg Marg",Ahmedabad,Gujarat,057445,Inactive,SRC029,0.92,2024-01-27 02:02:53,2025-08-23 12:55:00
P01934,Amit Mehta,,1986-02-13,Female,Indian,Business Owner,"453, Dhillon Path",Bengaluru,Karnataka,911110,Inactive,SRC003,0.85,2026-06-05 10:42:02,2025-05-19 02:09:42
P01935,Rahul Agarwal,R. Agarwal,1998-07-04,Male,Indian,Sales Executive,"46/68, Nagy",Lucknow,Uttar Pradesh,213596,Under Review,SRC023,0.9,2024-04-24 14:30:09,2025-10-10 00:37:45
P01936,Vihaan Sharma,,1960-05-03,Female,Indian,Business Owner,"34/800
Divan Street",Lucknow,Uttar Pradesh,425972,Inactive,SRC013,0.85,2024-01-09 10:02:20,2026-04-08 13:40:49
P01937,Yash Yadav,,1972-10-16,Female,Indian,Technician,"87/81, Dhaliwal",Vadodara,Gujarat,474984,Active,SRC026,0.89,2025-03-10 18:59:29,2025-01-11 03:48:00
P01938,Arjun Yadav,,1972-09-12,Male,Indian,Security Guard,"17, Krishnan Circle",Gurugram,Haryana,214617,Under Review,SRC024,0.9,2024-06-27 05:11:17,2024-11-22 21:04:54
P01939,Aditya Singh,,1960-02-02,Female,Indian,Consultant,"H.No. 29
Sampath Street",Jaipur,Rajasthan,698897,Active,SRC005,0.94,2025-07-27 18:12:50,2025-06-11 03:08:12
P01940,Rahul Mehta,,1981-03-07,Female,Indian,Accountant,"H.No. 44
Varghese Path",Bengaluru,Karnataka,741340,Active,SRC002,0.84,2024-04-22 10:14:45,2025-08-16 21:30:57
P01941,Rohan Gupta,,2008-06-03,Female,Indian,Sales Executive,"05, Saran",Kota,Rajasthan,751934,Inactive,SRC018,0.9,2025-01-01 16:49:45,2024-08-30 11:13:07
P01942,Nandini Gupta,,1988-05-31,Male,Indian,Business Owner,"484, Srinivas Road",Indore,Madhya Pradesh,656115,Inactive,SRC024,0.88,2025-02-02 12:44:03,2026-02-20 15:04:07
P01943,Aditya Jain,,1964-08-11,Male,Indian,Trader,"30/706, Krishnan Path",Delhi,Delhi,531602,Active,SRC003,0.92,2025-11-18 11:25:33,2025-03-13 08:58:24
P01944,Kavya Joshi,,2004-10-13,Female,Indian,Trader,"037, Swamy Street",Bengaluru,Karnataka,862447,Inactive,SRC019,0.9,2026-04-28 15:43:41,2024-12-08 15:15:53
P01945,Meera Joshi,,1967-04-06,Female,Indian,Manager,"H.No. 213, Atwal Circle",Surat,Gujarat,828780,Active,SRC008,0.95,2026-05-31 16:53:54,2025-02-08 23:01:07
P01946,Amit Rathore,,1973-12-08,Female,Indian,Trader,"H.No. 98
Varghese Path",Nagpur,Maharashtra,635654,Under Review,SRC013,0.79,2024-03-18 17:56:18,2026-06-23 23:30:55
P01947,Siddharth Agarwal,S. Agarwal,1966-02-05,Male,Indian,Security Guard,"H.No. 21, Virk Street",Nagpur,Maharashtra,690594,Active,SRC028,0.94,2025-01-14 13:55:30,2026-06-16 10:32:28
P01948,Meera Jain,,1988-07-24,Male,Indian,Security Guard,"882
Mangat Circle",Delhi,Delhi,052031,Under Review,SRC012,0.87,2025-10-13 18:18:36,2026-03-28 01:29:36
P01949,Ankit Mishra,,1966-03-20,Male,Indian,Accountant,"H.No. 232
Johal Nagar",Hyderabad,Telangana,686427,Active,SRC020,0.88,2026-06-23 08:55:24,2025-12-29 17:59:45
P01950,Nandini Mehta,,1985-06-21,Male,Indian,Student,"85, Sinha Street",Surat,Gujarat,876032,Inactive,SRC027,0.87,2024-01-07 02:56:04,2026-08-25 02:31:07
P01951,Amit Rathore,,1982-04-23,Female,Indian,Driver,"H.No. 71, Ray Nagar",Indore,Madhya Pradesh,833455,Inactive,SRC008,0.88,2025-04-12 08:52:05,2024-11-28 21:15:33
P01952,Mohit Chauhan,,1979-05-12,Female,Indian,Accountant,"27/700, Narayanan Road",Hyderabad,Telangana,585973,Inactive,SRC008,0.91,2024-02-29 06:02:05,2024-05-02 10:18:53
P01953,Kabir Joshi,,1981-03-31,Female,Indian,Driver,"857, Muni Nagar",Dewas,Madhya Pradesh,402555,Active,SRC003,0.8,2024-10-09 12:20:28,2025-02-03 11:02:13
P01954,Isha Sharma,,1988-06-15,Female,Indian,Driver,"77/04, Chawla Zila",Jabalpur,Madhya Pradesh,788159,Under Review,SRC021,0.81,2025-02-13 22:47:59,2026-02-02 03:57:27
P01955,Vihaan Sharma,V. Sharma,1972-03-25,Male,Indian,Consultant,"865
Anne Marg",Gurugram,Haryana,484673,Inactive,SRC022,0.92,2024-07-20 15:12:49,2025-11-23 11:02:46
P01956,Sneha Saxena,S. Saxena,1989-06-22,Male,Indian,Consultant,"24/895, Warrior Path",Hyderabad,Telangana,700623,Inactive,SRC004,0.79,2025-10-21 02:24:58,2024-09-11 16:51:43
P01957,Siddharth Mehta,,1973-08-15,Male,Indian,Sales Executive,"640
Sachar Chowk",Bhopal,Madhya Pradesh,895301,Inactive,SRC027,0.99,2024-05-05 07:07:09,2025-11-30 00:19:44
P01958,Arjun Malhotra,,1969-03-01,Male,Indian,Manager,"80/13, Tara Circle",Hyderabad,Telangana,628335,Inactive,SRC005,0.79,2025-02-16 20:12:55,2025-08-30 16:35:33
P01959,Yash Malhotra,,1974-01-05,Male,Indian,Trader,"H.No. 801, Kamdar Path",Dewas,Madhya Pradesh,743567,Under Review,SRC008,0.92,2024-01-21 14:29:53,2025-09-10 17:15:19
P01960,Vihaan Chauhan,,1980-08-11,Female,Indian,Trader,"71/56, Sankar Path",Surat,Gujarat,794575,Inactive,SRC017,0.84,2025-07-07 00:00:54,2025-08-18 02:12:34
P01961,Neha Chauhan,,1976-08-01,Male,Indian,Consultant,"H.No. 553
Desai Marg",Kota,Rajasthan,714854,Under Review,SRC011,0.82,2026-05-23 08:04:07,2025-06-28 01:17:19
P01962,Deepak Singh,D. Singh,1989-07-04,Male,Indian,Manager,"52/520, Wagle Chowk",Jabalpur,Madhya Pradesh,165119,Active,SRC005,0.8,2025-09-04 03:57:55,2024-06-28 23:30:49
P01963,Deepak Singh,,1972-12-08,Female,Indian,Technician,"44
Dixit Path",Jabalpur,Madhya Pradesh,302769,Under Review,SRC011,0.9,2026-05-07 21:38:35,2025-03-26 17:19:58
P01964,Ananya Rathore,,1958-12-25,Female,Indian,Accountant,"H.No. 03, Khurana Path",Kota,Rajasthan,124402,Inactive,SRC021,0.79,2025-07-21 00:22:02,2026-08-29 16:54:10
P01965,Kabir Chauhan,,1979-12-07,Male,Indian,Business Owner,"09/412
Barad Zila",Mumbai,Maharashtra,257959,Inactive,SRC013,0.82,2025-07-06 20:12:41,2025-11-19 07:15:09
P01966,Mohit Yadav,,1972-01-25,Female,Indian,Trader,"41/23
Nair Street",Jaipur,Rajasthan,601891,Active,SRC027,0.85,2026-07-18 00:45:57,2026-01-30 14:55:24
P01967,Ananya Mishra,,1968-01-27,Male,Indian,Business Owner,"34/857
Jaggi Zila",Surat,Gujarat,996276,Active,SRC009,0.87,2025-06-16 02:23:05,2024-03-25 19:55:34
P01968,Mohit Joshi,M. Joshi,1982-11-04,Male,Indian,Accountant,"112
Gandhi Nagar",Jabalpur,Madhya Pradesh,381301,Under Review,SRC020,0.88,2024-10-09 04:03:36,2026-04-16 02:19:05
P01969,Karan Gupta,,1986-04-03,Male,Indian,Technician,"89/08, Wable Circle",Dewas,Madhya Pradesh,966452,Under Review,SRC011,0.95,2024-07-02 04:09:06,2026-03-13 05:45:40
P01970,Nikhil Joshi,N. Joshi,1963-03-01,Male,Indian,Accountant,"21/33, Ramanathan Path",Indore,Madhya Pradesh,172366,Active,SRC011,0.92,2025-04-20 20:26:17,2026-08-22 22:12:23
P01971,Riya Bansal,,2007-05-02,Male,Indian,Student,"10, Chanda Ganj",Nagpur,Maharashtra,874050,Under Review,SRC026,0.79,2024-04-18 23:45:46,2025-12-03 16:16:35
P01972,Isha Shah,,1997-07-15,Female,Indian,Business Owner,"449, Sani Path",Kanpur,Uttar Pradesh,714876,Inactive,SRC011,0.78,2024-12-01 15:05:39,2026-03-15 01:32:24
P01973,Siddharth Mehta,,1982-12-18,Female,Indian,Trader,"25/723
Purohit Zila",Gurugram,Haryana,160378,Under Review,SRC019,0.83,2025-12-09 10:20:29,2024-03-31 07:34:46
P01974,Sanjay Shah,,2007-04-07,Female,Indian,Business Owner,"H.No. 70, Raghavan Ganj",Pune,Maharashtra,066700,Active,SRC022,0.97,2024-12-02 01:04:47,2025-08-14 03:10:06
P01975,Karan Chauhan,K. Chauhan,1978-03-15,Male,Indian,Business Owner,"93
Kota Street",Nagpur,Maharashtra,700715,Active,SRC027,0.87,2025-05-23 19:06:35,2024-01-09 15:53:30
P01976,Ankit Sharma,A. Sharma,1959-01-07,Male,Indian,Consultant,"H.No. 408
Hora Marg",Kota,Rajasthan,234306,Under Review,SRC027,0.97,2024-11-24 12:41:29,2025-06-04 02:02:06
P01977,Amit Sharma,,1982-09-15,Female,Indian,Manager,"88/839
Kohli Street",Lucknow,Uttar Pradesh,590972,Under Review,SRC002,0.88,2024-05-18 07:16:05,2026-04-07 22:38:14
P01978,Siddharth Gupta,,1974-03-31,Female,Indian,Driver,"58/545, Chowdhury Path",Kanpur,Uttar Pradesh,919603,Active,SRC030,0.99,2026-06-13 12:22:43,2025-05-20 08:34:02
P01979,Raj Joshi,,1966-02-02,Male,Indian,Business Owner,"78, Jhaveri Circle",Dewas,Madhya Pradesh,369323,Under Review,SRC014,0.8,2025-06-01 12:40:25,2024-02-01 15:54:37
P01980,Neha Jain,N. Jain,1993-02-08,Male,Indian,Consultant,"H.No. 75
Mukhopadhyay Circle",Gurugram,Haryana,648674,Active,SRC022,0.84,2024-04-05 14:40:56,2024-08-12 15:42:11
P01981,Karan Mishra,,1996-10-09,Male,Indian,Sales Executive,"H.No. 631, Natarajan Chowk",Dewas,Madhya Pradesh,297760,Inactive,SRC004,0.94,2024-04-28 12:56:01,2024-12-14 16:11:42
P01982,Manish Agarwal,,1973-01-24,Male,Indian,Driver,"H.No. 441, Sarna Path",Kanpur,Uttar Pradesh,814361,Active,SRC028,0.81,2024-03-11 17:29:44,2025-06-08 11:04:36
P01983,Nandini Sharma,N. Sharma,1963-09-13,Female,Indian,Sales Executive,"03
Borra Marg",Pune,Maharashtra,892605,Active,SRC025,0.87,2024-11-28 11:15:51,2025-11-21 03:02:33
P01984,Arjun Bansal,,1971-06-03,Male,Indian,Trader,"H.No. 26
Koshy Circle",Kanpur,Uttar Pradesh,843771,Under Review,SRC020,0.84,2026-08-19 22:41:21,2026-02-24 04:00:28
P01985,Aditya Saxena,,1967-10-15,Female,Indian,Accountant,"54/595
Samra Marg",Ujjain,Madhya Pradesh,030119,Under Review,SRC009,0.93,2026-07-18 11:43:23,2025-09-18 03:41:07
P01986,Nandini Deshmukh,,1964-09-09,Male,Indian,Sales Executive,"386
Sinha",Ujjain,Madhya Pradesh,217368,Inactive,SRC006,0.89,2024-08-13 11:55:14,2024-12-23 17:22:28
P01987,Ananya Tiwari,,1997-10-05,Female,Indian,Business Owner,"57/09, Kuruvilla Ganj",Mumbai,Maharashtra,991650,Inactive,SRC028,0.86,2025-06-12 22:02:56,2024-03-08 18:04:27
P01988,Pooja Mishra,,1978-09-04,Female,Indian,Accountant,"H.No. 348
Magar Road",Gwalior,Madhya Pradesh,770062,Active,SRC007,0.91,2026-02-27 14:07:00,2026-06-21 21:32:52
P01989,Mohit Shah,,1974-07-15,Male,Indian,Trader,"14/295
Mane Road",Ujjain,Madhya Pradesh,695421,Under Review,SRC025,0.88,2026-08-12 11:38:55,2026-01-01 06:44:06
P01990,Sanjay Saxena,,1981-12-11,Male,Indian,Trader,"27
Ganguly Path",Mumbai,Maharashtra,016173,Active,SRC001,0.9,2024-09-20 14:06:22,2025-03-24 12:16:27
P01991,Aarav Saxena,,1991-06-12,Male,Indian,Technician,"59/235
Rout Zila",Surat,Gujarat,832648,Inactive,SRC003,0.81,2025-08-12 16:13:57,2025-11-30 00:49:18
P01992,Arjun Deshmukh,,1992-09-12,Male,Indian,Manager,"H.No. 170, Chauhan Chowk",Lucknow,Uttar Pradesh,945761,Active,SRC016,0.88,2025-12-18 17:59:54,2024-08-20 22:38:50
P01993,Raj Joshi,,2001-05-07,Male,Indian,Technician,"41/42
Munshi Ganj",Gwalior,Madhya Pradesh,283372,Active,SRC010,0.89,2025-10-18 06:59:33,2026-02-26 19:35:49
P01994,Amit Agarwal,,1994-01-11,Male,Indian,Consultant,"79/813
Devi Nagar",Bhopal,Madhya Pradesh,564771,Under Review,SRC005,0.93,2026-03-16 14:01:30,2024-11-28 10:14:32
P01995,Sneha Chauhan,,1986-04-01,Female,Indian,Driver,"70/89, Bora Road",Jabalpur,Madhya Pradesh,791161,Under Review,SRC012,0.8,2024-03-15 00:18:24,2026-06-26 19:59:34
P01996,Manish Agarwal,M. Agarwal,1970-10-26,Female,Indian,Technician,"11/983
Shankar Nagar",Kota,Rajasthan,424738,Active,SRC023,0.8,2026-06-11 11:32:02,2026-04-14 19:31:04
P01997,Rohan Bansal,,1996-09-14,Male,Indian,Technician,"774, Tandon Circle",Bengaluru,Karnataka,007881,Active,SRC004,0.98,2025-09-07 10:40:38,2024-11-27 10:33:14
P01998,Pooja Joshi,,1966-06-21,Male,Indian,Manager,"180, Gade Circle",Surat,Gujarat,679909,Active,SRC019,0.95,2025-02-02 01:17:34,2025-01-29 21:47:20
P01999,Vikram Verma,,1994-10-19,Male,Indian,Security Guard,"65/38, Patel Ganj",Nagpur,Maharashtra,164682,Under Review,SRC028,0.93,2026-08-06 18:20:04,2026-01-17 18:51:06
P02000,Manish Tiwari,M. Tiwari,1957-09-23,Female,Indian,Business Owner,"709, Sekhon Nagar",Ahmedabad,Gujarat,378088,Inactive,SRC030,0.96,2026-01-01 12:21:59,2025-02-09 15:47:50
P02001,Aditya Joshi,,1994-01-23,Male,Indian,Driver,"32/07
Varma Nagar",Nagpur,Maharashtra,484926,Active,SRC019,0.78,2025-04-23 10:21:46,2024-10-23 05:56:48
P02002,Meera Rathore,,1980-02-15,Female,Indian,Student,"29/650
Mangat Chowk",Bhopal,Madhya Pradesh,565726,Under Review,SRC004,0.84,2025-04-03 04:14:54,2024-12-16 17:14:34
P02003,Siddharth Tiwari,S. Tiwari,1971-10-03,Male,Indian,Sales Executive,"17/94, Sood Chowk",Pune,Maharashtra,003452,Under Review,SRC030,0.9,2026-01-04 09:59:50,2024-02-29 08:42:30
P02004,Riya Patel,,1979-12-25,Male,Indian,Sales Executive,"93, Kalita Nagar",Indore,Madhya Pradesh,645257,Under Review,SRC027,0.96,2024-08-04 16:02:11,2024-01-10 20:04:03
P02005,Varun Jain,V. Jain,2004-02-09,Female,Indian,Manager,"40, Karan Marg",Kota,Rajasthan,168522,Under Review,SRC025,0.96,2024-09-21 10:12:30,2025-01-23 22:04:34
P02006,Mohit Tiwari,M. Tiwari,1982-01-30,Male,Indian,Manager,"583, Bakshi Chowk",Pune,Maharashtra,536693,Under Review,SRC013,0.82,2024-07-07 21:08:58,2025-04-24 06:25:23
P02007,Varun Agarwal,V. Agarwal,1969-06-05,Female,Indian,Manager,"285
Dutta Marg",Vadodara,Gujarat,723722,Inactive,SRC009,0.83,2024-11-23 22:03:29,2025-07-18 01:51:23
P02008,Riya Patel,,1962-11-15,Female,Indian,Business Owner,"700, Muni Circle",Kota,Rajasthan,340370,Active,SRC013,0.9,2024-09-16 21:16:05,2024-07-04 22:16:21
P02009,Isha Malhotra,,2002-11-25,Male,Indian,Accountant,"18/838, Peri Road",Jabalpur,Madhya Pradesh,125780,Active,SRC023,0.79,2024-09-19 02:36:47,2024-08-01 04:54:08
P02010,Vikram Verma,,1962-10-27,Male,Indian,Accountant,"17/696
Babu Circle",Ujjain,Madhya Pradesh,455442,Inactive,SRC004,0.9,2024-04-03 06:30:04,2025-04-21 06:02:50
P02011,Neha Gupta,,1993-03-15,Male,Indian,Student,"92, Mann Marg",Gwalior,Madhya Pradesh,532739,Active,SRC011,0.82,2025-02-21 02:27:12,2025-05-30 00:40:04
P02012,Rohan Singh,,1989-02-14,Female,Indian,Student,"28/839
Kant Nagar",Gwalior,Madhya Pradesh,997833,Inactive,SRC022,0.89,2024-03-19 03:13:39,2024-12-28 05:49:11
P02013,Karan Yadav,,1969-10-22,Male,Indian,Accountant,"85/96, Patil Path",Mumbai,Maharashtra,025066,Inactive,SRC012,0.82,2025-02-26 16:08:41,2026-06-05 21:34:10
P02014,Priya Jain,,1990-10-15,Female,Indian,Student,"06/734
Sahni Chowk",Gurugram,Haryana,149986,Active,SRC009,0.78,2024-08-27 22:54:34,2025-06-28 09:46:06
P02015,Deepak Khan,,1975-12-12,Male,Indian,Trader,"03/852, Din Road",Bhopal,Madhya Pradesh,622155,Under Review,SRC010,0.82,2025-07-04 16:45:13,2025-01-24 15:05:53
P02016,Arjun Agarwal,,2003-12-15,Male,Indian,Student,"H.No. 39
Kari Marg",Jabalpur,Madhya Pradesh,959403,Active,SRC016,0.94,2025-06-25 07:27:07,2024-12-04 11:22:28
P02017,Varun Mehta,,1997-11-07,Female,Indian,Accountant,"56
Issac Path",Hyderabad,Telangana,708730,Inactive,SRC007,0.92,2024-02-22 03:05:31,2025-12-19 09:30:05
P02018,Karan Rathore,,1962-04-24,Female,Indian,Accountant,"73/663, Panchal Street",Jaipur,Rajasthan,732234,Inactive,SRC029,0.81,2026-06-12 08:02:09,2025-03-15 19:30:50
P02019,Pooja Jain,,1986-06-13,Male,Indian,Driver,"60, Dasgupta Zila",Gurugram,Haryana,904886,Inactive,SRC024,0.86,2025-01-20 15:06:26,2026-08-01 23:47:33
P02020,Karan Patel,,1958-11-02,Female,Indian,Student,"264
Sem Road",Nagpur,Maharashtra,785954,Active,SRC003,0.9,2024-03-29 21:34:19,2026-08-22 22:38:16
P02021,Meera Patel,,1998-03-19,Female,Indian,Accountant,"37/16, Pau Road",Pune,Maharashtra,045734,Under Review,SRC030,0.9,2025-02-11 04:02:20,2026-07-24 09:49:14
P02022,Yash Shah,,2000-04-10,Female,Indian,Security Guard,"33
Sastry Circle",Lucknow,Uttar Pradesh,528905,Active,SRC005,0.98,2025-01-13 11:43:10,2024-12-01 11:04:52
P02023,Sanjay Tiwari,,2008-01-10,Male,Indian,Trader,"84, Savant Chowk",Kota,Rajasthan,988837,Active,SRC006,0.8,2024-09-23 01:20:44,2026-03-04 06:36:37
P02024,Manish Mishra,,1975-10-06,Female,Indian,Manager,"59/38
Rana Nagar",Nagpur,Maharashtra,502308,Active,SRC021,0.86,2026-04-17 08:07:06,2025-09-19 12:16:28
P02025,Sneha Deshmukh,,1999-12-07,Male,Indian,Student,"H.No. 69
Lanka Street",Hyderabad,Telangana,435486,Inactive,SRC020,0.82,2025-08-01 19:16:43,2024-06-21 00:43:46
P02026,Vikram Joshi,,1963-05-22,Female,Indian,Trader,"56/038, Bhatt Chowk",Bhopal,Madhya Pradesh,880354,Active,SRC018,0.85,2025-02-12 06:40:30,2024-10-09 21:17:58
P02027,Vikram Mishra,V. Mishra,1979-06-16,Male,Indian,Driver,"03/76
Sastry Road",Kanpur,Uttar Pradesh,769116,Under Review,SRC029,0.81,2024-03-19 21:00:05,2024-06-21 15:05:44
P02028,Amit Verma,,1999-02-09,Male,Indian,Driver,"965, Rege Path",Mumbai,Maharashtra,900415,Under Review,SRC018,0.87,2025-05-22 01:30:58,2024-08-03 15:03:27
P02029,Rohan Jain,,1968-09-20,Male,Indian,Business Owner,"66/01, Varma Ganj",Mumbai,Maharashtra,500295,Inactive,SRC001,0.97,2026-02-03 04:45:46,2025-04-13 21:48:13
P02030,Amit Patel,,1997-12-13,Female,Indian,Accountant,"H.No. 012, Pandya Road",Nagpur,Maharashtra,181580,Active,SRC011,0.97,2025-01-09 09:04:36,2026-06-08 15:27:23
P02031,Yash Patel,,1998-11-25,Male,Indian,Business Owner,"99/13
Prakash Marg",Ujjain,Madhya Pradesh,551919,Inactive,SRC023,0.84,2024-08-04 14:25:01,2026-06-22 15:02:49
P02032,Kabir Sharma,,1978-09-02,Male,Indian,Student,"H.No. 867
Subramanian Zila",Gurugram,Haryana,804929,Inactive,SRC004,0.8,2026-04-07 17:18:27,2025-11-19 01:01:26
P02033,Siddharth Jain,,1995-12-25,Female,Indian,Technician,"H.No. 719
Chacko Marg",Hyderabad,Telangana,933213,Inactive,SRC025,0.87,2024-09-28 21:40:55,2024-12-09 11:35:30
P02034,Ananya Khan,,2006-09-19,Male,Indian,Consultant,"40/03, Bora Chowk",Indore,Madhya Pradesh,758856,Active,SRC006,0.95,2024-05-30 07:52:22,2025-03-12 20:15:01
P02035,Vikram Verma,,1985-04-03,Male,Indian,Accountant,"11
Sachdeva Street",Dewas,Madhya Pradesh,030695,Active,SRC010,0.88,2026-07-06 17:25:54,2025-02-21 17:37:34
P02036,Priya Yadav,,1982-09-05,Male,Indian,Driver,"118, Bava Marg",Pune,Maharashtra,811239,Under Review,SRC030,0.93,2026-03-31 23:23:46,2026-06-20 03:48:31
P02037,Nikhil Agarwal,N. Agarwal,1967-08-25,Male,Indian,Sales Executive,"H.No. 59, Tandon Circle",Kota,Rajasthan,062314,Inactive,SRC013,0.78,2026-03-04 23:05:40,2024-11-27 15:22:50
P02038,Nikhil Verma,N. Verma,1979-08-16,Female,Indian,Driver,"H.No. 961, Ravel",Kanpur,Uttar Pradesh,450521,Active,SRC025,0.81,2024-03-04 08:15:58,2026-01-04 03:53:12
P02039,Aditya Singh,A. Singh,2000-08-21,Male,Indian,Sales Executive,"H.No. 816
Chauhan Road",Kota,Rajasthan,446081,Inactive,SRC023,0.89,2025-11-04 02:43:30,2025-05-01 01:47:57
P02040,Raj Bansal,,1962-11-18,Female,Indian,Trader,"34/69, Lall Path",Hyderabad,Telangana,950609,Active,SRC027,0.99,2025-10-23 17:48:02,2026-04-06 16:53:29
P02041,Raj Shah,,1974-08-16,Female,Indian,Sales Executive,"27, Oak Road",Mumbai,Maharashtra,698398,Under Review,SRC027,0.95,2026-06-08 20:37:53,2024-12-04 23:32:18
P02042,Karan Joshi,,1991-01-07,Male,Indian,Accountant,"H.No. 29
Brar Road",Nagpur,Maharashtra,290495,Inactive,SRC010,0.86,2025-03-18 00:50:03,2026-04-16 04:35:06
P02043,Raj Yadav,,1990-11-06,Male,Indian,Sales Executive,"538
Sha Road",Ujjain,Madhya Pradesh,691953,Active,SRC008,0.93,2024-02-13 16:25:00,2025-01-15 04:42:11
P02044,Raj Patel,,2001-05-12,Male,Indian,Business Owner,"28
Dasgupta Marg",Kanpur,Uttar Pradesh,468590,Under Review,SRC006,0.89,2024-05-11 02:41:52,2026-01-31 04:41:20
P02045,Vikram Singh,,1992-09-03,Male,Indian,Accountant,"76/11, Ram Marg",Pune,Maharashtra,866034,Under Review,SRC018,0.8,2025-08-03 15:38:08,2024-05-04 00:47:22
P02046,Varun Tiwari,,1998-11-15,Female,Indian,Security Guard,"96/70
Randhawa Zila",Ujjain,Madhya Pradesh,627740,Active,SRC027,0.82,2024-06-02 20:49:01,2026-05-22 15:08:47
P02047,Amit Rathore,A. Rathore,1999-08-02,Male,Indian,Driver,"312
Divan Path",Mumbai,Maharashtra,235256,Under Review,SRC005,0.91,2026-03-19 16:50:07,2024-01-01 16:03:29
P02048,Aditya Mishra,A. Mishra,1974-01-16,Female,Indian,Trader,"61/72
Pathak Zila",Kanpur,Uttar Pradesh,520535,Active,SRC022,0.84,2024-07-12 20:08:27,2024-03-26 06:57:26
P02049,Riya Joshi,R. Joshi,1994-05-04,Male,Indian,Business Owner,"H.No. 60
Karpe Path",Indore,Madhya Pradesh,232210,Under Review,SRC023,0.79,2025-08-11 05:01:15,2026-05-09 08:17:21
P02050,Kavya Sharma,,2004-08-29,Male,Indian,Driver,"H.No. 31
Borde Road",Ujjain,Madhya Pradesh,087834,Under Review,SRC007,0.88,2025-11-06 21:51:31,2026-02-17 17:58:35
P02051,Kavya Patel,,1967-09-16,Female,Indian,Business Owner,"98
Modi Street",Delhi,Delhi,211682,Under Review,SRC024,0.98,2024-08-09 22:15:52,2024-07-30 03:38:06
P02052,Aarav Singh,,1989-06-05,Male,Indian,Security Guard,"10/09, Dora Marg",Vadodara,Gujarat,265789,Under Review,SRC010,0.94,2026-01-04 10:34:10,2025-02-27 11:14:21
P02053,Karan Khan,,1968-09-27,Male,Indian,Manager,"H.No. 87
Mandal Chowk",Ujjain,Madhya Pradesh,263488,Under Review,SRC019,0.89,2026-07-13 16:34:42,2024-05-19 19:49:28
P02054,Manish Rathore,,1995-11-14,Male,Indian,Sales Executive,"25/442
Nagy Street",Lucknow,Uttar Pradesh,511788,Active,SRC027,0.94,2026-01-06 18:45:58,2025-06-22 14:13:59
P02055,Varun Deshmukh,,1974-07-23,Female,Indian,Business Owner,"H.No. 55, Vyas Ganj",Bhopal,Madhya Pradesh,872047,Under Review,SRC014,0.88,2025-01-20 23:58:28,2025-02-27 09:34:48
P02056,Vihaan Deshmukh,V. Deshmukh,2004-05-04,Female,Indian,Accountant,"28/87, Nagi Road",Bhopal,Madhya Pradesh,120753,Inactive,SRC012,0.91,2024-03-11 07:18:12,2026-03-30 06:28:31
P02057,Aditya Saxena,,1968-08-22,Male,Indian,Student,"59/31
Deshpande Path",Lucknow,Uttar Pradesh,210741,Inactive,SRC019,0.81,2024-09-06 23:42:10,2026-07-17 22:02:28
P02058,Amit Singh,,1968-11-18,Female,Indian,Technician,"H.No. 614, Parekh Road",Nagpur,Maharashtra,996457,Under Review,SRC002,0.86,2024-10-30 11:13:13,2026-06-25 10:06:12
P02059,Sneha Khan,,1968-07-23,Male,Indian,Security Guard,"H.No. 153
Kibe Ganj",Hyderabad,Telangana,972969,Under Review,SRC002,0.91,2025-03-30 18:47:56,2024-03-30 17:52:08
P02060,Vihaan Mishra,,1995-12-03,Female,Indian,Manager,"43/449, Taneja",Mumbai,Maharashtra,858618,Inactive,SRC026,0.99,2025-05-24 08:36:24,2024-03-30 19:51:48
P02061,Pooja Deshmukh,,2005-03-26,Male,Indian,Business Owner,"H.No. 215
Dube",Lucknow,Uttar Pradesh,943763,Inactive,SRC026,0.79,2025-05-16 01:33:28,2025-04-22 18:51:51
P02062,Arjun Chauhan,,1972-05-19,Male,Indian,Security Guard,"312, Grewal Street",Nagpur,Maharashtra,954807,Under Review,SRC024,0.78,2024-01-14 09:47:32,2025-03-14 07:21:03
P02063,Neha Malhotra,,1992-08-23,Female,Indian,Trader,"83/687
Sharaf Road",Dewas,Madhya Pradesh,740703,Active,SRC017,0.82,2025-01-26 19:36:04,2025-02-04 00:42:36
P02064,Ananya Gupta,,2008-07-27,Female,Indian,Consultant,"00
Purohit Chowk",Lucknow,Uttar Pradesh,282128,Active,SRC005,0.92,2024-05-03 15:05:01,2025-07-19 08:10:37
P02065,Rohan Chauhan,,2004-12-29,Male,Indian,Security Guard,"27/84
Deol Chowk",Bengaluru,Karnataka,439330,Under Review,SRC021,0.92,2026-05-31 20:09:32,2025-12-03 10:20:06
P02066,Isha Agarwal,,1976-01-14,Male,Indian,Accountant,"20/66
Bali Marg",Kota,Rajasthan,853123,Inactive,SRC025,0.93,2024-09-02 13:26:59,2026-06-08 11:08:01
P02067,Nikhil Bansal,,1968-02-26,Female,Indian,Consultant,"49/81
Verma Zila",Kota,Rajasthan,651242,Active,SRC015,0.96,2024-04-25 03:44:57,2026-04-29 08:23:06
P02068,Sneha Chauhan,,1995-11-21,Female,Indian,Sales Executive,"17/04
Kar Circle",Ahmedabad,Gujarat,481165,Inactive,SRC025,0.86,2025-07-17 17:46:47,2026-06-19 17:19:39
P02069,Manish Verma,,1995-04-25,Male,Indian,Technician,"42/19
Tata Ganj",Dewas,Madhya Pradesh,136365,Inactive,SRC018,0.92,2025-07-14 15:26:08,2024-06-21 11:31:04
P02070,Manish Gupta,,1978-01-21,Female,Indian,Student,"77/75
Kadakia",Indore,Madhya Pradesh,861341,Inactive,SRC014,0.95,2025-04-17 10:00:34,2026-08-29 11:05:53
P02071,Riya Agarwal,,1961-05-23,Male,Indian,Accountant,"808
Mishra Circle",Lucknow,Uttar Pradesh,672339,Under Review,SRC004,0.86,2025-08-13 13:04:43,2025-10-23 05:28:42
P02072,Raj Bansal,R. Bansal,1982-08-29,Female,Indian,Technician,"H.No. 500
Borde Zila",Lucknow,Uttar Pradesh,391548,Under Review,SRC005,0.88,2026-07-29 21:47:23,2024-10-26 12:09:30
P02073,Sneha Verma,S. Verma,1967-01-09,Male,Indian,Consultant,"47, Dugar",Surat,Gujarat,499010,Active,SRC007,0.97,2026-04-20 16:17:09,2025-05-25 09:51:47
P02074,Rahul Saxena,,1977-10-02,Female,Indian,Manager,"H.No. 79
Muni Nagar",Mumbai,Maharashtra,573806,Inactive,SRC029,0.93,2025-03-17 22:13:48,2026-07-02 06:19:59
P02075,Ankit Jain,,1977-02-04,Male,Indian,Driver,"72, Ramesh Nagar",Jabalpur,Madhya Pradesh,023726,Under Review,SRC020,0.88,2024-10-24 07:15:55,2025-10-18 09:53:02
P02076,Deepak Patel,D. Patel,1960-08-01,Male,Indian,Accountant,"97/24
Singh Path",Kanpur,Uttar Pradesh,557932,Under Review,SRC003,0.91,2026-01-17 11:29:30,2025-04-20 16:37:17
P02077,Rahul Rathore,R. Rathore,1958-01-12,Female,Indian,Accountant,"54/917, Jha Chowk",Mumbai,Maharashtra,609685,Active,SRC029,0.87,2025-01-30 07:56:19,2025-06-20 22:12:35
P02078,Vihaan Mehta,,1985-01-03,Female,Indian,Technician,"H.No. 085
Som",Ujjain,Madhya Pradesh,586794,Inactive,SRC004,0.88,2026-03-17 21:16:59,2026-07-12 06:32:28
P02079,Varun Mishra,,2004-05-17,Male,Indian,Business Owner,"H.No. 47
Ganguly Nagar",Kanpur,Uttar Pradesh,327676,Active,SRC007,0.95,2026-05-11 03:00:21,2026-01-14 13:18:10
P02080,Kavya Sharma,K. Sharma,1975-07-21,Female,Indian,Driver,"H.No. 58
Ram Chowk",Hyderabad,Telangana,949471,Under Review,SRC005,0.96,2024-12-05 10:49:23,2026-03-30 05:26:00
P02081,Varun Sharma,,1998-12-08,Female,Indian,Trader,"H.No. 74, Banik Path",Pune,Maharashtra,405377,Under Review,SRC023,0.88,2024-06-14 01:44:17,2025-09-21 23:20:00
P02082,Isha Agarwal,I. Agarwal,1986-03-09,Female,Indian,Business Owner,"89/653
Kuruvilla",Bengaluru,Karnataka,037548,Under Review,SRC022,0.82,2026-04-23 11:50:22,2024-02-01 15:49:50
P02083,Nikhil Deshmukh,N. Deshmukh,2007-01-11,Male,Indian,Driver,"H.No. 38, Issac Ganj",Vadodara,Gujarat,693291,Inactive,SRC020,0.79,2024-08-28 23:41:54,2025-08-07 14:42:47
P02084,Arjun Bansal,,1973-02-13,Female,Indian,Accountant,"40/737, Bhakta Ganj",Hyderabad,Telangana,150632,Active,SRC013,0.89,2026-02-27 21:45:06,2025-11-18 10:44:43
P02085,Sanjay Sharma,S. Sharma,2000-06-06,Female,Indian,Accountant,"H.No. 026
Varty Path",Hyderabad,Telangana,879633,Active,SRC027,0.93,2026-05-16 19:11:28,2026-06-18 13:30:50
P02086,Rahul Deshmukh,,1981-07-02,Male,Indian,Accountant,"H.No. 66
Kota Nagar",Bengaluru,Karnataka,273997,Inactive,SRC009,0.85,2024-09-14 07:35:02,2024-11-22 14:40:01
P02087,Amit Mehta,,1965-02-23,Male,Indian,Consultant,"94/101, Gola Nagar",Ujjain,Madhya Pradesh,607819,Active,SRC017,0.89,2024-11-15 01:04:20,2025-01-16 03:54:58
P02088,Isha Verma,,2007-06-26,Female,Indian,Accountant,"77/97
Vasa Ganj",Vadodara,Gujarat,306144,Inactive,SRC030,0.86,2024-07-28 03:48:46,2024-11-08 18:04:54
P02089,Amit Verma,,2001-08-23,Male,Indian,Sales Executive,"H.No. 78
Kade",Lucknow,Uttar Pradesh,052602,Inactive,SRC025,0.96,2026-01-09 23:48:39,2024-01-29 05:03:07
P02090,Vihaan Gupta,,1978-04-01,Male,Indian,Technician,"H.No. 67
Srivastava Nagar",Bhopal,Madhya Pradesh,812923,Inactive,SRC013,0.97,2026-05-09 04:53:42,2025-01-23 08:24:34
P02091,Aditya Sharma,A. Sharma,1962-07-04,Female,Indian,Driver,"12/37, Kulkarni Chowk",Jaipur,Rajasthan,998413,Inactive,SRC024,0.82,2026-06-03 16:15:42,2024-08-29 18:02:56
P02092,Kabir Gupta,,1978-08-23,Female,Indian,Business Owner,"H.No. 580
Bhatti Chowk",Nagpur,Maharashtra,651064,Inactive,SRC017,0.9,2024-02-09 17:26:35,2024-02-04 20:17:46
P02093,Amit Shah,,1980-11-17,Female,Indian,Student,"47/84, Hayre Circle",Gwalior,Madhya Pradesh,348573,Under Review,SRC021,0.97,2025-02-25 04:08:06,2026-04-22 16:26:45
P02094,Yash Gupta,,1991-04-30,Female,Indian,Business Owner,"H.No. 49, Srinivas Street",Lucknow,Uttar Pradesh,809031,Active,SRC008,0.84,2026-04-23 11:10:45,2025-06-23 02:54:00
P02095,Raj Sharma,,1999-06-13,Male,Indian,Technician,"64/316, Venkataraman Chowk",Lucknow,Uttar Pradesh,984440,Inactive,SRC008,0.88,2025-06-19 22:53:10,2025-10-03 04:42:42
P02096,Priya Tiwari,P. Tiwari,2003-08-15,Male,Indian,Accountant,"H.No. 320, Prabhu Chowk",Lucknow,Uttar Pradesh,052699,Active,SRC021,0.86,2026-01-30 03:28:03,2024-04-30 20:16:11
P02097,Isha Patel,I. Patel,1976-02-10,Female,Indian,Trader,"02/999, Raj Marg",Bhopal,Madhya Pradesh,309235,Under Review,SRC023,0.78,2026-04-06 17:52:17,2025-01-23 18:18:19
P02098,Sneha Verma,,1971-03-04,Male,Indian,Consultant,"079, Dalal",Lucknow,Uttar Pradesh,402732,Inactive,SRC019,0.82,2024-01-26 01:27:15,2024-05-22 00:40:46
P02099,Aarav Yadav,,2007-05-19,Male,Indian,Student,"185
Bains Nagar",Nagpur,Maharashtra,231820,Under Review,SRC023,0.9,2026-01-07 14:17:57,2025-11-05 03:50:59
P02100,Neha Mishra,,1977-04-12,Female,Indian,Consultant,"H.No. 481, Khanna Nagar",Bengaluru,Karnataka,548473,Under Review,SRC021,0.91,2026-06-09 12:14:15,2024-12-15 05:23:48
P02101,Yash Yadav,,1996-04-01,Female,Indian,Sales Executive,"73/98
Madan Street",Ujjain,Madhya Pradesh,538151,Under Review,SRC026,0.86,2025-06-05 07:37:50,2025-04-17 21:31:39
P02102,Ankit Shah,A. Shah,2001-07-04,Male,Indian,Consultant,"26/42, Pant",Pune,Maharashtra,852557,Active,SRC025,0.89,2025-10-29 01:13:24,2026-01-23 02:34:11
P02103,Manish Shah,,1997-08-16,Male,Indian,Sales Executive,"H.No. 59, Kohli Nagar",Bengaluru,Karnataka,819695,Active,SRC004,0.82,2026-04-02 03:38:49,2024-09-11 17:35:43
P02104,Pooja Jain,,1983-04-06,Female,Indian,Student,"H.No. 504
Manda Circle",Ahmedabad,Gujarat,508924,Under Review,SRC018,0.98,2024-10-07 07:52:15,2025-11-23 15:00:48
P02105,Vihaan Mishra,,1959-10-07,Female,Indian,Sales Executive,"H.No. 769
Pal Path",Bengaluru,Karnataka,935588,Inactive,SRC021,0.8,2024-03-16 16:51:20,2024-03-01 07:53:42
P02106,Pooja Mishra,,1996-04-04,Male,Indian,Accountant,"27/754, Seth Chowk",Indore,Madhya Pradesh,745925,Inactive,SRC018,0.98,2024-10-03 04:58:31,2025-11-19 22:08:08
P02107,Isha Jain,,1964-02-08,Female,Indian,Manager,"493
Singhal Chowk",Lucknow,Uttar Pradesh,070455,Inactive,SRC021,0.83,2025-08-06 15:35:24,2024-10-03 12:50:11
P02108,Varun Singh,,2000-02-09,Female,Indian,Business Owner,"41
Sandhu Marg",Kanpur,Uttar Pradesh,395671,Inactive,SRC014,0.97,2024-05-29 21:05:44,2024-12-20 04:26:51
P02109,Arjun Singh,,1968-12-09,Female,Indian,Business Owner,"767, Bail Road",Hyderabad,Telangana,412272,Under Review,SRC026,0.96,2025-10-23 04:37:03,2025-01-21 13:46:05
P02110,Rohan Chauhan,,1967-09-26,Male,Indian,Student,"H.No. 51, Majumdar Ganj",Hyderabad,Telangana,700545,Under Review,SRC009,0.8,2024-11-23 07:22:44,2024-08-22 03:53:01
P02111,Raj Chauhan,,1972-06-13,Female,Indian,Driver,"55/62
Samra Zila",Hyderabad,Telangana,357668,Active,SRC001,0.9,2024-02-22 12:16:22,2026-03-09 05:19:52
P02112,Kavya Mishra,,1988-12-02,Male,Indian,Accountant,"H.No. 91, Thakkar Nagar",Gwalior,Madhya Pradesh,043171,Under Review,SRC011,0.9,2024-12-26 13:14:32,2024-11-16 17:29:44
P02113,Nandini Patel,,1981-09-20,Female,Indian,Student,"197
Kata",Nagpur,Maharashtra,686093,Under Review,SRC005,0.83,2026-04-26 20:11:25,2025-10-12 04:29:56
P02114,Kavya Agarwal,,1979-02-07,Male,Indian,Business Owner,"01/055
Hegde Circle",Lucknow,Uttar Pradesh,115320,Active,SRC016,0.94,2024-06-06 09:29:56,2024-10-04 08:08:53
P02115,Aarav Sharma,,1959-05-09,Female,Indian,Student,"33/963, Basak Chowk",Lucknow,Uttar Pradesh,038878,Active,SRC002,0.8,2024-06-13 23:33:30,2025-09-29 04:50:04
P02116,Pooja Chauhan,,2006-03-23,Male,Indian,Accountant,"44/78, Sachar Zila",Lucknow,Uttar Pradesh,663420,Under Review,SRC011,0.95,2025-06-12 23:57:34,2024-10-17 21:43:33
P02117,Sneha Sharma,,1993-05-03,Female,Indian,Security Guard,"H.No. 26, Master Marg",Bhopal,Madhya Pradesh,426440,Active,SRC020,0.92,2024-09-07 16:48:37,2025-09-22 17:47:50
P02118,Aditya Agarwal,A. Agarwal,1967-07-28,Female,Indian,Business Owner,"96, Khatri Marg",Bengaluru,Karnataka,958187,Inactive,SRC014,0.94,2025-03-07 15:34:23,2026-04-11 15:49:51
P02119,Riya Bansal,,1971-07-29,Female,Indian,Student,"H.No. 68, Chakrabarti Chowk",Mumbai,Maharashtra,469399,Under Review,SRC005,0.79,2025-11-15 03:40:56,2024-08-30 14:09:10
P02120,Nikhil Jain,,1998-12-31,Female,Indian,Trader,"64
Hayre Street",Nagpur,Maharashtra,026908,Inactive,SRC020,0.84,2026-07-02 09:31:11,2026-02-22 11:07:13
P02121,Kabir Verma,,1971-05-09,Female,Indian,Student,"68
Dara Zila",Delhi,Delhi,292324,Under Review,SRC005,0.91,2025-01-08 08:21:53,2025-04-22 09:33:00
P02122,Nikhil Sharma,,1967-02-21,Female,Indian,Trader,"733, Madan Chowk",Kanpur,Uttar Pradesh,613867,Inactive,SRC030,0.79,2026-06-14 01:54:50,2025-11-18 18:13:24
P02123,Kabir Shah,K. Shah,2008-02-16,Female,Indian,Business Owner,"83
Lanka Nagar",Bengaluru,Karnataka,596576,Inactive,SRC030,0.89,2025-09-26 03:06:31,2025-10-10 02:24:27
P02124,Raj Malhotra,,1998-01-01,Male,Indian,Accountant,"86
Agate Circle",Ujjain,Madhya Pradesh,551267,Inactive,SRC008,0.8,2025-09-26 01:31:48,2024-09-11 02:06:03
P02125,Rohan Joshi,,1970-09-12,Male,Indian,Accountant,"632
Bansal Chowk",Vadodara,Gujarat,614653,Inactive,SRC030,0.98,2026-05-08 23:23:12,2026-02-17 01:06:09
P02126,Arjun Yadav,,1966-09-22,Female,Indian,Business Owner,"H.No. 21, Sankar Circle",Kanpur,Uttar Pradesh,471520,Active,SRC028,0.99,2024-08-30 19:43:55,2024-03-21 14:03:40
P02127,Nandini Khan,N. Khan,1986-12-19,Male,Indian,Business Owner,"05/651
Kapur Ganj",Gwalior,Madhya Pradesh,850814,Inactive,SRC004,0.83,2026-08-20 04:34:50,2026-06-06 19:19:28
P02128,Amit Jain,,2000-02-25,Female,Indian,Sales Executive,"63
Suri Street",Lucknow,Uttar Pradesh,423381,Inactive,SRC016,0.89,2024-01-02 12:31:07,2024-02-09 11:05:36
P02129,Nikhil Chauhan,,2007-09-27,Female,Indian,Driver,"70/052, Bumb Street",Gwalior,Madhya Pradesh,574965,Under Review,SRC018,0.84,2025-08-24 10:40:43,2024-01-21 08:44:52
P02130,Karan Shah,,2000-11-17,Male,Indian,Manager,"H.No. 259
Sanghvi",Bhopal,Madhya Pradesh,143583,Inactive,SRC002,0.81,2024-02-13 12:56:13,2026-07-05 17:42:04
P02131,Ankit Agarwal,A. Agarwal,1957-12-27,Male,Indian,Student,"51
Baria Ganj",Lucknow,Uttar Pradesh,109221,Inactive,SRC010,0.99,2025-01-25 14:44:28,2025-07-25 19:21:46
P02132,Vikram Yadav,,1972-05-01,Male,Indian,Student,"14, Khare Chowk",Mumbai,Maharashtra,043192,Inactive,SRC018,0.8,2025-03-07 11:54:16,2024-08-30 04:33:49
P02133,Rohan Yadav,,1962-02-08,Male,Indian,Sales Executive,"65
Bassi Marg",Gurugram,Haryana,336165,Active,SRC001,0.96,2024-11-26 13:54:08,2024-01-22 13:43:45
P02134,Neha Mehta,,1996-07-29,Male,Indian,Driver,"55
Doctor Path",Gurugram,Haryana,720367,Under Review,SRC007,0.83,2025-12-28 05:02:42,2024-05-20 02:04:00
P02135,Nandini Mishra,,1994-08-06,Female,Indian,Trader,"H.No. 056, Sura Circle",Dewas,Madhya Pradesh,690571,Under Review,SRC022,0.91,2026-01-21 17:47:16,2026-08-03 05:47:47
P02136,Vikram Mishra,,1961-11-30,Male,Indian,Driver,"79, Gole Ganj",Pune,Maharashtra,539330,Under Review,SRC006,0.89,2025-09-04 15:26:34,2024-12-26 13:40:37
P02137,Sanjay Mishra,,1984-09-07,Female,Indian,Business Owner,"H.No. 657
Sathe Nagar",Indore,Madhya Pradesh,321830,Inactive,SRC026,0.93,2024-05-23 21:53:34,2024-06-20 20:50:25
P02138,Raj Mishra,,1992-07-10,Male,Indian,Trader,"85/519
Dhar Nagar",Jaipur,Rajasthan,411548,Inactive,SRC023,0.79,2025-05-05 19:18:54,2026-01-28 00:33:33
P02139,Riya Rathore,,1962-09-11,Male,Indian,Business Owner,"465, Kapur Ganj",Pune,Maharashtra,330575,Inactive,SRC025,0.78,2025-11-12 00:07:36,2024-07-07 06:47:37
P02140,Raj Singh,,1993-05-25,Male,Indian,Sales Executive,"H.No. 984, Ravi Zila",Ujjain,Madhya Pradesh,377021,Active,SRC021,0.85,2026-02-04 01:26:16,2024-01-11 10:25:36
P02141,Priya Khan,,2006-12-20,Female,Indian,Business Owner,"01
Om Street",Ujjain,Madhya Pradesh,833971,Inactive,SRC018,0.99,2025-03-12 22:56:05,2026-03-28 20:56:06
P02142,Nandini Patel,,1985-02-28,Male,Indian,Driver,"17/69
Prasad Chowk",Nagpur,Maharashtra,591739,Under Review,SRC021,0.94,2024-08-20 12:39:20,2026-01-12 20:38:12
P02143,Kabir Mehta,K. Mehta,1961-03-13,Female,Indian,Trader,"55/916, Gulati",Hyderabad,Telangana,179364,Under Review,SRC002,0.9,2025-09-18 04:57:13,2024-01-28 04:13:05
P02144,Raj Malhotra,,1988-05-19,Female,Indian,Security Guard,"40/654
Dixit Path",Pune,Maharashtra,935707,Active,SRC006,0.81,2026-04-09 11:23:27,2026-08-21 17:26:24
P02145,Nandini Verma,,2001-10-14,Male,Indian,Security Guard,"46/20, Yogi Chowk",Surat,Gujarat,622719,Inactive,SRC024,0.91,2025-10-05 18:34:17,2024-06-04 19:00:35
P02146,Ananya Malhotra,,1958-12-31,Male,Indian,Consultant,"61/186, Bahri Circle",Lucknow,Uttar Pradesh,093609,Under Review,SRC011,0.96,2025-09-23 19:41:33,2025-07-27 15:34:29
P02147,Yash Bansal,,2000-09-23,Male,Indian,Consultant,"17/00, Deshpande Ganj",Kanpur,Uttar Pradesh,628058,Inactive,SRC015,0.91,2025-03-25 08:42:22,2026-03-12 01:14:56
P02148,Varun Yadav,,2001-01-28,Female,Indian,Driver,"H.No. 497, Rajan Street",Bhopal,Madhya Pradesh,119569,Inactive,SRC030,0.82,2026-06-03 05:22:24,2024-10-24 15:34:46
P02149,Meera Tiwari,,1959-02-08,Female,Indian,Accountant,"35
Pathak",Jaipur,Rajasthan,919220,Under Review,SRC025,0.98,2024-12-10 12:58:13,2026-03-04 22:10:15
P02150,Kabir Sharma,,2000-09-23,Female,Indian,Driver,"H.No. 63, Sharaf",Bengaluru,Karnataka,892500,Under Review,SRC003,0.93,2025-04-27 14:20:15,2024-04-12 23:35:26
P02151,Priya Yadav,,1981-06-26,Female,Indian,Student,"86/735
Dara Circle",Gurugram,Haryana,177487,Under Review,SRC005,0.96,2026-07-07 09:18:22,2024-10-01 12:50:10
P02152,Siddharth Mishra,,1980-09-04,Male,Indian,Sales Executive,"H.No. 99, Mohanty Path",Lucknow,Uttar Pradesh,835699,Inactive,SRC017,0.9,2025-07-28 07:37:37,2026-01-01 10:18:12
P02153,Mohit Verma,,1966-09-20,Male,Indian,Student,"H.No. 193, Rai Nagar",Kanpur,Uttar Pradesh,691267,Under Review,SRC006,0.92,2024-04-18 21:55:39,2024-03-27 15:25:07
P02154,Kavya Jain,K. Jain,1979-02-07,Female,Indian,Business Owner,"530, Bose Ganj",Vadodara,Gujarat,878305,Under Review,SRC029,0.96,2025-09-16 01:50:06,2025-05-31 01:11:09
P02155,Pooja Chauhan,,1983-12-19,Female,Indian,Trader,"H.No. 33
Narula Path",Jaipur,Rajasthan,620294,Under Review,SRC002,0.79,2026-01-24 14:41:28,2026-07-19 06:57:08
P02156,Arjun Khan,,1970-08-08,Male,Indian,Technician,"H.No. 282, Hegde Marg",Nagpur,Maharashtra,517392,Inactive,SRC009,0.83,2026-02-18 00:37:42,2024-05-13 17:36:47
P02157,Nandini Bansal,,1968-12-10,Female,Indian,Accountant,"78/650
Malhotra Ganj",Jaipur,Rajasthan,505577,Active,SRC012,0.95,2025-12-06 04:50:30,2026-01-29 21:19:16
P02158,Yash Agarwal,,1986-05-12,Male,Indian,Security Guard,"H.No. 31
Mitra Street",Dewas,Madhya Pradesh,453538,Under Review,SRC019,0.96,2026-06-19 00:25:25,2024-03-15 10:13:39
P02159,Kavya Chauhan,,1992-11-09,Male,Indian,Security Guard,"H.No. 09
Sharaf Street",Pune,Maharashtra,094803,Under Review,SRC030,0.8,2025-01-05 06:15:20,2025-11-13 21:07:19
P02160,Ankit Khan,A. Khan,1976-09-13,Female,Indian,Sales Executive,"29
Hegde Road",Nagpur,Maharashtra,916867,Under Review,SRC025,0.85,2026-08-08 02:46:30,2026-02-23 19:24:36
P02161,Nandini Rathore,,1985-01-23,Female,Indian,Student,"H.No. 694
Mahajan Ganj",Dewas,Madhya Pradesh,101042,Active,SRC019,0.82,2026-04-14 22:31:31,2026-01-28 11:23:36
P02162,Siddharth Jain,,1987-11-30,Female,Indian,Driver,"35/49
Contractor Street",Pune,Maharashtra,181889,Active,SRC028,0.99,2025-02-08 10:28:02,2026-05-19 12:31:28
P02163,Varun Patel,,1989-06-01,Female,Indian,Technician,"293, Sen Path",Kanpur,Uttar Pradesh,384811,Active,SRC021,0.88,2024-03-27 17:53:22,2025-11-28 06:58:01
P02164,Karan Chauhan,,1959-08-03,Female,Indian,Trader,"H.No. 75, Bera Marg",Kanpur,Uttar Pradesh,642624,Under Review,SRC010,0.95,2026-03-20 16:49:41,2024-11-21 07:06:41
P02165,Vikram Sharma,,1974-02-28,Male,Indian,Security Guard,"021
Om Ganj",Mumbai,Maharashtra,692239,Under Review,SRC003,0.97,2024-10-03 19:25:43,2025-04-21 22:57:00
P02166,Arjun Rathore,,2001-07-14,Male,Indian,Accountant,"434
Rajagopal Marg",Bengaluru,Karnataka,954700,Under Review,SRC027,0.93,2025-02-09 20:35:59,2026-02-13 14:40:25
P02167,Siddharth Jain,,1970-05-30,Male,Indian,Technician,"H.No. 795, Raman Zila",Nagpur,Maharashtra,521412,Active,SRC013,0.84,2024-01-01 10:37:36,2024-06-14 20:30:41
P02168,Sanjay Agarwal,S. Agarwal,1972-07-06,Female,Indian,Accountant,"56, Rajagopal Zila",Delhi,Delhi,956418,Active,SRC007,0.93,2025-12-13 04:04:50,2026-06-01 20:24:17
P02169,Nikhil Deshmukh,,1971-06-07,Female,Indian,Security Guard,"366, Arora Path",Mumbai,Maharashtra,859156,Active,SRC008,0.95,2025-11-08 19:59:36,2026-05-05 12:40:39
P02170,Deepak Joshi,D. Joshi,1985-10-26,Female,Indian,Sales Executive,"91/578
Bhargava Street",Bhopal,Madhya Pradesh,249221,Under Review,SRC028,0.92,2026-03-03 10:48:04,2026-04-19 11:48:06
P02171,Arjun Agarwal,A. Agarwal,1990-06-21,Female,Indian,Sales Executive,"42/999, Thakur Road",Ujjain,Madhya Pradesh,414013,Inactive,SRC013,0.91,2026-03-04 13:07:50,2026-07-24 12:25:23
P02172,Arjun Shah,,1993-01-12,Male,Indian,Manager,"93/91
Ganguly Road",Lucknow,Uttar Pradesh,520120,Under Review,SRC027,0.81,2024-04-15 03:42:43,2024-10-20 19:37:17
P02173,Mohit Sharma,,1959-11-11,Male,Indian,Security Guard,"84/46, Thakur",Nagpur,Maharashtra,659481,Under Review,SRC018,0.96,2025-11-03 08:58:20,2024-05-22 21:50:14
P02174,Nikhil Chauhan,,1967-03-10,Female,Indian,Security Guard,"675, Chaudry",Dewas,Madhya Pradesh,449153,Inactive,SRC014,0.79,2026-02-13 09:46:51,2025-11-30 21:37:55
P02175,Sanjay Shah,,1986-03-20,Female,Indian,Security Guard,"H.No. 130, Murty Circle",Lucknow,Uttar Pradesh,315682,Inactive,SRC009,0.84,2026-05-13 06:09:34,2024-08-17 10:55:42
P02176,Kabir Singh,,1967-01-02,Female,Indian,Consultant,"02/246
Ramaswamy Street",Gurugram,Haryana,132025,Under Review,SRC021,0.85,2024-08-28 05:32:21,2026-03-23 11:41:19
P02177,Siddharth Mishra,,1996-04-22,Female,Indian,Manager,"386
Baral Chowk",Vadodara,Gujarat,760429,Inactive,SRC006,0.89,2026-06-12 21:50:08,2024-07-11 13:25:53
P02178,Manish Deshmukh,,2008-04-21,Female,Indian,Technician,"66/740
Tata Circle",Gwalior,Madhya Pradesh,210752,Active,SRC005,0.98,2026-02-11 01:37:06,2026-03-31 01:56:49
P02179,Aarav Verma,A. Verma,1960-04-23,Female,Indian,Technician,"051, Tailor Nagar",Bhopal,Madhya Pradesh,472542,Under Review,SRC008,0.9,2025-02-24 14:08:56,2024-10-08 12:39:37
P02180,Meera Jain,,1960-12-20,Male,Indian,Driver,"27/63, Nagar",Ujjain,Madhya Pradesh,381828,Inactive,SRC028,0.85,2025-07-14 23:47:11,2026-06-02 07:46:41
P02181,Rahul Sharma,,1990-09-21,Male,Indian,Security Guard,"86, Bail Circle",Surat,Gujarat,042357,Active,SRC021,0.91,2026-01-22 09:28:13,2024-08-12 17:57:39
P02182,Raj Khan,,1984-03-30,Female,Indian,Security Guard,"31/16
Grover",Gwalior,Madhya Pradesh,353470,Under Review,SRC020,0.86,2024-12-02 20:01:02,2026-03-04 02:07:00
P02183,Siddharth Deshmukh,S. Deshmukh,2007-10-28,Male,Indian,Student,"75, Mishra Nagar",Gurugram,Haryana,999635,Inactive,SRC029,0.91,2025-03-19 18:06:51,2025-05-05 22:41:24
P02184,Deepak Agarwal,D. Agarwal,1993-08-04,Male,Indian,Sales Executive,"138
Nanda Nagar",Kota,Rajasthan,194845,Inactive,SRC028,0.89,2024-09-27 09:36:49,2024-06-15 16:32:44
P02185,Isha Khan,,2003-08-01,Male,Indian,Security Guard,"H.No. 13
Banerjee Ganj",Vadodara,Gujarat,915419,Active,SRC026,0.95,2025-02-06 07:21:49,2025-10-03 15:24:37
P02186,Ananya Tiwari,,1975-09-29,Male,Indian,Driver,"H.No. 967, Oommen Road",Gwalior,Madhya Pradesh,363659,Active,SRC007,0.91,2024-01-10 13:13:59,2026-04-10 10:58:49
P02187,Meera Sharma,,1995-02-07,Male,Indian,Student,"H.No. 737
Dhaliwal Street",Ahmedabad,Gujarat,426787,Under Review,SRC001,0.97,2026-04-24 22:17:49,2026-07-20 22:16:22
P02188,Varun Jain,,2008-04-25,Male,Indian,Accountant,"23/812, Buch Circle",Kota,Rajasthan,189935,Under Review,SRC018,0.88,2026-07-08 00:45:25,2024-10-25 21:54:29
P02189,Aarav Tiwari,,1980-04-08,Female,Indian,Security Guard,"112
Nadig Chowk",Dewas,Madhya Pradesh,373114,Under Review,SRC003,0.92,2025-08-12 22:54:50,2026-07-17 05:08:23
P02190,Kabir Khan,,1969-11-02,Female,Indian,Consultant,"H.No. 886, Khosla Street",Vadodara,Gujarat,659400,Under Review,SRC012,0.9,2024-08-16 12:50:00,2026-06-21 17:30:00
P02191,Karan Rathore,,1962-07-17,Male,Indian,Technician,"648, Chanda Path",Jabalpur,Madhya Pradesh,021824,Active,SRC020,0.8,2024-03-14 18:08:43,2024-09-03 00:01:05
P02192,Sneha Yadav,,1985-05-31,Male,Indian,Driver,"H.No. 284
Bhatnagar Marg",Jaipur,Rajasthan,878732,Inactive,SRC002,0.9,2026-01-08 23:34:13,2024-09-30 22:43:43
P02193,Kabir Yadav,,1988-08-09,Male,Indian,Driver,"H.No. 320
Guha Road",Gwalior,Madhya Pradesh,743344,Inactive,SRC022,0.83,2024-05-06 04:58:17,2024-02-12 05:11:22
P02194,Deepak Gupta,,1976-02-03,Male,Indian,Business Owner,"H.No. 460, Arora Zila",Hyderabad,Telangana,131355,Inactive,SRC006,0.82,2024-11-20 22:35:19,2025-12-26 01:52:47
P02195,Siddharth Shah,,1986-10-20,Female,Indian,Sales Executive,"H.No. 722, Parikh Ganj",Bengaluru,Karnataka,721761,Active,SRC024,0.87,2025-11-22 13:58:04,2026-02-18 02:49:18
P02196,Sanjay Shah,,1988-04-07,Male,Indian,Security Guard,"87/767
Prabhakar Chowk",Ujjain,Madhya Pradesh,387712,Under Review,SRC005,0.83,2026-02-07 12:12:07,2025-08-13 02:19:18
P02197,Kabir Joshi,,1961-12-15,Male,Indian,Manager,"72/04, Soni Circle",Vadodara,Gujarat,045194,Under Review,SRC007,0.85,2024-11-06 11:16:33,2025-12-20 07:17:23
P02198,Manish Malhotra,M. Malhotra,1978-07-29,Female,Indian,Trader,"73/418, Balasubramanian Circle",Kota,Rajasthan,964031,Active,SRC006,0.95,2024-12-04 10:39:56,2025-04-16 09:06:35
P02199,Manish Jain,,1973-12-09,Female,Indian,Consultant,"39/18
Khare Path",Indore,Madhya Pradesh,205449,Under Review,SRC026,0.98,2024-07-05 01:13:01,2024-08-17 04:17:22
P02200,Mohit Deshmukh,,1966-12-27,Female,Indian,Manager,"95/406, Varty Ganj",Gwalior,Madhya Pradesh,670207,Under Review,SRC015,0.78,2026-07-26 12:26:38,2024-03-13 16:28:28
P02201,Siddharth Khan,S. Khan,1975-10-13,Male,Indian,Technician,"42/05
Pall Path",Delhi,Delhi,354407,Active,SRC022,0.97,2026-01-08 08:32:33,2026-06-12 14:20:41
P02202,Deepak Bansal,,1993-10-15,Male,Indian,Trader,"78
Yogi Circle",Gurugram,Haryana,210072,Under Review,SRC029,0.95,2025-10-22 19:11:29,2024-01-09 21:38:38
P02203,Rohan Shah,,1971-10-23,Male,Indian,Sales Executive,"11
Merchant Street",Kanpur,Uttar Pradesh,175780,Active,SRC001,0.95,2026-05-18 09:46:11,2024-09-28 22:37:09
P02204,Pooja Patel,,2005-09-28,Female,Indian,Business Owner,"48/667, Vig Zila",Jabalpur,Madhya Pradesh,442624,Under Review,SRC007,0.82,2024-10-19 12:03:18,2026-07-10 15:24:34
P02205,Meera Verma,,1983-01-17,Female,Indian,Manager,"86/71
Babu Zila",Nagpur,Maharashtra,877033,Under Review,SRC029,0.88,2024-06-01 18:58:07,2025-03-26 17:40:21
P02206,Varun Bansal,,1960-01-25,Male,Indian,Technician,"43/073
Morar Street",Hyderabad,Telangana,689974,Under Review,SRC017,0.86,2025-08-07 11:59:44,2026-02-27 23:32:52
P02207,Vikram Tiwari,,1960-09-20,Male,Indian,Accountant,"04/381, Sathe Chowk",Jaipur,Rajasthan,469247,Active,SRC009,0.99,2024-01-22 17:28:45,2026-04-11 23:40:04
P02208,Vikram Chauhan,,1963-11-07,Female,Indian,Driver,"H.No. 186, Konda Road",Ujjain,Madhya Pradesh,314565,Inactive,SRC003,0.85,2024-04-04 06:44:49,2026-02-04 21:19:49
P02209,Riya Khan,,1966-02-20,Male,Indian,Business Owner,"17/00
Madan Ganj",Mumbai,Maharashtra,743256,Active,SRC021,0.9,2026-02-23 07:14:14,2025-04-01 07:59:52
P02210,Pooja Shah,,1959-02-11,Male,Indian,Consultant,"625
Dubey Zila",Vadodara,Gujarat,115411,Active,SRC016,0.84,2024-04-20 11:26:52,2026-03-24 09:30:27
P02211,Riya Bansal,R. Bansal,2003-08-15,Male,Indian,Business Owner,"H.No. 607, Kota Zila",Mumbai,Maharashtra,930052,Under Review,SRC014,0.99,2024-06-20 18:28:24,2026-08-09 08:54:13
P02212,Aditya Gupta,,1973-06-11,Male,Indian,Sales Executive,"67/353, Lanka Circle",Hyderabad,Telangana,561161,Inactive,SRC002,0.91,2026-07-26 07:27:50,2024-10-31 05:28:19
P02213,Isha Singh,,1996-08-28,Male,Indian,Trader,"H.No. 26
Walla Zila",Gwalior,Madhya Pradesh,553758,Inactive,SRC015,0.94,2026-08-03 00:04:31,2025-01-25 15:16:10
P02214,Rohan Verma,,1964-02-28,Male,Indian,Driver,"H.No. 814
Mukhopadhyay",Gwalior,Madhya Pradesh,232358,Active,SRC013,0.86,2024-12-26 10:28:15,2024-08-11 18:43:24
P02215,Rohan Khan,R. Khan,1975-05-30,Male,Indian,Trader,"35/288, Nayar Nagar",Bhopal,Madhya Pradesh,750781,Active,SRC024,0.85,2025-07-24 02:09:14,2026-05-08 16:35:56
P02216,Isha Bansal,,1989-10-28,Male,Indian,Manager,"544
Parmar Street",Delhi,Delhi,477774,Under Review,SRC024,0.82,2024-10-04 13:43:25,2026-06-04 04:24:46
P02217,Manish Shah,,1986-07-06,Female,Indian,Accountant,"30/46
Bera Road",Mumbai,Maharashtra,606988,Under Review,SRC001,0.92,2026-06-17 23:34:38,2025-01-14 15:21:27
P02218,Deepak Agarwal,D. Agarwal,1985-07-14,Female,Indian,Sales Executive,"75/537, Kari Chowk",Lucknow,Uttar Pradesh,460912,Active,SRC003,0.84,2024-04-28 00:12:36,2026-05-12 00:46:25
P02219,Kavya Tiwari,,1970-08-19,Male,Indian,Technician,"545
Saran Ganj",Jaipur,Rajasthan,160993,Active,SRC019,0.92,2024-05-17 12:27:55,2025-09-07 03:54:33
P02220,Rohan Singh,,1970-07-26,Male,Indian,Business Owner,"92, Deshpande Marg",Bengaluru,Karnataka,174316,Under Review,SRC007,0.93,2026-01-22 22:58:46,2024-07-30 17:32:59
P02221,Nikhil Saxena,,1976-08-17,Male,Indian,Business Owner,"94/398, Kuruvilla Circle",Jaipur,Rajasthan,278952,Active,SRC023,0.92,2025-10-29 03:58:38,2024-08-24 05:48:45
P02222,Yash Saxena,,1962-04-20,Female,Indian,Business Owner,"49/64
Mohan Path",Jabalpur,Madhya Pradesh,957812,Active,SRC008,0.98,2025-03-12 12:17:57,2024-07-06 20:00:08
P02223,Arjun Singh,,1963-03-29,Female,Indian,Security Guard,"27/183
Dhillon Street",Nagpur,Maharashtra,023936,Inactive,SRC018,0.86,2026-04-19 05:01:47,2026-06-08 13:00:35
P02224,Manish Singh,,1981-12-08,Female,Indian,Driver,"64, Malhotra Nagar",Mumbai,Maharashtra,465511,Under Review,SRC025,0.81,2024-06-07 23:01:45,2025-01-02 13:45:28
P02225,Rohan Rathore,,1983-05-29,Female,Indian,Manager,"H.No. 502, Wali Street",Bhopal,Madhya Pradesh,074595,Active,SRC016,0.83,2024-06-14 03:01:28,2026-07-09 18:15:18
P02226,Mohit Malhotra,M. Malhotra,1984-06-28,Male,Indian,Trader,"67, Mahajan Chowk",Bhopal,Madhya Pradesh,393543,Under Review,SRC024,0.98,2026-06-05 01:35:03,2024-08-11 01:08:12
P02227,Amit Mishra,A. Mishra,1990-03-31,Male,Indian,Sales Executive,"278
Sahota Ganj",Hyderabad,Telangana,151002,Active,SRC028,0.84,2025-01-04 02:42:28,2025-04-21 11:52:25
P02228,Neha Patel,,1996-04-03,Male,Indian,Business Owner,"H.No. 34, Rajan Circle",Surat,Gujarat,537155,Active,SRC023,0.93,2025-04-08 12:57:18,2024-04-18 09:22:57
P02229,Manish Verma,M. Verma,1959-01-05,Male,Indian,Manager,"H.No. 898, Bhatti Ganj",Pune,Maharashtra,309507,Inactive,SRC030,0.97,2025-08-28 21:12:55,2026-03-29 13:57:30
P02230,Mohit Shah,,1981-06-28,Female,Indian,Manager,"H.No. 297, Maharaj Ganj",Delhi,Delhi,485027,Active,SRC012,0.87,2025-10-13 18:08:31,2026-08-28 17:54:22
P02231,Priya Saxena,,1988-08-08,Male,Indian,Accountant,"26/80, Bhargava Nagar",Vadodara,Gujarat,220871,Inactive,SRC016,0.96,2026-04-27 21:11:24,2026-07-07 06:51:18
P02232,Rohan Malhotra,,1963-11-08,Male,Indian,Business Owner,"H.No. 23
Naik",Delhi,Delhi,023315,Under Review,SRC002,0.94,2026-02-27 19:15:27,2026-06-01 10:41:56
P02233,Kavya Bansal,K. Bansal,2003-04-01,Male,Indian,Student,"H.No. 17
Sehgal Path",Gwalior,Madhya Pradesh,323088,Under Review,SRC008,0.8,2025-06-07 21:23:33,2026-02-11 22:01:42
P02234,Ankit Malhotra,,2001-09-20,Female,Indian,Security Guard,"H.No. 750
Mammen Street",Ujjain,Madhya Pradesh,300788,Active,SRC018,0.78,2025-02-15 18:29:39,2025-09-24 02:03:53
P02235,Arjun Saxena,A. Saxena,1983-12-20,Male,Indian,Driver,"H.No. 58
Ahluwalia Path",Delhi,Delhi,914504,Inactive,SRC023,0.79,2025-08-24 21:51:03,2026-06-03 04:42:17
P02236,Aditya Gupta,A. Gupta,1966-08-24,Female,Indian,Driver,"69, Ramaswamy Road",Lucknow,Uttar Pradesh,728651,Active,SRC002,0.88,2025-06-09 14:12:24,2024-05-01 11:15:47
P02237,Vikram Joshi,,1996-10-17,Female,Indian,Technician,"H.No. 438, Naik Road",Ujjain,Madhya Pradesh,462176,Under Review,SRC009,0.88,2024-09-10 17:58:32,2024-07-07 03:46:56
P02238,Rahul Chauhan,R. Chauhan,1972-10-04,Male,Indian,Business Owner,"41/66, Kunda Chowk",Dewas,Madhya Pradesh,788698,Active,SRC019,0.87,2025-12-16 21:50:14,2026-04-21 12:53:18
P02239,Nikhil Tiwari,,1993-03-10,Female,Indian,Student,"57/49
Chadha Zila",Lucknow,Uttar Pradesh,667264,Under Review,SRC014,0.91,2026-07-12 23:28:04,2025-05-05 09:29:41
P02240,Mohit Sharma,M. Sharma,1989-07-15,Male,Indian,Technician,"95/37
Ben Chowk",Mumbai,Maharashtra,249316,Active,SRC022,0.95,2025-12-21 12:58:37,2024-12-12 18:02:53
P02241,Pooja Gupta,,1991-11-03,Female,Indian,Consultant,"H.No. 37, Atwal Circle",Bengaluru,Karnataka,704079,Inactive,SRC029,0.86,2024-07-14 11:33:28,2024-12-01 06:10:42
P02242,Sneha Singh,,1998-07-24,Male,Indian,Security Guard,"H.No. 69
Sankaran Street",Ujjain,Madhya Pradesh,032735,Active,SRC027,0.81,2026-01-25 08:29:42,2024-04-24 15:05:41
P02243,Riya Rathore,R. Rathore,1976-03-30,Female,Indian,Student,"123
Bala Nagar",Indore,Madhya Pradesh,789591,Inactive,SRC014,0.8,2024-12-23 11:45:45,2024-05-18 00:44:59
P02244,Sanjay Shah,,1973-03-22,Male,Indian,Business Owner,"60
Zacharia Nagar",Indore,Madhya Pradesh,578369,Inactive,SRC019,0.88,2024-02-14 22:20:32,2026-07-16 23:31:38
P02245,Deepak Patel,D. Patel,1959-03-30,Female,Indian,Manager,"H.No. 365
Dass Ganj",Nagpur,Maharashtra,684997,Active,SRC018,0.94,2026-04-22 08:49:38,2026-02-20 00:40:36
P02246,Raj Mehta,,1999-04-22,Female,Indian,Manager,"70/600, Magar Chowk",Hyderabad,Telangana,143370,Active,SRC011,0.83,2026-08-24 01:24:08,2026-02-01 18:25:42
P02247,Ananya Mehta,,1995-01-25,Male,Indian,Consultant,"74/436, Sarma Circle",Surat,Gujarat,638762,Under Review,SRC020,0.89,2026-05-01 08:40:50,2026-06-01 01:38:48
P02248,Kavya Shah,,2003-03-01,Female,Indian,Student,"H.No. 05
Prasad Road",Ahmedabad,Gujarat,618248,Under Review,SRC017,0.99,2025-12-05 20:57:46,2024-10-26 07:13:09
P02249,Neha Jain,,1971-08-25,Female,Indian,Driver,"53/14
Thakur Zila",Ujjain,Madhya Pradesh,263492,Inactive,SRC013,0.91,2024-03-20 22:32:52,2024-06-05 16:26:52
P02250,Isha Agarwal,,1968-02-14,Female,Indian,Driver,"98/21, Bajwa Path",Gwalior,Madhya Pradesh,713204,Active,SRC007,0.88,2025-11-29 23:29:02,2026-07-11 11:27:13
P02251,Vihaan Rathore,,1970-11-09,Male,Indian,Accountant,"77
Patla Zila",Gurugram,Haryana,176604,Active,SRC025,0.85,2024-11-03 03:04:32,2025-06-17 06:12:35
P02252,Kabir Gupta,,2000-05-26,Female,Indian,Manager,"H.No. 645, Rattan Chowk",Lucknow,Uttar Pradesh,765766,Under Review,SRC030,0.8,2025-01-25 01:07:58,2024-09-01 21:52:59
P02253,Yash Yadav,Y. Yadav,2007-04-11,Female,Indian,Sales Executive,"52/08, Dey Path",Indore,Madhya Pradesh,455217,Inactive,SRC028,0.99,2024-12-19 22:26:53,2024-10-06 18:07:23
P02254,Priya Singh,,1989-06-15,Male,Indian,Security Guard,"29/88
Dhawan Chowk",Indore,Madhya Pradesh,544220,Inactive,SRC027,0.97,2025-02-23 11:37:27,2025-10-30 09:24:01
P02255,Riya Khan,R. Khan,1985-12-04,Male,Indian,Sales Executive,"92, Yadav",Gwalior,Madhya Pradesh,386400,Under Review,SRC022,0.92,2025-01-04 15:30:27,2025-04-11 00:30:12
P02256,Neha Malhotra,,1973-03-28,Male,Indian,Accountant,"903
Chahal Street",Gwalior,Madhya Pradesh,303183,Inactive,SRC022,0.93,2026-08-30 19:54:15,2026-03-09 14:24:50
P02257,Yash Shah,,1969-11-11,Female,Indian,Sales Executive,"H.No. 118, Bail Road",Lucknow,Uttar Pradesh,548855,Active,SRC003,0.98,2025-05-23 22:44:07,2024-11-07 03:33:44
P02258,Aarav Tiwari,,1964-06-22,Female,Indian,Security Guard,"H.No. 29
Chawla Marg",Lucknow,Uttar Pradesh,143697,Active,SRC027,0.95,2026-06-30 02:52:28,2024-12-03 02:06:57
P02259,Aditya Tiwari,,1993-10-02,Female,Indian,Security Guard,"H.No. 17, Iyengar",Jaipur,Rajasthan,135566,Active,SRC006,0.94,2026-06-08 04:37:51,2025-02-24 08:40:31
P02260,Deepak Saxena,,2002-05-21,Male,Indian,Manager,"95/86, Bir Road",Lucknow,Uttar Pradesh,825601,Inactive,SRC017,0.86,2025-08-06 19:20:09,2025-12-30 17:20:58
P02261,Nandini Sharma,N. Sharma,2008-04-28,Male,Indian,Consultant,"469
Singhal Road",Kanpur,Uttar Pradesh,293684,Under Review,SRC002,0.87,2024-05-13 16:17:19,2025-05-26 00:43:12
P02262,Sanjay Rathore,,1976-02-16,Male,Indian,Accountant,"97, Saraf Ganj",Ujjain,Madhya Pradesh,990102,Inactive,SRC019,0.8,2025-09-29 07:04:05,2026-06-24 10:09:23
P02263,Yash Chauhan,,2000-12-23,Male,Indian,Sales Executive,"09/52, Guha Nagar",Ujjain,Madhya Pradesh,212151,Under Review,SRC029,0.88,2025-07-10 16:24:26,2025-09-08 19:06:11
P02264,Sneha Shah,,2003-07-10,Female,Indian,Security Guard,"446
Dora Street",Nagpur,Maharashtra,165663,Under Review,SRC005,0.88,2025-09-07 02:25:34,2024-08-17 10:54:32
P02265,Pooja Chauhan,,1968-06-27,Female,Indian,Business Owner,"H.No. 824
Deep Ganj",Hyderabad,Telangana,253814,Inactive,SRC002,0.9,2024-01-15 02:27:07,2024-02-22 04:56:02
P02266,Vikram Patel,,1982-11-21,Male,Indian,Manager,"84/14
Bhat Street",Nagpur,Maharashtra,484350,Inactive,SRC004,0.85,2025-04-19 16:29:14,2024-12-25 02:34:57
P02267,Vihaan Rathore,,1996-06-05,Male,Indian,Trader,"32/809, Shroff",Kanpur,Uttar Pradesh,244043,Inactive,SRC022,0.97,2024-03-24 17:10:57,2026-06-01 19:14:20
P02268,Ananya Tiwari,,1958-04-13,Female,Indian,Technician,"H.No. 823
Khurana Path",Kanpur,Uttar Pradesh,773765,Active,SRC025,0.98,2024-11-29 21:10:52,2025-03-04 22:24:10
P02269,Siddharth Chauhan,,1960-12-23,Male,Indian,Manager,"57, Nazareth Ganj",Dewas,Madhya Pradesh,481471,Inactive,SRC023,0.91,2024-06-23 20:55:33,2025-01-14 02:43:50
P02270,Sneha Deshmukh,,1979-07-01,Male,Indian,Consultant,"39/392
Lata",Jaipur,Rajasthan,702150,Under Review,SRC014,0.79,2026-06-27 12:38:14,2024-04-05 13:40:42
P02271,Deepak Bansal,D. Bansal,2002-10-16,Female,Indian,Business Owner,"39/062, Zacharia Chowk",Ahmedabad,Gujarat,824773,Active,SRC018,0.85,2024-07-28 09:46:47,2026-05-10 16:22:23
P02272,Ankit Singh,,1986-06-26,Female,Indian,Manager,"90/37, Choudhary Zila",Dewas,Madhya Pradesh,759395,Active,SRC027,0.91,2024-11-02 13:14:23,2025-10-11 22:08:39
P02273,Karan Tiwari,K. Tiwari,1962-02-18,Male,Indian,Consultant,"116
Goel Street",Kanpur,Uttar Pradesh,659100,Under Review,SRC013,0.89,2025-11-28 18:41:11,2026-03-22 15:18:35
P02274,Varun Jain,V. Jain,1967-05-04,Female,Indian,Sales Executive,"644
Kade Road",Bengaluru,Karnataka,969142,Inactive,SRC013,0.88,2024-06-01 02:09:14,2026-01-09 14:57:44
P02275,Pooja Bansal,,2004-10-03,Male,Indian,Student,"07/227, Tella Marg",Delhi,Delhi,527808,Active,SRC020,0.95,2026-05-28 02:13:37,2026-06-14 05:48:40
P02276,Aditya Agarwal,,2004-09-05,Male,Indian,Manager,"71/093
Zachariah Ganj",Ujjain,Madhya Pradesh,300090,Under Review,SRC008,0.86,2026-05-25 05:24:47,2025-10-09 15:07:33
P02277,Pooja Deshmukh,,1968-06-19,Male,Indian,Student,"H.No. 86, Sehgal Chowk",Dewas,Madhya Pradesh,465861,Active,SRC008,0.82,2025-04-11 11:44:50,2025-06-21 19:35:02
P02278,Isha Mishra,,1973-06-07,Male,Indian,Business Owner,"03/446
Kannan Ganj",Indore,Madhya Pradesh,465684,Inactive,SRC011,0.9,2026-07-01 22:35:06,2026-01-20 09:38:14
P02279,Arjun Chauhan,,1974-09-18,Male,Indian,Sales Executive,"35/175
Jani Chowk",Surat,Gujarat,185176,Inactive,SRC030,0.98,2025-07-07 12:31:06,2025-01-11 03:59:42
P02280,Pooja Agarwal,P. Agarwal,1993-07-22,Male,Indian,Manager,"65/60
Karnik Nagar",Gurugram,Haryana,752296,Active,SRC014,0.85,2025-12-17 20:54:00,2025-05-16 21:49:39
P02281,Vihaan Gupta,,1990-03-07,Female,Indian,Student,"H.No. 922, Nanda Street",Ahmedabad,Gujarat,455795,Active,SRC016,0.94,2026-03-27 12:30:33,2024-07-11 14:45:52
P02282,Mohit Mehta,M. Mehta,1990-05-15,Female,Indian,Manager,"66, Mahajan Nagar",Lucknow,Uttar Pradesh,426430,Under Review,SRC019,0.94,2024-06-28 21:26:44,2026-04-03 09:43:25
P02283,Neha Verma,,1960-01-11,Male,Indian,Student,"722, Dhar",Kanpur,Uttar Pradesh,093524,Inactive,SRC027,0.9,2026-05-18 09:28:21,2025-10-15 01:14:15
P02284,Arjun Malhotra,,1988-07-31,Female,Indian,Security Guard,"50/14, Ramesh",Ujjain,Madhya Pradesh,840769,Active,SRC026,0.83,2026-02-27 02:51:54,2024-07-11 18:53:04
P02285,Sanjay Deshmukh,,1960-06-12,Female,Indian,Consultant,"34/76
Bajwa Chowk",Dewas,Madhya Pradesh,782446,Under Review,SRC014,0.91,2025-02-23 07:20:54,2025-01-16 13:03:55
P02286,Raj Deshmukh,,1988-08-27,Female,Indian,Manager,"09, Kade Road",Pune,Maharashtra,825085,Under Review,SRC015,0.85,2024-11-22 08:02:00,2024-06-24 21:17:00
P02287,Varun Chauhan,,1997-10-24,Male,Indian,Technician,"972
Rai Marg",Hyderabad,Telangana,325727,Inactive,SRC019,0.83,2024-08-26 10:21:05,2026-07-08 22:49:51
P02288,Sanjay Verma,S. Verma,1994-04-12,Male,Indian,Manager,"92/70
Sibal Road",Gwalior,Madhya Pradesh,334466,Under Review,SRC006,0.79,2025-01-22 00:26:06,2024-02-14 17:33:28
P02289,Priya Rathore,,1962-10-11,Female,Indian,Business Owner,"61/80
Varghese Marg",Vadodara,Gujarat,288688,Inactive,SRC004,0.79,2026-07-18 22:10:52,2026-07-06 04:40:58
P02290,Aditya Mishra,,1989-02-02,Female,Indian,Accountant,"H.No. 49, Bahl Road",Bhopal,Madhya Pradesh,951869,Inactive,SRC011,0.83,2025-11-19 04:19:04,2025-02-09 19:50:13
P02291,Ananya Singh,,1962-02-02,Female,Indian,Technician,"H.No. 08
Kari Circle",Gwalior,Madhya Pradesh,183801,Inactive,SRC020,0.79,2025-01-19 09:01:17,2025-12-22 04:32:22
P02292,Mohit Sharma,M. Sharma,1971-05-01,Female,Indian,Sales Executive,"12/37
Kota Chowk",Bhopal,Madhya Pradesh,122016,Inactive,SRC017,0.98,2024-07-28 06:06:40,2025-05-02 15:25:13
P02293,Karan Khan,,1976-05-22,Female,Indian,Student,"H.No. 239, Patla Zila",Bhopal,Madhya Pradesh,313363,Under Review,SRC028,0.84,2025-10-22 13:25:21,2024-10-10 05:30:18
P02294,Meera Tiwari,,1957-12-01,Female,Indian,Student,"H.No. 270, Konda Street",Bengaluru,Karnataka,896720,Active,SRC011,0.95,2026-03-22 05:35:10,2024-06-26 23:50:19
P02295,Karan Khan,,1975-05-27,Female,Indian,Technician,"177, Rastogi Path",Indore,Madhya Pradesh,001917,Inactive,SRC028,0.86,2025-01-01 01:26:44,2024-11-29 11:59:00
P02296,Pooja Yadav,,2006-08-09,Male,Indian,Manager,"448, Kurian Ganj",Surat,Gujarat,871515,Inactive,SRC026,0.98,2024-10-03 23:48:19,2025-04-24 12:10:12
P02297,Pooja Joshi,,1979-11-15,Male,Indian,Student,"H.No. 708, Apte Chowk",Pune,Maharashtra,728204,Active,SRC008,0.96,2024-02-21 18:59:53,2025-08-29 10:00:25
P02298,Nikhil Malhotra,,1991-03-02,Male,Indian,Sales Executive,"34/91, Jayaraman Street",Jaipur,Rajasthan,160059,Inactive,SRC011,0.93,2026-04-26 22:23:21,2024-07-27 21:33:25
P02299,Vihaan Patel,,1971-03-14,Female,Indian,Accountant,"32/52, Rajagopalan Chowk",Jaipur,Rajasthan,520213,Active,SRC001,0.93,2024-04-18 16:29:31,2025-02-28 20:43:11
P02300,Priya Mishra,,1986-06-08,Male,Indian,Sales Executive,"832
Tak Marg",Dewas,Madhya Pradesh,116781,Active,SRC010,0.82,2024-04-19 21:22:09,2025-02-25 07:33:54
P02301,Pooja Yadav,,2004-09-28,Female,Indian,Trader,"29/025
Nath Zila",Kota,Rajasthan,864267,Inactive,SRC013,0.81,2024-08-15 13:08:34,2024-01-16 07:34:16
P02302,Sanjay Deshmukh,,1966-05-25,Male,Indian,Driver,"H.No. 753
Mandal Nagar",Ujjain,Madhya Pradesh,531984,Active,SRC009,0.93,2026-01-28 06:21:40,2024-02-29 00:16:00
P02303,Arjun Mehta,,1975-02-24,Female,Indian,Security Guard,"H.No. 50
Lad Circle",Vadodara,Gujarat,284677,Under Review,SRC021,0.86,2024-03-01 14:28:24,2026-01-30 13:32:14
P02304,Vihaan Sharma,V. Sharma,1983-05-21,Female,Indian,Manager,"97
Amble Nagar",Kanpur,Uttar Pradesh,076440,Under Review,SRC013,0.88,2024-11-26 13:40:00,2025-05-11 04:02:48
P02305,Mohit Tiwari,,1974-02-01,Male,Indian,Sales Executive,"H.No. 727, Sha Street",Jabalpur,Madhya Pradesh,328290,Under Review,SRC020,0.97,2024-04-24 14:58:43,2025-11-01 23:39:02
P02306,Nikhil Yadav,,2003-12-20,Female,Indian,Trader,"H.No. 511, Bhatnagar Street",Indore,Madhya Pradesh,406368,Active,SRC023,0.87,2024-01-31 04:42:29,2026-05-11 21:05:01
P02307,Karan Khan,K. Khan,1988-02-04,Male,Indian,Sales Executive,"H.No. 240
Murty Marg",Kota,Rajasthan,174711,Active,SRC007,0.89,2025-03-24 10:39:47,2025-10-12 05:59:12
P02308,Vikram Rathore,,1971-07-08,Female,Indian,Manager,"96
Ravi Circle",Surat,Gujarat,124079,Under Review,SRC013,0.96,2024-01-25 13:24:02,2025-09-09 13:58:48
P02309,Raj Verma,,1985-05-13,Male,Indian,Technician,"881, Bhatia",Delhi,Delhi,145676,Inactive,SRC017,0.82,2025-03-28 04:11:25,2025-02-08 20:36:04
P02310,Rohan Patel,,1961-04-20,Male,Indian,Security Guard,"496
Char Nagar",Kanpur,Uttar Pradesh,092176,Inactive,SRC029,0.83,2024-10-25 03:36:16,2024-03-14 01:46:06
P02311,Kavya Malhotra,K. Malhotra,2003-07-18,Female,Indian,Consultant,"H.No. 223
Agrawal Circle",Bhopal,Madhya Pradesh,534782,Inactive,SRC021,0.86,2025-03-04 12:52:17,2025-10-01 09:01:56
P02312,Neha Yadav,,1974-02-14,Male,Indian,Driver,"20/959, Wali Street",Surat,Gujarat,898735,Active,SRC005,0.98,2025-11-20 14:48:47,2025-04-30 09:09:56
P02313,Rohan Yadav,,2007-07-28,Female,Indian,Manager,"93/35, Babu Chowk",Ahmedabad,Gujarat,409398,Under Review,SRC027,0.99,2025-01-25 01:26:26,2025-02-16 05:57:42
P02314,Deepak Yadav,,1994-01-28,Male,Indian,Consultant,"48
Lata Road",Jaipur,Rajasthan,739835,Under Review,SRC021,0.92,2025-12-04 07:40:36,2025-01-17 06:58:07
P02315,Kabir Rathore,K. Rathore,1992-03-13,Female,Indian,Sales Executive,"39/188, Setty Marg",Dewas,Madhya Pradesh,227353,Active,SRC029,0.88,2026-03-19 00:20:21,2026-04-13 18:02:20
P02316,Ananya Sharma,A. Sharma,2003-04-25,Male,Indian,Manager,"20/166
Korpal Ganj",Kanpur,Uttar Pradesh,014215,Inactive,SRC008,0.95,2025-01-22 14:26:46,2024-07-09 22:43:02
P02317,Karan Joshi,K. Joshi,2002-08-31,Male,Indian,Technician,"636
Wable Street",Mumbai,Maharashtra,233570,Under Review,SRC018,0.89,2024-10-02 15:54:37,2024-09-16 03:40:36
P02318,Rohan Malhotra,,1976-03-09,Female,Indian,Accountant,"43/442, Brahmbhatt Zila",Bengaluru,Karnataka,754944,Inactive,SRC001,0.79,2026-08-22 20:27:59,2024-11-19 11:22:06
P02319,Nandini Patel,N. Patel,1990-05-22,Female,Indian,Trader,"H.No. 884, Mital Street",Lucknow,Uttar Pradesh,381512,Inactive,SRC017,0.84,2025-08-30 04:35:32,2024-04-29 16:40:43
P02320,Meera Mehta,,2004-01-27,Male,Indian,Consultant,"92
Ram Road",Kota,Rajasthan,299872,Inactive,SRC009,0.97,2024-09-03 08:24:02,2025-12-09 18:31:47
P02321,Nikhil Malhotra,,1974-02-25,Male,Indian,Security Guard,"H.No. 91
Khatri Path",Nagpur,Maharashtra,075145,Inactive,SRC023,0.79,2026-08-13 01:40:27,2025-09-25 08:08:59
P02322,Yash Deshmukh,,1998-04-25,Male,Indian,Business Owner,"H.No. 79, Keer Street",Mumbai,Maharashtra,578245,Under Review,SRC022,0.92,2025-12-21 03:59:18,2026-08-28 16:56:22
P02323,Nandini Joshi,,1958-12-24,Male,Indian,Sales Executive,"464, Sridhar Ganj",Pune,Maharashtra,243014,Under Review,SRC015,0.98,2025-09-06 20:13:49,2024-01-13 21:19:38
P02324,Varun Malhotra,,1979-02-16,Female,Indian,Manager,"H.No. 069
Kibe Marg",Kanpur,Uttar Pradesh,491218,Under Review,SRC017,0.94,2026-06-07 05:08:42,2025-08-04 13:59:14
P02325,Meera Deshmukh,,1993-05-16,Female,Indian,Trader,"50, Brahmbhatt Marg",Bhopal,Madhya Pradesh,715901,Under Review,SRC023,0.81,2024-04-14 13:53:55,2024-06-09 05:50:21
P02326,Mohit Patel,,1957-10-13,Male,Indian,Consultant,"H.No. 600, Ben Road",Nagpur,Maharashtra,728986,Inactive,SRC008,0.79,2026-02-06 21:27:29,2026-07-25 06:13:56
P02327,Aditya Deshmukh,,1983-10-03,Female,Indian,Consultant,"21/208, Buch Marg",Kanpur,Uttar Pradesh,984250,Active,SRC009,0.81,2026-04-07 12:06:16,2025-08-24 18:40:46
P02328,Rahul Tiwari,,1996-07-29,Male,Indian,Security Guard,"42/00
Mangal Zila",Pune,Maharashtra,442460,Active,SRC008,0.9,2025-09-16 07:32:38,2024-08-04 19:42:44
P02329,Arjun Singh,,1982-07-29,Female,Indian,Business Owner,"86/159, Gara Path",Gwalior,Madhya Pradesh,994757,Inactive,SRC030,0.95,2025-11-09 16:42:02,2024-07-26 13:55:03
P02330,Meera Shah,,1996-02-06,Male,Indian,Manager,"98/293
Oak Nagar",Mumbai,Maharashtra,779798,Under Review,SRC030,0.82,2026-04-05 16:55:09,2024-07-22 07:59:48
P02331,Rohan Patel,,1980-04-16,Male,Indian,Sales Executive,"41, Pillay Nagar",Bhopal,Madhya Pradesh,948150,Active,SRC006,0.97,2026-01-21 00:57:33,2026-03-06 05:46:28
P02332,Aarav Mehta,,1969-05-24,Female,Indian,Student,"560, Wali Street",Lucknow,Uttar Pradesh,869660,Active,SRC002,0.97,2026-04-11 12:29:41,2025-02-11 19:50:44
P02333,Varun Deshmukh,,1975-11-21,Female,Indian,Student,"07
Bumb Path",Kanpur,Uttar Pradesh,101842,Active,SRC001,0.9,2025-01-13 21:43:59,2025-10-07 09:02:45
P02334,Sneha Agarwal,,1977-01-12,Male,Indian,Consultant,"H.No. 802
Pai Road",Mumbai,Maharashtra,085935,Active,SRC030,0.93,2025-01-29 08:05:27,2024-08-21 21:53:03
P02335,Meera Tiwari,,1965-09-13,Male,Indian,Driver,"37/795
Sekhon Nagar",Ahmedabad,Gujarat,557374,Under Review,SRC017,0.94,2025-06-29 00:10:30,2025-12-30 05:57:46
P02336,Kavya Rathore,,1994-09-25,Male,Indian,Accountant,"H.No. 12, Narayanan Street",Nagpur,Maharashtra,679017,Inactive,SRC010,0.87,2026-02-22 16:30:40,2026-01-21 23:47:11
P02337,Siddharth Joshi,S. Joshi,2001-02-15,Male,Indian,Business Owner,"29/49
Narang Marg",Gwalior,Madhya Pradesh,396749,Inactive,SRC027,0.94,2026-07-13 13:16:32,2025-07-02 12:26:49
P02338,Nandini Khan,,1960-05-11,Female,Indian,Technician,"854, Sarma Nagar",Indore,Madhya Pradesh,084159,Under Review,SRC019,0.86,2025-11-26 04:58:23,2026-07-04 22:17:05
P02339,Sneha Mehta,S. Mehta,1972-02-05,Male,Indian,Student,"57/53
Oak Circle",Surat,Gujarat,397635,Inactive,SRC029,0.92,2024-06-05 16:15:16,2024-10-03 15:26:45
P02340,Amit Malhotra,A. Malhotra,1961-04-03,Female,Indian,Technician,"62/040, Pandya Circle",Ujjain,Madhya Pradesh,063346,Inactive,SRC028,0.8,2024-03-15 04:06:48,2025-05-27 23:24:34
P02341,Aditya Jain,A. Jain,1983-01-29,Female,Indian,Security Guard,"728
Raja Street",Ahmedabad,Gujarat,933804,Inactive,SRC004,0.86,2024-04-09 15:28:10,2026-07-17 16:16:50
P02342,Sneha Shah,,1961-01-12,Female,Indian,Business Owner,"03, Kashyap Ganj",Nagpur,Maharashtra,854418,Under Review,SRC020,0.78,2025-09-24 13:15:08,2024-08-31 01:21:11
P02343,Pooja Tiwari,,1990-12-16,Male,Indian,Consultant,"H.No. 209
Chahal Ganj",Mumbai,Maharashtra,788021,Under Review,SRC005,0.86,2024-01-31 13:36:19,2024-08-21 19:22:39
P02344,Isha Shah,,1978-11-11,Male,Indian,Student,"77
Khatri Chowk",Hyderabad,Telangana,576455,Under Review,SRC015,0.94,2024-10-17 17:27:55,2025-08-23 19:23:34
P02345,Varun Jain,,1960-08-20,Male,Indian,Trader,"19/54
Parmar Ganj",Kanpur,Uttar Pradesh,102693,Under Review,SRC022,0.92,2025-07-12 16:40:43,2024-12-27 10:25:22
P02346,Mohit Deshmukh,,1969-08-28,Female,Indian,Manager,"92/33, Butala Ganj",Ujjain,Madhya Pradesh,514855,Inactive,SRC006,0.86,2025-12-27 13:13:01,2024-01-28 17:20:31
P02347,Riya Mehta,,1958-11-01,Female,Indian,Business Owner,"H.No. 06
Sami Street",Hyderabad,Telangana,674151,Under Review,SRC020,0.83,2025-12-27 04:45:56,2024-10-15 22:27:46
P02348,Aarav Mehta,,1999-03-27,Female,Indian,Trader,"21
Mangal Marg",Jabalpur,Madhya Pradesh,427973,Under Review,SRC017,0.9,2024-02-23 01:25:33,2025-07-21 09:18:19
P02349,Sneha Khan,S. Khan,1960-05-28,Male,Indian,Security Guard,"25
Bandi Street",Jaipur,Rajasthan,358937,Active,SRC025,0.98,2025-03-25 14:53:19,2024-04-18 15:24:18
P02350,Meera Shah,,1976-10-03,Male,Indian,Trader,"48/89, Mital Zila",Vadodara,Gujarat,165991,Inactive,SRC011,0.89,2025-12-29 21:55:10,2025-11-12 11:31:45
P02351,Arjun Yadav,,1971-10-05,Male,Indian,Sales Executive,"44/645
Khanna Street",Gurugram,Haryana,041524,Inactive,SRC010,0.86,2026-04-29 10:49:08,2026-08-09 21:06:12
P02352,Kabir Mehta,,2002-06-29,Male,Indian,Consultant,"85
Kumer Path",Gwalior,Madhya Pradesh,018977,Active,SRC020,0.93,2025-08-05 22:33:49,2024-12-03 06:58:05
P02353,Ankit Singh,,1959-12-20,Male,Indian,Sales Executive,"70
Kari",Kota,Rajasthan,725028,Under Review,SRC016,0.85,2025-11-09 20:11:42,2024-02-25 17:58:12
P02354,Siddharth Mehta,S. Mehta,1992-12-02,Female,Indian,Technician,"70, Khurana Chowk",Delhi,Delhi,603161,Inactive,SRC030,0.81,2024-08-03 13:52:13,2024-10-17 00:35:38
P02355,Sneha Tiwari,,1995-09-29,Female,Indian,Trader,"16/457, Goel Path",Vadodara,Gujarat,542832,Active,SRC011,0.87,2026-01-09 18:04:30,2026-01-04 01:45:23
P02356,Varun Singh,,1982-08-27,Male,Indian,Sales Executive,"H.No. 506
Verma Marg",Indore,Madhya Pradesh,557155,Inactive,SRC016,0.95,2026-03-24 06:47:15,2025-10-21 01:18:50
P02357,Ananya Shah,,1961-10-18,Male,Indian,Driver,"89
Bassi Road",Indore,Madhya Pradesh,636460,Under Review,SRC013,0.83,2024-11-28 09:51:47,2026-05-08 18:40:05
P02358,Ananya Joshi,,1973-08-30,Male,Indian,Trader,"H.No. 133
Natt",Kota,Rajasthan,322451,Active,SRC007,0.95,2025-05-11 23:15:47,2024-12-29 02:47:52
P02359,Karan Rathore,,1988-08-17,Female,Indian,Consultant,"21/26, Seshadri",Dewas,Madhya Pradesh,869784,Active,SRC002,0.8,2025-05-26 09:40:53,2025-07-09 15:35:21
P02360,Varun Bansal,V. Bansal,1999-11-11,Female,Indian,Trader,"31/963
Palan Nagar",Dewas,Madhya Pradesh,704369,Active,SRC003,0.81,2026-05-01 10:14:55,2026-08-20 12:27:56
P02361,Amit Mehta,,1966-11-15,Female,Indian,Business Owner,"16/42
Agrawal Ganj",Jaipur,Rajasthan,274690,Inactive,SRC003,0.79,2024-04-17 14:38:37,2025-01-14 21:51:38
P02362,Nikhil Tiwari,N. Tiwari,2007-04-18,Female,Indian,Business Owner,"86/37, Viswanathan Nagar",Bhopal,Madhya Pradesh,536062,Under Review,SRC006,0.96,2024-06-18 02:02:05,2024-01-12 17:52:42
P02363,Meera Patel,,1967-04-15,Female,Indian,Driver,"35
Sha Chowk",Ujjain,Madhya Pradesh,694298,Under Review,SRC029,0.79,2024-10-28 00:49:44,2024-03-04 03:10:31
P02364,Nikhil Jain,N. Jain,1998-06-07,Male,Indian,Accountant,"03/273, Kamdar Nagar",Delhi,Delhi,482746,Active,SRC002,0.88,2024-07-20 10:18:03,2026-02-11 08:53:23
P02365,Kavya Mishra,,1964-02-29,Male,Indian,Business Owner,"H.No. 61, Varma Zila",Hyderabad,Telangana,038069,Inactive,SRC009,0.97,2024-11-16 14:50:20,2025-10-10 05:01:16
P02366,Sneha Mehta,,1978-09-26,Female,Indian,Security Guard,"18/531, Chandra Zila",Lucknow,Uttar Pradesh,817790,Under Review,SRC011,0.93,2026-02-26 16:21:39,2024-07-22 10:51:12
P02367,Vikram Singh,,1977-08-17,Female,Indian,Manager,"36
Modi",Hyderabad,Telangana,281326,Under Review,SRC019,0.82,2026-07-14 23:05:40,2024-11-13 13:22:27
P02368,Riya Mishra,R. Mishra,1983-12-16,Female,Indian,Consultant,"H.No. 337
Bawa",Vadodara,Gujarat,940375,Inactive,SRC025,0.8,2024-07-31 19:15:39,2025-09-07 20:27:26
P02369,Sneha Mehta,,1967-10-07,Male,Indian,Trader,"32/452, Narayan Chowk",Bengaluru,Karnataka,719503,Active,SRC026,0.85,2024-02-23 01:01:30,2025-01-26 22:22:50
P02370,Raj Mehta,,1980-11-11,Male,Indian,Business Owner,"12, Narayan Marg",Mumbai,Maharashtra,494891,Inactive,SRC011,0.79,2025-05-01 23:36:50,2024-06-04 15:42:10
P02371,Nikhil Tiwari,,1994-07-22,Male,Indian,Driver,"82/01, Dara Path",Bengaluru,Karnataka,977764,Inactive,SRC029,0.84,2025-07-12 20:05:09,2024-08-27 10:44:16
P02372,Meera Saxena,,1994-09-09,Male,Indian,Technician,"H.No. 76
Devan Path",Delhi,Delhi,261954,Active,SRC014,0.89,2025-11-20 07:21:51,2025-07-02 08:06:02
P02373,Ankit Malhotra,,1999-03-20,Female,Indian,Trader,"48/49, Gupta Road",Kanpur,Uttar Pradesh,577661,Active,SRC019,0.9,2025-12-03 08:10:10,2024-08-19 07:04:40
P02374,Ananya Malhotra,,1985-04-30,Male,Indian,Security Guard,"H.No. 50
Chana Nagar",Ahmedabad,Gujarat,956783,Inactive,SRC006,0.85,2024-05-17 19:44:32,2024-07-21 15:55:09
P02375,Vikram Chauhan,,1993-03-20,Male,Indian,Security Guard,"36/01
Mane",Ahmedabad,Gujarat,270661,Active,SRC011,0.85,2025-06-30 17:58:23,2024-11-14 08:17:26
P02376,Deepak Yadav,,1969-05-21,Female,Indian,Technician,"87/807, Acharya Street",Nagpur,Maharashtra,033881,Inactive,SRC020,0.85,2026-07-07 00:40:47,2024-06-02 16:17:31
P02377,Aditya Saxena,A. Saxena,1996-05-06,Male,Indian,Business Owner,"76
Savant Ganj",Jaipur,Rajasthan,037344,Under Review,SRC002,0.89,2025-05-04 16:45:36,2026-08-18 06:43:12
P02378,Sanjay Joshi,S. Joshi,1976-10-23,Female,Indian,Business Owner,"07
Agate Zila",Gwalior,Madhya Pradesh,657439,Under Review,SRC020,0.8,2025-02-01 00:30:44,2025-04-10 09:38:23
P02379,Vikram Patel,,1973-11-14,Female,Indian,Security Guard,"39
Borra Ganj",Ujjain,Madhya Pradesh,490954,Inactive,SRC004,0.91,2026-08-19 01:33:01,2026-05-20 02:53:21
P02380,Priya Sharma,,1991-01-06,Female,Indian,Trader,"30/588
Walla Marg",Jabalpur,Madhya Pradesh,025312,Under Review,SRC013,0.79,2026-07-30 11:40:53,2026-02-18 04:22:41
P02381,Ananya Khan,,1979-03-19,Female,Indian,Manager,"547
Bava Circle",Dewas,Madhya Pradesh,958040,Inactive,SRC030,0.83,2026-04-06 11:33:51,2026-01-28 12:45:50
P02382,Sneha Malhotra,,1977-05-12,Male,Indian,Driver,"70/00
Bhakta Zila",Ujjain,Madhya Pradesh,738854,Under Review,SRC005,0.82,2025-01-16 21:23:10,2026-06-11 21:32:31
P02383,Meera Joshi,,1993-11-01,Male,Indian,Business Owner,"74/369
Bali Ganj",Hyderabad,Telangana,131985,Active,SRC028,0.87,2026-07-09 18:21:28,2025-01-02 18:11:37
P02384,Kavya Verma,,1961-02-13,Female,Indian,Accountant,"130, Memon Path",Ujjain,Madhya Pradesh,842511,Under Review,SRC030,0.82,2024-03-25 05:58:08,2026-05-28 14:38:50
P02385,Meera Saxena,,1991-02-19,Female,Indian,Business Owner,"H.No. 94, Memon Nagar",Hyderabad,Telangana,941259,Inactive,SRC010,0.79,2025-03-12 08:55:19,2025-08-30 23:37:24
P02386,Sneha Rathore,,1999-07-07,Male,Indian,Sales Executive,"32/388, Sahota Chowk",Gwalior,Madhya Pradesh,660628,Inactive,SRC020,0.9,2025-07-15 15:40:33,2024-11-07 12:52:19
P02387,Nandini Saxena,,2008-06-07,Male,Indian,Accountant,"403, Singhal",Hyderabad,Telangana,874430,Under Review,SRC025,0.95,2025-05-28 18:57:48,2025-05-11 17:58:37
P02388,Vihaan Sharma,,1978-06-14,Male,Indian,Consultant,"93/970, Rajan Street",Jaipur,Rajasthan,382071,Under Review,SRC001,0.82,2024-12-04 20:21:20,2024-10-27 13:50:12
P02389,Meera Shah,M. Shah,1961-09-28,Female,Indian,Sales Executive,"H.No. 331
Singhal Zila",Gwalior,Madhya Pradesh,057767,Active,SRC029,0.83,2025-04-24 23:22:37,2025-07-30 21:45:59
P02390,Vihaan Bansal,,2008-01-13,Female,Indian,Driver,"H.No. 302, Sawhney Circle",Bengaluru,Karnataka,740589,Active,SRC018,0.84,2026-01-02 02:04:48,2024-06-29 16:27:27
P02391,Yash Patel,,1992-04-30,Female,Indian,Manager,"606, Suresh Chowk",Pune,Maharashtra,192497,Under Review,SRC029,0.82,2025-10-06 12:08:12,2024-06-19 05:50:19
P02392,Raj Saxena,,1974-03-05,Male,Indian,Technician,"H.No. 364
Sachdeva",Vadodara,Gujarat,451453,Under Review,SRC019,0.85,2025-03-16 09:17:29,2026-01-14 20:21:49
P02393,Vihaan Saxena,V. Saxena,1975-10-19,Male,Indian,Student,"H.No. 88
Naidu Street",Jaipur,Rajasthan,699018,Inactive,SRC019,0.98,2024-12-21 10:29:35,2024-04-11 09:56:33
P02394,Aarav Sharma,,2004-11-14,Male,Indian,Driver,"H.No. 67, Kata Ganj",Jaipur,Rajasthan,157646,Under Review,SRC013,0.93,2025-04-26 02:17:23,2024-02-06 01:49:37
P02395,Mohit Malhotra,,1976-06-14,Male,Indian,Trader,"09/83
Kadakia Circle",Bhopal,Madhya Pradesh,934650,Under Review,SRC009,0.93,2024-06-21 16:27:13,2025-04-16 18:38:04
P02396,Rohan Gupta,,1983-08-21,Female,Indian,Consultant,"H.No. 345
Jain Marg",Mumbai,Maharashtra,389234,Under Review,SRC023,0.98,2025-08-29 19:53:41,2026-05-11 19:43:41
P02397,Nikhil Jain,N. Jain,1964-09-23,Female,Indian,Trader,"05
Nadig Zila",Indore,Madhya Pradesh,782638,Inactive,SRC025,0.96,2025-06-13 05:31:32,2026-03-12 15:25:05
P02398,Kabir Joshi,K. Joshi,1967-12-31,Male,Indian,Technician,"H.No. 27, Purohit Zila",Surat,Gujarat,862869,Active,SRC003,0.88,2026-06-29 06:22:42,2026-07-21 16:50:20
P02399,Ankit Joshi,A. Joshi,1970-06-20,Female,Indian,Sales Executive,"23/703
Padmanabhan Circle",Nagpur,Maharashtra,787268,Inactive,SRC004,0.88,2024-04-03 09:23:20,2026-08-22 02:57:32
P02400,Karan Khan,K. Khan,1967-04-27,Male,Indian,Manager,"22/94, Gill Zila",Hyderabad,Telangana,280625,Under Review,SRC025,0.81,2024-08-22 03:43:41,2025-07-18 02:41:03
P02401,Kavya Jain,,2001-11-30,Male,Indian,Driver,"54/55, Bhatt Road",Ahmedabad,Gujarat,588314,Active,SRC024,0.95,2026-01-15 03:29:21,2024-02-19 18:49:38
P02402,Siddharth Verma,,1969-07-07,Male,Indian,Technician,"032
Dora Circle",Kota,Rajasthan,735490,Active,SRC001,0.91,2024-10-27 00:37:43,2025-03-10 17:08:27
P02403,Raj Tiwari,,1999-02-24,Male,Indian,Business Owner,"H.No. 71
Thakur Marg",Kota,Rajasthan,213250,Active,SRC029,0.97,2025-05-25 08:20:07,2024-06-16 23:00:02
P02404,Aditya Chauhan,,1985-03-16,Male,Indian,Manager,"43
Sarma Road",Jaipur,Rajasthan,088230,Active,SRC010,0.97,2025-07-15 01:13:30,2026-04-08 01:26:46
P02405,Sanjay Yadav,,1985-06-07,Female,Indian,Technician,"94/67, Ramaswamy Ganj",Surat,Gujarat,163308,Under Review,SRC028,0.82,2024-10-12 14:07:28,2024-02-10 17:59:24
P02406,Kabir Shah,,1981-08-05,Female,Indian,Sales Executive,"803
Ravel Ganj",Hyderabad,Telangana,908474,Inactive,SRC002,0.83,2025-07-09 13:07:56,2025-09-06 15:11:17
P02407,Sneha Jain,,1979-10-04,Male,Indian,Business Owner,"H.No. 30, Chandran Ganj",Kota,Rajasthan,166366,Under Review,SRC005,0.88,2024-06-23 02:13:34,2026-01-01 10:34:38
P02408,Nikhil Bansal,N. Bansal,1964-12-30,Female,Indian,Trader,"H.No. 54
Mannan Zila",Dewas,Madhya Pradesh,857962,Active,SRC023,0.91,2024-06-07 10:40:13,2025-07-13 09:55:59
P02409,Aarav Yadav,A. Yadav,1961-07-17,Female,Indian,Sales Executive,"08/486, Bansal Zila",Gwalior,Madhya Pradesh,600260,Active,SRC023,0.94,2024-10-15 04:43:40,2025-07-29 04:15:00
P02410,Aarav Khan,,1990-03-01,Male,Indian,Driver,"H.No. 95
Vaidya Ganj",Mumbai,Maharashtra,624410,Under Review,SRC026,0.91,2025-02-09 04:04:50,2025-09-01 13:42:45
P02411,Priya Khan,,1985-07-02,Male,Indian,Security Guard,"H.No. 73
Borra Street",Ujjain,Madhya Pradesh,502423,Under Review,SRC030,0.88,2026-01-23 06:48:42,2025-07-10 18:50:34
P02412,Aarav Saxena,A. Saxena,1975-05-06,Male,Indian,Driver,"H.No. 711
Shetty Nagar",Hyderabad,Telangana,985023,Under Review,SRC014,0.82,2025-10-05 08:53:06,2024-01-25 20:16:47
P02413,Nikhil Joshi,,1975-04-27,Female,Indian,Manager,"67, Krishnan Zila",Kanpur,Uttar Pradesh,333171,Under Review,SRC015,0.92,2024-09-04 20:19:30,2025-07-13 09:19:18
P02414,Mohit Khan,,1973-10-29,Male,Indian,Business Owner,"12/982
Gokhale Road",Gwalior,Madhya Pradesh,028815,Inactive,SRC030,0.83,2026-02-03 21:54:13,2024-06-25 02:39:21
P02415,Raj Deshmukh,R. Deshmukh,1983-08-18,Female,Indian,Manager,"176
Aggarwal Circle",Mumbai,Maharashtra,269625,Active,SRC017,0.97,2026-07-27 19:25:23,2026-04-08 01:25:42
P02416,Mohit Khan,,1996-05-23,Female,Indian,Business Owner,"32/491
Merchant Ganj",Lucknow,Uttar Pradesh,032502,Under Review,SRC004,0.99,2025-04-18 05:06:12,2025-08-07 03:28:07
P02417,Rohan Khan,R. Khan,1999-03-10,Male,Indian,Sales Executive,"38/44, Kata Nagar",Gurugram,Haryana,654399,Under Review,SRC007,0.91,2025-07-29 21:22:17,2024-05-30 04:36:40
P02418,Raj Singh,R. Singh,1994-12-20,Male,Indian,Business Owner,"80/330
Roy Circle",Pune,Maharashtra,148632,Inactive,SRC003,0.84,2025-07-28 19:58:00,2024-02-15 13:03:25
P02419,Mohit Malhotra,,1973-12-15,Male,Indian,Driver,"H.No. 04, Tandon Circle",Mumbai,Maharashtra,590518,Inactive,SRC012,0.9,2024-05-01 21:00:32,2024-07-24 16:41:54
P02420,Ananya Gupta,,1982-07-27,Male,Indian,Sales Executive,"H.No. 907, Mani Road",Indore,Madhya Pradesh,793911,Active,SRC021,0.82,2025-04-03 22:20:00,2025-04-16 08:17:42
P02421,Vihaan Malhotra,,1970-06-29,Male,Indian,Sales Executive,"H.No. 345, Wable Marg",Jabalpur,Madhya Pradesh,865737,Under Review,SRC015,0.88,2024-10-12 20:08:58,2024-09-27 15:02:37
P02422,Riya Singh,,1976-12-19,Male,Indian,Business Owner,"H.No. 723
Radhakrishnan Marg",Gwalior,Madhya Pradesh,474120,Active,SRC017,0.8,2025-06-27 06:05:47,2025-06-12 13:32:06
P02423,Sanjay Verma,,1967-07-06,Male,Indian,Business Owner,"25/28, Manda",Kota,Rajasthan,439351,Under Review,SRC027,0.79,2025-01-26 07:05:44,2024-05-13 00:58:27
P02424,Ananya Deshmukh,,1988-08-30,Female,Indian,Trader,"75
Sani Street",Pune,Maharashtra,848031,Inactive,SRC012,0.86,2025-02-19 19:33:49,2025-01-24 13:44:24
P02425,Siddharth Patel,,1984-05-09,Male,Indian,Driver,"H.No. 24
Bhavsar Circle",Bengaluru,Karnataka,537642,Under Review,SRC001,0.92,2025-08-16 08:22:48,2026-05-05 10:47:00
P02426,Yash Mehta,,1983-12-11,Male,Indian,Trader,"H.No. 395, Peri Ganj",Kota,Rajasthan,608853,Inactive,SRC013,0.96,2024-06-24 22:59:09,2026-02-23 00:54:23
P02427,Vihaan Khan,,2000-05-04,Male,Indian,Driver,"H.No. 01, Kumar Zila",Hyderabad,Telangana,475473,Active,SRC009,0.83,2025-10-15 19:39:44,2025-09-28 12:57:32
P02428,Isha Tiwari,I. Tiwari,2001-05-03,Female,Indian,Student,"H.No. 99, Sahni Nagar",Nagpur,Maharashtra,819456,Active,SRC005,0.9,2026-08-08 07:01:13,2024-11-23 07:25:33
P02429,Kavya Gupta,,1982-02-10,Male,Indian,Security Guard,"961
Iyer Nagar",Gwalior,Madhya Pradesh,057368,Active,SRC012,0.87,2026-05-29 12:46:07,2025-12-10 14:38:25
P02430,Meera Saxena,,1962-08-05,Female,Indian,Trader,"04/17, Sanghvi Path",Kota,Rajasthan,307218,Active,SRC013,0.83,2025-10-04 09:49:59,2025-05-07 13:56:42
P02431,Ankit Singh,,1991-06-03,Female,Indian,Technician,"69/916, Toor Path",Ujjain,Madhya Pradesh,236341,Inactive,SRC002,0.84,2024-04-25 12:13:34,2024-09-13 13:41:44
P02432,Manish Malhotra,,2001-06-24,Female,Indian,Student,"67/12
Narang Marg",Ahmedabad,Gujarat,281829,Inactive,SRC007,0.92,2026-03-28 09:13:43,2024-06-10 18:11:06
P02433,Yash Gupta,,1982-09-08,Female,Indian,Business Owner,"24/991
Ravel",Pune,Maharashtra,841585,Inactive,SRC021,0.91,2026-05-02 00:35:41,2024-07-07 01:57:59
P02434,Kabir Yadav,K. Yadav,1994-01-17,Male,Indian,Student,"43/763, Wagle Zila",Mumbai,Maharashtra,596707,Active,SRC014,0.97,2026-03-10 09:32:47,2025-02-27 10:57:28
P02435,Arjun Mehta,,1989-05-28,Female,Indian,Accountant,"H.No. 81
Mody Road",Ahmedabad,Gujarat,004075,Inactive,SRC022,0.81,2025-02-03 05:15:59,2024-05-24 23:22:55
P02436,Sneha Joshi,,1997-02-26,Female,Indian,Sales Executive,"H.No. 640, Sunder Chowk",Kanpur,Uttar Pradesh,968228,Active,SRC022,0.89,2025-05-04 17:07:16,2026-05-24 02:51:57
P02437,Varun Verma,,1995-11-17,Male,Indian,Manager,"734
Sunder Road",Kanpur,Uttar Pradesh,519736,Inactive,SRC005,0.91,2025-01-31 20:28:26,2026-03-12 18:16:33
P02438,Isha Agarwal,,1974-01-28,Female,Indian,Consultant,"58
Kohli Chowk",Ujjain,Madhya Pradesh,105392,Active,SRC007,0.9,2024-12-11 00:45:52,2025-11-25 16:05:27
P02439,Kavya Jain,,1960-06-25,Female,Indian,Trader,"77/185
Rattan Ganj",Jabalpur,Madhya Pradesh,174304,Active,SRC029,0.86,2024-02-29 14:43:09,2026-06-18 18:09:57
P02440,Vihaan Saxena,,1975-07-13,Male,Indian,Consultant,"H.No. 413, Rege Zila",Kanpur,Uttar Pradesh,775270,Active,SRC027,0.79,2025-03-01 23:56:18,2026-08-21 20:47:10
P02441,Ananya Jain,A. Jain,2002-08-14,Female,Indian,Security Guard,"H.No. 763
Andra Path",Ujjain,Madhya Pradesh,427299,Inactive,SRC013,0.79,2026-06-11 00:30:34,2025-10-30 23:45:51
P02442,Isha Malhotra,,1968-05-31,Female,Indian,Manager,"67, Deshmukh Marg",Vadodara,Gujarat,702543,Under Review,SRC009,0.88,2026-07-14 02:01:51,2025-01-20 13:37:14
P02443,Kavya Yadav,,2007-11-09,Female,Indian,Technician,"15/84, Mahajan Marg",Jaipur,Rajasthan,256046,Active,SRC012,0.98,2026-02-24 02:42:09,2026-08-20 03:08:35
P02444,Amit Saxena,,1983-10-20,Female,Indian,Student,"36/906, Nagarajan Zila",Hyderabad,Telangana,026134,Inactive,SRC030,0.93,2024-01-29 17:09:26,2025-08-29 23:44:28
P02445,Pooja Bansal,,2008-03-12,Male,Indian,Student,"H.No. 220, Rajagopalan Marg",Jaipur,Rajasthan,665405,Active,SRC029,0.84,2024-08-15 23:38:50,2025-09-09 18:45:57
P02446,Aditya Khan,,1971-11-01,Male,Indian,Security Guard,"69/435, Ganesan Ganj",Surat,Gujarat,178058,Under Review,SRC030,0.78,2026-05-15 10:50:19,2024-08-21 06:53:09
P02447,Sanjay Deshmukh,,2006-12-27,Female,Indian,Sales Executive,"H.No. 73, D’Alia Street",Ahmedabad,Gujarat,678864,Inactive,SRC020,0.81,2024-12-13 06:17:04,2026-03-20 16:34:21
P02448,Kavya Saxena,,1964-06-21,Female,Indian,Trader,"H.No. 10, Apte Chowk",Hyderabad,Telangana,570529,Active,SRC004,0.96,2026-07-09 17:12:32,2024-02-05 03:25:30
P02449,Vikram Sharma,,1977-12-28,Female,Indian,Sales Executive,"H.No. 41
Halder Street",Delhi,Delhi,998962,Active,SRC012,0.94,2026-06-26 14:13:13,2024-11-05 09:05:20
P02450,Siddharth Patel,,1977-12-04,Male,Indian,Consultant,"35, Bakshi Marg",Nagpur,Maharashtra,625515,Active,SRC022,0.98,2024-03-26 00:47:22,2026-02-17 17:30:13
P02451,Neha Tiwari,,2006-03-13,Male,Indian,Student,"51/937
Krishna Circle",Hyderabad,Telangana,312734,Active,SRC010,0.94,2026-01-14 13:40:46,2024-09-01 09:30:41
P02452,Meera Agarwal,,2001-12-11,Male,Indian,Trader,"19/762, Hora Zila",Mumbai,Maharashtra,616461,Under Review,SRC014,0.83,2024-11-07 04:59:17,2026-07-02 04:02:54
P02453,Pooja Yadav,P. Yadav,1998-09-13,Male,Indian,Business Owner,"H.No. 32
Datta Street",Pune,Maharashtra,708101,Under Review,SRC021,0.92,2024-09-19 11:42:21,2025-11-03 07:57:19
P02454,Arjun Rathore,,1966-03-25,Male,Indian,Sales Executive,"H.No. 988
Bassi Road",Lucknow,Uttar Pradesh,374812,Active,SRC003,0.86,2026-05-20 02:19:44,2025-05-16 09:54:09
P02455,Raj Yadav,,1982-07-14,Female,Indian,Technician,"H.No. 080, Varma Path",Ujjain,Madhya Pradesh,580814,Active,SRC007,0.86,2024-01-16 15:28:28,2024-07-29 18:45:10
P02456,Priya Malhotra,,1994-01-01,Female,Indian,Consultant,"H.No. 08, Bava Zila",Dewas,Madhya Pradesh,635869,Inactive,SRC028,0.92,2025-07-28 08:39:39,2025-09-09 15:00:04
P02457,Meera Rathore,M. Rathore,2006-09-14,Male,Indian,Sales Executive,"H.No. 166, Mitter",Bhopal,Madhya Pradesh,021246,Under Review,SRC030,0.95,2026-07-25 19:06:39,2026-03-18 01:33:04
P02458,Aarav Bansal,,1997-03-27,Male,Indian,Accountant,"12/59, Gupta Circle",Kota,Rajasthan,207498,Inactive,SRC015,0.88,2026-03-12 08:20:41,2026-02-01 06:27:15
P02459,Siddharth Mishra,,1971-02-08,Female,Indian,Accountant,"12/60
Dixit",Jaipur,Rajasthan,331465,Active,SRC015,0.78,2025-02-09 23:41:34,2025-10-30 07:17:07
P02460,Karan Verma,,1982-12-08,Female,Indian,Sales Executive,"65, Vala Chowk",Bhopal,Madhya Pradesh,304995,Inactive,SRC030,0.89,2026-04-06 10:21:48,2024-10-22 00:28:28
P02461,Aarav Saxena,,2004-12-14,Male,Indian,Business Owner,"H.No. 16
Pandey Road",Surat,Gujarat,862953,Active,SRC030,0.81,2026-02-11 20:39:09,2024-05-06 16:02:47
P02462,Riya Khan,R. Khan,1964-02-25,Male,Indian,Technician,"H.No. 724, Suresh Circle",Jabalpur,Madhya Pradesh,412613,Inactive,SRC022,0.96,2025-10-13 10:11:36,2025-07-07 03:51:19
P02463,Rahul Patel,R. Patel,1999-03-23,Female,Indian,Accountant,"45
Ranganathan Circle",Kota,Rajasthan,805839,Under Review,SRC023,0.95,2024-08-26 18:35:05,2026-05-10 15:07:50
P02464,Pooja Gupta,,1959-07-07,Male,Indian,Trader,"H.No. 44, Som Street",Jaipur,Rajasthan,988192,Active,SRC030,0.79,2024-01-15 18:25:42,2025-08-18 09:22:54
P02465,Arjun Gupta,,1976-09-08,Female,Indian,Sales Executive,"596, Shanker Street",Jaipur,Rajasthan,223683,Under Review,SRC025,0.86,2024-03-21 16:03:36,2024-06-18 07:38:58
P02466,Nandini Sharma,,1975-01-13,Female,Indian,Accountant,"H.No. 839
Padmanabhan",Bengaluru,Karnataka,780228,Inactive,SRC005,0.93,2024-01-18 06:26:57,2026-04-17 15:35:20
P02467,Yash Saxena,,1983-01-09,Male,Indian,Sales Executive,"29, Patil Road",Mumbai,Maharashtra,269447,Active,SRC021,0.93,2024-08-05 04:23:45,2024-12-20 21:44:34
P02468,Sneha Yadav,,1968-07-23,Male,Indian,Security Guard,"43/910, Grewal Ganj",Pune,Maharashtra,186679,Under Review,SRC020,0.82,2025-09-11 22:41:29,2026-05-14 10:44:54
P02469,Manish Saxena,,1979-03-12,Male,Indian,Technician,"47/720
Buch Zila",Gurugram,Haryana,408384,Active,SRC005,0.83,2024-08-28 05:35:58,2025-03-31 15:09:37
P02470,Amit Mehta,,1986-02-12,Male,Indian,Trader,"H.No. 187
Soni Chowk",Lucknow,Uttar Pradesh,334225,Inactive,SRC003,0.97,2024-07-25 00:37:43,2024-08-07 21:00:38
P02471,Raj Yadav,,1989-01-31,Female,Indian,Manager,"H.No. 25, Sood Chowk",Bhopal,Madhya Pradesh,277457,Inactive,SRC026,0.98,2025-10-18 05:49:18,2024-02-16 14:35:42
P02472,Pooja Bansal,,2008-06-03,Male,Indian,Student,"114
More Circle",Dewas,Madhya Pradesh,036383,Active,SRC004,0.78,2025-07-20 17:02:28,2025-01-20 12:54:16
P02473,Arjun Singh,A. Singh,1996-09-23,Male,Indian,Security Guard,"84/20
Shere Road",Jaipur,Rajasthan,983589,Under Review,SRC018,0.91,2024-10-29 16:11:10,2026-01-02 11:46:08
P02474,Kabir Mehta,,1960-07-10,Female,Indian,Consultant,"39/28
Khurana Path",Gurugram,Haryana,025461,Under Review,SRC028,0.83,2026-04-09 03:58:04,2025-11-24 10:41:45
P02475,Ankit Rathore,,1993-07-30,Female,Indian,Sales Executive,"46/77
Bir Circle",Mumbai,Maharashtra,361395,Active,SRC007,0.99,2025-08-24 16:52:55,2024-10-09 17:32:19
P02476,Rahul Singh,,1990-03-03,Male,Indian,Driver,"11/857, Karpe Street",Jabalpur,Madhya Pradesh,019473,Under Review,SRC010,0.83,2025-04-25 23:34:40,2025-07-09 12:45:40
P02477,Rohan Saxena,,1964-09-08,Male,Indian,Sales Executive,"96/54, Tak",Kanpur,Uttar Pradesh,917822,Active,SRC024,0.98,2024-01-20 18:38:08,2025-06-19 06:53:03
P02478,Ankit Verma,,1990-07-22,Female,Indian,Accountant,"H.No. 142, Reddy Circle",Jaipur,Rajasthan,906251,Inactive,SRC021,0.79,2024-11-09 02:56:32,2024-11-10 15:10:24
P02479,Ankit Jain,,1975-01-08,Male,Indian,Driver,"09/67
Atwal Zila",Gurugram,Haryana,045872,Under Review,SRC004,0.89,2024-09-22 12:41:45,2025-10-03 03:59:16
P02480,Karan Chauhan,,1982-05-05,Male,Indian,Business Owner,"96/652
Mishra",Gurugram,Haryana,051719,Inactive,SRC022,0.85,2025-03-28 04:48:33,2025-12-23 21:11:15
P02481,Riya Tiwari,,1960-12-06,Female,Indian,Sales Executive,"H.No. 33, Kata Path",Ahmedabad,Gujarat,757777,Active,SRC029,0.92,2024-07-25 22:24:25,2026-05-28 19:32:22
P02482,Vikram Chauhan,,1997-10-22,Male,Indian,Security Guard,"58, Naidu Chowk",Dewas,Madhya Pradesh,310497,Inactive,SRC022,0.86,2025-08-06 02:02:53,2024-09-06 19:52:36
P02483,Siddharth Rathore,,1981-08-27,Female,Indian,Consultant,"H.No. 280
Chada Marg",Vadodara,Gujarat,746669,Inactive,SRC002,0.86,2026-01-12 08:18:10,2026-03-21 01:07:26
P02484,Karan Shah,,1971-08-04,Male,Indian,Technician,"17/124, Pillay Ganj",Ujjain,Madhya Pradesh,683032,Active,SRC014,0.99,2024-12-04 20:40:50,2024-07-10 21:36:45
P02485,Karan Mehta,,2005-02-10,Female,Indian,Technician,"25/587
Suri Marg",Ujjain,Madhya Pradesh,507810,Inactive,SRC009,0.78,2025-10-05 08:01:24,2024-06-20 02:37:32
P02486,Nandini Mehta,,1992-10-14,Male,Indian,Manager,"64
Bora Marg",Hyderabad,Telangana,614993,Inactive,SRC015,0.89,2025-09-30 13:00:08,2025-10-14 02:01:42
P02487,Nikhil Khan,,1969-09-25,Male,Indian,Sales Executive,"756
Kumer Road",Bhopal,Madhya Pradesh,909519,Active,SRC009,0.82,2026-03-25 05:52:37,2025-01-17 15:08:37
P02488,Kabir Sharma,,2008-04-08,Female,Indian,Driver,"H.No. 063, Dhillon Marg",Ujjain,Madhya Pradesh,051640,Active,SRC024,0.92,2025-03-09 07:25:13,2025-03-25 20:06:35
P02489,Rohan Agarwal,,1995-06-17,Male,Indian,Student,"H.No. 81, Jayaraman Zila",Ujjain,Madhya Pradesh,373965,Under Review,SRC013,0.88,2026-06-24 20:56:15,2025-04-14 16:43:36
P02490,Siddharth Yadav,S. Yadav,1989-09-23,Female,Indian,Accountant,"59/86, Sharma Chowk",Jaipur,Rajasthan,055489,Active,SRC006,0.87,2025-07-22 23:33:32,2026-01-19 12:00:57
P02491,Meera Rathore,M. Rathore,1981-11-08,Male,Indian,Sales Executive,"99/699, Nanda Zila",Pune,Maharashtra,827002,Inactive,SRC021,0.86,2025-07-12 09:15:28,2024-07-30 00:50:12
P02492,Pooja Sharma,,1993-02-19,Female,Indian,Security Guard,"268, Hayer",Delhi,Delhi,460213,Inactive,SRC012,0.83,2025-02-26 19:49:04,2025-06-14 07:22:25
P02493,Neha Gupta,,1984-12-28,Female,Indian,Accountant,"H.No. 77, Deshmukh Zila",Hyderabad,Telangana,842519,Active,SRC020,0.8,2024-12-09 15:46:29,2025-02-06 12:09:54
P02494,Pooja Chauhan,,1962-01-01,Male,Indian,Security Guard,"55/892
Kannan Street",Surat,Gujarat,528587,Under Review,SRC024,0.94,2025-10-12 03:21:37,2026-04-26 03:30:56
P02495,Neha Joshi,,2003-06-25,Male,Indian,Business Owner,"H.No. 228, Kapoor Street",Dewas,Madhya Pradesh,528789,Active,SRC004,0.9,2025-04-29 09:51:46,2024-12-30 10:49:31
P02496,Nikhil Sharma,,2003-04-03,Female,Indian,Consultant,"64/72
Vora Marg",Vadodara,Gujarat,746455,Inactive,SRC019,0.91,2024-02-02 21:57:46,2025-10-27 23:14:16
P02497,Kavya Agarwal,K. Agarwal,2003-05-30,Male,Indian,Business Owner,"H.No. 018, Bawa Path",Gurugram,Haryana,875645,Active,SRC014,0.98,2025-12-30 21:55:01,2025-12-28 00:00:22
P02498,Deepak Chauhan,,1974-12-06,Female,Indian,Trader,"05/801, Salvi Nagar",Ahmedabad,Gujarat,974476,Inactive,SRC010,0.9,2024-03-18 05:39:59,2024-07-25 10:01:11
P02499,Siddharth Yadav,,1984-10-08,Male,Indian,Student,"36
Rama Road",Ahmedabad,Gujarat,333477,Active,SRC013,0.97,2024-09-26 00:52:43,2025-07-12 13:48:41
P02500,Amit Verma,,2007-05-07,Male,Indian,Business Owner,"92, Sani Street",Nagpur,Maharashtra,819150,Inactive,SRC008,0.85,2024-06-25 10:08:32,2025-04-16 19:55:41
P02501,Ananya Jain,,1968-03-19,Female,Indian,Consultant,"450
Gala Path",Gurugram,Haryana,940504,Under Review,SRC014,0.91,2025-04-05 11:03:21,2026-01-01 06:10:05
P02502,Deepak Yadav,D. Yadav,1959-01-07,Female,Indian,Sales Executive,"96/291
Pant Road",Ujjain,Madhya Pradesh,736609,Under Review,SRC023,0.86,2025-06-02 06:03:02,2025-12-22 11:06:38
P02503,Sanjay Gupta,,1973-11-03,Female,Indian,Business Owner,"81/74, Kata Chowk",Bhopal,Madhya Pradesh,653978,Active,SRC012,0.85,2025-05-27 22:04:51,2025-05-24 19:48:38
P02504,Kabir Bansal,,1998-10-15,Male,Indian,Student,"57/131
Wason",Dewas,Madhya Pradesh,449616,Inactive,SRC008,0.99,2024-08-24 14:14:00,2025-07-03 05:54:01
P02505,Riya Joshi,,1966-11-27,Female,Indian,Manager,"H.No. 77
Mall Chowk",Bengaluru,Karnataka,721238,Inactive,SRC012,0.97,2024-09-23 18:18:01,2025-03-18 19:32:43
P02506,Amit Mishra,,1976-07-01,Female,Indian,Consultant,"18/98, Natarajan Chowk",Pune,Maharashtra,798322,Inactive,SRC024,0.83,2026-03-02 23:57:40,2024-02-09 09:31:58
P02507,Ananya Malhotra,,1997-05-25,Female,Indian,Manager,"H.No. 90, Mangat Path",Ujjain,Madhya Pradesh,173658,Active,SRC013,0.9,2024-12-20 11:36:41,2024-02-01 13:00:09
P02508,Yash Shah,,1994-11-13,Male,Indian,Consultant,"34/42, Rege Road",Pune,Maharashtra,712393,Inactive,SRC019,0.87,2024-08-28 07:04:36,2026-05-09 11:53:29
P02509,Vikram Shah,,1960-06-28,Female,Indian,Business Owner,"H.No. 33
Hayer Path",Nagpur,Maharashtra,975980,Under Review,SRC025,0.92,2025-07-08 22:09:08,2026-08-28 14:22:22
P02510,Priya Tiwari,P. Tiwari,1965-08-24,Male,Indian,Manager,"19/608, Suresh Chowk",Dewas,Madhya Pradesh,788273,Inactive,SRC017,0.87,2025-03-28 12:18:09,2026-07-03 02:01:06
P02511,Yash Rathore,,1970-04-18,Female,Indian,Driver,"39
Kota Circle",Mumbai,Maharashtra,660979,Active,SRC006,0.8,2026-08-26 21:10:54,2025-05-04 15:46:21
P02512,Aarav Shah,A. Shah,1974-04-16,Male,Indian,Driver,"H.No. 044
Batra Path",Delhi,Delhi,296290,Inactive,SRC025,0.79,2025-10-29 17:44:45,2024-01-17 18:04:06
P02513,Sanjay Agarwal,,1980-03-08,Female,Indian,Student,"22/652, Varughese Chowk",Lucknow,Uttar Pradesh,546305,Inactive,SRC011,0.88,2025-08-27 09:08:31,2025-10-14 14:26:49
P02514,Siddharth Singh,S. Singh,1995-04-20,Male,Indian,Business Owner,"11
Sathe Chowk",Jabalpur,Madhya Pradesh,398724,Inactive,SRC009,0.9,2026-02-18 21:43:09,2024-11-03 04:57:40
P02515,Riya Agarwal,,1962-04-15,Male,Indian,Manager,"08/840
Narayan Chowk",Jaipur,Rajasthan,380536,Active,SRC019,0.79,2024-11-25 14:03:42,2025-09-01 17:40:07
P02516,Aarav Singh,A. Singh,1964-11-27,Male,Indian,Accountant,"50/70, Butala Path",Vadodara,Gujarat,069672,Under Review,SRC028,0.88,2024-03-04 01:48:48,2024-05-05 00:32:19
P02517,Riya Chauhan,,1963-02-11,Female,Indian,Accountant,"38/70
Sule Street",Vadodara,Gujarat,379821,Inactive,SRC019,0.85,2024-10-07 23:43:02,2026-07-23 11:13:57
P02518,Priya Rathore,,1986-12-02,Female,Indian,Driver,"H.No. 371
Khurana Chowk",Indore,Madhya Pradesh,639085,Under Review,SRC020,0.83,2025-05-31 08:47:13,2024-02-02 10:32:06
P02519,Aditya Malhotra,,1986-03-12,Male,Indian,Consultant,"81, Savant Marg",Vadodara,Gujarat,386656,Under Review,SRC011,0.86,2024-02-14 16:30:29,2025-01-23 07:33:45
P02520,Vikram Mehta,,1982-03-10,Female,Indian,Business Owner,"57/35
Chaudhry Road",Ujjain,Madhya Pradesh,577250,Active,SRC010,0.97,2024-10-12 17:38:37,2024-06-23 00:10:00
P02521,Rahul Mishra,,1992-10-12,Male,Indian,Business Owner,"H.No. 855, Sem Circle",Dewas,Madhya Pradesh,357845,Active,SRC007,0.85,2026-02-02 00:19:43,2025-09-04 07:01:53
P02522,Manish Khan,,1960-01-15,Male,Indian,Business Owner,"410, Chada Road",Nagpur,Maharashtra,074931,Inactive,SRC008,0.92,2025-01-30 02:28:57,2024-01-14 09:43:38
P02523,Ananya Shah,,1991-11-24,Female,Indian,Security Guard,"11/556
Chakraborty Marg",Kota,Rajasthan,404750,Active,SRC002,0.9,2024-02-10 22:56:12,2026-04-28 03:30:01
P02524,Meera Joshi,,1973-07-29,Female,Indian,Student,"H.No. 892
Sridhar Street",Jabalpur,Madhya Pradesh,699064,Under Review,SRC002,0.81,2025-08-13 14:14:42,2024-10-26 10:35:25
P02525,Kavya Mehta,,1970-01-04,Female,Indian,Driver,"58/036
Kalla Ganj",Gurugram,Haryana,472245,Inactive,SRC009,0.82,2024-11-12 10:14:39,2025-05-11 05:13:11
P02526,Vihaan Agarwal,,1995-08-09,Male,Indian,Sales Executive,"H.No. 833
Bhattacharyya Path",Mumbai,Maharashtra,244966,Active,SRC018,0.95,2025-11-14 09:14:01,2025-10-15 01:42:38
P02527,Sneha Saxena,S. Saxena,1959-06-20,Female,Indian,Student,"04/539, Badami Circle",Bhopal,Madhya Pradesh,886725,Inactive,SRC011,0.82,2024-04-11 16:02:43,2024-01-10 23:15:17
P02528,Pooja Joshi,,1987-01-05,Male,Indian,Security Guard,"70/998, Kade Chowk",Dewas,Madhya Pradesh,709816,Active,SRC020,0.95,2026-08-01 10:52:25,2026-07-22 08:20:11
P02529,Aarav Singh,A. Singh,2004-02-18,Female,Indian,Manager,"038, Raghavan Road",Indore,Madhya Pradesh,281501,Active,SRC007,0.82,2025-01-05 17:37:48,2024-11-12 17:25:32
P02530,Aarav Jain,,2004-12-21,Female,Indian,Student,"573
Dubey Zila",Indore,Madhya Pradesh,361276,Inactive,SRC015,0.79,2025-07-31 11:30:13,2025-03-16 05:06:21
P02531,Ananya Patel,,1966-06-15,Female,Indian,Business Owner,"57/94, Mammen Chowk",Kota,Rajasthan,080989,Inactive,SRC028,0.87,2026-02-01 11:39:35,2024-04-26 12:00:16
P02532,Pooja Rathore,,2003-10-05,Female,Indian,Accountant,"H.No. 571, Bansal Marg",Bengaluru,Karnataka,261447,Under Review,SRC002,0.82,2024-03-26 04:46:56,2025-02-10 02:57:09
P02533,Neha Saxena,N. Saxena,1959-07-21,Male,Indian,Accountant,"H.No. 15
Sani Street",Mumbai,Maharashtra,458296,Under Review,SRC019,0.9,2025-12-19 14:23:44,2024-10-05 02:09:08
P02534,Karan Rathore,,2007-12-16,Male,Indian,Consultant,"H.No. 913
Basu Chowk",Dewas,Madhya Pradesh,987620,Under Review,SRC030,0.98,2025-08-09 15:51:51,2026-02-27 16:46:10
P02535,Rohan Verma,,1998-11-16,Female,Indian,Driver,"965
Muni Street",Jabalpur,Madhya Pradesh,760741,Under Review,SRC026,0.94,2024-10-29 14:18:26,2024-09-11 11:14:16
P02536,Nandini Sharma,,1996-07-30,Male,Indian,Sales Executive,"H.No. 261
Pandey Ganj",Ujjain,Madhya Pradesh,425556,Under Review,SRC026,0.81,2024-03-24 23:35:17,2024-07-11 03:01:01
P02537,Vihaan Saxena,,1999-05-08,Female,Indian,Consultant,"21/384
Parsa Zila",Bhopal,Madhya Pradesh,109542,Under Review,SRC029,0.89,2026-04-27 05:21:27,2025-09-03 11:05:02
P02538,Isha Patel,,1997-01-29,Female,Indian,Technician,"H.No. 05
Thakur Marg",Gurugram,Haryana,848207,Inactive,SRC014,0.8,2024-06-01 03:10:58,2024-03-10 21:09:44
P02539,Kavya Deshmukh,,1977-08-16,Male,Indian,Student,"H.No. 02, Kakar",Dewas,Madhya Pradesh,813267,Inactive,SRC021,0.89,2024-06-03 01:57:38,2024-08-28 18:38:38
P02540,Raj Yadav,,1965-07-22,Female,Indian,Sales Executive,"776
Manne Chowk",Jabalpur,Madhya Pradesh,958819,Inactive,SRC017,0.96,2025-09-09 10:12:59,2024-10-11 23:43:30
P02541,Aditya Khan,,1977-04-18,Male,Indian,Manager,"74/929
Loyal Road",Jabalpur,Madhya Pradesh,136757,Under Review,SRC011,0.86,2024-06-01 17:52:09,2026-04-22 22:36:10
P02542,Pooja Tiwari,,1994-10-13,Male,Indian,Accountant,"84
Agrawal",Ahmedabad,Gujarat,366783,Inactive,SRC008,0.91,2026-01-12 15:33:55,2024-01-31 21:23:34
P02543,Deepak Shah,,1961-07-12,Male,Indian,Sales Executive,"31/779, Om Nagar",Ujjain,Madhya Pradesh,403883,Active,SRC003,0.99,2024-07-03 07:08:22,2024-04-09 01:26:46
P02544,Arjun Bansal,,1973-12-07,Male,Indian,Accountant,"01/66, Zachariah Road",Delhi,Delhi,236280,Under Review,SRC012,0.99,2026-04-25 06:14:03,2026-04-27 18:41:32
P02545,Raj Mishra,R. Mishra,1968-12-29,Male,Indian,Trader,"115
Khosla Road",Bengaluru,Karnataka,815734,Active,SRC028,0.95,2026-02-26 06:33:38,2026-04-17 00:40:40
P02546,Manish Verma,,1987-03-29,Female,Indian,Driver,"H.No. 660, Salvi Circle",Pune,Maharashtra,365046,Under Review,SRC020,0.91,2024-02-06 20:25:15,2024-05-17 08:06:01
P02547,Ananya Saxena,,2004-03-23,Male,Indian,Trader,"478, Deep",Dewas,Madhya Pradesh,518261,Active,SRC006,0.82,2026-07-06 07:26:32,2026-01-25 09:18:33
P02548,Meera Rathore,,1974-11-16,Male,Indian,Accountant,"108
Bali Road",Jaipur,Rajasthan,579970,Under Review,SRC015,0.82,2025-01-19 00:39:22,2025-11-20 22:49:41
P02549,Aarav Saxena,A. Saxena,2002-10-08,Male,Indian,Student,"H.No. 997, Gour Path",Ahmedabad,Gujarat,866508,Active,SRC013,0.92,2024-07-27 15:13:29,2025-06-21 10:21:27
P02550,Priya Malhotra,,1996-07-28,Female,Indian,Accountant,"H.No. 407, Sinha Ganj",Hyderabad,Telangana,087143,Active,SRC024,0.93,2025-07-16 22:37:29,2024-07-08 17:53:40
P02551,Ananya Tiwari,,1958-03-07,Female,Indian,Consultant,"H.No. 056, Rao Street",Mumbai,Maharashtra,702474,Inactive,SRC015,0.96,2025-05-14 19:07:34,2024-11-13 13:18:20
P02552,Sneha Sharma,,1990-12-27,Female,Indian,Security Guard,"H.No. 327, Walia Ganj",Ahmedabad,Gujarat,522932,Under Review,SRC019,0.97,2024-05-11 12:48:59,2025-03-17 06:27:22
P02553,Aarav Malhotra,A. Malhotra,1992-04-19,Male,Indian,Business Owner,"H.No. 01
Kothari Road",Delhi,Delhi,754318,Inactive,SRC020,0.92,2025-06-06 12:08:34,2026-02-05 03:38:13
P02554,Pooja Bansal,P. Bansal,1976-01-30,Female,Indian,Accountant,"80
Soman Nagar",Vadodara,Gujarat,463669,Under Review,SRC015,0.88,2026-03-24 06:27:38,2024-08-23 15:25:57
P02555,Yash Khan,,2000-08-16,Male,Indian,Sales Executive,"50/458
Zacharia Ganj",Jaipur,Rajasthan,500770,Under Review,SRC024,0.85,2025-08-23 09:52:37,2024-02-22 17:57:01
P02556,Vikram Malhotra,,1967-04-10,Female,Indian,Trader,"113
Tella Path",Dewas,Madhya Pradesh,433315,Inactive,SRC026,0.82,2025-10-17 03:35:34,2025-07-19 00:11:29
P02557,Nandini Saxena,N. Saxena,1971-03-02,Female,Indian,Driver,"H.No. 146, Chana Nagar",Hyderabad,Telangana,352062,Inactive,SRC012,0.89,2026-08-17 14:08:53,2026-02-26 14:19:51
P02558,Rohan Deshmukh,R. Deshmukh,1977-03-19,Female,Indian,Manager,"H.No. 642, Rastogi Marg",Jabalpur,Madhya Pradesh,316140,Under Review,SRC030,0.81,2026-05-29 17:27:17,2026-07-16 16:37:08
P02559,Siddharth Agarwal,S. Agarwal,1967-05-17,Female,Indian,Accountant,"H.No. 717, Merchant Zila",Gwalior,Madhya Pradesh,740519,Active,SRC005,0.9,2025-10-09 21:34:31,2025-07-11 04:41:36
P02560,Sanjay Shah,,1959-02-21,Male,Indian,Trader,"00/56, Kaul Chowk",Jaipur,Rajasthan,263595,Under Review,SRC024,0.95,2024-03-25 16:17:04,2026-02-17 04:20:21
P02561,Neha Mishra,,1969-11-03,Female,Indian,Sales Executive,"H.No. 13, Doctor Nagar",Dewas,Madhya Pradesh,867106,Active,SRC014,0.86,2025-02-07 00:42:23,2025-12-23 10:38:55
P02562,Sanjay Malhotra,,1958-10-11,Female,Indian,Driver,"23/57
Sawhney Chowk",Bengaluru,Karnataka,149057,Active,SRC007,0.93,2024-03-24 03:25:50,2024-11-24 00:41:00
P02563,Vikram Tiwari,V. Tiwari,1965-05-18,Male,Indian,Sales Executive,"99/752
Dara Marg",Bhopal,Madhya Pradesh,878989,Active,SRC027,0.91,2026-02-24 10:03:03,2024-04-22 05:33:41
P02564,Kabir Singh,,1999-04-09,Male,Indian,Driver,"H.No. 715, Chander Zila",Gwalior,Madhya Pradesh,424124,Inactive,SRC024,0.84,2025-11-13 18:32:15,2025-05-02 05:32:23
P02565,Priya Patel,,2008-05-13,Female,Indian,Security Guard,"73
Jani Zila",Vadodara,Gujarat,174190,Inactive,SRC018,0.88,2025-10-25 23:14:44,2025-01-26 10:12:45
P02566,Ankit Agarwal,A. Agarwal,1974-01-18,Male,Indian,Security Guard,"08/570
Kumar Ganj",Indore,Madhya Pradesh,117617,Inactive,SRC009,0.9,2024-01-29 03:30:22,2024-04-11 10:49:02
P02567,Vihaan Chauhan,,1990-10-31,Male,Indian,Business Owner,"H.No. 127, Walia Ganj",Ahmedabad,Gujarat,181720,Active,SRC026,0.86,2026-07-01 05:02:41,2026-07-27 18:14:14
P02568,Siddharth Bansal,,1981-08-24,Female,Indian,Accountant,"H.No. 64
Balasubramanian Nagar",Gurugram,Haryana,915426,Inactive,SRC017,0.85,2025-12-04 06:47:12,2025-11-21 10:45:26
P02569,Isha Chauhan,,2002-03-15,Female,Indian,Consultant,"H.No. 11, Mammen Marg",Jaipur,Rajasthan,424114,Under Review,SRC004,0.91,2026-05-04 19:32:05,2025-04-05 06:06:59
P02570,Isha Singh,,2002-06-06,Male,Indian,Driver,"24
Dhingra Circle",Mumbai,Maharashtra,306421,Under Review,SRC005,0.93,2026-02-14 02:04:27,2025-02-15 07:34:21
P02571,Amit Singh,A. Singh,1983-09-28,Male,Indian,Business Owner,"H.No. 389
Chaudhari Path",Dewas,Madhya Pradesh,923466,Inactive,SRC023,0.79,2024-11-05 23:59:49,2024-03-03 21:13:50
P02572,Manish Khan,,1996-02-07,Male,Indian,Driver,"45
Kaur Ganj",Bengaluru,Karnataka,649506,Inactive,SRC024,0.88,2024-02-02 19:43:35,2024-11-10 20:12:16
P02573,Varun Shah,V. Shah,1999-07-27,Female,Indian,Sales Executive,"H.No. 371, Mannan Ganj",Gwalior,Madhya Pradesh,310789,Inactive,SRC019,0.91,2026-04-04 22:31:10,2024-02-14 06:49:10
P02574,Yash Malhotra,,1982-05-01,Male,Indian,Sales Executive,"57/60
Vyas Zila",Hyderabad,Telangana,041544,Under Review,SRC023,0.82,2025-04-20 06:22:17,2026-03-26 04:37:33
P02575,Isha Tiwari,I. Tiwari,1969-12-07,Female,Indian,Student,"35/973
Sridhar Marg",Indore,Madhya Pradesh,168525,Inactive,SRC001,0.93,2026-03-25 02:13:22,2024-03-15 10:30:08
P02576,Isha Khan,I. Khan,1998-11-29,Female,Indian,Accountant,"H.No. 04
Kala Nagar",Indore,Madhya Pradesh,011859,Under Review,SRC006,0.89,2025-01-22 02:04:56,2025-07-10 20:18:35
P02577,Rahul Tiwari,,1980-07-02,Male,Indian,Business Owner,"95/290, Pandya Path",Jaipur,Rajasthan,957928,Inactive,SRC021,0.79,2024-03-06 14:24:45,2024-09-16 16:40:43
P02578,Kavya Khan,,1994-11-23,Male,Indian,Security Guard,"80
Jha Marg",Nagpur,Maharashtra,416119,Under Review,SRC001,0.98,2024-12-02 23:28:57,2024-09-19 03:13:35
P02579,Raj Khan,,1999-02-09,Male,Indian,Manager,"789
Uppal Nagar",Kota,Rajasthan,683112,Under Review,SRC002,0.79,2026-07-23 02:32:32,2026-03-10 11:52:10
P02580,Ankit Tiwari,A. Tiwari,1981-02-23,Female,Indian,Student,"28/22
Khurana Ganj",Kota,Rajasthan,256772,Active,SRC028,0.83,2024-12-02 20:50:29,2026-03-13 07:13:07
P02581,Riya Tiwari,,1993-10-19,Female,Indian,Accountant,"56/16, Sharma Street",Mumbai,Maharashtra,413427,Active,SRC027,0.88,2025-09-27 02:04:54,2025-04-26 05:03:34
P02582,Meera Mehta,,1965-01-04,Male,Indian,Security Guard,"73/742
More Zila",Lucknow,Uttar Pradesh,094207,Inactive,SRC006,0.86,2025-07-31 21:11:13,2026-05-22 04:20:13
P02583,Arjun Jain,,1970-12-23,Male,Indian,Business Owner,"87/199
Dhar Road",Kota,Rajasthan,059253,Active,SRC007,0.81,2026-07-15 14:38:49,2026-05-29 09:50:22
P02584,Varun Khan,,1998-10-24,Male,Indian,Driver,"55/87, Kapur Chowk",Mumbai,Maharashtra,427379,Under Review,SRC018,0.96,2024-12-04 20:00:10,2024-05-24 22:33:48
P02585,Isha Jain,,1984-03-21,Female,Indian,Manager,"12, Dixit",Vadodara,Gujarat,351113,Under Review,SRC028,0.79,2025-09-29 21:38:10,2024-02-19 08:31:37
P02586,Mohit Joshi,,1959-03-03,Female,Indian,Trader,"502
Ravel Road",Indore,Madhya Pradesh,841232,Inactive,SRC004,0.92,2026-03-11 13:27:48,2024-05-02 16:44:04
P02587,Amit Saxena,A. Saxena,1969-04-21,Male,Indian,Consultant,"H.No. 873, Nagy Circle",Hyderabad,Telangana,094391,Active,SRC025,0.8,2024-08-29 20:10:55,2024-01-12 14:45:48
P02588,Rohan Yadav,,1984-07-15,Female,Indian,Driver,"78/37
Gara",Bengaluru,Karnataka,316822,Inactive,SRC030,0.89,2024-12-31 15:18:37,2024-02-22 14:59:14
P02589,Arjun Saxena,,1958-01-01,Male,Indian,Security Guard,"15, Kata Zila",Hyderabad,Telangana,784498,Under Review,SRC010,0.85,2025-06-28 00:22:55,2026-01-21 17:56:41
P02590,Mohit Khan,,1970-03-27,Male,Indian,Student,"747, Dasgupta Ganj",Indore,Madhya Pradesh,337049,Inactive,SRC012,0.93,2024-09-16 09:14:16,2024-06-13 11:39:53
P02591,Sneha Chauhan,,2000-08-17,Male,Indian,Manager,"H.No. 07
Aurora Chowk",Kanpur,Uttar Pradesh,535588,Inactive,SRC019,0.95,2024-05-06 15:41:53,2024-07-17 22:38:51
P02592,Rohan Joshi,,1971-02-15,Male,Indian,Technician,"18/082, Kata",Delhi,Delhi,028477,Inactive,SRC008,0.91,2025-07-29 14:05:40,2025-06-22 09:26:42
P02593,Priya Mishra,,1966-02-18,Female,Indian,Sales Executive,"75/37
Prabhu Zila",Indore,Madhya Pradesh,415330,Under Review,SRC028,0.91,2025-03-10 04:47:16,2024-01-16 16:49:46
P02594,Deepak Malhotra,D. Malhotra,1978-08-18,Female,Indian,Student,"H.No. 633
Chaudhry Zila",Gurugram,Haryana,611955,Under Review,SRC010,0.79,2025-12-24 11:41:21,2024-01-25 20:55:04
P02595,Deepak Shah,,1970-02-28,Male,Indian,Security Guard,"13/403, Tailor Chowk",Bengaluru,Karnataka,703793,Active,SRC018,0.94,2024-01-27 17:44:57,2024-04-04 21:20:53
P02596,Deepak Agarwal,,1985-02-17,Female,Indian,Manager,"H.No. 045, Dayal Circle",Gurugram,Haryana,721624,Under Review,SRC010,0.87,2025-03-12 15:34:51,2025-11-05 01:37:35
P02597,Aditya Bansal,,1964-02-23,Female,Indian,Driver,"47/32
Nagi Path",Mumbai,Maharashtra,652990,Inactive,SRC015,0.83,2024-11-22 05:39:36,2026-05-17 01:08:04
P02598,Sneha Yadav,,1977-04-14,Female,Indian,Accountant,"12/07
Banerjee Street",Lucknow,Uttar Pradesh,789035,Inactive,SRC024,0.9,2025-11-07 13:11:30,2025-11-13 18:30:07
P02599,Kavya Tiwari,,1958-03-29,Female,Indian,Manager,"96/84, Nagy Road",Gwalior,Madhya Pradesh,578174,Under Review,SRC001,0.84,2024-10-13 11:23:02,2024-06-29 10:37:25
P02600,Sanjay Sharma,S. Sharma,2007-02-16,Female,Indian,Business Owner,"H.No. 515
Saini Path",Bengaluru,Karnataka,409201,Inactive,SRC006,0.8,2025-12-10 15:40:12,2025-09-20 13:07:34
P02601,Meera Verma,,1998-05-31,Female,Indian,Business Owner,"H.No. 013, Brar Road",Dewas,Madhya Pradesh,058067,Inactive,SRC013,0.84,2024-01-19 14:08:11,2024-03-11 05:06:05
P02602,Yash Verma,,1970-09-01,Male,Indian,Consultant,"54
Kurian Circle",Indore,Madhya Pradesh,000400,Under Review,SRC027,0.83,2024-10-11 23:32:16,2025-02-05 05:03:11
P02603,Varun Patel,V. Patel,2000-12-24,Male,Indian,Business Owner,"76/83
Wason Road",Pune,Maharashtra,525604,Inactive,SRC016,0.84,2026-08-24 16:45:14,2025-06-20 16:53:09
P02604,Sneha Tiwari,,1988-07-11,Female,Indian,Consultant,"62
Sawhney Path",Kanpur,Uttar Pradesh,013807,Under Review,SRC004,0.9,2025-08-09 04:08:07,2025-12-19 12:57:50
P02605,Amit Jain,A. Jain,1962-03-21,Female,Indian,Technician,"165, Pradhan Street",Indore,Madhya Pradesh,815959,Active,SRC002,0.78,2024-01-22 21:19:07,2024-08-21 18:39:30
P02606,Vihaan Saxena,,1974-12-01,Female,Indian,Driver,"17, Bobal Road",Jaipur,Rajasthan,477631,Under Review,SRC029,0.96,2025-08-31 22:41:47,2025-11-03 03:07:24
P02607,Yash Saxena,Y. Saxena,2003-03-14,Female,Indian,Student,"31/976, Bhardwaj Chowk",Mumbai,Maharashtra,546168,Inactive,SRC004,0.9,2024-09-04 02:55:41,2024-10-11 15:01:27
P02608,Pooja Shah,,1977-01-13,Female,Indian,Student,"H.No. 58
Gole",Mumbai,Maharashtra,418328,Inactive,SRC019,0.79,2026-05-20 13:46:49,2024-03-06 11:50:08
P02609,Pooja Rathore,,1962-02-27,Female,Indian,Sales Executive,"24, Tailor Road",Indore,Madhya Pradesh,975914,Inactive,SRC029,0.91,2026-06-09 17:33:13,2024-10-18 06:07:27
P02610,Vihaan Sharma,,1984-09-17,Male,Indian,Student,"H.No. 094
Nori Marg",Gwalior,Madhya Pradesh,639248,Inactive,SRC029,0.92,2025-12-22 10:21:30,2026-02-17 22:27:37
P02611,Vihaan Jain,,1982-11-18,Female,Indian,Consultant,"73/767, Kumar Marg",Nagpur,Maharashtra,378053,Active,SRC020,0.91,2024-09-23 18:47:26,2024-05-24 00:27:38
P02612,Vihaan Chauhan,,1963-05-11,Female,Indian,Student,"71/62, Sekhon Circle",Gurugram,Haryana,767666,Under Review,SRC029,0.98,2026-01-03 04:53:18,2025-11-04 09:16:15
P02613,Sneha Saxena,,1961-10-31,Male,Indian,Student,"35/26, Date Road",Dewas,Madhya Pradesh,993176,Active,SRC026,0.94,2026-04-21 07:48:11,2025-04-27 19:40:04
P02614,Arjun Joshi,,2005-01-06,Female,Indian,Trader,"56/75, Dada",Vadodara,Gujarat,563967,Active,SRC011,0.98,2024-02-15 03:43:23,2024-10-21 19:54:41
P02615,Pooja Khan,,1971-10-27,Male,Indian,Driver,"71
Bandi Road",Dewas,Madhya Pradesh,770250,Under Review,SRC001,0.85,2025-11-09 09:17:49,2024-12-16 06:08:32
P02616,Rahul Agarwal,,2006-10-08,Female,Indian,Trader,"40/99
Nagi Circle",Delhi,Delhi,525637,Inactive,SRC016,0.97,2024-09-08 08:40:33,2026-05-31 23:30:17
P02617,Manish Tiwari,,2005-04-17,Female,Indian,Technician,"H.No. 55
Ramakrishnan Chowk",Ahmedabad,Gujarat,335420,Under Review,SRC008,0.91,2025-11-20 10:48:52,2026-08-14 07:22:55
P02618,Sanjay Khan,,1959-01-06,Male,Indian,Security Guard,"072
Singhal Chowk",Gwalior,Madhya Pradesh,827695,Active,SRC011,0.78,2025-10-16 02:24:54,2026-05-06 22:52:36
P02619,Sneha Mehta,,1983-01-25,Female,Indian,Accountant,"660
Rout Ganj",Jabalpur,Madhya Pradesh,980276,Active,SRC006,0.93,2025-10-24 22:44:31,2024-10-24 23:07:47
P02620,Riya Deshmukh,R. Deshmukh,1985-04-04,Male,Indian,Student,"500
Rao Chowk",Bhopal,Madhya Pradesh,653777,Active,SRC022,0.82,2025-10-24 09:10:55,2024-09-06 03:14:37
P02621,Aditya Mehta,,1971-11-10,Male,Indian,Trader,"49, Choudhury Zila",Gurugram,Haryana,369507,Inactive,SRC006,0.87,2026-02-20 03:23:11,2024-11-29 20:14:30
P02622,Karan Tiwari,,1966-08-23,Female,Indian,Security Guard,"H.No. 691, Sane Path",Kanpur,Uttar Pradesh,807982,Inactive,SRC023,0.92,2024-07-21 12:56:42,2025-04-10 08:04:03
P02623,Raj Joshi,,1960-01-08,Female,Indian,Sales Executive,"349, Dhaliwal Nagar",Dewas,Madhya Pradesh,743269,Under Review,SRC027,0.85,2026-04-17 05:25:11,2024-06-19 20:23:09
P02624,Ananya Joshi,,1997-06-14,Female,Indian,Trader,"H.No. 801
Pandey Marg",Gwalior,Madhya Pradesh,129464,Inactive,SRC020,0.8,2024-02-08 08:41:09,2024-03-07 07:56:11
P02625,Aditya Verma,,1963-02-15,Male,Indian,Technician,"79/14, Parikh Marg",Surat,Gujarat,112033,Inactive,SRC020,0.8,2025-07-01 16:25:50,2026-05-31 11:18:12
P02626,Deepak Yadav,,2007-09-21,Male,Indian,Technician,"66/69
Dube Road",Ahmedabad,Gujarat,943837,Under Review,SRC007,0.85,2024-12-13 14:25:36,2026-04-18 12:14:41
P02627,Rohan Agarwal,,1995-09-16,Female,Indian,Driver,"884
Kibe Marg",Delhi,Delhi,734850,Inactive,SRC004,0.85,2025-12-16 06:19:46,2024-01-10 11:11:01
P02628,Manish Shah,,2007-09-16,Female,Indian,Manager,"72, Setty Zila",Delhi,Delhi,162505,Active,SRC002,0.85,2024-12-08 23:35:17,2024-06-02 16:13:31
P02629,Mohit Bansal,M. Bansal,1980-04-15,Male,Indian,Driver,"H.No. 48, Shukla Ganj",Kanpur,Uttar Pradesh,687793,Under Review,SRC007,0.87,2025-12-14 23:44:24,2026-05-05 22:26:51
P02630,Riya Mehta,,1984-07-09,Male,Indian,Student,"12/86
Gandhi Chowk",Mumbai,Maharashtra,747869,Active,SRC017,0.88,2024-03-22 05:04:32,2024-10-13 14:39:35
P02631,Raj Khan,R. Khan,1980-04-08,Male,Indian,Trader,"69/65, Manda Street",Kanpur,Uttar Pradesh,573180,Under Review,SRC016,0.82,2024-05-16 22:13:21,2024-10-04 22:45:22
P02632,Manish Tiwari,,1971-02-16,Male,Indian,Technician,"19, Desai Zila",Kota,Rajasthan,337026,Active,SRC004,0.87,2024-12-20 13:46:19,2025-05-29 19:45:05
P02633,Manish Mishra,,1962-10-03,Male,Indian,Technician,"550
Kadakia Zila",Surat,Gujarat,311015,Under Review,SRC008,0.88,2025-05-12 08:32:45,2024-12-25 09:43:37
P02634,Kavya Bansal,K. Bansal,1980-04-04,Male,Indian,Technician,"H.No. 370, Bhatti Nagar",Bhopal,Madhya Pradesh,493175,Inactive,SRC022,0.88,2025-02-07 15:38:39,2024-01-28 00:27:13
P02635,Manish Malhotra,,1983-02-25,Female,Indian,Trader,"H.No. 217, Setty Ganj",Jaipur,Rajasthan,397010,Under Review,SRC013,0.98,2024-04-05 01:38:43,2026-05-07 08:16:03
P02636,Siddharth Chauhan,,1972-06-06,Female,Indian,Accountant,"21, Dugar Circle",Hyderabad,Telangana,400613,Active,SRC027,0.86,2025-05-25 01:32:33,2024-11-21 14:29:59
P02637,Siddharth Deshmukh,,2000-11-03,Female,Indian,Student,"02
Chada Path",Hyderabad,Telangana,358047,Inactive,SRC029,0.85,2024-03-22 04:58:02,2026-03-18 15:20:04
P02638,Yash Shah,,1993-12-10,Male,Indian,Business Owner,"H.No. 450, Mutti Zila",Hyderabad,Telangana,119596,Active,SRC002,0.89,2024-02-26 13:10:26,2026-07-27 02:14:48
P02639,Raj Joshi,,1982-04-01,Male,Indian,Security Guard,"47/796, Bawa Marg",Gurugram,Haryana,485625,Active,SRC027,0.98,2025-04-04 10:42:01,2024-01-09 00:11:06
P02640,Ananya Joshi,A. Joshi,1971-08-12,Male,Indian,Security Guard,"H.No. 64, Ram Nagar",Dewas,Madhya Pradesh,861754,Under Review,SRC014,0.92,2026-05-06 01:19:20,2025-12-19 18:49:30
P02641,Manish Agarwal,,1965-10-18,Female,Indian,Consultant,"H.No. 148
Chatterjee Circle",Dewas,Madhya Pradesh,058019,Under Review,SRC017,0.94,2025-04-30 17:41:40,2026-02-03 11:04:56
P02642,Manish Deshmukh,,1974-07-08,Female,Indian,Trader,"H.No. 826
Raj Chowk",Bengaluru,Karnataka,044414,Active,SRC018,0.97,2026-05-31 16:06:34,2024-09-28 11:02:49
P02643,Nikhil Rathore,,1964-09-04,Female,Indian,Security Guard,"670
Yohannan Circle",Surat,Gujarat,501513,Active,SRC017,0.94,2025-03-02 10:07:45,2025-05-12 23:30:16
P02644,Sneha Shah,S. Shah,1978-11-02,Male,Indian,Trader,"84, Sawhney",Bhopal,Madhya Pradesh,424169,Under Review,SRC019,0.88,2025-10-09 07:42:27,2024-04-23 06:07:28
P02645,Raj Deshmukh,,1965-04-24,Female,Indian,Security Guard,"68, Sarna Zila",Ujjain,Madhya Pradesh,068143,Under Review,SRC007,0.91,2025-02-18 10:27:06,2025-07-15 05:00:05
P02646,Nandini Yadav,,1965-07-13,Female,Indian,Manager,"76/61, Munshi Nagar",Ujjain,Madhya Pradesh,171500,Under Review,SRC010,0.97,2026-02-14 00:39:22,2025-02-24 17:51:44
P02647,Karan Joshi,,1961-10-07,Male,Indian,Student,"H.No. 18
Ahluwalia Nagar",Gwalior,Madhya Pradesh,784284,Inactive,SRC025,0.96,2026-08-05 14:56:53,2024-12-18 19:11:31
P02648,Varun Chauhan,V. Chauhan,1979-12-12,Male,Indian,Accountant,"70
Sangha Marg",Lucknow,Uttar Pradesh,219228,Under Review,SRC001,0.82,2026-01-09 05:03:28,2024-10-18 07:25:22
P02649,Varun Joshi,,2001-09-28,Male,Indian,Driver,"092
Patil Zila",Kota,Rajasthan,725978,Under Review,SRC008,0.91,2024-08-04 01:15:50,2025-02-15 09:48:05
P02650,Mohit Tiwari,,1999-12-09,Female,Indian,Manager,"08/912
Pai Nagar",Ujjain,Madhya Pradesh,476988,Active,SRC029,0.95,2024-01-29 11:12:02,2024-06-20 14:30:08
P02651,Isha Deshmukh,,1997-02-25,Male,Indian,Driver,"20
Kalita Circle",Hyderabad,Telangana,108802,Inactive,SRC015,0.9,2024-12-14 00:27:14,2026-03-12 13:26:11
P02652,Nikhil Joshi,,1959-08-19,Female,Indian,Student,"20, Khosla Marg",Jabalpur,Madhya Pradesh,035595,Under Review,SRC007,0.83,2026-05-11 02:28:50,2025-08-28 22:24:50
P02653,Kavya Saxena,,1973-11-21,Female,Indian,Security Guard,"61
Sachdev Marg",Ujjain,Madhya Pradesh,965863,Under Review,SRC025,0.78,2025-01-10 08:16:35,2026-08-18 05:30:21
P02654,Isha Yadav,,1964-06-09,Female,Indian,Accountant,"687
Dhawan Ganj",Indore,Madhya Pradesh,922545,Active,SRC022,0.86,2024-02-14 18:12:20,2025-06-18 17:47:13
P02655,Isha Patel,,2005-11-16,Male,Indian,Business Owner,"94, Sarna Nagar",Gwalior,Madhya Pradesh,387183,Active,SRC028,0.89,2025-09-10 19:51:20,2024-10-06 17:53:01
P02656,Riya Shah,,1963-08-26,Female,Indian,Technician,"H.No. 066, Zacharia Path",Gurugram,Haryana,843930,Active,SRC008,0.93,2026-01-06 01:01:47,2024-09-26 04:24:22
P02657,Vihaan Shah,,1960-10-30,Female,Indian,Security Guard,"60/897
Rajagopalan Nagar",Bhopal,Madhya Pradesh,937590,Active,SRC028,0.89,2024-10-03 22:37:56,2025-03-30 20:33:29
P02658,Arjun Verma,,1988-10-23,Male,Indian,Consultant,"58/304, Aurora Chowk",Ahmedabad,Gujarat,789027,Active,SRC023,0.88,2025-02-17 23:10:28,2024-12-24 09:12:16
P02659,Ankit Mehta,,2008-07-22,Female,Indian,Accountant,"05/019, Narang Circle",Surat,Gujarat,547388,Inactive,SRC025,0.86,2026-01-23 21:05:54,2025-06-11 07:21:55
P02660,Nandini Yadav,,1966-11-06,Female,Indian,Security Guard,"H.No. 628
Thaker Street",Ujjain,Madhya Pradesh,072553,Under Review,SRC020,0.86,2024-06-27 19:43:57,2024-12-26 10:46:50
P02661,Vikram Gupta,,1964-10-23,Male,Indian,Business Owner,"H.No. 550
Gulati Zila",Vadodara,Gujarat,247117,Under Review,SRC011,0.89,2025-06-21 22:20:02,2025-04-06 04:27:34
P02662,Riya Mishra,,1996-06-20,Female,Indian,Trader,"H.No. 513
Dara",Ujjain,Madhya Pradesh,180514,Under Review,SRC008,0.8,2024-04-09 01:53:58,2024-01-22 11:16:46
P02663,Sanjay Chauhan,,1994-01-16,Female,Indian,Manager,"40, Prakash Road",Jaipur,Rajasthan,569933,Active,SRC012,0.85,2026-02-19 13:23:55,2024-05-29 20:47:14
P02664,Meera Patel,,1978-06-08,Male,Indian,Student,"89, Lanka",Gwalior,Madhya Pradesh,387930,Under Review,SRC020,0.79,2025-07-06 00:46:54,2024-05-26 18:44:07
P02665,Rohan Bansal,,1976-07-09,Male,Indian,Trader,"06/05, Issac Marg",Pune,Maharashtra,071241,Active,SRC028,0.81,2024-07-17 02:07:54,2024-07-18 15:26:14
P02666,Yash Mishra,,2000-10-12,Female,Indian,Accountant,"581, Kapadia",Jaipur,Rajasthan,694364,Inactive,SRC006,0.89,2024-07-20 22:59:40,2025-02-19 23:29:26
P02667,Ankit Malhotra,A. Malhotra,1992-03-31,Female,Indian,Driver,"H.No. 459, Pradhan Road",Nagpur,Maharashtra,815089,Active,SRC029,0.8,2024-11-06 23:38:22,2024-04-15 22:09:59
P02668,Ananya Yadav,,1972-08-22,Male,Indian,Technician,"18/798, Srinivas",Surat,Gujarat,330230,Under Review,SRC028,0.95,2024-09-30 14:22:28,2026-02-27 13:37:20
P02669,Nandini Agarwal,,1968-05-22,Male,Indian,Technician,"88/319, Agrawal Marg",Kota,Rajasthan,509270,Active,SRC002,0.82,2024-09-08 12:37:26,2024-01-24 14:18:17
P02670,Raj Tiwari,R. Tiwari,1973-06-30,Male,Indian,Business Owner,"68
Sibal Road",Indore,Madhya Pradesh,726027,Inactive,SRC005,0.88,2024-11-01 23:41:38,2025-12-14 21:09:56
P02671,Rahul Mishra,,1988-07-29,Male,Indian,Consultant,"680
Jha Path",Jabalpur,Madhya Pradesh,380882,Under Review,SRC009,0.92,2024-07-14 19:31:44,2026-05-09 02:07:50
P02672,Deepak Patel,,1959-11-15,Male,Indian,Manager,"H.No. 199
Gara Circle",Lucknow,Uttar Pradesh,770751,Inactive,SRC026,0.82,2025-05-24 11:59:46,2026-06-16 07:01:35
P02673,Aarav Shah,,1964-09-27,Male,Indian,Student,"86/36, Wable Chowk",Kota,Rajasthan,816896,Inactive,SRC013,0.83,2024-01-11 23:15:14,2025-01-03 04:25:58
P02674,Pooja Deshmukh,,2002-10-07,Male,Indian,Security Guard,"81/27
Batta",Indore,Madhya Pradesh,252846,Under Review,SRC025,0.96,2024-11-09 19:36:44,2026-06-22 19:39:03
P02675,Yash Bansal,,1979-03-17,Female,Indian,Technician,"79/224, Shan Zila",Delhi,Delhi,031080,Active,SRC028,0.93,2025-05-31 19:56:29,2024-09-14 06:21:27
P02676,Sneha Joshi,,1994-08-22,Female,Indian,Sales Executive,"44/878
Basu",Kanpur,Uttar Pradesh,833465,Inactive,SRC004,0.88,2025-06-08 15:04:29,2026-06-12 03:40:56
P02677,Meera Gupta,,1981-01-08,Female,Indian,Security Guard,"02, Kalita Zila",Indore,Madhya Pradesh,806664,Under Review,SRC004,0.95,2024-02-24 14:20:18,2026-06-16 00:12:31
P02678,Pooja Chauhan,,1988-07-26,Male,Indian,Accountant,"43/087
Anand Circle",Nagpur,Maharashtra,782537,Inactive,SRC007,0.9,2024-04-14 00:41:15,2025-02-10 23:23:59
P02679,Pooja Bansal,,2002-05-23,Male,Indian,Security Guard,"H.No. 415
Sur Path",Ujjain,Madhya Pradesh,373142,Inactive,SRC015,0.92,2026-08-04 19:11:02,2024-04-26 05:12:13
P02680,Nikhil Bansal,,1982-01-18,Male,Indian,Student,"24
Majumdar Chowk",Pune,Maharashtra,331782,Inactive,SRC025,0.88,2025-03-13 10:39:45,2025-12-03 21:45:36
P02681,Aarav Malhotra,,1959-08-29,Male,Indian,Manager,"62
Wable Nagar",Gwalior,Madhya Pradesh,078464,Active,SRC020,0.97,2026-05-22 15:55:37,2026-01-13 08:18:37
P02682,Nikhil Gupta,,1974-08-09,Female,Indian,Business Owner,"H.No. 66
Dada Street",Lucknow,Uttar Pradesh,856525,Active,SRC018,0.81,2026-05-28 13:53:40,2025-10-08 01:27:44
P02683,Rohan Saxena,,1973-01-02,Male,Indian,Consultant,"H.No. 86
Sha Marg",Nagpur,Maharashtra,929907,Active,SRC021,0.96,2024-06-06 15:25:33,2026-08-14 03:27:18
P02684,Riya Jain,,1979-02-03,Female,Indian,Trader,"H.No. 601
Lad Path",Ujjain,Madhya Pradesh,382738,Inactive,SRC005,0.78,2025-01-31 03:52:28,2025-06-07 00:47:18
P02685,Pooja Malhotra,P. Malhotra,1968-10-26,Female,Indian,Manager,"23/89, Ramakrishnan Circle",Ujjain,Madhya Pradesh,254686,Under Review,SRC009,0.8,2024-06-30 16:11:28,2025-02-05 03:33:30
P02686,Rahul Khan,,1979-08-21,Male,Indian,Security Guard,"H.No. 356, Tank Path",Nagpur,Maharashtra,808437,Under Review,SRC003,0.79,2025-09-26 05:22:31,2024-03-18 01:31:42
P02687,Mohit Deshmukh,M. Deshmukh,1973-03-31,Male,Indian,Sales Executive,"27, Pau Ganj",Ahmedabad,Gujarat,600126,Inactive,SRC018,0.98,2025-02-05 10:49:03,2024-10-04 15:55:37
P02688,Aarav Shah,,1977-07-30,Female,Indian,Consultant,"61/49, Chacko Nagar",Kanpur,Uttar Pradesh,091665,Under Review,SRC014,0.82,2026-03-22 23:58:06,2025-07-30 20:53:15
P02689,Kabir Saxena,,1974-02-23,Female,Indian,Sales Executive,"H.No. 30
Char Nagar",Ujjain,Madhya Pradesh,846274,Active,SRC010,0.78,2026-04-18 21:59:26,2025-09-25 05:51:23
P02690,Sneha Gupta,,1965-08-22,Male,Indian,Security Guard,"52/258, Toor",Dewas,Madhya Pradesh,307321,Under Review,SRC002,0.79,2025-02-04 13:13:49,2025-01-21 02:56:05
P02691,Manish Chauhan,,1999-07-16,Female,Indian,Accountant,"10/70
Raval Circle",Lucknow,Uttar Pradesh,171340,Active,SRC016,0.78,2025-09-14 01:38:29,2024-12-13 22:40:01
P02692,Raj Chauhan,,2006-02-22,Male,Indian,Business Owner,"H.No. 22
Salvi Chowk",Delhi,Delhi,349465,Active,SRC025,0.79,2024-05-16 08:44:49,2025-02-23 10:00:53
P02693,Yash Joshi,,1992-08-24,Female,Indian,Sales Executive,"H.No. 534
Swaminathan Chowk",Pune,Maharashtra,116028,Active,SRC019,0.86,2024-12-29 21:50:52,2025-07-11 13:00:29
P02694,Amit Tiwari,A. Tiwari,1975-08-22,Female,Indian,Trader,"H.No. 59
Tak Circle",Hyderabad,Telangana,920415,Inactive,SRC020,0.85,2026-05-07 19:12:40,2024-06-08 05:34:18
P02695,Vihaan Patel,,1997-12-05,Female,Indian,Manager,"016, Kashyap Road",Gurugram,Haryana,329774,Active,SRC001,0.95,2024-10-13 22:47:33,2026-01-23 15:00:35
P02696,Rahul Deshmukh,R. Deshmukh,1969-04-05,Male,Indian,Trader,"45/78, Tara Marg",Delhi,Delhi,047724,Active,SRC006,0.8,2025-09-11 02:39:09,2026-01-13 21:01:17
P02697,Rahul Tiwari,,1994-05-11,Female,Indian,Driver,"834
Anne Zila",Jaipur,Rajasthan,710099,Under Review,SRC013,0.88,2025-03-06 08:24:56,2024-10-10 16:51:50
P02698,Kabir Patel,,2007-11-14,Female,Indian,Technician,"93/16, Deep Road",Indore,Madhya Pradesh,282658,Under Review,SRC025,0.84,2024-12-05 05:45:31,2025-08-11 02:58:45
P02699,Amit Patel,A. Patel,2007-02-13,Male,Indian,Security Guard,"489, Agarwal Zila",Gurugram,Haryana,579991,Active,SRC016,0.96,2024-12-17 21:30:00,2026-04-05 16:57:09
P02700,Deepak Malhotra,,1984-08-21,Male,Indian,Sales Executive,"456
Dada Path",Ahmedabad,Gujarat,343440,Active,SRC025,0.84,2025-11-28 08:53:08,2025-03-30 18:40:51
P02701,Riya Singh,,1959-01-14,Male,Indian,Student,"31, Narasimhan Ganj",Dewas,Madhya Pradesh,357845,Active,SRC005,0.85,2025-08-25 15:42:12,2025-12-23 09:08:52
P02702,Rahul Shah,,1968-05-05,Male,Indian,Business Owner,"821, Bora Zila",Nagpur,Maharashtra,642181,Under Review,SRC009,0.84,2024-11-06 17:08:00,2024-09-12 11:40:15
P02703,Sneha Yadav,,1982-12-15,Female,Indian,Manager,"70, Bhardwaj Chowk",Gurugram,Haryana,070950,Active,SRC007,0.92,2025-09-13 05:20:19,2026-06-26 11:04:25
P02704,Amit Saxena,A. Saxena,1977-04-18,Male,Indian,Trader,"762, Jain Road",Surat,Gujarat,657207,Inactive,SRC003,0.92,2025-08-12 23:54:43,2024-02-21 03:46:19
P02705,Yash Agarwal,Y. Agarwal,1995-05-06,Male,Indian,Consultant,"89, Sastry Ganj",Kanpur,Uttar Pradesh,752399,Inactive,SRC027,0.93,2025-08-27 22:18:04,2026-03-24 05:39:57
P02706,Siddharth Tiwari,S. Tiwari,1967-08-16,Male,Indian,Sales Executive,"45/44, Kapur Zila",Vadodara,Gujarat,792826,Active,SRC004,0.9,2026-02-25 17:48:22,2025-12-23 07:44:29
P02707,Arjun Joshi,,1958-07-31,Male,Indian,Sales Executive,"H.No. 15
Murthy",Kanpur,Uttar Pradesh,747871,Inactive,SRC018,0.96,2024-12-17 08:48:37,2024-11-18 13:01:09
P02708,Pooja Agarwal,,1969-02-01,Female,Indian,Consultant,"H.No. 793, Kala Zila",Bengaluru,Karnataka,756196,Inactive,SRC018,0.87,2025-12-30 04:55:32,2026-04-16 04:01:02
P02709,Meera Bansal,M. Bansal,1977-01-08,Female,Indian,Student,"100, Garg Nagar",Kota,Rajasthan,864995,Active,SRC030,0.78,2026-05-13 20:01:14,2026-03-10 11:58:51
P02710,Varun Malhotra,,1991-11-09,Male,Indian,Security Guard,"H.No. 051
Nanda Street",Ahmedabad,Gujarat,806319,Under Review,SRC008,0.87,2025-11-12 06:31:36,2024-11-17 23:18:38
P02711,Priya Tiwari,,1968-09-03,Male,Indian,Manager,"93
Sibal Street",Ujjain,Madhya Pradesh,746226,Active,SRC016,0.84,2026-06-05 05:39:15,2025-10-20 01:31:22
P02712,Riya Shah,R. Shah,1981-12-06,Female,Indian,Business Owner,"H.No. 152, Jhaveri Road",Jabalpur,Madhya Pradesh,207579,Active,SRC013,0.9,2024-07-06 14:37:15,2024-04-04 09:44:42
P02713,Isha Bansal,,2001-08-02,Male,Indian,Accountant,"H.No. 94
Prashad Zila",Mumbai,Maharashtra,596243,Inactive,SRC008,0.84,2025-06-21 22:28:34,2024-01-07 04:06:24
P02714,Karan Bansal,,1986-12-24,Male,Indian,Security Guard,"71, Seshadri Path",Kota,Rajasthan,685070,Active,SRC004,0.83,2024-11-07 20:10:13,2024-04-16 20:14:20
P02715,Varun Mishra,,1985-04-17,Male,Indian,Sales Executive,"H.No. 103
Wali Zila",Surat,Gujarat,720759,Under Review,SRC028,0.78,2024-04-12 13:37:50,2024-09-27 07:43:19
P02716,Aditya Khan,,1995-07-03,Female,Indian,Sales Executive,"19
Rau Marg",Mumbai,Maharashtra,601504,Active,SRC012,0.97,2024-08-16 06:09:32,2026-08-25 22:42:31
P02717,Aarav Gupta,A. Gupta,1996-11-15,Male,Indian,Business Owner,"655, Radhakrishnan Chowk",Mumbai,Maharashtra,756657,Under Review,SRC017,0.86,2026-05-08 13:55:21,2025-12-06 12:56:37
P02718,Kavya Agarwal,,1987-08-28,Male,Indian,Manager,"41
Nazareth Nagar",Jaipur,Rajasthan,685902,Active,SRC001,0.89,2024-08-22 18:54:19,2024-02-23 01:02:37
P02719,Siddharth Shah,S. Shah,1997-08-16,Male,Indian,Student,"21/470
Chaudhari Marg",Ujjain,Madhya Pradesh,537305,Active,SRC001,0.9,2024-07-17 08:04:15,2026-05-01 13:37:00
P02720,Riya Mehta,,1972-10-13,Male,Indian,Accountant,"81, Dixit Marg",Jaipur,Rajasthan,096150,Active,SRC022,0.88,2025-04-11 01:40:30,2026-04-15 10:25:11
P02721,Nandini Yadav,,1960-03-30,Female,Indian,Manager,"H.No. 690
Sant Ganj",Hyderabad,Telangana,059041,Active,SRC013,0.78,2024-04-26 09:28:49,2025-10-01 04:23:01
P02722,Kavya Joshi,,1986-12-13,Male,Indian,Security Guard,"96
Chawla Ganj",Ahmedabad,Gujarat,670996,Inactive,SRC016,0.99,2025-10-16 22:13:23,2025-06-18 16:01:17
P02723,Ankit Jain,A. Jain,1971-07-01,Female,Indian,Accountant,"H.No. 229
Kanda Circle",Bhopal,Madhya Pradesh,878847,Active,SRC014,0.8,2025-03-16 02:32:36,2025-07-01 23:30:04
P02724,Arjun Jain,A. Jain,1983-08-08,Male,Indian,Security Guard,"H.No. 37, Rau Path",Delhi,Delhi,862748,Active,SRC011,0.8,2024-07-01 08:04:21,2025-11-08 05:34:12
P02725,Yash Tiwari,,1958-04-17,Female,Indian,Security Guard,"71/54, Natarajan Chowk",Vadodara,Gujarat,013367,Active,SRC025,0.9,2026-04-14 17:34:22,2025-12-08 04:46:35
P02726,Kavya Agarwal,,1962-02-24,Male,Indian,Consultant,"78
Malhotra Zila",Jabalpur,Madhya Pradesh,828246,Under Review,SRC001,0.79,2024-10-27 06:05:12,2025-08-15 16:18:47
P02727,Rahul Joshi,,1999-12-29,Female,Indian,Business Owner,"37/165, Mallick Nagar",Pune,Maharashtra,315963,Inactive,SRC011,0.86,2025-04-01 12:22:25,2025-06-08 03:21:27
P02728,Siddharth Deshmukh,,1998-04-13,Female,Indian,Student,"91/518, Khurana Zila",Bengaluru,Karnataka,900479,Inactive,SRC015,0.81,2024-02-16 20:36:28,2025-02-24 12:56:29
P02729,Vihaan Patel,,1973-03-28,Female,Indian,Business Owner,"H.No. 581
Chaudhari Path",Bhopal,Madhya Pradesh,942789,Active,SRC023,0.94,2026-05-12 16:39:33,2026-08-30 16:00:50
P02730,Nandini Mehta,N. Mehta,1993-07-16,Male,Indian,Accountant,"26/89, Bail Nagar",Lucknow,Uttar Pradesh,068144,Under Review,SRC015,0.91,2026-04-16 21:52:27,2025-02-21 07:39:25
P02731,Pooja Agarwal,P. Agarwal,1990-03-30,Female,Indian,Sales Executive,"H.No. 177
Mall Street",Indore,Madhya Pradesh,067080,Active,SRC017,0.85,2024-11-29 01:04:00,2025-05-19 20:51:07
P02732,Meera Mehta,,2007-08-01,Female,Indian,Sales Executive,"H.No. 04, Srinivasan",Gurugram,Haryana,957240,Inactive,SRC008,0.95,2024-02-02 13:52:01,2024-02-27 03:13:32
P02733,Nikhil Gupta,,1961-12-05,Male,Indian,Technician,"86/175, Saran",Kota,Rajasthan,249476,Inactive,SRC001,0.78,2024-09-13 20:11:22,2026-07-22 18:54:10
P02734,Aditya Khan,A. Khan,1988-10-12,Male,Indian,Security Guard,"32/51
Barad",Bengaluru,Karnataka,026334,Under Review,SRC011,0.8,2026-06-26 02:14:29,2026-03-23 12:20:09
P02735,Arjun Mishra,,2007-10-27,Female,Indian,Technician,"70
Narang Circle",Ujjain,Madhya Pradesh,268239,Under Review,SRC001,0.84,2025-10-02 22:26:41,2024-12-16 16:18:02
P02736,Riya Chauhan,,1976-07-29,Male,Indian,Trader,"44/821, Virk Ganj",Gwalior,Madhya Pradesh,115576,Under Review,SRC006,0.83,2025-08-08 18:22:48,2026-01-27 15:39:39
P02737,Karan Mishra,K. Mishra,1991-12-14,Male,Indian,Sales Executive,"H.No. 398
Pillay Path",Kota,Rajasthan,237508,Under Review,SRC008,0.89,2026-01-07 15:01:13,2025-08-16 07:54:00
P02738,Deepak Mehta,D. Mehta,1970-01-08,Male,Indian,Accountant,"H.No. 25
Kannan Street",Indore,Madhya Pradesh,434213,Active,SRC019,0.93,2025-07-07 13:50:43,2026-02-15 03:26:20
P02739,Nandini Mishra,,1982-04-13,Male,Indian,Business Owner,"H.No. 62
Ahuja Circle",Ujjain,Madhya Pradesh,335006,Under Review,SRC029,0.84,2025-11-21 07:15:14,2026-04-13 13:19:27
P02740,Raj Saxena,,1974-04-13,Female,Indian,Student,"80/482
Master",Indore,Madhya Pradesh,782862,Inactive,SRC008,0.98,2024-12-21 10:49:00,2024-12-03 22:07:31
P02741,Pooja Malhotra,,1980-02-23,Male,Indian,Consultant,"37/06, Patel Street",Ahmedabad,Gujarat,360805,Under Review,SRC006,0.97,2024-12-08 13:18:35,2024-05-09 09:19:23
P02742,Deepak Mishra,,1992-03-02,Female,Indian,Student,"316
Prakash Chowk",Pune,Maharashtra,115327,Active,SRC004,0.91,2025-12-28 02:07:57,2026-08-19 12:34:01
P02743,Sanjay Jain,,1968-08-20,Male,Indian,Consultant,"H.No. 477
Raghavan Path",Indore,Madhya Pradesh,371379,Inactive,SRC028,0.81,2025-07-25 23:29:27,2025-04-04 18:44:16
P02744,Vikram Saxena,,1984-06-11,Male,Indian,Trader,"828
Borra",Kanpur,Uttar Pradesh,239657,Inactive,SRC018,0.82,2025-10-31 08:36:21,2024-12-19 22:41:31
P02745,Sanjay Patel,,1967-08-18,Male,Indian,Student,"44
Comar Path",Jabalpur,Madhya Pradesh,562220,Inactive,SRC001,0.89,2025-06-11 00:39:47,2026-05-03 02:22:43
P02746,Riya Mishra,,1968-02-25,Female,Indian,Sales Executive,"44
Raju Street",Jaipur,Rajasthan,380718,Active,SRC009,0.99,2025-10-21 11:26:16,2026-07-06 04:45:44
P02747,Nandini Deshmukh,,1959-12-07,Female,Indian,Security Guard,"93/99
Oak Road",Delhi,Delhi,068382,Inactive,SRC017,0.96,2025-08-22 17:04:18,2024-03-09 16:43:35
P02748,Karan Deshmukh,,1965-02-06,Male,Indian,Sales Executive,"H.No. 427
Prakash Circle",Ahmedabad,Gujarat,103630,Under Review,SRC002,0.91,2024-12-16 13:35:17,2025-08-05 08:05:53
P02749,Nikhil Sharma,,1990-11-21,Male,Indian,Security Guard,"509
Mital Marg",Bhopal,Madhya Pradesh,235288,Inactive,SRC017,0.9,2025-06-15 13:09:44,2025-07-20 17:00:11
P02750,Manish Singh,,1998-02-22,Female,Indian,Accountant,"88/860, Biswas Circle",Jabalpur,Madhya Pradesh,071492,Inactive,SRC002,0.84,2026-06-08 09:45:25,2024-07-17 19:41:28
P02751,Amit Chauhan,A. Chauhan,1978-01-30,Male,Indian,Sales Executive,"80, Nath Circle",Kanpur,Uttar Pradesh,443721,Active,SRC011,0.95,2026-03-28 17:19:37,2024-06-18 02:14:59
P02752,Amit Malhotra,,2001-06-22,Female,Indian,Sales Executive,"63
Kapur Circle",Bengaluru,Karnataka,918043,Inactive,SRC009,0.9,2025-05-13 15:21:34,2024-10-16 00:27:10
P02753,Kabir Sharma,,1969-12-11,Female,Indian,Consultant,"75/68
Goda Road",Jaipur,Rajasthan,818018,Under Review,SRC027,0.8,2026-04-05 07:49:55,2025-04-04 18:22:57
P02754,Arjun Patel,,1981-04-07,Male,Indian,Security Guard,"31/126, Sastry Path",Bengaluru,Karnataka,603023,Under Review,SRC003,0.89,2024-04-14 00:03:10,2024-03-11 05:13:46
P02755,Deepak Jain,,1984-08-03,Female,Indian,Accountant,"H.No. 423
Tak Street",Indore,Madhya Pradesh,888118,Inactive,SRC008,0.85,2024-11-04 21:27:01,2026-02-28 23:43:08
P02756,Siddharth Agarwal,,1958-11-26,Male,Indian,Driver,"H.No. 416, De Path",Lucknow,Uttar Pradesh,261891,Under Review,SRC017,0.84,2024-01-10 10:08:27,2024-11-30 19:59:41
P02757,Kavya Mishra,K. Mishra,1962-08-11,Female,Indian,Student,"H.No. 179, Naik Street",Kanpur,Uttar Pradesh,362238,Inactive,SRC028,0.94,2025-09-26 17:30:32,2024-03-14 03:10:24
P02758,Nikhil Patel,,1991-06-17,Male,Indian,Driver,"098, Muni Zila",Gwalior,Madhya Pradesh,146961,Active,SRC027,0.96,2026-04-21 22:37:44,2024-08-17 20:13:16
P02759,Manish Gupta,M. Gupta,1978-03-22,Male,Indian,Accountant,"27
Bansal Street",Nagpur,Maharashtra,509806,Active,SRC004,0.93,2025-12-16 22:53:40,2026-05-21 20:28:26
P02760,Vihaan Agarwal,,1992-11-08,Female,Indian,Business Owner,"335
Choudhury Nagar",Bengaluru,Karnataka,262510,Active,SRC016,0.81,2024-10-30 21:02:39,2026-03-22 00:45:54
P02761,Ananya Bansal,A. Bansal,1971-07-19,Male,Indian,Accountant,"30, Borde Path",Jaipur,Rajasthan,133209,Active,SRC002,0.99,2025-01-20 02:51:39,2024-07-16 12:47:38
P02762,Rahul Patel,,2001-10-13,Male,Indian,Driver,"H.No. 07, Chander Road",Bengaluru,Karnataka,596653,Active,SRC026,0.84,2024-08-18 02:46:44,2024-02-18 12:58:41
P02763,Aarav Gupta,,1998-03-26,Female,Indian,Driver,"85/743, Chaudhuri Ganj",Ahmedabad,Gujarat,800084,Active,SRC004,0.94,2024-04-09 05:14:32,2024-05-17 18:56:42
P02764,Mohit Patel,,1976-11-27,Female,Indian,Business Owner,"H.No. 146
Khosla Circle",Hyderabad,Telangana,465003,Under Review,SRC004,0.97,2025-07-15 22:50:20,2026-01-17 18:54:06
P02765,Pooja Chauhan,,2003-10-11,Female,Indian,Manager,"H.No. 84
Mani Marg",Jabalpur,Madhya Pradesh,018190,Active,SRC024,0.89,2024-05-16 15:39:46,2024-06-13 14:44:44
P02766,Arjun Shah,,1962-07-06,Female,Indian,Security Guard,"H.No. 988
Amble",Ahmedabad,Gujarat,091750,Inactive,SRC028,0.86,2025-03-20 02:43:39,2024-11-30 06:28:43
P02767,Aarav Patel,,2004-07-18,Female,Indian,Technician,"77, Bail Path",Ujjain,Madhya Pradesh,616228,Active,SRC011,0.89,2025-09-02 08:34:56,2024-10-03 02:41:40
P02768,Ananya Patel,,1967-09-06,Male,Indian,Security Guard,"H.No. 68
Tata Circle",Indore,Madhya Pradesh,020487,Under Review,SRC022,0.96,2024-03-19 03:55:51,2024-01-30 01:40:19
P02769,Deepak Bansal,,1969-04-07,Female,Indian,Manager,"476
Chakrabarti Road",Indore,Madhya Pradesh,427197,Active,SRC023,0.83,2026-07-01 08:17:07,2024-11-24 00:19:38
P02770,Arjun Mishra,,1960-12-15,Male,Indian,Manager,"H.No. 95
Aurora Path",Gwalior,Madhya Pradesh,029069,Inactive,SRC027,0.81,2024-12-06 15:20:48,2025-04-02 18:26:14
P02771,Meera Gupta,,2007-05-04,Female,Indian,Consultant,"H.No. 27
Kumar Street",Bengaluru,Karnataka,610909,Inactive,SRC016,0.94,2025-05-21 15:34:09,2024-06-04 04:19:34
P02772,Raj Gupta,,1974-03-01,Male,Indian,Business Owner,"H.No. 64, Barman Chowk",Gurugram,Haryana,360741,Inactive,SRC029,0.87,2025-04-23 16:49:03,2026-02-02 04:11:40
P02773,Riya Patel,,1958-04-27,Female,Indian,Security Guard,"H.No. 25, Jain Path",Indore,Madhya Pradesh,341762,Active,SRC022,0.93,2026-08-25 02:50:27,2025-06-15 05:56:55
P02774,Raj Saxena,,2003-12-14,Male,Indian,Business Owner,"H.No. 17
Lata Path",Vadodara,Gujarat,163790,Active,SRC021,0.83,2024-12-07 12:26:34,2025-06-18 12:46:00
P02775,Riya Agarwal,,1985-12-12,Male,Indian,Accountant,"39, Kakar Ganj",Mumbai,Maharashtra,910829,Inactive,SRC006,0.81,2025-02-15 20:32:48,2025-10-05 02:43:02
P02776,Sneha Patel,,1975-09-21,Female,Indian,Manager,"064, Mall Marg",Jaipur,Rajasthan,764785,Under Review,SRC025,0.86,2025-01-07 02:08:36,2024-11-17 23:02:00
P02777,Nikhil Yadav,,1960-02-08,Female,Indian,Business Owner,"H.No. 01
Kota Road",Nagpur,Maharashtra,570992,Inactive,SRC026,0.87,2025-05-15 17:54:27,2024-04-26 13:42:36
P02778,Priya Saxena,,1965-01-10,Male,Indian,Accountant,"51/438
Naidu Street",Ujjain,Madhya Pradesh,203286,Under Review,SRC028,0.99,2024-11-24 05:44:23,2025-07-03 04:18:57
P02779,Nandini Saxena,N. Saxena,1985-01-16,Male,Indian,Driver,"80/52, Jha Circle",Jabalpur,Madhya Pradesh,530673,Inactive,SRC029,0.84,2026-05-15 12:59:47,2025-12-15 03:15:06
P02780,Rohan Chauhan,R. Chauhan,1985-04-10,Male,Indian,Accountant,"884, Cheema Nagar",Ujjain,Madhya Pradesh,776921,Active,SRC012,0.79,2025-07-19 23:17:09,2025-09-21 05:31:17
P02781,Sneha Bansal,,1995-02-16,Male,Indian,Consultant,"H.No. 719
Banerjee Chowk",Nagpur,Maharashtra,744540,Active,SRC023,0.94,2026-04-06 17:18:27,2025-07-29 03:18:45
P02782,Arjun Deshmukh,,2008-01-28,Male,Indian,Consultant,"H.No. 38, Saraf Chowk",Kanpur,Uttar Pradesh,384315,Under Review,SRC028,0.84,2025-12-25 23:49:14,2024-12-28 14:19:14
P02783,Aditya Jain,A. Jain,1982-12-07,Male,Indian,Student,"79/29
Gole Marg",Indore,Madhya Pradesh,327324,Under Review,SRC026,0.95,2026-07-11 04:19:40,2025-04-20 19:46:02
P02784,Sneha Sharma,,1959-11-09,Male,Indian,Sales Executive,"05/66, Chopra Path",Surat,Gujarat,134307,Active,SRC012,0.97,2025-01-21 10:50:56,2025-09-26 06:38:21
P02785,Ankit Rathore,,1969-06-08,Female,Indian,Consultant,"81
Bandi Marg",Vadodara,Gujarat,191702,Inactive,SRC023,0.95,2025-10-24 07:53:49,2024-06-30 01:28:09
P02786,Vikram Deshmukh,,1969-10-17,Male,Indian,Driver,"43, Krish Chowk",Surat,Gujarat,131843,Active,SRC011,0.78,2024-10-06 11:41:35,2024-07-02 08:30:09
P02787,Arjun Malhotra,,2001-07-03,Male,Indian,Trader,"16/826
Bhattacharyya Zila",Gurugram,Haryana,476207,Under Review,SRC027,0.95,2024-07-18 10:31:22,2025-03-24 19:25:12
P02788,Kavya Mishra,,1982-03-23,Male,Indian,Security Guard,"54/145, Sahni Path",Gwalior,Madhya Pradesh,731168,Inactive,SRC011,0.94,2025-06-03 09:06:36,2025-07-30 10:58:24
P02789,Nandini Patel,,1978-04-20,Male,Indian,Trader,"00, Virk Circle",Jabalpur,Madhya Pradesh,383014,Inactive,SRC011,0.95,2025-06-16 05:43:40,2024-12-22 00:41:29
P02790,Rohan Jain,,1983-07-14,Female,Indian,Security Guard,"56, Venkataraman Nagar",Hyderabad,Telangana,418902,Active,SRC011,0.86,2024-09-30 16:57:24,2026-07-11 09:47:15
P02791,Rohan Chauhan,,1998-10-19,Female,Indian,Sales Executive,"82/61, Jha Chowk",Bhopal,Madhya Pradesh,608736,Active,SRC024,0.86,2026-03-22 23:12:53,2024-03-17 01:57:01
P02792,Rohan Agarwal,,1986-06-07,Female,Indian,Consultant,"13/72, Jaggi Street",Ahmedabad,Gujarat,450308,Inactive,SRC025,0.88,2026-02-04 20:41:56,2024-08-11 15:37:03
P02793,Rohan Verma,R. Verma,1986-08-15,Male,Indian,Business Owner,"47, Kumer Marg",Vadodara,Gujarat,738681,Inactive,SRC007,0.79,2024-07-16 23:18:40,2024-08-15 13:14:22
P02794,Varun Yadav,,1994-10-20,Female,Indian,Trader,"27/818, Patla Zila",Gwalior,Madhya Pradesh,392588,Under Review,SRC021,0.94,2024-08-30 08:17:26,2026-06-26 08:17:54
P02795,Mohit Verma,M. Verma,1962-03-06,Female,Indian,Consultant,"16
Khare Nagar",Mumbai,Maharashtra,841787,Active,SRC017,0.78,2025-01-27 18:22:19,2024-05-30 08:49:47
P02796,Kabir Yadav,,1982-10-26,Female,Indian,Security Guard,"26, Wali Road",Ahmedabad,Gujarat,050391,Inactive,SRC023,0.88,2025-02-10 04:15:54,2025-06-06 12:39:00
P02797,Kabir Chauhan,K. Chauhan,1966-07-11,Male,Indian,Technician,"93, Zachariah",Bhopal,Madhya Pradesh,930822,Inactive,SRC025,0.94,2026-02-04 21:27:40,2025-09-20 19:10:58
P02798,Priya Bansal,,1984-01-12,Female,Indian,Sales Executive,"95
Nadig Ganj",Jaipur,Rajasthan,698232,Under Review,SRC017,0.96,2024-02-11 14:00:24,2024-06-11 20:58:03
P02799,Vihaan Yadav,,1972-12-29,Male,Indian,Business Owner,"H.No. 156
Kashyap Street",Kota,Rajasthan,678019,Inactive,SRC021,0.97,2024-09-28 21:26:43,2025-04-22 22:48:29
P02800,Priya Gupta,,2008-05-31,Male,Indian,Accountant,"12/804
Sarma Road",Jabalpur,Madhya Pradesh,208362,Inactive,SRC007,0.93,2024-10-04 06:34:38,2025-03-10 09:09:02
P02801,Nandini Chauhan,,1983-05-13,Male,Indian,Technician,"378
Sandal Circle",Gurugram,Haryana,732776,Under Review,SRC005,0.83,2024-01-25 15:35:48,2025-02-08 18:46:44
P02802,Varun Mishra,,1996-05-01,Male,Indian,Student,"13/689
Bawa",Lucknow,Uttar Pradesh,574169,Under Review,SRC023,0.79,2025-06-17 23:06:57,2025-09-19 00:24:15
P02803,Karan Bansal,,2006-07-13,Male,Indian,Sales Executive,"33
Prabhu Chowk",Lucknow,Uttar Pradesh,184535,Active,SRC023,0.85,2025-04-13 20:12:48,2025-04-13 15:43:17
P02804,Nikhil Jain,N. Jain,1982-12-18,Male,Indian,Security Guard,"29/45
Kaur Circle",Nagpur,Maharashtra,188374,Under Review,SRC025,0.81,2024-10-30 15:06:02,2026-05-02 12:28:07
P02805,Rahul Shah,,2003-10-10,Female,Indian,Manager,"60/42, Loke Road",Kota,Rajasthan,025670,Inactive,SRC014,0.98,2024-05-31 05:02:05,2026-08-17 11:16:31
P02806,Pooja Sharma,,1999-01-31,Female,Indian,Student,"59/88, Rao Zila",Surat,Gujarat,037632,Inactive,SRC002,0.93,2025-07-27 04:39:47,2024-01-03 11:38:25
P02807,Varun Deshmukh,,2000-03-16,Female,Indian,Technician,"H.No. 37, Chana Road",Delhi,Delhi,698086,Inactive,SRC006,0.87,2024-11-06 05:10:53,2026-04-15 09:38:23
P02808,Aditya Shah,,1958-06-11,Female,Indian,Sales Executive,"H.No. 997
Tandon Nagar",Indore,Madhya Pradesh,931329,Active,SRC016,0.82,2024-10-22 18:47:06,2024-06-10 23:21:37
P02809,Ankit Singh,,1981-09-08,Male,Indian,Business Owner,"42/50
Raval Zila",Delhi,Delhi,755574,Under Review,SRC006,0.82,2025-05-22 08:22:04,2024-07-25 11:01:17
P02810,Neha Singh,N. Singh,1965-03-29,Male,Indian,Trader,"H.No. 705, Bhargava Marg",Gurugram,Haryana,573841,Inactive,SRC021,0.97,2024-02-19 10:07:35,2025-01-28 19:10:35
P02811,Amit Deshmukh,,1997-05-22,Male,Indian,Student,"16
Oza Zila",Gwalior,Madhya Pradesh,176602,Active,SRC002,0.94,2024-10-12 08:44:33,2025-11-05 21:23:40
P02812,Kabir Deshmukh,,1976-11-16,Female,Indian,Consultant,"91/814
Karpe Ganj",Kanpur,Uttar Pradesh,975755,Under Review,SRC013,0.9,2024-09-12 18:14:33,2026-02-03 02:33:21
P02813,Vikram Verma,V. Verma,1977-04-12,Male,Indian,Student,"H.No. 26, Pradhan Nagar",Vadodara,Gujarat,388249,Under Review,SRC001,0.82,2025-11-16 09:50:37,2026-07-15 21:06:58
P02814,Riya Khan,R. Khan,1987-09-05,Male,Indian,Student,"08/187
Varughese Path",Dewas,Madhya Pradesh,414036,Under Review,SRC026,0.9,2026-08-12 15:18:44,2026-07-01 08:38:16
P02815,Arjun Malhotra,,1984-07-08,Female,Indian,Trader,"H.No. 12
Dara Marg",Dewas,Madhya Pradesh,790229,Active,SRC002,0.87,2024-07-21 15:56:23,2024-01-22 10:12:35
P02816,Aarav Mehta,,1990-08-24,Male,Indian,Accountant,"H.No. 31
Chad Street",Delhi,Delhi,455799,Active,SRC013,0.97,2025-08-03 11:02:05,2026-06-13 20:43:36
P02817,Deepak Verma,,1981-12-01,Male,Indian,Consultant,"68
Deep Chowk",Surat,Gujarat,063657,Under Review,SRC007,0.82,2026-04-20 04:52:52,2026-08-06 21:01:10
P02818,Amit Yadav,,1980-03-19,Female,Indian,Student,"51/041, Rastogi Ganj",Dewas,Madhya Pradesh,776795,Under Review,SRC008,0.96,2026-02-21 19:40:32,2025-09-30 16:54:04
P02819,Riya Yadav,,1990-07-02,Female,Indian,Student,"24/967, Sidhu Ganj",Dewas,Madhya Pradesh,967557,Active,SRC030,0.9,2025-07-20 21:21:58,2024-04-25 01:50:27
P02820,Raj Jain,R. Jain,1964-05-30,Female,Indian,Technician,"H.No. 40
Yohannan Street",Hyderabad,Telangana,438826,Inactive,SRC002,0.81,2026-03-28 18:18:22,2025-03-10 19:21:06
P02821,Nikhil Deshmukh,,1986-10-24,Female,Indian,Driver,"667, Verma Road",Bengaluru,Karnataka,899690,Under Review,SRC020,0.83,2025-05-20 08:08:45,2025-04-10 23:57:22
P02822,Yash Jain,,1979-04-15,Male,Indian,Trader,"H.No. 18, Naik Ganj",Jabalpur,Madhya Pradesh,949044,Active,SRC018,0.96,2024-09-10 09:08:31,2024-09-28 07:24:41
P02823,Kabir Shah,,1981-01-11,Male,Indian,Technician,"544
Dora Path",Gwalior,Madhya Pradesh,861095,Under Review,SRC002,0.84,2024-09-02 17:25:42,2026-03-15 21:06:58
P02824,Pooja Shah,P. Shah,1965-12-27,Female,Indian,Student,"H.No. 07
Chana Path",Kota,Rajasthan,914603,Inactive,SRC013,0.92,2025-03-12 17:10:17,2024-06-12 19:04:38
P02825,Sneha Khan,,1986-03-04,Female,Indian,Technician,"568, Contractor",Delhi,Delhi,858777,Active,SRC019,0.88,2024-01-01 09:54:41,2025-12-01 03:36:55
P02826,Yash Shah,Y. Shah,1975-12-10,Male,Indian,Security Guard,"993, Ghose",Vadodara,Gujarat,679746,Under Review,SRC014,0.84,2026-03-03 11:33:39,2024-03-30 12:09:43
P02827,Aarav Mishra,,2007-10-10,Female,Indian,Business Owner,"H.No. 862
Ray Marg",Gurugram,Haryana,861633,Active,SRC002,0.89,2026-01-14 22:22:49,2025-01-16 17:39:18
P02828,Priya Patel,,1998-01-06,Male,Indian,Manager,"032, Dayal Marg",Hyderabad,Telangana,986409,Active,SRC006,0.82,2024-09-03 00:53:43,2025-01-20 19:13:47
P02829,Aditya Saxena,,1998-12-09,Male,Indian,Manager,"77/05
Ramesh Ganj",Ahmedabad,Gujarat,434954,Active,SRC009,0.83,2024-04-10 09:35:03,2024-04-15 23:54:06
P02830,Siddharth Verma,,1981-05-22,Male,Indian,Technician,"H.No. 801, Wali Street",Hyderabad,Telangana,482800,Active,SRC008,0.82,2026-02-07 12:43:48,2025-07-27 07:29:34
P02831,Aarav Khan,,1999-08-20,Male,Indian,Sales Executive,"650
Pant Road",Pune,Maharashtra,869690,Inactive,SRC029,0.92,2024-02-07 07:29:47,2024-03-18 11:32:45
P02832,Sanjay Saxena,S. Saxena,1966-04-23,Male,Indian,Technician,"152, Atwal Road",Bhopal,Madhya Pradesh,157584,Inactive,SRC011,0.95,2025-11-07 10:05:49,2024-05-21 11:10:47
P02833,Priya Verma,,1979-04-02,Female,Indian,Accountant,"H.No. 277
Hora",Pune,Maharashtra,335694,Under Review,SRC007,0.94,2026-05-30 02:01:56,2024-01-20 09:14:52
P02834,Vikram Gupta,,1985-10-16,Male,Indian,Student,"H.No. 76
Chacko Marg",Dewas,Madhya Pradesh,295064,Active,SRC019,0.87,2024-03-04 13:33:55,2024-07-27 00:47:27
P02835,Aarav Tiwari,,1984-12-08,Male,Indian,Driver,"73/265, Kala Street",Indore,Madhya Pradesh,655461,Active,SRC027,0.98,2024-05-04 00:47:01,2025-10-03 07:04:12
P02836,Karan Malhotra,K. Malhotra,1960-10-22,Male,Indian,Trader,"67/264
Ben Road",Ujjain,Madhya Pradesh,989289,Inactive,SRC025,0.91,2024-04-21 10:21:23,2024-10-18 23:23:03
P02837,Sanjay Deshmukh,,1968-05-21,Male,Indian,Driver,"542
Sani Path",Bengaluru,Karnataka,860781,Active,SRC008,0.98,2026-03-24 02:59:50,2024-08-29 08:41:18
P02838,Ankit Gupta,,2006-06-30,Female,Indian,Manager,"75/134
Sheth Nagar",Ujjain,Madhya Pradesh,918505,Inactive,SRC009,0.81,2025-11-10 22:26:29,2025-06-05 05:06:04
P02839,Nandini Sharma,,2007-01-28,Female,Indian,Driver,"H.No. 554
Panchal Marg",Jaipur,Rajasthan,206906,Under Review,SRC007,0.97,2024-04-15 17:11:06,2025-08-30 09:09:35
P02840,Sanjay Deshmukh,,1997-07-25,Male,Indian,Student,"73/72
Khare Path",Gwalior,Madhya Pradesh,315846,Inactive,SRC003,0.93,2024-10-28 00:32:37,2026-07-28 20:10:34
P02841,Arjun Rathore,,1988-01-24,Female,Indian,Sales Executive,"H.No. 28
Nagi Nagar",Vadodara,Gujarat,009231,Inactive,SRC028,0.98,2025-07-13 11:11:21,2026-06-27 20:49:24
P02842,Mohit Joshi,,1960-02-09,Female,Indian,Consultant,"73/05
Bala Ganj",Jabalpur,Madhya Pradesh,343292,Inactive,SRC004,0.97,2026-05-06 04:09:48,2024-05-18 08:22:37
P02843,Rohan Sharma,,2003-03-31,Female,Indian,Accountant,"55/628
Tank Road",Bengaluru,Karnataka,657833,Active,SRC001,0.9,2025-08-01 06:03:21,2025-08-09 02:21:56
P02844,Kabir Tiwari,,1997-02-01,Male,Indian,Consultant,"H.No. 095, Zacharia Zila",Nagpur,Maharashtra,787828,Active,SRC007,0.81,2026-07-03 20:29:01,2024-01-15 17:13:02
P02845,Arjun Mehta,,2000-11-03,Female,Indian,Technician,"28
Sehgal Ganj",Vadodara,Gujarat,018986,Active,SRC011,0.8,2026-03-02 15:43:41,2025-09-06 02:54:31
P02846,Rahul Singh,,1987-09-07,Male,Indian,Consultant,"07
Om Road",Gwalior,Madhya Pradesh,256703,Active,SRC022,0.96,2026-06-06 13:42:30,2025-03-11 10:13:56
P02847,Varun Yadav,,2005-07-29,Female,Indian,Sales Executive,"H.No. 87
Bera Path",Gurugram,Haryana,207520,Inactive,SRC015,0.91,2024-09-02 06:38:45,2026-02-10 17:37:53
P02848,Rohan Saxena,,1987-07-12,Male,Indian,Driver,"43, Bail",Nagpur,Maharashtra,484773,Under Review,SRC018,0.83,2025-08-20 07:16:06,2024-02-10 07:33:01
P02849,Sneha Malhotra,,1972-11-10,Male,Indian,Manager,"H.No. 07
Chaudhuri Ganj",Surat,Gujarat,189011,Active,SRC024,0.97,2024-06-24 23:46:38,2026-01-06 20:14:19
P02850,Aarav Agarwal,,1996-04-17,Male,Indian,Student,"916
Krishnan",Kanpur,Uttar Pradesh,616664,Inactive,SRC021,0.86,2025-04-15 08:43:46,2026-08-22 06:05:35
P02851,Siddharth Gupta,,1982-08-05,Male,Indian,Manager,"H.No. 27, Salvi Path",Mumbai,Maharashtra,208313,Under Review,SRC018,0.87,2024-01-12 03:03:34,2024-01-06 00:37:45
P02852,Arjun Saxena,,1995-03-26,Male,Indian,Technician,"83/215, Batra Street",Bengaluru,Karnataka,741664,Inactive,SRC023,0.89,2024-07-24 02:29:24,2024-02-06 15:59:19
P02853,Manish Mishra,M. Mishra,1976-12-08,Female,Indian,Security Guard,"831
Swaminathan Marg",Nagpur,Maharashtra,324644,Inactive,SRC024,0.89,2025-04-06 09:25:05,2024-02-07 02:34:10
P02854,Rahul Tiwari,,1960-02-17,Female,Indian,Student,"H.No. 673
Setty Chowk",Dewas,Madhya Pradesh,141810,Under Review,SRC026,0.88,2024-02-28 08:15:23,2024-06-05 14:17:46
P02855,Ankit Khan,,1988-09-06,Female,Indian,Student,"98
Cheema Nagar",Indore,Madhya Pradesh,705647,Inactive,SRC005,0.92,2025-09-12 11:59:08,2025-10-21 16:48:51
P02856,Pooja Khan,,1995-06-03,Male,Indian,Technician,"57
Bail",Vadodara,Gujarat,367594,Under Review,SRC012,0.8,2026-01-17 11:16:33,2026-06-25 12:15:55
P02857,Siddharth Chauhan,,2007-07-04,Male,Indian,Sales Executive,"99/93, Wadhwa Chowk",Dewas,Madhya Pradesh,865230,Inactive,SRC001,0.94,2025-06-07 12:28:13,2024-10-08 05:01:06
P02858,Raj Khan,,2000-06-24,Female,Indian,Sales Executive,"H.No. 30, Ghosh Road",Vadodara,Gujarat,700026,Inactive,SRC015,0.82,2026-07-16 05:32:53,2025-03-31 23:01:14
P02859,Amit Gupta,,1974-11-19,Male,Indian,Business Owner,"H.No. 39
Mannan Marg",Hyderabad,Telangana,638251,Active,SRC028,0.98,2024-04-11 06:52:24,2026-04-10 17:19:10
P02860,Kavya Khan,,1964-11-11,Male,Indian,Consultant,"H.No. 358, Chakraborty Street",Pune,Maharashtra,263308,Under Review,SRC019,0.82,2026-01-15 23:19:03,2024-02-21 12:02:54
P02861,Aarav Sharma,,2005-11-30,Female,Indian,Student,"08/86
Chhabra Zila",Bengaluru,Karnataka,580443,Active,SRC027,0.93,2024-02-28 10:55:10,2026-08-13 01:41:20
P02862,Vihaan Singh,,1992-06-03,Female,Indian,Technician,"21
Deol Zila",Kota,Rajasthan,168109,Active,SRC019,0.86,2025-05-31 11:16:31,2024-04-02 04:39:30
P02863,Rahul Khan,,2007-11-11,Female,Indian,Business Owner,"63
Dave Path",Ujjain,Madhya Pradesh,526737,Active,SRC023,0.83,2024-04-21 10:52:35,2024-01-13 03:46:59
P02864,Aditya Verma,,1996-09-04,Male,Indian,Technician,"68/64
Mohanty Marg",Ujjain,Madhya Pradesh,473594,Active,SRC018,0.91,2025-02-20 04:22:57,2025-07-07 21:37:56
P02865,Rohan Khan,,1967-06-07,Male,Indian,Driver,"H.No. 25
Nadkarni Street",Ahmedabad,Gujarat,768997,Under Review,SRC008,0.86,2025-11-29 01:52:32,2026-02-28 08:07:13
P02866,Aarav Verma,,1968-12-11,Male,Indian,Trader,"H.No. 660
Dyal Ganj",Kota,Rajasthan,701409,Inactive,SRC022,0.79,2024-12-09 09:48:25,2025-09-21 00:38:16
P02867,Ankit Malhotra,A. Malhotra,1960-10-26,Female,Indian,Business Owner,"15/199
Kapadia Marg",Jaipur,Rajasthan,304772,Inactive,SRC014,0.96,2024-11-23 16:41:38,2025-07-29 01:17:14
P02868,Ankit Agarwal,,1961-07-05,Female,Indian,Business Owner,"H.No. 95, Karpe Ganj",Mumbai,Maharashtra,162906,Active,SRC019,0.85,2024-06-29 04:25:07,2025-12-16 06:17:46
P02869,Deepak Khan,,1983-08-15,Male,Indian,Trader,"66/030
Warrior",Mumbai,Maharashtra,518343,Inactive,SRC022,0.81,2024-09-23 17:03:10,2025-07-06 02:32:26
P02870,Vikram Patel,,1978-06-13,Male,Indian,Student,"80
Tara Circle",Mumbai,Maharashtra,934724,Active,SRC001,0.92,2026-05-27 18:02:30,2024-09-10 13:16:27
P02871,Kavya Deshmukh,,1993-07-25,Male,Indian,Student,"21
Swaminathan Circle",Nagpur,Maharashtra,309647,Inactive,SRC005,0.98,2024-10-20 06:47:24,2025-08-09 10:22:42
P02872,Ananya Patel,,1967-12-03,Female,Indian,Driver,"34/87
Gera Nagar",Jaipur,Rajasthan,162890,Under Review,SRC007,0.88,2025-06-25 11:06:21,2024-12-05 00:59:23
P02873,Deepak Rathore,,1984-07-04,Female,Indian,Student,"27, Jha Chowk",Jaipur,Rajasthan,125812,Active,SRC014,0.96,2025-10-14 07:16:25,2026-07-14 07:36:17
P02874,Rahul Malhotra,,1986-04-02,Male,Indian,Consultant,"63
Amble Road",Bengaluru,Karnataka,197447,Inactive,SRC026,0.79,2025-02-17 20:12:09,2025-11-26 17:17:45
P02875,Sanjay Joshi,,2001-01-03,Female,Indian,Business Owner,"H.No. 69, Varty Marg",Gwalior,Madhya Pradesh,169217,Active,SRC027,0.96,2024-12-26 16:44:31,2025-03-24 22:01:41
P02876,Yash Deshmukh,,1970-04-18,Female,Indian,Sales Executive,"84/547, Narain Nagar",Hyderabad,Telangana,057458,Active,SRC029,0.82,2026-07-18 05:05:47,2025-04-16 14:37:27
P02877,Raj Jain,,1979-01-24,Female,Indian,Driver,"41/38
Dani Ganj",Delhi,Delhi,760783,Inactive,SRC006,0.83,2024-07-10 04:50:47,2025-08-13 06:26:09
P02878,Nikhil Mishra,,1985-03-30,Female,Indian,Manager,"H.No. 52, Yadav Road",Surat,Gujarat,603534,Inactive,SRC015,0.9,2024-04-14 23:18:08,2025-02-16 11:19:27
P02879,Aarav Khan,,1999-12-27,Female,Indian,Accountant,"14
Chauhan Zila",Vadodara,Gujarat,014739,Inactive,SRC027,0.94,2025-09-15 13:48:46,2025-10-24 03:21:08
P02880,Amit Tiwari,A. Tiwari,1961-09-21,Female,Indian,Sales Executive,"83/58, Manda Road",Hyderabad,Telangana,127712,Active,SRC017,0.87,2026-05-12 16:52:55,2026-08-11 04:42:06
P02881,Ananya Malhotra,,1993-03-26,Male,Indian,Manager,"85
Agrawal Ganj",Ujjain,Madhya Pradesh,744794,Inactive,SRC008,0.89,2024-01-14 15:08:27,2025-05-26 22:54:30
P02882,Sanjay Joshi,,1991-03-06,Female,Indian,Sales Executive,"92/29, Rau Nagar",Gurugram,Haryana,199658,Active,SRC013,0.93,2025-12-29 15:08:33,2024-02-02 01:08:02
P02883,Vikram Joshi,,1993-02-02,Male,Indian,Manager,"64, Date Path",Hyderabad,Telangana,587280,Active,SRC016,0.89,2026-06-22 17:17:06,2024-08-19 13:50:25
P02884,Karan Mishra,,2002-06-23,Female,Indian,Driver,"26
Arya Nagar",Bhopal,Madhya Pradesh,598018,Inactive,SRC008,0.88,2026-01-17 15:47:54,2025-05-12 15:33:25
P02885,Nandini Bansal,,1958-01-09,Female,Indian,Business Owner,"H.No. 053, Yogi Chowk",Nagpur,Maharashtra,868722,Inactive,SRC024,0.86,2024-02-19 17:39:48,2026-01-05 08:29:23
P02886,Raj Yadav,,1967-05-24,Female,Indian,Student,"H.No. 081
Garde Marg",Vadodara,Gujarat,397662,Inactive,SRC005,0.92,2024-04-19 19:14:12,2024-09-18 20:20:59
P02887,Ankit Jain,,1975-06-09,Male,Indian,Technician,"80/70, Sha Street",Jaipur,Rajasthan,929428,Under Review,SRC010,0.97,2025-02-01 20:37:17,2024-11-19 03:57:36
P02888,Aditya Bansal,,1996-11-19,Male,Indian,Business Owner,"H.No. 92, Iyer Marg",Vadodara,Gujarat,495591,Active,SRC015,0.88,2024-02-21 14:02:23,2024-05-16 23:51:30
P02889,Ananya Khan,,1997-02-19,Male,Indian,Security Guard,"558, Pall Circle",Hyderabad,Telangana,283463,Inactive,SRC011,0.79,2025-09-22 03:40:27,2026-03-05 00:11:39
P02890,Deepak Tiwari,D. Tiwari,1962-08-22,Male,Indian,Technician,"H.No. 905
Sura Path",Jaipur,Rajasthan,302961,Inactive,SRC025,0.97,2024-09-21 12:47:56,2025-07-23 09:16:34
P02891,Vihaan Joshi,,1991-10-20,Male,Indian,Trader,"94/167, Narang",Bhopal,Madhya Pradesh,027989,Inactive,SRC030,0.87,2025-10-25 19:24:59,2025-11-02 02:25:05
P02892,Varun Jain,V. Jain,1971-09-08,Female,Indian,Trader,"11/89
Solanki Zila",Mumbai,Maharashtra,845848,Under Review,SRC007,0.78,2025-12-19 17:34:28,2024-09-20 03:32:27
P02893,Ankit Rathore,,1970-10-20,Male,Indian,Sales Executive,"26/28, Rao Circle",Gwalior,Madhya Pradesh,807200,Under Review,SRC006,0.87,2025-06-26 09:30:58,2025-10-06 03:05:48
P02894,Meera Rathore,,1975-10-20,Male,Indian,Manager,"H.No. 974, Nagy Ganj",Hyderabad,Telangana,529255,Active,SRC025,0.89,2026-08-25 14:35:08,2026-05-30 05:10:18
P02895,Varun Bansal,,1996-05-25,Female,Indian,Manager,"08/46
Arya",Kota,Rajasthan,158123,Active,SRC013,0.88,2025-01-04 21:58:06,2024-05-28 05:33:59
P02896,Rahul Shah,,1993-07-23,Male,Indian,Security Guard,"47/00
Pai Street",Kota,Rajasthan,906724,Under Review,SRC020,0.96,2025-11-06 15:53:28,2026-01-30 00:17:00
P02897,Varun Rathore,V. Rathore,1960-04-01,Female,Indian,Technician,"72
Walia Road",Jaipur,Rajasthan,747630,Active,SRC028,0.92,2026-07-07 10:32:43,2025-06-01 01:51:16
P02898,Manish Shah,M. Shah,1974-09-01,Male,Indian,Trader,"89/091, Bansal Nagar",Jabalpur,Madhya Pradesh,347418,Active,SRC009,0.92,2024-01-14 23:18:40,2024-09-14 00:35:02
P02899,Raj Mishra,,1997-03-10,Female,Indian,Trader,"22/305, Sood",Ujjain,Madhya Pradesh,733682,Active,SRC014,0.86,2026-06-24 15:08:41,2026-04-06 01:13:23
P02900,Kabir Verma,,1976-12-15,Male,Indian,Manager,"H.No. 55
Narula Street",Ujjain,Madhya Pradesh,856850,Under Review,SRC029,0.96,2025-12-06 03:36:39,2025-02-18 16:35:31
P02901,Mohit Gupta,,1977-04-12,Male,Indian,Manager,"26/48
Choudhury Chowk",Hyderabad,Telangana,000255,Under Review,SRC030,0.81,2024-09-11 03:23:39,2025-09-15 18:22:10
P02902,Arjun Tiwari,,1975-01-15,Female,Indian,Accountant,"479, Palla Circle",Jabalpur,Madhya Pradesh,948447,Active,SRC015,0.8,2024-01-06 21:20:58,2026-03-07 03:59:55
P02903,Isha Sharma,,1992-10-30,Female,Indian,Manager,"H.No. 05
Kala Marg",Kanpur,Uttar Pradesh,706951,Inactive,SRC006,0.87,2026-04-09 17:25:08,2025-05-23 11:10:42
P02904,Manish Khan,,1987-10-15,Male,Indian,Driver,"875, Pall",Indore,Madhya Pradesh,942298,Under Review,SRC025,0.83,2026-07-02 20:21:59,2025-10-09 05:05:00
P02905,Sanjay Agarwal,,1970-03-23,Male,Indian,Consultant,"H.No. 19, Sharma",Bengaluru,Karnataka,118016,Inactive,SRC025,0.9,2025-03-05 13:35:38,2026-02-01 14:41:46
P02906,Amit Yadav,,1972-09-09,Male,Indian,Driver,"04, Agate Circle",Indore,Madhya Pradesh,927143,Under Review,SRC011,0.95,2025-10-27 23:19:03,2025-07-11 23:00:50
P02907,Deepak Gupta,,1971-07-04,Male,Indian,Consultant,"34/76
Walla Circle",Indore,Madhya Pradesh,861618,Active,SRC018,0.97,2025-10-09 08:08:31,2026-02-22 10:24:42
P02908,Isha Malhotra,,1977-03-17,Male,Indian,Driver,"08/43
Sachdeva Zila",Pune,Maharashtra,217900,Inactive,SRC024,0.89,2026-04-16 07:59:55,2024-07-07 11:38:52
P02909,Amit Rathore,,1960-12-21,Male,Indian,Student,"H.No. 557
Bhatia Road",Lucknow,Uttar Pradesh,845958,Under Review,SRC013,0.98,2026-01-11 22:18:39,2026-07-05 23:48:49
P02910,Karan Jain,,1979-04-08,Male,Indian,Driver,"H.No. 91
Sagar Street",Gwalior,Madhya Pradesh,307837,Inactive,SRC021,0.96,2026-04-23 09:59:16,2024-04-16 05:56:11
P02911,Meera Shah,,1984-03-14,Male,Indian,Technician,"H.No. 94, Garg Zila",Jabalpur,Madhya Pradesh,459232,Active,SRC007,0.98,2026-02-28 00:17:31,2025-11-05 07:47:13
P02912,Pooja Verma,,1960-07-07,Male,Indian,Student,"H.No. 55, Brahmbhatt Chowk",Gwalior,Madhya Pradesh,627435,Under Review,SRC010,0.79,2024-04-09 21:52:43,2026-02-01 03:44:41
P02913,Meera Verma,M. Verma,1988-02-11,Male,Indian,Security Guard,"270
Jha Street",Mumbai,Maharashtra,740281,Under Review,SRC029,0.96,2024-02-13 06:30:12,2025-01-05 01:40:47
P02914,Riya Mehta,R. Mehta,1997-07-05,Male,Indian,Security Guard,"34
Johal Road",Delhi,Delhi,460263,Active,SRC020,0.98,2024-08-27 00:08:49,2024-12-22 17:47:01
P02915,Raj Khan,,1971-11-01,Female,Indian,Business Owner,"29/870
Narayanan Street",Ahmedabad,Gujarat,151435,Under Review,SRC028,0.78,2026-04-11 09:25:09,2024-04-02 17:53:51
P02916,Rohan Bansal,,1964-05-02,Female,Indian,Manager,"68/504, Wason Road",Lucknow,Uttar Pradesh,260235,Active,SRC021,0.92,2024-10-06 13:08:24,2025-04-02 21:02:54
P02917,Neha Malhotra,N. Malhotra,2002-05-30,Male,Indian,Student,"H.No. 553
Ravi Nagar",Ujjain,Madhya Pradesh,139004,Under Review,SRC022,0.8,2024-12-21 16:48:41,2025-05-31 11:52:05
P02918,Yash Chauhan,Y. Chauhan,1988-06-28,Female,Indian,Student,"H.No. 23
Behl Road",Gwalior,Madhya Pradesh,056833,Inactive,SRC005,0.78,2024-11-21 10:30:44,2026-07-13 08:55:42
P02919,Vihaan Bansal,,1978-03-01,Male,Indian,Manager,"81/82
Lad Circle",Jabalpur,Madhya Pradesh,997486,Active,SRC015,0.79,2025-07-18 04:37:37,2024-02-11 04:47:45
P02920,Pooja Khan,,2002-04-04,Female,Indian,Consultant,"33
Aggarwal Circle",Kota,Rajasthan,926609,Inactive,SRC007,0.85,2025-10-17 14:29:21,2024-01-10 18:28:31
P02921,Yash Chauhan,,1970-07-07,Female,Indian,Security Guard,"H.No. 175
Nath Nagar",Dewas,Madhya Pradesh,655899,Under Review,SRC027,0.96,2025-09-08 17:16:22,2025-12-28 09:58:56
P02922,Meera Sharma,M. Sharma,1990-08-04,Female,Indian,Sales Executive,"69/72
Jaggi Street",Ujjain,Madhya Pradesh,420430,Inactive,SRC006,0.92,2024-02-29 14:30:27,2024-08-20 14:57:34
P02923,Nikhil Gupta,,1960-12-08,Male,Indian,Sales Executive,"H.No. 697, Koshy Zila",Kota,Rajasthan,359114,Active,SRC015,0.86,2026-08-13 12:42:29,2024-05-23 00:23:30
P02924,Aarav Khan,,1960-03-10,Female,Indian,Student,"61/22, Dugar Ganj",Kanpur,Uttar Pradesh,140245,Under Review,SRC002,0.83,2024-10-16 21:38:52,2024-05-21 17:02:47
P02925,Ankit Yadav,A. Yadav,1995-04-27,Female,Indian,Accountant,"430, Kashyap Street",Indore,Madhya Pradesh,000132,Inactive,SRC011,0.81,2025-03-11 12:07:37,2026-07-01 21:54:09
P02926,Pooja Agarwal,,1966-05-28,Male,Indian,Student,"H.No. 35, Suresh Nagar",Bhopal,Madhya Pradesh,353295,Inactive,SRC017,0.94,2026-08-04 21:38:18,2024-04-23 10:14:26
P02927,Ananya Tiwari,,2005-08-29,Female,Indian,Business Owner,"948
Reddy Road",Delhi,Delhi,640897,Active,SRC028,0.86,2025-03-21 23:54:11,2026-06-27 17:22:27
P02928,Ananya Malhotra,,1968-08-29,Male,Indian,Technician,"H.No. 08, Acharya Ganj",Lucknow,Uttar Pradesh,090633,Under Review,SRC019,0.87,2025-01-01 13:06:46,2024-05-05 09:08:40
P02929,Mohit Jain,,2006-01-15,Female,Indian,Student,"56/726, Suri Zila",Lucknow,Uttar Pradesh,629245,Active,SRC007,0.98,2026-02-28 17:41:59,2025-10-12 11:03:53
P02930,Vikram Mishra,,1986-11-07,Female,Indian,Manager,"38
Mital Street",Bhopal,Madhya Pradesh,821462,Under Review,SRC017,0.87,2025-07-31 23:16:21,2024-06-10 06:41:02
P02931,Siddharth Mehta,,2008-03-29,Female,Indian,Manager,"813, Nanda Circle",Jabalpur,Madhya Pradesh,235906,Inactive,SRC030,0.96,2024-05-20 15:28:57,2025-10-25 05:30:16
P02932,Priya Khan,,1997-01-04,Female,Indian,Sales Executive,"H.No. 144
Garg Zila",Jabalpur,Madhya Pradesh,522924,Under Review,SRC017,0.86,2026-02-28 01:49:34,2025-01-12 09:33:06
P02933,Kabir Mishra,,1992-02-11,Male,Indian,Student,"35/04, Dugar Marg",Hyderabad,Telangana,374153,Inactive,SRC013,0.8,2026-04-15 20:57:06,2025-06-21 21:22:35
P02934,Deepak Shah,,1999-02-08,Male,Indian,Technician,"878, Patla",Hyderabad,Telangana,905309,Inactive,SRC020,0.99,2025-09-13 18:06:29,2024-09-17 17:34:13
P02935,Nandini Deshmukh,,1986-04-20,Male,Indian,Accountant,"50/82
Sood Path",Jabalpur,Madhya Pradesh,323007,Inactive,SRC025,0.9,2024-01-05 08:34:53,2025-02-13 23:50:59
P02936,Mohit Chauhan,,2002-12-25,Female,Indian,Trader,"48/46
Mane Chowk",Kanpur,Uttar Pradesh,529148,Under Review,SRC006,0.86,2024-08-30 20:57:06,2024-12-22 19:56:52
P02937,Pooja Mishra,,1990-08-19,Male,Indian,Consultant,"H.No. 869
Dewan Street",Indore,Madhya Pradesh,025254,Under Review,SRC006,0.79,2026-05-18 05:14:12,2024-04-10 12:20:32
P02938,Riya Malhotra,,1963-04-23,Male,Indian,Technician,"H.No. 56, Mitter Street",Bengaluru,Karnataka,266768,Active,SRC020,0.89,2024-01-26 11:07:39,2025-09-21 21:13:18
P02939,Rahul Deshmukh,R. Deshmukh,1986-09-20,Male,Indian,Student,"H.No. 596
Sule Road",Ujjain,Madhya Pradesh,336424,Active,SRC001,0.78,2026-03-30 15:29:04,2024-11-12 03:16:45
P02940,Aditya Agarwal,A. Agarwal,1967-10-19,Female,Indian,Student,"H.No. 654, Dey Ganj",Ahmedabad,Gujarat,143403,Active,SRC027,0.91,2025-04-10 12:53:43,2024-12-01 21:48:39
P02941,Isha Mehta,,2003-01-16,Male,Indian,Business Owner,"109
Nayak Zila",Ahmedabad,Gujarat,830953,Inactive,SRC024,0.98,2025-12-07 23:42:55,2026-07-11 14:14:12
P02942,Aditya Gupta,A. Gupta,1995-10-16,Male,Indian,Security Guard,"526, Sawhney Road",Ahmedabad,Gujarat,787067,Under Review,SRC016,0.85,2025-09-24 23:04:34,2025-10-11 22:46:23
P02943,Meera Tiwari,M. Tiwari,1972-06-25,Female,Indian,Technician,"63/07, Sharma Nagar",Gurugram,Haryana,010124,Under Review,SRC013,0.84,2026-08-30 13:19:02,2026-08-01 17:49:00
P02944,Isha Singh,,1984-05-18,Female,Indian,Manager,"H.No. 69, Dave Road",Ahmedabad,Gujarat,187490,Under Review,SRC021,0.81,2024-01-25 19:54:34,2024-09-06 06:14:45
P02945,Varun Khan,,1961-03-21,Male,Indian,Business Owner,"07/231, Ghose Road",Pune,Maharashtra,499306,Under Review,SRC030,0.88,2024-10-08 08:32:21,2026-05-14 04:41:28
P02946,Amit Mishra,,1962-01-13,Male,Indian,Manager,"H.No. 704, Borde Ganj",Bengaluru,Karnataka,550315,Inactive,SRC018,0.97,2025-12-09 06:51:19,2025-05-14 16:44:46
P02947,Ankit Singh,,1985-09-13,Male,Indian,Technician,"60, Saxena Marg",Hyderabad,Telangana,141483,Inactive,SRC018,0.81,2024-12-02 05:35:25,2024-03-11 00:43:47
P02948,Aarav Mehta,,1978-03-25,Male,Indian,Business Owner,"H.No. 427
Behl Chowk",Gurugram,Haryana,153861,Inactive,SRC020,0.87,2024-04-11 21:21:51,2024-11-21 21:50:38
P02949,Arjun Bansal,,1963-08-30,Female,Indian,Sales Executive,"714
Pingle Ganj",Kota,Rajasthan,410616,Under Review,SRC030,0.93,2026-07-26 11:18:10,2024-01-11 03:16:12
P02950,Pooja Agarwal,,1970-08-30,Female,Indian,Trader,"553
Banik Zila",Indore,Madhya Pradesh,371220,Inactive,SRC004,0.93,2025-03-02 20:47:33,2024-11-09 05:11:19
P02951,Sanjay Jain,,1959-04-18,Female,Indian,Manager,"H.No. 24
Varughese Nagar",Ujjain,Madhya Pradesh,096925,Inactive,SRC028,0.86,2026-01-15 01:49:35,2024-08-12 00:28:13
P02952,Aarav Verma,,1969-08-23,Male,Indian,Sales Executive,"H.No. 099, Khanna",Gurugram,Haryana,914009,Active,SRC016,0.99,2025-08-17 15:44:19,2025-05-06 10:22:06
P02953,Nikhil Verma,,1966-01-26,Male,Indian,Business Owner,"19/228
Sem Circle",Pune,Maharashtra,159492,Active,SRC023,0.85,2026-02-17 21:47:20,2024-09-14 13:00:19
P02954,Yash Shah,,1967-06-13,Male,Indian,Security Guard,"H.No. 266
Ghose Road",Bengaluru,Karnataka,386966,Inactive,SRC007,0.82,2026-05-20 02:11:08,2025-06-17 21:21:12
P02955,Vihaan Gupta,,2002-06-26,Female,Indian,Consultant,"H.No. 12, Deshmukh",Ahmedabad,Gujarat,243067,Inactive,SRC028,0.87,2025-04-03 00:51:56,2025-08-23 20:34:27
P02956,Raj Deshmukh,,1969-08-01,Female,Indian,Student,"78
Apte Zila",Indore,Madhya Pradesh,082408,Active,SRC015,0.94,2025-08-16 05:14:11,2024-08-05 01:30:58
P02957,Raj Mishra,,1975-12-15,Female,Indian,Driver,"157, Gokhale",Jabalpur,Madhya Pradesh,823661,Active,SRC023,0.96,2026-03-17 06:08:17,2025-01-11 21:58:58
P02958,Amit Joshi,,1966-01-12,Male,Indian,Trader,"29, Dada Path",Ujjain,Madhya Pradesh,660869,Under Review,SRC002,0.99,2025-02-15 20:12:01,2024-04-17 09:00:19
P02959,Ananya Tiwari,A. Tiwari,1962-02-16,Male,Indian,Sales Executive,"40/39, Gole Nagar",Vadodara,Gujarat,673608,Under Review,SRC019,0.85,2025-02-10 03:35:36,2026-05-14 00:14:57
P02960,Karan Saxena,,1968-03-19,Female,Indian,Business Owner,"H.No. 666
Sangha Chowk",Jaipur,Rajasthan,550800,Under Review,SRC027,0.8,2024-11-26 14:03:07,2026-06-15 13:53:15
P02961,Kavya Saxena,K. Saxena,1992-04-15,Female,Indian,Security Guard,"30/69, Patel Street",Lucknow,Uttar Pradesh,980556,Under Review,SRC003,0.93,2026-06-22 01:36:51,2024-10-30 05:10:09
P02962,Kavya Patel,,1961-08-21,Female,Indian,Consultant,"H.No. 243
Bhatti Marg",Surat,Gujarat,050299,Inactive,SRC023,0.95,2025-08-16 13:11:48,2024-02-11 03:59:44
P02963,Ankit Saxena,,1978-01-06,Male,Indian,Student,"81/498, Sachar Ganj",Pune,Maharashtra,849032,Active,SRC021,0.88,2026-03-25 23:17:32,2024-04-01 03:28:44
P02964,Mohit Sharma,,1980-03-26,Male,Indian,Business Owner,"H.No. 767, Prabhu Path",Bhopal,Madhya Pradesh,043753,Under Review,SRC010,0.85,2025-12-18 21:21:05,2024-04-12 09:00:08
P02965,Manish Patel,,1999-06-01,Male,Indian,Accountant,"22/950
Kota Circle",Kanpur,Uttar Pradesh,039036,Under Review,SRC030,0.95,2025-04-27 07:38:12,2025-06-24 05:23:28
P02966,Raj Singh,R. Singh,1980-03-20,Male,Indian,Accountant,"75
Nair Ganj",Dewas,Madhya Pradesh,534743,Under Review,SRC013,0.86,2025-08-05 07:09:44,2024-05-12 22:34:29
P02967,Kabir Verma,,1957-09-21,Female,Indian,Consultant,"078, Bal Nagar",Pune,Maharashtra,781010,Under Review,SRC023,0.94,2024-08-30 08:28:13,2024-05-19 10:30:04
P02968,Priya Yadav,,2001-10-22,Male,Indian,Student,"416, Bakshi Nagar",Kanpur,Uttar Pradesh,578851,Inactive,SRC006,0.91,2026-05-12 16:27:27,2025-01-22 19:46:40
P02969,Sanjay Mehta,,1986-05-11,Female,Indian,Manager,"44
Bava Road",Jaipur,Rajasthan,394616,Active,SRC028,0.82,2026-07-21 17:28:11,2024-05-17 11:52:32
P02970,Vikram Joshi,V. Joshi,1992-10-31,Male,Indian,Accountant,"72/610
Luthra Path",Kota,Rajasthan,260284,Under Review,SRC015,0.84,2026-04-08 10:29:28,2025-02-05 03:18:44
P02971,Riya Sharma,,1994-06-11,Male,Indian,Student,"H.No. 895, Zachariah Marg",Lucknow,Uttar Pradesh,499339,Inactive,SRC002,0.89,2025-03-13 15:28:05,2024-09-24 00:27:19
P02972,Yash Tiwari,,1967-05-15,Male,Indian,Manager,"02/38, Sastry Road",Gurugram,Haryana,144433,Active,SRC002,0.99,2025-10-13 13:05:42,2026-01-17 12:12:04
P02973,Ananya Patel,,2003-10-10,Male,Indian,Security Guard,"09/085
Nori Chowk",Bengaluru,Karnataka,794763,Under Review,SRC027,0.93,2024-04-11 20:40:08,2025-11-27 00:18:16
P02974,Meera Agarwal,M. Agarwal,1991-01-08,Male,Indian,Sales Executive,"90/024, Gandhi",Pune,Maharashtra,852346,Inactive,SRC013,0.8,2025-12-05 21:14:49,2025-10-02 16:53:14
P02975,Sanjay Tiwari,,1973-11-08,Male,Indian,Technician,"H.No. 676, Virk Nagar",Nagpur,Maharashtra,010665,Active,SRC026,0.86,2025-05-07 00:30:37,2025-08-27 21:31:45
P02976,Kabir Patel,,1983-04-10,Female,Indian,Business Owner,"42/565, De Circle",Gwalior,Madhya Pradesh,854044,Inactive,SRC015,0.95,2025-09-01 02:30:40,2024-01-18 06:47:31
P02977,Priya Khan,P. Khan,1969-07-13,Male,Indian,Manager,"834
Ramakrishnan Marg",Jabalpur,Madhya Pradesh,814498,Inactive,SRC022,0.78,2025-01-15 17:41:33,2024-02-12 08:57:13
P02978,Mohit Malhotra,,1988-07-11,Female,Indian,Trader,"H.No. 32
Kapoor Circle",Vadodara,Gujarat,530707,Under Review,SRC023,0.98,2026-05-17 22:39:47,2026-02-15 08:44:29
P02979,Vihaan Tiwari,,1962-12-29,Male,Indian,Driver,"H.No. 87, Sandal Circle",Jabalpur,Madhya Pradesh,150833,Inactive,SRC025,0.79,2026-06-23 19:06:35,2024-09-26 16:02:51
P02980,Ankit Mehta,,1973-12-04,Male,Indian,Manager,"82/94, Mahajan Path",Bengaluru,Karnataka,833788,Inactive,SRC014,0.96,2024-04-15 03:11:46,2025-09-25 00:54:47
P02981,Mohit Chauhan,M. Chauhan,1996-01-23,Female,Indian,Sales Executive,"507
Kapadia Road",Kota,Rajasthan,039500,Active,SRC011,0.93,2025-03-07 07:33:24,2025-02-20 06:03:27
P02982,Siddharth Chauhan,,1980-06-09,Male,Indian,Sales Executive,"H.No. 00
Gupta Path",Indore,Madhya Pradesh,760367,Under Review,SRC013,0.8,2024-07-22 08:03:50,2026-08-28 12:05:14
P02983,Raj Agarwal,R. Agarwal,1961-02-18,Female,Indian,Security Guard,"H.No. 74, Parekh Zila",Indore,Madhya Pradesh,632956,Inactive,SRC001,0.83,2025-02-08 12:26:13,2024-03-03 15:38:12
P02984,Ankit Bansal,A. Bansal,1971-09-16,Male,Indian,Student,"43/648, Borde Path",Jaipur,Rajasthan,827577,Active,SRC002,0.86,2024-07-16 11:39:50,2026-01-11 21:15:43
P02985,Vikram Mishra,,1961-02-25,Male,Indian,Security Guard,"H.No. 174
Purohit Zila",Indore,Madhya Pradesh,000925,Under Review,SRC003,0.92,2025-02-05 04:28:23,2025-05-11 23:06:40
P02986,Amit Malhotra,,1967-12-26,Male,Indian,Business Owner,"62/78
Som Ganj",Indore,Madhya Pradesh,765402,Active,SRC019,0.79,2024-08-06 08:27:20,2026-07-02 13:10:16
P02987,Arjun Khan,,1981-09-11,Male,Indian,Business Owner,"H.No. 51, Seth Ganj",Bhopal,Madhya Pradesh,028265,Active,SRC012,0.81,2026-02-15 02:22:45,2025-09-19 10:58:06
P02988,Yash Malhotra,Y. Malhotra,1979-09-05,Male,Indian,Trader,"936
Pathak Chowk",Surat,Gujarat,275454,Inactive,SRC019,0.88,2024-01-14 12:01:57,2026-01-28 01:06:22
P02989,Yash Saxena,,1987-06-18,Male,Indian,Student,"75/95, Khalsa Path",Pune,Maharashtra,422094,Active,SRC002,0.91,2025-03-02 04:58:29,2024-11-18 17:42:20
P02990,Raj Mishra,R. Mishra,2002-10-29,Female,Indian,Technician,"58
Apte Ganj",Bhopal,Madhya Pradesh,876927,Inactive,SRC030,0.84,2024-03-01 18:01:26,2026-04-14 11:16:12
P02991,Sanjay Malhotra,,1983-10-03,Male,Indian,Business Owner,"28/715
Kaul Circle",Nagpur,Maharashtra,430299,Inactive,SRC010,0.94,2025-11-01 13:26:22,2025-03-29 13:29:51
P02992,Yash Agarwal,,1994-03-24,Male,Indian,Security Guard,"H.No. 42
Bhat Road",Ahmedabad,Gujarat,948046,Active,SRC004,0.9,2025-05-16 15:23:48,2025-01-09 20:01:23
P02993,Neha Tiwari,,1994-08-05,Female,Indian,Technician,"76/34, Sura Street",Gwalior,Madhya Pradesh,477115,Under Review,SRC012,0.89,2025-03-09 09:42:11,2025-03-19 18:56:14
P02994,Manish Agarwal,,1982-03-04,Female,Indian,Sales Executive,"H.No. 61, Dugar Marg",Surat,Gujarat,736713,Active,SRC020,0.95,2025-12-23 00:24:43,2025-12-03 23:43:17
P02995,Nikhil Singh,,1967-09-28,Female,Indian,Business Owner,"H.No. 319
Rao Zila",Gwalior,Madhya Pradesh,616246,Inactive,SRC023,0.87,2025-08-23 15:51:52,2025-06-14 19:27:26
P02996,Aarav Jain,A. Jain,1994-07-17,Female,Indian,Sales Executive,"62
Thakkar Zila",Kota,Rajasthan,247922,Inactive,SRC018,0.87,2024-09-07 16:15:14,2025-01-28 21:19:51
P02997,Deepak Sharma,,2007-05-27,Male,Indian,Student,"07
Ramanathan Zila",Ahmedabad,Gujarat,148957,Inactive,SRC001,0.81,2025-08-16 05:21:13,2024-11-20 23:09:32
P02998,Nikhil Mehta,,1985-01-17,Male,Indian,Driver,"529, Bhakta Circle",Vadodara,Gujarat,934137,Inactive,SRC007,0.92,2024-08-20 17:15:31,2024-11-27 21:47:34
P02999,Aditya Yadav,,1964-03-24,Male,Indian,Student,"11
Murty Path",Pune,Maharashtra,218195,Inactive,SRC026,0.8,2024-03-22 23:17:31,2024-03-30 14:13:36
P03000,Amit Verma,,1988-06-15,Male,Indian,Technician,"06, Sodhi Chowk",Vadodara,Gujarat,931316,Active,SRC006,0.83,2026-05-27 09:30:47,2024-10-16 16:43:47
P03001,Aditya Gupta,,1970-02-07,Female,Indian,Trader,"642, Naidu Path",Pune,Maharashtra,353321,Under Review,SRC009,0.79,2024-02-02 04:06:55,2024-06-05 03:54:31
P03002,Ankit Malhotra,,2006-01-06,Female,Indian,Trader,"59
Master Zila",Vadodara,Gujarat,977031,Under Review,SRC002,0.85,2025-11-14 21:41:53,2025-04-12 03:02:03
P03003,Deepak Patel,,1976-01-19,Male,Indian,Security Guard,"H.No. 83, Barman Street",Hyderabad,Telangana,435456,Under Review,SRC019,0.89,2026-02-21 21:12:35,2026-04-20 21:33:24
P03004,Amit Agarwal,,1997-09-26,Female,Indian,Technician,"88/36
Sant Circle",Jaipur,Rajasthan,644498,Inactive,SRC029,0.81,2026-05-02 16:42:36,2024-01-30 12:55:18
P03005,Vikram Gupta,,1978-04-07,Female,Indian,Consultant,"673, Dewan",Surat,Gujarat,604294,Under Review,SRC022,0.9,2024-05-22 20:34:33,2025-08-16 08:40:39
P03006,Ankit Tiwari,,1964-10-25,Female,Indian,Business Owner,"H.No. 924, Lala Chowk",Indore,Madhya Pradesh,506978,Active,SRC008,0.99,2026-05-25 08:56:10,2024-02-28 03:21:44
P03007,Ananya Rathore,,1987-03-15,Male,Indian,Security Guard,"72/11, Badami Street",Gurugram,Haryana,829983,Inactive,SRC008,0.96,2025-07-25 15:50:31,2026-03-09 11:42:03
P03008,Kavya Patel,,1988-01-21,Male,Indian,Manager,"H.No. 505, Palla",Hyderabad,Telangana,761680,Inactive,SRC014,0.88,2025-12-04 14:02:01,2026-08-08 16:12:01
P03009,Rahul Gupta,,1983-10-29,Female,Indian,Accountant,"H.No. 400, Madan Path",Jabalpur,Madhya Pradesh,801314,Under Review,SRC005,0.82,2024-07-24 12:29:30,2024-08-21 18:17:51
P03010,Riya Chauhan,,1957-09-20,Male,Indian,Security Guard,"43
Chaudry Street",Ahmedabad,Gujarat,154959,Active,SRC011,0.83,2025-09-06 07:28:26,2025-09-29 22:15:12
P03011,Kabir Chauhan,,1989-06-17,Male,Indian,Consultant,"79/196, Batta",Delhi,Delhi,364176,Active,SRC015,0.88,2024-11-04 10:27:07,2025-11-11 11:27:00
P03012,Vikram Deshmukh,,1964-03-28,Female,Indian,Sales Executive,"48/36
Bala Nagar",Dewas,Madhya Pradesh,680115,Active,SRC005,0.83,2026-05-19 17:06:15,2026-03-12 22:20:35
P03013,Kabir Sharma,K. Sharma,1968-09-20,Male,Indian,Driver,"H.No. 964
Mistry Ganj",Hyderabad,Telangana,349732,Inactive,SRC020,0.82,2024-02-27 05:35:51,2026-04-07 07:05:20
P03014,Pooja Khan,,1978-10-14,Male,Indian,Accountant,"H.No. 35, Balakrishnan Ganj",Lucknow,Uttar Pradesh,325624,Inactive,SRC016,0.92,2025-10-20 21:00:58,2026-08-28 14:55:47
P03015,Yash Shah,Y. Shah,1985-07-22,Male,Indian,Trader,"H.No. 97, Lanka Nagar",Lucknow,Uttar Pradesh,485551,Inactive,SRC027,0.85,2025-10-26 17:01:35,2025-07-08 18:37:38
P03016,Aditya Joshi,,1968-05-24,Male,Indian,Student,"H.No. 574
Buch Zila",Nagpur,Maharashtra,539103,Active,SRC030,0.97,2025-05-14 05:44:50,2026-01-25 03:35:11
P03017,Sanjay Mishra,,1961-06-03,Male,Indian,Accountant,"77
Parsa Nagar",Hyderabad,Telangana,185868,Under Review,SRC008,0.81,2026-05-01 16:29:58,2024-02-11 16:27:22
P03018,Aarav Chauhan,,1993-02-12,Male,Indian,Sales Executive,"42/90, Varma Nagar",Ahmedabad,Gujarat,585783,Active,SRC025,0.94,2025-08-15 07:15:58,2026-03-07 18:47:15
P03019,Neha Singh,,1985-06-06,Female,Indian,Trader,"03, Sinha Chowk",Jabalpur,Madhya Pradesh,120588,Active,SRC007,0.98,2025-02-02 10:58:16,2025-09-17 02:41:56
P03020,Amit Bansal,,1973-04-08,Female,Indian,Consultant,"074
Shanker Circle",Bhopal,Madhya Pradesh,340951,Under Review,SRC016,0.79,2026-06-18 05:55:39,2024-01-14 20:56:40
P03021,Kavya Yadav,,1960-08-04,Female,Indian,Business Owner,"13/61, Bandi Chowk",Indore,Madhya Pradesh,048541,Active,SRC013,0.95,2025-12-05 04:38:17,2026-01-20 03:26:57
P03022,Sanjay Deshmukh,S. Deshmukh,1995-06-18,Female,Indian,Sales Executive,"48/109, Nanda Road",Surat,Gujarat,553962,Under Review,SRC010,0.8,2024-11-10 11:09:41,2024-12-17 09:24:59
P03023,Sneha Verma,,1961-08-30,Female,Indian,Business Owner,"H.No. 298
Bhat Chowk",Gurugram,Haryana,093215,Active,SRC029,0.88,2024-05-21 17:11:41,2024-09-05 20:14:15
P03024,Aarav Mishra,,1982-12-24,Female,Indian,Security Guard,"H.No. 114
Kaur Circle",Gurugram,Haryana,409652,Active,SRC014,0.88,2026-06-25 06:31:51,2025-02-04 05:17:24
P03025,Rohan Saxena,,1961-07-26,Female,Indian,Sales Executive,"69, Varty Road",Hyderabad,Telangana,001123,Active,SRC027,0.79,2024-08-01 07:56:47,2025-11-08 04:53:33
P03026,Ananya Chauhan,,1963-12-03,Female,Indian,Student,"65/56
Korpal Chowk",Mumbai,Maharashtra,383684,Inactive,SRC014,0.93,2024-04-06 18:08:33,2024-08-22 08:12:36
P03027,Manish Shah,,1972-01-11,Female,Indian,Manager,"807, Bhalla Road",Delhi,Delhi,389059,Active,SRC004,0.89,2024-12-23 07:10:57,2025-08-21 03:53:32
P03028,Rahul Shah,,2003-10-02,Female,Indian,Manager,"816
Kashyap Circle",Hyderabad,Telangana,257721,Active,SRC009,0.91,2024-01-26 13:40:15,2025-05-03 08:56:50
P03029,Ananya Bansal,A. Bansal,1967-02-08,Female,Indian,Technician,"H.No. 059
Palla Zila",Kota,Rajasthan,981555,Active,SRC028,0.84,2024-03-29 14:48:09,2024-10-30 13:29:41
P03030,Ananya Gupta,,1975-11-22,Female,Indian,Consultant,"964
Nadkarni Ganj",Jabalpur,Madhya Pradesh,217328,Active,SRC005,0.81,2024-10-24 05:41:48,2024-09-14 08:20:38
P03031,Vikram Shah,,1984-06-02,Male,Indian,Sales Executive,"80/20, Borra Street",Nagpur,Maharashtra,265134,Active,SRC006,0.93,2024-05-21 16:16:15,2024-10-30 22:25:33
P03032,Siddharth Tiwari,,1974-10-14,Male,Indian,Technician,"13/14
Raghavan Path",Ujjain,Madhya Pradesh,530302,Under Review,SRC010,0.9,2024-09-30 01:12:54,2024-03-04 13:52:41
P03033,Sanjay Jain,S. Jain,1958-06-20,Male,Indian,Sales Executive,"H.No. 314, Mittal Marg",Nagpur,Maharashtra,214377,Under Review,SRC015,0.87,2025-05-03 14:44:32,2026-05-01 07:16:28
P03034,Ananya Khan,,1959-02-01,Female,Indian,Trader,"H.No. 92
Sridhar Street",Jabalpur,Madhya Pradesh,026049,Inactive,SRC006,0.95,2025-03-29 18:53:32,2025-08-29 03:07:47
P03035,Nandini Khan,,1990-11-05,Female,Indian,Security Guard,"25/696
Brahmbhatt Road",Surat,Gujarat,350764,Under Review,SRC016,0.79,2025-08-24 10:30:43,2025-01-05 01:02:54
P03036,Varun Bansal,V. Bansal,1966-03-26,Male,Indian,Accountant,"63/396
Bal Circle",Lucknow,Uttar Pradesh,711947,Inactive,SRC017,0.92,2024-11-01 16:41:05,2025-10-02 09:24:40
P03037,Neha Rathore,,1997-07-01,Female,Indian,Driver,"011, Sule Street",Bhopal,Madhya Pradesh,422593,Inactive,SRC017,0.79,2024-08-17 02:41:12,2025-11-29 08:33:47
P03038,Ananya Mehta,,1964-09-21,Female,Indian,Manager,"H.No. 33, Ray Zila",Mumbai,Maharashtra,669744,Under Review,SRC012,0.86,2026-06-05 14:43:07,2025-02-06 03:47:37
P03039,Deepak Shah,,1982-06-26,Female,Indian,Student,"H.No. 198
Narayanan",Bengaluru,Karnataka,115787,Active,SRC025,0.92,2024-05-04 21:59:51,2025-07-21 03:49:20
P03040,Varun Mishra,,2004-04-04,Female,Indian,Accountant,"H.No. 558
Anne Marg",Delhi,Delhi,642362,Under Review,SRC018,0.83,2025-12-05 08:33:54,2024-10-21 04:10:58
P03041,Aarav Deshmukh,A. Deshmukh,1998-04-26,Female,Indian,Driver,"69/371
Shenoy Road",Delhi,Delhi,508057,Active,SRC027,0.89,2025-09-02 03:23:25,2024-03-06 16:14:04
P03042,Siddharth Singh,S. Singh,2007-05-23,Female,Indian,Sales Executive,"44/40
Dugal Nagar",Kota,Rajasthan,489424,Active,SRC004,0.87,2024-10-25 13:19:21,2024-08-12 19:41:20
P03043,Nikhil Joshi,,1988-08-25,Female,Indian,Consultant,"66, Mangat Nagar",Delhi,Delhi,867118,Inactive,SRC016,0.92,2025-05-24 21:02:37,2025-01-31 03:00:45
P03044,Varun Chauhan,,1984-07-01,Female,Indian,Trader,"73/477
Sahni Road",Surat,Gujarat,845273,Inactive,SRC004,0.99,2025-11-03 22:31:49,2024-08-23 19:26:42
P03045,Kabir Malhotra,,1990-01-02,Male,Indian,Business Owner,"88/156, Narain Chowk",Gurugram,Haryana,135455,Active,SRC013,0.89,2025-10-06 00:07:31,2025-08-04 01:10:05
P03046,Sanjay Bansal,,1990-02-22,Male,Indian,Consultant,"79/077, More Nagar",Kota,Rajasthan,530017,Under Review,SRC002,0.86,2024-07-09 13:14:56,2026-01-25 06:21:48
P03047,Amit Chauhan,,1971-01-16,Male,Indian,Sales Executive,"25, Gill",Vadodara,Gujarat,298567,Active,SRC029,0.83,2025-11-03 00:06:54,2024-09-08 08:35:15
P03048,Manish Malhotra,,1976-05-16,Female,Indian,Consultant,"25/177
Wali Road",Ujjain,Madhya Pradesh,652642,Active,SRC005,0.95,2026-01-08 19:09:37,2025-12-29 15:16:02
P03049,Sneha Gupta,,1968-09-08,Female,Indian,Business Owner,"822
Goyal Nagar",Mumbai,Maharashtra,041064,Under Review,SRC025,0.83,2026-05-30 02:15:14,2025-01-29 20:38:52
P03050,Sanjay Rathore,,1981-01-03,Female,Indian,Business Owner,"H.No. 20
Mallick Zila",Bhopal,Madhya Pradesh,609673,Active,SRC014,0.82,2025-03-03 06:21:19,2024-12-29 20:04:04
P03051,Meera Deshmukh,,1960-06-21,Female,Indian,Sales Executive,"195, Hayer Marg",Ahmedabad,Gujarat,050650,Active,SRC017,0.92,2025-01-21 05:50:01,2025-07-06 23:33:43
P03052,Vihaan Khan,,2004-02-06,Female,Indian,Business Owner,"58/844, Date Path",Bhopal,Madhya Pradesh,649411,Under Review,SRC020,0.93,2026-05-31 00:37:50,2024-01-27 12:24:37
P03053,Vikram Sharma,,1959-05-14,Female,Indian,Driver,"H.No. 896, Raval Chowk",Bengaluru,Karnataka,406232,Active,SRC009,0.92,2024-04-03 23:35:58,2024-12-18 18:54:05
P03054,Aarav Shah,,1993-03-11,Female,Indian,Manager,"H.No. 19
Solanki Marg",Kota,Rajasthan,960586,Inactive,SRC028,0.96,2024-12-10 02:19:52,2024-03-19 10:31:22
P03055,Sneha Shah,S. Shah,1971-06-21,Female,Indian,Technician,"H.No. 22, Tandon Nagar",Gurugram,Haryana,431077,Active,SRC018,0.84,2024-06-12 19:49:50,2024-05-19 12:51:31
P03056,Rahul Saxena,,1981-06-23,Male,Indian,Consultant,"93/67
Gala Road",Jaipur,Rajasthan,017678,Inactive,SRC030,0.79,2025-03-14 01:29:34,2024-07-26 15:53:37
P03057,Rahul Saxena,,1983-04-22,Female,Indian,Consultant,"H.No. 113, Palla Nagar",Jaipur,Rajasthan,923835,Under Review,SRC001,0.9,2026-06-17 21:15:07,2024-06-08 23:02:32
P03058,Mohit Jain,,1968-05-25,Male,Indian,Technician,"H.No. 04
Viswanathan Road",Hyderabad,Telangana,632448,Under Review,SRC027,0.91,2025-10-24 20:52:44,2025-01-23 08:18:04
P03059,Raj Verma,,1970-06-09,Female,Indian,Business Owner,"H.No. 12, Cheema Marg",Jabalpur,Madhya Pradesh,554279,Active,SRC023,0.91,2024-08-28 22:41:46,2025-10-02 21:42:01
P03060,Karan Singh,,1986-10-12,Male,Indian,Technician,"146, Rajan Zila",Bhopal,Madhya Pradesh,476102,Under Review,SRC020,0.98,2026-07-28 02:19:08,2026-04-14 03:42:00
P03061,Rohan Joshi,,1991-06-07,Male,Indian,Trader,"H.No. 41
Basu",Lucknow,Uttar Pradesh,377029,Active,SRC028,0.85,2025-10-04 09:48:13,2025-03-22 00:36:15
P03062,Vihaan Jain,,2002-06-26,Female,Indian,Trader,"H.No. 356
Khanna Street",Gwalior,Madhya Pradesh,246456,Inactive,SRC010,0.89,2024-01-10 08:23:57,2025-06-06 18:51:19
P03063,Deepak Saxena,,2003-06-06,Male,Indian,Consultant,"H.No. 199
Ravel Nagar",Bengaluru,Karnataka,632267,Active,SRC017,0.97,2025-08-11 20:40:44,2026-01-09 23:28:43
P03064,Isha Malhotra,,1961-08-05,Male,Indian,Business Owner,"51/25
Garg",Lucknow,Uttar Pradesh,291694,Under Review,SRC017,0.94,2026-07-07 15:23:50,2026-01-12 03:58:09
P03065,Rohan Deshmukh,,1964-05-03,Female,Indian,Security Guard,"H.No. 38, Bobal Road",Surat,Gujarat,576176,Inactive,SRC004,0.9,2024-12-30 06:12:45,2025-04-16 11:30:56
P03066,Kabir Jain,K. Jain,1965-10-28,Female,Indian,Business Owner,"H.No. 88
Sarin Ganj",Pune,Maharashtra,079833,Under Review,SRC021,0.86,2026-08-28 03:49:29,2024-10-02 00:04:15
P03067,Raj Chauhan,,1983-11-15,Male,Indian,Trader,"83, Chowdhury Marg",Bengaluru,Karnataka,926686,Inactive,SRC027,0.88,2025-01-07 05:09:06,2025-05-18 16:32:37
P03068,Nandini Bansal,N. Bansal,1985-04-26,Female,Indian,Accountant,"95, Nayak Marg",Mumbai,Maharashtra,000227,Under Review,SRC001,0.86,2026-08-29 19:14:12,2024-01-14 03:43:52
P03069,Kabir Shah,,1967-12-16,Male,Indian,Technician,"04/709
Banik Street",Mumbai,Maharashtra,371421,Active,SRC026,0.89,2024-07-29 02:09:47,2025-04-04 12:29:02
P03070,Meera Mehta,,1980-08-06,Male,Indian,Consultant,"93, Gill",Delhi,Delhi,689495,Active,SRC029,0.86,2024-09-10 00:12:27,2025-04-30 06:42:56
P03071,Nikhil Joshi,,1978-12-01,Male,Indian,Student,"33/69, Kala Circle",Hyderabad,Telangana,407281,Active,SRC008,0.81,2026-01-30 20:48:16,2025-08-23 09:35:18
P03072,Isha Singh,,1975-04-19,Male,Indian,Trader,"61/809, Balasubramanian Circle",Pune,Maharashtra,409336,Under Review,SRC017,0.98,2025-12-04 15:37:02,2025-03-01 18:38:06
P03073,Aarav Singh,,2008-06-06,Male,Indian,Business Owner,"H.No. 22
Parsa Chowk",Dewas,Madhya Pradesh,267327,Under Review,SRC027,0.95,2024-06-23 14:29:43,2026-05-21 11:14:24
P03074,Amit Joshi,,1962-11-13,Female,Indian,Business Owner,"H.No. 32
Bedi Path",Nagpur,Maharashtra,699329,Under Review,SRC029,0.9,2026-06-26 04:05:28,2025-03-06 15:21:22
P03075,Kavya Yadav,,1976-02-08,Female,Indian,Driver,"65/160, Rastogi Circle",Delhi,Delhi,495133,Under Review,SRC026,0.87,2025-07-19 08:57:00,2025-02-18 14:10:45
P03076,Mohit Joshi,,1994-06-21,Male,Indian,Security Guard,"52
Ravi",Surat,Gujarat,471181,Under Review,SRC020,0.92,2024-07-25 11:13:08,2026-05-22 07:19:56
P03077,Sneha Yadav,,1991-03-31,Male,Indian,Technician,"391
Chahal",Mumbai,Maharashtra,655063,Under Review,SRC003,0.85,2025-02-24 22:48:03,2025-11-07 07:02:49
P03078,Yash Verma,,2001-05-31,Female,Indian,Security Guard,"H.No. 676
Pant Path",Kanpur,Uttar Pradesh,966976,Under Review,SRC025,0.93,2024-02-29 18:47:41,2024-06-27 19:43:23
P03079,Ankit Khan,,1967-09-25,Male,Indian,Security Guard,"H.No. 99
Chawla Path",Jaipur,Rajasthan,370434,Inactive,SRC018,0.89,2026-08-05 12:59:51,2024-10-15 17:53:21
P03080,Amit Gupta,A. Gupta,1962-12-14,Male,Indian,Business Owner,"631
Sidhu Chowk",Lucknow,Uttar Pradesh,442221,Under Review,SRC016,0.86,2026-04-14 16:25:03,2025-10-23 08:59:16
P03081,Rohan Jain,,1964-05-11,Male,Indian,Sales Executive,"97/381, Bala",Hyderabad,Telangana,473175,Active,SRC030,0.91,2024-04-08 05:03:25,2025-10-05 18:30:45
P03082,Priya Deshmukh,,1987-10-22,Female,Indian,Driver,"38/50
Jha Circle",Indore,Madhya Pradesh,271045,Under Review,SRC029,0.95,2024-07-20 16:10:54,2026-07-19 03:56:47
P03083,Arjun Singh,,1962-02-19,Female,Indian,Driver,"H.No. 63, Kar Road",Hyderabad,Telangana,719163,Under Review,SRC025,0.81,2026-06-23 15:53:55,2024-07-09 07:33:44
P03084,Kavya Sharma,K. Sharma,1975-06-06,Female,Indian,Student,"15/433
Ganesan Circle",Gurugram,Haryana,417689,Under Review,SRC025,0.96,2026-07-26 21:27:05,2025-11-01 17:24:53
P03085,Yash Verma,Y. Verma,1965-03-04,Male,Indian,Accountant,"29/94
Barman Path",Gwalior,Madhya Pradesh,845718,Inactive,SRC025,0.81,2025-02-10 08:14:58,2026-07-17 09:22:49
P03086,Raj Singh,,2007-08-28,Male,Indian,Accountant,"25, Hayre Road",Jaipur,Rajasthan,453651,Inactive,SRC029,0.93,2024-07-13 21:36:01,2026-06-14 18:54:40
P03087,Priya Mishra,,2006-12-15,Female,Indian,Business Owner,"674, Bumb Marg",Ahmedabad,Gujarat,160543,Active,SRC023,0.85,2024-08-08 09:37:13,2025-10-25 12:57:20
P03088,Amit Rathore,,1982-05-11,Female,Indian,Security Guard,"71, Tara Street",Surat,Gujarat,706953,Under Review,SRC028,0.83,2026-02-21 20:44:05,2024-06-18 09:06:32
P03089,Rahul Joshi,,1980-10-17,Male,Indian,Trader,"H.No. 697
Sandhu Street",Vadodara,Gujarat,204186,Inactive,SRC008,0.94,2024-06-14 02:54:40,2024-07-09 02:26:56
P03090,Pooja Khan,P. Khan,1989-01-29,Female,Indian,Technician,"67/875, Rajan Circle",Mumbai,Maharashtra,740192,Under Review,SRC002,0.92,2025-09-12 22:56:48,2024-12-01 05:14:06
P03091,Pooja Joshi,,2002-05-26,Male,Indian,Technician,"H.No. 50
Raman Road",Delhi,Delhi,614384,Active,SRC021,0.8,2024-02-17 13:02:53,2025-08-09 17:23:21
P03092,Mohit Deshmukh,,1981-06-09,Male,Indian,Security Guard,"54
Sarraf Path",Bengaluru,Karnataka,909414,Inactive,SRC023,0.95,2024-05-06 00:45:19,2026-06-27 12:55:08
P03093,Karan Verma,,1996-01-16,Male,Indian,Driver,"36
Kamdar Nagar",Ahmedabad,Gujarat,528823,Active,SRC010,0.79,2024-04-22 18:10:24,2024-07-23 10:48:14
P03094,Meera Rathore,,1989-03-05,Male,Indian,Sales Executive,"83
Jain Road",Bhopal,Madhya Pradesh,859919,Active,SRC021,0.95,2025-03-26 17:37:14,2026-01-24 06:58:45
P03095,Riya Verma,,1978-07-18,Female,Indian,Driver,"69/22
Madan Path",Mumbai,Maharashtra,763662,Inactive,SRC021,0.94,2025-05-04 00:28:51,2024-04-04 08:03:28
P03096,Sneha Tiwari,S. Tiwari,1981-03-16,Male,Indian,Manager,"53, Natarajan Path",Bengaluru,Karnataka,394506,Under Review,SRC015,0.96,2025-10-09 12:15:24,2025-05-22 07:06:07
P03097,Deepak Deshmukh,,1974-11-07,Male,Indian,Accountant,"48/63, Shenoy Nagar",Delhi,Delhi,855417,Under Review,SRC010,0.95,2025-07-18 17:12:14,2025-11-12 21:16:21
P03098,Neha Malhotra,,1996-11-15,Female,Indian,Consultant,"149
Lall Zila",Vadodara,Gujarat,154409,Inactive,SRC016,0.9,2025-01-25 13:01:16,2026-03-30 21:11:56
P03099,Manish Sharma,,1965-03-02,Female,Indian,Student,"57/40, Bajaj Road",Pune,Maharashtra,277035,Inactive,SRC027,0.78,2024-09-01 16:44:18,2025-03-25 09:54:15
P03100,Amit Gupta,,1977-01-25,Female,Indian,Accountant,"H.No. 779, Suresh",Jabalpur,Madhya Pradesh,109065,Inactive,SRC017,0.92,2026-01-15 20:33:23,2026-07-29 02:52:16
P03101,Riya Patel,,1962-09-10,Female,Indian,Technician,"H.No. 723
Reddy Road",Vadodara,Gujarat,504117,Inactive,SRC023,0.97,2024-02-18 12:36:28,2024-05-28 19:27:23
P03102,Yash Singh,,1965-05-25,Female,Indian,Security Guard,"25/13, Balakrishnan",Delhi,Delhi,295011,Under Review,SRC007,0.93,2024-10-22 15:30:50,2024-09-06 18:48:16
P03103,Rohan Shah,,1992-01-25,Female,Indian,Consultant,"990
Prabhakar Path",Ujjain,Madhya Pradesh,237839,Under Review,SRC006,0.99,2024-01-28 03:51:28,2025-08-19 15:22:47
P03104,Vikram Jain,,2004-05-07,Female,Indian,Technician,"45
Mandal Marg",Dewas,Madhya Pradesh,263333,Active,SRC018,0.85,2026-01-25 20:46:33,2026-04-07 21:40:51
P03105,Isha Malhotra,,1986-02-18,Female,Indian,Student,"65/190
Mannan Ganj",Kanpur,Uttar Pradesh,082413,Active,SRC015,0.97,2024-02-10 00:45:42,2025-02-14 20:07:33
P03106,Manish Agarwal,,1960-03-03,Female,Indian,Student,"49/035
Kibe",Jaipur,Rajasthan,177334,Active,SRC024,0.81,2025-11-29 21:35:09,2025-09-25 19:41:23
P03107,Isha Shah,,2005-05-15,Male,Indian,Trader,"71/821, Dutta Circle",Vadodara,Gujarat,606392,Inactive,SRC024,0.98,2026-07-24 14:52:57,2024-03-06 05:15:06
P03108,Nandini Deshmukh,,2005-01-11,Female,Indian,Business Owner,"81/108
Dube Nagar",Gwalior,Madhya Pradesh,883697,Inactive,SRC001,0.98,2026-06-04 06:27:06,2026-01-19 13:19:43
P03109,Meera Khan,,1964-10-31,Male,Indian,Student,"95
Parmar Ganj",Ujjain,Madhya Pradesh,441193,Under Review,SRC018,0.8,2024-12-05 06:21:58,2026-06-04 08:11:06
P03110,Sneha Agarwal,,1980-09-08,Female,Indian,Consultant,"63/99, Gaba Marg",Gwalior,Madhya Pradesh,023849,Under Review,SRC016,0.86,2024-05-20 00:08:32,2024-08-07 09:21:59
P03111,Meera Verma,,1981-11-21,Male,Indian,Trader,"14/50
Basu",Hyderabad,Telangana,395728,Inactive,SRC010,0.79,2026-05-20 19:36:53,2025-08-22 02:08:46
P03112,Rohan Shah,,1989-01-10,Female,Indian,Accountant,"10/67, Kannan Ganj",Jabalpur,Madhya Pradesh,827653,Active,SRC025,0.98,2026-07-11 10:32:11,2024-10-14 12:13:15
P03113,Kavya Singh,,1991-10-31,Female,Indian,Business Owner,"49/668, Garg",Kota,Rajasthan,858552,Under Review,SRC024,0.92,2024-01-27 11:36:44,2024-01-02 13:43:06
P03114,Ankit Khan,,2004-09-25,Male,Indian,Student,"44/484
Dhaliwal Chowk",Gwalior,Madhya Pradesh,740518,Inactive,SRC015,0.88,2026-04-12 09:09:32,2025-03-29 15:34:45
P03115,Yash Chauhan,,2007-04-27,Male,Indian,Business Owner,"177, Bhagat Path",Kota,Rajasthan,549839,Active,SRC011,0.94,2024-03-13 10:19:21,2026-07-24 05:04:40
P03116,Nandini Jain,N. Jain,1968-04-26,Male,Indian,Sales Executive,"41/037, Trivedi Street",Nagpur,Maharashtra,029729,Active,SRC005,0.92,2024-11-28 08:15:58,2026-03-21 03:06:08
P03117,Vikram Malhotra,,1974-05-02,Male,Indian,Driver,"H.No. 263
Bhalla Chowk",Bengaluru,Karnataka,796330,Active,SRC024,0.87,2026-02-14 05:49:57,2024-06-03 02:02:27
P03118,Amit Tiwari,,1962-12-12,Female,Indian,Technician,"68
Ghosh",Pune,Maharashtra,274621,Under Review,SRC024,0.78,2026-04-10 05:48:18,2024-07-27 07:17:26
P03119,Mohit Yadav,M. Yadav,1976-04-03,Male,Indian,Consultant,"29/56
Rao Path",Bengaluru,Karnataka,192959,Inactive,SRC027,0.86,2024-02-01 23:45:30,2026-05-21 23:35:00
P03120,Karan Agarwal,,1986-07-30,Male,Indian,Accountant,"H.No. 475
Sarna Ganj",Indore,Madhya Pradesh,378256,Inactive,SRC003,0.88,2026-06-28 22:33:27,2026-01-18 20:49:05
P03121,Riya Chauhan,,1975-09-20,Female,Indian,Sales Executive,"H.No. 76
Parmar Marg",Vadodara,Gujarat,770518,Inactive,SRC027,0.79,2025-01-30 20:22:36,2024-12-21 11:48:06
P03122,Raj Chauhan,,2000-01-31,Male,Indian,Student,"99
Mammen Marg",Pune,Maharashtra,115905,Active,SRC003,0.9,2025-08-22 14:33:10,2026-04-29 22:06:36
P03123,Kavya Saxena,,2000-09-04,Female,Indian,Technician,"70/42
Lala Marg",Jaipur,Rajasthan,979508,Under Review,SRC025,0.81,2024-02-15 20:06:16,2026-01-25 16:26:05
P03124,Kabir Rathore,,1992-10-16,Female,Indian,Driver,"H.No. 638
Thaman Street",Delhi,Delhi,041627,Inactive,SRC020,0.79,2024-11-17 07:45:33,2026-04-15 17:35:38
P03125,Rahul Tiwari,R. Tiwari,1989-10-13,Male,Indian,Technician,"H.No. 922, Ghosh Path",Surat,Gujarat,238029,Inactive,SRC003,0.93,2026-03-05 22:57:33,2025-12-02 21:47:08
P03126,Rahul Malhotra,,1971-03-17,Female,Indian,Security Guard,"763
Char Path",Ahmedabad,Gujarat,874971,Inactive,SRC016,0.81,2024-11-02 14:33:32,2024-04-04 21:52:24
P03127,Raj Tiwari,,1991-12-28,Female,Indian,Trader,"H.No. 58
Khosla",Pune,Maharashtra,335849,Active,SRC008,0.79,2025-08-15 15:49:41,2026-03-24 09:55:37
P03128,Nandini Saxena,,1992-06-23,Male,Indian,Technician,"95, Pall Ganj",Nagpur,Maharashtra,228751,Under Review,SRC016,0.84,2024-05-06 05:54:38,2024-01-07 19:47:50
P03129,Sneha Gupta,,1993-01-05,Male,Indian,Consultant,"17/49, Krish Chowk",Jabalpur,Madhya Pradesh,114963,Under Review,SRC026,0.9,2024-07-23 06:45:32,2026-04-07 15:27:28
P03130,Varun Bansal,,1986-06-18,Female,Indian,Accountant,"H.No. 504, Ramachandran Path",Delhi,Delhi,974005,Active,SRC005,0.96,2025-08-23 08:21:38,2024-12-23 02:45:10
P03131,Aarav Agarwal,,1984-03-07,Female,Indian,Accountant,"45/942
Babu Zila",Indore,Madhya Pradesh,208418,Inactive,SRC016,0.92,2024-06-30 22:03:20,2025-09-02 05:58:24
P03132,Amit Patel,,2006-01-30,Female,Indian,Security Guard,"H.No. 90
Savant Chowk",Lucknow,Uttar Pradesh,550541,Active,SRC002,0.8,2024-11-21 13:27:06,2026-05-12 22:25:01
P03133,Ananya Tiwari,,1988-08-02,Male,Indian,Consultant,"57, Agate Chowk",Gurugram,Haryana,960616,Active,SRC019,0.8,2025-07-25 02:42:35,2024-04-19 16:49:39
P03134,Aditya Mehta,,1996-06-14,Female,Indian,Security Guard,"848, Raghavan Ganj",Nagpur,Maharashtra,595827,Inactive,SRC006,0.91,2025-03-26 12:29:33,2024-02-29 22:13:02
P03135,Kavya Sharma,,1978-07-17,Male,Indian,Security Guard,"691, Rama Path",Gurugram,Haryana,906082,Inactive,SRC004,0.79,2025-04-28 21:40:24,2024-05-01 01:24:52
P03136,Priya Chauhan,,1958-03-21,Female,Indian,Sales Executive,"H.No. 12, Lad Nagar",Lucknow,Uttar Pradesh,969157,Inactive,SRC025,0.88,2024-07-18 22:42:55,2024-09-10 21:01:45
P03137,Vihaan Mishra,,1970-12-31,Male,Indian,Sales Executive,"56/33, Parmer Chowk",Kanpur,Uttar Pradesh,913878,Inactive,SRC027,0.9,2025-04-29 13:35:00,2024-01-03 15:28:52
P03138,Rahul Jain,,1986-04-16,Female,Indian,Sales Executive,"11/337, Nanda",Ujjain,Madhya Pradesh,331432,Under Review,SRC024,0.82,2024-09-25 01:07:55,2025-09-04 12:03:31
P03139,Ankit Verma,,1980-03-21,Male,Indian,Sales Executive,"H.No. 278
Saha Chowk",Bhopal,Madhya Pradesh,387908,Under Review,SRC014,0.96,2025-12-06 02:08:35,2024-07-05 19:09:42
P03140,Neha Joshi,,2005-12-29,Male,Indian,Sales Executive,"08/220, Manda Road",Indore,Madhya Pradesh,351978,Inactive,SRC024,0.8,2026-01-25 08:20:28,2026-01-27 06:55:52
P03141,Manish Singh,,1962-09-03,Female,Indian,Business Owner,"57/10
Dhaliwal Road",Indore,Madhya Pradesh,990028,Active,SRC011,0.8,2024-10-13 16:48:29,2024-05-09 12:24:43
P03142,Sanjay Shah,S. Shah,1996-09-04,Male,Indian,Student,"H.No. 183
Khare Zila",Hyderabad,Telangana,743403,Inactive,SRC029,0.83,2026-08-18 07:32:19,2026-06-01 23:29:49
P03143,Riya Bansal,R. Bansal,2000-06-28,Male,Indian,Consultant,"25/17
Kapoor Ganj",Jabalpur,Madhya Pradesh,581368,Active,SRC002,0.99,2024-06-07 21:11:59,2024-06-06 20:56:27
P03144,Vikram Shah,,1961-11-01,Male,Indian,Business Owner,"979
Pillai Marg",Jabalpur,Madhya Pradesh,621167,Inactive,SRC013,0.81,2024-01-09 10:57:55,2024-02-22 02:19:36
P03145,Aarav Patel,,1966-01-15,Male,Indian,Driver,"H.No. 240, Purohit Chowk",Bengaluru,Karnataka,453629,Active,SRC009,0.89,2024-05-04 10:00:07,2026-01-05 22:25:25
P03146,Rahul Jain,R. Jain,1970-03-06,Male,Indian,Sales Executive,"H.No. 113
Kunda Road",Hyderabad,Telangana,895092,Inactive,SRC006,0.89,2026-03-08 17:08:32,2024-03-21 09:20:02
P03147,Arjun Gupta,,1999-10-04,Female,Indian,Technician,"99/45
Mall Road",Dewas,Madhya Pradesh,254720,Inactive,SRC022,0.84,2024-10-08 01:05:44,2024-08-31 22:29:37
P03148,Rohan Gupta,,2000-03-22,Female,Indian,Consultant,"17/563, Kurian",Ahmedabad,Gujarat,465144,Inactive,SRC020,0.87,2024-09-08 14:43:14,2025-02-13 06:53:27
P03149,Kavya Sharma,,1998-07-09,Female,Indian,Student,"H.No. 81
Nadkarni Road",Dewas,Madhya Pradesh,528886,Active,SRC009,0.82,2024-10-16 22:41:07,2024-11-05 09:58:47
P03150,Vihaan Shah,,1958-07-18,Female,Indian,Trader,"H.No. 431, Memon Chowk",Vadodara,Gujarat,139136,Under Review,SRC029,0.96,2025-11-14 22:14:14,2025-08-23 18:47:20
P03151,Vikram Malhotra,,1983-02-18,Female,Indian,Sales Executive,"39/37
Sule Chowk",Hyderabad,Telangana,715422,Under Review,SRC016,0.95,2024-09-07 10:28:10,2024-06-08 17:39:08
P03152,Nikhil Chauhan,,1973-11-08,Male,Indian,Student,"38/341, Mani Street",Ujjain,Madhya Pradesh,223720,Inactive,SRC012,0.95,2025-03-08 13:04:14,2026-06-08 07:44:25
P03153,Siddharth Mehta,,1988-03-24,Female,Indian,Sales Executive,"700
Keer Marg",Nagpur,Maharashtra,399887,Inactive,SRC026,0.83,2026-07-01 16:18:24,2024-07-23 01:46:57
P03154,Neha Bansal,,2006-06-06,Female,Indian,Student,"H.No. 085, Gulati Circle",Bhopal,Madhya Pradesh,558263,Inactive,SRC004,0.84,2024-06-03 19:42:14,2024-03-26 05:51:08
P03155,Kavya Saxena,,1988-06-15,Female,Indian,Sales Executive,"H.No. 088
Tripathi Path",Pune,Maharashtra,811994,Inactive,SRC029,0.87,2024-06-25 10:44:43,2024-04-26 20:41:29
P03156,Karan Chauhan,,1999-05-20,Male,Indian,Technician,"H.No. 20, Kumer Marg",Kota,Rajasthan,395534,Active,SRC018,0.9,2024-07-09 04:32:01,2024-10-03 03:06:54
P03157,Ananya Mishra,,1992-03-16,Female,Indian,Accountant,"72/04, Kale Nagar",Jabalpur,Madhya Pradesh,424300,Active,SRC010,0.82,2025-08-19 08:38:41,2024-03-19 20:37:56
P03158,Nandini Chauhan,,1995-06-08,Male,Indian,Consultant,"163
Deol Ganj",Gurugram,Haryana,308724,Active,SRC011,0.88,2024-09-04 14:54:08,2025-05-04 03:40:13
P03159,Kabir Yadav,,2000-06-17,Male,Indian,Technician,"12, Ganesh Zila",Kota,Rajasthan,798969,Inactive,SRC007,0.98,2026-08-16 01:59:27,2024-02-18 12:05:59
P03160,Manish Mishra,,1973-02-19,Female,Indian,Accountant,"82/72, Mannan Road",Kanpur,Uttar Pradesh,207699,Under Review,SRC019,0.79,2025-09-03 12:56:47,2024-03-16 00:16:20
P03161,Kavya Patel,,1964-12-24,Male,Indian,Consultant,"H.No. 197, Toor Chowk",Jaipur,Rajasthan,166501,Under Review,SRC016,0.9,2026-05-05 11:43:31,2024-02-17 00:17:12
P03162,Vikram Deshmukh,,1976-08-30,Male,Indian,Student,"H.No. 277
Bhargava Marg",Bengaluru,Karnataka,231625,Active,SRC012,0.96,2026-03-31 19:59:18,2024-12-23 23:01:07
P03163,Priya Bansal,P. Bansal,1958-12-02,Male,Indian,Trader,"H.No. 366, Palla Circle",Ujjain,Madhya Pradesh,439738,Active,SRC001,0.83,2024-09-19 20:06:14,2026-02-15 10:01:19
P03164,Mohit Gupta,M. Gupta,2007-03-21,Male,Indian,Trader,"84/581, Karan Marg",Gurugram,Haryana,212918,Under Review,SRC006,0.94,2024-06-03 15:29:20,2025-01-31 01:22:40
P03165,Pooja Sharma,,2007-10-08,Female,Indian,Trader,"511
Verma Street",Gwalior,Madhya Pradesh,310262,Under Review,SRC029,0.93,2024-08-14 04:45:31,2024-01-24 23:08:52
P03166,Raj Singh,,1959-07-24,Male,Indian,Driver,"48/252
Dutta Street",Jaipur,Rajasthan,465476,Active,SRC004,0.99,2024-08-04 12:44:16,2024-03-15 19:06:43
P03167,Ankit Gupta,,1988-05-14,Female,Indian,Student,"H.No. 59
Jhaveri Nagar",Hyderabad,Telangana,535423,Active,SRC011,0.91,2025-03-05 01:29:22,2026-08-19 11:44:16
P03168,Sneha Singh,,1970-09-16,Male,Indian,Student,"62
Rout Street",Hyderabad,Telangana,617479,Under Review,SRC010,0.85,2024-01-12 13:07:59,2026-02-22 00:26:36
P03169,Ankit Gupta,,2008-06-01,Female,Indian,Sales Executive,"242
Parsa Nagar",Mumbai,Maharashtra,425497,Under Review,SRC030,0.9,2025-06-02 00:37:47,2024-12-31 07:18:13
P03170,Kavya Shah,K. Shah,1969-05-15,Female,Indian,Manager,"60/34, Sunder Circle",Ahmedabad,Gujarat,116015,Inactive,SRC017,0.96,2025-01-04 19:31:44,2024-11-29 22:56:21
P03171,Aditya Patel,,2002-12-16,Female,Indian,Consultant,"115
Goswami Road",Dewas,Madhya Pradesh,015043,Under Review,SRC015,0.8,2026-03-28 22:07:15,2025-03-28 17:56:04
P03172,Amit Yadav,,2007-06-07,Male,Indian,Accountant,"86/808, Khosla Circle",Indore,Madhya Pradesh,855836,Inactive,SRC008,0.91,2024-09-10 19:37:04,2024-09-12 19:29:28
P03173,Vihaan Patel,V. Patel,1986-04-28,Female,Indian,Manager,"79/97
Deol Road",Jaipur,Rajasthan,429043,Active,SRC004,0.86,2025-01-09 04:59:51,2024-06-12 01:14:30
P03174,Ananya Jain,,1982-01-07,Male,Indian,Driver,"49/78
Bhatia Path",Hyderabad,Telangana,867253,Active,SRC008,0.83,2024-02-25 04:41:13,2025-05-12 18:29:36
P03175,Karan Gupta,,1974-09-06,Female,Indian,Trader,"67/89, Prakash Road",Gurugram,Haryana,193246,Under Review,SRC026,0.82,2025-04-14 07:30:52,2025-09-20 06:31:43
P03176,Priya Malhotra,,1990-06-09,Female,Indian,Business Owner,"52, Sarna Ganj",Kanpur,Uttar Pradesh,002959,Under Review,SRC018,0.95,2025-09-15 07:59:08,2024-07-04 09:19:59
P03177,Karan Mehta,,1961-06-06,Female,Indian,Trader,"H.No. 70
Jani Path",Bhopal,Madhya Pradesh,093613,Under Review,SRC007,0.79,2025-10-27 12:52:13,2024-01-20 14:07:55
P03178,Karan Tiwari,K. Tiwari,1972-05-20,Male,Indian,Consultant,"H.No. 19
Dugar Chowk",Ujjain,Madhya Pradesh,103675,Under Review,SRC021,0.93,2025-05-31 06:14:52,2024-01-14 19:48:23
P03179,Priya Mehta,P. Mehta,1986-08-27,Female,Indian,Sales Executive,"894, Bobal Nagar",Indore,Madhya Pradesh,713037,Active,SRC005,0.89,2024-01-28 04:51:34,2025-03-23 11:41:59
P03180,Sneha Mishra,,1984-08-25,Female,Indian,Security Guard,"90
Shroff Circle",Kota,Rajasthan,373169,Active,SRC024,0.98,2026-02-12 04:46:29,2025-03-11 08:24:59
P03181,Meera Deshmukh,M. Deshmukh,1988-10-04,Female,Indian,Sales Executive,"H.No. 60
Bassi Zila",Bengaluru,Karnataka,697740,Active,SRC028,0.94,2024-01-02 13:49:03,2025-11-01 10:27:36
P03182,Karan Bansal,,1960-06-23,Female,Indian,Sales Executive,"566, Anand Zila",Surat,Gujarat,108537,Active,SRC007,0.85,2024-02-09 21:46:26,2025-05-01 03:17:45
P03183,Aditya Mishra,,1999-12-20,Male,Indian,Trader,"H.No. 222, Gara Zila",Bhopal,Madhya Pradesh,839051,Under Review,SRC004,0.82,2026-04-02 01:21:59,2024-02-04 19:02:05
P03184,Raj Chauhan,R. Chauhan,2004-09-23,Female,Indian,Driver,"16/93, Choudhury Road",Bhopal,Madhya Pradesh,676987,Under Review,SRC029,0.8,2026-03-31 07:47:00,2024-02-08 14:16:59
P03185,Mohit Patel,,2007-09-09,Male,Indian,Manager,"41/16
Gola Ganj",Mumbai,Maharashtra,251964,Under Review,SRC010,0.97,2026-01-22 03:19:13,2026-06-06 11:26:56
P03186,Sneha Sharma,,2004-06-10,Female,Indian,Business Owner,"61/67
Chopra Street",Jabalpur,Madhya Pradesh,702544,Active,SRC030,0.89,2026-02-04 10:51:50,2025-08-01 23:59:18
P03187,Kavya Mehta,K. Mehta,1973-10-17,Male,Indian,Security Guard,"421, Dhar Circle",Ahmedabad,Gujarat,480575,Inactive,SRC028,0.91,2025-08-24 00:15:34,2026-08-02 16:29:07
P03188,Sanjay Singh,,1957-10-08,Male,Indian,Manager,"H.No. 24, Sahota Street",Gurugram,Haryana,352317,Active,SRC014,0.88,2025-09-04 08:44:38,2024-10-06 17:17:39
P03189,Varun Saxena,,1980-03-30,Female,Indian,Accountant,"32/020, Chana Marg",Gurugram,Haryana,920318,Under Review,SRC003,0.83,2025-02-08 02:34:21,2025-02-17 19:52:27
P03190,Kavya Mehta,,1995-01-02,Female,Indian,Consultant,"H.No. 48
Gokhale Street",Bhopal,Madhya Pradesh,807390,Under Review,SRC004,0.92,2024-02-12 17:05:01,2026-03-22 13:17:22
P03191,Ankit Patel,,1972-12-07,Male,Indian,Accountant,"096
Raman Marg",Hyderabad,Telangana,629602,Under Review,SRC005,0.8,2026-07-10 17:51:02,2025-11-20 21:56:15
P03192,Manish Verma,,2000-12-20,Male,Indian,Technician,"91/04
Das Chowk",Ujjain,Madhya Pradesh,495458,Active,SRC011,0.79,2026-04-05 18:55:59,2025-12-14 02:52:53
P03193,Yash Mishra,,2004-01-17,Female,Indian,Security Guard,"71
Seshadri Ganj",Dewas,Madhya Pradesh,534278,Inactive,SRC027,0.85,2025-12-27 05:27:46,2024-07-25 04:15:29
P03194,Kabir Joshi,,2000-08-17,Female,Indian,Consultant,"227
Sandhu Marg",Dewas,Madhya Pradesh,484274,Active,SRC001,0.81,2026-01-17 17:31:57,2026-01-19 15:24:31
P03195,Nikhil Agarwal,,1972-06-10,Male,Indian,Trader,"45/403
Bala Nagar",Gurugram,Haryana,143665,Under Review,SRC018,0.91,2026-01-06 08:56:01,2026-05-18 09:19:26
P03196,Yash Malhotra,,1986-05-29,Female,Indian,Student,"882
Deshpande Ganj",Lucknow,Uttar Pradesh,453356,Inactive,SRC020,0.84,2025-02-09 23:15:59,2026-02-26 05:06:15
P03197,Siddharth Deshmukh,,2007-12-13,Male,Indian,Technician,"H.No. 75
Dixit Road",Pune,Maharashtra,398013,Active,SRC019,0.99,2024-08-14 11:25:12,2025-09-10 09:34:23
P03198,Ananya Joshi,,1990-04-02,Female,Indian,Accountant,"15/77, Chaudhary Nagar",Kota,Rajasthan,111581,Inactive,SRC012,0.94,2025-09-11 12:24:45,2026-03-26 02:38:03
P03199,Manish Singh,,1968-06-22,Male,Indian,Trader,"942
Borah Circle",Dewas,Madhya Pradesh,587650,Active,SRC013,0.86,2025-07-15 06:43:52,2024-03-03 11:19:20
P03200,Pooja Saxena,,1967-12-21,Female,Indian,Student,"50/579
Dara Street",Jaipur,Rajasthan,109810,Active,SRC016,0.78,2024-01-30 14:32:40,2025-07-16 15:14:45
P03201,Vihaan Mehta,,1971-03-05,Female,Indian,Driver,"H.No. 027, Kar Chowk",Ahmedabad,Gujarat,065694,Active,SRC001,0.99,2024-05-22 02:13:54,2025-09-17 20:59:37
P03202,Ankit Bansal,,1989-09-21,Female,Indian,Business Owner,"82/632, Saxena Marg",Kota,Rajasthan,311431,Under Review,SRC017,0.87,2025-12-27 10:41:24,2025-03-22 09:44:33
P03203,Kavya Patel,K. Patel,1969-05-01,Female,Indian,Student,"H.No. 414
Sankaran Street",Indore,Madhya Pradesh,293064,Under Review,SRC020,0.79,2025-12-11 19:29:15,2026-05-14 14:49:22
P03204,Karan Patel,K. Patel,1972-01-06,Male,Indian,Business Owner,"38/16, Mital Chowk",Gurugram,Haryana,895405,Inactive,SRC014,0.82,2025-06-01 22:19:06,2025-09-30 21:51:57
P03205,Varun Patel,,1970-11-28,Male,Indian,Sales Executive,"52
Sule Circle",Gwalior,Madhya Pradesh,459798,Active,SRC005,0.9,2026-07-06 03:45:40,2025-06-12 12:48:15
P03206,Kabir Khan,K. Khan,1967-03-19,Male,Indian,Security Guard,"H.No. 54
Mammen Nagar",Kanpur,Uttar Pradesh,100149,Inactive,SRC016,0.85,2025-08-17 14:06:29,2024-04-25 06:06:56
P03207,Rohan Bansal,,1996-06-26,Female,Indian,Business Owner,"85
Prabhu Road",Mumbai,Maharashtra,905798,Active,SRC009,0.8,2025-01-05 00:13:12,2026-06-27 07:23:01
P03208,Isha Tiwari,,2007-06-21,Male,Indian,Accountant,"23/39
Khurana Path",Nagpur,Maharashtra,025539,Inactive,SRC029,0.94,2024-11-21 15:19:33,2025-10-02 23:31:20
P03209,Ananya Patel,,2001-11-08,Male,Indian,Technician,"37
Kamdar Chowk",Pune,Maharashtra,252458,Active,SRC011,0.98,2025-11-30 23:15:18,2025-04-21 06:43:21
P03210,Deepak Singh,,1959-04-20,Male,Indian,Business Owner,"H.No. 117, Dara Path",Dewas,Madhya Pradesh,335836,Inactive,SRC010,0.8,2024-05-18 05:36:01,2024-10-13 01:07:25
P03211,Ananya Saxena,,1986-05-22,Male,Indian,Manager,"H.No. 515, More Marg",Gurugram,Haryana,387871,Inactive,SRC017,0.83,2025-03-21 06:06:07,2024-03-07 14:11:08
P03212,Rohan Tiwari,,1974-03-06,Male,Indian,Consultant,"H.No. 89, Bhalla Zila",Indore,Madhya Pradesh,482562,Active,SRC020,0.84,2025-12-03 02:26:30,2025-04-15 20:15:22
P03213,Riya Joshi,,1988-10-29,Female,Indian,Sales Executive,"316
Dube Zila",Pune,Maharashtra,992868,Under Review,SRC025,0.97,2025-10-05 08:39:05,2025-11-15 16:09:39
P03214,Nandini Malhotra,,1986-02-23,Female,Indian,Trader,"77/515, Ranganathan Ganj",Ahmedabad,Gujarat,209750,Inactive,SRC024,0.97,2026-03-15 13:27:20,2024-12-31 08:41:21
P03215,Rohan Tiwari,R. Tiwari,1987-11-26,Male,Indian,Business Owner,"85/685, Maharaj",Bhopal,Madhya Pradesh,164933,Inactive,SRC008,0.94,2024-04-06 16:00:20,2026-05-30 19:14:30
P03216,Mohit Tiwari,,1962-02-11,Male,Indian,Trader,"85/402
Dass Marg",Indore,Madhya Pradesh,806036,Under Review,SRC019,0.94,2024-08-31 01:52:01,2024-08-12 15:52:20
P03217,Priya Singh,,1976-07-03,Female,Indian,Consultant,"52/29, Sane Zila",Gwalior,Madhya Pradesh,613073,Active,SRC027,0.93,2026-02-16 22:02:02,2025-05-16 15:22:02
P03218,Yash Shah,,1979-12-31,Female,Indian,Security Guard,"45/44
Balan Ganj",Indore,Madhya Pradesh,745777,Inactive,SRC012,0.97,2026-06-14 10:23:11,2024-04-27 20:03:56
P03219,Kavya Saxena,,2002-12-28,Male,Indian,Security Guard,"51/831
Konda Marg",Hyderabad,Telangana,253363,Inactive,SRC006,0.9,2024-02-08 16:25:34,2025-03-20 10:13:43
P03220,Isha Sharma,,1975-09-07,Female,Indian,Manager,"07
Grover Nagar",Kota,Rajasthan,076660,Under Review,SRC002,0.92,2026-06-30 01:29:11,2025-07-14 00:55:18
P03221,Nikhil Singh,,1992-01-13,Female,Indian,Business Owner,"52/61, Salvi Nagar",Lucknow,Uttar Pradesh,553264,Inactive,SRC003,0.93,2025-04-28 01:09:27,2026-04-22 06:34:47
P03222,Ankit Joshi,,1990-09-29,Male,Indian,Trader,"H.No. 240
Hayre Road",Kota,Rajasthan,848359,Inactive,SRC012,0.87,2026-02-05 07:26:31,2025-01-12 07:20:51
P03223,Vihaan Mehta,,1958-01-12,Female,Indian,Student,"20/87, Ram Zila",Jaipur,Rajasthan,881939,Active,SRC030,0.83,2025-09-06 08:33:39,2024-05-21 04:16:26
P03224,Priya Tiwari,,1961-10-24,Male,Indian,Sales Executive,"99/38, Warrior Zila",Ujjain,Madhya Pradesh,921650,Inactive,SRC008,0.91,2024-04-04 16:46:25,2025-05-25 13:33:28
P03225,Varun Malhotra,,1961-06-11,Female,Indian,Manager,"60
Vaidya Zila",Mumbai,Maharashtra,867522,Under Review,SRC006,0.91,2025-02-04 09:16:32,2024-10-24 22:41:04
P03226,Riya Chauhan,,1997-08-02,Female,Indian,Trader,"893
Uppal Street",Ahmedabad,Gujarat,665177,Active,SRC011,0.95,2024-07-14 11:47:11,2024-07-19 15:48:49
P03227,Kavya Sharma,,2000-10-20,Male,Indian,Accountant,"H.No. 93
Khatri Zila",Kanpur,Uttar Pradesh,276255,Under Review,SRC005,0.97,2025-08-23 04:40:25,2026-07-15 17:39:22
P03228,Kabir Gupta,,1979-04-01,Male,Indian,Consultant,"H.No. 182
Sarkar Path",Ahmedabad,Gujarat,516391,Active,SRC015,0.93,2025-03-19 10:56:12,2025-04-01 03:27:14
P03229,Manish Patel,,1996-10-19,Female,Indian,Manager,"36/28
Hayer Zila",Surat,Gujarat,135033,Active,SRC011,0.89,2024-10-02 14:28:07,2024-01-13 00:59:12
P03230,Sanjay Yadav,,1981-10-24,Male,Indian,Student,"87/574
Sangha Road",Ahmedabad,Gujarat,448218,Active,SRC027,0.88,2026-04-04 11:11:41,2026-04-11 22:14:11
P03231,Kavya Chauhan,K. Chauhan,1982-07-31,Male,Indian,Technician,"H.No. 255, Suri Circle",Indore,Madhya Pradesh,405031,Inactive,SRC002,0.83,2024-11-27 05:59:32,2024-07-21 09:09:37
P03232,Pooja Gupta,,1996-08-22,Female,Indian,Manager,"H.No. 08
Naidu Marg",Pune,Maharashtra,996387,Inactive,SRC012,0.82,2026-02-06 21:27:58,2024-10-12 05:45:56
P03233,Vikram Mehta,,2002-10-14,Male,Indian,Security Guard,"412, Khare Path",Surat,Gujarat,410657,Inactive,SRC008,0.79,2026-03-15 16:19:29,2024-05-11 16:28:52
P03234,Aarav Singh,,1994-12-01,Male,Indian,Manager,"65
Dugar Marg",Bengaluru,Karnataka,670393,Under Review,SRC003,0.87,2024-07-27 05:21:52,2024-12-31 16:59:59
P03235,Arjun Rathore,,2001-04-10,Male,Indian,Sales Executive,"44
Bandi Zila",Ahmedabad,Gujarat,397118,Active,SRC010,0.8,2024-06-29 23:42:27,2025-11-16 14:08:59
P03236,Deepak Tiwari,,2003-09-05,Female,Indian,Accountant,"40/935, Goswami Circle",Dewas,Madhya Pradesh,173203,Under Review,SRC006,0.97,2024-03-18 13:57:40,2024-01-11 11:22:45
P03237,Ankit Deshmukh,,1977-12-08,Male,Indian,Student,"51
Loke Circle",Mumbai,Maharashtra,887978,Active,SRC005,0.95,2025-06-18 06:45:32,2026-08-19 08:47:41
P03238,Pooja Verma,P. Verma,1975-07-03,Male,Indian,Manager,"57/97
Chaudhary Zila",Mumbai,Maharashtra,917946,Active,SRC017,0.79,2024-03-06 05:26:01,2026-04-24 02:31:26
P03239,Raj Saxena,,1960-06-06,Male,Indian,Student,"23/95
Bail Zila",Indore,Madhya Pradesh,278668,Active,SRC022,0.9,2026-04-13 12:19:39,2025-06-11 08:44:59
P03240,Arjun Shah,,1991-05-06,Male,Indian,Technician,"003
Rajan Street",Pune,Maharashtra,030524,Under Review,SRC008,0.88,2024-04-01 06:00:24,2024-09-22 05:19:01
P03241,Mohit Mehta,M. Mehta,1966-04-04,Male,Indian,Business Owner,"51
Kalita Ganj",Bengaluru,Karnataka,294957,Active,SRC023,0.9,2025-03-01 10:29:29,2024-08-29 23:50:10
P03242,Sanjay Mishra,,2008-02-19,Male,Indian,Technician,"10/849
Sridhar Street",Gwalior,Madhya Pradesh,453868,Inactive,SRC023,0.93,2025-03-08 05:26:15,2024-03-08 23:21:58
P03243,Karan Rathore,,1993-02-06,Female,Indian,Technician,"76
Comar Street",Ujjain,Madhya Pradesh,545614,Under Review,SRC010,0.78,2025-12-02 18:49:10,2026-08-18 11:45:58
P03244,Deepak Shah,,1963-10-25,Male,Indian,Accountant,"83/489, Patil",Bengaluru,Karnataka,120085,Active,SRC010,0.95,2025-07-15 09:35:08,2024-02-11 09:30:44
P03245,Nikhil Gupta,,1960-02-08,Male,Indian,Student,"417, Kale Nagar",Jabalpur,Madhya Pradesh,423733,Under Review,SRC021,0.88,2024-03-16 12:40:53,2024-10-17 20:51:37
P03246,Nandini Tiwari,,1989-12-23,Female,Indian,Consultant,"H.No. 471
Subramaniam Circle",Ujjain,Madhya Pradesh,217794,Inactive,SRC024,0.84,2025-12-08 22:21:54,2026-07-24 20:25:24
P03247,Vikram Yadav,,1990-05-27,Male,Indian,Manager,"H.No. 017, Tandon Street",Indore,Madhya Pradesh,821517,Inactive,SRC025,0.85,2026-01-15 22:18:25,2026-08-15 23:30:00
P03248,Priya Deshmukh,,1995-01-02,Female,Indian,Trader,"96/313
Mahal Street",Gwalior,Madhya Pradesh,496196,Inactive,SRC014,0.93,2025-11-11 05:16:55,2026-08-05 12:41:39
P03249,Sanjay Verma,S. Verma,1973-12-09,Female,Indian,Student,"27
Majumdar Zila",Vadodara,Gujarat,706586,Active,SRC005,0.79,2026-01-27 20:07:22,2025-02-28 02:33:25
P03250,Siddharth Khan,S. Khan,2000-04-20,Female,Indian,Trader,"85, Shere Chowk",Kanpur,Uttar Pradesh,712199,Under Review,SRC002,0.87,2025-07-09 07:49:09,2024-07-08 16:56:02
P03251,Aditya Deshmukh,A. Deshmukh,1993-01-25,Male,Indian,Driver,"67, Suri Nagar",Bhopal,Madhya Pradesh,022796,Under Review,SRC004,0.86,2026-01-23 22:44:44,2025-12-17 16:08:33
P03252,Neha Tiwari,N. Tiwari,1973-04-12,Female,Indian,Student,"84, Acharya Ganj",Delhi,Delhi,398780,Active,SRC011,0.83,2025-02-12 16:52:39,2026-01-31 22:47:35
P03253,Rohan Gupta,R. Gupta,1972-04-19,Female,Indian,Manager,"49/18
Modi Marg",Gurugram,Haryana,493203,Active,SRC003,0.96,2025-12-03 05:06:13,2024-05-17 09:45:57
P03254,Ankit Bansal,,1976-12-14,Female,Indian,Student,"70/37
Pradhan Path",Ahmedabad,Gujarat,854576,Active,SRC030,0.88,2026-05-12 21:08:02,2024-07-27 13:49:15
P03255,Aditya Agarwal,,1987-04-02,Male,Indian,Business Owner,"64/308
Kapadia Zila",Jabalpur,Madhya Pradesh,225750,Active,SRC001,0.98,2024-09-08 16:47:36,2024-05-14 09:27:51
P03256,Vikram Yadav,,1979-03-03,Male,Indian,Manager,"509
Murty Road",Surat,Gujarat,731492,Under Review,SRC019,0.97,2025-10-03 16:33:54,2025-02-16 12:02:16
P03257,Rohan Jain,,1966-09-18,Female,Indian,Student,"76
Jaggi Nagar",Ujjain,Madhya Pradesh,807100,Inactive,SRC020,0.92,2024-05-20 14:05:01,2024-11-03 14:09:35
P03258,Varun Chauhan,,1997-01-25,Male,Indian,Trader,"H.No. 17
Khatri",Jaipur,Rajasthan,979339,Under Review,SRC023,0.83,2026-01-15 02:58:11,2024-08-27 03:14:48
P03259,Mohit Tiwari,,1967-08-26,Female,Indian,Student,"76/88, Rastogi Ganj",Mumbai,Maharashtra,581738,Inactive,SRC019,0.8,2026-04-27 01:06:43,2025-02-25 23:22:12
P03260,Sanjay Gupta,S. Gupta,1985-02-18,Male,Indian,Driver,"H.No. 22
Natarajan Ganj",Lucknow,Uttar Pradesh,799378,Inactive,SRC022,0.96,2026-08-06 14:17:33,2024-08-14 13:22:47
P03261,Sneha Chauhan,S. Chauhan,1989-11-22,Female,Indian,Student,"H.No. 998, Puri Nagar",Vadodara,Gujarat,960334,Inactive,SRC006,0.87,2024-06-20 17:51:13,2026-06-03 03:59:41
P03262,Riya Jain,R. Jain,1997-06-13,Male,Indian,Trader,"H.No. 867
Dube Street",Vadodara,Gujarat,628107,Active,SRC009,0.85,2025-01-28 05:55:30,2025-03-20 13:42:48
P03263,Nikhil Jain,,2007-09-12,Female,Indian,Student,"39
Borra Chowk",Pune,Maharashtra,905974,Inactive,SRC030,0.94,2026-06-01 21:07:27,2025-05-02 20:09:57
P03264,Yash Rathore,,1997-10-28,Female,Indian,Security Guard,"053, Mand Chowk",Kota,Rajasthan,624261,Inactive,SRC019,0.87,2024-02-23 20:07:08,2024-08-17 00:42:02
P03265,Kabir Malhotra,,1965-05-23,Female,Indian,Driver,"36
Chopra Path",Hyderabad,Telangana,919866,Active,SRC010,0.87,2024-03-19 20:57:33,2024-05-17 10:01:40
P03266,Rohan Joshi,,1973-01-10,Male,Indian,Manager,"572
Sibal Road",Indore,Madhya Pradesh,398572,Inactive,SRC011,0.86,2026-02-25 04:26:04,2025-10-04 16:28:10
P03267,Nandini Joshi,N. Joshi,1984-05-12,Male,Indian,Student,"H.No. 728, Karan Road",Gwalior,Madhya Pradesh,800999,Active,SRC025,0.87,2026-06-07 07:37:50,2025-02-21 03:49:30
P03268,Amit Rathore,,2003-07-16,Male,Indian,Technician,"45/051, Balakrishnan Road",Dewas,Madhya Pradesh,873597,Under Review,SRC001,0.91,2024-12-30 14:09:57,2024-08-07 14:04:57
P03269,Siddharth Gupta,,1972-04-24,Female,Indian,Sales Executive,"649
Ramanathan",Nagpur,Maharashtra,077997,Active,SRC005,0.9,2025-03-20 04:45:43,2024-05-25 11:05:49
P03270,Manish Mishra,,1964-11-17,Male,Indian,Sales Executive,"H.No. 61
Khurana Path",Vadodara,Gujarat,002702,Active,SRC010,0.97,2025-03-23 18:55:37,2024-12-19 12:13:31
P03271,Deepak Tiwari,,1960-09-21,Female,Indian,Trader,"97
Kohli Marg",Indore,Madhya Pradesh,514538,Under Review,SRC019,0.88,2025-01-02 03:37:38,2025-08-01 06:57:13
P03272,Meera Singh,M. Singh,1958-03-02,Female,Indian,Business Owner,"12/07
Ahuja Path",Vadodara,Gujarat,069915,Inactive,SRC001,0.82,2024-12-22 01:37:08,2026-05-10 17:39:58
P03273,Neha Deshmukh,N. Deshmukh,1975-05-03,Female,Indian,Trader,"22/44, Parekh Path",Lucknow,Uttar Pradesh,523221,Under Review,SRC022,0.96,2024-10-22 12:10:15,2026-08-04 07:39:40
P03274,Rohan Jain,,2007-12-08,Male,Indian,Business Owner,"H.No. 13
Prakash",Mumbai,Maharashtra,769933,Under Review,SRC023,0.93,2026-07-01 10:39:34,2024-08-20 00:42:36
P03275,Sanjay Mehta,,1961-09-15,Female,Indian,Business Owner,"59/07
Palla Nagar",Jaipur,Rajasthan,951063,Inactive,SRC007,0.87,2025-02-04 02:24:06,2024-04-18 22:47:25
P03276,Vikram Singh,,1997-09-20,Male,Indian,Driver,"74/08, Bhatt Zila",Lucknow,Uttar Pradesh,306993,Active,SRC005,0.97,2026-03-21 08:00:38,2024-05-21 08:14:19
P03277,Sneha Singh,,1971-09-19,Male,Indian,Security Guard,"78/99, Ranganathan",Indore,Madhya Pradesh,893028,Inactive,SRC017,0.97,2024-10-06 03:38:19,2024-12-16 21:09:40
P03278,Rohan Chauhan,,1961-06-24,Male,Indian,Accountant,"H.No. 560
Gupta Circle",Nagpur,Maharashtra,912604,Active,SRC014,0.96,2025-11-13 17:57:42,2025-06-15 13:15:07
P03279,Priya Shah,P. Shah,1995-08-18,Male,Indian,Security Guard,"H.No. 49
Bir Circle",Jaipur,Rajasthan,409386,Under Review,SRC013,0.88,2024-12-09 16:07:58,2024-10-26 12:57:15
P03280,Isha Mehta,,1961-03-17,Female,Indian,Consultant,"05, Uppal Road",Mumbai,Maharashtra,487056,Under Review,SRC030,0.84,2025-01-05 06:54:21,2024-08-06 23:06:13
P03281,Amit Deshmukh,A. Deshmukh,2001-06-03,Female,Indian,Student,"H.No. 60, More",Jabalpur,Madhya Pradesh,615012,Inactive,SRC019,0.93,2026-03-28 08:55:43,2026-06-02 08:08:46
P03282,Vihaan Patel,V. Patel,1991-12-25,Female,Indian,Driver,"H.No. 06, Prasad Marg",Mumbai,Maharashtra,605059,Under Review,SRC030,0.83,2024-01-21 06:11:22,2025-05-12 12:26:55
P03283,Vihaan Sharma,V. Sharma,1976-01-26,Female,Indian,Consultant,"76/578
Kala",Ujjain,Madhya Pradesh,939194,Inactive,SRC004,0.88,2025-04-19 08:25:24,2024-08-07 15:45:14
P03284,Kavya Bansal,,1965-06-02,Male,Indian,Accountant,"35/219, Badami Marg",Bhopal,Madhya Pradesh,027647,Under Review,SRC024,0.89,2024-03-10 07:44:37,2026-01-13 13:56:50
P03285,Neha Verma,,2002-01-08,Male,Indian,Business Owner,"H.No. 32, Chaudhuri Zila",Ahmedabad,Gujarat,902662,Inactive,SRC002,0.84,2024-08-16 05:18:12,2025-03-13 20:49:07
P03286,Aditya Saxena,,2008-04-06,Female,Indian,Driver,"309, Kohli Circle",Jaipur,Rajasthan,452378,Under Review,SRC007,0.96,2026-06-15 11:50:00,2026-02-12 20:14:32
P03287,Rahul Bansal,,1968-03-29,Male,Indian,Trader,"328
Lalla Chowk",Gwalior,Madhya Pradesh,565686,Inactive,SRC015,0.85,2025-02-06 18:07:41,2025-06-01 03:01:32
P03288,Varun Verma,V. Verma,1995-10-25,Male,Indian,Driver,"00/05
Palla Circle",Mumbai,Maharashtra,815750,Inactive,SRC017,0.98,2026-06-07 05:14:05,2026-04-10 04:52:01
P03289,Ankit Agarwal,A. Agarwal,1971-06-02,Female,Indian,Security Guard,"81
Bawa Circle",Delhi,Delhi,794914,Inactive,SRC002,0.8,2026-05-06 03:43:53,2026-08-11 09:57:30
P03290,Nandini Deshmukh,N. Deshmukh,2002-02-09,Female,Indian,Driver,"H.No. 14, Sane Road",Bhopal,Madhya Pradesh,199541,Inactive,SRC029,0.91,2025-03-17 21:10:22,2024-02-04 13:46:49
P03291,Ananya Tiwari,,2001-12-03,Male,Indian,Student,"H.No. 62
Raman Marg",Mumbai,Maharashtra,885455,Active,SRC004,0.86,2024-08-16 14:24:39,2026-04-30 04:22:16
P03292,Nandini Chauhan,,1992-08-08,Female,Indian,Driver,"76, Patel Marg",Kota,Rajasthan,990234,Active,SRC019,0.9,2024-09-30 23:17:17,2026-01-22 23:59:51
P03293,Sneha Chauhan,,1964-06-10,Male,Indian,Accountant,"22, Sanghvi Marg",Delhi,Delhi,849186,Active,SRC014,0.79,2024-04-04 01:59:57,2025-01-09 12:49:14
P03294,Riya Verma,,1965-11-02,Female,Indian,Security Guard,"35, Bhasin Circle",Surat,Gujarat,331513,Active,SRC012,0.82,2024-03-16 03:32:03,2026-08-10 00:46:23
P03295,Nikhil Tiwari,,1975-04-17,Female,Indian,Technician,"H.No. 702, Toor Chowk",Ujjain,Madhya Pradesh,734479,Inactive,SRC023,0.81,2026-02-06 10:10:29,2025-03-09 13:59:33
P03296,Nikhil Jain,,1995-10-29,Male,Indian,Manager,"17/61, Reddy",Vadodara,Gujarat,258858,Under Review,SRC019,0.94,2026-08-20 10:49:58,2026-06-26 19:22:23
P03297,Varun Khan,V. Khan,1971-08-12,Female,Indian,Sales Executive,"H.No. 357, Aurora Road",Ahmedabad,Gujarat,474073,Active,SRC015,0.97,2025-08-16 14:35:29,2024-05-27 09:24:45
P03298,Ananya Rathore,,1989-09-20,Male,Indian,Technician,"75/657, Bhakta Chowk",Surat,Gujarat,183442,Under Review,SRC027,0.84,2024-11-15 22:12:10,2024-03-24 23:58:28
P03299,Amit Mishra,,1959-08-03,Male,Indian,Business Owner,"H.No. 55
Date Zila",Kanpur,Uttar Pradesh,152863,Active,SRC001,0.81,2024-10-29 20:55:41,2024-09-01 07:44:00
P03300,Varun Joshi,V. Joshi,1961-01-25,Female,Indian,Sales Executive,"H.No. 706
Dalal Road",Mumbai,Maharashtra,453375,Inactive,SRC025,0.86,2026-03-31 09:12:09,2024-01-20 12:41:07
P03301,Siddharth Tiwari,,1999-06-10,Male,Indian,Technician,"14/61
Misra Marg",Pune,Maharashtra,573376,Under Review,SRC023,0.79,2026-05-21 09:21:10,2025-05-18 17:29:58
P03302,Sanjay Singh,,1958-01-14,Female,Indian,Student,"417, Biswas Circle",Lucknow,Uttar Pradesh,907195,Active,SRC008,0.78,2025-04-13 21:51:08,2024-04-09 08:59:59
P03303,Raj Yadav,,2006-06-25,Male,Indian,Security Guard,"H.No. 495
Mammen Zila",Mumbai,Maharashtra,583873,Under Review,SRC030,0.88,2025-01-08 07:14:12,2024-02-05 07:16:08
P03304,Meera Sharma,,2002-02-22,Male,Indian,Security Guard,"66/18, Warrior Nagar",Delhi,Delhi,388168,Under Review,SRC028,0.82,2024-10-29 12:55:46,2024-05-16 03:25:54
P03305,Mohit Rathore,,1981-07-23,Male,Indian,Driver,"099, Shah Nagar",Gurugram,Haryana,464450,Under Review,SRC010,0.81,2024-08-17 17:28:02,2025-10-07 02:18:45
P03306,Rohan Rathore,,1976-12-06,Male,Indian,Business Owner,"H.No. 51, Batta",Lucknow,Uttar Pradesh,873300,Under Review,SRC002,0.78,2024-06-21 13:28:58,2025-09-12 22:03:30
P03307,Nandini Mehta,N. Mehta,1976-12-05,Male,Indian,Consultant,"22, Taneja Ganj",Jabalpur,Madhya Pradesh,695043,Active,SRC007,0.84,2024-05-22 04:41:51,2025-09-23 11:09:56
P03308,Manish Rathore,,2003-02-03,Male,Indian,Technician,"04/73
Kade Path",Mumbai,Maharashtra,226549,Under Review,SRC022,0.88,2024-07-19 11:14:03,2026-07-28 06:26:15
P03309,Sneha Yadav,S. Yadav,1999-04-18,Female,Indian,Driver,"973
Pingle Road",Gurugram,Haryana,359964,Under Review,SRC019,0.9,2024-05-21 03:35:49,2024-02-27 15:17:21
P03310,Mohit Patel,,1977-01-15,Female,Indian,Technician,"09/897, Sibal Street",Jaipur,Rajasthan,051431,Inactive,SRC013,0.94,2026-06-11 02:34:23,2025-01-11 07:25:38
P03311,Amit Agarwal,,1962-04-26,Female,Indian,Security Guard,"91/36, Saini Path",Bhopal,Madhya Pradesh,025426,Active,SRC007,0.84,2024-02-09 14:56:48,2025-02-05 14:17:21
P03312,Karan Sharma,,1985-03-18,Female,Indian,Sales Executive,"384, Parsa Ganj",Indore,Madhya Pradesh,993895,Active,SRC030,0.95,2026-06-17 20:26:57,2024-10-19 11:53:32
P03313,Manish Singh,,2002-05-07,Female,Indian,Accountant,"517, Sunder Road",Jaipur,Rajasthan,294977,Inactive,SRC020,0.82,2024-12-11 18:33:11,2024-12-22 07:54:57
P03314,Ananya Khan,,1962-11-17,Male,Indian,Consultant,"38
Sangha Ganj",Jabalpur,Madhya Pradesh,665703,Active,SRC020,0.93,2024-03-19 02:48:00,2024-01-04 03:57:46
P03315,Deepak Sharma,,1966-03-22,Female,Indian,Accountant,"387, Kade Path",Vadodara,Gujarat,214483,Inactive,SRC002,0.94,2026-03-13 06:20:10,2024-11-22 17:30:07
P03316,Sanjay Rathore,S. Rathore,1992-02-21,Female,Indian,Business Owner,"49
Vyas Circle",Hyderabad,Telangana,968382,Under Review,SRC023,0.8,2024-12-18 05:49:28,2024-12-27 14:43:43
P03317,Aditya Chauhan,,1972-04-10,Male,Indian,Security Guard,"35/35, Bhatt Street",Jabalpur,Madhya Pradesh,173466,Active,SRC005,0.86,2026-07-09 00:41:22,2024-01-21 16:16:35
P03318,Raj Shah,,1997-10-08,Female,Indian,Technician,"47/157, Sagar Path",Mumbai,Maharashtra,080103,Under Review,SRC015,0.96,2026-03-08 03:11:26,2024-06-06 22:50:37
P03319,Nandini Gupta,,2003-01-25,Male,Indian,Technician,"955, Gola Zila",Pune,Maharashtra,698323,Inactive,SRC029,0.8,2024-05-29 03:40:05,2024-12-11 12:03:04
P03320,Kabir Patel,,1970-11-24,Female,Indian,Manager,"263
Sachar Street",Ahmedabad,Gujarat,144537,Active,SRC027,0.83,2024-04-13 12:43:17,2025-09-20 13:26:23
P03321,Vikram Bansal,,1971-04-09,Female,Indian,Consultant,"67/87, Tella Chowk",Kota,Rajasthan,115913,Under Review,SRC027,0.83,2024-06-22 18:55:55,2025-06-06 05:46:58
P03322,Rohan Sharma,R. Sharma,1967-03-02,Female,Indian,Sales Executive,"63/554, Baria Marg",Mumbai,Maharashtra,369310,Under Review,SRC014,0.87,2026-05-02 17:23:03,2026-04-09 17:32:04
P03323,Rohan Bansal,,1980-05-02,Female,Indian,Consultant,"238
Pandya Zila",Jabalpur,Madhya Pradesh,552787,Under Review,SRC029,0.81,2025-03-01 05:45:27,2026-01-27 04:24:11
P03324,Isha Rathore,,1989-10-19,Male,Indian,Business Owner,"356, Bains Road",Jabalpur,Madhya Pradesh,099986,Under Review,SRC029,0.93,2025-05-10 02:10:50,2026-08-09 19:21:07
P03325,Priya Singh,,1988-04-03,Male,Indian,Driver,"H.No. 786
Ramanathan Chowk",Indore,Madhya Pradesh,819194,Inactive,SRC022,0.94,2025-06-30 18:52:50,2026-03-06 23:18:11
P03326,Kavya Sharma,K. Sharma,1992-06-14,Male,Indian,Security Guard,"12
Chacko Ganj",Surat,Gujarat,024155,Inactive,SRC009,0.82,2024-04-20 00:36:37,2026-04-05 04:31:07
P03327,Rohan Rathore,,1974-05-04,Male,Indian,Business Owner,"735
Jain Ganj",Gwalior,Madhya Pradesh,702899,Under Review,SRC023,0.93,2025-01-25 23:35:42,2026-07-25 19:08:30
P03328,Vikram Joshi,,1983-04-03,Male,Indian,Student,"43/11
Edwin Marg",Kota,Rajasthan,065149,Under Review,SRC023,0.94,2024-09-03 05:25:24,2025-03-25 04:37:54
P03329,Meera Gupta,M. Gupta,1997-10-23,Male,Indian,Business Owner,"54/310
Pandya Path",Indore,Madhya Pradesh,710302,Under Review,SRC002,0.9,2025-03-24 12:04:41,2025-07-11 19:00:44
P03330,Varun Deshmukh,,1959-10-14,Female,Indian,Security Guard,"69/79
Narula Ganj",Hyderabad,Telangana,342314,Active,SRC024,0.78,2025-07-06 01:16:06,2026-01-18 08:58:52
P03331,Manish Tiwari,M. Tiwari,1966-03-11,Male,Indian,Technician,"586, Samra Nagar",Bhopal,Madhya Pradesh,098180,Under Review,SRC009,0.79,2025-10-25 17:03:39,2024-02-16 11:05:07
P03332,Raj Deshmukh,,1986-12-16,Male,Indian,Manager,"H.No. 14, Manne Zila",Dewas,Madhya Pradesh,508501,Under Review,SRC008,0.79,2025-11-16 00:37:58,2025-10-18 06:56:01
P03333,Karan Jain,,1982-02-09,Male,Indian,Accountant,"29/636
Bora Road",Delhi,Delhi,264725,Inactive,SRC013,0.82,2025-11-04 09:40:37,2025-11-01 16:55:11
P03334,Nandini Sharma,,1993-05-03,Male,Indian,Sales Executive,"H.No. 53, Rao",Lucknow,Uttar Pradesh,424081,Active,SRC022,0.91,2025-03-17 07:17:34,2025-11-19 17:24:48
P03335,Varun Mehta,,1971-10-08,Female,Indian,Trader,"39/685
Sethi Street",Vadodara,Gujarat,820918,Under Review,SRC009,0.94,2025-09-22 00:48:00,2024-04-09 08:23:08
P03336,Riya Sharma,,1965-06-11,Male,Indian,Driver,"14
Yadav Street",Vadodara,Gujarat,970209,Active,SRC002,0.99,2026-01-11 06:42:51,2025-03-31 09:49:45
P03337,Priya Tiwari,,1993-09-03,Male,Indian,Business Owner,"35/159
Borde Zila",Mumbai,Maharashtra,533170,Under Review,SRC014,0.88,2024-05-11 14:56:46,2026-04-02 18:03:40
P03338,Rahul Deshmukh,,2003-05-01,Female,Indian,Sales Executive,"97, Wali Nagar",Delhi,Delhi,043775,Active,SRC018,0.9,2025-06-19 11:33:19,2024-06-24 05:01:06
P03339,Arjun Agarwal,,1976-06-05,Male,Indian,Trader,"H.No. 720
Naik Zila",Jabalpur,Madhya Pradesh,330032,Inactive,SRC024,0.96,2024-11-23 13:47:32,2025-01-07 11:07:32
P03340,Neha Sharma,,2004-03-21,Female,Indian,Student,"H.No. 74
Halder Zila",Gwalior,Madhya Pradesh,115196,Inactive,SRC023,0.96,2025-05-04 13:37:08,2025-08-16 17:06:59
P03341,Varun Rathore,,2008-01-02,Male,Indian,Security Guard,"266
Chadha Ganj",Gurugram,Haryana,430990,Under Review,SRC026,0.98,2026-08-27 21:28:25,2025-09-16 16:42:32
P03342,Amit Jain,,1990-12-24,Female,Indian,Business Owner,"91/315
Oommen Marg",Kota,Rajasthan,667136,Active,SRC024,0.92,2024-10-24 20:33:36,2026-05-07 20:42:20
P03343,Meera Khan,,1993-09-01,Male,Indian,Manager,"H.No. 452
Varma Street",Delhi,Delhi,325348,Active,SRC006,0.87,2025-10-04 03:07:29,2025-12-06 14:20:11
P03344,Amit Yadav,,1999-09-09,Male,Indian,Manager,"93/49
Pant Marg",Lucknow,Uttar Pradesh,758335,Under Review,SRC023,0.82,2024-06-20 12:35:16,2025-10-12 23:05:20
P03345,Neha Chauhan,,1982-12-23,Female,Indian,Sales Executive,"H.No. 06
Chakrabarti Road",Ujjain,Madhya Pradesh,315402,Active,SRC018,0.97,2024-10-26 20:24:23,2026-08-11 12:00:31
P03346,Yash Tiwari,Y. Tiwari,1983-04-29,Female,Indian,Manager,"50, Ratta Zila",Bengaluru,Karnataka,270349,Under Review,SRC008,0.95,2024-04-21 22:06:32,2024-04-09 10:40:25
P03347,Siddharth Tiwari,S. Tiwari,1958-07-06,Female,Indian,Manager,"696
Sachdev Ganj",Gwalior,Madhya Pradesh,272126,Inactive,SRC016,0.88,2026-07-10 15:09:07,2024-09-11 10:33:08
P03348,Amit Joshi,,1973-08-24,Female,Indian,Consultant,"676
Srivastava Circle",Bengaluru,Karnataka,746726,Active,SRC018,0.96,2025-08-02 18:29:02,2025-02-01 07:30:21
P03349,Nandini Tiwari,,1967-08-03,Male,Indian,Technician,"33/327, Deshmukh",Vadodara,Gujarat,702671,Active,SRC030,0.8,2025-08-09 17:53:18,2025-01-09 10:01:21
P03350,Ananya Agarwal,,1972-10-18,Male,Indian,Student,"18/51
Sharaf Road",Gwalior,Madhya Pradesh,616038,Inactive,SRC016,0.9,2024-10-02 12:23:46,2026-07-11 22:29:58
P03351,Rahul Shah,,2007-05-19,Male,Indian,Manager,"06, Gour Circle",Ujjain,Madhya Pradesh,879561,Inactive,SRC028,0.86,2024-10-25 13:32:23,2024-03-23 08:15:36
P03352,Kavya Mehta,,1958-03-21,Male,Indian,Driver,"15
Gara",Kanpur,Uttar Pradesh,257890,Inactive,SRC017,0.87,2026-06-05 12:01:27,2025-05-06 01:18:21
P03353,Vihaan Saxena,V. Saxena,1998-04-23,Male,Indian,Consultant,"90, Bhakta Ganj",Bhopal,Madhya Pradesh,471120,Inactive,SRC020,0.93,2024-05-13 14:40:29,2024-07-25 19:58:22
P03354,Kabir Bansal,,2000-01-27,Female,Indian,Technician,"859, Chatterjee Path",Delhi,Delhi,920722,Under Review,SRC015,0.99,2024-07-10 16:22:52,2026-02-07 02:01:31
P03355,Neha Jain,,1970-01-14,Male,Indian,Business Owner,"398, Parmer",Indore,Madhya Pradesh,113997,Active,SRC004,0.93,2026-01-12 11:52:25,2025-04-01 21:59:13
P03356,Rohan Joshi,R. Joshi,1998-03-26,Female,Indian,Business Owner,"27/87
Sarma Marg",Indore,Madhya Pradesh,360842,Inactive,SRC009,0.82,2024-05-06 17:17:04,2026-01-19 13:50:52
P03357,Pooja Sharma,,1998-12-21,Female,Indian,Sales Executive,"H.No. 14
Lad Road",Jaipur,Rajasthan,574306,Active,SRC006,0.83,2024-05-31 00:48:32,2024-01-23 14:18:03
P03358,Rahul Mishra,,1984-08-03,Male,Indian,Security Guard,"84/991
Tiwari",Bengaluru,Karnataka,202981,Active,SRC013,0.82,2024-03-02 06:02:16,2024-01-10 19:47:02
P03359,Vihaan Sharma,,1957-11-28,Male,Indian,Sales Executive,"391
Chad Road",Gurugram,Haryana,179633,Inactive,SRC026,0.82,2024-01-21 13:45:39,2024-11-24 11:48:44
P03360,Ankit Mishra,,1957-09-26,Female,Indian,Technician,"H.No. 95
Mandal Nagar",Jabalpur,Madhya Pradesh,327192,Active,SRC016,0.98,2025-07-08 23:32:12,2026-05-12 21:24:04
P03361,Isha Agarwal,,2006-11-15,Female,Indian,Trader,"84/416, Purohit Zila",Indore,Madhya Pradesh,624088,Under Review,SRC003,0.95,2026-01-15 23:50:43,2026-08-13 05:46:52
P03362,Pooja Malhotra,,1963-07-08,Female,Indian,Student,"238
Hayre Zila",Ahmedabad,Gujarat,057410,Under Review,SRC025,0.97,2024-08-24 08:10:36,2025-02-03 19:52:55
P03363,Karan Verma,,1965-10-06,Female,Indian,Accountant,"59/415
Parsa Street",Jaipur,Rajasthan,851635,Inactive,SRC021,0.84,2025-04-24 18:08:13,2024-03-12 07:01:49
P03364,Nikhil Jain,,1998-06-01,Male,Indian,Consultant,"H.No. 46
Tella Marg",Nagpur,Maharashtra,713290,Inactive,SRC021,0.87,2026-02-09 21:52:15,2024-04-07 18:03:09
P03365,Raj Tiwari,,1960-09-02,Male,Indian,Consultant,"15/85, Chaudhari Zila",Kota,Rajasthan,811014,Under Review,SRC007,0.95,2025-01-08 14:44:20,2024-05-08 02:08:22
P03366,Raj Jain,,1996-09-24,Female,Indian,Sales Executive,"596
Gaba Circle",Vadodara,Gujarat,140812,Inactive,SRC027,0.88,2025-11-05 12:46:14,2024-11-23 12:12:19
P03367,Amit Chauhan,,1969-04-15,Male,Indian,Sales Executive,"76, Bawa Marg",Ahmedabad,Gujarat,716892,Active,SRC028,0.92,2025-03-26 15:47:48,2026-05-21 22:06:41
P03368,Deepak Rathore,,1985-12-17,Male,Indian,Security Guard,"87
Bose Zila",Vadodara,Gujarat,834770,Under Review,SRC010,0.83,2024-12-04 16:29:19,2024-03-27 07:46:55
P03369,Pooja Mishra,,1990-09-27,Female,Indian,Consultant,"30
Balasubramanian Circle",Bengaluru,Karnataka,821311,Active,SRC028,0.98,2025-11-09 10:04:24,2026-03-26 22:37:25
P03370,Amit Deshmukh,,1966-06-24,Male,Indian,Technician,"43/044, Raj Road",Surat,Gujarat,894259,Active,SRC025,0.93,2025-02-05 13:20:21,2024-10-19 05:07:17
P03371,Manish Joshi,,2005-03-16,Male,Indian,Manager,"H.No. 197, Vora Marg",Bhopal,Madhya Pradesh,345004,Active,SRC018,0.84,2024-04-11 04:26:03,2024-12-20 04:50:25
P03372,Deepak Khan,D. Khan,1991-09-01,Male,Indian,Consultant,"03/076, Bobal Marg",Indore,Madhya Pradesh,061668,Active,SRC030,0.99,2025-12-14 21:46:43,2026-04-11 17:24:06
P03373,Yash Gupta,Y. Gupta,1973-07-09,Female,Indian,Trader,"09/872, More Circle",Hyderabad,Telangana,818696,Active,SRC030,0.94,2025-08-11 01:11:25,2024-08-08 05:07:29
P03374,Nandini Singh,,1971-12-28,Female,Indian,Business Owner,"H.No. 557
More Street",Hyderabad,Telangana,721396,Active,SRC018,0.97,2026-04-10 09:55:09,2025-09-24 13:44:23
P03375,Aditya Mishra,,1978-04-05,Female,Indian,Driver,"91/604, Menon",Jabalpur,Madhya Pradesh,723190,Inactive,SRC002,0.92,2024-03-01 20:20:11,2024-02-24 09:13:21
P03376,Ananya Sharma,,1998-07-26,Male,Indian,Sales Executive,"63/72
Patil Zila",Ahmedabad,Gujarat,584047,Under Review,SRC004,0.85,2024-02-08 07:56:31,2026-04-21 02:16:53
P03377,Sanjay Jain,S. Jain,1976-05-06,Female,Indian,Manager,"H.No. 265
Pal Marg",Ujjain,Madhya Pradesh,416566,Inactive,SRC025,0.92,2025-02-12 06:20:30,2024-04-02 13:24:57
P03378,Priya Jain,,1981-01-17,Female,Indian,Accountant,"H.No. 120, Badami Chowk",Pune,Maharashtra,805893,Active,SRC026,0.93,2026-01-14 13:01:46,2025-07-08 07:07:45
P03379,Meera Patel,M. Patel,1982-09-08,Female,Indian,Manager,"25, Devan Path",Gwalior,Madhya Pradesh,761503,Active,SRC009,0.99,2024-07-01 11:15:48,2026-04-28 05:11:06
P03380,Kabir Chauhan,,1988-08-24,Female,Indian,Consultant,"08/61
Sankar Circle",Vadodara,Gujarat,043422,Active,SRC018,0.87,2025-07-30 15:58:11,2026-04-30 14:46:20
P03381,Priya Chauhan,,2000-07-22,Female,Indian,Driver,"210
Khosla Zila",Dewas,Madhya Pradesh,989309,Under Review,SRC002,0.89,2024-01-14 07:42:00,2024-01-08 03:48:52
P03382,Mohit Jain,,1970-04-13,Female,Indian,Technician,"H.No. 84
Babu",Lucknow,Uttar Pradesh,405650,Inactive,SRC011,0.98,2024-05-24 01:23:59,2024-12-08 10:37:55
P03383,Karan Mishra,,1985-08-19,Male,Indian,Manager,"90/959, Dhar Nagar",Bhopal,Madhya Pradesh,990463,Active,SRC011,0.8,2025-01-19 06:25:12,2026-04-15 13:22:16
P03384,Mohit Agarwal,,1997-05-02,Female,Indian,Accountant,"38/64, Zachariah Circle",Vadodara,Gujarat,626961,Under Review,SRC015,0.93,2025-02-05 20:43:15,2024-07-07 14:48:38
P03385,Nandini Mishra,,2006-04-21,Male,Indian,Student,"H.No. 775
Roy Street",Jabalpur,Madhya Pradesh,269154,Inactive,SRC007,0.83,2025-11-19 05:14:28,2025-09-07 10:32:20
P03386,Karan Chauhan,,1981-03-28,Male,Indian,Driver,"41/245, Saxena Street",Gwalior,Madhya Pradesh,050875,Under Review,SRC011,0.95,2026-06-25 20:31:11,2024-02-09 20:03:18
P03387,Nikhil Mishra,,1979-08-07,Female,Indian,Driver,"H.No. 81
Yadav Circle",Dewas,Madhya Pradesh,789501,Active,SRC025,0.87,2024-08-07 15:16:36,2025-07-12 11:35:35
P03388,Varun Malhotra,V. Malhotra,2004-08-06,Female,Indian,Student,"70/74, Misra Zila",Lucknow,Uttar Pradesh,013498,Active,SRC001,0.9,2026-04-15 06:49:56,2024-07-25 01:49:16
P03389,Nandini Verma,,2007-11-25,Male,Indian,Manager,"14/04, Goel Marg",Kota,Rajasthan,786357,Inactive,SRC008,0.78,2026-06-20 23:02:36,2024-06-28 23:15:59
P03390,Riya Jain,,1978-08-10,Male,Indian,Student,"33, Thaker Nagar",Bengaluru,Karnataka,345446,Under Review,SRC016,0.98,2025-09-29 14:37:40,2024-10-02 15:54:15
P03391,Manish Joshi,,2003-09-20,Male,Indian,Sales Executive,"H.No. 095, Ram Road",Bhopal,Madhya Pradesh,177307,Under Review,SRC023,0.93,2025-07-04 23:39:28,2024-01-03 21:39:16
P03392,Deepak Jain,,1989-04-23,Male,Indian,Consultant,"76
Shroff Zila",Gwalior,Madhya Pradesh,995110,Active,SRC027,0.94,2024-07-28 13:41:59,2026-03-28 06:47:32
P03393,Nandini Tiwari,,1978-04-10,Female,Indian,Security Guard,"H.No. 76, Biswas Street",Lucknow,Uttar Pradesh,902805,Inactive,SRC028,0.98,2025-03-17 09:12:42,2026-06-09 14:55:33
P03394,Priya Agarwal,P. Agarwal,1987-10-11,Female,Indian,Manager,"H.No. 00
Kunda Nagar",Jabalpur,Madhya Pradesh,415663,Active,SRC013,0.84,2024-02-10 03:34:28,2026-06-02 01:11:43
P03395,Vihaan Singh,V. Singh,1994-10-01,Male,Indian,Driver,"56, Grover Street",Kanpur,Uttar Pradesh,217589,Active,SRC009,0.81,2024-06-23 01:02:59,2026-06-15 04:23:14
P03396,Nikhil Saxena,,1968-06-27,Male,Indian,Manager,"H.No. 37, Dalal Nagar",Delhi,Delhi,760720,Under Review,SRC003,0.8,2025-10-15 15:13:57,2024-07-29 16:40:16
P03397,Sanjay Agarwal,S. Agarwal,2003-02-11,Female,Indian,Consultant,"93/23
Subramaniam Chowk",Hyderabad,Telangana,677946,Active,SRC029,0.8,2025-01-12 11:49:18,2025-06-14 13:37:53
P03398,Riya Gupta,,1968-02-06,Female,Indian,Accountant,"H.No. 14, Mandal Circle",Ahmedabad,Gujarat,689880,Active,SRC029,0.79,2026-05-13 13:06:30,2025-03-05 09:24:55
P03399,Neha Khan,,1981-12-16,Male,Indian,Driver,"58
Sarna Path",Hyderabad,Telangana,645192,Inactive,SRC001,0.87,2024-09-26 13:23:24,2025-03-12 08:00:30
P03400,Priya Shah,,1970-01-06,Female,Indian,Manager,"29/85
Rastogi Zila",Gwalior,Madhya Pradesh,228735,Active,SRC013,0.97,2024-04-14 22:52:58,2025-06-19 21:31:45
P03401,Sanjay Mehta,,1982-03-06,Male,Indian,Security Guard,"414
Sridhar Road",Delhi,Delhi,747639,Active,SRC027,0.87,2025-03-09 17:41:13,2025-12-02 14:11:41
P03402,Priya Deshmukh,,2006-04-29,Female,Indian,Accountant,"188, Gola Chowk",Ujjain,Madhya Pradesh,796068,Under Review,SRC005,0.81,2025-05-06 20:49:02,2025-05-22 20:13:27
P03403,Siddharth Tiwari,,1977-02-25,Male,Indian,Technician,"20/505
Warrior Chowk",Pune,Maharashtra,622163,Inactive,SRC007,0.92,2024-09-11 19:06:34,2025-01-30 23:26:07
P03404,Amit Rathore,,1962-05-24,Female,Indian,Sales Executive,"H.No. 15
Chada Ganj",Gwalior,Madhya Pradesh,141382,Under Review,SRC017,0.92,2025-09-03 15:40:43,2025-05-03 06:03:19
P03405,Mohit Sharma,,2000-08-07,Female,Indian,Manager,"68/65, Kulkarni Zila",Delhi,Delhi,601705,Under Review,SRC020,0.96,2025-07-05 08:56:29,2025-08-20 12:03:24
P03406,Aditya Saxena,A. Saxena,1981-04-15,Female,Indian,Technician,"55/226, Brahmbhatt Road",Mumbai,Maharashtra,465529,Active,SRC001,0.95,2024-12-17 12:57:10,2025-04-18 04:29:56
P03407,Kabir Sharma,,1980-09-27,Female,Indian,Security Guard,"H.No. 16, Khare Circle",Jabalpur,Madhya Pradesh,022711,Active,SRC018,0.88,2024-07-27 12:38:03,2024-03-19 13:10:08
P03408,Yash Verma,,1960-03-24,Female,Indian,Technician,"H.No. 498, Balay Nagar",Mumbai,Maharashtra,755577,Active,SRC006,0.9,2024-08-27 22:35:12,2025-10-30 02:37:08
P03409,Varun Chauhan,,1968-09-18,Male,Indian,Accountant,"913, Bhatti Street",Delhi,Delhi,669498,Under Review,SRC025,0.79,2024-08-30 05:51:21,2025-07-25 18:08:42
P03410,Aarav Deshmukh,,1990-05-15,Female,Indian,Technician,"98
Jhaveri Chowk",Mumbai,Maharashtra,975845,Inactive,SRC021,0.79,2025-02-19 11:06:31,2025-04-06 09:11:34
P03411,Ananya Singh,,2003-08-10,Male,Indian,Business Owner,"02, Mistry Road",Pune,Maharashtra,984598,Active,SRC029,0.83,2026-08-09 01:24:02,2025-12-07 15:53:00
P03412,Raj Singh,R. Singh,1988-05-14,Male,Indian,Technician,"09
Sibal Road",Delhi,Delhi,062646,Active,SRC008,0.83,2025-12-02 01:04:54,2024-11-18 15:29:11
P03413,Ankit Verma,,2003-05-09,Male,Indian,Sales Executive,"444
Kibe Marg",Gwalior,Madhya Pradesh,284209,Active,SRC004,0.83,2026-07-10 06:47:56,2025-03-22 03:38:14
P03414,Priya Tiwari,,1987-07-21,Male,Indian,Sales Executive,"81/12, Barad Street",Dewas,Madhya Pradesh,151285,Active,SRC025,0.9,2024-03-17 03:40:09,2025-01-07 22:24:01
P03415,Rahul Mehta,,1971-11-23,Female,Indian,Accountant,"H.No. 16
Gandhi Path",Jaipur,Rajasthan,700877,Inactive,SRC027,0.78,2025-04-08 06:00:45,2024-03-16 05:17:07
P03416,Raj Shah,,1960-06-02,Female,Indian,Accountant,"226, Soni Nagar",Ujjain,Madhya Pradesh,478432,Under Review,SRC013,0.91,2025-02-18 15:34:36,2026-07-18 08:14:58
P03417,Deepak Bansal,,2002-08-01,Female,Indian,Student,"43
Bhatia Zila",Hyderabad,Telangana,233854,Inactive,SRC006,0.79,2024-08-24 03:40:27,2025-11-26 22:31:47
P03418,Aarav Saxena,A. Saxena,2006-07-22,Male,Indian,Business Owner,"058
Yogi Path",Jabalpur,Madhya Pradesh,196459,Inactive,SRC030,0.78,2026-07-22 20:25:16,2025-02-12 05:41:42
P03419,Arjun Mishra,,1965-03-30,Female,Indian,Business Owner,"121
Parekh Street",Pune,Maharashtra,889839,Under Review,SRC022,0.89,2024-06-12 20:30:41,2024-07-19 10:34:21
P03420,Yash Joshi,,1982-01-03,Female,Indian,Business Owner,"H.No. 12, Sibal Path",Gwalior,Madhya Pradesh,670779,Under Review,SRC012,0.8,2025-11-15 11:16:15,2025-12-11 18:37:56
P03421,Arjun Shah,,1994-05-16,Female,Indian,Technician,"H.No. 45, Singh Road",Ujjain,Madhya Pradesh,971131,Inactive,SRC030,0.86,2024-12-29 18:27:50,2026-01-04 08:29:03
P03422,Yash Rathore,,2008-05-31,Female,Indian,Technician,"102
Dugar Road",Jabalpur,Madhya Pradesh,459639,Inactive,SRC027,0.8,2026-07-09 04:38:56,2026-07-29 07:23:54
P03423,Kabir Yadav,,1984-08-12,Male,Indian,Trader,"31/09
Handa Nagar",Kota,Rajasthan,858726,Inactive,SRC024,0.92,2024-07-04 06:19:18,2024-07-01 09:13:39
P03424,Arjun Bansal,,1998-08-14,Male,Indian,Student,"H.No. 271
Dubey",Lucknow,Uttar Pradesh,421023,Active,SRC019,0.85,2025-06-18 22:48:06,2025-03-03 00:20:43
P03425,Arjun Singh,,1965-12-13,Female,Indian,Trader,"36, Mohanty Marg",Jaipur,Rajasthan,069599,Under Review,SRC008,0.98,2024-01-03 13:40:55,2025-12-15 02:57:27
P03426,Nikhil Saxena,,1989-11-01,Male,Indian,Accountant,"43/356
Gulati Street",Gurugram,Haryana,021118,Under Review,SRC028,0.96,2025-04-03 20:34:46,2025-10-29 22:30:02
P03427,Mohit Agarwal,M. Agarwal,2006-08-28,Male,Indian,Accountant,"22/20, Keer Path",Bhopal,Madhya Pradesh,208939,Under Review,SRC021,0.97,2025-11-30 02:29:33,2025-01-08 03:03:06
P03428,Pooja Agarwal,,1996-10-02,Female,Indian,Consultant,"H.No. 66, Sekhon Zila",Jaipur,Rajasthan,014782,Inactive,SRC029,0.86,2024-09-13 10:40:27,2025-03-29 05:02:03
P03429,Mohit Mishra,,1975-08-24,Male,Indian,Consultant,"H.No. 739, Ramanathan Nagar",Mumbai,Maharashtra,506888,Under Review,SRC004,0.8,2024-12-21 05:01:58,2025-11-28 14:42:00
P03430,Deepak Mishra,,1997-05-23,Male,Indian,Driver,"31, Bahri Marg",Gwalior,Madhya Pradesh,502450,Inactive,SRC006,0.84,2025-01-18 06:50:00,2026-07-30 03:29:17
P03431,Vikram Patel,,1967-10-31,Female,Indian,Accountant,"H.No. 524
Sane Zila",Bengaluru,Karnataka,564686,Inactive,SRC009,0.88,2025-01-03 15:59:46,2025-01-20 20:13:42
P03432,Sneha Malhotra,,1990-01-29,Female,Indian,Manager,"91
Gandhi Road",Jaipur,Rajasthan,000013,Under Review,SRC029,0.88,2026-01-09 12:29:55,2026-07-26 05:30:05
P03433,Aarav Gupta,,1971-02-01,Male,Indian,Business Owner,"47/10
Khosla Chowk",Jaipur,Rajasthan,322583,Active,SRC009,0.89,2024-08-05 04:14:41,2025-02-19 22:56:42
P03434,Mohit Deshmukh,,1996-12-20,Male,Indian,Driver,"23/345, D’Alia Nagar",Pune,Maharashtra,417765,Inactive,SRC019,0.98,2025-03-25 08:24:48,2026-08-30 05:39:16
P03435,Isha Singh,I. Singh,2008-08-08,Male,Indian,Trader,"H.No. 000
Panchal Nagar",Bengaluru,Karnataka,186247,Active,SRC013,0.85,2025-08-14 23:07:51,2024-08-20 06:54:20
P03436,Vikram Malhotra,V. Malhotra,1968-08-24,Female,Indian,Business Owner,"H.No. 89, Mangal Zila",Ujjain,Madhya Pradesh,269631,Inactive,SRC024,0.98,2026-07-22 05:00:15,2026-08-01 22:45:45
P03437,Rohan Shah,R. Shah,1975-05-26,Female,Indian,Sales Executive,"80/087
Tara Path",Gwalior,Madhya Pradesh,751318,Active,SRC017,0.81,2026-06-22 21:25:42,2024-08-05 08:11:55
P03438,Mohit Patel,,1994-08-16,Male,Indian,Security Guard,"708, Maharaj Road",Lucknow,Uttar Pradesh,685013,Active,SRC015,0.93,2025-09-05 23:25:24,2024-03-26 06:33:36
P03439,Pooja Chauhan,,1983-07-04,Female,Indian,Technician,"H.No. 842
Kara",Bhopal,Madhya Pradesh,645701,Under Review,SRC015,0.89,2025-04-02 05:56:49,2026-02-27 01:08:08
P03440,Isha Bansal,,2006-09-18,Female,Indian,Consultant,"370
Batta Zila",Nagpur,Maharashtra,536054,Under Review,SRC020,0.87,2026-02-07 14:37:08,2026-03-14 21:58:46
P03441,Yash Verma,Y. Verma,1982-06-23,Male,Indian,Driver,"93, Barad Zila",Surat,Gujarat,627756,Inactive,SRC004,0.8,2026-04-06 09:13:09,2026-06-18 07:18:31
P03442,Raj Mishra,,1988-02-29,Female,Indian,Security Guard,"04, Tiwari Zila",Surat,Gujarat,960956,Under Review,SRC004,0.9,2025-01-27 01:10:40,2026-03-29 02:02:46
P03443,Raj Patel,,1962-01-01,Female,Indian,Accountant,"92/10, Munshi Chowk",Indore,Madhya Pradesh,435830,Under Review,SRC026,0.92,2025-07-23 08:40:34,2024-11-09 02:06:10
P03444,Riya Joshi,,2008-02-03,Male,Indian,Student,"149
Thaker Street",Kota,Rajasthan,918617,Active,SRC027,0.8,2024-11-07 03:08:34,2025-01-19 00:52:39
P03445,Yash Yadav,,1979-09-13,Female,Indian,Sales Executive,"H.No. 49
Mammen Marg",Vadodara,Gujarat,206992,Under Review,SRC028,0.94,2024-11-25 04:42:48,2024-11-29 20:41:31
P03446,Arjun Mishra,,1997-02-18,Female,Indian,Accountant,"H.No. 358, Sharma Nagar",Bengaluru,Karnataka,634491,Inactive,SRC030,0.9,2025-11-30 14:52:25,2026-04-18 23:50:14
P03447,Aditya Mehta,,1983-07-11,Male,Indian,Security Guard,"488
Chada Ganj",Hyderabad,Telangana,727783,Under Review,SRC023,0.9,2024-10-07 18:21:54,2025-04-28 06:57:15
P03448,Siddharth Shah,,2000-04-09,Male,Indian,Business Owner,"818, Raju Zila",Bhopal,Madhya Pradesh,177110,Active,SRC025,0.82,2024-08-07 19:23:30,2024-02-12 06:52:20
P03449,Sneha Sharma,S. Sharma,1960-05-21,Female,Indian,Technician,"617
Nagarajan Road",Gurugram,Haryana,417918,Active,SRC026,0.92,2024-09-21 15:37:18,2025-05-29 04:42:25
P03450,Kabir Patel,,1958-08-02,Male,Indian,Student,"H.No. 013, Bhargava Ganj",Jaipur,Rajasthan,148904,Active,SRC026,0.96,2026-06-09 23:38:10,2024-03-18 12:54:03
P03451,Aditya Rathore,,1994-09-23,Female,Indian,Consultant,"92/158, Doctor Zila",Bengaluru,Karnataka,724437,Under Review,SRC002,0.94,2025-11-22 11:47:32,2026-07-13 21:46:24
P03452,Vihaan Agarwal,,1974-02-08,Male,Indian,Trader,"46/89, Prakash Zila",Bengaluru,Karnataka,365974,Under Review,SRC006,0.91,2025-04-19 05:27:39,2024-02-13 07:04:36
P03453,Isha Agarwal,,2008-07-22,Female,Indian,Security Guard,"H.No. 87, Goyal Zila",Vadodara,Gujarat,833826,Active,SRC011,0.93,2024-12-04 03:49:08,2024-04-28 00:20:14
P03454,Meera Jain,,1981-08-24,Male,Indian,Sales Executive,"12/66
Dani Marg",Bengaluru,Karnataka,992770,Inactive,SRC028,0.84,2025-10-18 20:15:46,2025-05-03 19:13:41
P03455,Isha Gupta,,1990-01-03,Male,Indian,Technician,"H.No. 74
Samra Circle",Bengaluru,Karnataka,977597,Inactive,SRC004,0.87,2025-04-22 04:49:34,2025-04-14 08:59:05
P03456,Karan Mehta,,1992-12-15,Male,Indian,Technician,"H.No. 750, Vohra Marg",Bengaluru,Karnataka,337339,Under Review,SRC029,0.96,2024-08-20 08:32:35,2025-03-31 00:00:23
P03457,Neha Malhotra,,1972-01-29,Male,Indian,Driver,"26/788, Nazareth Marg",Gurugram,Haryana,073854,Under Review,SRC006,0.93,2026-03-28 10:22:13,2024-01-03 22:32:15
P03458,Ankit Verma,,1995-08-02,Female,Indian,Accountant,"173
Bhavsar Street",Gwalior,Madhya Pradesh,305878,Under Review,SRC020,0.83,2025-07-22 00:36:36,2026-02-16 08:18:47
P03459,Karan Patel,,1983-07-29,Female,Indian,Technician,"295, Tata Path",Mumbai,Maharashtra,930888,Active,SRC004,0.85,2024-07-28 11:24:17,2026-03-03 05:19:17
P03460,Rahul Verma,,1959-04-18,Female,Indian,Manager,"90/623, Pal Zila",Bengaluru,Karnataka,344919,Inactive,SRC017,0.92,2026-03-15 07:36:06,2024-10-28 21:42:11
P03461,Sanjay Deshmukh,,2001-01-08,Female,Indian,Consultant,"84/867, Choudhury Zila",Bhopal,Madhya Pradesh,249859,Inactive,SRC029,0.95,2025-01-01 22:46:36,2024-09-06 04:25:57
P03462,Raj Yadav,,1979-03-21,Male,Indian,Security Guard,"41/62, Shah Marg",Jabalpur,Madhya Pradesh,408962,Under Review,SRC020,0.91,2025-06-28 12:47:15,2025-04-24 04:27:11
P03463,Kabir Patel,,1961-12-03,Male,Indian,Technician,"156, Sen Marg",Delhi,Delhi,191871,Under Review,SRC025,0.97,2025-03-28 05:14:36,2024-01-08 01:28:48
P03464,Amit Chauhan,A. Chauhan,1997-10-04,Male,Indian,Accountant,"07/189, Bains Circle",Lucknow,Uttar Pradesh,213189,Under Review,SRC016,0.82,2025-09-22 08:32:07,2024-02-01 11:33:59
P03465,Amit Yadav,,1959-06-14,Male,Indian,Driver,"11
Khanna Chowk",Indore,Madhya Pradesh,174146,Inactive,SRC022,0.83,2026-03-23 20:37:25,2024-12-02 02:57:57
P03466,Manish Sharma,,1972-12-21,Male,Indian,Sales Executive,"335, Borde Path",Dewas,Madhya Pradesh,491566,Under Review,SRC028,0.98,2024-07-07 03:56:12,2025-11-02 14:49:08
P03467,Arjun Deshmukh,,1977-02-22,Male,Indian,Business Owner,"64/86, Bahl Path",Lucknow,Uttar Pradesh,744352,Inactive,SRC022,0.97,2026-05-25 00:33:23,2024-11-04 12:17:39
P03468,Kabir Jain,,1990-11-23,Male,Indian,Driver,"16/53, Lad Marg",Kota,Rajasthan,066967,Under Review,SRC004,0.92,2025-04-17 08:06:36,2025-08-31 04:30:15
P03469,Manish Agarwal,M. Agarwal,1999-08-10,Female,Indian,Sales Executive,"H.No. 14, Doctor Path",Nagpur,Maharashtra,486491,Under Review,SRC022,0.79,2025-10-28 13:55:02,2024-11-03 19:20:39
P03470,Ananya Malhotra,,1975-04-28,Female,Indian,Business Owner,"04/35, Verma Zila",Pune,Maharashtra,063929,Under Review,SRC020,0.84,2025-11-22 22:07:28,2025-09-11 18:47:56
P03471,Amit Saxena,A. Saxena,1978-04-11,Female,Indian,Driver,"271, Banerjee Nagar",Ujjain,Madhya Pradesh,991264,Inactive,SRC014,0.99,2026-08-10 19:25:45,2024-08-17 03:57:59
P03472,Aarav Deshmukh,,1984-01-04,Female,Indian,Trader,"09/819
Badal Street",Hyderabad,Telangana,091633,Inactive,SRC007,0.91,2025-07-05 06:03:21,2025-12-15 16:40:28
P03473,Yash Mehta,,1965-05-23,Female,Indian,Consultant,"25, Kannan",Mumbai,Maharashtra,865711,Under Review,SRC005,0.84,2026-08-13 19:57:09,2026-04-19 12:31:48
P03474,Sanjay Mehta,S. Mehta,1988-08-27,Male,Indian,Student,"12/83
Bala Nagar",Bengaluru,Karnataka,238183,Active,SRC022,0.97,2026-06-05 19:32:21,2026-08-24 00:04:27
P03475,Pooja Mehta,,1989-06-03,Female,Indian,Student,"H.No. 16
Chakraborty Chowk",Indore,Madhya Pradesh,761960,Inactive,SRC020,0.84,2025-04-23 04:25:46,2026-02-26 20:58:18
P03476,Isha Shah,,1962-07-05,Male,Indian,Sales Executive,"23/35, Das",Hyderabad,Telangana,353153,Active,SRC016,0.86,2024-12-08 17:09:03,2024-06-12 01:03:49
P03477,Ankit Mishra,,1996-02-22,Female,Indian,Manager,"24/504
Kulkarni Nagar",Hyderabad,Telangana,477168,Active,SRC025,0.82,2024-06-10 07:34:36,2025-10-10 04:54:33
P03478,Nikhil Jain,,1985-02-13,Male,Indian,Manager,"24/46, Dyal Circle",Pune,Maharashtra,636297,Inactive,SRC003,0.96,2024-01-04 19:16:18,2025-05-24 01:24:41
P03479,Neha Tiwari,,2001-03-09,Male,Indian,Manager,"73/223
Devi Street",Mumbai,Maharashtra,263783,Active,SRC026,0.95,2025-01-17 03:20:13,2025-12-26 23:21:28
P03480,Rohan Malhotra,,1965-10-03,Female,Indian,Student,"H.No. 452
Sundaram Circle",Jabalpur,Madhya Pradesh,759044,Under Review,SRC006,0.89,2025-03-29 00:36:40,2025-11-08 18:53:09
P03481,Rahul Malhotra,,1980-04-02,Female,Indian,Security Guard,"441
Padmanabhan Nagar",Kota,Rajasthan,940652,Under Review,SRC020,0.83,2026-01-05 06:11:58,2024-07-30 01:40:49
P03482,Vikram Malhotra,,1987-03-15,Male,Indian,Security Guard,"H.No. 44, Kata Circle",Mumbai,Maharashtra,519955,Inactive,SRC014,0.97,2026-06-13 06:00:26,2026-01-03 03:33:29
P03483,Karan Verma,,1990-12-05,Female,Indian,Consultant,"54
Deshpande Chowk",Lucknow,Uttar Pradesh,570662,Active,SRC010,0.83,2024-12-02 22:15:37,2025-11-24 22:55:44
P03484,Raj Khan,,1962-12-13,Male,Indian,Security Guard,"204
Sen Ganj",Jaipur,Rajasthan,149487,Inactive,SRC011,0.78,2024-06-09 13:25:18,2025-05-19 00:11:13
P03485,Karan Gupta,,1987-06-24,Male,Indian,Manager,"15, Venkataraman Street",Surat,Gujarat,056820,Inactive,SRC006,0.98,2026-04-16 20:08:40,2025-06-28 13:30:35
P03486,Riya Tiwari,,1960-01-26,Female,Indian,Manager,"H.No. 780, Thaker",Lucknow,Uttar Pradesh,209252,Inactive,SRC029,0.99,2025-09-01 05:02:40,2024-01-04 19:20:58
P03487,Mohit Sharma,,1993-07-17,Female,Indian,Consultant,"354
Bumb Chowk",Pune,Maharashtra,027929,Inactive,SRC007,0.85,2026-04-03 00:49:10,2025-07-18 12:55:00
P03488,Arjun Rathore,,1966-03-19,Female,Indian,Trader,"H.No. 022, Deshpande Chowk",Jaipur,Rajasthan,799883,Active,SRC026,0.9,2024-11-19 23:14:26,2025-08-18 19:47:01
P03489,Rahul Sharma,,1998-12-12,Female,Indian,Consultant,"260
Gokhale Ganj",Bhopal,Madhya Pradesh,408077,Active,SRC018,0.89,2025-09-16 12:10:39,2024-01-13 05:02:48
P03490,Deepak Gupta,,1982-03-18,Female,Indian,Student,"15, Raghavan Nagar",Nagpur,Maharashtra,246088,Under Review,SRC014,0.87,2026-05-16 17:54:10,2025-06-30 20:48:11
P03491,Siddharth Tiwari,,1987-07-14,Female,Indian,Business Owner,"08/515, Grover Zila",Bengaluru,Karnataka,866009,Inactive,SRC023,0.8,2025-07-21 15:05:52,2025-11-30 05:16:15
P03492,Ananya Sharma,,2006-12-21,Male,Indian,Consultant,"41/17
Prakash Zila",Kota,Rajasthan,364873,Under Review,SRC015,0.97,2025-04-03 12:14:08,2025-11-09 01:50:50
P03493,Aditya Sharma,,1988-12-19,Female,Indian,Trader,"H.No. 259, Sandhu",Mumbai,Maharashtra,834329,Active,SRC011,0.86,2026-06-25 02:37:28,2025-10-31 03:27:52
P03494,Sneha Saxena,,1985-04-05,Female,Indian,Business Owner,"71/542
Nori",Kota,Rajasthan,719477,Under Review,SRC011,0.8,2024-02-20 05:16:08,2025-03-31 02:25:50
P03495,Isha Bansal,,1962-03-04,Male,Indian,Student,"03/533, Kapoor Marg",Kota,Rajasthan,921723,Inactive,SRC022,0.84,2024-09-15 12:46:22,2026-07-20 19:23:50
P03496,Siddharth Khan,,1996-02-02,Male,Indian,Technician,"H.No. 58, Saraf Circle",Mumbai,Maharashtra,314387,Under Review,SRC029,0.91,2024-02-24 22:42:47,2024-04-16 22:44:45
P03497,Amit Shah,,1975-02-26,Female,Indian,Technician,"H.No. 188, Nigam",Lucknow,Uttar Pradesh,919265,Active,SRC021,0.85,2025-10-15 06:51:19,2024-11-22 17:39:29
P03498,Amit Mishra,,1981-12-09,Male,Indian,Trader,"66, Dar Road",Hyderabad,Telangana,313740,Inactive,SRC010,0.79,2026-08-22 10:53:15,2025-12-25 08:52:26
P03499,Sneha Malhotra,,1993-05-14,Female,Indian,Driver,"H.No. 106, Gala Ganj",Dewas,Madhya Pradesh,443265,Inactive,SRC027,0.93,2026-01-22 04:32:11,2026-07-28 06:18:46
P03500,Siddharth Khan,,1986-09-01,Male,Indian,Consultant,"H.No. 898
Sur Zila",Surat,Gujarat,517915,Active,SRC028,0.81,2024-10-04 07:17:21,2024-08-19 23:59:47
P03501,Vihaan Jain,,1987-03-16,Female,Indian,Student,"34/594, Jayaraman Circle",Kanpur,Uttar Pradesh,494080,Under Review,SRC006,0.94,2025-08-14 20:49:20,2024-03-08 14:17:37
P03502,Riya Agarwal,,2006-06-04,Male,Indian,Student,"56/98
Wason Zila",Lucknow,Uttar Pradesh,331679,Active,SRC017,0.92,2026-07-22 13:11:33,2024-06-12 21:31:29
P03503,Siddharth Jain,,1998-06-07,Male,Indian,Student,"H.No. 307
Agate Path",Kota,Rajasthan,999064,Active,SRC011,0.89,2024-01-21 00:34:15,2024-04-22 05:11:02
P03504,Vikram Sharma,V. Sharma,1976-10-26,Male,Indian,Sales Executive,"H.No. 917, Prashad",Ujjain,Madhya Pradesh,105920,Inactive,SRC018,0.9,2025-06-09 17:16:32,2024-11-15 07:12:10
P03505,Yash Joshi,,1994-08-11,Male,Indian,Business Owner,"45/58
Guha Ganj",Ujjain,Madhya Pradesh,856654,Inactive,SRC021,0.97,2026-05-10 12:11:58,2026-07-27 12:38:08
P03506,Riya Saxena,,1970-09-18,Female,Indian,Trader,"12/68
Varkey Circle",Jabalpur,Madhya Pradesh,078632,Inactive,SRC017,0.86,2024-02-27 08:02:08,2025-08-05 01:41:24
P03507,Mohit Verma,,1959-09-13,Female,Indian,Sales Executive,"H.No. 781, Sampath Chowk",Mumbai,Maharashtra,325588,Active,SRC007,0.94,2024-04-20 21:29:25,2025-09-21 08:37:08
P03508,Rahul Malhotra,,1994-03-23,Male,Indian,Manager,"776, Patil Zila",Ahmedabad,Gujarat,807844,Inactive,SRC013,0.89,2024-05-03 09:21:14,2025-01-13 12:41:17
P03509,Yash Chauhan,,1979-11-04,Male,Indian,Sales Executive,"H.No. 425, Sawhney",Pune,Maharashtra,571254,Active,SRC008,0.86,2024-10-17 04:56:57,2024-12-06 14:39:39
P03510,Priya Mishra,,1973-01-14,Male,Indian,Trader,"51/96
Kumar Zila",Ujjain,Madhya Pradesh,140905,Active,SRC027,0.81,2024-10-22 07:49:04,2025-09-19 11:05:51
P03511,Deepak Agarwal,,1973-07-18,Female,Indian,Trader,"521
Palla Marg",Nagpur,Maharashtra,897390,Inactive,SRC006,0.92,2025-03-21 03:14:50,2025-01-27 19:10:48
P03512,Meera Singh,,1995-07-26,Female,Indian,Trader,"H.No. 24
Gopal Road",Jaipur,Rajasthan,315799,Under Review,SRC011,0.93,2025-04-25 11:56:01,2025-01-28 11:07:47
P03513,Varun Deshmukh,,2003-09-07,Female,Indian,Trader,"H.No. 245, Solanki Nagar",Kanpur,Uttar Pradesh,836350,Inactive,SRC026,0.88,2025-10-19 08:47:29,2025-08-30 02:12:13
P03514,Pooja Saxena,,1995-02-25,Female,Indian,Accountant,"H.No. 922, Dar Chowk",Bengaluru,Karnataka,623935,Inactive,SRC027,0.89,2024-06-24 08:16:05,2025-02-12 04:37:05
P03515,Sanjay Singh,,1961-12-30,Male,Indian,Trader,"655
Bhavsar Circle",Hyderabad,Telangana,261354,Under Review,SRC015,0.95,2026-07-01 10:28:09,2026-03-13 19:10:16
P03516,Meera Sharma,,2004-08-11,Female,Indian,Student,"H.No. 823, Deo Ganj",Pune,Maharashtra,025304,Under Review,SRC016,0.84,2026-03-18 14:19:20,2026-04-25 20:51:49
P03517,Karan Singh,,1978-01-08,Female,Indian,Student,"H.No. 718
Kannan Path",Indore,Madhya Pradesh,115648,Inactive,SRC012,0.8,2024-08-01 23:35:50,2026-04-07 04:18:52
P03518,Yash Yadav,,1966-09-25,Male,Indian,Driver,"H.No. 31
Kuruvilla Circle",Vadodara,Gujarat,364921,Inactive,SRC025,0.88,2024-12-01 07:36:56,2026-03-09 08:11:15
P03519,Rahul Gupta,,2002-01-24,Male,Indian,Business Owner,"H.No. 58
Bhatnagar Chowk",Bhopal,Madhya Pradesh,639303,Under Review,SRC023,0.79,2026-08-25 21:19:38,2024-06-05 15:16:21
P03520,Riya Malhotra,,1979-10-22,Female,Indian,Student,"01, Dugal Circle",Bhopal,Madhya Pradesh,557412,Inactive,SRC024,0.89,2026-07-11 07:50:45,2026-01-03 01:54:13
P03521,Vikram Agarwal,,1962-10-16,Female,Indian,Student,"83/34, Brahmbhatt Nagar",Nagpur,Maharashtra,919445,Inactive,SRC008,0.85,2025-09-04 12:04:27,2026-05-08 22:38:00
P03522,Kabir Gupta,,2003-05-05,Female,Indian,Business Owner,"62/53
Seth Marg",Jabalpur,Madhya Pradesh,171203,Under Review,SRC022,0.97,2024-10-23 19:59:57,2024-12-22 21:16:10
P03523,Priya Sharma,,2007-03-21,Male,Indian,Manager,"H.No. 756
Gera Path",Bhopal,Madhya Pradesh,002242,Under Review,SRC003,0.79,2024-05-05 13:55:23,2026-07-30 18:35:44
P03524,Isha Jain,,1980-08-16,Female,Indian,Student,"43
Hans Ganj",Ahmedabad,Gujarat,199972,Active,SRC003,0.91,2026-06-12 01:26:05,2024-03-05 06:40:03
P03525,Pooja Deshmukh,,1973-10-28,Female,Indian,Technician,"09, Kala",Lucknow,Uttar Pradesh,676420,Active,SRC003,0.89,2025-09-09 05:54:46,2025-11-25 17:54:13
P03526,Priya Joshi,,1997-11-23,Female,Indian,Consultant,"31, Brahmbhatt Nagar",Lucknow,Uttar Pradesh,910460,Inactive,SRC014,0.8,2024-02-16 18:04:42,2024-11-18 14:13:44
P03527,Isha Agarwal,,1990-09-25,Male,Indian,Security Guard,"H.No. 95, Sahni Marg",Gurugram,Haryana,510389,Under Review,SRC025,0.92,2024-12-14 15:25:24,2025-04-04 10:16:11
P03528,Varun Rathore,,1989-12-12,Female,Indian,Manager,"83, Goswami",Indore,Madhya Pradesh,253244,Inactive,SRC013,0.92,2025-05-29 12:38:49,2025-06-13 16:40:14
P03529,Riya Chauhan,,2005-01-13,Male,Indian,Technician,"96
Shere Path",Kanpur,Uttar Pradesh,654395,Under Review,SRC005,0.86,2026-07-25 14:36:06,2026-07-18 04:28:30
P03530,Sanjay Deshmukh,,1985-12-06,Male,Indian,Consultant,"H.No. 63, Ganesan Zila",Hyderabad,Telangana,534749,Under Review,SRC006,0.93,2025-11-15 09:39:30,2026-08-02 08:12:09
P03531,Ananya Jain,,2001-11-22,Male,Indian,Trader,"08, Shroff Road",Indore,Madhya Pradesh,822234,Inactive,SRC030,0.84,2025-10-22 16:38:49,2025-09-09 05:26:12
P03532,Aarav Joshi,,1998-05-21,Male,Indian,Manager,"48
Vohra Road",Nagpur,Maharashtra,694451,Under Review,SRC014,0.82,2025-11-11 18:10:29,2024-06-21 08:11:48
P03533,Rohan Mehta,R. Mehta,1989-10-06,Male,Indian,Accountant,"991
Deo Road",Nagpur,Maharashtra,071339,Active,SRC018,0.86,2024-03-24 00:21:14,2024-08-15 23:32:06
P03534,Vihaan Agarwal,,1984-12-16,Male,Indian,Accountant,"46
Deo Zila",Gurugram,Haryana,955452,Under Review,SRC019,0.96,2026-05-22 02:54:42,2025-12-05 20:02:01
P03535,Karan Yadav,,1997-05-12,Female,Indian,Trader,"20, Sidhu Marg",Lucknow,Uttar Pradesh,309780,Inactive,SRC028,0.84,2024-08-22 16:25:47,2025-08-18 00:34:32
P03536,Rohan Sharma,,1994-08-21,Female,Indian,Consultant,"86
Behl Street",Mumbai,Maharashtra,539191,Active,SRC001,0.98,2026-01-10 05:20:30,2026-02-01 00:27:08
P03537,Isha Khan,,1987-05-13,Female,Indian,Accountant,"28/91, Kade Circle",Pune,Maharashtra,073984,Inactive,SRC003,0.89,2025-06-01 20:25:06,2026-07-02 23:25:18
P03538,Isha Mishra,,1974-12-30,Female,Indian,Trader,"H.No. 681
Chandra Path",Kota,Rajasthan,462785,Inactive,SRC004,0.82,2025-01-19 14:34:19,2026-08-11 19:33:17
P03539,Rahul Saxena,,1978-06-05,Male,Indian,Business Owner,"62, Goel Chowk",Ujjain,Madhya Pradesh,381445,Active,SRC012,0.89,2025-02-02 11:27:17,2026-03-14 07:11:26
P03540,Rahul Malhotra,,1975-07-26,Male,Indian,Technician,"97/53
Boase Nagar",Kota,Rajasthan,463384,Active,SRC020,0.98,2024-11-08 18:23:55,2024-10-03 06:03:32
P03541,Pooja Tiwari,,1998-06-16,Male,Indian,Trader,"221, Verma",Vadodara,Gujarat,813120,Under Review,SRC020,0.85,2026-07-22 17:31:05,2026-05-02 08:16:24
P03542,Meera Deshmukh,M. Deshmukh,1970-03-02,Female,Indian,Driver,"H.No. 922, Baral Street",Bengaluru,Karnataka,417669,Active,SRC018,0.99,2025-03-02 19:46:23,2026-03-08 23:12:51
P03543,Sanjay Saxena,,2004-05-21,Male,Indian,Student,"38/28
Radhakrishnan Street",Lucknow,Uttar Pradesh,740009,Inactive,SRC012,0.94,2026-07-08 12:48:35,2025-10-07 07:32:49
P03544,Kabir Gupta,,1982-07-18,Male,Indian,Manager,"49/625
Palla",Kanpur,Uttar Pradesh,121355,Active,SRC010,0.89,2026-06-10 20:54:48,2024-02-20 09:33:29
P03545,Siddharth Mehta,,1965-12-02,Male,Indian,Business Owner,"H.No. 36, Ramachandran Road",Kanpur,Uttar Pradesh,937067,Active,SRC018,0.79,2025-09-09 13:05:01,2026-06-09 23:44:24
P03546,Karan Chauhan,,1972-11-21,Male,Indian,Consultant,"148, Goswami Street",Mumbai,Maharashtra,194572,Active,SRC004,0.92,2024-01-19 07:14:50,2026-04-17 17:38:03
P03547,Meera Saxena,,1976-10-17,Male,Indian,Business Owner,"168, Pandey Path",Hyderabad,Telangana,026945,Under Review,SRC024,0.97,2024-01-14 08:56:28,2026-07-29 21:20:11
P03548,Kabir Mehta,,1999-04-22,Female,Indian,Accountant,"H.No. 722
Thakkar Circle",Lucknow,Uttar Pradesh,993928,Inactive,SRC003,0.99,2025-09-09 03:24:21,2025-06-27 22:53:02
P03549,Manish Chauhan,,1993-12-07,Male,Indian,Technician,"89
Atwal Circle",Ujjain,Madhya Pradesh,065285,Under Review,SRC012,0.86,2024-10-04 09:34:38,2024-10-30 05:23:57
P03550,Riya Verma,,1967-08-25,Male,Indian,Accountant,"361
Chandran Road",Ujjain,Madhya Pradesh,370727,Active,SRC026,0.84,2026-06-06 13:51:00,2025-11-17 09:39:32
P03551,Aarav Yadav,,2003-05-16,Male,Indian,Business Owner,"50/294, Savant Nagar",Delhi,Delhi,977881,Under Review,SRC029,0.94,2024-02-15 21:02:25,2024-09-12 11:54:17
P03552,Nikhil Deshmukh,,1976-07-06,Female,Indian,Technician,"H.No. 90, Lanka Path",Kanpur,Uttar Pradesh,487840,Inactive,SRC014,0.94,2024-10-26 23:44:59,2026-01-16 23:38:29
P03553,Ananya Mishra,,1983-02-21,Female,Indian,Technician,"H.No. 08, Sheth Circle",Pune,Maharashtra,951569,Inactive,SRC004,0.94,2025-07-26 21:16:36,2024-06-05 06:15:38
P03554,Isha Khan,,1987-11-03,Male,Indian,Student,"90, Rao Zila",Bengaluru,Karnataka,047633,Under Review,SRC028,0.97,2024-01-12 03:46:34,2025-08-29 06:19:40
P03555,Karan Joshi,K. Joshi,2007-07-15,Female,Indian,Driver,"91
Chaudry Road",Jabalpur,Madhya Pradesh,928427,Under Review,SRC030,0.93,2026-05-05 16:03:39,2026-08-30 21:37:39
P03556,Arjun Sharma,,1982-09-04,Female,Indian,Student,"H.No. 16
Khurana Path",Kota,Rajasthan,466785,Under Review,SRC020,0.8,2026-03-15 23:28:13,2024-07-19 09:57:04
P03557,Vihaan Bansal,V. Bansal,1980-04-11,Female,Indian,Sales Executive,"H.No. 36
Comar Zila",Jabalpur,Madhya Pradesh,685952,Under Review,SRC004,0.86,2024-10-29 07:43:52,2026-05-31 02:28:39
P03558,Rohan Mishra,,1963-09-02,Male,Indian,Driver,"H.No. 78
Murty Street",Lucknow,Uttar Pradesh,343251,Under Review,SRC026,0.88,2024-01-10 19:06:48,2026-04-09 00:50:58
P03559,Nandini Chauhan,,1959-01-19,Female,Indian,Manager,"14/914, Bera Zila",Dewas,Madhya Pradesh,120174,Under Review,SRC025,0.86,2025-03-30 19:05:07,2025-11-12 08:40:42
P03560,Rohan Sharma,,1962-06-04,Female,Indian,Trader,"79/619
Dayal Road",Lucknow,Uttar Pradesh,802124,Under Review,SRC026,0.98,2024-11-09 09:59:22,2025-11-05 17:49:49
P03561,Aditya Sharma,,1965-07-12,Male,Indian,Sales Executive,"08/070
Gole",Indore,Madhya Pradesh,857436,Under Review,SRC026,0.91,2025-11-06 04:27:27,2024-06-08 04:00:53
P03562,Nandini Saxena,N. Saxena,1971-09-02,Male,Indian,Security Guard,"70/269
Nagar Zila",Gurugram,Haryana,666920,Under Review,SRC015,0.79,2025-04-15 17:29:32,2025-11-11 03:13:14
P03563,Rahul Khan,R. Khan,1986-10-29,Female,Indian,Consultant,"318, Bal Chowk",Jabalpur,Madhya Pradesh,334453,Under Review,SRC011,0.91,2025-07-20 10:48:24,2026-07-09 10:43:52
P03564,Isha Singh,,2002-04-02,Female,Indian,Driver,"29/03, Nagy Circle",Nagpur,Maharashtra,980284,Active,SRC020,0.85,2024-09-27 23:35:11,2026-06-27 03:56:36
P03565,Manish Joshi,,1965-07-03,Male,Indian,Technician,"26, Majumdar Circle",Dewas,Madhya Pradesh,147904,Under Review,SRC017,0.97,2024-10-05 14:44:55,2024-11-13 11:04:19
P03566,Kavya Sharma,,1975-04-30,Female,Indian,Business Owner,"92/606
Zacharia Nagar",Jabalpur,Madhya Pradesh,382000,Inactive,SRC002,0.84,2025-10-25 12:30:34,2024-06-16 15:18:38
P03567,Aarav Khan,,1981-10-09,Female,Indian,Technician,"78, Loyal Street",Dewas,Madhya Pradesh,553092,Inactive,SRC029,0.88,2024-05-25 04:56:12,2026-07-15 20:55:22
P03568,Deepak Chauhan,,1963-11-02,Male,Indian,Manager,"90, Nagarajan Ganj",Bengaluru,Karnataka,223272,Active,SRC009,0.96,2024-08-07 09:55:19,2024-09-09 01:12:37
P03569,Neha Bansal,,1971-05-02,Female,Indian,Student,"H.No. 838
Bumb Circle",Hyderabad,Telangana,899482,Under Review,SRC009,0.82,2026-08-22 00:55:28,2024-06-08 15:37:55
P03570,Arjun Chauhan,,1992-08-23,Female,Indian,Student,"284, Rana Marg",Surat,Gujarat,999710,Active,SRC008,0.89,2025-05-09 14:11:59,2024-04-01 06:31:38
P03571,Mohit Bansal,,1983-08-19,Female,Indian,Student,"133, Nadkarni Chowk",Lucknow,Uttar Pradesh,145544,Inactive,SRC014,0.93,2025-03-10 12:58:44,2024-05-30 03:59:01
P03572,Nandini Deshmukh,,1959-02-03,Male,Indian,Accountant,"H.No. 89, Tailor",Bengaluru,Karnataka,422597,Inactive,SRC022,0.98,2024-07-14 05:20:50,2024-07-31 11:34:09
P03573,Amit Singh,,1970-07-30,Male,Indian,Driver,"08/374
Dhillon Ganj",Jabalpur,Madhya Pradesh,060830,Active,SRC026,0.93,2025-09-13 19:19:03,2025-03-18 08:19:03
P03574,Rahul Tiwari,R. Tiwari,1970-01-26,Female,Indian,Trader,"67/585
Venkataraman",Jaipur,Rajasthan,715733,Under Review,SRC009,0.92,2024-08-14 07:57:59,2026-08-26 22:22:42
P03575,Deepak Mehta,,1983-04-01,Male,Indian,Security Guard,"02/38
Manne",Hyderabad,Telangana,569476,Active,SRC007,0.85,2026-01-11 11:40:10,2026-07-15 05:49:04
P03576,Pooja Malhotra,,1966-04-11,Female,Indian,Accountant,"079, Dubey Marg",Lucknow,Uttar Pradesh,809952,Under Review,SRC006,0.98,2024-06-04 13:53:47,2025-10-01 06:45:07
P03577,Siddharth Agarwal,S. Agarwal,1996-02-22,Male,Indian,Consultant,"17
Sekhon Ganj",Ahmedabad,Gujarat,017011,Inactive,SRC026,0.9,2025-03-10 03:50:59,2025-09-12 20:00:42
P03578,Vihaan Saxena,,1974-08-26,Male,Indian,Security Guard,"74
Kota Chowk",Pune,Maharashtra,106744,Active,SRC019,0.86,2024-09-10 09:22:13,2025-08-11 12:30:01
P03579,Aditya Mishra,,1988-07-20,Male,Indian,Manager,"71/677, Varma Circle",Gurugram,Haryana,302492,Inactive,SRC024,0.83,2024-08-01 04:41:00,2025-10-20 02:55:43
P03580,Priya Chauhan,P. Chauhan,1957-10-08,Female,Indian,Security Guard,"33/41, Srinivasan Circle",Gurugram,Haryana,550393,Under Review,SRC013,0.95,2024-02-23 07:03:22,2026-03-28 11:29:30
P03581,Varun Mishra,,1983-08-28,Male,Indian,Manager,"543, Krish Zila",Surat,Gujarat,312950,Active,SRC012,0.94,2026-02-12 06:59:30,2024-09-20 06:13:50
P03582,Priya Tiwari,,2003-07-14,Male,Indian,Security Guard,"87/59, Shere",Dewas,Madhya Pradesh,229278,Active,SRC023,0.89,2024-02-07 22:35:19,2025-07-28 11:52:33
P03583,Aarav Patel,,2003-12-09,Male,Indian,Technician,"98/639, Barad Zila",Lucknow,Uttar Pradesh,204678,Active,SRC002,0.87,2025-02-07 13:03:31,2024-07-10 05:10:00
P03584,Varun Bansal,,1959-09-22,Female,Indian,Student,"16/91, Kurian",Surat,Gujarat,707698,Inactive,SRC030,0.87,2025-12-30 12:55:58,2026-04-03 20:57:50
P03585,Mohit Bansal,,1999-06-15,Female,Indian,Consultant,"H.No. 91
Panchal Zila",Indore,Madhya Pradesh,015427,Inactive,SRC026,0.9,2026-01-27 04:32:26,2024-06-19 13:17:03
P03586,Mohit Malhotra,,1974-09-19,Female,Indian,Technician,"018
Vora Nagar",Nagpur,Maharashtra,258423,Active,SRC003,0.83,2024-01-17 01:18:45,2024-06-06 00:07:50
P03587,Neha Gupta,,1994-12-27,Female,Indian,Technician,"52, Padmanabhan Zila",Ujjain,Madhya Pradesh,723114,Under Review,SRC026,0.93,2024-08-03 14:57:00,2024-03-06 22:59:34
P03588,Yash Khan,,1977-05-12,Female,Indian,Consultant,"26/77, Sarna Path",Lucknow,Uttar Pradesh,777198,Under Review,SRC023,0.88,2025-11-12 11:56:44,2025-01-31 09:25:15
P03589,Karan Mehta,,1975-08-26,Female,Indian,Security Guard,"57
Bhat Road",Ujjain,Madhya Pradesh,834869,Inactive,SRC022,0.97,2025-05-05 08:36:58,2024-04-01 07:33:23
P03590,Nandini Khan,,1993-02-12,Male,Indian,Driver,"929
Tank Zila",Kota,Rajasthan,360539,Under Review,SRC020,0.88,2024-01-02 23:14:30,2026-06-13 19:57:53
P03591,Karan Joshi,,1985-05-26,Female,Indian,Technician,"H.No. 000, Sinha Chowk",Pune,Maharashtra,182637,Inactive,SRC003,0.94,2025-09-14 02:32:28,2024-03-09 18:56:31
P03592,Pooja Mishra,,1985-03-18,Female,Indian,Trader,"225, Varma Nagar",Ahmedabad,Gujarat,933922,Under Review,SRC020,0.87,2025-04-06 22:08:19,2026-04-30 13:29:44
P03593,Nandini Sharma,,1990-09-28,Male,Indian,Technician,"H.No. 54
Subramaniam Road",Bhopal,Madhya Pradesh,787924,Under Review,SRC017,0.95,2024-10-02 01:23:04,2025-03-02 03:37:44
P03594,Vihaan Patel,,1992-03-09,Male,Indian,Driver,"H.No. 740
Ramanathan Marg",Jaipur,Rajasthan,799420,Under Review,SRC011,0.9,2025-10-24 15:32:20,2024-12-31 18:29:29
P03595,Neha Singh,,1968-10-27,Male,Indian,Sales Executive,"82/37
Chada Marg",Dewas,Madhya Pradesh,593087,Under Review,SRC009,0.94,2025-05-18 19:25:37,2026-01-20 14:36:14
P03596,Kavya Gupta,,1986-06-03,Male,Indian,Trader,"812, Edwin Zila",Ahmedabad,Gujarat,358156,Inactive,SRC014,0.9,2025-04-10 08:14:11,2024-02-02 16:41:08
P03597,Siddharth Bansal,,2006-08-20,Male,Indian,Driver,"251
Iyengar",Nagpur,Maharashtra,562844,Under Review,SRC028,0.89,2024-08-11 14:43:20,2025-10-16 07:01:30
P03598,Vihaan Malhotra,,1998-05-06,Male,Indian,Consultant,"40/12, Deo Path",Indore,Madhya Pradesh,043209,Under Review,SRC001,0.8,2026-08-11 18:58:03,2025-06-10 06:01:49
P03599,Riya Joshi,,1983-03-10,Male,Indian,Technician,"479, Sahota Marg",Pune,Maharashtra,783031,Under Review,SRC013,0.86,2025-04-21 23:00:52,2025-08-03 15:03:55
P03600,Isha Rathore,,1971-04-06,Female,Indian,Consultant,"51, Sur Ganj",Gwalior,Madhya Pradesh,848141,Inactive,SRC014,0.96,2025-11-24 17:40:57,2025-12-17 09:37:29
P03601,Nikhil Jain,N. Jain,1982-11-24,Female,Indian,Business Owner,"45/19, Agate Street",Hyderabad,Telangana,965385,Under Review,SRC029,0.87,2024-03-29 17:22:41,2025-07-08 14:08:56
P03602,Riya Malhotra,,1959-09-02,Male,Indian,Trader,"45/93
Bhagat Road",Jaipur,Rajasthan,075287,Active,SRC002,0.91,2025-11-19 17:18:23,2026-08-06 07:04:24
P03603,Isha Gupta,,1989-02-23,Female,Indian,Manager,"575, Dave Nagar",Jaipur,Rajasthan,593122,Under Review,SRC003,0.8,2026-07-21 21:11:46,2024-06-13 04:27:53
P03604,Ananya Singh,,1971-05-24,Female,Indian,Student,"95/503
Sethi Nagar",Lucknow,Uttar Pradesh,825467,Inactive,SRC024,0.91,2026-07-29 16:04:10,2024-05-24 12:01:15
P03605,Priya Singh,,1989-03-23,Male,Indian,Sales Executive,"78/390
Nagarajan Chowk",Lucknow,Uttar Pradesh,638066,Active,SRC029,0.97,2024-06-25 03:08:14,2026-01-04 09:28:24
P03606,Nikhil Joshi,,1989-05-14,Male,Indian,Trader,"H.No. 990
Joshi Chowk",Mumbai,Maharashtra,229176,Inactive,SRC011,0.96,2024-09-23 19:38:36,2024-01-15 14:39:05
P03607,Raj Singh,,1978-01-25,Female,Indian,Sales Executive,"54/402
Buch",Ujjain,Madhya Pradesh,650584,Inactive,SRC009,0.83,2025-06-29 06:33:52,2024-03-10 00:37:20
P03608,Yash Saxena,,1990-04-09,Female,Indian,Consultant,"835, Bandi Marg",Jaipur,Rajasthan,293511,Under Review,SRC013,0.78,2025-10-07 06:25:28,2026-01-22 09:27:10
P03609,Raj Deshmukh,,2002-06-16,Female,Indian,Driver,"693
Batra Circle",Indore,Madhya Pradesh,846070,Under Review,SRC026,0.97,2025-10-05 06:20:46,2026-02-11 13:11:26
P03610,Ananya Shah,,1971-01-28,Male,Indian,Trader,"17/593
Sarma Zila",Gwalior,Madhya Pradesh,610845,Inactive,SRC012,0.86,2025-01-21 07:45:52,2026-06-18 07:56:35
P03611,Rohan Shah,,1961-07-26,Female,Indian,Manager,"96
Gola Zila",Nagpur,Maharashtra,508899,Active,SRC011,0.82,2025-04-18 05:00:07,2026-08-28 01:48:28
P03612,Arjun Mishra,,1983-06-16,Male,Indian,Security Guard,"799
Yohannan Chowk",Nagpur,Maharashtra,668096,Under Review,SRC025,0.83,2024-11-17 02:52:06,2024-04-12 01:20:28
P03613,Pooja Joshi,,1985-09-05,Female,Indian,Trader,"H.No. 47
Golla Ganj",Hyderabad,Telangana,778545,Inactive,SRC012,0.86,2025-03-24 22:05:13,2026-05-21 04:52:30
P03614,Sanjay Shah,,2004-10-11,Female,Indian,Technician,"H.No. 608
Nori Path",Bhopal,Madhya Pradesh,485643,Inactive,SRC024,0.91,2026-06-22 18:09:45,2026-04-10 11:53:07
P03615,Neha Gupta,,1993-09-04,Female,Indian,Security Guard,"H.No. 156
Doctor Path",Ahmedabad,Gujarat,701562,Inactive,SRC022,0.88,2025-01-14 05:15:37,2026-05-13 18:39:11
P03616,Sanjay Mishra,S. Mishra,1989-06-29,Male,Indian,Business Owner,"05/27, Doctor",Hyderabad,Telangana,085463,Under Review,SRC009,0.94,2026-03-05 09:11:48,2025-02-14 23:08:42
P03617,Riya Verma,,1996-07-07,Male,Indian,Consultant,"60/664
Iyer",Gurugram,Haryana,375583,Active,SRC012,0.82,2025-05-16 07:53:20,2024-07-15 04:52:11
P03618,Siddharth Yadav,S. Yadav,1998-07-29,Male,Indian,Business Owner,"14/932, Mangal Path",Delhi,Delhi,928206,Active,SRC004,0.98,2025-02-22 00:52:29,2024-11-09 04:20:31
P03619,Neha Malhotra,,1970-11-11,Male,Indian,Consultant,"10/900
Yadav Street",Delhi,Delhi,000326,Under Review,SRC009,0.83,2025-01-23 09:48:30,2026-04-06 03:44:03
P03620,Aditya Malhotra,,1981-06-17,Male,Indian,Technician,"86/44, Boase",Kanpur,Uttar Pradesh,277650,Inactive,SRC015,0.98,2024-05-23 17:30:57,2025-12-13 12:22:21
P03621,Sanjay Chauhan,S. Chauhan,1996-08-04,Female,Indian,Consultant,"H.No. 01, Deol Street",Nagpur,Maharashtra,535375,Under Review,SRC024,0.91,2026-08-18 02:26:22,2026-08-11 17:29:35
P03622,Manish Patel,,1965-08-22,Female,Indian,Trader,"H.No. 976
Dada Marg",Jaipur,Rajasthan,242933,Active,SRC020,0.92,2025-05-31 04:42:54,2024-04-16 10:47:11
P03623,Rohan Jain,,1991-10-16,Female,Indian,Technician,"01/774
Randhawa Road",Jabalpur,Madhya Pradesh,834864,Under Review,SRC001,0.96,2025-07-12 23:58:52,2025-04-19 05:02:38
P03624,Priya Shah,,1974-03-02,Female,Indian,Trader,"31/23
D’Alia Ganj",Vadodara,Gujarat,349762,Inactive,SRC030,0.89,2024-04-10 06:34:13,2025-04-21 19:02:30
P03625,Neha Mishra,N. Mishra,1961-04-26,Female,Indian,Driver,"37/514, Raghavan Zila",Jaipur,Rajasthan,866898,Active,SRC014,0.82,2024-06-30 23:04:28,2026-07-14 18:47:50
P03626,Rahul Agarwal,R. Agarwal,1988-10-03,Male,Indian,Trader,"32/786
Dutta Nagar",Delhi,Delhi,963555,Active,SRC009,0.86,2025-09-29 19:45:31,2026-08-14 18:16:09
P03627,Siddharth Yadav,,1961-02-20,Female,Indian,Manager,"99/149, Pall",Gwalior,Madhya Pradesh,535953,Inactive,SRC024,0.95,2026-07-07 06:40:56,2024-03-22 17:09:55
P03628,Sneha Jain,S. Jain,1986-11-10,Female,Indian,Technician,"H.No. 97
Nayar Nagar",Ahmedabad,Gujarat,459914,Under Review,SRC011,0.99,2024-10-31 14:16:50,2026-01-19 19:06:42
P03629,Varun Gupta,,1961-04-03,Female,Indian,Student,"H.No. 388, Agarwal Chowk",Gurugram,Haryana,136042,Active,SRC004,0.88,2024-03-05 21:19:39,2026-07-19 09:22:37
P03630,Rahul Deshmukh,R. Deshmukh,1962-09-26,Male,Indian,Trader,"H.No. 468, Sinha Chowk",Jaipur,Rajasthan,210084,Inactive,SRC020,0.92,2025-06-20 08:20:57,2024-11-01 05:54:18
P03631,Priya Verma,,1966-08-11,Male,Indian,Student,"68/622
Bhakta Street",Gwalior,Madhya Pradesh,441710,Inactive,SRC019,0.95,2024-12-03 19:36:39,2026-04-18 20:10:19
P03632,Karan Shah,,1983-01-23,Female,Indian,Manager,"36/90, Andra Chowk",Bhopal,Madhya Pradesh,487235,Active,SRC017,0.85,2026-01-08 06:06:49,2026-07-26 04:12:16
P03633,Priya Patel,,2008-03-21,Male,Indian,Driver,"95/17, Dewan Path",Jaipur,Rajasthan,477004,Under Review,SRC026,0.86,2025-05-21 23:45:06,2025-11-09 20:15:47
P03634,Kavya Jain,,1992-09-17,Female,Indian,Trader,"27
Garde Ganj",Kanpur,Uttar Pradesh,538274,Inactive,SRC022,0.83,2024-07-29 03:51:06,2024-08-15 21:43:33
P03635,Rahul Mishra,,1993-03-16,Female,Indian,Technician,"250
Joshi Marg",Gurugram,Haryana,837323,Under Review,SRC017,0.9,2026-04-13 16:55:51,2024-03-10 09:12:58
P03636,Vihaan Rathore,,2003-05-10,Male,Indian,Security Guard,"H.No. 67
Balan Path",Bhopal,Madhya Pradesh,809541,Under Review,SRC007,0.84,2025-06-10 19:35:18,2025-11-07 08:39:55
P03637,Aditya Gupta,,1960-10-25,Male,Indian,Accountant,"H.No. 010
Madan Road",Pune,Maharashtra,305098,Under Review,SRC001,0.8,2024-02-21 23:07:15,2025-07-19 05:42:41
P03638,Rahul Verma,,2003-04-25,Female,Indian,Sales Executive,"H.No. 09, Bahri Marg",Bengaluru,Karnataka,876848,Inactive,SRC021,0.85,2025-01-16 16:50:34,2024-11-14 12:24:14
P03639,Yash Jain,,1991-11-16,Male,Indian,Technician,"527, Ramakrishnan Chowk",Kota,Rajasthan,755644,Inactive,SRC023,0.94,2026-07-31 17:43:13,2025-07-19 14:54:01
P03640,Siddharth Mishra,,1982-11-17,Male,Indian,Consultant,"H.No. 193
Parsa Street",Delhi,Delhi,674942,Under Review,SRC001,0.82,2026-04-14 22:32:38,2026-01-12 10:20:14
P03641,Pooja Sharma,,1966-07-01,Male,Indian,Technician,"09
Ghosh Path",Bhopal,Madhya Pradesh,814987,Under Review,SRC014,0.96,2024-03-14 16:05:22,2024-10-06 23:27:28
P03642,Raj Singh,,1995-10-02,Male,Indian,Technician,"57/779, Dara Ganj",Jaipur,Rajasthan,404938,Active,SRC022,0.87,2025-01-07 21:42:35,2026-07-28 05:58:08
P03643,Meera Rathore,,1976-10-17,Male,Indian,Sales Executive,"H.No. 755, Kamdar Ganj",Hyderabad,Telangana,347763,Under Review,SRC028,0.94,2024-03-01 17:03:42,2026-01-23 02:05:13
P03644,Ankit Mishra,A. Mishra,2006-05-04,Male,Indian,Sales Executive,"58/27
Parekh Marg",Hyderabad,Telangana,699158,Active,SRC026,0.95,2025-07-08 14:15:21,2024-08-01 04:15:14
P03645,Aditya Malhotra,,1959-02-15,Male,Indian,Student,"78/581, Muni Road",Dewas,Madhya Pradesh,983687,Active,SRC030,0.8,2025-02-02 17:41:15,2025-08-30 05:05:15
P03646,Mohit Tiwari,,1981-02-16,Male,Indian,Technician,"H.No. 61, Palan Zila",Hyderabad,Telangana,510749,Under Review,SRC028,0.84,2025-08-31 16:45:11,2024-04-29 07:29:32
P03647,Pooja Joshi,,1984-04-01,Female,Indian,Student,"H.No. 158
Bala Circle",Delhi,Delhi,718729,Inactive,SRC023,0.83,2025-03-19 21:54:33,2024-01-08 15:07:05
P03648,Nikhil Joshi,,1961-09-16,Male,Indian,Driver,"83, Parekh Zila",Nagpur,Maharashtra,242060,Under Review,SRC004,0.95,2024-12-30 04:15:26,2026-05-02 16:56:37
P03649,Ananya Tiwari,A. Tiwari,1961-03-13,Female,Indian,Trader,"97, Anne Marg",Surat,Gujarat,435268,Active,SRC017,0.98,2026-02-04 23:34:04,2025-12-15 14:40:32
P03650,Priya Joshi,P. Joshi,1997-03-21,Male,Indian,Manager,"71/902
Ghose Ganj",Jabalpur,Madhya Pradesh,107325,Active,SRC015,0.96,2026-07-13 10:56:34,2024-12-21 14:01:17
P03651,Isha Mishra,,2000-02-03,Male,Indian,Security Guard,"303, Trivedi Road",Lucknow,Uttar Pradesh,564317,Inactive,SRC028,0.88,2024-05-13 22:59:52,2026-07-08 18:33:44
P03652,Aditya Malhotra,,1995-04-07,Male,Indian,Business Owner,"31
Vohra Zila",Jaipur,Rajasthan,701987,Active,SRC009,0.92,2025-06-04 02:31:36,2026-04-07 21:41:19
P03653,Vikram Gupta,,1975-07-06,Male,Indian,Driver,"H.No. 45
Gupta",Pune,Maharashtra,813125,Active,SRC006,0.87,2024-10-11 09:53:12,2025-03-07 06:29:31
P03654,Raj Gupta,R. Gupta,2006-07-30,Male,Indian,Security Guard,"413
Bail Path",Jaipur,Rajasthan,407647,Inactive,SRC029,0.94,2024-04-16 14:39:18,2025-06-25 12:49:46
P03655,Nandini Agarwal,,1992-06-09,Male,Indian,Manager,"94/368, Gupta Zila",Delhi,Delhi,453948,Active,SRC014,0.92,2025-09-24 12:13:15,2026-01-27 16:14:46
P03656,Mohit Mishra,,2000-01-13,Male,Indian,Trader,"84, Vasa Path",Gwalior,Madhya Pradesh,584022,Inactive,SRC005,0.94,2024-06-06 06:03:02,2025-12-01 08:08:44
P03657,Nikhil Sharma,,2007-08-15,Female,Indian,Driver,"180, Saraf Marg",Gurugram,Haryana,252793,Under Review,SRC014,0.82,2025-12-31 20:49:03,2025-12-11 09:03:53
P03658,Arjun Rathore,A. Rathore,1972-02-21,Female,Indian,Security Guard,"H.No. 19
Ravi Nagar",Jabalpur,Madhya Pradesh,742108,Active,SRC022,0.84,2024-07-06 01:50:28,2025-02-08 15:43:15
P03659,Varun Chauhan,,1994-08-01,Male,Indian,Sales Executive,"710
Kunda Circle",Hyderabad,Telangana,575423,Inactive,SRC028,0.84,2025-03-23 18:32:23,2024-08-19 20:46:04
P03660,Sanjay Chauhan,,1968-06-01,Female,Indian,Consultant,"72/48
Venkatesh Marg",Nagpur,Maharashtra,225350,Active,SRC019,0.91,2024-06-28 06:27:30,2026-08-05 03:29:51
P03661,Ankit Verma,,1980-06-24,Male,Indian,Manager,"H.No. 69
Hans Nagar",Surat,Gujarat,847137,Under Review,SRC001,0.86,2026-05-12 21:58:32,2024-11-26 07:59:16
P03662,Nandini Malhotra,N. Malhotra,2002-08-21,Female,Indian,Business Owner,"52/221
Bath Street",Hyderabad,Telangana,402342,Active,SRC010,0.81,2026-07-28 11:58:33,2026-08-30 17:52:41
P03663,Sneha Patel,,1967-03-31,Male,Indian,Driver,"38/453
Bali Path",Bengaluru,Karnataka,215638,Under Review,SRC003,0.93,2024-07-11 21:54:49,2025-01-02 09:14:35
P03664,Nikhil Tiwari,N. Tiwari,1986-07-12,Female,Indian,Security Guard,"58, Modi Marg",Hyderabad,Telangana,997851,Active,SRC019,0.86,2026-03-27 22:49:02,2025-11-21 13:51:44
P03665,Aarav Yadav,A. Yadav,2003-05-17,Female,Indian,Accountant,"H.No. 53
Ramakrishnan Street",Nagpur,Maharashtra,737594,Active,SRC020,0.83,2026-04-28 03:45:24,2024-05-31 22:45:31
P03666,Meera Chauhan,,1968-04-30,Female,Indian,Sales Executive,"H.No. 666
Kohli Ganj",Jabalpur,Madhya Pradesh,280911,Inactive,SRC026,0.78,2024-11-26 00:15:57,2025-12-12 20:56:32
P03667,Kabir Patel,,1977-01-02,Male,Indian,Security Guard,"H.No. 97, Ahluwalia Chowk",Kota,Rajasthan,491140,Under Review,SRC017,0.88,2026-07-07 02:52:49,2025-02-21 01:12:36
P03668,Kavya Malhotra,K. Malhotra,1990-06-18,Male,Indian,Accountant,"51
Samra Street",Lucknow,Uttar Pradesh,490753,Inactive,SRC018,0.83,2024-12-05 00:28:26,2024-07-13 21:30:55
P03669,Varun Agarwal,,1970-05-01,Male,Indian,Business Owner,"29
Kant Ganj",Mumbai,Maharashtra,956515,Inactive,SRC012,0.87,2025-11-04 16:31:51,2024-05-29 09:10:05
P03670,Meera Joshi,,1993-08-15,Female,Indian,Consultant,"H.No. 947, Bansal Marg",Ujjain,Madhya Pradesh,967656,Inactive,SRC019,0.83,2024-03-22 11:51:11,2024-09-22 18:51:47
P03671,Ananya Saxena,A. Saxena,2004-05-09,Male,Indian,Driver,"441, Raja Road",Gwalior,Madhya Pradesh,969389,Inactive,SRC002,0.97,2024-05-25 16:28:56,2025-10-16 02:16:23
P03672,Pooja Mehta,,2000-11-26,Male,Indian,Accountant,"H.No. 93, Kala Chowk",Jabalpur,Madhya Pradesh,290831,Active,SRC019,0.85,2026-01-10 00:13:55,2024-03-19 02:23:13
P03673,Varun Shah,,1977-08-07,Male,Indian,Accountant,"44
Viswanathan Chowk",Gurugram,Haryana,873207,Inactive,SRC026,0.94,2024-03-02 14:25:40,2024-03-25 07:41:03
P03674,Yash Yadav,,1962-08-16,Female,Indian,Driver,"H.No. 18
Ramesh Street",Gwalior,Madhya Pradesh,187015,Inactive,SRC023,0.79,2024-08-10 02:52:54,2025-07-10 01:22:55
P03675,Vihaan Saxena,,1992-01-03,Male,Indian,Manager,"H.No. 541
Bhattacharyya",Kota,Rajasthan,985117,Inactive,SRC003,0.81,2024-10-07 20:44:01,2025-01-14 22:24:04
P03676,Nandini Chauhan,,1973-07-22,Female,Indian,Consultant,"40, Parmar Road",Indore,Madhya Pradesh,228589,Under Review,SRC026,0.83,2025-09-18 03:37:35,2026-06-03 10:25:12
P03677,Neha Tiwari,,1990-10-22,Male,Indian,Trader,"10/35, Majumdar Chowk",Hyderabad,Telangana,189100,Inactive,SRC018,0.83,2024-10-29 23:32:29,2026-04-24 20:31:34
P03678,Pooja Tiwari,,2005-01-15,Female,Indian,Trader,"01
Parmer Street",Delhi,Delhi,997263,Inactive,SRC028,0.92,2024-04-07 12:14:54,2024-11-21 21:40:26
P03679,Riya Verma,,1983-10-13,Male,Indian,Consultant,"66/70, Dayal Road",Indore,Madhya Pradesh,790354,Inactive,SRC021,0.96,2025-10-14 15:24:48,2026-03-18 19:24:28
P03680,Nandini Shah,,1977-06-04,Male,Indian,Driver,"82/359, Mammen Circle",Delhi,Delhi,691864,Under Review,SRC025,0.88,2026-07-28 22:50:33,2026-07-14 10:10:51
P03681,Vikram Verma,,1993-01-23,Female,Indian,Manager,"H.No. 212
Manda Ganj",Pune,Maharashtra,059370,Inactive,SRC024,0.95,2025-11-17 23:43:56,2024-05-22 06:24:57
P03682,Isha Yadav,,1964-12-21,Female,Indian,Consultant,"643
Chakraborty Marg",Surat,Gujarat,388705,Inactive,SRC004,0.94,2025-04-01 14:53:05,2026-05-21 04:32:42
P03683,Manish Tiwari,,1979-09-22,Male,Indian,Manager,"54
Tailor Circle",Nagpur,Maharashtra,096461,Inactive,SRC023,0.96,2024-09-16 17:07:44,2025-07-11 20:44:25
P03684,Deepak Gupta,,1971-12-05,Female,Indian,Student,"56/01, Sami Marg",Gwalior,Madhya Pradesh,867789,Active,SRC028,0.85,2024-11-19 22:47:30,2025-12-14 12:21:53
P03685,Manish Khan,M. Khan,1973-04-28,Female,Indian,Manager,"H.No. 39
Barman Ganj",Gurugram,Haryana,619993,Under Review,SRC029,0.84,2024-05-02 11:44:18,2025-12-12 18:35:13
P03686,Mohit Mishra,M. Mishra,1970-04-24,Male,Indian,Trader,"H.No. 574
Gulati Street",Gwalior,Madhya Pradesh,837803,Under Review,SRC016,0.86,2025-03-15 21:46:13,2025-03-30 16:33:10
P03687,Meera Yadav,,1985-09-17,Female,Indian,Student,"80/74
Dada Marg",Vadodara,Gujarat,046545,Inactive,SRC015,0.81,2025-01-02 15:21:20,2025-02-26 09:11:31
P03688,Siddharth Yadav,S. Yadav,1968-12-11,Male,Indian,Consultant,"36/381
Dhar Ganj",Jabalpur,Madhya Pradesh,230421,Under Review,SRC011,0.84,2024-02-25 02:57:23,2025-04-23 19:11:51
P03689,Priya Sharma,,1995-11-24,Female,Indian,Student,"H.No. 487, Kale",Mumbai,Maharashtra,012335,Under Review,SRC028,0.85,2026-01-21 05:41:54,2026-03-22 00:13:34
P03690,Amit Sharma,,1986-09-07,Male,Indian,Student,"77/590, Gola Zila",Kota,Rajasthan,992920,Active,SRC007,0.89,2024-03-07 02:15:37,2024-07-22 11:35:40
P03691,Nandini Mishra,,1958-05-29,Female,Indian,Trader,"H.No. 74
Nagy Nagar",Kanpur,Uttar Pradesh,749113,Inactive,SRC015,0.91,2025-08-10 16:13:15,2025-06-08 00:21:23
P03692,Deepak Verma,,1967-09-06,Female,Indian,Sales Executive,"64/93
Divan Circle",Mumbai,Maharashtra,831380,Inactive,SRC008,0.88,2025-10-31 03:21:20,2025-11-25 23:20:30
P03693,Siddharth Khan,S. Khan,1968-10-16,Male,Indian,Business Owner,"33/67, Ravel Ganj",Delhi,Delhi,404761,Inactive,SRC025,0.83,2025-08-12 11:17:43,2026-05-11 07:36:07
P03694,Nikhil Patel,,2002-12-30,Female,Indian,Sales Executive,"H.No. 581
Choudhry Circle",Jabalpur,Madhya Pradesh,069942,Active,SRC022,0.95,2026-02-16 04:22:04,2026-05-19 15:08:57
P03695,Amit Tiwari,,1987-03-05,Male,Indian,Accountant,"197, Oza Circle",Dewas,Madhya Pradesh,201089,Active,SRC022,0.98,2026-02-10 23:59:28,2025-10-31 20:08:22
P03696,Vikram Verma,,2004-07-07,Male,Indian,Consultant,"322
Mital Chowk",Jabalpur,Madhya Pradesh,830194,Inactive,SRC013,0.78,2024-09-17 05:47:57,2024-01-06 17:22:18
P03697,Ankit Sharma,,2005-12-10,Female,Indian,Accountant,"H.No. 44, Nori Street",Jaipur,Rajasthan,742494,Under Review,SRC030,0.78,2024-03-30 14:55:15,2025-04-27 12:56:23
P03698,Yash Saxena,,1974-07-31,Female,Indian,Security Guard,"70
Kale Street",Jabalpur,Madhya Pradesh,831091,Inactive,SRC011,0.94,2024-12-30 01:57:22,2026-06-07 03:02:34
P03699,Yash Agarwal,Y. Agarwal,1988-02-16,Female,Indian,Accountant,"H.No. 439, Gill Chowk",Ujjain,Madhya Pradesh,410242,Inactive,SRC023,0.96,2024-12-04 19:06:01,2024-11-09 07:56:45
P03700,Vihaan Chauhan,,1992-09-12,Female,Indian,Consultant,"H.No. 062, Memon Marg",Nagpur,Maharashtra,187768,Under Review,SRC016,0.94,2025-08-17 11:38:33,2024-03-26 01:10:51
P03701,Sanjay Jain,S. Jain,1981-08-04,Male,Indian,Consultant,"87/296
Bahri Street",Gwalior,Madhya Pradesh,297581,Active,SRC012,0.85,2024-02-26 11:29:10,2024-03-31 23:07:52
P03702,Manish Singh,,2006-12-06,Female,Indian,Accountant,"H.No. 008
Padmanabhan Street",Lucknow,Uttar Pradesh,306511,Inactive,SRC014,0.94,2025-04-10 19:46:51,2025-06-26 11:40:08
P03703,Manish Singh,,2000-10-06,Male,Indian,Trader,"H.No. 528
Bal Circle",Vadodara,Gujarat,496054,Under Review,SRC028,0.98,2025-02-11 14:23:03,2024-01-24 09:49:18
P03704,Amit Tiwari,,2000-08-31,Female,Indian,Security Guard,"95/170
Dass Road",Lucknow,Uttar Pradesh,473087,Inactive,SRC001,0.92,2025-06-27 19:33:30,2026-03-10 16:59:42
P03705,Vihaan Jain,,1974-07-29,Male,Indian,Driver,"32, Vig Street",Hyderabad,Telangana,413335,Active,SRC029,0.8,2025-06-21 02:20:45,2024-02-23 00:38:01
P03706,Mohit Verma,,1966-08-06,Female,Indian,Security Guard,"H.No. 377, Bala Nagar",Ujjain,Madhya Pradesh,335823,Inactive,SRC014,0.97,2024-11-17 17:05:09,2026-04-15 12:05:33
P03707,Siddharth Shah,,1958-11-13,Female,Indian,Manager,"41, Solanki Path",Jabalpur,Madhya Pradesh,883286,Under Review,SRC025,0.88,2026-04-09 20:52:00,2024-09-13 17:49:29
P03708,Nandini Bansal,,1977-01-28,Male,Indian,Consultant,"543
Choudhury Road",Gurugram,Haryana,455746,Active,SRC026,0.85,2025-09-01 06:56:24,2025-12-04 20:49:07
P03709,Nikhil Mishra,,1967-08-29,Male,Indian,Trader,"H.No. 403, Nori Nagar",Dewas,Madhya Pradesh,815853,Under Review,SRC019,0.86,2024-11-29 22:09:04,2026-04-11 13:21:29
P03710,Manish Patel,M. Patel,1979-08-04,Male,Indian,Sales Executive,"H.No. 80, Majumdar",Kota,Rajasthan,943733,Under Review,SRC018,0.89,2024-07-26 23:17:24,2024-06-20 09:52:47
P03711,Mohit Sharma,,2008-02-16,Male,Indian,Sales Executive,"86/556, Om Circle",Indore,Madhya Pradesh,220805,Under Review,SRC016,0.85,2024-07-03 20:42:47,2025-11-18 14:32:01
P03712,Priya Mehta,,1996-03-13,Male,Indian,Sales Executive,"95, Kala Zila",Jabalpur,Madhya Pradesh,465183,Under Review,SRC023,0.92,2025-10-26 19:47:49,2026-05-04 17:34:54
P03713,Aarav Mehta,,1987-12-22,Female,Indian,Consultant,"12
Contractor Nagar",Gurugram,Haryana,079834,Active,SRC013,0.84,2024-01-18 17:36:11,2025-03-13 13:42:36
P03714,Mohit Deshmukh,,1980-05-10,Male,Indian,Business Owner,"60/108, Choudhary Ganj",Jabalpur,Madhya Pradesh,349963,Inactive,SRC013,0.87,2024-06-19 08:58:46,2024-12-24 03:26:11
P03715,Riya Yadav,,1968-12-20,Male,Indian,Driver,"75/31, Narang Chowk",Surat,Gujarat,861224,Inactive,SRC006,0.87,2026-08-30 04:38:12,2026-05-23 09:24:40
P03716,Priya Shah,,1990-05-13,Male,Indian,Business Owner,"H.No. 259, Tak Ganj",Delhi,Delhi,818350,Active,SRC028,0.93,2025-09-13 18:55:35,2024-06-29 01:05:39
P03717,Vihaan Rathore,,1986-04-06,Female,Indian,Consultant,"H.No. 897
Sura Path",Kanpur,Uttar Pradesh,235180,Under Review,SRC018,0.98,2025-11-19 11:14:29,2024-06-04 18:29:19
P03718,Kavya Gupta,K. Gupta,1979-10-18,Female,Indian,Security Guard,"H.No. 492, Uppal Circle",Mumbai,Maharashtra,163447,Inactive,SRC005,0.97,2025-03-31 16:54:40,2025-07-29 11:51:49
P03719,Ananya Tiwari,,1967-03-15,Male,Indian,Student,"39/20
Pillay Path",Mumbai,Maharashtra,570453,Active,SRC026,0.8,2025-12-17 21:28:18,2024-08-12 19:14:07
P03720,Karan Joshi,,1972-06-06,Male,Indian,Accountant,"48/15
Vaidya",Delhi,Delhi,687443,Active,SRC013,0.88,2024-08-20 14:11:12,2025-04-24 04:19:55
P03721,Karan Tiwari,,2006-03-18,Male,Indian,Manager,"H.No. 02, Bail",Surat,Gujarat,008103,Under Review,SRC015,0.78,2025-08-13 19:53:20,2024-03-09 08:02:21
P03722,Nikhil Verma,,1990-06-16,Female,Indian,Manager,"55, Sidhu",Gwalior,Madhya Pradesh,216348,Inactive,SRC022,0.81,2024-10-24 09:41:55,2025-12-17 08:10:01
P03723,Yash Singh,Y. Singh,1972-05-09,Male,Indian,Business Owner,"H.No. 34, Srinivas Road",Vadodara,Gujarat,508238,Active,SRC028,0.9,2024-05-21 13:24:18,2025-09-10 01:27:43
P03724,Raj Saxena,,1986-02-22,Male,Indian,Manager,"H.No. 371
Narain",Jabalpur,Madhya Pradesh,732714,Inactive,SRC027,0.78,2025-01-05 13:28:31,2024-12-05 06:39:11
P03725,Karan Shah,,1972-09-03,Female,Indian,Security Guard,"86
Sawhney Ganj",Mumbai,Maharashtra,032383,Active,SRC019,0.97,2026-01-13 16:19:58,2026-01-01 18:59:05
P03726,Sanjay Tiwari,,1982-03-23,Male,Indian,Driver,"43/27
Balakrishnan Road",Vadodara,Gujarat,655859,Inactive,SRC027,0.82,2024-06-24 16:21:44,2024-12-22 19:19:46
P03727,Yash Yadav,,2004-12-11,Male,Indian,Business Owner,"310, Chaudhary Circle",Ujjain,Madhya Pradesh,480514,Inactive,SRC011,0.95,2024-08-17 06:49:04,2025-05-17 06:24:40
P03728,Deepak Agarwal,,1993-11-25,Female,Indian,Sales Executive,"749
Lad Nagar",Gwalior,Madhya Pradesh,718132,Inactive,SRC018,0.95,2024-10-15 04:36:18,2024-02-07 03:50:04
P03729,Sneha Jain,,1965-04-23,Female,Indian,Sales Executive,"46/133, Lad Path",Hyderabad,Telangana,337025,Inactive,SRC020,0.8,2024-11-09 09:06:55,2026-01-04 13:06:05
P03730,Nandini Tiwari,,1995-12-05,Male,Indian,Consultant,"481
Contractor Road",Pune,Maharashtra,771807,Under Review,SRC019,0.98,2026-06-09 12:42:39,2025-07-03 07:29:54
P03731,Kavya Rathore,,1965-01-05,Female,Indian,Trader,"66/52, Pau Circle",Delhi,Delhi,419082,Inactive,SRC006,0.97,2026-01-16 19:07:35,2025-03-11 16:54:23
P03732,Karan Agarwal,,1973-11-04,Male,Indian,Technician,"H.No. 56
Doctor Path",Mumbai,Maharashtra,076337,Inactive,SRC020,0.97,2026-03-20 06:06:24,2026-02-15 10:13:46
P03733,Varun Rathore,,1978-11-10,Female,Indian,Technician,"H.No. 37, Golla Zila",Dewas,Madhya Pradesh,463070,Inactive,SRC004,0.85,2025-09-23 08:14:42,2024-02-26 10:14:39
P03734,Ankit Agarwal,,2008-01-13,Male,Indian,Sales Executive,"H.No. 428, Kalla Marg",Pune,Maharashtra,310265,Under Review,SRC030,0.9,2025-10-31 10:01:56,2026-07-06 02:24:51
P03735,Pooja Jain,,1983-01-10,Male,Indian,Consultant,"H.No. 49
Randhawa Ganj",Nagpur,Maharashtra,735216,Active,SRC010,0.88,2024-01-16 16:04:49,2024-08-28 11:36:49
P03736,Riya Mishra,,1960-01-10,Male,Indian,Manager,"H.No. 09
Jani Ganj",Bhopal,Madhya Pradesh,964793,Inactive,SRC001,0.91,2024-12-20 00:29:57,2025-08-27 03:07:45
P03737,Amit Saxena,,1998-11-29,Female,Indian,Sales Executive,"21
Manne Path",Gurugram,Haryana,626718,Inactive,SRC029,0.82,2025-06-08 01:01:56,2026-03-16 01:39:16
P03738,Ankit Singh,,2003-02-23,Male,Indian,Business Owner,"70/136
Chanda Zila",Jabalpur,Madhya Pradesh,673221,Active,SRC014,0.94,2025-11-13 23:23:20,2025-09-17 12:44:10
P03739,Vikram Verma,,1990-10-12,Female,Indian,Business Owner,"H.No. 94
Misra Zila",Bengaluru,Karnataka,772045,Active,SRC022,0.85,2024-08-07 11:37:29,2024-08-05 19:15:56
P03740,Deepak Jain,,2006-08-01,Male,Indian,Trader,"79/16
Sharma Street",Gwalior,Madhya Pradesh,243960,Active,SRC027,0.82,2026-01-02 22:38:05,2024-08-02 19:45:31
P03741,Manish Mehta,,1959-08-22,Female,Indian,Student,"82/33
Bose Circle",Nagpur,Maharashtra,873563,Under Review,SRC026,0.78,2025-08-28 07:35:52,2024-03-13 05:57:56
P03742,Aarav Mehta,,1983-05-10,Male,Indian,Accountant,"16/26
Vora",Lucknow,Uttar Pradesh,735105,Inactive,SRC020,0.89,2026-04-02 00:54:00,2026-02-14 04:58:13
P03743,Isha Malhotra,,1990-03-07,Male,Indian,Sales Executive,"446
Oza Circle",Delhi,Delhi,094794,Under Review,SRC018,0.91,2025-03-20 07:08:53,2025-10-09 19:13:19
P03744,Sneha Joshi,,2002-01-25,Female,Indian,Trader,"36/16, Dube Marg",Bengaluru,Karnataka,879296,Inactive,SRC026,0.98,2025-06-09 02:40:37,2026-05-08 00:31:50
P03745,Nikhil Jain,N. Jain,1969-07-08,Male,Indian,Sales Executive,"77/639
Rajan Marg",Bengaluru,Karnataka,527360,Inactive,SRC025,0.97,2024-01-18 23:16:11,2026-02-19 09:02:59
P03746,Isha Agarwal,,1976-02-04,Male,Indian,Student,"H.No. 08, Comar Road",Delhi,Delhi,838901,Inactive,SRC001,0.79,2024-03-05 12:58:58,2024-11-04 19:23:25
P03747,Rahul Singh,,1965-04-12,Male,Indian,Business Owner,"H.No. 790, Subramanian Chowk",Bengaluru,Karnataka,182561,Inactive,SRC010,0.96,2025-02-07 00:35:23,2024-09-10 22:12:34
P03748,Amit Mehta,,2002-12-08,Female,Indian,Security Guard,"802, Gola Street",Ahmedabad,Gujarat,466165,Inactive,SRC008,0.96,2024-03-30 23:44:28,2025-11-11 01:07:04
P03749,Ananya Joshi,,1975-12-31,Male,Indian,Consultant,"62
Pant Marg",Surat,Gujarat,043883,Active,SRC021,0.83,2024-07-10 19:17:38,2025-07-09 11:21:14
P03750,Ankit Deshmukh,,1967-10-03,Male,Indian,Student,"H.No. 991
Rana Street",Gurugram,Haryana,764985,Inactive,SRC012,0.95,2025-03-11 16:41:48,2026-08-07 03:33:04
P03751,Karan Shah,,1972-10-16,Female,Indian,Accountant,"598
Bhakta Road",Pune,Maharashtra,054720,Under Review,SRC019,0.86,2026-01-02 09:26:41,2024-05-09 19:24:21
P03752,Aarav Malhotra,,1971-05-02,Male,Indian,Technician,"52/967
Krishnamurthy",Surat,Gujarat,189166,Active,SRC017,0.88,2025-06-10 00:39:10,2025-04-21 21:12:50
P03753,Ananya Jain,,2002-07-15,Male,Indian,Security Guard,"00/179, Singhal Chowk",Surat,Gujarat,600220,Active,SRC029,0.83,2024-01-25 05:15:34,2026-06-13 16:51:59
P03754,Aarav Rathore,,1992-10-21,Male,Indian,Accountant,"H.No. 23
Ganesan Circle",Pune,Maharashtra,355220,Active,SRC006,0.99,2025-08-09 03:44:58,2024-04-08 16:38:47
P03755,Amit Agarwal,,2008-04-12,Male,Indian,Consultant,"62/120
Patel Street",Gwalior,Madhya Pradesh,094113,Inactive,SRC030,0.83,2025-07-07 19:42:40,2025-01-26 20:24:34
P03756,Neha Shah,,1970-12-24,Female,Indian,Sales Executive,"H.No. 51, Ramachandran Chowk",Kanpur,Uttar Pradesh,698364,Active,SRC008,0.83,2026-04-05 04:40:40,2026-07-03 14:35:50
P03757,Vihaan Joshi,,1959-01-01,Male,Indian,Accountant,"28, Subramaniam",Ujjain,Madhya Pradesh,720314,Active,SRC011,0.8,2025-11-04 18:01:36,2026-04-12 02:03:56
P03758,Aarav Rathore,,1978-05-05,Female,Indian,Technician,"288
Wadhwa Path",Ujjain,Madhya Pradesh,709906,Under Review,SRC028,0.88,2025-08-04 13:16:01,2025-12-10 10:30:15
P03759,Kavya Shah,,1985-07-29,Male,Indian,Consultant,"710, Mitter Road",Nagpur,Maharashtra,711364,Active,SRC005,0.97,2025-02-16 10:57:28,2026-07-19 12:22:22
P03760,Sneha Agarwal,,1960-06-03,Male,Indian,Driver,"88/785
Bal Circle",Surat,Gujarat,912779,Under Review,SRC020,0.81,2026-02-05 11:29:25,2024-11-23 06:20:17
P03761,Sneha Saxena,S. Saxena,2006-09-18,Male,Indian,Security Guard,"H.No. 18
Om",Ujjain,Madhya Pradesh,429703,Active,SRC016,0.94,2025-07-07 00:38:14,2026-05-27 17:07:37
P03762,Aditya Shah,,1994-12-31,Female,Indian,Business Owner,"380
Krishnan Nagar",Ujjain,Madhya Pradesh,432694,Inactive,SRC023,0.94,2025-09-10 12:11:19,2024-04-29 20:15:13
P03763,Isha Agarwal,,1958-01-28,Male,Indian,Manager,"320
Ram Nagar",Bengaluru,Karnataka,862334,Under Review,SRC028,0.88,2025-06-30 15:25:26,2025-05-24 17:37:37
P03764,Sanjay Rathore,,1989-01-22,Male,Indian,Student,"114
Mandal Chowk",Surat,Gujarat,757325,Inactive,SRC026,0.83,2024-03-23 07:16:49,2025-09-03 02:41:43
P03765,Varun Singh,,1963-03-25,Male,Indian,Student,"H.No. 731
Mammen Street",Nagpur,Maharashtra,219792,Active,SRC024,0.87,2024-09-02 20:46:44,2025-04-05 21:53:30
P03766,Riya Mehta,,1993-02-22,Female,Indian,Accountant,"H.No. 740
Narang Ganj",Kanpur,Uttar Pradesh,005684,Inactive,SRC005,0.78,2024-04-30 10:36:48,2025-03-12 19:49:47
P03767,Pooja Sharma,,1982-08-18,Male,Indian,Technician,"H.No. 697
Lall Path",Delhi,Delhi,326301,Active,SRC010,0.81,2026-02-21 06:08:29,2026-03-21 20:12:30
P03768,Sanjay Deshmukh,,2005-01-05,Female,Indian,Student,"983, Doshi Nagar",Kanpur,Uttar Pradesh,133704,Under Review,SRC015,0.88,2025-10-11 14:18:50,2026-02-05 17:47:13
P03769,Aditya Agarwal,,1959-10-15,Female,Indian,Business Owner,"H.No. 729
Hari Road",Mumbai,Maharashtra,628734,Under Review,SRC002,0.94,2024-11-21 22:24:38,2024-05-14 11:45:00
P03770,Siddharth Verma,S. Verma,1976-06-30,Female,Indian,Student,"72/85, Rajagopal Path",Gwalior,Madhya Pradesh,931602,Under Review,SRC004,0.96,2025-04-05 01:54:10,2025-02-17 15:56:58
P03771,Isha Gupta,I. Gupta,2007-02-13,Male,Indian,Security Guard,"76/56
Deol Zila",Bengaluru,Karnataka,695521,Under Review,SRC007,0.79,2024-04-12 13:30:42,2025-11-08 19:02:17
P03772,Kavya Chauhan,,1988-02-07,Male,Indian,Security Guard,"161
Raja Path",Gwalior,Madhya Pradesh,785971,Under Review,SRC004,0.87,2024-07-24 06:08:55,2024-03-11 16:45:00
P03773,Varun Rathore,,2008-07-15,Male,Indian,Security Guard,"28/81, Madan Nagar",Kanpur,Uttar Pradesh,385247,Under Review,SRC012,0.98,2025-08-26 06:17:11,2024-11-06 21:36:30
P03774,Nandini Deshmukh,,2000-03-16,Male,Indian,Manager,"H.No. 08
Naidu Path",Bhopal,Madhya Pradesh,885980,Inactive,SRC011,0.99,2025-01-11 12:56:47,2024-02-18 22:37:45
P03775,Pooja Tiwari,,1969-12-04,Female,Indian,Trader,"88/99
Mani",Kanpur,Uttar Pradesh,406026,Active,SRC017,0.79,2025-07-18 03:07:21,2026-06-24 22:26:41
P03776,Mohit Singh,M. Singh,1986-10-18,Male,Indian,Security Guard,"40/52
Vyas Zila",Gurugram,Haryana,207773,Active,SRC022,0.92,2024-02-19 16:49:47,2026-07-18 19:13:15
P03777,Riya Agarwal,R. Agarwal,1983-04-28,Male,Indian,Trader,"H.No. 30, Kannan Street",Delhi,Delhi,367705,Active,SRC012,0.87,2024-05-17 06:43:55,2025-04-24 20:50:17
P03778,Aarav Yadav,,1964-08-22,Male,Indian,Security Guard,"41/27, Chawla",Lucknow,Uttar Pradesh,253325,Active,SRC002,0.94,2025-05-21 00:31:58,2025-06-29 11:11:20
P03779,Yash Yadav,,1997-07-12,Female,Indian,Driver,"H.No. 16, Sunder Street",Lucknow,Uttar Pradesh,221211,Under Review,SRC009,0.85,2025-12-25 07:33:35,2026-01-12 05:32:49
P03780,Manish Deshmukh,,2004-08-10,Female,Indian,Driver,"44/850
Misra Street",Kanpur,Uttar Pradesh,101681,Inactive,SRC013,0.88,2026-05-06 08:06:20,2025-04-26 09:34:13
P03781,Siddharth Verma,,1970-04-04,Female,Indian,Trader,"97
Aurora Ganj",Kota,Rajasthan,146073,Inactive,SRC003,0.96,2026-04-21 20:59:32,2024-06-16 07:05:03
P03782,Sanjay Rathore,S. Rathore,1973-05-12,Female,Indian,Technician,"24/044, Chauhan Nagar",Gwalior,Madhya Pradesh,178563,Inactive,SRC002,0.85,2026-05-25 17:23:39,2026-01-06 00:22:22
P03783,Yash Saxena,,1967-11-14,Female,Indian,Accountant,"H.No. 55, Chad Nagar",Jaipur,Rajasthan,904312,Active,SRC017,0.79,2025-05-29 14:41:38,2025-02-27 00:31:34
P03784,Neha Yadav,,2002-02-16,Male,Indian,Business Owner,"75
Memon Marg",Mumbai,Maharashtra,983633,Under Review,SRC002,0.81,2026-01-13 00:23:16,2024-05-26 15:08:39
P03785,Varun Saxena,,1986-09-02,Male,Indian,Accountant,"85, Chada Ganj",Kota,Rajasthan,870146,Inactive,SRC023,0.88,2024-04-19 23:24:25,2025-05-16 06:07:41
P03786,Kavya Jain,,2002-09-10,Male,Indian,Student,"27/392, Ramakrishnan Road",Indore,Madhya Pradesh,831464,Inactive,SRC023,0.9,2024-06-02 10:23:23,2026-01-20 19:21:25
P03787,Arjun Shah,,1983-08-03,Male,Indian,Technician,"243, Roy",Dewas,Madhya Pradesh,477323,Inactive,SRC018,0.88,2025-04-23 18:57:01,2024-09-05 19:25:48
P03788,Rohan Sharma,R. Sharma,2002-09-25,Male,Indian,Sales Executive,"21/33, Mohan Street",Gwalior,Madhya Pradesh,618694,Inactive,SRC027,0.84,2025-01-28 06:50:29,2024-12-13 22:10:21
P03789,Sanjay Sharma,,1987-09-07,Female,Indian,Manager,"45, Peri Nagar",Bhopal,Madhya Pradesh,958261,Active,SRC017,0.99,2026-05-31 23:25:36,2026-05-11 02:04:13
P03790,Isha Verma,,1995-03-30,Male,Indian,Manager,"438, Dugal Zila",Hyderabad,Telangana,802562,Inactive,SRC013,0.91,2024-03-22 02:51:29,2025-03-06 11:57:39
P03791,Vikram Bansal,,1981-11-29,Female,Indian,Student,"H.No. 40, Din Road",Lucknow,Uttar Pradesh,142656,Active,SRC013,0.83,2024-05-30 18:55:47,2024-03-09 10:25:48
P03792,Rahul Agarwal,,1977-10-27,Male,Indian,Business Owner,"43
Bala Nagar",Pune,Maharashtra,247660,Active,SRC019,0.8,2026-07-24 18:19:36,2024-12-13 07:09:26
P03793,Vikram Joshi,,1994-04-22,Male,Indian,Business Owner,"978, Shere Ganj",Dewas,Madhya Pradesh,766937,Inactive,SRC023,0.98,2025-04-04 15:35:59,2025-04-13 12:16:26
P03794,Karan Patel,,1997-11-12,Female,Indian,Technician,"24/278
Bora Road",Delhi,Delhi,876128,Inactive,SRC014,0.94,2024-05-20 17:11:19,2026-08-06 20:41:23
P03795,Rohan Bansal,,1965-10-20,Male,Indian,Technician,"99
Mangat",Bengaluru,Karnataka,940681,Active,SRC017,0.91,2024-06-21 17:10:06,2025-03-21 17:39:07
P03796,Ankit Khan,,1978-02-26,Female,Indian,Technician,"04/086, Guha Chowk",Jabalpur,Madhya Pradesh,586848,Under Review,SRC013,0.79,2024-03-10 18:53:18,2025-01-03 05:01:46
P03797,Kabir Singh,K. Singh,1965-10-25,Male,Indian,Consultant,"H.No. 656
Hari",Pune,Maharashtra,512054,Active,SRC012,0.86,2024-04-17 20:29:23,2026-02-09 03:51:13
P03798,Deepak Yadav,,1983-04-16,Male,Indian,Technician,"64/77
Comar Nagar",Gwalior,Madhya Pradesh,962023,Under Review,SRC019,0.93,2024-07-06 21:21:36,2024-05-02 02:47:04
P03799,Sneha Malhotra,,2008-04-11,Male,Indian,Security Guard,"H.No. 38
Joshi Zila",Gwalior,Madhya Pradesh,895623,Active,SRC011,0.79,2024-11-14 21:56:00,2026-04-19 09:13:26
P03800,Ankit Mishra,,1976-04-22,Male,Indian,Sales Executive,"904, Sagar Path",Bhopal,Madhya Pradesh,859524,Active,SRC019,0.81,2026-03-05 22:20:21,2024-02-16 17:29:16
P03801,Varun Tiwari,,2001-01-02,Female,Indian,Manager,"H.No. 51, Rastogi Nagar",Ahmedabad,Gujarat,605880,Active,SRC019,0.9,2025-07-17 00:56:48,2025-07-07 09:51:51
P03802,Kavya Gupta,K. Gupta,1990-05-18,Male,Indian,Trader,"81/58, Koshy Circle",Kota,Rajasthan,257021,Inactive,SRC020,0.85,2024-04-14 09:53:21,2025-06-12 05:43:23
P03803,Raj Agarwal,,1977-08-01,Male,Indian,Sales Executive,"892, Chander Circle",Ahmedabad,Gujarat,989656,Active,SRC026,0.99,2026-04-17 01:05:23,2025-07-27 13:28:18
P03804,Ananya Tiwari,,2001-02-25,Female,Indian,Accountant,"15/48
Rajagopalan Ganj",Jabalpur,Madhya Pradesh,153833,Under Review,SRC003,0.83,2026-07-11 22:11:25,2025-01-13 03:04:33
P03805,Deepak Jain,D. Jain,1990-04-11,Female,Indian,Business Owner,"H.No. 93
Shukla Road",Delhi,Delhi,303426,Active,SRC003,0.96,2026-07-06 04:04:54,2025-03-29 02:23:07
P03806,Riya Patel,R. Patel,1995-10-11,Male,Indian,Student,"H.No. 66
Chopra Zila",Kanpur,Uttar Pradesh,568160,Under Review,SRC013,0.91,2025-08-03 03:43:45,2025-01-07 13:13:57
P03807,Kavya Patel,,1991-12-06,Male,Indian,Manager,"87
Sahni Marg",Nagpur,Maharashtra,178296,Inactive,SRC001,0.86,2026-04-10 04:39:15,2026-04-22 12:35:45
P03808,Aarav Malhotra,,1972-03-02,Male,Indian,Security Guard,"074
Balakrishnan Circle",Delhi,Delhi,797273,Under Review,SRC027,0.94,2024-01-13 04:34:23,2026-03-12 13:01:24
P03809,Sneha Patel,,2003-06-14,Male,Indian,Technician,"94/65
Cherian Street",Hyderabad,Telangana,456589,Inactive,SRC022,0.92,2026-06-05 03:23:27,2025-06-15 08:23:22
P03810,Rohan Agarwal,,1971-04-04,Male,Indian,Consultant,"44/38
Ramanathan Nagar",Gurugram,Haryana,145795,Active,SRC002,0.83,2026-08-29 14:04:07,2026-07-10 17:44:49
P03811,Aditya Malhotra,,1999-02-03,Male,Indian,Security Guard,"815
Seth Marg",Ujjain,Madhya Pradesh,281561,Active,SRC004,0.98,2024-07-02 00:42:54,2024-01-21 18:14:36
P03812,Riya Tiwari,,2008-02-10,Female,Indian,Driver,"763, Chana",Gwalior,Madhya Pradesh,949739,Under Review,SRC023,0.83,2025-03-14 15:57:32,2025-05-24 07:01:47
P03813,Sanjay Patel,,1992-05-04,Male,Indian,Consultant,"H.No. 96
Tata Road",Delhi,Delhi,817534,Inactive,SRC015,0.79,2024-02-07 21:48:59,2025-02-24 14:15:21
P03814,Nikhil Mishra,,2007-12-07,Female,Indian,Business Owner,"51/175
Kamdar Marg",Indore,Madhya Pradesh,406021,Inactive,SRC015,0.8,2024-02-03 21:33:02,2024-04-08 13:36:42
P03815,Priya Bansal,,1977-03-12,Male,Indian,Business Owner,"96, Saini",Delhi,Delhi,278332,Active,SRC004,0.84,2026-02-26 18:40:51,2024-06-21 22:28:41
P03816,Kavya Saxena,,2004-09-18,Female,Indian,Sales Executive,"196
Ghosh Circle",Jaipur,Rajasthan,369812,Active,SRC015,0.85,2026-05-13 14:41:36,2024-02-13 11:26:45
P03817,Mohit Deshmukh,,1981-10-11,Female,Indian,Consultant,"671
Sami Path",Nagpur,Maharashtra,470129,Active,SRC008,0.83,2026-03-15 06:58:05,2025-06-12 08:48:36
P03818,Nandini Yadav,,2006-03-23,Female,Indian,Business Owner,"54/164
Bala Marg",Nagpur,Maharashtra,150066,Under Review,SRC008,0.83,2024-12-03 21:08:19,2024-06-10 09:03:55
P03819,Arjun Jain,,1974-08-01,Female,Indian,Driver,"H.No. 045, Singh Path",Jaipur,Rajasthan,859222,Active,SRC027,0.91,2026-04-19 00:31:55,2026-04-22 08:14:17
P03820,Manish Mehta,,2007-06-20,Male,Indian,Accountant,"59, Seth Chowk",Indore,Madhya Pradesh,144201,Active,SRC014,0.94,2025-05-08 21:28:25,2026-07-04 02:15:19
P03821,Deepak Saxena,,1968-06-04,Male,Indian,Technician,"068
Ghose Chowk",Pune,Maharashtra,704668,Inactive,SRC030,0.98,2026-08-25 11:45:49,2025-09-16 16:25:53
P03822,Vikram Mehta,V. Mehta,1959-01-27,Female,Indian,Technician,"96, Dash Street",Bhopal,Madhya Pradesh,671230,Inactive,SRC014,0.95,2024-09-15 01:36:32,2025-11-08 15:55:55
P03823,Kabir Joshi,,1983-07-20,Female,Indian,Consultant,"H.No. 99
Agate Circle",Pune,Maharashtra,665813,Active,SRC002,0.84,2025-02-14 12:43:42,2025-01-31 16:51:55
P03824,Manish Bansal,,1966-01-07,Female,Indian,Security Guard,"H.No. 861, Dewan Nagar",Jaipur,Rajasthan,305096,Inactive,SRC025,0.91,2026-03-18 22:17:34,2025-08-09 00:28:18
P03825,Siddharth Bansal,,1970-12-10,Female,Indian,Security Guard,"H.No. 88, Lata Zila",Hyderabad,Telangana,082474,Active,SRC015,0.78,2024-01-16 01:59:58,2025-12-21 15:52:52
P03826,Neha Jain,,1986-07-23,Male,Indian,Business Owner,"444
Sibal Zila",Jaipur,Rajasthan,666196,Inactive,SRC026,0.88,2024-06-29 19:25:28,2024-08-04 12:13:54
P03827,Pooja Mehta,,2008-01-19,Male,Indian,Trader,"29/50, Subramanian Zila",Delhi,Delhi,103216,Inactive,SRC019,0.97,2024-11-26 12:06:31,2026-02-22 07:30:42
P03828,Yash Gupta,,1993-09-11,Male,Indian,Trader,"670
Borra Path",Mumbai,Maharashtra,938830,Under Review,SRC004,0.8,2025-08-09 10:14:09,2024-09-20 06:45:03
P03829,Meera Mehta,M. Mehta,1989-08-18,Female,Indian,Business Owner,"72, Butala",Delhi,Delhi,042018,Active,SRC009,0.91,2024-12-21 18:30:12,2024-02-29 18:12:08
P03830,Kabir Mehta,,1975-07-06,Male,Indian,Technician,"118
Ramesh Chowk",Nagpur,Maharashtra,672241,Inactive,SRC028,0.9,2024-06-01 09:11:12,2025-01-14 01:20:19
P03831,Deepak Malhotra,,1974-10-09,Female,Indian,Manager,"38/410, Pandya Zila",Pune,Maharashtra,224924,Under Review,SRC014,0.99,2024-09-04 22:07:43,2026-04-13 19:43:49
P03832,Nandini Joshi,,1959-01-24,Male,Indian,Manager,"15
Goel",Vadodara,Gujarat,209764,Active,SRC016,0.94,2026-03-08 01:23:33,2025-01-11 05:10:47
P03833,Aarav Gupta,,1985-10-22,Male,Indian,Business Owner,"H.No. 59, Menon Zila",Pune,Maharashtra,211724,Inactive,SRC020,0.93,2024-12-06 14:22:48,2025-12-17 02:36:32
P03834,Siddharth Shah,,1997-06-12,Female,Indian,Technician,"20/80, Sachdev Circle",Dewas,Madhya Pradesh,780871,Active,SRC024,0.86,2024-07-13 07:59:25,2024-08-05 21:55:03
P03835,Arjun Deshmukh,,1984-02-07,Female,Indian,Accountant,"32
Dubey Road",Gurugram,Haryana,570365,Active,SRC015,0.83,2025-07-07 08:33:11,2024-12-29 22:40:31
P03836,Siddharth Agarwal,,1967-03-13,Male,Indian,Consultant,"H.No. 727
Dugar",Kota,Rajasthan,469981,Under Review,SRC016,0.93,2026-05-22 11:58:13,2026-05-14 14:20:07
P03837,Rohan Gupta,,1961-03-19,Female,Indian,Technician,"137
Golla Nagar",Kanpur,Uttar Pradesh,167167,Under Review,SRC008,0.96,2024-06-25 00:11:33,2025-04-29 02:38:22
P03838,Rohan Rathore,,1965-05-17,Male,Indian,Consultant,"H.No. 026
Chatterjee Street",Jaipur,Rajasthan,830832,Under Review,SRC003,0.99,2024-01-19 04:30:56,2026-02-02 17:18:52
P03839,Vikram Malhotra,,2004-07-30,Male,Indian,Trader,"H.No. 31, Khanna",Hyderabad,Telangana,153118,Under Review,SRC013,0.87,2025-08-01 01:19:31,2024-08-11 13:52:10
P03840,Vihaan Mishra,,1982-03-29,Male,Indian,Trader,"H.No. 397, Zachariah Street",Indore,Madhya Pradesh,287713,Active,SRC027,0.85,2026-06-08 19:16:07,2026-08-04 20:37:56
P03841,Yash Singh,,1959-10-02,Male,Indian,Student,"876, Bajaj Circle",Gwalior,Madhya Pradesh,077964,Active,SRC011,0.79,2024-06-02 00:46:29,2025-03-24 03:15:52
P03842,Ananya Shah,,1980-12-18,Female,Indian,Consultant,"78/52, Korpal Path",Kanpur,Uttar Pradesh,385413,Inactive,SRC010,0.86,2024-04-29 05:32:33,2025-11-26 17:38:34
P03843,Sneha Shah,,1989-08-26,Female,Indian,Business Owner,"H.No. 85
Parmer Zila",Kanpur,Uttar Pradesh,423344,Active,SRC010,0.92,2024-02-10 07:55:11,2024-12-28 22:24:39
P03844,Neha Joshi,,1986-01-17,Male,Indian,Manager,"H.No. 10
Vohra Circle",Vadodara,Gujarat,171087,Under Review,SRC008,0.83,2024-09-23 01:28:23,2024-11-12 07:48:37
P03845,Rohan Rathore,,1961-10-04,Female,Indian,Student,"H.No. 60
Sen Circle",Gwalior,Madhya Pradesh,547775,Under Review,SRC019,0.98,2024-08-17 19:16:24,2025-05-12 14:45:52
P03846,Nikhil Joshi,,2008-01-14,Male,Indian,Technician,"76/835, Dayal Ganj",Jabalpur,Madhya Pradesh,781101,Active,SRC020,0.97,2026-02-10 16:28:34,2024-05-27 01:44:06
P03847,Ankit Verma,A. Verma,2007-05-16,Male,Indian,Driver,"H.No. 46
Jaggi",Indore,Madhya Pradesh,681516,Under Review,SRC025,0.94,2024-10-06 17:07:21,2024-04-21 18:33:05
P03848,Aditya Joshi,A. Joshi,1989-01-05,Male,Indian,Manager,"H.No. 445
Puri Zila",Kota,Rajasthan,923066,Inactive,SRC007,0.9,2024-03-04 10:34:12,2026-02-20 02:25:10
P03849,Kavya Malhotra,,1989-02-15,Male,Indian,Sales Executive,"48, Gade Road",Bengaluru,Karnataka,246719,Active,SRC028,0.83,2024-07-31 02:57:31,2025-01-07 09:22:15
P03850,Vihaan Tiwari,V. Tiwari,2004-04-05,Male,Indian,Security Guard,"39
Wadhwa Nagar",Lucknow,Uttar Pradesh,535898,Inactive,SRC022,0.98,2024-07-17 06:42:15,2025-12-07 06:39:50
P03851,Sneha Shah,S. Shah,2006-10-26,Female,Indian,Trader,"95/133
Biswas Ganj",Bengaluru,Karnataka,954323,Active,SRC007,0.92,2024-06-27 10:42:12,2025-02-08 02:00:01
P03852,Rahul Mehta,,1968-11-09,Female,Indian,Security Guard,"H.No. 697
Varty Circle",Bhopal,Madhya Pradesh,777204,Active,SRC016,0.92,2024-08-11 18:38:35,2025-07-01 10:56:50
P03853,Deepak Jain,,1983-01-20,Female,Indian,Technician,"88/42, Choudhry Chowk",Kota,Rajasthan,965645,Under Review,SRC014,0.79,2024-12-15 16:08:32,2024-07-31 01:50:31
P03854,Rohan Singh,,1988-03-23,Male,Indian,Sales Executive,"40/34, Sankaran Chowk",Ujjain,Madhya Pradesh,454406,Active,SRC014,0.82,2025-01-17 10:41:05,2026-07-18 12:42:36
P03855,Aditya Bansal,,1987-11-04,Male,Indian,Trader,"532
Gulati Circle",Jaipur,Rajasthan,930801,Inactive,SRC003,0.91,2024-04-05 09:29:01,2025-10-12 12:12:43
P03856,Neha Jain,N. Jain,1985-04-03,Female,Indian,Consultant,"H.No. 398, Badal Ganj",Indore,Madhya Pradesh,005657,Active,SRC023,0.91,2026-05-12 06:01:51,2024-06-08 22:34:03
P03857,Yash Jain,,1968-01-08,Female,Indian,Manager,"16/018
Boase Marg",Kota,Rajasthan,364069,Under Review,SRC003,0.87,2024-11-19 15:30:37,2025-06-10 08:54:46
P03858,Deepak Mishra,D. Mishra,1997-07-20,Male,Indian,Sales Executive,"18/404
Sura Chowk",Nagpur,Maharashtra,503188,Active,SRC026,0.9,2024-10-20 20:05:28,2025-03-23 13:27:22
P03859,Aditya Shah,,1972-08-17,Female,Indian,Sales Executive,"228
Pant Path",Pune,Maharashtra,336602,Under Review,SRC005,0.97,2024-08-05 01:03:33,2024-05-22 20:16:23
P03860,Neha Chauhan,,2003-07-19,Male,Indian,Student,"92, Dalal Zila",Delhi,Delhi,891305,Under Review,SRC008,0.88,2024-03-13 04:38:07,2024-05-30 20:16:46
P03861,Karan Deshmukh,,1962-01-18,Male,Indian,Sales Executive,"H.No. 81, Sharaf Road",Bengaluru,Karnataka,056233,Inactive,SRC006,0.97,2024-02-04 06:07:03,2024-09-05 16:24:38
P03862,Amit Malhotra,,1987-01-30,Female,Indian,Accountant,"88
Lata Path",Nagpur,Maharashtra,464582,Under Review,SRC021,0.87,2025-08-17 00:11:53,2024-09-08 16:58:56
P03863,Ananya Tiwari,,2000-06-26,Male,Indian,Driver,"330
Kapoor Nagar",Kota,Rajasthan,471662,Inactive,SRC026,0.98,2024-08-17 04:59:46,2026-08-28 14:28:32
P03864,Vikram Verma,,1966-09-04,Male,Indian,Technician,"01/281, Mani",Kota,Rajasthan,011295,Under Review,SRC016,0.88,2024-05-10 13:52:29,2025-04-19 22:09:42
P03865,Sneha Joshi,,1994-07-08,Male,Indian,Student,"74/14, Pall Marg",Surat,Gujarat,637070,Under Review,SRC029,0.82,2025-09-06 14:54:51,2026-01-16 11:22:06
P03866,Mohit Bansal,,1969-09-09,Male,Indian,Sales Executive,"751
Keer Road",Gurugram,Haryana,355462,Inactive,SRC019,0.8,2024-05-02 14:50:47,2025-10-24 15:35:49
P03867,Rohan Sharma,,2002-10-13,Male,Indian,Trader,"66
Bhalla Nagar",Nagpur,Maharashtra,490912,Active,SRC004,0.87,2025-01-05 07:47:18,2025-08-13 02:26:00
P03868,Meera Chauhan,,1976-09-19,Male,Indian,Sales Executive,"H.No. 14, Prabhakar Zila",Jaipur,Rajasthan,004896,Active,SRC011,0.89,2024-11-22 02:31:24,2024-01-08 13:50:00
P03869,Aditya Tiwari,A. Tiwari,1970-06-03,Female,Indian,Technician,"H.No. 49
Purohit Path",Indore,Madhya Pradesh,755612,Under Review,SRC020,0.9,2024-08-27 06:39:06,2024-01-17 19:26:09
P03870,Mohit Yadav,,2007-11-01,Male,Indian,Manager,"290
Bakshi Road",Pune,Maharashtra,507629,Inactive,SRC016,0.96,2025-11-29 20:01:09,2024-09-20 00:25:40
P03871,Sanjay Saxena,,1958-11-09,Male,Indian,Consultant,"17/220, Mital",Ujjain,Madhya Pradesh,422082,Under Review,SRC015,0.84,2024-10-16 02:15:55,2026-04-21 11:07:10
P03872,Aditya Mehta,,1961-12-26,Male,Indian,Student,"78
Kakar Chowk",Ujjain,Madhya Pradesh,137230,Inactive,SRC001,0.83,2025-11-29 03:17:39,2025-03-20 14:57:01
P03873,Varun Mishra,,1973-10-02,Female,Indian,Trader,"36/187, Kumar Chowk",Jabalpur,Madhya Pradesh,895352,Inactive,SRC004,0.8,2024-11-08 06:32:01,2024-11-06 04:16:55
P03874,Nikhil Tiwari,,1970-04-05,Male,Indian,Accountant,"H.No. 99
Dar Path",Ahmedabad,Gujarat,414360,Active,SRC001,0.95,2024-10-08 03:07:27,2025-06-16 19:38:12
P03875,Raj Verma,,1964-02-26,Male,Indian,Business Owner,"088
Ravel Road",Vadodara,Gujarat,641442,Under Review,SRC017,0.93,2024-12-18 23:53:04,2026-02-25 10:14:25
P03876,Siddharth Khan,,1992-11-16,Male,Indian,Security Guard,"33/75
Bava Chowk",Nagpur,Maharashtra,550880,Inactive,SRC008,0.98,2026-04-24 11:46:31,2024-07-15 14:56:54
P03877,Sneha Khan,S. Khan,1974-12-31,Female,Indian,Security Guard,"H.No. 45
Nagi Nagar",Gwalior,Madhya Pradesh,965370,Under Review,SRC007,0.8,2026-04-03 11:21:33,2026-06-14 14:46:15
P03878,Neha Yadav,,1981-11-06,Female,Indian,Consultant,"85/68, Munshi Ganj",Pune,Maharashtra,518344,Under Review,SRC012,0.81,2026-08-30 01:23:44,2024-06-26 08:04:10
P03879,Aarav Rathore,A. Rathore,1976-02-25,Female,Indian,Business Owner,"70/142
Nori",Jabalpur,Madhya Pradesh,336936,Under Review,SRC010,0.81,2025-06-13 05:56:04,2024-10-18 01:41:09
P03880,Mohit Malhotra,,1965-07-21,Male,Indian,Trader,"H.No. 045, Venkatesh Road",Ujjain,Madhya Pradesh,460653,Under Review,SRC023,0.87,2026-06-01 07:01:25,2025-09-09 13:22:27
P03881,Meera Gupta,,1968-07-12,Male,Indian,Manager,"63
Dash Road",Jaipur,Rajasthan,605577,Under Review,SRC024,0.85,2026-07-26 07:58:26,2026-04-06 19:59:20
P03882,Sanjay Mehta,S. Mehta,1986-12-29,Female,Indian,Driver,"H.No. 54
Saha Ganj",Indore,Madhya Pradesh,331931,Active,SRC017,0.8,2025-11-10 05:03:06,2025-10-29 13:52:35
P03883,Manish Tiwari,,1994-04-23,Male,Indian,Student,"H.No. 038, Sinha Chowk",Nagpur,Maharashtra,800778,Active,SRC007,0.92,2025-08-08 03:44:22,2026-03-10 13:59:30
P03884,Aarav Gupta,A. Gupta,1962-06-20,Female,Indian,Sales Executive,"70/66
Upadhyay Marg",Kota,Rajasthan,331650,Active,SRC008,0.85,2025-08-04 06:41:26,2024-07-27 00:45:19
P03885,Rohan Bansal,R. Bansal,2003-07-06,Male,Indian,Consultant,"27/249, Chokshi Nagar",Pune,Maharashtra,054393,Under Review,SRC005,0.96,2024-09-28 20:39:27,2026-07-26 01:21:10
P03886,Neha Malhotra,,1984-01-08,Female,Indian,Accountant,"38
Kothari Road",Mumbai,Maharashtra,372580,Under Review,SRC004,0.99,2024-03-28 22:09:42,2026-06-08 03:50:22
P03887,Pooja Shah,,1996-12-21,Male,Indian,Manager,"49/62
Banik Nagar",Jabalpur,Madhya Pradesh,230201,Active,SRC028,0.87,2026-06-07 04:43:24,2025-08-14 21:25:15
P03888,Ankit Jain,,1977-01-11,Female,Indian,Manager,"H.No. 173
Pant Circle",Gwalior,Madhya Pradesh,555051,Inactive,SRC027,0.9,2025-09-01 01:07:35,2024-03-30 11:50:06
P03889,Isha Agarwal,,1993-07-30,Male,Indian,Consultant,"61/426
Devi Marg",Indore,Madhya Pradesh,436770,Inactive,SRC009,0.97,2026-03-15 21:36:03,2025-09-04 10:21:01
P03890,Aditya Sharma,A. Sharma,1993-04-28,Female,Indian,Consultant,"H.No. 800, Ramaswamy Street",Jaipur,Rajasthan,913597,Under Review,SRC015,0.78,2024-09-08 16:04:24,2026-07-16 15:47:02
P03891,Priya Tiwari,,1984-07-01,Female,Indian,Security Guard,"42
Doctor Path",Ahmedabad,Gujarat,531779,Active,SRC004,0.85,2026-06-28 14:59:08,2024-01-07 12:03:56
P03892,Neha Patel,,1997-04-02,Male,Indian,Manager,"565
Kapur Marg",Gurugram,Haryana,734348,Inactive,SRC027,0.93,2025-06-22 08:40:18,2024-03-13 04:21:07
P03893,Varun Sharma,V. Sharma,1960-10-03,Male,Indian,Driver,"H.No. 242, Bora Nagar",Hyderabad,Telangana,776066,Inactive,SRC001,0.85,2026-08-21 23:24:50,2024-05-09 06:19:08
P03894,Aarav Deshmukh,,1991-10-31,Female,Indian,Driver,"87
Misra Road",Kota,Rajasthan,128484,Under Review,SRC024,0.94,2024-06-18 22:23:12,2025-04-15 23:52:44
P03895,Arjun Joshi,,1995-02-21,Female,Indian,Sales Executive,"H.No. 21
Kunda",Dewas,Madhya Pradesh,478913,Under Review,SRC008,0.93,2025-02-24 20:45:08,2024-04-17 17:26:14
P03896,Rohan Tiwari,,1961-03-30,Male,Indian,Trader,"49/89
Borra",Bhopal,Madhya Pradesh,638279,Under Review,SRC015,0.91,2024-10-27 05:02:12,2024-10-25 04:48:44
P03897,Vikram Saxena,,1990-08-01,Female,Indian,Trader,"H.No. 973
Hayre Ganj",Nagpur,Maharashtra,987038,Inactive,SRC006,0.98,2024-06-06 03:41:44,2024-09-23 13:06:58
P03898,Isha Gupta,,1966-05-03,Male,Indian,Driver,"27/049
Kashyap Chowk",Bengaluru,Karnataka,446346,Active,SRC030,0.85,2024-09-10 20:16:38,2024-09-07 13:00:18
P03899,Kabir Joshi,,1979-10-12,Female,Indian,Sales Executive,"13/11
Bobal Nagar",Surat,Gujarat,221815,Inactive,SRC015,0.93,2026-05-09 08:49:40,2025-07-23 02:15:55
P03900,Raj Tiwari,,2005-06-28,Male,Indian,Driver,"368, Sabharwal Circle",Dewas,Madhya Pradesh,088232,Inactive,SRC009,0.89,2024-08-18 18:23:47,2024-12-27 09:48:02
P03901,Aarav Jain,,1961-04-25,Female,Indian,Security Guard,"22/549
Pathak Road",Indore,Madhya Pradesh,031768,Under Review,SRC001,0.93,2025-10-03 06:43:33,2024-02-24 09:55:47
P03902,Siddharth Rathore,,2000-02-28,Female,Indian,Driver,"32/470, Guha Chowk",Gwalior,Madhya Pradesh,814142,Inactive,SRC027,0.97,2026-07-12 00:44:53,2025-03-03 02:05:05
P03903,Kabir Deshmukh,,1980-01-08,Female,Indian,Consultant,"54/517
Hari Ganj",Pune,Maharashtra,165487,Under Review,SRC024,0.86,2025-01-16 12:21:36,2025-03-12 14:22:28
P03904,Meera Khan,,1962-04-12,Female,Indian,Manager,"91/665
Chander Path",Bhopal,Madhya Pradesh,286421,Inactive,SRC015,0.85,2026-01-17 14:38:19,2025-02-26 10:47:40
P03905,Mohit Deshmukh,,2003-02-03,Male,Indian,Driver,"H.No. 472
Dass Street",Bengaluru,Karnataka,531965,Under Review,SRC007,0.94,2024-03-20 03:30:03,2024-10-01 10:24:27
P03906,Siddharth Tiwari,S. Tiwari,1972-06-28,Female,Indian,Technician,"05/40, Venkataraman Nagar",Pune,Maharashtra,380942,Inactive,SRC014,0.98,2024-01-19 11:52:59,2026-08-14 10:31:43
P03907,Deepak Malhotra,,1981-06-12,Male,Indian,Driver,"19/909
Sandhu Chowk",Surat,Gujarat,913118,Inactive,SRC001,0.9,2026-05-10 15:24:59,2024-01-22 10:36:24
P03908,Meera Saxena,,2000-11-01,Male,Indian,Driver,"15/74
Dara",Lucknow,Uttar Pradesh,716567,Inactive,SRC022,0.97,2024-02-17 19:08:54,2025-07-13 18:11:15
P03909,Kabir Khan,,2003-07-16,Male,Indian,Student,"88
Dani Path",Gwalior,Madhya Pradesh,820385,Under Review,SRC017,0.9,2024-05-22 00:19:01,2025-05-16 22:53:48
P03910,Ankit Verma,,1981-07-17,Male,Indian,Consultant,"H.No. 154
Pillai Zila",Indore,Madhya Pradesh,689851,Inactive,SRC014,0.92,2024-04-12 19:58:35,2025-06-22 04:12:57
P03911,Aditya Singh,,1962-04-26,Male,Indian,Business Owner,"78/734
Bhakta Circle",Lucknow,Uttar Pradesh,149667,Under Review,SRC030,0.88,2024-12-30 09:29:52,2025-10-03 01:30:56
P03912,Ankit Patel,,1993-02-26,Female,Indian,Manager,"54/02
Chandra Ganj",Gwalior,Madhya Pradesh,426839,Under Review,SRC005,0.88,2025-09-28 10:14:58,2025-10-14 21:35:54
P03913,Neha Joshi,,1987-08-25,Male,Indian,Accountant,"13
Pandit",Jaipur,Rajasthan,001684,Under Review,SRC022,0.88,2024-12-04 06:07:48,2025-08-31 18:02:12
P03914,Raj Bansal,,1966-04-04,Male,Indian,Security Guard,"02/387
Gulati Circle",Vadodara,Gujarat,381476,Inactive,SRC024,0.91,2026-07-10 20:26:47,2024-02-19 22:49:05
P03915,Raj Deshmukh,,1957-10-20,Male,Indian,Security Guard,"26/292
Palla Street",Lucknow,Uttar Pradesh,376210,Inactive,SRC025,0.83,2025-12-05 17:05:32,2025-06-18 22:04:06
P03916,Siddharth Yadav,,1976-01-05,Male,Indian,Manager,"72/720, Ranganathan Marg",Jaipur,Rajasthan,549059,Active,SRC021,0.78,2025-04-29 07:49:59,2026-07-26 05:44:37
P03917,Vikram Rathore,,1969-12-08,Female,Indian,Consultant,"37/450
Varty Circle",Hyderabad,Telangana,068294,Inactive,SRC015,0.92,2025-05-17 08:58:03,2026-04-12 05:15:36
P03918,Neha Malhotra,,2004-10-01,Male,Indian,Trader,"H.No. 96, Dixit Chowk",Ahmedabad,Gujarat,279191,Inactive,SRC019,0.97,2025-02-21 10:46:37,2026-07-10 18:51:47
P03919,Kabir Mishra,,2006-09-09,Female,Indian,Consultant,"98/004
Dhingra Chowk",Jabalpur,Madhya Pradesh,288823,Under Review,SRC008,0.84,2025-07-16 16:23:21,2025-07-01 07:33:09
P03920,Deepak Saxena,D. Saxena,2001-10-16,Female,Indian,Business Owner,"H.No. 877
Biswas Nagar",Hyderabad,Telangana,242443,Under Review,SRC009,0.83,2024-03-25 21:53:57,2026-06-17 12:47:38
P03921,Siddharth Bansal,,1964-02-11,Female,Indian,Manager,"103, Sodhi Marg",Mumbai,Maharashtra,009254,Under Review,SRC002,0.88,2024-05-23 00:56:36,2024-01-24 07:25:30
P03922,Yash Shah,,1987-09-21,Female,Indian,Trader,"H.No. 818, Khalsa Nagar",Kota,Rajasthan,307148,Under Review,SRC025,0.83,2026-01-31 07:00:21,2025-09-16 20:14:42
P03923,Priya Rathore,,2002-08-13,Male,Indian,Student,"45/082
Parmar Chowk",Surat,Gujarat,858197,Inactive,SRC017,0.84,2024-09-29 13:52:35,2025-06-20 17:43:44
P03924,Sneha Gupta,,1993-06-06,Female,Indian,Accountant,"74
Dugal Circle",Ahmedabad,Gujarat,328642,Active,SRC015,0.92,2026-03-05 14:45:04,2024-01-09 02:16:23
P03925,Arjun Yadav,,1978-06-16,Male,Indian,Accountant,"H.No. 742
Pathak Marg",Delhi,Delhi,066124,Inactive,SRC022,0.79,2024-12-01 15:25:12,2024-03-22 03:50:06
P03926,Neha Sharma,,1979-10-02,Male,Indian,Student,"H.No. 241, Cheema Circle",Gurugram,Haryana,607621,Under Review,SRC006,0.81,2024-01-23 08:31:07,2026-07-01 10:44:03
P03927,Rahul Bansal,,1978-01-22,Male,Indian,Accountant,"21, Madan Marg",Surat,Gujarat,202063,Inactive,SRC019,0.9,2024-03-08 13:23:27,2024-10-30 13:56:41
P03928,Sanjay Singh,,1998-09-27,Male,Indian,Sales Executive,"H.No. 43, Parikh Street",Kanpur,Uttar Pradesh,056864,Active,SRC003,0.94,2024-05-24 01:44:33,2025-07-11 18:08:01
P03929,Rohan Chauhan,,1977-10-02,Female,Indian,Accountant,"72/472, Joshi Chowk",Surat,Gujarat,889706,Inactive,SRC023,0.92,2026-06-08 18:07:45,2024-10-27 08:41:36
P03930,Sanjay Patel,,1977-07-10,Male,Indian,Consultant,"744, Soman Path",Ahmedabad,Gujarat,991673,Under Review,SRC023,0.79,2024-09-30 23:14:56,2024-05-24 03:57:07
P03931,Rohan Singh,,1989-08-23,Female,Indian,Driver,"114
Sheth Nagar",Pune,Maharashtra,366492,Inactive,SRC014,0.95,2026-03-14 14:04:35,2024-01-10 17:24:11
P03932,Sanjay Verma,,1960-08-04,Female,Indian,Technician,"42/71, Lanka Ganj",Hyderabad,Telangana,470649,Inactive,SRC012,0.93,2024-05-10 02:10:32,2026-03-19 14:06:07
P03933,Vihaan Singh,V. Singh,1973-09-17,Male,Indian,Trader,"H.No. 640
Mammen Nagar",Bhopal,Madhya Pradesh,241434,Inactive,SRC003,0.82,2026-02-04 11:01:45,2026-05-22 04:45:07
P03934,Manish Malhotra,,1994-02-01,Female,Indian,Student,"46
Kamdar Marg",Vadodara,Gujarat,180120,Active,SRC025,0.81,2025-01-10 06:00:22,2024-08-22 11:57:36
P03935,Raj Shah,,2005-04-21,Male,Indian,Sales Executive,"H.No. 99
Mahajan Chowk",Pune,Maharashtra,567564,Inactive,SRC022,0.93,2025-01-03 11:05:06,2025-02-14 16:17:48
P03936,Kavya Sharma,,1976-11-26,Female,Indian,Student,"H.No. 91
Mittal Ganj",Kota,Rajasthan,694032,Active,SRC029,0.81,2024-10-20 14:36:55,2024-05-17 23:38:02
P03937,Riya Singh,,1963-04-24,Male,Indian,Technician,"53/244
Dar Street",Kanpur,Uttar Pradesh,610049,Inactive,SRC010,0.84,2025-05-14 19:44:24,2024-11-02 20:56:54
P03938,Raj Saxena,,1989-05-03,Female,Indian,Technician,"H.No. 81, Handa",Pune,Maharashtra,514690,Inactive,SRC011,0.95,2024-11-09 23:17:29,2025-10-10 02:56:37
P03939,Sanjay Shah,S. Shah,1985-01-19,Female,Indian,Accountant,"65, Shankar Ganj",Surat,Gujarat,057834,Under Review,SRC011,0.87,2024-03-29 18:35:33,2025-06-12 06:21:27
P03940,Mohit Rathore,,1983-01-24,Female,Indian,Accountant,"50/35, Pradhan Road",Gurugram,Haryana,364029,Active,SRC021,0.81,2026-05-16 00:01:07,2024-06-19 12:38:14
P03941,Amit Gupta,,1994-10-20,Male,Indian,Consultant,"85/950, Chaudhry Ganj",Hyderabad,Telangana,155959,Under Review,SRC027,0.87,2025-08-20 15:10:03,2026-06-07 12:33:38
P03942,Aarav Bansal,,1976-06-16,Male,Indian,Student,"H.No. 19, Choudhry Chowk",Dewas,Madhya Pradesh,655360,Under Review,SRC013,0.93,2024-04-24 21:26:30,2024-03-24 22:21:16
P03943,Sneha Singh,,1990-08-11,Male,Indian,Sales Executive,"280, Dora Ganj",Kota,Rajasthan,383614,Under Review,SRC006,0.81,2024-09-17 07:01:13,2026-03-15 04:45:00
P03944,Siddharth Yadav,,1993-10-25,Male,Indian,Student,"92, Sahota Zila",Vadodara,Gujarat,148111,Active,SRC015,0.94,2026-04-21 01:06:37,2026-04-16 08:57:58
P03945,Vihaan Mishra,V. Mishra,2003-06-11,Male,Indian,Technician,"72/61
Tak Zila",Delhi,Delhi,702153,Under Review,SRC004,0.82,2025-06-14 08:15:04,2026-01-13 09:01:45
P03946,Vihaan Gupta,,1970-10-19,Female,Indian,Consultant,"559, Ranganathan",Hyderabad,Telangana,313121,Under Review,SRC002,0.88,2024-07-16 10:15:59,2026-04-18 14:25:36
P03947,Yash Rathore,,1997-05-15,Female,Indian,Sales Executive,"H.No. 34, Raghavan Marg",Dewas,Madhya Pradesh,291362,Under Review,SRC003,0.9,2024-03-17 03:44:36,2024-08-08 20:42:55
P03948,Rahul Jain,,1971-09-30,Male,Indian,Manager,"H.No. 601
Saini Road",Pune,Maharashtra,205849,Active,SRC019,0.97,2025-06-26 19:47:56,2024-09-07 19:50:09
P03949,Kavya Deshmukh,K. Deshmukh,1980-09-16,Female,Indian,Accountant,"36/00, Minhas Chowk",Jabalpur,Madhya Pradesh,335333,Active,SRC016,0.8,2026-07-15 11:03:59,2026-06-02 23:21:35
P03950,Kabir Mishra,,1971-09-17,Male,Indian,Sales Executive,"H.No. 18
Aggarwal Nagar",Bhopal,Madhya Pradesh,565825,Under Review,SRC008,0.92,2026-07-21 17:15:51,2024-09-10 20:46:18
P03951,Deepak Malhotra,,1995-04-22,Male,Indian,Technician,"61/23
Verma Path",Dewas,Madhya Pradesh,905073,Inactive,SRC020,0.9,2024-02-10 18:43:50,2025-12-18 17:26:50
P03952,Mohit Tiwari,,1960-10-27,Male,Indian,Security Guard,"48/56, Ram Ganj",Kanpur,Uttar Pradesh,673139,Active,SRC002,0.86,2025-12-21 09:48:24,2025-12-29 09:41:59
P03953,Rohan Khan,,1992-11-07,Male,Indian,Driver,"389
Natt Chowk",Lucknow,Uttar Pradesh,701121,Active,SRC014,0.98,2024-10-06 14:02:14,2026-04-04 19:31:17
P03954,Raj Verma,,1975-12-16,Female,Indian,Technician,"39/42, Garde Chowk",Ahmedabad,Gujarat,881565,Under Review,SRC019,0.85,2025-12-24 02:11:39,2026-01-09 01:35:59
P03955,Isha Malhotra,,1977-02-23,Female,Indian,Business Owner,"H.No. 287
Mody Road",Gurugram,Haryana,706481,Under Review,SRC014,0.97,2024-07-19 02:00:28,2024-11-24 02:42:38
P03956,Karan Yadav,,1984-04-26,Female,Indian,Technician,"92/44, Kata Street",Jabalpur,Madhya Pradesh,068843,Active,SRC012,0.88,2026-01-07 06:05:31,2024-08-29 02:09:55
P03957,Deepak Tiwari,,1998-06-10,Female,Indian,Trader,"H.No. 626
Divan Ganj",Delhi,Delhi,919294,Under Review,SRC029,0.89,2025-04-02 13:26:48,2025-11-10 10:52:00
P03958,Aarav Yadav,,1983-04-15,Female,Indian,Student,"H.No. 54
Saini Path",Indore,Madhya Pradesh,318686,Inactive,SRC016,0.88,2024-12-16 20:35:38,2024-06-27 00:47:47
P03959,Pooja Verma,P. Verma,1988-02-21,Female,Indian,Sales Executive,"12/96
Nagy Road",Kota,Rajasthan,827719,Under Review,SRC010,0.81,2025-12-14 08:37:17,2024-12-04 05:35:43
P03960,Varun Verma,V. Verma,1961-10-13,Male,Indian,Student,"94/13, Mishra Marg",Bengaluru,Karnataka,772911,Under Review,SRC024,0.79,2025-06-11 17:40:17,2026-08-28 11:16:16
P03961,Neha Chauhan,N. Chauhan,2001-09-04,Male,Indian,Business Owner,"14/708, Issac Street",Nagpur,Maharashtra,961725,Inactive,SRC007,0.96,2025-05-13 04:16:48,2025-06-15 06:55:25
P03962,Aditya Bansal,A. Bansal,1992-06-27,Female,Indian,Student,"42/718
Lalla Nagar",Kota,Rajasthan,591289,Under Review,SRC017,0.78,2025-07-04 03:37:58,2024-04-22 18:13:25
P03963,Rahul Mehta,,1963-03-29,Female,Indian,Manager,"H.No. 47
Sampath Path",Jaipur,Rajasthan,651837,Inactive,SRC021,0.79,2024-01-23 23:04:38,2025-03-22 07:54:38
P03964,Deepak Shah,,1993-11-01,Male,Indian,Sales Executive,"12, Bajaj Path",Lucknow,Uttar Pradesh,821203,Inactive,SRC005,0.9,2026-08-10 00:58:19,2026-08-15 09:30:41
P03965,Nikhil Jain,,1983-11-26,Female,Indian,Driver,"79/51, Sankaran",Vadodara,Gujarat,452405,Inactive,SRC026,0.78,2024-12-18 09:35:30,2025-07-05 02:29:38
P03966,Siddharth Deshmukh,,1966-07-13,Female,Indian,Security Guard,"19/98
Murthy Circle",Ujjain,Madhya Pradesh,229297,Active,SRC017,0.87,2025-04-14 13:38:54,2024-02-02 09:12:18
P03967,Nandini Patel,N. Patel,1976-04-13,Female,Indian,Trader,"H.No. 85
Mane Path",Gurugram,Haryana,205487,Active,SRC012,0.82,2026-06-27 04:03:30,2026-03-28 10:38:30
P03968,Mohit Yadav,,2001-12-15,Male,Indian,Trader,"989, Sem Marg",Gwalior,Madhya Pradesh,353706,Inactive,SRC002,0.84,2025-12-27 05:18:19,2024-05-22 04:10:02
P03969,Vikram Mishra,,1960-04-12,Female,Indian,Manager,"19, Parekh Path",Kanpur,Uttar Pradesh,632951,Inactive,SRC015,0.93,2025-01-17 08:58:20,2025-02-06 19:25:10
P03970,Neha Agarwal,N. Agarwal,1961-04-08,Male,Indian,Technician,"67/486
Taneja Ganj",Kota,Rajasthan,703036,Active,SRC003,0.79,2025-01-17 13:22:46,2026-07-18 23:29:08
P03971,Sneha Shah,S. Shah,1984-01-05,Female,Indian,Business Owner,"687, Shan Zila",Indore,Madhya Pradesh,840531,Active,SRC016,0.9,2025-06-01 01:55:13,2025-06-20 18:45:41
P03972,Nikhil Sharma,N. Sharma,1974-08-08,Male,Indian,Sales Executive,"288
Ramakrishnan Chowk",Dewas,Madhya Pradesh,727460,Inactive,SRC022,0.84,2024-01-11 03:55:30,2026-05-03 21:38:02
P03973,Mohit Khan,,1962-04-03,Male,Indian,Business Owner,"82/87
Keer Nagar",Pune,Maharashtra,171994,Active,SRC001,0.99,2025-10-15 09:28:36,2025-11-04 20:13:44
P03974,Kabir Deshmukh,,1980-05-11,Female,Indian,Consultant,"H.No. 097
Sane Nagar",Gurugram,Haryana,407125,Under Review,SRC015,0.92,2024-08-10 13:38:57,2024-10-07 02:39:25
P03975,Neha Joshi,,1978-12-27,Female,Indian,Technician,"H.No. 55, Lad Street",Pune,Maharashtra,278201,Under Review,SRC028,0.94,2024-12-18 03:14:47,2024-03-03 02:49:13
P03976,Deepak Agarwal,,1969-05-09,Male,Indian,Technician,"39/53, Borde Zila",Nagpur,Maharashtra,951522,Active,SRC013,0.92,2026-05-11 01:23:26,2026-08-11 12:39:54
P03977,Priya Deshmukh,,1968-02-17,Male,Indian,Business Owner,"H.No. 896
Srinivasan Nagar",Nagpur,Maharashtra,376670,Inactive,SRC003,0.86,2025-10-01 12:43:24,2025-06-29 12:50:41
P03978,Arjun Saxena,,1960-10-22,Male,Indian,Technician,"05, Saini Nagar",Mumbai,Maharashtra,051183,Active,SRC029,0.97,2024-06-22 04:33:05,2025-12-11 07:36:24
P03979,Rahul Jain,,1958-10-16,Male,Indian,Trader,"44/079, Mahajan Nagar",Delhi,Delhi,893531,Inactive,SRC026,0.94,2025-03-18 05:51:15,2025-12-19 17:34:42
P03980,Isha Shah,,2001-09-29,Male,Indian,Student,"H.No. 552
Mannan Street",Bengaluru,Karnataka,134148,Active,SRC027,0.89,2026-03-12 09:37:48,2024-04-11 04:14:03
P03981,Sanjay Rathore,,1978-10-29,Female,Indian,Consultant,"58, Narang Ganj",Ujjain,Madhya Pradesh,738396,Under Review,SRC022,0.79,2026-02-05 14:04:36,2025-06-15 10:15:30
P03982,Nikhil Bansal,,1978-06-22,Female,Indian,Security Guard,"45/68
Sarna Road",Ahmedabad,Gujarat,931957,Under Review,SRC003,0.84,2025-07-06 06:51:07,2025-07-27 19:48:01
P03983,Siddharth Deshmukh,,1974-07-09,Male,Indian,Technician,"394, Kumer Road",Bhopal,Madhya Pradesh,078457,Under Review,SRC013,0.82,2026-04-14 09:57:33,2025-05-03 15:48:47
P03984,Isha Verma,,1970-06-11,Female,Indian,Technician,"23/077, Mukherjee Zila",Vadodara,Gujarat,502860,Active,SRC019,0.91,2026-03-27 20:44:42,2026-08-29 13:48:52
P03985,Raj Mishra,,1983-07-24,Female,Indian,Accountant,"91
Uppal Nagar",Mumbai,Maharashtra,898137,Inactive,SRC005,0.98,2025-05-28 18:41:18,2024-04-19 12:00:04
P03986,Isha Shah,I. Shah,1959-11-29,Male,Indian,Driver,"H.No. 844
Kumer Road",Gwalior,Madhya Pradesh,325672,Under Review,SRC002,0.97,2024-03-27 23:22:51,2026-03-16 01:23:55
P03987,Varun Saxena,,1993-01-31,Female,Indian,Student,"H.No. 109
Pathak Road",Ujjain,Madhya Pradesh,658216,Under Review,SRC014,0.97,2024-11-28 05:07:23,2024-03-27 02:50:28
P03988,Yash Tiwari,,1998-10-02,Male,Indian,Driver,"00/088, Verma Circle",Surat,Gujarat,641437,Active,SRC012,0.95,2026-05-22 08:22:11,2024-06-10 02:13:24
P03989,Amit Patel,,1966-10-14,Male,Indian,Trader,"H.No. 69
Brar Ganj",Lucknow,Uttar Pradesh,935488,Under Review,SRC023,0.82,2024-03-10 21:50:05,2024-02-13 16:36:49
P03990,Karan Tiwari,,2005-03-02,Male,Indian,Sales Executive,"761, Baria",Indore,Madhya Pradesh,777311,Active,SRC022,0.96,2024-01-10 02:24:54,2024-06-14 09:52:30
P03991,Karan Singh,,2000-03-03,Female,Indian,Sales Executive,"59, Joshi Ganj",Vadodara,Gujarat,851514,Active,SRC011,0.96,2025-07-13 02:07:00,2024-02-08 06:20:06
P03992,Manish Tiwari,,1958-09-09,Female,Indian,Security Guard,"72
Shanker Ganj",Dewas,Madhya Pradesh,188210,Active,SRC023,0.91,2025-03-03 08:56:59,2026-04-12 03:59:51
P03993,Aditya Agarwal,,1996-08-07,Female,Indian,Manager,"H.No. 95, Wason Path",Gurugram,Haryana,042537,Under Review,SRC018,0.84,2026-06-03 09:28:44,2025-01-30 07:39:24
P03994,Manish Chauhan,,1994-03-12,Male,Indian,Trader,"32
Madan Path",Indore,Madhya Pradesh,607028,Active,SRC016,0.93,2025-09-09 02:37:37,2024-07-27 21:54:28
P03995,Nandini Malhotra,,1996-01-19,Male,Indian,Driver,"380
Shah Path",Gurugram,Haryana,216629,Inactive,SRC014,0.8,2025-01-09 01:27:39,2026-05-22 16:55:44
P03996,Kabir Rathore,,1984-04-25,Female,Indian,Technician,"34, Viswanathan Street",Surat,Gujarat,426854,Active,SRC020,0.95,2024-10-09 17:59:46,2026-03-12 15:28:26
P03997,Kabir Mishra,,1989-10-28,Female,Indian,Manager,"89/58
Khare",Delhi,Delhi,191330,Under Review,SRC017,0.92,2026-06-15 06:55:29,2024-10-16 07:31:47
P03998,Deepak Shah,,1962-07-06,Female,Indian,Technician,"485
Krishnamurthy Marg",Kanpur,Uttar Pradesh,044624,Inactive,SRC009,0.85,2024-01-25 02:59:06,2026-01-24 11:18:59
P03999,Karan Yadav,,1992-08-09,Male,Indian,Consultant,"H.No. 631
Raju Marg",Ahmedabad,Gujarat,170003,Active,SRC004,0.97,2024-08-01 00:43:31,2025-07-24 08:48:26
P04000,Nandini Singh,,1970-10-16,Male,Indian,Student,"H.No. 21
Baral Street",Hyderabad,Telangana,605808,Active,SRC023,0.85,2026-01-16 11:34:17,2025-02-11 11:22:52
