phone_id,phone_number_hash,country_code,phone_type,subscriber_person_id,subscriber_organization_id,sim_id,service_provider,activation_date,deactivation_date,status,source_id,confidence_score,created_at,updated_at
PH00001,96876444545,+91,VoIP,,O0077,SIM191840,BSNL,2020-03-26,,Suspended,SRC020,0.93,2025-06-16 18:08:04,2025-07-11 03:55:53
PH00002,93047143595,+91,Landline,P03685,,SIM735452,Airtel,2025-12-25,,Active,SRC030,0.82,2026-03-18 14:14:07,2026-01-19 07:04:40
PH00003,97033546202,+91,Mobile,P02666,,SIM574071,Airtel,2020-10-31,,Active,SRC016,0.8,2025-02-04 10:30:05,2024-02-20 21:59:24
PH00004,97656396707,+91,Mobile,P00153,,SIM598690,Vi,2026-01-02,2026-03-01,Suspended,SRC017,0.83,2025-05-08 01:39:16,2025-10-01 21:54:08
PH00005,98212456456,+91,VoIP,P00521,,SIM436415,Airtel,2023-04-25,2024-09-17,Inactive,SRC017,0.97,2024-08-11 19:02:52,2024-09-10 02:42:17
PH00006,99288765448,+91,Mobile,P02069,,SIM386377,Jio,2023-06-11,2025-05-28,Active,SRC018,0.88,2025-11-15 13:47:22,2025-04-07 12:37:41
PH00007,97031264565,+91,Landline,P02842,,SIM112778,Airtel,2026-04-24,2025-06-11,Suspended,SRC027,0.84,2024-12-29 20:06:44,2025-11-28 14:16:20
PH00008,99319987092,+91,Mobile,P01659,,SIM682436,Jio,2018-11-25,,Inactive,SRC029,0.82,2024-08-20 05:14:03,2025-01-21 15:12:32
PH00009,91141831430,+91,Mobile,,O0474,SIM302548,Vi,2022-12-28,,Active,SRC006,0.84,2025-10-18 02:21:28,2025-08-28 10:41:03
PH00010,98471341753,+91,Mobile,P03989,,SIM668492,Airtel,2023-12-03,,Inactive,SRC005,0.87,2024-04-14 11:14:06,2025-11-10 15:23:26
PH00011,96289563518,+91,Landline,P02769,,SIM423944,Jio,2025-06-15,,Inactive,SRC026,0.89,2024-11-24 10:41:51,2025-06-20 18:13:27
PH00012,92183652756,+91,VoIP,,O0151,SIM662293,Airtel,2025-11-01,,Suspended,SRC001,0.9,2024-05-12 07:06:13,2026-01-09 14:55:50
PH00013,94214131291,+91,VoIP,P03775,,SIM897351,Airtel,2025-07-29,,Inactive,SRC020,0.87,2025-10-06 11:28:42,2024-03-08 07:48:13
PH00014,95574310368,+91,Landline,P02158,,SIM967059,Vi,2022-05-12,2025-08-14,Inactive,SRC027,0.93,2024-11-25 16:14:49,2025-04-22 02:45:36
PH00015,93690443152,+91,Landline,P00272,,SIM437155,Airtel,2021-03-22,2026-03-21,Active,SRC029,0.81,2025-05-08 13:33:42,2025-08-11 04:40:29
PH00016,98444775841,+91,Landline,P00209,,SIM153171,Airtel,2023-06-04,,Suspended,SRC016,0.81,2026-08-02 17:46:15,2024-08-17 04:08:05
PH00017,92073340041,+91,Mobile,P03539,,SIM978947,Vi,2025-04-10,2025-10-14,Suspended,SRC025,0.84,2026-03-26 03:40:38,2026-07-08 20:28:01
PH00018,98835337134,+91,VoIP,P00163,,SIM870335,BSNL,2019-10-13,,Inactive,SRC008,0.98,2024-09-27 03:48:36,2024-10-13 14:00:03
PH00019,93236155692,+91,Mobile,P01196,,SIM511223,Airtel,2019-07-15,,Suspended,SRC021,0.82,2025-04-11 01:11:01,2024-05-09 04:17:30
PH00020,99209332549,+91,Mobile,,O0375,SIM554407,Jio,2023-10-20,,Inactive,SRC023,0.98,2025-05-04 18:56:41,2024-03-07 06:32:10
PH00021,99644631517,+91,VoIP,,O0034,SIM508743,Vi,2024-06-26,,Active,SRC003,0.91,2026-05-06 02:36:06,2024-09-18 22:02:31
PH00022,97040382792,+91,Mobile,P01129,,SIM916451,Jio,2025-12-29,,Inactive,SRC026,0.95,2024-08-09 03:50:26,2026-06-21 18:12:12
PH00023,99481189935,+91,Landline,P03031,,SIM507717,Jio,2022-05-15,,Suspended,SRC015,0.9,2024-05-02 22:31:29,2025-03-12 19:55:41
PH00024,97234016963,+91,VoIP,P00704,,SIM369530,Jio,2020-12-19,,Inactive,SRC028,0.96,2024-05-20 14:49:37,2025-01-15 17:52:11
PH00025,93185477114,+91,Mobile,,O0457,SIM728600,Jio,2021-08-03,,Active,SRC016,0.81,2026-01-29 05:54:36,2026-02-23 11:22:38
PH00026,98745812376,+91,Landline,P01167,,SIM987905,Airtel,2026-08-16,,Active,SRC018,0.96,2025-05-07 21:33:52,2025-09-30 14:59:46
PH00027,97018859215,+91,Mobile,P00451,,SIM709077,Jio,2021-07-04,,Inactive,SRC005,0.97,2026-05-08 20:48:55,2024-02-04 10:14:47
PH00028,99843611577,+91,VoIP,P02629,,SIM712999,Vi,2024-02-15,,Suspended,SRC012,0.98,2026-04-09 21:16:13,2025-12-18 23:16:42
PH00029,96572682879,+91,Landline,P02001,,SIM254303,Jio,2025-01-13,,Active,SRC012,0.92,2026-03-01 01:35:19,2026-02-04 15:13:51
PH00030,99402465408,+91,Landline,P00083,,SIM777998,Jio,2026-06-24,2026-03-12,Active,SRC019,0.93,2024-11-04 05:12:01,2025-03-30 11:42:27
PH00031,92784941397,+91,VoIP,P00636,,SIM102288,Airtel,2026-08-08,,Suspended,SRC028,0.94,2024-01-13 21:34:44,2024-04-17 16:53:46
PH00032,92117292358,+91,VoIP,P00272,,SIM735951,Vi,2023-11-25,,Inactive,SRC004,0.83,2026-07-30 21:45:34,2026-06-25 06:50:22
PH00033,98754521823,+91,VoIP,,O0331,SIM661438,Jio,2021-08-06,,Active,SRC007,0.84,2026-06-07 21:08:45,2024-03-07 19:07:41
PH00034,91855451343,+91,VoIP,P02805,,SIM847628,Airtel,2024-07-19,,Suspended,SRC012,0.88,2024-10-05 19:17:42,2025-09-11 08:17:52
PH00035,95230649241,+91,Landline,P00327,,SIM122559,Airtel,2023-06-25,,Inactive,SRC007,0.99,2024-01-06 10:46:22,2026-05-23 07:07:14
PH00036,92214566897,+91,Mobile,,O0413,SIM581284,BSNL,2024-07-15,,Inactive,SRC018,0.98,2026-02-06 08:29:28,2025-01-04 08:10:24
PH00037,93531378442,+91,Mobile,P02831,,SIM238489,Airtel,2019-03-29,,Inactive,SRC009,0.83,2025-08-31 06:19:57,2026-03-10 15:14:41
PH00038,93835333333,+91,VoIP,P03004,,SIM600656,BSNL,2024-05-18,,Inactive,SRC006,0.95,2026-02-22 09:01:34,2026-07-02 21:10:15
PH00039,95982682452,+91,Landline,P03905,,SIM480717,BSNL,2026-08-10,,Active,SRC016,0.88,2026-07-12 15:16:15,2024-12-26 12:01:26
PH00040,94788696242,+91,Landline,P01043,,SIM329193,Vi,2023-06-01,,Active,SRC003,0.85,2024-12-24 03:26:32,2026-04-11 12:15:20
PH00041,91516572590,+91,Landline,P00094,,SIM172628,Jio,2023-09-01,,Inactive,SRC010,0.86,2024-07-26 08:35:28,2024-03-17 03:31:56
PH00042,91028075413,+91,VoIP,,O0096,SIM700515,Vi,2021-12-20,,Suspended,SRC005,0.95,2026-02-06 17:32:29,2025-04-24 09:25:41
PH00043,92612001173,+91,VoIP,P00510,,SIM422186,BSNL,2025-12-25,,Inactive,SRC001,0.92,2025-12-30 15:10:43,2025-05-19 21:32:11
PH00044,98166091108,+91,VoIP,P02096,,SIM949249,Airtel,2020-07-12,,Active,SRC021,0.84,2024-11-21 07:42:19,2026-03-27 08:33:35
PH00045,97189232342,+91,Mobile,P03440,,SIM726574,Vi,2019-05-06,,Inactive,SRC005,0.87,2025-11-27 16:50:09,2025-12-15 09:51:19
PH00046,91257736932,+91,Mobile,P02033,,SIM949483,Vi,2019-10-07,,Active,SRC022,0.83,2024-02-27 11:17:06,2025-01-19 20:48:49
PH00047,95873580906,+91,VoIP,P03776,,SIM704215,Airtel,2020-09-09,2024-09-26,Suspended,SRC016,0.82,2024-08-05 18:12:32,2025-06-19 17:57:49
PH00048,92736239031,+91,VoIP,P00419,,SIM648176,Jio,2019-07-27,,Active,SRC004,0.93,2025-03-13 07:33:56,2026-02-08 14:00:44
PH00049,99871240245,+91,Mobile,P03546,,SIM503715,Jio,2020-12-15,,Suspended,SRC023,0.92,2025-01-01 03:39:27,2025-08-23 09:45:04
PH00050,99798355510,+91,Mobile,P00485,,SIM860743,BSNL,2025-09-03,,Inactive,SRC028,0.93,2025-11-06 22:43:10,2025-02-28 07:43:26
PH00051,91108393907,+91,Landline,P02095,,SIM699134,Airtel,2025-11-28,,Active,SRC024,0.91,2024-03-19 22:26:26,2026-03-03 05:29:27
PH00052,96305992432,+91,Landline,P03438,,SIM563152,Vi,2026-01-20,,Suspended,SRC011,0.88,2025-03-30 14:16:49,2026-04-22 07:51:53
PH00053,95653071729,+91,Landline,,O0250,SIM212418,Vi,2019-05-19,,Inactive,SRC017,0.91,2024-10-17 10:19:36,2025-02-25 02:18:58
PH00054,91655349715,+91,VoIP,P00966,,SIM374510,BSNL,2024-07-14,,Active,SRC004,0.95,2025-09-27 17:51:28,2024-05-30 03:11:11
PH00055,97927691408,+91,Mobile,,O0052,SIM714919,Airtel,2020-08-26,,Suspended,SRC021,0.83,2026-06-21 09:59:25,2024-12-01 14:53:08
PH00056,99813380695,+91,Mobile,P00804,,SIM551598,Airtel,2019-04-18,,Inactive,SRC017,0.83,2025-07-01 11:04:20,2026-07-03 20:24:40
PH00057,99206031668,+91,Mobile,P03301,,SIM173697,BSNL,2023-09-28,,Suspended,SRC004,0.81,2024-07-20 16:16:03,2025-11-30 18:51:49
PH00058,92909929619,+91,VoIP,P03359,,SIM315695,Airtel,2019-10-14,,Inactive,SRC004,0.87,2025-03-29 12:45:07,2026-04-23 19:26:30
PH00059,98323410328,+91,Landline,P02282,,SIM967238,Airtel,2025-01-26,,Active,SRC004,0.94,2025-12-13 07:46:17,2026-01-09 22:27:45
PH00060,93234091967,+91,VoIP,P03186,,SIM911720,Vi,2023-12-15,,Suspended,SRC009,0.81,2024-03-10 19:05:26,2024-05-10 07:58:09
PH00061,92241759624,+91,Mobile,P03515,,SIM699423,Jio,2022-08-13,2024-09-26,Suspended,SRC018,0.87,2024-06-01 02:18:19,2026-04-25 00:31:05
PH00062,96481023008,+91,VoIP,P00870,,SIM893780,BSNL,2023-02-20,,Inactive,SRC022,0.9,2025-09-30 22:30:21,2024-04-11 05:13:22
PH00063,93858694546,+91,VoIP,P00249,,SIM758735,BSNL,2021-02-24,,Suspended,SRC028,0.87,2025-06-22 19:27:23,2024-07-20 21:15:06
PH00064,94485923516,+91,Mobile,P03594,,SIM999550,Jio,2025-11-23,,Suspended,SRC008,0.88,2025-05-25 19:36:41,2026-04-30 05:12:17
PH00065,93559100256,+91,VoIP,P02150,,SIM704249,BSNL,2023-06-25,,Inactive,SRC030,0.94,2025-06-09 18:18:45,2024-02-15 05:52:59
PH00066,93339746965,+91,Mobile,,O0432,SIM207310,BSNL,2022-05-21,,Inactive,SRC023,0.82,2026-05-13 14:47:16,2026-06-03 14:10:21
PH00067,95592832537,+91,Mobile,P02342,,SIM762337,Jio,2019-09-27,2026-05-02,Active,SRC005,0.93,2026-01-02 07:15:19,2024-04-23 03:06:38
PH00068,92909560725,+91,Landline,P03297,,SIM519557,Airtel,2022-01-10,,Inactive,SRC021,0.95,2025-06-01 01:38:47,2025-11-28 16:52:59
PH00069,95831852294,+91,Landline,P02035,,SIM576314,Jio,2023-06-15,,Suspended,SRC025,0.98,2024-05-22 05:08:40,2025-07-01 14:27:23
PH00070,95353031592,+91,Mobile,P01494,,SIM552727,Airtel,2019-04-12,,Active,SRC029,0.97,2024-06-17 11:31:11,2024-07-02 03:11:09
PH00071,98762999888,+91,Landline,P02770,,SIM825263,BSNL,2021-04-19,2025-02-04,Inactive,SRC014,0.97,2024-02-25 05:27:30,2025-04-03 12:22:31
PH00072,91033299357,+91,Landline,P00455,,SIM539750,Vi,2023-12-26,,Inactive,SRC030,0.85,2024-12-17 03:21:08,2026-03-07 23:34:08
PH00073,95382617973,+91,VoIP,P01033,,SIM391658,Airtel,2023-06-02,,Suspended,SRC007,0.9,2025-01-17 04:19:47,2024-07-22 12:46:58
PH00074,95336399799,+91,VoIP,P02711,,SIM479012,Airtel,2024-08-17,,Suspended,SRC021,0.95,2025-12-11 06:48:32,2025-12-29 04:08:57
PH00075,97693989391,+91,Landline,P00799,,SIM681069,Airtel,2022-03-27,,Active,SRC018,0.91,2024-07-18 06:19:42,2026-06-11 10:05:45
PH00076,91268471564,+91,Landline,P01932,,SIM311096,BSNL,2019-06-02,,Active,SRC023,0.95,2026-03-05 05:28:28,2025-07-08 23:55:06
PH00077,98422550037,+91,Landline,P01767,,SIM300222,Vi,2024-01-03,,Inactive,SRC023,0.93,2024-07-09 06:52:24,2026-07-13 09:51:41
PH00078,92223325765,+91,Mobile,P02289,,SIM894729,Vi,2020-02-01,,Inactive,SRC018,0.97,2025-12-07 12:55:58,2026-04-29 01:18:05
PH00079,99987742677,+91,Mobile,P00027,,SIM950508,Jio,2024-05-17,,Inactive,SRC008,0.82,2025-09-23 08:56:18,2024-08-04 15:36:42
PH00080,99231351234,+91,Mobile,P01339,,SIM745281,BSNL,2024-09-12,2025-09-17,Active,SRC027,0.85,2026-08-30 23:49:21,2024-03-07 23:00:51
PH00081,93870744909,+91,VoIP,P02766,,SIM867379,Airtel,2022-09-25,,Active,SRC007,0.88,2024-06-22 23:05:32,2025-12-08 17:29:17
PH00082,96281774586,+91,VoIP,P00838,,SIM649827,Jio,2023-05-04,,Suspended,SRC006,0.92,2026-04-30 23:17:50,2024-08-26 11:53:21
PH00083,95586244176,+91,VoIP,P02400,,SIM662301,Jio,2019-10-18,,Suspended,SRC011,0.81,2024-09-18 15:41:31,2026-05-01 12:16:00
PH00084,96472566643,+91,Landline,P02000,,SIM239826,Airtel,2018-12-04,,Active,SRC002,0.88,2026-03-08 21:31:52,2026-06-14 02:22:52
PH00085,95458844136,+91,VoIP,P01898,,SIM602122,Jio,2025-06-27,,Active,SRC017,0.97,2024-10-24 11:54:34,2024-10-07 01:16:54
PH00086,97998365236,+91,Landline,P01111,,SIM542500,Airtel,2022-12-03,,Suspended,SRC015,0.89,2025-06-07 15:49:00,2025-09-26 12:45:37
PH00087,91174972955,+91,Mobile,P03617,,SIM980862,Jio,2023-02-04,,Inactive,SRC014,0.96,2026-07-27 13:13:00,2026-02-25 04:38:43
PH00088,94849418325,+91,VoIP,,O0304,SIM617095,BSNL,2026-01-17,,Inactive,SRC015,0.91,2024-06-15 21:02:46,2026-01-31 03:32:44
PH00089,91929801524,+91,Mobile,P01835,,SIM628662,Jio,2021-10-15,,Inactive,SRC024,0.81,2026-05-13 07:41:55,2024-04-27 06:01:14
PH00090,94716731674,+91,Landline,P01730,,SIM485336,BSNL,2020-03-17,,Active,SRC019,0.8,2026-06-03 22:28:40,2024-09-11 03:18:31
PH00091,91318377349,+91,Mobile,P00549,,SIM964743,BSNL,2022-09-20,,Suspended,SRC003,0.91,2024-04-09 14:13:16,2025-12-08 03:48:01
PH00092,99077313502,+91,Mobile,P00124,,SIM745655,Vi,2024-11-27,,Suspended,SRC011,0.99,2025-05-22 10:43:30,2026-01-24 07:52:45
PH00093,92085552170,+91,Landline,P03148,,SIM684510,Vi,2020-11-11,,Suspended,SRC021,0.85,2026-05-24 07:52:43,2024-07-26 10:21:13
PH00094,98413150072,+91,VoIP,P00855,,SIM633272,Jio,2024-02-28,,Inactive,SRC007,0.94,2026-08-27 23:25:35,2026-06-21 13:27:49
PH00095,96248432865,+91,Landline,P01490,,SIM982567,Vi,2024-08-09,,Suspended,SRC027,0.95,2025-06-02 07:54:59,2024-07-15 10:54:44
PH00096,93318091500,+91,Mobile,P02815,,SIM594002,Airtel,2025-08-31,,Inactive,SRC012,0.81,2024-02-29 18:14:52,2024-01-04 17:21:25
PH00097,93866621039,+91,Landline,P02730,,SIM576811,Vi,2021-12-27,2024-09-16,Inactive,SRC028,0.85,2026-07-13 02:08:10,2024-06-13 10:17:22
PH00098,95861182904,+91,VoIP,P01538,,SIM701706,Jio,2019-02-14,,Suspended,SRC027,0.81,2024-02-06 06:48:45,2025-04-02 00:51:01
PH00099,93065300289,+91,Landline,P00747,,SIM295046,Airtel,2021-04-22,,Inactive,SRC028,0.96,2026-02-06 21:50:52,2025-05-03 00:06:02
PH00100,99206652204,+91,Mobile,P00571,,SIM898955,BSNL,2020-09-25,,Inactive,SRC004,0.87,2025-03-17 10:33:33,2024-08-31 02:55:14
PH00101,94583013366,+91,Landline,P03100,,SIM651054,Jio,2026-08-16,,Suspended,SRC004,0.81,2024-08-31 12:39:39,2025-02-13 17:38:37
PH00102,92377316682,+91,Mobile,P01221,,SIM429286,BSNL,2025-07-31,2026-06-05,Suspended,SRC007,0.87,2026-01-20 00:10:18,2025-04-30 15:09:56
PH00103,96747066173,+91,VoIP,P03076,,SIM930658,BSNL,2024-02-20,,Inactive,SRC010,0.8,2025-02-21 23:09:57,2025-02-12 07:20:03
PH00104,97738773664,+91,VoIP,P02394,,SIM675266,Vi,2020-01-23,,Inactive,SRC006,0.83,2024-01-25 02:16:34,2025-03-17 11:12:43
PH00105,91362099808,+91,Mobile,P02548,,SIM811585,BSNL,2025-10-26,,Inactive,SRC011,0.98,2024-12-10 18:30:59,2026-01-29 17:33:23
PH00106,94554005171,+91,Mobile,P03127,,SIM288217,Jio,2024-03-01,,Suspended,SRC024,0.88,2025-09-08 16:11:45,2024-04-07 11:42:28
PH00107,91810473300,+91,Mobile,P00667,,SIM417982,Airtel,2020-11-22,,Suspended,SRC010,0.83,2025-07-28 23:44:04,2024-02-18 11:52:04
PH00108,95336218955,+91,Mobile,P01905,,SIM647295,Vi,2019-04-23,,Inactive,SRC002,0.99,2025-05-09 19:57:31,2025-09-06 12:30:17
PH00109,95886831524,+91,Landline,P01977,,SIM120988,Airtel,2024-11-04,,Active,SRC028,0.8,2026-02-19 04:48:50,2024-05-16 14:55:04
PH00110,99105456108,+91,Landline,P03038,,SIM251860,Jio,2018-12-04,2025-11-14,Active,SRC006,0.87,2026-08-21 14:19:29,2025-12-25 01:30:06
PH00111,96905582779,+91,Mobile,P02709,,SIM203829,Jio,2022-05-05,,Active,SRC024,0.97,2025-03-03 17:04:19,2024-10-23 05:21:28
PH00112,97396820645,+91,VoIP,P02311,,SIM458133,Airtel,2019-11-23,,Inactive,SRC004,0.92,2024-08-19 11:21:10,2025-10-04 20:44:10
PH00113,92818572538,+91,Mobile,,O0455,SIM646201,Airtel,2020-08-13,,Suspended,SRC016,0.92,2026-03-16 18:43:36,2025-09-06 12:56:13
PH00114,95365804202,+91,Landline,P00873,,SIM247487,BSNL,2020-01-10,,Active,SRC004,0.89,2025-07-11 08:23:00,2026-06-02 10:28:08
PH00115,97347276230,+91,Landline,P01910,,SIM573366,Vi,2018-12-14,,Suspended,SRC003,0.99,2024-12-01 22:28:12,2024-07-25 21:29:40
PH00116,95821334778,+91,Landline,P03298,,SIM300570,BSNL,2019-02-15,,Suspended,SRC001,0.93,2024-01-18 02:56:07,2024-11-30 07:55:57
PH00117,93405564861,+91,Mobile,P01710,,SIM284120,Jio,2023-12-06,,Suspended,SRC001,0.98,2024-08-15 17:34:41,2024-02-24 16:33:52
PH00118,97853395947,+91,VoIP,P03842,,SIM160358,Vi,2020-03-06,,Inactive,SRC020,0.86,2026-01-16 20:15:43,2026-05-24 05:59:07
PH00119,94845908360,+91,VoIP,P01184,,SIM666582,Vi,2024-09-28,2025-12-27,Active,SRC026,0.89,2025-07-25 01:31:19,2024-05-10 08:24:24
PH00120,93462439379,+91,Mobile,P03272,,SIM421963,Jio,2023-04-17,,Active,SRC017,0.92,2024-01-05 09:35:19,2024-01-01 20:46:12
PH00121,98602734138,+91,Mobile,P02401,,SIM847788,Vi,2024-12-14,,Active,SRC026,0.95,2025-07-21 12:58:56,2026-04-01 04:57:19
PH00122,97659288069,+91,Mobile,P03491,,SIM245577,Airtel,2022-02-25,,Inactive,SRC008,0.95,2025-10-01 02:02:12,2026-01-05 09:44:19
PH00123,97383130992,+91,VoIP,P00816,,SIM249560,Vi,2026-08-06,,Active,SRC017,0.82,2025-03-20 10:16:58,2025-06-28 13:49:09
PH00124,97869448814,+91,Landline,P01939,,SIM946819,BSNL,2022-02-18,,Active,SRC026,0.96,2026-05-22 00:28:06,2026-04-30 09:00:01
PH00125,99289047625,+91,Mobile,P00128,,SIM298007,Jio,2023-03-22,2025-09-06,Inactive,SRC021,0.96,2025-11-09 07:35:31,2024-07-23 21:44:44
PH00126,94315743127,+91,Mobile,P01018,,SIM890272,Airtel,2019-12-09,2024-12-13,Active,SRC025,0.83,2024-02-18 12:51:36,2025-04-11 15:27:27
PH00127,99625348670,+91,Mobile,P01855,,SIM263686,Airtel,2024-10-25,,Suspended,SRC020,0.94,2024-08-30 05:46:37,2025-07-11 18:23:33
PH00128,92863273706,+91,Mobile,P02778,,SIM765879,Vi,2019-05-19,,Inactive,SRC028,0.94,2026-04-12 22:25:06,2025-11-25 03:16:39
PH00129,97546589928,+91,Mobile,P03428,,SIM125351,BSNL,2024-01-03,,Suspended,SRC023,0.89,2025-03-05 15:27:42,2026-08-02 23:01:43
PH00130,92448449241,+91,Mobile,P01893,,SIM353993,BSNL,2026-04-11,,Suspended,SRC016,0.89,2024-12-07 03:19:55,2024-12-23 15:53:50
PH00131,92269300407,+91,Mobile,,O0375,SIM563722,Vi,2022-05-22,,Suspended,SRC016,0.83,2024-10-30 10:39:22,2025-10-10 01:53:30
PH00132,98401082862,+91,VoIP,P02948,,SIM829837,Airtel,2025-12-07,,Active,SRC015,0.98,2024-04-02 00:58:48,2025-09-07 00:52:49
PH00133,94901498776,+91,VoIP,P03412,,SIM661186,BSNL,2020-03-13,,Active,SRC019,0.99,2026-05-31 02:41:36,2024-08-31 00:17:01
PH00134,97333127341,+91,Landline,P02349,,SIM445102,Airtel,2022-03-25,,Inactive,SRC021,0.84,2025-10-15 11:47:42,2024-03-05 14:16:21
PH00135,95398630836,+91,Mobile,P03642,,SIM135512,Airtel,2024-06-24,,Active,SRC028,0.87,2025-01-29 21:11:23,2025-02-28 14:50:25
PH00136,91338217164,+91,Landline,P01550,,SIM733281,Airtel,2021-10-09,,Suspended,SRC002,0.85,2026-03-30 16:43:19,2024-02-08 11:52:59
PH00137,99895016495,+91,Mobile,P00954,,SIM830476,BSNL,2025-10-02,,Suspended,SRC001,0.95,2024-12-31 17:37:54,2024-07-03 09:32:08
PH00138,92934739649,+91,Landline,P01341,,SIM653324,BSNL,2026-02-25,,Suspended,SRC008,0.81,2026-07-31 10:47:00,2025-09-13 03:16:43
PH00139,94924153565,+91,VoIP,P00160,,SIM465602,Vi,2022-09-07,,Inactive,SRC025,0.89,2025-09-30 12:47:30,2026-08-10 11:19:21
PH00140,93384884192,+91,VoIP,P02114,,SIM621182,Jio,2021-02-26,,Inactive,SRC016,0.86,2024-08-31 15:48:03,2024-10-05 08:37:23
PH00141,98603225903,+91,VoIP,P00092,,SIM291449,Airtel,2024-11-14,,Inactive,SRC007,0.84,2025-12-17 06:53:08,2024-09-15 12:22:38
PH00142,91628818879,+91,Mobile,P01625,,SIM826504,Vi,2021-06-22,,Inactive,SRC005,0.98,2024-05-18 23:28:30,2025-09-27 03:10:33
PH00143,92984593158,+91,Landline,P00206,,SIM526025,Airtel,2024-11-13,,Suspended,SRC023,0.87,2026-03-29 10:04:06,2025-12-25 12:39:59
PH00144,97532935843,+91,Mobile,P01391,,SIM487398,Airtel,2022-03-12,,Inactive,SRC007,0.91,2025-09-02 11:33:32,2026-05-16 15:50:26
PH00145,97408087161,+91,Mobile,,O0276,SIM240268,Vi,2026-07-28,,Inactive,SRC019,0.81,2025-01-15 17:29:19,2024-08-08 21:56:15
PH00146,92090753948,+91,Landline,P03532,,SIM891611,Airtel,2023-02-24,,Inactive,SRC009,0.86,2025-04-27 07:18:01,2024-05-17 10:47:11
PH00147,96619015644,+91,VoIP,P01029,,SIM655525,BSNL,2025-02-05,,Suspended,SRC008,0.92,2025-01-17 01:58:55,2026-05-06 02:48:46
PH00148,97439194934,+91,VoIP,P03589,,SIM891883,BSNL,2025-02-01,,Suspended,SRC001,0.95,2026-08-21 04:15:34,2024-12-04 19:35:21
PH00149,91534170812,+91,Landline,P01387,,SIM209611,BSNL,2021-02-02,,Inactive,SRC012,0.86,2025-12-30 04:08:58,2024-09-12 13:49:15
PH00150,96597870614,+91,Mobile,P01751,,SIM240007,Airtel,2019-01-09,,Inactive,SRC022,0.86,2024-05-27 14:56:04,2024-07-21 13:03:40
PH00151,97210493228,+91,Landline,P00622,,SIM611069,BSNL,2025-09-05,2026-03-21,Inactive,SRC012,0.9,2026-05-14 07:15:47,2025-11-16 00:50:09
PH00152,96458944744,+91,Landline,P01227,,SIM975194,BSNL,2024-05-16,,Active,SRC013,0.93,2026-07-07 11:30:28,2025-05-02 22:13:36
PH00153,93891209862,+91,Landline,P01671,,SIM676308,BSNL,2023-04-25,,Active,SRC027,0.85,2025-09-09 13:43:17,2024-02-05 09:29:56
PH00154,97415006055,+91,Landline,P02549,,SIM605332,Vi,2026-08-10,,Suspended,SRC012,0.97,2026-04-05 08:20:31,2026-03-24 14:45:32
PH00155,96010657233,+91,Mobile,P03230,,SIM885760,Jio,2019-01-13,,Suspended,SRC012,0.88,2024-03-19 14:08:58,2024-05-24 08:30:38
PH00156,95128124692,+91,VoIP,,O0411,SIM247600,BSNL,2021-02-12,,Active,SRC021,0.84,2026-06-03 20:57:28,2025-03-20 08:06:03
PH00157,93357499765,+91,VoIP,P02791,,SIM379169,BSNL,2021-10-22,,Suspended,SRC008,0.97,2025-03-21 14:20:20,2025-03-28 23:52:58
PH00158,94136025923,+91,Mobile,P02389,,SIM755664,BSNL,2024-06-04,,Suspended,SRC006,0.93,2024-11-07 02:20:02,2026-07-03 06:48:11
PH00159,95759639787,+91,Mobile,P03466,,SIM339612,Vi,2021-08-18,,Active,SRC007,0.93,2025-09-10 10:24:28,2024-06-21 17:44:04
PH00160,92346039795,+91,Landline,P02146,,SIM957810,Jio,2023-09-20,,Active,SRC003,0.95,2026-04-15 02:57:50,2024-02-22 12:08:53
PH00161,99371409109,+91,Mobile,P02023,,SIM538070,Vi,2021-11-21,,Active,SRC015,0.98,2025-07-26 12:44:54,2026-01-11 04:39:33
PH00162,97288707544,+91,Mobile,P01271,,SIM221215,Vi,2026-05-18,,Suspended,SRC010,0.91,2024-01-08 07:47:05,2025-05-27 11:09:58
PH00163,94299542463,+91,VoIP,P01957,,SIM418171,Jio,2020-01-04,,Active,SRC003,0.96,2026-06-19 03:14:49,2024-07-06 12:22:00
PH00164,91391165359,+91,Landline,P00579,,SIM121858,BSNL,2020-09-02,,Inactive,SRC016,0.9,2024-01-05 07:59:54,2024-10-02 04:41:27
PH00165,99580083905,+91,Landline,P00416,,SIM470506,Airtel,2022-06-30,,Active,SRC015,0.84,2026-06-28 19:19:41,2026-01-09 08:01:01
PH00166,96590467481,+91,Landline,P03298,,SIM126350,Airtel,2026-08-06,,Inactive,SRC015,0.89,2025-07-06 21:39:12,2026-07-01 11:16:02
PH00167,97053558665,+91,Mobile,P01010,,SIM383211,Vi,2023-02-08,,Inactive,SRC026,0.94,2024-09-05 19:16:29,2025-03-12 17:09:32
PH00168,93371782677,+91,Mobile,P03410,,SIM579801,Airtel,2024-11-29,,Suspended,SRC028,0.93,2024-09-15 19:04:02,2025-07-14 06:09:20
PH00169,92564631912,+91,Mobile,P03696,,SIM100978,BSNL,2022-02-25,2025-07-27,Inactive,SRC011,0.86,2025-09-16 00:28:52,2024-08-24 03:33:52
PH00170,91241831080,+91,Landline,P02043,,SIM597691,Vi,2023-08-31,,Inactive,SRC002,0.96,2025-05-26 08:12:54,2026-03-16 16:57:42
PH00171,93228312580,+91,VoIP,P00544,,SIM581125,Jio,2023-01-16,,Active,SRC030,0.99,2024-09-09 19:28:59,2026-03-27 18:41:41
PH00172,97609178003,+91,Mobile,P00804,,SIM136899,Jio,2025-06-23,,Active,SRC002,0.82,2025-04-08 22:56:18,2025-12-07 09:25:29
PH00173,93726099141,+91,Landline,P03083,,SIM683574,Jio,2022-10-13,,Suspended,SRC011,0.88,2024-08-03 02:37:33,2024-06-13 08:47:21
PH00174,92751677446,+91,VoIP,P02183,,SIM792015,Vi,2019-05-20,,Inactive,SRC005,0.97,2024-02-14 04:08:21,2026-01-26 05:24:02
PH00175,96418381704,+91,Landline,P00434,,SIM395258,BSNL,2023-01-23,,Suspended,SRC012,0.89,2025-06-12 03:28:25,2025-06-05 05:14:03
PH00176,93329409774,+91,VoIP,P00689,,SIM438236,BSNL,2025-07-26,,Suspended,SRC029,0.97,2026-03-28 13:54:29,2026-02-02 12:14:16
PH00177,91996234975,+91,Landline,P02483,,SIM493391,Airtel,2019-10-19,,Active,SRC020,0.87,2025-07-01 03:54:20,2026-03-13 17:40:01
PH00178,97678479197,+91,Mobile,P03133,,SIM203986,Airtel,2025-10-17,,Inactive,SRC020,0.95,2026-05-18 09:25:17,2026-02-26 20:04:32
PH00179,97496347209,+91,VoIP,P01690,,SIM696471,BSNL,2023-12-16,2025-08-23,Inactive,SRC023,0.84,2025-01-31 16:04:37,2026-07-13 05:34:22
PH00180,96851792151,+91,VoIP,P02984,,SIM645929,Jio,2024-02-20,,Suspended,SRC011,0.94,2025-07-07 17:23:38,2025-06-10 21:21:39
PH00181,97169591409,+91,Mobile,P01672,,SIM224206,BSNL,2019-04-02,2026-02-17,Active,SRC023,0.92,2025-02-25 02:38:45,2024-01-15 19:22:26
PH00182,98807388439,+91,VoIP,P01950,,SIM382011,Jio,2019-07-21,,Inactive,SRC030,0.82,2025-12-13 20:00:20,2024-07-24 15:39:39
PH00183,92307438664,+91,VoIP,P01166,,SIM105036,Airtel,2026-05-15,,Active,SRC012,0.9,2024-10-21 19:14:08,2025-08-21 11:41:54
PH00184,99523214943,+91,VoIP,P03436,,SIM599661,Jio,2025-04-17,,Active,SRC012,0.83,2024-06-06 13:55:29,2024-12-11 05:08:29
PH00185,99480112379,+91,Mobile,P02976,,SIM796547,Airtel,2020-12-09,,Active,SRC014,0.93,2025-09-25 09:23:00,2024-01-29 04:14:23
PH00186,95918741250,+91,Mobile,P01630,,SIM748775,Jio,2019-02-15,2024-09-23,Inactive,SRC024,0.92,2024-12-22 22:29:30,2024-06-25 12:54:32
PH00187,95173645460,+91,Mobile,P01653,,SIM748286,Jio,2020-07-27,,Inactive,SRC030,0.88,2024-01-14 19:05:55,2024-02-28 21:15:38
PH00188,93617562494,+91,VoIP,P01542,,SIM289474,Airtel,2019-07-06,,Active,SRC014,0.89,2025-12-08 23:07:20,2024-05-07 11:29:16
PH00189,98284361406,+91,VoIP,,O0205,SIM367995,Jio,2022-04-06,,Suspended,SRC024,0.89,2024-01-26 09:19:32,2026-07-09 10:14:41
PH00190,94306438182,+91,Mobile,P00368,,SIM985721,Airtel,2025-06-12,2024-12-27,Active,SRC006,0.82,2024-04-07 15:29:41,2025-08-14 01:15:35
PH00191,97393107666,+91,VoIP,P00276,,SIM809775,Jio,2024-11-17,,Active,SRC018,0.91,2026-06-19 19:03:45,2024-01-03 00:14:23
PH00192,94530783448,+91,VoIP,P00994,,SIM846465,Vi,2025-09-03,,Active,SRC011,0.86,2024-06-01 21:30:46,2024-07-24 11:44:31
PH00193,94358871487,+91,Landline,P01023,,SIM918841,BSNL,2026-07-11,,Active,SRC019,0.94,2024-08-21 09:26:55,2026-01-23 04:17:39
PH00194,98929027336,+91,Landline,,O0381,SIM237988,BSNL,2020-08-14,,Active,SRC017,0.98,2026-01-14 00:13:18,2025-07-06 08:35:38
PH00195,91115993340,+91,Mobile,P00715,,SIM964191,Airtel,2019-01-04,,Active,SRC021,0.95,2024-07-04 01:53:26,2025-07-22 21:21:09
PH00196,99015825103,+91,Mobile,P02989,,SIM754448,Airtel,2022-12-31,,Active,SRC015,0.93,2024-04-04 15:58:05,2024-03-23 16:13:21
PH00197,92673154546,+91,Mobile,P01020,,SIM345606,Airtel,2026-08-20,,Active,SRC018,0.91,2025-04-13 01:11:10,2025-02-14 17:39:43
PH00198,97192138206,+91,Mobile,P02588,,SIM821722,Vi,2018-09-24,,Suspended,SRC022,0.86,2025-03-28 14:27:07,2026-04-30 07:31:38
PH00199,92494905482,+91,Landline,P00619,,SIM579209,Jio,2023-11-18,,Active,SRC028,0.93,2024-04-15 22:18:42,2024-11-18 11:20:05
PH00200,99659099265,+91,Mobile,P03349,,SIM349789,Jio,2021-08-11,,Inactive,SRC010,0.86,2024-07-27 04:09:40,2024-03-03 05:34:01
PH00201,94017206102,+91,Landline,P00041,,SIM808781,Airtel,2024-01-31,,Inactive,SRC018,0.84,2024-10-06 02:19:26,2024-03-25 01:47:38
PH00202,93972924208,+91,VoIP,,O0097,SIM544169,Vi,2020-09-11,,Suspended,SRC001,0.82,2024-10-06 19:26:59,2026-06-11 11:31:08
PH00203,97465185218,+91,VoIP,,O0037,SIM924483,Airtel,2024-09-07,,Inactive,SRC011,0.91,2025-06-12 08:23:56,2024-03-22 12:23:30
PH00204,93901089090,+91,Mobile,P01012,,SIM506272,BSNL,2025-08-09,2024-11-15,Suspended,SRC019,0.81,2024-02-13 19:27:50,2025-05-25 20:33:10
PH00205,96514793951,+91,VoIP,P00832,,SIM873241,Jio,2019-02-04,,Active,SRC013,0.87,2025-05-29 17:41:26,2025-02-12 09:17:04
PH00206,96630921258,+91,Mobile,P00460,,SIM532644,BSNL,2023-06-17,,Inactive,SRC028,0.81,2025-07-03 15:41:47,2026-05-11 13:20:40
PH00207,97183858252,+91,Mobile,P02239,,SIM604789,Vi,2021-12-10,2025-12-10,Suspended,SRC007,0.9,2025-03-23 07:25:36,2026-08-25 04:09:37
PH00208,98257054670,+91,VoIP,P02438,,SIM158005,BSNL,2024-09-14,,Suspended,SRC010,0.92,2026-01-19 03:57:46,2026-01-30 16:38:03
PH00209,99659612453,+91,VoIP,P02202,,SIM743301,Airtel,2019-05-23,,Suspended,SRC017,0.83,2024-05-30 00:53:04,2024-08-11 23:37:40
PH00210,92596500927,+91,VoIP,P03206,,SIM416062,Airtel,2021-05-16,,Active,SRC011,0.88,2024-08-27 01:20:12,2026-02-15 22:10:02
PH00211,92960332109,+91,Landline,P03942,,SIM951299,Airtel,2021-10-24,,Inactive,SRC013,0.87,2025-07-11 16:52:03,2025-07-08 22:48:49
PH00212,94999961674,+91,Landline,P03692,,SIM354639,Jio,2023-07-26,,Inactive,SRC004,0.8,2025-10-15 14:30:06,2025-06-18 18:29:41
PH00213,97987519196,+91,VoIP,P01101,,SIM121212,Vi,2020-10-19,,Active,SRC004,0.97,2024-01-10 03:55:31,2026-06-30 05:22:59
PH00214,91014043229,+91,VoIP,P01400,,SIM942980,BSNL,2018-10-31,,Inactive,SRC028,0.88,2026-02-23 11:51:24,2026-05-01 10:42:01
PH00215,99173271850,+91,Landline,P01711,,SIM939212,Airtel,2024-09-22,,Inactive,SRC019,0.85,2024-02-13 21:31:29,2026-04-12 10:06:37
PH00216,92128722116,+91,Landline,P02993,,SIM983528,BSNL,2026-06-16,,Active,SRC019,0.89,2024-06-20 02:27:15,2024-10-14 15:41:11
PH00217,92215808103,+91,VoIP,P03257,,SIM441147,Jio,2025-06-22,,Suspended,SRC023,0.86,2026-03-25 22:15:19,2024-10-12 10:24:20
PH00218,98534003393,+91,Landline,P02015,,SIM441827,Jio,2023-06-03,,Inactive,SRC014,0.93,2025-08-07 03:21:20,2024-04-01 07:03:28
PH00219,92700478682,+91,Mobile,P00866,,SIM293711,Vi,2022-07-09,,Suspended,SRC016,0.91,2025-03-27 14:43:02,2025-11-23 09:09:09
PH00220,93121041934,+91,Landline,,O0156,SIM902289,Airtel,2024-04-23,,Inactive,SRC005,0.9,2024-06-22 03:09:47,2025-10-25 04:58:58
PH00221,93156709122,+91,VoIP,P03725,,SIM818838,Airtel,2022-04-21,2024-12-30,Active,SRC010,0.84,2024-03-14 00:00:08,2025-07-20 17:03:41
PH00222,99753521502,+91,Mobile,P02930,,SIM466331,Airtel,2025-07-04,,Suspended,SRC005,0.95,2025-11-06 09:03:30,2024-12-23 22:03:04
PH00223,93679139811,+91,Landline,P02832,,SIM269558,BSNL,2019-10-28,,Suspended,SRC002,0.9,2024-05-28 16:00:55,2026-08-28 21:33:53
PH00224,92356939257,+91,Landline,P03626,,SIM495467,BSNL,2022-02-27,,Suspended,SRC019,0.98,2026-03-18 01:29:57,2024-10-24 10:01:18
PH00225,98509968973,+91,VoIP,P02066,,SIM138775,BSNL,2019-04-24,,Active,SRC008,0.82,2024-05-31 09:43:02,2025-01-09 21:55:47
PH00226,93692103989,+91,Landline,P00497,,SIM776959,Airtel,2022-08-21,,Inactive,SRC020,0.9,2025-11-17 23:25:08,2025-10-05 10:36:01
PH00227,91601113419,+91,Mobile,P03636,,SIM997357,Airtel,2019-06-29,2026-07-23,Suspended,SRC030,0.95,2024-03-12 02:06:17,2024-01-26 12:56:01
PH00228,96633407890,+91,Mobile,P03985,,SIM195595,BSNL,2022-07-06,,Inactive,SRC010,0.91,2024-08-21 02:00:10,2025-12-06 10:17:30
PH00229,99879101363,+91,Mobile,P03051,,SIM562516,Jio,2025-02-21,,Inactive,SRC021,0.93,2025-09-15 22:59:07,2026-08-10 20:12:34
PH00230,96121328003,+91,Mobile,P00292,,SIM370190,Vi,2021-08-07,2024-12-30,Suspended,SRC022,0.92,2026-02-12 10:06:59,2024-02-14 07:09:03
PH00231,91938169253,+91,Mobile,,O0278,SIM258468,Jio,2021-08-08,,Suspended,SRC004,0.93,2026-07-17 07:52:33,2025-05-04 14:26:06
PH00232,95465603857,+91,VoIP,P03310,,SIM208986,Vi,2026-01-26,,Active,SRC001,0.99,2025-05-17 18:17:11,2024-07-06 11:22:32
PH00233,92854739500,+91,Landline,,O0066,SIM499227,Vi,2019-09-16,,Inactive,SRC024,0.97,2024-09-30 23:37:49,2025-01-19 19:09:18
PH00234,97119594995,+91,Mobile,P03437,,SIM153985,Vi,2021-06-26,,Suspended,SRC023,0.85,2025-07-08 06:50:16,2024-12-24 13:37:03
PH00235,94766041907,+91,Landline,P00423,,SIM919392,Airtel,2018-09-16,,Active,SRC029,0.9,2024-12-24 10:02:02,2024-05-09 10:01:10
PH00236,98922785508,+91,Landline,P00452,,SIM946761,Vi,2023-07-26,,Suspended,SRC016,0.83,2024-05-07 04:37:59,2026-05-26 05:29:08
PH00237,95960260535,+91,VoIP,P03060,,SIM437269,BSNL,2025-05-13,,Suspended,SRC012,0.92,2024-05-30 05:52:30,2025-08-01 05:56:18
PH00238,91940246473,+91,Landline,P03992,,SIM468776,Airtel,2019-10-25,,Inactive,SRC026,0.9,2026-02-20 03:50:43,2025-09-21 06:42:26
PH00239,99969624976,+91,Landline,P00849,,SIM217217,BSNL,2020-07-01,,Inactive,SRC024,0.88,2024-02-24 03:19:44,2025-04-08 03:47:26
PH00240,94229945446,+91,VoIP,P02302,,SIM758802,Airtel,2023-07-28,,Inactive,SRC014,0.9,2025-08-18 01:02:47,2024-06-06 11:17:42
PH00241,97745465374,+91,Landline,P01351,,SIM982956,Jio,2019-01-23,,Inactive,SRC024,0.85,2024-08-13 14:56:28,2025-09-06 21:47:00
PH00242,98109715619,+91,Mobile,P02043,,SIM208981,Airtel,2023-08-31,,Active,SRC014,0.83,2024-07-09 17:24:24,2026-03-17 21:54:49
PH00243,97829437656,+91,Landline,P02898,,SIM587687,Airtel,2020-05-25,,Active,SRC010,0.87,2026-07-01 16:56:35,2024-06-05 07:24:53
PH00244,97440340177,+91,Mobile,P01597,,SIM209771,Vi,2024-07-26,,Active,SRC022,0.84,2024-09-09 04:59:37,2026-06-16 06:51:25
PH00245,98995234013,+91,Mobile,P03082,,SIM170299,Vi,2020-06-07,2025-03-20,Inactive,SRC004,0.87,2024-12-28 15:41:14,2024-05-25 05:11:05
PH00246,97263787174,+91,VoIP,P02367,,SIM967153,Jio,2023-02-20,,Suspended,SRC009,0.86,2025-01-12 13:48:26,2024-04-20 22:08:00
PH00247,97945366914,+91,Mobile,P02853,,SIM376218,Jio,2022-09-24,2025-08-13,Inactive,SRC015,0.96,2025-01-28 08:22:40,2025-08-29 18:53:54
PH00248,92209022473,+91,Mobile,P02082,,SIM498912,Vi,2022-08-06,,Inactive,SRC028,0.97,2024-11-30 20:22:19,2025-07-04 03:41:26
PH00249,91748618854,+91,Landline,,O0070,SIM525399,BSNL,2022-09-23,,Suspended,SRC002,0.86,2025-08-08 19:45:59,2025-01-04 22:54:19
PH00250,97485792325,+91,Landline,P00489,,SIM453687,Airtel,2019-04-25,,Inactive,SRC003,0.96,2025-04-06 17:39:58,2025-09-29 18:16:39
PH00251,93426194564,+91,VoIP,P01920,,SIM842930,Vi,2025-04-12,,Active,SRC006,0.88,2026-03-13 02:51:59,2025-02-27 04:08:41
PH00252,94440873885,+91,Landline,,O0408,SIM429326,Vi,2019-12-20,2024-11-30,Active,SRC002,0.93,2025-03-09 07:09:49,2024-10-14 22:05:55
PH00253,97567874619,+91,Mobile,P03450,,SIM941604,Jio,2022-08-24,,Suspended,SRC014,0.92,2025-09-25 20:07:22,2024-04-27 04:59:18
PH00254,98457594871,+91,VoIP,P01415,,SIM358249,Airtel,2022-12-30,2025-04-18,Inactive,SRC002,0.95,2024-11-26 17:14:19,2024-07-12 02:05:23
PH00255,94736976948,+91,Landline,P00601,,SIM189297,Airtel,2022-12-26,,Suspended,SRC018,0.83,2026-08-30 08:41:20,2024-09-25 16:00:34
PH00256,92761639548,+91,Mobile,P03186,,SIM120583,BSNL,2019-12-08,,Inactive,SRC030,0.83,2025-09-29 10:40:47,2026-07-29 16:23:15
PH00257,95494792441,+91,Landline,,O0154,SIM907290,Vi,2020-12-19,,Suspended,SRC024,0.94,2026-05-25 14:11:02,2025-04-11 06:20:21
PH00258,93180575643,+91,Mobile,P03603,,SIM392436,Airtel,2021-06-19,,Suspended,SRC003,0.83,2024-12-26 22:33:11,2024-03-27 11:51:55
PH00259,97287108496,+91,VoIP,P00893,,SIM958631,Airtel,2019-06-29,,Suspended,SRC020,0.99,2025-01-21 14:16:10,2025-02-21 22:02:22
PH00260,93020435986,+91,Landline,P00776,,SIM245298,BSNL,2023-06-30,,Active,SRC009,0.8,2026-04-22 12:10:44,2025-03-22 09:55:14
PH00261,99836287146,+91,Landline,P03411,,SIM672544,Jio,2021-12-10,,Suspended,SRC021,0.87,2025-07-05 22:40:06,2024-07-11 21:38:38
PH00262,96573865705,+91,Mobile,P03625,,SIM491962,Vi,2022-02-23,,Suspended,SRC028,0.97,2024-04-17 12:01:56,2025-03-23 05:24:59
PH00263,92161385183,+91,Landline,P02875,,SIM776441,Airtel,2025-07-19,,Suspended,SRC010,0.87,2024-05-23 04:12:23,2025-09-09 19:58:53
PH00264,92010098549,+91,Mobile,P02096,,SIM983498,Jio,2019-06-24,,Inactive,SRC003,0.96,2024-12-13 18:05:38,2026-02-04 19:24:46
PH00265,91802241598,+91,VoIP,,O0281,SIM225545,Vi,2020-05-10,,Active,SRC009,0.91,2026-03-02 10:15:29,2025-06-09 23:51:18
PH00266,92064536520,+91,Landline,P01470,,SIM564212,Airtel,2023-12-24,,Suspended,SRC028,0.85,2026-03-28 10:33:15,2024-08-13 22:53:36
PH00267,97056539436,+91,VoIP,P00133,,SIM650445,Jio,2025-02-12,,Suspended,SRC026,0.97,2024-03-10 15:54:04,2024-11-08 01:18:08
PH00268,93964215136,+91,VoIP,P02828,,SIM863102,Jio,2020-12-12,,Suspended,SRC016,0.95,2026-05-18 01:18:40,2025-02-21 18:19:40
PH00269,97236294698,+91,VoIP,P01152,,SIM646319,Airtel,2019-01-17,2025-08-07,Inactive,SRC013,0.87,2025-02-23 16:53:09,2026-06-17 04:06:49
PH00270,94285945322,+91,VoIP,P02749,,SIM273470,Airtel,2026-03-11,,Inactive,SRC030,0.93,2025-09-16 22:34:36,2024-01-25 05:11:15
PH00271,97322802002,+91,Landline,P03711,,SIM609316,Airtel,2024-04-17,,Inactive,SRC006,0.91,2025-04-04 20:31:40,2026-03-05 15:16:22
PH00272,95554492534,+91,Landline,P03719,,SIM140883,Airtel,2022-10-22,,Suspended,SRC003,0.93,2024-10-30 15:23:24,2025-08-06 20:30:44
PH00273,99030402623,+91,Mobile,P01062,,SIM506012,Airtel,2022-08-19,,Active,SRC003,0.97,2025-03-22 12:57:44,2024-10-28 00:44:39
PH00274,92613318874,+91,Mobile,P01226,,SIM176266,Vi,2021-05-15,,Active,SRC024,0.83,2026-08-11 11:49:43,2024-09-25 08:47:55
PH00275,98022597564,+91,VoIP,P02675,,SIM568156,Airtel,2024-12-30,,Suspended,SRC009,0.94,2024-06-19 16:24:29,2024-08-16 20:33:52
PH00276,91445046378,+91,VoIP,P02683,,SIM447220,Jio,2026-02-01,,Active,SRC006,0.92,2024-10-02 06:11:44,2026-07-11 13:01:44
PH00277,91714686964,+91,VoIP,P02585,,SIM836043,Jio,2026-07-22,,Inactive,SRC003,0.83,2025-04-07 18:10:12,2025-11-20 18:23:05
PH00278,99139362438,+91,VoIP,,O0080,SIM342650,Vi,2021-07-05,,Suspended,SRC016,0.95,2025-11-19 16:59:34,2026-03-11 21:36:31
PH00279,93236520365,+91,Landline,P02542,,SIM434888,BSNL,2021-08-25,,Active,SRC017,0.81,2025-05-01 20:27:48,2025-07-02 01:21:11
PH00280,97668593019,+91,Landline,P01386,,SIM538811,Airtel,2022-01-10,,Inactive,SRC027,0.87,2024-03-22 02:29:23,2026-01-19 00:35:08
PH00281,92543817205,+91,Landline,P03023,,SIM100795,BSNL,2025-05-18,,Suspended,SRC004,0.94,2025-12-21 20:10:28,2024-11-30 01:38:15
PH00282,98634100201,+91,VoIP,P00035,,SIM265308,Jio,2021-05-25,,Inactive,SRC006,0.92,2025-08-12 16:25:28,2024-06-23 00:24:38
PH00283,94988688739,+91,VoIP,P00533,,SIM294812,Airtel,2019-04-05,,Inactive,SRC024,0.95,2024-10-19 22:04:52,2024-07-12 05:34:49
PH00284,96587092351,+91,Landline,P02210,,SIM177855,BSNL,2026-01-03,,Inactive,SRC010,0.85,2025-11-18 17:49:45,2026-03-03 22:39:12
PH00285,98321946844,+91,Landline,P01616,,SIM989448,Vi,2026-01-20,,Active,SRC004,0.92,2025-04-01 19:23:35,2025-06-14 22:08:10
PH00286,96583089718,+91,VoIP,P02926,,SIM778834,BSNL,2025-08-22,2024-11-30,Suspended,SRC020,0.96,2024-03-13 17:44:29,2024-05-06 08:55:56
PH00287,97751005556,+91,Mobile,P01411,,SIM565304,Jio,2023-10-05,,Active,SRC018,0.99,2025-08-08 12:44:41,2025-06-11 01:06:29
PH00288,98196475889,+91,Landline,P01568,,SIM282591,Airtel,2020-07-08,,Inactive,SRC004,0.9,2026-01-13 16:20:48,2025-07-14 15:02:25
PH00289,94540093524,+91,VoIP,P02611,,SIM981070,Vi,2020-06-01,,Active,SRC015,0.82,2024-02-25 19:56:10,2026-04-15 19:02:56
PH00290,99098482976,+91,VoIP,,O0368,SIM648467,Airtel,2020-08-11,,Suspended,SRC013,0.94,2026-06-06 05:38:07,2024-07-13 17:22:21
PH00291,98420287119,+91,Landline,P00108,,SIM157653,BSNL,2019-11-03,,Suspended,SRC015,0.86,2025-10-18 06:59:58,2025-07-29 10:41:04
PH00292,95612971432,+91,VoIP,P00594,,SIM109359,BSNL,2024-07-03,,Inactive,SRC027,0.86,2025-09-10 18:38:07,2025-10-03 19:09:57
PH00293,91859182408,+91,VoIP,P02096,,SIM756752,Jio,2025-06-12,,Suspended,SRC022,0.99,2024-02-23 06:06:58,2026-07-13 12:11:13
PH00294,99386149133,+91,Mobile,P01765,,SIM984792,BSNL,2020-12-14,2025-03-31,Active,SRC030,0.84,2024-09-02 17:16:11,2025-08-20 02:30:49
PH00295,93518395912,+91,Mobile,P03508,,SIM432084,Vi,2023-08-26,2024-12-11,Suspended,SRC014,0.87,2026-03-31 05:31:27,2025-02-19 18:49:20
PH00296,97657174569,+91,VoIP,P00593,,SIM217861,Vi,2025-01-13,,Suspended,SRC010,0.96,2026-08-19 03:22:24,2024-09-18 15:13:04
PH00297,91158247555,+91,Landline,P03307,,SIM953012,BSNL,2024-09-16,,Suspended,SRC010,0.88,2025-11-06 04:22:58,2025-01-29 13:57:22
PH00298,98208172658,+91,Mobile,P01894,,SIM878749,BSNL,2022-08-20,2025-01-09,Inactive,SRC003,0.9,2026-06-21 19:36:59,2024-11-01 21:25:49
PH00299,95518086710,+91,VoIP,P01721,,SIM805900,Jio,2022-12-02,,Suspended,SRC030,0.84,2026-03-30 06:42:36,2025-04-11 09:38:36
PH00300,91623400430,+91,VoIP,P03153,,SIM130956,Airtel,2021-04-12,,Suspended,SRC026,0.9,2025-03-20 00:14:02,2025-05-15 18:49:57
PH00301,91313904544,+91,Landline,P03409,,SIM609374,Airtel,2024-01-30,,Active,SRC019,0.88,2024-06-21 23:05:43,2024-11-28 08:15:29
PH00302,97107303271,+91,Landline,,O0276,SIM461606,Jio,2024-05-26,,Inactive,SRC007,0.88,2025-06-11 15:21:27,2026-01-07 00:41:04
PH00303,95263637550,+91,Mobile,P01874,,SIM754351,Airtel,2020-06-27,,Suspended,SRC020,0.82,2024-07-11 15:38:40,2024-09-21 17:55:29
PH00304,99393306818,+91,VoIP,P02231,,SIM434758,Jio,2023-04-20,,Active,SRC001,0.9,2026-01-31 20:19:29,2025-04-22 13:31:20
PH00305,98842420248,+91,Mobile,P00871,,SIM207879,Vi,2021-06-24,,Inactive,SRC030,0.82,2026-06-07 13:46:16,2024-11-12 12:07:56
PH00306,93096110749,+91,Mobile,P03922,,SIM266925,Airtel,2022-04-17,,Suspended,SRC020,0.81,2025-10-17 05:21:15,2024-02-29 19:26:12
PH00307,94812437132,+91,Landline,P01253,,SIM380729,Vi,2025-02-01,,Suspended,SRC013,0.88,2025-07-24 19:40:55,2025-11-23 17:10:49
PH00308,98986529553,+91,Mobile,,O0372,SIM662169,Jio,2022-01-01,,Active,SRC016,0.86,2025-04-14 03:04:10,2026-06-22 03:39:18
PH00309,95969690219,+91,Landline,P03467,,SIM486809,Vi,2024-12-07,2026-04-16,Inactive,SRC020,0.84,2026-04-09 08:10:28,2025-12-24 09:24:18
PH00310,91224108868,+91,VoIP,P02746,,SIM258161,Vi,2026-05-05,,Inactive,SRC012,0.92,2026-08-07 08:32:06,2025-02-27 18:34:23
PH00311,98004113912,+91,Mobile,P02523,,SIM357996,BSNL,2023-07-15,,Suspended,SRC003,0.91,2026-07-27 19:40:27,2024-12-03 13:00:32
PH00312,92991967919,+91,VoIP,P03553,,SIM577912,Jio,2022-07-21,,Active,SRC017,0.95,2025-06-25 05:57:21,2026-02-19 01:23:16
PH00313,97182259302,+91,Mobile,P00203,,SIM327485,Vi,2023-04-29,,Active,SRC018,0.98,2024-10-30 07:51:28,2025-06-15 06:10:03
PH00314,96476793243,+91,Mobile,P03624,,SIM942032,Vi,2024-02-21,,Inactive,SRC006,0.92,2026-06-04 07:32:37,2024-07-15 06:28:28
PH00315,95868464244,+91,Landline,P01903,,SIM770627,BSNL,2023-06-15,,Active,SRC026,0.92,2024-11-25 18:02:19,2025-07-11 10:06:12
PH00316,94192072356,+91,VoIP,P01834,,SIM135362,Jio,2022-05-24,,Suspended,SRC005,0.99,2024-11-23 08:33:59,2026-08-16 15:54:21
PH00317,99439658470,+91,VoIP,P00815,,SIM970546,Airtel,2026-07-04,,Suspended,SRC024,0.97,2025-12-08 07:14:47,2024-03-12 05:27:46
PH00318,98158651296,+91,Mobile,P02187,,SIM497943,BSNL,2023-02-22,,Active,SRC013,0.87,2024-07-04 07:08:05,2024-10-03 03:34:31
PH00319,97007745535,+91,Mobile,P03855,,SIM185529,Vi,2018-10-30,2026-01-31,Active,SRC008,0.86,2026-01-08 10:48:48,2025-02-15 06:26:25
PH00320,99829877759,+91,VoIP,P00422,,SIM806293,Jio,2018-10-01,,Suspended,SRC001,0.87,2024-08-06 03:29:00,2026-08-15 15:54:52
PH00321,97371859282,+91,VoIP,P03120,,SIM936027,Airtel,2022-11-11,,Active,SRC014,0.8,2026-03-20 20:05:49,2025-09-11 11:22:30
PH00322,94679393139,+91,VoIP,P01120,,SIM136077,Jio,2019-01-31,2025-03-02,Inactive,SRC008,0.94,2024-03-03 02:19:32,2024-02-09 13:10:31
PH00323,96342137602,+91,VoIP,P00959,,SIM835928,Jio,2019-10-16,,Suspended,SRC020,0.94,2024-03-30 18:33:56,2025-07-06 08:09:00
PH00324,92945222814,+91,Mobile,P02160,,SIM704466,Jio,2019-10-18,,Active,SRC022,0.8,2026-06-22 19:47:59,2026-03-14 23:26:34
PH00325,94802611762,+91,Landline,P02514,,SIM446525,Jio,2025-06-16,,Active,SRC001,0.85,2024-03-18 13:17:50,2026-08-20 13:29:50
PH00326,92402880711,+91,Landline,P00417,,SIM594673,Jio,2024-04-25,,Active,SRC011,0.9,2025-02-13 20:16:26,2024-05-13 15:35:23
PH00327,94891624728,+91,Mobile,P01986,,SIM110373,Jio,2022-02-13,,Inactive,SRC011,0.98,2025-09-27 22:08:09,2025-04-09 01:26:24
PH00328,94806477212,+91,VoIP,P02674,,SIM669972,BSNL,2025-06-27,2026-05-10,Suspended,SRC001,0.97,2026-04-25 17:32:00,2026-01-02 08:31:05
PH00329,94996077648,+91,VoIP,P01331,,SIM735146,Vi,2022-08-19,,Active,SRC012,0.87,2025-11-26 17:31:19,2025-06-29 11:34:27
PH00330,96140359604,+91,VoIP,P03288,,SIM279434,Airtel,2020-08-27,,Active,SRC030,0.83,2024-05-04 18:38:51,2026-06-06 02:25:41
PH00331,91031203158,+91,Landline,P03258,,SIM640390,Airtel,2020-05-30,,Active,SRC007,0.88,2025-02-01 16:55:23,2024-04-20 08:07:10
PH00332,93489524042,+91,Landline,P00554,,SIM962138,BSNL,2026-03-23,2026-02-12,Inactive,SRC010,0.89,2025-09-02 14:34:20,2025-03-13 15:23:09
PH00333,99641290083,+91,VoIP,P00942,,SIM855999,Jio,2020-07-13,,Active,SRC027,0.94,2025-05-14 00:17:34,2026-07-03 15:29:04
PH00334,93389186204,+91,VoIP,,O0370,SIM976398,BSNL,2019-05-24,,Inactive,SRC016,0.9,2024-04-27 19:38:41,2026-07-07 22:43:12
PH00335,96145641479,+91,VoIP,P03799,,SIM782243,Airtel,2020-08-02,,Inactive,SRC022,0.95,2026-08-15 08:36:22,2025-06-19 17:53:33
PH00336,92956721897,+91,Mobile,P00898,,SIM811839,Jio,2020-03-03,,Suspended,SRC002,0.84,2025-02-28 12:59:03,2025-04-07 10:55:58
PH00337,94726115397,+91,Mobile,P01634,,SIM510722,Airtel,2026-07-27,,Inactive,SRC001,0.88,2026-02-19 19:19:55,2025-03-14 03:31:49
PH00338,92606466282,+91,Mobile,P00904,,SIM514282,Airtel,2020-08-02,,Suspended,SRC022,0.95,2025-01-22 08:49:26,2025-12-17 21:54:22
PH00339,98900264672,+91,Landline,P03680,,SIM813489,BSNL,2021-11-03,,Active,SRC014,0.95,2025-11-09 13:27:24,2025-04-15 02:24:26
PH00340,94625615969,+91,Mobile,P03637,,SIM356915,Vi,2023-03-04,,Active,SRC026,0.88,2025-05-19 15:42:35,2024-01-09 09:21:40
PH00341,92014812132,+91,Mobile,P00692,,SIM520956,Airtel,2025-10-11,2026-01-12,Inactive,SRC005,0.92,2024-10-27 04:15:12,2025-03-29 21:02:49
PH00342,91060512248,+91,VoIP,P00533,,SIM850644,BSNL,2026-07-20,,Active,SRC001,0.95,2026-06-05 17:53:56,2025-04-16 11:02:34
PH00343,98313633642,+91,Mobile,P02480,,SIM702684,BSNL,2024-04-30,,Inactive,SRC028,0.96,2024-06-24 05:29:17,2025-09-07 02:57:27
PH00344,98007827470,+91,Landline,P01468,,SIM876274,Vi,2022-10-20,,Suspended,SRC017,0.93,2026-01-21 11:12:55,2025-07-31 10:26:53
PH00345,91275107738,+91,Mobile,P01810,,SIM333001,Airtel,2019-02-08,2026-06-30,Active,SRC026,0.91,2026-07-15 00:27:32,2026-03-26 08:33:39
PH00346,91715879823,+91,Mobile,P02950,,SIM671286,Vi,2026-01-07,,Active,SRC005,0.82,2025-11-09 09:08:05,2024-01-05 00:57:52
PH00347,99853202305,+91,Mobile,P03394,,SIM403373,Airtel,2022-09-21,,Inactive,SRC001,0.84,2025-07-06 01:01:32,2025-09-03 03:17:45
PH00348,99597427540,+91,Landline,P02443,,SIM628128,BSNL,2019-02-22,,Active,SRC006,0.8,2025-03-24 18:55:55,2026-01-15 09:14:34
PH00349,91215676126,+91,VoIP,P00628,,SIM280592,Vi,2023-06-07,,Suspended,SRC007,0.82,2024-03-08 04:34:52,2026-08-21 20:05:15
PH00350,91696252754,+91,VoIP,,O0004,SIM926368,Jio,2024-10-12,,Suspended,SRC016,0.85,2026-01-12 17:05:08,2024-12-13 13:40:12
PH00351,92054799243,+91,Landline,P03488,,SIM339046,Vi,2022-11-18,,Active,SRC016,0.88,2024-07-30 13:26:20,2026-08-02 23:21:53
PH00352,99415097178,+91,Landline,P03014,,SIM901566,Airtel,2021-07-13,2025-03-10,Suspended,SRC006,0.86,2024-10-31 11:02:05,2025-01-31 06:01:23
PH00353,97902952966,+91,Landline,P01001,,SIM609378,Vi,2024-03-06,,Active,SRC008,0.98,2024-11-22 21:14:11,2024-05-25 17:41:14
PH00354,94749546516,+91,Mobile,P00600,,SIM623169,Vi,2018-10-15,,Suspended,SRC010,0.81,2024-06-25 14:57:51,2024-04-10 06:55:59
PH00355,98885602659,+91,Mobile,P00287,,SIM206587,Airtel,2019-06-30,,Suspended,SRC016,0.93,2026-07-31 21:31:56,2024-07-27 21:32:57
PH00356,97924731372,+91,Mobile,P03962,,SIM844824,Airtel,2024-02-07,,Inactive,SRC004,0.9,2025-09-15 19:15:15,2024-06-19 11:04:52
PH00357,99101227587,+91,Mobile,P03637,,SIM930571,Vi,2026-05-02,,Active,SRC017,0.8,2025-08-21 18:25:39,2025-02-06 02:33:48
PH00358,92441538622,+91,Mobile,P03187,,SIM259354,Jio,2025-01-03,,Inactive,SRC021,0.82,2026-03-07 23:53:00,2024-04-03 13:49:01
PH00359,98301383492,+91,VoIP,P02271,,SIM197471,Vi,2024-07-09,,Inactive,SRC009,0.9,2026-01-12 00:16:23,2025-01-31 16:16:55
PH00360,94589220951,+91,Mobile,P00130,,SIM642873,BSNL,2025-11-15,,Suspended,SRC012,0.94,2024-04-22 20:25:36,2024-05-11 13:14:50
PH00361,97514457589,+91,Mobile,P02245,,SIM928112,Airtel,2023-02-15,,Inactive,SRC020,0.85,2025-03-01 21:51:19,2026-02-22 19:14:56
PH00362,95591758346,+91,VoIP,P03280,,SIM666919,Jio,2020-08-05,2026-02-18,Suspended,SRC003,0.84,2025-10-18 15:18:35,2024-07-30 13:19:16
PH00363,99466044632,+91,Mobile,P00836,,SIM249761,Vi,2025-06-17,,Inactive,SRC025,0.83,2026-06-26 10:44:42,2026-07-19 18:22:52
PH00364,92767591582,+91,Landline,P01491,,SIM797839,BSNL,2018-11-14,,Active,SRC027,0.95,2025-06-19 02:31:28,2026-03-14 07:08:07
PH00365,93060608407,+91,Landline,P02701,,SIM394179,Vi,2022-09-20,,Suspended,SRC022,0.84,2025-03-30 23:38:56,2025-12-05 00:23:24
PH00366,96489898478,+91,Mobile,P01448,,SIM571628,Airtel,2024-05-21,,Inactive,SRC002,0.88,2026-08-30 20:14:20,2025-02-06 15:44:16
PH00367,96543385557,+91,VoIP,P03868,,SIM813994,Jio,2022-02-11,,Suspended,SRC016,0.86,2025-07-24 01:39:56,2026-06-06 12:46:34
PH00368,93936086173,+91,Landline,P00260,,SIM131353,Airtel,2023-05-25,,Inactive,SRC030,0.92,2025-08-23 15:23:48,2024-04-29 10:43:15
PH00369,99213240373,+91,Mobile,P03996,,SIM212846,Jio,2023-04-04,,Inactive,SRC017,0.81,2025-07-02 10:38:03,2025-02-12 19:57:22
PH00370,91834717285,+91,Landline,P03181,,SIM805927,BSNL,2021-01-11,,Suspended,SRC029,0.9,2025-05-22 14:32:55,2026-07-16 14:26:56
PH00371,95161054913,+91,Landline,P03169,,SIM650600,Vi,2024-11-29,,Suspended,SRC010,0.87,2024-04-24 20:51:23,2026-02-07 20:05:49
PH00372,92125905772,+91,VoIP,,O0169,SIM171408,Airtel,2023-06-29,,Suspended,SRC006,0.98,2025-04-23 23:14:59,2026-08-06 06:26:48
PH00373,95548908470,+91,VoIP,P03905,,SIM186340,Airtel,2019-04-26,,Active,SRC026,0.94,2025-12-05 22:44:17,2025-01-20 05:15:46
PH00374,97976198192,+91,Mobile,P00650,,SIM820954,Jio,2024-09-08,,Inactive,SRC015,0.9,2025-06-26 15:06:06,2025-03-20 18:40:39
PH00375,97788423485,+91,Landline,P03271,,SIM438808,BSNL,2020-05-04,,Inactive,SRC023,0.87,2024-12-15 12:00:14,2024-02-14 10:54:58
PH00376,97685625004,+91,Mobile,P03642,,SIM571745,BSNL,2018-10-29,,Suspended,SRC017,0.87,2024-01-04 21:16:23,2025-11-16 06:31:13
PH00377,94976078714,+91,Mobile,P01822,,SIM907443,BSNL,2020-01-22,,Inactive,SRC023,0.9,2024-04-20 09:44:28,2025-12-09 00:14:48
PH00378,92905466693,+91,Landline,P02998,,SIM308684,Airtel,2021-04-30,,Suspended,SRC027,0.89,2025-07-21 23:46:25,2025-09-09 07:14:54
PH00379,98338142001,+91,Landline,,O0079,SIM856392,Airtel,2024-07-04,,Inactive,SRC024,0.9,2024-08-31 10:22:09,2024-11-30 09:30:54
PH00380,93643489939,+91,Landline,P00269,,SIM423517,Jio,2024-08-15,,Inactive,SRC005,0.81,2025-06-01 23:05:56,2025-02-22 11:17:27
PH00381,95419011523,+91,Landline,,O0423,SIM759726,Vi,2023-04-12,,Inactive,SRC006,0.94,2024-03-28 23:21:07,2026-03-24 23:47:10
PH00382,94353376814,+91,Landline,P02625,,SIM460243,Jio,2022-12-29,,Active,SRC022,0.96,2025-10-06 22:04:54,2024-01-27 08:39:01
PH00383,95655531479,+91,Mobile,P02799,,SIM185789,Vi,2023-08-24,,Inactive,SRC028,0.96,2025-04-03 14:17:53,2024-06-26 09:50:54
PH00384,95798331617,+91,Mobile,,O0176,SIM420808,Airtel,2018-12-13,,Active,SRC012,0.81,2025-01-26 03:54:10,2025-05-26 09:56:54
PH00385,93525617666,+91,Mobile,P02978,,SIM465584,Jio,2024-08-20,,Inactive,SRC023,0.95,2024-03-02 02:35:48,2026-08-06 14:30:59
PH00386,94271724627,+91,VoIP,P01243,,SIM669793,Airtel,2022-05-17,,Inactive,SRC005,0.9,2026-04-18 21:01:47,2025-05-07 16:33:10
PH00387,95196679702,+91,Landline,P03530,,SIM163654,BSNL,2024-11-24,,Inactive,SRC021,0.94,2026-03-14 16:22:25,2024-04-16 05:53:45
PH00388,98869606676,+91,Landline,P02460,,SIM405616,Airtel,2020-02-06,,Suspended,SRC004,0.89,2025-01-21 04:36:41,2024-10-10 17:48:59
PH00389,94739531315,+91,Landline,P00191,,SIM281631,Airtel,2025-03-25,,Active,SRC015,0.98,2025-06-25 15:59:54,2025-10-17 03:33:55
PH00390,94309508054,+91,VoIP,P03960,,SIM883811,Jio,2026-03-29,2026-07-31,Active,SRC015,0.81,2026-05-07 12:35:18,2025-05-24 06:28:08
PH00391,97965000793,+91,Mobile,P01179,,SIM751417,Jio,2018-09-18,,Inactive,SRC028,0.82,2024-04-10 18:05:40,2025-02-01 18:45:47
PH00392,97605779277,+91,Mobile,P00156,,SIM264022,BSNL,2024-01-27,,Suspended,SRC029,0.91,2025-05-20 08:58:13,2025-10-12 10:08:00
PH00393,92509047509,+91,Mobile,P00373,,SIM197007,BSNL,2022-05-08,,Suspended,SRC027,0.88,2024-02-06 02:46:22,2024-02-14 06:01:44
PH00394,94631559439,+91,Landline,P03661,,SIM527353,Airtel,2022-03-18,,Suspended,SRC013,0.85,2024-10-17 11:18:57,2024-12-05 08:17:41
PH00395,98148813898,+91,VoIP,P02604,,SIM118680,Vi,2025-03-01,,Inactive,SRC019,0.87,2024-01-31 13:23:55,2025-03-16 17:50:25
PH00396,92504329380,+91,Landline,P01699,,SIM958086,BSNL,2025-11-14,,Suspended,SRC006,0.91,2024-04-14 09:31:07,2025-02-26 17:03:07
PH00397,99431097903,+91,Mobile,P02166,,SIM949767,Jio,2022-04-28,,Active,SRC030,0.93,2026-01-31 17:25:45,2025-06-17 16:40:15
PH00398,92240894696,+91,Mobile,P03156,,SIM343727,Airtel,2021-01-06,2024-12-04,Active,SRC023,0.83,2026-07-01 10:43:36,2026-06-30 05:52:44
PH00399,95518339617,+91,VoIP,,O0382,SIM928780,Vi,2024-06-16,,Inactive,SRC029,0.97,2026-04-27 08:57:25,2025-11-28 07:33:16
PH00400,94601265093,+91,Landline,P00839,,SIM989721,BSNL,2020-08-15,,Active,SRC001,0.85,2025-07-11 10:54:29,2024-03-14 16:33:45
PH00401,98854478060,+91,VoIP,P00925,,SIM738901,Jio,2019-05-27,,Suspended,SRC011,0.94,2024-09-29 17:09:32,2026-08-02 14:20:04
PH00402,97007597077,+91,Mobile,P01896,,SIM918357,BSNL,2021-03-30,,Active,SRC020,0.84,2024-01-08 06:39:04,2024-08-07 21:48:29
PH00403,96670584210,+91,Landline,P03090,,SIM546355,Jio,2022-09-14,,Active,SRC013,0.91,2025-07-08 07:36:22,2024-06-04 12:27:06
PH00404,95482243186,+91,Landline,P00091,,SIM262158,BSNL,2021-04-22,,Inactive,SRC009,0.81,2026-04-01 17:12:21,2026-06-16 14:07:22
PH00405,98134102097,+91,Mobile,P03528,,SIM564743,Vi,2025-10-30,,Inactive,SRC003,0.85,2024-03-16 14:51:06,2024-01-12 04:46:03
PH00406,95852490762,+91,VoIP,P03812,,SIM780315,Airtel,2024-09-26,,Suspended,SRC012,0.87,2024-10-04 23:42:45,2024-02-25 07:14:07
PH00407,91883143945,+91,VoIP,P01884,,SIM902975,Jio,2022-10-15,2026-07-31,Inactive,SRC025,0.82,2025-03-03 20:37:02,2024-10-09 11:26:30
PH00408,95487406104,+91,Mobile,P02461,,SIM660248,Jio,2023-06-07,2024-11-11,Active,SRC013,0.84,2024-01-08 13:22:45,2024-11-09 01:30:16
PH00409,98587846462,+91,Mobile,P03864,,SIM583984,BSNL,2023-08-20,,Active,SRC022,0.85,2024-06-17 14:35:45,2026-05-23 18:26:24
PH00410,98129870004,+91,VoIP,P01915,,SIM162269,BSNL,2021-12-16,2025-08-14,Active,SRC028,0.84,2025-04-30 00:49:11,2024-02-01 19:23:34
PH00411,99834257560,+91,Mobile,P00438,,SIM155935,Jio,2022-04-19,,Active,SRC009,0.91,2025-05-19 21:30:28,2025-02-28 20:18:24
PH00412,99687433827,+91,VoIP,P00565,,SIM980831,Vi,2021-05-27,,Active,SRC020,0.9,2025-11-04 02:07:20,2024-05-29 21:24:24
PH00413,99468815204,+91,Landline,P02752,,SIM731214,Jio,2021-04-12,,Inactive,SRC021,0.82,2026-06-03 05:16:31,2024-07-30 00:30:26
PH00414,94121962180,+91,Mobile,P00146,,SIM816670,Airtel,2025-02-11,,Suspended,SRC006,0.83,2026-04-23 13:45:16,2025-01-24 07:29:41
PH00415,96655675307,+91,VoIP,P01878,,SIM620935,Airtel,2023-07-09,,Active,SRC011,0.92,2025-10-21 21:03:49,2025-02-17 13:03:41
PH00416,99710773558,+91,Mobile,P01299,,SIM670022,BSNL,2021-01-28,,Inactive,SRC020,0.88,2026-01-23 14:52:56,2024-09-02 00:43:48
PH00417,98692701309,+91,Landline,P03390,,SIM525901,BSNL,2021-08-26,2024-09-01,Inactive,SRC018,0.97,2025-09-12 13:45:38,2024-10-05 03:58:26
PH00418,99632609258,+91,VoIP,P00504,,SIM366517,Airtel,2018-10-10,,Active,SRC001,0.97,2025-06-20 12:27:49,2024-08-30 08:51:05
PH00419,91913643393,+91,VoIP,P01742,,SIM450863,BSNL,2024-07-19,,Suspended,SRC013,0.87,2025-01-14 06:42:17,2026-07-04 03:35:54
PH00420,95183522188,+91,Landline,P03859,,SIM587948,Jio,2019-04-08,,Active,SRC019,0.93,2026-03-27 16:36:26,2024-05-13 15:35:22
PH00421,92537725028,+91,Mobile,P03760,,SIM328253,Jio,2018-12-30,,Inactive,SRC021,0.81,2025-09-24 20:35:32,2026-02-14 23:10:32
PH00422,93323058657,+91,Mobile,P02287,,SIM470715,Airtel,2021-02-18,,Active,SRC001,0.94,2024-04-07 13:41:27,2024-05-15 15:41:22
PH00423,96112012137,+91,VoIP,P00861,,SIM668145,Vi,2018-10-04,,Suspended,SRC010,0.95,2024-09-11 05:13:46,2025-06-08 09:48:11
PH00424,95590376293,+91,Mobile,P01629,,SIM870137,BSNL,2020-12-09,2026-04-30,Inactive,SRC007,0.97,2025-05-24 01:33:28,2026-06-09 10:28:09
PH00425,92674977210,+91,Mobile,P01849,,SIM911664,Airtel,2025-06-18,,Inactive,SRC016,0.93,2024-11-24 18:57:16,2025-04-29 03:20:41
PH00426,98800224812,+91,Mobile,P00482,,SIM373716,BSNL,2024-06-11,,Suspended,SRC007,0.94,2025-09-19 03:33:54,2025-01-09 18:47:33
PH00427,96084149646,+91,VoIP,P01067,,SIM709952,Jio,2026-06-20,,Suspended,SRC022,0.94,2024-02-01 13:41:37,2025-05-27 19:06:17
PH00428,99932230331,+91,VoIP,P03812,,SIM633669,Vi,2021-08-10,,Active,SRC009,0.95,2026-04-03 01:59:36,2026-05-15 15:10:29
PH00429,96850003125,+91,VoIP,P03231,,SIM425735,Airtel,2020-07-20,,Active,SRC011,0.91,2025-06-13 13:07:39,2024-09-11 16:57:23
PH00430,95040498108,+91,VoIP,P00646,,SIM522500,Vi,2021-06-05,,Suspended,SRC008,0.97,2025-06-25 03:52:54,2024-05-02 14:33:59
PH00431,91689150351,+91,Mobile,P03568,,SIM556378,Airtel,2021-11-28,,Suspended,SRC026,0.87,2025-10-15 04:58:17,2026-01-30 11:12:13
PH00432,99760290319,+91,Landline,P00176,,SIM334936,Vi,2022-05-05,,Active,SRC007,0.83,2025-07-23 08:28:21,2024-05-08 00:08:36
PH00433,92982284298,+91,VoIP,P01443,,SIM900836,Vi,2019-09-21,,Active,SRC026,0.85,2024-01-07 18:42:47,2025-07-06 10:46:38
PH00434,94245102782,+91,Mobile,P01144,,SIM292167,Vi,2023-05-17,,Suspended,SRC017,0.91,2024-07-24 07:17:24,2026-01-03 17:29:31
PH00435,92905877592,+91,VoIP,P03387,,SIM987452,Airtel,2022-12-16,,Inactive,SRC006,0.92,2024-07-01 11:28:35,2024-12-20 17:56:54
PH00436,96836516013,+91,Mobile,P02227,,SIM242094,BSNL,2024-10-11,,Inactive,SRC026,0.96,2025-06-11 23:33:35,2026-03-29 17:30:01
PH00437,94566515696,+91,Landline,P01089,,SIM328301,Vi,2018-10-30,2026-01-08,Inactive,SRC014,0.91,2024-08-05 18:23:43,2025-07-07 02:44:45
PH00438,95072532698,+91,Landline,P00663,,SIM164559,Airtel,2025-07-28,,Inactive,SRC020,0.91,2026-05-22 06:30:38,2025-06-05 05:11:36
PH00439,94358643734,+91,Landline,P02458,,SIM303197,BSNL,2018-09-13,,Active,SRC004,0.87,2024-08-13 01:59:59,2026-02-02 23:05:49
PH00440,99234370513,+91,Mobile,P01933,,SIM590871,Vi,2021-07-17,,Active,SRC004,0.9,2024-10-14 09:26:38,2024-06-09 22:27:40
PH00441,94658421951,+91,Landline,P02026,,SIM257432,Jio,2022-02-04,,Inactive,SRC010,0.81,2025-12-25 11:23:45,2025-09-13 17:01:44
PH00442,95135551374,+91,Landline,P03482,,SIM943831,Vi,2025-09-01,2025-03-06,Inactive,SRC017,0.83,2026-04-22 09:09:50,2026-02-19 00:51:04
PH00443,95192888592,+91,Mobile,P00816,,SIM123303,Airtel,2025-04-20,,Active,SRC008,0.89,2026-05-07 10:25:53,2026-01-27 06:03:04
PH00444,97999505473,+91,Landline,P03814,,SIM144207,Vi,2023-12-16,,Active,SRC022,0.93,2025-10-13 01:21:43,2025-02-22 12:58:04
PH00445,95706963156,+91,Landline,P00001,,SIM934068,BSNL,2019-05-21,,Inactive,SRC022,0.81,2026-05-14 00:11:15,2024-06-26 08:12:15
PH00446,99724484305,+91,VoIP,P03829,,SIM339909,Airtel,2022-11-30,,Suspended,SRC018,0.87,2025-04-17 04:16:29,2026-05-14 09:21:50
PH00447,91304721931,+91,Mobile,P01309,,SIM844523,Jio,2020-08-06,,Inactive,SRC013,0.86,2025-03-23 08:02:00,2025-07-14 19:27:04
PH00448,91883107789,+91,Mobile,P00432,,SIM123186,BSNL,2021-06-19,2026-08-26,Active,SRC012,0.83,2024-09-05 13:12:12,2025-09-19 11:16:45
PH00449,99931774282,+91,Mobile,P00122,,SIM558915,BSNL,2022-03-15,,Suspended,SRC023,0.88,2026-01-05 00:42:13,2024-10-27 14:14:18
PH00450,99435633424,+91,Landline,P03469,,SIM770895,Jio,2025-03-28,,Inactive,SRC006,0.83,2024-11-19 06:49:05,2025-07-26 17:14:05
PH00451,91189776488,+91,Landline,P03757,,SIM953551,BSNL,2019-01-16,,Active,SRC015,0.93,2024-02-29 16:03:30,2024-03-24 23:41:35
PH00452,93548757027,+91,VoIP,P02642,,SIM286503,Airtel,2023-08-30,,Active,SRC014,0.97,2024-06-13 23:28:39,2026-08-25 02:27:40
PH00453,96499814576,+91,Mobile,P02627,,SIM586610,Jio,2022-12-27,,Active,SRC024,0.87,2024-11-28 13:11:50,2024-01-01 15:39:40
PH00454,92379568558,+91,Landline,P03670,,SIM315681,Airtel,2024-03-17,2026-03-28,Suspended,SRC004,0.83,2025-03-22 02:02:01,2024-12-19 01:26:06
PH00455,91682098632,+91,Mobile,P02428,,SIM640438,BSNL,2022-08-18,,Active,SRC014,0.98,2026-02-15 16:58:00,2024-08-25 19:35:56
PH00456,96388961720,+91,Landline,P02804,,SIM173945,BSNL,2021-10-03,,Inactive,SRC003,0.84,2026-07-04 06:27:22,2025-05-25 17:11:54
PH00457,92388201928,+91,Mobile,P01072,,SIM433176,Jio,2022-07-13,,Active,SRC021,0.89,2025-07-24 02:04:13,2025-07-22 16:49:01
PH00458,94770225440,+91,VoIP,P02307,,SIM206143,BSNL,2020-12-13,,Inactive,SRC019,0.85,2024-02-10 17:43:51,2024-07-09 18:06:26
PH00459,91578069280,+91,VoIP,P01681,,SIM804120,Vi,2026-07-07,,Suspended,SRC025,0.89,2026-07-14 07:32:40,2026-03-15 13:09:18
PH00460,92696282686,+91,Landline,P03841,,SIM264620,Vi,2020-02-11,,Suspended,SRC007,0.84,2024-02-22 12:30:41,2025-02-13 04:40:57
PH00461,95079560593,+91,Mobile,,O0365,SIM152641,BSNL,2021-08-02,,Active,SRC026,0.83,2026-04-04 07:03:17,2024-07-13 08:49:55
PH00462,97486323752,+91,Landline,P03219,,SIM927888,Airtel,2025-08-03,,Active,SRC009,0.91,2025-06-11 16:54:24,2025-08-21 13:38:02
PH00463,98811974799,+91,Landline,P03372,,SIM257041,Airtel,2020-02-28,,Inactive,SRC003,0.99,2025-05-28 13:47:26,2025-10-30 14:42:33
PH00464,91485141130,+91,VoIP,P00637,,SIM532924,Airtel,2022-05-30,,Inactive,SRC026,0.94,2024-07-05 12:04:44,2024-06-25 09:51:34
PH00465,92370433524,+91,Mobile,P01524,,SIM149184,BSNL,2021-09-27,,Suspended,SRC010,0.83,2025-07-17 09:38:18,2024-02-12 20:16:47
PH00466,97926843985,+91,Landline,P01669,,SIM117349,BSNL,2024-12-12,,Inactive,SRC011,0.87,2025-03-29 19:05:07,2025-09-19 01:27:15
PH00467,92419543685,+91,Landline,P01472,,SIM368449,Airtel,2022-11-12,2025-02-03,Active,SRC013,0.91,2024-12-20 09:15:00,2026-03-06 01:32:12
PH00468,97377969468,+91,VoIP,P03611,,SIM923393,Vi,2024-01-27,,Suspended,SRC024,0.8,2024-12-07 15:08:11,2024-01-29 22:02:41
PH00469,93467238796,+91,Landline,P03460,,SIM437838,Vi,2022-07-13,,Inactive,SRC017,0.94,2024-12-12 05:53:56,2026-01-09 10:34:35
PH00470,92291605399,+91,VoIP,P00602,,SIM744702,BSNL,2025-10-21,,Inactive,SRC003,0.98,2024-11-04 08:10:29,2025-07-03 18:21:05
PH00471,98955469776,+91,Mobile,P03549,,SIM985726,Jio,2019-02-14,,Suspended,SRC025,0.94,2024-12-10 04:22:42,2025-07-17 02:01:53
PH00472,95352502214,+91,Mobile,P00052,,SIM677140,Jio,2022-09-28,,Active,SRC030,0.84,2025-09-17 04:37:58,2026-02-18 16:55:24
PH00473,99162070504,+91,Landline,P01770,,SIM938696,Vi,2018-09-26,,Inactive,SRC007,0.87,2026-08-10 21:25:07,2025-04-04 23:27:15
PH00474,97982903645,+91,VoIP,P00645,,SIM393868,Vi,2019-03-02,2025-02-09,Inactive,SRC029,0.98,2024-10-01 06:09:16,2024-11-21 06:24:39
PH00475,96611634494,+91,VoIP,P01324,,SIM636987,Jio,2024-02-24,,Inactive,SRC020,0.85,2025-07-19 17:08:12,2024-09-16 01:21:02
PH00476,92320335564,+91,Landline,P01910,,SIM852528,Jio,2023-04-27,,Inactive,SRC005,0.83,2026-02-23 09:59:56,2026-07-24 14:27:25
PH00477,92776232793,+91,Mobile,P03199,,SIM211321,Vi,2026-02-12,,Active,SRC006,0.85,2026-07-01 12:47:33,2026-02-23 13:27:16
PH00478,98553009352,+91,Mobile,P00448,,SIM768636,Jio,2020-01-25,,Active,SRC016,0.91,2025-03-16 09:41:19,2025-09-17 23:54:18
PH00479,92252716475,+91,Mobile,P01344,,SIM606936,Jio,2025-06-07,,Inactive,SRC014,0.88,2024-06-13 02:55:00,2026-06-20 08:27:22
PH00480,98368809935,+91,Mobile,P00999,,SIM780684,Vi,2018-12-06,,Suspended,SRC007,0.84,2025-01-30 19:33:15,2026-07-08 02:11:24
PH00481,98743348798,+91,VoIP,P00398,,SIM596241,Airtel,2018-12-12,,Active,SRC022,0.89,2026-07-30 15:26:37,2025-01-29 12:39:54
PH00482,97067964799,+91,Landline,P01480,,SIM816859,Airtel,2026-05-14,2025-06-13,Suspended,SRC028,0.88,2025-02-19 13:19:39,2025-11-23 16:00:07
PH00483,99923252776,+91,Mobile,P01660,,SIM298095,Jio,2019-08-22,2026-01-30,Suspended,SRC007,0.9,2024-04-15 00:23:32,2024-02-09 04:55:31
PH00484,98561666201,+91,Mobile,P03120,,SIM517187,Airtel,2019-04-16,,Inactive,SRC001,0.94,2025-01-31 02:25:34,2024-12-12 20:11:00
PH00485,96831453548,+91,Mobile,P02020,,SIM448805,BSNL,2019-03-26,,Active,SRC030,0.83,2025-01-22 01:06:08,2024-01-25 09:21:46
PH00486,99900251734,+91,VoIP,P02370,,SIM170210,Airtel,2025-12-24,,Suspended,SRC001,0.92,2025-01-06 07:06:13,2025-06-03 23:36:03
PH00487,95657801094,+91,Landline,P03769,,SIM831565,Jio,2020-07-05,,Suspended,SRC017,0.84,2025-10-09 12:25:56,2025-02-02 06:35:13
PH00488,95791671050,+91,VoIP,P02648,,SIM452372,BSNL,2026-07-18,,Inactive,SRC021,0.91,2025-07-04 19:09:20,2024-02-09 23:06:38
PH00489,91527778740,+91,Mobile,P01790,,SIM845789,BSNL,2021-02-04,,Suspended,SRC024,0.85,2025-08-25 12:14:21,2025-09-09 08:31:48
PH00490,95760376503,+91,Landline,P01273,,SIM477440,BSNL,2025-08-18,,Inactive,SRC029,0.97,2024-10-15 13:09:59,2024-09-26 22:16:32
PH00491,96083926866,+91,VoIP,,O0447,SIM178304,Airtel,2019-07-16,,Suspended,SRC026,0.98,2025-07-10 08:42:57,2026-03-02 15:57:20
PH00492,94365185641,+91,Mobile,P00058,,SIM745856,Vi,2022-08-04,,Inactive,SRC022,0.85,2026-02-09 08:30:24,2026-05-27 20:13:47
PH00493,92394731501,+91,Landline,P00776,,SIM376415,Jio,2024-05-08,,Active,SRC023,0.94,2024-08-19 16:40:09,2026-06-14 12:58:19
PH00494,91359928211,+91,Mobile,P02570,,SIM143526,Vi,2022-03-20,,Suspended,SRC012,0.83,2024-08-08 18:45:36,2024-07-29 03:39:30
PH00495,98423705257,+91,Landline,P03982,,SIM552776,Vi,2020-06-21,,Active,SRC003,0.92,2025-01-29 06:41:31,2025-07-19 14:33:27
PH00496,96052982543,+91,Landline,P00975,,SIM204006,Airtel,2019-06-03,,Inactive,SRC015,0.84,2026-01-05 04:15:14,2025-03-18 11:17:05
PH00497,94310633534,+91,Mobile,P01661,,SIM571328,Jio,2018-12-19,2024-12-20,Active,SRC020,0.87,2025-02-02 11:12:21,2024-12-30 05:01:05
PH00498,99946849379,+91,Mobile,P03387,,SIM979412,Airtel,2026-03-22,,Suspended,SRC014,0.82,2025-08-02 07:26:36,2026-01-05 11:24:35
PH00499,95944677916,+91,VoIP,P03190,,SIM188481,Jio,2019-06-10,2024-12-10,Suspended,SRC025,0.97,2024-03-20 18:54:59,2025-01-17 07:29:25
PH00500,91778397395,+91,Mobile,P03809,,SIM225939,Vi,2023-08-11,,Active,SRC023,0.94,2024-07-19 02:23:23,2025-08-19 08:38:23
PH00501,96801046756,+91,Mobile,P01977,,SIM309530,Vi,2025-06-25,2026-03-17,Active,SRC020,0.88,2025-01-05 03:16:04,2025-03-01 23:12:20
PH00502,95696345247,+91,VoIP,P03911,,SIM487392,Vi,2020-09-03,,Inactive,SRC005,0.92,2024-09-19 16:30:11,2025-05-21 02:25:07
PH00503,94134537008,+91,VoIP,P02674,,SIM587165,Airtel,2022-10-20,,Suspended,SRC018,0.97,2024-05-16 03:35:22,2025-09-29 04:19:02
PH00504,97352588892,+91,Landline,P02427,,SIM270162,Vi,2022-10-07,,Inactive,SRC018,0.86,2024-08-12 23:51:34,2026-03-15 03:37:38
PH00505,95577473617,+91,VoIP,P01650,,SIM797734,Vi,2023-01-03,,Inactive,SRC027,0.91,2025-02-12 21:54:58,2026-07-17 19:32:28
PH00506,92216886354,+91,VoIP,P02915,,SIM741775,Jio,2024-04-03,,Active,SRC008,0.92,2026-06-23 06:38:51,2024-06-24 12:17:54
PH00507,91178236789,+91,VoIP,P00498,,SIM186008,Jio,2024-03-15,2026-07-20,Active,SRC016,0.81,2026-03-07 07:16:12,2024-02-02 10:24:12
PH00508,99139747780,+91,VoIP,P02914,,SIM787697,BSNL,2025-08-04,,Inactive,SRC017,0.81,2024-05-07 06:18:03,2025-03-18 17:36:36
PH00509,98245318746,+91,VoIP,P02972,,SIM103924,Airtel,2025-07-14,,Active,SRC019,0.96,2026-03-24 22:10:28,2025-08-06 08:07:40
PH00510,93699144338,+91,Landline,P00231,,SIM811888,Airtel,2023-01-20,2025-10-16,Inactive,SRC005,0.91,2024-04-05 21:27:33,2025-07-31 17:59:58
PH00511,94946464678,+91,Landline,P00268,,SIM601955,Jio,2025-08-19,,Suspended,SRC030,0.89,2025-01-12 03:43:36,2024-08-20 23:18:19
PH00512,99368645381,+91,Mobile,P03062,,SIM819427,BSNL,2024-07-10,,Active,SRC013,0.85,2024-12-31 15:37:04,2026-05-04 23:34:19
PH00513,96635221604,+91,VoIP,P02251,,SIM242786,Vi,2025-05-17,,Inactive,SRC024,0.92,2024-12-23 19:51:19,2024-05-04 02:41:19
PH00514,92520575738,+91,VoIP,P01655,,SIM543408,Vi,2025-04-04,,Active,SRC014,0.86,2025-04-18 13:44:49,2025-01-26 15:52:43
PH00515,97079655395,+91,Landline,P03653,,SIM348949,Jio,2023-09-13,,Active,SRC011,0.96,2025-07-25 05:04:22,2026-02-06 06:30:33
PH00516,95262424485,+91,Mobile,P01910,,SIM192926,Jio,2022-04-08,,Suspended,SRC004,0.91,2024-03-11 04:15:05,2025-01-09 19:36:39
PH00517,92678744236,+91,Landline,P00098,,SIM441650,Vi,2026-07-26,,Suspended,SRC019,0.89,2026-08-19 07:48:06,2025-01-26 23:34:28
PH00518,96535930513,+91,VoIP,P00006,,SIM494856,Airtel,2020-12-31,,Suspended,SRC008,0.86,2025-04-16 07:17:18,2024-04-02 02:05:37
PH00519,96179741482,+91,VoIP,P00749,,SIM293788,BSNL,2020-02-01,,Active,SRC011,0.83,2025-01-24 17:38:30,2025-03-12 14:57:17
PH00520,92693677010,+91,Landline,P00859,,SIM994637,Airtel,2023-11-04,,Inactive,SRC004,0.9,2024-12-31 16:08:39,2025-03-22 03:09:50
PH00521,92103841091,+91,VoIP,P02569,,SIM675257,Vi,2021-01-18,2025-05-14,Suspended,SRC017,0.89,2025-03-17 13:21:53,2024-11-29 09:04:07
PH00522,98658785761,+91,Landline,P00466,,SIM222476,Airtel,2020-06-09,,Suspended,SRC013,0.98,2026-05-11 08:36:26,2025-09-08 14:09:14
PH00523,93708519217,+91,Mobile,P01863,,SIM843556,Airtel,2019-11-20,2026-05-23,Active,SRC014,0.82,2024-08-08 03:47:59,2025-08-09 11:30:45
PH00524,96253433412,+91,VoIP,P02769,,SIM739357,Vi,2026-03-02,2026-05-15,Suspended,SRC023,0.93,2025-12-20 22:17:20,2025-07-17 00:51:22
PH00525,91042088236,+91,VoIP,P01162,,SIM303611,Airtel,2021-09-15,,Inactive,SRC006,0.85,2024-04-12 03:40:37,2024-03-28 22:51:09
PH00526,92860465961,+91,VoIP,P02581,,SIM324941,Vi,2020-02-28,,Inactive,SRC010,0.91,2026-03-01 20:38:08,2025-02-08 17:37:11
PH00527,95827065385,+91,Landline,P03063,,SIM439029,BSNL,2019-05-13,,Suspended,SRC014,0.94,2024-05-06 09:01:06,2025-08-16 05:37:42
PH00528,96630035449,+91,VoIP,P02749,,SIM439045,Jio,2025-12-10,2025-05-17,Active,SRC010,0.84,2025-01-30 03:59:26,2026-01-22 18:39:21
PH00529,96410715192,+91,Landline,P01313,,SIM643039,Airtel,2019-12-31,,Inactive,SRC016,0.82,2025-09-23 12:33:10,2026-06-08 08:28:00
PH00530,92546807788,+91,VoIP,,O0281,SIM964007,Vi,2023-07-10,,Inactive,SRC001,0.9,2024-02-11 15:53:54,2026-06-03 22:32:43
PH00531,97237249930,+91,Mobile,P03036,,SIM591639,BSNL,2022-03-20,,Active,SRC020,0.97,2026-03-11 21:25:03,2026-02-04 04:40:19
PH00532,95610868460,+91,Mobile,P01873,,SIM125539,Vi,2025-07-23,,Inactive,SRC002,0.9,2024-12-23 16:54:13,2024-07-10 13:00:40
PH00533,99394588937,+91,Mobile,P00411,,SIM553030,Jio,2024-09-04,,Suspended,SRC011,0.89,2025-09-27 10:36:57,2024-10-17 00:19:02
PH00534,99100102257,+91,Mobile,P01109,,SIM219963,BSNL,2021-03-19,,Active,SRC021,0.81,2025-07-01 14:19:35,2025-06-21 19:10:47
PH00535,93221852034,+91,VoIP,,O0048,SIM277058,Vi,2025-12-04,,Suspended,SRC021,0.86,2025-02-20 01:51:32,2024-11-17 23:06:41
PH00536,94931794554,+91,VoIP,P03857,,SIM243817,Jio,2021-05-13,2026-05-26,Suspended,SRC012,0.91,2026-07-13 05:44:44,2024-04-03 02:09:06
PH00537,92056926201,+91,Mobile,P01732,,SIM689345,Jio,2022-02-19,,Suspended,SRC016,0.98,2025-07-01 01:27:20,2026-08-24 14:40:05
PH00538,95928509695,+91,Landline,P01034,,SIM721857,Jio,2025-04-03,,Inactive,SRC001,0.97,2024-09-19 01:39:50,2026-02-13 20:25:16
PH00539,96139354550,+91,Mobile,P00213,,SIM818755,Jio,2024-09-12,,Active,SRC013,0.84,2024-04-23 00:22:25,2025-09-24 19:02:25
PH00540,95001295455,+91,Landline,P02500,,SIM362984,BSNL,2025-07-05,,Inactive,SRC023,0.93,2024-10-07 04:18:21,2025-08-08 20:54:03
PH00541,98379043455,+91,Mobile,P01279,,SIM178262,Jio,2020-04-19,,Active,SRC013,0.89,2025-11-05 05:20:35,2026-05-14 01:20:14
PH00542,92180129769,+91,Landline,P01307,,SIM938471,BSNL,2026-05-06,,Active,SRC017,0.98,2025-02-16 20:53:42,2024-06-30 03:33:54
PH00543,95411050314,+91,Mobile,P03018,,SIM445839,Vi,2023-02-17,,Active,SRC024,0.89,2025-10-09 16:17:18,2024-05-15 13:01:38
PH00544,99845056022,+91,Landline,P01042,,SIM927173,BSNL,2022-07-15,,Inactive,SRC009,0.85,2024-11-10 17:18:36,2024-06-09 03:32:18
PH00545,95947713527,+91,Landline,P02830,,SIM704586,Airtel,2023-12-30,,Suspended,SRC029,0.9,2025-02-06 11:53:59,2024-06-06 00:22:45
PH00546,91259116298,+91,Mobile,P01263,,SIM285713,Jio,2025-08-10,,Inactive,SRC014,0.85,2026-05-26 06:10:02,2024-07-01 07:52:23
PH00547,98152051665,+91,VoIP,P00283,,SIM746214,Vi,2024-12-23,,Active,SRC022,0.93,2025-02-27 03:22:53,2024-02-15 22:33:04
PH00548,94541176670,+91,Mobile,P00523,,SIM415135,Jio,2024-07-11,2025-06-18,Active,SRC018,0.93,2025-03-27 02:35:33,2026-06-30 06:37:24
PH00549,99028650378,+91,Mobile,P03773,,SIM352876,BSNL,2023-12-19,,Inactive,SRC028,0.92,2025-03-14 13:18:44,2026-04-30 07:07:56
PH00550,97346060287,+91,Mobile,P01534,,SIM726112,Jio,2026-02-13,,Suspended,SRC004,0.84,2024-10-24 07:43:08,2024-10-17 09:42:32
PH00551,91990679803,+91,Mobile,P02257,,SIM607844,BSNL,2021-02-28,,Active,SRC013,0.98,2025-02-18 00:30:07,2024-01-22 00:16:45
PH00552,93248364934,+91,Mobile,P01152,,SIM580812,Airtel,2021-02-09,,Active,SRC011,0.82,2024-08-06 07:59:11,2025-10-16 09:06:36
PH00553,91896880820,+91,Landline,P01970,,SIM553991,Jio,2019-05-26,,Active,SRC020,0.9,2024-05-22 16:17:47,2024-09-18 10:12:44
PH00554,97556471253,+91,Landline,P00024,,SIM384947,Airtel,2024-01-07,,Inactive,SRC001,0.92,2024-08-18 05:34:29,2026-02-19 01:50:26
PH00555,92695745940,+91,Mobile,P01024,,SIM839667,BSNL,2024-01-11,,Suspended,SRC009,0.91,2024-08-24 09:03:59,2025-04-16 08:11:50
PH00556,95323158728,+91,Mobile,P01388,,SIM610779,BSNL,2026-07-15,,Active,SRC029,0.9,2024-01-14 04:53:03,2025-11-29 18:12:07
PH00557,91310843311,+91,Mobile,P01440,,SIM414515,BSNL,2019-06-25,,Inactive,SRC019,0.88,2025-08-28 18:32:13,2024-08-16 04:56:35
PH00558,91051498986,+91,Mobile,,O0058,SIM163550,Airtel,2020-10-15,,Active,SRC004,0.89,2024-08-31 06:46:49,2026-06-13 13:07:11
PH00559,95650955203,+91,VoIP,P02291,,SIM821391,Vi,2020-07-25,,Inactive,SRC007,0.98,2024-05-23 21:10:17,2025-09-07 11:55:31
PH00560,97047792319,+91,Landline,P02598,,SIM109899,Jio,2020-10-05,2026-08-31,Inactive,SRC001,0.99,2025-11-08 04:40:26,2025-04-03 05:04:57
PH00561,92222731076,+91,Mobile,P02248,,SIM712198,Vi,2026-07-21,,Suspended,SRC030,0.96,2024-07-26 01:03:38,2026-06-09 12:58:12
PH00562,96291961095,+91,Mobile,P00206,,SIM489145,Jio,2023-05-28,2025-08-16,Active,SRC002,0.87,2025-06-03 01:31:24,2024-07-11 12:43:13
PH00563,92604781187,+91,Mobile,P02316,,SIM574157,Jio,2024-08-07,,Active,SRC008,0.96,2025-07-23 17:28:46,2025-06-11 14:27:47
PH00564,93364469506,+91,VoIP,P00487,,SIM590515,Vi,2026-05-13,,Active,SRC010,0.86,2026-07-03 16:23:03,2026-05-24 15:23:44
PH00565,92057299985,+91,Landline,P02932,,SIM953335,Airtel,2020-12-02,,Inactive,SRC013,0.81,2025-07-11 15:14:17,2025-01-22 06:59:11
PH00566,95257318909,+91,Landline,P02597,,SIM948080,BSNL,2022-04-20,,Inactive,SRC030,0.9,2025-12-12 00:51:51,2024-03-26 21:11:44
PH00567,93438231530,+91,Landline,,O0497,SIM189760,Vi,2019-06-04,,Active,SRC008,0.89,2026-07-11 07:39:27,2024-01-02 12:41:55
PH00568,94902108619,+91,VoIP,P01440,,SIM618248,Vi,2019-07-05,,Suspended,SRC014,0.99,2024-11-11 02:36:46,2024-05-29 01:11:45
PH00569,94361258103,+91,VoIP,P02661,,SIM903198,Airtel,2023-04-20,,Active,SRC019,0.86,2024-12-10 17:29:26,2024-01-15 21:25:18
PH00570,93111975107,+91,Mobile,P02437,,SIM237569,Jio,2019-04-05,,Inactive,SRC006,0.82,2025-08-29 15:59:41,2025-02-22 08:07:32
PH00571,94922360554,+91,Mobile,P03940,,SIM971390,Vi,2021-02-05,2025-07-10,Suspended,SRC021,0.82,2026-07-14 03:09:16,2024-08-15 00:26:32
PH00572,91975567087,+91,Mobile,P03473,,SIM321934,BSNL,2024-09-04,,Suspended,SRC010,0.91,2025-02-21 14:40:24,2024-03-27 05:03:45
PH00573,96140365572,+91,VoIP,P01326,,SIM942927,Jio,2026-07-25,,Inactive,SRC004,0.89,2025-06-26 01:42:20,2024-04-27 21:24:00
PH00574,91027548089,+91,VoIP,P03761,,SIM107097,Jio,2026-02-15,,Active,SRC024,0.85,2024-07-08 21:08:44,2025-09-08 13:22:46
PH00575,98297129293,+91,VoIP,P02514,,SIM519663,Airtel,2023-11-25,,Suspended,SRC030,0.91,2024-09-03 00:40:30,2025-03-27 04:44:52
PH00576,92187847190,+91,VoIP,P00152,,SIM716623,Jio,2018-09-17,,Suspended,SRC017,0.83,2024-04-30 04:33:55,2024-10-23 20:50:20
PH00577,94479117604,+91,Mobile,P02362,,SIM100083,BSNL,2021-08-24,,Inactive,SRC030,0.85,2025-10-24 04:49:58,2026-05-23 03:52:07
PH00578,91089668615,+91,VoIP,P03075,,SIM536923,BSNL,2020-10-09,,Suspended,SRC003,0.86,2024-05-30 12:35:17,2024-08-15 00:30:33
PH00579,97925648090,+91,Landline,,O0310,SIM878001,Vi,2025-06-16,,Active,SRC003,0.92,2024-02-20 21:10:15,2026-01-01 21:17:07
PH00580,92452626956,+91,Mobile,P00316,,SIM730296,Airtel,2020-01-21,,Inactive,SRC019,0.84,2024-07-19 12:38:38,2025-07-29 19:01:51
PH00581,91671242206,+91,Landline,P03012,,SIM838309,BSNL,2025-05-18,,Suspended,SRC016,0.96,2026-06-29 20:34:57,2025-06-16 14:11:08
PH00582,92843323174,+91,VoIP,P03422,,SIM383242,BSNL,2019-01-18,,Suspended,SRC025,0.94,2025-03-19 05:45:21,2026-03-28 02:45:22
PH00583,95133524092,+91,Landline,P01723,,SIM806721,BSNL,2024-09-09,2025-02-20,Active,SRC001,0.9,2026-01-13 09:57:35,2024-08-07 22:11:16
PH00584,91043581699,+91,Landline,P02767,,SIM400754,Jio,2022-08-14,,Suspended,SRC006,0.93,2025-05-25 09:01:05,2024-09-02 21:00:50
PH00585,92233851468,+91,Landline,P02711,,SIM843901,Vi,2023-01-07,2025-02-25,Suspended,SRC021,0.98,2026-08-19 23:29:43,2024-12-02 12:25:16
PH00586,97242053302,+91,Landline,P03787,,SIM167733,BSNL,2018-09-26,,Suspended,SRC016,0.97,2025-03-06 13:59:08,2024-02-10 06:58:37
PH00587,91565988744,+91,VoIP,P00900,,SIM502063,Vi,2025-02-22,,Inactive,SRC010,0.85,2024-01-17 01:04:46,2024-10-05 00:51:31
PH00588,91018948235,+91,Mobile,P00804,,SIM872262,Vi,2019-12-25,,Active,SRC030,0.91,2025-03-24 21:29:59,2024-01-06 02:52:11
PH00589,92022317061,+91,VoIP,P00052,,SIM272143,Airtel,2020-05-18,2025-07-06,Suspended,SRC008,0.95,2025-10-05 10:33:41,2025-05-01 08:35:02
PH00590,99433752068,+91,Landline,P01114,,SIM502335,BSNL,2020-08-11,,Suspended,SRC026,0.96,2025-01-25 07:30:24,2025-11-29 03:09:34
PH00591,98513756724,+91,VoIP,P01552,,SIM383908,Jio,2021-06-22,2025-05-04,Inactive,SRC027,0.98,2025-02-11 01:09:20,2026-07-24 22:00:00
PH00592,92584006730,+91,Landline,P03485,,SIM585571,Jio,2019-06-08,,Suspended,SRC005,0.93,2024-12-10 10:51:27,2026-04-09 15:03:18
PH00593,95230771125,+91,VoIP,,O0007,SIM627845,Airtel,2023-07-27,2026-07-17,Inactive,SRC019,0.99,2024-01-26 21:19:22,2024-03-16 12:34:33
PH00594,96569349880,+91,Landline,P02197,,SIM891615,Jio,2022-11-02,,Suspended,SRC027,0.83,2024-03-29 00:02:21,2024-01-27 15:01:41
PH00595,93340077540,+91,Mobile,P02110,,SIM846428,BSNL,2022-07-11,2025-12-24,Suspended,SRC009,0.85,2025-09-18 04:00:54,2026-06-21 15:55:22
PH00596,91278351708,+91,Landline,,O0006,SIM554450,BSNL,2022-05-14,,Active,SRC008,0.98,2025-05-09 21:54:02,2025-08-19 13:28:10
PH00597,96912562143,+91,Landline,P03404,,SIM240870,Airtel,2025-08-01,,Active,SRC027,0.88,2024-11-22 13:44:38,2026-06-18 20:53:45
PH00598,94418264014,+91,VoIP,P02800,,SIM624328,BSNL,2025-01-24,,Suspended,SRC026,0.89,2026-03-08 01:22:35,2025-06-24 10:38:15
PH00599,98906375734,+91,VoIP,P00959,,SIM435275,BSNL,2020-07-02,2024-10-21,Active,SRC028,0.87,2025-10-22 16:42:48,2025-07-31 09:10:02
PH00600,95659792990,+91,Mobile,P03298,,SIM911052,BSNL,2024-04-26,,Suspended,SRC015,0.91,2024-12-31 08:42:14,2024-04-30 09:01:50
PH00601,97258759994,+91,VoIP,P01283,,SIM225347,Jio,2023-10-19,,Suspended,SRC012,0.86,2026-04-23 22:50:14,2024-03-06 17:22:21
PH00602,96066356802,+91,Landline,P00261,,SIM614049,Airtel,2020-07-06,,Suspended,SRC023,0.9,2024-09-11 20:51:37,2024-11-20 08:01:22
PH00603,94023610222,+91,Mobile,P00156,,SIM941563,Jio,2026-08-31,,Active,SRC006,0.96,2025-04-27 23:41:39,2024-12-06 08:50:36
PH00604,95516262193,+91,VoIP,P03489,,SIM911952,BSNL,2019-05-12,,Inactive,SRC017,0.94,2025-05-20 23:58:53,2026-08-21 15:02:21
PH00605,95866635578,+91,VoIP,P03266,,SIM160848,Jio,2024-05-29,,Suspended,SRC027,0.87,2026-03-17 15:08:12,2026-04-17 02:16:32
PH00606,95043856551,+91,Mobile,P00729,,SIM354264,Airtel,2020-12-19,,Active,SRC003,0.89,2024-10-19 19:38:33,2024-06-05 22:44:02
PH00607,95102106315,+91,Mobile,P00590,,SIM163292,Jio,2026-08-18,,Active,SRC007,0.86,2024-08-31 21:43:14,2026-03-02 07:27:31
PH00608,94564814945,+91,VoIP,P02544,,SIM538493,Jio,2020-10-05,,Inactive,SRC025,0.86,2025-01-31 17:38:21,2026-08-30 00:43:34
PH00609,95912027968,+91,VoIP,P01982,,SIM467220,BSNL,2021-12-29,,Active,SRC023,0.98,2026-01-14 09:19:43,2026-05-28 21:59:33
PH00610,96545929330,+91,VoIP,P03051,,SIM563360,Jio,2026-05-21,,Inactive,SRC008,0.84,2026-07-06 18:52:49,2026-02-08 07:42:43
PH00611,99798356357,+91,Mobile,P02968,,SIM228044,Airtel,2021-03-15,,Active,SRC004,0.9,2024-01-12 00:23:23,2025-03-28 01:20:16
PH00612,92126345401,+91,Mobile,P01990,,SIM222503,BSNL,2019-12-30,,Suspended,SRC028,0.94,2025-08-13 22:59:47,2024-10-04 05:27:54
PH00613,92118059528,+91,VoIP,P00991,,SIM656539,Jio,2020-07-20,2024-12-19,Inactive,SRC028,0.92,2024-01-22 08:08:20,2026-08-18 15:33:05
PH00614,98938456265,+91,Mobile,P03412,,SIM491952,Jio,2021-07-03,,Suspended,SRC013,0.98,2024-10-03 13:55:51,2024-05-13 19:23:47
PH00615,93405920871,+91,Mobile,,O0312,SIM703071,Vi,2019-07-20,,Active,SRC016,0.88,2024-04-13 00:33:53,2025-02-07 17:02:49
PH00616,92754537523,+91,VoIP,,O0262,SIM785937,Jio,2024-02-26,,Inactive,SRC030,0.8,2025-07-18 15:06:09,2026-07-29 04:29:49
PH00617,91264521860,+91,Mobile,P03631,,SIM476105,Airtel,2020-03-14,,Inactive,SRC019,0.91,2024-02-26 01:36:32,2024-08-04 08:46:16
PH00618,92928842190,+91,Mobile,P02448,,SIM906673,Vi,2023-09-09,,Active,SRC001,0.92,2026-01-29 19:27:39,2025-12-08 14:57:43
PH00619,91601324819,+91,VoIP,P03935,,SIM281894,Airtel,2021-10-23,,Suspended,SRC016,0.95,2024-11-14 12:00:45,2026-03-15 05:04:52
PH00620,95498206016,+91,Mobile,P01699,,SIM144771,BSNL,2019-11-21,,Active,SRC030,0.82,2024-04-03 05:34:56,2024-06-07 05:16:39
PH00621,94480910285,+91,Mobile,P02881,,SIM242356,Airtel,2026-08-28,,Suspended,SRC006,0.85,2024-10-03 22:48:47,2026-07-08 09:59:54
PH00622,99212652781,+91,Landline,P00917,,SIM317855,BSNL,2021-02-12,,Inactive,SRC013,0.81,2025-11-30 20:41:54,2024-09-28 04:07:05
PH00623,98321981894,+91,Mobile,P01948,,SIM995459,Airtel,2019-06-28,,Inactive,SRC008,0.98,2024-04-18 14:22:48,2025-07-20 07:27:44
PH00624,91801466267,+91,Mobile,P01288,,SIM751154,BSNL,2023-09-21,,Suspended,SRC018,0.96,2024-08-22 08:10:26,2025-08-02 14:34:38
PH00625,99802228500,+91,VoIP,P01752,,SIM498359,Jio,2020-06-23,,Suspended,SRC007,0.91,2025-07-24 06:16:24,2025-12-01 18:01:36
PH00626,95087946968,+91,Landline,P01434,,SIM760595,Jio,2021-08-20,,Active,SRC021,0.96,2024-12-24 18:54:03,2026-01-06 04:37:58
PH00627,94555343088,+91,Landline,,O0272,SIM894272,Vi,2019-07-06,,Inactive,SRC019,0.93,2026-07-08 19:06:57,2026-03-03 20:11:04
PH00628,93837089249,+91,Landline,P02995,,SIM774626,Airtel,2024-10-23,,Active,SRC002,0.94,2026-03-30 05:05:31,2026-02-10 00:11:10
PH00629,98104348855,+91,Mobile,P00936,,SIM385399,Airtel,2022-01-08,,Suspended,SRC020,0.86,2025-06-26 15:52:31,2024-09-23 13:00:29
PH00630,91062528245,+91,VoIP,P01308,,SIM951741,BSNL,2024-08-04,,Suspended,SRC030,0.88,2024-02-24 20:48:09,2025-03-22 12:52:31
PH00631,96089440245,+91,Landline,,O0161,SIM843193,BSNL,2019-09-18,,Suspended,SRC028,0.83,2025-08-30 05:55:49,2025-12-15 04:44:14
PH00632,92861735082,+91,VoIP,P02414,,SIM747937,BSNL,2025-04-21,,Active,SRC006,0.93,2025-09-16 22:08:06,2026-01-26 21:47:19
PH00633,93632603748,+91,Mobile,P02957,,SIM135583,Vi,2024-10-11,,Inactive,SRC009,0.98,2025-01-27 23:57:13,2026-03-03 05:36:08
PH00634,96463206942,+91,Mobile,P03029,,SIM878005,Airtel,2022-07-11,,Active,SRC029,0.9,2025-10-15 16:57:16,2024-05-16 06:12:57
PH00635,92561264086,+91,Mobile,P01382,,SIM493715,BSNL,2019-12-25,,Suspended,SRC020,0.81,2024-07-08 00:50:47,2025-11-29 02:16:54
PH00636,98910862364,+91,Mobile,P00746,,SIM735065,BSNL,2022-01-29,2025-10-03,Active,SRC008,0.88,2024-12-23 03:14:28,2025-10-19 19:26:10
PH00637,96987369964,+91,Mobile,P02282,,SIM276563,Airtel,2021-11-17,,Active,SRC003,0.88,2024-05-23 08:55:08,2024-04-06 15:23:33
PH00638,94057633949,+91,Landline,P00480,,SIM968920,Jio,2021-02-03,,Suspended,SRC001,0.94,2025-08-27 07:18:30,2026-03-17 04:18:47
PH00639,97356537389,+91,Mobile,P03682,,SIM797134,BSNL,2021-12-05,,Inactive,SRC016,0.89,2024-10-31 18:30:35,2025-01-16 05:39:18
PH00640,96921464846,+91,Mobile,P02129,,SIM374474,BSNL,2018-12-28,,Inactive,SRC027,0.98,2024-12-13 08:16:46,2024-02-25 11:16:19
PH00641,96571083771,+91,VoIP,P02227,,SIM656952,BSNL,2024-09-13,,Suspended,SRC019,0.93,2026-03-23 03:45:20,2025-01-25 06:05:02
PH00642,93991193994,+91,Mobile,P02878,,SIM235738,BSNL,2022-06-24,,Active,SRC011,0.85,2024-10-16 15:17:09,2024-05-12 09:21:50
PH00643,91851365511,+91,VoIP,P03329,,SIM593951,Jio,2022-02-24,,Suspended,SRC012,0.94,2024-07-05 05:06:37,2025-11-14 17:36:24
PH00644,91629647178,+91,Landline,P03353,,SIM245484,Vi,2020-05-31,2025-03-25,Active,SRC006,0.96,2026-07-18 05:59:33,2025-10-09 09:06:29
PH00645,99375399509,+91,VoIP,P02894,,SIM117226,BSNL,2021-05-31,,Active,SRC017,0.85,2024-01-19 22:10:22,2025-03-05 01:52:05
PH00646,94253207860,+91,Landline,P01668,,SIM777942,Airtel,2025-03-13,,Inactive,SRC010,0.98,2024-10-03 13:07:43,2024-03-27 15:49:22
PH00647,91844711055,+91,Mobile,P02333,,SIM259224,BSNL,2026-06-05,,Active,SRC028,0.84,2025-06-14 22:41:34,2025-12-28 14:14:24
PH00648,94236659316,+91,Landline,,O0408,SIM370520,Airtel,2023-11-12,2024-10-06,Suspended,SRC012,0.95,2025-04-17 02:12:14,2026-05-03 10:00:13
PH00649,97472672138,+91,Landline,P00569,,SIM836571,Airtel,2026-01-05,2025-11-20,Suspended,SRC022,0.81,2026-08-03 12:18:51,2024-03-08 22:44:08
PH00650,99626057730,+91,Landline,P01003,,SIM509643,Jio,2025-06-03,,Inactive,SRC013,0.84,2025-03-15 05:19:17,2024-09-02 19:16:57
PH00651,93034886048,+91,VoIP,P02040,,SIM214611,Vi,2023-08-22,2026-03-12,Active,SRC028,0.89,2025-12-28 10:32:39,2025-06-12 08:11:57
PH00652,99781163431,+91,Landline,P00894,,SIM786139,Airtel,2024-06-02,2026-07-04,Active,SRC030,0.83,2025-02-06 21:41:21,2024-02-08 11:25:15
PH00653,94174682493,+91,Mobile,P02570,,SIM992725,Vi,2024-06-18,2025-03-12,Inactive,SRC019,0.94,2025-10-24 09:57:33,2026-05-19 21:42:03
PH00654,92305567169,+91,Mobile,P03539,,SIM866858,Jio,2026-01-03,,Inactive,SRC016,0.94,2025-07-09 15:18:57,2026-06-02 01:43:22
PH00655,93335112845,+91,Landline,P00722,,SIM496011,Vi,2021-12-29,,Suspended,SRC012,0.99,2026-01-25 07:44:03,2025-08-15 20:15:33
PH00656,99231170516,+91,VoIP,,O0416,SIM726579,Airtel,2024-08-24,,Suspended,SRC012,0.94,2024-10-21 03:13:18,2026-02-02 16:37:48
PH00657,99816686408,+91,Mobile,P01968,,SIM208165,Airtel,2025-01-22,,Inactive,SRC008,0.95,2025-08-03 11:57:00,2026-07-08 20:31:05
PH00658,93133741113,+91,VoIP,P02968,,SIM786462,Vi,2019-02-22,,Inactive,SRC014,0.94,2024-03-26 10:07:16,2024-10-19 21:24:15
PH00659,93684373805,+91,Landline,P01118,,SIM284460,Airtel,2026-03-20,,Suspended,SRC014,0.81,2026-03-31 10:32:41,2025-05-11 02:24:56
PH00660,97905639064,+91,Mobile,P00088,,SIM335673,Airtel,2022-09-06,,Inactive,SRC025,0.9,2025-03-21 07:59:41,2024-08-07 02:34:19
PH00661,99953937287,+91,Mobile,P00139,,SIM214371,Jio,2021-03-03,,Inactive,SRC002,0.93,2025-03-18 06:40:31,2025-09-13 05:30:23
PH00662,93331179855,+91,Landline,P03004,,SIM419866,Vi,2020-04-17,,Suspended,SRC002,0.92,2024-12-15 03:13:03,2024-05-16 02:21:45
PH00663,96718812898,+91,Mobile,P00141,,SIM707092,BSNL,2019-05-01,,Inactive,SRC007,0.86,2024-06-20 05:40:57,2024-03-08 19:16:06
PH00664,97082826482,+91,VoIP,P01305,,SIM266322,Vi,2025-07-14,,Suspended,SRC005,0.93,2026-06-20 00:17:38,2025-08-20 16:12:47
PH00665,96382886133,+91,VoIP,P03830,,SIM623061,Airtel,2021-01-29,,Inactive,SRC002,0.82,2025-04-07 07:25:57,2025-08-27 14:58:49
PH00666,95896111053,+91,VoIP,P00089,,SIM416411,BSNL,2024-07-19,,Inactive,SRC014,0.94,2026-02-24 21:12:33,2026-06-08 20:15:31
PH00667,98801954203,+91,Landline,P00196,,SIM359689,BSNL,2022-06-09,,Inactive,SRC027,0.87,2025-04-03 11:01:26,2025-03-20 08:29:06
PH00668,98970106039,+91,VoIP,P02552,,SIM343506,Jio,2019-02-17,,Suspended,SRC007,0.96,2025-07-17 16:12:41,2026-01-19 23:28:39
PH00669,94778647142,+91,Mobile,,O0228,SIM519715,Airtel,2025-12-15,,Active,SRC011,0.83,2026-08-08 08:10:55,2026-01-03 10:19:56
PH00670,92708508332,+91,VoIP,,O0421,SIM781957,Jio,2018-09-30,,Suspended,SRC019,0.84,2024-09-03 18:14:15,2026-06-23 21:17:37
PH00671,97300428560,+91,VoIP,P02628,,SIM909106,Airtel,2019-07-05,2026-08-17,Inactive,SRC021,0.82,2026-03-31 23:31:17,2025-04-18 04:57:22
PH00672,91930543635,+91,Landline,P00405,,SIM645405,BSNL,2020-01-03,,Active,SRC016,0.81,2025-02-02 03:04:14,2024-08-12 05:01:57
PH00673,96376925696,+91,VoIP,P02148,,SIM588557,Vi,2026-06-18,,Suspended,SRC002,0.88,2024-05-13 20:45:37,2026-06-28 16:51:37
PH00674,96206212760,+91,Mobile,P01416,,SIM208253,Airtel,2021-01-25,2024-12-27,Inactive,SRC010,0.96,2024-05-07 00:59:01,2024-02-03 21:04:11
PH00675,92392504440,+91,Landline,P02650,,SIM701229,BSNL,2022-11-08,,Active,SRC024,0.96,2025-01-18 02:26:40,2024-07-07 07:35:31
PH00676,98925197032,+91,Landline,P03111,,SIM422557,Jio,2022-09-04,,Inactive,SRC023,0.8,2025-01-19 09:14:07,2024-02-04 22:28:11
PH00677,92758085952,+91,Landline,P00051,,SIM482110,BSNL,2025-12-01,,Inactive,SRC028,0.89,2024-11-30 15:59:54,2024-12-16 17:29:27
PH00678,94871085503,+91,Mobile,P02737,,SIM602912,Airtel,2018-12-10,,Suspended,SRC008,0.87,2024-12-19 10:12:27,2026-02-26 02:17:14
PH00679,97522441566,+91,Landline,P03560,,SIM365522,Airtel,2021-03-31,,Inactive,SRC007,0.94,2026-08-09 00:20:35,2024-07-25 02:12:59
PH00680,99853788295,+91,Landline,P02375,,SIM397696,BSNL,2026-02-04,,Suspended,SRC015,0.95,2024-07-21 03:42:10,2026-05-16 20:24:06
PH00681,97109452965,+91,Landline,P00395,,SIM822307,Vi,2023-08-06,,Suspended,SRC013,0.82,2024-10-21 23:58:48,2025-01-01 18:54:17
PH00682,94634778577,+91,VoIP,,O0173,SIM785474,BSNL,2025-08-11,,Suspended,SRC001,0.85,2026-06-24 20:42:55,2025-04-23 18:45:16
PH00683,91455434035,+91,Mobile,,O0187,SIM537061,BSNL,2021-09-13,,Suspended,SRC015,0.92,2025-08-24 04:28:06,2025-10-27 16:14:04
PH00684,99393109247,+91,Mobile,P03700,,SIM120388,Jio,2025-05-12,,Suspended,SRC015,0.92,2024-09-24 15:23:27,2024-04-29 10:55:40
PH00685,95960679322,+91,Landline,P01474,,SIM893696,Airtel,2020-02-23,,Active,SRC018,0.82,2025-08-09 00:08:37,2024-11-21 11:11:10
PH00686,92271035096,+91,VoIP,P00243,,SIM157437,Jio,2022-12-09,,Active,SRC018,0.99,2025-11-13 00:53:00,2024-06-25 07:52:52
PH00687,94310045283,+91,Landline,P01441,,SIM411725,Jio,2026-04-19,2026-04-02,Active,SRC024,0.88,2024-01-14 13:59:15,2025-06-23 11:33:22
PH00688,97182103199,+91,Landline,P00662,,SIM816856,BSNL,2022-02-22,,Suspended,SRC019,0.92,2025-03-13 22:31:37,2025-01-18 22:39:13
PH00689,94249097256,+91,Landline,,O0067,SIM257806,Vi,2019-08-28,,Inactive,SRC017,0.82,2025-12-30 13:59:44,2024-04-27 03:43:13
PH00690,94604905386,+91,VoIP,P00127,,SIM250145,Vi,2022-05-08,2025-04-13,Inactive,SRC012,0.95,2025-02-28 11:37:28,2024-06-19 01:37:06
PH00691,92347027486,+91,VoIP,P00090,,SIM401045,Jio,2022-04-16,,Active,SRC012,0.82,2026-08-12 04:57:19,2025-12-31 19:31:38
PH00692,99859456519,+91,Landline,P00474,,SIM849515,Vi,2019-03-30,,Active,SRC007,0.91,2026-06-22 20:04:46,2024-04-09 12:27:56
PH00693,92305354919,+91,VoIP,P03609,,SIM484913,Jio,2021-08-27,,Active,SRC007,0.9,2025-11-30 03:22:57,2026-04-01 21:11:47
PH00694,98172281818,+91,Mobile,P02678,,SIM372882,BSNL,2020-04-09,,Inactive,SRC015,0.88,2024-06-28 20:43:56,2025-07-18 04:50:30
PH00695,97262515791,+91,Mobile,P02199,,SIM101978,BSNL,2021-03-07,2025-03-28,Active,SRC023,0.92,2025-01-29 14:20:09,2026-04-08 12:30:43
PH00696,99062578894,+91,Landline,P02091,,SIM322218,BSNL,2023-11-17,,Suspended,SRC006,0.82,2024-03-02 07:18:10,2026-01-14 23:37:31
PH00697,94414936759,+91,Landline,P01606,,SIM967321,Vi,2019-03-17,,Inactive,SRC010,0.94,2024-11-19 07:40:50,2025-02-03 04:09:41
PH00698,96090745294,+91,Landline,P00655,,SIM225762,Vi,2023-05-14,,Suspended,SRC011,0.8,2026-01-01 10:59:16,2024-04-15 07:57:34
PH00699,95265661808,+91,VoIP,P02398,,SIM197289,Jio,2023-09-04,2025-05-03,Active,SRC006,0.87,2025-10-24 11:13:06,2025-08-24 05:48:08
PH00700,93922721319,+91,Mobile,P02388,,SIM799694,Jio,2022-03-19,,Active,SRC015,0.94,2026-02-20 01:06:44,2025-02-15 16:48:03
PH00701,93391599484,+91,Landline,P01115,,SIM100397,Airtel,2021-12-14,,Inactive,SRC022,0.8,2025-11-03 23:49:07,2024-09-30 01:21:40
PH00702,98803333717,+91,Mobile,P03424,,SIM950594,BSNL,2023-07-26,,Inactive,SRC011,0.81,2025-04-10 15:44:25,2026-04-25 12:19:37
PH00703,94168103986,+91,VoIP,P03875,,SIM145445,Airtel,2019-05-01,,Inactive,SRC022,0.95,2025-02-10 02:04:40,2024-10-13 16:41:46
PH00704,94531368476,+91,VoIP,P03397,,SIM761867,BSNL,2024-05-15,,Active,SRC011,0.89,2024-10-23 02:26:06,2026-05-05 08:00:49
PH00705,93192843815,+91,Mobile,P02983,,SIM424345,Airtel,2022-09-21,,Inactive,SRC007,0.9,2024-03-29 07:57:55,2025-03-05 22:30:22
PH00706,92030440246,+91,Mobile,,O0101,SIM326595,Jio,2021-01-20,,Suspended,SRC007,0.9,2024-08-11 18:48:48,2025-01-18 18:14:19
PH00707,94328315068,+91,Mobile,P03987,,SIM516566,BSNL,2026-06-12,2025-12-25,Active,SRC011,0.88,2024-11-18 21:08:27,2025-05-18 06:04:13
PH00708,92235831422,+91,Landline,P03579,,SIM202939,Vi,2020-04-25,,Inactive,SRC013,0.83,2024-05-24 12:42:10,2024-10-03 10:15:33
PH00709,91643229404,+91,Landline,P02225,,SIM455669,Airtel,2019-12-04,2026-03-25,Suspended,SRC030,0.96,2024-05-29 00:14:44,2025-01-07 01:26:41
PH00710,98687527079,+91,VoIP,P01054,,SIM144368,Vi,2022-01-04,,Active,SRC011,0.87,2024-01-04 21:30:55,2025-08-01 21:01:28
PH00711,99267646217,+91,VoIP,,O0251,SIM775280,Jio,2020-10-04,,Inactive,SRC015,0.82,2026-06-17 19:04:00,2024-04-09 23:38:08
PH00712,97846661048,+91,Landline,,O0378,SIM372972,Jio,2021-11-22,,Active,SRC002,0.83,2024-12-05 02:34:47,2025-11-22 23:07:48
PH00713,95652897048,+91,Mobile,P02966,,SIM594313,BSNL,2020-03-18,,Inactive,SRC028,0.83,2024-01-03 20:55:41,2025-07-25 05:50:27
PH00714,96659708469,+91,Mobile,P00093,,SIM446995,Jio,2019-03-20,,Active,SRC017,0.84,2024-02-14 15:25:26,2025-09-26 02:23:09
PH00715,97998261293,+91,VoIP,P03736,,SIM709644,Airtel,2020-11-18,,Suspended,SRC004,0.81,2026-05-10 22:51:10,2025-01-04 02:23:37
PH00716,95477397343,+91,Landline,P03578,,SIM668162,Vi,2021-10-11,2025-11-01,Suspended,SRC025,0.99,2025-08-20 15:47:45,2025-01-21 02:21:26
PH00717,99957826768,+91,VoIP,P03937,,SIM282736,Airtel,2022-08-24,,Inactive,SRC014,0.99,2024-09-19 21:17:40,2025-12-29 14:08:13
PH00718,95281980181,+91,VoIP,,O0432,SIM347289,Vi,2024-07-24,,Suspended,SRC014,0.83,2024-07-03 06:37:37,2025-03-05 06:31:18
PH00719,99950293154,+91,Landline,P03220,,SIM224860,Vi,2022-10-09,,Active,SRC003,0.9,2024-10-25 15:52:58,2025-04-16 07:36:38
PH00720,96313364445,+91,Mobile,P00053,,SIM957590,Jio,2024-12-10,2025-03-11,Inactive,SRC018,0.95,2024-04-29 08:32:42,2025-11-11 15:43:27
PH00721,92095425745,+91,VoIP,P03462,,SIM586428,BSNL,2019-07-25,,Active,SRC010,0.98,2025-03-23 06:03:04,2024-01-10 07:47:55
PH00722,93172958114,+91,Landline,P00140,,SIM300374,BSNL,2022-07-14,2024-10-30,Suspended,SRC014,0.95,2025-06-28 16:21:33,2025-12-05 06:37:21
PH00723,92492143450,+91,VoIP,P00557,,SIM569454,Vi,2021-07-14,,Active,SRC003,0.91,2024-12-07 16:24:13,2025-09-09 22:46:21
PH00724,94182973701,+91,VoIP,P03021,,SIM820890,Vi,2020-08-16,,Active,SRC003,0.87,2024-07-18 08:57:32,2025-08-09 18:55:34
PH00725,92902874298,+91,Landline,P02316,,SIM169257,Airtel,2024-04-28,,Inactive,SRC004,0.82,2025-09-19 13:38:16,2024-01-14 13:44:07
PH00726,96121173714,+91,Mobile,P01211,,SIM662719,BSNL,2024-10-19,,Suspended,SRC013,0.88,2025-01-09 21:15:37,2026-01-06 20:31:32
PH00727,94137363117,+91,Mobile,,O0058,SIM230982,BSNL,2025-10-26,,Active,SRC030,0.96,2024-03-31 12:18:33,2024-02-06 20:39:17
PH00728,93927542691,+91,Landline,P00376,,SIM179310,Vi,2025-06-30,,Suspended,SRC017,0.97,2025-07-04 05:24:36,2024-11-10 19:38:40
PH00729,91356271664,+91,Mobile,P01642,,SIM718527,Airtel,2021-03-12,,Active,SRC002,0.81,2025-10-22 05:49:42,2025-08-06 18:37:29
PH00730,92461208851,+91,VoIP,P02619,,SIM298130,Jio,2025-12-09,,Inactive,SRC024,0.82,2024-11-11 05:32:11,2025-10-22 04:44:12
PH00731,93151781630,+91,Mobile,P01483,,SIM478642,BSNL,2026-04-14,,Suspended,SRC025,0.82,2026-02-25 12:04:30,2024-12-14 13:29:57
PH00732,98192670217,+91,VoIP,P03416,,SIM647608,Vi,2021-06-29,,Inactive,SRC020,0.83,2024-07-02 07:34:06,2025-03-16 13:57:09
PH00733,94816526222,+91,VoIP,P01599,,SIM500710,Airtel,2020-02-10,,Active,SRC016,0.95,2024-10-04 02:52:07,2025-03-13 23:00:10
PH00734,93116317039,+91,Mobile,P03898,,SIM171028,Jio,2026-04-09,,Suspended,SRC017,0.95,2026-06-30 12:26:50,2024-01-30 20:00:05
PH00735,96209192011,+91,VoIP,P02207,,SIM292903,Jio,2024-11-19,2026-02-10,Active,SRC006,0.82,2025-05-08 21:34:59,2025-05-17 03:08:31
PH00736,94141665122,+91,VoIP,P03976,,SIM650558,Airtel,2024-06-15,,Inactive,SRC012,0.86,2026-07-11 01:39:55,2025-07-21 11:17:17
PH00737,99398861586,+91,Mobile,P00180,,SIM319462,Airtel,2018-11-06,,Inactive,SRC019,0.93,2026-05-23 19:51:01,2025-02-02 23:26:21
PH00738,92260188311,+91,Mobile,P03636,,SIM829944,Vi,2024-01-05,,Active,SRC024,0.92,2025-02-21 08:05:13,2025-03-26 02:08:37
PH00739,95400585909,+91,VoIP,P01911,,SIM131143,Vi,2022-02-11,,Active,SRC024,0.9,2024-06-13 14:25:53,2024-05-14 13:31:02
PH00740,92981343415,+91,Mobile,P01661,,SIM902594,Airtel,2019-11-03,,Active,SRC012,0.82,2026-03-23 21:06:52,2025-07-27 10:47:11
PH00741,92606365836,+91,Landline,,O0238,SIM948998,Airtel,2022-05-19,,Active,SRC012,0.88,2026-03-31 06:03:55,2026-01-20 19:34:49
PH00742,92226060404,+91,Landline,P02427,,SIM401715,Jio,2020-04-30,2024-11-23,Inactive,SRC014,0.82,2025-04-05 15:26:23,2024-02-25 09:40:08
PH00743,92760527408,+91,Landline,P01308,,SIM682607,Jio,2024-02-17,,Inactive,SRC004,0.94,2026-01-12 04:47:26,2024-08-15 10:12:26
PH00744,94738968325,+91,Mobile,P03324,,SIM515276,Airtel,2021-07-21,,Suspended,SRC014,0.95,2025-04-03 16:37:59,2026-08-30 08:59:24
PH00745,93462289417,+91,Landline,P03600,,SIM941438,Airtel,2022-02-21,,Active,SRC025,0.98,2024-06-12 15:45:33,2024-08-23 19:48:02
PH00746,95772809169,+91,Landline,P03148,,SIM722458,BSNL,2026-03-01,,Inactive,SRC030,0.83,2024-02-04 06:04:30,2026-01-23 02:30:18
PH00747,97449965614,+91,Mobile,P02928,,SIM574888,Jio,2020-02-03,,Inactive,SRC015,0.87,2024-12-04 09:21:57,2024-04-26 07:06:27
PH00748,94360526342,+91,Mobile,P03098,,SIM975893,Airtel,2020-06-03,,Inactive,SRC021,0.97,2024-08-19 05:43:25,2025-01-08 04:55:33
PH00749,96307703592,+91,Mobile,P00933,,SIM760559,Vi,2024-12-27,,Active,SRC005,0.82,2025-02-27 12:00:25,2024-02-08 10:28:30
PH00750,92592402294,+91,Mobile,P00344,,SIM145806,Jio,2025-07-26,,Suspended,SRC019,0.87,2026-06-11 13:15:08,2025-12-29 08:07:36
PH00751,98738755518,+91,VoIP,P01668,,SIM926051,Airtel,2022-12-26,,Active,SRC023,0.85,2024-04-10 17:42:31,2024-11-30 04:45:54
PH00752,94109094640,+91,Landline,P02247,,SIM808189,Vi,2019-08-23,,Suspended,SRC029,0.99,2024-08-03 01:02:57,2025-11-12 18:44:59
PH00753,93545488798,+91,Mobile,P00047,,SIM606997,Vi,2020-04-03,,Suspended,SRC001,0.98,2024-03-16 21:31:21,2025-02-17 07:15:33
PH00754,98416033735,+91,Mobile,P02738,,SIM245586,Vi,2022-02-24,,Suspended,SRC009,0.93,2026-05-26 06:15:48,2024-09-21 18:11:46
PH00755,97196957287,+91,Mobile,P02374,,SIM696717,Jio,2025-08-27,,Active,SRC015,0.88,2024-06-28 16:51:36,2024-11-12 18:03:04
PH00756,97090635357,+91,VoIP,P02839,,SIM685130,BSNL,2025-02-16,,Active,SRC012,0.82,2024-11-02 05:09:16,2026-02-09 13:13:19
PH00757,92793157028,+91,Landline,P00215,,SIM411302,Jio,2021-01-05,,Suspended,SRC014,0.88,2025-02-25 00:00:43,2025-10-01 04:32:05
PH00758,91955907824,+91,Landline,,O0171,SIM419154,Vi,2019-02-09,,Inactive,SRC021,0.91,2026-04-25 11:10:05,2024-03-05 04:54:08
PH00759,94999246446,+91,VoIP,,O0349,SIM758603,BSNL,2021-01-21,,Active,SRC021,0.86,2026-04-10 21:51:24,2024-09-10 12:13:14
PH00760,92368624595,+91,VoIP,P00815,,SIM787564,Vi,2024-09-05,,Active,SRC005,0.97,2024-06-20 21:30:04,2025-09-06 09:58:57
PH00761,94056562304,+91,Landline,P02099,,SIM249537,BSNL,2021-04-22,,Suspended,SRC017,0.87,2026-02-14 07:51:09,2024-08-08 20:49:03
PH00762,96754131449,+91,VoIP,,O0013,SIM533687,Jio,2023-11-08,,Suspended,SRC019,0.91,2024-01-06 11:38:14,2025-08-24 02:41:32
PH00763,93765086219,+91,VoIP,P00600,,SIM584384,Vi,2021-12-14,,Inactive,SRC007,0.98,2025-01-29 20:46:24,2025-10-13 06:53:01
PH00764,91197746222,+91,VoIP,P01524,,SIM565400,BSNL,2021-01-27,,Suspended,SRC020,0.88,2026-08-30 15:01:21,2026-02-09 17:00:21
PH00765,93307090385,+91,Mobile,P03248,,SIM631026,Jio,2022-04-20,,Suspended,SRC002,0.9,2026-01-05 11:24:45,2025-05-26 23:05:14
PH00766,93499958518,+91,Landline,P00134,,SIM448981,Jio,2021-11-30,,Suspended,SRC030,0.99,2025-08-04 21:17:18,2026-04-27 08:07:59
PH00767,99680296175,+91,Landline,P02500,,SIM578949,Airtel,2019-11-15,,Inactive,SRC028,0.83,2025-02-21 04:55:17,2026-06-27 07:20:47
PH00768,98046422896,+91,Landline,P03781,,SIM232249,Jio,2023-06-26,,Inactive,SRC027,0.9,2024-11-23 02:47:09,2025-04-22 12:54:44
PH00769,96292607077,+91,VoIP,P00737,,SIM197280,Jio,2019-12-30,,Suspended,SRC021,0.87,2026-03-31 20:10:22,2026-04-19 04:52:10
PH00770,97906315659,+91,Mobile,P02804,,SIM996108,BSNL,2019-09-27,,Suspended,SRC017,0.87,2024-02-01 22:26:40,2024-07-05 05:47:59
PH00771,98537026018,+91,VoIP,P02017,,SIM598760,Vi,2022-02-04,,Inactive,SRC024,0.96,2025-07-28 13:35:36,2025-10-23 04:41:16
PH00772,92790917542,+91,VoIP,P00676,,SIM653584,Airtel,2019-10-28,,Inactive,SRC026,0.96,2025-05-05 19:30:35,2025-09-20 06:47:25
PH00773,97348520429,+91,VoIP,P01389,,SIM266939,BSNL,2025-11-25,,Suspended,SRC006,0.96,2025-08-04 03:57:31,2025-05-30 02:11:36
PH00774,97975887985,+91,VoIP,P03351,,SIM864224,BSNL,2020-01-17,,Active,SRC009,0.83,2025-02-15 08:47:44,2024-07-07 12:34:30
PH00775,95989911257,+91,VoIP,P02094,,SIM650444,BSNL,2026-02-16,2026-01-06,Suspended,SRC005,0.93,2025-09-13 12:50:35,2026-05-08 06:55:50
PH00776,96830606218,+91,Mobile,P02481,,SIM755413,Vi,2022-07-20,,Inactive,SRC014,0.83,2024-05-04 19:02:05,2025-04-03 22:12:35
PH00777,94600615844,+91,VoIP,P01896,,SIM693704,Airtel,2026-07-18,,Inactive,SRC026,0.95,2025-12-14 19:00:19,2024-03-25 07:22:26
PH00778,94891436153,+91,Landline,P01377,,SIM551819,Vi,2022-04-16,,Suspended,SRC008,0.81,2024-07-13 20:23:43,2024-09-09 02:44:17
PH00779,92483431577,+91,Mobile,P00233,,SIM207779,Airtel,2025-06-13,,Suspended,SRC012,0.99,2024-05-25 23:54:32,2024-11-18 10:19:58
PH00780,98712873595,+91,Landline,P01340,,SIM670304,Airtel,2025-07-14,,Suspended,SRC017,0.91,2025-12-28 09:08:55,2025-08-10 08:12:10
PH00781,93593901061,+91,Landline,P00446,,SIM398470,Airtel,2023-10-29,,Active,SRC017,0.96,2025-06-10 10:57:53,2026-07-30 08:35:24
PH00782,98496103716,+91,VoIP,P01910,,SIM531310,BSNL,2025-04-24,,Inactive,SRC004,0.96,2024-05-05 17:06:43,2025-10-07 20:14:37
PH00783,94146885335,+91,Landline,P02687,,SIM997133,Jio,2020-04-20,,Suspended,SRC012,0.9,2025-07-08 23:14:16,2025-11-20 03:25:28
PH00784,93420845796,+91,Landline,P03254,,SIM593352,Vi,2023-01-11,,Suspended,SRC012,0.96,2025-01-28 05:11:38,2024-02-24 10:26:56
PH00785,96570943259,+91,Mobile,P00199,,SIM665745,Vi,2020-07-28,,Active,SRC024,0.94,2026-04-19 15:51:14,2025-08-29 03:57:14
PH00786,99439695122,+91,VoIP,P00033,,SIM845671,Vi,2019-07-14,,Inactive,SRC008,0.96,2024-09-05 23:57:55,2025-08-03 03:41:01
PH00787,97135030324,+91,VoIP,P00339,,SIM635540,BSNL,2019-11-06,,Active,SRC010,0.96,2025-11-02 19:00:06,2024-09-27 21:53:32
PH00788,97674651914,+91,VoIP,,O0132,SIM873281,Airtel,2019-11-19,,Inactive,SRC003,0.84,2025-10-20 06:26:03,2026-08-01 13:12:01
PH00789,93021339422,+91,Mobile,,O0009,SIM790553,Airtel,2023-08-19,,Active,SRC009,0.81,2024-11-06 09:25:27,2025-05-02 23:48:03
PH00790,95537538360,+91,VoIP,P03731,,SIM145407,BSNL,2021-09-16,,Suspended,SRC024,0.82,2025-07-12 06:41:41,2025-08-20 13:15:16
PH00791,97097064591,+91,VoIP,P03678,,SIM518699,BSNL,2021-03-16,,Inactive,SRC029,0.89,2024-12-26 09:38:15,2026-07-10 20:07:26
PH00792,95295640433,+91,Mobile,P00692,,SIM778780,Jio,2019-07-09,,Active,SRC002,0.81,2024-05-24 07:16:37,2026-03-02 17:44:51
PH00793,95035949235,+91,VoIP,P01714,,SIM518801,Airtel,2020-06-26,,Active,SRC004,0.92,2026-01-22 03:23:12,2025-01-14 21:02:35
PH00794,97691841063,+91,Mobile,P01571,,SIM886391,Jio,2021-05-13,,Inactive,SRC006,0.85,2024-03-13 14:24:45,2025-11-11 10:05:12
PH00795,92776779784,+91,VoIP,,O0377,SIM394317,Vi,2020-05-14,,Inactive,SRC002,0.92,2025-09-12 16:58:56,2024-06-14 10:58:19
PH00796,98316150510,+91,VoIP,P00137,,SIM813279,Vi,2020-07-01,,Suspended,SRC012,0.96,2024-03-24 05:45:50,2026-07-04 03:10:39
PH00797,91715209196,+91,Mobile,P00063,,SIM755205,Vi,2024-05-01,,Active,SRC016,0.96,2025-12-22 08:11:16,2024-03-19 19:52:08
PH00798,96361763590,+91,VoIP,,O0488,SIM326694,Airtel,2025-07-31,,Active,SRC030,0.92,2025-06-11 00:21:44,2024-06-24 21:39:39
PH00799,98842763703,+91,Mobile,P03345,,SIM230348,Vi,2018-10-26,,Inactive,SRC010,0.86,2025-09-23 20:07:43,2024-11-30 03:22:09
PH00800,99094968539,+91,Mobile,P03749,,SIM222714,Vi,2023-03-21,,Suspended,SRC019,0.9,2024-04-11 12:14:24,2026-08-23 18:50:01
PH00801,99147755624,+91,Landline,P02119,,SIM777298,Jio,2025-05-06,,Suspended,SRC019,0.93,2024-04-03 00:00:48,2024-02-14 11:01:02
PH00802,95715307834,+91,VoIP,P02985,,SIM437605,BSNL,2022-10-22,,Active,SRC022,0.96,2025-06-12 20:39:17,2026-05-18 10:32:05
PH00803,94292281784,+91,Landline,P03467,,SIM801490,Jio,2023-06-15,2025-06-27,Inactive,SRC022,0.81,2024-12-03 04:27:26,2025-07-26 17:02:44
PH00804,92955296532,+91,Mobile,P01211,,SIM395661,Jio,2021-12-21,2025-07-22,Inactive,SRC007,0.92,2026-07-10 06:17:37,2025-08-04 13:09:47
PH00805,95063833122,+91,Mobile,P02400,,SIM767680,Airtel,2018-12-28,,Inactive,SRC023,0.81,2026-06-11 07:19:45,2024-06-21 08:37:16
PH00806,96751535242,+91,Landline,P03569,,SIM137581,Jio,2018-11-30,,Active,SRC014,0.82,2026-04-21 18:38:55,2024-10-05 11:40:19
PH00807,97757214867,+91,Mobile,P03051,,SIM464384,Airtel,2025-05-20,,Active,SRC028,0.87,2024-02-01 21:35:24,2026-06-16 15:14:53
PH00808,92291092850,+91,Mobile,P02512,,SIM972795,BSNL,2025-01-05,,Suspended,SRC019,0.97,2026-01-23 20:26:32,2025-11-28 11:41:55
PH00809,99416309665,+91,Mobile,P01149,,SIM675916,Jio,2022-05-16,,Suspended,SRC011,0.91,2025-03-23 01:28:52,2024-08-19 08:37:32
PH00810,93226571948,+91,Mobile,P02716,,SIM776049,Vi,2026-06-20,,Suspended,SRC025,0.99,2025-01-30 09:17:15,2024-09-19 14:50:47
PH00811,99639690617,+91,Mobile,P01746,,SIM737932,BSNL,2020-09-24,2025-03-13,Active,SRC022,0.96,2025-06-23 17:17:46,2025-11-03 22:36:07
PH00812,91982688104,+91,VoIP,P02220,,SIM762883,Vi,2023-01-10,,Suspended,SRC003,0.99,2025-07-18 11:32:39,2024-12-26 06:48:15
PH00813,97088345475,+91,VoIP,P01592,,SIM329768,Vi,2024-01-06,,Suspended,SRC020,0.92,2025-02-09 12:30:44,2024-08-16 22:29:39
PH00814,99002969303,+91,Landline,P01390,,SIM478955,Airtel,2024-04-18,,Active,SRC005,0.85,2025-09-03 23:35:42,2026-08-10 19:33:34
PH00815,93428132044,+91,Landline,P00124,,SIM135038,Vi,2019-01-16,2026-02-06,Inactive,SRC028,0.86,2024-09-18 13:43:07,2026-05-19 20:52:48
PH00816,95914334722,+91,Landline,P02156,,SIM654499,Airtel,2024-02-08,,Inactive,SRC012,0.91,2025-09-27 03:54:15,2024-09-09 20:35:56
PH00817,94773577457,+91,Landline,P01853,,SIM703070,Jio,2021-11-26,,Inactive,SRC004,0.93,2026-05-15 10:46:42,2026-02-15 06:36:27
PH00818,91940786906,+91,VoIP,P01790,,SIM624917,BSNL,2022-02-14,,Active,SRC009,0.87,2024-09-04 18:01:32,2025-05-29 13:32:19
PH00819,92610950442,+91,VoIP,P00919,,SIM447186,Vi,2020-09-08,2025-08-16,Suspended,SRC018,0.81,2024-09-28 12:44:52,2024-11-03 16:54:45
PH00820,98916843212,+91,Landline,P01057,,SIM478583,BSNL,2019-08-20,,Suspended,SRC029,0.88,2025-02-01 15:00:02,2025-12-08 15:35:09
PH00821,92576343434,+91,VoIP,P00122,,SIM580733,Vi,2024-10-31,,Active,SRC011,0.83,2026-05-12 16:15:48,2025-11-28 04:32:16
PH00822,98476266324,+91,VoIP,P00305,,SIM188984,Jio,2019-02-19,,Active,SRC025,0.84,2025-04-24 23:53:10,2025-11-11 19:54:39
PH00823,98125438038,+91,Landline,P01006,,SIM202720,BSNL,2024-04-26,,Suspended,SRC013,0.84,2025-05-01 00:40:28,2025-09-05 13:32:01
PH00824,97660082122,+91,VoIP,P01253,,SIM629144,Airtel,2020-03-24,,Active,SRC023,0.93,2025-09-18 12:39:52,2025-06-02 19:39:13
PH00825,97464878858,+91,VoIP,P02490,,SIM775255,Vi,2020-03-23,,Suspended,SRC018,0.83,2025-10-25 16:34:48,2024-02-26 13:55:19
PH00826,98525766902,+91,VoIP,P01212,,SIM205479,BSNL,2024-03-19,2025-04-23,Suspended,SRC006,0.96,2025-03-20 05:05:57,2024-12-31 14:36:11
PH00827,91501221509,+91,VoIP,P00342,,SIM684731,BSNL,2020-10-10,,Active,SRC004,0.89,2024-04-30 10:40:13,2025-04-13 12:44:26
PH00828,96348624097,+91,Mobile,P02218,,SIM554696,BSNL,2024-11-26,,Suspended,SRC017,0.94,2025-10-10 19:29:22,2025-02-01 11:53:51
PH00829,97637923036,+91,VoIP,P01030,,SIM401768,Airtel,2020-07-12,,Active,SRC007,0.98,2025-06-21 00:47:09,2026-05-04 21:25:00
PH00830,94652800290,+91,Landline,P01671,,SIM841764,Jio,2019-03-21,,Active,SRC029,0.89,2024-02-04 09:32:36,2026-04-29 22:56:36
PH00831,96855565676,+91,VoIP,P03430,,SIM321699,Airtel,2023-07-12,,Inactive,SRC024,0.97,2026-07-18 08:46:56,2025-06-14 16:18:18
PH00832,92243940817,+91,Mobile,P02878,,SIM951794,Vi,2025-06-25,,Inactive,SRC002,0.95,2025-12-23 15:08:51,2024-03-10 06:05:01
PH00833,99766258225,+91,VoIP,P01446,,SIM321044,Vi,2024-09-02,,Active,SRC028,0.96,2026-05-09 23:17:38,2026-02-14 11:38:11
PH00834,99643039540,+91,Mobile,P01528,,SIM783782,BSNL,2020-07-18,2025-07-17,Suspended,SRC006,0.87,2025-02-16 21:00:33,2025-07-04 04:45:50
PH00835,95990663505,+91,Mobile,,O0371,SIM594628,Vi,2024-04-24,,Inactive,SRC003,0.9,2024-03-25 05:20:58,2026-08-20 07:57:55
PH00836,92939404229,+91,Mobile,P00557,,SIM249724,Jio,2022-03-26,2026-05-22,Inactive,SRC025,0.92,2024-09-26 22:27:10,2025-08-21 14:56:54
PH00837,91730920637,+91,Mobile,P02370,,SIM326835,BSNL,2021-12-12,,Inactive,SRC022,0.92,2026-02-26 23:04:44,2024-08-19 01:30:23
PH00838,91689480735,+91,Landline,P03809,,SIM540900,Jio,2022-06-24,2025-02-27,Inactive,SRC027,0.9,2024-03-19 20:24:48,2025-09-23 10:53:20
PH00839,98293503263,+91,Landline,P03873,,SIM402644,Airtel,2025-04-17,,Inactive,SRC002,0.89,2024-11-10 02:47:27,2024-01-18 17:31:46
PH00840,98068351527,+91,VoIP,P03844,,SIM700507,Airtel,2020-08-09,,Active,SRC003,0.83,2026-07-15 14:45:51,2025-05-14 19:21:07
PH00841,92358464746,+91,Mobile,P02050,,SIM632754,BSNL,2020-12-25,,Active,SRC012,0.85,2026-07-19 05:22:04,2025-01-05 05:44:56
PH00842,94769584270,+91,VoIP,P00309,,SIM272736,BSNL,2025-07-28,2025-02-22,Inactive,SRC025,0.89,2024-09-01 19:54:35,2024-02-02 09:32:07
PH00843,99191390979,+91,Landline,,O0497,SIM521190,BSNL,2020-11-20,,Suspended,SRC011,0.86,2026-01-30 13:54:48,2026-04-12 09:12:58
PH00844,93821177538,+91,VoIP,P01284,,SIM379713,Airtel,2020-01-06,,Inactive,SRC009,0.9,2025-06-30 04:53:42,2024-02-14 15:20:21
PH00845,97595878961,+91,VoIP,P02726,,SIM887305,Jio,2024-10-05,,Inactive,SRC026,0.91,2026-06-27 02:14:10,2025-01-29 18:17:29
PH00846,99626211758,+91,Landline,P02831,,SIM543640,Vi,2019-05-24,,Active,SRC011,0.86,2025-03-09 12:00:34,2024-01-23 22:33:05
PH00847,93412023572,+91,VoIP,P00618,,SIM339287,Airtel,2023-10-29,,Active,SRC019,0.89,2026-02-23 17:21:40,2025-10-04 17:22:43
PH00848,93408937387,+91,Landline,P03057,,SIM578224,BSNL,2020-02-17,,Suspended,SRC018,0.89,2025-06-12 15:38:40,2024-10-08 20:29:29
PH00849,92480106305,+91,Mobile,P03803,,SIM204651,BSNL,2019-03-20,,Active,SRC003,0.81,2025-06-06 03:18:27,2025-06-24 06:51:45
PH00850,98886523235,+91,Mobile,P01831,,SIM140631,Airtel,2018-11-21,,Inactive,SRC014,0.97,2024-10-30 19:34:26,2024-04-13 12:35:46
PH00851,98085254337,+91,Mobile,P02640,,SIM482416,Jio,2020-07-27,,Suspended,SRC027,0.9,2026-02-25 20:15:21,2025-04-05 01:50:57
PH00852,94848269096,+91,VoIP,P03719,,SIM564614,Airtel,2025-07-02,,Suspended,SRC013,0.91,2026-08-28 03:52:26,2026-06-06 12:15:04
PH00853,98692434317,+91,Landline,P00965,,SIM226578,Vi,2019-01-27,,Suspended,SRC029,0.91,2024-09-11 10:42:05,2025-11-27 04:57:11
PH00854,97111782073,+91,Mobile,P01656,,SIM151238,Jio,2021-04-25,,Suspended,SRC001,0.9,2024-02-26 21:35:03,2025-10-06 23:42:50
PH00855,96487441365,+91,Mobile,P01985,,SIM143012,Jio,2020-10-26,,Active,SRC012,0.88,2024-11-25 16:22:38,2025-07-08 09:09:35
PH00856,93712967383,+91,VoIP,,O0213,SIM935904,Jio,2021-05-08,,Suspended,SRC009,0.9,2025-09-30 10:02:23,2024-11-07 21:51:48
PH00857,94784684068,+91,VoIP,P02878,,SIM818989,Airtel,2022-12-07,,Suspended,SRC004,0.97,2024-10-08 13:27:33,2026-08-24 20:02:19
PH00858,98716301523,+91,Landline,P00427,,SIM525600,BSNL,2024-04-09,,Inactive,SRC009,0.9,2024-05-08 21:19:17,2024-09-15 09:35:23
PH00859,91456281551,+91,Mobile,P03393,,SIM414172,Vi,2023-02-10,,Suspended,SRC030,0.88,2025-10-27 18:08:39,2024-05-07 08:13:51
PH00860,93849891408,+91,VoIP,P01867,,SIM108408,Vi,2026-06-07,,Active,SRC030,0.95,2026-01-15 11:00:48,2025-07-20 20:11:24
PH00861,98968155714,+91,Landline,P02066,,SIM107427,Airtel,2025-12-13,,Active,SRC024,0.88,2026-07-09 11:19:49,2024-09-13 09:28:33
PH00862,99548014242,+91,Mobile,P00430,,SIM457392,Vi,2021-11-12,,Suspended,SRC020,0.89,2025-02-03 06:40:49,2025-06-19 08:36:09
PH00863,92897034378,+91,Mobile,P01955,,SIM549616,BSNL,2026-05-28,2025-07-22,Active,SRC029,0.95,2026-02-27 15:29:32,2026-01-05 19:12:10
PH00864,96059339319,+91,VoIP,P03982,,SIM458797,Airtel,2020-03-31,2025-01-13,Inactive,SRC009,0.89,2025-07-08 19:14:23,2024-04-19 12:28:20
PH00865,99723223046,+91,VoIP,P00571,,SIM893033,Airtel,2020-09-30,,Inactive,SRC019,0.87,2026-02-19 03:31:57,2025-04-01 21:34:40
PH00866,93414184578,+91,Landline,P00438,,SIM802424,Vi,2023-08-02,,Inactive,SRC018,0.98,2026-07-03 08:02:32,2024-12-05 10:08:52
PH00867,96021252581,+91,Mobile,P00189,,SIM886473,Airtel,2025-05-03,,Inactive,SRC023,0.88,2025-08-01 06:02:13,2026-05-09 13:48:49
PH00868,92709309505,+91,VoIP,,O0244,SIM759976,Jio,2019-07-10,,Active,SRC027,0.89,2024-05-01 06:50:49,2026-03-07 12:23:43
PH00869,96776138938,+91,Mobile,P03667,,SIM440297,Vi,2018-12-12,,Suspended,SRC022,0.81,2024-04-01 05:24:55,2025-11-28 15:05:10
PH00870,95342056438,+91,Landline,P01766,,SIM659359,BSNL,2021-06-21,,Suspended,SRC007,0.86,2024-04-18 18:33:49,2024-11-02 22:37:08
PH00871,97745019515,+91,VoIP,,O0097,SIM678783,Vi,2022-11-29,,Active,SRC023,0.93,2026-01-16 20:05:25,2025-01-18 12:06:39
PH00872,93758430379,+91,Landline,P03921,,SIM415969,Vi,2020-04-04,,Active,SRC006,0.94,2024-10-15 02:09:32,2026-02-09 19:10:36
PH00873,95978636880,+91,Landline,P01078,,SIM234469,Vi,2022-06-15,,Active,SRC012,0.95,2025-09-26 20:15:23,2025-03-13 17:35:32
PH00874,96226892254,+91,VoIP,P01228,,SIM293450,Jio,2025-05-26,,Inactive,SRC017,0.95,2024-04-28 09:14:23,2026-03-05 00:47:19
PH00875,92145872277,+91,Landline,P02847,,SIM224929,Vi,2020-10-08,2026-06-27,Inactive,SRC017,0.91,2025-08-18 06:57:10,2024-03-02 04:22:25
PH00876,95380285143,+91,Landline,P01588,,SIM113698,BSNL,2019-04-14,2025-09-04,Active,SRC009,0.81,2026-06-04 15:32:39,2024-05-19 02:03:01
PH00877,94557164013,+91,VoIP,,O0287,SIM154951,Jio,2024-07-25,,Active,SRC016,0.84,2024-05-16 00:50:29,2025-07-10 05:27:32
PH00878,96656045746,+91,Mobile,P00628,,SIM966023,Airtel,2023-07-03,,Inactive,SRC022,0.89,2025-04-27 02:05:50,2024-02-28 14:03:17
PH00879,96809127204,+91,Mobile,P00688,,SIM939209,Vi,2019-12-19,,Active,SRC024,0.82,2025-03-14 02:01:36,2026-02-22 19:08:45
PH00880,98703274445,+91,Mobile,P00986,,SIM738432,BSNL,2023-07-03,,Inactive,SRC021,0.91,2025-04-22 21:38:55,2024-11-15 12:45:44
PH00881,92207135283,+91,VoIP,P00478,,SIM858323,BSNL,2021-12-29,,Active,SRC026,0.91,2026-03-20 09:28:01,2025-08-27 23:22:55
PH00882,96186387476,+91,VoIP,P03967,,SIM177490,Vi,2020-03-24,,Inactive,SRC018,0.98,2025-03-11 23:45:04,2026-06-30 21:06:59
PH00883,93972970325,+91,Mobile,P00210,,SIM759577,Vi,2022-09-10,,Inactive,SRC003,0.86,2024-10-24 14:11:55,2025-05-24 00:32:33
PH00884,98243823508,+91,Landline,P02247,,SIM646426,Airtel,2026-05-02,,Suspended,SRC015,0.86,2024-06-18 02:36:45,2025-07-03 13:01:21
PH00885,94243091176,+91,VoIP,P03019,,SIM970424,Airtel,2023-11-06,,Active,SRC024,0.94,2026-01-02 23:11:07,2026-06-10 23:47:03
PH00886,93113468917,+91,VoIP,,O0045,SIM262043,Jio,2022-09-14,,Active,SRC023,0.88,2024-01-20 12:38:59,2026-01-06 21:02:51
PH00887,91793762658,+91,VoIP,P02949,,SIM591919,Vi,2021-05-31,,Active,SRC003,0.96,2026-06-18 15:11:04,2024-08-19 17:15:13
PH00888,91553116610,+91,Landline,P03378,,SIM645954,Jio,2024-06-28,,Active,SRC007,0.85,2025-04-02 19:50:43,2026-06-15 12:01:17
PH00889,98849655851,+91,Landline,,O0286,SIM924443,Jio,2022-06-09,,Suspended,SRC024,0.97,2024-06-27 15:33:44,2025-06-01 23:44:32
PH00890,93029059581,+91,VoIP,,O0209,SIM535882,Vi,2021-11-10,,Inactive,SRC021,0.85,2025-07-17 23:20:38,2024-08-10 13:49:59
PH00891,99578822965,+91,VoIP,P00679,,SIM651012,Jio,2026-05-17,,Active,SRC021,0.93,2026-06-19 06:43:55,2026-01-24 23:08:08
PH00892,98552659149,+91,Landline,P03663,,SIM502981,Airtel,2021-11-01,,Suspended,SRC003,0.84,2026-08-08 17:50:07,2025-12-29 15:28:04
PH00893,94595560847,+91,VoIP,,O0035,SIM932229,Airtel,2020-12-23,,Suspended,SRC003,0.92,2026-07-04 11:22:25,2025-11-30 15:31:47
PH00894,96918380004,+91,Mobile,P03289,,SIM888358,Vi,2025-08-23,,Suspended,SRC006,0.82,2026-06-02 13:51:36,2025-03-03 05:36:47
PH00895,98368576255,+91,Landline,P03451,,SIM789982,Airtel,2022-07-25,,Suspended,SRC005,0.85,2026-07-10 11:55:20,2024-11-07 05:46:55
PH00896,97212416789,+91,VoIP,P03475,,SIM656319,Airtel,2022-09-06,,Suspended,SRC007,0.92,2026-05-15 17:29:47,2025-12-31 23:54:44
PH00897,93007006393,+91,Mobile,P01718,,SIM596931,Jio,2025-05-21,,Suspended,SRC001,0.82,2024-12-09 05:28:40,2026-05-07 15:10:41
PH00898,98442618022,+91,VoIP,P00915,,SIM246509,BSNL,2020-02-28,,Active,SRC002,0.9,2024-09-30 19:00:55,2024-05-19 07:31:21
PH00899,93947661678,+91,VoIP,P02203,,SIM127028,Jio,2025-03-15,,Active,SRC015,0.96,2024-03-29 08:19:11,2025-05-06 21:01:07
PH00900,97462323478,+91,Mobile,P03925,,SIM233426,Jio,2020-10-11,2024-11-20,Suspended,SRC014,0.89,2026-05-26 22:05:26,2024-12-22 11:35:10
PH00901,92141665951,+91,Landline,P01126,,SIM271160,Airtel,2024-09-15,,Suspended,SRC025,0.98,2026-05-24 13:03:53,2024-08-07 12:56:34
PH00902,94992105251,+91,Mobile,,O0497,SIM990865,Jio,2022-11-22,,Inactive,SRC023,0.95,2024-02-17 12:32:18,2024-02-03 15:50:59
PH00903,92558289251,+91,Landline,P00433,,SIM375492,BSNL,2026-06-24,,Active,SRC008,0.93,2024-01-01 13:24:26,2026-02-26 03:49:08
PH00904,97143614994,+91,VoIP,P02803,,SIM539017,Vi,2021-06-22,,Suspended,SRC022,0.95,2024-08-18 19:11:44,2026-07-29 17:24:42
PH00905,99198912717,+91,VoIP,P01767,,SIM108154,Airtel,2022-05-23,,Active,SRC009,0.87,2025-07-20 02:05:12,2024-12-31 07:48:23
PH00906,94588048413,+91,Landline,P00193,,SIM824993,Airtel,2020-11-23,,Inactive,SRC012,0.81,2025-05-14 08:25:48,2025-03-30 08:32:58
PH00907,92058311080,+91,Landline,P00138,,SIM965619,Vi,2023-08-17,2024-11-14,Suspended,SRC011,0.88,2026-02-20 19:21:54,2024-04-17 01:32:24
PH00908,95223345091,+91,Mobile,P00828,,SIM716705,Jio,2019-06-07,,Suspended,SRC021,0.86,2026-07-27 04:32:20,2024-03-29 11:11:19
PH00909,99455351929,+91,Mobile,P01543,,SIM359806,BSNL,2020-10-17,,Active,SRC014,0.84,2024-01-14 22:24:14,2024-03-21 17:44:43
PH00910,93606883344,+91,Landline,P00482,,SIM849956,BSNL,2025-02-20,,Active,SRC013,0.82,2026-05-23 03:20:03,2025-09-28 02:41:25
PH00911,94125347535,+91,VoIP,P01951,,SIM184380,BSNL,2021-04-27,,Active,SRC014,0.97,2025-04-29 14:43:49,2026-07-14 11:50:07
PH00912,95133550823,+91,Landline,P02336,,SIM781431,Jio,2023-03-24,,Inactive,SRC013,0.89,2026-05-17 09:22:08,2025-02-12 12:46:05
PH00913,92175868477,+91,Mobile,P01082,,SIM771228,BSNL,2023-10-21,2025-06-30,Suspended,SRC029,0.86,2024-04-16 05:00:26,2026-06-25 20:21:03
PH00914,98567191514,+91,VoIP,P00486,,SIM166478,Airtel,2023-07-11,,Inactive,SRC029,0.99,2025-11-11 18:50:02,2024-05-12 00:42:53
PH00915,99471278841,+91,Landline,P02282,,SIM882525,Jio,2018-10-09,,Active,SRC014,0.85,2026-07-31 05:29:14,2025-03-23 23:47:23
PH00916,92611452782,+91,Landline,P03640,,SIM430086,Jio,2020-09-07,2026-02-15,Suspended,SRC021,0.99,2026-03-06 09:29:54,2025-07-16 14:11:11
PH00917,91056035422,+91,Mobile,P03960,,SIM486588,Jio,2020-08-03,2026-08-06,Suspended,SRC030,0.83,2025-05-24 18:03:09,2024-05-29 23:13:32
PH00918,92694439319,+91,Mobile,P03688,,SIM888337,Vi,2022-04-11,2026-05-30,Active,SRC009,0.86,2024-04-27 05:52:05,2025-01-28 14:17:18
PH00919,94318955596,+91,Mobile,P03992,,SIM280059,Airtel,2025-07-15,,Active,SRC019,0.83,2024-03-08 01:34:38,2025-07-03 19:24:11
PH00920,94996316765,+91,Mobile,P02590,,SIM653177,Airtel,2026-04-26,,Suspended,SRC030,0.91,2025-08-03 14:08:06,2024-03-19 10:33:45
PH00921,94980017361,+91,Landline,P01995,,SIM356605,Airtel,2024-05-20,,Active,SRC030,0.98,2024-03-06 19:14:25,2025-10-18 23:14:12
PH00922,91052291114,+91,Mobile,P00214,,SIM278484,Vi,2024-01-24,,Active,SRC009,0.8,2026-07-11 05:26:49,2025-05-01 00:21:57
PH00923,95855333031,+91,Mobile,P00566,,SIM606690,Vi,2025-03-10,,Inactive,SRC002,0.8,2025-01-10 01:26:16,2024-08-09 06:19:10
PH00924,94171539322,+91,Landline,P03502,,SIM575254,BSNL,2019-04-07,,Suspended,SRC028,0.98,2024-08-04 13:13:15,2024-04-01 22:00:13
PH00925,94156827830,+91,Landline,P03541,,SIM520549,Jio,2025-03-06,,Inactive,SRC029,0.86,2024-07-25 14:37:54,2025-09-26 04:52:45
PH00926,91800802270,+91,VoIP,P02286,,SIM278162,BSNL,2026-06-16,,Suspended,SRC005,0.89,2025-09-30 08:26:53,2025-07-29 01:58:43
PH00927,97951066855,+91,Mobile,P02787,,SIM870222,Vi,2018-09-06,,Suspended,SRC007,0.93,2026-06-06 02:24:17,2026-01-10 12:53:24
PH00928,96264125714,+91,Landline,P01296,,SIM154890,Jio,2026-07-06,,Inactive,SRC018,0.85,2024-12-29 00:43:56,2025-04-16 22:43:35
PH00929,96773189899,+91,Landline,P03744,,SIM307909,Airtel,2025-01-09,,Inactive,SRC026,0.98,2024-08-14 05:20:49,2026-02-13 08:58:48
PH00930,95124561502,+91,Mobile,,O0494,SIM252777,Vi,2020-10-10,,Suspended,SRC029,0.98,2024-05-26 07:58:46,2024-03-06 23:02:33
PH00931,95507538008,+91,VoIP,,O0312,SIM431705,Vi,2020-05-02,,Active,SRC009,0.93,2025-04-18 20:34:06,2024-03-05 11:54:25
PH00932,91507192529,+91,Mobile,P01117,,SIM344662,BSNL,2024-06-27,,Active,SRC014,0.83,2026-08-11 20:43:42,2025-01-13 14:22:47
PH00933,93371163028,+91,VoIP,P00915,,SIM801499,BSNL,2026-04-27,,Suspended,SRC007,0.98,2025-07-17 23:26:19,2026-04-28 15:41:48
PH00934,96579779424,+91,Mobile,P02520,,SIM909901,Jio,2026-01-30,,Active,SRC009,0.83,2026-08-12 23:24:32,2026-06-28 11:24:58
PH00935,96009452772,+91,VoIP,,O0182,SIM615659,Airtel,2018-12-11,,Suspended,SRC020,0.98,2025-06-30 15:49:10,2026-01-24 16:23:39
PH00936,91488238546,+91,Mobile,P03146,,SIM763053,BSNL,2018-12-09,,Active,SRC022,0.95,2025-01-30 15:56:56,2026-03-04 18:03:26
PH00937,91179826705,+91,Mobile,P01386,,SIM956342,Airtel,2022-05-27,,Active,SRC029,0.93,2025-11-25 22:52:31,2024-04-15 00:20:51
PH00938,92545326634,+91,Mobile,P01868,,SIM600463,Jio,2026-07-10,,Inactive,SRC001,0.94,2026-03-17 09:45:10,2025-05-31 21:05:21
PH00939,94672488682,+91,Mobile,P02593,,SIM156949,Jio,2022-03-04,,Active,SRC019,0.8,2025-01-19 20:28:31,2026-02-09 22:50:49
PH00940,93401439348,+91,Mobile,P00251,,SIM694913,Airtel,2026-03-15,,Active,SRC004,0.95,2025-05-03 13:24:34,2025-12-27 05:17:32
PH00941,95746293214,+91,Mobile,,O0102,SIM404385,Jio,2023-12-25,,Suspended,SRC027,0.83,2026-04-08 00:21:59,2024-07-29 06:32:45
PH00942,92691992285,+91,VoIP,P03999,,SIM395035,Airtel,2022-01-08,,Suspended,SRC029,0.87,2025-09-05 21:38:57,2025-09-18 08:43:48
PH00943,93071545252,+91,VoIP,,O0262,SIM601473,Jio,2020-03-14,,Inactive,SRC006,0.98,2024-02-08 18:59:32,2025-03-31 02:49:02
PH00944,95515172833,+91,VoIP,P02908,,SIM794116,Airtel,2019-07-15,2026-06-09,Suspended,SRC017,0.84,2024-12-31 21:12:58,2025-09-30 20:38:35
PH00945,99225215121,+91,Landline,P01536,,SIM427192,Vi,2018-10-07,,Inactive,SRC007,0.83,2025-09-26 18:48:13,2024-04-03 13:57:35
PH00946,96978008370,+91,Mobile,P01194,,SIM427222,BSNL,2020-12-15,,Inactive,SRC017,0.85,2025-10-21 23:45:43,2025-05-13 11:08:24
PH00947,91098582871,+91,Mobile,P00098,,SIM882122,Vi,2019-12-04,,Active,SRC002,0.98,2026-07-06 09:35:28,2024-06-01 13:01:19
PH00948,97886980102,+91,VoIP,P00249,,SIM127128,BSNL,2018-09-29,,Active,SRC009,0.94,2025-02-22 07:39:29,2025-08-27 05:11:10
PH00949,92496190627,+91,VoIP,P01119,,SIM839602,Jio,2024-04-07,,Active,SRC007,0.84,2026-05-11 02:47:48,2026-01-22 02:29:00
PH00950,95616229318,+91,Mobile,P01162,,SIM676677,Jio,2024-12-20,,Inactive,SRC006,0.93,2024-10-01 07:31:26,2026-04-21 02:56:01
PH00951,92556056081,+91,VoIP,P00461,,SIM392920,BSNL,2023-09-29,,Active,SRC019,0.94,2026-08-03 20:13:52,2025-08-05 20:50:58
PH00952,96255450588,+91,VoIP,P01335,,SIM784677,Jio,2024-10-09,,Suspended,SRC029,0.86,2025-10-01 19:59:35,2025-06-01 03:18:51
PH00953,98370202770,+91,Landline,P02262,,SIM676851,Vi,2024-07-17,,Active,SRC017,0.94,2026-04-26 10:33:35,2025-02-21 12:54:28
PH00954,93384887010,+91,Landline,P02966,,SIM220687,Airtel,2021-07-10,2025-10-07,Active,SRC009,0.84,2025-03-22 04:00:09,2024-10-03 06:23:04
PH00955,93470647798,+91,Landline,P00486,,SIM803163,Airtel,2025-08-06,,Suspended,SRC011,0.91,2026-07-29 19:21:37,2024-04-09 00:53:43
PH00956,99062093936,+91,Landline,P01477,,SIM860487,Jio,2021-02-28,,Inactive,SRC009,0.95,2026-02-04 23:20:11,2026-01-18 19:00:47
PH00957,91601866477,+91,VoIP,P02810,,SIM290988,BSNL,2023-03-23,,Inactive,SRC025,0.96,2025-05-29 23:28:53,2024-11-30 03:19:51
PH00958,94917042723,+91,Landline,P03572,,SIM680577,BSNL,2023-10-01,,Active,SRC018,0.98,2026-08-10 15:43:56,2026-04-19 14:24:11
PH00959,99011643187,+91,Landline,P01218,,SIM139847,BSNL,2020-05-30,2026-01-12,Suspended,SRC017,0.96,2024-08-04 22:46:20,2024-05-01 00:47:29
PH00960,94713214436,+91,VoIP,,O0289,SIM533669,BSNL,2023-02-19,2026-05-28,Active,SRC008,0.84,2024-08-02 16:58:42,2025-08-23 00:58:48
PH00961,95962112808,+91,VoIP,P02633,,SIM636628,Jio,2020-12-17,,Suspended,SRC013,0.93,2024-12-22 09:39:52,2026-03-09 23:52:52
PH00962,93391970237,+91,Mobile,P01453,,SIM838119,Jio,2021-06-30,,Active,SRC020,0.94,2025-06-16 00:26:38,2024-06-04 09:33:27
PH00963,91835593788,+91,Mobile,P00266,,SIM473371,Airtel,2024-12-25,,Suspended,SRC017,0.86,2025-08-25 11:47:51,2024-09-13 11:03:19
PH00964,95621144686,+91,Landline,P01388,,SIM346151,Jio,2019-08-25,,Active,SRC030,0.98,2025-06-12 08:27:30,2025-10-06 22:32:16
PH00965,99337690868,+91,VoIP,P00322,,SIM358128,Jio,2024-04-23,,Inactive,SRC006,0.88,2025-05-06 00:14:12,2026-07-29 04:36:02
PH00966,92686829487,+91,Mobile,P00764,,SIM697760,Vi,2020-05-10,2026-01-09,Suspended,SRC004,0.82,2025-05-05 16:52:54,2026-04-28 17:12:04
PH00967,94502176619,+91,Landline,P00470,,SIM412305,Vi,2022-07-18,2025-01-31,Inactive,SRC010,0.92,2024-03-20 15:27:58,2026-06-13 05:49:30
PH00968,92736405657,+91,VoIP,P03816,,SIM989974,Vi,2026-08-15,,Suspended,SRC012,0.86,2025-03-18 06:16:26,2025-10-18 10:54:39
PH00969,94947436521,+91,Mobile,P03527,,SIM115641,BSNL,2024-12-26,,Inactive,SRC010,0.89,2025-07-29 14:16:35,2024-11-09 11:22:59
PH00970,95194948354,+91,Mobile,P01308,,SIM757198,BSNL,2019-12-06,,Active,SRC003,0.97,2025-10-07 20:34:44,2026-07-19 04:27:21
PH00971,98271682870,+91,Mobile,P02619,,SIM146820,Jio,2022-07-16,,Inactive,SRC014,0.97,2025-10-19 01:47:31,2025-08-22 05:55:17
PH00972,96740712576,+91,VoIP,P00860,,SIM164401,BSNL,2025-08-31,,Inactive,SRC011,0.92,2026-02-02 13:45:35,2024-07-30 22:21:27
PH00973,94484192539,+91,Landline,P02328,,SIM286256,Vi,2020-05-26,,Suspended,SRC011,0.93,2026-04-21 08:07:05,2025-06-30 04:48:58
PH00974,93739812282,+91,Landline,P00417,,SIM306750,BSNL,2019-06-25,,Active,SRC025,0.81,2026-01-21 04:41:11,2024-10-19 20:19:00
PH00975,95233666192,+91,Mobile,P00062,,SIM106706,Jio,2025-05-03,,Inactive,SRC025,0.92,2024-04-19 00:11:41,2024-06-11 03:57:36
PH00976,91682163360,+91,Landline,P00177,,SIM103489,BSNL,2025-04-13,,Suspended,SRC017,0.93,2024-09-30 10:50:00,2024-12-18 08:54:04
PH00977,94675836451,+91,Mobile,P03217,,SIM191670,Vi,2024-05-13,,Active,SRC023,0.9,2026-07-04 12:41:51,2026-03-18 15:47:22
PH00978,98846929728,+91,Landline,P02220,,SIM169109,Airtel,2025-06-13,,Suspended,SRC026,0.81,2024-09-04 19:40:29,2024-06-26 23:56:43
PH00979,95771685572,+91,VoIP,P01566,,SIM712514,Vi,2025-01-08,,Inactive,SRC024,0.8,2024-10-27 11:35:37,2025-02-10 22:10:51
PH00980,94828553701,+91,VoIP,P00029,,SIM698390,Jio,2022-04-17,,Active,SRC011,0.86,2024-01-31 10:40:00,2025-05-03 12:46:23
PH00981,94007516217,+91,VoIP,P01276,,SIM359755,Jio,2019-04-04,,Active,SRC002,0.86,2026-03-03 23:36:14,2024-11-21 06:38:00
PH00982,91368235662,+91,VoIP,P00055,,SIM373666,Vi,2023-09-16,2026-08-09,Suspended,SRC029,0.84,2024-02-05 00:33:35,2024-05-05 06:53:46
PH00983,96665274615,+91,Landline,P00583,,SIM346712,Airtel,2018-10-16,,Suspended,SRC004,0.89,2025-08-02 09:04:45,2025-12-14 15:49:28
PH00984,91801886112,+91,VoIP,P02988,,SIM854603,Vi,2020-02-03,,Inactive,SRC001,0.92,2026-08-20 04:17:04,2024-02-20 15:51:14
PH00985,99555672637,+91,VoIP,P03687,,SIM210667,Vi,2025-04-26,,Active,SRC001,0.87,2024-06-25 16:34:58,2025-02-19 11:04:14
PH00986,98744435732,+91,VoIP,P03522,,SIM706127,Airtel,2025-03-11,,Active,SRC024,0.92,2025-03-13 03:08:41,2025-07-05 19:41:51
PH00987,98189565562,+91,Landline,P02082,,SIM772280,Vi,2019-10-06,,Inactive,SRC013,0.97,2024-12-01 10:10:29,2024-04-27 16:32:40
PH00988,93389845713,+91,Mobile,P00746,,SIM302370,Vi,2022-12-23,,Inactive,SRC008,0.96,2024-08-16 19:25:04,2026-08-27 00:32:03
PH00989,95682024545,+91,Mobile,P01945,,SIM608836,Airtel,2020-04-23,,Active,SRC012,0.82,2024-04-08 07:18:49,2024-06-17 13:32:30
PH00990,99515681228,+91,Landline,P02472,,SIM934506,Jio,2018-12-29,,Active,SRC025,0.88,2024-05-07 01:47:25,2026-05-19 09:33:09
PH00991,91381957234,+91,Mobile,P02995,,SIM653683,Vi,2024-07-13,,Inactive,SRC021,0.82,2026-01-09 06:06:44,2026-08-25 23:57:06
PH00992,97583662044,+91,Mobile,P03384,,SIM485307,Jio,2023-01-18,,Inactive,SRC016,0.83,2024-01-28 13:41:58,2026-08-24 03:31:11
PH00993,93582120318,+91,Landline,P02737,,SIM479057,Vi,2022-03-21,,Suspended,SRC010,0.93,2025-08-01 18:36:34,2025-06-11 15:33:05
PH00994,96437381279,+91,Landline,P00062,,SIM723779,Vi,2024-02-12,,Inactive,SRC010,0.98,2025-01-06 07:27:56,2025-09-19 19:48:22
PH00995,93956629696,+91,Mobile,,O0258,SIM735082,BSNL,2023-06-28,,Suspended,SRC013,0.9,2026-02-01 12:26:07,2026-02-03 11:43:50
PH00996,95222870914,+91,Mobile,,O0240,SIM773126,Airtel,2026-06-02,,Suspended,SRC019,0.87,2025-08-23 22:46:26,2024-04-20 13:47:37
PH00997,98838604679,+91,Mobile,,O0312,SIM735819,Vi,2019-06-22,,Active,SRC012,0.83,2024-11-10 18:06:26,2025-01-11 07:21:04
PH00998,95455511980,+91,VoIP,P00824,,SIM453719,BSNL,2021-02-03,2026-04-05,Active,SRC026,0.83,2025-11-16 01:37:41,2025-04-06 09:18:27
PH00999,91890963763,+91,VoIP,P02944,,SIM402655,Jio,2021-04-21,,Suspended,SRC025,0.8,2026-07-29 14:10:36,2025-11-02 23:52:13
PH01000,94436557071,+91,Landline,P01792,,SIM957543,Vi,2025-09-29,,Suspended,SRC026,0.96,2025-08-12 19:12:47,2024-02-07 05:26:32
PH01001,92187255599,+91,Landline,P00492,,SIM375280,Airtel,2026-07-02,,Suspended,SRC026,0.91,2025-11-04 15:22:21,2024-11-15 19:06:41
PH01002,91769624148,+91,VoIP,P01309,,SIM546709,Airtel,2021-01-05,,Suspended,SRC023,0.96,2024-11-28 01:42:32,2026-02-01 02:46:11
PH01003,95374772316,+91,VoIP,P03830,,SIM263706,Jio,2023-10-31,,Inactive,SRC027,0.91,2024-01-31 04:39:53,2024-07-21 03:44:23
PH01004,97838339721,+91,VoIP,P03858,,SIM159103,Vi,2019-01-28,,Inactive,SRC009,0.95,2024-06-02 17:02:44,2025-12-25 19:56:40
PH01005,97915385197,+91,Landline,P00355,,SIM986454,Jio,2020-08-18,,Suspended,SRC027,0.92,2025-01-11 09:57:35,2026-05-12 02:12:59
PH01006,99769872525,+91,Landline,P00206,,SIM401052,Jio,2023-05-03,,Active,SRC008,0.91,2025-04-28 13:19:08,2024-12-23 13:19:08
PH01007,95287847989,+91,Mobile,P01338,,SIM917410,Jio,2026-06-13,2025-02-03,Suspended,SRC007,0.93,2026-05-07 04:40:03,2024-01-17 11:00:53
PH01008,98238359183,+91,VoIP,,O0267,SIM169116,Vi,2026-02-07,,Suspended,SRC008,0.96,2024-07-12 08:21:11,2024-01-16 12:32:45
PH01009,98361347698,+91,Mobile,P02951,,SIM711822,Jio,2023-06-11,,Suspended,SRC002,0.81,2025-05-10 18:45:55,2025-05-06 05:53:32
PH01010,93048155785,+91,VoIP,P02866,,SIM268121,Jio,2021-02-17,,Suspended,SRC012,0.82,2025-06-03 07:32:30,2025-09-26 14:03:41
PH01011,97930824309,+91,VoIP,P00263,,SIM314796,Vi,2020-10-06,2025-07-19,Suspended,SRC013,0.81,2024-03-19 06:36:48,2025-04-02 03:09:27
PH01012,98449075755,+91,Landline,P00362,,SIM404380,Vi,2022-09-30,,Active,SRC016,0.92,2025-03-23 17:06:25,2026-03-07 15:19:21
PH01013,98347840430,+91,VoIP,,O0478,SIM790140,BSNL,2020-05-05,,Inactive,SRC025,0.89,2025-07-02 22:33:10,2025-02-24 20:09:19
PH01014,93459191537,+91,VoIP,,O0467,SIM160432,Jio,2022-11-07,,Suspended,SRC007,0.91,2024-08-11 01:00:38,2024-03-14 00:46:05
PH01015,97770449610,+91,VoIP,P01487,,SIM667255,BSNL,2024-01-03,2026-01-31,Suspended,SRC029,0.96,2024-12-28 18:51:29,2026-08-05 07:41:02
PH01016,91804012484,+91,Mobile,P02551,,SIM611524,Jio,2022-06-26,,Suspended,SRC027,0.86,2024-08-01 05:50:31,2025-07-28 06:15:50
PH01017,98786909314,+91,VoIP,P01598,,SIM597194,BSNL,2020-05-09,,Active,SRC029,0.9,2024-05-26 21:22:43,2024-03-24 19:38:18
PH01018,91396799165,+91,VoIP,P02441,,SIM359365,Vi,2021-03-07,2025-12-12,Suspended,SRC022,0.87,2024-04-01 01:14:26,2024-02-03 12:27:13
PH01019,93711823981,+91,VoIP,P01142,,SIM793661,Jio,2019-10-28,,Inactive,SRC011,0.84,2025-04-10 23:10:07,2025-12-14 19:47:27
PH01020,95762556543,+91,VoIP,P03615,,SIM858284,Airtel,2025-09-17,,Suspended,SRC030,0.88,2024-10-21 13:06:52,2025-07-09 13:42:33
PH01021,97973806904,+91,Mobile,P00469,,SIM307842,BSNL,2023-04-15,,Suspended,SRC009,0.81,2025-08-19 23:08:36,2024-11-06 23:07:31
PH01022,95682193724,+91,VoIP,P03392,,SIM611118,Airtel,2019-11-18,,Inactive,SRC006,0.82,2025-03-20 05:39:14,2024-03-03 06:08:35
PH01023,97933535501,+91,Landline,P02748,,SIM235822,Jio,2020-07-12,,Inactive,SRC004,0.86,2024-05-25 03:09:47,2025-12-13 04:33:53
PH01024,96133185777,+91,VoIP,P02411,,SIM248534,Airtel,2024-07-04,2026-05-02,Active,SRC018,0.82,2025-08-17 16:05:46,2025-11-13 13:46:08
PH01025,98345831350,+91,Mobile,P00579,,SIM604638,BSNL,2024-09-12,,Inactive,SRC005,0.99,2025-12-24 18:29:13,2024-01-11 03:33:41
PH01026,96724077534,+91,VoIP,P00312,,SIM820891,Airtel,2020-01-26,,Suspended,SRC027,0.81,2025-08-26 22:22:06,2025-07-21 14:06:10
PH01027,97738642336,+91,VoIP,P01983,,SIM825106,Vi,2021-03-07,2024-12-09,Suspended,SRC002,0.95,2025-08-19 03:44:10,2024-11-13 16:10:41
PH01028,96043194975,+91,Landline,P02922,,SIM290452,Airtel,2020-04-14,,Suspended,SRC021,0.87,2024-07-16 04:47:11,2025-02-08 02:07:24
PH01029,98106468992,+91,Landline,P02076,,SIM529661,Jio,2018-10-13,,Active,SRC028,0.94,2025-10-01 08:30:26,2024-08-01 03:36:45
PH01030,99344015609,+91,Mobile,P03095,,SIM334055,Vi,2023-09-04,,Active,SRC012,0.94,2026-02-12 13:53:32,2025-08-10 06:33:03
PH01031,97335050473,+91,Mobile,P00482,,SIM603726,BSNL,2024-04-24,,Suspended,SRC020,0.85,2026-08-20 00:19:44,2026-07-08 18:29:51
PH01032,97871168071,+91,Mobile,P02263,,SIM146413,Vi,2025-03-19,,Active,SRC030,0.85,2026-08-11 23:32:35,2026-05-08 17:54:26
PH01033,95745556748,+91,Landline,P01055,,SIM891945,BSNL,2020-08-13,2025-12-19,Suspended,SRC026,0.84,2026-05-22 08:17:15,2026-01-03 00:41:30
PH01034,94086798287,+91,VoIP,P03823,,SIM137911,Jio,2024-12-07,,Active,SRC006,0.91,2024-12-14 09:52:16,2024-10-17 12:18:29
PH01035,97765783263,+91,Mobile,P03394,,SIM904830,Jio,2019-03-14,2025-09-16,Inactive,SRC017,0.81,2025-06-19 21:19:42,2026-02-04 16:47:21
PH01036,92967096076,+91,Mobile,P02465,,SIM463984,BSNL,2020-12-24,,Active,SRC015,0.97,2026-06-06 22:06:43,2025-07-07 06:10:40
PH01037,93357372961,+91,Landline,P03068,,SIM490119,Jio,2024-01-22,,Suspended,SRC013,0.89,2024-05-07 11:25:25,2025-02-15 20:41:16
PH01038,95334617041,+91,VoIP,P03658,,SIM937307,BSNL,2026-04-27,2026-07-13,Active,SRC017,0.82,2026-01-29 17:12:14,2025-07-04 19:52:23
PH01039,99932842959,+91,Landline,P02083,,SIM258211,Airtel,2024-05-20,2024-10-09,Inactive,SRC006,0.91,2026-06-13 10:12:26,2024-07-26 00:23:31
PH01040,91411362371,+91,Landline,P01458,,SIM724971,Airtel,2022-08-27,,Active,SRC023,0.8,2025-11-17 19:11:35,2025-06-19 01:25:38
PH01041,98652399740,+91,Landline,P03461,,SIM975125,Jio,2019-03-16,,Active,SRC007,0.86,2024-09-22 00:05:01,2024-03-06 08:46:53
PH01042,92593365921,+91,Landline,P02847,,SIM315910,Airtel,2020-02-17,,Suspended,SRC020,0.88,2025-09-27 16:20:22,2026-02-27 18:21:20
PH01043,95469073590,+91,Landline,P00471,,SIM437276,Vi,2024-09-05,,Suspended,SRC026,0.81,2024-07-23 17:44:20,2025-10-16 14:47:38
PH01044,99649459430,+91,VoIP,P02190,,SIM194593,BSNL,2020-11-29,,Suspended,SRC029,0.8,2025-12-10 06:12:00,2024-12-21 09:20:00
PH01045,91505236130,+91,VoIP,P02334,,SIM216784,Vi,2022-02-18,2025-02-28,Active,SRC009,0.85,2026-08-01 09:09:11,2026-08-14 11:11:45
PH01046,91138651997,+91,Mobile,P03984,,SIM455491,Vi,2022-11-26,,Suspended,SRC030,0.99,2026-03-07 06:33:58,2024-06-08 17:22:52
PH01047,99306644101,+91,VoIP,,O0101,SIM545401,Jio,2020-11-16,,Inactive,SRC002,0.86,2024-10-24 16:24:10,2024-12-31 03:37:52
PH01048,97406580937,+91,Mobile,P02541,,SIM679579,BSNL,2023-01-26,,Inactive,SRC018,0.97,2024-01-18 17:43:29,2024-05-27 08:09:43
PH01049,97418802595,+91,Mobile,P01821,,SIM525369,Jio,2020-08-10,,Inactive,SRC024,0.92,2024-02-08 11:16:34,2025-10-09 22:12:46
PH01050,96614928685,+91,Mobile,P03731,,SIM592693,Vi,2018-10-17,,Inactive,SRC020,0.96,2026-01-07 10:14:23,2026-06-17 08:22:52
PH01051,93954133725,+91,VoIP,P01623,,SIM522265,Airtel,2025-06-13,,Active,SRC010,0.82,2025-03-05 01:19:04,2024-08-01 04:10:27
PH01052,94921585313,+91,Mobile,P01530,,SIM348707,Airtel,2022-03-27,,Active,SRC007,0.88,2026-02-17 04:50:21,2025-05-02 10:04:43
PH01053,96641147007,+91,Mobile,P00139,,SIM318732,Vi,2018-11-22,,Active,SRC001,0.99,2024-06-19 21:32:40,2024-10-10 22:05:18
PH01054,99361053936,+91,Mobile,P03393,,SIM915263,Jio,2025-12-12,2026-05-14,Active,SRC014,0.89,2024-10-10 10:39:42,2026-06-23 19:00:35
PH01055,91640059673,+91,VoIP,,O0471,SIM182628,Jio,2022-07-24,2024-09-23,Active,SRC023,0.81,2026-03-01 11:34:24,2026-02-14 20:07:34
PH01056,97774635934,+91,Landline,P01448,,SIM794683,Jio,2022-08-22,,Active,SRC006,0.8,2024-09-17 09:36:40,2025-10-10 11:37:18
PH01057,95629019718,+91,Mobile,P00093,,SIM402961,Jio,2025-11-18,,Inactive,SRC001,0.83,2024-01-30 08:49:15,2024-09-24 14:56:08
PH01058,99081764105,+91,Mobile,P00685,,SIM554571,Jio,2020-12-25,2024-09-24,Inactive,SRC018,0.94,2024-07-11 18:13:11,2025-03-19 04:21:58
PH01059,92662320872,+91,VoIP,P03704,,SIM270155,BSNL,2019-02-13,,Inactive,SRC018,0.87,2026-06-12 07:28:06,2026-01-02 18:36:53
PH01060,92245937128,+91,Landline,P00601,,SIM650988,Airtel,2024-10-29,,Active,SRC028,0.95,2025-07-08 09:12:01,2025-09-26 09:39:56
PH01061,94731581824,+91,Landline,P01560,,SIM279134,Airtel,2023-09-11,,Inactive,SRC023,0.82,2025-03-18 08:18:02,2024-03-20 20:31:31
PH01062,91008475087,+91,Landline,P03043,,SIM659222,Vi,2024-10-27,2025-09-30,Inactive,SRC026,0.94,2024-03-05 15:03:24,2026-04-19 07:31:58
PH01063,93694937662,+91,VoIP,P01602,,SIM661867,Jio,2024-09-28,,Active,SRC012,0.96,2024-07-02 00:35:07,2024-09-12 19:29:38
PH01064,91631908562,+91,Landline,,O0402,SIM419959,Jio,2024-08-26,,Suspended,SRC028,0.83,2024-12-22 11:58:27,2026-05-22 14:26:51
PH01065,91414490310,+91,Landline,P02520,,SIM187631,BSNL,2025-06-16,2024-10-20,Active,SRC004,0.92,2025-01-09 13:16:58,2026-01-01 15:22:00
PH01066,91251944255,+91,Landline,P03791,,SIM647793,Vi,2026-07-01,,Suspended,SRC003,0.95,2026-03-01 09:11:59,2026-05-07 21:12:05
PH01067,94942609313,+91,Mobile,P03576,,SIM251830,Jio,2023-08-15,,Inactive,SRC018,0.99,2024-06-17 05:29:12,2024-02-17 20:26:09
PH01068,98720242947,+91,Mobile,P03220,,SIM347901,BSNL,2019-08-15,,Suspended,SRC028,0.97,2025-01-04 04:51:16,2026-07-03 17:11:35
PH01069,98071953998,+91,VoIP,P03687,,SIM630552,Jio,2023-03-18,,Active,SRC011,0.99,2025-08-20 07:09:48,2024-11-21 05:07:26
PH01070,94348701865,+91,Mobile,P00889,,SIM592764,Vi,2019-09-21,,Active,SRC010,0.95,2024-08-11 16:12:42,2025-02-24 16:51:05
PH01071,99687575336,+91,VoIP,P01927,,SIM492716,Airtel,2024-03-22,2025-02-16,Active,SRC025,0.85,2024-09-20 13:11:13,2024-09-01 17:43:42
PH01072,95999175980,+91,Mobile,P01406,,SIM215779,Jio,2024-08-02,,Inactive,SRC024,0.97,2025-07-09 08:05:22,2024-10-24 14:55:45
PH01073,98787882617,+91,VoIP,P01690,,SIM917823,Vi,2022-06-23,,Active,SRC012,0.81,2025-09-11 09:05:11,2024-03-11 22:43:35
PH01074,93149216465,+91,VoIP,P03161,,SIM420747,Vi,2025-06-22,,Inactive,SRC026,0.85,2025-09-21 09:18:23,2025-09-26 12:49:51
PH01075,96240095400,+91,Landline,P00689,,SIM889752,BSNL,2026-04-29,,Inactive,SRC012,0.8,2025-03-29 09:38:43,2026-02-12 22:11:57
PH01076,92204027754,+91,Mobile,P00603,,SIM103359,BSNL,2024-10-08,,Active,SRC011,0.86,2025-10-29 14:08:35,2026-03-18 03:33:28
PH01077,93422707828,+91,Mobile,P02507,,SIM747464,Airtel,2026-07-29,,Inactive,SRC006,0.91,2024-07-16 23:45:34,2024-04-07 02:08:07
PH01078,99367518612,+91,VoIP,P02948,,SIM334685,Vi,2020-09-22,,Inactive,SRC023,0.91,2024-04-07 06:19:26,2025-01-29 05:20:56
PH01079,92853288514,+91,Landline,P00766,,SIM644571,Vi,2023-01-12,,Inactive,SRC022,0.8,2024-03-05 20:15:05,2025-09-01 16:03:44
PH01080,94373802597,+91,VoIP,P02802,,SIM861009,BSNL,2020-02-29,2024-12-13,Suspended,SRC030,0.87,2025-10-21 15:41:54,2025-07-01 14:55:05
PH01081,94764678321,+91,VoIP,P02207,,SIM515826,BSNL,2019-08-24,,Suspended,SRC005,0.97,2024-06-13 15:44:36,2025-05-31 23:21:21
PH01082,92155149798,+91,Landline,P00102,,SIM233967,Jio,2020-05-30,,Inactive,SRC028,0.84,2024-12-11 11:07:59,2024-07-17 13:00:54
PH01083,94925773112,+91,Mobile,P00044,,SIM853013,Jio,2023-02-19,,Suspended,SRC007,0.81,2024-11-28 00:02:32,2025-03-01 21:43:58
PH01084,92049084564,+91,Landline,P00285,,SIM353697,Airtel,2021-08-01,,Suspended,SRC014,0.9,2026-01-10 11:12:41,2026-04-09 11:43:04
PH01085,97032555837,+91,Mobile,P01746,,SIM389230,Jio,2020-12-31,2025-01-29,Suspended,SRC008,0.97,2026-02-15 18:17:04,2025-10-04 11:16:58
PH01086,91370452535,+91,Mobile,,O0416,SIM185851,Jio,2020-09-23,,Suspended,SRC030,0.95,2026-05-23 12:37:26,2024-09-21 00:07:51
PH01087,99207884295,+91,Landline,,O0017,SIM698884,Jio,2021-07-15,,Active,SRC014,0.95,2025-10-09 17:47:03,2025-04-28 06:45:43
PH01088,98443895283,+91,Landline,P02863,,SIM859569,BSNL,2026-06-24,,Inactive,SRC010,0.83,2026-01-30 02:05:58,2026-08-13 21:19:03
PH01089,95355016719,+91,Landline,P00312,,SIM114892,Jio,2019-04-18,2025-08-26,Active,SRC021,0.96,2024-01-12 01:15:40,2026-06-30 09:11:13
PH01090,92453688395,+91,VoIP,P01679,,SIM682378,BSNL,2025-01-24,,Inactive,SRC001,0.93,2024-04-15 10:46:03,2025-10-15 19:00:15
PH01091,97133268662,+91,Landline,P03809,,SIM339968,Airtel,2023-11-07,,Inactive,SRC002,0.99,2025-05-18 16:07:15,2025-08-24 02:50:28
PH01092,99786237351,+91,VoIP,,O0373,SIM790134,Vi,2022-07-12,,Suspended,SRC008,0.86,2026-06-19 05:58:28,2024-08-04 06:04:32
PH01093,92156234002,+91,Landline,P03890,,SIM355010,Jio,2025-04-02,,Suspended,SRC006,0.97,2025-09-09 22:48:56,2026-04-06 22:09:51
PH01094,95302106149,+91,VoIP,P01464,,SIM807166,Airtel,2024-11-21,,Active,SRC020,0.92,2024-12-06 06:40:48,2025-09-21 14:00:37
PH01095,99392103732,+91,Mobile,P00061,,SIM841660,BSNL,2022-04-13,2026-05-22,Inactive,SRC023,0.93,2026-04-23 19:22:36,2025-01-08 17:12:01
PH01096,94280159652,+91,Landline,P02063,,SIM743858,Jio,2022-05-18,,Suspended,SRC008,0.98,2024-02-29 06:49:23,2024-08-04 14:20:33
PH01097,93544169387,+91,Landline,P03612,,SIM475014,Jio,2021-05-27,,Suspended,SRC001,0.93,2026-05-22 01:12:28,2024-07-03 12:22:07
PH01098,92973055289,+91,VoIP,P00368,,SIM714079,Vi,2019-09-28,,Inactive,SRC029,0.89,2024-03-20 18:22:18,2025-05-01 08:48:23
PH01099,92094015963,+91,Mobile,P00847,,SIM293458,Jio,2026-08-05,,Inactive,SRC019,0.82,2024-06-28 15:54:02,2025-05-08 11:03:51
PH01100,99389210986,+91,Mobile,P03130,,SIM535962,Jio,2019-05-03,,Inactive,SRC001,0.89,2026-01-21 16:18:10,2025-07-09 01:58:43
PH01101,96916879633,+91,Mobile,P02412,,SIM294119,Vi,2024-08-18,,Suspended,SRC004,0.96,2025-02-02 13:47:50,2024-04-26 07:58:27
PH01102,97314309062,+91,Mobile,P00431,,SIM920756,Airtel,2020-08-30,,Suspended,SRC011,0.94,2025-04-20 18:18:38,2025-07-18 07:12:15
PH01103,94725235682,+91,Mobile,P02025,,SIM924008,Vi,2019-10-26,,Suspended,SRC019,0.86,2024-04-11 18:19:15,2024-01-20 00:04:55
PH01104,98740288977,+91,Mobile,P02710,,SIM177238,Vi,2020-09-20,,Suspended,SRC011,0.88,2024-01-22 00:45:01,2026-06-19 00:07:39
PH01105,97613341153,+91,VoIP,P01985,,SIM792297,Jio,2019-02-06,,Suspended,SRC010,0.98,2024-09-04 12:19:48,2026-04-02 00:46:40
PH01106,94849044461,+91,Mobile,P00332,,SIM475170,Airtel,2025-12-10,,Suspended,SRC030,0.86,2025-01-01 14:42:25,2026-05-24 08:41:01
PH01107,97967080783,+91,VoIP,P00569,,SIM714329,BSNL,2019-09-30,,Inactive,SRC014,0.9,2025-12-04 16:53:57,2024-05-05 13:31:35
PH01108,94503884165,+91,Mobile,P02337,,SIM590062,Airtel,2025-05-19,,Active,SRC013,0.96,2024-06-02 23:36:37,2025-11-14 16:14:27
PH01109,94279057165,+91,Landline,P00469,,SIM718902,BSNL,2018-11-28,,Active,SRC010,0.97,2024-03-03 11:02:28,2024-08-20 16:29:55
PH01110,93066523308,+91,Mobile,,O0421,SIM678414,Airtel,2019-08-01,,Active,SRC008,0.81,2026-08-24 04:52:47,2026-08-14 19:57:28
PH01111,96825605132,+91,VoIP,P01514,,SIM604470,Jio,2022-11-20,,Active,SRC001,0.98,2025-07-27 09:46:43,2026-08-29 21:41:29
PH01112,94943880259,+91,VoIP,P02080,,SIM289642,Vi,2019-02-27,2025-06-01,Inactive,SRC001,0.93,2026-08-28 01:24:12,2024-06-09 05:00:18
PH01113,94952736540,+91,Mobile,P01187,,SIM125751,Jio,2025-04-23,2025-10-18,Active,SRC005,0.95,2025-09-26 12:45:20,2025-04-01 17:10:25
PH01114,96787504582,+91,Mobile,P00526,,SIM358567,Vi,2020-12-31,,Active,SRC028,0.84,2025-09-04 17:49:27,2024-12-30 06:36:43
PH01115,99192607518,+91,Landline,P03952,,SIM268113,BSNL,2025-08-21,,Active,SRC026,0.82,2025-11-08 01:05:33,2025-03-06 22:33:44
PH01116,93062750263,+91,Landline,P02661,,SIM189346,Vi,2025-10-25,,Inactive,SRC019,0.87,2024-02-27 18:17:37,2024-01-08 23:28:02
PH01117,95560959677,+91,VoIP,P01776,,SIM555720,BSNL,2024-06-23,,Active,SRC005,0.85,2025-10-05 02:41:03,2026-04-17 08:58:52
PH01118,93413820739,+91,Landline,P03022,,SIM652508,Vi,2019-06-11,,Inactive,SRC011,0.82,2024-07-31 09:27:18,2025-12-20 08:31:09
PH01119,94591319205,+91,Mobile,P02005,,SIM428932,Airtel,2023-07-01,,Suspended,SRC019,0.89,2026-02-04 18:24:52,2026-02-04 21:43:55
PH01120,94993637755,+91,VoIP,P00216,,SIM161800,Jio,2022-06-02,,Suspended,SRC017,0.92,2024-03-05 04:01:21,2025-08-13 15:55:26
PH01121,94217581775,+91,VoIP,P00371,,SIM452958,Airtel,2022-07-28,,Active,SRC029,0.94,2025-01-16 03:06:01,2025-02-09 10:04:11
PH01122,97586378791,+91,VoIP,,O0092,SIM857282,BSNL,2020-04-12,,Active,SRC029,0.85,2025-12-19 19:07:58,2024-10-03 06:08:48
PH01123,99921542308,+91,Mobile,P01749,,SIM965388,BSNL,2025-11-04,,Inactive,SRC021,0.82,2024-01-08 14:11:42,2025-01-27 09:38:26
PH01124,94285230905,+91,Mobile,P03821,,SIM535433,Airtel,2021-01-14,,Active,SRC013,0.95,2025-06-05 06:19:47,2025-02-15 21:45:48
PH01125,98802334297,+91,VoIP,P00940,,SIM745202,BSNL,2024-04-29,,Inactive,SRC005,0.99,2024-06-02 22:28:21,2024-01-23 12:14:08
PH01126,92360681959,+91,Landline,P01240,,SIM958310,BSNL,2024-12-31,,Active,SRC024,0.84,2026-08-27 00:06:07,2026-05-01 10:29:42
PH01127,95686187643,+91,VoIP,P01533,,SIM520680,Vi,2026-08-30,2026-01-29,Suspended,SRC010,0.96,2026-08-11 16:42:18,2024-04-14 05:31:09
PH01128,94796317670,+91,VoIP,P01908,,SIM656781,Airtel,2018-12-21,,Active,SRC021,0.89,2024-05-11 20:12:53,2026-06-19 03:09:12
PH01129,96979714085,+91,Mobile,P03143,,SIM480119,Vi,2020-11-17,,Suspended,SRC024,0.8,2024-01-26 04:46:12,2025-11-26 23:46:14
PH01130,92835335646,+91,VoIP,P02582,,SIM562531,Jio,2025-07-27,,Active,SRC007,0.88,2026-02-19 08:21:14,2024-03-31 17:03:31
PH01131,91035917147,+91,Landline,P00757,,SIM312039,Vi,2023-04-23,,Suspended,SRC004,0.85,2025-04-08 00:37:56,2026-07-13 05:02:35
PH01132,96824496482,+91,VoIP,P01826,,SIM383149,Airtel,2022-12-01,,Suspended,SRC006,0.82,2024-10-12 18:06:50,2024-03-18 08:31:35
PH01133,97569715609,+91,Mobile,,O0309,SIM903247,Vi,2023-06-25,,Active,SRC009,0.85,2026-05-09 18:22:13,2026-08-19 02:51:52
PH01134,92075684693,+91,Landline,P03763,,SIM583620,Airtel,2023-01-01,,Active,SRC011,0.97,2026-07-09 00:53:07,2026-08-17 07:53:44
PH01135,92023093452,+91,Mobile,P01452,,SIM844446,Vi,2019-05-15,,Active,SRC018,0.81,2025-12-03 02:34:39,2026-06-24 17:03:09
PH01136,91157053526,+91,Landline,P00367,,SIM739346,Jio,2023-06-24,,Inactive,SRC010,0.93,2025-10-07 04:48:01,2026-01-10 21:51:05
PH01137,95672009989,+91,Mobile,P02447,,SIM330569,Vi,2024-02-13,,Active,SRC021,0.98,2025-08-31 13:37:36,2024-10-26 15:25:56
PH01138,93982737156,+91,Landline,,O0212,SIM257184,Vi,2020-12-16,,Active,SRC005,0.89,2024-08-05 10:33:24,2024-05-09 19:25:51
PH01139,95946925262,+91,Mobile,P02464,,SIM927131,Vi,2026-03-22,,Suspended,SRC023,0.89,2024-10-01 07:54:14,2025-06-16 11:38:13
PH01140,92027704159,+91,Mobile,P03329,,SIM158055,BSNL,2023-12-10,,Suspended,SRC020,0.98,2024-06-28 16:14:55,2024-03-13 11:45:52
PH01141,92705315905,+91,Mobile,P03159,,SIM473096,Vi,2023-01-13,,Active,SRC001,0.93,2024-05-30 13:47:03,2025-10-26 04:53:45
PH01142,92864925637,+91,VoIP,P00529,,SIM613716,BSNL,2024-02-26,2024-11-23,Active,SRC002,0.82,2026-03-04 22:13:18,2025-05-21 16:55:21
PH01143,97661707181,+91,VoIP,P00188,,SIM960579,Vi,2018-11-11,,Inactive,SRC006,0.92,2024-04-17 20:24:23,2026-04-18 05:16:50
PH01144,93363590744,+91,Mobile,P02243,,SIM838602,Jio,2019-02-21,,Suspended,SRC019,0.88,2026-02-10 01:58:49,2024-08-08 03:03:08
PH01145,95439705912,+91,Mobile,P01239,,SIM810460,Vi,2021-06-16,,Inactive,SRC001,0.94,2024-09-17 01:15:32,2026-01-29 04:34:12
PH01146,96761976369,+91,Landline,P02590,,SIM318376,Airtel,2023-11-22,2025-03-28,Active,SRC002,0.9,2025-01-23 03:52:01,2026-06-15 03:41:06
PH01147,93471561234,+91,Landline,P03881,,SIM623767,Airtel,2019-08-27,,Inactive,SRC001,0.95,2024-11-13 07:56:37,2024-04-12 04:39:37
PH01148,92773839671,+91,Mobile,P01014,,SIM732596,Airtel,2021-01-26,2025-05-06,Active,SRC011,0.8,2024-05-23 08:27:47,2024-02-18 09:52:07
PH01149,91818453480,+91,Mobile,P01603,,SIM305292,Vi,2020-08-24,,Suspended,SRC023,0.85,2026-05-19 08:01:38,2026-03-20 10:51:49
PH01150,92137542174,+91,VoIP,,O0293,SIM385819,Vi,2024-06-24,,Inactive,SRC023,0.94,2024-01-01 20:40:10,2024-03-04 04:33:07
PH01151,94500256314,+91,Landline,,O0023,SIM453411,BSNL,2020-05-30,,Suspended,SRC015,0.84,2026-05-20 14:56:28,2025-08-10 02:57:56
PH01152,94429250075,+91,VoIP,P00358,,SIM994743,Airtel,2022-07-27,,Active,SRC004,0.92,2024-06-02 16:59:10,2024-05-14 06:50:50
PH01153,94711890522,+91,VoIP,P03548,,SIM719864,Airtel,2021-06-17,2026-02-05,Suspended,SRC002,0.89,2025-06-20 22:03:15,2025-04-22 07:28:23
PH01154,91193780169,+91,Mobile,P03751,,SIM188095,BSNL,2024-06-25,,Active,SRC027,0.86,2026-08-20 14:23:24,2026-04-09 10:32:18
PH01155,92955918741,+91,VoIP,P02624,,SIM298933,BSNL,2023-12-04,,Active,SRC015,0.99,2025-10-30 22:57:46,2024-11-06 08:03:45
PH01156,93099446917,+91,Mobile,P01917,,SIM404913,BSNL,2026-05-17,,Suspended,SRC016,0.94,2026-08-11 09:38:33,2024-09-30 16:13:55
PH01157,91388404442,+91,VoIP,P01432,,SIM243415,Vi,2022-09-05,,Inactive,SRC017,0.96,2024-10-25 21:30:44,2024-07-06 10:01:13
PH01158,96234250623,+91,VoIP,P03151,,SIM646756,Airtel,2020-02-08,,Active,SRC015,0.95,2024-07-02 06:53:04,2026-04-21 09:39:44
PH01159,99171379111,+91,VoIP,P01146,,SIM859722,Vi,2019-09-23,,Active,SRC013,0.97,2024-11-16 02:32:26,2026-04-22 05:38:37
PH01160,92304543908,+91,Mobile,,O0223,SIM894494,Airtel,2026-02-07,2025-09-19,Suspended,SRC007,0.88,2026-05-04 01:14:47,2026-03-01 20:10:56
PH01161,94991459387,+91,Mobile,P00305,,SIM294172,BSNL,2026-08-09,,Active,SRC026,0.81,2024-07-30 18:12:38,2024-11-02 11:34:30
PH01162,99630138279,+91,Mobile,P01182,,SIM112639,Vi,2025-09-01,,Inactive,SRC010,0.85,2026-04-17 09:04:46,2025-04-13 04:07:35
PH01163,94523613437,+91,Landline,P00758,,SIM860425,Airtel,2019-12-25,,Inactive,SRC005,0.89,2026-06-10 18:38:50,2025-07-17 17:19:25
PH01164,96142781147,+91,Landline,P00993,,SIM569941,Airtel,2025-05-13,,Inactive,SRC028,0.97,2025-05-03 02:39:17,2024-04-04 18:42:34
PH01165,92231921143,+91,Landline,P01079,,SIM502129,Airtel,2023-03-30,,Active,SRC011,0.93,2024-04-22 08:41:26,2025-03-03 12:25:09
PH01166,97426060800,+91,VoIP,P01259,,SIM505920,Vi,2021-11-27,,Suspended,SRC016,0.88,2025-10-29 07:21:38,2025-09-16 20:16:15
PH01167,91105895369,+91,VoIP,P02587,,SIM939502,BSNL,2024-06-10,,Inactive,SRC005,0.84,2026-06-09 00:16:27,2025-08-27 07:04:33
PH01168,95765520327,+91,VoIP,P02654,,SIM323334,Jio,2023-10-15,,Suspended,SRC028,0.85,2024-02-08 22:22:13,2025-10-19 09:27:49
PH01169,98992803245,+91,VoIP,P03703,,SIM502032,Vi,2025-05-25,,Inactive,SRC001,0.83,2024-03-30 08:45:16,2025-07-16 12:43:01
PH01170,93779212380,+91,Landline,P01747,,SIM937811,Vi,2018-10-24,,Active,SRC024,0.81,2026-01-26 02:40:34,2026-01-15 15:45:23
PH01171,94235618323,+91,Landline,P03491,,SIM868100,Airtel,2024-07-15,,Suspended,SRC027,0.86,2025-02-06 00:34:06,2026-03-26 09:47:27
PH01172,97978336578,+91,Mobile,P02454,,SIM905612,Vi,2021-04-13,,Active,SRC014,0.86,2024-08-21 10:54:21,2025-08-11 08:55:31
PH01173,92373009289,+91,Landline,P02610,,SIM142130,Vi,2019-12-21,,Inactive,SRC009,0.92,2024-07-14 08:09:45,2025-08-01 02:04:46
PH01174,97277388602,+91,Landline,P02099,,SIM725318,Jio,2023-09-15,,Active,SRC006,0.83,2025-10-19 17:50:49,2024-09-10 15:01:22
PH01175,99878744007,+91,VoIP,P01349,,SIM874695,Vi,2021-12-26,,Suspended,SRC020,0.88,2025-10-03 02:59:15,2025-10-29 00:54:48
PH01176,95616139453,+91,VoIP,P00350,,SIM430850,Vi,2024-06-27,,Suspended,SRC017,0.92,2025-08-01 06:55:28,2024-10-02 03:14:05
PH01177,97189988724,+91,VoIP,P00253,,SIM691667,Jio,2023-08-07,,Inactive,SRC009,0.91,2025-11-29 05:50:13,2026-03-15 04:32:18
PH01178,99487606042,+91,VoIP,,O0031,SIM145996,Jio,2022-06-17,2025-09-19,Active,SRC013,0.96,2026-03-03 09:40:15,2025-06-15 23:35:50
PH01179,95986001561,+91,VoIP,P00591,,SIM116334,Airtel,2019-03-25,,Inactive,SRC009,0.97,2024-01-10 22:19:58,2026-05-25 20:15:36
PH01180,96564716316,+91,Landline,P02065,,SIM278946,Airtel,2026-01-26,,Active,SRC012,0.86,2026-03-22 13:41:07,2024-11-30 22:14:36
PH01181,93646543696,+91,VoIP,P00761,,SIM613227,Airtel,2021-09-10,,Inactive,SRC026,0.97,2025-02-08 11:23:22,2024-03-23 18:54:43
PH01182,94013804735,+91,Mobile,,O0354,SIM385701,Airtel,2023-06-29,,Inactive,SRC002,0.85,2025-12-24 23:46:09,2025-02-02 21:33:01
PH01183,98997054324,+91,Landline,P03513,,SIM754372,BSNL,2025-10-18,,Active,SRC019,0.98,2026-05-25 05:54:43,2024-12-20 05:28:51
PH01184,96762623035,+91,Landline,P02572,,SIM131627,Vi,2020-11-15,,Inactive,SRC016,0.87,2024-08-05 16:58:05,2026-07-16 16:43:26
PH01185,97320095242,+91,VoIP,P02358,,SIM306352,Airtel,2025-06-21,,Suspended,SRC003,0.9,2025-04-17 23:37:23,2024-02-18 07:29:51
PH01186,92090989292,+91,Landline,P03871,,SIM394021,Vi,2022-08-21,,Inactive,SRC030,0.83,2024-01-09 03:13:10,2025-04-09 15:38:07
PH01187,96133193519,+91,VoIP,,O0360,SIM154229,Vi,2019-02-21,,Active,SRC002,0.88,2025-05-11 14:37:07,2025-12-09 04:49:31
PH01188,96661797484,+91,Mobile,P00561,,SIM517795,Jio,2020-06-22,,Inactive,SRC009,0.82,2025-10-29 09:33:14,2025-10-17 00:22:16
PH01189,94082701077,+91,VoIP,P01981,,SIM395248,BSNL,2021-09-22,,Inactive,SRC009,0.85,2025-06-30 08:08:41,2024-03-05 17:31:13
PH01190,92561047826,+91,Landline,P01685,,SIM123202,Jio,2020-04-11,,Suspended,SRC010,0.83,2025-06-15 16:07:02,2026-08-12 09:26:57
PH01191,98411893671,+91,VoIP,P01329,,SIM124622,Vi,2023-05-25,,Suspended,SRC024,0.8,2024-07-01 02:28:06,2025-01-21 13:54:05
PH01192,99568154436,+91,Mobile,P02903,,SIM133848,Jio,2023-07-18,,Active,SRC021,0.82,2025-01-24 01:56:39,2026-01-11 18:14:12
PH01193,95484027567,+91,VoIP,P00362,,SIM786982,BSNL,2024-11-24,,Suspended,SRC006,0.86,2026-04-27 23:21:46,2025-10-08 11:36:21
PH01194,93945178063,+91,Mobile,P03892,,SIM210210,Vi,2025-01-16,,Inactive,SRC003,0.89,2024-04-19 07:52:59,2026-07-13 04:50:40
PH01195,95878702703,+91,Mobile,P02846,,SIM234127,BSNL,2021-09-02,2024-10-20,Active,SRC012,0.91,2026-08-21 19:00:54,2025-10-31 12:21:17
PH01196,95314377850,+91,Mobile,P02378,,SIM291184,BSNL,2020-06-03,,Suspended,SRC029,0.84,2026-07-29 02:10:18,2024-10-25 07:30:51
PH01197,91047589753,+91,VoIP,P00478,,SIM801816,Vi,2020-06-11,2025-07-26,Inactive,SRC005,0.87,2026-06-15 10:54:51,2024-02-09 17:06:23
PH01198,99626993422,+91,VoIP,P03536,,SIM321504,Vi,2024-03-11,,Active,SRC025,0.93,2025-11-15 13:18:39,2024-09-21 01:01:20
PH01199,93646196296,+91,Landline,P02636,,SIM883522,Vi,2025-02-01,,Inactive,SRC019,0.86,2026-03-23 15:38:26,2024-04-02 16:28:22
PH01200,99240280726,+91,VoIP,P02421,,SIM262526,BSNL,2023-04-18,,Suspended,SRC024,0.91,2026-04-15 18:43:38,2025-10-05 17:48:29
PH01201,95636014523,+91,VoIP,P01660,,SIM798971,Vi,2024-03-30,,Inactive,SRC022,0.92,2025-05-29 15:10:49,2024-03-09 15:52:17
PH01202,99935762570,+91,VoIP,P01763,,SIM242238,BSNL,2021-07-25,,Suspended,SRC028,0.95,2026-07-22 22:35:52,2026-04-15 12:33:57
PH01203,94548833727,+91,Landline,P02860,,SIM488469,Vi,2020-07-24,,Inactive,SRC003,0.87,2025-07-31 01:17:21,2024-06-12 22:20:15
PH01204,99582139715,+91,Mobile,P03836,,SIM460043,BSNL,2019-07-05,,Inactive,SRC023,0.9,2024-06-27 16:44:24,2024-07-20 08:50:09
PH01205,92286453002,+91,Landline,P00709,,SIM378544,Jio,2019-02-25,,Suspended,SRC007,0.95,2024-04-16 18:28:05,2026-01-17 08:01:14
PH01206,91763517827,+91,VoIP,P01087,,SIM852849,Vi,2024-03-19,,Suspended,SRC008,0.95,2025-01-11 01:07:24,2026-07-07 09:21:46
PH01207,95970315099,+91,Mobile,P00780,,SIM441872,Vi,2020-09-19,,Active,SRC006,0.89,2025-05-02 10:18:56,2026-07-07 07:21:06
PH01208,96039378914,+91,Mobile,P03810,,SIM263419,Jio,2019-01-29,2026-04-05,Suspended,SRC011,0.9,2024-01-01 15:41:38,2025-09-15 04:13:55
PH01209,94607530438,+91,VoIP,P00121,,SIM373504,Airtel,2021-06-20,,Suspended,SRC014,0.82,2026-06-03 14:35:09,2024-05-01 05:58:57
PH01210,98084000677,+91,Landline,P01554,,SIM303135,Vi,2020-06-04,,Suspended,SRC012,0.83,2025-10-03 10:13:16,2025-11-11 18:06:44
PH01211,95105532184,+91,VoIP,P02802,,SIM429798,Jio,2023-04-12,,Suspended,SRC004,0.98,2025-10-10 22:30:28,2025-10-09 16:03:06
PH01212,97892809199,+91,VoIP,P00930,,SIM454723,Vi,2024-07-19,,Inactive,SRC011,0.92,2024-02-27 05:24:33,2024-05-21 15:49:03
PH01213,94601943741,+91,Mobile,P00360,,SIM275515,Jio,2026-04-05,2026-07-01,Inactive,SRC019,0.98,2026-01-12 21:03:22,2024-03-17 02:33:56
PH01214,94453734572,+91,Mobile,P00088,,SIM496076,Vi,2020-11-24,,Active,SRC013,0.89,2026-03-20 06:25:11,2024-11-09 03:34:47
PH01215,94210016200,+91,Landline,P00676,,SIM692945,Airtel,2021-12-20,,Suspended,SRC025,0.92,2024-03-18 19:55:05,2024-11-25 04:49:13
PH01216,94845529215,+91,Landline,P02103,,SIM101118,Jio,2025-01-20,,Inactive,SRC022,0.83,2026-08-17 06:03:31,2026-05-02 20:30:43
PH01217,99784648618,+91,VoIP,P00536,,SIM454973,Airtel,2023-08-19,,Inactive,SRC023,0.8,2026-05-15 19:23:36,2026-02-21 14:05:50
PH01218,93664667511,+91,Mobile,P00807,,SIM492166,Airtel,2021-06-29,,Inactive,SRC028,0.82,2025-01-01 15:41:16,2025-10-23 17:49:45
PH01219,93077045227,+91,Landline,P00482,,SIM384779,Airtel,2020-03-20,2024-09-25,Suspended,SRC007,0.84,2025-12-11 13:22:35,2025-02-24 17:52:31
PH01220,91301035687,+91,Landline,P01411,,SIM307732,Jio,2024-02-25,,Suspended,SRC030,0.87,2025-01-09 09:38:16,2024-04-04 07:45:15
PH01221,97988207476,+91,Landline,P01431,,SIM723195,Jio,2023-09-25,,Inactive,SRC018,0.81,2026-02-26 13:47:04,2024-02-26 19:25:20
PH01222,99209400859,+91,Landline,P01403,,SIM512019,Airtel,2025-01-22,,Suspended,SRC023,0.88,2026-06-18 08:09:22,2026-03-04 06:22:33
PH01223,99165344656,+91,Landline,P00456,,SIM130094,Airtel,2020-05-21,,Inactive,SRC008,0.91,2024-02-16 18:03:19,2026-06-04 03:35:13
PH01224,98386601897,+91,Landline,,O0028,SIM848056,BSNL,2023-03-11,2025-09-02,Inactive,SRC004,0.93,2025-05-06 22:04:00,2025-12-16 08:14:34
PH01225,97681652474,+91,Mobile,P03291,,SIM868402,Airtel,2023-04-04,,Suspended,SRC025,0.81,2026-05-23 11:22:58,2026-01-01 18:52:06
PH01226,95651499458,+91,VoIP,P00640,,SIM124648,Airtel,2022-09-25,,Inactive,SRC006,0.82,2024-01-29 14:29:17,2024-07-28 12:45:13
PH01227,98223637272,+91,VoIP,P03501,,SIM639433,BSNL,2019-11-01,,Suspended,SRC025,0.89,2025-09-12 13:47:56,2026-06-27 13:42:16
PH01228,96961859231,+91,Mobile,,O0393,SIM149831,Airtel,2024-03-16,,Active,SRC030,0.84,2025-06-03 16:36:57,2026-01-09 13:37:08
PH01229,95106868566,+91,Landline,P02102,,SIM541712,Airtel,2025-07-21,,Suspended,SRC013,0.89,2025-02-13 02:38:14,2026-03-30 18:57:26
PH01230,95128167605,+91,Mobile,P00862,,SIM716952,Vi,2019-06-01,,Active,SRC003,0.86,2024-08-12 05:28:24,2026-08-05 19:53:21
PH01231,91670610120,+91,VoIP,P00763,,SIM757661,Airtel,2022-10-21,2025-02-02,Inactive,SRC020,0.93,2024-08-01 00:37:19,2026-07-04 12:01:48
PH01232,95131180585,+91,Landline,P00326,,SIM830908,Jio,2025-09-24,,Inactive,SRC002,0.92,2025-02-01 01:10:34,2025-12-28 09:23:36
PH01233,91536876309,+91,VoIP,,O0291,SIM206200,Jio,2019-02-20,,Suspended,SRC004,0.91,2026-05-06 11:27:05,2026-07-11 14:28:09
PH01234,92431966751,+91,Mobile,P00034,,SIM151657,Airtel,2023-09-08,,Suspended,SRC020,0.82,2024-03-02 23:44:28,2024-03-17 15:40:39
PH01235,91135004246,+91,Landline,P00907,,SIM122967,BSNL,2025-08-26,,Active,SRC016,0.85,2025-03-07 06:49:07,2024-11-25 18:25:57
PH01236,96019100922,+91,VoIP,,O0442,SIM963364,Jio,2022-09-30,,Suspended,SRC017,0.81,2026-04-20 09:04:17,2026-03-05 14:33:25
PH01237,98278394270,+91,Landline,P01021,,SIM930696,BSNL,2024-06-03,,Suspended,SRC001,0.92,2025-06-04 21:40:15,2025-05-26 23:25:46
PH01238,91928281167,+91,VoIP,P00641,,SIM899996,Airtel,2020-04-12,,Suspended,SRC027,0.92,2024-06-20 02:53:59,2026-07-12 17:30:45
PH01239,95561369263,+91,Landline,P02068,,SIM998811,BSNL,2018-12-09,,Inactive,SRC019,0.97,2024-07-26 19:00:31,2024-01-12 10:50:34
PH01240,91732721908,+91,Landline,P03736,,SIM749293,Airtel,2023-04-24,,Inactive,SRC028,0.84,2026-03-27 02:11:21,2026-02-12 22:35:19
PH01241,98687998463,+91,VoIP,P00223,,SIM890048,BSNL,2020-04-11,,Active,SRC011,0.86,2026-06-19 15:17:53,2025-11-01 01:58:04
PH01242,92193918328,+91,Mobile,P01218,,SIM203158,Jio,2025-12-20,2025-08-26,Suspended,SRC029,0.88,2025-01-23 07:15:48,2026-06-21 07:14:32
PH01243,94799692495,+91,Mobile,P01414,,SIM819313,Jio,2019-07-11,,Inactive,SRC008,0.98,2024-04-21 08:20:40,2024-08-08 10:07:13
PH01244,94784946309,+91,VoIP,P03116,,SIM358063,BSNL,2025-10-14,,Active,SRC030,0.95,2024-01-15 05:26:52,2024-06-13 06:03:09
PH01245,91411875602,+91,VoIP,P02181,,SIM676411,Airtel,2021-10-16,,Inactive,SRC006,0.86,2025-08-02 22:25:55,2024-07-14 12:22:55
PH01246,97511531927,+91,VoIP,P03200,,SIM517984,Jio,2024-03-23,,Inactive,SRC027,0.88,2024-01-31 11:17:45,2025-10-12 16:10:39
PH01247,96748001485,+91,VoIP,P02184,,SIM561551,Airtel,2022-04-01,,Suspended,SRC030,0.91,2026-08-08 14:11:56,2024-07-21 21:01:46
PH01248,99441873461,+91,Mobile,P00344,,SIM287216,BSNL,2026-01-16,2025-10-31,Active,SRC010,0.83,2026-07-15 04:50:15,2024-03-11 04:20:32
PH01249,94654465530,+91,Mobile,P02111,,SIM965898,Vi,2022-11-08,,Active,SRC015,0.82,2026-02-27 23:15:25,2025-07-09 02:28:15
PH01250,91887673367,+91,Mobile,P03375,,SIM610180,Jio,2019-02-28,,Inactive,SRC030,0.89,2026-02-28 00:13:26,2025-01-03 04:04:32
PH01251,91140421992,+91,Landline,P03969,,SIM916310,BSNL,2019-08-07,,Inactive,SRC015,0.94,2026-02-22 07:23:39,2026-01-23 09:05:59
PH01252,91096262806,+91,Landline,P01128,,SIM974422,BSNL,2019-12-21,,Suspended,SRC022,0.97,2024-02-09 05:34:54,2025-12-06 08:10:04
PH01253,95840481281,+91,Landline,P02096,,SIM108414,Vi,2021-10-10,2025-11-02,Active,SRC024,0.9,2024-03-31 02:49:13,2026-07-13 23:19:21
PH01254,95235910547,+91,Mobile,P00693,,SIM734757,Vi,2019-05-31,,Active,SRC030,0.9,2024-11-05 11:26:36,2025-01-03 04:47:53
PH01255,97866051194,+91,VoIP,,O0065,SIM824944,BSNL,2019-09-11,,Inactive,SRC005,0.88,2024-09-16 03:50:16,2024-10-20 05:42:37
PH01256,91527093255,+91,Mobile,P02915,,SIM474068,BSNL,2023-04-20,,Active,SRC029,0.83,2025-06-17 15:58:03,2025-04-14 15:05:51
PH01257,92333992835,+91,VoIP,P00340,,SIM448628,Vi,2019-01-10,,Suspended,SRC025,0.82,2024-11-04 14:38:28,2025-05-11 07:38:32
PH01258,95590418737,+91,Mobile,P01914,,SIM805601,BSNL,2026-08-09,,Inactive,SRC019,0.96,2024-01-22 23:44:56,2024-04-12 01:05:51
PH01259,96620415243,+91,Landline,P03595,,SIM674163,BSNL,2019-02-03,,Suspended,SRC006,0.81,2024-01-25 08:19:06,2025-07-29 18:56:25
PH01260,98972397782,+91,VoIP,P02401,,SIM842274,Airtel,2025-11-17,2024-12-10,Inactive,SRC011,0.89,2026-08-10 12:14:02,2024-01-13 01:23:00
PH01261,96945635375,+91,VoIP,P02576,,SIM809953,Airtel,2022-05-24,2025-04-06,Suspended,SRC028,0.89,2024-02-24 02:14:02,2025-06-16 21:11:32
PH01262,94254896703,+91,Mobile,P00862,,SIM610378,BSNL,2024-01-06,,Active,SRC016,0.98,2024-02-25 23:01:49,2024-11-19 11:10:03
PH01263,97048222608,+91,Landline,P02071,,SIM336758,Jio,2024-01-01,,Active,SRC004,0.94,2024-11-29 14:47:37,2024-03-25 02:14:23
PH01264,98945578726,+91,Landline,P00623,,SIM333564,Vi,2023-08-10,,Inactive,SRC028,0.84,2025-09-10 10:56:33,2024-09-05 06:08:07
PH01265,97708567636,+91,VoIP,P03270,,SIM987560,Jio,2025-12-04,2025-10-19,Inactive,SRC021,0.99,2026-03-06 20:13:02,2025-04-07 10:09:23
PH01266,92615981450,+91,VoIP,P02994,,SIM213471,Vi,2021-09-05,,Suspended,SRC012,0.85,2026-08-10 19:47:30,2024-08-03 01:09:59
PH01267,97934565861,+91,Mobile,P01861,,SIM794634,Vi,2022-07-04,,Suspended,SRC030,0.83,2026-06-02 10:27:19,2024-05-12 17:15:27
PH01268,93350125003,+91,Mobile,P02865,,SIM750658,BSNL,2025-10-15,,Inactive,SRC005,0.99,2024-11-06 10:16:11,2026-01-23 01:32:39
PH01269,94655958833,+91,Landline,P01335,,SIM861367,Airtel,2019-05-05,,Active,SRC029,0.92,2026-02-17 08:47:09,2025-03-16 16:41:45
PH01270,99166476866,+91,Mobile,P01717,,SIM272067,Vi,2020-08-04,,Suspended,SRC021,0.91,2024-02-08 12:25:48,2024-10-05 02:38:00
PH01271,96504026124,+91,Landline,P02501,,SIM673342,Vi,2020-07-26,,Suspended,SRC008,0.86,2026-08-01 20:39:57,2024-11-23 14:45:11
PH01272,93213719996,+91,Mobile,P03018,,SIM724787,Vi,2019-08-01,,Suspended,SRC010,0.87,2024-09-03 18:46:20,2024-05-11 05:03:24
PH01273,99688965439,+91,Mobile,P02425,,SIM613069,Jio,2020-08-15,,Inactive,SRC027,0.9,2024-08-16 02:32:17,2025-04-03 05:52:18
PH01274,98436764574,+91,Mobile,P03498,,SIM491127,Airtel,2020-05-18,,Inactive,SRC005,0.98,2025-09-09 08:07:45,2025-01-22 06:23:00
PH01275,92858363601,+91,Landline,P00057,,SIM397329,Jio,2021-01-08,,Suspended,SRC028,0.86,2026-08-25 01:58:00,2024-05-02 22:34:56
PH01276,95280715407,+91,Landline,P01695,,SIM607412,Airtel,2025-08-29,,Suspended,SRC011,0.87,2025-05-09 07:01:12,2026-02-12 12:14:06
PH01277,96501736379,+91,Landline,P03936,,SIM325268,BSNL,2026-06-19,,Active,SRC001,0.94,2024-11-08 15:46:26,2024-03-18 19:48:55
PH01278,95297940640,+91,Landline,,O0447,SIM529390,BSNL,2020-06-17,,Suspended,SRC012,0.93,2025-11-30 20:00:01,2026-01-05 07:39:18
PH01279,96584277981,+91,Mobile,P03782,,SIM304966,Jio,2020-03-16,,Active,SRC013,0.85,2026-02-15 17:15:49,2025-04-08 13:42:52
PH01280,95234134590,+91,VoIP,P02956,,SIM778019,Jio,2020-07-31,,Inactive,SRC024,0.99,2024-04-09 16:07:00,2024-01-09 19:13:25
PH01281,93416342536,+91,Landline,P01771,,SIM411202,Jio,2026-04-06,,Active,SRC028,0.83,2024-07-10 20:45:25,2024-07-14 21:29:26
PH01282,95820380141,+91,VoIP,P03479,,SIM129857,Jio,2024-07-02,,Suspended,SRC004,0.88,2025-06-04 21:18:44,2026-05-04 02:20:02
PH01283,91927615202,+91,VoIP,,O0268,SIM822370,BSNL,2020-06-15,,Inactive,SRC020,0.96,2025-10-25 19:53:26,2026-03-13 15:11:56
PH01284,92018738208,+91,Landline,P01670,,SIM593377,Jio,2026-08-18,,Active,SRC026,0.95,2026-03-28 13:54:48,2025-06-29 19:10:20
PH01285,98428629929,+91,Landline,P02066,,SIM243659,Vi,2025-11-05,,Suspended,SRC027,0.89,2025-02-17 05:28:25,2024-06-05 15:48:57
PH01286,97037816665,+91,Mobile,,O0093,SIM558859,BSNL,2023-12-11,2024-11-05,Suspended,SRC016,0.94,2025-09-02 07:44:50,2026-08-20 02:22:44
PH01287,91560614584,+91,Landline,P01246,,SIM194737,Jio,2018-10-05,,Inactive,SRC023,0.92,2026-04-27 04:31:54,2025-05-25 17:00:25
PH01288,98501890100,+91,Mobile,P02330,,SIM916329,Vi,2024-02-01,,Inactive,SRC021,0.99,2025-03-23 01:05:11,2024-11-14 19:02:17
PH01289,94986543706,+91,Landline,P03891,,SIM830558,Airtel,2026-06-10,2025-08-24,Inactive,SRC026,0.95,2026-03-09 19:36:55,2026-04-22 13:38:34
PH01290,98074946339,+91,VoIP,,O0417,SIM737492,Jio,2023-10-11,,Suspended,SRC011,0.93,2024-10-18 03:53:52,2025-01-11 00:13:35
PH01291,92096238410,+91,Mobile,P02911,,SIM182432,Jio,2023-11-12,,Suspended,SRC018,0.98,2025-01-09 07:33:59,2025-09-21 07:16:04
PH01292,93933865071,+91,Landline,P00687,,SIM747455,Vi,2019-01-11,,Active,SRC016,0.84,2024-03-19 04:57:42,2026-04-18 15:59:11
PH01293,96937353687,+91,VoIP,P01541,,SIM492140,Jio,2025-03-17,,Active,SRC025,0.89,2025-08-25 03:42:08,2026-08-06 01:38:32
PH01294,96445257886,+91,VoIP,P02374,,SIM331965,Jio,2023-01-06,,Active,SRC025,0.95,2024-12-26 20:08:41,2025-07-12 17:42:42
PH01295,93128308386,+91,Landline,P01146,,SIM467727,Jio,2024-04-29,,Suspended,SRC026,0.89,2024-11-12 21:54:21,2025-10-10 18:27:20
PH01296,97036410329,+91,Landline,P00246,,SIM866716,Jio,2019-11-17,,Active,SRC030,0.89,2024-05-17 02:42:33,2025-01-09 17:06:46
PH01297,97541221312,+91,Mobile,P02392,,SIM976029,Vi,2023-12-24,2024-10-01,Inactive,SRC018,0.91,2024-10-25 00:40:27,2024-09-19 14:42:02
PH01298,92806452726,+91,Mobile,P01485,,SIM666849,Airtel,2026-08-25,,Inactive,SRC002,0.96,2025-05-31 18:35:30,2025-12-12 07:03:28
PH01299,98171649016,+91,VoIP,P03256,,SIM891431,Airtel,2019-01-19,,Inactive,SRC029,0.98,2026-02-23 17:20:37,2024-09-11 20:59:42
PH01300,99788828395,+91,VoIP,P02044,,SIM567075,Jio,2020-01-26,,Inactive,SRC019,0.82,2025-11-26 04:09:54,2026-06-18 09:11:57
PH01301,95941446250,+91,VoIP,P00096,,SIM480376,BSNL,2021-08-17,,Active,SRC029,0.99,2024-03-10 08:23:53,2025-09-06 19:24:51
PH01302,91199373030,+91,Mobile,P01467,,SIM916694,Vi,2022-08-13,,Inactive,SRC011,0.91,2024-06-14 06:59:11,2024-01-07 20:27:34
PH01303,99096674104,+91,Landline,P03335,,SIM392449,Vi,2024-07-09,,Suspended,SRC006,0.83,2026-06-20 22:49:24,2024-02-20 14:32:28
PH01304,95331551411,+91,VoIP,P01792,,SIM721238,Vi,2025-04-11,,Inactive,SRC015,0.83,2024-02-22 06:22:03,2024-12-03 23:06:33
PH01305,91939574446,+91,Mobile,P02374,,SIM446111,Airtel,2020-11-30,,Suspended,SRC012,0.91,2025-01-02 22:02:06,2026-08-05 06:46:44
PH01306,98734762373,+91,VoIP,P03048,,SIM136886,Vi,2018-12-17,,Suspended,SRC024,0.94,2026-01-05 12:07:14,2025-03-17 05:03:33
PH01307,97151027347,+91,VoIP,P00568,,SIM938695,Jio,2023-01-07,2025-01-08,Suspended,SRC009,0.82,2024-12-17 12:08:53,2024-07-21 01:44:54
PH01308,96614559672,+91,Mobile,P03641,,SIM412546,BSNL,2023-04-18,,Active,SRC025,0.84,2025-01-21 09:43:04,2024-03-22 14:23:24
PH01309,98424770796,+91,Mobile,P02840,,SIM715501,Vi,2024-11-21,,Suspended,SRC019,0.98,2026-02-23 04:39:41,2026-08-09 11:09:54
PH01310,97060222793,+91,VoIP,P03065,,SIM410616,BSNL,2025-05-27,2025-07-20,Active,SRC011,0.86,2025-11-15 15:13:16,2024-02-11 16:09:30
PH01311,97747730896,+91,Mobile,P03251,,SIM335817,Jio,2018-09-22,,Inactive,SRC016,0.93,2025-04-07 11:18:42,2026-05-07 00:42:44
PH01312,99671342496,+91,VoIP,P00913,,SIM130667,Airtel,2024-12-01,,Suspended,SRC016,0.9,2025-09-11 07:20:47,2025-05-24 01:28:38
PH01313,96441299415,+91,Mobile,P02843,,SIM980719,BSNL,2022-08-31,,Active,SRC029,0.87,2025-12-25 21:17:58,2026-05-15 13:02:52
PH01314,95639646004,+91,Mobile,P02041,,SIM226733,Airtel,2023-06-11,,Active,SRC004,0.88,2025-09-04 05:54:27,2024-11-19 22:23:48
PH01315,91301797551,+91,Mobile,P02961,,SIM967934,Jio,2022-06-11,,Active,SRC020,0.86,2025-04-19 19:56:19,2025-08-09 07:51:10
PH01316,94975818467,+91,VoIP,P01225,,SIM769410,BSNL,2026-01-13,,Inactive,SRC001,0.84,2024-05-12 20:44:32,2025-01-02 19:11:27
PH01317,95420000723,+91,Landline,P01818,,SIM570621,Airtel,2019-03-18,,Inactive,SRC004,0.98,2026-07-29 16:22:41,2025-08-13 14:53:13
PH01318,96081869495,+91,VoIP,P00718,,SIM465226,BSNL,2021-07-24,,Active,SRC024,0.8,2025-06-06 11:29:00,2024-08-02 11:09:45
PH01319,98886520425,+91,VoIP,P02088,,SIM771927,BSNL,2020-07-31,,Suspended,SRC018,0.81,2024-12-22 18:43:12,2024-08-18 15:59:11
PH01320,94432436638,+91,VoIP,P00610,,SIM626182,Vi,2023-01-21,,Inactive,SRC028,0.82,2025-10-04 02:30:47,2025-07-16 20:45:09
PH01321,99890825215,+91,VoIP,P02095,,SIM459943,Jio,2020-04-06,,Inactive,SRC021,0.85,2026-05-08 05:43:50,2025-04-11 04:37:51
PH01322,98053124370,+91,Mobile,,O0319,SIM818577,Jio,2023-08-27,,Suspended,SRC027,0.88,2025-07-14 10:53:17,2026-07-24 03:40:28
PH01323,91637592770,+91,Landline,P02206,,SIM174300,Airtel,2025-07-07,2025-08-25,Suspended,SRC024,0.96,2024-03-05 03:06:04,2024-03-14 01:11:28
PH01324,94649702189,+91,Mobile,P03952,,SIM167049,Vi,2021-01-30,,Suspended,SRC009,0.87,2026-01-24 11:46:42,2026-01-18 08:51:18
PH01325,98582008576,+91,Mobile,P01719,,SIM186495,Vi,2020-03-20,,Suspended,SRC028,0.89,2024-10-23 13:36:50,2025-11-12 23:06:09
PH01326,95155797974,+91,Mobile,P01131,,SIM481055,Jio,2020-05-09,,Inactive,SRC019,0.86,2025-12-19 05:14:49,2026-02-18 19:22:13
PH01327,94302560463,+91,VoIP,P00557,,SIM203443,Jio,2024-05-08,,Inactive,SRC027,0.87,2026-03-07 05:16:06,2026-07-30 10:14:08
PH01328,95498128473,+91,VoIP,P03900,,SIM663476,Jio,2023-05-05,,Inactive,SRC016,0.84,2024-06-06 08:56:23,2026-04-05 02:52:34
PH01329,95284360349,+91,Mobile,P03833,,SIM652047,Airtel,2020-08-08,,Active,SRC005,0.82,2024-03-05 01:35:36,2025-10-17 18:51:59
PH01330,91645090405,+91,Landline,,O0476,SIM819235,Vi,2025-03-28,2025-09-12,Inactive,SRC023,0.93,2026-01-29 04:47:20,2026-04-06 20:43:59
PH01331,94706054729,+91,Landline,P00967,,SIM569389,Jio,2023-10-08,,Suspended,SRC003,0.9,2024-09-01 03:53:23,2025-07-30 23:57:54
PH01332,99563016428,+91,VoIP,P01255,,SIM621759,Airtel,2020-11-11,,Active,SRC013,0.8,2025-02-26 04:17:51,2026-06-13 07:54:49
PH01333,97540648414,+91,Mobile,P03696,,SIM973044,Airtel,2020-12-22,,Suspended,SRC023,0.85,2024-11-19 01:26:06,2024-07-10 13:55:56
PH01334,99139356266,+91,VoIP,P01942,,SIM588803,BSNL,2023-10-16,,Active,SRC024,0.85,2024-01-25 15:01:15,2025-04-17 09:52:26
PH01335,91900611895,+91,Mobile,P02763,,SIM866774,Airtel,2020-01-05,,Suspended,SRC016,0.95,2024-04-18 01:22:27,2024-12-07 17:34:32
PH01336,94385253967,+91,Mobile,P03375,,SIM469545,Jio,2023-04-07,2026-03-07,Inactive,SRC015,0.82,2024-01-20 04:34:30,2025-01-04 13:31:22
PH01337,92737236094,+91,Landline,P02697,,SIM658442,Vi,2021-09-27,,Suspended,SRC022,0.81,2024-01-27 07:17:06,2024-06-07 00:45:00
PH01338,97864842840,+91,Mobile,P02371,,SIM375999,Airtel,2020-08-10,,Inactive,SRC012,0.8,2026-07-11 06:01:54,2026-03-01 12:15:10
PH01339,92702621823,+91,Mobile,P00865,,SIM475845,BSNL,2025-08-02,,Inactive,SRC024,0.91,2024-09-10 06:38:28,2025-08-15 18:38:13
PH01340,95005540500,+91,Landline,P03503,,SIM125471,Jio,2022-11-05,2024-11-06,Inactive,SRC006,0.93,2025-07-04 12:24:37,2025-04-14 21:12:28
PH01341,99478012696,+91,VoIP,P01028,,SIM321499,Jio,2026-06-26,2025-11-06,Inactive,SRC001,0.85,2025-06-16 19:17:55,2024-02-13 10:28:37
PH01342,94240965904,+91,VoIP,P03668,,SIM213712,Airtel,2024-01-28,,Inactive,SRC015,0.83,2025-05-12 06:51:52,2025-10-08 05:03:59
PH01343,93558378316,+91,VoIP,P00564,,SIM578972,Vi,2023-07-21,,Inactive,SRC012,0.84,2026-08-22 02:25:14,2025-10-31 22:49:06
PH01344,93274144249,+91,Landline,P03301,,SIM668392,Vi,2024-04-18,,Suspended,SRC017,0.97,2025-09-09 17:09:35,2026-01-25 10:00:13
PH01345,97267606507,+91,VoIP,P01339,,SIM710457,Vi,2020-02-05,,Active,SRC020,0.98,2024-02-10 00:09:13,2025-02-05 03:07:58
PH01346,94257835472,+91,VoIP,P00420,,SIM727066,BSNL,2020-01-02,,Active,SRC015,0.83,2024-03-16 22:02:09,2025-06-28 07:49:14
PH01347,97719333478,+91,VoIP,P02247,,SIM443137,Airtel,2024-02-10,,Inactive,SRC012,0.84,2024-03-31 22:47:45,2026-01-15 03:15:52
PH01348,92570230551,+91,Mobile,P00850,,SIM407296,BSNL,2019-03-10,2024-12-02,Active,SRC030,0.94,2024-03-04 05:13:01,2025-11-27 14:02:50
PH01349,96877792714,+91,VoIP,P02955,,SIM851618,BSNL,2023-09-08,,Suspended,SRC023,0.85,2026-03-21 12:51:44,2025-10-19 23:02:36
PH01350,94221183880,+91,Landline,P03892,,SIM209364,Airtel,2021-07-31,,Active,SRC014,0.93,2024-03-24 23:06:38,2025-11-21 12:24:16
PH01351,96207036344,+91,Landline,P02518,,SIM220596,Vi,2025-06-10,,Suspended,SRC009,0.87,2025-08-11 08:25:20,2024-06-15 13:22:22
PH01352,91030222862,+91,Landline,P03968,,SIM523568,BSNL,2024-03-09,,Inactive,SRC007,0.91,2025-07-04 19:40:56,2025-10-20 09:19:14
PH01353,99426168761,+91,Mobile,P03310,,SIM601810,BSNL,2019-04-18,,Suspended,SRC022,0.86,2024-03-22 21:28:23,2024-12-09 07:47:51
PH01354,91413840608,+91,Mobile,,O0248,SIM152261,Airtel,2021-01-30,,Suspended,SRC021,0.87,2025-10-05 04:03:27,2026-02-03 12:02:56
PH01355,91758938488,+91,Landline,P00128,,SIM906510,BSNL,2020-04-02,,Active,SRC029,0.83,2025-10-19 07:40:52,2024-09-22 16:01:06
PH01356,92987879231,+91,Landline,,O0223,SIM327801,Airtel,2022-07-15,,Inactive,SRC020,0.89,2024-01-11 06:15:32,2024-12-13 08:42:25
PH01357,99483169143,+91,Mobile,P03982,,SIM797881,Vi,2026-08-06,,Active,SRC005,0.88,2025-09-30 13:33:02,2026-05-09 14:51:02
PH01358,93695135294,+91,Landline,P02225,,SIM357491,BSNL,2022-10-11,,Active,SRC016,0.95,2024-12-03 17:26:50,2025-02-06 01:23:55
PH01359,98476153201,+91,Mobile,P02211,,SIM139375,Airtel,2021-02-20,,Active,SRC030,0.83,2025-03-04 11:04:49,2026-06-20 00:43:31
PH01360,98071365267,+91,VoIP,P00318,,SIM528301,Airtel,2020-12-17,,Suspended,SRC008,0.83,2025-02-23 13:52:24,2026-04-19 20:36:44
PH01361,97462669554,+91,VoIP,P01833,,SIM376103,Jio,2020-11-09,,Active,SRC025,0.84,2024-11-08 02:56:34,2024-10-24 04:33:41
PH01362,92629261381,+91,Landline,,O0238,SIM419162,BSNL,2019-09-19,,Active,SRC024,0.88,2024-01-11 02:11:25,2024-04-07 17:31:21
PH01363,93096424059,+91,VoIP,P01166,,SIM946945,Airtel,2025-01-20,2025-01-07,Inactive,SRC020,0.92,2025-07-11 09:25:26,2025-10-21 22:57:49
PH01364,96558197626,+91,Mobile,P03592,,SIM471832,Vi,2025-01-22,,Suspended,SRC014,0.86,2025-11-16 08:20:53,2026-01-17 01:36:33
PH01365,98236410006,+91,Landline,P03513,,SIM509842,Jio,2019-06-22,,Suspended,SRC025,0.83,2024-06-15 23:25:59,2024-12-16 13:27:57
PH01366,94162051372,+91,Landline,P02377,,SIM212676,BSNL,2022-04-30,2024-10-23,Suspended,SRC004,0.96,2026-07-03 04:59:50,2024-06-10 16:00:33
PH01367,94969642559,+91,Landline,P03335,,SIM668776,Airtel,2026-04-07,,Suspended,SRC006,0.91,2026-04-10 11:18:51,2025-12-15 08:49:31
PH01368,91148637174,+91,Landline,,O0176,SIM955500,Jio,2025-12-28,,Inactive,SRC020,0.81,2024-01-28 20:06:55,2024-06-29 06:56:05
PH01369,96974466383,+91,Mobile,P03528,,SIM473728,Jio,2025-03-18,,Inactive,SRC026,0.96,2026-05-09 09:48:01,2026-02-07 12:49:22
PH01370,98442120988,+91,Mobile,P02252,,SIM218681,BSNL,2023-10-08,2024-12-07,Active,SRC001,0.9,2024-08-29 23:52:24,2024-08-09 15:39:45
PH01371,91290530074,+91,VoIP,,O0260,SIM283228,Jio,2021-05-19,,Active,SRC027,0.82,2024-04-30 16:24:16,2025-01-24 09:53:35
PH01372,92305175308,+91,Landline,P02842,,SIM778581,Airtel,2025-09-22,,Inactive,SRC025,0.87,2025-07-15 21:21:39,2024-01-05 10:46:45
PH01373,97542727652,+91,Landline,P03649,,SIM843344,Airtel,2025-09-18,,Suspended,SRC012,0.9,2024-05-12 03:20:15,2025-04-07 08:25:20
PH01374,99329041142,+91,Landline,P03118,,SIM930140,Jio,2025-10-06,2025-07-23,Suspended,SRC004,0.88,2026-04-02 04:59:47,2026-02-01 16:25:32
PH01375,92018712045,+91,Landline,P00182,,SIM722833,Vi,2022-02-07,,Suspended,SRC027,0.87,2024-09-28 15:22:30,2024-03-25 05:50:10
PH01376,99468726129,+91,Mobile,P03639,,SIM618351,BSNL,2022-02-05,,Suspended,SRC010,0.9,2024-10-19 08:12:08,2026-04-28 00:36:52
PH01377,99856061839,+91,Landline,P02253,,SIM237499,Jio,2018-12-03,,Active,SRC027,0.92,2025-08-07 19:55:07,2025-05-23 02:16:26
PH01378,97985533280,+91,Landline,P03061,,SIM332429,Airtel,2026-04-24,,Suspended,SRC024,0.81,2026-06-30 13:00:13,2025-12-24 13:57:19
PH01379,96488443158,+91,VoIP,P01426,,SIM314112,Airtel,2025-03-30,,Suspended,SRC026,0.84,2024-12-13 22:43:02,2025-11-22 13:29:37
PH01380,92327985754,+91,Mobile,P03778,,SIM256200,Airtel,2022-10-06,,Suspended,SRC002,0.86,2024-02-10 06:55:35,2026-03-28 20:07:31
PH01381,93324942095,+91,Landline,P02299,,SIM691889,Vi,2024-02-14,,Inactive,SRC007,0.97,2024-08-11 19:46:38,2025-01-11 15:41:10
PH01382,93846838871,+91,Landline,P03697,,SIM551192,Jio,2020-02-13,,Suspended,SRC006,0.94,2025-09-05 21:48:58,2026-04-05 11:14:05
PH01383,97823857292,+91,Mobile,P01111,,SIM647202,Airtel,2020-02-05,,Inactive,SRC020,0.88,2025-01-28 04:50:58,2024-07-06 17:08:31
PH01384,95632601071,+91,Landline,P02481,,SIM485259,Vi,2022-11-24,,Active,SRC007,0.81,2024-07-11 03:38:00,2024-02-27 00:35:26
PH01385,91289673639,+91,VoIP,P02770,,SIM338856,Jio,2025-04-15,,Active,SRC030,0.94,2025-08-09 06:21:51,2025-01-11 10:58:42
PH01386,94179824208,+91,Mobile,P02406,,SIM997182,Vi,2022-03-26,,Active,SRC010,0.94,2025-02-20 11:59:16,2026-08-23 20:53:15
PH01387,95884644836,+91,VoIP,P03928,,SIM795289,Vi,2025-09-26,,Inactive,SRC024,0.87,2025-06-07 03:03:56,2025-04-04 13:55:16
PH01388,98999525343,+91,Landline,P01480,,SIM495093,Airtel,2026-06-04,,Inactive,SRC007,0.95,2025-02-28 17:53:00,2025-02-01 16:31:15
PH01389,92799109085,+91,VoIP,P01784,,SIM175827,Jio,2021-08-31,,Suspended,SRC010,0.92,2024-03-08 01:54:07,2024-04-24 09:05:02
PH01390,91180672668,+91,Mobile,P00021,,SIM602111,Airtel,2023-08-05,2025-02-09,Inactive,SRC022,0.82,2024-03-04 12:45:34,2025-12-24 05:01:36
PH01391,97416400865,+91,Mobile,,O0445,SIM259084,BSNL,2019-05-16,,Suspended,SRC003,0.88,2026-01-15 23:55:07,2025-02-01 09:01:50
PH01392,98304223164,+91,Landline,P02526,,SIM289346,BSNL,2025-09-13,,Inactive,SRC015,0.93,2025-07-05 03:58:08,2025-11-22 21:33:53
PH01393,91721603175,+91,VoIP,P00806,,SIM871865,BSNL,2020-01-02,,Active,SRC007,0.93,2025-10-14 01:55:45,2024-10-29 12:22:59
PH01394,99155695058,+91,VoIP,P01295,,SIM652088,Airtel,2019-11-23,,Active,SRC002,0.85,2024-02-17 19:45:06,2026-02-09 15:21:01
PH01395,98629281522,+91,Landline,P01613,,SIM962651,Jio,2022-01-05,,Inactive,SRC022,0.9,2025-08-10 04:59:33,2026-02-23 03:41:18
PH01396,91996000014,+91,VoIP,P01801,,SIM940439,Vi,2023-10-27,,Active,SRC010,0.83,2025-08-19 04:59:10,2026-08-17 07:57:03
PH01397,93242929586,+91,Mobile,P00359,,SIM830044,BSNL,2019-08-01,,Inactive,SRC005,0.9,2024-08-21 03:33:26,2024-08-02 20:45:25
PH01398,94457185718,+91,VoIP,P01201,,SIM813887,Jio,2023-04-03,2025-09-29,Active,SRC006,0.99,2024-01-12 23:18:31,2025-08-12 16:56:22
PH01399,91132018063,+91,Landline,,O0123,SIM324459,Jio,2022-09-30,2026-08-13,Inactive,SRC005,0.84,2025-08-30 17:03:58,2026-08-25 11:46:36
PH01400,99562976330,+91,Landline,P03495,,SIM370267,Vi,2018-11-10,,Inactive,SRC004,0.84,2026-07-07 18:16:10,2026-04-11 09:28:46
PH01401,92924140211,+91,Landline,P03565,,SIM454071,Vi,2020-12-28,,Suspended,SRC001,0.81,2026-01-22 11:02:45,2025-11-03 00:33:52
PH01402,99015220092,+91,Mobile,P00737,,SIM956879,Vi,2025-07-25,,Active,SRC002,0.98,2025-07-17 04:51:49,2025-07-18 04:01:40
PH01403,94018214765,+91,Mobile,P02126,,SIM306482,Airtel,2022-06-29,2026-07-18,Inactive,SRC007,0.97,2024-08-23 02:35:10,2025-02-09 06:01:49
PH01404,94730269138,+91,Mobile,P03566,,SIM355243,Airtel,2022-05-04,,Active,SRC017,0.88,2025-11-12 19:58:18,2024-09-12 06:20:36
PH01405,92611070269,+91,Landline,P03879,,SIM769815,Vi,2021-12-31,,Inactive,SRC002,0.91,2025-11-23 14:10:07,2025-03-25 04:51:38
PH01406,92894852402,+91,VoIP,P02136,,SIM192831,Jio,2023-03-27,,Suspended,SRC010,0.89,2026-06-17 12:29:31,2025-03-11 15:42:58
PH01407,91233478126,+91,Mobile,P01258,,SIM611793,Vi,2026-07-03,2025-11-23,Active,SRC001,0.93,2026-04-19 08:35:42,2026-01-08 11:23:17
PH01408,93853696958,+91,VoIP,,O0428,SIM854397,Vi,2019-05-19,2025-09-04,Active,SRC013,0.92,2024-06-13 08:39:54,2026-08-15 22:13:23
PH01409,98667409115,+91,VoIP,P03904,,SIM347126,BSNL,2025-01-28,2026-08-24,Active,SRC018,0.94,2025-07-16 02:52:22,2024-02-03 06:29:05
PH01410,99472090422,+91,Mobile,P01809,,SIM906407,Airtel,2022-04-17,,Inactive,SRC028,0.95,2025-11-21 17:55:08,2024-07-19 14:29:46
PH01411,93599224568,+91,Landline,P01413,,SIM559580,Jio,2024-12-21,,Suspended,SRC004,0.97,2024-08-06 01:10:24,2024-08-24 07:47:06
PH01412,91425117333,+91,Landline,P00185,,SIM356012,Vi,2018-11-07,,Active,SRC014,0.99,2025-07-09 18:35:53,2026-07-07 11:38:49
PH01413,97047021967,+91,Mobile,,O0066,SIM265284,Jio,2023-08-12,,Suspended,SRC017,0.94,2024-12-16 19:06:14,2024-06-24 07:11:03
PH01414,93039350446,+91,Mobile,P01112,,SIM339480,Vi,2025-07-03,,Active,SRC006,0.91,2025-02-12 07:21:15,2026-03-14 08:27:03
PH01415,92625148981,+91,Landline,P02887,,SIM988968,Airtel,2020-11-27,2026-03-21,Suspended,SRC003,0.96,2025-05-30 12:29:25,2025-05-13 17:30:31
PH01416,97523389988,+91,VoIP,P00393,,SIM574721,BSNL,2018-12-11,,Inactive,SRC015,0.81,2024-04-06 13:44:00,2025-02-26 03:10:10
PH01417,94692721363,+91,VoIP,P02382,,SIM713995,Airtel,2023-11-21,2024-10-20,Suspended,SRC024,0.94,2026-07-16 10:36:29,2026-02-11 20:08:37
PH01418,96069548959,+91,Landline,P03791,,SIM323249,Jio,2022-10-08,,Inactive,SRC014,0.98,2024-10-31 15:31:31,2025-11-18 11:45:34
PH01419,93987507279,+91,Landline,P01318,,SIM742990,Jio,2020-08-30,,Suspended,SRC005,0.95,2025-05-20 05:09:43,2024-02-19 08:40:37
PH01420,94878911399,+91,Mobile,P00070,,SIM940428,BSNL,2020-01-31,,Inactive,SRC018,0.81,2026-04-24 23:39:58,2024-03-09 19:02:00
PH01421,93052422924,+91,Mobile,P03822,,SIM613346,BSNL,2021-07-10,,Inactive,SRC025,0.93,2024-02-17 13:56:20,2026-08-14 03:10:29
PH01422,91877430426,+91,VoIP,P02528,,SIM463513,Airtel,2020-02-06,,Inactive,SRC010,0.92,2024-03-20 17:39:45,2026-08-21 18:31:29
PH01423,97532930554,+91,VoIP,P01657,,SIM594012,Airtel,2018-09-11,,Inactive,SRC016,0.86,2026-05-12 13:58:21,2025-04-28 13:17:05
PH01424,94730433527,+91,Mobile,P00912,,SIM364110,Jio,2024-12-16,,Active,SRC019,0.84,2024-09-18 02:25:06,2024-11-22 04:59:36
PH01425,94388616832,+91,Mobile,,O0315,SIM700139,BSNL,2018-10-20,,Suspended,SRC023,0.88,2024-02-23 01:31:31,2025-06-15 01:36:04
PH01426,96318056566,+91,Landline,P00396,,SIM733334,BSNL,2019-06-15,,Suspended,SRC015,0.94,2026-01-28 17:15:27,2026-06-26 01:30:01
PH01427,91720303198,+91,VoIP,P02034,,SIM395126,Airtel,2026-06-29,,Active,SRC017,0.83,2025-06-21 09:00:58,2026-04-25 15:45:49
PH01428,98072811550,+91,VoIP,,O0302,SIM403016,Jio,2026-01-31,,Suspended,SRC001,0.97,2024-11-01 06:07:23,2026-08-17 23:40:15
PH01429,94865450333,+91,Mobile,P02148,,SIM288189,Jio,2020-11-17,2024-09-17,Suspended,SRC005,0.97,2025-03-22 11:03:34,2026-07-15 14:24:36
PH01430,91897255537,+91,Mobile,P01188,,SIM277932,BSNL,2025-07-04,,Suspended,SRC026,0.91,2026-06-04 18:04:28,2026-05-07 10:21:29
PH01431,94016055737,+91,Landline,P02573,,SIM885364,Vi,2023-08-21,,Active,SRC008,0.95,2026-02-01 00:40:20,2024-11-11 01:04:19
PH01432,92001273147,+91,VoIP,P00297,,SIM318178,Jio,2023-07-23,,Suspended,SRC026,0.96,2024-01-31 22:36:48,2024-04-16 13:18:48
PH01433,95202358006,+91,Landline,P00162,,SIM195880,Vi,2021-03-09,,Suspended,SRC008,0.87,2026-02-28 01:24:17,2025-07-17 04:06:58
PH01434,97885004596,+91,VoIP,P00006,,SIM245480,Jio,2024-10-31,,Active,SRC007,0.96,2025-04-26 22:26:47,2026-02-23 16:27:34
PH01435,99354700712,+91,Mobile,P00206,,SIM277982,Vi,2021-07-06,,Active,SRC018,0.93,2026-07-23 01:57:29,2025-06-25 21:51:16
PH01436,91964638168,+91,Landline,P01187,,SIM502887,Vi,2025-08-21,,Suspended,SRC010,0.93,2024-09-12 07:27:53,2024-08-24 11:40:20
PH01437,98159377867,+91,Landline,P02867,,SIM478205,BSNL,2025-11-19,,Suspended,SRC001,0.84,2024-12-20 03:47:53,2025-02-08 06:36:18
PH01438,96802808489,+91,Landline,P03487,,SIM357041,Jio,2024-02-08,,Inactive,SRC010,0.85,2024-12-23 05:51:31,2024-10-10 03:19:40
PH01439,96886434841,+91,Landline,P01966,,SIM766717,Airtel,2023-10-31,,Active,SRC007,0.83,2025-06-08 01:53:09,2025-04-17 12:12:54
PH01440,99416858598,+91,Mobile,P02449,,SIM391326,Airtel,2021-04-28,,Suspended,SRC014,0.82,2025-12-27 08:02:24,2024-09-08 05:38:33
PH01441,95333870516,+91,Mobile,P00493,,SIM596840,BSNL,2020-08-09,,Active,SRC030,0.91,2025-10-23 01:12:23,2026-04-02 01:20:21
PH01442,95860008042,+91,Mobile,P03162,,SIM781203,BSNL,2025-03-21,,Active,SRC020,0.96,2026-03-14 20:56:55,2026-03-12 19:40:15
PH01443,97374989221,+91,VoIP,P00667,,SIM670391,Jio,2025-05-09,2025-02-14,Suspended,SRC004,0.92,2026-02-09 00:20:04,2024-11-01 19:10:26
PH01444,97381090378,+91,Mobile,P00223,,SIM591261,Vi,2023-08-18,,Suspended,SRC015,0.95,2024-08-29 23:33:38,2025-09-23 03:58:46
PH01445,99497822197,+91,Mobile,P02087,,SIM483474,Jio,2021-11-28,,Suspended,SRC003,0.88,2025-11-07 04:53:49,2026-08-01 09:38:17
PH01446,92910099076,+91,Mobile,P02239,,SIM698990,BSNL,2025-04-18,2026-06-20,Inactive,SRC009,0.93,2024-06-20 01:08:53,2024-05-20 01:01:53
PH01447,95633745222,+91,Mobile,P01860,,SIM796164,BSNL,2026-01-18,,Active,SRC014,0.94,2025-03-15 13:30:38,2025-05-18 17:08:03
PH01448,96882579552,+91,Mobile,P02524,,SIM453472,Vi,2025-09-27,,Active,SRC018,0.92,2024-05-20 20:44:01,2026-04-02 07:08:23
PH01449,96545520850,+91,Landline,P00614,,SIM352638,BSNL,2025-06-12,2024-09-20,Inactive,SRC018,0.93,2026-06-28 19:55:53,2026-05-08 00:19:55
PH01450,96611982196,+91,Mobile,P02281,,SIM826728,Vi,2025-06-26,,Inactive,SRC009,0.87,2026-08-10 23:45:03,2024-11-30 16:19:38
PH01451,96769252285,+91,VoIP,P00460,,SIM485826,Airtel,2023-01-15,2024-09-27,Suspended,SRC030,0.9,2025-08-30 02:32:01,2026-07-31 00:44:19
PH01452,92890805018,+91,VoIP,P01429,,SIM478567,BSNL,2021-04-20,,Active,SRC023,0.92,2025-05-08 10:25:04,2026-02-25 00:39:46
PH01453,91791516130,+91,Mobile,,O0225,SIM631259,Vi,2020-01-02,,Suspended,SRC010,0.84,2024-01-09 14:26:39,2024-02-28 17:59:56
PH01454,96265737184,+91,Landline,P03096,,SIM898754,BSNL,2018-09-20,,Suspended,SRC018,0.9,2024-06-30 05:46:38,2026-01-12 05:46:53
PH01455,93498625778,+91,Landline,P03721,,SIM709118,BSNL,2024-07-14,,Inactive,SRC015,0.93,2024-03-26 13:41:38,2024-07-18 23:20:30
PH01456,94586933039,+91,VoIP,P02870,,SIM718827,Vi,2020-04-10,,Inactive,SRC025,0.85,2024-07-27 19:03:26,2026-04-06 11:32:43
PH01457,93947653635,+91,VoIP,P02978,,SIM541249,Airtel,2021-06-28,,Inactive,SRC015,0.95,2025-03-06 16:20:58,2024-12-10 13:50:52
PH01458,93358360705,+91,VoIP,P03850,,SIM315135,BSNL,2025-10-27,,Inactive,SRC014,0.82,2025-12-22 23:59:38,2025-11-27 07:27:34
PH01459,91101766306,+91,Mobile,P00249,,SIM824149,Jio,2024-12-04,,Suspended,SRC002,0.83,2024-08-22 19:42:49,2026-05-20 13:13:20
PH01460,99003726898,+91,Landline,P00373,,SIM132850,Jio,2020-06-27,,Inactive,SRC005,0.85,2025-08-04 18:12:50,2025-05-10 23:40:41
PH01461,92324120599,+91,Mobile,P03857,,SIM747254,Jio,2024-12-02,,Active,SRC029,0.82,2025-01-03 16:38:48,2025-07-23 11:56:56
PH01462,92303469933,+91,Mobile,P01240,,SIM469202,BSNL,2025-10-06,2025-02-19,Inactive,SRC022,0.93,2025-02-07 11:23:39,2025-11-17 20:43:35
PH01463,93311987261,+91,VoIP,P02645,,SIM249491,Airtel,2021-03-08,2026-07-04,Active,SRC013,0.89,2025-05-11 07:13:39,2026-05-05 00:28:16
PH01464,97453720417,+91,Landline,P02793,,SIM310274,Vi,2026-07-01,2026-03-04,Inactive,SRC013,0.85,2025-11-06 16:07:50,2026-04-16 05:14:27
PH01465,93286611699,+91,Landline,P01603,,SIM947576,Vi,2026-01-24,2025-10-29,Inactive,SRC023,0.8,2024-03-20 00:54:41,2026-03-04 12:41:44
PH01466,94457720716,+91,VoIP,P02692,,SIM104313,Jio,2023-01-19,,Inactive,SRC015,0.91,2026-04-16 05:32:45,2025-09-30 18:43:29
PH01467,95482561408,+91,Mobile,,O0298,SIM490849,Vi,2025-01-09,,Suspended,SRC017,0.82,2024-04-14 22:49:41,2025-09-01 16:51:10
PH01468,94205444235,+91,VoIP,P03462,,SIM791931,Airtel,2023-09-27,2024-10-26,Active,SRC011,0.95,2025-06-17 19:25:05,2024-03-17 18:52:21
PH01469,93765797780,+91,Landline,P00502,,SIM211148,BSNL,2024-11-16,,Inactive,SRC002,0.95,2025-05-08 11:52:16,2025-04-30 00:44:43
PH01470,91462837990,+91,Mobile,P03667,,SIM663983,Vi,2021-09-19,,Inactive,SRC005,0.91,2024-09-30 05:41:57,2026-03-14 10:19:45
PH01471,97529938963,+91,Landline,P00539,,SIM598301,BSNL,2021-07-21,,Suspended,SRC028,0.81,2025-10-01 08:49:03,2025-06-01 04:15:09
PH01472,98323617436,+91,VoIP,P00771,,SIM256165,BSNL,2025-11-11,,Active,SRC018,0.93,2024-05-11 00:29:46,2024-10-07 17:39:26
PH01473,92975432032,+91,Landline,P02327,,SIM767726,Vi,2020-08-16,,Active,SRC011,0.97,2024-06-06 07:42:56,2026-04-27 06:26:05
PH01474,98442257103,+91,Landline,P00366,,SIM469213,Jio,2023-12-27,,Active,SRC027,0.92,2026-08-22 04:58:14,2025-11-01 22:03:49
PH01475,94101638263,+91,Mobile,P02929,,SIM214034,Airtel,2024-04-09,,Active,SRC020,0.92,2025-09-02 21:39:35,2025-05-29 22:19:35
PH01476,99615035224,+91,Landline,P03577,,SIM357450,BSNL,2022-07-25,,Suspended,SRC019,0.86,2025-10-13 12:30:45,2024-10-10 15:32:31
PH01477,92580216377,+91,Landline,P00478,,SIM544377,Vi,2023-12-28,,Active,SRC027,0.87,2024-05-02 06:05:14,2024-12-30 22:43:53
PH01478,98872585358,+91,Mobile,,O0091,SIM906426,Vi,2025-02-07,,Suspended,SRC003,0.94,2026-03-07 03:21:12,2025-03-13 04:20:00
PH01479,98889623992,+91,Landline,P02233,,SIM819085,BSNL,2019-06-01,,Suspended,SRC026,0.98,2026-08-13 04:04:42,2026-02-04 09:47:54
PH01480,94460671762,+91,Mobile,,O0278,SIM396979,Jio,2022-11-29,,Suspended,SRC025,0.96,2024-05-23 14:19:38,2024-09-03 23:54:53
PH01481,98356755404,+91,VoIP,,O0485,SIM348484,BSNL,2019-03-29,,Active,SRC013,0.81,2024-02-16 11:14:24,2024-02-04 13:24:54
PH01482,92229786461,+91,VoIP,P03543,,SIM322576,Vi,2022-08-04,,Suspended,SRC012,0.89,2026-06-10 11:57:55,2024-11-12 01:07:08
PH01483,97329520038,+91,Landline,P02534,,SIM928603,Vi,2018-10-14,,Suspended,SRC008,0.86,2024-02-04 15:48:38,2024-07-07 14:12:49
PH01484,91366830543,+91,Landline,P02690,,SIM488712,Jio,2020-04-01,2025-10-13,Inactive,SRC011,0.84,2026-08-05 03:14:26,2025-04-01 08:41:30
PH01485,96702739729,+91,VoIP,P03531,,SIM259634,Vi,2018-09-25,,Active,SRC017,0.98,2026-03-12 10:47:09,2024-02-10 19:14:30
PH01486,99402120453,+91,Landline,P01392,,SIM540651,Vi,2022-08-02,,Active,SRC023,0.9,2025-07-28 08:28:57,2024-02-22 09:58:15
PH01487,93854232953,+91,Mobile,P03718,,SIM670349,Airtel,2024-09-01,,Inactive,SRC010,0.92,2024-07-24 22:31:13,2024-04-22 20:24:55
PH01488,96257553432,+91,Mobile,P00583,,SIM784025,Airtel,2025-07-03,,Suspended,SRC011,0.92,2024-12-30 14:20:56,2026-06-17 19:14:01
PH01489,98564985799,+91,VoIP,P03907,,SIM975639,Jio,2026-03-28,,Suspended,SRC029,0.97,2024-09-29 19:19:12,2024-05-15 13:15:48
PH01490,93917570788,+91,Landline,P00216,,SIM596936,Vi,2018-10-22,,Active,SRC019,0.92,2024-12-02 10:36:18,2025-10-11 10:25:21
PH01491,91463524591,+91,Mobile,,O0078,SIM992617,BSNL,2019-06-15,,Suspended,SRC029,0.83,2025-03-25 22:34:03,2025-10-17 17:52:36
PH01492,93968227078,+91,VoIP,P03567,,SIM465114,Vi,2026-02-19,,Inactive,SRC004,0.97,2024-03-29 17:00:58,2024-12-10 17:56:52
PH01493,99612091833,+91,VoIP,P02688,,SIM872738,Airtel,2019-08-23,,Suspended,SRC027,0.98,2025-11-26 06:59:13,2024-10-13 08:52:34
PH01494,94290472171,+91,Landline,P00040,,SIM741329,Airtel,2021-02-17,,Active,SRC028,0.97,2025-05-27 23:15:48,2025-04-18 23:22:34
PH01495,99875500775,+91,Mobile,P01691,,SIM205263,BSNL,2025-03-02,,Active,SRC012,0.96,2026-06-10 19:44:03,2024-08-28 22:08:37
PH01496,93322203132,+91,Landline,P00250,,SIM751881,Vi,2025-06-16,,Active,SRC022,0.87,2024-12-05 17:43:04,2026-05-19 19:35:06
PH01497,95107021503,+91,Mobile,,O0358,SIM121307,BSNL,2023-08-30,,Inactive,SRC023,0.97,2025-05-18 12:02:32,2025-04-10 16:26:37
PH01498,95353934605,+91,Mobile,P02333,,SIM209346,Vi,2025-12-09,,Inactive,SRC021,0.98,2025-09-19 23:27:38,2024-02-25 21:42:52
PH01499,92719934750,+91,Landline,P00345,,SIM370928,Jio,2019-10-09,,Active,SRC013,0.95,2025-10-06 02:03:43,2024-07-17 14:28:42
PH01500,91142347065,+91,Landline,P00634,,SIM127349,Jio,2020-01-14,2026-02-22,Inactive,SRC021,0.96,2026-02-15 14:56:59,2025-03-23 12:34:54
PH01501,95735646888,+91,Landline,P00023,,SIM147449,Airtel,2023-11-27,2025-08-04,Suspended,SRC027,0.85,2025-11-16 07:06:43,2024-02-20 06:50:00
PH01502,96901593535,+91,Mobile,P01650,,SIM702106,Jio,2020-07-03,,Inactive,SRC005,0.95,2024-10-27 06:53:37,2025-12-18 08:59:52
PH01503,97142290980,+91,Mobile,,O0217,SIM657502,Airtel,2022-10-29,,Active,SRC018,0.89,2025-08-20 13:11:22,2024-03-02 04:14:35
PH01504,92520787245,+91,VoIP,,O0432,SIM302718,Vi,2024-03-12,,Active,SRC003,0.96,2025-10-16 14:47:32,2026-02-26 21:45:26
PH01505,97017605822,+91,Mobile,P01837,,SIM112741,Airtel,2022-07-20,2025-12-01,Suspended,SRC003,0.87,2025-03-26 14:51:07,2026-07-16 19:35:43
PH01506,95902718197,+91,Mobile,P00789,,SIM296346,Vi,2019-12-28,,Active,SRC015,0.98,2024-09-30 12:31:19,2025-02-10 08:44:10
PH01507,99322441470,+91,Landline,P03825,,SIM630831,BSNL,2018-11-07,2026-05-10,Active,SRC016,0.96,2024-04-19 13:28:09,2026-07-01 12:19:41
PH01508,93072986965,+91,Landline,,O0131,SIM246068,Vi,2020-08-28,,Inactive,SRC020,0.91,2024-01-22 17:39:52,2024-09-04 22:42:21
PH01509,97722432734,+91,VoIP,P02120,,SIM925440,BSNL,2024-01-26,,Active,SRC011,0.96,2026-07-09 01:32:57,2024-01-09 23:49:28
PH01510,93077420667,+91,VoIP,P01550,,SIM237772,Airtel,2021-02-01,,Suspended,SRC008,0.99,2024-05-15 21:00:04,2024-05-24 20:06:59
PH01511,94786207067,+91,VoIP,,O0098,SIM185866,BSNL,2021-04-11,,Suspended,SRC022,0.98,2026-02-28 14:49:54,2026-03-06 11:36:35
PH01512,91132253344,+91,VoIP,P03198,,SIM619198,Vi,2024-01-03,2026-02-02,Suspended,SRC025,0.97,2025-04-26 15:47:22,2026-03-14 09:35:06
PH01513,94041684774,+91,Mobile,P02862,,SIM907188,Jio,2020-12-19,,Active,SRC022,0.95,2025-06-04 05:28:27,2025-12-05 21:55:35
PH01514,91407301249,+91,Mobile,,O0449,SIM165142,BSNL,2023-02-01,,Suspended,SRC012,0.96,2024-07-08 17:11:24,2026-01-18 21:13:27
PH01515,99006787193,+91,VoIP,P00431,,SIM495686,Vi,2026-07-31,,Suspended,SRC010,0.92,2024-10-14 13:45:35,2024-08-02 09:09:40
PH01516,97885099648,+91,Landline,P03039,,SIM208704,Vi,2022-05-18,2025-04-19,Active,SRC022,0.93,2024-10-23 05:26:24,2024-09-01 22:10:13
PH01517,99980512741,+91,Landline,P01525,,SIM221613,BSNL,2025-12-31,,Active,SRC011,0.85,2024-06-12 05:26:25,2025-11-02 04:14:31
PH01518,91270451647,+91,Mobile,P01845,,SIM849593,Airtel,2019-12-30,,Inactive,SRC007,0.86,2025-06-29 15:05:15,2026-02-21 19:27:45
PH01519,96939404805,+91,Mobile,P03707,,SIM778402,Jio,2020-06-09,,Suspended,SRC012,0.94,2024-03-03 10:16:23,2026-03-15 10:27:11
PH01520,91877525539,+91,Landline,,O0359,SIM167717,BSNL,2022-10-10,,Inactive,SRC006,0.91,2024-11-21 20:32:23,2026-02-03 22:01:09
PH01521,97889282485,+91,Mobile,P00138,,SIM180123,Vi,2023-12-23,,Inactive,SRC012,0.92,2025-09-18 17:15:06,2025-09-22 06:52:31
PH01522,92737144511,+91,Landline,P00697,,SIM373605,Jio,2024-06-27,,Inactive,SRC016,0.95,2026-08-14 11:02:51,2025-07-07 03:19:56
PH01523,94349828908,+91,Landline,P03041,,SIM360581,Airtel,2020-03-15,2026-05-17,Suspended,SRC008,0.97,2024-07-12 23:11:19,2025-04-11 17:00:13
PH01524,96712518265,+91,Mobile,P03034,,SIM489843,BSNL,2026-07-17,,Suspended,SRC019,0.91,2026-03-04 05:49:50,2024-09-15 17:32:02
PH01525,93358409240,+91,Landline,P02404,,SIM160326,Vi,2025-05-05,,Inactive,SRC004,0.89,2024-08-29 06:35:17,2024-10-17 08:07:14
PH01526,94753553778,+91,Landline,P02016,,SIM933995,BSNL,2026-06-19,,Suspended,SRC011,0.87,2024-07-29 16:03:44,2024-10-15 05:04:22
PH01527,95072572326,+91,Landline,,O0008,SIM807038,BSNL,2021-01-13,,Active,SRC004,0.83,2024-07-15 01:50:40,2026-02-27 23:50:04
PH01528,96388574741,+91,VoIP,P03541,,SIM497416,Airtel,2026-07-23,,Suspended,SRC013,0.82,2025-08-05 06:50:24,2025-09-09 04:19:45
PH01529,96112042338,+91,Landline,P03477,,SIM847774,Jio,2019-06-08,,Active,SRC013,0.84,2024-10-29 09:52:31,2026-07-13 07:54:47
PH01530,99752568900,+91,Mobile,P00787,,SIM553874,Vi,2020-08-16,2025-07-18,Suspended,SRC005,0.83,2025-12-05 21:52:07,2024-02-27 14:18:24
PH01531,91018613890,+91,VoIP,P03231,,SIM939671,Vi,2022-05-13,,Inactive,SRC030,0.9,2026-06-05 08:14:13,2024-04-10 06:25:43
PH01532,97798328091,+91,Landline,P03868,,SIM709983,BSNL,2019-12-19,2025-11-24,Active,SRC029,0.88,2026-01-27 12:12:10,2025-08-13 04:05:37
PH01533,93718587058,+91,Landline,P02261,,SIM864143,Jio,2025-01-23,,Suspended,SRC020,0.92,2024-01-08 05:10:23,2025-01-05 17:49:05
PH01534,91270640199,+91,Mobile,,O0065,SIM311147,Jio,2021-08-21,,Active,SRC022,0.89,2026-03-21 06:50:04,2026-05-05 14:13:39
PH01535,99553778862,+91,Landline,P01760,,SIM533455,BSNL,2024-04-14,,Inactive,SRC019,0.87,2024-11-17 02:19:25,2025-03-18 07:10:05
PH01536,99725475608,+91,Landline,P00738,,SIM680985,Airtel,2022-12-30,,Suspended,SRC029,0.86,2024-11-14 17:11:18,2026-01-17 05:12:04
PH01537,96529055866,+91,Landline,P01242,,SIM934593,BSNL,2021-01-13,,Active,SRC023,0.88,2026-07-22 02:30:55,2025-01-13 17:27:06
PH01538,97635282932,+91,VoIP,P02476,,SIM799646,Jio,2020-09-07,,Inactive,SRC017,0.96,2025-05-29 05:34:04,2024-02-14 12:34:11
PH01539,96500270443,+91,Mobile,,O0303,SIM499570,BSNL,2026-02-18,,Active,SRC012,0.96,2024-05-28 17:30:04,2026-02-24 01:25:12
PH01540,98636946933,+91,Mobile,P02760,,SIM326001,Jio,2025-07-07,,Suspended,SRC020,0.83,2025-09-19 02:09:17,2024-11-23 17:37:36
PH01541,94498274723,+91,Mobile,P02906,,SIM727973,Jio,2021-10-18,2025-04-08,Suspended,SRC009,0.83,2025-01-18 05:42:54,2025-12-02 10:42:39
PH01542,98749296881,+91,Mobile,P02290,,SIM826466,Airtel,2021-10-10,,Active,SRC016,0.85,2025-10-06 14:06:03,2024-09-05 15:12:48
PH01543,92509035648,+91,Landline,,O0238,SIM931277,Jio,2024-09-06,,Suspended,SRC015,0.92,2025-06-04 01:01:03,2025-02-11 12:12:29
PH01544,91203406258,+91,VoIP,P03418,,SIM774458,Vi,2025-05-18,2025-08-26,Active,SRC023,0.93,2024-12-29 07:56:11,2025-07-21 05:00:06
PH01545,94475787726,+91,Landline,P02569,,SIM513482,BSNL,2023-04-01,,Inactive,SRC027,0.86,2024-01-15 01:11:42,2024-01-14 05:31:20
PH01546,92531978654,+91,Landline,,O0069,SIM426137,BSNL,2025-02-22,,Inactive,SRC021,0.98,2024-10-23 09:01:14,2024-09-26 03:56:59
PH01547,98234793347,+91,VoIP,P02868,,SIM578123,Jio,2020-11-03,2026-04-01,Inactive,SRC014,0.87,2025-08-22 16:22:00,2025-09-05 02:18:36
PH01548,91959208866,+91,Mobile,P02115,,SIM397109,BSNL,2023-09-18,,Inactive,SRC027,0.93,2026-03-21 01:16:34,2024-05-29 20:53:55
PH01549,93831436326,+91,Mobile,P01038,,SIM754464,Vi,2024-01-22,,Inactive,SRC027,0.92,2024-09-02 02:28:46,2025-09-01 20:37:58
PH01550,94409483697,+91,Landline,P02042,,SIM629009,BSNL,2018-12-21,,Suspended,SRC005,0.95,2025-11-24 17:37:46,2024-01-16 18:17:52
PH01551,96452001308,+91,Mobile,,O0278,SIM426632,Airtel,2021-12-08,,Suspended,SRC008,0.88,2025-01-29 17:47:59,2025-05-24 14:15:49
PH01552,99689442911,+91,VoIP,,O0465,SIM636531,BSNL,2021-09-11,,Inactive,SRC018,0.99,2026-03-18 20:33:23,2025-03-04 21:12:45
PH01553,98759968654,+91,Landline,P01531,,SIM952540,Airtel,2024-12-12,2025-07-19,Active,SRC017,0.93,2024-02-21 20:00:10,2025-06-16 20:17:40
PH01554,97319208533,+91,Landline,,O0180,SIM263716,Jio,2023-04-01,2026-04-02,Inactive,SRC011,0.83,2025-05-30 11:44:39,2026-02-04 20:30:39
PH01555,96927786417,+91,Landline,P02928,,SIM262136,Jio,2019-12-12,,Active,SRC029,0.89,2024-08-08 00:42:03,2025-08-18 14:04:19
PH01556,98784104415,+91,Landline,P03289,,SIM549431,BSNL,2022-01-29,,Active,SRC011,0.88,2024-06-26 19:54:20,2024-08-03 04:04:47
PH01557,99669731147,+91,VoIP,P03648,,SIM559821,Vi,2023-10-15,,Inactive,SRC026,0.89,2026-06-29 21:59:56,2025-10-26 18:25:49
PH01558,96939914887,+91,VoIP,P01918,,SIM151199,Jio,2019-07-26,,Active,SRC006,0.89,2024-09-11 10:33:25,2024-06-10 19:11:12
PH01559,91407765380,+91,Landline,P03611,,SIM244630,BSNL,2020-04-24,,Active,SRC005,0.98,2026-05-20 08:01:47,2024-12-22 21:57:33
PH01560,93484557963,+91,Landline,P01395,,SIM236778,Airtel,2018-11-23,,Suspended,SRC002,0.83,2024-12-08 00:15:06,2024-02-09 13:50:39
PH01561,95554968820,+91,Landline,P00494,,SIM320631,BSNL,2021-01-02,,Inactive,SRC015,0.94,2024-03-05 05:06:04,2025-01-10 10:29:30
PH01562,99575090478,+91,Landline,P03452,,SIM953311,Airtel,2024-06-21,,Active,SRC028,0.87,2026-08-22 11:05:07,2024-02-01 03:36:27
PH01563,94260282321,+91,Landline,P02294,,SIM347456,BSNL,2022-12-21,,Suspended,SRC022,0.98,2025-07-03 05:15:30,2026-07-06 19:10:07
PH01564,94178320107,+91,VoIP,P02490,,SIM550234,BSNL,2022-07-17,,Inactive,SRC003,0.95,2024-08-20 09:13:07,2024-10-26 16:02:39
PH01565,96484335871,+91,VoIP,P01616,,SIM359464,Jio,2023-04-02,,Active,SRC019,0.83,2026-02-17 21:10:46,2024-10-08 00:17:16
PH01566,93334652198,+91,VoIP,P03413,,SIM593320,Vi,2021-11-12,,Inactive,SRC025,0.9,2025-07-19 22:26:13,2025-12-05 22:53:29
PH01567,99590792535,+91,Mobile,P02358,,SIM131965,Jio,2026-02-03,,Active,SRC006,0.91,2026-02-09 18:19:42,2024-09-12 14:29:26
PH01568,93551855810,+91,VoIP,,O0413,SIM534363,BSNL,2023-01-28,,Active,SRC008,0.89,2026-07-31 01:57:50,2025-07-12 13:15:29
PH01569,94640439288,+91,Mobile,,O0053,SIM124237,BSNL,2019-06-18,,Inactive,SRC012,0.96,2026-04-29 21:42:22,2025-07-19 19:08:24
PH01570,96396012960,+91,VoIP,P02106,,SIM225893,Airtel,2021-11-22,,Suspended,SRC003,0.8,2025-02-02 03:19:11,2024-01-12 02:37:32
PH01571,93299857639,+91,Landline,P02880,,SIM895335,BSNL,2020-04-07,2025-01-16,Inactive,SRC018,0.92,2024-04-13 23:39:01,2024-07-03 17:39:44
PH01572,95764318429,+91,Landline,P01113,,SIM598995,BSNL,2019-08-24,,Suspended,SRC017,0.8,2026-01-08 17:50:03,2024-07-25 09:30:01
PH01573,97294685733,+91,Mobile,P01219,,SIM456297,BSNL,2022-03-26,,Active,SRC007,0.86,2025-04-24 08:47:00,2026-02-14 02:54:16
PH01574,99902707261,+91,Landline,P02664,,SIM636441,Jio,2024-06-19,2025-12-06,Inactive,SRC003,0.81,2025-05-30 21:06:49,2026-01-27 17:09:52
PH01575,91259711615,+91,Landline,P00644,,SIM660333,BSNL,2019-10-16,,Active,SRC018,0.92,2026-07-05 10:25:42,2025-09-12 22:43:09
PH01576,93022124843,+91,Landline,P01107,,SIM690900,Airtel,2026-08-11,,Inactive,SRC017,0.85,2025-12-13 10:45:29,2025-07-22 12:09:41
PH01577,95987264631,+91,Landline,P02206,,SIM725517,BSNL,2026-04-08,,Inactive,SRC018,0.87,2026-05-16 14:37:22,2024-06-27 12:29:53
PH01578,95040975521,+91,Mobile,P03557,,SIM271406,BSNL,2023-09-30,,Inactive,SRC007,0.82,2026-02-11 04:06:14,2025-05-23 21:00:54
PH01579,95665269856,+91,VoIP,P00524,,SIM100852,Vi,2020-01-27,,Inactive,SRC021,0.82,2025-02-20 10:52:27,2026-04-14 08:33:19
PH01580,92661048768,+91,VoIP,,O0304,SIM835815,Vi,2021-11-28,,Suspended,SRC006,0.95,2025-10-14 11:38:34,2024-11-12 02:31:46
PH01581,91318980223,+91,Mobile,P02121,,SIM626257,Jio,2026-01-04,,Suspended,SRC027,0.95,2024-08-16 19:05:00,2026-04-18 09:52:21
PH01582,92919053142,+91,Landline,P03481,,SIM652986,Airtel,2021-03-12,,Active,SRC028,0.94,2024-07-10 13:46:29,2025-05-28 11:04:33
PH01583,92274509281,+91,Landline,P03536,,SIM612635,Jio,2024-11-06,,Suspended,SRC017,0.9,2024-09-06 16:20:59,2026-05-06 15:30:08
PH01584,97579051009,+91,VoIP,P00878,,SIM747039,BSNL,2020-02-21,,Inactive,SRC007,0.96,2025-10-16 09:58:56,2025-11-21 23:19:47
PH01585,96204206043,+91,VoIP,P02841,,SIM589438,Vi,2022-06-04,,Suspended,SRC024,0.87,2024-05-06 23:58:26,2025-05-03 11:50:15
PH01586,99577249599,+91,Mobile,P00991,,SIM116632,BSNL,2019-01-06,,Inactive,SRC024,0.88,2026-05-05 19:15:09,2024-11-24 14:38:26
PH01587,93856448270,+91,VoIP,P00794,,SIM450165,Airtel,2023-03-21,,Active,SRC019,0.87,2024-11-01 21:50:47,2024-07-26 07:21:30
PH01588,91902003097,+91,VoIP,P03967,,SIM905337,BSNL,2020-11-29,,Active,SRC027,0.96,2024-05-22 11:49:05,2024-07-06 13:33:08
PH01589,96137461136,+91,Landline,P00436,,SIM952942,BSNL,2024-05-03,,Suspended,SRC009,0.9,2025-08-06 09:55:45,2026-06-04 01:53:53
PH01590,97320163108,+91,Mobile,P03284,,SIM325934,Vi,2019-04-22,,Suspended,SRC005,0.84,2026-04-22 23:55:11,2024-02-14 04:29:17
PH01591,97718097609,+91,VoIP,,O0209,SIM974282,Airtel,2022-04-07,,Active,SRC029,0.81,2024-06-18 05:20:45,2024-03-06 02:35:26
PH01592,95290749893,+91,Mobile,P02008,,SIM978895,Jio,2020-11-04,,Active,SRC017,0.85,2025-03-29 21:16:33,2024-11-17 19:44:11
PH01593,91358943125,+91,Mobile,P00904,,SIM717854,BSNL,2021-05-24,2025-06-12,Inactive,SRC021,0.85,2024-12-01 10:58:51,2026-02-28 19:44:35
PH01594,99426684776,+91,VoIP,P00709,,SIM732753,BSNL,2020-08-12,2025-06-15,Suspended,SRC006,0.92,2026-05-17 06:47:03,2025-09-20 07:43:35
PH01595,91756206644,+91,Landline,P02083,,SIM556774,BSNL,2022-11-15,,Suspended,SRC018,0.94,2025-08-24 08:24:32,2025-05-26 17:22:49
PH01596,97136950784,+91,Landline,P00152,,SIM207621,Airtel,2020-03-02,,Suspended,SRC016,0.9,2024-04-29 01:13:07,2025-01-13 03:52:46
PH01597,94570332317,+91,Mobile,P01027,,SIM689197,Airtel,2020-07-01,,Inactive,SRC024,0.93,2025-10-18 09:01:43,2026-03-21 14:05:49
PH01598,98156087158,+91,VoIP,P03420,,SIM426482,Airtel,2019-11-22,,Suspended,SRC020,0.87,2025-05-15 10:38:29,2025-05-20 03:53:51
PH01599,93794774430,+91,Landline,P02741,,SIM516906,Jio,2022-07-18,,Suspended,SRC029,0.89,2026-04-20 21:48:20,2024-10-11 03:41:17
PH01600,97950309554,+91,VoIP,P00112,,SIM770515,Airtel,2023-10-31,,Inactive,SRC021,0.98,2024-03-27 07:50:24,2025-04-05 21:13:03
PH01601,96445910993,+91,Mobile,P02406,,SIM212897,Vi,2021-11-04,2025-07-28,Suspended,SRC012,0.87,2025-11-07 18:17:47,2026-03-21 00:09:00
PH01602,92449737480,+91,Landline,P03305,,SIM634384,Vi,2024-07-04,,Suspended,SRC005,0.97,2026-07-07 15:02:08,2026-04-28 09:37:11
PH01603,92240049585,+91,Mobile,,O0337,SIM975185,Airtel,2019-05-25,,Inactive,SRC001,0.95,2025-12-29 05:36:37,2025-11-05 01:45:27
PH01604,99792507768,+91,VoIP,P03699,,SIM588056,Airtel,2020-08-10,,Active,SRC004,0.93,2024-10-25 15:25:17,2024-11-19 03:12:00
PH01605,93374333004,+91,VoIP,P01374,,SIM503254,Airtel,2021-11-18,,Inactive,SRC017,0.91,2025-10-23 09:30:46,2026-02-01 09:23:38
PH01606,96550340056,+91,VoIP,P01395,,SIM835190,Vi,2020-06-25,2026-02-25,Active,SRC003,0.98,2025-11-14 12:56:54,2024-09-28 07:48:50
PH01607,96007955742,+91,VoIP,P01891,,SIM971543,Vi,2024-05-09,,Suspended,SRC024,0.97,2025-07-07 15:49:59,2025-07-18 05:29:41
PH01608,97293569026,+91,VoIP,P02981,,SIM922667,Vi,2025-03-02,,Inactive,SRC007,0.99,2025-04-11 10:04:37,2025-12-14 15:29:55
PH01609,97027909478,+91,VoIP,P00495,,SIM104613,Jio,2022-01-30,,Active,SRC001,0.82,2025-10-21 01:52:17,2026-02-25 04:24:27
PH01610,94781613458,+91,Mobile,P00112,,SIM863428,Jio,2025-04-20,,Suspended,SRC014,0.92,2024-03-31 01:55:33,2024-12-26 00:04:09
PH01611,91574278924,+91,Landline,P01543,,SIM199798,Jio,2020-05-09,2026-08-25,Suspended,SRC026,0.92,2025-10-03 10:20:32,2024-12-29 21:54:56
PH01612,94434065824,+91,Mobile,P02165,,SIM285563,Vi,2020-01-08,,Inactive,SRC012,0.83,2024-04-09 20:11:56,2025-07-17 19:17:13
PH01613,94285374469,+91,VoIP,P03758,,SIM624380,Jio,2019-10-22,,Inactive,SRC005,0.91,2026-07-16 22:08:41,2024-12-29 17:10:38
PH01614,93280475724,+91,VoIP,P02126,,SIM870447,Vi,2021-10-05,,Suspended,SRC026,0.99,2025-09-14 15:01:21,2026-01-01 06:26:40
PH01615,98790272389,+91,Landline,,O0288,SIM746799,BSNL,2021-09-13,,Suspended,SRC002,0.83,2025-06-29 06:40:58,2026-08-26 18:53:47
PH01616,99376538436,+91,Mobile,P03290,,SIM159859,Jio,2019-02-15,,Inactive,SRC022,0.87,2025-05-09 16:16:33,2025-08-29 12:30:54
PH01617,95164510558,+91,VoIP,P01472,,SIM418533,Jio,2024-04-27,,Active,SRC015,0.88,2025-03-26 00:03:17,2026-02-03 14:44:25
PH01618,96160216389,+91,Landline,P03812,,SIM148504,Jio,2018-10-24,,Inactive,SRC011,0.81,2024-02-10 20:43:03,2026-04-06 17:25:05
PH01619,95527011169,+91,VoIP,P02133,,SIM465018,Jio,2023-05-22,,Inactive,SRC030,0.81,2026-03-12 17:51:29,2024-04-06 16:51:51
PH01620,97372947543,+91,Mobile,P02853,,SIM863188,Jio,2019-02-03,,Suspended,SRC030,0.95,2025-11-04 12:07:21,2024-09-25 21:55:08
PH01621,97088650897,+91,Mobile,P01915,,SIM378972,Vi,2026-08-22,,Inactive,SRC014,0.89,2025-04-18 13:09:33,2025-02-13 21:51:04
PH01622,94594228570,+91,Landline,P03319,,SIM576073,Airtel,2024-12-22,,Suspended,SRC022,0.84,2024-01-19 07:44:54,2024-05-27 13:07:55
PH01623,97439945845,+91,Mobile,P02233,,SIM813766,Airtel,2026-08-08,,Active,SRC028,0.89,2026-03-17 09:15:47,2026-08-25 11:56:53
PH01624,94926153878,+91,VoIP,P01535,,SIM502978,BSNL,2022-11-06,,Suspended,SRC003,0.82,2026-03-23 07:55:50,2024-01-28 19:49:57
PH01625,93571524751,+91,VoIP,P03443,,SIM963274,Jio,2022-02-11,,Suspended,SRC002,0.83,2024-06-13 14:18:38,2025-01-01 19:07:46
PH01626,93202411673,+91,VoIP,P02555,,SIM876350,Vi,2021-12-19,,Inactive,SRC009,0.89,2025-07-02 16:39:24,2025-08-08 09:57:17
PH01627,93815513215,+91,Landline,P00504,,SIM116574,Vi,2018-11-16,,Inactive,SRC006,0.94,2026-02-08 12:45:24,2025-07-08 16:56:30
PH01628,93213823173,+91,Mobile,P03027,,SIM969614,Vi,2022-12-11,,Suspended,SRC027,0.81,2024-05-21 06:01:03,2026-01-17 16:32:40
PH01629,94334898655,+91,Landline,P02684,,SIM880105,Jio,2018-09-28,,Suspended,SRC029,0.93,2025-05-25 22:14:36,2024-10-13 11:38:45
PH01630,97536912449,+91,VoIP,,O0085,SIM966516,Airtel,2019-04-07,,Inactive,SRC014,0.95,2025-10-27 20:47:22,2025-12-25 06:48:41
PH01631,91736874060,+91,Mobile,P00876,,SIM178549,Vi,2019-01-03,,Active,SRC028,0.96,2026-05-13 20:34:08,2025-09-23 02:08:08
PH01632,97737045459,+91,Mobile,P00607,,SIM952702,Jio,2020-04-08,,Suspended,SRC021,0.8,2026-06-23 05:36:14,2024-06-20 07:21:52
PH01633,95475971039,+91,VoIP,P00433,,SIM555679,Airtel,2026-02-18,,Suspended,SRC012,0.87,2025-08-07 12:44:27,2025-12-21 14:47:55
PH01634,91197627375,+91,Landline,P00701,,SIM622012,Vi,2020-07-31,2025-04-09,Active,SRC002,0.83,2025-02-28 13:48:09,2026-08-05 23:28:46
PH01635,95234974001,+91,Landline,P00524,,SIM523407,Airtel,2019-10-22,,Inactive,SRC015,0.97,2024-01-20 06:42:39,2025-12-31 05:51:00
PH01636,98282667387,+91,Landline,P03914,,SIM824162,BSNL,2019-01-26,,Active,SRC013,0.88,2024-09-09 08:26:26,2024-05-11 03:40:04
PH01637,93765336251,+91,Mobile,P02417,,SIM649943,Airtel,2021-06-16,,Active,SRC016,0.89,2026-08-03 05:17:07,2024-06-10 12:24:57
PH01638,98485331263,+91,VoIP,P01770,,SIM772806,Airtel,2020-11-08,,Suspended,SRC026,0.85,2025-04-27 15:55:30,2025-03-21 23:29:09
PH01639,96763483097,+91,VoIP,P01939,,SIM435060,BSNL,2026-04-13,,Active,SRC013,0.87,2025-03-03 18:07:11,2026-04-02 04:13:00
PH01640,94252461024,+91,VoIP,P01549,,SIM991167,BSNL,2020-04-17,,Suspended,SRC024,0.87,2025-12-31 21:15:49,2025-08-17 03:39:07
PH01641,96887448152,+91,Landline,P01982,,SIM320014,BSNL,2026-02-13,,Active,SRC007,0.9,2024-11-25 03:03:55,2024-02-15 00:51:19
PH01642,99784666088,+91,Mobile,P03154,,SIM589771,Vi,2025-09-08,,Active,SRC023,0.85,2025-04-10 14:30:14,2025-10-12 07:53:21
PH01643,92797167234,+91,Mobile,P01515,,SIM431518,BSNL,2024-12-30,,Active,SRC022,0.9,2026-03-03 21:40:30,2024-05-30 21:32:08
PH01644,96682808993,+91,Landline,P03183,,SIM678681,Jio,2025-01-07,,Inactive,SRC029,0.88,2025-06-05 00:53:45,2024-03-12 17:11:33
PH01645,92483159947,+91,Landline,P02501,,SIM792234,BSNL,2022-12-26,,Inactive,SRC030,0.81,2024-04-05 12:35:57,2026-06-26 21:01:31
PH01646,97297930177,+91,Landline,P00835,,SIM808258,Jio,2019-11-29,,Active,SRC009,0.83,2025-08-30 12:59:50,2026-02-24 07:00:20
PH01647,98838629817,+91,Mobile,P02657,,SIM875923,Vi,2025-04-14,,Active,SRC014,0.97,2024-06-17 03:18:34,2026-07-14 10:11:48
PH01648,97770313183,+91,Landline,P01114,,SIM656111,Vi,2023-02-13,,Suspended,SRC008,0.91,2025-12-08 15:54:19,2026-03-09 21:34:02
PH01649,95233833404,+91,VoIP,P01088,,SIM244021,Jio,2019-10-08,,Suspended,SRC027,0.82,2025-11-23 11:34:39,2026-02-19 18:15:55
PH01650,92818271440,+91,VoIP,P01528,,SIM559492,BSNL,2019-12-14,,Suspended,SRC029,0.97,2024-01-05 03:29:55,2025-09-21 12:55:30
PH01651,94031316395,+91,VoIP,P01671,,SIM994485,Airtel,2022-06-05,,Suspended,SRC019,0.95,2025-01-19 02:58:54,2025-05-01 16:58:31
PH01652,99102067836,+91,VoIP,P00579,,SIM938484,Airtel,2019-08-26,,Suspended,SRC026,0.97,2025-01-28 14:33:40,2026-03-22 22:51:59
PH01653,95652855954,+91,VoIP,P02531,,SIM283641,Airtel,2020-09-21,,Active,SRC024,0.94,2026-01-15 15:51:20,2024-12-30 15:27:31
PH01654,95214600995,+91,VoIP,,O0300,SIM636960,Vi,2023-12-30,,Inactive,SRC028,0.84,2025-05-15 02:31:40,2025-12-24 21:46:04
PH01655,97298366503,+91,Mobile,P02788,,SIM474015,Vi,2020-11-26,,Active,SRC030,0.96,2024-02-27 20:29:01,2025-08-28 21:47:53
PH01656,93299394555,+91,VoIP,P01905,,SIM760350,BSNL,2026-05-28,,Suspended,SRC016,0.88,2025-03-21 07:34:52,2026-06-09 02:40:58
PH01657,93533404405,+91,Landline,P02898,,SIM992627,Airtel,2020-09-20,,Suspended,SRC021,0.89,2025-07-15 02:25:53,2026-06-14 20:19:03
PH01658,96544472171,+91,Mobile,,O0129,SIM157586,Jio,2023-03-06,,Inactive,SRC019,0.91,2026-08-25 00:26:49,2024-04-14 23:16:09
PH01659,96374640525,+91,Landline,P01428,,SIM242638,Airtel,2025-07-28,,Active,SRC015,0.91,2026-05-29 22:24:02,2025-06-09 06:16:11
PH01660,95238021339,+91,Mobile,P03990,,SIM969008,BSNL,2022-11-07,,Suspended,SRC012,0.94,2025-10-18 08:54:41,2024-08-04 22:14:02
PH01661,93139999505,+91,Mobile,P00312,,SIM729287,BSNL,2025-09-22,,Inactive,SRC030,0.83,2024-04-15 03:25:33,2024-01-15 07:33:22
PH01662,96400986520,+91,Landline,P03912,,SIM814838,Vi,2022-07-01,,Suspended,SRC016,0.83,2024-08-11 11:24:38,2024-02-08 11:45:57
PH01663,96449204394,+91,VoIP,P00584,,SIM321385,Vi,2019-08-13,,Inactive,SRC012,0.97,2024-10-28 01:30:10,2025-01-05 23:50:54
PH01664,92690450970,+91,VoIP,P00207,,SIM246365,BSNL,2018-09-27,2025-08-09,Inactive,SRC009,0.99,2024-07-18 00:35:00,2025-10-04 10:25:47
PH01665,92555015321,+91,Landline,P03154,,SIM881912,Airtel,2025-07-10,,Active,SRC010,0.83,2024-11-03 15:08:22,2024-11-10 14:21:40
PH01666,91631856882,+91,VoIP,P02077,,SIM741510,Airtel,2025-10-28,,Inactive,SRC018,0.85,2025-11-26 20:45:54,2025-05-02 09:16:10
PH01667,94688003560,+91,Landline,P03569,,SIM840418,BSNL,2020-02-07,,Active,SRC017,0.89,2024-09-06 01:57:34,2024-04-14 00:00:39
PH01668,93774345281,+91,VoIP,P03932,,SIM430077,Vi,2022-06-30,,Active,SRC024,0.87,2025-08-08 17:04:01,2024-12-12 09:31:12
PH01669,95568566095,+91,VoIP,P03905,,SIM101242,Vi,2025-02-23,,Suspended,SRC026,0.92,2024-04-28 01:14:05,2025-06-04 11:03:43
PH01670,95989444048,+91,Mobile,P02012,,SIM670006,BSNL,2025-09-03,,Suspended,SRC018,0.88,2026-05-06 03:35:23,2024-11-21 16:45:56
PH01671,93529683662,+91,Mobile,P03490,,SIM217476,BSNL,2025-03-22,2026-07-17,Suspended,SRC030,0.84,2024-02-07 18:12:56,2025-11-29 04:43:12
PH01672,96102396588,+91,Mobile,P02723,,SIM379307,Airtel,2025-06-20,,Inactive,SRC020,0.94,2024-09-17 19:11:34,2026-01-06 03:07:37
PH01673,98970470028,+91,VoIP,P01922,,SIM666195,Airtel,2024-04-09,,Suspended,SRC024,0.93,2025-01-25 15:36:35,2026-06-24 10:17:09
PH01674,94383964675,+91,Mobile,P03938,,SIM270871,Vi,2026-02-09,,Inactive,SRC001,0.85,2026-05-25 14:46:45,2025-08-16 17:36:54
PH01675,94060584334,+91,Mobile,P03367,,SIM715708,Airtel,2023-11-14,,Inactive,SRC020,0.96,2026-05-17 11:33:33,2025-12-27 05:34:49
PH01676,93166006044,+91,Mobile,,O0085,SIM576789,Vi,2022-07-10,,Suspended,SRC009,0.87,2024-01-14 11:06:38,2024-03-07 21:22:00
PH01677,98801824587,+91,Landline,P03961,,SIM326126,Airtel,2022-07-04,,Active,SRC005,0.82,2025-04-05 17:09:47,2024-02-19 13:28:07
PH01678,93002361977,+91,VoIP,P02133,,SIM969354,Jio,2022-01-01,,Active,SRC005,0.91,2025-04-18 00:56:14,2026-02-11 06:13:08
PH01679,91588010712,+91,VoIP,P02206,,SIM748581,Jio,2019-06-15,,Inactive,SRC009,0.87,2025-04-02 13:32:12,2025-04-25 12:47:26
PH01680,99428536141,+91,Landline,P00089,,SIM130026,Vi,2026-07-17,,Active,SRC023,0.83,2024-05-23 08:12:24,2024-12-10 15:48:30
PH01681,93115477510,+91,Landline,P01034,,SIM184995,Jio,2025-12-14,,Active,SRC026,0.97,2024-03-27 08:33:49,2024-02-21 08:10:30
PH01682,96610753948,+91,Mobile,P02826,,SIM514911,BSNL,2023-03-26,,Active,SRC010,0.99,2026-04-20 01:16:53,2026-07-07 10:08:28
PH01683,95230386455,+91,Landline,P00451,,SIM915904,BSNL,2021-10-07,,Suspended,SRC019,0.87,2025-03-07 15:05:56,2025-01-03 22:25:33
PH01684,91482730639,+91,VoIP,P00331,,SIM682424,Airtel,2020-11-12,,Suspended,SRC028,0.89,2026-02-18 08:52:38,2026-01-17 03:32:40
PH01685,92448141957,+91,Landline,P02325,,SIM328181,BSNL,2020-07-27,,Active,SRC007,0.81,2024-04-08 00:23:49,2024-12-21 21:29:23
PH01686,96418486901,+91,Landline,P01467,,SIM877177,Vi,2021-07-04,,Inactive,SRC007,0.9,2025-03-12 05:44:14,2025-02-25 01:47:27
PH01687,94522019186,+91,VoIP,P03247,,SIM102375,Jio,2025-11-13,2024-12-24,Active,SRC030,0.93,2024-02-13 21:45:31,2024-04-09 17:30:35
PH01688,94923375783,+91,Landline,P01300,,SIM209942,Airtel,2022-02-04,,Inactive,SRC009,0.92,2024-01-17 17:38:49,2026-08-06 09:41:58
PH01689,98325845100,+91,Landline,P02374,,SIM591043,Jio,2021-08-24,,Suspended,SRC020,0.93,2026-07-22 07:31:43,2025-08-06 20:46:43
PH01690,98569756729,+91,VoIP,P03344,,SIM451342,Vi,2025-07-24,,Inactive,SRC006,0.86,2026-04-20 20:40:45,2024-04-02 08:52:08
PH01691,96891290804,+91,Mobile,P02919,,SIM274986,BSNL,2019-11-27,,Suspended,SRC006,0.93,2026-03-14 16:55:47,2025-05-01 17:35:09
PH01692,95780127956,+91,Landline,P03939,,SIM498888,Airtel,2024-06-02,,Suspended,SRC022,0.9,2024-09-12 00:39:40,2025-01-20 12:55:46
PH01693,98249107295,+91,Mobile,,O0096,SIM684341,Jio,2018-12-26,,Active,SRC021,0.95,2024-09-13 14:03:01,2024-04-30 07:27:29
PH01694,97494980338,+91,Landline,,O0365,SIM225026,BSNL,2025-03-12,,Active,SRC014,0.98,2025-01-12 14:17:30,2025-08-11 23:24:07
PH01695,99169271401,+91,VoIP,P02407,,SIM670113,Airtel,2024-07-26,,Suspended,SRC018,0.91,2024-10-14 09:30:58,2026-01-17 21:33:39
PH01696,94393872939,+91,Landline,P03668,,SIM217606,Vi,2019-05-08,,Suspended,SRC030,0.97,2025-04-24 12:50:10,2024-04-19 06:51:43
PH01697,92819394650,+91,Landline,P01274,,SIM890619,Jio,2025-10-20,,Active,SRC012,0.92,2024-08-25 18:30:58,2026-07-31 15:36:13
PH01698,91884752096,+91,VoIP,P01784,,SIM719859,Airtel,2019-10-05,,Suspended,SRC006,0.92,2026-08-17 19:10:14,2024-10-22 18:41:35
PH01699,92665601271,+91,Landline,P02161,,SIM843834,Airtel,2026-02-25,,Suspended,SRC029,0.95,2024-05-24 10:52:21,2025-08-23 21:26:37
PH01700,99807329398,+91,VoIP,P02072,,SIM856422,Airtel,2024-08-15,,Suspended,SRC013,0.86,2024-01-16 20:52:47,2025-12-29 04:10:04
PH01701,96922681375,+91,VoIP,P00148,,SIM452613,Vi,2024-03-21,,Inactive,SRC004,0.91,2024-12-08 07:34:48,2024-07-19 12:17:14
PH01702,91569166778,+91,VoIP,P03314,,SIM904034,Jio,2025-05-05,,Active,SRC001,0.88,2024-11-24 03:16:22,2025-09-24 14:31:28
PH01703,94055276650,+91,Mobile,P00992,,SIM484843,Jio,2019-03-26,2026-02-24,Active,SRC025,0.98,2024-11-07 16:01:54,2024-07-17 18:52:16
PH01704,98996683908,+91,VoIP,,O0107,SIM616332,Vi,2024-03-26,,Active,SRC012,0.95,2024-10-17 16:49:57,2026-03-24 10:22:25
PH01705,92517780595,+91,VoIP,,O0426,SIM259886,Airtel,2023-11-22,,Suspended,SRC026,0.91,2024-09-29 13:01:43,2025-10-24 10:59:31
PH01706,99439175940,+91,VoIP,P01590,,SIM781778,Vi,2026-08-07,,Active,SRC012,0.93,2024-05-11 00:07:08,2025-03-14 21:34:36
PH01707,94867614559,+91,Landline,P02313,,SIM592507,Vi,2021-06-29,2024-09-25,Active,SRC008,0.8,2024-05-14 05:02:18,2025-07-15 08:06:33
PH01708,98193065977,+91,Mobile,P00988,,SIM259353,BSNL,2019-09-28,,Active,SRC019,0.95,2026-08-07 01:29:26,2024-09-06 19:53:09
PH01709,95936876458,+91,VoIP,P01225,,SIM132910,Jio,2022-05-29,,Inactive,SRC024,0.94,2024-01-10 04:36:58,2024-04-09 06:51:36
PH01710,96676386446,+91,Mobile,P03801,,SIM515329,BSNL,2021-02-05,2026-06-19,Inactive,SRC021,0.96,2026-01-12 11:57:40,2026-03-18 11:42:57
PH01711,91495978105,+91,VoIP,P00191,,SIM969472,BSNL,2025-03-12,2026-04-02,Active,SRC011,0.89,2026-07-28 07:44:02,2024-01-24 17:15:19
PH01712,96299846897,+91,Landline,P03193,,SIM531588,Airtel,2018-10-02,,Inactive,SRC018,0.84,2025-08-01 11:30:24,2025-12-25 19:27:34
PH01713,96526648468,+91,Landline,P03113,,SIM940282,BSNL,2021-05-22,,Active,SRC002,0.95,2026-06-10 14:26:57,2024-09-10 07:00:52
PH01714,95303805279,+91,Landline,P00702,,SIM907488,Airtel,2023-03-21,2025-08-01,Active,SRC030,0.93,2024-06-21 10:49:52,2026-02-01 22:05:23
PH01715,91173649185,+91,VoIP,P01147,,SIM133560,BSNL,2025-07-17,,Inactive,SRC027,0.96,2026-04-17 08:46:40,2026-01-16 22:15:38
PH01716,93671521795,+91,Mobile,P00473,,SIM202956,BSNL,2019-08-27,,Inactive,SRC002,0.9,2026-04-13 11:01:35,2026-02-03 08:56:42
PH01717,94553439947,+91,VoIP,P03044,,SIM923139,Airtel,2021-03-28,,Inactive,SRC012,0.93,2024-02-26 18:32:17,2025-12-16 11:24:43
PH01718,92560949171,+91,VoIP,P03227,,SIM361959,Airtel,2018-12-20,,Inactive,SRC008,0.84,2026-03-28 01:28:53,2025-12-27 01:51:48
PH01719,95124480622,+91,VoIP,P00672,,SIM298985,Jio,2025-12-22,,Suspended,SRC026,0.86,2024-03-01 07:44:37,2026-06-25 08:12:12
PH01720,91383120531,+91,Landline,P03992,,SIM130407,BSNL,2023-09-15,,Active,SRC025,0.96,2025-02-24 20:50:34,2025-02-22 00:08:57
PH01721,91756880043,+91,Mobile,P02498,,SIM566707,Jio,2018-11-08,,Active,SRC006,0.86,2024-05-30 11:04:13,2024-09-23 06:18:04
PH01722,98667309157,+91,Mobile,P02197,,SIM207356,BSNL,2025-01-04,2026-05-23,Inactive,SRC018,0.83,2024-12-30 17:08:49,2025-05-09 20:50:12
PH01723,96723770533,+91,Landline,P00333,,SIM786779,Jio,2021-10-16,,Active,SRC030,0.8,2024-09-30 11:02:54,2024-01-16 13:07:01
PH01724,98925162426,+91,Landline,P02050,,SIM219468,BSNL,2019-12-04,,Suspended,SRC012,0.85,2026-02-05 05:50:33,2024-04-07 10:04:33
PH01725,94459288117,+91,VoIP,,O0389,SIM495635,Jio,2024-07-11,,Active,SRC016,0.93,2026-02-01 00:51:09,2026-08-12 14:04:26
PH01726,91665825229,+91,Landline,P01285,,SIM691591,Airtel,2024-02-25,,Suspended,SRC026,0.96,2026-06-04 09:20:30,2025-06-29 09:33:03
PH01727,92584134761,+91,VoIP,P01689,,SIM788710,Jio,2024-10-20,2025-01-07,Active,SRC001,0.86,2025-02-09 19:56:57,2025-11-23 18:38:57
PH01728,98951396320,+91,Landline,P03125,,SIM929672,Vi,2021-08-01,,Inactive,SRC017,0.83,2024-05-30 17:21:06,2024-12-12 06:13:21
PH01729,98041333081,+91,Mobile,P01627,,SIM304955,Airtel,2025-01-15,,Active,SRC019,0.8,2024-05-12 19:25:06,2025-01-19 06:19:11
PH01730,98402680743,+91,Mobile,P01225,,SIM125269,Jio,2026-08-19,,Active,SRC020,0.81,2025-12-03 01:49:41,2026-02-16 15:25:47
PH01731,93297904676,+91,Mobile,P00934,,SIM147734,Vi,2026-04-25,,Suspended,SRC026,0.93,2024-08-04 15:01:34,2024-10-21 17:12:28
PH01732,95434184881,+91,Landline,P02104,,SIM447976,Airtel,2019-06-01,,Suspended,SRC016,0.8,2025-01-27 13:09:35,2026-05-12 19:04:44
PH01733,95087467739,+91,Landline,P01526,,SIM303456,Vi,2026-01-30,,Inactive,SRC011,0.81,2025-09-24 20:46:12,2025-05-19 15:30:31
PH01734,95645543540,+91,Mobile,P01982,,SIM884150,Vi,2023-04-29,,Inactive,SRC016,0.95,2024-10-25 17:54:28,2024-07-30 00:58:11
PH01735,95324763541,+91,Landline,,O0139,SIM706121,Airtel,2021-07-25,,Active,SRC002,0.93,2024-05-12 10:47:13,2024-11-17 01:37:05
PH01736,93431106086,+91,VoIP,P01974,,SIM574992,Jio,2023-10-28,,Active,SRC022,0.94,2025-10-11 01:41:09,2024-02-01 15:18:15
PH01737,92968441267,+91,VoIP,P01754,,SIM481479,BSNL,2026-08-25,,Inactive,SRC022,0.98,2025-01-01 11:22:41,2024-04-06 15:44:08
PH01738,95896395718,+91,VoIP,P02981,,SIM353881,Jio,2024-04-29,,Active,SRC006,0.97,2026-02-19 11:04:00,2024-05-04 21:53:42
PH01739,98730910047,+91,Mobile,,O0452,SIM966068,BSNL,2024-11-29,,Inactive,SRC001,0.93,2026-01-11 07:04:05,2026-05-10 23:41:53
PH01740,99383365756,+91,VoIP,P01171,,SIM963044,Jio,2021-06-03,2025-12-29,Inactive,SRC029,0.82,2026-03-24 18:02:11,2025-02-22 05:56:00
PH01741,98780412247,+91,Mobile,,O0292,SIM626420,Airtel,2021-07-08,,Active,SRC011,0.84,2026-03-31 23:17:57,2025-02-05 06:24:11
PH01742,92766297992,+91,Mobile,P02436,,SIM802202,Jio,2026-07-13,,Suspended,SRC005,0.84,2025-05-09 19:43:24,2025-09-27 19:03:47
PH01743,98574947485,+91,VoIP,P00822,,SIM801696,BSNL,2023-04-26,,Inactive,SRC028,0.86,2024-07-22 14:32:58,2024-05-15 08:13:55
PH01744,96227961348,+91,Mobile,P02713,,SIM264821,Airtel,2025-01-22,,Suspended,SRC001,0.84,2026-02-15 14:13:43,2026-07-25 22:32:55
PH01745,99398343911,+91,Landline,P01185,,SIM600917,Jio,2021-08-25,,Suspended,SRC024,0.94,2026-08-15 05:54:47,2024-01-10 12:55:12
PH01746,98786420203,+91,Landline,P00516,,SIM599720,Jio,2019-09-30,2025-12-03,Inactive,SRC003,0.9,2024-04-18 17:24:50,2025-01-17 14:32:29
PH01747,98251889241,+91,Landline,P01211,,SIM588521,Vi,2022-07-28,,Inactive,SRC019,0.89,2024-08-25 02:34:23,2026-07-03 13:05:39
PH01748,92329453821,+91,Landline,P03211,,SIM912360,Airtel,2020-12-31,,Inactive,SRC029,0.96,2025-01-12 20:59:23,2025-04-23 16:21:31
PH01749,92101277040,+91,Mobile,P00462,,SIM160107,Jio,2026-01-03,,Suspended,SRC025,0.95,2024-03-20 23:03:50,2026-07-14 14:59:35
PH01750,92631828114,+91,VoIP,P03461,,SIM787607,Airtel,2022-01-14,,Inactive,SRC026,0.84,2026-07-17 03:52:53,2024-05-28 00:24:27
PH01751,94411510012,+91,Landline,P03550,,SIM639958,Jio,2018-12-04,,Inactive,SRC027,0.89,2025-06-02 08:52:23,2024-03-11 23:01:02
PH01752,99230383385,+91,Mobile,P03395,,SIM556677,BSNL,2019-05-10,,Suspended,SRC015,0.9,2024-04-25 07:17:28,2024-03-27 10:17:11
PH01753,96439761554,+91,Mobile,P00071,,SIM663970,Airtel,2019-08-08,,Active,SRC020,0.89,2026-06-06 06:56:25,2024-09-24 05:48:55
PH01754,91626526418,+91,Mobile,P00631,,SIM522552,Vi,2021-02-12,,Active,SRC012,0.98,2026-04-20 15:08:33,2024-05-14 09:33:18
PH01755,93363528588,+91,VoIP,P00320,,SIM177014,Jio,2022-11-18,,Active,SRC021,0.81,2026-01-31 02:09:04,2024-04-26 11:50:09
PH01756,91301983878,+91,VoIP,P00747,,SIM828677,Jio,2026-04-28,,Inactive,SRC014,0.92,2024-02-08 18:24:53,2026-04-14 23:35:03
PH01757,97882455063,+91,VoIP,P03864,,SIM444111,Airtel,2020-08-27,,Suspended,SRC022,0.88,2024-08-11 00:40:28,2025-08-02 12:39:55
PH01758,94348265420,+91,Mobile,P01448,,SIM978086,Jio,2023-07-31,,Inactive,SRC029,0.91,2026-04-12 15:25:47,2024-02-17 01:26:33
PH01759,97536594567,+91,Mobile,P01088,,SIM412440,BSNL,2020-01-13,,Active,SRC006,0.91,2025-09-24 00:48:55,2025-04-11 10:58:51
PH01760,97447115469,+91,Landline,,O0018,SIM284554,BSNL,2021-12-23,,Suspended,SRC024,0.93,2024-02-29 02:25:27,2024-07-24 05:18:27
PH01761,93303105241,+91,Mobile,P03395,,SIM375270,Airtel,2025-12-22,2025-02-27,Inactive,SRC007,0.85,2024-03-28 07:00:39,2025-03-19 06:53:11
PH01762,92139106741,+91,Landline,P03523,,SIM328664,Vi,2024-09-07,,Inactive,SRC017,0.82,2024-09-24 07:39:41,2025-12-19 13:30:42
PH01763,92504309148,+91,VoIP,P03974,,SIM816857,BSNL,2019-05-06,2025-02-14,Active,SRC003,0.9,2026-03-09 00:34:32,2025-01-02 08:43:34
PH01764,96328159620,+91,Landline,P01146,,SIM333516,BSNL,2019-02-02,,Inactive,SRC015,0.84,2026-07-08 21:12:34,2025-01-05 10:48:47
PH01765,96899749003,+91,VoIP,P02257,,SIM848919,BSNL,2022-07-24,,Suspended,SRC028,0.81,2025-11-16 13:39:38,2024-05-01 09:00:06
PH01766,98009757626,+91,Mobile,P00961,,SIM845816,Vi,2019-03-23,,Suspended,SRC016,0.88,2024-03-18 13:36:23,2026-05-25 04:20:12
PH01767,97399154095,+91,Mobile,P01405,,SIM238581,BSNL,2022-06-15,,Inactive,SRC017,0.92,2024-07-27 13:27:27,2026-08-24 16:23:01
PH01768,99137493021,+91,Landline,P00564,,SIM480037,Airtel,2021-04-30,,Inactive,SRC006,0.85,2025-02-23 00:53:18,2024-08-06 09:47:10
PH01769,99828391805,+91,Mobile,P03871,,SIM817657,BSNL,2020-06-13,,Suspended,SRC020,0.87,2025-03-16 05:14:28,2024-05-17 02:02:40
PH01770,95083834803,+91,Landline,P02047,,SIM862320,BSNL,2024-08-28,,Suspended,SRC003,0.86,2024-11-17 16:49:53,2026-06-01 23:13:41
PH01771,91706596512,+91,Landline,P02902,,SIM716084,Airtel,2020-01-25,,Active,SRC011,0.87,2025-09-30 18:10:02,2025-02-19 20:02:44
PH01772,99512318597,+91,Mobile,P01358,,SIM375088,BSNL,2021-07-01,,Active,SRC020,0.96,2024-01-07 01:08:35,2026-05-05 17:29:42
PH01773,93609027963,+91,VoIP,P02076,,SIM701510,Jio,2019-05-02,,Active,SRC026,0.9,2024-11-11 18:14:40,2024-01-12 07:09:25
PH01774,91371781463,+91,VoIP,P00451,,SIM637013,Jio,2018-12-02,,Active,SRC001,0.88,2024-01-03 15:25:34,2025-12-26 18:28:18
PH01775,92169624697,+91,Landline,P00566,,SIM381928,Jio,2021-12-20,,Suspended,SRC018,0.91,2024-05-30 07:55:10,2026-02-11 08:24:59
PH01776,98651819727,+91,Mobile,P00366,,SIM162592,BSNL,2018-10-20,,Inactive,SRC016,0.82,2025-03-27 19:39:14,2024-05-17 18:12:14
PH01777,95896117581,+91,Landline,P03934,,SIM787173,Vi,2020-01-22,,Active,SRC004,0.89,2025-12-05 08:38:38,2024-05-03 11:20:36
PH01778,98836870165,+91,Landline,P00950,,SIM225471,Airtel,2024-07-26,,Suspended,SRC021,0.9,2026-08-30 00:36:14,2024-01-10 14:12:54
PH01779,99112714575,+91,VoIP,P03164,,SIM443787,Vi,2023-08-15,,Suspended,SRC019,0.89,2025-09-12 20:31:22,2024-05-09 13:59:44
PH01780,92610692460,+91,VoIP,,O0078,SIM991067,BSNL,2022-05-14,2025-03-05,Inactive,SRC024,0.99,2025-10-07 08:21:11,2025-04-15 09:10:23
PH01781,99168552451,+91,VoIP,P02166,,SIM620371,Vi,2024-04-16,,Suspended,SRC004,0.82,2024-08-16 13:47:59,2024-12-29 23:52:45
PH01782,97437427428,+91,Mobile,P03242,,SIM721310,BSNL,2020-11-15,,Suspended,SRC027,0.85,2026-04-04 01:32:56,2026-05-20 18:07:36
PH01783,95693956344,+91,VoIP,P02501,,SIM222679,BSNL,2023-05-21,,Active,SRC006,0.93,2026-03-12 09:56:29,2025-07-21 00:17:17
PH01784,93773744894,+91,Mobile,P03967,,SIM718753,Jio,2020-09-03,,Suspended,SRC025,0.87,2024-01-01 18:42:38,2025-06-30 07:35:11
PH01785,96561258966,+91,Mobile,P00042,,SIM296887,Jio,2025-04-20,,Active,SRC009,0.93,2025-03-30 13:12:57,2025-09-10 22:13:33
PH01786,98980116708,+91,Landline,P01285,,SIM529567,BSNL,2023-12-14,,Inactive,SRC011,0.98,2025-02-16 18:41:46,2025-06-21 06:01:58
PH01787,97591879026,+91,Landline,P00251,,SIM510732,Vi,2026-07-23,,Active,SRC015,0.81,2024-12-04 07:44:45,2026-06-24 23:11:10
PH01788,95216782072,+91,Landline,P02104,,SIM381143,Airtel,2018-10-29,,Active,SRC022,0.8,2026-05-05 10:19:06,2024-10-15 16:23:07
PH01789,95682122411,+91,Landline,P03986,,SIM401594,Vi,2020-10-12,,Suspended,SRC003,0.92,2024-02-09 18:56:32,2024-01-22 11:04:40
PH01790,94241811087,+91,Landline,P02140,,SIM113527,BSNL,2020-11-14,,Suspended,SRC018,0.91,2024-06-11 07:47:00,2024-05-18 04:27:50
PH01791,94140474021,+91,VoIP,P03441,,SIM312123,Vi,2021-05-15,2025-05-30,Active,SRC026,0.95,2024-08-22 13:51:29,2024-11-19 15:07:56
PH01792,96464755344,+91,Mobile,P02828,,SIM294567,Jio,2025-10-05,,Inactive,SRC002,0.82,2024-09-01 09:41:28,2024-11-18 13:54:44
PH01793,97788943413,+91,Landline,P00829,,SIM721284,Jio,2025-06-29,,Active,SRC020,0.91,2024-06-04 19:21:36,2025-08-18 12:37:06
PH01794,95228375119,+91,VoIP,P03957,,SIM731251,BSNL,2021-09-03,,Suspended,SRC026,0.94,2024-08-17 00:38:40,2025-03-02 12:47:54
PH01795,95564735772,+91,VoIP,P01490,,SIM395410,Jio,2022-01-09,,Inactive,SRC019,0.95,2024-10-14 20:50:11,2024-05-16 18:15:48
PH01796,98462321574,+91,Landline,P00784,,SIM109939,Vi,2020-06-10,,Suspended,SRC004,0.82,2024-09-24 16:28:20,2025-10-15 17:49:14
PH01797,92769588194,+91,Mobile,P00568,,SIM615057,BSNL,2022-08-08,,Inactive,SRC006,0.85,2026-01-11 02:11:43,2025-07-04 10:40:51
PH01798,91355046817,+91,Landline,P03145,,SIM931855,Airtel,2019-08-11,,Suspended,SRC012,0.9,2026-01-09 19:10:17,2025-10-23 17:49:01
PH01799,95137983756,+91,Mobile,,O0351,SIM219964,Jio,2019-07-05,,Inactive,SRC026,0.94,2025-12-27 01:44:23,2024-10-16 16:30:03
PH01800,93980200605,+91,VoIP,,O0296,SIM818875,Jio,2020-04-19,,Suspended,SRC028,0.89,2025-08-01 15:43:59,2025-09-28 05:33:52
PH01801,98112993848,+91,Mobile,P03263,,SIM552660,Airtel,2025-03-31,,Inactive,SRC001,0.92,2026-02-02 18:35:28,2026-04-08 13:49:56
PH01802,99981569963,+91,Landline,,O0383,SIM482972,Vi,2020-12-12,2025-02-04,Active,SRC002,0.94,2026-02-28 01:56:27,2026-07-17 16:33:45
PH01803,98450692271,+91,Landline,P00253,,SIM836354,Vi,2020-05-23,,Suspended,SRC004,0.82,2025-05-12 13:30:17,2024-11-10 13:00:32
PH01804,92167850715,+91,Landline,,O0271,SIM507179,BSNL,2024-09-26,,Suspended,SRC030,0.91,2024-05-26 20:02:12,2024-07-05 04:33:18
PH01805,95353682528,+91,VoIP,P03750,,SIM285438,Vi,2019-05-30,,Inactive,SRC027,0.82,2025-03-08 00:33:20,2025-03-29 21:37:27
PH01806,91856098040,+91,Mobile,P03015,,SIM478915,Airtel,2020-11-01,2026-09-01,Suspended,SRC023,0.98,2025-07-10 21:00:34,2024-01-12 04:00:50
PH01807,94904168197,+91,VoIP,P03817,,SIM398295,Jio,2023-10-08,,Active,SRC024,0.9,2026-07-17 17:25:54,2026-08-11 20:18:32
PH01808,98413648217,+91,Landline,P01171,,SIM169481,Jio,2021-12-09,,Suspended,SRC027,0.87,2024-01-17 10:53:39,2026-02-10 02:03:36
PH01809,97029549810,+91,VoIP,P01810,,SIM648415,BSNL,2023-10-25,,Inactive,SRC010,0.84,2024-03-05 19:34:23,2025-12-14 03:51:02
PH01810,96641078742,+91,Landline,P00681,,SIM807331,Vi,2024-12-31,,Suspended,SRC001,0.8,2025-04-03 14:35:16,2025-01-01 14:09:05
PH01811,97313498110,+91,Mobile,P02787,,SIM289705,Vi,2020-08-31,,Suspended,SRC003,0.92,2024-10-24 15:35:13,2024-05-11 21:14:50
PH01812,94877101607,+91,Landline,P02997,,SIM117826,BSNL,2020-03-25,,Inactive,SRC007,0.88,2024-04-16 10:41:49,2024-03-18 07:13:36
PH01813,93719287295,+91,Landline,P03181,,SIM105025,Airtel,2025-03-19,,Inactive,SRC016,0.94,2025-02-21 23:26:45,2025-09-21 18:22:22
PH01814,95746209702,+91,Landline,P03415,,SIM726067,BSNL,2023-04-02,,Inactive,SRC016,0.82,2025-06-29 19:50:07,2026-05-01 13:45:03
PH01815,97663855680,+91,Landline,P01004,,SIM677909,BSNL,2025-04-09,,Suspended,SRC017,0.93,2025-12-15 13:32:49,2026-03-25 09:10:56
PH01816,96440233166,+91,Landline,P03098,,SIM614069,BSNL,2024-11-29,2024-11-09,Active,SRC021,0.95,2024-12-23 07:53:05,2024-12-04 02:19:40
PH01817,95111486104,+91,Landline,P00390,,SIM528350,Jio,2019-09-30,,Suspended,SRC022,0.87,2025-02-10 12:19:37,2025-08-06 19:05:13
PH01818,97123213653,+91,Mobile,P01779,,SIM184649,BSNL,2024-08-28,,Suspended,SRC002,0.97,2025-04-04 03:22:03,2025-04-10 00:23:49
PH01819,94051604465,+91,Mobile,P00473,,SIM815843,Airtel,2024-09-13,2026-05-25,Inactive,SRC023,0.97,2025-05-15 07:58:31,2024-09-16 00:01:36
PH01820,91844211450,+91,VoIP,,O0472,SIM164349,BSNL,2019-11-14,,Suspended,SRC022,0.88,2024-03-14 01:34:00,2024-03-07 19:01:06
PH01821,94635152608,+91,Mobile,,O0158,SIM901352,Jio,2022-04-27,,Inactive,SRC025,0.91,2024-12-21 19:10:41,2025-10-22 21:39:47
PH01822,94206412886,+91,Mobile,P01019,,SIM393404,BSNL,2023-05-04,,Active,SRC012,0.83,2024-08-02 19:04:05,2025-02-25 04:53:13
PH01823,97602679688,+91,Mobile,P03560,,SIM986224,Airtel,2021-01-31,2026-08-06,Active,SRC030,0.83,2025-04-19 00:04:35,2025-01-08 17:34:22
PH01824,95200503450,+91,VoIP,P01974,,SIM466222,Jio,2019-11-29,,Inactive,SRC015,0.94,2026-05-09 23:03:47,2024-12-27 04:04:47
PH01825,97835907813,+91,Mobile,P01978,,SIM266466,BSNL,2019-02-12,,Suspended,SRC028,0.9,2024-02-27 18:23:10,2026-03-01 22:54:17
PH01826,95006872309,+91,Mobile,P00212,,SIM541099,BSNL,2019-07-24,,Suspended,SRC002,0.82,2024-02-26 02:48:55,2024-02-10 21:09:20
PH01827,96442831870,+91,Landline,P02854,,SIM983487,Airtel,2018-10-08,,Active,SRC009,0.95,2026-03-03 05:53:08,2024-06-15 02:40:38
PH01828,91338625270,+91,VoIP,,O0345,SIM703510,Vi,2020-04-25,,Inactive,SRC012,0.84,2024-12-11 23:16:33,2024-04-06 10:47:33
PH01829,96516251067,+91,Landline,P03349,,SIM880776,Vi,2023-07-21,,Inactive,SRC017,0.93,2026-03-24 20:11:15,2026-06-21 23:58:15
PH01830,99257722118,+91,Mobile,P03489,,SIM591177,BSNL,2020-06-23,2025-08-10,Active,SRC029,0.98,2025-04-24 10:17:16,2025-02-10 20:31:07
PH01831,92345482057,+91,Landline,P02667,,SIM658951,BSNL,2020-08-07,2024-10-14,Active,SRC001,0.81,2025-03-23 07:26:47,2026-05-10 16:09:56
PH01832,96500396977,+91,Landline,P02235,,SIM407755,Jio,2024-01-07,,Inactive,SRC015,0.94,2025-01-18 23:13:38,2024-07-09 17:06:00
PH01833,97083965633,+91,Mobile,P01417,,SIM432267,BSNL,2022-09-12,,Active,SRC006,0.93,2025-06-16 10:35:23,2025-07-13 15:58:49
PH01834,94895023089,+91,VoIP,P00776,,SIM655819,Jio,2019-09-29,2025-05-21,Active,SRC004,0.85,2024-10-04 20:36:08,2026-01-18 07:29:25
PH01835,95287251582,+91,VoIP,P02540,,SIM282226,Jio,2023-01-21,2024-10-07,Suspended,SRC003,0.91,2024-06-23 13:14:16,2026-03-02 06:34:39
PH01836,95851489879,+91,VoIP,P00490,,SIM754209,BSNL,2019-04-11,,Suspended,SRC008,0.95,2024-08-26 19:47:27,2026-08-12 10:53:30
PH01837,98496516570,+91,VoIP,P02226,,SIM261127,Vi,2024-06-29,,Suspended,SRC026,0.81,2025-11-01 00:39:12,2024-08-15 22:02:28
PH01838,95959784918,+91,Mobile,P00991,,SIM459653,Jio,2022-02-17,,Inactive,SRC019,0.82,2024-12-26 19:53:06,2025-04-10 03:01:22
PH01839,99793880652,+91,VoIP,P02181,,SIM175233,Jio,2022-05-02,,Inactive,SRC019,0.99,2024-06-21 09:16:41,2026-06-15 08:03:10
PH01840,94648364815,+91,Landline,P02631,,SIM955348,Jio,2025-07-15,2024-11-10,Inactive,SRC006,0.98,2025-04-22 10:12:38,2026-04-02 16:51:46
PH01841,99069977864,+91,Landline,P01696,,SIM686796,Vi,2025-12-17,,Active,SRC004,0.8,2025-12-24 11:28:15,2025-05-22 22:01:54
PH01842,96166927383,+91,Mobile,P03080,,SIM572253,Jio,2024-04-19,,Active,SRC014,0.93,2025-06-09 12:36:32,2025-09-12 10:15:16
PH01843,97405067225,+91,VoIP,,O0127,SIM296703,Vi,2025-11-30,,Inactive,SRC012,0.93,2025-04-16 21:33:18,2026-08-28 22:54:39
PH01844,98618501212,+91,VoIP,,O0340,SIM826913,BSNL,2022-08-08,,Active,SRC017,0.96,2025-07-15 16:06:15,2024-03-03 12:15:09
PH01845,99454678365,+91,VoIP,P01232,,SIM373572,Airtel,2026-06-18,2026-07-21,Inactive,SRC010,0.82,2024-06-28 06:28:58,2026-04-02 23:01:09
PH01846,99474766806,+91,Mobile,P01817,,SIM885804,BSNL,2024-11-17,2025-12-31,Inactive,SRC012,0.84,2026-05-19 11:33:40,2025-07-08 18:28:08
PH01847,94681037904,+91,Mobile,,O0071,SIM248570,BSNL,2026-07-04,,Inactive,SRC018,0.94,2025-10-22 00:04:37,2025-11-23 06:36:31
PH01848,91259206512,+91,Landline,P03300,,SIM607991,Vi,2025-03-07,,Suspended,SRC026,0.8,2024-08-28 14:23:45,2026-03-19 20:57:54
PH01849,98145502803,+91,Mobile,P03581,,SIM293966,Jio,2019-08-05,,Inactive,SRC025,0.87,2026-03-02 00:30:17,2025-09-27 11:27:23
PH01850,94890144911,+91,VoIP,P00141,,SIM385885,Airtel,2024-09-29,,Inactive,SRC022,0.88,2024-02-11 09:53:27,2026-02-20 07:14:01
PH01851,98278327750,+91,Landline,P00919,,SIM396233,Airtel,2022-05-03,,Active,SRC014,0.89,2024-09-15 02:04:25,2026-08-08 10:04:03
PH01852,99297407765,+91,Mobile,P01584,,SIM813760,BSNL,2023-09-29,,Suspended,SRC029,0.99,2026-08-27 05:45:14,2025-08-08 12:23:28
PH01853,97514384372,+91,Mobile,P02355,,SIM847455,Jio,2025-08-06,,Inactive,SRC025,0.96,2025-08-31 20:15:16,2024-10-11 23:50:28
PH01854,94620847437,+91,Mobile,,O0332,SIM468119,Vi,2019-01-31,,Inactive,SRC027,0.96,2026-07-08 04:38:38,2025-09-14 00:45:12
PH01855,95326619092,+91,Mobile,P03771,,SIM377388,Airtel,2025-01-10,,Active,SRC009,0.81,2024-03-15 05:19:57,2025-12-17 03:48:04
PH01856,99308117934,+91,VoIP,,O0408,SIM540612,Jio,2025-09-10,,Inactive,SRC009,0.81,2026-01-15 17:38:39,2025-05-14 12:59:29
PH01857,95983652682,+91,VoIP,P01570,,SIM681484,BSNL,2022-08-04,,Suspended,SRC001,0.8,2024-07-17 01:29:21,2025-09-24 07:54:10
PH01858,98550633992,+91,Landline,P00791,,SIM657049,BSNL,2025-10-30,,Inactive,SRC015,0.87,2024-12-23 14:09:00,2024-05-07 09:36:18
PH01859,93318788935,+91,Mobile,P01442,,SIM314609,Jio,2020-07-08,,Inactive,SRC017,0.87,2026-06-21 18:36:23,2024-10-26 11:45:09
PH01860,93788085392,+91,VoIP,P02367,,SIM676255,BSNL,2021-08-01,2026-06-06,Suspended,SRC004,0.98,2024-10-03 15:37:07,2025-09-07 22:01:51
PH01861,92167228283,+91,Landline,P01322,,SIM159831,Vi,2026-02-19,,Suspended,SRC022,0.81,2026-06-11 12:27:56,2024-05-05 03:37:05
PH01862,96088061279,+91,Landline,P02703,,SIM844448,Jio,2021-12-10,,Suspended,SRC028,0.98,2024-02-19 15:10:00,2025-05-28 19:59:21
PH01863,97464010601,+91,VoIP,,O0254,SIM608992,BSNL,2025-02-12,2026-08-28,Active,SRC025,0.9,2026-07-29 05:47:43,2026-01-25 16:44:43
PH01864,94293056339,+91,Landline,,O0234,SIM129011,Vi,2024-05-03,,Active,SRC001,0.93,2024-02-12 19:11:16,2025-08-29 05:47:14
PH01865,95040735062,+91,VoIP,P00868,,SIM744640,Vi,2025-02-14,,Suspended,SRC002,0.81,2025-10-14 20:57:56,2024-04-12 16:59:21
PH01866,97729495280,+91,Mobile,,O0442,SIM189573,Jio,2025-08-20,,Active,SRC019,0.9,2026-06-14 22:04:17,2024-05-15 20:41:03
PH01867,97034136698,+91,Landline,P00996,,SIM749628,Airtel,2019-12-17,2025-09-21,Active,SRC026,0.97,2024-03-14 21:55:34,2026-03-03 17:47:15
PH01868,94859129126,+91,VoIP,P00134,,SIM144010,Jio,2025-04-05,,Suspended,SRC020,0.86,2024-05-05 08:43:01,2025-05-17 07:47:52
PH01869,91855675649,+91,Mobile,P01943,,SIM731678,Airtel,2019-05-22,,Suspended,SRC009,0.97,2025-06-02 15:29:34,2024-05-14 08:54:50
PH01870,93653156309,+91,Mobile,,O0286,SIM392775,Airtel,2023-08-13,,Inactive,SRC015,0.82,2025-07-31 23:26:46,2025-04-05 21:57:35
PH01871,94008972382,+91,Landline,P01336,,SIM197997,Vi,2024-02-28,2025-07-29,Active,SRC017,0.97,2025-01-19 03:08:57,2025-07-08 08:16:09
PH01872,97539686618,+91,VoIP,P03123,,SIM197969,Jio,2021-01-07,,Inactive,SRC021,0.98,2026-05-06 00:14:59,2026-01-21 07:10:23
PH01873,91541666911,+91,Mobile,P00127,,SIM647703,BSNL,2022-10-20,,Active,SRC021,0.97,2025-06-03 17:38:50,2025-01-26 21:20:13
PH01874,97974755484,+91,Landline,P03769,,SIM252493,BSNL,2021-03-07,2025-02-10,Active,SRC005,0.91,2025-04-06 08:49:32,2024-04-18 11:19:41
PH01875,95328786859,+91,Mobile,,O0461,SIM400913,Jio,2020-11-18,,Active,SRC016,0.85,2024-04-16 11:14:53,2025-10-31 20:48:36
PH01876,95819355882,+91,Landline,P02167,,SIM411886,Airtel,2022-09-26,,Inactive,SRC007,0.8,2026-08-05 12:48:57,2025-07-01 11:42:44
PH01877,95432848977,+91,Mobile,P02420,,SIM748858,Jio,2021-04-13,2025-05-27,Active,SRC020,0.81,2024-08-21 16:39:51,2025-11-08 06:33:49
PH01878,99130936369,+91,Mobile,P02643,,SIM509500,Airtel,2021-08-17,,Inactive,SRC015,0.95,2025-12-04 05:09:38,2026-06-14 07:27:23
PH01879,99801968800,+91,VoIP,P00081,,SIM208773,BSNL,2026-06-05,,Inactive,SRC003,0.96,2024-08-20 10:03:34,2024-10-09 05:03:55
PH01880,95615646133,+91,VoIP,P03128,,SIM827552,Vi,2020-09-26,,Active,SRC017,0.92,2025-05-18 00:20:32,2025-08-29 14:37:35
PH01881,97294862559,+91,Landline,P03338,,SIM355086,Jio,2024-01-06,,Suspended,SRC019,0.86,2024-08-08 03:20:14,2024-07-29 00:04:05
PH01882,92839976427,+91,Mobile,P03349,,SIM737119,Jio,2024-11-28,,Inactive,SRC003,0.94,2025-06-03 22:47:40,2026-05-03 05:14:04
PH01883,96566428048,+91,Mobile,,O0138,SIM778392,Airtel,2020-10-25,,Active,SRC021,0.95,2024-03-26 11:56:06,2025-01-30 05:13:48
PH01884,98493714364,+91,Mobile,P00945,,SIM382446,Vi,2022-08-05,2025-03-27,Inactive,SRC027,0.83,2026-07-10 08:30:40,2026-01-30 20:52:34
PH01885,99134948523,+91,VoIP,,O0105,SIM843332,Airtel,2022-03-08,,Active,SRC023,0.96,2025-02-14 23:02:40,2024-02-16 15:30:15
PH01886,98314345506,+91,Landline,P01873,,SIM652141,Jio,2022-04-23,,Inactive,SRC014,0.97,2025-03-05 08:42:07,2025-03-28 04:03:53
PH01887,96610460808,+91,VoIP,P00191,,SIM867111,Airtel,2020-10-30,,Suspended,SRC011,0.85,2024-04-30 08:03:23,2025-12-15 20:59:55
PH01888,94793430513,+91,Landline,P03024,,SIM551970,Vi,2025-03-01,,Inactive,SRC025,0.91,2024-06-16 14:14:24,2025-04-05 23:51:48
PH01889,97671011775,+91,VoIP,P00983,,SIM671494,BSNL,2019-12-21,,Active,SRC028,0.81,2024-09-09 00:06:34,2025-07-28 07:07:09
PH01890,95118902787,+91,VoIP,,O0319,SIM581219,Jio,2019-04-18,2025-10-13,Active,SRC024,0.92,2025-01-04 06:57:29,2026-02-26 18:12:28
PH01891,97485356470,+91,VoIP,P03966,,SIM157234,Airtel,2026-08-15,,Active,SRC017,0.83,2025-05-05 20:31:58,2026-04-21 03:47:00
PH01892,97024021999,+91,Landline,,O0355,SIM124259,Airtel,2020-08-25,,Suspended,SRC022,0.92,2026-03-30 10:11:56,2026-03-12 18:13:27
PH01893,92763296156,+91,VoIP,P01478,,SIM193757,Vi,2021-01-23,,Suspended,SRC001,0.85,2026-02-21 10:59:14,2025-03-23 11:40:26
PH01894,99947955208,+91,VoIP,P03076,,SIM551063,BSNL,2026-05-17,,Active,SRC010,0.86,2025-04-14 08:10:36,2025-08-14 05:51:17
PH01895,93953744848,+91,VoIP,,O0324,SIM153771,BSNL,2024-01-26,,Active,SRC015,0.93,2025-10-17 20:19:04,2024-10-04 14:03:42
PH01896,95085894699,+91,VoIP,P03121,,SIM581652,Airtel,2019-02-09,,Active,SRC019,0.95,2025-07-05 21:58:13,2026-03-25 09:50:07
PH01897,92428155561,+91,Landline,,O0274,SIM580242,Vi,2019-09-30,,Inactive,SRC020,0.84,2026-04-08 01:51:46,2026-04-10 05:58:14
PH01898,98335473886,+91,Mobile,P03200,,SIM138610,Vi,2024-11-02,,Suspended,SRC007,0.89,2024-11-27 14:09:32,2024-09-14 16:48:36
PH01899,97497445556,+91,Mobile,P02460,,SIM163768,Vi,2019-06-17,2025-07-26,Inactive,SRC005,0.87,2026-05-04 08:15:06,2026-05-02 21:44:13
PH01900,93626946954,+91,VoIP,P01783,,SIM467090,Vi,2022-02-02,,Inactive,SRC017,0.9,2025-12-11 15:31:26,2025-12-10 00:51:27
PH01901,95006464064,+91,VoIP,P02344,,SIM183577,Vi,2024-11-04,,Suspended,SRC025,0.97,2026-04-27 18:39:37,2024-05-13 16:25:15
PH01902,94309003778,+91,Landline,P00877,,SIM906240,Vi,2021-02-28,,Suspended,SRC028,0.89,2026-04-17 21:09:55,2024-02-29 05:35:51
PH01903,99059645445,+91,VoIP,,O0019,SIM570208,Airtel,2023-06-16,,Suspended,SRC030,0.93,2025-04-15 23:08:04,2024-02-29 08:08:54
PH01904,91472184368,+91,VoIP,P01998,,SIM879009,Jio,2018-11-03,,Inactive,SRC015,0.86,2024-09-17 06:07:02,2024-06-11 22:45:21
PH01905,91085408783,+91,Mobile,P00412,,SIM202670,BSNL,2020-11-10,2025-11-13,Suspended,SRC013,0.99,2026-08-29 13:42:05,2025-07-21 02:45:15
PH01906,91755820441,+91,VoIP,P02986,,SIM225738,BSNL,2022-03-20,,Inactive,SRC005,0.92,2025-06-21 19:48:14,2024-11-10 07:28:37
PH01907,93661920406,+91,VoIP,P02479,,SIM824344,Vi,2024-05-12,2026-03-08,Inactive,SRC010,0.86,2024-04-13 01:35:37,2024-12-07 23:32:26
PH01908,99546947253,+91,Mobile,P01253,,SIM413352,BSNL,2021-09-22,,Suspended,SRC025,0.92,2024-05-07 07:44:02,2024-12-06 13:57:55
PH01909,92993821279,+91,Landline,P01073,,SIM567481,Jio,2020-07-04,,Active,SRC030,0.9,2025-11-12 01:49:14,2024-07-29 01:22:26
PH01910,91596422217,+91,Mobile,P03355,,SIM739821,Vi,2026-03-14,,Active,SRC023,0.86,2024-03-22 05:32:03,2025-07-18 09:59:06
PH01911,93088442540,+91,VoIP,P03744,,SIM566256,Vi,2019-04-26,,Inactive,SRC016,0.99,2024-10-08 21:26:56,2026-07-26 07:43:05
PH01912,99630248192,+91,Landline,P02540,,SIM214025,Vi,2020-10-17,,Inactive,SRC022,0.92,2025-04-13 05:01:46,2026-03-07 07:41:40
PH01913,99697279504,+91,Mobile,P03857,,SIM347171,Airtel,2021-10-26,,Active,SRC004,0.82,2025-05-15 11:03:43,2025-08-08 12:03:40
PH01914,95243659817,+91,Landline,P02126,,SIM813801,BSNL,2019-10-20,,Suspended,SRC004,0.86,2024-02-08 14:22:36,2024-11-02 08:13:56
PH01915,96774265067,+91,VoIP,P01471,,SIM650069,Vi,2025-03-27,2025-12-14,Inactive,SRC012,0.95,2024-06-12 07:23:04,2026-06-03 10:49:02
PH01916,99517414502,+91,Landline,P02990,,SIM602380,Airtel,2019-11-15,,Suspended,SRC030,0.89,2024-02-04 09:26:23,2025-05-27 08:07:49
PH01917,97436656453,+91,Landline,P01309,,SIM905707,Jio,2020-08-08,,Active,SRC010,0.97,2024-07-30 04:03:02,2026-07-12 07:28:38
PH01918,92920288944,+91,Mobile,P01882,,SIM186477,Jio,2020-04-06,,Inactive,SRC015,0.97,2026-01-26 11:23:03,2025-10-21 03:14:50
PH01919,98358675769,+91,Landline,P00256,,SIM309839,BSNL,2020-01-15,,Inactive,SRC009,0.97,2025-10-09 22:16:25,2025-12-07 11:38:55
PH01920,98178489977,+91,Mobile,,O0452,SIM322827,Jio,2026-01-24,,Active,SRC030,0.91,2024-11-29 01:20:27,2026-08-25 19:19:43
PH01921,92762231860,+91,VoIP,P03454,,SIM793032,Airtel,2023-10-23,,Active,SRC029,0.93,2025-01-15 03:43:08,2026-01-10 17:05:27
PH01922,91996391337,+91,Landline,,O0325,SIM799593,Vi,2023-04-23,,Inactive,SRC011,0.89,2026-07-14 11:11:33,2025-05-18 02:44:16
PH01923,98040050551,+91,Landline,P02316,,SIM817163,Jio,2020-05-30,,Active,SRC016,0.86,2026-03-25 10:41:05,2024-12-31 22:22:39
PH01924,99558077019,+91,VoIP,P00400,,SIM474277,Airtel,2021-12-06,,Suspended,SRC012,0.89,2026-02-10 14:36:44,2024-06-03 14:16:51
PH01925,97200532238,+91,Mobile,P00299,,SIM520988,Vi,2020-01-22,,Inactive,SRC018,0.86,2024-12-06 09:19:09,2026-01-27 13:15:30
PH01926,98900246140,+91,Mobile,P02345,,SIM187470,Jio,2024-06-14,,Suspended,SRC026,0.99,2026-06-13 00:25:37,2025-11-12 15:49:34
PH01927,98594447493,+91,VoIP,P01072,,SIM844846,Vi,2020-10-29,2025-09-19,Active,SRC002,0.9,2025-12-20 13:49:40,2025-03-19 09:53:05
PH01928,93935498716,+91,Mobile,,O0153,SIM940331,Vi,2024-12-29,,Suspended,SRC001,0.85,2026-04-22 17:50:04,2025-10-30 19:20:16
PH01929,93039357821,+91,Mobile,P02094,,SIM647062,Vi,2023-09-29,,Suspended,SRC013,0.83,2025-06-07 12:03:21,2024-10-13 01:26:20
PH01930,93743468066,+91,Landline,P02524,,SIM190639,Vi,2026-04-03,,Inactive,SRC022,0.81,2024-04-23 09:59:47,2024-03-23 18:29:57
PH01931,92984941378,+91,Mobile,P02484,,SIM768781,BSNL,2019-01-08,,Active,SRC011,0.99,2025-09-08 06:35:42,2026-06-24 10:47:33
PH01932,99055144805,+91,Mobile,P03629,,SIM644907,Vi,2025-02-03,,Active,SRC022,0.94,2024-11-14 23:24:03,2026-07-12 22:13:56
PH01933,93033451852,+91,VoIP,P01967,,SIM599072,BSNL,2023-08-29,,Inactive,SRC019,0.84,2024-12-18 05:10:49,2026-01-17 05:14:54
PH01934,95285567253,+91,Landline,P01452,,SIM250986,BSNL,2024-07-12,,Suspended,SRC015,0.8,2026-03-09 18:26:26,2024-05-31 02:17:28
PH01935,96925805784,+91,Landline,,O0390,SIM195069,BSNL,2022-07-11,,Suspended,SRC015,0.98,2024-02-02 22:09:06,2025-09-02 07:03:31
PH01936,95582354002,+91,Landline,P02775,,SIM897901,BSNL,2024-07-29,,Suspended,SRC008,0.8,2026-08-05 23:47:50,2026-08-20 15:59:22
PH01937,94351345546,+91,VoIP,P03319,,SIM285860,Jio,2025-08-06,,Active,SRC017,0.83,2024-01-05 03:13:29,2024-02-19 06:49:06
PH01938,96902986421,+91,VoIP,P03345,,SIM342972,Airtel,2024-05-24,,Inactive,SRC017,0.89,2026-06-17 12:13:40,2026-05-26 11:51:01
PH01939,99266098894,+91,Mobile,P02140,,SIM879435,Airtel,2021-08-04,,Active,SRC029,0.92,2025-03-12 00:45:34,2025-12-17 20:17:41
PH01940,98740792029,+91,Landline,P01048,,SIM207914,BSNL,2022-07-10,,Suspended,SRC013,0.87,2025-07-05 01:43:23,2025-09-27 02:35:36
PH01941,94118462843,+91,Landline,P01097,,SIM387953,Jio,2019-07-30,,Suspended,SRC027,0.82,2025-06-13 02:40:37,2025-07-25 14:13:22
PH01942,94270637992,+91,Mobile,P01450,,SIM634629,BSNL,2019-10-14,,Suspended,SRC009,0.89,2024-06-02 16:54:44,2025-04-30 12:20:47
PH01943,92824818113,+91,Mobile,,O0303,SIM896488,BSNL,2019-11-02,,Suspended,SRC008,0.92,2024-05-15 20:28:57,2024-11-12 14:03:10
PH01944,91545821647,+91,Landline,P02269,,SIM548828,Airtel,2022-06-29,,Suspended,SRC030,0.82,2025-07-19 05:22:45,2024-06-25 21:43:50
PH01945,98793321437,+91,Mobile,P03763,,SIM499457,Vi,2024-02-14,,Inactive,SRC007,0.98,2026-03-02 10:24:06,2025-04-09 10:32:25
PH01946,94067461312,+91,Landline,,O0350,SIM557262,Jio,2023-09-19,,Inactive,SRC006,0.82,2025-04-21 22:19:59,2024-02-14 16:33:23
PH01947,92798849859,+91,Landline,P01352,,SIM729224,Airtel,2026-05-17,,Suspended,SRC008,0.94,2024-10-03 03:15:25,2024-02-10 07:25:52
PH01948,94343249333,+91,Landline,P00607,,SIM703591,Jio,2022-01-24,,Suspended,SRC029,0.9,2025-05-29 03:48:41,2025-04-26 05:26:25
PH01949,92603417898,+91,Landline,P00859,,SIM822328,BSNL,2018-11-26,,Suspended,SRC029,0.82,2026-01-27 13:20:36,2024-08-08 19:45:36
PH01950,93869181045,+91,Mobile,P00684,,SIM398938,Vi,2021-04-10,,Suspended,SRC006,0.91,2025-12-16 11:21:32,2026-05-01 12:57:02
PH01951,92434518996,+91,Landline,P00626,,SIM213097,Vi,2025-10-24,,Suspended,SRC022,0.8,2024-05-10 16:17:36,2026-07-23 18:56:35
PH01952,97840243511,+91,VoIP,P01318,,SIM871363,Airtel,2021-03-04,,Suspended,SRC026,0.95,2024-06-16 09:15:43,2024-10-22 11:40:50
PH01953,98298413467,+91,Landline,P01197,,SIM468781,Jio,2026-05-01,,Inactive,SRC027,0.98,2024-04-07 05:27:20,2026-08-14 10:31:56
PH01954,93276859369,+91,Mobile,P03864,,SIM276739,BSNL,2026-04-13,,Active,SRC018,0.87,2025-03-28 06:03:45,2025-10-23 09:31:01
PH01955,92534929276,+91,VoIP,P00337,,SIM609718,Jio,2024-01-17,,Inactive,SRC014,0.89,2026-05-19 20:10:40,2025-07-28 06:25:47
PH01956,94962802016,+91,Mobile,P01598,,SIM452732,BSNL,2024-05-28,,Active,SRC019,0.85,2026-03-03 17:37:25,2025-02-11 09:04:12
PH01957,97793591587,+91,Landline,P02508,,SIM151306,Jio,2025-03-19,,Inactive,SRC020,0.88,2024-11-11 07:05:58,2025-11-13 16:25:49
PH01958,96863340355,+91,VoIP,P00547,,SIM746257,BSNL,2020-02-06,,Suspended,SRC013,0.92,2024-01-13 11:46:30,2025-06-05 03:35:50
PH01959,95044407941,+91,VoIP,P01662,,SIM170048,Jio,2019-06-20,,Active,SRC016,0.92,2024-04-03 02:12:59,2025-09-11 04:12:48
PH01960,94804481460,+91,Landline,P00631,,SIM514949,Vi,2019-08-09,,Inactive,SRC018,0.8,2026-02-02 16:57:20,2026-01-25 10:50:05
PH01961,96275402793,+91,Landline,P01739,,SIM211065,Vi,2019-09-13,,Suspended,SRC003,0.93,2025-01-07 01:58:59,2024-05-13 12:51:38
PH01962,98195011715,+91,Landline,P00327,,SIM553623,Airtel,2021-07-04,2025-11-27,Inactive,SRC001,0.82,2024-04-18 11:56:28,2024-07-15 22:56:30
PH01963,98700067227,+91,VoIP,P01473,,SIM389281,Jio,2019-01-31,,Inactive,SRC001,0.94,2026-08-30 05:09:07,2024-05-23 09:30:37
PH01964,95590974997,+91,Landline,P00255,,SIM108813,BSNL,2019-03-05,2024-12-25,Inactive,SRC018,0.97,2024-07-10 04:41:32,2024-10-16 13:11:11
PH01965,97723130508,+91,Landline,P03400,,SIM444805,Vi,2018-12-26,,Active,SRC013,0.93,2025-10-07 10:26:20,2024-03-07 02:03:15
PH01966,93990376408,+91,Landline,P01043,,SIM476793,BSNL,2023-08-03,,Suspended,SRC020,0.81,2024-02-06 20:15:30,2026-02-28 17:00:17
PH01967,98532934628,+91,Landline,P03994,,SIM766883,Jio,2024-03-01,,Suspended,SRC007,0.98,2024-09-02 18:25:10,2025-05-22 05:11:25
PH01968,93978187587,+91,Landline,P00312,,SIM841674,Jio,2020-05-30,,Suspended,SRC011,0.88,2024-01-13 17:14:04,2024-11-04 01:10:24
PH01969,97713054307,+91,Landline,P03270,,SIM845681,Vi,2022-05-02,,Suspended,SRC006,0.95,2026-04-30 19:17:55,2024-03-04 08:08:17
PH01970,95677324242,+91,Mobile,,O0429,SIM782884,BSNL,2019-04-14,,Active,SRC025,0.95,2026-07-26 08:12:32,2024-08-08 23:55:05
PH01971,97740932718,+91,Mobile,P01488,,SIM996339,Jio,2026-02-25,,Inactive,SRC024,0.85,2024-08-02 19:11:15,2025-06-23 19:28:42
PH01972,99138474475,+91,VoIP,P02376,,SIM294062,Jio,2019-07-19,,Inactive,SRC013,0.85,2025-07-18 19:15:09,2026-06-06 15:12:47
PH01973,91989906768,+91,Landline,P03960,,SIM825995,Airtel,2025-08-05,,Suspended,SRC012,0.95,2026-01-25 09:14:03,2025-06-06 10:24:40
PH01974,91629747539,+91,Landline,P02954,,SIM444944,Vi,2025-03-06,,Active,SRC014,0.98,2025-05-28 05:12:13,2024-06-26 01:36:30
PH01975,98223240433,+91,Landline,P01645,,SIM254410,Jio,2018-10-22,,Active,SRC002,0.89,2026-05-30 17:26:53,2025-06-06 03:23:50
PH01976,92157049201,+91,Mobile,P03238,,SIM567495,Jio,2026-08-10,,Active,SRC004,0.95,2025-02-11 16:32:18,2026-01-24 23:05:54
PH01977,96471699795,+91,VoIP,P03514,,SIM906626,Vi,2020-09-19,,Suspended,SRC013,0.83,2024-07-27 21:49:35,2024-10-28 17:31:23
PH01978,93817271787,+91,VoIP,P03441,,SIM214323,BSNL,2022-01-26,,Inactive,SRC002,0.83,2025-09-26 08:49:30,2026-04-23 18:06:09
PH01979,97652637720,+91,VoIP,P01677,,SIM802560,BSNL,2022-08-19,,Inactive,SRC027,0.85,2025-11-29 04:36:43,2025-12-24 10:21:52
PH01980,98915382059,+91,Landline,P03518,,SIM977923,BSNL,2026-01-09,2026-02-24,Active,SRC014,0.82,2024-10-26 11:23:17,2025-01-06 01:49:22
PH01981,95709860248,+91,VoIP,,O0192,SIM625842,BSNL,2025-10-14,,Inactive,SRC007,0.99,2025-06-15 14:03:19,2024-05-30 04:56:38
PH01982,94394712560,+91,VoIP,P02112,,SIM940266,Vi,2020-11-08,,Inactive,SRC003,0.98,2025-01-02 04:24:40,2025-06-14 14:58:41
PH01983,92379030025,+91,VoIP,P02247,,SIM479559,BSNL,2020-04-29,,Suspended,SRC014,0.91,2026-07-02 19:38:24,2026-03-02 08:41:09
PH01984,91733323644,+91,VoIP,P02758,,SIM883236,Vi,2025-09-09,,Suspended,SRC022,0.81,2025-09-03 22:52:11,2026-06-04 20:19:50
PH01985,97574106936,+91,Mobile,,O0132,SIM385875,Jio,2023-12-23,,Inactive,SRC003,0.89,2026-06-30 19:41:43,2025-07-11 07:36:07
PH01986,96760772280,+91,Landline,P03370,,SIM867681,Airtel,2020-07-17,2025-03-19,Inactive,SRC013,0.84,2025-10-24 15:52:30,2026-01-29 21:19:45
PH01987,91770576636,+91,VoIP,P01512,,SIM774967,Airtel,2022-06-03,,Suspended,SRC002,0.92,2026-08-12 01:40:57,2025-10-16 19:01:03
PH01988,95898715654,+91,Mobile,P03585,,SIM912272,BSNL,2023-05-21,2024-09-05,Active,SRC018,0.82,2024-11-27 01:30:18,2026-07-13 19:04:36
PH01989,98174768454,+91,VoIP,P02995,,SIM494248,BSNL,2020-08-22,,Inactive,SRC003,0.96,2024-07-01 10:10:09,2024-07-17 06:10:26
PH01990,91309907035,+91,VoIP,P00204,,SIM344588,Vi,2024-05-12,,Suspended,SRC006,0.81,2026-07-13 17:32:37,2026-07-23 13:56:43
PH01991,94655316740,+91,Mobile,P00957,,SIM633778,Airtel,2024-12-25,,Active,SRC024,0.9,2025-02-23 21:31:29,2025-10-23 09:30:19
PH01992,94874255516,+91,Landline,P01388,,SIM617250,Vi,2023-05-18,2025-03-29,Suspended,SRC028,0.88,2026-03-21 12:40:26,2025-06-18 20:19:42
PH01993,96559627175,+91,Landline,P02212,,SIM402362,Jio,2020-11-29,,Suspended,SRC027,0.96,2026-07-10 17:49:23,2026-05-25 05:44:33
PH01994,97909211969,+91,VoIP,P01919,,SIM698157,Jio,2023-07-21,,Suspended,SRC008,0.98,2024-04-12 10:28:30,2024-01-21 11:02:06
PH01995,91063225691,+91,Mobile,P02291,,SIM203795,Vi,2020-02-17,,Suspended,SRC024,0.93,2025-12-13 16:08:48,2024-08-10 00:36:30
PH01996,98201643257,+91,Landline,P00849,,SIM187042,Airtel,2024-03-01,,Active,SRC029,0.91,2025-07-28 20:01:33,2024-01-25 02:37:28
PH01997,96356252496,+91,Landline,,O0305,SIM720023,Vi,2021-05-28,,Active,SRC013,0.88,2025-12-27 19:37:57,2024-04-28 08:20:36
PH01998,95069113901,+91,Landline,P01063,,SIM833677,BSNL,2019-04-30,,Active,SRC011,0.98,2024-08-04 09:50:00,2024-06-24 07:57:08
PH01999,93448936772,+91,Landline,P03093,,SIM830172,Jio,2024-07-21,,Suspended,SRC016,0.83,2024-06-29 22:47:29,2024-09-23 00:11:05
PH02000,95826828054,+91,VoIP,P03049,,SIM645554,Airtel,2023-06-14,,Active,SRC022,0.98,2024-05-03 15:02:23,2026-07-15 07:01:58
PH02001,96451903106,+91,VoIP,P03813,,SIM571497,Vi,2026-02-25,,Inactive,SRC020,0.93,2025-12-29 16:48:03,2024-06-23 17:51:09
PH02002,93017835576,+91,Landline,P00577,,SIM151444,Vi,2023-10-08,2024-11-03,Suspended,SRC027,0.81,2025-05-20 07:58:58,2026-06-12 20:36:40
PH02003,93788811786,+91,VoIP,P02761,,SIM142696,Airtel,2026-01-29,,Active,SRC019,0.91,2026-08-07 20:24:36,2025-02-23 12:49:30
PH02004,95962482963,+91,VoIP,P00006,,SIM346622,Vi,2020-08-25,,Inactive,SRC030,0.91,2025-09-12 09:06:17,2025-02-03 17:44:37
PH02005,91422747751,+91,Landline,P03817,,SIM416447,BSNL,2025-05-31,,Inactive,SRC021,0.95,2025-01-30 19:33:57,2024-03-16 09:18:39
PH02006,96833133356,+91,Landline,P02102,,SIM998767,Vi,2019-07-21,,Active,SRC012,0.93,2026-04-01 16:49:03,2026-04-11 06:40:58
PH02007,94845767862,+91,Landline,P00971,,SIM409405,Airtel,2021-12-18,,Inactive,SRC005,0.85,2024-05-24 14:22:43,2024-03-04 07:43:49
PH02008,91682597460,+91,Mobile,P01474,,SIM338864,Vi,2026-03-21,,Inactive,SRC030,0.98,2025-04-23 09:52:16,2026-07-04 12:24:23
PH02009,97594193054,+91,Landline,P01011,,SIM354563,BSNL,2026-02-27,,Active,SRC027,0.92,2024-10-14 04:52:57,2025-09-08 18:10:29
PH02010,97719635872,+91,Landline,P01313,,SIM658162,Airtel,2021-01-29,,Suspended,SRC021,0.98,2025-04-01 11:51:14,2025-03-19 04:56:25
PH02011,96797259266,+91,VoIP,P00364,,SIM805101,Vi,2026-04-06,,Inactive,SRC016,0.88,2025-09-06 17:15:47,2026-07-23 21:22:12
PH02012,96511910558,+91,Mobile,,O0395,SIM992662,Jio,2024-05-12,,Inactive,SRC007,0.83,2025-07-07 23:42:28,2025-11-05 14:04:01
PH02013,99575663236,+91,VoIP,P03005,,SIM638734,Jio,2021-04-17,2024-12-17,Inactive,SRC006,0.98,2025-11-18 19:41:03,2025-06-22 01:05:55
PH02014,98926920798,+91,VoIP,P03277,,SIM426197,Vi,2020-06-17,,Inactive,SRC027,0.94,2026-07-16 03:10:21,2024-07-09 21:43:16
PH02015,99492409550,+91,Landline,P02285,,SIM659946,Vi,2024-05-09,,Suspended,SRC017,0.87,2025-03-02 17:08:05,2024-05-10 10:37:58
PH02016,92225818101,+91,Mobile,P01367,,SIM823270,Airtel,2025-01-29,,Active,SRC010,0.89,2025-10-18 23:41:23,2026-06-20 01:09:44
PH02017,93949355978,+91,VoIP,P03404,,SIM658304,Jio,2024-07-27,,Inactive,SRC028,0.87,2024-07-31 05:37:23,2025-03-16 05:38:03
PH02018,93418228311,+91,VoIP,P00556,,SIM425501,Airtel,2023-01-12,,Inactive,SRC006,0.95,2024-12-21 03:00:05,2026-07-03 07:44:03
PH02019,93955022314,+91,VoIP,,O0151,SIM209731,Airtel,2019-11-20,2026-05-14,Active,SRC019,0.86,2024-06-12 10:12:00,2024-08-11 08:04:22
PH02020,97015013489,+91,Mobile,,O0056,SIM563484,Vi,2019-10-18,2025-06-17,Suspended,SRC016,0.88,2024-10-29 03:15:26,2024-10-15 02:38:35
PH02021,91735030237,+91,Mobile,,O0435,SIM199496,Vi,2026-08-01,,Inactive,SRC005,0.85,2026-01-18 13:05:10,2025-09-19 17:02:35
PH02022,98227395959,+91,Landline,P00960,,SIM665630,Vi,2024-07-05,,Inactive,SRC009,0.8,2024-03-16 07:25:58,2024-08-31 03:09:15
PH02023,95365653015,+91,VoIP,P02681,,SIM232796,Jio,2019-09-26,,Active,SRC006,0.88,2024-08-29 22:05:42,2026-03-26 23:30:02
PH02024,97971754227,+91,VoIP,P02280,,SIM779044,Vi,2018-10-31,,Active,SRC002,0.85,2024-06-18 15:11:02,2024-03-29 07:22:43
PH02025,92080724321,+91,Landline,P03218,,SIM524662,BSNL,2021-06-13,,Active,SRC002,0.91,2024-05-12 18:05:08,2025-05-26 23:10:02
PH02026,97015501907,+91,Mobile,P02498,,SIM275859,Vi,2026-07-30,,Inactive,SRC013,0.95,2026-08-17 06:15:10,2026-04-29 01:33:56
PH02027,99907395012,+91,Mobile,P03296,,SIM228953,Jio,2023-07-29,,Suspended,SRC003,0.91,2025-08-13 21:10:33,2024-02-20 17:44:31
PH02028,94747349361,+91,Landline,P01092,,SIM746362,Vi,2025-10-05,,Active,SRC025,0.99,2026-02-21 06:43:13,2024-08-11 04:06:20
PH02029,97113227988,+91,Mobile,P00559,,SIM344555,Jio,2021-12-07,,Active,SRC008,0.96,2025-02-10 15:47:25,2025-04-29 01:07:23
PH02030,99484136933,+91,Mobile,P02140,,SIM656485,Jio,2018-11-28,,Active,SRC026,0.81,2025-06-05 12:05:18,2025-02-03 17:52:18
PH02031,93605442955,+91,Mobile,P01840,,SIM907282,Jio,2023-03-24,,Active,SRC024,0.9,2025-09-29 17:51:36,2024-06-21 10:28:23
PH02032,95780824861,+91,Mobile,P02590,,SIM636911,Vi,2021-10-03,,Inactive,SRC030,0.94,2025-12-21 19:14:37,2024-05-14 22:11:27
PH02033,93251744378,+91,Landline,P02181,,SIM838114,Airtel,2022-10-06,,Suspended,SRC004,0.81,2025-05-17 16:10:40,2024-03-29 21:31:07
PH02034,98190331736,+91,Landline,P00940,,SIM639139,Airtel,2021-04-15,2024-09-04,Active,SRC029,0.95,2026-07-19 10:12:19,2024-03-30 04:00:32
PH02035,91365044495,+91,VoIP,P03617,,SIM956291,Jio,2021-05-07,,Suspended,SRC010,0.81,2024-08-29 11:22:38,2024-07-07 04:07:46
PH02036,97071206513,+91,VoIP,P01540,,SIM124288,Airtel,2020-08-15,,Active,SRC004,0.99,2026-01-06 19:20:13,2026-08-27 23:33:56
PH02037,93593289884,+91,VoIP,P00038,,SIM783157,Jio,2024-10-22,,Inactive,SRC014,0.86,2024-03-24 18:09:33,2025-10-29 15:01:03
PH02038,96867706683,+91,Mobile,P00227,,SIM364301,Vi,2019-03-17,2025-12-22,Inactive,SRC007,0.9,2026-03-27 22:27:53,2025-10-05 05:54:23
PH02039,93928876305,+91,VoIP,P00359,,SIM138000,Vi,2021-07-13,,Suspended,SRC012,0.88,2024-06-30 19:57:32,2024-01-21 16:21:29
PH02040,94835976835,+91,Landline,P00387,,SIM745733,BSNL,2022-10-27,,Inactive,SRC011,0.96,2024-09-15 11:26:26,2024-12-21 03:23:56
PH02041,94572456203,+91,Landline,P02149,,SIM341021,Jio,2023-08-14,2025-03-28,Active,SRC007,0.95,2024-02-22 10:38:16,2025-03-04 21:36:12
PH02042,96526519507,+91,VoIP,,O0444,SIM978400,Airtel,2026-07-29,,Inactive,SRC022,0.96,2024-01-02 04:14:41,2025-01-08 04:53:13
PH02043,95742664339,+91,VoIP,P02736,,SIM598821,Vi,2025-02-05,2026-01-23,Inactive,SRC025,0.88,2024-06-19 01:28:43,2024-08-02 00:27:19
PH02044,97461748516,+91,VoIP,P01352,,SIM744640,Jio,2021-04-23,,Active,SRC028,0.92,2025-10-28 03:29:51,2024-01-01 01:14:00
PH02045,92181892321,+91,VoIP,P01600,,SIM232596,Jio,2024-07-26,,Suspended,SRC012,0.92,2026-03-30 01:38:29,2024-02-19 03:37:06
PH02046,93815222752,+91,Landline,P03250,,SIM382955,Vi,2025-01-24,,Suspended,SRC014,0.84,2024-03-15 23:57:27,2025-09-23 21:52:50
PH02047,97548004103,+91,VoIP,,O0498,SIM220178,BSNL,2021-09-02,,Suspended,SRC017,0.99,2026-08-03 03:28:05,2025-07-04 03:09:00
PH02048,99112896999,+91,Mobile,P00782,,SIM717113,BSNL,2026-02-05,2026-04-15,Active,SRC026,0.91,2024-11-17 12:44:51,2026-08-16 12:13:04
PH02049,95555668547,+91,VoIP,P03711,,SIM117455,Vi,2019-02-19,2025-05-18,Suspended,SRC004,0.86,2024-03-21 09:39:49,2024-09-16 17:59:39
PH02050,93922719539,+91,Mobile,P02655,,SIM292836,Vi,2023-08-08,,Inactive,SRC011,0.84,2025-03-25 12:22:09,2026-05-21 22:19:10
PH02051,99505429605,+91,VoIP,P02396,,SIM824659,Vi,2023-07-01,,Active,SRC017,0.91,2025-10-01 19:54:38,2024-12-20 15:36:33
PH02052,92103151254,+91,VoIP,P00250,,SIM904055,Jio,2026-08-22,2025-02-09,Active,SRC020,0.89,2025-05-09 20:28:00,2024-05-16 21:37:44
PH02053,95237963521,+91,VoIP,P02730,,SIM307182,BSNL,2026-08-01,2026-07-21,Inactive,SRC018,0.86,2024-10-07 07:47:46,2026-07-03 17:03:20
PH02054,98367392855,+91,Mobile,P00132,,SIM886208,Airtel,2020-03-13,,Inactive,SRC007,0.99,2025-05-31 15:59:03,2024-06-22 04:12:35
PH02055,99734107366,+91,VoIP,P01570,,SIM110813,Airtel,2024-05-01,,Active,SRC025,0.84,2026-02-24 11:53:11,2026-03-19 05:16:24
PH02056,96712199488,+91,Landline,P01649,,SIM485903,Vi,2020-03-19,,Inactive,SRC024,0.83,2026-05-31 05:59:48,2025-07-21 03:25:11
PH02057,92631025451,+91,Landline,P02689,,SIM889095,Vi,2021-03-27,,Active,SRC001,0.92,2025-02-28 17:05:13,2026-05-15 14:33:42
PH02058,95688678314,+91,VoIP,P02709,,SIM989983,Vi,2023-10-12,,Suspended,SRC010,0.81,2025-11-19 01:06:05,2024-04-01 11:56:56
PH02059,94894098883,+91,Mobile,P03996,,SIM554567,Airtel,2024-01-16,,Suspended,SRC007,0.82,2026-02-15 07:45:15,2024-09-07 10:40:11
PH02060,94196547796,+91,Mobile,P03824,,SIM790487,BSNL,2023-02-12,,Active,SRC020,0.89,2026-08-02 06:03:01,2024-02-14 12:39:47
PH02061,96097631947,+91,VoIP,P00210,,SIM785635,Jio,2025-08-31,,Inactive,SRC006,0.91,2024-02-10 15:54:59,2024-04-21 21:47:36
PH02062,99185746141,+91,Landline,P01709,,SIM742077,Vi,2025-05-30,,Suspended,SRC016,0.86,2024-08-13 10:14:34,2025-07-03 07:27:10
PH02063,96636995887,+91,Mobile,P00465,,SIM655037,BSNL,2021-07-27,,Inactive,SRC004,0.96,2024-04-22 09:46:49,2026-05-20 14:42:23
PH02064,96319238816,+91,Landline,P02102,,SIM712255,Airtel,2023-08-31,,Suspended,SRC028,0.82,2026-05-29 05:42:12,2024-03-25 10:24:59
PH02065,91653195208,+91,Mobile,P02282,,SIM393908,BSNL,2021-02-05,,Suspended,SRC029,0.85,2024-07-08 03:59:12,2024-06-12 20:17:42
PH02066,96207207820,+91,Mobile,P00752,,SIM788017,Vi,2023-05-20,,Inactive,SRC008,0.94,2026-06-12 03:56:05,2025-04-23 12:12:28
PH02067,97632121626,+91,Landline,P01890,,SIM646436,BSNL,2020-03-09,2024-10-07,Suspended,SRC013,0.92,2025-01-25 06:01:53,2026-03-03 00:21:25
PH02068,96702381921,+91,Landline,P02278,,SIM304409,Airtel,2026-06-13,,Active,SRC014,0.85,2024-07-06 16:44:21,2024-12-23 20:45:46
PH02069,95083767294,+91,Mobile,P01636,,SIM450607,Airtel,2023-12-20,,Active,SRC027,0.94,2024-05-22 09:55:00,2024-10-10 08:10:23
PH02070,94909509027,+91,VoIP,P00779,,SIM668594,Jio,2026-08-30,,Inactive,SRC012,0.81,2026-04-16 19:23:39,2025-08-28 11:16:37
PH02071,91957198161,+91,Landline,P02982,,SIM879605,BSNL,2026-03-13,,Inactive,SRC005,0.97,2025-07-16 19:08:13,2026-07-14 15:25:18
PH02072,99025533136,+91,VoIP,P02472,,SIM628050,Airtel,2019-02-07,,Suspended,SRC004,0.99,2025-07-08 22:15:18,2024-04-29 11:10:45
PH02073,94187679819,+91,Landline,P01681,,SIM393305,Jio,2024-08-15,,Inactive,SRC017,0.95,2025-01-28 06:47:46,2025-08-24 01:36:36
PH02074,99422967066,+91,VoIP,P01009,,SIM548981,Airtel,2025-09-28,,Active,SRC019,0.95,2024-12-03 03:49:28,2026-03-02 13:04:48
PH02075,94989962134,+91,VoIP,P00697,,SIM359276,Jio,2018-10-07,,Active,SRC017,0.9,2025-08-25 21:41:40,2025-01-25 12:49:30
PH02076,96331770302,+91,Mobile,P03314,,SIM648298,BSNL,2020-10-11,,Inactive,SRC007,0.9,2024-04-01 11:07:58,2025-03-16 13:47:27
PH02077,98563650213,+91,Landline,,O0147,SIM843516,Airtel,2020-07-15,,Suspended,SRC013,0.89,2026-07-21 04:33:05,2024-11-23 00:08:02
PH02078,96227449146,+91,Landline,P00181,,SIM637779,Jio,2022-08-19,,Active,SRC007,0.83,2025-01-07 10:28:31,2025-06-20 00:19:16
PH02079,97632437344,+91,Landline,P01424,,SIM730089,BSNL,2026-03-02,2024-09-25,Inactive,SRC006,0.83,2025-12-05 15:59:15,2024-02-17 02:22:18
PH02080,91232895764,+91,VoIP,P01243,,SIM331334,BSNL,2026-05-30,,Suspended,SRC029,0.82,2025-03-24 05:24:13,2024-12-13 02:51:03
PH02081,97477030144,+91,VoIP,,O0016,SIM664665,BSNL,2025-09-14,,Suspended,SRC030,0.96,2025-08-25 08:45:47,2024-01-25 08:01:25
PH02082,98242665382,+91,VoIP,,O0269,SIM555655,BSNL,2021-02-04,,Active,SRC009,0.98,2026-01-28 19:07:26,2025-09-12 05:31:20
PH02083,97810249179,+91,VoIP,P01768,,SIM832030,Jio,2020-06-27,,Suspended,SRC021,0.91,2025-01-08 11:10:31,2025-01-05 02:40:21
PH02084,99892558023,+91,Mobile,P00412,,SIM660088,Vi,2025-06-06,2026-05-16,Active,SRC012,0.92,2026-06-28 23:02:23,2024-05-30 03:47:00
PH02085,95608253077,+91,VoIP,P00080,,SIM448856,Airtel,2021-05-24,,Active,SRC021,0.89,2026-01-06 03:03:08,2025-05-27 17:04:20
PH02086,94945416421,+91,Landline,P00608,,SIM510720,Airtel,2019-01-14,,Suspended,SRC016,0.96,2026-01-06 17:29:56,2026-08-13 04:42:44
PH02087,93595151788,+91,Landline,,O0390,SIM978032,BSNL,2021-09-29,,Inactive,SRC010,0.97,2024-03-18 04:26:41,2025-04-28 09:14:20
PH02088,91558921089,+91,Mobile,P01820,,SIM275301,Airtel,2022-09-22,,Suspended,SRC028,0.93,2026-04-19 19:58:05,2025-07-09 06:54:56
PH02089,93284642823,+91,VoIP,P01829,,SIM435540,BSNL,2021-09-25,,Active,SRC011,0.89,2024-06-16 05:28:17,2026-05-05 01:53:01
PH02090,98036267620,+91,VoIP,P00209,,SIM513298,Jio,2018-10-31,,Suspended,SRC018,0.89,2026-04-26 07:56:42,2026-08-04 19:11:23
PH02091,99693286423,+91,Landline,P01395,,SIM237783,Jio,2022-01-24,,Suspended,SRC030,0.83,2026-02-05 19:50:23,2025-06-24 22:42:59
PH02092,96951002257,+91,VoIP,P03820,,SIM561561,BSNL,2019-10-04,,Inactive,SRC011,0.91,2025-01-20 10:55:50,2025-03-14 14:41:22
PH02093,93906456431,+91,Landline,P00970,,SIM225954,BSNL,2021-04-02,,Suspended,SRC020,0.96,2025-01-26 13:05:10,2025-07-10 09:41:53
PH02094,99964772360,+91,VoIP,P01511,,SIM604983,Jio,2022-05-20,,Active,SRC013,0.94,2026-08-21 17:51:49,2026-04-20 06:34:37
PH02095,93562490140,+91,Mobile,P00914,,SIM448625,Vi,2025-11-29,,Suspended,SRC002,0.82,2024-07-13 04:51:13,2025-03-03 14:50:10
PH02096,97669645993,+91,Landline,,O0125,SIM289232,Airtel,2019-01-06,2024-12-19,Inactive,SRC025,0.91,2024-04-24 14:46:48,2025-09-23 00:11:08
PH02097,92405163805,+91,Landline,P00883,,SIM837560,Jio,2020-03-06,,Suspended,SRC017,0.97,2025-10-06 17:44:47,2025-09-23 08:31:49
PH02098,93235647345,+91,Landline,P00101,,SIM420204,Vi,2020-04-11,,Active,SRC004,0.92,2025-04-01 19:23:59,2024-02-24 00:30:03
PH02099,96292885846,+91,VoIP,,O0217,SIM760436,BSNL,2022-06-10,,Suspended,SRC025,0.94,2024-11-07 14:48:26,2025-02-16 10:54:16
PH02100,99715044767,+91,VoIP,P01300,,SIM757989,Vi,2019-11-10,,Suspended,SRC022,0.99,2026-04-20 05:09:21,2024-06-21 11:25:43
PH02101,93506533249,+91,Landline,P00745,,SIM296975,Jio,2022-06-23,,Inactive,SRC021,0.81,2026-08-01 22:01:40,2024-06-15 16:09:17
PH02102,99477996014,+91,Landline,P02139,,SIM436219,Vi,2022-03-23,,Inactive,SRC011,0.95,2025-04-07 03:33:58,2025-03-08 17:20:27
PH02103,94253978160,+91,Landline,P01034,,SIM385434,Vi,2024-09-21,,Inactive,SRC028,0.81,2026-02-04 04:49:04,2025-05-26 01:16:34
PH02104,96083889591,+91,VoIP,P00871,,SIM900591,BSNL,2022-06-04,,Suspended,SRC026,0.88,2025-02-25 14:54:19,2026-01-26 18:28:06
PH02105,91695835811,+91,Mobile,P00281,,SIM538106,Airtel,2023-06-30,,Inactive,SRC008,0.91,2025-12-24 18:48:49,2024-08-14 02:35:42
PH02106,92114037639,+91,Mobile,P02273,,SIM993980,BSNL,2019-02-05,,Suspended,SRC008,0.86,2026-02-26 17:57:14,2026-07-25 07:21:35
PH02107,95325761771,+91,Mobile,P00869,,SIM209565,Jio,2025-05-22,2026-02-14,Inactive,SRC024,0.93,2025-04-20 16:31:01,2025-11-14 02:41:52
PH02108,96971645519,+91,Landline,P02452,,SIM803328,Airtel,2021-03-28,,Active,SRC022,0.84,2024-12-26 19:25:18,2025-05-25 13:39:08
PH02109,95333949316,+91,Mobile,P03264,,SIM367096,BSNL,2021-10-22,,Suspended,SRC009,0.87,2025-12-23 01:04:25,2025-01-10 17:25:29
PH02110,92625618632,+91,Landline,P03794,,SIM208001,Airtel,2019-07-31,,Suspended,SRC010,0.81,2025-03-10 11:37:37,2024-06-14 15:05:20
PH02111,96080091158,+91,Landline,P02991,,SIM357172,BSNL,2024-04-06,,Active,SRC029,0.91,2024-03-12 07:14:24,2025-06-13 03:01:20
PH02112,91218204020,+91,Landline,P01505,,SIM479835,Airtel,2019-03-29,,Inactive,SRC012,0.95,2025-05-02 08:16:06,2026-07-10 17:05:38
PH02113,93831156260,+91,Mobile,P01074,,SIM638134,BSNL,2022-02-27,,Inactive,SRC002,0.82,2024-05-05 03:42:33,2026-07-12 12:49:22
PH02114,96599377799,+91,Mobile,P02615,,SIM805383,BSNL,2026-06-03,,Suspended,SRC004,0.94,2024-11-27 10:28:02,2025-11-24 11:33:08
PH02115,97938738154,+91,Landline,P02036,,SIM816073,Vi,2025-07-09,2025-09-04,Inactive,SRC021,0.83,2025-05-17 04:15:11,2026-08-13 05:37:02
PH02116,95523563512,+91,VoIP,P03196,,SIM627425,Vi,2025-10-17,,Active,SRC004,0.96,2025-12-26 21:05:05,2025-12-17 19:21:50
PH02117,97050414449,+91,Mobile,,O0450,SIM961757,Jio,2024-02-12,,Suspended,SRC017,0.96,2026-02-19 15:17:48,2026-04-06 02:50:25
PH02118,96469372980,+91,Landline,P02584,,SIM588656,Vi,2021-07-16,,Active,SRC021,0.91,2025-12-30 13:24:24,2025-08-31 07:52:55
PH02119,94982884957,+91,Mobile,P02738,,SIM219226,Jio,2019-07-16,,Suspended,SRC011,0.96,2024-06-16 10:51:40,2024-03-19 05:52:00
PH02120,93521576547,+91,VoIP,P02218,,SIM992233,Jio,2025-07-31,,Active,SRC001,0.88,2024-01-07 21:02:12,2024-11-22 01:42:12
PH02121,99126391924,+91,VoIP,P00165,,SIM974264,Jio,2026-07-09,,Inactive,SRC010,0.86,2026-07-20 14:55:41,2024-03-07 17:00:50
PH02122,94633881724,+91,Landline,P01921,,SIM275450,Airtel,2025-03-31,,Suspended,SRC007,0.94,2026-05-15 23:24:02,2026-03-15 02:29:18
PH02123,97690897299,+91,VoIP,P00943,,SIM209323,BSNL,2024-06-28,,Active,SRC005,0.89,2025-12-23 17:02:59,2024-12-27 12:12:30
PH02124,95672889833,+91,VoIP,P00632,,SIM798058,Airtel,2026-06-11,,Inactive,SRC003,0.96,2024-11-03 06:13:38,2026-07-24 19:46:53
PH02125,93823740030,+91,VoIP,P02848,,SIM796640,Airtel,2024-11-10,,Suspended,SRC011,0.82,2026-01-31 16:29:35,2024-03-19 13:17:24
PH02126,99794742770,+91,Mobile,P02944,,SIM335815,Airtel,2022-02-11,,Inactive,SRC014,0.83,2024-11-13 02:15:06,2024-02-21 15:48:09
PH02127,95903978107,+91,Mobile,P01030,,SIM952698,Jio,2020-09-04,,Active,SRC027,0.89,2026-02-18 15:48:06,2024-06-19 10:44:05
PH02128,93650430291,+91,Landline,P01484,,SIM824597,Vi,2019-10-15,2024-09-13,Active,SRC018,0.84,2024-10-25 06:26:41,2025-03-25 09:13:57
PH02129,96207439846,+91,Landline,P03537,,SIM142048,BSNL,2020-11-22,,Suspended,SRC024,0.9,2025-10-02 03:04:14,2025-09-07 13:18:50
PH02130,92751031873,+91,Landline,P03119,,SIM243384,Vi,2025-02-27,2026-06-09,Inactive,SRC001,0.91,2026-07-02 10:10:40,2025-01-20 08:14:14
PH02131,98572623100,+91,VoIP,P03395,,SIM214095,Jio,2022-03-03,,Inactive,SRC011,0.94,2026-07-30 05:12:57,2025-01-04 21:28:56
PH02132,99264947513,+91,VoIP,P02196,,SIM604964,BSNL,2022-08-23,,Active,SRC014,0.85,2025-03-04 19:25:14,2025-06-15 15:09:49
PH02133,99258217361,+91,VoIP,P03917,,SIM302498,BSNL,2020-09-23,2026-06-29,Inactive,SRC007,0.92,2026-05-20 20:17:24,2024-09-21 15:54:45
PH02134,92718258479,+91,Mobile,,O0242,SIM568096,Airtel,2020-05-02,,Inactive,SRC005,0.89,2026-01-04 09:51:27,2025-11-07 05:24:32
PH02135,91930271234,+91,VoIP,P03436,,SIM286555,Jio,2020-12-18,2026-04-09,Active,SRC003,0.95,2025-03-20 00:33:57,2024-05-14 00:40:07
PH02136,94243761151,+91,Landline,P01554,,SIM696323,Airtel,2020-07-28,,Inactive,SRC010,0.98,2024-11-28 01:21:16,2024-09-06 11:01:50
PH02137,91592018983,+91,Mobile,,O0449,SIM241913,Vi,2025-10-17,,Inactive,SRC029,0.95,2026-07-22 22:53:46,2026-01-01 22:48:17
PH02138,93820933852,+91,VoIP,P02535,,SIM746317,Airtel,2020-07-07,,Suspended,SRC004,0.91,2025-07-22 14:12:09,2026-04-03 07:21:55
PH02139,92688466441,+91,Mobile,P02330,,SIM103506,Airtel,2019-09-25,,Active,SRC011,0.94,2025-06-16 15:55:33,2025-07-05 12:52:06
PH02140,98800890355,+91,VoIP,P01060,,SIM553556,BSNL,2021-06-26,,Inactive,SRC018,0.93,2025-02-07 00:44:00,2025-04-09 11:30:37
PH02141,97021176180,+91,Landline,P01853,,SIM883934,BSNL,2026-03-09,,Inactive,SRC025,0.9,2024-08-25 23:10:42,2026-05-25 10:49:30
PH02142,93409035678,+91,VoIP,P01255,,SIM120383,Jio,2023-01-19,,Inactive,SRC011,0.81,2025-08-16 18:21:27,2024-05-10 01:21:57
PH02143,91864447411,+91,VoIP,P01203,,SIM856610,Vi,2022-10-05,,Suspended,SRC006,0.88,2026-02-18 14:19:34,2025-04-25 08:17:04
PH02144,99794191701,+91,Landline,,O0145,SIM836854,Vi,2020-08-30,2026-04-12,Inactive,SRC003,0.86,2024-02-01 13:49:27,2026-06-01 14:26:10
PH02145,92954086138,+91,VoIP,P01502,,SIM818931,Airtel,2025-02-10,,Inactive,SRC002,0.94,2024-07-03 04:56:30,2025-08-18 09:23:51
PH02146,92801487506,+91,Landline,P03443,,SIM246178,BSNL,2024-01-19,,Inactive,SRC019,0.89,2025-06-15 09:06:11,2025-09-30 17:32:41
PH02147,95009786951,+91,VoIP,P03273,,SIM621154,BSNL,2026-03-25,,Suspended,SRC025,0.84,2026-06-10 03:15:14,2024-09-04 15:21:37
PH02148,95964592487,+91,Landline,P00380,,SIM966396,Vi,2022-07-12,2025-05-30,Inactive,SRC002,0.86,2024-04-15 13:38:47,2024-09-12 00:27:19
PH02149,95493807176,+91,Landline,P02832,,SIM166194,Vi,2023-07-25,,Active,SRC026,0.8,2026-05-08 11:44:33,2024-02-06 10:27:30
PH02150,95412200211,+91,Mobile,P02767,,SIM496014,Airtel,2019-12-11,,Suspended,SRC026,0.87,2025-08-12 14:58:36,2024-05-21 07:40:23
PH02151,95481863525,+91,VoIP,P02996,,SIM321642,BSNL,2023-03-05,,Inactive,SRC022,0.88,2024-08-23 05:23:45,2025-02-22 11:24:32
PH02152,94814897974,+91,Mobile,P03771,,SIM925389,Jio,2025-12-08,,Inactive,SRC018,0.97,2026-03-20 04:09:47,2024-10-12 13:27:15
PH02153,97344637237,+91,Landline,P03845,,SIM352094,BSNL,2025-01-06,,Inactive,SRC012,0.83,2026-03-21 03:50:42,2024-12-28 14:30:54
PH02154,92552452680,+91,Landline,P02849,,SIM927531,Jio,2024-07-07,,Inactive,SRC022,0.96,2024-07-02 21:24:53,2024-08-07 06:18:34
PH02155,97640016848,+91,Mobile,P03021,,SIM354280,Airtel,2024-02-04,,Active,SRC026,0.9,2026-04-07 03:20:00,2025-10-05 00:15:20
PH02156,91114084873,+91,Landline,P00618,,SIM514513,BSNL,2022-05-09,,Suspended,SRC005,0.92,2024-06-17 10:38:42,2025-01-07 00:44:38
PH02157,95463227397,+91,Mobile,P00848,,SIM392091,Vi,2019-10-06,,Suspended,SRC003,0.89,2026-04-15 08:14:34,2025-04-26 17:24:07
PH02158,94410174268,+91,Mobile,P03022,,SIM686859,BSNL,2019-01-21,,Suspended,SRC029,0.89,2024-10-19 01:26:59,2025-11-13 21:17:28
PH02159,94364750429,+91,Landline,P02016,,SIM201469,Vi,2023-06-20,,Active,SRC020,0.91,2025-08-11 20:51:27,2025-08-11 12:35:07
PH02160,95621273061,+91,VoIP,,O0076,SIM974814,BSNL,2019-08-31,,Suspended,SRC018,0.83,2024-03-29 07:58:41,2025-10-21 00:32:51
PH02161,91909848204,+91,VoIP,P01981,,SIM606452,Airtel,2024-12-07,,Suspended,SRC027,0.85,2024-12-12 14:02:55,2024-04-28 06:28:24
PH02162,99530841206,+91,Mobile,P00130,,SIM395869,Vi,2020-03-14,,Inactive,SRC016,0.86,2024-08-20 05:18:35,2026-08-06 13:47:45
PH02163,93552232116,+91,VoIP,P03826,,SIM159125,BSNL,2023-05-02,,Suspended,SRC008,0.88,2025-04-18 13:21:50,2024-08-08 05:47:16
PH02164,95964245699,+91,Mobile,P02315,,SIM847445,Vi,2019-05-23,,Suspended,SRC003,0.87,2024-02-14 11:11:01,2024-08-05 03:51:58
PH02165,95537474000,+91,Mobile,P01426,,SIM412346,Vi,2022-10-02,,Inactive,SRC014,0.94,2026-03-19 21:53:46,2026-08-02 20:42:41
PH02166,93719369488,+91,Landline,P00454,,SIM945437,BSNL,2024-08-19,,Active,SRC008,0.81,2024-05-19 22:10:00,2024-02-28 10:13:29
PH02167,95192255556,+91,VoIP,P02092,,SIM986186,Jio,2018-09-25,,Active,SRC002,0.82,2025-07-20 13:35:24,2025-12-16 22:21:01
PH02168,98390958829,+91,Landline,P03692,,SIM452683,Airtel,2022-12-15,,Active,SRC011,0.86,2025-06-15 13:21:29,2025-04-06 08:17:35
PH02169,91922817379,+91,Mobile,P00485,,SIM200497,BSNL,2021-06-06,,Suspended,SRC025,0.87,2026-04-27 08:19:25,2026-05-31 22:08:02
PH02170,94559389756,+91,VoIP,P01431,,SIM673883,Vi,2018-11-25,,Suspended,SRC003,0.83,2025-12-11 09:02:00,2024-07-12 20:05:19
PH02171,97647232074,+91,Landline,P03040,,SIM687530,Jio,2023-10-27,,Active,SRC011,0.97,2026-07-10 10:32:19,2026-01-04 15:57:41
PH02172,96204880408,+91,Landline,P01096,,SIM119223,Jio,2022-05-08,,Suspended,SRC019,0.83,2024-10-31 21:08:19,2024-04-09 10:35:38
PH02173,98782819689,+91,Landline,P01241,,SIM312793,Vi,2025-07-26,,Active,SRC003,0.95,2026-05-27 16:04:20,2025-02-17 15:36:12
PH02174,95821461172,+91,VoIP,P00214,,SIM841568,Airtel,2023-12-09,,Inactive,SRC002,0.87,2026-08-12 11:58:42,2025-04-01 15:06:27
PH02175,97964232457,+91,Landline,P03700,,SIM300750,Airtel,2024-12-05,,Suspended,SRC011,0.88,2026-05-25 15:25:22,2025-06-15 14:50:04
PH02176,96606317169,+91,Mobile,P03437,,SIM227464,Airtel,2022-02-17,,Suspended,SRC027,0.97,2024-02-16 16:29:40,2025-03-03 16:48:59
PH02177,92468532589,+91,VoIP,P01067,,SIM508738,Airtel,2022-01-21,,Suspended,SRC009,0.89,2025-02-11 22:58:18,2025-09-07 21:56:40
PH02178,98497265033,+91,Mobile,P01748,,SIM596664,Airtel,2020-09-17,,Inactive,SRC020,0.8,2025-03-22 17:58:44,2024-11-08 09:39:36
PH02179,94064767978,+91,VoIP,P00841,,SIM764544,Jio,2026-02-11,,Suspended,SRC016,0.93,2026-06-11 05:15:30,2024-09-02 16:39:07
PH02180,98458897367,+91,Landline,P02298,,SIM687294,Jio,2023-09-29,,Inactive,SRC010,0.88,2024-01-23 19:19:46,2025-06-01 00:59:10
PH02181,94919215192,+91,Mobile,P01409,,SIM644855,BSNL,2019-12-22,2025-03-09,Active,SRC023,0.85,2025-02-04 23:22:42,2025-08-06 19:01:00
PH02182,97681600102,+91,Mobile,P03197,,SIM169943,Jio,2019-06-11,2025-05-10,Inactive,SRC013,0.93,2024-12-01 19:39:55,2024-08-04 10:29:50
PH02183,95678557206,+91,Landline,P02156,,SIM641865,BSNL,2023-02-08,2026-07-15,Suspended,SRC007,0.99,2024-10-13 03:07:07,2024-10-30 07:16:09
PH02184,96704822753,+91,Landline,,O0237,SIM141869,Airtel,2019-07-25,,Suspended,SRC009,0.8,2026-07-13 23:02:49,2025-06-29 23:42:17
PH02185,97954234532,+91,Landline,P00521,,SIM396055,Vi,2024-07-02,2024-11-05,Inactive,SRC019,0.96,2025-09-24 18:05:16,2026-07-03 21:06:01
PH02186,93068101316,+91,VoIP,P02451,,SIM275894,BSNL,2020-10-19,,Suspended,SRC004,0.83,2024-03-25 19:26:30,2025-06-26 20:17:54
PH02187,97613042833,+91,VoIP,P02924,,SIM660265,Vi,2020-11-15,,Active,SRC020,0.92,2025-10-21 04:54:05,2026-02-19 01:51:10
PH02188,94355829651,+91,VoIP,P03907,,SIM487816,BSNL,2025-03-29,,Suspended,SRC013,0.96,2025-04-03 07:22:54,2024-08-23 16:00:41
PH02189,97873589593,+91,VoIP,P00074,,SIM777503,Airtel,2020-01-22,,Inactive,SRC029,0.84,2025-05-28 18:07:01,2025-03-12 14:50:39
PH02190,91152226460,+91,Mobile,P00023,,SIM824104,Jio,2021-03-29,,Inactive,SRC009,0.97,2026-07-05 14:38:22,2024-01-28 02:40:27
PH02191,94216373017,+91,Mobile,P02672,,SIM957559,Jio,2024-12-12,,Active,SRC005,0.9,2024-02-19 12:18:13,2025-03-06 01:33:26
PH02192,98569423089,+91,VoIP,P02568,,SIM864419,Vi,2023-07-28,,Inactive,SRC013,0.98,2025-06-15 22:00:33,2026-08-09 09:46:57
PH02193,96955940842,+91,Mobile,P00727,,SIM622623,BSNL,2021-01-10,,Suspended,SRC013,0.84,2024-04-30 14:52:22,2025-10-09 20:56:33
PH02194,94725504401,+91,Landline,P01640,,SIM451481,Vi,2023-09-03,,Inactive,SRC026,0.89,2024-12-22 06:24:46,2024-01-31 21:33:40
PH02195,98009125792,+91,VoIP,P00144,,SIM156531,Vi,2022-03-18,,Inactive,SRC004,0.98,2024-10-26 22:14:43,2024-02-20 16:08:39
PH02196,91037677583,+91,Mobile,P02142,,SIM614591,BSNL,2024-02-19,,Inactive,SRC017,0.9,2024-02-16 03:21:26,2025-02-13 19:46:28
PH02197,99763258396,+91,Mobile,P01131,,SIM877600,Airtel,2022-08-11,,Active,SRC007,0.99,2025-10-24 19:07:56,2025-03-29 19:29:35
PH02198,92391224489,+91,Mobile,P02919,,SIM255164,Jio,2021-09-29,,Suspended,SRC003,0.84,2024-12-19 00:03:01,2024-01-21 07:55:00
PH02199,93555390259,+91,VoIP,P03375,,SIM182305,Jio,2026-07-24,2025-03-04,Suspended,SRC030,0.95,2024-10-26 15:28:58,2024-09-08 02:46:00
PH02200,98403084044,+91,Mobile,P00381,,SIM998107,Airtel,2021-07-22,,Suspended,SRC009,0.87,2025-03-16 06:04:23,2024-03-28 15:16:01
PH02201,92568850128,+91,Landline,P02585,,SIM676483,Jio,2020-04-03,,Active,SRC029,0.88,2024-05-08 02:34:17,2026-07-08 11:04:57
PH02202,96659388339,+91,Mobile,,O0044,SIM348931,Airtel,2025-05-03,,Suspended,SRC014,0.92,2025-08-16 05:54:19,2024-03-18 23:46:12
PH02203,98297724269,+91,VoIP,P00173,,SIM825908,Jio,2019-12-06,,Suspended,SRC003,0.89,2025-06-07 09:54:41,2025-12-17 01:41:15
PH02204,91074442217,+91,Landline,P02662,,SIM734486,Jio,2024-08-29,2026-05-16,Suspended,SRC015,0.89,2024-12-29 03:04:31,2025-09-07 14:02:30
PH02205,98511367163,+91,Mobile,P01222,,SIM760180,Vi,2021-04-24,2025-09-01,Suspended,SRC024,0.9,2025-05-09 20:52:50,2024-10-27 05:18:32
PH02206,99280417242,+91,VoIP,P00355,,SIM865333,Airtel,2022-05-04,,Suspended,SRC004,0.85,2024-01-31 05:21:47,2026-07-11 07:30:47
PH02207,98338305497,+91,VoIP,P01447,,SIM817586,Airtel,2023-02-05,,Inactive,SRC009,0.88,2024-03-29 14:53:12,2025-09-28 13:59:12
PH02208,99172760276,+91,VoIP,,O0080,SIM964779,Vi,2022-06-15,,Inactive,SRC006,0.98,2024-05-03 08:27:21,2024-06-22 22:13:47
PH02209,93429575923,+91,Landline,P00764,,SIM260662,Vi,2023-12-15,,Suspended,SRC027,0.86,2025-09-15 02:37:21,2026-02-08 17:56:43
PH02210,93450183094,+91,Mobile,P02457,,SIM856451,BSNL,2019-05-17,2025-09-07,Active,SRC016,0.89,2025-10-07 05:00:33,2025-09-23 12:25:41
PH02211,99485900216,+91,Landline,P01027,,SIM332248,Airtel,2026-06-02,,Inactive,SRC017,0.91,2024-06-29 07:38:51,2025-04-09 11:24:26
PH02212,98683380079,+91,Landline,P03026,,SIM935100,Airtel,2019-03-08,,Active,SRC014,0.92,2025-04-10 07:41:51,2025-07-25 16:31:59
PH02213,98374293795,+91,Mobile,P01997,,SIM465430,BSNL,2021-08-01,2026-02-28,Inactive,SRC026,0.91,2024-04-09 03:37:31,2025-01-05 07:30:24
PH02214,97311919490,+91,Landline,P02315,,SIM120492,Jio,2020-02-03,,Inactive,SRC019,0.88,2025-05-06 03:29:31,2025-10-06 00:49:24
PH02215,98689613535,+91,Landline,P00102,,SIM389306,Airtel,2019-03-30,,Suspended,SRC015,0.8,2026-03-07 06:47:19,2024-03-17 20:03:24
PH02216,92248345909,+91,Landline,P02655,,SIM483271,Jio,2022-04-04,,Inactive,SRC025,0.98,2025-10-15 00:49:55,2026-01-25 15:41:59
PH02217,99350553365,+91,Landline,,O0250,SIM997331,BSNL,2024-12-22,,Active,SRC008,0.96,2026-04-20 12:49:33,2024-04-12 01:20:40
PH02218,97237002039,+91,Landline,P02640,,SIM266837,BSNL,2024-08-10,,Suspended,SRC003,0.82,2024-05-06 13:25:46,2025-06-05 08:59:17
PH02219,91705630432,+91,Landline,P01767,,SIM909336,Airtel,2024-02-20,,Inactive,SRC017,0.88,2024-01-19 13:55:10,2024-02-12 21:24:13
PH02220,91261194877,+91,VoIP,P01853,,SIM756352,Airtel,2023-09-24,,Suspended,SRC004,0.93,2025-02-01 21:33:21,2024-10-14 04:25:49
PH02221,97901562758,+91,VoIP,P01607,,SIM153226,Airtel,2020-04-25,,Suspended,SRC025,0.83,2024-04-27 03:27:10,2025-02-24 21:20:43
PH02222,97019558023,+91,VoIP,P01253,,SIM181592,BSNL,2026-08-01,,Suspended,SRC026,0.8,2024-12-05 07:51:16,2024-02-18 07:58:53
PH02223,99994563599,+91,Landline,P00227,,SIM538278,Jio,2025-08-21,,Suspended,SRC020,0.87,2026-08-05 01:25:37,2025-12-30 14:20:29
PH02224,92274450909,+91,Mobile,P01095,,SIM758960,Jio,2022-04-24,,Suspended,SRC016,0.94,2025-12-09 20:38:01,2025-04-29 11:54:01
PH02225,94870086163,+91,Mobile,P03614,,SIM487558,Jio,2024-01-08,,Inactive,SRC025,0.9,2026-03-09 11:32:08,2024-10-15 21:43:08
PH02226,99037170917,+91,VoIP,P03012,,SIM826585,Jio,2025-08-28,,Suspended,SRC029,0.87,2026-07-10 05:02:40,2026-04-23 08:41:20
PH02227,94147908926,+91,Landline,P03881,,SIM980700,Airtel,2022-04-27,,Active,SRC009,0.84,2026-01-15 06:46:48,2025-03-05 18:23:17
PH02228,95933235708,+91,VoIP,P02596,,SIM389712,Airtel,2023-10-26,,Inactive,SRC004,0.98,2026-05-29 05:55:49,2024-07-22 15:52:58
PH02229,92276407232,+91,Mobile,P02238,,SIM917765,Airtel,2023-12-29,,Suspended,SRC016,0.86,2024-10-28 07:51:52,2025-09-29 06:42:32
PH02230,99701785574,+91,Landline,,O0203,SIM530863,Vi,2024-07-18,,Suspended,SRC029,0.84,2024-05-27 04:59:32,2025-03-10 05:18:35
PH02231,94311616057,+91,VoIP,P00914,,SIM529959,Airtel,2025-12-14,,Inactive,SRC002,0.95,2026-07-30 05:18:12,2024-09-11 07:24:30
PH02232,99942910434,+91,Landline,P03741,,SIM280913,Airtel,2026-07-22,,Active,SRC006,0.81,2025-11-10 21:19:58,2026-01-13 21:04:59
PH02233,94040281885,+91,VoIP,P00957,,SIM106034,BSNL,2020-06-05,2026-06-21,Active,SRC002,0.98,2026-07-09 17:32:26,2024-08-10 20:20:20
PH02234,99182637019,+91,VoIP,P01104,,SIM246239,BSNL,2021-06-19,,Inactive,SRC024,0.87,2026-04-11 05:54:14,2024-06-27 16:01:39
PH02235,98018479527,+91,Landline,P03498,,SIM804538,Vi,2022-07-12,,Inactive,SRC016,0.94,2025-07-10 06:48:35,2026-06-17 13:45:05
PH02236,93218870581,+91,Landline,P02536,,SIM858953,Jio,2020-09-24,,Active,SRC015,0.88,2026-06-20 23:57:28,2024-11-22 02:46:49
PH02237,97145715373,+91,Mobile,P03410,,SIM549341,Airtel,2021-02-10,,Active,SRC025,0.89,2025-02-23 23:08:12,2025-10-15 05:50:36
PH02238,96503769648,+91,Mobile,P01306,,SIM974489,Vi,2024-03-17,,Inactive,SRC030,0.88,2024-12-20 09:44:18,2025-02-22 16:40:34
PH02239,92759622840,+91,Landline,P03199,,SIM635339,Vi,2025-08-15,,Active,SRC018,0.87,2024-07-21 12:47:19,2025-02-26 11:37:51
PH02240,97780989118,+91,VoIP,P03924,,SIM582072,Airtel,2021-07-09,2024-12-23,Suspended,SRC027,0.98,2024-07-28 08:38:13,2024-12-15 19:06:43
PH02241,96654758121,+91,Mobile,P01215,,SIM641364,Jio,2020-01-24,,Active,SRC010,0.92,2024-01-15 21:04:00,2025-08-30 10:37:37
PH02242,98400953468,+91,Landline,P00379,,SIM486619,Vi,2021-10-28,,Suspended,SRC007,0.97,2025-04-03 06:29:47,2024-08-20 01:06:20
PH02243,94983299652,+91,VoIP,P00439,,SIM309169,Airtel,2025-04-21,,Inactive,SRC007,0.89,2026-02-21 17:43:01,2024-07-06 13:07:20
PH02244,99507723825,+91,VoIP,,O0117,SIM696025,Jio,2022-11-07,2026-03-30,Suspended,SRC030,0.88,2024-03-22 23:31:47,2024-03-09 17:54:03
PH02245,95703472823,+91,Mobile,P00834,,SIM207951,Jio,2021-08-18,2026-08-04,Active,SRC030,0.86,2024-04-01 04:18:18,2024-11-30 10:04:57
PH02246,95339362300,+91,Landline,,O0453,SIM383971,Vi,2021-01-30,,Inactive,SRC029,0.82,2024-09-14 01:37:19,2026-05-14 09:59:34
PH02247,94157003870,+91,Mobile,P00299,,SIM434886,BSNL,2022-04-25,2026-01-20,Inactive,SRC030,0.98,2024-08-23 08:20:47,2024-07-12 21:03:05
PH02248,96810981173,+91,Mobile,P02352,,SIM229911,Airtel,2022-08-19,,Suspended,SRC012,0.85,2024-07-06 20:02:55,2024-11-11 10:08:23
PH02249,98677116570,+91,Mobile,P00888,,SIM324527,Vi,2019-12-13,,Inactive,SRC016,0.89,2024-11-10 06:27:26,2024-08-20 03:12:05
PH02250,99048727609,+91,Mobile,P01981,,SIM276391,BSNL,2023-02-09,,Inactive,SRC012,0.82,2024-03-09 08:44:15,2024-11-19 22:50:52
PH02251,93558267027,+91,Landline,P02837,,SIM864608,Jio,2023-12-03,,Suspended,SRC014,0.91,2024-11-03 18:39:29,2025-10-01 19:05:52
PH02252,99954468332,+91,Mobile,P01115,,SIM937087,Airtel,2023-02-09,,Active,SRC002,0.88,2026-08-17 17:03:49,2024-06-24 01:05:31
PH02253,91169217488,+91,Mobile,P00357,,SIM834992,BSNL,2023-11-20,,Active,SRC022,0.95,2024-07-06 11:52:53,2026-05-31 09:05:58
PH02254,96348085597,+91,Landline,P02176,,SIM580719,Airtel,2026-05-31,,Active,SRC003,0.94,2024-05-05 01:34:27,2024-02-19 06:15:23
PH02255,91992864039,+91,VoIP,P00012,,SIM656952,Vi,2022-05-05,,Active,SRC016,0.81,2025-01-20 07:58:20,2026-06-19 12:53:07
PH02256,96490647066,+91,Landline,P03436,,SIM469722,Jio,2019-01-20,,Active,SRC008,0.99,2024-02-23 15:05:24,2025-03-21 16:24:06
PH02257,95867212299,+91,Landline,,O0066,SIM985608,Vi,2019-06-21,,Suspended,SRC001,0.82,2026-02-05 14:05:09,2024-04-24 01:03:04
PH02258,94101862681,+91,VoIP,P02949,,SIM822652,Vi,2024-01-12,,Suspended,SRC010,0.91,2026-06-26 01:07:29,2024-01-27 23:34:55
PH02259,96694517760,+91,VoIP,P01151,,SIM909465,Vi,2023-07-18,,Inactive,SRC021,0.84,2024-10-23 07:57:51,2024-07-31 01:28:43
PH02260,95495565014,+91,VoIP,P00055,,SIM461002,Jio,2018-10-07,,Active,SRC024,0.9,2024-05-18 16:56:41,2026-08-01 07:32:26
PH02261,96711947789,+91,VoIP,P01606,,SIM859473,Vi,2023-04-13,,Inactive,SRC020,0.89,2024-06-03 11:53:31,2024-05-05 02:15:59
PH02262,94331027884,+91,Mobile,P01085,,SIM257328,BSNL,2023-10-19,,Active,SRC003,0.89,2026-04-23 16:41:20,2025-08-13 06:30:19
PH02263,99011442929,+91,Mobile,P01362,,SIM756793,Vi,2024-08-06,,Active,SRC012,0.85,2024-09-26 19:20:18,2024-11-13 06:46:33
PH02264,98627446126,+91,Landline,P00811,,SIM771197,BSNL,2021-08-15,,Suspended,SRC005,0.97,2024-06-24 09:21:37,2025-02-06 14:26:09
PH02265,94746967463,+91,Mobile,P00277,,SIM397724,BSNL,2023-06-15,,Inactive,SRC016,0.91,2024-09-23 20:10:31,2025-03-16 04:52:48
PH02266,98446705967,+91,Mobile,,O0451,SIM732272,Airtel,2020-06-09,,Inactive,SRC027,0.92,2024-08-14 20:15:14,2026-02-07 08:37:23
PH02267,99018381941,+91,Landline,P03533,,SIM529385,Vi,2023-02-01,,Inactive,SRC016,0.87,2026-04-11 18:13:15,2024-05-16 11:18:57
PH02268,98095718194,+91,Mobile,P01093,,SIM185868,Airtel,2020-05-21,2026-08-24,Suspended,SRC026,0.88,2024-05-06 21:39:25,2024-01-19 05:46:15
PH02269,92834393085,+91,VoIP,P00817,,SIM618723,Vi,2024-11-18,,Active,SRC021,0.84,2025-05-09 22:51:53,2025-12-27 17:17:26
PH02270,95465876561,+91,VoIP,P01213,,SIM194780,BSNL,2026-07-03,,Active,SRC026,0.88,2024-09-04 01:11:52,2024-03-28 12:06:53
PH02271,94661542569,+91,Mobile,P02673,,SIM253438,Airtel,2025-10-07,,Active,SRC017,0.82,2026-04-04 01:06:42,2024-03-07 06:33:54
PH02272,94350383125,+91,Mobile,P02782,,SIM672840,BSNL,2025-01-23,,Active,SRC022,0.85,2025-11-21 12:44:24,2024-09-27 18:20:59
PH02273,92754127725,+91,Landline,P00829,,SIM757777,Vi,2021-01-31,,Suspended,SRC012,0.83,2026-01-09 20:50:01,2024-07-10 19:11:34
PH02274,92264204833,+91,VoIP,P03051,,SIM332563,Airtel,2019-07-31,,Inactive,SRC023,0.86,2025-05-04 09:10:07,2025-07-26 11:13:56
PH02275,99809285873,+91,Mobile,P02820,,SIM543558,Jio,2023-02-09,,Suspended,SRC028,0.96,2026-06-30 02:55:21,2025-04-30 16:20:58
PH02276,93803383359,+91,Mobile,P00434,,SIM903773,Jio,2020-08-30,,Active,SRC023,0.96,2024-09-20 16:13:38,2024-06-21 13:31:30
PH02277,94100546199,+91,Mobile,P03954,,SIM547668,Jio,2019-02-05,,Active,SRC018,0.83,2025-06-28 17:45:51,2024-11-02 08:21:37
PH02278,97546456712,+91,VoIP,P01433,,SIM688856,BSNL,2025-08-08,,Inactive,SRC026,0.99,2024-04-01 07:52:43,2025-12-14 17:13:10
PH02279,94613924132,+91,Mobile,P02139,,SIM789280,Airtel,2021-03-02,,Suspended,SRC021,0.84,2025-01-23 17:56:10,2025-04-24 20:46:43
PH02280,96856230534,+91,Mobile,P00928,,SIM341678,Jio,2023-10-29,,Inactive,SRC017,0.94,2024-07-17 18:17:28,2025-10-17 07:02:58
PH02281,98830035256,+91,Mobile,P02077,,SIM345272,Vi,2019-06-18,,Active,SRC029,0.85,2025-07-11 06:02:29,2025-11-26 18:49:41
PH02282,91209996193,+91,Mobile,P03644,,SIM182231,BSNL,2024-03-04,,Active,SRC020,0.81,2025-04-17 00:52:43,2026-08-23 04:21:31
PH02283,94289048107,+91,Mobile,P02785,,SIM744537,Airtel,2019-10-15,2025-12-01,Inactive,SRC023,0.94,2024-09-07 03:50:40,2024-08-30 07:14:04
PH02284,91484915978,+91,Landline,P00780,,SIM539557,BSNL,2026-07-12,,Inactive,SRC029,0.83,2025-04-04 05:13:26,2025-03-23 13:30:44
PH02285,91154365830,+91,Landline,P00461,,SIM704462,Airtel,2020-01-03,,Suspended,SRC010,0.93,2025-08-06 02:06:25,2025-02-04 21:29:52
PH02286,95805063328,+91,Mobile,P02030,,SIM258714,Airtel,2025-04-10,,Suspended,SRC021,0.96,2025-08-22 05:50:31,2025-05-23 01:34:01
PH02287,99425948858,+91,VoIP,P03275,,SIM956333,Airtel,2021-10-01,,Inactive,SRC012,0.94,2025-05-20 01:37:36,2024-01-07 12:18:23
PH02288,94490717183,+91,Landline,P02335,,SIM360559,Airtel,2025-11-22,,Inactive,SRC006,0.86,2026-05-08 23:35:22,2025-05-05 17:03:52
PH02289,98690860458,+91,Landline,P02847,,SIM698675,Vi,2024-05-28,,Active,SRC010,0.96,2024-12-31 17:08:56,2025-03-05 16:31:01
PH02290,97970895294,+91,VoIP,P03147,,SIM210817,BSNL,2023-11-08,,Suspended,SRC018,0.93,2025-07-17 14:27:47,2024-03-10 03:07:15
PH02291,95824696910,+91,Mobile,P02118,,SIM270594,BSNL,2023-06-06,,Inactive,SRC018,0.87,2026-05-16 01:37:33,2024-04-16 22:14:56
PH02292,91972494797,+91,Landline,P01208,,SIM569892,Airtel,2024-05-07,,Active,SRC024,0.91,2025-03-21 17:53:22,2024-07-04 18:18:02
PH02293,99460345625,+91,Mobile,P01226,,SIM797775,Jio,2023-04-30,,Active,SRC029,0.83,2024-06-04 19:53:38,2024-09-05 18:41:28
PH02294,99929859374,+91,Landline,P03418,,SIM113239,BSNL,2020-06-02,2026-08-25,Suspended,SRC027,0.85,2024-06-28 07:55:32,2025-09-25 14:00:05
PH02295,98944833462,+91,Landline,P00130,,SIM498465,Airtel,2018-09-22,,Inactive,SRC012,0.91,2025-03-13 05:42:18,2025-03-03 19:00:46
PH02296,92093260444,+91,VoIP,,O0284,SIM827753,BSNL,2020-12-10,,Suspended,SRC017,0.87,2025-11-28 00:52:37,2025-09-07 00:25:18
PH02297,93690029799,+91,Landline,P03206,,SIM491123,Airtel,2025-09-30,,Suspended,SRC010,0.95,2025-08-24 06:47:01,2025-02-17 12:10:46
PH02298,93862312369,+91,VoIP,P01849,,SIM407474,BSNL,2021-10-29,2025-01-18,Inactive,SRC011,0.91,2025-11-23 23:07:45,2025-06-02 02:48:58
PH02299,97143399332,+91,Mobile,P03013,,SIM228568,Airtel,2020-11-05,,Inactive,SRC013,0.94,2025-08-14 14:37:02,2025-08-30 13:57:58
PH02300,97088807265,+91,VoIP,P01350,,SIM830983,Jio,2023-11-14,2025-10-27,Suspended,SRC030,0.9,2024-01-30 21:14:58,2026-04-10 10:55:42
PH02301,92225649427,+91,Mobile,P03720,,SIM112348,BSNL,2019-05-28,,Suspended,SRC013,0.85,2025-05-20 22:25:08,2026-01-21 02:31:24
PH02302,98127127703,+91,Mobile,P01438,,SIM475437,BSNL,2019-09-22,,Active,SRC028,0.81,2025-02-04 18:20:01,2026-04-24 01:12:53
PH02303,99861051788,+91,Landline,P03760,,SIM316375,Airtel,2020-10-01,2026-03-12,Inactive,SRC024,0.88,2024-08-03 04:55:16,2024-08-13 16:56:25
PH02304,99857362953,+91,VoIP,P02561,,SIM738970,Jio,2025-08-01,,Suspended,SRC008,0.9,2024-11-02 04:38:50,2025-08-03 04:47:47
PH02305,96450890032,+91,Landline,P00910,,SIM129807,Airtel,2020-01-30,,Suspended,SRC001,0.96,2025-04-05 11:21:33,2026-01-05 04:36:00
PH02306,99633782715,+91,Mobile,,O0014,SIM145511,Vi,2019-05-25,,Suspended,SRC021,0.84,2025-07-28 12:44:10,2024-02-17 18:47:41
PH02307,98025246005,+91,VoIP,,O0472,SIM728762,Airtel,2025-04-13,,Suspended,SRC025,0.88,2026-07-04 15:50:19,2024-06-30 20:31:17
PH02308,97821990145,+91,VoIP,,O0257,SIM538033,Jio,2021-05-22,,Inactive,SRC021,0.94,2025-09-21 11:25:06,2026-08-20 08:40:16
PH02309,97001268020,+91,Landline,P03134,,SIM612304,BSNL,2024-10-04,,Suspended,SRC002,0.82,2025-03-12 01:56:43,2025-05-23 05:27:26
PH02310,97697912561,+91,Mobile,P00135,,SIM755313,Jio,2023-07-06,,Inactive,SRC025,0.96,2024-03-10 13:24:43,2026-04-26 10:24:13
PH02311,97520562484,+91,Landline,P01454,,SIM209311,Vi,2022-07-10,,Active,SRC005,0.86,2026-04-14 09:24:33,2026-04-15 10:16:04
PH02312,92216439630,+91,Mobile,P02546,,SIM778388,Vi,2024-09-01,,Suspended,SRC019,0.94,2024-03-21 02:00:36,2024-01-11 19:39:43
PH02313,92106081902,+91,Mobile,P01494,,SIM573148,BSNL,2024-06-03,,Suspended,SRC012,0.8,2025-01-20 07:49:34,2026-04-07 05:49:20
PH02314,95832974892,+91,Mobile,,O0140,SIM856603,Jio,2022-01-13,,Suspended,SRC024,0.96,2025-11-05 19:51:29,2026-01-05 23:29:56
PH02315,96112432420,+91,Landline,,O0048,SIM215980,Airtel,2026-08-03,2026-08-29,Inactive,SRC026,0.93,2024-04-25 16:13:23,2026-06-15 23:53:06
PH02316,97209535463,+91,Landline,P02297,,SIM753754,BSNL,2025-05-07,2025-08-11,Active,SRC013,0.93,2026-04-07 16:35:33,2025-08-05 06:47:31
PH02317,91844439648,+91,Landline,P01130,,SIM571487,Airtel,2026-03-29,,Inactive,SRC002,0.83,2024-05-29 02:27:39,2026-04-16 23:26:46
PH02318,94575731144,+91,Landline,P02238,,SIM271475,Jio,2023-08-22,,Suspended,SRC003,0.89,2026-02-20 16:53:18,2024-03-18 14:55:20
PH02319,96724429405,+91,VoIP,,O0132,SIM405005,Jio,2022-02-13,,Inactive,SRC004,0.89,2025-09-30 15:46:06,2024-02-18 10:08:23
PH02320,98519343048,+91,Landline,P02872,,SIM286833,Airtel,2022-05-12,,Suspended,SRC020,0.81,2025-01-11 23:46:03,2025-06-08 01:45:33
PH02321,99594510652,+91,VoIP,P01470,,SIM561107,Jio,2025-05-30,2025-05-07,Inactive,SRC004,0.92,2025-10-12 18:31:12,2024-10-30 20:03:52
PH02322,94348814700,+91,Landline,P02616,,SIM736730,Airtel,2021-11-07,,Suspended,SRC023,0.88,2024-05-23 23:24:22,2025-08-11 22:10:57
PH02323,94565480164,+91,Mobile,P00934,,SIM990857,BSNL,2025-12-06,,Suspended,SRC018,0.82,2024-03-05 14:20:38,2024-04-02 02:02:35
PH02324,91993737563,+91,VoIP,P02517,,SIM369164,Jio,2026-07-01,,Inactive,SRC017,0.96,2025-06-17 20:08:53,2026-01-25 19:11:00
PH02325,99910557953,+91,Mobile,P02724,,SIM278692,Vi,2020-01-31,,Suspended,SRC026,0.82,2026-03-15 07:27:27,2024-05-19 07:27:56
PH02326,94777470826,+91,Mobile,P02789,,SIM995642,Vi,2020-06-01,,Active,SRC014,0.84,2026-06-06 10:45:22,2024-08-09 00:03:07
PH02327,96411904594,+91,Mobile,P03900,,SIM884401,Vi,2023-05-20,,Active,SRC001,0.87,2024-03-24 04:14:35,2025-07-28 19:58:48
PH02328,94725352575,+91,Mobile,P03624,,SIM741015,Airtel,2025-07-31,,Active,SRC002,0.94,2025-05-25 04:29:47,2025-10-14 10:18:49
PH02329,92943090679,+91,Mobile,P03200,,SIM364694,Vi,2022-06-19,,Suspended,SRC021,0.85,2025-03-15 06:14:54,2024-11-10 09:52:25
PH02330,92290596697,+91,VoIP,P02901,,SIM837942,Jio,2026-03-25,,Inactive,SRC012,0.97,2025-07-16 05:52:03,2025-09-26 16:06:55
PH02331,95449218946,+91,VoIP,,O0399,SIM917037,Vi,2025-08-20,,Inactive,SRC018,0.87,2024-08-09 13:31:17,2025-07-04 16:35:35
PH02332,95912625061,+91,Landline,P01296,,SIM510534,Vi,2024-01-18,,Active,SRC025,0.93,2026-08-14 13:30:20,2026-07-01 15:55:44
PH02333,92170754778,+91,VoIP,P02739,,SIM203012,BSNL,2020-06-18,,Suspended,SRC017,0.86,2024-08-17 20:21:34,2026-05-31 10:22:03
PH02334,92442892727,+91,VoIP,P01521,,SIM169065,Vi,2024-06-03,,Active,SRC017,0.82,2024-07-03 08:28:36,2024-12-15 04:52:00
PH02335,92723553536,+91,Mobile,,O0405,SIM771461,Airtel,2020-01-18,,Suspended,SRC027,0.88,2025-09-11 18:15:59,2024-04-10 12:50:27
PH02336,91087485675,+91,Mobile,P03035,,SIM144682,BSNL,2019-02-27,,Inactive,SRC028,0.86,2026-06-09 04:38:49,2024-03-20 07:54:27
PH02337,98448724645,+91,VoIP,P02475,,SIM654590,Jio,2024-03-19,,Suspended,SRC024,0.97,2026-08-28 20:59:10,2025-04-01 20:58:04
PH02338,99154862020,+91,Landline,P03910,,SIM419981,Jio,2025-08-01,,Inactive,SRC002,0.95,2025-10-13 18:08:08,2024-07-20 19:11:08
PH02339,94827876391,+91,VoIP,P00988,,SIM668282,Vi,2022-07-31,,Inactive,SRC006,0.92,2025-11-10 19:04:03,2025-11-26 18:28:48
PH02340,97845946854,+91,VoIP,P03413,,SIM644105,Airtel,2024-02-28,,Suspended,SRC025,0.85,2026-05-01 14:44:14,2025-12-17 02:00:49
PH02341,99449918159,+91,Landline,P00381,,SIM898557,Vi,2018-09-23,,Inactive,SRC001,0.83,2025-05-20 00:58:44,2025-04-24 17:49:51
PH02342,95386481738,+91,VoIP,P00883,,SIM226901,Airtel,2025-05-28,,Suspended,SRC017,0.81,2026-02-07 09:10:49,2024-03-01 22:12:39
PH02343,99382861945,+91,Landline,,O0396,SIM935133,Airtel,2026-02-19,,Suspended,SRC018,0.83,2025-04-28 10:42:38,2025-05-09 04:40:50
PH02344,92202429420,+91,Mobile,P00822,,SIM421388,Jio,2023-09-29,,Active,SRC005,0.87,2025-11-05 16:14:32,2025-10-02 05:40:12
PH02345,96886732477,+91,VoIP,P02310,,SIM190067,Jio,2024-04-24,,Active,SRC010,0.94,2025-07-26 01:11:24,2024-03-01 15:05:49
PH02346,96873861803,+91,Landline,P00421,,SIM575636,Vi,2025-08-20,,Active,SRC023,0.9,2026-08-26 22:04:13,2026-05-12 18:56:17
PH02347,91026461130,+91,Mobile,,O0460,SIM120608,Airtel,2026-05-11,,Active,SRC004,0.98,2025-09-07 08:52:48,2026-06-03 03:03:06
PH02348,96443907806,+91,Mobile,P00800,,SIM223915,BSNL,2020-02-27,,Inactive,SRC009,0.82,2025-08-17 14:29:15,2024-06-20 01:06:34
PH02349,92170356869,+91,VoIP,P02602,,SIM816203,Airtel,2019-09-08,,Active,SRC004,0.89,2026-01-17 08:19:20,2024-04-15 23:24:40
PH02350,95209745701,+91,VoIP,P02973,,SIM598835,Airtel,2021-04-03,,Inactive,SRC021,0.81,2024-02-12 01:30:40,2024-03-11 23:46:29
PH02351,99423471136,+91,VoIP,P00186,,SIM723621,Jio,2022-05-01,,Inactive,SRC016,0.91,2024-01-26 06:25:23,2025-01-31 15:06:41
PH02352,99390603664,+91,VoIP,P02247,,SIM530990,Vi,2024-07-31,,Suspended,SRC002,0.89,2025-08-05 20:58:02,2024-02-20 23:33:23
PH02353,94122486179,+91,Landline,P02201,,SIM294997,Jio,2023-11-17,,Inactive,SRC023,0.84,2025-03-25 01:50:54,2024-04-10 17:21:09
PH02354,95821377286,+91,Landline,P00241,,SIM360154,Airtel,2025-12-15,2025-09-30,Active,SRC020,0.84,2025-06-09 20:21:08,2026-04-13 02:09:54
PH02355,92727140898,+91,Landline,P00795,,SIM704132,Vi,2024-12-10,,Suspended,SRC019,0.91,2026-06-02 07:55:11,2025-09-30 00:32:58
PH02356,99180281514,+91,Landline,P00831,,SIM781699,Vi,2019-04-10,,Active,SRC004,0.96,2026-05-06 04:40:54,2026-08-20 01:19:04
PH02357,98435314586,+91,VoIP,P00259,,SIM889984,Jio,2024-06-26,,Suspended,SRC014,0.86,2024-12-17 16:27:34,2024-02-06 08:56:42
PH02358,98537730625,+91,VoIP,P03199,,SIM125156,Vi,2021-03-03,,Inactive,SRC024,0.8,2026-08-20 00:09:50,2024-11-12 00:18:44
PH02359,91337428898,+91,Mobile,P00472,,SIM611534,Jio,2024-09-05,,Inactive,SRC015,0.98,2024-03-28 16:48:26,2025-03-17 02:46:35
PH02360,91598659548,+91,Landline,P01622,,SIM965997,Airtel,2021-03-15,,Inactive,SRC015,0.95,2025-05-10 19:33:17,2024-10-09 18:50:54
PH02361,96249511881,+91,Landline,P01893,,SIM773158,Jio,2023-07-02,2026-03-11,Inactive,SRC009,0.95,2025-07-27 13:14:37,2025-03-12 22:22:34
PH02362,95080438215,+91,Landline,P00068,,SIM939961,Vi,2025-11-21,,Active,SRC019,0.94,2024-08-01 16:59:25,2025-12-09 23:41:44
PH02363,93781627393,+91,Landline,P01802,,SIM765032,Airtel,2022-10-04,,Inactive,SRC028,0.96,2024-06-12 03:34:01,2025-05-10 04:10:00
PH02364,96031562094,+91,VoIP,P02507,,SIM203950,Jio,2025-04-30,,Active,SRC024,0.87,2026-04-22 09:51:49,2025-05-05 00:57:59
PH02365,98708312421,+91,VoIP,P02046,,SIM990051,Airtel,2022-05-03,,Active,SRC013,0.88,2025-01-07 02:22:47,2026-01-20 17:13:41
PH02366,92768302197,+91,VoIP,P01114,,SIM554833,Vi,2023-12-27,,Inactive,SRC009,0.94,2024-01-21 07:55:30,2026-08-28 08:43:14
PH02367,99182052300,+91,VoIP,,O0392,SIM959234,Jio,2022-08-23,2026-02-19,Inactive,SRC015,0.87,2025-07-06 12:20:45,2024-01-07 05:27:40
PH02368,93834309220,+91,Mobile,P03237,,SIM889135,Jio,2022-02-19,,Suspended,SRC018,0.8,2025-04-16 02:49:53,2024-09-14 11:28:29
PH02369,94501668614,+91,Mobile,P00804,,SIM115947,Airtel,2024-12-24,,Inactive,SRC023,0.97,2026-06-30 11:28:35,2026-08-18 22:46:10
PH02370,96238842183,+91,Landline,P01280,,SIM742419,Vi,2025-04-30,,Active,SRC018,0.82,2026-01-21 06:48:58,2025-02-06 15:44:36
PH02371,96300154101,+91,Landline,P02724,,SIM975290,Vi,2019-05-27,,Suspended,SRC020,0.91,2024-03-09 08:14:00,2026-07-18 21:13:19
PH02372,98566822807,+91,VoIP,P01142,,SIM888750,Vi,2024-10-26,,Suspended,SRC010,0.86,2024-07-28 04:12:24,2025-08-17 22:43:53
PH02373,95976229576,+91,Mobile,P03973,,SIM671686,Airtel,2020-11-08,2025-06-15,Suspended,SRC024,0.88,2024-12-30 15:26:55,2025-10-13 04:58:35
PH02374,91665841102,+91,Landline,P02708,,SIM300931,Vi,2021-07-11,,Inactive,SRC019,0.89,2026-07-16 20:27:14,2026-03-31 02:16:24
PH02375,92906220537,+91,Landline,P02538,,SIM531663,Airtel,2026-03-27,,Suspended,SRC016,0.86,2026-05-13 02:30:15,2025-04-09 06:22:26
PH02376,95450402310,+91,Landline,P01548,,SIM320160,BSNL,2021-04-11,,Inactive,SRC017,0.84,2025-10-18 16:42:04,2026-05-10 15:09:02
PH02377,94922643462,+91,Landline,P00303,,SIM947549,Jio,2022-10-29,,Inactive,SRC002,0.89,2025-04-30 08:14:13,2025-04-15 02:27:47
PH02378,92979914883,+91,Landline,P01994,,SIM150130,BSNL,2025-07-07,,Suspended,SRC017,0.81,2024-07-02 22:38:24,2026-03-09 15:29:59
PH02379,93562715253,+91,Mobile,P01107,,SIM891939,Airtel,2020-10-10,2025-05-19,Suspended,SRC021,0.8,2024-10-21 04:29:39,2025-04-23 15:52:43
PH02380,94041122758,+91,Landline,P02217,,SIM150787,Vi,2025-02-17,,Inactive,SRC024,0.99,2024-08-20 03:04:00,2025-10-29 09:45:39
PH02381,91476374847,+91,Mobile,,O0488,SIM527347,Vi,2023-06-28,,Suspended,SRC007,0.94,2026-08-10 07:57:54,2024-11-08 09:40:50
PH02382,96695165945,+91,Landline,P03493,,SIM879889,BSNL,2024-01-07,2025-01-13,Inactive,SRC012,0.96,2025-01-25 21:38:31,2024-12-07 12:17:27
PH02383,98068133699,+91,Landline,P02672,,SIM279827,Airtel,2020-07-06,,Inactive,SRC006,0.81,2024-09-02 14:13:23,2026-06-07 22:01:02
PH02384,96230163388,+91,Landline,,O0292,SIM318811,Jio,2022-08-11,,Suspended,SRC012,0.82,2025-10-23 11:50:10,2026-07-02 10:45:27
PH02385,97602461253,+91,VoIP,P03790,,SIM585544,Jio,2023-10-31,2025-10-18,Suspended,SRC012,0.98,2026-01-11 14:54:49,2024-03-20 20:34:15
PH02386,99576472374,+91,Landline,P03599,,SIM321899,Airtel,2025-03-12,,Inactive,SRC030,0.96,2024-03-01 01:24:45,2024-04-15 08:26:42
PH02387,99899108784,+91,VoIP,,O0372,SIM358101,Airtel,2020-05-03,,Active,SRC020,0.87,2024-03-21 21:41:44,2025-08-13 17:01:31
PH02388,95721191348,+91,Mobile,P02652,,SIM427726,BSNL,2025-01-10,2024-09-18,Inactive,SRC015,0.9,2025-02-13 08:41:24,2024-10-27 19:58:36
PH02389,97259982024,+91,VoIP,P01224,,SIM470584,Jio,2024-04-10,,Active,SRC017,0.92,2026-05-19 12:08:47,2024-03-11 23:17:04
PH02390,98179754805,+91,Mobile,P01281,,SIM535651,Vi,2022-03-21,,Active,SRC017,0.97,2024-03-02 06:24:50,2026-05-20 20:05:22
PH02391,95637129177,+91,VoIP,P01051,,SIM514845,Vi,2019-09-16,,Suspended,SRC004,0.94,2024-06-22 01:15:21,2024-05-09 06:08:59
PH02392,97136758382,+91,Landline,P00011,,SIM779491,BSNL,2022-07-20,2026-07-12,Inactive,SRC008,0.9,2025-10-16 10:16:19,2025-07-17 19:57:53
PH02393,93721994170,+91,Mobile,P03238,,SIM505162,Vi,2021-12-16,,Suspended,SRC026,0.98,2024-05-01 15:59:03,2026-07-12 10:19:45
PH02394,91904393786,+91,Mobile,P03279,,SIM979264,Airtel,2021-07-23,,Suspended,SRC028,0.85,2024-08-11 20:34:25,2025-05-06 03:07:12
PH02395,92527366304,+91,Mobile,P03021,,SIM891592,Jio,2024-07-23,,Inactive,SRC030,0.82,2024-12-11 22:08:17,2024-02-12 14:41:59
PH02396,92520661161,+91,Mobile,P02594,,SIM410537,Airtel,2024-06-24,,Inactive,SRC013,0.86,2026-06-13 07:51:46,2024-05-08 12:04:24
PH02397,95585522319,+91,Landline,,O0150,SIM818704,Vi,2024-07-20,,Inactive,SRC030,0.84,2024-08-15 12:43:27,2026-03-06 17:49:51
PH02398,95804562436,+91,Mobile,P00900,,SIM447707,BSNL,2026-07-25,,Inactive,SRC003,0.81,2025-04-14 18:52:33,2024-11-11 22:51:00
PH02399,98863311928,+91,Landline,P00745,,SIM206798,Airtel,2023-02-23,,Active,SRC022,0.98,2024-03-19 05:20:45,2025-12-09 18:30:23
PH02400,91844727441,+91,Landline,P02506,,SIM808816,Vi,2024-11-08,,Active,SRC021,0.81,2024-06-11 20:01:04,2026-03-27 12:41:42
PH02401,92179495970,+91,Mobile,P01860,,SIM417669,Vi,2024-08-10,,Inactive,SRC026,0.84,2024-08-19 20:38:16,2025-04-08 05:16:47
PH02402,95573111756,+91,VoIP,P02758,,SIM577126,Vi,2024-07-03,,Active,SRC014,0.96,2024-06-26 12:27:23,2024-01-23 10:37:04
PH02403,93326360739,+91,Mobile,P02058,,SIM294057,Vi,2019-01-11,,Suspended,SRC012,0.84,2026-02-20 03:20:33,2024-03-15 23:57:59
PH02404,94387858729,+91,VoIP,P02955,,SIM964161,Airtel,2023-12-15,,Suspended,SRC029,0.87,2025-02-18 11:53:56,2024-10-18 09:59:56
PH02405,96644641819,+91,Mobile,,O0036,SIM843929,Airtel,2024-07-09,,Suspended,SRC018,0.91,2026-05-04 03:23:18,2025-11-02 22:07:13
PH02406,98981238745,+91,VoIP,P01382,,SIM535246,Vi,2018-10-01,2026-05-09,Active,SRC018,0.91,2025-10-23 12:39:10,2026-02-25 23:48:28
PH02407,97682537002,+91,Landline,P03496,,SIM503746,Jio,2025-05-19,2026-01-19,Suspended,SRC025,0.97,2025-10-26 05:54:31,2024-06-05 12:38:54
PH02408,94795508728,+91,Mobile,P02904,,SIM261112,Airtel,2020-02-11,,Suspended,SRC015,0.87,2025-04-04 09:51:40,2026-04-17 19:53:39
PH02409,96707508500,+91,Landline,P03180,,SIM594972,Airtel,2020-08-19,,Inactive,SRC021,0.95,2024-04-18 22:54:24,2024-06-23 02:04:04
PH02410,93001811587,+91,Landline,P00512,,SIM936538,BSNL,2019-04-08,,Inactive,SRC018,0.86,2024-04-01 20:35:07,2025-04-14 07:33:20
PH02411,95328508170,+91,Landline,P02998,,SIM846001,Vi,2024-04-22,,Active,SRC001,0.96,2024-09-18 10:39:51,2025-06-02 02:40:34
PH02412,92758503021,+91,Landline,P00134,,SIM595843,Vi,2022-09-17,,Inactive,SRC009,0.82,2024-09-10 22:17:40,2025-08-23 13:12:06
PH02413,91025907735,+91,VoIP,P01503,,SIM498620,Airtel,2021-04-26,,Active,SRC020,0.81,2024-01-18 13:02:49,2025-05-12 12:53:09
PH02414,92362509240,+91,Landline,,O0146,SIM500248,Airtel,2022-08-03,,Inactive,SRC009,0.85,2024-11-28 21:00:42,2024-09-26 10:14:18
PH02415,92467080774,+91,VoIP,P02423,,SIM991339,BSNL,2018-10-03,,Active,SRC010,0.81,2024-12-29 15:40:45,2024-09-03 21:56:21
PH02416,94452531432,+91,Mobile,P02017,,SIM118739,BSNL,2022-03-20,2025-03-17,Inactive,SRC017,0.98,2026-01-21 08:13:42,2024-04-19 00:13:36
PH02417,97495148010,+91,Mobile,P01253,,SIM377888,Jio,2022-04-27,,Active,SRC004,0.84,2024-11-26 11:07:35,2024-01-11 09:28:37
PH02418,98032309882,+91,Mobile,P01966,,SIM773568,BSNL,2023-12-05,2026-04-15,Inactive,SRC010,0.9,2024-01-15 03:15:16,2026-03-22 21:53:36
PH02419,98671495000,+91,Mobile,P00033,,SIM356123,Vi,2024-12-09,,Inactive,SRC017,0.85,2025-01-04 07:12:08,2024-02-18 02:03:23
PH02420,94708960737,+91,Landline,P00364,,SIM989869,Vi,2021-08-26,,Active,SRC026,0.95,2025-03-05 07:01:10,2026-05-26 22:55:41
PH02421,99767634823,+91,VoIP,P03649,,SIM994266,Vi,2023-09-14,,Suspended,SRC018,0.81,2024-05-11 23:36:07,2024-02-26 10:13:06
PH02422,93219148493,+91,Mobile,P02857,,SIM323846,BSNL,2018-12-06,,Suspended,SRC015,0.91,2024-03-01 10:44:09,2025-01-08 07:41:22
PH02423,99591252937,+91,Landline,P02157,,SIM649700,Jio,2022-12-28,,Suspended,SRC002,0.84,2026-05-14 23:11:14,2024-06-28 14:53:32
PH02424,92638074983,+91,Mobile,P03002,,SIM287036,Vi,2024-09-18,2025-12-12,Active,SRC025,0.93,2025-01-12 06:31:22,2024-10-09 01:21:10
PH02425,94817278741,+91,VoIP,P01741,,SIM119850,Vi,2025-06-29,2026-05-06,Active,SRC017,0.86,2025-05-24 10:59:44,2025-02-17 01:57:44
PH02426,93168963627,+91,Landline,P00176,,SIM301566,Jio,2022-05-17,,Active,SRC003,0.96,2024-12-21 14:53:27,2026-04-13 16:08:39
PH02427,93005521912,+91,Landline,P02178,,SIM439167,BSNL,2019-06-09,,Active,SRC022,0.98,2026-06-23 08:34:42,2025-09-12 17:56:03
PH02428,92573535532,+91,Mobile,P02963,,SIM711304,Jio,2023-03-01,,Active,SRC018,0.97,2026-05-18 03:56:42,2025-05-22 17:11:31
PH02429,99801636627,+91,Landline,P02200,,SIM819300,Jio,2025-10-17,,Suspended,SRC020,0.99,2025-12-10 20:18:54,2024-08-16 10:30:32
PH02430,92604042667,+91,Landline,P03860,,SIM245191,Airtel,2025-01-29,,Inactive,SRC004,0.8,2025-01-04 17:40:22,2025-06-01 18:28:30
PH02431,91643233006,+91,VoIP,P00916,,SIM970726,Airtel,2025-07-27,,Inactive,SRC009,0.87,2025-01-11 18:49:21,2024-07-29 23:19:05
PH02432,95464599881,+91,Mobile,P03357,,SIM786885,Vi,2019-08-16,,Suspended,SRC013,0.9,2024-06-18 12:33:05,2024-09-06 10:23:02
PH02433,95402592553,+91,Mobile,P01192,,SIM289278,BSNL,2025-07-02,2026-08-26,Suspended,SRC015,0.98,2024-10-11 11:50:42,2025-03-23 06:26:31
PH02434,98114965163,+91,Mobile,,O0390,SIM213524,Jio,2019-12-17,,Suspended,SRC028,0.98,2024-02-24 23:17:02,2025-03-28 19:37:10
PH02435,93121546828,+91,Landline,P02538,,SIM760041,Airtel,2026-01-11,,Suspended,SRC023,0.82,2025-12-09 15:49:09,2025-03-17 17:03:03
PH02436,91403971910,+91,Mobile,P01157,,SIM516868,Vi,2020-07-17,,Inactive,SRC009,0.92,2024-10-06 05:31:27,2025-02-20 06:49:14
PH02437,98967217986,+91,VoIP,P01150,,SIM143270,BSNL,2024-05-28,,Suspended,SRC013,0.86,2024-09-28 21:40:16,2025-05-21 12:38:21
PH02438,99680572409,+91,VoIP,P00221,,SIM631372,Jio,2026-03-13,,Inactive,SRC002,0.97,2026-04-12 17:11:05,2026-04-19 18:07:01
PH02439,96233526163,+91,VoIP,P03603,,SIM397837,Airtel,2024-10-30,,Suspended,SRC022,0.91,2025-10-20 04:47:44,2025-07-04 17:38:10
PH02440,97796014642,+91,VoIP,,O0288,SIM337055,Jio,2024-04-28,,Suspended,SRC001,0.89,2024-09-28 05:14:29,2025-02-01 18:18:10
PH02441,93581632423,+91,Mobile,P00518,,SIM863800,Jio,2023-01-28,,Active,SRC008,0.96,2025-01-20 14:16:08,2026-06-26 21:42:24
PH02442,93238139943,+91,VoIP,P01954,,SIM219857,Jio,2025-01-25,2026-03-23,Active,SRC028,0.86,2024-03-21 17:32:41,2026-01-16 22:32:31
PH02443,94497873186,+91,Landline,P01898,,SIM987499,BSNL,2026-06-30,2026-07-22,Suspended,SRC016,0.81,2024-09-09 10:19:13,2025-03-10 03:46:50
PH02444,96744264211,+91,VoIP,P02478,,SIM291993,Jio,2024-01-19,,Active,SRC014,0.92,2026-07-10 19:25:51,2024-12-03 06:59:01
PH02445,91112287022,+91,VoIP,P01224,,SIM618778,Vi,2023-05-17,,Inactive,SRC027,0.91,2025-05-25 08:49:23,2026-08-15 11:15:39
PH02446,98211943864,+91,Landline,P00801,,SIM506113,BSNL,2018-10-12,,Suspended,SRC012,0.95,2024-05-26 09:11:23,2025-11-19 02:19:44
PH02447,97188913802,+91,VoIP,P00835,,SIM236569,Vi,2020-11-26,,Active,SRC025,0.86,2026-02-14 10:53:54,2026-06-24 15:29:31
PH02448,97261287866,+91,Mobile,P03749,,SIM937553,Airtel,2020-11-29,,Inactive,SRC012,0.93,2024-07-17 13:09:10,2025-04-19 17:13:17
PH02449,93195350891,+91,Mobile,P02851,,SIM233129,Vi,2024-03-26,,Active,SRC010,0.81,2026-01-24 23:50:12,2024-06-28 16:30:51
PH02450,95328174540,+91,VoIP,P01392,,SIM632629,Vi,2022-03-06,,Inactive,SRC024,0.82,2024-02-11 12:32:41,2025-08-26 12:01:45
PH02451,97798382252,+91,Landline,P01493,,SIM881191,Airtel,2022-11-03,,Inactive,SRC018,0.85,2024-07-14 02:06:16,2024-05-20 14:40:02
PH02452,99370080371,+91,Landline,P03824,,SIM584771,BSNL,2021-10-11,,Active,SRC024,0.82,2024-09-18 13:14:34,2024-12-18 07:34:01
PH02453,95880283985,+91,Landline,P02398,,SIM775611,BSNL,2024-07-22,,Inactive,SRC028,0.85,2026-01-20 14:47:10,2024-07-09 12:17:17
PH02454,95524768329,+91,Landline,P02083,,SIM966254,Vi,2020-08-29,,Active,SRC010,0.91,2024-04-24 01:09:13,2024-05-17 12:45:11
PH02455,99155334334,+91,VoIP,P03558,,SIM955890,BSNL,2020-10-09,,Suspended,SRC004,0.87,2026-07-02 17:39:43,2026-04-23 15:07:41
PH02456,98189360941,+91,VoIP,P03416,,SIM439788,Airtel,2024-09-28,,Inactive,SRC005,0.87,2025-12-31 12:45:45,2025-10-01 11:51:46
PH02457,95693410377,+91,VoIP,P03484,,SIM822281,Vi,2024-07-22,,Inactive,SRC006,0.92,2024-11-17 01:29:08,2025-02-20 00:43:43
PH02458,99529667797,+91,Mobile,P02279,,SIM447490,BSNL,2019-04-06,,Inactive,SRC003,0.82,2024-09-01 16:22:07,2025-12-30 16:10:05
PH02459,96411609218,+91,Mobile,P02171,,SIM844397,Airtel,2020-06-05,2025-08-10,Active,SRC029,0.94,2026-08-15 19:22:16,2026-02-21 13:27:52
PH02460,91121056684,+91,Mobile,P02528,,SIM314259,BSNL,2021-03-19,,Suspended,SRC012,0.88,2024-06-11 00:14:11,2025-08-17 00:23:16
PH02461,96804802991,+91,Landline,P03322,,SIM765426,Airtel,2021-11-23,,Suspended,SRC016,0.99,2026-05-22 01:16:06,2025-08-28 04:25:02
PH02462,95256446007,+91,Mobile,P03834,,SIM543104,BSNL,2022-06-24,,Inactive,SRC014,0.84,2025-09-22 08:07:45,2025-11-03 19:37:16
PH02463,97307798810,+91,Mobile,P00144,,SIM554364,Vi,2021-04-12,,Suspended,SRC005,0.83,2026-07-25 05:45:10,2026-04-01 19:11:47
PH02464,97682742367,+91,Mobile,P00752,,SIM494602,Vi,2022-05-19,,Inactive,SRC019,0.9,2026-02-28 10:50:08,2026-03-24 22:28:42
PH02465,92101538750,+91,Mobile,P02599,,SIM685014,Jio,2019-01-15,,Suspended,SRC004,0.98,2026-02-06 19:00:36,2024-12-23 12:41:43
PH02466,94396186820,+91,Mobile,P03071,,SIM442451,BSNL,2019-03-26,,Inactive,SRC020,0.97,2024-12-25 16:47:17,2025-08-02 14:04:00
PH02467,93586192833,+91,Mobile,P02606,,SIM517927,Jio,2020-05-31,,Suspended,SRC014,0.89,2026-01-09 14:04:49,2026-02-11 05:01:20
PH02468,93006921863,+91,Mobile,P01836,,SIM333235,Airtel,2019-09-11,,Active,SRC004,0.89,2025-05-24 18:14:04,2026-01-06 01:20:32
PH02469,98794185444,+91,Mobile,P00600,,SIM692892,Airtel,2026-01-03,,Inactive,SRC019,0.89,2025-09-10 15:14:31,2024-11-17 01:44:51
PH02470,98927528598,+91,Mobile,P02816,,SIM595483,BSNL,2020-11-21,,Active,SRC006,0.95,2026-05-14 00:21:56,2024-09-27 00:10:22
PH02471,91495046227,+91,Mobile,P00794,,SIM969504,BSNL,2020-02-09,,Suspended,SRC011,0.86,2025-07-31 18:06:05,2025-03-27 17:43:16
PH02472,94195922619,+91,VoIP,P02393,,SIM320941,BSNL,2022-03-03,,Inactive,SRC028,0.87,2025-12-26 19:22:30,2025-04-11 20:44:37
PH02473,98990925025,+91,Landline,P02961,,SIM474717,Vi,2021-04-18,,Inactive,SRC030,0.95,2025-01-13 13:26:11,2025-07-16 20:03:06
PH02474,98058481293,+91,VoIP,P02030,,SIM394586,Jio,2024-05-12,,Inactive,SRC016,0.87,2024-02-11 04:28:01,2026-06-15 16:46:51
PH02475,94275475497,+91,Landline,P03860,,SIM498818,Airtel,2021-05-09,2026-04-05,Suspended,SRC018,0.81,2025-12-08 00:29:38,2026-03-27 22:50:37
PH02476,94740250941,+91,Mobile,P03140,,SIM217409,BSNL,2022-07-04,,Suspended,SRC001,0.83,2025-04-13 23:51:05,2025-01-12 12:07:08
PH02477,96813503568,+91,Mobile,P00721,,SIM477269,Jio,2022-05-02,,Active,SRC010,0.86,2025-04-26 10:28:10,2025-05-13 18:59:03
PH02478,95393339318,+91,Landline,P00513,,SIM195132,Vi,2022-04-29,2026-02-07,Suspended,SRC030,0.81,2024-06-05 15:17:03,2025-08-10 04:51:48
PH02479,97800167303,+91,VoIP,P03474,,SIM577997,Vi,2019-02-20,,Active,SRC028,0.84,2025-11-29 12:58:50,2026-07-07 13:01:04
PH02480,92737616615,+91,Landline,P01731,,SIM455467,Airtel,2025-01-27,,Active,SRC014,0.94,2024-01-29 06:47:50,2026-05-10 15:43:38
PH02481,91578304848,+91,VoIP,P02357,,SIM269354,Airtel,2022-12-30,,Inactive,SRC001,0.83,2025-01-02 02:56:54,2026-01-02 00:08:28
PH02482,91263873251,+91,VoIP,P02195,,SIM907793,Vi,2022-08-05,,Suspended,SRC007,0.97,2024-10-13 13:57:53,2026-02-20 18:36:14
PH02483,96287627031,+91,VoIP,P01371,,SIM750111,Vi,2025-01-11,,Suspended,SRC017,0.96,2024-08-30 02:23:19,2025-03-24 00:48:13
PH02484,96961675685,+91,VoIP,P02068,,SIM647859,BSNL,2019-12-07,,Suspended,SRC014,0.88,2025-04-20 17:23:59,2025-12-02 02:49:51
PH02485,92562628216,+91,Mobile,P00817,,SIM647806,Vi,2025-09-02,,Active,SRC028,0.83,2024-12-16 11:11:49,2026-04-04 22:22:11
PH02486,98159186210,+91,Mobile,P00657,,SIM223355,Jio,2020-08-29,,Suspended,SRC021,0.84,2025-10-30 10:59:40,2026-06-02 01:41:54
PH02487,94447803420,+91,VoIP,P00975,,SIM343259,Airtel,2026-04-04,,Suspended,SRC002,0.81,2024-06-12 15:09:49,2024-03-29 13:24:31
PH02488,95972125777,+91,VoIP,P00710,,SIM199343,BSNL,2023-04-10,2026-08-27,Inactive,SRC027,0.96,2025-07-25 03:44:11,2026-05-17 06:56:42
PH02489,91965824718,+91,Mobile,P00055,,SIM442483,Airtel,2022-06-10,,Active,SRC025,0.9,2025-06-20 20:10:06,2026-02-20 03:48:23
PH02490,91633284474,+91,Landline,,O0271,SIM359783,Airtel,2024-10-22,2025-06-02,Suspended,SRC029,0.89,2024-08-28 23:19:04,2026-07-03 11:13:58
PH02491,97563114037,+91,Landline,P00637,,SIM871427,Vi,2022-04-25,,Active,SRC012,0.94,2025-10-10 23:43:27,2026-04-03 09:40:39
PH02492,97159398045,+91,VoIP,P01658,,SIM366176,Vi,2021-08-15,,Suspended,SRC001,0.92,2026-05-09 14:49:11,2026-02-20 22:45:22
PH02493,94737637652,+91,Landline,P00766,,SIM641880,BSNL,2026-07-07,,Active,SRC001,0.81,2024-05-10 07:54:14,2026-03-15 10:53:36
PH02494,96734655770,+91,Landline,,O0183,SIM817321,Airtel,2023-05-15,,Inactive,SRC020,0.93,2024-02-25 02:31:11,2025-07-26 15:19:26
PH02495,93396049744,+91,Mobile,P02931,,SIM993744,BSNL,2020-09-07,,Active,SRC001,0.98,2024-05-28 04:20:50,2026-03-15 11:35:10
PH02496,95144174876,+91,Mobile,P02786,,SIM686068,Airtel,2022-05-17,,Suspended,SRC012,0.85,2025-06-17 11:51:18,2024-03-21 16:03:53
PH02497,94281106055,+91,VoIP,P03496,,SIM269099,Jio,2022-06-01,2026-04-06,Active,SRC001,0.9,2025-04-29 06:12:35,2025-11-13 03:14:16
PH02498,99144130091,+91,VoIP,,O0210,SIM945191,Airtel,2025-09-25,,Inactive,SRC015,0.86,2025-11-11 07:33:25,2024-06-28 14:14:56
PH02499,96700474753,+91,VoIP,P02973,,SIM421000,Jio,2022-12-07,,Inactive,SRC024,0.87,2024-08-18 04:52:07,2024-04-10 11:39:43
PH02500,99572414288,+91,VoIP,,O0374,SIM515201,Jio,2022-10-16,,Active,SRC020,0.91,2025-05-20 17:24:45,2024-09-22 06:47:09
PH02501,95988694223,+91,Landline,P01503,,SIM232931,Airtel,2024-12-22,,Suspended,SRC016,0.81,2025-08-27 08:41:43,2026-06-06 04:10:37
PH02502,99739474444,+91,VoIP,P00533,,SIM855301,BSNL,2019-01-21,,Inactive,SRC004,0.88,2025-11-25 00:38:32,2025-09-03 05:24:05
PH02503,95777166063,+91,VoIP,P01022,,SIM229918,Vi,2026-06-15,,Active,SRC004,0.86,2024-07-21 11:40:02,2026-05-14 14:20:21
PH02504,92702862814,+91,Landline,P00127,,SIM119822,Vi,2022-02-21,,Suspended,SRC001,0.85,2024-10-30 09:23:37,2025-03-06 20:29:10
PH02505,92720728206,+91,Landline,P02117,,SIM801967,Jio,2022-08-05,,Active,SRC019,0.94,2026-03-06 10:34:47,2024-06-06 02:54:43
PH02506,94239232575,+91,Mobile,P02687,,SIM963949,Jio,2025-10-22,,Inactive,SRC012,0.87,2024-12-04 06:29:07,2024-05-06 01:56:03
PH02507,99885562295,+91,Landline,P01305,,SIM267928,Airtel,2019-11-23,,Active,SRC025,0.83,2025-07-27 19:07:24,2025-03-17 08:52:23
PH02508,94088491369,+91,Landline,P03184,,SIM206121,BSNL,2019-03-05,,Active,SRC013,0.95,2025-01-22 19:22:38,2024-03-17 17:51:18
PH02509,96499069380,+91,Landline,P00797,,SIM274349,Vi,2019-03-01,,Active,SRC021,0.86,2024-04-02 12:25:22,2025-06-02 15:53:35
PH02510,94663134045,+91,Mobile,P03173,,SIM268884,Airtel,2026-02-15,,Inactive,SRC008,0.87,2024-08-01 16:14:22,2024-10-06 14:40:49
PH02511,92456325638,+91,VoIP,P02440,,SIM830098,Vi,2022-09-07,,Inactive,SRC021,0.99,2024-05-20 06:04:36,2024-07-22 14:38:58
PH02512,96630354079,+91,Mobile,P00518,,SIM500072,Vi,2025-03-07,,Suspended,SRC008,0.84,2025-02-02 15:18:17,2024-07-30 18:24:22
PH02513,93876980291,+91,Mobile,P00589,,SIM434276,Vi,2026-04-18,,Active,SRC017,0.8,2024-04-06 03:53:47,2025-07-11 19:52:17
PH02514,94032965306,+91,Mobile,P03425,,SIM241210,Airtel,2020-09-04,,Inactive,SRC014,0.94,2026-03-30 08:28:16,2025-08-19 22:22:36
PH02515,95283099595,+91,Mobile,P00128,,SIM161881,Jio,2020-06-04,,Inactive,SRC010,0.89,2026-05-15 07:37:03,2024-10-24 01:49:05
PH02516,99457549649,+91,Mobile,,O0220,SIM584088,Vi,2022-08-11,,Active,SRC022,0.88,2026-02-26 07:49:44,2025-01-06 10:00:08
PH02517,99877203913,+91,VoIP,P00599,,SIM513279,Airtel,2024-04-16,,Suspended,SRC025,0.99,2026-08-26 20:08:30,2024-10-10 16:40:28
PH02518,92883095171,+91,Landline,P01080,,SIM866162,Airtel,2022-03-03,,Active,SRC009,0.95,2024-05-06 07:45:01,2025-02-10 20:11:12
PH02519,95608908706,+91,Mobile,P02613,,SIM750454,Jio,2020-09-18,,Suspended,SRC023,0.95,2024-10-26 06:34:58,2025-02-05 20:18:13
PH02520,98985200238,+91,Mobile,P00378,,SIM124209,Jio,2025-04-19,,Inactive,SRC010,0.81,2024-03-18 02:19:05,2025-02-22 10:35:59
PH02521,95556920992,+91,Landline,P03165,,SIM282080,Jio,2019-10-25,,Suspended,SRC018,0.9,2025-05-10 23:19:20,2025-01-15 22:07:04
PH02522,93868420494,+91,Mobile,P00854,,SIM810539,Jio,2026-03-05,,Inactive,SRC017,0.84,2025-05-31 08:32:05,2025-11-05 14:44:44
PH02523,95422940325,+91,Mobile,P00229,,SIM381873,Vi,2020-08-24,,Suspended,SRC004,0.8,2025-12-01 18:52:37,2024-09-20 12:04:13
PH02524,92823981539,+91,Mobile,,O0457,SIM968256,Vi,2024-06-13,2025-12-22,Suspended,SRC028,0.88,2024-06-25 15:41:53,2025-04-27 17:40:56
PH02525,98195144707,+91,Mobile,P01454,,SIM303524,BSNL,2023-08-11,,Active,SRC016,0.98,2024-04-06 20:02:57,2025-12-17 09:01:18
PH02526,99077690778,+91,Landline,P02589,,SIM337313,Vi,2024-12-13,,Active,SRC014,0.82,2025-03-04 14:05:32,2024-01-20 09:44:24
PH02527,92118268036,+91,Landline,,O0269,SIM199187,Vi,2024-01-17,,Suspended,SRC023,0.9,2026-04-26 01:05:59,2025-09-23 17:33:39
PH02528,99131738155,+91,Landline,P03899,,SIM906178,Jio,2020-01-22,,Suspended,SRC004,0.98,2026-01-06 02:30:11,2024-11-20 21:51:52
PH02529,96537025415,+91,Landline,,O0259,SIM107380,Airtel,2022-03-24,2025-08-13,Active,SRC025,0.98,2024-02-15 18:41:32,2025-02-24 21:08:09
PH02530,96064892158,+91,VoIP,P03063,,SIM195225,Vi,2026-01-23,,Suspended,SRC009,0.92,2025-06-01 04:48:28,2026-06-29 01:33:51
PH02531,98079199534,+91,Landline,P00455,,SIM523990,Vi,2023-12-06,,Active,SRC026,0.9,2026-03-10 22:36:25,2025-06-17 15:42:30
PH02532,91120676321,+91,VoIP,P02238,,SIM679116,Vi,2024-03-15,,Suspended,SRC022,0.97,2025-10-27 12:13:28,2025-08-18 17:17:05
PH02533,94393113822,+91,VoIP,P01499,,SIM381163,Airtel,2019-05-23,,Suspended,SRC012,0.85,2024-03-21 15:12:50,2025-11-19 04:33:16
PH02534,96324456836,+91,Mobile,P03342,,SIM911408,Vi,2019-09-09,,Suspended,SRC027,0.84,2024-08-10 08:33:47,2024-03-11 06:08:51
PH02535,99008219921,+91,Landline,P03087,,SIM293645,Airtel,2020-02-22,2026-01-12,Active,SRC027,0.85,2024-07-08 00:22:10,2026-08-04 02:34:54
PH02536,94868974268,+91,Mobile,P01053,,SIM798812,Jio,2025-10-18,,Active,SRC006,0.89,2025-09-11 15:44:57,2024-12-13 03:47:24
PH02537,91598583572,+91,Landline,P01136,,SIM555741,BSNL,2020-09-24,2024-11-08,Inactive,SRC002,0.96,2025-02-19 20:39:57,2024-09-12 07:13:35
PH02538,98062002061,+91,Landline,,O0442,SIM273644,Airtel,2022-12-14,,Suspended,SRC023,0.89,2026-04-19 15:10:51,2025-02-08 20:51:10
PH02539,99420978731,+91,VoIP,P03932,,SIM872905,Vi,2026-03-13,,Active,SRC023,0.89,2025-01-12 11:03:35,2024-08-02 13:30:27
PH02540,93221970557,+91,Landline,P01422,,SIM344146,Jio,2024-02-21,,Active,SRC021,0.9,2025-10-26 16:04:32,2025-01-26 16:40:42
PH02541,93248019037,+91,Landline,P03671,,SIM700115,Vi,2022-05-02,,Inactive,SRC015,0.95,2025-05-19 01:27:07,2024-05-23 21:31:48
PH02542,97513856684,+91,VoIP,P03602,,SIM675949,BSNL,2020-04-06,,Active,SRC011,0.91,2024-04-22 10:19:59,2026-01-11 19:09:26
PH02543,98779690610,+91,Mobile,P02642,,SIM624831,Airtel,2018-09-12,,Inactive,SRC007,0.87,2024-03-30 02:27:10,2024-04-25 11:41:00
PH02544,93604117741,+91,Mobile,,O0177,SIM175134,Jio,2019-08-25,,Inactive,SRC012,0.87,2024-10-02 02:13:57,2026-05-28 06:59:58
PH02545,93344546389,+91,Mobile,P01592,,SIM621336,Airtel,2022-07-04,2025-12-01,Suspended,SRC021,0.99,2026-03-01 16:05:11,2025-10-24 16:58:16
PH02546,97531169008,+91,Mobile,P03861,,SIM471428,Vi,2019-04-07,,Suspended,SRC013,0.86,2025-08-07 13:54:44,2025-03-04 10:56:52
PH02547,93398858142,+91,Landline,P03109,,SIM777347,Jio,2022-07-02,,Active,SRC028,0.94,2026-02-23 18:53:54,2025-05-06 04:38:01
PH02548,95404574809,+91,Mobile,P02869,,SIM446442,Airtel,2021-11-29,,Suspended,SRC004,0.84,2024-05-09 02:41:25,2024-08-23 20:52:56
PH02549,93818046792,+91,Mobile,P01756,,SIM971420,Jio,2019-10-12,2025-11-23,Inactive,SRC018,0.83,2025-07-04 14:31:32,2026-08-26 05:18:08
PH02550,96775887822,+91,Landline,P03546,,SIM398961,Jio,2025-01-03,,Inactive,SRC030,0.88,2025-03-09 22:34:47,2025-02-04 19:56:27
PH02551,98624045363,+91,VoIP,P03957,,SIM768319,Jio,2025-05-28,2025-11-15,Suspended,SRC003,0.94,2025-11-27 19:00:52,2024-07-14 08:42:54
PH02552,98373272586,+91,Landline,P01529,,SIM468604,BSNL,2021-10-09,,Active,SRC018,0.88,2024-07-24 10:50:06,2025-07-26 08:35:37
PH02553,97590270339,+91,Mobile,,O0258,SIM963915,Vi,2020-10-01,,Suspended,SRC025,0.97,2024-04-20 17:02:22,2024-06-17 18:35:36
PH02554,96127386198,+91,Landline,P00194,,SIM461474,Jio,2025-01-10,,Suspended,SRC020,0.9,2025-05-06 14:05:12,2026-01-11 06:31:35
PH02555,98321986414,+91,Mobile,P03317,,SIM337718,Jio,2018-12-20,,Active,SRC012,0.94,2024-10-27 07:39:14,2025-01-24 17:02:15
PH02556,94170693501,+91,Mobile,P03668,,SIM479689,Jio,2023-11-19,,Inactive,SRC017,0.81,2025-08-23 01:31:17,2026-07-29 13:53:13
PH02557,98760381448,+91,Mobile,P01547,,SIM552463,BSNL,2021-08-08,,Active,SRC024,0.86,2025-12-31 06:48:02,2024-03-28 23:38:40
PH02558,99332887373,+91,Landline,P01129,,SIM495080,Airtel,2020-05-17,,Inactive,SRC014,0.91,2024-03-04 07:56:16,2024-03-05 04:12:09
PH02559,99223096017,+91,Mobile,P02662,,SIM319835,Vi,2019-09-29,,Active,SRC003,0.97,2025-01-04 15:58:14,2024-09-06 23:00:35
PH02560,96611514973,+91,Mobile,P00050,,SIM594328,Jio,2024-12-04,,Active,SRC003,0.95,2026-03-09 10:31:04,2025-09-06 07:09:16
PH02561,91387620085,+91,Mobile,P02510,,SIM980591,Vi,2023-11-14,,Suspended,SRC002,0.88,2026-02-14 00:53:15,2024-10-02 13:43:05
PH02562,91949228194,+91,Landline,P01610,,SIM628493,BSNL,2023-09-10,2025-03-10,Suspended,SRC029,0.8,2026-01-07 20:47:06,2025-03-20 07:04:25
PH02563,91352609182,+91,Mobile,P01484,,SIM754325,Airtel,2025-11-18,,Active,SRC008,0.96,2024-09-13 22:02:55,2025-04-02 14:30:28
PH02564,96337771024,+91,VoIP,P02797,,SIM792399,Airtel,2020-06-27,,Inactive,SRC024,0.85,2024-04-24 18:28:38,2024-04-24 16:26:12
PH02565,95247952576,+91,Mobile,P03606,,SIM551130,BSNL,2024-12-20,,Inactive,SRC001,0.88,2024-03-28 12:55:36,2024-06-15 21:19:04
PH02566,94318553896,+91,VoIP,P01133,,SIM288395,Vi,2019-05-09,,Active,SRC003,0.86,2025-09-20 21:52:16,2024-04-19 04:58:17
PH02567,95548564946,+91,Mobile,P02182,,SIM185411,Jio,2019-07-13,,Suspended,SRC009,0.98,2025-07-29 06:39:39,2025-05-10 22:35:04
PH02568,94531410881,+91,VoIP,P02773,,SIM533259,Vi,2023-08-17,,Active,SRC009,0.95,2025-12-28 18:47:14,2026-07-16 16:18:24
PH02569,98262788413,+91,Landline,P01430,,SIM442692,Jio,2023-07-05,2026-01-08,Suspended,SRC014,0.81,2025-07-29 14:55:21,2025-06-12 16:29:31
PH02570,91551473784,+91,Mobile,P00924,,SIM609724,Jio,2019-10-02,,Active,SRC006,0.85,2026-08-27 19:00:07,2024-08-16 13:48:16
PH02571,93972472113,+91,Mobile,P01863,,SIM770333,Airtel,2020-03-07,2025-12-19,Inactive,SRC013,0.95,2026-04-27 04:38:04,2026-08-23 07:57:54
PH02572,92126797239,+91,VoIP,P03183,,SIM408049,BSNL,2024-12-09,2025-08-13,Active,SRC011,0.8,2024-04-25 13:36:39,2025-11-14 15:57:14
PH02573,98203815768,+91,Mobile,P03930,,SIM207160,Vi,2024-04-02,,Suspended,SRC015,0.88,2026-02-08 07:21:27,2024-05-31 15:08:22
PH02574,98238285548,+91,VoIP,P00833,,SIM936248,BSNL,2019-05-22,,Inactive,SRC026,0.98,2024-01-15 16:43:03,2024-03-12 11:34:51
PH02575,91170411705,+91,Landline,P00261,,SIM995286,BSNL,2023-04-11,,Inactive,SRC024,0.91,2025-10-02 08:04:06,2024-07-21 22:44:57
PH02576,98681817076,+91,VoIP,,O0011,SIM324534,Vi,2020-12-01,,Suspended,SRC028,0.94,2024-09-06 11:03:03,2026-05-29 06:22:48
PH02577,91451764956,+91,Mobile,P00022,,SIM812342,BSNL,2024-02-05,,Inactive,SRC012,0.9,2026-07-11 22:24:13,2026-04-30 18:03:29
PH02578,98351064971,+91,VoIP,P02558,,SIM992595,Vi,2021-12-15,,Suspended,SRC027,0.84,2026-01-03 02:11:00,2025-04-03 09:28:52
PH02579,98181707743,+91,Mobile,P03658,,SIM881922,Airtel,2025-03-24,,Inactive,SRC014,0.88,2024-05-19 00:22:24,2026-06-04 04:35:56
PH02580,94660247455,+91,Landline,P01476,,SIM190757,Jio,2021-05-02,,Inactive,SRC015,0.94,2026-06-04 05:12:06,2024-02-20 09:44:20
PH02581,96488841345,+91,Mobile,P00637,,SIM711789,Vi,2026-02-27,,Suspended,SRC013,0.87,2025-01-02 10:17:21,2025-03-27 04:40:17
PH02582,91310518142,+91,VoIP,P01474,,SIM706886,Vi,2019-02-22,,Inactive,SRC022,0.95,2026-06-14 03:50:08,2025-05-29 08:20:19
PH02583,97507683043,+91,Landline,P03888,,SIM859753,BSNL,2022-12-22,,Active,SRC014,0.93,2026-08-14 17:53:21,2026-05-04 04:23:19
PH02584,95606505234,+91,VoIP,P00920,,SIM837121,Jio,2019-03-13,2026-03-21,Active,SRC002,0.83,2024-01-22 08:42:23,2024-08-22 14:22:41
PH02585,98807802452,+91,Landline,P03386,,SIM323461,BSNL,2024-08-12,,Active,SRC015,0.81,2025-08-20 16:00:42,2024-09-19 10:35:46
PH02586,96483405299,+91,VoIP,P01162,,SIM882822,Airtel,2025-03-22,,Inactive,SRC026,0.91,2024-06-01 15:15:13,2024-11-17 15:57:33
PH02587,97612251832,+91,Mobile,P02413,,SIM231536,Vi,2026-05-09,,Suspended,SRC030,0.83,2025-08-26 18:03:38,2025-11-02 06:53:57
PH02588,97881986610,+91,VoIP,P01420,,SIM535666,Airtel,2023-08-30,2026-05-24,Active,SRC003,0.9,2024-06-15 12:51:46,2025-05-28 05:10:30
PH02589,99044670423,+91,Mobile,P00462,,SIM993120,Vi,2019-12-23,,Active,SRC012,0.82,2025-03-24 19:45:20,2025-07-28 10:44:13
PH02590,91875312304,+91,VoIP,P01934,,SIM208595,Vi,2021-11-05,,Suspended,SRC017,0.88,2024-08-16 01:20:20,2026-08-09 15:19:50
PH02591,98213740608,+91,VoIP,P00280,,SIM118207,Vi,2023-09-01,,Inactive,SRC017,0.89,2025-07-08 21:04:37,2024-01-11 08:19:50
PH02592,95053429021,+91,VoIP,P02415,,SIM269829,Jio,2023-05-31,,Suspended,SRC020,0.82,2025-05-29 14:26:16,2024-05-09 18:56:17
PH02593,97086361452,+91,Landline,P02426,,SIM494847,Vi,2023-12-15,,Suspended,SRC010,0.99,2024-10-11 06:37:56,2026-03-13 09:17:21
PH02594,99576182422,+91,Landline,P03496,,SIM910808,Vi,2024-06-29,,Active,SRC030,0.81,2024-06-26 08:48:33,2024-05-28 17:19:53
PH02595,95772183440,+91,VoIP,P02931,,SIM186406,BSNL,2024-06-03,,Suspended,SRC004,0.94,2025-05-19 14:09:20,2026-07-24 16:20:35
PH02596,98500992746,+91,VoIP,P02403,,SIM377723,BSNL,2025-02-28,,Active,SRC028,0.88,2024-03-23 19:22:13,2025-07-02 17:04:26
PH02597,95619492001,+91,Landline,P02956,,SIM175437,Vi,2020-11-01,,Active,SRC028,0.88,2024-03-23 05:35:59,2025-10-15 19:11:25
PH02598,94310061194,+91,Landline,P01064,,SIM717100,BSNL,2026-05-09,,Active,SRC015,0.83,2025-12-21 18:13:07,2025-03-25 23:34:00
PH02599,93646466714,+91,Landline,P02786,,SIM797071,BSNL,2018-09-06,,Suspended,SRC009,0.97,2024-05-21 03:39:14,2024-10-01 22:01:13
PH02600,96033810749,+91,Mobile,P02558,,SIM102633,Jio,2019-12-25,,Active,SRC005,0.91,2024-12-10 07:07:00,2025-12-03 05:19:58
PH02601,95294717559,+91,Landline,P01436,,SIM284183,BSNL,2020-12-25,,Suspended,SRC008,0.81,2024-09-18 17:40:14,2025-11-09 11:23:14
PH02602,96181871160,+91,Mobile,P02344,,SIM365555,BSNL,2025-05-09,,Active,SRC016,0.85,2025-02-15 00:22:48,2025-09-15 06:11:17
PH02603,99316984252,+91,Mobile,P02685,,SIM251942,BSNL,2025-08-10,,Active,SRC010,0.81,2024-09-15 00:05:46,2024-10-29 01:26:43
PH02604,91870763322,+91,Landline,P02958,,SIM807487,BSNL,2019-12-07,,Suspended,SRC028,0.89,2025-04-30 20:50:49,2026-03-02 17:40:38
PH02605,92084080735,+91,VoIP,P03221,,SIM556564,BSNL,2026-05-26,,Suspended,SRC021,0.92,2024-12-03 00:37:12,2024-08-07 00:49:39
PH02606,96970946059,+91,VoIP,P00010,,SIM100270,Jio,2025-03-28,,Active,SRC026,0.97,2024-08-02 15:52:37,2024-10-23 18:46:08
PH02607,93636715447,+91,Mobile,P00784,,SIM474887,BSNL,2019-12-21,,Active,SRC002,0.94,2024-08-16 01:10:30,2024-03-01 01:40:00
PH02608,93811722759,+91,VoIP,P00329,,SIM153992,Jio,2025-05-06,,Inactive,SRC025,0.8,2024-09-16 19:28:03,2025-04-18 19:06:56
PH02609,92710453346,+91,Landline,,O0414,SIM691900,Vi,2022-09-24,,Active,SRC019,0.89,2026-08-14 12:32:06,2024-01-11 23:47:31
PH02610,97728156548,+91,Landline,P03781,,SIM571830,BSNL,2024-06-23,,Active,SRC019,0.85,2024-10-19 23:03:23,2024-01-03 12:01:11
PH02611,95260830477,+91,Mobile,P01574,,SIM705290,Vi,2020-05-12,,Active,SRC008,0.86,2026-06-08 20:54:53,2025-07-17 12:38:57
PH02612,95549525275,+91,Mobile,P02386,,SIM795043,Airtel,2020-12-25,,Active,SRC008,0.96,2025-08-06 16:21:15,2026-07-03 05:43:39
PH02613,97522684024,+91,Mobile,P02815,,SIM615375,BSNL,2022-12-20,,Suspended,SRC004,0.94,2026-07-03 02:19:58,2025-06-27 04:12:40
PH02614,95161908035,+91,Mobile,P03442,,SIM870200,BSNL,2026-03-15,,Suspended,SRC007,0.82,2026-08-22 13:40:32,2026-02-12 10:40:08
PH02615,92565544762,+91,Landline,P02739,,SIM603994,BSNL,2021-06-24,,Inactive,SRC008,0.91,2025-05-01 13:00:27,2025-04-02 20:41:52
PH02616,94292187311,+91,Mobile,P01898,,SIM403326,Airtel,2020-10-22,,Active,SRC002,0.93,2026-01-15 11:07:41,2026-03-30 19:39:29
PH02617,96374915640,+91,VoIP,,O0259,SIM733656,Airtel,2024-09-10,,Inactive,SRC023,0.94,2025-12-12 11:21:50,2024-01-23 03:06:19
PH02618,95717950942,+91,Landline,P03050,,SIM866764,Airtel,2024-02-26,,Inactive,SRC018,0.82,2026-04-20 05:04:42,2025-06-17 00:32:28
PH02619,97157941127,+91,Mobile,P03846,,SIM518296,Vi,2019-06-13,,Suspended,SRC022,0.88,2025-04-07 09:21:54,2025-08-25 03:13:18
PH02620,93574523784,+91,Landline,P01450,,SIM218964,Jio,2024-03-22,,Active,SRC004,0.96,2025-07-04 14:39:07,2024-02-08 07:13:37
PH02621,97958243362,+91,VoIP,P03165,,SIM177031,Vi,2023-11-09,,Active,SRC009,0.87,2024-05-16 14:31:44,2024-07-17 23:48:33
PH02622,96230196539,+91,Mobile,P00076,,SIM978253,Airtel,2022-09-25,,Inactive,SRC013,0.88,2026-01-18 07:58:06,2024-01-31 13:29:57
PH02623,92543551936,+91,Mobile,,O0369,SIM566605,Vi,2025-04-27,,Inactive,SRC002,0.82,2024-04-28 03:21:00,2025-08-14 22:52:42
PH02624,97018030945,+91,VoIP,P00779,,SIM366128,Vi,2023-12-08,,Inactive,SRC019,0.8,2026-02-02 18:23:46,2025-01-23 17:01:49
PH02625,97013960913,+91,VoIP,P01756,,SIM392636,Vi,2022-08-27,,Suspended,SRC019,0.89,2026-05-22 20:03:14,2024-08-26 11:30:44
PH02626,91975655062,+91,Mobile,P02349,,SIM730304,Vi,2024-10-17,,Suspended,SRC025,0.82,2025-11-16 18:58:07,2026-01-24 22:34:57
PH02627,95495018208,+91,VoIP,P00676,,SIM200225,BSNL,2025-02-18,,Inactive,SRC005,0.91,2025-06-25 15:13:27,2024-02-13 22:27:02
PH02628,92653741244,+91,Mobile,P00308,,SIM976237,Airtel,2025-11-09,,Suspended,SRC002,0.92,2026-01-15 11:31:55,2025-11-15 02:53:58
PH02629,98176416203,+91,VoIP,P02484,,SIM296650,Airtel,2022-10-21,,Suspended,SRC022,0.93,2026-03-22 20:12:32,2024-04-30 14:29:55
PH02630,93944338193,+91,VoIP,P00770,,SIM187873,Vi,2022-11-15,,Inactive,SRC030,0.84,2026-08-08 20:15:54,2025-10-23 13:30:01
PH02631,97851413397,+91,Landline,,O0280,SIM619406,Airtel,2025-06-16,,Suspended,SRC025,0.88,2024-02-03 05:22:22,2025-10-11 19:05:32
PH02632,95366491955,+91,Mobile,P01659,,SIM643003,BSNL,2021-05-14,,Active,SRC026,0.91,2025-12-25 12:04:36,2025-10-06 21:57:56
PH02633,92393346504,+91,VoIP,P01408,,SIM887725,Airtel,2025-07-17,2024-12-05,Suspended,SRC001,0.91,2025-01-21 06:50:22,2025-10-18 16:55:50
PH02634,98902328786,+91,Mobile,P03168,,SIM350089,BSNL,2022-10-20,,Active,SRC018,0.9,2025-05-20 21:00:07,2026-08-30 02:17:53
PH02635,98744572008,+91,Mobile,P01305,,SIM436825,Vi,2025-12-14,,Suspended,SRC023,0.83,2025-06-07 18:02:22,2024-01-02 01:01:09
PH02636,91392226290,+91,Landline,P01984,,SIM473679,Jio,2021-05-20,,Suspended,SRC008,0.83,2025-01-04 02:35:53,2025-01-19 20:03:09
PH02637,96922403458,+91,Landline,P01958,,SIM528709,BSNL,2021-09-30,,Suspended,SRC028,0.86,2026-01-23 12:48:29,2024-08-14 03:36:17
PH02638,96903202934,+91,Landline,,O0282,SIM587480,BSNL,2023-09-20,,Active,SRC009,0.81,2025-12-02 15:38:53,2025-10-21 12:17:22
PH02639,99741267596,+91,VoIP,,O0074,SIM937998,BSNL,2024-06-23,,Inactive,SRC021,0.88,2026-01-26 04:40:18,2024-07-09 03:39:50
PH02640,95947893493,+91,Mobile,P00741,,SIM813942,Vi,2024-08-24,,Inactive,SRC016,0.82,2024-11-03 18:07:38,2026-05-01 20:32:31
PH02641,99491177007,+91,VoIP,P03050,,SIM133028,Jio,2021-10-28,,Suspended,SRC018,0.93,2025-10-05 19:42:29,2024-10-05 16:34:02
PH02642,99327279141,+91,Landline,P02676,,SIM699150,Jio,2020-03-31,2025-03-27,Inactive,SRC023,0.84,2026-08-07 14:29:08,2024-04-01 19:57:04
PH02643,98234064602,+91,Mobile,P03141,,SIM386531,BSNL,2021-04-07,,Active,SRC001,0.94,2026-08-17 10:26:22,2025-12-13 04:54:46
PH02644,93197898348,+91,VoIP,P03687,,SIM531731,Vi,2023-06-21,2025-06-11,Suspended,SRC002,0.85,2025-04-20 07:06:52,2025-01-26 04:43:47
PH02645,92402063184,+91,Landline,P02795,,SIM306613,Vi,2022-01-08,,Active,SRC001,0.9,2024-04-21 10:28:18,2025-02-02 17:26:11
PH02646,93319632896,+91,Landline,P02538,,SIM183871,BSNL,2022-08-03,,Suspended,SRC013,0.91,2024-05-15 19:39:02,2025-11-12 12:30:27
PH02647,94119925840,+91,Mobile,P02480,,SIM514094,Jio,2026-03-31,,Suspended,SRC019,0.86,2026-07-11 01:51:13,2025-07-07 14:55:55
PH02648,95988763921,+91,Mobile,P03117,,SIM830691,BSNL,2023-10-18,,Suspended,SRC024,0.81,2024-08-08 03:28:27,2026-02-02 17:11:05
PH02649,93305105697,+91,Mobile,P00140,,SIM157755,Jio,2019-09-18,,Inactive,SRC008,0.98,2026-01-11 03:04:51,2024-09-21 09:17:53
PH02650,98806711563,+91,Mobile,P00359,,SIM270837,BSNL,2023-11-08,,Active,SRC024,0.85,2026-03-15 18:29:58,2026-08-23 13:49:21
PH02651,98761223925,+91,Landline,P03633,,SIM332559,Airtel,2026-05-08,,Active,SRC027,0.89,2024-11-15 05:36:37,2025-11-01 05:46:46
PH02652,96770745368,+91,Landline,P02138,,SIM367639,Airtel,2025-10-08,,Active,SRC016,0.98,2025-08-21 03:39:27,2026-02-26 02:57:44
PH02653,99666831295,+91,Mobile,P00845,,SIM311535,BSNL,2022-08-07,,Active,SRC014,0.87,2025-03-11 07:42:36,2026-06-02 16:47:22
PH02654,99054882241,+91,Landline,P01844,,SIM180674,BSNL,2019-05-10,,Suspended,SRC020,0.93,2024-06-20 08:42:34,2026-03-19 13:29:47
PH02655,99202672954,+91,Mobile,P03088,,SIM805345,BSNL,2023-05-26,2025-05-19,Inactive,SRC003,0.9,2024-06-21 05:49:50,2026-04-24 08:25:04
PH02656,97256251725,+91,VoIP,P03613,,SIM368191,Vi,2023-06-01,2025-09-08,Active,SRC007,0.82,2026-07-04 04:11:16,2024-08-16 01:45:12
PH02657,95581572694,+91,Mobile,P00498,,SIM783264,BSNL,2023-05-29,2025-09-16,Active,SRC027,0.92,2024-11-25 15:49:30,2024-12-02 00:06:55
PH02658,97193618848,+91,Landline,P02754,,SIM878996,Airtel,2021-08-05,,Inactive,SRC001,0.85,2025-08-08 20:01:40,2024-06-07 20:18:07
PH02659,99462596807,+91,Landline,P03775,,SIM322403,Vi,2020-04-10,,Inactive,SRC011,0.85,2026-03-01 03:20:24,2025-01-03 02:37:47
PH02660,91566164199,+91,Mobile,P03503,,SIM156208,Airtel,2022-01-09,,Suspended,SRC011,0.98,2024-02-03 04:49:59,2024-04-06 14:18:27
PH02661,93139832055,+91,Landline,P03654,,SIM546904,BSNL,2024-11-02,,Active,SRC006,0.95,2024-10-09 16:52:44,2026-03-13 07:42:44
PH02662,94758384398,+91,Mobile,P01817,,SIM192852,Airtel,2021-02-04,,Suspended,SRC002,0.9,2026-08-22 02:22:54,2025-09-09 19:19:10
PH02663,94041587145,+91,Mobile,P02295,,SIM422251,Vi,2020-01-01,,Suspended,SRC030,0.81,2026-01-31 20:17:09,2024-02-11 19:52:05
PH02664,93034589508,+91,VoIP,P03703,,SIM835924,Airtel,2025-01-08,,Inactive,SRC007,0.87,2024-10-20 06:54:13,2025-12-21 03:50:10
PH02665,97837015645,+91,VoIP,,O0162,SIM863791,Vi,2022-07-10,,Suspended,SRC017,0.93,2025-07-04 00:49:43,2025-09-14 16:49:18
PH02666,95357504405,+91,Mobile,P02354,,SIM434979,Airtel,2020-06-15,2025-07-11,Suspended,SRC014,0.88,2025-09-21 05:27:20,2025-07-28 06:18:57
PH02667,97055527398,+91,Mobile,P01506,,SIM518635,Jio,2020-01-17,,Suspended,SRC007,0.81,2025-05-17 20:59:54,2024-06-29 15:19:39
PH02668,99778302090,+91,Mobile,P03616,,SIM761014,BSNL,2022-12-27,,Active,SRC020,0.83,2025-06-04 07:16:55,2024-08-04 19:37:28
PH02669,98296188489,+91,Mobile,P03664,,SIM345107,Jio,2023-07-02,,Active,SRC017,0.84,2024-10-17 15:40:01,2025-05-12 18:40:14
PH02670,97303186548,+91,Mobile,P03548,,SIM678251,Vi,2020-11-20,,Suspended,SRC027,0.86,2026-05-15 12:15:08,2024-11-03 01:41:40
PH02671,99068681535,+91,Landline,P02027,,SIM444594,BSNL,2023-05-12,,Suspended,SRC017,0.93,2025-02-11 23:04:19,2025-09-24 00:02:08
PH02672,95650352098,+91,Landline,P02834,,SIM372418,BSNL,2020-12-07,,Suspended,SRC024,0.81,2025-03-27 01:15:03,2026-08-24 22:45:29
PH02673,92454689341,+91,Landline,P01341,,SIM147804,BSNL,2019-07-13,,Suspended,SRC012,0.83,2025-06-13 02:46:44,2026-01-15 22:34:43
PH02674,95660459334,+91,Landline,P01551,,SIM467211,Airtel,2025-05-07,,Active,SRC021,0.93,2025-01-10 20:40:38,2025-06-22 20:27:51
PH02675,92423203203,+91,VoIP,P00717,,SIM813596,BSNL,2025-05-11,,Active,SRC028,0.98,2024-11-14 09:01:30,2024-07-19 02:32:53
PH02676,96984549793,+91,Mobile,P03847,,SIM428865,Jio,2026-08-22,,Inactive,SRC001,0.86,2024-09-01 10:52:18,2025-11-05 23:16:34
PH02677,98015954236,+91,Landline,P03067,,SIM527263,Airtel,2024-07-05,,Suspended,SRC026,0.84,2026-05-29 05:06:42,2024-08-22 08:06:32
PH02678,96323781907,+91,Landline,P03012,,SIM269735,BSNL,2023-07-31,,Active,SRC016,0.82,2025-03-07 21:32:50,2024-05-03 07:55:52
PH02679,98494773228,+91,Mobile,P03389,,SIM411148,Vi,2025-10-25,,Active,SRC020,0.88,2024-07-28 05:54:13,2024-11-05 15:26:15
PH02680,91265051197,+91,Mobile,P02084,,SIM317845,Vi,2022-03-14,,Active,SRC014,0.87,2025-06-12 00:48:03,2024-09-23 03:35:46
PH02681,99491114369,+91,VoIP,P00557,,SIM907425,Airtel,2020-04-18,2026-01-03,Suspended,SRC024,0.81,2026-03-18 00:37:14,2024-03-19 15:05:04
PH02682,93049318780,+91,Landline,P01386,,SIM940250,BSNL,2019-05-01,,Inactive,SRC001,0.92,2025-11-20 04:26:07,2026-08-04 18:48:11
PH02683,98190167266,+91,VoIP,P03387,,SIM275149,BSNL,2024-07-09,2025-10-19,Suspended,SRC013,0.86,2024-01-21 05:47:23,2024-07-02 13:59:39
PH02684,95941191207,+91,Mobile,P01929,,SIM322864,Airtel,2025-09-13,,Suspended,SRC016,0.92,2025-05-05 13:47:08,2024-05-19 18:42:01
PH02685,94773700304,+91,Mobile,P03118,,SIM649829,Airtel,2020-04-02,,Inactive,SRC023,0.91,2025-06-14 21:04:02,2025-06-03 23:27:10
PH02686,95083822235,+91,VoIP,,O0471,SIM182156,BSNL,2024-08-02,2025-08-27,Inactive,SRC012,0.84,2024-02-12 01:33:08,2024-10-17 09:34:25
PH02687,92099401748,+91,VoIP,P00449,,SIM995235,Jio,2022-02-11,,Active,SRC016,0.86,2024-01-16 10:30:16,2024-06-02 21:03:18
PH02688,97594323276,+91,Mobile,P03837,,SIM203600,BSNL,2023-07-01,2026-06-27,Active,SRC010,0.94,2025-06-15 13:18:13,2026-04-04 08:07:32
PH02689,96869809506,+91,Mobile,P01835,,SIM152430,Vi,2022-08-07,,Inactive,SRC011,0.88,2025-04-14 13:14:08,2025-10-23 07:37:06
PH02690,92276976010,+91,Mobile,P02927,,SIM529114,BSNL,2023-07-20,,Active,SRC006,0.85,2026-08-20 14:08:10,2026-06-07 12:27:25
PH02691,98710584984,+91,Landline,P00960,,SIM254291,Jio,2024-07-13,,Suspended,SRC019,0.9,2024-09-02 21:56:42,2025-04-15 18:25:15
PH02692,97750115182,+91,VoIP,P03640,,SIM369612,Airtel,2023-07-09,,Active,SRC019,0.84,2026-03-14 02:31:44,2025-03-09 06:24:27
PH02693,91290960938,+91,Mobile,P02705,,SIM786329,Airtel,2024-09-14,,Active,SRC019,0.97,2024-08-14 17:27:23,2025-01-09 05:23:06
PH02694,97574475978,+91,Landline,P03360,,SIM611876,BSNL,2024-07-07,,Active,SRC011,0.97,2024-02-14 23:24:35,2025-09-25 10:00:13
PH02695,97343884619,+91,Mobile,P03974,,SIM355768,Vi,2026-04-18,2026-08-27,Active,SRC027,0.92,2024-04-16 17:19:43,2024-12-06 08:58:35
PH02696,97811615255,+91,VoIP,,O0448,SIM982338,BSNL,2022-02-03,,Inactive,SRC029,0.81,2026-06-19 15:17:55,2026-08-07 16:42:24
PH02697,96997816179,+91,Mobile,P02435,,SIM205862,Airtel,2018-11-14,,Inactive,SRC014,0.93,2025-08-24 02:29:59,2024-01-23 11:38:46
PH02698,93924711106,+91,Mobile,P03266,,SIM407153,Vi,2023-08-14,,Active,SRC005,0.95,2024-04-14 20:12:30,2024-10-23 09:37:13
PH02699,99631444672,+91,Landline,,O0251,SIM591834,Jio,2021-04-12,,Active,SRC007,0.9,2026-06-09 22:19:35,2026-02-15 14:13:43
PH02700,94206911841,+91,Landline,P02935,,SIM749154,Jio,2024-08-29,,Inactive,SRC024,0.98,2025-08-06 11:37:41,2024-04-20 18:34:53
PH02701,95625458503,+91,Landline,P02946,,SIM294268,Jio,2020-12-31,,Inactive,SRC019,0.82,2025-03-06 03:57:58,2025-11-05 22:37:18
PH02702,93254183891,+91,Mobile,P00422,,SIM793468,Airtel,2022-07-06,,Active,SRC001,0.82,2026-08-23 06:57:51,2025-07-30 13:48:17
PH02703,99801050877,+91,VoIP,P01021,,SIM528081,Airtel,2021-09-18,,Suspended,SRC023,0.87,2024-08-20 20:20:08,2024-03-27 21:01:58
PH02704,91638723307,+91,Mobile,P02485,,SIM699019,Jio,2022-08-23,,Active,SRC013,0.88,2024-02-20 02:59:49,2025-07-06 15:03:29
PH02705,93324935337,+91,Landline,P01410,,SIM786410,Airtel,2019-08-16,,Inactive,SRC016,0.91,2024-02-27 03:26:35,2025-04-05 20:24:35
PH02706,97475587598,+91,VoIP,P02531,,SIM857378,Airtel,2021-09-08,,Inactive,SRC018,0.93,2025-09-10 03:57:24,2024-09-16 19:41:02
PH02707,94342169356,+91,Mobile,P03208,,SIM913630,Vi,2022-05-28,2024-09-27,Suspended,SRC026,0.86,2024-10-10 08:05:17,2025-07-31 12:04:34
PH02708,93902562620,+91,Mobile,P02241,,SIM942321,Vi,2025-12-24,,Inactive,SRC015,0.94,2025-06-06 13:10:06,2024-02-02 15:38:51
PH02709,91593866078,+91,Mobile,P03417,,SIM945877,Vi,2018-09-10,,Suspended,SRC012,0.87,2024-11-02 13:38:33,2025-08-31 06:28:44
PH02710,99577889905,+91,VoIP,P03598,,SIM880986,Jio,2025-05-12,,Suspended,SRC021,0.94,2024-05-07 12:31:46,2025-08-07 10:20:52
PH02711,91167904589,+91,VoIP,P00043,,SIM888955,Jio,2020-10-22,,Inactive,SRC002,0.89,2024-11-01 22:28:50,2026-03-23 22:11:42
PH02712,97733320681,+91,VoIP,,O0070,SIM659930,Airtel,2022-02-26,,Active,SRC001,0.81,2024-03-20 08:47:04,2026-06-17 21:05:24
PH02713,98767296823,+91,Mobile,P02751,,SIM619489,BSNL,2019-05-23,,Active,SRC019,0.94,2024-12-07 20:01:36,2024-08-15 07:29:26
PH02714,92913665448,+91,Landline,,O0424,SIM142162,BSNL,2020-04-13,,Suspended,SRC010,0.85,2025-08-28 21:57:19,2025-04-23 14:26:51
PH02715,91772322919,+91,Mobile,P02875,,SIM307977,Airtel,2021-04-22,2026-03-21,Inactive,SRC010,0.81,2024-04-09 03:02:17,2025-05-20 02:09:49
PH02716,97322845810,+91,VoIP,P01024,,SIM358318,Jio,2022-06-09,,Suspended,SRC011,0.81,2024-07-22 14:08:25,2026-03-09 09:58:07
PH02717,96985848904,+91,Mobile,P01019,,SIM920721,Airtel,2024-02-24,,Inactive,SRC020,0.95,2026-08-24 09:13:15,2026-08-05 19:58:55
PH02718,97689669661,+91,Mobile,P00932,,SIM842510,Vi,2026-08-12,,Active,SRC022,0.81,2025-06-26 20:44:18,2026-08-02 22:50:25
PH02719,92670677804,+91,Mobile,P01815,,SIM424947,Jio,2024-05-10,,Active,SRC020,0.93,2024-05-01 13:26:25,2024-05-01 21:38:43
PH02720,97814648031,+91,VoIP,P03871,,SIM408975,Jio,2026-06-11,,Inactive,SRC022,0.97,2024-03-31 00:33:46,2026-04-01 08:56:42
PH02721,93518788685,+91,Mobile,,O0247,SIM902764,Jio,2021-01-04,,Active,SRC018,0.93,2024-10-28 23:43:48,2024-08-16 05:55:52
PH02722,97750234680,+91,Landline,P02593,,SIM707457,Vi,2019-09-07,,Suspended,SRC009,0.89,2026-02-23 09:26:17,2025-06-14 11:59:02
PH02723,97516318676,+91,Landline,P03278,,SIM953998,Airtel,2024-12-29,,Active,SRC005,0.9,2025-10-18 11:52:41,2024-02-21 17:32:58
PH02724,95306354585,+91,Mobile,P01980,,SIM814725,Jio,2021-11-04,,Active,SRC016,0.97,2024-07-01 04:08:26,2024-12-02 23:26:26
PH02725,94402208209,+91,Mobile,P00290,,SIM951741,Vi,2021-12-02,,Suspended,SRC027,0.92,2024-06-01 05:32:55,2026-08-14 21:33:08
PH02726,99035463625,+91,Landline,P01044,,SIM780117,BSNL,2022-06-04,,Active,SRC008,0.8,2026-02-27 01:41:52,2024-06-18 21:02:47
PH02727,95373528876,+91,VoIP,P01382,,SIM609357,Airtel,2024-03-16,,Inactive,SRC011,0.93,2026-02-19 09:06:34,2026-08-01 12:19:22
PH02728,93695768791,+91,Landline,P01839,,SIM323439,BSNL,2018-11-22,,Active,SRC030,0.88,2026-06-08 17:53:12,2026-03-02 07:15:43
PH02729,91559137122,+91,Landline,P02750,,SIM497432,Vi,2021-05-31,,Inactive,SRC005,0.89,2026-05-15 05:11:01,2025-02-10 09:16:40
PH02730,97899469763,+91,Landline,P03811,,SIM538469,BSNL,2026-06-12,,Active,SRC010,0.94,2026-06-12 15:12:16,2026-08-06 23:52:57
PH02731,97278290197,+91,Mobile,P02441,,SIM102755,BSNL,2025-11-25,2024-12-09,Inactive,SRC018,0.92,2026-06-17 07:49:19,2026-04-29 13:45:45
PH02732,91291701704,+91,Landline,P00438,,SIM311830,Airtel,2025-11-10,,Suspended,SRC003,0.84,2025-11-08 10:12:50,2024-11-12 10:28:58
PH02733,92847919606,+91,Landline,P00437,,SIM501057,Airtel,2021-02-24,,Active,SRC014,0.86,2024-10-26 13:17:37,2026-07-20 10:12:07
PH02734,91121367603,+91,Landline,P03831,,SIM667063,Vi,2025-10-28,,Inactive,SRC026,0.91,2025-11-05 18:04:18,2024-01-12 10:25:04
PH02735,98209990318,+91,Mobile,P01459,,SIM357345,Jio,2025-03-20,,Active,SRC015,0.83,2024-08-26 15:45:15,2025-08-13 02:43:03
PH02736,98843378421,+91,Mobile,P03305,,SIM613570,Airtel,2024-12-04,,Inactive,SRC002,0.95,2025-10-04 02:00:35,2024-05-28 15:19:15
PH02737,96417376789,+91,Landline,P01723,,SIM188284,BSNL,2022-08-28,2026-01-13,Active,SRC012,0.85,2025-11-18 09:40:43,2025-08-26 23:11:00
PH02738,98187722614,+91,VoIP,P01792,,SIM648025,Jio,2019-08-29,,Inactive,SRC003,0.97,2024-10-31 20:24:05,2026-07-26 06:48:55
PH02739,94974409762,+91,Landline,P02288,,SIM580952,Jio,2019-11-09,,Inactive,SRC007,0.84,2024-12-02 03:48:52,2026-04-04 02:40:42
PH02740,96192110871,+91,Mobile,,O0077,SIM239731,Airtel,2025-09-06,,Inactive,SRC025,0.83,2026-08-18 13:53:30,2026-04-25 14:01:08
PH02741,98381049104,+91,Landline,P02898,,SIM409133,Airtel,2022-08-02,,Active,SRC017,0.93,2024-12-17 23:26:02,2025-03-06 02:14:22
PH02742,91860694019,+91,Landline,P02115,,SIM673568,Airtel,2021-04-12,2025-07-24,Inactive,SRC018,0.9,2024-12-05 17:18:48,2024-06-17 16:02:38
PH02743,98083639470,+91,Mobile,,O0090,SIM865390,Airtel,2019-10-05,,Suspended,SRC008,0.88,2025-04-01 19:22:00,2025-12-23 04:13:34
PH02744,92665281038,+91,VoIP,P03872,,SIM333518,Jio,2025-08-10,,Inactive,SRC009,0.92,2024-01-31 05:36:44,2025-08-17 15:33:30
PH02745,96407737708,+91,VoIP,P01986,,SIM722527,Jio,2021-04-09,,Suspended,SRC018,0.93,2024-02-06 09:02:37,2026-06-17 20:37:35
PH02746,98355034219,+91,Mobile,P01250,,SIM537247,Airtel,2024-08-11,,Suspended,SRC001,0.86,2024-10-06 13:01:48,2024-01-22 10:51:05
PH02747,96851607334,+91,Landline,P03974,,SIM600893,BSNL,2019-12-08,,Active,SRC018,0.97,2024-01-02 11:49:50,2025-08-13 02:51:44
PH02748,96305850238,+91,Landline,P02119,,SIM696839,Jio,2021-12-19,,Inactive,SRC029,0.91,2026-05-01 15:35:49,2024-07-15 04:16:23
PH02749,94313539937,+91,Mobile,P01459,,SIM435583,Airtel,2019-11-25,,Active,SRC014,0.81,2025-02-21 23:39:58,2025-04-10 03:32:47
PH02750,96095790593,+91,VoIP,P03043,,SIM200503,Jio,2023-10-15,2025-01-19,Suspended,SRC029,0.97,2025-11-16 04:14:04,2026-04-30 11:20:05
PH02751,97135211229,+91,VoIP,P00184,,SIM143156,Airtel,2026-03-25,,Active,SRC006,0.88,2025-02-15 10:53:59,2025-01-17 11:56:21
PH02752,99184189011,+91,Mobile,P03050,,SIM432648,Airtel,2018-11-04,,Suspended,SRC030,0.83,2024-09-05 19:41:15,2025-10-20 11:30:33
PH02753,91076890829,+91,VoIP,P00745,,SIM367033,BSNL,2025-09-21,,Inactive,SRC020,0.92,2024-07-19 15:45:04,2026-08-06 23:43:15
PH02754,94410277480,+91,Landline,,O0309,SIM628060,Jio,2023-08-15,,Inactive,SRC027,0.97,2025-10-21 19:17:28,2024-06-26 18:57:07
PH02755,99791174824,+91,VoIP,P03829,,SIM442060,Airtel,2022-07-21,,Active,SRC013,0.84,2024-10-04 10:43:23,2024-12-12 03:13:08
PH02756,95040123943,+91,Landline,P01375,,SIM289246,Airtel,2019-04-16,,Inactive,SRC028,0.86,2026-04-05 21:56:21,2024-08-15 01:43:05
PH02757,96978132272,+91,Landline,P02674,,SIM613722,BSNL,2023-12-02,,Inactive,SRC009,0.94,2026-05-27 14:30:42,2024-01-24 13:07:23
PH02758,92180857843,+91,VoIP,P02050,,SIM980371,Jio,2022-01-27,,Active,SRC021,0.95,2024-09-24 05:53:41,2024-01-01 02:05:03
PH02759,91538082508,+91,VoIP,,O0442,SIM675395,Airtel,2025-09-23,,Inactive,SRC017,0.88,2024-08-18 05:36:55,2025-03-19 01:58:27
PH02760,93464273761,+91,Mobile,P03003,,SIM774958,Vi,2022-12-25,,Suspended,SRC002,0.86,2025-04-25 09:31:15,2025-05-14 17:48:40
PH02761,95090072350,+91,Landline,P01392,,SIM497166,BSNL,2022-05-23,,Inactive,SRC015,0.81,2026-06-18 05:42:10,2025-09-06 05:03:20
PH02762,95080399838,+91,VoIP,,O0454,SIM930584,BSNL,2020-12-14,2025-08-28,Suspended,SRC028,0.91,2026-07-06 00:45:50,2026-07-25 07:54:32
PH02763,93927532040,+91,Landline,P03668,,SIM145750,Vi,2018-11-21,,Active,SRC016,0.84,2024-03-18 14:14:42,2024-09-19 21:21:02
PH02764,99792501970,+91,VoIP,P01503,,SIM480110,BSNL,2020-05-01,,Inactive,SRC007,0.97,2024-01-13 05:23:09,2025-06-24 12:08:45
PH02765,98927496624,+91,Landline,P01211,,SIM280765,Airtel,2026-08-07,,Active,SRC017,0.9,2024-01-17 21:58:26,2025-11-04 03:23:00
PH02766,95540853755,+91,Mobile,,O0317,SIM341764,Vi,2021-09-26,,Suspended,SRC022,0.96,2025-02-05 02:44:42,2026-06-14 02:43:22
PH02767,92274940814,+91,Landline,P03970,,SIM511476,Vi,2025-03-21,2026-05-07,Suspended,SRC029,0.92,2025-10-26 00:17:53,2025-05-26 07:09:20
PH02768,96574823154,+91,Landline,P02397,,SIM723282,Vi,2025-02-05,,Suspended,SRC013,0.99,2024-04-16 05:31:56,2024-07-06 19:14:07
PH02769,96271002784,+91,Mobile,P02301,,SIM797960,Vi,2025-03-02,,Suspended,SRC016,0.84,2024-04-05 10:10:26,2024-12-11 23:31:19
PH02770,94182066332,+91,Landline,,O0334,SIM245346,BSNL,2025-10-10,2026-03-28,Active,SRC021,0.89,2026-05-03 12:51:52,2024-05-19 09:40:44
PH02771,98699954526,+91,Landline,P01008,,SIM833929,Jio,2018-11-06,,Inactive,SRC008,0.88,2026-07-30 02:02:29,2024-02-08 03:51:31
PH02772,92041735250,+91,VoIP,P03039,,SIM365081,Jio,2023-05-01,,Suspended,SRC025,0.98,2024-04-28 18:05:40,2025-05-15 23:49:33
PH02773,95993040609,+91,Mobile,P02069,,SIM145742,Airtel,2019-08-11,,Suspended,SRC030,0.83,2024-09-27 15:55:10,2025-02-06 01:17:02
PH02774,92830853574,+91,Mobile,P00051,,SIM117398,Vi,2023-03-28,,Active,SRC013,0.94,2026-02-09 18:15:35,2024-03-01 05:06:00
PH02775,94655856123,+91,Mobile,P02748,,SIM829135,Vi,2020-05-03,,Inactive,SRC017,0.96,2025-12-19 06:51:12,2025-07-28 03:12:56
PH02776,92114683414,+91,VoIP,P00173,,SIM832788,BSNL,2025-02-17,,Inactive,SRC005,0.99,2025-12-03 07:07:58,2024-11-21 02:11:43
PH02777,91014631395,+91,Mobile,P03413,,SIM859731,BSNL,2024-11-04,,Active,SRC020,0.94,2025-01-12 01:21:26,2026-05-06 09:39:48
PH02778,97237300999,+91,Landline,,O0384,SIM432941,Vi,2019-12-05,,Suspended,SRC027,0.96,2024-03-16 23:32:03,2024-01-19 15:11:13
PH02779,92855124256,+91,VoIP,P01572,,SIM145721,Vi,2023-12-13,,Inactive,SRC005,0.91,2024-12-30 18:16:31,2024-08-15 01:57:18
PH02780,92688365091,+91,Landline,P00729,,SIM723385,Jio,2020-01-23,,Inactive,SRC005,0.99,2026-01-11 20:38:14,2025-04-05 12:06:43
PH02781,96986220012,+91,Mobile,P01824,,SIM357893,Jio,2020-11-12,,Inactive,SRC021,0.8,2024-11-20 10:30:52,2024-09-11 22:32:14
PH02782,97183066100,+91,Mobile,P01578,,SIM196461,Vi,2019-08-18,,Active,SRC009,0.89,2024-02-27 14:54:31,2024-06-20 22:25:49
PH02783,99689857268,+91,Landline,P00255,,SIM883590,Vi,2026-08-01,,Active,SRC017,0.81,2024-09-14 17:59:46,2024-05-14 22:50:51
PH02784,92157767591,+91,VoIP,P01464,,SIM139431,Jio,2024-05-15,,Inactive,SRC004,0.93,2026-08-28 05:28:00,2024-07-28 04:02:17
PH02785,94542715985,+91,Mobile,P03044,,SIM449298,Vi,2021-07-25,,Suspended,SRC021,0.97,2025-10-17 17:46:21,2025-07-03 20:19:27
PH02786,95262093780,+91,Mobile,P01470,,SIM231761,BSNL,2022-02-11,,Inactive,SRC007,0.98,2025-04-13 17:03:46,2026-05-17 01:22:00
PH02787,96396489447,+91,Mobile,P02251,,SIM755190,BSNL,2026-07-22,,Suspended,SRC025,0.93,2025-11-02 21:29:16,2024-02-12 09:19:11
PH02788,92543916482,+91,Mobile,P02876,,SIM282781,Vi,2021-03-09,,Active,SRC015,0.91,2025-05-11 20:31:56,2024-03-20 23:34:07
PH02789,94278268968,+91,Landline,P02466,,SIM513691,Airtel,2021-07-18,,Suspended,SRC021,0.93,2026-06-13 05:26:29,2024-11-19 14:56:17
PH02790,91235509585,+91,VoIP,P00474,,SIM188464,BSNL,2023-11-13,,Suspended,SRC017,0.97,2026-05-15 15:24:40,2025-03-09 09:52:02
PH02791,98195520650,+91,VoIP,P00384,,SIM560859,BSNL,2019-04-30,2024-10-12,Active,SRC015,0.9,2024-10-13 09:00:14,2026-03-05 02:47:59
PH02792,92957809248,+91,Mobile,P01567,,SIM758858,Jio,2022-04-18,,Active,SRC011,0.97,2025-06-06 10:46:56,2024-11-21 20:15:53
PH02793,97852145153,+91,Mobile,P02974,,SIM830567,Airtel,2023-03-10,,Suspended,SRC003,0.82,2024-05-14 10:27:24,2024-12-06 21:28:36
PH02794,95930465293,+91,Mobile,,O0411,SIM465090,BSNL,2024-02-20,,Active,SRC021,0.86,2026-07-30 22:34:03,2024-12-17 22:11:02
PH02795,94540086417,+91,VoIP,P01297,,SIM962693,Airtel,2020-03-27,,Inactive,SRC012,0.98,2025-07-02 06:53:57,2025-06-13 01:08:36
PH02796,93791287031,+91,VoIP,P03069,,SIM989694,Jio,2023-03-25,2026-04-01,Inactive,SRC010,0.98,2025-09-25 21:28:06,2025-01-05 16:42:53
PH02797,96784603574,+91,Landline,P00782,,SIM731555,Jio,2023-06-27,,Active,SRC011,0.84,2026-03-11 07:51:23,2026-01-20 07:23:04
PH02798,91720555941,+91,Mobile,P02990,,SIM864092,Vi,2019-08-29,,Active,SRC026,0.86,2024-11-15 22:05:06,2024-03-10 06:55:18
PH02799,91262830825,+91,Landline,P01692,,SIM554048,Jio,2022-03-01,2025-04-26,Active,SRC026,0.97,2024-12-13 23:04:18,2026-03-17 12:40:11
PH02800,98755109266,+91,VoIP,,O0024,SIM628730,BSNL,2020-10-21,,Inactive,SRC011,0.88,2025-03-27 06:38:41,2025-01-22 07:54:43
PH02801,98153343007,+91,Mobile,P01718,,SIM628382,BSNL,2025-08-04,,Suspended,SRC004,0.82,2026-04-09 09:19:48,2026-06-12 11:07:31
PH02802,97825041795,+91,Landline,P00336,,SIM764085,Airtel,2022-12-20,,Inactive,SRC004,0.98,2025-01-09 00:29:03,2026-04-19 22:17:46
PH02803,97993854478,+91,Mobile,P03860,,SIM603673,BSNL,2022-05-18,,Active,SRC001,0.95,2025-03-27 16:41:10,2026-03-31 06:37:02
PH02804,97531234399,+91,Mobile,P00128,,SIM779581,BSNL,2021-07-11,,Inactive,SRC026,0.82,2026-05-06 09:04:27,2024-09-17 23:00:42
PH02805,99931160894,+91,VoIP,P01818,,SIM518839,Jio,2025-07-04,,Active,SRC016,0.92,2024-06-22 00:37:15,2025-08-20 19:27:23
PH02806,92462713406,+91,Mobile,P03666,,SIM755361,BSNL,2025-04-08,,Active,SRC022,0.95,2024-05-18 19:08:25,2025-08-29 10:07:13
PH02807,94140548987,+91,VoIP,P00179,,SIM354723,BSNL,2019-02-17,,Inactive,SRC023,0.93,2025-11-07 14:30:19,2024-10-07 14:04:20
PH02808,93110264770,+91,VoIP,P02993,,SIM302752,Airtel,2020-05-01,,Active,SRC018,0.95,2026-01-21 07:45:30,2024-06-17 03:42:26
PH02809,93671397327,+91,Mobile,P01210,,SIM617773,Vi,2025-11-29,,Active,SRC008,0.92,2024-01-12 09:17:57,2025-02-18 22:46:45
PH02810,94168795550,+91,Mobile,P00755,,SIM391460,Airtel,2019-05-31,,Active,SRC030,0.95,2025-02-11 09:01:32,2024-08-17 10:29:16
PH02811,91142839848,+91,Landline,P02224,,SIM235420,Airtel,2022-04-09,,Inactive,SRC023,0.97,2024-07-17 02:25:53,2026-07-29 11:53:13
PH02812,93527812388,+91,Landline,P02156,,SIM553808,Vi,2022-03-11,,Inactive,SRC020,0.98,2024-07-12 14:51:14,2026-02-15 16:00:46
PH02813,95558222170,+91,Mobile,P03425,,SIM214284,BSNL,2023-01-09,,Suspended,SRC009,0.94,2024-08-30 06:14:46,2025-04-20 17:55:40
PH02814,92860446615,+91,Mobile,P01044,,SIM560916,Jio,2026-01-07,2026-05-12,Suspended,SRC023,0.95,2026-03-14 11:23:44,2024-01-01 17:01:38
PH02815,92773833016,+91,Landline,P00796,,SIM174071,BSNL,2026-02-22,2025-04-11,Active,SRC022,0.84,2024-04-23 05:15:57,2024-09-16 01:52:33
PH02816,99831532643,+91,Landline,P03963,,SIM910520,Vi,2019-11-27,,Suspended,SRC028,0.87,2025-05-24 19:36:10,2024-09-20 13:11:54
PH02817,92293280810,+91,Landline,P02326,,SIM685844,Jio,2023-02-19,2026-02-24,Inactive,SRC008,0.97,2024-11-16 09:20:00,2025-03-31 18:01:19
PH02818,96819550250,+91,Mobile,,O0438,SIM186806,BSNL,2024-11-20,,Inactive,SRC002,0.94,2024-04-29 07:55:01,2025-07-29 20:55:30
PH02819,94660169745,+91,Landline,P02506,,SIM970600,Vi,2023-04-02,,Active,SRC004,0.87,2026-02-16 23:10:18,2024-05-11 21:52:30
PH02820,92886835156,+91,Landline,P03540,,SIM404640,Airtel,2020-08-23,,Suspended,SRC001,0.92,2026-01-18 20:58:20,2024-11-24 13:21:30
PH02821,93664053354,+91,VoIP,P00466,,SIM492743,Jio,2025-01-12,,Active,SRC027,0.9,2024-11-27 11:35:16,2025-05-08 08:14:40
PH02822,91338255314,+91,VoIP,,O0200,SIM212024,BSNL,2024-06-29,,Inactive,SRC021,0.92,2025-09-29 18:36:32,2024-02-13 11:09:42
PH02823,93258558948,+91,Landline,P02349,,SIM106868,Vi,2024-04-26,,Active,SRC003,0.98,2026-04-28 18:20:01,2024-06-05 01:17:10
PH02824,95116792121,+91,Mobile,P00478,,SIM361269,BSNL,2021-02-26,,Inactive,SRC011,0.94,2024-07-05 13:51:30,2026-08-26 22:08:50
PH02825,96722555608,+91,Landline,P01543,,SIM354974,BSNL,2022-02-21,,Suspended,SRC006,0.8,2024-05-26 10:52:24,2024-04-09 09:12:30
PH02826,92209286466,+91,Landline,P03928,,SIM463700,Airtel,2023-07-19,,Suspended,SRC023,0.91,2026-06-29 19:03:05,2025-12-28 03:07:43
PH02827,98948191002,+91,Mobile,P03027,,SIM440146,BSNL,2018-12-20,,Active,SRC025,0.96,2025-07-29 02:25:46,2026-03-13 23:37:52
PH02828,97666470651,+91,Landline,P00589,,SIM107850,Jio,2022-10-18,,Suspended,SRC018,0.92,2024-08-06 19:50:08,2024-05-01 23:03:41
PH02829,93781955758,+91,VoIP,P02650,,SIM106165,Vi,2018-11-11,,Active,SRC025,0.95,2026-05-05 10:42:40,2025-06-14 17:12:22
PH02830,94093378338,+91,VoIP,P03354,,SIM952996,Airtel,2021-09-14,,Suspended,SRC010,0.86,2025-04-14 15:53:00,2026-01-10 00:54:36
PH02831,97997664166,+91,VoIP,P00380,,SIM838011,Airtel,2025-07-09,,Active,SRC011,0.9,2024-02-05 04:37:17,2024-06-11 23:31:47
PH02832,94623436195,+91,Mobile,P01835,,SIM689897,Jio,2025-04-01,2025-03-24,Suspended,SRC027,0.82,2024-08-30 21:38:13,2024-12-16 17:47:48
PH02833,92808012527,+91,Landline,P01508,,SIM238632,Vi,2021-05-04,2025-05-10,Suspended,SRC027,0.93,2025-08-19 19:17:06,2024-05-11 22:18:16
PH02834,93224550237,+91,VoIP,P01396,,SIM887501,Airtel,2019-03-04,,Inactive,SRC014,0.98,2025-09-06 05:05:59,2026-05-17 11:27:04
PH02835,93382939445,+91,Mobile,P03836,,SIM746474,BSNL,2022-09-01,,Inactive,SRC028,0.95,2024-06-22 10:55:33,2026-05-16 19:25:18
PH02836,92395150428,+91,Mobile,P03672,,SIM244199,Airtel,2026-04-05,,Inactive,SRC012,0.88,2024-05-26 12:15:10,2024-11-08 06:35:14
PH02837,95416333140,+91,Landline,P02751,,SIM815133,BSNL,2026-02-21,,Inactive,SRC030,0.96,2024-06-15 06:16:32,2024-01-25 14:53:55
PH02838,92877175053,+91,Landline,P01867,,SIM751267,Jio,2020-02-07,,Suspended,SRC006,0.92,2026-06-07 07:55:11,2024-03-13 00:38:27
PH02839,91455656032,+91,Landline,P01870,,SIM940685,BSNL,2018-12-11,,Inactive,SRC011,0.94,2025-07-27 05:24:33,2024-09-06 05:51:26
PH02840,91413649041,+91,Mobile,P02123,,SIM658333,Jio,2025-07-30,,Inactive,SRC030,0.9,2025-09-24 06:06:45,2025-08-05 20:14:02
PH02841,96217664662,+91,Landline,P00763,,SIM769085,Vi,2025-12-02,,Active,SRC018,0.98,2025-11-27 12:59:04,2025-04-23 02:58:44
PH02842,93724563477,+91,Landline,P02144,,SIM876930,BSNL,2023-06-16,2025-11-25,Suspended,SRC024,0.93,2026-01-15 03:12:59,2026-03-21 21:03:50
PH02843,97029351911,+91,VoIP,P01162,,SIM214893,Airtel,2024-05-20,,Active,SRC024,0.85,2026-02-11 15:11:45,2024-06-11 00:35:40
PH02844,91758679018,+91,Mobile,P00598,,SIM455742,Jio,2021-12-25,2026-05-07,Inactive,SRC016,0.98,2024-05-03 08:49:36,2025-11-30 06:54:21
PH02845,97839695157,+91,VoIP,P02702,,SIM591765,BSNL,2022-03-19,,Active,SRC023,0.92,2026-08-13 10:19:51,2026-07-10 07:38:33
PH02846,94177137898,+91,Mobile,P03917,,SIM821867,Airtel,2024-01-27,,Inactive,SRC015,0.93,2026-03-21 11:00:35,2026-02-26 03:05:22
PH02847,99288144630,+91,Mobile,,O0414,SIM728966,Vi,2022-11-11,,Active,SRC016,0.97,2026-07-03 00:24:24,2024-10-08 02:25:56
PH02848,94589936708,+91,VoIP,P00853,,SIM554565,Airtel,2025-05-02,,Inactive,SRC012,0.85,2026-03-25 23:44:57,2026-06-24 15:44:39
PH02849,96751304023,+91,Mobile,P02865,,SIM226911,Airtel,2026-05-09,,Active,SRC008,0.97,2024-09-10 10:39:38,2025-01-26 08:11:23
PH02850,92347280245,+91,Mobile,P03521,,SIM690829,Jio,2026-07-06,,Active,SRC014,0.86,2025-01-07 08:57:49,2025-12-14 07:19:22
PH02851,92425420886,+91,VoIP,P01646,,SIM347418,BSNL,2020-11-05,,Active,SRC002,0.82,2025-12-02 11:32:01,2025-12-19 10:13:38
PH02852,95252025346,+91,Landline,P02228,,SIM612737,Airtel,2020-08-26,,Active,SRC001,0.95,2025-01-28 16:59:59,2024-06-14 10:58:33
PH02853,94722384819,+91,Mobile,P02581,,SIM640550,Airtel,2023-06-30,,Active,SRC001,0.97,2024-03-02 18:33:57,2026-07-28 01:23:46
PH02854,96552387457,+91,Mobile,P01893,,SIM956966,Vi,2020-03-16,,Inactive,SRC030,0.88,2024-03-16 00:23:00,2026-03-07 17:20:36
PH02855,96567571112,+91,VoIP,P02604,,SIM177003,Airtel,2023-02-08,,Inactive,SRC026,0.95,2026-04-05 08:04:33,2024-08-04 02:29:33
PH02856,91456303240,+91,Mobile,,O0216,SIM629182,Airtel,2024-10-23,,Inactive,SRC021,0.8,2026-03-17 03:15:00,2025-03-22 20:15:34
PH02857,93818863465,+91,Landline,P03607,,SIM885540,Vi,2021-02-18,2025-02-23,Suspended,SRC007,0.82,2025-07-13 02:13:29,2024-11-17 22:07:39
PH02858,93181845837,+91,Mobile,P01628,,SIM434637,BSNL,2021-03-02,,Active,SRC021,0.92,2025-09-01 17:17:35,2024-12-01 21:34:25
PH02859,94421864419,+91,Landline,P00250,,SIM285546,BSNL,2025-05-17,,Inactive,SRC027,0.98,2025-12-02 05:39:49,2024-07-05 03:42:01
PH02860,99744653645,+91,Landline,P00576,,SIM826147,Jio,2020-05-20,,Active,SRC009,0.86,2025-02-27 20:51:12,2024-09-01 20:43:01
PH02861,96567991692,+91,VoIP,P00336,,SIM987024,Airtel,2023-11-25,,Active,SRC029,0.93,2024-03-20 11:44:26,2024-02-06 18:37:30
PH02862,94798027447,+91,Mobile,P00676,,SIM310141,Jio,2020-05-02,,Active,SRC015,0.96,2024-01-04 11:28:06,2024-01-05 11:13:38
PH02863,96460685283,+91,Landline,P02046,,SIM938278,BSNL,2026-04-11,,Active,SRC007,0.98,2024-03-21 23:36:26,2024-02-09 01:12:15
PH02864,91347765231,+91,Mobile,P03969,,SIM264401,Vi,2021-10-22,2024-10-23,Suspended,SRC029,0.84,2024-06-20 16:42:36,2026-05-23 18:50:03
PH02865,97993755168,+91,Landline,P02446,,SIM170574,Jio,2026-08-15,,Active,SRC029,0.95,2024-11-20 14:13:02,2024-04-02 03:58:43
PH02866,92206738109,+91,Mobile,P03663,,SIM342434,BSNL,2023-03-30,,Suspended,SRC023,0.82,2025-03-22 13:32:07,2025-12-03 18:22:08
PH02867,98755244690,+91,VoIP,P02768,,SIM210365,Jio,2022-02-17,,Active,SRC007,0.82,2025-02-06 20:55:06,2025-03-29 23:23:34
PH02868,98625905167,+91,VoIP,P02913,,SIM897385,Jio,2019-01-15,,Active,SRC016,0.99,2025-06-14 13:48:41,2025-03-22 03:28:53
PH02869,97549268644,+91,Landline,P02339,,SIM942355,Vi,2019-09-07,,Active,SRC023,0.98,2025-12-30 02:35:11,2026-07-16 18:23:50
PH02870,97456110743,+91,Landline,P03884,,SIM872315,BSNL,2019-05-30,,Inactive,SRC012,0.86,2025-12-27 22:50:03,2025-05-18 13:19:27
PH02871,93414572119,+91,VoIP,P03853,,SIM878319,BSNL,2022-06-13,2024-12-02,Suspended,SRC015,0.82,2026-01-31 09:47:07,2024-05-14 19:21:44
PH02872,95637911464,+91,Landline,P03059,,SIM528805,Airtel,2019-08-02,,Inactive,SRC006,0.89,2025-05-23 22:50:24,2026-02-07 06:40:35
PH02873,95267154894,+91,Mobile,,O0139,SIM407230,Jio,2025-03-24,,Suspended,SRC026,0.85,2024-09-13 19:13:38,2024-11-02 11:43:50
PH02874,91329099549,+91,Mobile,,O0230,SIM595026,Jio,2021-09-19,,Active,SRC022,0.94,2026-06-05 03:35:12,2026-08-16 11:14:07
PH02875,92172051087,+91,Mobile,P03295,,SIM594090,BSNL,2026-05-09,,Inactive,SRC020,0.85,2024-10-01 02:42:23,2026-01-28 20:44:25
PH02876,92633901763,+91,Landline,P00985,,SIM979819,Jio,2024-11-29,,Suspended,SRC020,0.82,2026-08-08 13:55:58,2024-05-02 02:11:34
PH02877,94537601843,+91,VoIP,P00117,,SIM838751,Jio,2021-09-12,,Active,SRC024,0.97,2025-08-14 09:22:07,2026-04-12 07:47:32
PH02878,93313779067,+91,VoIP,P03915,,SIM561151,Jio,2024-02-21,,Suspended,SRC014,0.98,2024-03-13 12:36:56,2026-07-10 01:11:32
PH02879,94496895161,+91,Landline,P03780,,SIM523994,Airtel,2024-01-18,2026-04-01,Active,SRC010,0.84,2026-06-10 08:09:00,2024-03-20 17:40:40
PH02880,92487139816,+91,Mobile,P02623,,SIM450219,Vi,2020-02-02,,Active,SRC013,0.86,2025-03-30 21:40:08,2024-04-25 07:59:07
PH02881,94360310588,+91,Mobile,,O0238,SIM148916,Vi,2022-10-10,,Active,SRC005,0.93,2024-04-11 22:55:15,2024-12-18 20:08:26
PH02882,99935596427,+91,Mobile,P01979,,SIM258942,Jio,2019-03-02,,Inactive,SRC027,0.87,2026-01-15 16:47:07,2024-10-01 17:02:05
PH02883,91510306415,+91,VoIP,P03635,,SIM520311,Airtel,2025-03-01,,Active,SRC030,0.87,2025-06-23 06:58:50,2025-05-14 10:59:14
PH02884,92784342598,+91,Landline,P01945,,SIM623327,Airtel,2022-04-24,2025-07-08,Active,SRC009,0.87,2024-04-14 21:17:10,2026-06-05 15:16:20
PH02885,92409043941,+91,Mobile,P03012,,SIM525355,Jio,2020-05-01,2026-08-06,Inactive,SRC017,0.88,2024-02-18 22:34:25,2025-06-12 20:42:06
PH02886,99897082798,+91,Mobile,P01547,,SIM420232,BSNL,2021-08-12,,Inactive,SRC021,0.82,2024-11-27 10:57:28,2024-08-07 18:52:31
PH02887,98382271252,+91,Landline,P01855,,SIM973965,Vi,2026-06-07,2025-05-09,Suspended,SRC025,0.87,2025-06-15 09:42:16,2026-03-10 09:21:33
PH02888,96016434581,+91,Landline,P00892,,SIM824004,Jio,2023-12-08,2025-06-05,Inactive,SRC020,0.92,2025-02-05 19:15:38,2025-11-08 10:32:27
PH02889,95591466974,+91,VoIP,P00337,,SIM280737,Airtel,2019-07-24,,Suspended,SRC017,0.84,2024-01-30 20:29:58,2026-06-15 16:51:43
PH02890,92658264385,+91,Landline,P00748,,SIM321559,Jio,2019-08-31,,Inactive,SRC020,0.83,2024-06-05 14:54:24,2024-10-12 08:39:03
PH02891,91489442354,+91,VoIP,P00524,,SIM889208,BSNL,2026-02-21,,Inactive,SRC026,0.86,2025-08-19 22:14:12,2025-03-01 09:54:22
PH02892,99137972139,+91,Landline,,O0151,SIM640655,Jio,2020-07-10,,Suspended,SRC009,0.81,2025-04-19 02:15:15,2025-11-25 20:04:19
PH02893,91941668373,+91,Landline,P02353,,SIM587893,BSNL,2023-12-06,,Suspended,SRC018,0.89,2024-06-21 12:56:13,2025-07-07 16:24:28
PH02894,98343791114,+91,Mobile,P01167,,SIM271684,Vi,2024-03-14,,Inactive,SRC009,0.82,2026-02-04 01:42:17,2024-05-08 02:26:29
PH02895,91705231869,+91,Mobile,P03177,,SIM204679,Airtel,2019-11-07,2025-09-15,Inactive,SRC030,0.98,2025-08-27 19:00:08,2026-04-23 19:58:47
PH02896,95070146973,+91,Mobile,P01371,,SIM870922,Vi,2021-05-21,2026-07-09,Inactive,SRC020,0.84,2024-09-28 08:40:28,2024-02-02 10:25:18
PH02897,97904806289,+91,Mobile,P01220,,SIM556703,Vi,2023-04-07,,Inactive,SRC006,0.88,2024-12-16 01:30:42,2025-12-13 08:15:07
PH02898,91723864046,+91,Mobile,P02592,,SIM540240,Jio,2024-12-19,,Active,SRC013,0.84,2025-05-14 00:43:54,2024-06-20 19:56:45
PH02899,96094043779,+91,VoIP,P03145,,SIM186792,Airtel,2022-07-20,,Suspended,SRC020,0.87,2024-12-15 08:38:48,2026-08-11 09:58:16
PH02900,95899436305,+91,Mobile,,O0115,SIM956269,Airtel,2020-10-12,,Suspended,SRC017,0.82,2026-02-11 09:48:51,2024-03-22 04:54:25
PH02901,91149812279,+91,VoIP,P00175,,SIM995198,Jio,2018-12-29,,Inactive,SRC013,0.86,2024-09-17 03:27:00,2026-05-06 23:43:27
PH02902,92563674901,+91,Mobile,P00482,,SIM206001,BSNL,2020-01-23,,Active,SRC004,0.94,2026-08-10 07:49:15,2026-06-10 20:09:22
PH02903,99391608377,+91,VoIP,P02195,,SIM883319,Airtel,2019-11-02,,Active,SRC017,0.86,2026-07-08 00:19:13,2024-10-14 08:39:36
PH02904,97423483341,+91,VoIP,P03493,,SIM630607,Vi,2019-08-13,,Inactive,SRC016,0.86,2024-06-11 19:37:09,2025-12-25 19:34:41
PH02905,96148153145,+91,Landline,,O0354,SIM589894,Jio,2023-11-17,,Inactive,SRC010,0.83,2026-03-16 02:59:52,2024-10-01 17:01:50
PH02906,97039457363,+91,Landline,P01961,,SIM412133,Vi,2021-05-05,,Inactive,SRC004,0.91,2025-11-15 18:17:33,2026-05-09 13:59:41
PH02907,99572618114,+91,Mobile,P02101,,SIM838819,Airtel,2024-03-12,,Active,SRC029,0.94,2025-07-12 20:20:51,2024-06-22 01:33:55
PH02908,97153344510,+91,Mobile,P02023,,SIM813830,Vi,2023-03-06,,Suspended,SRC003,0.9,2025-04-14 16:03:50,2026-07-18 22:13:40
PH02909,91409109738,+91,Mobile,P03126,,SIM354428,Jio,2023-07-21,2025-05-22,Active,SRC010,0.94,2024-10-07 17:06:36,2024-02-04 02:38:20
PH02910,99219967972,+91,VoIP,P03645,,SIM135467,BSNL,2021-08-12,2025-10-22,Inactive,SRC008,0.86,2025-08-18 05:45:50,2024-12-12 21:27:09
PH02911,96072052693,+91,Landline,P03486,,SIM620272,Airtel,2024-09-15,,Inactive,SRC018,0.96,2024-08-29 06:24:14,2026-05-24 10:19:05
PH02912,96104885133,+91,Landline,P01258,,SIM399182,Airtel,2021-07-12,,Suspended,SRC015,0.93,2024-01-01 10:05:23,2025-07-16 07:27:06
PH02913,97788655519,+91,Mobile,P00919,,SIM638151,Jio,2022-05-25,2025-01-30,Suspended,SRC024,0.94,2024-10-23 22:17:22,2026-08-10 20:26:15
PH02914,96389196915,+91,Mobile,P03357,,SIM791230,Jio,2021-01-11,,Suspended,SRC015,0.81,2026-02-25 08:50:28,2025-08-31 15:57:59
PH02915,94011292478,+91,VoIP,P02714,,SIM806037,Airtel,2023-03-15,2025-04-03,Suspended,SRC017,0.96,2026-08-11 07:52:49,2026-01-14 07:21:33
PH02916,94898196061,+91,VoIP,P03495,,SIM106763,BSNL,2023-10-07,,Inactive,SRC021,0.97,2025-12-13 22:26:08,2024-06-07 13:48:30
PH02917,93531751568,+91,VoIP,P03912,,SIM444514,Jio,2022-05-27,2026-06-13,Suspended,SRC003,0.9,2026-08-30 07:50:36,2025-12-20 16:14:38
PH02918,92560520827,+91,Mobile,P01545,,SIM866904,BSNL,2021-05-02,,Inactive,SRC019,0.89,2026-04-19 19:36:19,2024-09-02 23:56:22
PH02919,91986924605,+91,Mobile,P03961,,SIM412600,Airtel,2019-04-23,,Active,SRC004,0.95,2025-09-29 11:29:36,2026-01-11 11:26:35
PH02920,93766240768,+91,Landline,P02609,,SIM659724,BSNL,2024-07-16,,Inactive,SRC001,0.95,2024-12-23 01:38:51,2026-04-05 14:31:59
PH02921,93155198592,+91,Mobile,P02401,,SIM825497,Airtel,2025-02-11,2025-06-02,Active,SRC001,0.94,2025-03-03 04:33:53,2025-02-28 02:16:16
PH02922,97554974923,+91,Landline,P00696,,SIM798284,Airtel,2019-03-17,,Inactive,SRC007,0.93,2026-01-02 18:22:06,2025-02-12 08:57:21
PH02923,91579416290,+91,Mobile,P01599,,SIM760698,Jio,2021-11-07,2025-12-26,Suspended,SRC009,0.82,2026-03-14 19:06:45,2024-08-06 03:35:49
PH02924,99761070265,+91,Landline,P03503,,SIM222719,BSNL,2022-10-04,2025-09-04,Active,SRC019,0.91,2025-01-21 18:36:06,2024-12-09 20:39:26
PH02925,92293801318,+91,Landline,P01534,,SIM913935,Airtel,2021-02-11,,Active,SRC010,0.92,2025-10-05 10:07:56,2026-02-01 02:24:36
PH02926,95263438116,+91,VoIP,P03661,,SIM936139,BSNL,2020-03-08,,Inactive,SRC021,0.86,2024-05-04 02:12:48,2024-10-28 05:08:43
PH02927,96019785810,+91,Mobile,P01886,,SIM874118,Jio,2021-02-24,,Suspended,SRC014,0.98,2024-06-05 16:15:59,2025-07-16 05:27:29
PH02928,99032479519,+91,VoIP,P03662,,SIM330572,Vi,2023-06-29,,Inactive,SRC006,0.81,2026-06-13 03:38:07,2025-03-19 19:11:01
PH02929,96429233323,+91,VoIP,P03112,,SIM826025,Jio,2020-12-25,,Inactive,SRC027,0.94,2024-10-07 02:18:52,2024-03-07 10:55:52
PH02930,96465679738,+91,VoIP,P00529,,SIM682335,Vi,2020-10-23,,Active,SRC022,0.95,2025-12-06 21:14:10,2024-05-26 03:51:46
PH02931,93983457268,+91,Landline,P01381,,SIM770959,Airtel,2019-10-23,,Inactive,SRC007,0.83,2024-05-12 17:48:38,2024-06-20 19:15:55
PH02932,93627456993,+91,VoIP,P01032,,SIM813243,Vi,2021-01-19,,Suspended,SRC015,0.9,2025-07-13 19:28:56,2025-09-05 03:38:35
PH02933,91488535425,+91,VoIP,P03810,,SIM897038,BSNL,2021-02-27,,Active,SRC009,0.83,2024-11-07 15:16:39,2025-11-22 23:00:42
PH02934,96011553766,+91,Landline,P02679,,SIM236328,Vi,2024-09-30,2025-09-27,Inactive,SRC023,0.94,2024-04-02 04:16:40,2024-02-28 18:27:10
PH02935,96994485935,+91,VoIP,P00320,,SIM992572,BSNL,2024-08-10,,Active,SRC003,0.89,2025-09-30 10:59:05,2025-07-30 10:42:51
PH02936,95727509605,+91,Mobile,P03346,,SIM821008,Vi,2023-12-02,,Inactive,SRC006,0.81,2024-04-02 14:23:07,2024-09-17 13:25:25
PH02937,92643771328,+91,VoIP,P02345,,SIM564415,BSNL,2026-02-27,,Active,SRC021,0.86,2024-03-10 14:28:37,2024-11-22 19:55:58
PH02938,94412003969,+91,VoIP,P02967,,SIM300881,BSNL,2026-05-03,,Suspended,SRC014,0.87,2026-04-23 16:07:21,2025-05-23 14:58:26
PH02939,94836910042,+91,VoIP,P01605,,SIM744047,Vi,2022-03-03,,Suspended,SRC017,0.96,2024-08-01 10:13:39,2025-06-27 18:31:17
PH02940,94753302193,+91,Mobile,P01938,,SIM317290,Vi,2022-05-12,,Suspended,SRC009,0.87,2025-10-14 02:19:01,2024-09-29 15:52:36
PH02941,96308379320,+91,Mobile,,O0255,SIM588366,Vi,2025-01-09,,Inactive,SRC003,0.98,2026-05-07 20:26:56,2026-06-15 19:43:17
PH02942,93443106359,+91,Mobile,,O0071,SIM829241,Jio,2018-11-21,,Suspended,SRC012,0.95,2025-01-31 04:01:48,2024-04-23 17:37:17
PH02943,92086851146,+91,Mobile,P02019,,SIM976375,Jio,2023-05-12,2026-03-14,Active,SRC023,0.85,2025-11-19 14:58:37,2024-02-07 12:36:53
PH02944,91267232685,+91,VoIP,P03576,,SIM626062,BSNL,2018-12-17,,Inactive,SRC025,0.95,2024-12-14 04:44:46,2025-10-27 09:42:56
PH02945,99191456167,+91,VoIP,P01112,,SIM625517,Vi,2022-12-21,,Suspended,SRC016,0.82,2025-01-19 19:01:11,2025-10-05 19:41:01
PH02946,94011006765,+91,Landline,P01343,,SIM568172,BSNL,2021-08-17,,Suspended,SRC020,0.86,2024-06-04 22:25:38,2026-08-17 04:22:44
PH02947,99518419791,+91,Mobile,P00033,,SIM719343,Vi,2026-08-10,,Inactive,SRC006,0.87,2025-04-10 12:13:58,2025-05-12 05:16:54
PH02948,92867102011,+91,Mobile,,O0152,SIM392288,BSNL,2024-03-08,,Inactive,SRC010,0.8,2024-12-10 18:08:09,2024-01-16 04:00:47
PH02949,93204034073,+91,Mobile,P00767,,SIM404744,Airtel,2022-04-29,,Suspended,SRC022,0.83,2026-04-01 06:17:36,2026-06-21 03:36:01
PH02950,95298612232,+91,Landline,P03522,,SIM969819,BSNL,2019-06-14,2026-03-19,Active,SRC010,0.84,2025-03-06 03:49:33,2025-09-22 21:23:47
PH02951,97725726103,+91,VoIP,P01622,,SIM419643,Airtel,2020-03-14,,Active,SRC001,0.95,2026-03-02 09:11:31,2024-10-04 19:06:58
PH02952,98512401827,+91,Mobile,P03669,,SIM231487,Airtel,2024-05-29,,Active,SRC023,0.88,2025-03-21 11:30:36,2025-07-12 00:31:14
PH02953,91900267870,+91,Mobile,P00141,,SIM288166,Vi,2023-03-09,,Inactive,SRC019,0.93,2025-11-03 10:19:13,2024-07-30 08:59:36
PH02954,92193947912,+91,VoIP,P01615,,SIM120077,Jio,2023-07-05,2025-05-19,Inactive,SRC016,0.95,2025-02-07 17:10:54,2025-07-15 00:55:09
PH02955,98411996812,+91,VoIP,P02296,,SIM167082,Vi,2022-06-24,,Inactive,SRC017,0.9,2025-04-20 01:14:05,2026-04-14 12:30:37
PH02956,91850166495,+91,Mobile,P00021,,SIM874828,Vi,2023-07-24,2025-03-04,Active,SRC017,0.89,2024-11-18 12:07:34,2024-07-17 02:11:32
PH02957,91882765221,+91,Landline,P01828,,SIM132763,Airtel,2024-03-06,,Inactive,SRC020,0.95,2024-01-18 17:39:30,2026-03-07 20:29:12
PH02958,91816104442,+91,Landline,P02485,,SIM276869,BSNL,2020-10-21,,Suspended,SRC020,0.84,2024-08-13 23:35:49,2025-06-01 22:20:50
PH02959,98696481490,+91,Mobile,P02893,,SIM888609,Vi,2022-05-21,,Suspended,SRC002,0.85,2024-07-14 04:57:05,2025-04-04 12:58:20
PH02960,91889915439,+91,Mobile,P01688,,SIM952319,Jio,2019-12-29,,Active,SRC001,0.86,2025-02-03 15:12:49,2025-05-04 11:45:25
PH02961,97527057435,+91,Mobile,,O0136,SIM587467,BSNL,2026-02-07,,Inactive,SRC015,0.81,2024-10-01 02:33:45,2024-09-10 04:29:17
PH02962,94268554535,+91,VoIP,P01848,,SIM603674,BSNL,2021-01-26,,Active,SRC013,0.89,2024-01-16 06:39:28,2026-07-25 22:58:02
PH02963,94199553222,+91,Landline,P01506,,SIM948841,Jio,2022-03-07,,Suspended,SRC029,0.88,2026-03-20 22:53:33,2026-06-16 15:21:45
PH02964,95637343313,+91,Mobile,P02606,,SIM799467,Jio,2025-12-19,2025-11-21,Active,SRC024,0.95,2026-08-15 15:08:28,2025-02-24 10:35:40
PH02965,97330746680,+91,Mobile,P02351,,SIM268201,BSNL,2023-11-12,,Suspended,SRC005,0.97,2026-02-19 07:04:52,2025-02-11 23:54:06
PH02966,95012208578,+91,Mobile,P01175,,SIM274031,Airtel,2019-06-08,,Active,SRC019,0.98,2025-03-24 20:15:02,2024-11-29 06:21:41
PH02967,99830642778,+91,Mobile,P02591,,SIM842416,Airtel,2026-03-11,,Active,SRC025,0.82,2025-04-18 13:31:03,2025-04-28 13:49:15
PH02968,94553714568,+91,Landline,P00525,,SIM364783,Airtel,2019-09-13,,Inactive,SRC024,0.96,2024-04-30 15:38:54,2026-05-21 16:48:02
PH02969,94799177324,+91,Landline,P00557,,SIM158885,Jio,2022-02-15,,Active,SRC020,0.85,2024-08-25 21:29:16,2025-08-25 17:06:27
PH02970,93720222665,+91,Landline,P01974,,SIM242396,Airtel,2021-08-21,,Active,SRC030,0.86,2026-01-05 18:25:52,2026-08-03 06:06:38
PH02971,93674689871,+91,Landline,P02700,,SIM460352,Airtel,2026-05-13,,Inactive,SRC011,0.99,2025-06-06 19:20:53,2024-07-17 16:19:53
PH02972,92938366515,+91,Landline,P02173,,SIM344861,BSNL,2024-03-10,,Suspended,SRC019,0.84,2025-04-02 16:05:34,2025-12-09 05:49:43
PH02973,91229308780,+91,Mobile,P01924,,SIM647007,Vi,2024-08-18,,Inactive,SRC025,0.85,2025-08-10 18:06:15,2025-01-04 04:33:22
PH02974,98299763883,+91,VoIP,P01774,,SIM766545,Airtel,2018-09-27,2025-06-18,Inactive,SRC024,0.99,2024-10-23 18:21:12,2026-08-14 08:02:44
PH02975,94729213319,+91,VoIP,P03713,,SIM753285,Vi,2025-06-14,2024-12-18,Inactive,SRC004,0.93,2026-01-01 10:00:09,2025-01-28 21:54:01
PH02976,95387635619,+91,Landline,P03715,,SIM602490,Jio,2021-06-26,,Suspended,SRC005,0.88,2024-04-05 22:20:52,2025-06-15 13:20:00
PH02977,91266745951,+91,VoIP,P01946,,SIM334892,BSNL,2026-02-28,,Inactive,SRC008,0.81,2025-06-17 18:26:03,2024-05-21 04:50:03
PH02978,98982521387,+91,Landline,,O0330,SIM819746,Airtel,2019-10-13,,Suspended,SRC015,0.9,2024-06-12 05:56:45,2024-06-18 05:31:43
PH02979,99398380981,+91,Mobile,P01891,,SIM472162,Vi,2019-03-26,,Inactive,SRC003,0.94,2025-09-15 05:53:46,2025-03-18 11:21:14
PH02980,94628331039,+91,Mobile,P03919,,SIM341571,Airtel,2023-05-17,,Active,SRC013,0.88,2024-01-27 00:48:35,2025-11-25 03:04:52
PH02981,93383193605,+91,Landline,P02103,,SIM227806,Airtel,2024-09-29,,Inactive,SRC027,0.96,2026-07-12 06:26:13,2024-12-13 06:05:43
PH02982,99023090078,+91,Landline,P00417,,SIM431426,Airtel,2026-03-20,,Active,SRC016,0.85,2024-11-30 08:28:09,2024-04-12 11:00:47
PH02983,96662454818,+91,Mobile,P03196,,SIM127871,Vi,2023-09-13,,Inactive,SRC014,0.82,2026-07-18 03:24:50,2026-01-27 14:49:06
PH02984,94536555722,+91,VoIP,P00009,,SIM491519,BSNL,2024-01-10,,Inactive,SRC009,0.98,2026-01-23 01:38:24,2025-06-28 17:23:49
PH02985,94936391987,+91,VoIP,P00973,,SIM860786,Airtel,2020-04-05,,Suspended,SRC016,0.9,2024-05-20 11:49:25,2025-11-12 22:54:13
PH02986,96783749147,+91,Mobile,P03254,,SIM425048,Jio,2026-05-09,,Suspended,SRC025,0.89,2024-06-30 15:35:41,2026-04-12 22:52:42
PH02987,94458073262,+91,Landline,P03751,,SIM141572,BSNL,2023-09-04,,Suspended,SRC020,0.99,2026-07-13 23:29:35,2026-05-04 02:47:59
PH02988,98338276709,+91,VoIP,P01148,,SIM826223,Airtel,2019-03-30,2025-05-07,Active,SRC007,0.82,2026-08-20 21:42:29,2026-06-27 06:59:49
PH02989,93581390593,+91,Landline,P01350,,SIM517744,Vi,2019-07-07,,Suspended,SRC023,0.97,2026-06-07 18:23:39,2024-06-19 21:17:59
PH02990,97953903260,+91,Mobile,P00009,,SIM377563,BSNL,2019-06-23,,Inactive,SRC020,0.95,2024-02-07 05:59:54,2025-06-30 17:34:37
PH02991,93214739307,+91,Landline,P01985,,SIM634942,BSNL,2020-02-29,,Inactive,SRC030,0.96,2025-10-25 21:02:35,2024-11-25 17:58:57
PH02992,92271945928,+91,VoIP,P02804,,SIM222646,BSNL,2019-04-08,,Inactive,SRC006,0.88,2026-04-19 02:18:03,2024-04-25 01:43:44
PH02993,96840526804,+91,VoIP,,O0395,SIM717837,Airtel,2023-10-24,,Active,SRC014,0.83,2025-04-11 12:19:09,2025-08-06 09:51:19
PH02994,97298135565,+91,Mobile,P02007,,SIM557732,Airtel,2019-01-04,,Inactive,SRC021,0.93,2025-11-10 21:40:15,2024-02-14 01:31:29
PH02995,96768775357,+91,Landline,P03596,,SIM702842,Jio,2026-01-20,,Active,SRC023,0.95,2024-08-13 12:30:12,2024-01-24 23:55:49
PH02996,92713924784,+91,Mobile,P01475,,SIM694647,Jio,2018-11-17,,Inactive,SRC016,0.88,2024-04-10 18:37:27,2024-04-13 21:33:25
PH02997,96444799544,+91,Landline,P02759,,SIM174929,BSNL,2023-09-30,,Active,SRC030,0.88,2025-03-01 03:53:19,2024-11-27 00:28:18
PH02998,93073189424,+91,Landline,P03991,,SIM248748,Jio,2022-11-21,,Active,SRC010,0.93,2025-01-23 11:45:24,2024-05-24 18:51:25
PH02999,97814008168,+91,Landline,P01577,,SIM402843,Vi,2022-04-05,,Inactive,SRC012,0.81,2026-08-24 16:30:22,2025-04-23 12:55:21
PH03000,97217140396,+91,VoIP,P00442,,SIM535326,BSNL,2021-09-20,,Active,SRC029,0.81,2024-07-20 03:10:04,2025-10-06 06:27:16
PH03001,95773660367,+91,Mobile,P02366,,SIM737263,Airtel,2026-07-04,,Inactive,SRC002,0.91,2024-04-25 21:19:23,2025-12-03 04:33:50
PH03002,97612227788,+91,Landline,P00075,,SIM261994,Vi,2021-09-06,,Active,SRC001,0.86,2025-11-17 10:52:42,2024-05-06 18:06:49
PH03003,97130222978,+91,VoIP,P01033,,SIM794814,BSNL,2018-12-11,2025-08-11,Inactive,SRC026,0.86,2024-01-21 23:45:56,2026-04-12 08:13:54
PH03004,97192194751,+91,VoIP,P03452,,SIM427765,Jio,2024-12-03,,Suspended,SRC005,0.91,2025-11-06 20:46:15,2025-11-16 12:59:44
PH03005,91816390743,+91,Landline,P01784,,SIM329261,Jio,2024-12-08,2025-07-21,Suspended,SRC006,0.91,2024-09-26 22:46:28,2024-03-22 21:20:36
PH03006,93231087668,+91,VoIP,P02350,,SIM105845,Vi,2025-09-08,,Suspended,SRC020,0.84,2026-03-19 02:13:01,2025-05-11 03:26:47
PH03007,97934848109,+91,Mobile,,O0384,SIM629673,BSNL,2021-12-20,,Suspended,SRC012,0.87,2024-02-16 12:31:48,2024-04-07 20:26:41
PH03008,91939816277,+91,VoIP,P02276,,SIM615842,Vi,2020-09-22,,Active,SRC016,0.95,2025-06-08 04:02:43,2026-02-19 13:51:07
PH03009,98898245204,+91,Mobile,,O0051,SIM760117,BSNL,2022-10-29,,Active,SRC018,0.85,2024-02-25 16:18:57,2024-04-23 00:28:54
PH03010,98993115145,+91,VoIP,P01720,,SIM251726,Vi,2023-10-11,,Suspended,SRC018,0.97,2024-10-28 21:38:30,2026-05-27 16:20:05
PH03011,98692673674,+91,VoIP,P03078,,SIM827998,BSNL,2024-04-11,,Suspended,SRC010,0.99,2025-10-10 19:00:10,2025-01-11 04:15:11
PH03012,94241079357,+91,Mobile,P03063,,SIM498065,Vi,2022-07-09,,Inactive,SRC021,0.89,2026-08-09 14:03:43,2026-02-15 06:10:02
PH03013,92787983197,+91,Landline,P01132,,SIM658152,Airtel,2026-06-20,,Active,SRC006,0.91,2024-02-11 01:07:22,2025-09-04 02:20:40
PH03014,91972186138,+91,Mobile,,O0132,SIM826154,BSNL,2023-05-25,,Active,SRC011,0.97,2026-04-18 19:28:07,2024-01-24 18:50:37
PH03015,95598676766,+91,VoIP,P02976,,SIM218774,Jio,2018-12-05,,Active,SRC012,0.93,2025-01-11 01:02:59,2024-11-01 10:28:54
PH03016,95854866280,+91,VoIP,P00051,,SIM745619,Jio,2025-09-22,,Inactive,SRC004,0.94,2024-12-31 07:41:15,2024-04-07 13:50:43
PH03017,93519155647,+91,Landline,P02843,,SIM523783,Airtel,2025-08-14,,Inactive,SRC001,0.8,2025-04-08 03:04:43,2025-01-03 23:24:35
PH03018,98862375811,+91,Mobile,P00743,,SIM529329,Vi,2020-09-19,,Active,SRC013,0.89,2024-07-21 19:58:46,2024-01-14 00:15:59
PH03019,94854912872,+91,Mobile,P02061,,SIM410118,Vi,2021-01-18,,Active,SRC019,0.88,2026-06-29 12:38:52,2025-09-16 17:41:33
PH03020,99590360227,+91,Landline,P00985,,SIM885616,BSNL,2023-02-18,,Inactive,SRC011,0.81,2024-09-26 12:26:43,2026-05-20 16:40:28
PH03021,99021008491,+91,VoIP,P03994,,SIM608413,Jio,2018-11-10,,Active,SRC020,0.8,2024-04-12 21:14:45,2025-12-30 21:29:54
PH03022,97517333596,+91,VoIP,P01784,,SIM210231,Jio,2024-03-17,,Inactive,SRC028,0.8,2024-11-30 02:15:01,2025-05-21 00:15:20
PH03023,93304186532,+91,Landline,,O0376,SIM625094,BSNL,2018-11-06,,Inactive,SRC007,0.97,2025-09-02 07:52:37,2026-01-06 06:10:17
PH03024,95515099487,+91,Mobile,P00303,,SIM613035,BSNL,2023-10-07,,Active,SRC023,0.85,2026-07-17 15:01:16,2024-04-08 14:25:09
PH03025,92711948580,+91,Mobile,P00042,,SIM910984,Vi,2021-05-01,,Active,SRC013,0.98,2025-03-12 07:36:25,2024-02-27 00:49:53
PH03026,93577250302,+91,Landline,P02442,,SIM957011,Jio,2019-02-25,2025-01-20,Active,SRC003,0.93,2024-05-25 02:39:47,2024-01-29 19:26:12
PH03027,97618408984,+91,Mobile,,O0258,SIM383442,Vi,2026-06-28,,Suspended,SRC019,0.97,2026-05-14 19:24:29,2024-10-18 10:07:05
PH03028,95435368091,+91,Mobile,P01413,,SIM589459,BSNL,2021-08-24,2025-10-12,Active,SRC025,0.82,2025-01-06 17:19:18,2024-09-16 11:48:57
PH03029,98071117098,+91,Mobile,P00740,,SIM129407,Vi,2024-05-24,,Active,SRC006,0.87,2026-07-13 08:00:08,2024-09-08 17:32:39
PH03030,95332476531,+91,VoIP,P00564,,SIM218732,Vi,2021-03-10,,Active,SRC015,0.97,2024-06-30 01:56:11,2026-04-03 18:37:58
PH03031,94080731392,+91,Landline,P03085,,SIM783219,Vi,2024-02-27,,Active,SRC010,0.96,2024-10-11 17:31:46,2025-11-16 14:33:36
PH03032,91728951801,+91,VoIP,P02435,,SIM161376,Airtel,2022-12-08,,Suspended,SRC017,0.85,2026-08-24 06:31:10,2025-11-25 06:37:20
PH03033,92806578560,+91,VoIP,P02102,,SIM999647,Vi,2021-04-17,,Inactive,SRC027,0.93,2025-01-21 03:19:35,2026-07-21 23:23:00
PH03034,96644506175,+91,Mobile,P02656,,SIM757256,BSNL,2020-04-24,2026-06-27,Active,SRC030,0.91,2024-10-29 12:21:06,2026-01-06 05:17:06
PH03035,99865118438,+91,VoIP,P01185,,SIM273473,Vi,2023-12-05,,Active,SRC024,0.82,2025-08-22 22:27:31,2026-03-21 02:10:43
PH03036,99337324575,+91,VoIP,P03274,,SIM958573,BSNL,2024-06-03,,Active,SRC028,0.97,2025-05-03 05:28:59,2025-12-31 09:45:34
PH03037,99605120534,+91,VoIP,P01116,,SIM772930,Jio,2018-12-08,,Inactive,SRC007,0.9,2024-08-30 19:04:27,2025-04-18 21:43:43
PH03038,97539245544,+91,Mobile,P00752,,SIM677697,BSNL,2026-03-26,2026-08-21,Active,SRC011,0.84,2025-06-30 16:10:35,2024-02-20 14:11:14
PH03039,99784650240,+91,Mobile,P03550,,SIM962942,Vi,2026-08-19,,Inactive,SRC030,0.9,2025-05-27 09:33:54,2025-07-17 19:58:27
PH03040,98979308187,+91,Landline,P01689,,SIM905674,Vi,2025-05-07,2024-11-19,Inactive,SRC014,0.88,2024-01-26 20:29:56,2024-04-03 03:43:32
PH03041,93373960827,+91,Mobile,P00185,,SIM447924,Vi,2022-02-25,,Active,SRC004,0.96,2025-10-27 13:58:48,2026-07-06 18:14:27
PH03042,97447612549,+91,Landline,P02499,,SIM230979,Vi,2019-01-15,,Inactive,SRC013,0.8,2024-09-11 04:43:57,2026-04-20 15:45:14
PH03043,99217371508,+91,VoIP,P00760,,SIM804147,Jio,2020-08-26,,Suspended,SRC030,0.98,2024-10-08 18:47:36,2024-11-26 05:11:48
PH03044,99908478409,+91,Landline,P00218,,SIM884574,Vi,2018-09-30,,Inactive,SRC020,0.88,2025-11-22 12:36:41,2025-12-20 10:48:08
PH03045,99483822682,+91,Mobile,P01203,,SIM776556,Jio,2023-08-19,,Active,SRC025,0.81,2025-10-20 18:11:35,2026-05-13 01:14:59
PH03046,99034793289,+91,Landline,P02772,,SIM269291,BSNL,2019-08-27,,Suspended,SRC011,0.96,2025-03-12 02:33:54,2024-10-14 08:30:41
PH03047,94294361941,+91,Landline,P01598,,SIM393987,BSNL,2019-04-20,,Active,SRC025,0.91,2024-07-27 05:47:16,2024-05-05 21:47:01
PH03048,97553216667,+91,VoIP,P02982,,SIM127934,Jio,2021-01-16,,Active,SRC012,0.97,2025-07-11 23:33:59,2026-02-23 12:54:22
PH03049,94990330647,+91,Mobile,P00339,,SIM748843,BSNL,2025-08-12,,Inactive,SRC002,0.99,2025-05-08 04:04:22,2026-02-23 05:54:59
PH03050,92139981498,+91,Landline,P03410,,SIM681419,Vi,2019-01-03,,Inactive,SRC022,0.81,2025-12-03 01:25:03,2025-12-12 00:05:26
PH03051,92821425219,+91,Landline,P02796,,SIM532962,Jio,2019-03-02,,Suspended,SRC025,0.93,2024-02-01 18:37:34,2025-04-10 19:09:28
PH03052,93322336875,+91,Landline,P02628,,SIM114482,Jio,2019-06-13,,Inactive,SRC004,0.82,2024-03-06 12:11:27,2024-04-01 11:33:07
PH03053,91948448523,+91,Landline,P00045,,SIM192612,Airtel,2023-01-27,,Inactive,SRC012,0.94,2024-10-30 16:38:21,2024-06-09 03:38:50
PH03054,95961691952,+91,Landline,P01756,,SIM163006,Vi,2021-10-11,,Suspended,SRC018,0.83,2026-01-19 10:50:10,2024-02-15 10:36:05
PH03055,98009414067,+91,Mobile,P00103,,SIM358225,Jio,2020-04-08,,Active,SRC014,0.92,2024-07-20 10:00:54,2024-07-02 02:52:03
PH03056,97089780093,+91,Mobile,P00698,,SIM112246,BSNL,2025-11-30,,Active,SRC004,0.99,2025-12-24 09:48:59,2024-07-11 13:50:20
PH03057,92934732210,+91,VoIP,,O0321,SIM344889,BSNL,2019-05-20,2024-10-05,Active,SRC023,0.92,2026-07-25 08:56:36,2025-11-25 10:35:44
PH03058,98963862209,+91,VoIP,P03133,,SIM573541,Jio,2020-09-09,2026-04-07,Inactive,SRC027,0.92,2024-07-07 20:44:40,2026-06-29 12:06:22
PH03059,91368206939,+91,VoIP,P03177,,SIM401658,Vi,2025-09-26,,Active,SRC025,0.97,2026-07-24 12:23:42,2025-05-21 09:57:45
PH03060,97432414131,+91,VoIP,,O0410,SIM979970,Vi,2020-10-19,,Active,SRC028,0.94,2024-06-05 11:30:09,2025-11-28 21:38:23
PH03061,95714416003,+91,Mobile,P02495,,SIM294542,Airtel,2024-02-02,,Inactive,SRC003,0.97,2025-02-09 18:30:04,2024-05-09 23:05:17
PH03062,94705700568,+91,Landline,P02857,,SIM584754,Vi,2025-05-15,,Inactive,SRC020,0.96,2025-07-23 19:32:54,2024-12-13 14:42:43
PH03063,99954866129,+91,Landline,P03776,,SIM400294,Vi,2023-09-01,,Suspended,SRC016,0.85,2025-08-10 17:08:48,2024-05-11 07:09:50
PH03064,92750029831,+91,VoIP,P00567,,SIM738750,Jio,2026-08-02,2025-10-30,Inactive,SRC005,0.98,2026-03-07 18:56:49,2026-04-24 00:44:50
PH03065,95706255217,+91,VoIP,P03655,,SIM640842,BSNL,2022-06-06,,Active,SRC014,0.91,2024-08-20 10:09:57,2025-06-24 09:53:37
PH03066,96094752473,+91,Mobile,P01599,,SIM412573,BSNL,2020-05-04,,Suspended,SRC019,0.93,2024-10-19 16:36:16,2024-01-11 22:22:28
PH03067,98700571534,+91,Mobile,P03562,,SIM178960,BSNL,2022-10-02,,Suspended,SRC004,0.9,2024-11-14 13:47:05,2026-02-12 08:45:06
PH03068,92614837042,+91,Mobile,P03053,,SIM194252,Airtel,2024-07-24,,Active,SRC029,0.85,2024-12-05 20:35:29,2025-12-05 03:22:51
PH03069,97167374582,+91,VoIP,P03153,,SIM144968,Jio,2024-01-22,,Suspended,SRC017,0.89,2024-12-26 08:04:58,2025-12-25 21:13:50
PH03070,92042042402,+91,Mobile,P03019,,SIM130081,Airtel,2019-03-22,2026-02-19,Suspended,SRC001,0.84,2025-12-15 12:12:19,2025-12-28 07:23:58
PH03071,92184682784,+91,Landline,P03679,,SIM425124,Jio,2019-06-06,,Suspended,SRC022,0.94,2026-08-03 21:03:57,2025-01-01 14:29:01
PH03072,98794865868,+91,Landline,P03728,,SIM918706,Airtel,2019-03-14,,Suspended,SRC016,0.91,2024-10-10 17:42:21,2024-12-30 22:36:57
PH03073,91295373910,+91,Mobile,P03426,,SIM972339,Airtel,2023-05-14,,Inactive,SRC027,0.91,2025-07-24 07:42:56,2024-03-04 06:10:22
PH03074,93893262962,+91,Mobile,,O0181,SIM134202,BSNL,2021-05-10,,Active,SRC026,0.96,2025-09-04 07:28:01,2025-12-20 13:18:09
PH03075,99677042769,+91,VoIP,P01157,,SIM755232,Airtel,2020-12-16,,Active,SRC005,0.96,2024-01-03 06:23:12,2025-07-29 17:52:18
PH03076,95992475489,+91,VoIP,P01648,,SIM774631,BSNL,2024-08-04,,Active,SRC010,0.91,2026-07-07 02:15:29,2025-06-30 03:00:40
PH03077,98569838750,+91,Mobile,P00228,,SIM111693,Airtel,2023-10-15,,Active,SRC007,0.81,2025-10-26 23:59:19,2024-11-22 18:13:06
PH03078,94466419926,+91,VoIP,P00483,,SIM472062,Jio,2018-12-28,2025-06-05,Inactive,SRC019,0.89,2024-12-10 23:10:12,2024-11-30 11:17:49
PH03079,98373291293,+91,Landline,P01319,,SIM218203,Vi,2021-06-29,,Active,SRC028,0.85,2024-08-12 08:48:52,2024-06-13 20:10:43
PH03080,93737417653,+91,Landline,P01368,,SIM514168,Jio,2023-01-01,,Active,SRC029,0.88,2026-01-06 21:47:52,2025-07-17 09:08:20
PH03081,92029063267,+91,Mobile,P03402,,SIM506704,BSNL,2026-01-11,,Inactive,SRC014,0.97,2025-01-18 12:47:22,2024-07-12 10:15:35
PH03082,92634058599,+91,Mobile,P00578,,SIM588949,Jio,2022-06-05,,Active,SRC008,0.83,2025-06-18 03:30:42,2025-12-21 11:03:58
PH03083,97710088137,+91,VoIP,P01100,,SIM877417,Airtel,2025-04-22,,Active,SRC002,0.95,2024-03-23 10:53:11,2025-05-03 16:56:38
PH03084,91299557000,+91,Landline,P01904,,SIM872882,Jio,2021-09-08,,Inactive,SRC004,0.91,2025-12-22 02:51:23,2026-04-08 00:41:47
PH03085,98675496074,+91,VoIP,P01736,,SIM558930,Airtel,2026-08-06,,Suspended,SRC027,0.96,2024-10-25 06:12:34,2024-10-14 19:34:28
PH03086,91506124031,+91,Landline,P00023,,SIM565698,Vi,2021-08-31,,Inactive,SRC007,0.81,2025-08-13 19:51:44,2024-06-13 18:24:58
PH03087,95168279116,+91,VoIP,P00968,,SIM959416,Jio,2018-10-08,2025-09-08,Inactive,SRC025,0.81,2025-06-21 16:23:04,2024-09-19 01:33:16
PH03088,93162452809,+91,VoIP,P01362,,SIM467812,Airtel,2024-03-18,,Inactive,SRC022,0.83,2025-03-09 15:08:29,2024-10-15 19:19:15
PH03089,97732688275,+91,Landline,P02112,,SIM625945,Vi,2023-03-13,,Active,SRC024,0.83,2025-06-26 13:52:39,2026-02-14 18:54:25
PH03090,96439558912,+91,VoIP,P02948,,SIM391650,BSNL,2021-03-10,,Suspended,SRC019,0.84,2025-06-02 13:57:45,2024-04-30 10:32:00
PH03091,98444020920,+91,VoIP,P01854,,SIM396605,BSNL,2022-07-01,,Suspended,SRC007,0.92,2026-05-11 23:23:03,2025-01-31 16:06:17
PH03092,92726733365,+91,Mobile,P00999,,SIM481509,BSNL,2019-01-14,,Active,SRC027,0.85,2025-08-07 06:03:24,2026-05-06 08:49:44
PH03093,99151205283,+91,Mobile,P01852,,SIM859345,Jio,2022-11-30,,Inactive,SRC029,0.9,2026-03-07 06:36:36,2025-01-10 15:24:15
PH03094,94998912119,+91,Landline,P00812,,SIM626679,Jio,2021-09-04,,Active,SRC020,0.97,2025-03-01 14:07:58,2025-09-27 06:23:34
PH03095,98240374445,+91,VoIP,P00472,,SIM491777,Vi,2025-10-03,,Inactive,SRC015,0.83,2024-02-09 21:15:14,2025-01-12 03:40:23
PH03096,99964276317,+91,Mobile,P02894,,SIM893382,Jio,2023-05-24,,Active,SRC008,0.85,2026-08-21 20:53:28,2025-01-26 11:00:36
PH03097,94508057603,+91,Landline,P00467,,SIM399002,BSNL,2024-10-16,,Active,SRC024,0.84,2024-01-12 04:31:36,2024-12-22 11:13:51
PH03098,98539942149,+91,VoIP,,O0275,SIM299002,BSNL,2019-12-16,,Suspended,SRC025,0.95,2026-03-25 20:24:43,2024-08-06 19:40:40
PH03099,98778449337,+91,Landline,P02010,,SIM596104,Vi,2020-05-24,,Inactive,SRC003,0.96,2026-01-22 08:16:29,2024-11-03 06:11:36
PH03100,91390972335,+91,Landline,P01066,,SIM992485,Jio,2023-04-12,,Active,SRC030,0.89,2026-08-21 10:37:41,2025-06-15 15:54:16
PH03101,91456753301,+91,Mobile,P02473,,SIM527208,Vi,2021-09-26,,Inactive,SRC016,0.97,2025-01-14 03:46:20,2025-11-19 20:11:27
PH03102,95464751060,+91,Mobile,P03627,,SIM504377,Airtel,2023-09-11,,Suspended,SRC026,0.94,2026-03-10 18:01:26,2026-08-17 16:30:01
PH03103,97071551236,+91,Landline,P00846,,SIM485551,BSNL,2023-06-22,,Suspended,SRC018,0.97,2025-01-01 00:26:21,2024-03-29 17:25:45
PH03104,95769959360,+91,VoIP,P00065,,SIM838341,Jio,2025-09-22,,Suspended,SRC004,0.88,2024-01-24 15:58:45,2024-03-30 23:59:52
PH03105,93895531314,+91,Mobile,P03679,,SIM929896,Jio,2019-03-22,,Active,SRC024,0.99,2024-11-22 06:06:30,2025-01-02 17:07:12
PH03106,97620467875,+91,Mobile,P01595,,SIM467230,BSNL,2024-05-10,,Active,SRC001,0.97,2024-01-05 21:58:32,2024-05-06 21:18:25
PH03107,99545370837,+91,Mobile,P02940,,SIM436603,Vi,2025-01-17,,Inactive,SRC011,0.8,2024-11-20 17:17:02,2026-01-22 20:28:51
PH03108,97193691856,+91,Landline,,O0197,SIM958660,Vi,2021-06-25,,Inactive,SRC002,0.87,2024-10-06 14:41:41,2025-06-20 07:49:40
PH03109,97348617752,+91,VoIP,P00891,,SIM354070,Jio,2024-02-16,,Suspended,SRC001,0.89,2026-01-30 08:05:38,2024-10-29 04:38:00
PH03110,98301611910,+91,VoIP,P00331,,SIM846548,BSNL,2025-12-02,,Inactive,SRC004,0.82,2025-08-01 07:12:44,2026-07-22 08:43:51
PH03111,93994587683,+91,Mobile,,O0362,SIM383158,Vi,2020-12-02,,Suspended,SRC004,0.91,2025-11-20 11:39:47,2025-10-13 12:54:08
PH03112,97200287331,+91,Mobile,,O0345,SIM986420,Jio,2026-04-30,2026-02-27,Active,SRC012,0.82,2024-09-19 02:27:46,2024-11-16 12:26:51
PH03113,93349078287,+91,Mobile,P01976,,SIM912868,Vi,2021-10-17,,Active,SRC012,0.84,2024-05-09 13:39:09,2025-07-26 23:43:48
PH03114,91598068081,+91,Landline,P02418,,SIM183247,Vi,2026-04-24,,Suspended,SRC002,0.92,2024-08-26 19:29:20,2024-10-23 12:12:17
PH03115,92347260122,+91,VoIP,P01944,,SIM414119,Vi,2024-11-10,,Suspended,SRC026,0.98,2025-01-12 19:52:06,2024-03-21 06:15:34
PH03116,96923055818,+91,VoIP,P02106,,SIM584814,Jio,2024-09-04,,Suspended,SRC027,0.88,2025-10-17 04:31:32,2026-04-20 06:36:27
PH03117,98978073198,+91,VoIP,P03924,,SIM366499,Airtel,2020-09-30,,Inactive,SRC021,0.91,2025-06-28 18:20:30,2024-06-17 06:29:23
PH03118,91638059476,+91,Mobile,P01127,,SIM177890,Vi,2021-12-01,,Active,SRC018,0.98,2025-09-29 16:47:40,2026-07-20 16:35:10
PH03119,93106153843,+91,Landline,P00563,,SIM626145,Jio,2019-05-09,,Active,SRC007,0.93,2025-03-17 15:32:38,2024-11-25 03:00:52
PH03120,96742487227,+91,VoIP,P02339,,SIM860853,Jio,2023-10-06,,Inactive,SRC028,0.9,2025-10-27 02:51:36,2026-06-15 17:50:12
PH03121,92838416156,+91,Mobile,P00339,,SIM158718,BSNL,2026-02-04,,Suspended,SRC007,0.84,2026-06-14 05:31:03,2025-06-05 01:46:41
PH03122,99168381307,+91,Mobile,P01649,,SIM292108,BSNL,2025-03-17,,Inactive,SRC030,0.96,2024-01-13 16:58:36,2025-01-22 22:25:39
PH03123,95899257148,+91,Mobile,,O0177,SIM866606,Airtel,2018-10-12,,Suspended,SRC016,0.91,2024-02-04 22:52:55,2025-09-01 02:28:53
PH03124,95289772383,+91,Mobile,P03090,,SIM955633,Jio,2024-03-25,,Inactive,SRC016,0.97,2025-08-23 19:55:53,2024-07-18 04:13:43
PH03125,91642736638,+91,Mobile,P01836,,SIM580606,Vi,2019-05-20,,Suspended,SRC022,0.92,2024-06-29 07:51:54,2026-03-23 09:51:02
PH03126,92507190604,+91,VoIP,P02818,,SIM242526,Airtel,2021-05-20,,Active,SRC030,0.9,2024-11-24 17:56:50,2024-01-18 23:38:59
PH03127,93306064566,+91,Landline,P02708,,SIM728847,Airtel,2024-07-02,,Active,SRC013,0.91,2026-03-26 10:14:01,2026-03-12 23:20:08
PH03128,97366189737,+91,Mobile,P03276,,SIM899595,Vi,2025-10-26,,Inactive,SRC013,0.96,2026-05-04 02:37:11,2024-10-13 10:50:37
PH03129,97300872088,+91,VoIP,P01088,,SIM113686,BSNL,2024-01-08,,Active,SRC014,0.94,2025-08-27 01:22:45,2024-10-25 18:39:49
PH03130,98158936900,+91,VoIP,P02562,,SIM986590,Airtel,2022-11-21,,Inactive,SRC004,0.99,2024-11-27 22:41:31,2025-04-23 02:49:06
PH03131,97194024503,+91,VoIP,P00240,,SIM572409,Jio,2020-01-19,,Inactive,SRC012,0.98,2026-05-29 14:04:18,2025-01-20 09:31:16
PH03132,94569588467,+91,Mobile,P00119,,SIM142334,Vi,2020-12-10,,Active,SRC014,0.85,2025-05-17 23:09:35,2024-08-08 18:52:08
PH03133,98705014529,+91,VoIP,P03374,,SIM842428,BSNL,2025-10-28,,Suspended,SRC003,0.86,2024-08-09 18:16:14,2024-07-08 02:46:01
PH03134,99932844546,+91,Mobile,P01605,,SIM848960,Jio,2021-10-18,,Suspended,SRC020,0.92,2026-05-16 08:54:12,2025-11-24 21:58:19
PH03135,96101610295,+91,VoIP,P02113,,SIM569483,Vi,2023-06-18,,Active,SRC027,0.9,2024-12-06 13:30:56,2026-07-06 12:24:13
PH03136,97208104210,+91,VoIP,P03681,,SIM986049,Jio,2019-06-15,,Active,SRC026,0.87,2024-11-07 03:29:32,2025-01-23 08:34:11
PH03137,98606377304,+91,Mobile,P03014,,SIM869915,Vi,2024-02-01,,Active,SRC002,0.89,2026-07-22 14:24:37,2024-04-10 04:40:28
PH03138,91231111732,+91,VoIP,P00920,,SIM280836,Jio,2021-12-03,,Suspended,SRC009,0.81,2025-08-18 08:31:33,2026-05-13 09:41:48
PH03139,92202328776,+91,VoIP,P02113,,SIM521217,Vi,2020-01-31,,Active,SRC030,0.87,2026-05-28 08:52:07,2025-10-05 16:01:30
PH03140,95982163968,+91,VoIP,,O0014,SIM753854,BSNL,2020-12-01,2026-06-14,Inactive,SRC026,0.9,2024-01-27 18:29:32,2026-08-07 16:11:24
PH03141,98850857456,+91,Mobile,,O0316,SIM260377,BSNL,2026-05-30,,Inactive,SRC006,0.95,2024-08-05 08:38:49,2026-01-19 05:13:39
PH03142,92148726032,+91,Landline,,O0076,SIM196746,Vi,2025-07-31,,Active,SRC028,0.91,2025-08-20 00:36:37,2024-10-03 05:35:51
PH03143,91019021748,+91,Landline,P01639,,SIM915296,Vi,2025-08-22,,Active,SRC003,0.94,2025-07-09 16:38:18,2025-12-29 11:15:55
PH03144,91251858781,+91,Mobile,P01357,,SIM978406,Jio,2020-08-15,,Suspended,SRC009,0.96,2025-08-19 22:07:44,2024-08-01 03:37:46
PH03145,95722938958,+91,Mobile,P02860,,SIM931683,Jio,2023-06-20,,Inactive,SRC018,0.81,2026-08-01 07:20:15,2026-03-01 05:13:02
PH03146,98260031920,+91,VoIP,P01175,,SIM506869,BSNL,2025-02-06,,Suspended,SRC013,0.9,2025-06-06 22:37:32,2025-03-22 04:24:11
PH03147,94876942163,+91,Landline,P00405,,SIM175714,Vi,2024-02-20,,Active,SRC015,0.97,2025-10-21 02:44:12,2024-04-24 02:35:33
PH03148,98132261520,+91,Mobile,P01690,,SIM469713,Jio,2018-09-06,,Suspended,SRC023,0.8,2025-03-26 22:18:23,2025-06-28 03:16:51
PH03149,98869056789,+91,VoIP,P02131,,SIM471599,Airtel,2022-04-12,,Active,SRC003,0.84,2025-05-13 11:21:54,2026-08-29 18:51:30
PH03150,92887696329,+91,VoIP,P01293,,SIM589512,Vi,2018-09-11,,Inactive,SRC011,0.84,2026-07-10 07:34:59,2026-04-13 17:08:29
PH03151,95064940252,+91,Mobile,P01818,,SIM579615,Jio,2024-12-10,,Active,SRC011,0.96,2024-08-22 03:33:34,2026-03-01 21:00:54
PH03152,95129892054,+91,Landline,P00537,,SIM514871,Vi,2019-08-17,,Suspended,SRC028,0.95,2026-03-10 16:44:48,2025-04-17 06:45:24
PH03153,91441163850,+91,VoIP,P01170,,SIM224189,Airtel,2023-03-11,,Inactive,SRC007,0.8,2024-10-26 22:02:31,2025-01-12 18:41:30
PH03154,98044182024,+91,VoIP,,O0135,SIM428018,BSNL,2023-07-19,2024-09-26,Inactive,SRC021,0.85,2025-04-06 20:22:54,2025-07-23 18:30:51
PH03155,91806581317,+91,Mobile,P02894,,SIM861340,Jio,2021-01-31,2024-11-12,Inactive,SRC003,0.81,2026-01-27 02:47:36,2024-05-30 21:52:59
PH03156,96808172126,+91,Landline,P00606,,SIM687212,Airtel,2025-03-23,2025-11-27,Inactive,SRC025,0.9,2025-06-22 01:07:44,2025-07-20 07:58:06
PH03157,99860091139,+91,Mobile,P00474,,SIM712040,Airtel,2026-01-29,,Active,SRC009,0.83,2026-05-20 02:36:33,2025-02-05 04:22:50
PH03158,98266964200,+91,VoIP,P01131,,SIM900645,BSNL,2023-12-24,,Inactive,SRC028,0.84,2025-10-31 01:03:33,2024-09-08 19:24:18
PH03159,94570602721,+91,VoIP,,O0050,SIM755456,BSNL,2019-07-27,,Inactive,SRC013,0.97,2026-03-30 20:24:49,2024-06-16 16:20:07
PH03160,92505775169,+91,Landline,P01273,,SIM354847,Vi,2023-09-17,,Inactive,SRC026,0.83,2025-10-09 19:02:29,2024-09-03 14:22:05
PH03161,91021114382,+91,Landline,,O0426,SIM157726,Airtel,2026-06-18,,Suspended,SRC016,0.94,2025-09-19 10:51:51,2025-02-13 03:18:29
PH03162,93956846714,+91,VoIP,P01118,,SIM449280,Airtel,2025-10-01,,Suspended,SRC016,0.87,2024-09-14 22:00:58,2026-06-04 10:22:39
PH03163,98238147722,+91,VoIP,P01175,,SIM487547,Vi,2018-10-19,,Inactive,SRC013,0.92,2026-02-04 20:27:45,2025-05-16 07:04:47
PH03164,99097307972,+91,Landline,P00804,,SIM567552,BSNL,2022-05-14,,Active,SRC002,0.83,2024-12-11 11:40:22,2025-09-24 02:22:08
PH03165,95658898225,+91,Landline,,O0182,SIM524065,Vi,2025-08-29,,Active,SRC008,0.96,2024-02-19 11:57:50,2024-09-16 19:20:58
PH03166,97887465927,+91,VoIP,,O0218,SIM165631,BSNL,2026-05-23,,Suspended,SRC020,0.96,2025-09-26 14:09:59,2026-07-09 16:36:15
PH03167,97037612380,+91,Mobile,P03759,,SIM610912,Jio,2019-12-26,,Inactive,SRC028,0.81,2024-06-19 08:23:25,2025-06-04 12:43:55
PH03168,92262670457,+91,Landline,P00989,,SIM525607,Vi,2023-04-16,,Active,SRC022,0.82,2025-03-30 02:25:06,2025-01-09 07:59:02
PH03169,99885802964,+91,VoIP,P00843,,SIM606221,Vi,2018-10-20,,Active,SRC004,0.87,2025-05-20 07:47:14,2024-10-18 01:32:42
PH03170,93324712385,+91,VoIP,P03924,,SIM999224,Vi,2022-11-09,,Suspended,SRC011,0.94,2026-01-21 16:55:49,2025-08-26 10:38:41
PH03171,97434141378,+91,Mobile,P02960,,SIM518097,Jio,2021-07-04,2026-03-09,Active,SRC006,0.81,2024-10-18 13:43:53,2026-06-24 21:32:13
PH03172,99308749939,+91,Mobile,P03488,,SIM134816,BSNL,2026-06-17,2025-11-19,Active,SRC023,0.81,2024-08-15 12:35:33,2024-12-03 13:42:17
PH03173,91747131724,+91,VoIP,P00820,,SIM262013,BSNL,2021-10-16,,Inactive,SRC021,0.92,2024-06-02 05:43:32,2024-11-27 13:41:54
PH03174,93101075725,+91,VoIP,P00172,,SIM643724,Vi,2018-11-13,,Inactive,SRC021,0.82,2025-04-03 22:18:29,2026-06-27 04:12:30
PH03175,91965018713,+91,Landline,P00158,,SIM437314,Airtel,2025-04-18,,Active,SRC013,0.82,2025-09-17 06:27:53,2024-07-26 00:46:01
PH03176,94570203946,+91,VoIP,P02327,,SIM311841,Jio,2024-08-30,2025-07-23,Active,SRC007,0.88,2024-07-16 19:39:29,2026-04-24 18:45:55
PH03177,97888840885,+91,Landline,P01962,,SIM379001,Airtel,2021-03-26,,Suspended,SRC026,0.82,2026-02-03 08:07:37,2025-03-06 03:36:48
PH03178,91543079724,+91,VoIP,P02404,,SIM571551,Jio,2023-09-23,,Active,SRC008,0.87,2024-07-14 09:01:18,2026-05-22 08:09:17
PH03179,93547118827,+91,Mobile,P01977,,SIM750642,BSNL,2022-07-18,,Active,SRC016,0.87,2025-11-20 01:23:13,2024-12-25 17:24:59
PH03180,91171742410,+91,Landline,P02779,,SIM894811,Airtel,2021-10-22,,Suspended,SRC006,0.9,2025-09-09 18:53:21,2026-01-11 14:33:13
PH03181,93080172252,+91,Landline,P01088,,SIM357182,Jio,2024-07-11,,Suspended,SRC029,0.84,2026-01-25 03:28:18,2024-05-03 10:48:59
PH03182,94500690684,+91,Mobile,P00532,,SIM150348,Airtel,2022-12-02,,Inactive,SRC018,0.91,2024-12-04 13:23:48,2025-05-26 13:17:19
PH03183,96853643128,+91,Landline,P03211,,SIM821291,BSNL,2026-04-10,,Suspended,SRC016,0.83,2025-05-26 07:05:19,2024-07-18 18:30:46
PH03184,94550501489,+91,VoIP,P00292,,SIM299394,BSNL,2022-08-05,2024-11-20,Suspended,SRC028,0.83,2024-09-16 06:51:28,2024-10-12 16:29:32
PH03185,99514884530,+91,VoIP,P01371,,SIM964200,BSNL,2023-07-16,,Suspended,SRC003,0.92,2026-04-30 21:25:44,2026-07-10 17:58:03
PH03186,97894186815,+91,Landline,P01044,,SIM892242,BSNL,2024-02-22,2025-09-04,Suspended,SRC006,0.98,2024-01-31 19:45:35,2026-02-08 06:58:48
PH03187,98905441391,+91,Mobile,P03166,,SIM195845,BSNL,2025-08-08,,Inactive,SRC008,0.85,2025-02-04 08:33:40,2024-03-27 23:10:07
PH03188,96200076334,+91,VoIP,P03163,,SIM850623,Jio,2022-11-29,,Suspended,SRC001,0.88,2024-10-01 21:13:23,2024-04-28 00:46:25
PH03189,94101734878,+91,Mobile,P02438,,SIM865575,Airtel,2023-10-06,2026-05-19,Suspended,SRC025,0.87,2024-04-30 04:50:24,2025-01-09 03:01:40
PH03190,94414366300,+91,Mobile,P00370,,SIM776200,Vi,2020-06-19,2025-12-12,Suspended,SRC006,0.87,2024-09-08 13:35:51,2024-05-29 13:15:36
PH03191,91275733142,+91,Mobile,P01237,,SIM837941,BSNL,2021-03-21,2025-03-19,Suspended,SRC001,0.91,2026-01-16 17:06:55,2026-03-26 20:29:42
PH03192,98694451093,+91,VoIP,P00806,,SIM779626,Jio,2019-01-24,2025-02-22,Suspended,SRC021,0.9,2026-01-17 04:02:39,2025-06-03 18:26:57
PH03193,91088026326,+91,VoIP,,O0281,SIM604419,BSNL,2024-04-08,,Suspended,SRC020,0.98,2024-06-03 20:34:12,2026-07-01 21:26:57
PH03194,95759451997,+91,VoIP,P03692,,SIM289223,BSNL,2019-07-09,2026-04-15,Suspended,SRC010,0.83,2026-03-03 14:36:07,2024-03-27 04:57:07
PH03195,97413958390,+91,Landline,P01184,,SIM856954,Airtel,2024-08-02,,Active,SRC008,0.99,2026-06-10 11:13:51,2025-07-30 05:09:05
PH03196,92069784796,+91,Mobile,P02804,,SIM933320,Airtel,2019-01-28,,Suspended,SRC010,0.87,2024-12-16 09:37:11,2026-05-16 17:13:59
PH03197,96121004287,+91,Mobile,P02493,,SIM918889,Airtel,2021-11-28,2025-07-22,Suspended,SRC006,0.98,2026-07-28 19:03:25,2025-07-07 14:25:38
PH03198,94823931948,+91,Landline,P03697,,SIM467428,Jio,2023-10-03,,Inactive,SRC021,0.98,2024-05-17 05:13:11,2025-09-13 19:12:32
PH03199,97559414654,+91,Mobile,P00490,,SIM350306,Airtel,2025-09-03,,Inactive,SRC024,0.88,2026-02-25 15:21:19,2026-05-27 09:04:50
PH03200,99012187499,+91,VoIP,P02484,,SIM135116,BSNL,2022-03-07,,Active,SRC016,0.83,2024-07-19 20:56:59,2026-04-16 07:09:07
PH03201,92258138790,+91,Mobile,P02152,,SIM169484,Vi,2024-03-26,2025-11-15,Inactive,SRC011,0.88,2026-01-06 14:59:12,2024-02-17 22:14:38
PH03202,98408516727,+91,Landline,P03434,,SIM802981,BSNL,2018-10-26,,Active,SRC018,0.99,2026-01-06 21:35:11,2025-04-26 13:01:48
PH03203,93213703147,+91,Landline,P00073,,SIM473023,Vi,2020-12-28,,Suspended,SRC011,0.83,2026-05-11 02:57:08,2024-03-01 22:08:28
PH03204,93236385542,+91,VoIP,P02208,,SIM239208,Airtel,2023-12-23,,Active,SRC018,0.85,2025-07-30 01:28:16,2025-01-08 05:58:00
PH03205,96971343148,+91,Landline,P02199,,SIM167342,BSNL,2025-08-27,,Active,SRC028,0.81,2025-04-13 21:21:07,2025-03-17 09:16:43
PH03206,98410718638,+91,Mobile,P02773,,SIM745241,Vi,2019-08-19,,Suspended,SRC019,0.82,2025-04-06 06:52:49,2025-03-20 01:22:42
PH03207,98440793989,+91,Landline,,O0315,SIM936035,Jio,2023-07-12,2026-01-04,Inactive,SRC029,0.98,2026-03-15 22:14:51,2026-06-13 11:06:49
PH03208,95011058668,+91,Mobile,P03127,,SIM840135,BSNL,2024-10-25,,Suspended,SRC025,0.97,2026-07-15 08:09:35,2025-10-19 05:01:33
PH03209,92194754199,+91,VoIP,P01282,,SIM630363,Vi,2022-06-16,,Suspended,SRC002,0.86,2026-02-05 16:53:12,2024-04-11 17:49:36
PH03210,91915625866,+91,Landline,P01076,,SIM453899,Airtel,2021-02-16,,Suspended,SRC018,0.82,2024-07-04 19:10:27,2026-07-12 19:18:19
PH03211,92526081565,+91,Mobile,,O0180,SIM274650,Jio,2022-04-16,2026-08-01,Inactive,SRC014,0.87,2024-08-26 17:14:57,2024-08-10 08:46:53
PH03212,93292051369,+91,VoIP,P03736,,SIM582214,Airtel,2026-01-30,,Inactive,SRC018,0.88,2024-03-16 01:56:27,2025-06-09 15:58:54
PH03213,95007252035,+91,VoIP,P02117,,SIM456002,BSNL,2020-02-23,,Inactive,SRC002,0.96,2025-08-13 15:21:49,2024-10-14 08:04:08
PH03214,94358941468,+91,VoIP,P02328,,SIM347148,BSNL,2021-01-08,,Active,SRC018,0.85,2025-06-15 05:44:13,2025-08-09 06:12:07
PH03215,91085878181,+91,Landline,P00184,,SIM297693,BSNL,2021-08-28,,Inactive,SRC021,0.91,2025-05-26 08:55:42,2025-04-17 06:22:31
PH03216,97783104207,+91,Landline,P02817,,SIM811969,Jio,2019-06-02,,Inactive,SRC005,0.86,2026-01-11 17:28:17,2024-02-23 00:30:05
PH03217,93983063724,+91,VoIP,P02383,,SIM246729,Airtel,2018-11-07,,Suspended,SRC005,0.95,2025-03-06 15:26:09,2024-11-03 06:39:28
PH03218,94893461667,+91,Landline,P01368,,SIM388733,Vi,2019-06-18,,Suspended,SRC024,0.81,2026-01-08 17:46:57,2026-05-05 03:45:51
PH03219,93246845094,+91,Landline,P03182,,SIM953898,Jio,2026-08-08,,Active,SRC026,0.92,2024-07-30 12:36:00,2025-06-04 01:20:06
PH03220,98405437072,+91,Landline,P02020,,SIM202676,Airtel,2021-08-18,,Inactive,SRC008,0.91,2025-09-06 19:15:25,2024-09-06 11:05:26
PH03221,95532223663,+91,Landline,,O0019,SIM124434,Vi,2025-04-25,,Inactive,SRC002,0.83,2025-10-27 13:43:23,2026-08-13 16:48:10
PH03222,95469324311,+91,VoIP,P01747,,SIM138866,Airtel,2026-04-10,,Active,SRC015,0.91,2026-08-19 13:40:28,2025-05-18 09:12:02
PH03223,93861578410,+91,Landline,P03929,,SIM126386,Vi,2021-07-25,,Suspended,SRC002,0.82,2024-11-15 15:28:10,2024-10-05 20:30:21
PH03224,98584196467,+91,Landline,P03129,,SIM155026,Jio,2019-08-22,,Suspended,SRC019,0.96,2026-04-05 23:19:57,2024-10-31 09:19:07
PH03225,94798678519,+91,Landline,P02239,,SIM315743,Vi,2019-03-11,2026-06-15,Active,SRC026,0.93,2025-09-25 04:03:18,2025-11-21 02:55:05
PH03226,91465692143,+91,VoIP,P02675,,SIM470367,Airtel,2022-05-19,,Suspended,SRC026,0.85,2024-05-09 12:34:23,2024-03-19 04:01:22
PH03227,91652385154,+91,Mobile,P01732,,SIM555647,Airtel,2020-04-14,,Active,SRC012,0.89,2026-06-19 20:39:20,2024-02-16 11:14:58
PH03228,92150839436,+91,Landline,P03870,,SIM734456,Airtel,2019-02-25,2025-07-24,Inactive,SRC027,0.89,2024-04-02 13:17:14,2024-04-09 21:51:36
PH03229,92452234041,+91,Landline,P01014,,SIM339932,Vi,2018-10-04,,Inactive,SRC026,0.83,2025-07-08 09:34:26,2025-02-18 19:34:54
PH03230,98745715811,+91,VoIP,P03837,,SIM301908,BSNL,2019-12-29,,Active,SRC030,0.81,2026-08-16 14:27:56,2025-09-27 03:18:32
PH03231,97623479470,+91,VoIP,P00230,,SIM467195,BSNL,2026-01-10,,Suspended,SRC019,0.82,2024-01-20 15:22:52,2026-02-16 14:40:09
PH03232,97964606440,+91,Mobile,P01215,,SIM571289,BSNL,2019-09-23,,Suspended,SRC005,0.84,2024-05-12 09:54:09,2026-03-04 20:40:15
PH03233,97095135085,+91,Landline,P03884,,SIM147711,Airtel,2021-07-11,,Active,SRC025,0.88,2024-04-20 12:28:57,2025-10-23 16:25:37
PH03234,92142203190,+91,Landline,P01032,,SIM710999,Vi,2018-09-08,,Inactive,SRC018,0.81,2024-11-24 13:16:01,2025-08-21 07:00:20
PH03235,98187959501,+91,Mobile,P02655,,SIM453277,Vi,2024-07-07,,Inactive,SRC008,0.81,2025-07-21 14:50:12,2026-08-24 18:07:38
PH03236,92848355333,+91,Landline,P02162,,SIM587039,Airtel,2025-06-07,,Suspended,SRC020,0.92,2026-01-26 22:15:56,2026-01-02 10:39:36
PH03237,99869712033,+91,Landline,P03358,,SIM556095,BSNL,2018-09-16,,Active,SRC005,0.96,2025-03-17 14:48:29,2026-01-08 12:50:47
PH03238,93529145728,+91,VoIP,P00927,,SIM651525,BSNL,2024-11-09,,Suspended,SRC029,0.95,2024-03-21 22:10:11,2025-10-18 19:26:03
PH03239,96123705187,+91,Landline,P02663,,SIM143522,Airtel,2022-05-03,,Inactive,SRC006,0.96,2025-11-08 18:23:36,2024-06-20 22:53:23
PH03240,99726168896,+91,Mobile,P03469,,SIM953979,Airtel,2021-12-29,2025-04-25,Inactive,SRC007,0.98,2025-02-08 03:08:05,2024-04-17 08:57:18
PH03241,96669817398,+91,Landline,P01166,,SIM624987,Airtel,2024-10-28,,Active,SRC013,0.88,2025-11-06 20:29:29,2024-12-12 05:47:14
PH03242,97534955562,+91,Landline,P00770,,SIM576547,Airtel,2021-12-13,,Suspended,SRC018,0.97,2024-10-06 01:08:24,2025-11-25 04:09:10
PH03243,99172341470,+91,Landline,P02887,,SIM210813,BSNL,2025-11-27,2025-10-19,Suspended,SRC007,0.84,2026-06-02 05:06:02,2025-05-18 23:14:58
PH03244,97063487128,+91,Landline,P00596,,SIM282094,Airtel,2025-05-03,,Inactive,SRC028,0.89,2026-05-11 08:38:07,2026-05-03 08:56:23
PH03245,94646615937,+91,VoIP,P00879,,SIM990103,Jio,2021-06-20,,Suspended,SRC024,0.88,2024-12-25 06:39:28,2024-08-29 11:55:53
PH03246,99897959663,+91,Landline,P03331,,SIM437933,BSNL,2021-08-27,,Inactive,SRC015,0.87,2024-07-12 12:21:07,2025-01-27 11:10:17
PH03247,91163255693,+91,Landline,P00413,,SIM737745,Airtel,2025-07-06,2026-06-21,Active,SRC020,0.92,2025-03-17 14:09:12,2024-06-06 03:09:34
PH03248,95243025048,+91,VoIP,P03853,,SIM250187,Vi,2020-08-30,2026-04-03,Inactive,SRC002,0.98,2025-01-12 19:23:57,2024-03-19 22:05:16
PH03249,97580170791,+91,VoIP,P01648,,SIM871717,Jio,2024-01-13,,Active,SRC014,0.93,2025-05-13 14:01:45,2024-07-02 08:27:33
PH03250,94273951982,+91,Mobile,P03654,,SIM272570,BSNL,2026-02-07,2026-05-07,Active,SRC002,0.94,2025-03-02 13:19:44,2025-10-31 12:31:51
PH03251,92507421477,+91,Landline,P01773,,SIM331486,Airtel,2026-03-30,,Active,SRC023,0.87,2024-01-26 21:59:56,2026-08-20 04:24:51
PH03252,92522280753,+91,Landline,P00098,,SIM557118,Jio,2020-03-25,,Suspended,SRC030,0.91,2024-09-04 14:51:40,2025-09-22 11:42:38
PH03253,96959579513,+91,VoIP,P02647,,SIM960412,Airtel,2023-02-07,,Suspended,SRC017,0.97,2025-12-07 23:08:18,2026-06-26 04:19:27
PH03254,98105247073,+91,VoIP,,O0216,SIM197460,BSNL,2025-01-11,,Inactive,SRC023,0.98,2025-09-27 15:19:31,2026-01-28 06:47:22
PH03255,94745160990,+91,VoIP,P01970,,SIM913622,Vi,2025-06-21,,Active,SRC030,0.88,2024-02-17 18:21:46,2025-12-03 22:29:39
PH03256,91733084361,+91,Landline,,O0184,SIM173258,Vi,2025-12-13,,Suspended,SRC004,0.92,2025-06-08 02:38:15,2025-08-25 15:27:49
PH03257,94373349340,+91,VoIP,P02339,,SIM439178,Airtel,2026-04-18,,Active,SRC010,0.81,2026-06-03 04:57:38,2025-06-01 18:28:35
PH03258,96541385630,+91,Mobile,P02992,,SIM681221,Jio,2024-12-07,,Inactive,SRC014,0.98,2024-06-13 20:51:09,2024-10-29 20:07:12
PH03259,93725541286,+91,Mobile,P00236,,SIM923312,BSNL,2026-07-03,,Inactive,SRC023,0.9,2025-05-22 12:45:49,2025-12-27 10:12:31
PH03260,91775792350,+91,VoIP,P02402,,SIM962817,Airtel,2024-03-27,2024-09-22,Inactive,SRC020,0.83,2024-02-29 09:18:38,2025-05-04 05:37:17
PH03261,95406672590,+91,Landline,P02204,,SIM713433,BSNL,2018-11-16,,Inactive,SRC005,0.91,2025-01-02 20:01:54,2025-05-14 21:53:13
PH03262,92161035809,+91,VoIP,P01537,,SIM769932,Vi,2022-07-01,,Active,SRC008,0.91,2025-01-12 00:43:32,2024-12-03 20:09:55
PH03263,95830037845,+91,VoIP,P02401,,SIM349797,BSNL,2019-01-09,,Active,SRC016,0.88,2024-05-28 19:00:16,2025-05-04 23:48:21
PH03264,93690896191,+91,Landline,P03985,,SIM377589,BSNL,2023-07-26,,Suspended,SRC004,0.85,2026-02-12 02:19:39,2025-04-10 23:57:18
PH03265,99238131386,+91,Landline,P03256,,SIM249477,Vi,2024-10-23,,Inactive,SRC012,0.93,2025-09-29 04:25:48,2024-01-03 19:52:09
PH03266,98742727502,+91,VoIP,P03244,,SIM348492,Airtel,2024-05-07,2025-11-05,Suspended,SRC029,0.89,2025-02-15 00:28:58,2025-06-28 23:37:54
PH03267,97352625297,+91,VoIP,P03644,,SIM249356,Vi,2023-11-15,,Active,SRC009,0.82,2025-03-25 07:05:15,2024-07-30 08:47:21
PH03268,93415277010,+91,VoIP,P01403,,SIM300003,BSNL,2019-05-20,,Inactive,SRC012,0.93,2024-04-08 13:00:07,2026-08-01 19:01:27
PH03269,93198860775,+91,VoIP,P02979,,SIM206590,Vi,2023-08-02,,Active,SRC028,0.89,2026-05-11 03:44:38,2025-06-19 15:49:59
PH03270,96893388591,+91,Landline,P00514,,SIM383034,Airtel,2026-06-15,,Inactive,SRC016,0.99,2025-12-21 05:45:41,2024-03-09 10:06:43
PH03271,97789953054,+91,VoIP,,O0269,SIM641368,Vi,2024-02-17,,Suspended,SRC028,0.86,2024-07-26 13:17:02,2025-10-07 23:36:47
PH03272,92965222007,+91,Landline,P02517,,SIM714360,BSNL,2023-05-07,,Suspended,SRC004,0.96,2024-03-07 01:24:11,2025-10-28 05:40:36
PH03273,93340528039,+91,Landline,P03146,,SIM147931,Airtel,2022-11-28,,Active,SRC010,0.83,2025-01-25 17:37:15,2024-06-09 15:17:15
PH03274,98679666038,+91,VoIP,P02801,,SIM890644,Airtel,2022-10-18,,Suspended,SRC018,0.94,2026-03-10 07:12:59,2026-04-13 09:01:53
PH03275,91520676922,+91,VoIP,P01393,,SIM160693,Airtel,2023-12-17,,Inactive,SRC026,0.96,2026-07-09 23:35:29,2024-09-05 01:16:41
PH03276,96850944617,+91,Mobile,P01828,,SIM637956,Vi,2020-07-01,2025-11-14,Suspended,SRC012,0.85,2026-07-09 03:45:12,2026-04-16 04:28:03
PH03277,95028577363,+91,Landline,P03036,,SIM471925,BSNL,2023-10-24,,Suspended,SRC026,0.83,2024-11-22 04:05:22,2026-08-04 19:05:36
PH03278,98119629734,+91,VoIP,P03975,,SIM287635,Airtel,2019-02-09,2024-12-17,Inactive,SRC018,0.81,2026-05-04 23:15:57,2026-03-31 08:48:50
PH03279,95633907767,+91,Mobile,,O0412,SIM426895,Airtel,2019-04-23,,Active,SRC026,0.86,2026-08-13 02:01:34,2025-10-26 17:41:36
PH03280,97511504168,+91,VoIP,P03503,,SIM127685,Jio,2019-12-15,2025-12-28,Active,SRC013,0.93,2025-08-17 10:48:42,2024-02-06 23:40:43
PH03281,91834016632,+91,VoIP,P03469,,SIM294039,BSNL,2021-10-12,,Suspended,SRC007,0.95,2026-03-16 02:43:43,2025-01-19 12:10:20
PH03282,99556102329,+91,Landline,P00471,,SIM499106,BSNL,2022-01-30,,Active,SRC027,0.9,2025-12-11 23:26:17,2025-03-26 04:58:31
PH03283,92541850919,+91,VoIP,P03866,,SIM499978,Vi,2025-06-06,,Suspended,SRC028,0.97,2026-08-04 03:21:09,2025-04-10 19:23:49
PH03284,92424479541,+91,VoIP,P03436,,SIM100598,Jio,2022-04-30,,Active,SRC018,0.98,2026-08-07 06:00:51,2024-09-24 07:59:23
PH03285,96607216083,+91,VoIP,P00110,,SIM858986,BSNL,2024-01-23,,Inactive,SRC003,0.87,2024-07-05 14:37:19,2025-04-03 03:02:21
PH03286,92648575940,+91,VoIP,P01691,,SIM641727,Vi,2021-11-04,2024-09-11,Inactive,SRC008,0.95,2024-04-20 04:11:34,2024-12-19 20:13:06
PH03287,97046350941,+91,Mobile,P00368,,SIM658419,Jio,2024-05-25,,Inactive,SRC014,0.89,2026-01-13 20:09:26,2026-06-24 23:50:51
PH03288,91234989293,+91,VoIP,P03270,,SIM319023,Vi,2019-12-31,,Active,SRC008,0.93,2025-12-04 04:12:03,2024-07-09 07:35:44
PH03289,91218410156,+91,VoIP,P00394,,SIM411185,Jio,2021-12-20,,Inactive,SRC011,0.91,2024-11-21 02:24:19,2026-01-06 11:10:22
PH03290,91599157951,+91,Mobile,P00276,,SIM770521,Vi,2022-11-16,,Suspended,SRC002,0.84,2025-09-22 03:30:55,2024-12-15 21:36:47
PH03291,93352344725,+91,Mobile,P02375,,SIM634271,Jio,2019-03-17,,Active,SRC005,0.87,2024-11-28 13:31:33,2025-09-28 23:25:46
PH03292,91463063686,+91,VoIP,P03317,,SIM883634,Airtel,2021-12-08,,Suspended,SRC023,0.94,2024-02-13 15:06:39,2025-07-23 03:11:43
PH03293,93911323027,+91,Mobile,P02253,,SIM445636,Vi,2022-03-03,2025-10-10,Suspended,SRC030,0.86,2024-03-04 22:32:18,2024-07-25 12:18:47
PH03294,96315052972,+91,VoIP,P02577,,SIM337422,Vi,2024-04-14,,Active,SRC023,0.84,2025-10-09 02:59:47,2026-07-06 20:50:47
PH03295,98905902619,+91,VoIP,P01894,,SIM543695,BSNL,2021-04-20,,Active,SRC001,0.82,2026-03-29 02:21:54,2024-01-15 18:02:43
PH03296,92242651411,+91,Mobile,P01227,,SIM421558,BSNL,2018-12-03,,Active,SRC014,0.84,2026-07-02 03:01:41,2024-01-23 06:31:07
PH03297,99888696576,+91,Landline,P01621,,SIM367033,Jio,2026-04-25,,Suspended,SRC008,0.89,2026-03-02 00:14:13,2024-12-06 03:14:09
PH03298,91007187850,+91,Mobile,P03427,,SIM935637,Jio,2025-12-20,,Suspended,SRC026,0.89,2026-01-24 21:58:08,2025-11-11 10:13:44
PH03299,97896022494,+91,Mobile,P03942,,SIM691642,Jio,2024-06-10,,Suspended,SRC011,0.97,2026-01-31 05:50:52,2024-02-20 04:50:26
PH03300,97324649707,+91,VoIP,P02298,,SIM673279,Vi,2024-03-12,,Inactive,SRC017,0.87,2024-11-19 00:31:18,2025-09-26 02:38:08
PH03301,99991657445,+91,Landline,P03076,,SIM446608,Vi,2019-12-02,,Active,SRC021,0.88,2024-07-14 15:22:16,2025-01-22 10:38:21
PH03302,94051321829,+91,Mobile,P00028,,SIM407859,Vi,2025-04-12,,Active,SRC015,0.89,2026-04-24 01:56:31,2026-08-20 11:30:08
PH03303,99647459358,+91,Landline,P00967,,SIM741275,BSNL,2020-03-16,,Suspended,SRC021,0.94,2025-01-26 21:00:06,2024-04-18 18:25:07
PH03304,92602697159,+91,Mobile,P02719,,SIM299255,Vi,2025-09-06,2025-11-16,Active,SRC006,0.84,2026-06-16 00:17:10,2025-10-29 07:28:53
PH03305,92542178092,+91,VoIP,P00261,,SIM973764,Airtel,2021-01-13,,Suspended,SRC016,0.89,2025-06-15 10:55:45,2026-02-13 01:08:12
PH03306,98968643503,+91,Landline,P03261,,SIM596346,Airtel,2022-11-06,,Suspended,SRC014,0.94,2024-03-28 20:21:27,2024-05-30 21:42:12
PH03307,94341328884,+91,Mobile,P00798,,SIM493707,BSNL,2020-07-21,2026-03-09,Active,SRC026,0.95,2024-05-08 17:07:04,2024-11-13 09:25:22
PH03308,98234362999,+91,Mobile,P02877,,SIM820498,Airtel,2021-08-03,,Suspended,SRC002,0.86,2025-03-18 11:17:05,2025-01-23 05:49:27
PH03309,95802870563,+91,Landline,P01146,,SIM994272,Jio,2022-03-08,,Inactive,SRC006,0.91,2025-11-17 07:34:24,2025-07-21 08:08:29
PH03310,97826083966,+91,Landline,P03420,,SIM301868,Vi,2025-05-29,,Inactive,SRC013,0.9,2026-06-10 12:59:48,2025-11-02 05:57:44
PH03311,95907582532,+91,Landline,P01212,,SIM652618,Airtel,2025-12-15,,Suspended,SRC009,0.92,2026-03-19 08:04:09,2026-04-20 00:02:28
PH03312,96129958159,+91,Mobile,P00889,,SIM380320,Jio,2023-12-05,,Active,SRC027,0.82,2025-02-22 17:38:29,2024-06-17 03:38:06
PH03313,95017423421,+91,VoIP,P02362,,SIM597451,BSNL,2023-01-24,,Suspended,SRC003,0.92,2025-03-07 21:11:49,2025-10-06 08:06:42
PH03314,91896070072,+91,VoIP,P01903,,SIM231631,Jio,2022-03-05,,Suspended,SRC022,0.84,2025-12-04 10:08:30,2025-08-05 00:42:48
PH03315,97915271360,+91,VoIP,P02345,,SIM337308,Vi,2020-03-27,,Active,SRC026,0.96,2025-06-07 13:55:13,2024-09-06 12:17:56
PH03316,99261933633,+91,Mobile,P01061,,SIM212151,Vi,2021-07-12,2026-01-20,Active,SRC002,0.93,2026-03-22 22:16:07,2025-10-24 15:29:35
PH03317,94235757876,+91,Mobile,P03075,,SIM282845,Airtel,2023-07-27,,Suspended,SRC001,0.81,2024-11-12 14:58:47,2025-11-28 00:56:13
PH03318,97157158657,+91,Landline,P00994,,SIM486917,Jio,2023-06-09,,Inactive,SRC024,0.96,2024-11-28 15:02:32,2026-03-20 07:14:07
PH03319,91794822660,+91,Mobile,,O0392,SIM897535,Airtel,2019-03-26,,Suspended,SRC019,0.86,2025-07-03 09:42:51,2025-11-16 04:43:47
PH03320,93753305479,+91,VoIP,P01006,,SIM712750,Jio,2024-05-24,,Suspended,SRC006,0.92,2026-07-05 01:52:42,2026-01-08 16:52:16
PH03321,91221890523,+91,Mobile,P03518,,SIM340448,Airtel,2018-12-21,,Inactive,SRC023,0.8,2024-03-27 17:15:31,2024-09-13 19:46:57
PH03322,99299787231,+91,Mobile,P01612,,SIM638749,Airtel,2025-08-18,,Suspended,SRC022,0.85,2024-10-24 15:46:52,2025-03-30 22:58:30
PH03323,93315881087,+91,VoIP,P03943,,SIM474819,Vi,2019-04-16,,Inactive,SRC018,0.98,2026-01-30 08:37:49,2025-09-25 03:16:07
PH03324,94079895756,+91,VoIP,P03228,,SIM150746,Vi,2020-06-07,,Suspended,SRC024,0.87,2025-05-02 12:28:25,2026-07-20 07:38:30
PH03325,97214867260,+91,VoIP,P00473,,SIM703360,Airtel,2023-12-31,2025-02-21,Suspended,SRC028,0.91,2026-03-18 22:13:54,2025-06-01 10:30:48
PH03326,92988227592,+91,Landline,P00183,,SIM671926,Jio,2026-01-25,2026-08-18,Suspended,SRC001,0.96,2025-01-12 23:19:52,2026-08-12 22:55:51
PH03327,94757467041,+91,Landline,P01485,,SIM912047,Vi,2023-10-11,,Active,SRC024,0.9,2025-11-06 19:01:26,2026-01-26 23:10:45
PH03328,96603792562,+91,VoIP,P01754,,SIM495377,Airtel,2022-11-11,2026-09-01,Active,SRC025,0.85,2025-05-20 00:18:30,2024-11-06 11:01:21
PH03329,96737752440,+91,Landline,P02544,,SIM714407,Vi,2020-04-20,2026-03-13,Inactive,SRC028,0.83,2024-11-19 02:21:25,2026-01-27 16:23:31
PH03330,91670304665,+91,Landline,P03263,,SIM860167,BSNL,2021-03-29,,Suspended,SRC024,0.85,2024-08-15 17:23:04,2025-05-29 19:37:15
PH03331,96843526443,+91,Mobile,P03259,,SIM545538,Airtel,2025-03-20,,Inactive,SRC011,0.91,2026-07-09 03:36:58,2024-10-12 00:26:00
PH03332,98478357979,+91,Landline,P00548,,SIM678323,BSNL,2019-06-23,,Suspended,SRC025,0.81,2024-12-20 08:41:03,2025-02-16 00:23:27
PH03333,92964188044,+91,Landline,P00341,,SIM903931,BSNL,2022-03-02,,Active,SRC021,0.98,2024-06-03 19:31:27,2026-08-06 18:21:22
PH03334,97501870949,+91,Landline,P03125,,SIM851628,Airtel,2019-11-05,,Active,SRC005,0.91,2026-07-24 08:39:32,2024-09-14 15:06:07
PH03335,92252518424,+91,Mobile,P00070,,SIM185287,Airtel,2025-05-09,,Active,SRC005,0.95,2025-04-20 18:00:21,2025-11-02 10:03:18
PH03336,91188970170,+91,Mobile,P01457,,SIM596391,Airtel,2018-11-22,,Suspended,SRC014,0.88,2025-06-11 22:08:38,2025-07-01 22:41:04
PH03337,97556228078,+91,Landline,,O0040,SIM259387,Vi,2024-04-28,,Suspended,SRC026,0.95,2024-06-07 12:29:31,2024-01-23 05:35:49
PH03338,94321958470,+91,Landline,P01555,,SIM644468,Vi,2021-03-18,,Suspended,SRC021,0.99,2025-05-12 05:09:51,2024-12-18 15:01:42
PH03339,92148582819,+91,Landline,P02442,,SIM769623,Vi,2019-10-24,,Inactive,SRC020,0.87,2026-08-16 18:17:29,2024-10-06 03:59:39
PH03340,94606407722,+91,Mobile,P02763,,SIM964389,Vi,2020-01-27,,Active,SRC003,0.98,2024-01-22 06:10:15,2026-02-22 00:03:19
PH03341,97214685951,+91,Mobile,P02585,,SIM971186,Jio,2026-08-14,,Active,SRC015,0.92,2024-10-23 15:13:38,2025-06-03 17:54:05
PH03342,94426072090,+91,Landline,P02240,,SIM487451,Airtel,2021-12-03,2026-08-27,Active,SRC001,0.88,2025-11-10 22:39:19,2024-06-03 01:56:52
PH03343,94396639045,+91,Landline,,O0045,SIM389374,Jio,2023-01-02,,Suspended,SRC029,0.81,2026-01-29 17:56:44,2024-05-03 00:19:10
PH03344,92704221922,+91,VoIP,P03322,,SIM916225,Vi,2025-01-31,,Suspended,SRC025,0.89,2026-05-19 17:09:54,2024-08-24 01:40:31
PH03345,94575650192,+91,Mobile,P00625,,SIM747643,Vi,2024-09-30,,Inactive,SRC001,0.96,2025-09-17 23:02:56,2025-06-09 20:23:25
PH03346,94660090681,+91,Landline,P02328,,SIM774262,Airtel,2025-10-31,,Active,SRC012,0.94,2025-03-07 17:46:54,2026-01-31 19:22:18
PH03347,92273461107,+91,VoIP,P03510,,SIM291588,Airtel,2019-01-26,2025-12-19,Suspended,SRC003,0.86,2026-05-11 07:40:54,2026-04-21 23:22:23
PH03348,92863175837,+91,VoIP,P02561,,SIM191499,BSNL,2023-11-13,,Inactive,SRC018,0.83,2024-04-24 05:36:12,2026-07-01 22:48:40
PH03349,92769234875,+91,Mobile,P00796,,SIM281860,BSNL,2021-03-19,,Active,SRC006,0.89,2025-07-28 10:04:08,2026-02-10 18:46:57
PH03350,95972122883,+91,VoIP,P00498,,SIM215267,Jio,2023-03-10,,Active,SRC022,0.96,2025-03-04 00:11:12,2026-04-12 18:15:33
PH03351,94246038014,+91,Mobile,P02464,,SIM482508,Airtel,2021-02-02,,Inactive,SRC002,0.95,2024-02-23 08:38:19,2025-12-03 21:47:19
PH03352,93057828016,+91,VoIP,P02313,,SIM731945,Airtel,2025-12-02,2025-11-05,Suspended,SRC017,0.84,2025-08-16 10:45:00,2026-07-29 00:23:04
PH03353,97393205888,+91,Landline,P02373,,SIM181329,Airtel,2023-08-09,,Inactive,SRC002,0.89,2025-05-18 20:57:28,2026-07-29 15:29:45
PH03354,93098584297,+91,Landline,P02550,,SIM439303,BSNL,2025-02-11,,Suspended,SRC007,0.88,2024-08-26 04:40:10,2024-02-06 09:55:17
PH03355,99138673518,+91,Landline,P02028,,SIM331098,BSNL,2026-04-12,,Suspended,SRC028,0.98,2026-07-22 04:21:28,2026-07-27 20:26:28
PH03356,98950976052,+91,Landline,P00798,,SIM587511,Airtel,2023-07-17,,Inactive,SRC001,0.81,2024-01-22 00:37:14,2026-01-31 13:20:48
PH03357,93655208202,+91,Mobile,P01479,,SIM684110,Vi,2026-08-14,,Suspended,SRC030,0.92,2025-06-08 05:08:29,2025-10-20 18:30:28
PH03358,94950426295,+91,Landline,P01563,,SIM975858,Vi,2022-07-13,,Active,SRC011,0.98,2024-05-03 04:33:56,2024-10-27 14:23:52
PH03359,94766833715,+91,Landline,P00972,,SIM515578,BSNL,2020-05-04,,Suspended,SRC023,0.9,2026-04-15 20:39:44,2026-07-09 12:48:33
PH03360,92101107744,+91,Landline,P03607,,SIM444705,Vi,2023-07-29,,Inactive,SRC025,0.87,2025-02-26 09:56:18,2025-06-02 10:49:46
PH03361,94825210730,+91,Mobile,P01245,,SIM582537,BSNL,2025-09-09,,Active,SRC025,0.9,2024-01-26 03:52:46,2025-07-31 19:48:33
PH03362,93049357652,+91,VoIP,P01438,,SIM225901,Jio,2022-09-09,,Active,SRC010,0.95,2024-08-12 21:59:09,2024-08-25 13:26:07
PH03363,97807314148,+91,Landline,P00587,,SIM424562,Airtel,2018-11-18,,Active,SRC017,0.92,2025-07-22 21:13:02,2025-05-24 19:22:29
PH03364,91653526958,+91,VoIP,P02160,,SIM788439,BSNL,2022-03-17,,Active,SRC002,0.96,2026-07-23 06:19:18,2025-02-07 12:35:09
PH03365,97869600364,+91,Mobile,P03907,,SIM663599,Jio,2019-10-03,,Suspended,SRC012,0.89,2025-03-10 02:23:18,2025-10-31 17:19:20
PH03366,91091335248,+91,Mobile,P00465,,SIM349023,Vi,2019-09-16,,Active,SRC009,0.9,2026-06-13 20:01:58,2026-02-20 15:14:38
PH03367,94048609707,+91,VoIP,P02428,,SIM605454,Jio,2020-03-11,2026-06-12,Inactive,SRC010,0.89,2026-02-20 02:56:10,2026-07-23 09:50:02
PH03368,99628549218,+91,Landline,P02521,,SIM398911,Airtel,2020-02-02,,Active,SRC008,0.97,2025-04-04 05:27:31,2024-08-17 09:54:44
PH03369,91515527226,+91,VoIP,P02331,,SIM754497,Airtel,2023-07-23,,Active,SRC006,0.95,2024-08-10 02:29:19,2024-10-08 19:00:13
PH03370,93445230293,+91,Landline,P00658,,SIM695347,BSNL,2020-01-02,,Active,SRC003,0.81,2025-12-11 00:22:18,2024-02-29 09:57:33
PH03371,98803232746,+91,Mobile,P03369,,SIM193177,Vi,2025-11-07,,Suspended,SRC021,0.85,2024-06-02 09:48:41,2025-09-14 08:57:58
PH03372,97519093544,+91,VoIP,P01314,,SIM818964,Jio,2025-06-23,,Suspended,SRC011,0.87,2024-12-07 15:07:38,2025-05-07 11:19:59
PH03373,94565341629,+91,VoIP,P03275,,SIM960781,BSNL,2018-10-31,,Inactive,SRC002,0.85,2026-01-29 06:19:04,2025-06-18 06:56:45
PH03374,94240505489,+91,Mobile,P02583,,SIM742395,Jio,2019-09-09,,Suspended,SRC018,0.83,2024-03-20 02:53:02,2024-03-01 01:57:41
PH03375,95014362197,+91,Landline,P00405,,SIM753589,Jio,2026-07-24,,Active,SRC007,0.88,2024-01-23 15:09:34,2024-11-03 19:28:40
PH03376,99423897478,+91,VoIP,P02005,,SIM675057,Airtel,2021-05-15,,Suspended,SRC006,0.92,2024-09-16 17:51:34,2025-10-11 08:06:35
PH03377,96129128869,+91,Mobile,P02255,,SIM210366,BSNL,2023-05-18,2025-03-14,Active,SRC020,0.93,2024-07-01 14:50:05,2025-04-06 10:31:42
PH03378,92851272149,+91,Landline,P03973,,SIM692877,Jio,2022-10-24,2025-08-01,Inactive,SRC006,0.88,2024-05-10 00:26:25,2025-08-29 15:18:14
PH03379,93056255457,+91,Landline,P02645,,SIM243181,Vi,2019-07-18,,Inactive,SRC028,0.88,2024-08-03 07:09:15,2024-08-02 16:26:15
PH03380,95737194495,+91,Landline,P03775,,SIM582701,Vi,2021-03-23,,Inactive,SRC026,0.98,2026-06-27 05:58:34,2024-02-29 05:03:28
PH03381,93751814168,+91,Landline,P02060,,SIM148368,Airtel,2020-05-23,,Active,SRC002,0.82,2025-08-16 09:10:59,2025-02-17 06:30:14
PH03382,91753599761,+91,VoIP,P02784,,SIM588103,Jio,2022-02-25,,Inactive,SRC013,0.91,2024-01-17 08:13:27,2026-08-26 20:30:39
PH03383,94534772249,+91,Landline,P02451,,SIM610419,Airtel,2022-07-26,,Active,SRC022,0.92,2025-01-24 02:57:48,2025-10-25 10:51:04
PH03384,96185602211,+91,Landline,P03952,,SIM816252,Airtel,2021-05-05,,Active,SRC019,0.99,2024-12-07 18:05:24,2026-06-28 20:59:51
PH03385,99249785227,+91,Landline,P03218,,SIM776171,Vi,2022-10-14,,Active,SRC013,0.95,2024-05-11 17:29:33,2024-11-10 14:17:46
PH03386,97609932548,+91,Mobile,P03139,,SIM452847,Vi,2025-01-14,,Inactive,SRC018,0.96,2026-03-31 11:29:13,2026-07-23 18:35:44
PH03387,94636809150,+91,VoIP,P01259,,SIM628440,Airtel,2019-02-27,,Inactive,SRC026,0.94,2026-06-17 13:12:59,2026-05-07 02:02:55
PH03388,93384018591,+91,Mobile,P01986,,SIM508254,BSNL,2023-06-08,,Inactive,SRC016,0.82,2025-08-10 17:40:34,2025-12-11 08:35:53
PH03389,99799177052,+91,Landline,P00044,,SIM419016,Airtel,2022-09-14,,Active,SRC002,0.86,2024-08-29 04:40:36,2025-10-19 23:22:47
PH03390,92903114453,+91,Landline,P00129,,SIM379584,Vi,2025-08-25,,Active,SRC004,0.93,2025-10-12 00:37:08,2024-07-18 09:37:27
PH03391,92445285412,+91,Landline,,O0487,SIM325184,Vi,2024-09-24,,Inactive,SRC012,0.81,2026-04-02 16:47:49,2024-06-15 03:45:42
PH03392,95909127929,+91,VoIP,P03279,,SIM334727,Jio,2023-11-29,,Suspended,SRC011,0.83,2024-10-06 17:36:39,2026-06-14 13:25:15
PH03393,91731554637,+91,VoIP,,O0376,SIM158775,Airtel,2025-05-17,,Inactive,SRC002,0.94,2025-12-20 02:14:32,2025-05-30 07:44:24
PH03394,93858729923,+91,Mobile,P02807,,SIM207152,BSNL,2020-11-12,,Suspended,SRC023,0.99,2026-03-06 10:20:40,2024-03-04 02:33:06
PH03395,96041761190,+91,Mobile,P02645,,SIM284241,Jio,2024-05-03,,Inactive,SRC011,0.86,2025-07-24 00:56:50,2026-02-22 04:59:58
PH03396,94722868673,+91,Landline,P01740,,SIM899853,Airtel,2021-07-05,,Active,SRC022,0.88,2025-12-25 03:17:18,2026-07-23 09:24:13
PH03397,92582751776,+91,Landline,P01873,,SIM448371,Airtel,2020-04-15,,Active,SRC013,0.92,2024-06-28 21:49:32,2024-11-09 05:52:49
PH03398,94607864714,+91,VoIP,P01225,,SIM272185,BSNL,2020-10-19,,Active,SRC019,0.89,2025-12-19 11:56:38,2024-07-23 21:53:18
PH03399,91138239224,+91,Mobile,P01388,,SIM404087,Vi,2026-04-08,,Active,SRC012,0.91,2025-02-09 20:47:30,2024-10-25 11:35:14
PH03400,92214818927,+91,VoIP,P01929,,SIM210372,Airtel,2025-07-20,,Inactive,SRC003,0.85,2024-07-26 07:01:59,2024-06-16 17:16:41
PH03401,96032482838,+91,Landline,P02457,,SIM103349,Airtel,2025-01-11,,Inactive,SRC003,0.83,2026-04-10 03:57:02,2026-08-19 17:36:37
PH03402,99528742580,+91,VoIP,P02548,,SIM770243,BSNL,2020-02-05,,Inactive,SRC006,0.88,2024-06-29 06:56:58,2024-06-15 07:57:05
PH03403,96085771936,+91,Landline,P02638,,SIM285450,Airtel,2019-03-12,,Inactive,SRC007,0.91,2024-05-08 18:48:45,2025-05-07 13:39:28
PH03404,91109679319,+91,VoIP,P01399,,SIM705076,Airtel,2024-01-29,,Suspended,SRC027,0.86,2026-07-08 00:33:45,2026-06-12 10:14:58
PH03405,98768503159,+91,Landline,P00009,,SIM532056,Vi,2023-07-28,2026-01-16,Suspended,SRC013,0.91,2024-01-28 14:54:52,2024-08-03 19:09:02
PH03406,92113670203,+91,Mobile,P03596,,SIM387219,BSNL,2022-07-24,,Inactive,SRC003,0.97,2025-03-13 19:54:46,2024-08-27 23:03:17
PH03407,91943113612,+91,Landline,P01079,,SIM127554,BSNL,2020-10-15,,Inactive,SRC022,0.92,2026-04-02 06:31:54,2024-06-18 05:18:27
PH03408,98594797331,+91,Mobile,P01036,,SIM570360,Vi,2024-03-14,,Suspended,SRC022,0.99,2024-08-12 01:47:19,2024-09-25 02:29:05
PH03409,95321865404,+91,Mobile,P00649,,SIM612027,BSNL,2026-05-08,,Active,SRC006,0.81,2025-01-22 08:47:07,2026-07-04 17:22:03
PH03410,91492952501,+91,Landline,P02415,,SIM922121,BSNL,2023-08-04,,Suspended,SRC014,0.94,2025-12-24 23:45:56,2025-04-18 23:53:19
PH03411,96989018378,+91,VoIP,P02471,,SIM497627,Vi,2020-03-13,,Suspended,SRC020,0.95,2025-12-03 13:37:15,2025-03-12 22:32:26
PH03412,99910878802,+91,Landline,P00581,,SIM618907,Vi,2021-01-01,,Inactive,SRC002,0.98,2025-12-31 09:54:54,2025-05-20 09:16:43
PH03413,92079958761,+91,VoIP,,O0373,SIM906369,Airtel,2021-07-29,,Suspended,SRC007,0.96,2025-02-08 07:28:21,2025-02-21 03:37:13
PH03414,94257093416,+91,Landline,P00150,,SIM165623,BSNL,2025-04-01,,Suspended,SRC027,0.98,2026-02-23 14:15:27,2026-04-28 05:09:43
PH03415,95675605580,+91,VoIP,P00116,,SIM838341,Vi,2023-02-24,,Suspended,SRC017,0.96,2026-03-10 21:44:38,2024-11-17 15:23:44
PH03416,96323270403,+91,Mobile,P02303,,SIM603123,Jio,2020-05-19,,Active,SRC002,0.87,2024-05-23 07:06:12,2024-12-13 08:52:51
PH03417,92041048986,+91,Mobile,P00973,,SIM150206,Airtel,2024-12-03,2026-01-15,Inactive,SRC009,0.82,2025-04-18 11:13:23,2026-05-27 23:07:10
PH03418,95287181808,+91,Landline,P03350,,SIM993041,BSNL,2026-05-09,,Active,SRC020,0.87,2024-01-09 21:13:46,2026-07-31 19:48:36
PH03419,94319530020,+91,Mobile,P03578,,SIM473460,Jio,2023-03-18,,Suspended,SRC017,0.95,2026-06-28 08:59:09,2026-05-16 04:24:34
PH03420,93909030318,+91,Mobile,P01828,,SIM122019,Jio,2024-11-12,2026-08-07,Suspended,SRC009,0.83,2026-08-25 01:51:35,2024-07-11 16:07:44
PH03421,94009862348,+91,Landline,P03169,,SIM357270,Airtel,2025-03-05,,Suspended,SRC009,0.89,2024-10-21 10:20:36,2024-06-10 03:06:50
PH03422,96322890777,+91,Mobile,P00043,,SIM824603,Airtel,2019-06-10,,Active,SRC028,0.86,2024-08-04 19:21:08,2025-05-10 17:06:55
PH03423,92197003595,+91,Mobile,P03008,,SIM560915,Airtel,2025-02-25,,Inactive,SRC024,0.84,2024-03-16 18:03:40,2025-07-18 04:06:32
PH03424,98583866948,+91,Mobile,,O0049,SIM642937,Jio,2019-11-23,,Inactive,SRC019,0.99,2025-05-27 15:12:44,2024-01-29 19:51:03
PH03425,92851671108,+91,Landline,P03356,,SIM603924,Jio,2024-03-14,,Inactive,SRC002,0.81,2025-05-02 14:32:46,2026-02-10 22:04:54
PH03426,94527915043,+91,Mobile,P03174,,SIM792604,Vi,2024-07-06,,Suspended,SRC020,0.95,2024-12-16 13:53:16,2024-02-08 18:03:35
PH03427,95996803617,+91,Landline,,O0483,SIM888749,Vi,2025-08-31,,Suspended,SRC002,0.96,2025-04-14 11:02:35,2025-11-13 16:02:24
PH03428,92537536320,+91,Mobile,P02232,,SIM659009,Vi,2023-10-15,2025-06-05,Active,SRC014,0.89,2024-10-08 18:07:48,2024-02-23 06:26:58
PH03429,97253494569,+91,Landline,P00291,,SIM321071,Vi,2020-09-13,,Suspended,SRC008,0.87,2024-02-09 20:07:15,2024-08-29 15:48:57
PH03430,98919033939,+91,VoIP,P03096,,SIM170093,Jio,2022-04-20,,Inactive,SRC023,0.95,2024-10-14 03:42:28,2024-12-07 19:53:57
PH03431,91984394837,+91,Mobile,P02216,,SIM843029,Jio,2022-11-22,,Active,SRC025,0.95,2025-08-22 13:40:43,2024-06-16 07:45:08
PH03432,93122402613,+91,VoIP,P01069,,SIM429640,Vi,2018-11-22,,Suspended,SRC026,0.9,2024-04-19 15:12:06,2026-02-09 17:08:39
PH03433,92965128416,+91,Landline,P01614,,SIM871472,Airtel,2025-04-13,,Inactive,SRC009,0.87,2024-12-27 13:14:22,2024-08-04 02:07:19
PH03434,98719313528,+91,Mobile,P01202,,SIM671538,Vi,2021-01-08,,Inactive,SRC008,0.9,2025-03-15 04:09:37,2024-07-19 08:10:41
PH03435,95844880667,+91,Mobile,P03844,,SIM279582,Vi,2019-05-06,,Active,SRC018,0.92,2024-11-12 18:06:45,2025-05-07 13:16:46
PH03436,94504525752,+91,VoIP,P01398,,SIM170527,Airtel,2021-08-08,,Suspended,SRC022,0.98,2025-02-16 21:46:34,2025-02-17 08:15:05
PH03437,92161292075,+91,Mobile,P00428,,SIM144397,Vi,2025-01-19,,Active,SRC024,0.91,2026-04-04 16:00:32,2026-07-17 02:45:05
PH03438,99972044177,+91,VoIP,P02770,,SIM750107,BSNL,2024-06-24,,Suspended,SRC008,0.96,2024-05-22 16:23:17,2025-11-28 15:29:52
PH03439,95998565754,+91,VoIP,P01070,,SIM243552,Jio,2022-03-10,,Active,SRC025,0.84,2025-06-01 22:22:38,2025-04-27 03:17:25
PH03440,91116732917,+91,Mobile,P02874,,SIM529105,Airtel,2018-12-05,,Inactive,SRC009,0.81,2026-01-18 02:59:07,2026-04-08 00:05:17
PH03441,91724990435,+91,Landline,P03578,,SIM360118,Vi,2022-04-22,,Inactive,SRC013,0.99,2024-02-26 12:39:57,2025-04-23 03:00:57
PH03442,91411516791,+91,VoIP,P02811,,SIM174587,Vi,2020-07-02,,Suspended,SRC017,0.94,2025-12-25 08:30:34,2024-08-14 02:29:54
PH03443,99770520448,+91,Landline,P03813,,SIM168665,BSNL,2022-02-05,,Active,SRC022,0.83,2025-02-21 03:01:47,2025-12-26 05:32:35
PH03444,91448458627,+91,VoIP,P02953,,SIM715738,Vi,2022-04-27,2026-06-15,Suspended,SRC016,0.88,2025-04-26 07:12:29,2025-05-21 19:19:28
PH03445,96799602699,+91,Landline,P01141,,SIM268259,Jio,2025-01-01,,Active,SRC021,0.86,2024-10-12 10:39:44,2026-08-11 19:22:39
PH03446,93302810543,+91,Mobile,,O0222,SIM921916,BSNL,2023-10-31,,Inactive,SRC004,0.84,2026-04-28 08:10:51,2024-01-23 14:48:42
PH03447,98097086293,+91,Mobile,P03160,,SIM439244,BSNL,2024-06-16,2026-05-11,Suspended,SRC003,0.95,2026-01-23 11:30:20,2025-06-24 00:48:05
PH03448,94081113026,+91,VoIP,,O0011,SIM339708,Vi,2019-05-08,,Suspended,SRC002,0.85,2026-02-20 19:22:35,2025-05-26 20:53:08
PH03449,93457090300,+91,Mobile,P02722,,SIM302521,Jio,2020-05-04,,Suspended,SRC023,0.84,2025-07-09 21:18:53,2025-03-04 23:20:56
PH03450,93337765517,+91,VoIP,P02457,,SIM614503,BSNL,2022-11-11,,Active,SRC029,0.97,2024-06-19 03:46:23,2024-02-02 19:33:19
PH03451,94189604003,+91,VoIP,P00205,,SIM392222,Vi,2019-02-25,,Suspended,SRC027,0.84,2025-09-02 22:09:56,2024-08-13 18:05:21
PH03452,98247251226,+91,VoIP,P03736,,SIM281831,BSNL,2025-06-26,,Suspended,SRC003,0.85,2026-05-07 08:05:48,2025-04-19 22:55:16
PH03453,96328396567,+91,Landline,P01589,,SIM283694,BSNL,2024-06-25,,Active,SRC009,0.95,2026-06-15 02:08:00,2024-01-30 14:50:31
PH03454,98614922774,+91,VoIP,P01238,,SIM987807,Airtel,2018-10-20,,Inactive,SRC005,0.89,2025-01-15 16:02:55,2024-08-06 11:00:54
PH03455,98677955621,+91,Landline,P00271,,SIM696291,BSNL,2023-09-30,,Suspended,SRC010,0.98,2024-01-07 17:11:39,2025-10-17 05:01:53
PH03456,99133341502,+91,Landline,P02483,,SIM216014,Vi,2019-05-10,2025-08-19,Suspended,SRC013,0.95,2025-06-28 22:10:27,2025-04-22 11:18:17
PH03457,93761826966,+91,Landline,P02594,,SIM340571,Airtel,2024-12-09,,Active,SRC024,0.8,2025-09-07 03:17:22,2025-05-19 17:05:35
PH03458,99657973948,+91,VoIP,P00019,,SIM723365,Airtel,2023-04-06,,Active,SRC030,0.86,2026-06-09 08:55:22,2026-06-18 21:28:43
PH03459,98477314733,+91,Mobile,P00915,,SIM678484,Jio,2024-09-14,2026-06-29,Suspended,SRC027,0.95,2024-04-20 17:34:36,2024-05-27 02:57:25
PH03460,93933602205,+91,VoIP,P03591,,SIM629077,Airtel,2025-08-09,,Active,SRC029,0.89,2026-04-09 02:01:32,2024-03-31 04:54:13
PH03461,92998780775,+91,VoIP,P02197,,SIM911128,Jio,2020-06-12,2024-10-06,Inactive,SRC017,0.9,2025-07-06 00:55:46,2026-05-13 09:52:20
PH03462,92001301878,+91,VoIP,P02252,,SIM610745,Airtel,2019-08-08,,Active,SRC001,0.95,2026-02-28 20:47:06,2024-09-12 10:11:57
PH03463,97076577358,+91,VoIP,P01359,,SIM394972,Jio,2023-08-18,,Inactive,SRC029,0.9,2025-12-07 13:58:06,2024-04-26 10:06:02
PH03464,98582616723,+91,Mobile,P01349,,SIM617927,Vi,2021-07-27,,Suspended,SRC028,0.9,2025-09-02 07:29:22,2025-09-12 00:37:25
PH03465,98758577149,+91,Landline,P00942,,SIM690705,Vi,2025-07-12,,Suspended,SRC026,0.97,2024-05-02 11:17:01,2026-02-26 00:09:54
PH03466,98082330654,+91,Landline,P00804,,SIM768185,Jio,2020-09-06,,Active,SRC028,0.94,2026-07-16 10:59:38,2025-12-03 04:20:34
PH03467,93848600898,+91,VoIP,P02589,,SIM322355,Vi,2025-06-04,,Suspended,SRC008,0.9,2025-12-01 06:30:05,2024-09-10 19:06:23
PH03468,91343863469,+91,Landline,P03772,,SIM413554,Airtel,2019-09-18,,Inactive,SRC022,0.95,2025-05-15 09:41:01,2024-09-24 19:55:32
PH03469,97049371147,+91,Landline,P03420,,SIM344898,Vi,2020-02-15,,Inactive,SRC010,0.86,2025-03-12 00:22:37,2026-08-20 15:21:18
PH03470,93713666520,+91,Mobile,P02882,,SIM900575,BSNL,2019-01-25,,Inactive,SRC001,0.83,2024-10-31 12:29:27,2025-10-17 03:37:31
PH03471,93251360794,+91,Mobile,P01324,,SIM217527,Jio,2023-08-29,,Inactive,SRC010,0.95,2024-03-15 14:07:22,2024-09-26 13:33:26
PH03472,91791195976,+91,VoIP,P00512,,SIM257043,Airtel,2019-10-15,,Active,SRC029,0.94,2024-08-07 20:37:04,2026-06-09 09:31:12
PH03473,99802207621,+91,Landline,P00005,,SIM937047,Airtel,2019-06-30,,Active,SRC005,0.98,2026-05-27 21:39:37,2026-04-19 05:20:47
PH03474,93620040995,+91,VoIP,P02659,,SIM286595,Jio,2022-01-26,,Suspended,SRC025,0.95,2026-02-01 14:23:55,2024-11-12 00:30:19
PH03475,93503616529,+91,Mobile,P00118,,SIM909479,Airtel,2021-08-21,,Active,SRC003,0.95,2025-02-13 19:26:06,2025-12-04 09:30:07
PH03476,94096048170,+91,VoIP,P02411,,SIM368256,BSNL,2023-04-11,2025-01-12,Active,SRC029,0.95,2024-04-07 15:53:17,2024-11-05 10:29:23
PH03477,94961363175,+91,VoIP,P00055,,SIM475014,Jio,2024-12-16,,Active,SRC012,0.93,2026-04-07 00:10:23,2024-02-08 11:39:14
PH03478,91133463740,+91,Landline,P01487,,SIM522957,Vi,2026-05-28,,Inactive,SRC012,0.94,2025-09-18 04:56:26,2025-03-24 01:29:06
PH03479,98835213188,+91,Mobile,P00735,,SIM869688,BSNL,2021-01-14,,Active,SRC004,0.96,2026-04-27 01:55:07,2024-03-21 04:54:48
PH03480,98168589011,+91,Mobile,P03376,,SIM689565,BSNL,2019-02-25,,Active,SRC026,0.95,2024-10-13 17:49:09,2025-12-09 18:52:11
PH03481,98929033756,+91,Mobile,P02605,,SIM245005,BSNL,2018-09-26,2025-04-05,Inactive,SRC009,0.91,2025-05-15 10:53:22,2025-10-12 00:15:56
PH03482,98334410352,+91,Landline,P02275,,SIM809481,Airtel,2019-04-10,,Inactive,SRC028,0.82,2025-07-29 22:34:36,2024-09-12 11:24:34
PH03483,97732080777,+91,Landline,P00610,,SIM490438,Airtel,2019-10-05,,Inactive,SRC027,0.91,2026-05-19 00:54:17,2024-09-18 23:09:29
PH03484,93222507404,+91,VoIP,P00445,,SIM846507,Airtel,2019-10-19,,Active,SRC012,0.89,2026-05-15 15:24:30,2026-07-31 08:59:46
PH03485,94742970064,+91,VoIP,P02510,,SIM184039,Airtel,2022-10-03,,Inactive,SRC016,0.93,2025-11-06 04:32:52,2025-08-07 14:05:44
PH03486,91445447804,+91,Mobile,P02013,,SIM142542,BSNL,2019-07-14,,Inactive,SRC003,0.97,2025-12-28 00:40:11,2024-03-16 21:43:47
PH03487,95546954745,+91,Mobile,P03542,,SIM708431,BSNL,2023-04-26,,Suspended,SRC016,0.95,2025-07-22 12:06:44,2025-05-24 21:30:47
PH03488,96141420014,+91,Mobile,P02370,,SIM217756,BSNL,2022-09-10,,Active,SRC002,0.84,2024-09-23 07:08:22,2026-03-29 02:00:54
PH03489,91034589044,+91,Landline,,O0343,SIM628105,BSNL,2024-12-16,,Inactive,SRC030,0.85,2025-01-31 19:18:15,2025-01-22 10:50:50
PH03490,98442415945,+91,Mobile,P02034,,SIM345171,Airtel,2022-01-30,,Suspended,SRC024,0.82,2026-05-09 20:35:23,2025-01-06 13:09:24
PH03491,96022255470,+91,Mobile,P03212,,SIM712347,BSNL,2024-12-25,,Active,SRC029,0.83,2025-06-17 00:09:42,2024-08-16 08:11:10
PH03492,92199002341,+91,VoIP,P03880,,SIM332059,Vi,2023-09-30,,Active,SRC012,0.96,2024-02-11 11:18:15,2024-05-26 23:57:06
PH03493,97107946748,+91,Landline,P00772,,SIM388594,Jio,2023-02-04,,Active,SRC013,0.98,2026-04-29 13:40:56,2024-08-22 01:02:59
PH03494,93553435900,+91,Landline,P03788,,SIM142863,BSNL,2022-01-24,,Suspended,SRC027,0.93,2026-06-24 13:30:48,2024-01-09 21:33:19
PH03495,91349078087,+91,VoIP,P02443,,SIM110851,BSNL,2019-09-14,,Active,SRC009,0.95,2025-03-09 17:07:56,2025-04-27 13:18:09
PH03496,94068067869,+91,Landline,P02387,,SIM310863,BSNL,2023-09-21,,Active,SRC020,0.96,2026-04-04 15:52:04,2024-06-09 03:31:35
PH03497,92434717354,+91,Mobile,P00914,,SIM275634,BSNL,2022-03-25,,Suspended,SRC007,0.85,2024-12-05 03:28:08,2024-07-21 13:06:29
PH03498,92211213367,+91,Mobile,P01819,,SIM190848,BSNL,2019-06-16,,Suspended,SRC020,0.96,2024-12-12 21:48:09,2024-06-27 04:48:16
PH03499,97043297535,+91,Mobile,P00182,,SIM877415,BSNL,2024-07-12,,Inactive,SRC011,0.96,2024-03-27 05:10:22,2025-06-06 16:08:20
PH03500,97316045919,+91,Mobile,P02520,,SIM543966,Vi,2022-12-23,,Active,SRC015,0.84,2024-10-12 21:38:44,2026-07-03 04:15:34
PH03501,93509380381,+91,Mobile,P01410,,SIM743153,Vi,2020-04-29,2024-10-09,Inactive,SRC002,0.92,2026-07-14 21:24:46,2026-06-28 02:20:47
PH03502,94117462441,+91,VoIP,P00387,,SIM714953,Vi,2023-08-01,,Suspended,SRC012,0.9,2025-05-03 19:27:34,2024-06-21 11:39:22
PH03503,93933778748,+91,Landline,,O0019,SIM574589,Jio,2018-11-01,2024-09-27,Inactive,SRC007,0.92,2024-06-02 02:25:29,2024-04-01 02:47:17
PH03504,94248960748,+91,Mobile,,O0325,SIM892995,Jio,2025-01-29,,Inactive,SRC025,0.93,2024-07-09 22:09:11,2026-07-11 19:17:48
PH03505,91216478238,+91,Landline,P01089,,SIM904510,BSNL,2026-04-07,2025-07-24,Suspended,SRC025,0.88,2024-02-28 07:47:52,2025-10-24 01:53:10
PH03506,91344775986,+91,Landline,P01560,,SIM502971,Airtel,2021-11-04,,Suspended,SRC015,0.84,2026-05-23 01:06:20,2025-07-14 02:15:04
PH03507,97299774812,+91,Mobile,,O0277,SIM191972,Airtel,2025-01-25,,Active,SRC022,0.98,2025-07-20 18:33:55,2025-07-13 09:17:48
PH03508,94075911846,+91,VoIP,P03445,,SIM834356,Jio,2024-06-28,,Inactive,SRC022,0.8,2026-02-06 03:28:22,2025-01-19 20:03:25
PH03509,98714809667,+91,VoIP,P00647,,SIM403426,Jio,2024-11-03,,Suspended,SRC028,0.82,2026-08-28 18:17:05,2025-09-28 01:11:55
PH03510,94287680009,+91,VoIP,P00114,,SIM516650,Vi,2020-04-14,,Inactive,SRC025,0.9,2024-08-30 21:13:10,2024-02-24 11:49:31
PH03511,92613332349,+91,VoIP,P03825,,SIM331768,Vi,2023-01-09,,Active,SRC014,0.94,2025-03-23 06:49:48,2026-06-04 01:02:46
PH03512,93402110383,+91,Mobile,P03838,,SIM705943,Vi,2024-10-07,,Active,SRC023,0.95,2024-03-15 09:07:10,2025-09-27 10:00:51
PH03513,97110572460,+91,VoIP,P02167,,SIM930111,Jio,2022-09-25,,Suspended,SRC028,0.87,2025-04-01 01:23:02,2026-03-16 18:15:46
PH03514,94144509559,+91,Landline,P00313,,SIM123458,Vi,2026-03-25,,Suspended,SRC020,0.83,2026-01-22 17:26:19,2026-06-14 22:11:59
PH03515,99408684465,+91,Mobile,P02007,,SIM660390,BSNL,2026-03-13,2026-04-08,Active,SRC028,0.97,2024-08-28 14:59:58,2024-02-17 16:23:10
PH03516,93744670778,+91,Mobile,P03655,,SIM109715,Vi,2019-11-16,,Active,SRC026,0.82,2026-04-05 12:48:48,2025-03-31 03:07:58
PH03517,94952800467,+91,Landline,P02839,,SIM416737,Vi,2022-02-06,,Active,SRC008,0.96,2024-03-25 17:30:04,2024-10-02 08:44:33
PH03518,98615053177,+91,Mobile,P03375,,SIM415466,BSNL,2020-09-19,,Active,SRC026,0.95,2024-10-30 00:31:12,2025-09-05 01:09:30
PH03519,92345767590,+91,Landline,,O0361,SIM348162,BSNL,2025-01-13,,Inactive,SRC003,0.93,2025-11-09 05:26:55,2024-12-16 08:43:43
PH03520,93342138951,+91,Mobile,P03509,,SIM111478,Vi,2024-02-28,,Inactive,SRC026,0.9,2025-01-24 04:13:19,2024-04-27 23:03:39
PH03521,94841836748,+91,Landline,P03670,,SIM829782,BSNL,2022-06-14,,Inactive,SRC002,0.82,2024-12-19 08:57:41,2026-02-23 20:05:51
PH03522,92133681387,+91,Mobile,P00407,,SIM183372,Jio,2023-09-05,,Inactive,SRC010,0.82,2025-12-12 06:29:59,2026-04-14 19:52:26
PH03523,97925906790,+91,Landline,P01867,,SIM613490,Vi,2026-06-27,,Inactive,SRC014,0.91,2026-03-15 11:17:00,2025-01-27 01:34:41
PH03524,93957899909,+91,Mobile,,O0427,SIM209622,Airtel,2022-09-12,2024-12-30,Suspended,SRC007,0.86,2025-11-19 21:37:11,2026-08-06 12:13:27
PH03525,92753595031,+91,VoIP,P03585,,SIM785153,Vi,2018-12-08,2026-05-01,Suspended,SRC006,0.86,2026-05-03 11:27:15,2025-02-12 06:04:27
PH03526,92891745002,+91,VoIP,P02152,,SIM204575,Airtel,2024-03-19,,Active,SRC015,0.98,2024-07-09 21:02:08,2024-12-20 13:33:23
PH03527,93469209006,+91,VoIP,P00699,,SIM453934,Vi,2019-02-04,,Active,SRC029,0.84,2026-03-24 22:50:25,2024-01-15 06:06:13
PH03528,92843449530,+91,Mobile,P03036,,SIM951074,Airtel,2024-06-08,,Suspended,SRC007,0.88,2025-02-26 05:29:29,2026-07-29 01:14:30
PH03529,95300582917,+91,Mobile,P01404,,SIM170115,Vi,2022-04-10,,Active,SRC005,0.8,2025-10-23 07:52:09,2025-05-13 19:24:45
PH03530,92415739620,+91,Landline,P01652,,SIM988996,BSNL,2021-01-05,,Suspended,SRC013,0.84,2024-05-16 23:46:22,2024-06-13 03:14:13
PH03531,99390863255,+91,Mobile,P03138,,SIM318793,Jio,2025-01-07,,Active,SRC015,0.84,2024-12-06 19:30:12,2024-08-04 02:26:46
PH03532,99056915874,+91,Mobile,P02719,,SIM188334,Airtel,2022-09-28,,Inactive,SRC030,0.85,2025-02-15 00:28:43,2025-12-08 13:04:25
PH03533,92595543120,+91,Mobile,P02621,,SIM419876,Airtel,2023-10-08,2025-10-08,Active,SRC024,0.9,2026-06-06 19:40:50,2024-04-12 23:00:20
PH03534,93727072514,+91,Landline,P03604,,SIM988328,Airtel,2022-07-16,2024-10-10,Inactive,SRC008,0.98,2024-04-22 12:05:06,2025-01-23 10:03:19
PH03535,92157493873,+91,Mobile,P01852,,SIM767099,Jio,2022-05-05,2026-04-06,Active,SRC014,0.84,2025-09-30 17:17:59,2024-12-10 12:15:13
PH03536,94822144226,+91,Mobile,P02740,,SIM890525,Jio,2025-10-22,,Suspended,SRC006,0.91,2024-07-08 06:55:09,2024-09-10 09:59:43
PH03537,93268118158,+91,VoIP,,O0287,SIM249763,Airtel,2024-12-10,,Inactive,SRC011,0.8,2024-11-13 07:48:25,2024-07-25 19:09:06
PH03538,93634824808,+91,VoIP,P01618,,SIM559319,Vi,2025-10-18,,Suspended,SRC027,0.85,2026-07-19 02:57:54,2024-07-14 19:35:38
PH03539,91924738019,+91,Mobile,P00297,,SIM209582,BSNL,2020-05-27,,Active,SRC018,0.8,2026-07-28 19:00:18,2024-03-28 14:06:01
PH03540,92631399694,+91,Mobile,P00336,,SIM595267,Airtel,2023-08-06,,Active,SRC006,0.89,2024-04-22 11:59:58,2025-08-03 05:05:44
PH03541,92878181872,+91,VoIP,P01175,,SIM451011,Airtel,2025-10-12,,Inactive,SRC008,0.88,2025-08-06 07:21:04,2025-09-03 01:38:00
PH03542,94214694003,+91,Landline,P00604,,SIM211203,Jio,2024-12-24,,Inactive,SRC029,0.9,2025-06-10 01:38:51,2024-05-12 02:18:58
PH03543,99730346702,+91,Landline,P03387,,SIM893108,BSNL,2026-05-25,,Inactive,SRC002,0.8,2024-12-25 05:47:20,2026-02-22 15:50:56
PH03544,94077315076,+91,Mobile,P00703,,SIM975046,Vi,2025-02-12,,Suspended,SRC023,0.92,2025-10-18 09:34:28,2024-02-09 20:41:33
PH03545,94656993793,+91,Mobile,P00266,,SIM283176,Airtel,2024-11-06,,Suspended,SRC017,0.82,2025-02-03 21:43:02,2025-04-10 11:21:05
PH03546,95836953785,+91,VoIP,P03186,,SIM256351,BSNL,2022-04-02,,Inactive,SRC022,0.95,2024-08-16 16:45:18,2026-06-07 13:00:01
PH03547,98358514424,+91,Landline,P02458,,SIM846441,Jio,2021-11-02,,Inactive,SRC004,0.81,2025-05-02 23:23:00,2024-04-18 00:00:25
PH03548,94825314203,+91,VoIP,P03603,,SIM103667,Airtel,2021-05-03,,Inactive,SRC023,0.94,2025-02-05 19:19:57,2026-04-26 02:14:14
PH03549,96083123517,+91,Mobile,P01357,,SIM703520,Airtel,2024-01-15,,Active,SRC028,0.87,2024-01-03 06:04:53,2024-02-19 15:42:46
PH03550,95643492151,+91,Mobile,P01300,,SIM790824,Airtel,2023-08-17,,Inactive,SRC030,0.99,2026-03-10 03:29:50,2024-04-20 15:25:06
PH03551,96915364561,+91,Mobile,P02839,,SIM892562,BSNL,2019-10-24,,Inactive,SRC003,0.97,2024-02-26 13:34:05,2026-05-16 21:25:47
PH03552,92726520100,+91,Landline,P03971,,SIM996060,BSNL,2022-08-27,,Active,SRC029,0.91,2025-11-01 01:45:35,2026-06-02 10:29:55
PH03553,96814834806,+91,VoIP,P00832,,SIM355076,BSNL,2022-11-16,,Active,SRC017,0.83,2025-11-26 10:12:42,2024-02-22 03:55:45
PH03554,94412709135,+91,VoIP,P00649,,SIM720851,BSNL,2025-11-08,2025-10-23,Inactive,SRC024,0.84,2025-07-18 02:58:56,2025-11-17 10:44:15
PH03555,94320444230,+91,VoIP,P01439,,SIM645699,Vi,2020-06-27,,Inactive,SRC008,0.85,2026-01-05 15:02:52,2024-10-23 05:40:40
PH03556,92217448887,+91,VoIP,P00850,,SIM467280,Airtel,2022-06-26,,Inactive,SRC014,0.94,2024-01-21 15:09:23,2024-02-16 05:30:06
PH03557,98431629827,+91,Mobile,P01841,,SIM263168,Vi,2019-01-05,,Inactive,SRC007,0.91,2025-06-04 06:57:54,2025-03-02 00:31:36
PH03558,96910465811,+91,Mobile,P03367,,SIM901462,Vi,2022-04-29,2025-01-27,Suspended,SRC011,0.81,2024-11-16 16:46:15,2025-11-22 05:02:50
PH03559,95270748846,+91,Landline,P02391,,SIM853160,Airtel,2019-11-13,,Active,SRC013,0.92,2024-11-19 10:47:50,2024-06-04 20:26:50
PH03560,94526721271,+91,Mobile,P02529,,SIM388367,Airtel,2023-12-11,,Inactive,SRC030,0.86,2024-03-12 10:08:02,2026-01-02 20:14:47
PH03561,93060150219,+91,VoIP,P02274,,SIM256867,Jio,2021-11-24,,Inactive,SRC005,0.95,2024-05-20 12:06:33,2024-09-10 18:03:59
PH03562,96285737249,+91,Landline,P00121,,SIM746646,BSNL,2025-01-15,,Active,SRC004,0.92,2024-10-03 04:03:52,2025-09-03 23:20:33
PH03563,98519617534,+91,Landline,P03289,,SIM505586,BSNL,2021-09-29,,Inactive,SRC023,0.87,2024-04-06 02:25:57,2025-09-15 17:10:31
PH03564,96265584385,+91,Landline,P01370,,SIM939082,Vi,2020-09-01,,Suspended,SRC004,0.87,2026-06-27 18:26:52,2024-02-06 03:50:46
PH03565,93131980360,+91,VoIP,P00457,,SIM469693,Vi,2021-07-08,,Active,SRC010,0.87,2024-01-27 14:59:01,2024-09-03 13:14:20
PH03566,91977402584,+91,VoIP,P02948,,SIM991506,Vi,2021-01-12,2024-09-24,Inactive,SRC014,0.93,2025-03-15 12:14:56,2026-01-23 18:44:23
PH03567,94710463495,+91,Landline,P03173,,SIM932645,Airtel,2023-08-15,2026-03-26,Inactive,SRC025,0.88,2026-04-17 09:22:21,2025-06-25 14:59:53
PH03568,97605509634,+91,VoIP,P01471,,SIM992423,BSNL,2021-03-11,,Suspended,SRC026,0.86,2024-08-25 10:03:49,2025-10-25 01:48:29
PH03569,91387835160,+91,VoIP,P02086,,SIM437904,BSNL,2019-05-31,,Suspended,SRC027,0.9,2024-03-11 22:03:33,2025-10-07 07:57:59
PH03570,96150459223,+91,Mobile,P01441,,SIM726749,BSNL,2024-09-23,,Inactive,SRC022,0.88,2025-04-08 15:05:05,2025-12-26 05:16:09
PH03571,95319281705,+91,Landline,,O0122,SIM439281,Airtel,2018-12-29,,Suspended,SRC010,0.94,2025-07-24 23:20:12,2024-09-02 03:58:59
PH03572,98445692636,+91,VoIP,P02087,,SIM688958,Vi,2024-07-31,,Suspended,SRC012,0.81,2025-07-23 01:31:08,2024-12-28 07:03:52
PH03573,95585326101,+91,Landline,,O0343,SIM556043,Vi,2020-03-17,,Suspended,SRC030,0.97,2025-02-16 00:05:44,2025-08-12 21:33:41
PH03574,95942706807,+91,VoIP,P03286,,SIM779095,Vi,2020-07-27,,Suspended,SRC030,0.93,2025-09-29 13:25:03,2025-03-13 11:14:05
PH03575,95476861371,+91,Mobile,P03669,,SIM460565,Airtel,2020-06-07,,Active,SRC008,0.98,2024-08-29 01:46:47,2025-06-07 10:39:12
PH03576,94722995517,+91,Mobile,P03477,,SIM818698,BSNL,2023-01-14,2026-01-27,Active,SRC001,0.95,2024-01-21 08:03:13,2024-11-16 23:03:01
PH03577,94764881800,+91,Landline,P03950,,SIM212927,BSNL,2024-09-09,,Inactive,SRC022,0.94,2024-04-21 05:15:54,2024-08-15 06:01:09
PH03578,95003284201,+91,Landline,P03257,,SIM502165,BSNL,2024-10-13,,Inactive,SRC006,0.98,2024-04-06 14:32:21,2024-07-01 14:25:22
PH03579,98263515560,+91,Mobile,P00014,,SIM107125,Vi,2022-10-28,,Active,SRC006,0.89,2024-10-23 01:37:23,2024-06-28 19:36:35
PH03580,96085347273,+91,VoIP,P03391,,SIM817692,Vi,2021-11-27,2024-10-09,Inactive,SRC005,0.83,2024-09-27 22:30:18,2024-05-15 14:40:03
PH03581,95985376880,+91,Mobile,P02107,,SIM598987,Jio,2020-02-18,,Active,SRC020,0.94,2025-01-15 08:12:54,2024-09-10 13:03:56
PH03582,97279203796,+91,Mobile,P02804,,SIM326876,Vi,2020-01-01,,Suspended,SRC013,0.87,2024-03-10 17:39:10,2026-06-17 23:16:20
PH03583,93587093842,+91,VoIP,P01254,,SIM583273,Jio,2024-11-14,,Inactive,SRC021,0.89,2026-07-19 18:55:40,2024-06-07 12:51:41
PH03584,96236832705,+91,VoIP,P02532,,SIM103704,Airtel,2026-03-31,,Active,SRC003,0.82,2025-07-16 21:37:47,2025-07-25 11:20:18
PH03585,95873054846,+91,Landline,P00129,,SIM249065,Airtel,2019-05-02,,Active,SRC014,0.94,2025-09-14 06:15:03,2026-08-02 19:48:58
PH03586,95059693798,+91,Landline,P01685,,SIM110497,Vi,2026-01-04,,Inactive,SRC027,0.81,2025-11-15 23:56:46,2025-11-13 16:40:02
PH03587,99443388445,+91,Mobile,P01693,,SIM359840,Jio,2020-02-13,,Suspended,SRC011,0.82,2026-02-01 13:43:18,2025-03-07 02:49:58
PH03588,96032757396,+91,VoIP,P02730,,SIM578697,BSNL,2020-03-24,,Active,SRC017,0.88,2024-07-16 14:32:33,2026-01-14 16:55:03
PH03589,95197671364,+91,VoIP,P02385,,SIM685351,Airtel,2020-05-31,,Suspended,SRC012,0.91,2024-07-16 01:21:18,2024-11-06 15:08:13
PH03590,94526341566,+91,VoIP,P01477,,SIM378593,Vi,2024-05-26,,Active,SRC029,0.86,2026-07-09 22:09:20,2026-05-27 10:53:21
PH03591,99610214524,+91,Landline,P03504,,SIM563191,BSNL,2023-06-26,,Inactive,SRC003,0.81,2026-06-09 09:34:53,2025-08-27 05:38:27
PH03592,92314402609,+91,VoIP,P01800,,SIM387229,BSNL,2026-07-24,,Active,SRC024,0.82,2024-02-14 20:27:17,2024-07-14 03:29:50
PH03593,92678648475,+91,Mobile,P03628,,SIM909649,Vi,2019-06-19,,Suspended,SRC026,0.87,2024-09-10 07:28:22,2025-08-09 15:43:09
PH03594,93242428617,+91,Mobile,P02137,,SIM247699,Jio,2024-05-05,,Active,SRC022,0.9,2025-12-25 04:09:33,2025-09-01 21:46:58
PH03595,99179038071,+91,Landline,,O0109,SIM976644,Jio,2020-11-02,,Inactive,SRC018,0.92,2024-10-05 11:21:01,2024-08-21 19:12:56
PH03596,95749343985,+91,VoIP,P03102,,SIM576881,BSNL,2023-10-24,,Inactive,SRC003,0.82,2025-10-10 15:29:29,2024-09-26 21:35:05
PH03597,91939110433,+91,Mobile,P00028,,SIM513993,Airtel,2023-03-13,,Active,SRC019,0.97,2024-08-13 17:54:30,2024-07-10 20:49:40
PH03598,96196034455,+91,Mobile,P03858,,SIM890053,Jio,2021-06-18,,Inactive,SRC017,0.88,2025-10-04 03:57:27,2024-08-23 08:08:35
PH03599,93404633081,+91,VoIP,P02251,,SIM323281,Jio,2024-01-17,,Inactive,SRC005,0.83,2026-03-19 19:19:20,2025-12-06 18:18:27
PH03600,99163858189,+91,Mobile,P00653,,SIM877623,Airtel,2026-06-13,,Inactive,SRC007,0.89,2024-11-17 08:47:52,2025-09-06 12:25:44
PH03601,94597101568,+91,Landline,P01662,,SIM538604,Jio,2021-03-21,,Suspended,SRC002,0.94,2025-10-30 18:32:03,2025-04-15 22:18:56
PH03602,98424890119,+91,VoIP,P02861,,SIM303404,BSNL,2022-08-10,,Inactive,SRC003,0.89,2026-04-28 07:25:57,2024-11-19 06:37:21
PH03603,95960627366,+91,Mobile,P01493,,SIM973154,Jio,2021-04-09,2025-12-22,Inactive,SRC017,0.8,2024-08-27 07:20:37,2025-02-14 15:47:41
PH03604,92215464794,+91,VoIP,P00751,,SIM913582,BSNL,2021-03-11,2026-03-26,Active,SRC014,0.84,2026-08-02 07:14:15,2024-09-24 11:56:01
PH03605,97423646890,+91,Landline,P03904,,SIM660119,Jio,2020-02-29,,Active,SRC020,0.82,2026-05-11 15:04:33,2025-09-09 16:09:05
PH03606,93134899671,+91,Landline,P03640,,SIM115824,BSNL,2024-03-25,,Inactive,SRC001,0.89,2025-10-14 08:45:28,2024-11-25 17:02:59
PH03607,97853590008,+91,Mobile,P00854,,SIM671307,Vi,2020-11-18,,Active,SRC021,0.97,2026-06-06 15:16:22,2024-11-21 18:20:58
PH03608,95220141649,+91,VoIP,P02893,,SIM147772,Jio,2019-02-07,,Suspended,SRC015,0.95,2024-04-28 04:44:15,2025-10-20 14:38:40
PH03609,91492343944,+91,VoIP,P02475,,SIM539022,BSNL,2025-08-13,,Suspended,SRC004,0.91,2024-03-15 08:55:21,2026-01-04 22:08:05
PH03610,93959149532,+91,VoIP,P02845,,SIM190163,Jio,2022-03-26,,Active,SRC019,0.84,2024-02-17 19:41:55,2024-07-14 09:39:44
PH03611,93790315297,+91,Mobile,P02561,,SIM817086,Airtel,2025-08-22,,Inactive,SRC010,0.82,2024-07-05 04:47:18,2025-07-27 11:33:37
PH03612,97429234629,+91,Mobile,P01346,,SIM610826,Airtel,2020-01-19,,Active,SRC003,0.97,2025-06-19 13:08:10,2024-07-28 16:08:50
PH03613,93760856197,+91,VoIP,P00750,,SIM173958,Airtel,2024-03-29,2024-09-29,Suspended,SRC002,0.84,2024-01-08 21:33:33,2024-10-16 22:43:09
PH03614,94855261719,+91,VoIP,P00795,,SIM728727,Vi,2019-12-03,,Suspended,SRC014,0.84,2026-02-09 15:13:55,2025-10-28 17:14:33
PH03615,93693783452,+91,Landline,P02870,,SIM907088,Vi,2024-01-01,,Suspended,SRC026,0.94,2024-06-18 01:52:18,2026-08-06 22:19:34
PH03616,96128726707,+91,Landline,P02423,,SIM958144,Jio,2018-10-28,,Suspended,SRC011,0.9,2025-09-03 01:09:25,2026-02-19 21:51:42
PH03617,93578930114,+91,Mobile,P02851,,SIM692389,Airtel,2022-11-29,,Active,SRC019,0.96,2026-03-13 18:17:42,2025-04-28 12:59:22
PH03618,93796333086,+91,Mobile,P01752,,SIM298110,Vi,2021-07-01,,Suspended,SRC029,0.85,2024-07-03 03:06:34,2026-02-25 13:04:24
PH03619,93951404563,+91,Mobile,P03576,,SIM339529,BSNL,2023-08-06,,Inactive,SRC013,0.81,2025-01-22 19:20:12,2024-06-27 08:10:21
PH03620,97720497569,+91,VoIP,P03951,,SIM706339,Jio,2021-04-30,,Inactive,SRC022,0.9,2025-10-17 16:43:09,2024-08-28 06:36:19
PH03621,96747269449,+91,VoIP,P03328,,SIM843739,Vi,2025-08-18,,Active,SRC005,0.84,2026-05-22 05:18:07,2025-09-22 15:25:45
PH03622,95776641987,+91,VoIP,P01991,,SIM992786,Vi,2026-03-07,,Inactive,SRC019,0.96,2025-01-06 06:54:06,2025-08-12 01:12:10
PH03623,91336232123,+91,Mobile,P00159,,SIM281500,Jio,2024-10-16,,Inactive,SRC021,0.96,2025-05-02 14:38:02,2026-04-05 01:43:33
PH03624,94505743361,+91,Landline,P03109,,SIM984685,Vi,2024-12-27,,Suspended,SRC022,0.96,2024-08-08 01:45:57,2025-07-20 04:33:17
PH03625,95930245515,+91,Landline,P01981,,SIM775706,Jio,2022-09-02,,Inactive,SRC012,0.92,2026-02-13 01:06:09,2024-02-08 20:19:28
PH03626,92383922943,+91,Landline,P02791,,SIM544100,Jio,2022-05-11,,Suspended,SRC023,0.91,2026-06-01 07:35:39,2024-09-19 23:23:26
PH03627,94998692301,+91,VoIP,P01797,,SIM627725,Jio,2022-07-08,,Inactive,SRC019,0.83,2026-02-19 18:21:39,2024-12-08 17:48:45
PH03628,95713528452,+91,Landline,,O0462,SIM261239,BSNL,2019-10-11,,Active,SRC025,0.87,2025-03-14 17:15:18,2024-06-16 04:17:09
PH03629,96192866088,+91,VoIP,P02590,,SIM292845,Airtel,2019-11-17,,Inactive,SRC016,0.91,2024-09-09 06:38:00,2024-02-15 18:24:14
PH03630,91914852361,+91,Mobile,P01856,,SIM509439,BSNL,2023-08-26,2025-03-30,Suspended,SRC019,0.98,2025-06-29 03:51:02,2024-01-16 23:44:51
PH03631,96611717462,+91,Landline,P03774,,SIM220367,Airtel,2026-01-17,,Suspended,SRC005,0.95,2026-08-29 19:50:00,2024-12-12 21:31:10
PH03632,92443696523,+91,Landline,P02449,,SIM393827,Airtel,2025-11-29,2025-09-17,Suspended,SRC027,0.94,2025-05-13 22:15:14,2026-04-23 08:07:14
PH03633,92529671299,+91,Landline,P01033,,SIM176317,BSNL,2025-10-02,,Inactive,SRC025,0.85,2024-08-16 08:15:16,2025-07-02 23:30:54
PH03634,95662953840,+91,VoIP,P03215,,SIM382425,Vi,2022-06-09,,Suspended,SRC009,0.9,2025-05-08 17:08:12,2025-06-26 13:30:49
PH03635,99430118825,+91,Landline,P00601,,SIM777962,Airtel,2019-07-14,,Inactive,SRC028,0.82,2025-06-26 18:39:42,2025-03-17 14:06:57
PH03636,95918713582,+91,Landline,P01817,,SIM401075,Vi,2025-10-13,2026-02-27,Active,SRC016,0.95,2025-07-16 20:51:53,2026-05-02 06:38:17
PH03637,94388178544,+91,Mobile,P02797,,SIM131794,Airtel,2021-09-17,2026-02-13,Active,SRC030,0.84,2025-05-09 07:20:02,2026-02-18 22:18:06
PH03638,92942274043,+91,VoIP,P00864,,SIM877362,Airtel,2022-04-18,,Active,SRC019,0.81,2024-06-08 03:44:42,2026-07-28 11:36:49
PH03639,93924492531,+91,Mobile,P01267,,SIM551225,Jio,2025-08-31,,Active,SRC007,0.91,2026-07-29 06:20:07,2024-03-01 04:42:34
PH03640,96009269382,+91,Landline,P00976,,SIM156108,Jio,2022-08-29,,Suspended,SRC027,0.87,2024-09-11 20:53:17,2024-07-29 00:50:18
PH03641,95881638287,+91,Mobile,P03279,,SIM955099,Jio,2025-05-08,,Inactive,SRC022,0.93,2026-02-17 19:00:08,2024-05-30 15:02:03
PH03642,91979824218,+91,Landline,P00401,,SIM859988,Vi,2025-03-27,,Active,SRC021,0.85,2026-08-13 04:41:55,2025-07-28 18:56:17
PH03643,98740850970,+91,Mobile,,O0008,SIM381763,BSNL,2019-02-26,,Suspended,SRC008,0.83,2026-03-21 11:59:24,2025-04-10 16:21:02
PH03644,93027307238,+91,Landline,,O0211,SIM360048,BSNL,2026-08-25,,Active,SRC023,0.8,2025-07-22 14:04:38,2025-11-05 08:35:08
PH03645,98011863231,+91,Mobile,P03527,,SIM862928,Airtel,2022-11-07,,Active,SRC030,0.89,2026-04-28 14:41:34,2025-11-19 22:48:56
PH03646,96023638822,+91,Landline,P03728,,SIM810490,Jio,2025-05-01,,Suspended,SRC019,0.96,2024-10-18 12:58:57,2025-11-24 09:28:24
PH03647,94962041913,+91,Mobile,P01667,,SIM858209,BSNL,2024-07-03,2026-05-27,Active,SRC008,0.82,2024-09-13 08:27:51,2024-04-15 01:32:59
PH03648,91865214057,+91,VoIP,,O0171,SIM621717,Jio,2021-11-19,,Active,SRC005,0.99,2025-07-31 15:06:32,2025-04-19 23:25:30
PH03649,91927719822,+91,Mobile,P00569,,SIM997165,Vi,2025-12-14,,Suspended,SRC014,0.8,2025-11-24 09:47:31,2024-02-13 15:22:36
PH03650,94662741956,+91,Mobile,,O0021,SIM923425,Jio,2018-09-09,,Active,SRC017,0.88,2025-09-13 17:29:18,2024-12-08 21:37:48
PH03651,94300773037,+91,Landline,P03960,,SIM746376,Airtel,2024-06-07,,Suspended,SRC017,0.93,2026-04-07 08:45:29,2024-07-16 22:16:33
PH03652,98237324515,+91,Mobile,P02255,,SIM733624,Jio,2019-08-10,2026-06-21,Suspended,SRC029,0.91,2025-07-07 20:26:29,2025-03-16 21:39:43
PH03653,98423603044,+91,Landline,P00107,,SIM482904,Airtel,2026-03-21,,Suspended,SRC007,0.8,2024-01-30 15:41:16,2024-05-20 23:33:51
PH03654,98232307437,+91,Mobile,P01979,,SIM370717,BSNL,2020-11-21,,Inactive,SRC022,0.89,2025-04-24 05:38:05,2026-07-30 04:06:47
PH03655,96486639750,+91,Mobile,P00229,,SIM259501,Jio,2023-08-01,,Inactive,SRC018,0.91,2024-02-10 01:45:34,2026-08-15 11:59:05
PH03656,94662261250,+91,Mobile,P00387,,SIM325062,Jio,2020-11-13,,Active,SRC027,0.9,2024-06-05 15:28:05,2024-03-02 18:34:56
PH03657,97140447507,+91,Landline,P00782,,SIM368769,BSNL,2021-10-16,2025-10-24,Active,SRC008,0.92,2024-04-10 12:57:58,2026-05-25 02:53:36
PH03658,92705078548,+91,Mobile,P02427,,SIM984237,BSNL,2024-09-29,,Active,SRC029,0.93,2025-08-02 13:10:19,2024-01-19 09:07:38
PH03659,91533643333,+91,VoIP,P03878,,SIM569455,Airtel,2018-10-20,2025-12-06,Active,SRC016,0.89,2025-06-18 02:08:27,2025-12-05 23:15:38
PH03660,94030636272,+91,Mobile,P03675,,SIM424016,Airtel,2026-01-09,,Suspended,SRC011,0.86,2025-10-23 22:56:37,2025-12-20 14:45:48
PH03661,97944034573,+91,Mobile,P01444,,SIM408430,Jio,2022-04-02,,Active,SRC022,0.93,2025-01-11 05:07:35,2024-02-14 11:48:57
PH03662,98074330262,+91,VoIP,P01535,,SIM113144,Airtel,2019-07-29,2025-11-30,Suspended,SRC007,0.83,2025-03-30 19:56:18,2026-06-13 13:05:36
PH03663,94870089086,+91,Mobile,P02215,,SIM735950,Airtel,2025-04-11,,Suspended,SRC022,0.99,2024-06-05 19:43:54,2026-03-07 03:25:04
PH03664,92023898015,+91,VoIP,P00226,,SIM793451,Airtel,2023-05-30,,Active,SRC006,0.89,2024-05-08 11:22:07,2025-07-02 15:26:38
PH03665,91995439475,+91,Mobile,P00853,,SIM455990,Airtel,2019-05-04,,Active,SRC010,0.92,2026-08-25 07:19:10,2024-11-02 01:15:15
PH03666,99683034699,+91,VoIP,,O0018,SIM962247,Jio,2023-06-09,,Inactive,SRC017,0.98,2024-07-19 22:42:15,2025-08-22 08:25:14
PH03667,95294726220,+91,VoIP,P00829,,SIM804450,BSNL,2025-07-17,,Active,SRC013,0.86,2024-04-30 04:19:58,2026-06-04 20:47:13
PH03668,95939659802,+91,Landline,P02846,,SIM251823,Vi,2025-02-20,,Inactive,SRC006,0.81,2026-04-29 07:26:37,2026-02-12 21:41:34
PH03669,98529167326,+91,Mobile,,O0093,SIM275844,Airtel,2019-03-21,,Inactive,SRC022,0.93,2025-05-08 21:25:20,2026-03-01 02:54:09
PH03670,97633520440,+91,Landline,P03500,,SIM451133,Jio,2024-08-18,,Inactive,SRC023,0.94,2025-12-13 22:09:21,2026-03-21 04:45:14
PH03671,94818966515,+91,VoIP,P03456,,SIM780144,BSNL,2020-05-31,,Suspended,SRC002,0.91,2025-10-24 20:43:49,2024-08-25 23:18:13
PH03672,95767266146,+91,Mobile,P02832,,SIM634874,BSNL,2019-10-03,2025-01-26,Inactive,SRC012,0.82,2026-04-30 02:35:20,2025-04-25 06:11:39
PH03673,91274917411,+91,Mobile,P00264,,SIM264374,Airtel,2020-11-12,,Suspended,SRC024,0.98,2024-02-12 07:49:13,2026-03-08 21:00:01
PH03674,91302145020,+91,Landline,P01923,,SIM303019,Jio,2025-10-22,,Inactive,SRC022,0.87,2024-10-11 02:36:18,2026-06-16 07:44:44
PH03675,94844540231,+91,VoIP,P03806,,SIM689254,Jio,2026-07-03,,Inactive,SRC026,0.88,2026-08-23 12:43:45,2025-04-24 01:46:31
PH03676,92297672681,+91,Landline,P02941,,SIM468028,Airtel,2025-06-08,,Inactive,SRC024,0.93,2024-11-30 11:12:16,2026-03-15 06:24:09
PH03677,96238051219,+91,Mobile,P02017,,SIM959143,Airtel,2024-11-17,,Suspended,SRC027,0.96,2024-10-01 15:05:47,2024-07-12 03:00:46
PH03678,91541541041,+91,Mobile,P00534,,SIM743423,Jio,2018-10-22,,Suspended,SRC015,0.87,2025-07-11 02:25:51,2024-12-19 08:07:46
PH03679,99579904477,+91,Landline,,O0083,SIM807921,Vi,2025-06-17,,Inactive,SRC027,0.91,2024-12-07 16:46:19,2025-07-29 16:52:07
PH03680,96205356190,+91,VoIP,P00247,,SIM212038,Vi,2021-06-01,,Suspended,SRC013,0.82,2025-02-28 23:53:22,2024-03-04 03:28:34
PH03681,98503559424,+91,Landline,P01331,,SIM126999,BSNL,2020-10-13,,Inactive,SRC017,0.87,2026-02-19 01:16:53,2024-10-23 17:11:27
PH03682,97265038853,+91,VoIP,P02633,,SIM546426,Vi,2026-03-14,2026-08-09,Inactive,SRC013,0.91,2025-08-04 15:15:06,2024-01-12 05:41:56
PH03683,95971993465,+91,Mobile,P03065,,SIM111730,Vi,2021-10-26,,Suspended,SRC014,0.9,2024-02-21 08:34:04,2024-02-05 21:50:57
PH03684,97685972492,+91,Mobile,P03262,,SIM941195,Jio,2020-01-04,,Active,SRC015,0.85,2024-12-26 08:37:28,2024-11-30 08:37:53
PH03685,91389383749,+91,VoIP,P01676,,SIM335728,BSNL,2025-09-01,,Suspended,SRC023,0.95,2024-09-15 19:12:47,2025-02-04 01:35:40
PH03686,94701920942,+91,Landline,P02575,,SIM918058,Vi,2025-08-26,2024-12-18,Inactive,SRC022,0.89,2025-03-21 01:25:10,2024-01-09 01:25:05
PH03687,95093184659,+91,Mobile,,O0101,SIM319122,BSNL,2024-03-03,,Active,SRC009,0.9,2025-09-12 15:00:24,2024-10-05 21:21:11
PH03688,99324823308,+91,Landline,P03034,,SIM542674,Airtel,2021-08-16,,Suspended,SRC011,0.98,2025-08-25 22:26:35,2024-12-30 21:56:30
PH03689,94490080770,+91,VoIP,P02030,,SIM331026,Vi,2022-04-02,,Inactive,SRC006,0.89,2025-05-30 07:37:04,2026-02-01 09:46:07
PH03690,99899186170,+91,Mobile,P01429,,SIM763308,Airtel,2020-12-19,,Suspended,SRC027,0.95,2026-02-15 00:24:18,2026-07-05 03:31:13
PH03691,96369328323,+91,Mobile,P03179,,SIM673105,Airtel,2022-12-26,,Inactive,SRC022,0.96,2024-09-18 09:30:24,2024-08-24 07:53:39
PH03692,93211965193,+91,Mobile,P01547,,SIM594202,Vi,2022-12-15,,Inactive,SRC013,0.93,2025-06-09 17:14:48,2026-03-30 23:28:03
PH03693,91243652962,+91,Landline,P00496,,SIM751331,Airtel,2021-03-06,2026-04-22,Active,SRC005,0.83,2024-02-22 14:42:39,2025-03-10 18:52:15
PH03694,97852649593,+91,Landline,P01811,,SIM474252,Jio,2024-11-21,,Suspended,SRC026,0.98,2026-05-31 09:53:25,2025-12-18 18:12:40
PH03695,93914968987,+91,Landline,P01706,,SIM793834,Airtel,2019-06-10,,Inactive,SRC007,0.91,2024-01-29 14:54:04,2024-11-13 20:02:02
PH03696,92457793027,+91,VoIP,P00295,,SIM619069,Airtel,2019-10-13,,Active,SRC030,0.95,2026-07-25 02:58:10,2024-02-11 20:28:06
PH03697,91697021097,+91,Mobile,P02263,,SIM396343,Airtel,2020-07-11,,Active,SRC001,0.91,2024-12-11 00:24:13,2024-07-27 22:44:56
PH03698,93001747149,+91,VoIP,P02879,,SIM850504,Jio,2023-08-14,,Active,SRC005,0.95,2024-09-22 16:08:23,2025-12-18 22:58:11
PH03699,91537476259,+91,VoIP,P02315,,SIM268288,Airtel,2018-12-22,,Active,SRC008,0.98,2025-04-08 09:16:38,2025-04-14 07:28:33
PH03700,91349948558,+91,Mobile,P02494,,SIM545956,Vi,2020-09-13,,Active,SRC010,0.87,2026-06-29 06:41:15,2025-06-20 09:57:17
PH03701,98604887343,+91,Mobile,P03944,,SIM501460,Vi,2026-01-04,,Suspended,SRC011,0.98,2025-08-17 18:44:14,2024-08-27 16:09:26
PH03702,99330511513,+91,Mobile,P02287,,SIM493897,Vi,2020-03-03,,Suspended,SRC017,0.95,2026-06-06 07:58:26,2024-02-16 23:13:50
PH03703,95645712153,+91,Landline,P02501,,SIM294440,Jio,2018-10-30,,Active,SRC027,0.86,2025-06-18 22:30:41,2024-05-29 10:04:01
PH03704,99185648278,+91,Mobile,P01020,,SIM842394,Jio,2025-08-12,2025-06-20,Active,SRC003,0.8,2024-12-06 01:27:17,2024-08-27 13:58:54
PH03705,93685693151,+91,VoIP,P00374,,SIM737078,BSNL,2024-12-24,,Active,SRC030,0.91,2025-04-28 07:46:34,2026-07-06 08:16:14
PH03706,91024895375,+91,VoIP,P02744,,SIM869007,Airtel,2022-08-31,,Inactive,SRC006,0.89,2024-11-09 22:34:27,2025-01-28 20:24:20
PH03707,98653852523,+91,Landline,P01952,,SIM292755,BSNL,2020-06-09,,Suspended,SRC007,0.91,2025-09-03 06:18:58,2024-03-06 13:47:20
PH03708,94995196952,+91,Mobile,P00271,,SIM731636,BSNL,2022-07-12,,Suspended,SRC008,0.98,2024-05-12 17:03:47,2026-03-28 03:13:04
PH03709,93081290412,+91,VoIP,P01391,,SIM498766,Jio,2019-05-31,,Active,SRC018,0.95,2025-07-25 03:47:20,2026-06-24 02:00:30
PH03710,95496814727,+91,VoIP,,O0133,SIM422573,Vi,2025-12-21,,Active,SRC002,0.91,2025-02-04 20:55:20,2024-08-16 02:25:27
PH03711,99407277106,+91,VoIP,P01000,,SIM926858,Vi,2024-03-23,,Suspended,SRC020,0.92,2025-03-30 00:14:01,2025-10-23 17:34:38
PH03712,91188467686,+91,Landline,P00191,,SIM964774,Vi,2024-05-01,,Active,SRC021,0.9,2025-01-09 17:14:27,2024-01-09 09:46:23
PH03713,94586073868,+91,VoIP,P02835,,SIM460347,BSNL,2023-11-16,,Suspended,SRC030,0.9,2024-01-28 20:24:06,2024-08-17 20:16:04
PH03714,96861623927,+91,Landline,P03030,,SIM533748,Airtel,2020-06-21,,Inactive,SRC008,0.98,2024-12-28 19:21:12,2025-06-17 09:12:32
PH03715,99738518076,+91,Mobile,P01316,,SIM568594,BSNL,2018-09-28,,Suspended,SRC030,0.81,2024-08-11 08:07:53,2025-06-28 23:48:59
PH03716,98207000406,+91,Mobile,P00958,,SIM366316,Airtel,2021-02-01,,Active,SRC009,0.94,2025-12-24 01:45:53,2025-07-10 05:18:56
PH03717,91003348071,+91,Landline,P00888,,SIM210977,Airtel,2023-03-30,,Suspended,SRC018,0.94,2024-04-24 17:05:37,2025-02-23 00:07:37
PH03718,98902570190,+91,VoIP,P01457,,SIM351433,Jio,2019-05-12,,Suspended,SRC007,0.89,2026-06-30 03:01:45,2024-05-23 21:16:27
PH03719,94414449467,+91,Mobile,P00761,,SIM799158,Airtel,2025-05-20,,Suspended,SRC030,0.94,2025-06-07 10:39:25,2025-05-25 01:55:05
PH03720,92310038252,+91,VoIP,P02259,,SIM354788,Airtel,2022-05-24,,Suspended,SRC003,0.95,2024-11-10 06:25:40,2026-01-08 21:05:03
PH03721,99988689648,+91,Mobile,P00578,,SIM968778,Jio,2022-04-17,,Inactive,SRC012,0.84,2025-06-04 08:01:12,2026-03-01 07:31:04
PH03722,97616313020,+91,Landline,,O0287,SIM630072,Jio,2024-03-10,,Inactive,SRC030,0.9,2025-05-25 19:46:55,2025-11-15 03:13:46
PH03723,92078815231,+91,Mobile,P02274,,SIM608152,Airtel,2023-05-24,,Suspended,SRC002,0.9,2024-12-30 14:39:23,2025-09-09 09:04:05
PH03724,91355931393,+91,VoIP,P02576,,SIM942711,Airtel,2022-08-04,,Active,SRC004,0.96,2026-08-25 14:14:04,2024-04-17 04:14:09
PH03725,96531518989,+91,Landline,P02067,,SIM835300,Vi,2025-02-07,,Active,SRC030,0.88,2024-09-11 06:34:44,2026-05-26 18:04:12
PH03726,96018359739,+91,Mobile,P00668,,SIM673956,Airtel,2022-05-23,,Suspended,SRC019,0.89,2026-02-09 23:12:31,2024-11-03 06:39:04
PH03727,92175889759,+91,Mobile,P03398,,SIM692761,BSNL,2021-01-30,,Active,SRC021,0.96,2026-07-13 12:16:55,2026-08-08 18:40:32
PH03728,95326898528,+91,Landline,P02025,,SIM441887,BSNL,2020-03-29,,Suspended,SRC022,0.81,2026-08-12 19:28:43,2024-05-13 08:11:00
PH03729,97638630493,+91,Landline,P01288,,SIM795007,Airtel,2019-10-28,,Active,SRC020,0.96,2024-12-24 22:19:30,2026-03-29 22:57:29
PH03730,96781490024,+91,Mobile,P03947,,SIM162197,BSNL,2025-09-24,,Active,SRC021,0.99,2026-07-23 18:36:37,2026-06-06 15:49:36
PH03731,95125442669,+91,VoIP,P03111,,SIM122222,BSNL,2019-08-09,,Inactive,SRC025,0.94,2024-12-25 13:03:04,2024-05-12 08:03:59
PH03732,98089976567,+91,Landline,P03382,,SIM473593,Jio,2025-10-08,,Active,SRC018,0.97,2025-01-28 17:17:54,2026-03-25 12:39:40
PH03733,93026612947,+91,Mobile,,O0369,SIM741079,BSNL,2019-07-01,,Suspended,SRC025,0.86,2024-05-26 15:12:33,2024-02-26 12:54:12
PH03734,95737344267,+91,VoIP,P02258,,SIM475262,Jio,2021-04-04,,Active,SRC022,0.84,2024-05-01 23:33:14,2024-11-16 11:13:42
PH03735,95227977643,+91,VoIP,P02220,,SIM480431,Airtel,2024-02-23,,Inactive,SRC026,0.84,2025-12-16 01:05:34,2025-09-15 07:57:47
PH03736,95985845840,+91,Landline,P00810,,SIM979534,Vi,2022-04-07,,Suspended,SRC019,0.84,2026-07-05 20:39:24,2024-06-21 08:00:27
PH03737,94466863065,+91,VoIP,P00483,,SIM104187,Jio,2025-10-19,,Suspended,SRC003,0.84,2026-03-24 04:49:54,2025-09-28 15:44:26
PH03738,94747861827,+91,Mobile,P01783,,SIM812737,Airtel,2022-09-12,,Active,SRC012,0.86,2025-07-17 07:20:22,2026-05-30 12:31:00
PH03739,92841180085,+91,Mobile,P03194,,SIM556614,BSNL,2021-03-14,,Suspended,SRC003,0.86,2024-11-09 18:24:03,2025-06-30 15:25:35
PH03740,93515400167,+91,Mobile,P00264,,SIM193516,Jio,2026-03-05,,Inactive,SRC015,0.85,2024-04-24 01:40:58,2024-08-30 13:09:50
PH03741,91922307351,+91,Landline,P00361,,SIM945403,Airtel,2019-07-21,,Active,SRC006,0.96,2025-08-30 10:32:02,2025-10-29 14:23:25
PH03742,99590442609,+91,Mobile,P02220,,SIM418646,Vi,2025-05-14,2024-11-06,Inactive,SRC012,0.89,2026-06-26 11:58:36,2024-12-25 10:19:56
PH03743,97977237557,+91,Landline,P02346,,SIM882245,Airtel,2026-01-28,,Suspended,SRC002,0.93,2025-01-05 00:27:26,2024-01-09 11:23:31
PH03744,96416131146,+91,Mobile,P01248,,SIM667289,BSNL,2021-05-11,,Active,SRC029,0.91,2025-03-27 20:53:35,2024-07-22 13:04:07
PH03745,99055102460,+91,Landline,P01798,,SIM937135,Vi,2023-12-09,,Inactive,SRC025,0.89,2025-02-21 17:31:00,2026-06-06 19:41:32
PH03746,99114331859,+91,VoIP,P00127,,SIM124785,Jio,2022-09-10,2024-10-01,Suspended,SRC012,0.91,2025-03-09 02:14:20,2025-05-05 12:46:11
PH03747,94601605652,+91,Landline,P01031,,SIM552974,Vi,2026-01-07,,Inactive,SRC025,0.81,2025-11-02 12:36:55,2025-01-03 17:05:02
PH03748,93111377589,+91,VoIP,P03411,,SIM901939,Airtel,2021-10-03,,Suspended,SRC004,0.84,2026-08-17 21:43:53,2024-06-24 02:31:51
PH03749,99144069945,+91,VoIP,P02015,,SIM246328,BSNL,2026-07-24,,Suspended,SRC027,0.98,2026-03-10 20:55:02,2024-05-06 02:05:37
PH03750,95832373938,+91,VoIP,P00692,,SIM861718,Vi,2022-11-17,,Active,SRC016,0.89,2025-04-29 09:44:42,2024-05-19 11:39:01
PH03751,94119370033,+91,VoIP,P03566,,SIM248774,BSNL,2019-10-22,,Active,SRC018,0.81,2025-06-29 10:01:42,2024-04-21 05:15:12
PH03752,93543827189,+91,Landline,P02287,,SIM128799,BSNL,2019-12-13,,Inactive,SRC011,0.93,2025-11-09 03:07:31,2024-10-02 11:44:47
PH03753,93757068118,+91,Landline,P01599,,SIM423867,Vi,2026-04-25,,Suspended,SRC011,0.98,2025-11-06 06:33:09,2025-09-13 14:09:01
PH03754,98490969341,+91,Landline,P02547,,SIM217072,BSNL,2023-06-24,,Suspended,SRC001,0.88,2024-10-13 10:23:35,2024-02-10 23:53:51
PH03755,94225260280,+91,Landline,P03338,,SIM792538,Airtel,2020-06-25,,Suspended,SRC003,0.94,2024-11-22 22:47:55,2024-08-24 17:48:40
PH03756,96661059818,+91,Mobile,P03724,,SIM974796,Jio,2022-01-18,,Active,SRC015,0.98,2024-09-01 22:26:56,2026-06-08 10:42:01
PH03757,93591262838,+91,Landline,P03747,,SIM673448,Vi,2022-10-11,,Active,SRC009,0.8,2024-11-19 03:17:36,2024-11-30 15:52:52
PH03758,97284949350,+91,Mobile,P03001,,SIM349427,BSNL,2021-12-09,,Suspended,SRC030,0.92,2026-05-18 19:51:57,2025-08-05 20:33:35
PH03759,92042892207,+91,Mobile,P02840,,SIM910942,Vi,2020-06-20,,Active,SRC029,0.81,2025-03-16 06:26:45,2026-01-06 02:46:05
PH03760,96195140826,+91,Mobile,P02372,,SIM453030,Vi,2025-10-04,,Inactive,SRC002,0.9,2026-06-14 14:06:18,2024-09-02 11:29:18
PH03761,94519154779,+91,VoIP,P02401,,SIM632658,Airtel,2026-08-11,,Active,SRC026,0.97,2026-01-18 21:29:24,2024-07-07 17:45:54
PH03762,96486868700,+91,Mobile,P03468,,SIM182663,Airtel,2024-12-19,,Suspended,SRC021,0.91,2024-07-03 17:08:04,2025-12-21 04:51:23
PH03763,99343773390,+91,Mobile,P01077,,SIM598157,Vi,2020-03-30,,Suspended,SRC026,0.97,2025-07-18 20:46:11,2026-08-26 01:45:01
PH03764,97961602609,+91,Landline,P03684,,SIM736415,Jio,2024-01-23,,Inactive,SRC003,0.94,2025-09-02 01:23:08,2024-12-24 20:43:16
PH03765,91910772379,+91,Mobile,,O0154,SIM923399,Airtel,2024-02-15,2025-03-11,Suspended,SRC028,0.84,2026-08-09 09:17:54,2025-03-17 06:13:16
PH03766,97523692182,+91,VoIP,P02574,,SIM273574,Airtel,2023-09-26,,Active,SRC005,0.88,2026-01-28 03:17:30,2024-01-02 20:48:49
PH03767,91927835405,+91,VoIP,P01267,,SIM645879,Airtel,2022-11-14,2025-03-26,Inactive,SRC004,0.85,2026-02-14 05:26:22,2024-11-13 02:25:42
PH03768,91445282620,+91,Landline,P03099,,SIM966580,BSNL,2024-04-05,,Suspended,SRC009,0.87,2024-07-20 09:21:30,2025-09-02 22:16:20
PH03769,94502795271,+91,Landline,P01194,,SIM879970,Airtel,2022-08-16,,Suspended,SRC028,0.93,2024-07-02 14:29:50,2025-07-14 06:17:08
PH03770,99550516013,+91,Landline,P02006,,SIM755935,Vi,2025-12-13,,Inactive,SRC018,0.87,2026-02-07 07:22:55,2026-01-10 20:31:15
PH03771,91416077060,+91,VoIP,P00341,,SIM871029,Vi,2025-07-05,2026-06-29,Inactive,SRC012,0.9,2024-12-29 14:21:58,2025-11-27 21:37:50
PH03772,93349835339,+91,Mobile,P01765,,SIM510345,Jio,2026-08-12,,Inactive,SRC030,0.99,2024-07-02 18:36:39,2025-05-07 11:41:33
PH03773,98860294765,+91,Mobile,P01578,,SIM468859,Jio,2026-08-11,,Suspended,SRC022,0.97,2026-05-23 18:29:00,2026-05-29 19:12:42
PH03774,97335562154,+91,VoIP,P02378,,SIM878223,Jio,2020-03-25,,Suspended,SRC024,0.89,2024-01-17 18:02:00,2024-07-26 17:13:57
PH03775,95448256001,+91,VoIP,P02838,,SIM176472,Vi,2019-05-02,,Active,SRC010,0.96,2024-08-11 07:49:37,2026-07-12 02:09:01
PH03776,97377914365,+91,VoIP,P00360,,SIM239534,Jio,2023-04-17,,Suspended,SRC029,0.98,2024-05-05 12:51:45,2024-04-24 12:31:10
PH03777,96945523879,+91,Mobile,,O0133,SIM584067,BSNL,2024-12-23,,Suspended,SRC013,0.86,2025-08-18 09:46:46,2025-03-24 06:12:20
PH03778,93483472429,+91,Mobile,,O0011,SIM269768,Airtel,2025-01-03,,Active,SRC029,0.88,2026-04-10 10:01:19,2025-03-28 07:43:37
PH03779,94383969199,+91,Mobile,P00434,,SIM265881,Vi,2019-08-01,,Active,SRC018,0.93,2025-10-12 23:11:45,2026-01-30 11:54:19
PH03780,91943563292,+91,Landline,P03476,,SIM456790,Airtel,2025-02-13,,Inactive,SRC013,0.95,2026-06-05 15:24:26,2026-04-13 22:30:59
PH03781,97250395208,+91,VoIP,P00130,,SIM397010,BSNL,2024-03-23,,Inactive,SRC014,0.87,2026-03-11 15:54:33,2024-05-19 01:57:47
PH03782,91901996872,+91,Mobile,,O0182,SIM556825,Vi,2024-02-24,,Suspended,SRC024,0.95,2026-06-10 11:36:06,2026-03-12 06:13:28
PH03783,94805600500,+91,VoIP,P03507,,SIM220664,Jio,2021-11-10,2026-02-02,Suspended,SRC010,0.85,2024-06-17 12:34:14,2026-07-08 06:48:33
PH03784,91736700369,+91,Mobile,P02579,,SIM549467,Vi,2018-10-08,2026-01-03,Suspended,SRC002,0.9,2024-12-03 03:29:14,2025-09-14 07:39:19
PH03785,96366633317,+91,Mobile,,O0190,SIM319552,Jio,2019-11-10,,Inactive,SRC015,0.83,2024-06-16 03:31:25,2025-05-08 04:38:44
PH03786,93455348030,+91,Mobile,P01914,,SIM843739,Airtel,2019-08-06,,Active,SRC024,0.98,2024-08-31 05:31:24,2026-03-04 23:10:18
PH03787,91627677074,+91,VoIP,P01731,,SIM623304,Jio,2022-12-21,,Suspended,SRC026,0.8,2025-08-14 15:58:13,2024-10-29 20:06:56
PH03788,98591424584,+91,VoIP,P02328,,SIM701813,Vi,2024-09-08,,Active,SRC018,0.97,2026-05-23 10:17:38,2026-02-21 07:17:39
PH03789,94243546500,+91,Mobile,P01498,,SIM781969,Vi,2022-03-22,,Inactive,SRC008,0.87,2026-02-10 04:54:02,2024-05-02 23:02:20
PH03790,96849698024,+91,Mobile,P00698,,SIM521754,Airtel,2022-07-30,2026-01-27,Suspended,SRC027,0.83,2024-06-13 23:49:23,2025-11-26 08:40:19
PH03791,97245831294,+91,Mobile,P00868,,SIM371698,Jio,2023-11-24,2026-03-22,Inactive,SRC024,0.9,2025-10-29 17:01:50,2024-05-21 22:17:20
PH03792,95992910720,+91,Landline,P02012,,SIM281489,Jio,2020-04-02,,Inactive,SRC008,0.84,2026-01-11 01:48:31,2024-07-10 08:10:12
PH03793,96985507304,+91,VoIP,P02118,,SIM501153,Airtel,2019-07-04,2025-06-07,Active,SRC019,0.84,2025-04-15 05:25:07,2026-08-21 12:59:05
PH03794,91001339557,+91,Landline,P03062,,SIM865554,Jio,2024-09-10,,Inactive,SRC003,0.83,2026-01-05 07:16:42,2025-01-26 20:36:13
PH03795,94831564218,+91,VoIP,P00092,,SIM930155,Jio,2023-04-24,,Suspended,SRC012,0.82,2026-01-13 05:12:28,2024-06-11 01:38:01
PH03796,95965407667,+91,Landline,P01087,,SIM912177,Jio,2019-03-13,,Suspended,SRC013,0.83,2024-01-11 01:06:27,2024-09-18 10:42:53
PH03797,96021892241,+91,Landline,P00041,,SIM428206,Jio,2024-11-19,2025-03-31,Suspended,SRC030,0.91,2024-04-02 07:34:16,2024-08-27 18:00:17
PH03798,93253042598,+91,Landline,,O0142,SIM219179,Vi,2023-03-08,,Inactive,SRC002,0.97,2026-04-08 05:42:07,2026-03-01 19:57:00
PH03799,92913462490,+91,VoIP,P00594,,SIM917961,BSNL,2024-03-27,,Inactive,SRC002,0.96,2025-11-04 22:18:01,2024-10-12 21:12:25
PH03800,95588601365,+91,Mobile,P03980,,SIM110214,BSNL,2020-05-21,,Inactive,SRC011,0.87,2025-04-12 14:14:46,2025-08-16 01:26:51
PH03801,98358139987,+91,Mobile,P02149,,SIM880584,BSNL,2026-01-03,,Suspended,SRC026,0.85,2025-10-06 09:06:40,2026-03-25 19:57:23
PH03802,91335893329,+91,Landline,P00305,,SIM166933,Jio,2020-01-01,,Suspended,SRC016,0.8,2025-11-29 23:42:32,2025-09-26 13:20:58
PH03803,98628206155,+91,Mobile,P00702,,SIM914816,Vi,2021-11-27,,Inactive,SRC028,0.94,2025-05-05 14:21:10,2026-08-25 23:29:21
PH03804,93117479984,+91,VoIP,P00071,,SIM159810,Jio,2020-02-04,,Suspended,SRC007,0.91,2025-01-06 04:44:06,2025-12-10 00:05:44
PH03805,99223874935,+91,VoIP,P00796,,SIM792597,Vi,2024-12-09,,Suspended,SRC028,0.84,2024-11-11 22:57:10,2025-10-18 04:57:43
PH03806,93658918810,+91,Mobile,,O0296,SIM310372,Vi,2021-11-20,,Inactive,SRC008,0.9,2024-05-29 09:19:41,2026-07-20 23:17:20
PH03807,99756908254,+91,Mobile,P03351,,SIM270569,Airtel,2020-08-18,,Inactive,SRC017,0.97,2025-03-12 09:32:48,2024-08-10 23:05:58
PH03808,92190169520,+91,Landline,P02175,,SIM176563,BSNL,2024-10-22,,Inactive,SRC021,0.81,2025-03-27 19:15:10,2024-12-26 22:11:02
PH03809,92501131457,+91,Mobile,P03186,,SIM470567,Vi,2020-10-07,2026-01-10,Inactive,SRC024,0.89,2025-02-12 17:15:17,2026-04-08 08:33:47
PH03810,96709826281,+91,Landline,P03954,,SIM249406,Vi,2019-09-12,,Inactive,SRC012,0.92,2024-05-15 15:03:42,2026-06-08 07:17:45
PH03811,91666343399,+91,VoIP,P00618,,SIM666896,Jio,2024-02-08,,Active,SRC007,0.88,2024-05-03 11:22:04,2024-11-12 20:37:33
PH03812,91326650343,+91,Mobile,P00936,,SIM885466,Airtel,2026-05-16,,Active,SRC016,0.82,2024-06-22 20:37:37,2024-05-28 12:14:39
PH03813,91447703041,+91,Mobile,P03361,,SIM934966,BSNL,2023-09-13,,Inactive,SRC019,0.82,2024-11-15 05:54:08,2026-02-05 06:11:48
PH03814,97933439469,+91,VoIP,P01976,,SIM770125,Airtel,2025-04-20,,Suspended,SRC015,0.95,2024-07-03 22:00:43,2025-11-12 17:07:12
PH03815,97383123307,+91,Landline,P02971,,SIM733547,BSNL,2024-12-10,2026-08-29,Inactive,SRC016,0.87,2024-09-10 13:42:52,2024-10-28 16:45:19
PH03816,99195391541,+91,Landline,P01360,,SIM832082,Airtel,2019-11-21,,Inactive,SRC029,0.82,2026-07-12 08:57:29,2025-06-26 08:30:05
PH03817,96125749777,+91,Mobile,P00013,,SIM844313,Vi,2023-06-19,,Active,SRC010,0.84,2026-06-26 19:41:30,2024-04-11 17:33:30
PH03818,91502098000,+91,Landline,P01876,,SIM994173,Airtel,2022-10-17,,Active,SRC029,0.92,2024-02-04 23:21:19,2024-11-20 04:39:14
PH03819,96789436914,+91,VoIP,P00995,,SIM307490,Airtel,2025-01-27,2025-11-10,Inactive,SRC019,0.98,2026-01-03 02:06:16,2026-07-21 15:07:22
PH03820,95032068423,+91,VoIP,P01743,,SIM268798,Jio,2025-07-03,,Inactive,SRC005,0.91,2024-10-02 02:14:49,2026-03-14 12:13:42
PH03821,99056269017,+91,Landline,P00487,,SIM895133,Airtel,2026-06-04,,Active,SRC006,0.9,2026-06-03 13:41:55,2024-03-07 08:23:01
PH03822,94220543923,+91,Landline,P01246,,SIM873191,BSNL,2020-02-01,2025-04-09,Active,SRC017,0.97,2026-04-17 15:30:00,2025-07-15 08:05:55
PH03823,95565619710,+91,Mobile,P02224,,SIM935176,Airtel,2022-05-22,,Active,SRC009,0.98,2024-01-02 04:01:08,2025-04-29 00:13:16
PH03824,95671297012,+91,VoIP,P00319,,SIM541744,BSNL,2024-12-07,2025-03-31,Suspended,SRC013,0.89,2024-07-06 18:56:07,2024-12-01 00:26:37
PH03825,98303079558,+91,Landline,,O0118,SIM274727,Airtel,2022-08-26,,Suspended,SRC026,0.83,2024-12-08 20:30:03,2025-05-12 22:49:30
PH03826,95464413170,+91,Mobile,P00264,,SIM329808,Vi,2021-09-19,,Inactive,SRC018,0.84,2025-06-03 07:42:15,2025-12-25 09:14:42
PH03827,95425763231,+91,Mobile,,O0296,SIM240138,Jio,2020-12-26,2025-09-27,Suspended,SRC018,0.97,2024-04-22 18:56:30,2026-04-08 07:16:15
PH03828,98242575054,+91,Landline,P01897,,SIM122850,BSNL,2021-02-16,,Active,SRC009,0.93,2024-03-26 07:54:19,2026-02-21 13:33:23
PH03829,97300319086,+91,Mobile,P02060,,SIM743573,Vi,2024-06-04,,Active,SRC007,0.93,2024-01-18 05:14:43,2025-07-21 00:40:48
PH03830,98150736687,+91,Mobile,P01427,,SIM884000,BSNL,2020-08-11,,Suspended,SRC020,0.97,2024-12-28 18:31:49,2025-10-06 08:41:16
PH03831,92526928059,+91,Mobile,P00640,,SIM427115,Airtel,2022-10-29,,Inactive,SRC017,0.99,2024-12-16 11:45:41,2024-08-17 10:25:44
PH03832,95959273875,+91,VoIP,P03845,,SIM103613,Jio,2025-10-15,,Active,SRC002,0.91,2026-01-19 20:44:29,2026-04-01 23:47:30
PH03833,99280141146,+91,Mobile,P02090,,SIM618161,Airtel,2022-05-24,,Suspended,SRC028,0.81,2026-08-09 01:49:12,2024-07-15 21:50:40
PH03834,94201311402,+91,Landline,P03701,,SIM301821,Jio,2021-10-17,,Inactive,SRC021,0.8,2024-04-22 14:53:36,2026-07-29 15:54:43
PH03835,97622826189,+91,Mobile,P02041,,SIM568959,BSNL,2019-02-06,,Active,SRC009,0.99,2025-09-28 19:27:33,2026-08-18 18:40:27
PH03836,98817852774,+91,Landline,P00402,,SIM925407,BSNL,2019-10-15,,Suspended,SRC003,0.95,2025-08-11 00:36:14,2026-01-15 04:29:09
PH03837,96656178239,+91,Landline,P02341,,SIM759504,Vi,2020-05-21,2025-01-12,Inactive,SRC023,0.92,2026-03-22 08:49:34,2024-06-23 20:10:30
PH03838,94687423718,+91,Landline,P01353,,SIM179460,Jio,2019-01-04,2026-01-02,Inactive,SRC015,0.91,2024-03-31 22:24:14,2024-04-28 17:31:53
PH03839,97770513273,+91,VoIP,P01089,,SIM507688,BSNL,2026-05-20,,Active,SRC016,0.9,2026-08-18 04:09:22,2025-07-25 15:55:42
PH03840,91433062592,+91,Landline,P00270,,SIM226013,Vi,2023-05-27,,Active,SRC011,0.95,2024-12-19 16:55:28,2025-09-30 02:44:41
PH03841,97709133802,+91,VoIP,P02068,,SIM854765,BSNL,2025-05-31,,Suspended,SRC012,0.84,2024-12-16 23:32:07,2024-06-15 10:46:05
PH03842,98982630244,+91,Mobile,P01380,,SIM781598,Vi,2026-07-03,2024-10-16,Active,SRC007,0.91,2025-03-07 21:43:57,2024-05-22 03:36:24
PH03843,97087823643,+91,Landline,P00772,,SIM125637,BSNL,2020-08-22,,Active,SRC014,0.99,2025-12-24 12:40:26,2024-10-11 11:18:03
PH03844,98775575243,+91,Mobile,P02524,,SIM301157,BSNL,2021-09-25,,Suspended,SRC021,0.99,2025-05-08 17:31:52,2025-12-20 03:48:51
PH03845,96231019926,+91,Landline,P02622,,SIM798214,Jio,2026-08-09,,Inactive,SRC008,0.93,2024-02-08 08:58:09,2024-05-04 21:47:52
PH03846,97958507336,+91,Landline,P02799,,SIM167006,Vi,2020-01-01,,Inactive,SRC008,0.82,2026-01-08 13:20:49,2024-05-09 06:21:31
PH03847,99127649525,+91,Mobile,P03279,,SIM182362,Airtel,2019-11-08,,Active,SRC009,0.9,2025-11-16 15:24:32,2024-12-13 14:47:44
PH03848,95946518114,+91,Mobile,P01174,,SIM883817,BSNL,2022-08-14,,Inactive,SRC029,0.93,2026-02-17 23:20:50,2024-12-25 16:50:21
PH03849,96350597238,+91,VoIP,P03802,,SIM460989,Airtel,2023-10-10,2024-11-20,Active,SRC020,0.8,2024-12-25 08:18:04,2026-08-14 12:41:24
PH03850,94873611272,+91,VoIP,P03319,,SIM912775,BSNL,2022-04-17,2026-05-01,Suspended,SRC003,0.86,2025-06-26 00:44:46,2024-11-02 14:40:29
PH03851,96280675130,+91,Mobile,P00493,,SIM214902,BSNL,2018-09-08,,Suspended,SRC012,0.9,2025-01-15 20:19:47,2025-03-02 12:38:09
PH03852,94281269289,+91,VoIP,P01617,,SIM331528,Airtel,2021-11-16,,Suspended,SRC005,0.88,2025-08-26 04:36:01,2025-08-23 12:57:32
PH03853,94999387829,+91,Landline,P03438,,SIM116176,Jio,2024-12-28,,Inactive,SRC027,0.84,2024-03-04 04:11:13,2026-04-15 14:22:39
PH03854,92394128893,+91,Landline,P00876,,SIM128978,BSNL,2023-06-11,,Active,SRC011,0.83,2024-08-06 02:03:21,2026-04-19 23:08:26
PH03855,93187339309,+91,VoIP,P02802,,SIM924998,Airtel,2026-08-28,2025-09-13,Active,SRC015,0.98,2025-10-27 01:51:17,2025-05-29 18:18:17
PH03856,97323126309,+91,VoIP,P02274,,SIM920916,Vi,2020-02-27,,Active,SRC026,0.94,2024-06-05 01:51:18,2025-03-23 03:11:49
PH03857,98945263618,+91,VoIP,P03955,,SIM284896,BSNL,2024-04-22,,Inactive,SRC001,0.97,2026-02-01 07:57:57,2026-06-23 22:29:44
PH03858,96356395493,+91,Mobile,P02082,,SIM707021,Airtel,2025-12-21,,Active,SRC004,0.97,2024-07-12 23:26:56,2026-01-14 21:36:44
PH03859,99224565954,+91,Landline,P03652,,SIM770552,BSNL,2019-01-07,,Inactive,SRC011,0.96,2024-12-09 05:51:16,2025-10-21 12:03:54
PH03860,96049352562,+91,Landline,P02624,,SIM241440,Airtel,2019-05-10,,Inactive,SRC010,0.95,2025-08-07 07:40:29,2024-09-01 02:24:30
PH03861,96606428729,+91,Landline,P02209,,SIM798368,Jio,2025-11-26,2026-06-24,Active,SRC012,0.86,2025-07-21 17:06:45,2024-04-23 04:24:02
PH03862,94526241563,+91,VoIP,P03953,,SIM897240,Airtel,2023-04-18,,Suspended,SRC019,0.91,2024-05-27 00:41:43,2025-11-22 20:53:06
PH03863,97818234334,+91,VoIP,P01275,,SIM285530,Airtel,2019-10-10,,Active,SRC019,0.87,2025-04-13 18:00:03,2025-07-13 02:42:55
PH03864,92229406103,+91,Landline,,O0371,SIM541149,Vi,2019-02-11,,Active,SRC015,0.81,2026-07-03 19:51:08,2025-05-08 21:41:03
PH03865,95970596941,+91,VoIP,P01710,,SIM459346,Vi,2020-10-25,,Inactive,SRC010,0.81,2025-04-10 19:57:12,2025-02-04 00:12:19
PH03866,97142316778,+91,Mobile,P03722,,SIM973864,Airtel,2025-05-20,,Active,SRC003,0.98,2025-02-03 08:01:52,2024-12-06 07:06:06
PH03867,97543407677,+91,VoIP,P01187,,SIM525490,Vi,2026-08-03,,Inactive,SRC030,0.95,2025-01-16 01:35:59,2026-06-17 04:50:22
PH03868,99250373558,+91,Landline,P03161,,SIM976248,Vi,2024-02-21,,Inactive,SRC001,0.97,2024-05-04 02:14:13,2026-02-28 05:10:30
PH03869,92651231540,+91,Mobile,P01519,,SIM435704,Vi,2018-10-08,,Inactive,SRC025,0.97,2024-09-26 04:13:26,2026-03-25 01:28:16
PH03870,96299208141,+91,Mobile,P02313,,SIM976847,Vi,2023-11-16,,Suspended,SRC001,0.88,2024-09-27 08:53:00,2025-11-19 06:23:07
PH03871,98109992803,+91,VoIP,P00697,,SIM252657,Jio,2021-12-22,2026-01-30,Inactive,SRC007,0.81,2025-02-04 05:43:11,2024-04-25 16:18:17
PH03872,93435841117,+91,Landline,P01582,,SIM198145,BSNL,2025-03-10,,Suspended,SRC005,0.89,2024-09-13 01:36:51,2025-07-06 00:38:03
PH03873,96018483385,+91,Mobile,P02818,,SIM747074,BSNL,2024-03-18,,Inactive,SRC018,0.88,2025-06-11 21:02:36,2026-07-31 20:39:33
PH03874,99323563219,+91,VoIP,P00378,,SIM915460,Jio,2025-02-05,,Inactive,SRC011,0.95,2025-11-10 03:57:54,2026-03-25 15:34:56
PH03875,92219983472,+91,Landline,P01052,,SIM469345,Jio,2020-09-08,,Active,SRC004,0.95,2025-05-08 17:07:24,2024-08-17 21:37:52
PH03876,91480608411,+91,Mobile,,O0007,SIM595641,Jio,2020-09-17,,Active,SRC008,0.81,2025-03-02 05:26:40,2024-02-21 22:00:12
PH03877,98724782095,+91,Landline,P03131,,SIM580997,BSNL,2019-10-07,,Suspended,SRC030,0.84,2025-07-20 09:44:58,2025-02-24 00:14:13
PH03878,94914572082,+91,Landline,,O0068,SIM259397,BSNL,2021-03-27,,Suspended,SRC013,0.97,2025-03-17 02:36:47,2024-03-17 00:18:30
PH03879,92064888418,+91,Mobile,P03971,,SIM517967,BSNL,2023-11-06,,Inactive,SRC005,0.87,2024-11-21 09:19:49,2025-12-16 18:04:41
PH03880,97002417597,+91,Mobile,P03872,,SIM454588,Airtel,2024-05-14,2026-07-11,Suspended,SRC016,0.83,2026-06-16 01:20:22,2026-03-27 20:54:08
PH03881,95687868945,+91,VoIP,P02677,,SIM884882,Jio,2019-09-18,,Inactive,SRC014,0.82,2026-06-03 22:03:30,2026-08-16 13:14:37
PH03882,97590907308,+91,VoIP,,O0066,SIM489340,Jio,2020-03-21,,Inactive,SRC002,0.88,2026-04-13 08:16:35,2025-08-01 18:21:01
PH03883,94279043984,+91,Landline,P02064,,SIM258157,Vi,2021-12-26,,Active,SRC010,0.92,2026-04-04 03:53:34,2024-03-09 22:21:11
PH03884,98555553577,+91,VoIP,P00852,,SIM576969,Vi,2024-11-25,,Active,SRC015,0.85,2026-03-05 02:05:23,2025-09-15 15:13:26
PH03885,95279841810,+91,Landline,,O0451,SIM295568,Vi,2025-09-06,,Suspended,SRC017,0.86,2025-07-14 13:56:17,2024-05-07 19:37:37
PH03886,91371859509,+91,Landline,P00012,,SIM512998,Airtel,2020-11-17,,Inactive,SRC030,0.94,2024-08-26 10:45:43,2025-10-01 01:58:39
PH03887,93800460906,+91,Landline,P02689,,SIM169377,Vi,2026-03-06,,Inactive,SRC016,0.83,2025-07-01 18:19:42,2024-03-16 23:49:21
PH03888,99215847141,+91,VoIP,P00367,,SIM480016,Vi,2025-07-24,,Suspended,SRC007,0.8,2024-06-17 03:24:16,2025-12-21 05:31:39
PH03889,96196112765,+91,Mobile,P02255,,SIM559132,BSNL,2021-08-02,,Active,SRC011,0.9,2024-08-06 15:56:51,2025-12-09 04:35:23
PH03890,95626203982,+91,Mobile,P03848,,SIM701587,Jio,2021-03-18,,Suspended,SRC026,0.99,2025-11-22 20:20:13,2024-10-15 10:32:54
PH03891,94192148635,+91,VoIP,P02498,,SIM283557,Airtel,2023-11-28,,Suspended,SRC015,0.98,2024-10-15 19:17:00,2025-05-04 21:37:33
PH03892,96787918052,+91,Landline,P02486,,SIM606146,Jio,2019-09-09,,Suspended,SRC010,0.92,2024-12-31 14:49:01,2025-11-07 11:21:58
PH03893,98568845362,+91,VoIP,P02370,,SIM943895,Jio,2021-07-24,,Suspended,SRC001,0.93,2024-01-09 18:02:35,2026-02-13 19:26:20
PH03894,92314891681,+91,Mobile,P02725,,SIM622814,Jio,2022-08-26,2025-12-16,Active,SRC027,0.92,2024-04-14 19:25:59,2024-06-18 01:16:45
PH03895,97623340901,+91,Mobile,,O0230,SIM681857,Airtel,2024-04-23,,Inactive,SRC010,0.89,2025-06-11 21:44:04,2026-02-10 18:06:39
PH03896,94029211107,+91,Landline,P03353,,SIM564305,BSNL,2025-12-28,,Suspended,SRC016,0.91,2024-08-30 13:54:33,2025-04-18 16:45:42
PH03897,97193682101,+91,Landline,P01669,,SIM598338,Jio,2019-10-14,2026-03-13,Inactive,SRC004,0.98,2025-04-09 04:15:49,2024-03-02 19:06:39
PH03898,94392929365,+91,Mobile,,O0236,SIM226981,BSNL,2019-09-19,,Suspended,SRC008,0.89,2025-02-20 17:33:18,2025-08-20 18:46:53
PH03899,96587372434,+91,VoIP,P01340,,SIM493609,Jio,2022-11-15,2025-02-20,Suspended,SRC002,0.83,2026-06-15 08:06:00,2025-02-16 22:05:51
PH03900,96351377039,+91,VoIP,P02453,,SIM545708,BSNL,2025-06-26,2025-09-12,Inactive,SRC017,0.93,2026-06-26 18:45:51,2024-09-09 08:42:23
PH03901,97484944143,+91,Mobile,P02228,,SIM296696,BSNL,2024-05-31,,Active,SRC003,0.84,2026-04-13 22:26:53,2024-04-12 05:08:40
PH03902,91431938287,+91,Landline,P02504,,SIM601955,Airtel,2024-05-05,,Inactive,SRC012,0.95,2024-08-14 08:53:09,2025-01-08 10:53:18
PH03903,96396422239,+91,VoIP,P02336,,SIM699333,Vi,2021-03-25,,Suspended,SRC007,0.84,2024-05-10 16:25:35,2026-06-16 04:17:01
PH03904,91173198113,+91,Landline,P01858,,SIM206853,Airtel,2020-02-22,2025-06-18,Inactive,SRC013,0.81,2024-03-31 01:02:06,2025-07-27 05:05:00
PH03905,91783213218,+91,VoIP,P01318,,SIM325187,Jio,2024-03-07,,Inactive,SRC023,0.83,2024-07-10 12:26:47,2025-03-30 19:39:19
PH03906,91139283520,+91,VoIP,P00003,,SIM347611,Vi,2024-05-11,,Active,SRC016,0.84,2024-05-29 09:20:57,2026-02-05 09:09:36
PH03907,93347519076,+91,Mobile,P00325,,SIM735340,BSNL,2020-07-22,,Inactive,SRC029,0.8,2025-08-13 16:41:53,2024-04-26 02:47:40
PH03908,99956047138,+91,VoIP,P02268,,SIM455056,Vi,2020-04-12,,Inactive,SRC026,0.89,2024-10-02 07:07:39,2024-03-13 19:47:18
PH03909,98025630265,+91,Mobile,P03619,,SIM325330,Vi,2019-04-06,,Suspended,SRC011,0.95,2026-03-11 15:34:38,2024-06-02 07:26:56
PH03910,91949805265,+91,Mobile,P00564,,SIM580325,BSNL,2024-10-18,,Suspended,SRC018,0.96,2024-04-30 05:19:53,2025-11-30 09:42:00
PH03911,92726685968,+91,Mobile,P02820,,SIM845903,Vi,2021-03-03,,Suspended,SRC003,0.8,2025-02-18 20:57:38,2025-06-08 07:07:28
PH03912,99631236289,+91,VoIP,P01400,,SIM663632,Airtel,2020-08-27,,Inactive,SRC006,0.93,2026-03-28 05:09:14,2024-12-14 14:15:02
PH03913,97323976670,+91,Landline,P01889,,SIM540104,Vi,2019-08-21,,Suspended,SRC019,0.88,2025-12-18 13:45:17,2024-08-11 23:58:23
PH03914,93802684340,+91,Landline,P03212,,SIM555881,Airtel,2022-03-14,2024-10-18,Inactive,SRC018,0.84,2025-06-01 07:51:30,2026-06-10 01:46:03
PH03915,92602553339,+91,Mobile,P03988,,SIM302255,BSNL,2019-04-28,,Suspended,SRC015,0.98,2025-12-20 12:33:17,2024-02-05 17:02:47
PH03916,96503582720,+91,Mobile,P03440,,SIM341524,Airtel,2022-07-27,2026-04-21,Inactive,SRC023,0.82,2024-10-19 13:05:27,2025-06-05 08:39:13
PH03917,99546869402,+91,Landline,,O0076,SIM744380,Jio,2021-12-09,,Inactive,SRC027,0.87,2024-05-24 14:42:20,2025-11-20 13:17:45
PH03918,95563188159,+91,VoIP,P03339,,SIM540179,Jio,2022-07-10,,Suspended,SRC017,0.93,2026-07-15 09:03:11,2026-08-28 06:38:50
PH03919,94522173572,+91,Landline,P02628,,SIM484846,Airtel,2025-12-20,2026-05-08,Suspended,SRC027,0.81,2025-09-07 10:15:44,2025-02-21 18:08:45
PH03920,93660237249,+91,Mobile,P02693,,SIM198758,Jio,2025-10-06,,Suspended,SRC009,0.84,2025-11-25 23:58:13,2025-09-02 15:18:52
PH03921,94375099772,+91,VoIP,,O0248,SIM898015,Vi,2021-11-10,2025-02-22,Active,SRC006,0.83,2025-01-18 02:16:40,2026-05-15 22:06:55
PH03922,94757339313,+91,VoIP,P00274,,SIM914104,Vi,2025-09-04,,Active,SRC026,0.83,2025-09-26 10:35:10,2024-02-09 00:12:45
PH03923,97416426006,+91,Mobile,P00129,,SIM881242,Vi,2021-07-04,,Suspended,SRC021,0.82,2024-03-03 00:32:06,2025-02-07 01:56:28
PH03924,99288995325,+91,Mobile,P02160,,SIM987211,Vi,2024-11-07,,Active,SRC015,0.93,2024-02-21 07:25:22,2024-10-12 23:43:06
PH03925,93375210838,+91,Landline,,O0237,SIM276132,Vi,2020-06-26,2024-12-17,Suspended,SRC024,0.95,2024-07-30 20:08:44,2026-08-23 03:30:51
PH03926,97612070698,+91,Landline,P01620,,SIM218798,Jio,2022-09-20,2024-12-16,Suspended,SRC023,0.86,2025-03-18 23:56:41,2026-04-10 08:25:25
PH03927,94684136762,+91,Mobile,,O0113,SIM643034,BSNL,2019-10-27,2026-04-20,Inactive,SRC019,0.99,2026-08-09 17:05:37,2025-07-28 04:07:14
PH03928,93215881971,+91,Landline,P02547,,SIM644241,Airtel,2024-04-21,,Active,SRC012,0.98,2024-07-06 11:03:52,2025-06-16 20:22:40
PH03929,92954741687,+91,VoIP,P03415,,SIM227948,Vi,2023-05-18,,Active,SRC003,0.98,2024-03-18 01:24:25,2025-03-30 10:30:39
PH03930,93743654484,+91,VoIP,P02472,,SIM585696,Jio,2023-03-24,,Active,SRC016,0.91,2025-08-02 14:22:58,2025-05-13 10:45:31
PH03931,93802378868,+91,VoIP,P03251,,SIM763226,Vi,2022-10-26,,Inactive,SRC016,0.83,2026-01-23 04:29:26,2025-03-22 20:24:00
PH03932,93642470288,+91,VoIP,P00386,,SIM203580,Jio,2021-07-16,2025-06-02,Active,SRC001,0.83,2025-08-03 22:27:13,2025-04-14 02:42:55
PH03933,93225577336,+91,VoIP,P01304,,SIM339203,BSNL,2019-08-25,,Suspended,SRC026,0.87,2024-03-07 19:21:40,2024-03-02 14:00:14
PH03934,92166862751,+91,Landline,P01763,,SIM266687,Jio,2021-02-06,,Suspended,SRC020,0.99,2025-05-26 23:37:38,2024-02-13 14:19:26
PH03935,97278916006,+91,Mobile,P03705,,SIM275926,Jio,2024-08-15,,Suspended,SRC018,0.81,2025-01-26 04:02:05,2024-09-24 07:38:51
PH03936,93022961412,+91,Landline,P02468,,SIM150953,Jio,2023-02-17,,Active,SRC024,0.84,2024-03-15 20:04:14,2026-07-01 09:20:00
PH03937,98072838581,+91,Landline,P01157,,SIM318298,BSNL,2019-06-17,2024-11-18,Inactive,SRC006,0.93,2024-08-30 20:02:41,2025-05-03 08:01:25
PH03938,94215690222,+91,VoIP,P03646,,SIM139189,Vi,2020-07-19,,Suspended,SRC011,0.9,2024-09-26 14:01:08,2025-01-07 16:31:56
PH03939,93467998913,+91,VoIP,P00117,,SIM668232,Airtel,2019-06-13,,Suspended,SRC020,0.88,2025-08-20 01:06:09,2024-03-11 00:51:23
PH03940,91282164189,+91,Mobile,P01461,,SIM911822,Airtel,2019-09-17,2026-02-12,Inactive,SRC027,0.93,2026-03-26 00:36:02,2026-03-03 19:11:42
PH03941,96023294804,+91,Landline,P00629,,SIM269610,Jio,2023-11-01,,Active,SRC011,0.8,2026-01-21 06:35:40,2024-03-12 07:07:46
PH03942,96764808876,+91,Mobile,P00143,,SIM523825,Vi,2023-12-26,,Active,SRC007,0.81,2025-07-06 01:57:33,2026-03-10 07:34:47
PH03943,91156540168,+91,Mobile,P02062,,SIM631982,Airtel,2021-02-27,,Suspended,SRC010,0.99,2025-10-10 12:46:00,2026-08-06 06:35:07
PH03944,93342121596,+91,Mobile,,O0249,SIM624488,Vi,2019-04-10,2024-09-02,Suspended,SRC029,0.85,2024-01-01 09:14:59,2024-07-07 06:44:30
PH03945,99211312550,+91,VoIP,P00444,,SIM324372,Jio,2023-01-13,,Suspended,SRC010,0.98,2024-08-08 03:52:25,2024-05-21 05:02:26
PH03946,94056944323,+91,Mobile,P02782,,SIM284990,Vi,2021-11-28,,Inactive,SRC029,0.85,2026-04-12 11:14:46,2026-04-09 22:05:57
PH03947,99960557937,+91,VoIP,P01045,,SIM185974,Airtel,2025-01-07,,Inactive,SRC012,0.94,2026-03-10 02:26:32,2024-08-01 13:36:11
PH03948,95902672744,+91,Mobile,P01816,,SIM674824,Airtel,2019-08-08,,Inactive,SRC024,0.9,2024-10-25 04:26:07,2025-05-13 18:31:12
PH03949,97455331859,+91,Mobile,P00824,,SIM163272,Jio,2023-04-12,,Active,SRC004,0.85,2024-02-22 16:08:06,2025-07-14 06:53:35
PH03950,98422935380,+91,VoIP,P03519,,SIM298883,BSNL,2024-10-03,,Suspended,SRC024,0.82,2025-10-11 13:50:06,2024-04-19 07:54:43
PH03951,98456342556,+91,VoIP,P03480,,SIM360214,Vi,2020-12-03,,Suspended,SRC001,0.9,2025-01-27 19:43:09,2026-03-30 17:39:07
PH03952,93562008072,+91,Landline,P02851,,SIM402153,BSNL,2024-03-04,,Inactive,SRC002,0.82,2024-10-12 07:21:17,2024-03-25 05:41:58
PH03953,97725085886,+91,Landline,P00021,,SIM544286,Airtel,2023-05-21,,Inactive,SRC014,0.82,2025-09-06 18:39:17,2025-07-15 11:05:11
PH03954,93557562218,+91,Landline,P01848,,SIM223393,Vi,2023-07-26,,Suspended,SRC024,0.81,2025-05-21 13:25:34,2025-12-28 23:20:31
PH03955,98458967702,+91,VoIP,P03069,,SIM676558,BSNL,2026-05-09,2026-07-07,Active,SRC001,0.92,2024-04-08 02:28:20,2024-06-19 17:08:56
PH03956,92832595767,+91,Landline,P02572,,SIM667262,BSNL,2026-05-18,,Inactive,SRC023,0.85,2025-01-05 12:25:56,2026-03-12 05:55:40
PH03957,95650048105,+91,VoIP,P01110,,SIM295967,Airtel,2026-02-16,,Active,SRC028,0.98,2026-01-15 20:07:22,2024-04-12 23:42:31
PH03958,95529588160,+91,Mobile,P02792,,SIM868136,Jio,2024-10-28,,Active,SRC017,0.8,2025-11-25 10:54:19,2024-06-09 20:22:35
PH03959,95162133521,+91,Landline,P03702,,SIM193635,Airtel,2019-06-26,,Active,SRC008,0.83,2026-01-03 09:24:16,2024-12-30 13:48:11
PH03960,95248147620,+91,Landline,P02568,,SIM328723,Jio,2025-12-14,,Inactive,SRC023,0.84,2024-11-18 21:01:50,2025-04-20 06:34:44
PH03961,97264258509,+91,Mobile,,O0158,SIM377296,Airtel,2020-07-30,,Inactive,SRC001,0.87,2024-12-15 01:19:45,2026-04-11 08:51:36
PH03962,95667686203,+91,Mobile,P03692,,SIM314774,Vi,2022-11-14,,Suspended,SRC009,0.96,2024-01-07 14:02:43,2026-06-03 02:10:05
PH03963,92197765870,+91,VoIP,P03806,,SIM416048,Vi,2021-08-09,2026-01-01,Active,SRC025,0.89,2024-12-13 23:48:17,2024-04-21 14:41:28
PH03964,92566389878,+91,Landline,P01881,,SIM762252,BSNL,2023-07-25,,Suspended,SRC015,0.84,2026-06-03 09:24:08,2025-11-02 23:41:10
PH03965,99383732647,+91,Mobile,P03217,,SIM409810,BSNL,2022-06-09,,Active,SRC006,0.83,2026-04-06 20:42:01,2024-09-17 11:32:42
PH03966,95615127606,+91,Mobile,,O0208,SIM532065,BSNL,2020-08-20,,Suspended,SRC020,0.93,2025-07-18 09:19:45,2024-12-30 09:26:02
PH03967,96306048416,+91,Mobile,P01591,,SIM298932,Jio,2023-08-11,,Active,SRC003,0.95,2024-02-23 03:00:20,2025-04-02 00:58:25
PH03968,99986212752,+91,VoIP,P01565,,SIM275272,BSNL,2022-08-23,,Inactive,SRC012,0.96,2026-05-18 01:27:46,2024-04-19 02:57:13
PH03969,92642311371,+91,Mobile,P02673,,SIM860067,Airtel,2022-11-07,,Suspended,SRC003,0.99,2026-06-07 10:38:16,2026-08-06 00:40:32
PH03970,99409811139,+91,Landline,P00326,,SIM377407,BSNL,2026-09-01,2026-06-19,Suspended,SRC019,0.96,2026-01-22 18:24:05,2026-01-05 13:06:54
PH03971,96637870462,+91,Mobile,P02168,,SIM289022,Airtel,2022-12-20,,Inactive,SRC009,0.85,2025-07-24 17:16:43,2026-03-31 23:41:00
PH03972,99303294282,+91,Landline,P00454,,SIM551024,Vi,2018-12-26,,Active,SRC017,0.85,2026-07-21 02:08:44,2026-01-04 20:02:37
PH03973,94908669056,+91,Landline,P02648,,SIM839413,Jio,2019-04-10,,Inactive,SRC007,0.9,2024-10-21 19:39:39,2026-02-12 05:39:05
PH03974,95855288886,+91,Landline,P03332,,SIM318731,Vi,2025-12-03,,Active,SRC010,0.8,2026-07-06 18:42:26,2025-01-23 08:31:06
PH03975,99696150418,+91,Mobile,P03114,,SIM110281,Jio,2021-05-12,,Suspended,SRC002,0.91,2025-08-11 02:21:00,2024-02-02 11:02:54
PH03976,92827625578,+91,Landline,P03066,,SIM969112,Vi,2022-05-21,,Inactive,SRC023,0.86,2024-10-20 03:52:51,2025-02-08 12:04:35
PH03977,99987434305,+91,Mobile,,O0104,SIM487288,Vi,2020-08-30,,Suspended,SRC018,0.82,2025-12-09 23:58:02,2026-06-05 21:50:49
PH03978,98369097065,+91,Landline,,O0183,SIM956231,Vi,2022-02-09,,Inactive,SRC025,0.96,2024-08-14 02:05:31,2024-08-16 06:30:56
PH03979,92996424431,+91,Landline,P00108,,SIM766684,Vi,2026-06-26,2026-08-14,Inactive,SRC019,0.81,2026-06-24 06:36:51,2024-12-04 10:03:46
PH03980,97472445990,+91,Mobile,P00043,,SIM176742,Jio,2021-02-08,,Inactive,SRC009,0.92,2026-04-23 03:33:29,2024-07-10 00:00:56
PH03981,92334725663,+91,Landline,P01950,,SIM281783,Airtel,2023-09-02,,Active,SRC012,0.91,2026-01-20 13:24:18,2026-07-19 19:48:38
PH03982,94358707436,+91,Mobile,P00981,,SIM117269,Airtel,2020-10-13,,Inactive,SRC011,0.83,2024-10-24 05:25:09,2025-06-25 17:29:07
PH03983,99096726445,+91,Landline,P02466,,SIM649407,Airtel,2024-03-08,,Active,SRC005,0.95,2024-12-17 20:10:03,2026-03-26 05:00:07
PH03984,94389746031,+91,Mobile,P00920,,SIM585981,Vi,2022-01-04,,Suspended,SRC024,0.91,2024-11-26 16:11:03,2026-03-05 09:21:21
PH03985,96316728986,+91,VoIP,P03896,,SIM475907,Vi,2020-05-12,2026-03-10,Inactive,SRC025,0.84,2024-02-14 06:47:50,2024-01-06 12:11:07
PH03986,99276240511,+91,Mobile,P01965,,SIM463887,Jio,2022-09-03,,Active,SRC003,0.81,2026-02-19 21:37:29,2025-09-19 02:06:18
PH03987,92031720616,+91,Landline,P02289,,SIM389475,Airtel,2025-09-28,,Inactive,SRC013,0.9,2024-02-06 12:16:38,2025-08-07 04:52:18
PH03988,99167541780,+91,Landline,P00985,,SIM195460,BSNL,2020-02-09,,Inactive,SRC013,0.86,2025-12-07 13:30:34,2026-07-02 21:10:34
PH03989,93373136112,+91,Mobile,P00137,,SIM323334,Vi,2022-09-16,2024-10-27,Inactive,SRC016,0.99,2025-04-03 01:51:59,2024-02-23 08:44:15
PH03990,99414694293,+91,Landline,P00667,,SIM927456,Airtel,2019-09-20,,Inactive,SRC029,0.9,2025-10-03 15:41:09,2024-11-14 00:34:19
PH03991,92709296728,+91,VoIP,,O0047,SIM731338,BSNL,2024-04-01,,Suspended,SRC016,0.97,2026-07-20 00:54:57,2024-09-27 01:22:07
PH03992,96182330354,+91,Mobile,P03235,,SIM651436,Jio,2024-12-20,,Inactive,SRC014,0.91,2025-12-16 14:08:23,2026-07-10 09:12:08
PH03993,94816402711,+91,Landline,P01800,,SIM486508,Airtel,2024-12-28,2025-08-22,Inactive,SRC020,0.96,2025-07-06 17:36:31,2026-05-11 18:48:26
PH03994,91724379065,+91,VoIP,P01032,,SIM109969,Airtel,2023-03-22,,Active,SRC030,0.82,2026-07-14 17:06:43,2026-04-11 23:01:17
PH03995,95670071588,+91,VoIP,P01545,,SIM886729,Jio,2019-12-04,2025-05-31,Active,SRC016,0.88,2024-10-04 20:30:09,2026-03-16 08:05:55
PH03996,96006618890,+91,Landline,P03861,,SIM794676,Airtel,2021-05-01,,Inactive,SRC012,0.81,2025-07-25 11:47:34,2026-02-03 18:01:53
PH03997,91150476430,+91,Mobile,,O0394,SIM555814,Vi,2020-02-23,,Active,SRC026,0.89,2024-10-02 13:46:20,2025-01-27 20:32:44
PH03998,91556004016,+91,VoIP,P01850,,SIM386533,Jio,2021-10-17,,Inactive,SRC003,0.95,2026-06-21 23:43:53,2025-04-30 21:49:09
PH03999,93707647952,+91,Landline,P00833,,SIM842145,Airtel,2022-07-09,,Active,SRC028,0.93,2025-09-02 01:45:26,2024-09-22 17:04:18
PH04000,95022351128,+91,VoIP,,O0012,SIM708947,BSNL,2020-11-29,,Active,SRC006,0.87,2026-05-16 22:50:41,2024-01-01 10:59:25
PH04001,96707417431,+91,Mobile,P01853,,SIM537958,Airtel,2026-07-08,,Active,SRC011,0.87,2025-08-10 12:25:44,2024-06-18 19:33:55
PH04002,91414770885,+91,VoIP,P03312,,SIM587337,Airtel,2024-12-01,,Active,SRC015,0.93,2026-07-07 04:42:41,2024-04-09 07:47:56
PH04003,91594570956,+91,Landline,P03870,,SIM484490,Vi,2019-03-04,,Suspended,SRC020,0.96,2024-03-26 07:32:27,2025-06-18 10:33:43
PH04004,92756950936,+91,Landline,P02029,,SIM250506,Jio,2026-03-12,,Active,SRC007,0.96,2025-02-24 01:17:37,2026-08-22 13:13:33
PH04005,99241069125,+91,Mobile,P01952,,SIM791745,Airtel,2024-10-29,,Suspended,SRC015,0.96,2026-06-26 05:05:06,2025-03-22 03:06:04
PH04006,96524160044,+91,Mobile,P00129,,SIM845334,Airtel,2020-05-22,,Inactive,SRC023,0.97,2024-06-22 19:16:18,2025-07-27 03:40:37
PH04007,91233018697,+91,Landline,P01198,,SIM601397,BSNL,2024-02-02,,Suspended,SRC010,0.89,2025-01-13 22:41:55,2025-11-13 18:13:57
PH04008,98129451728,+91,VoIP,P03874,,SIM725779,Airtel,2025-03-30,,Active,SRC029,0.88,2024-02-02 00:27:40,2025-01-04 19:31:00
PH04009,94351196621,+91,VoIP,P00104,,SIM977909,Airtel,2024-02-22,,Inactive,SRC005,0.89,2024-08-01 07:59:20,2024-10-07 06:28:55
PH04010,99777264539,+91,Landline,P00037,,SIM586104,BSNL,2020-06-16,,Active,SRC029,0.88,2026-03-14 10:55:35,2025-02-06 06:48:07
PH04011,93275195220,+91,Landline,,O0373,SIM695778,Vi,2021-12-16,,Suspended,SRC004,0.93,2024-12-08 02:35:33,2025-12-02 19:08:57
PH04012,91536841057,+91,Mobile,P02198,,SIM812101,Vi,2019-11-25,2026-01-02,Active,SRC002,0.96,2026-04-22 05:57:02,2025-10-22 15:55:06
PH04013,91115517027,+91,Landline,P03240,,SIM283358,Vi,2018-12-08,,Inactive,SRC009,0.86,2026-01-30 21:25:52,2025-07-30 09:46:20
PH04014,97281702523,+91,VoIP,P00077,,SIM972998,Vi,2024-11-06,,Suspended,SRC010,0.93,2024-12-02 18:13:45,2026-05-24 15:44:37
PH04015,95145926611,+91,VoIP,P02305,,SIM328510,Jio,2023-04-03,,Inactive,SRC001,0.85,2026-01-16 01:47:31,2025-05-06 03:30:19
PH04016,99215802101,+91,VoIP,P00747,,SIM612271,Jio,2023-03-29,,Inactive,SRC017,0.88,2025-07-02 23:49:26,2025-02-14 16:38:06
PH04017,93436236080,+91,Landline,P00878,,SIM816947,Jio,2020-09-15,,Suspended,SRC021,0.88,2025-02-09 22:38:35,2024-06-30 08:29:46
PH04018,99911989057,+91,VoIP,,O0041,SIM244421,Jio,2024-06-12,,Active,SRC030,0.82,2026-08-04 15:13:24,2026-06-08 21:57:51
PH04019,91126045618,+91,Mobile,P03871,,SIM708750,Jio,2024-11-11,,Inactive,SRC024,0.85,2024-10-21 07:35:37,2025-12-07 16:05:36
PH04020,99310977650,+91,VoIP,P03190,,SIM755263,BSNL,2022-08-23,,Inactive,SRC010,0.8,2025-08-18 08:34:07,2026-08-06 16:45:19
PH04021,94676047848,+91,Landline,,O0012,SIM973436,Airtel,2026-03-24,,Inactive,SRC007,0.91,2024-06-26 06:47:32,2025-05-14 13:41:53
PH04022,92316552920,+91,Mobile,,O0315,SIM819421,Jio,2019-02-04,,Suspended,SRC019,0.85,2025-09-01 15:58:51,2026-06-01 11:05:37
PH04023,98232530738,+91,Mobile,P02174,,SIM431338,BSNL,2021-05-24,2026-04-12,Inactive,SRC007,0.89,2025-06-27 16:52:03,2026-01-13 23:53:46
PH04024,91497462548,+91,Mobile,P01363,,SIM790383,Airtel,2024-12-05,,Suspended,SRC030,0.82,2024-06-17 00:41:26,2024-07-20 14:39:58
PH04025,97442038323,+91,VoIP,P03696,,SIM882758,BSNL,2021-10-15,,Suspended,SRC019,0.83,2024-04-14 03:44:28,2024-09-13 18:53:46
PH04026,97638327346,+91,Landline,P00032,,SIM202300,BSNL,2019-02-07,,Inactive,SRC009,0.87,2025-01-27 21:48:47,2026-06-24 13:29:12
PH04027,97105529392,+91,Mobile,P01067,,SIM977568,Jio,2019-02-04,,Inactive,SRC009,0.9,2026-02-03 23:29:22,2025-10-19 05:39:30
PH04028,97137233883,+91,Mobile,P02175,,SIM861195,BSNL,2019-11-10,,Inactive,SRC015,0.91,2025-04-28 07:20:05,2026-05-05 03:28:48
PH04029,98288716676,+91,Mobile,P03426,,SIM625604,Airtel,2025-04-18,,Inactive,SRC030,0.84,2025-03-19 12:16:30,2024-07-25 06:42:05
PH04030,93024881353,+91,Mobile,P02577,,SIM762592,Airtel,2023-01-12,,Suspended,SRC024,0.84,2025-04-24 19:14:35,2025-06-07 21:24:15
PH04031,99891116291,+91,Landline,P00764,,SIM450523,Vi,2025-12-09,,Suspended,SRC030,0.82,2025-04-17 21:36:08,2025-11-05 17:09:01
PH04032,97423718674,+91,VoIP,P00702,,SIM564141,BSNL,2018-10-03,2026-07-29,Suspended,SRC021,0.91,2024-06-20 06:54:59,2025-08-11 10:37:41
PH04033,98592152833,+91,Mobile,,O0466,SIM603282,Jio,2018-11-19,,Active,SRC019,0.96,2026-03-28 17:37:25,2024-12-25 15:39:23
PH04034,96334815074,+91,Landline,P00036,,SIM585553,Jio,2025-06-03,,Inactive,SRC002,0.92,2024-06-12 06:30:34,2024-11-13 04:10:58
PH04035,94766236030,+91,Landline,P03657,,SIM392525,Jio,2025-04-20,2025-04-07,Suspended,SRC015,0.96,2025-10-03 08:15:06,2026-07-13 21:56:24
PH04036,92754714205,+91,Landline,P02186,,SIM728986,Airtel,2024-06-15,2025-04-25,Active,SRC014,0.98,2024-10-22 09:30:48,2025-01-29 22:44:01
PH04037,99811707526,+91,Mobile,P00691,,SIM778661,Jio,2023-07-25,2026-02-08,Inactive,SRC026,0.9,2026-02-25 07:47:02,2024-04-01 00:35:43
PH04038,92738368707,+91,VoIP,P01778,,SIM353817,Airtel,2024-03-20,,Active,SRC010,0.91,2025-12-16 00:57:58,2024-01-08 22:06:17
PH04039,99304050908,+91,VoIP,P00688,,SIM113428,Airtel,2026-02-07,,Inactive,SRC002,0.98,2024-08-17 20:21:15,2025-12-14 23:59:08
PH04040,97614597387,+91,Mobile,P03984,,SIM291290,Jio,2024-01-31,,Inactive,SRC025,0.91,2024-08-16 02:35:10,2026-07-10 08:43:33
PH04041,91907816339,+91,Landline,P01009,,SIM883508,BSNL,2022-10-24,,Active,SRC004,0.92,2024-07-02 13:13:22,2024-09-03 14:55:03
PH04042,94488773378,+91,Mobile,P03663,,SIM168823,Jio,2021-04-25,,Active,SRC022,0.97,2026-07-04 21:18:02,2026-03-10 09:32:43
PH04043,99302737405,+91,VoIP,,O0257,SIM170643,Airtel,2024-03-14,,Suspended,SRC004,0.84,2025-09-13 00:16:05,2025-11-19 02:45:03
PH04044,92307551223,+91,VoIP,P03067,,SIM236118,Airtel,2025-03-13,,Active,SRC011,0.89,2025-02-05 04:32:22,2025-07-23 08:13:52
PH04045,91190581512,+91,VoIP,P00360,,SIM270617,BSNL,2022-05-01,,Active,SRC026,0.96,2024-10-24 21:12:22,2024-01-12 05:20:38
PH04046,97002607096,+91,VoIP,P00520,,SIM441810,Airtel,2020-12-14,,Inactive,SRC017,0.93,2024-01-24 05:08:33,2024-02-05 11:19:04
PH04047,97476844053,+91,Landline,P01096,,SIM229475,Airtel,2021-05-28,,Inactive,SRC019,0.92,2025-12-13 00:54:20,2025-09-05 22:58:08
PH04048,94794595298,+91,Landline,P01616,,SIM552514,Airtel,2019-04-22,,Inactive,SRC009,0.83,2024-02-01 17:33:18,2024-10-21 06:14:22
PH04049,93855540584,+91,VoIP,P00465,,SIM724337,Airtel,2026-05-30,,Inactive,SRC028,0.82,2024-05-15 06:02:53,2024-11-13 21:25:14
PH04050,94738550605,+91,Landline,P02358,,SIM275914,Airtel,2022-07-12,,Active,SRC002,0.88,2024-09-20 05:57:00,2025-10-27 12:48:56
PH04051,91681885137,+91,VoIP,P01098,,SIM990919,Jio,2020-11-28,,Suspended,SRC006,0.81,2024-03-02 00:03:23,2024-01-29 07:12:27
PH04052,96273453726,+91,Landline,P02164,,SIM396025,BSNL,2023-01-15,,Suspended,SRC015,0.99,2025-12-10 12:26:51,2024-04-22 08:11:13
PH04053,92353588560,+91,Landline,P00069,,SIM765225,Jio,2020-09-17,,Active,SRC012,0.88,2024-02-05 06:10:11,2024-02-22 06:09:24
PH04054,94700482198,+91,Landline,P01418,,SIM961504,Vi,2021-08-29,,Active,SRC011,0.88,2024-08-15 20:27:48,2026-06-15 04:38:32
PH04055,98045204567,+91,Mobile,P00494,,SIM523410,Vi,2019-01-28,2026-02-26,Suspended,SRC022,0.97,2024-07-15 18:09:49,2024-02-02 10:27:43
PH04056,96437717839,+91,VoIP,P01861,,SIM389611,BSNL,2021-02-27,2025-04-24,Suspended,SRC020,0.81,2024-06-29 01:09:40,2026-06-19 10:10:11
PH04057,95857389380,+91,VoIP,P03414,,SIM917226,Jio,2026-07-15,,Suspended,SRC007,0.94,2026-05-28 04:41:52,2026-01-10 12:43:54
PH04058,99913661929,+91,Landline,P02559,,SIM995137,Airtel,2024-11-29,,Active,SRC003,0.94,2024-10-13 19:24:06,2025-11-28 03:30:01
PH04059,96305615306,+91,Mobile,P00141,,SIM863723,Vi,2020-01-21,,Active,SRC008,0.93,2025-11-28 16:52:50,2026-07-18 04:21:43
PH04060,98008240065,+91,VoIP,P03815,,SIM921076,Vi,2026-02-03,2025-05-21,Suspended,SRC005,0.85,2025-05-07 05:12:31,2025-01-04 13:35:14
PH04061,99935488172,+91,Landline,P03180,,SIM371483,Vi,2022-08-05,,Suspended,SRC003,0.93,2024-03-29 21:46:07,2025-02-09 03:11:27
PH04062,95420337519,+91,Mobile,P00271,,SIM266026,Airtel,2022-02-01,,Inactive,SRC010,0.82,2025-11-28 05:01:55,2025-03-03 05:40:31
PH04063,94590578745,+91,Mobile,P00006,,SIM222094,Jio,2021-11-17,,Suspended,SRC004,0.82,2025-02-12 20:39:32,2024-01-25 03:47:53
PH04064,95788878709,+91,Mobile,P02818,,SIM133623,Jio,2026-06-24,,Active,SRC024,0.91,2026-07-25 04:11:12,2024-02-04 15:45:02
PH04065,96671568190,+91,Landline,P01736,,SIM868446,Airtel,2021-07-23,,Inactive,SRC017,0.98,2024-10-24 13:04:48,2025-05-23 00:56:45
PH04066,93026105612,+91,Mobile,P03865,,SIM603018,BSNL,2023-07-10,,Inactive,SRC006,0.89,2025-10-02 16:32:17,2024-04-09 08:59:08
PH04067,97122162956,+91,VoIP,P02567,,SIM628013,Vi,2021-01-30,,Inactive,SRC018,0.84,2025-05-26 08:52:05,2024-09-21 09:05:59
PH04068,97464675739,+91,Landline,P00306,,SIM991321,Airtel,2020-11-27,,Inactive,SRC021,0.88,2025-12-21 23:44:38,2024-10-03 01:12:20
PH04069,99562017570,+91,Landline,P03846,,SIM372536,Vi,2019-04-20,2025-06-11,Suspended,SRC005,0.94,2025-04-27 15:18:20,2024-06-05 15:55:38
PH04070,93039194644,+91,Mobile,P03532,,SIM796712,BSNL,2019-10-23,,Inactive,SRC017,0.98,2025-04-03 11:45:55,2026-08-03 16:48:34
PH04071,93546641080,+91,Mobile,P01638,,SIM374193,Jio,2025-07-26,,Active,SRC005,0.86,2024-03-16 06:36:06,2024-06-28 18:26:05
PH04072,91076097029,+91,Mobile,P03860,,SIM181861,Airtel,2026-02-06,2024-09-04,Suspended,SRC027,0.94,2026-07-07 05:11:22,2026-04-01 17:15:11
PH04073,92597763927,+91,Mobile,P01383,,SIM562661,Vi,2019-11-25,,Active,SRC019,0.98,2025-08-04 13:37:28,2025-12-16 00:37:18
PH04074,93095897871,+91,Mobile,P02217,,SIM424439,BSNL,2023-03-12,,Inactive,SRC023,0.92,2024-10-01 08:06:48,2025-10-06 04:05:27
PH04075,99668045624,+91,VoIP,P02350,,SIM882966,Airtel,2025-08-30,,Inactive,SRC013,0.81,2024-03-29 20:36:58,2025-08-23 18:13:58
PH04076,95944734671,+91,VoIP,,O0220,SIM163901,Airtel,2022-12-06,,Inactive,SRC025,0.94,2024-02-15 23:24:55,2025-09-13 16:57:20
PH04077,99110061394,+91,Landline,P03492,,SIM963935,Vi,2020-02-17,,Suspended,SRC007,0.93,2024-01-06 04:35:40,2026-08-22 15:35:58
PH04078,95159638019,+91,Landline,P02365,,SIM340858,Airtel,2018-12-31,,Inactive,SRC003,0.97,2025-06-08 20:21:33,2024-03-26 16:20:58
PH04079,91459698274,+91,Mobile,P01827,,SIM529278,Vi,2022-10-23,,Inactive,SRC010,0.96,2026-07-27 16:11:58,2025-10-15 13:27:21
PH04080,97912456663,+91,Mobile,,O0193,SIM985925,Vi,2023-04-24,,Inactive,SRC026,0.95,2025-10-28 06:43:46,2025-06-03 21:46:11
PH04081,93414608541,+91,Landline,P02200,,SIM704567,BSNL,2020-01-16,,Active,SRC004,0.83,2025-03-12 22:46:21,2024-04-30 19:02:26
PH04082,92316643483,+91,Landline,P03130,,SIM932797,Vi,2020-07-31,,Active,SRC013,0.93,2025-09-01 22:24:43,2026-02-19 15:13:12
PH04083,96424979031,+91,VoIP,P01235,,SIM360117,Airtel,2021-01-15,,Inactive,SRC024,0.82,2024-09-07 06:11:42,2025-12-25 14:33:29
PH04084,91405426588,+91,Landline,,O0033,SIM684883,Jio,2018-09-18,2024-12-10,Inactive,SRC012,0.92,2024-05-25 08:47:17,2024-05-06 23:45:09
PH04085,95454776765,+91,Mobile,P01208,,SIM149368,Vi,2022-02-26,,Inactive,SRC002,0.97,2024-12-15 06:00:37,2024-11-28 03:04:37
PH04086,98945818129,+91,Landline,P03470,,SIM297177,Vi,2026-05-20,,Inactive,SRC020,0.81,2024-04-22 11:33:34,2025-01-04 22:42:29
PH04087,98467585965,+91,Mobile,P01621,,SIM996796,BSNL,2026-05-11,,Inactive,SRC023,0.87,2026-04-04 04:07:43,2024-03-19 00:17:24
PH04088,93637309071,+91,Mobile,P02040,,SIM769550,BSNL,2022-08-24,,Inactive,SRC003,0.99,2024-05-29 06:00:01,2025-12-01 18:32:24
PH04089,93320473309,+91,VoIP,P03815,,SIM196445,Jio,2020-03-22,,Inactive,SRC004,0.8,2026-04-25 05:22:55,2025-02-18 22:06:45
PH04090,94765971841,+91,Mobile,,O0158,SIM915204,Airtel,2019-08-26,,Suspended,SRC014,0.83,2024-08-19 19:23:04,2024-12-12 06:27:17
PH04091,98799909767,+91,Mobile,P02027,,SIM693398,Jio,2021-07-27,,Suspended,SRC002,0.9,2025-09-19 00:00:54,2024-04-18 00:38:38
PH04092,98642840426,+91,Mobile,,O0199,SIM986645,Jio,2024-12-29,,Inactive,SRC021,0.93,2025-08-08 03:28:18,2026-01-14 11:03:16
PH04093,96142836196,+91,Mobile,P02279,,SIM750048,Jio,2019-12-13,,Active,SRC003,0.97,2024-11-08 02:46:33,2026-05-09 13:24:41
PH04094,92815787750,+91,VoIP,P03014,,SIM451474,Jio,2022-12-31,,Active,SRC030,0.98,2024-03-10 17:02:36,2024-10-08 04:04:05
PH04095,96818047473,+91,Landline,P00390,,SIM944425,Airtel,2024-03-05,,Inactive,SRC020,0.96,2024-03-25 11:45:35,2025-06-30 15:23:59
PH04096,92945892694,+91,Landline,P01931,,SIM928259,Vi,2020-02-12,,Suspended,SRC025,0.83,2026-02-24 08:09:39,2025-06-13 12:10:01
PH04097,91177506347,+91,VoIP,P01926,,SIM128210,Vi,2024-10-15,,Suspended,SRC001,0.97,2025-12-09 19:00:31,2025-02-10 21:35:55
PH04098,94451192306,+91,VoIP,P03343,,SIM112134,Jio,2019-10-25,,Inactive,SRC020,0.86,2026-01-16 14:18:29,2024-02-18 18:10:47
PH04099,99123795735,+91,VoIP,P02378,,SIM595571,Jio,2020-06-22,,Active,SRC015,0.83,2024-04-29 23:38:18,2025-08-10 15:58:39
PH04100,92172068528,+91,VoIP,P02953,,SIM976991,Airtel,2020-05-24,,Inactive,SRC022,0.91,2024-10-18 07:49:42,2024-09-20 05:44:34
PH04101,95352662383,+91,Landline,P01723,,SIM222357,Airtel,2021-06-07,2026-01-14,Inactive,SRC024,0.86,2026-08-27 06:19:11,2026-03-27 05:18:37
PH04102,92599113069,+91,VoIP,P01479,,SIM278217,BSNL,2024-06-01,2025-01-05,Active,SRC007,0.87,2024-06-17 18:28:05,2025-09-20 06:34:23
PH04103,93057511919,+91,VoIP,P02746,,SIM966188,Vi,2025-11-22,,Active,SRC007,0.98,2025-07-03 20:49:36,2025-08-13 18:44:55
PH04104,95429427141,+91,Mobile,,O0114,SIM326567,BSNL,2023-02-04,,Suspended,SRC017,0.97,2025-09-29 03:01:08,2026-01-30 04:46:19
PH04105,98966072427,+91,Landline,,O0319,SIM828776,BSNL,2026-07-06,,Inactive,SRC021,0.87,2024-12-11 20:13:41,2026-04-30 03:08:17
PH04106,96013045826,+91,Landline,P00237,,SIM142156,Airtel,2024-05-09,,Suspended,SRC030,0.82,2024-03-27 18:06:49,2024-02-02 21:24:51
PH04107,97258490835,+91,Mobile,P02177,,SIM640888,Vi,2020-11-19,,Inactive,SRC013,0.82,2025-05-05 19:33:22,2026-07-02 06:44:23
PH04108,92429487569,+91,Landline,P01794,,SIM128879,Airtel,2022-02-06,,Inactive,SRC002,0.95,2026-01-14 15:47:36,2025-10-09 00:03:19
PH04109,94661938110,+91,Mobile,P01588,,SIM299824,Jio,2021-01-18,,Inactive,SRC014,0.87,2025-12-03 00:12:21,2026-02-26 01:22:27
PH04110,93720319811,+91,VoIP,P03266,,SIM581652,BSNL,2023-08-03,,Active,SRC003,0.83,2026-01-17 10:07:17,2024-05-11 07:36:58
PH04111,92176159209,+91,Landline,P01779,,SIM182073,Airtel,2026-07-23,,Inactive,SRC015,0.94,2025-12-20 22:04:40,2025-04-02 07:20:09
PH04112,91476508638,+91,VoIP,P02798,,SIM223356,Airtel,2020-01-20,,Inactive,SRC013,0.82,2024-03-04 00:05:24,2024-03-16 02:02:22
PH04113,98254022896,+91,Landline,P01653,,SIM195996,BSNL,2022-12-16,,Suspended,SRC011,0.88,2025-09-15 02:46:59,2026-06-13 09:00:44
PH04114,96742691713,+91,Landline,P00349,,SIM235654,Airtel,2020-02-22,,Inactive,SRC023,0.95,2026-06-18 12:48:39,2025-06-12 12:48:18
PH04115,94552851653,+91,Mobile,P03174,,SIM735993,Airtel,2025-09-09,,Inactive,SRC013,0.87,2025-09-25 12:51:25,2024-12-17 22:45:03
PH04116,99099406613,+91,VoIP,P00327,,SIM721607,Jio,2022-07-12,,Active,SRC007,0.92,2025-09-02 22:42:29,2026-03-24 00:55:21
PH04117,98283703612,+91,Landline,P01641,,SIM818810,Airtel,2021-08-27,,Inactive,SRC020,0.81,2025-06-27 00:04:00,2024-09-12 22:07:47
PH04118,99100775033,+91,Mobile,P01660,,SIM417441,Airtel,2023-08-20,,Inactive,SRC008,0.81,2025-05-31 19:30:45,2026-01-27 09:11:45
PH04119,92165130166,+91,Landline,P01945,,SIM727023,BSNL,2022-06-05,,Inactive,SRC010,0.87,2025-10-31 10:42:06,2025-10-09 06:08:11
PH04120,94137835654,+91,Mobile,P01586,,SIM430215,Jio,2025-02-21,,Active,SRC001,0.82,2025-04-02 15:43:16,2025-10-09 08:47:15
PH04121,94790824797,+91,Landline,P01416,,SIM347710,Vi,2019-03-25,,Inactive,SRC012,0.86,2026-08-17 15:39:01,2025-03-24 03:00:19
PH04122,92239845686,+91,Mobile,P03163,,SIM943338,BSNL,2018-09-02,,Suspended,SRC020,0.83,2024-10-13 11:51:19,2026-04-24 12:01:52
PH04123,92839454038,+91,Landline,P00280,,SIM105835,BSNL,2019-05-22,,Active,SRC023,0.87,2026-06-07 14:47:32,2026-06-22 18:39:07
PH04124,92253094095,+91,VoIP,P00726,,SIM563100,Vi,2018-09-29,,Active,SRC019,0.94,2026-08-16 03:31:47,2026-04-22 07:35:29
PH04125,93977559470,+91,VoIP,P03019,,SIM134471,BSNL,2019-08-16,2026-03-21,Suspended,SRC003,0.8,2024-02-28 05:54:10,2024-02-27 17:08:09
PH04126,91658875578,+91,Mobile,P01112,,SIM501896,Vi,2020-01-06,,Suspended,SRC002,0.84,2024-01-03 12:06:14,2026-03-19 12:07:53
PH04127,97873353219,+91,VoIP,P03997,,SIM525173,Jio,2025-12-15,,Suspended,SRC010,0.85,2024-05-24 17:52:23,2024-11-20 15:04:24
PH04128,98331845411,+91,Landline,P00156,,SIM654930,Airtel,2022-11-23,,Active,SRC014,0.89,2024-09-27 14:35:06,2024-02-29 14:35:22
PH04129,95654702104,+91,Landline,P01171,,SIM391600,BSNL,2020-04-30,,Inactive,SRC024,0.84,2024-01-20 04:26:04,2024-06-10 11:43:09
PH04130,93591974739,+91,VoIP,P01216,,SIM949528,Airtel,2025-10-16,2025-08-30,Suspended,SRC028,0.96,2025-05-11 03:22:44,2026-08-10 01:33:47
PH04131,99092818910,+91,Mobile,P00677,,SIM879773,Jio,2021-10-19,,Active,SRC010,0.88,2024-05-08 17:27:51,2026-07-07 20:21:37
PH04132,99929538728,+91,Landline,P01913,,SIM454659,BSNL,2025-09-26,,Suspended,SRC013,0.84,2025-08-29 17:33:40,2026-05-02 13:37:12
PH04133,97258317556,+91,Mobile,P01748,,SIM478849,Jio,2020-03-05,,Active,SRC014,0.94,2025-01-17 08:34:53,2025-05-11 07:34:59
PH04134,94894203658,+91,Mobile,P00523,,SIM848563,Vi,2022-12-20,2025-11-17,Active,SRC026,0.92,2024-07-22 13:51:39,2026-02-01 09:14:12
PH04135,92508874553,+91,Mobile,P00267,,SIM591812,BSNL,2020-03-29,,Suspended,SRC024,0.97,2026-05-31 19:02:57,2026-03-11 04:20:55
PH04136,95407879139,+91,Mobile,P00666,,SIM498738,Airtel,2020-04-27,,Inactive,SRC027,0.89,2024-12-17 22:56:45,2024-10-06 15:35:49
PH04137,99410193147,+91,VoIP,P03990,,SIM829267,Vi,2019-04-05,,Inactive,SRC005,0.87,2024-01-26 15:07:38,2025-08-13 19:40:57
PH04138,94879131745,+91,Mobile,P00259,,SIM406516,Jio,2021-11-20,,Suspended,SRC003,0.88,2025-01-22 16:14:35,2025-12-07 13:33:57
PH04139,94779585715,+91,Mobile,P01168,,SIM583880,Jio,2020-11-15,,Suspended,SRC007,0.82,2024-12-12 17:25:44,2026-01-24 08:48:22
PH04140,96456720524,+91,Landline,P00100,,SIM826574,Jio,2023-10-31,2025-11-01,Active,SRC024,0.94,2025-09-13 13:41:17,2024-05-31 07:43:23
PH04141,91099262224,+91,Mobile,P01927,,SIM228041,Vi,2023-09-11,,Inactive,SRC004,0.93,2026-02-27 05:57:32,2026-01-22 07:48:07
PH04142,98267995445,+91,Landline,P03914,,SIM596264,Jio,2018-11-11,,Active,SRC013,0.83,2026-04-18 06:01:55,2026-06-08 04:42:42
PH04143,93819689978,+91,Mobile,P00765,,SIM832431,Airtel,2026-03-11,,Inactive,SRC025,0.9,2026-01-31 16:09:31,2025-05-29 12:29:44
PH04144,91291452836,+91,VoIP,P00557,,SIM583975,BSNL,2022-09-17,,Active,SRC016,0.95,2025-01-25 07:16:05,2024-11-24 22:23:11
PH04145,97473637247,+91,VoIP,P00079,,SIM818228,BSNL,2020-06-29,2026-02-17,Active,SRC012,0.96,2025-10-28 17:50:42,2024-10-05 15:34:32
PH04146,93867507508,+91,VoIP,P03432,,SIM391142,Vi,2024-04-30,,Inactive,SRC016,0.94,2025-07-01 11:52:36,2025-02-07 00:34:12
PH04147,91292536047,+91,VoIP,P03628,,SIM886292,Vi,2022-04-28,,Inactive,SRC008,0.87,2025-02-13 05:00:32,2025-03-27 20:05:16
PH04148,95837636353,+91,Landline,,O0093,SIM937019,Vi,2019-11-29,2025-06-07,Active,SRC013,0.88,2025-04-03 03:09:15,2024-05-26 19:51:12
PH04149,93818985408,+91,Landline,P02832,,SIM435393,Airtel,2021-04-16,,Suspended,SRC030,0.96,2024-09-13 10:18:16,2025-06-12 11:37:59
PH04150,97435464399,+91,Landline,P03260,,SIM538863,Jio,2023-06-17,2024-12-24,Active,SRC021,0.8,2024-09-01 07:15:51,2026-01-18 08:25:20
PH04151,92572184385,+91,VoIP,,O0258,SIM171985,Vi,2021-12-17,,Inactive,SRC020,0.86,2024-10-21 20:11:11,2025-06-12 07:41:26
PH04152,94150593625,+91,VoIP,,O0073,SIM498028,Jio,2022-09-12,,Active,SRC027,0.97,2024-06-08 14:17:17,2026-07-26 20:41:59
PH04153,95262288307,+91,Mobile,P00095,,SIM488502,BSNL,2022-12-31,,Inactive,SRC005,0.96,2026-07-30 05:06:50,2025-04-12 17:25:37
PH04154,93899322889,+91,Landline,P00873,,SIM532500,Jio,2024-06-30,,Inactive,SRC010,0.97,2024-08-14 02:42:27,2024-05-27 21:50:49
PH04155,94947379084,+91,Mobile,P02126,,SIM450589,BSNL,2019-10-09,,Active,SRC027,0.94,2024-09-22 05:17:11,2026-05-10 06:33:14
PH04156,92789182763,+91,Landline,P00562,,SIM427434,Vi,2023-06-21,,Active,SRC008,0.95,2024-09-29 22:16:06,2024-10-20 19:53:20
PH04157,96523287122,+91,Landline,P00172,,SIM568387,Vi,2021-12-24,,Inactive,SRC029,0.99,2026-07-02 18:35:27,2024-08-07 23:12:46
PH04158,99971956317,+91,Landline,P02016,,SIM988776,BSNL,2024-12-04,,Suspended,SRC021,0.8,2025-03-30 04:35:30,2025-06-10 03:38:32
PH04159,92481477884,+91,Mobile,P00040,,SIM606211,Vi,2020-03-16,,Active,SRC030,0.94,2026-03-15 20:06:56,2026-03-18 15:29:53
PH04160,91543575040,+91,VoIP,P01910,,SIM240455,Vi,2020-10-28,,Active,SRC027,0.83,2025-03-08 21:00:48,2026-08-25 09:58:45
PH04161,99682213649,+91,VoIP,P02289,,SIM209079,BSNL,2018-12-29,,Suspended,SRC014,0.84,2026-03-19 10:34:47,2024-02-04 11:03:52
PH04162,93692794290,+91,Landline,,O0269,SIM587101,Airtel,2018-10-18,,Inactive,SRC025,0.9,2026-05-21 04:49:18,2024-07-28 16:53:36
PH04163,97577385357,+91,VoIP,P01682,,SIM260616,Airtel,2023-05-07,,Active,SRC027,0.83,2024-05-11 10:42:45,2024-04-30 08:32:47
PH04164,92744677618,+91,Mobile,P01347,,SIM751323,BSNL,2022-10-27,,Inactive,SRC020,0.96,2025-06-04 17:11:15,2025-04-09 09:07:52
PH04165,94451364023,+91,VoIP,P01609,,SIM881136,Jio,2019-02-06,,Suspended,SRC003,0.88,2025-07-19 17:13:34,2025-09-18 07:51:58
PH04166,93459434830,+91,Mobile,P03757,,SIM955918,Airtel,2023-07-16,,Active,SRC010,0.94,2025-03-14 20:04:43,2025-09-02 16:46:42
PH04167,91622972419,+91,Landline,P02923,,SIM890431,Airtel,2021-10-12,,Suspended,SRC017,0.83,2026-05-24 15:50:13,2025-02-27 12:57:39
PH04168,93257928246,+91,VoIP,P02391,,SIM247768,Jio,2025-05-01,,Active,SRC017,0.96,2025-01-24 08:27:24,2025-12-12 06:26:03
PH04169,96580469265,+91,Landline,,O0437,SIM401806,Vi,2021-05-12,,Suspended,SRC020,0.92,2026-05-28 12:47:01,2025-11-08 13:46:37
PH04170,94866057966,+91,VoIP,P03951,,SIM920268,Airtel,2023-12-10,,Inactive,SRC004,0.93,2025-01-30 11:10:14,2025-11-04 11:43:13
PH04171,98416469862,+91,VoIP,P03047,,SIM843824,Vi,2018-09-09,,Active,SRC009,0.93,2024-09-03 10:01:42,2025-10-18 21:10:28
PH04172,93533560171,+91,Landline,,O0475,SIM607632,Jio,2025-09-23,,Active,SRC014,0.91,2025-03-14 03:40:24,2024-06-03 01:29:05
PH04173,96020780318,+91,Mobile,P02944,,SIM444660,Jio,2018-10-21,,Active,SRC011,0.82,2024-06-20 04:23:02,2025-03-31 11:40:14
PH04174,92073175467,+91,Landline,P01121,,SIM541560,Airtel,2025-12-03,,Inactive,SRC025,0.93,2024-09-05 21:06:04,2024-01-21 22:20:03
PH04175,92045857933,+91,Mobile,P01719,,SIM125966,Airtel,2022-03-03,,Inactive,SRC005,0.95,2025-08-29 17:44:24,2026-03-04 00:17:40
PH04176,94522384118,+91,Landline,P02596,,SIM615595,Jio,2026-04-10,,Inactive,SRC017,0.94,2024-01-21 06:43:00,2025-07-16 08:43:21
PH04177,93581528616,+91,Mobile,P00887,,SIM880302,BSNL,2026-02-12,,Active,SRC010,0.85,2025-07-06 04:42:13,2024-10-08 07:08:12
PH04178,96340140357,+91,VoIP,P00526,,SIM752634,Airtel,2020-05-06,,Active,SRC030,0.87,2026-03-12 17:48:43,2024-09-03 10:38:27
PH04179,91913268099,+91,Mobile,P03728,,SIM876339,Jio,2022-03-30,,Suspended,SRC013,0.84,2025-04-16 03:21:35,2025-04-28 07:33:45
PH04180,99729789661,+91,VoIP,P00774,,SIM240475,Jio,2026-03-15,,Suspended,SRC026,0.86,2026-02-22 09:51:22,2025-03-30 19:37:32
PH04181,93403838915,+91,Landline,,O0494,SIM251094,Vi,2023-11-20,2025-03-11,Suspended,SRC003,0.9,2024-09-07 03:18:22,2025-04-09 22:07:20
PH04182,92135921082,+91,Mobile,P00863,,SIM941250,Jio,2025-05-14,,Inactive,SRC025,0.81,2024-10-08 13:52:16,2025-06-19 09:52:51
PH04183,95676341338,+91,Mobile,P01468,,SIM848052,BSNL,2023-02-04,,Inactive,SRC030,0.98,2026-03-23 22:15:17,2025-04-30 21:38:53
PH04184,97756888287,+91,Landline,,O0180,SIM587386,Jio,2022-02-03,,Suspended,SRC008,0.97,2024-06-11 12:54:14,2024-05-09 18:32:22
PH04185,92823508709,+91,Mobile,P02590,,SIM848070,Airtel,2025-09-16,2025-10-19,Active,SRC022,0.92,2026-04-21 05:41:56,2024-10-02 22:39:07
PH04186,92874328806,+91,Landline,P03527,,SIM765647,Jio,2021-02-02,,Active,SRC013,0.95,2024-09-03 03:54:47,2024-07-17 12:40:44
PH04187,95160112019,+91,VoIP,P00473,,SIM543598,Jio,2023-03-31,,Suspended,SRC010,0.96,2025-09-12 02:22:11,2024-06-09 10:39:06
PH04188,98624929544,+91,VoIP,P02696,,SIM378595,Vi,2019-03-22,,Suspended,SRC021,0.95,2025-09-08 09:24:13,2025-05-22 06:22:05
PH04189,96125194996,+91,VoIP,P03051,,SIM550487,Vi,2020-08-13,2025-02-07,Inactive,SRC018,0.84,2025-03-25 15:54:59,2026-05-16 03:20:43
PH04190,91509050218,+91,Landline,P02031,,SIM942744,Jio,2019-01-10,,Inactive,SRC026,0.99,2025-09-01 03:48:51,2024-11-06 03:24:25
PH04191,98513645351,+91,Landline,P00938,,SIM146552,Airtel,2024-04-09,,Active,SRC029,0.82,2025-11-13 14:27:01,2024-09-13 22:28:42
PH04192,98357638306,+91,Mobile,P00675,,SIM625824,Airtel,2025-05-07,,Suspended,SRC002,0.88,2024-08-13 11:27:35,2025-05-28 01:29:54
PH04193,92684921558,+91,Landline,P01212,,SIM588180,Jio,2026-02-09,,Inactive,SRC018,0.98,2024-05-10 04:52:27,2024-06-03 00:04:24
PH04194,94183292387,+91,Landline,P02604,,SIM762013,Vi,2019-12-18,2025-07-06,Active,SRC005,0.88,2026-03-21 06:57:31,2025-12-18 08:15:23
PH04195,91886611743,+91,Landline,P03121,,SIM652270,Airtel,2023-07-22,,Active,SRC007,0.85,2026-05-09 17:59:12,2024-01-16 01:36:28
PH04196,99133921112,+91,Landline,P01159,,SIM687222,Airtel,2019-03-05,2026-05-14,Suspended,SRC004,0.98,2024-07-30 12:26:07,2025-10-13 17:33:08
PH04197,98409558517,+91,Landline,P01048,,SIM918433,BSNL,2019-04-25,,Suspended,SRC006,0.88,2025-09-26 23:57:11,2025-02-10 12:08:24
PH04198,95179826825,+91,Mobile,P02627,,SIM754784,Jio,2023-01-10,,Suspended,SRC018,0.94,2024-03-01 12:38:07,2026-03-11 21:23:58
PH04199,96841541353,+91,Mobile,P03486,,SIM861260,Airtel,2026-01-09,,Inactive,SRC003,0.81,2026-07-14 11:58:10,2025-09-13 00:47:07
PH04200,93300734532,+91,VoIP,P01532,,SIM981083,BSNL,2023-09-10,,Suspended,SRC001,0.96,2026-04-12 02:16:05,2025-12-05 22:42:52
PH04201,97045071131,+91,Landline,P03656,,SIM676397,Vi,2021-05-28,,Suspended,SRC008,0.9,2025-06-18 05:21:39,2025-12-13 02:50:27
PH04202,96073985292,+91,Landline,P02995,,SIM115957,Jio,2025-08-18,2025-11-10,Suspended,SRC007,0.85,2024-02-24 10:34:44,2026-08-27 16:41:04
PH04203,94557057541,+91,Mobile,,O0031,SIM472028,Jio,2022-03-31,,Suspended,SRC023,0.81,2025-07-24 06:25:35,2025-12-11 03:22:03
PH04204,98181697197,+91,Landline,P00125,,SIM290250,Vi,2024-03-01,,Active,SRC015,0.81,2026-07-08 22:47:59,2024-06-13 06:48:13
PH04205,91475903845,+91,VoIP,P02981,,SIM570953,Jio,2021-12-07,,Suspended,SRC028,0.89,2026-01-23 23:30:24,2024-07-23 09:48:09
PH04206,93608994010,+91,Landline,P00142,,SIM288723,Jio,2020-03-16,,Active,SRC016,0.84,2026-03-11 04:17:48,2026-01-29 08:05:50
PH04207,92187408816,+91,Landline,,O0123,SIM901798,Airtel,2022-02-26,,Active,SRC007,0.94,2025-07-09 03:00:31,2024-08-17 08:25:06
PH04208,91364943948,+91,VoIP,P00477,,SIM604404,BSNL,2023-03-14,,Inactive,SRC005,0.97,2024-04-18 03:47:46,2025-05-22 18:14:01
PH04209,99506855767,+91,VoIP,P00446,,SIM485752,Airtel,2024-05-16,,Active,SRC029,0.93,2025-10-25 05:48:50,2024-01-07 20:31:55
PH04210,97730953531,+91,Landline,P00354,,SIM528033,Jio,2022-05-05,,Active,SRC004,0.8,2024-04-05 00:57:55,2026-05-12 23:49:00
PH04211,93426254959,+91,Mobile,P00917,,SIM528994,Airtel,2024-04-06,,Inactive,SRC001,0.99,2024-02-21 22:32:31,2024-09-15 19:40:05
PH04212,94953698077,+91,Landline,P03154,,SIM261690,Airtel,2021-08-03,,Inactive,SRC019,0.85,2026-02-02 15:39:20,2024-09-22 15:50:56
PH04213,97417005975,+91,Mobile,P01610,,SIM767441,Jio,2022-10-05,,Suspended,SRC029,0.96,2024-05-17 03:52:50,2024-11-25 01:44:47
PH04214,98969399059,+91,VoIP,P02083,,SIM284392,Vi,2025-10-16,,Inactive,SRC027,0.9,2024-10-11 19:22:17,2026-05-30 09:49:54
PH04215,94740545916,+91,VoIP,P02460,,SIM604866,Airtel,2023-02-02,,Suspended,SRC017,0.93,2026-07-23 01:13:53,2025-01-09 14:42:48
PH04216,98670808972,+91,Mobile,P02792,,SIM364702,Jio,2024-10-02,,Suspended,SRC028,0.98,2025-02-18 01:33:07,2025-12-20 09:23:35
PH04217,99580658414,+91,Landline,P01548,,SIM596654,Airtel,2024-09-17,,Active,SRC009,0.83,2024-10-25 09:41:47,2024-08-26 23:20:41
PH04218,92883734452,+91,Mobile,P02033,,SIM794940,Jio,2024-04-30,,Inactive,SRC008,0.8,2026-03-21 19:01:26,2025-06-19 12:43:03
PH04219,96000353508,+91,Mobile,,O0258,SIM147738,Vi,2019-02-18,,Suspended,SRC030,0.82,2025-08-30 13:43:50,2025-10-11 16:49:15
PH04220,95852110328,+91,Landline,P02068,,SIM310342,BSNL,2022-02-23,2026-02-23,Suspended,SRC016,0.87,2026-03-18 18:53:35,2024-11-26 15:02:26
PH04221,92662353072,+91,Landline,P01509,,SIM741841,Airtel,2025-06-14,,Suspended,SRC027,0.86,2025-07-26 23:32:38,2025-04-21 09:00:45
PH04222,91615392227,+91,VoIP,P03475,,SIM193495,Airtel,2022-01-13,,Inactive,SRC016,0.93,2025-04-04 15:30:07,2026-01-14 06:38:54
PH04223,95990066175,+91,Mobile,P02803,,SIM237856,Airtel,2021-01-06,,Active,SRC020,0.86,2026-08-01 17:59:56,2024-04-12 09:12:12
PH04224,91689971085,+91,VoIP,P03703,,SIM125493,Vi,2024-11-17,,Inactive,SRC008,0.92,2026-02-09 14:29:37,2025-12-31 08:19:28
PH04225,93400044475,+91,Landline,P01864,,SIM219537,BSNL,2019-01-29,,Inactive,SRC016,0.92,2025-10-27 16:37:35,2025-04-23 13:17:00
PH04226,97663594236,+91,Mobile,P01410,,SIM184684,BSNL,2024-12-05,,Suspended,SRC025,0.96,2024-06-01 20:13:10,2025-05-30 21:46:17
PH04227,91645888908,+91,VoIP,P01782,,SIM229920,BSNL,2023-11-08,,Inactive,SRC016,0.85,2025-07-12 03:20:09,2024-04-06 01:41:15
PH04228,93322574466,+91,Landline,P02212,,SIM130890,Vi,2021-07-03,,Suspended,SRC020,0.99,2024-08-15 09:09:06,2025-01-23 11:04:19
PH04229,97952281749,+91,Mobile,P00649,,SIM602480,Vi,2026-01-19,,Suspended,SRC003,0.92,2026-06-17 09:35:12,2024-01-04 09:52:26
PH04230,94718953738,+91,Landline,P00910,,SIM517435,BSNL,2019-03-17,,Suspended,SRC007,0.93,2025-04-12 05:14:30,2024-12-22 08:33:45
PH04231,94692610428,+91,Mobile,,O0396,SIM877962,BSNL,2018-09-13,,Inactive,SRC018,0.95,2024-05-31 06:24:43,2025-05-27 08:04:49
PH04232,99946686774,+91,VoIP,P03332,,SIM956435,BSNL,2019-02-08,,Inactive,SRC003,0.85,2025-03-26 15:22:46,2024-03-07 15:35:06
PH04233,94831722814,+91,Landline,P01710,,SIM799860,Jio,2019-10-20,2025-12-06,Inactive,SRC009,0.98,2024-02-20 10:55:44,2024-03-08 18:27:56
PH04234,93620279198,+91,Mobile,,O0329,SIM837158,BSNL,2024-10-08,,Active,SRC017,0.92,2026-08-05 02:26:28,2025-09-14 03:36:26
PH04235,93127215411,+91,Landline,P02526,,SIM126774,Vi,2023-01-15,,Suspended,SRC009,0.91,2026-08-24 16:09:57,2025-04-12 21:59:42
PH04236,96305175616,+91,VoIP,P00503,,SIM396638,BSNL,2024-10-18,,Inactive,SRC019,0.93,2024-05-12 17:29:37,2025-08-04 06:22:32
PH04237,99023940845,+91,Mobile,P01526,,SIM282636,Vi,2025-01-11,,Suspended,SRC020,0.96,2024-10-12 03:06:00,2024-10-29 06:23:37
PH04238,96587960142,+91,Mobile,P02854,,SIM772994,Airtel,2024-03-08,,Suspended,SRC016,0.95,2025-12-11 06:24:17,2025-11-28 03:18:39
PH04239,95616049099,+91,Mobile,P03656,,SIM439546,Airtel,2022-05-22,,Suspended,SRC004,0.84,2024-05-16 09:51:48,2025-04-20 06:49:10
PH04240,95041166222,+91,Mobile,P03519,,SIM772615,Airtel,2021-04-04,,Active,SRC022,0.86,2024-05-07 03:30:45,2026-08-04 15:13:29
PH04241,98026339103,+91,VoIP,P01683,,SIM988471,Jio,2025-08-02,,Inactive,SRC013,0.86,2024-08-30 03:21:55,2025-05-13 07:25:14
PH04242,94336901182,+91,Mobile,P02514,,SIM983940,BSNL,2024-09-14,,Active,SRC002,0.85,2024-03-29 06:17:27,2024-08-05 22:25:11
PH04243,97661004731,+91,Landline,P02843,,SIM619657,Airtel,2022-08-24,,Suspended,SRC011,0.89,2025-05-07 18:22:05,2024-03-03 20:26:00
PH04244,97353734534,+91,Landline,P01993,,SIM107204,BSNL,2025-12-07,,Active,SRC022,0.8,2026-04-16 03:43:17,2025-10-27 14:18:43
PH04245,94077018979,+91,VoIP,P02654,,SIM414665,Airtel,2023-09-25,,Inactive,SRC009,0.99,2025-02-22 12:32:40,2026-02-03 12:32:06
PH04246,99217264766,+91,Landline,P00643,,SIM550594,BSNL,2020-09-24,,Suspended,SRC002,0.89,2024-08-06 04:47:43,2026-04-28 15:40:33
PH04247,92789018775,+91,Landline,P00346,,SIM143096,Vi,2024-06-09,2025-03-18,Inactive,SRC001,0.92,2024-08-31 23:31:01,2026-03-18 06:37:49
PH04248,96993409269,+91,Landline,,O0178,SIM683288,Jio,2019-05-23,,Suspended,SRC024,0.86,2024-12-13 05:05:50,2025-04-04 09:31:28
PH04249,91284281343,+91,Mobile,P02802,,SIM727094,Vi,2025-12-10,2025-04-02,Active,SRC015,0.93,2024-06-22 02:52:19,2025-03-17 23:05:34
PH04250,94122136360,+91,Mobile,P03576,,SIM686389,Airtel,2025-04-02,,Active,SRC001,0.98,2024-08-23 22:12:44,2024-12-14 11:27:20
PH04251,97110367203,+91,Mobile,P01119,,SIM496444,Airtel,2026-01-02,,Suspended,SRC017,0.96,2024-01-23 18:47:53,2025-03-17 15:04:15
PH04252,99811895103,+91,Landline,P02478,,SIM166920,Jio,2024-01-29,,Inactive,SRC003,0.82,2026-02-03 10:03:17,2026-07-27 23:21:34
PH04253,99284585795,+91,Mobile,P01212,,SIM298075,BSNL,2023-01-26,,Inactive,SRC015,0.83,2024-10-19 20:39:53,2024-09-22 08:34:37
PH04254,99231273385,+91,Landline,P02678,,SIM993780,Airtel,2023-08-05,2025-03-10,Suspended,SRC016,0.97,2025-08-19 04:37:54,2025-01-03 13:29:04
PH04255,95845751559,+91,VoIP,P03250,,SIM328359,Vi,2020-09-02,,Active,SRC004,0.98,2024-05-04 04:23:49,2025-09-02 01:10:32
PH04256,95817364449,+91,Mobile,P02571,,SIM344060,BSNL,2025-02-03,2026-07-20,Active,SRC019,0.82,2026-03-19 08:07:26,2025-06-21 00:41:15
PH04257,92040528067,+91,Mobile,,O0123,SIM557516,BSNL,2025-09-19,,Inactive,SRC026,0.84,2025-09-21 22:08:37,2024-09-05 12:29:26
PH04258,92709898733,+91,VoIP,P00238,,SIM303517,BSNL,2022-09-11,2024-12-07,Active,SRC016,0.97,2024-08-06 06:24:53,2026-05-24 18:44:41
PH04259,96619994414,+91,Landline,P01728,,SIM349349,Airtel,2019-11-20,,Suspended,SRC012,0.83,2025-06-07 07:55:20,2026-06-25 19:54:25
PH04260,99634130254,+91,Landline,P02117,,SIM157299,BSNL,2020-09-12,2025-04-02,Suspended,SRC030,0.92,2024-11-25 05:13:17,2024-04-05 06:27:24
PH04261,93176852680,+91,VoIP,P01353,,SIM684984,BSNL,2021-04-13,,Inactive,SRC025,0.95,2024-05-02 01:15:39,2025-08-09 20:12:25
PH04262,97994843750,+91,VoIP,P00283,,SIM652216,Airtel,2023-04-02,,Inactive,SRC012,0.83,2024-05-27 05:28:13,2024-06-21 11:50:34
PH04263,97044078257,+91,VoIP,P01135,,SIM610522,Vi,2023-08-06,2025-06-14,Active,SRC001,0.9,2026-01-26 16:52:31,2024-09-06 08:04:52
PH04264,99457056277,+91,Mobile,P02416,,SIM926078,Jio,2020-09-30,,Suspended,SRC020,0.95,2025-01-23 00:53:54,2024-02-07 17:17:50
PH04265,94275349055,+91,Landline,P00467,,SIM152003,Jio,2019-01-11,,Inactive,SRC018,0.91,2024-12-04 10:24:06,2025-05-07 17:59:14
PH04266,98193465105,+91,Mobile,P01390,,SIM237942,Airtel,2024-12-03,2025-11-02,Active,SRC024,0.9,2024-10-30 21:33:58,2024-01-10 12:46:28
PH04267,96028388680,+91,Mobile,P02075,,SIM858699,Airtel,2023-01-21,,Inactive,SRC016,0.88,2026-03-30 10:01:34,2025-04-08 06:17:40
PH04268,95201837594,+91,VoIP,P03737,,SIM959406,BSNL,2018-12-06,,Suspended,SRC017,0.98,2025-03-03 01:26:25,2025-08-20 16:31:37
PH04269,98688730316,+91,VoIP,P02512,,SIM616171,BSNL,2019-08-05,2025-04-28,Active,SRC030,0.94,2026-06-01 23:26:45,2024-02-03 09:46:36
PH04270,97944737022,+91,Mobile,P03082,,SIM577736,Vi,2023-12-26,,Inactive,SRC001,0.96,2025-11-03 23:02:34,2026-02-23 13:12:30
PH04271,98420230407,+91,Landline,P02137,,SIM730466,Airtel,2025-11-17,,Suspended,SRC001,0.85,2026-08-23 08:25:06,2026-04-27 18:01:54
PH04272,97464311085,+91,Mobile,P03048,,SIM704017,Airtel,2021-09-28,,Inactive,SRC018,0.88,2024-04-26 02:26:11,2025-03-10 10:40:42
PH04273,99859675308,+91,Landline,P02935,,SIM585878,Vi,2025-02-08,,Active,SRC021,0.83,2024-03-13 04:45:34,2025-01-02 05:54:48
PH04274,93204526082,+91,VoIP,P01195,,SIM208579,Airtel,2020-06-18,,Suspended,SRC003,0.9,2026-01-24 02:06:14,2025-04-08 06:56:40
PH04275,93426834373,+91,Mobile,P01885,,SIM562386,BSNL,2020-12-27,2026-08-13,Suspended,SRC012,0.82,2024-05-06 08:23:19,2026-01-28 13:51:35
PH04276,99162063301,+91,Mobile,P00314,,SIM555543,BSNL,2020-07-21,,Suspended,SRC018,0.85,2024-09-05 00:11:14,2025-12-04 09:58:36
PH04277,99322644407,+91,VoIP,P03522,,SIM858934,Jio,2024-12-23,,Suspended,SRC003,0.81,2024-07-10 14:41:45,2026-03-26 18:02:32
PH04278,95677540564,+91,Mobile,P01149,,SIM107842,Airtel,2022-10-09,,Active,SRC019,0.98,2024-11-09 13:37:13,2025-02-13 15:32:10
PH04279,94627181159,+91,Landline,P01814,,SIM251784,Jio,2022-06-26,,Inactive,SRC025,0.94,2025-05-02 06:16:48,2025-12-10 07:31:53
PH04280,96541861851,+91,VoIP,P01162,,SIM553347,Jio,2020-04-23,,Suspended,SRC011,0.91,2024-08-26 21:26:14,2026-06-13 17:21:12
PH04281,99151911224,+91,Landline,P00997,,SIM592218,BSNL,2018-11-04,,Suspended,SRC002,0.86,2025-07-28 11:27:24,2026-04-17 12:55:55
PH04282,97170301482,+91,Landline,P03007,,SIM966365,Airtel,2021-10-29,,Inactive,SRC030,0.91,2025-10-28 22:29:56,2024-11-02 17:45:55
PH04283,99018624955,+91,Landline,P03190,,SIM735778,Jio,2023-11-27,,Inactive,SRC016,0.95,2026-08-26 15:16:28,2025-01-15 16:09:56
PH04284,93649456377,+91,VoIP,P01528,,SIM823336,Vi,2022-01-04,,Suspended,SRC018,0.95,2026-07-12 14:22:08,2024-03-20 17:39:45
PH04285,95039608452,+91,Mobile,P03015,,SIM448534,Airtel,2022-03-13,,Suspended,SRC013,0.95,2024-05-23 01:40:47,2025-11-01 02:08:14
PH04286,92819109367,+91,Mobile,P00411,,SIM111504,Airtel,2025-05-07,,Suspended,SRC021,0.85,2024-11-05 07:59:03,2025-02-18 02:30:11
PH04287,97835708257,+91,Landline,P02143,,SIM621744,BSNL,2020-07-15,,Suspended,SRC013,0.99,2024-12-02 01:47:47,2026-05-01 07:27:53
PH04288,93263558281,+91,Landline,P01076,,SIM591013,Airtel,2021-10-25,,Suspended,SRC009,0.85,2025-12-11 02:08:03,2026-02-22 07:14:17
PH04289,95836172634,+91,Landline,P00507,,SIM198789,Vi,2018-11-22,,Suspended,SRC018,0.82,2024-03-13 21:00:52,2024-03-07 12:55:58
PH04290,91129083484,+91,Mobile,P00029,,SIM890719,Jio,2020-05-13,,Inactive,SRC025,0.95,2024-02-14 18:48:00,2024-05-29 19:02:05
PH04291,91407081958,+91,VoIP,P03447,,SIM808613,Airtel,2023-12-22,,Active,SRC028,0.96,2024-09-04 18:04:54,2025-11-28 23:14:35
PH04292,99606210450,+91,Mobile,P02169,,SIM279059,Vi,2019-03-14,2025-02-20,Active,SRC017,0.88,2024-10-29 19:34:20,2024-08-17 05:08:10
PH04293,96433401550,+91,VoIP,P02618,,SIM940623,Vi,2019-05-01,2025-05-15,Inactive,SRC022,0.97,2025-12-02 23:43:29,2024-04-10 21:11:17
PH04294,99108826816,+91,Mobile,P02688,,SIM447805,Vi,2025-09-30,,Active,SRC010,0.89,2025-06-15 15:42:41,2024-01-09 19:54:40
PH04295,95904284171,+91,Mobile,P01432,,SIM776207,BSNL,2024-11-21,,Suspended,SRC010,0.83,2025-09-10 18:29:30,2024-12-29 03:55:38
PH04296,93528063322,+91,Mobile,P00165,,SIM351265,Jio,2019-07-21,2026-03-22,Suspended,SRC012,0.83,2025-04-17 22:04:37,2024-05-30 03:18:43
PH04297,99268886196,+91,Mobile,,O0277,SIM866372,Airtel,2025-08-06,,Inactive,SRC004,0.87,2025-05-28 18:38:04,2026-01-24 14:02:45
PH04298,92619438858,+91,VoIP,P03270,,SIM504781,BSNL,2024-09-03,2026-07-11,Suspended,SRC027,0.89,2024-07-05 13:38:37,2025-03-03 01:55:58
PH04299,95341136220,+91,Landline,P02395,,SIM143903,Airtel,2021-05-28,,Suspended,SRC009,0.96,2024-06-07 21:21:46,2024-04-02 10:49:58
PH04300,97283652817,+91,VoIP,P00222,,SIM482458,Airtel,2025-08-10,,Inactive,SRC018,0.95,2025-10-08 15:21:57,2025-07-26 23:09:39
PH04301,97781906118,+91,Mobile,P00679,,SIM331789,BSNL,2025-07-25,,Suspended,SRC017,0.9,2024-03-16 23:51:24,2024-08-13 15:27:17
PH04302,99264468092,+91,VoIP,P01492,,SIM131164,BSNL,2023-02-09,,Suspended,SRC025,0.98,2025-08-12 15:27:27,2024-02-17 06:10:17
PH04303,91245715162,+91,VoIP,P02315,,SIM470916,Airtel,2019-11-24,,Suspended,SRC010,0.92,2024-04-05 00:04:38,2025-04-17 18:02:51
PH04304,99415714543,+91,Mobile,P00035,,SIM849638,Airtel,2025-06-02,,Active,SRC011,0.83,2024-11-02 09:51:21,2025-08-10 06:31:27
PH04305,92143513104,+91,VoIP,,O0405,SIM216510,Vi,2022-11-05,2025-01-14,Suspended,SRC026,0.92,2026-08-28 21:31:42,2025-09-29 12:02:49
PH04306,99739450088,+91,Landline,P00123,,SIM909472,Airtel,2020-08-30,,Inactive,SRC006,0.94,2024-02-08 15:56:38,2024-04-21 16:38:44
PH04307,95102259149,+91,Mobile,P02893,,SIM142250,BSNL,2026-01-03,,Inactive,SRC020,0.87,2024-05-23 17:15:47,2024-06-23 15:11:52
PH04308,93947463985,+91,Landline,P01630,,SIM500135,BSNL,2023-08-07,,Suspended,SRC005,0.88,2024-09-09 10:48:40,2025-02-09 15:10:01
PH04309,94755856242,+91,Mobile,,O0290,SIM418247,BSNL,2019-07-24,2025-05-21,Inactive,SRC017,0.85,2026-07-10 00:00:32,2026-07-20 18:11:57
PH04310,98568168997,+91,Landline,P02343,,SIM930190,BSNL,2020-06-15,2026-08-05,Suspended,SRC028,0.85,2026-02-20 10:52:02,2026-08-06 11:56:07
PH04311,93527197371,+91,Mobile,,O0228,SIM291662,Airtel,2024-05-24,,Suspended,SRC019,0.96,2025-08-05 11:49:16,2024-04-26 01:45:20
PH04312,92953129556,+91,Mobile,P00213,,SIM620808,Airtel,2025-04-10,,Inactive,SRC012,0.87,2025-11-07 14:59:19,2024-02-26 22:57:37
PH04313,91588964605,+91,Mobile,P00685,,SIM160431,BSNL,2025-09-06,2025-04-11,Inactive,SRC007,0.89,2024-05-21 07:28:34,2025-03-04 13:27:43
PH04314,92633836304,+91,Landline,,O0497,SIM154331,Vi,2025-10-03,,Suspended,SRC016,0.9,2024-03-08 02:16:40,2024-12-30 14:55:26
PH04315,92913795508,+91,Landline,P02683,,SIM966612,BSNL,2020-01-03,2024-12-28,Inactive,SRC023,0.91,2026-02-05 08:04:51,2025-11-19 22:22:39
PH04316,98267023557,+91,Mobile,,O0108,SIM958154,Jio,2021-12-27,2024-12-05,Inactive,SRC005,0.89,2026-08-01 13:33:20,2025-10-16 22:47:41
PH04317,93574943997,+91,VoIP,P02586,,SIM305309,Jio,2022-01-15,,Suspended,SRC028,0.86,2026-06-22 01:48:24,2025-07-17 20:53:04
PH04318,94143538864,+91,Landline,P00407,,SIM490876,BSNL,2025-08-09,,Inactive,SRC002,0.82,2025-03-15 01:03:35,2026-04-07 06:07:33
PH04319,97719365124,+91,VoIP,P01994,,SIM783675,Jio,2021-04-27,,Active,SRC025,0.87,2025-11-06 21:59:50,2024-09-12 12:01:25
PH04320,91406486845,+91,Mobile,,O0443,SIM439853,BSNL,2026-08-05,,Active,SRC021,0.9,2024-12-17 11:50:50,2024-04-15 11:28:44
PH04321,92277567838,+91,Landline,P01985,,SIM984508,BSNL,2021-04-27,,Suspended,SRC008,0.91,2025-11-18 18:17:29,2025-04-28 20:56:48
PH04322,91652768869,+91,VoIP,P01682,,SIM337258,Vi,2020-06-21,,Active,SRC024,0.85,2026-04-30 01:31:54,2026-02-09 09:13:20
PH04323,95745886820,+91,Mobile,P02814,,SIM834113,Airtel,2024-06-15,,Inactive,SRC014,0.9,2024-09-24 00:43:49,2024-11-28 14:49:08
PH04324,93618625741,+91,Landline,P00915,,SIM471148,BSNL,2020-06-30,,Suspended,SRC006,0.92,2025-07-12 10:21:43,2025-10-22 23:30:51
PH04325,93605902358,+91,Mobile,P00750,,SIM503788,BSNL,2024-02-24,,Active,SRC028,0.9,2024-08-15 18:20:07,2026-04-16 22:39:18
PH04326,92280161680,+91,Landline,P01476,,SIM332689,BSNL,2023-01-25,,Inactive,SRC011,0.82,2024-07-01 16:18:23,2026-07-18 04:47:22
PH04327,91410911652,+91,Landline,P01611,,SIM349125,Vi,2026-01-26,,Inactive,SRC019,0.95,2024-09-17 23:27:04,2024-09-25 23:43:39
PH04328,96054896785,+91,VoIP,P00476,,SIM313791,BSNL,2026-01-04,,Inactive,SRC004,0.84,2024-03-11 00:32:56,2025-02-17 05:39:18
PH04329,93263551603,+91,Mobile,P02727,,SIM606827,Vi,2020-05-01,,Suspended,SRC022,0.96,2026-03-08 04:00:12,2025-05-14 11:19:29
PH04330,94725393641,+91,Mobile,P01613,,SIM132992,Vi,2018-11-01,,Active,SRC024,0.94,2024-07-02 03:03:06,2026-04-09 04:04:50
PH04331,99409786620,+91,Mobile,P01900,,SIM763131,Airtel,2025-11-07,,Inactive,SRC017,0.86,2025-09-29 07:00:38,2024-12-25 03:45:45
PH04332,97615472960,+91,VoIP,P00089,,SIM335291,Jio,2022-08-03,,Active,SRC007,0.83,2024-05-16 08:37:17,2025-01-30 10:49:22
PH04333,91812046246,+91,Landline,P02739,,SIM940667,Vi,2026-08-01,,Active,SRC023,0.89,2025-12-27 22:38:20,2025-06-25 03:20:09
PH04334,95247339541,+91,VoIP,,O0007,SIM100857,Airtel,2022-04-07,,Inactive,SRC004,0.97,2025-06-18 08:28:34,2024-01-23 05:57:29
PH04335,96065809772,+91,VoIP,P00606,,SIM443249,BSNL,2026-06-22,,Suspended,SRC007,0.84,2025-04-09 19:46:56,2025-04-18 15:21:50
PH04336,93053337286,+91,VoIP,P01014,,SIM516777,Airtel,2026-04-23,,Active,SRC019,0.96,2024-10-25 09:15:12,2024-12-14 21:32:38
PH04337,95037545948,+91,Landline,P01435,,SIM778718,BSNL,2019-11-03,,Suspended,SRC006,0.82,2024-04-12 13:46:38,2026-08-18 00:29:53
PH04338,91750247951,+91,VoIP,P03883,,SIM210149,Vi,2023-12-30,,Inactive,SRC019,0.94,2026-08-17 16:56:01,2024-01-10 10:24:14
PH04339,99378635644,+91,Mobile,P03420,,SIM563429,Vi,2026-05-29,,Active,SRC014,0.99,2025-08-08 21:47:05,2025-09-08 19:21:48
PH04340,94005325734,+91,VoIP,P00497,,SIM764447,BSNL,2025-02-17,,Inactive,SRC025,0.89,2024-10-20 11:06:36,2025-08-11 20:45:38
PH04341,98339935284,+91,Mobile,P00506,,SIM490214,Airtel,2019-08-08,2025-09-10,Inactive,SRC008,0.83,2025-07-07 01:34:19,2024-02-06 12:04:28
PH04342,94717129773,+91,VoIP,P03476,,SIM281813,BSNL,2022-08-03,,Suspended,SRC002,0.96,2026-08-18 10:24:23,2026-08-05 03:45:13
PH04343,94678688561,+91,Landline,,O0281,SIM599944,BSNL,2022-02-05,,Suspended,SRC008,0.83,2026-08-23 20:57:19,2025-10-13 23:46:14
PH04344,92085331552,+91,VoIP,P02888,,SIM859534,Airtel,2021-01-28,,Inactive,SRC012,0.93,2025-01-08 17:18:42,2025-10-07 13:03:12
PH04345,99767783789,+91,Landline,P02664,,SIM117291,Vi,2020-05-26,,Active,SRC020,0.89,2026-05-27 14:51:48,2024-04-02 21:29:06
PH04346,96385812309,+91,Mobile,P00876,,SIM793418,Jio,2020-06-23,,Active,SRC018,0.88,2025-01-27 22:37:30,2024-06-16 01:48:41
PH04347,99197124836,+91,VoIP,P01436,,SIM538664,Airtel,2020-02-03,,Inactive,SRC011,0.96,2024-06-22 23:14:27,2025-12-08 13:37:18
PH04348,91819095743,+91,Landline,P03835,,SIM181390,BSNL,2020-11-13,,Active,SRC027,0.89,2024-11-30 20:27:19,2024-10-21 00:08:07
PH04349,96924652462,+91,Mobile,P02636,,SIM633353,Jio,2022-02-13,,Inactive,SRC002,0.98,2024-10-14 16:18:53,2024-07-14 20:49:03
PH04350,94240305005,+91,Landline,P03356,,SIM172993,Jio,2020-08-26,,Suspended,SRC002,0.93,2025-05-07 02:58:24,2024-10-15 04:04:40
PH04351,93431955284,+91,Landline,P00507,,SIM341534,Vi,2023-05-24,,Suspended,SRC016,0.89,2024-12-25 01:54:14,2024-11-24 04:13:37
PH04352,98692922066,+91,Landline,P00354,,SIM415562,Airtel,2022-05-16,,Active,SRC009,0.95,2025-06-03 20:36:12,2024-07-16 04:36:08
PH04353,92751247400,+91,Landline,P03265,,SIM808871,BSNL,2018-11-30,2026-05-20,Inactive,SRC011,0.85,2024-05-03 19:09:42,2026-06-07 19:17:47
PH04354,91711824243,+91,VoIP,P03635,,SIM424101,Vi,2025-02-10,,Active,SRC005,0.96,2025-12-23 04:34:11,2025-09-03 06:25:58
PH04355,95767111275,+91,Mobile,P03984,,SIM111131,BSNL,2021-07-05,,Suspended,SRC019,0.85,2025-12-30 11:46:42,2025-01-09 18:13:08
PH04356,91955069477,+91,VoIP,P00554,,SIM109787,Jio,2021-10-21,,Inactive,SRC021,0.86,2026-05-28 06:46:37,2025-09-08 09:08:26
PH04357,91279696711,+91,Mobile,P00625,,SIM270509,Airtel,2020-05-15,2025-05-25,Inactive,SRC024,0.98,2026-02-17 19:17:48,2024-02-25 08:10:53
PH04358,95599243067,+91,VoIP,P02947,,SIM207534,BSNL,2024-11-05,,Suspended,SRC006,0.92,2024-10-10 08:58:09,2026-06-07 01:29:26
PH04359,94068352901,+91,VoIP,P02440,,SIM714555,Airtel,2024-10-03,,Inactive,SRC007,0.87,2024-08-04 11:57:36,2024-02-01 08:56:18
PH04360,96122882890,+91,Landline,P00431,,SIM684811,Vi,2021-02-21,,Active,SRC030,0.89,2024-06-09 13:16:03,2024-01-01 21:22:33
PH04361,99946528699,+91,VoIP,P02557,,SIM969747,Jio,2025-07-30,,Active,SRC013,0.82,2026-01-15 00:04:31,2024-10-19 08:40:26
PH04362,93885557877,+91,Mobile,P00354,,SIM272175,Airtel,2021-01-22,,Active,SRC014,0.9,2025-04-02 00:15:35,2025-09-08 05:17:54
PH04363,93903670900,+91,Landline,P00491,,SIM311356,Airtel,2022-04-06,,Inactive,SRC010,0.93,2024-05-17 21:42:08,2025-05-15 18:53:55
PH04364,92345305761,+91,Landline,P01955,,SIM912248,Jio,2022-11-02,,Active,SRC002,0.9,2024-05-04 04:37:00,2024-07-29 08:29:56
PH04365,97340302534,+91,Landline,P03995,,SIM556491,Airtel,2021-04-28,,Inactive,SRC007,0.83,2025-12-01 16:50:07,2026-05-15 06:19:31
PH04366,95101846904,+91,VoIP,P02114,,SIM459714,Vi,2022-05-20,,Inactive,SRC009,0.96,2025-08-20 17:47:10,2024-10-21 22:09:13
PH04367,91061921810,+91,Landline,P00365,,SIM173461,Airtel,2022-11-22,,Inactive,SRC004,0.85,2025-10-06 17:03:05,2024-12-14 13:33:01
PH04368,97587393610,+91,VoIP,P03126,,SIM141464,Vi,2024-02-05,,Active,SRC029,0.81,2026-07-13 22:52:49,2024-04-27 23:15:27
PH04369,94898010721,+91,Landline,P00219,,SIM913990,Vi,2023-05-10,,Inactive,SRC016,0.95,2025-11-19 20:07:53,2024-01-26 12:24:04
PH04370,94860857380,+91,Landline,P02444,,SIM192056,BSNL,2026-03-12,,Active,SRC027,0.9,2025-03-23 05:13:28,2024-10-04 06:03:05
PH04371,97260734206,+91,Mobile,P03052,,SIM208208,Vi,2018-09-20,,Suspended,SRC021,0.83,2025-06-25 13:34:52,2025-09-09 23:11:37
PH04372,94233693089,+91,Mobile,P00573,,SIM284537,Jio,2025-02-04,,Inactive,SRC030,0.88,2026-02-05 22:44:30,2026-04-13 12:06:37
PH04373,97335671354,+91,VoIP,P03950,,SIM356123,BSNL,2020-06-08,,Inactive,SRC012,0.89,2024-12-23 02:55:53,2024-04-19 15:31:06
PH04374,94686559730,+91,Landline,P02373,,SIM605739,BSNL,2022-12-31,,Suspended,SRC028,0.96,2024-07-18 09:01:03,2024-05-18 21:10:17
PH04375,94105271741,+91,Mobile,P01676,,SIM244262,Vi,2026-04-13,,Inactive,SRC005,0.82,2026-03-09 16:04:18,2024-05-01 19:15:01
PH04376,93321937350,+91,Mobile,P01613,,SIM625015,Airtel,2024-11-08,,Active,SRC004,0.97,2024-06-01 22:32:37,2026-05-30 12:01:47
PH04377,94910515791,+91,Mobile,P01477,,SIM480876,Vi,2021-01-02,2025-12-12,Active,SRC017,0.98,2026-08-27 08:21:10,2024-09-16 10:10:33
PH04378,96118198124,+91,VoIP,P03650,,SIM495277,Vi,2020-05-29,2024-10-21,Inactive,SRC022,0.87,2025-04-13 20:35:27,2024-10-17 12:53:43
PH04379,99366861672,+91,VoIP,P02803,,SIM228733,BSNL,2025-05-06,,Suspended,SRC003,0.86,2024-08-02 19:56:32,2025-01-24 23:20:00
PH04380,93608354798,+91,Mobile,P02872,,SIM114637,BSNL,2019-03-25,,Active,SRC013,0.85,2024-03-16 23:30:23,2025-04-23 03:18:22
PH04381,92318343924,+91,Landline,P01067,,SIM788477,Airtel,2022-03-02,2025-01-14,Active,SRC025,0.83,2026-08-23 17:23:33,2026-04-06 15:29:19
PH04382,95734260823,+91,Landline,P01937,,SIM728398,Jio,2026-08-31,,Active,SRC005,0.84,2025-01-24 20:48:14,2026-07-13 10:59:47
PH04383,97809195638,+91,Mobile,P01287,,SIM525246,BSNL,2023-07-19,2025-09-19,Suspended,SRC003,0.83,2025-08-24 17:53:23,2025-05-10 08:01:14
PH04384,91464949657,+91,VoIP,P02897,,SIM684516,Vi,2020-12-17,,Active,SRC020,0.96,2025-08-02 12:42:59,2025-11-26 04:46:28
PH04385,98084343483,+91,VoIP,,O0217,SIM394265,BSNL,2021-01-25,,Active,SRC019,0.88,2026-06-12 15:13:19,2026-04-19 07:04:08
PH04386,95505072357,+91,Landline,P02920,,SIM500107,Jio,2020-10-16,,Suspended,SRC010,0.94,2026-08-06 10:24:38,2026-08-16 18:53:10
PH04387,93822356785,+91,Landline,P01861,,SIM242328,Airtel,2022-06-16,,Inactive,SRC010,0.94,2026-07-31 08:11:04,2025-01-17 05:02:37
PH04388,91657753439,+91,Landline,P02512,,SIM538091,Vi,2022-07-29,,Suspended,SRC003,0.85,2026-05-16 03:35:07,2025-01-10 00:41:09
PH04389,97350919551,+91,Mobile,,O0053,SIM465447,BSNL,2019-09-05,,Active,SRC005,0.8,2024-06-29 09:20:46,2025-09-01 11:24:19
PH04390,93488139526,+91,VoIP,P00280,,SIM783351,Vi,2022-04-29,,Suspended,SRC013,0.89,2024-10-07 08:48:30,2024-02-19 00:56:41
PH04391,96999262499,+91,Landline,P00627,,SIM211966,Vi,2020-07-17,2025-03-11,Suspended,SRC024,0.87,2025-08-03 20:25:26,2024-09-10 22:13:36
PH04392,96613304996,+91,Landline,P01781,,SIM398222,Vi,2020-02-09,2025-10-21,Active,SRC023,0.87,2026-03-30 19:31:48,2025-02-19 01:44:43
PH04393,95642021539,+91,VoIP,P00900,,SIM825776,Vi,2025-02-25,,Suspended,SRC013,0.85,2024-08-21 16:33:46,2024-09-24 13:07:12
PH04394,91168901121,+91,Mobile,P02471,,SIM903787,BSNL,2025-02-08,,Inactive,SRC029,0.81,2024-10-14 04:56:00,2025-05-31 16:03:01
PH04395,93428777184,+91,Landline,P02536,,SIM804426,Vi,2021-05-19,,Suspended,SRC025,0.97,2024-01-09 18:18:17,2024-11-10 09:16:18
PH04396,98097631278,+91,Landline,P02780,,SIM940289,Airtel,2021-09-26,,Suspended,SRC006,0.82,2024-03-19 18:20:34,2026-05-17 10:26:17
PH04397,95023579394,+91,Mobile,P03688,,SIM914713,Airtel,2023-07-27,,Suspended,SRC014,0.98,2024-01-27 10:46:09,2024-09-30 20:55:05
PH04398,96173985332,+91,VoIP,P00093,,SIM930859,BSNL,2022-04-28,,Inactive,SRC014,0.9,2024-06-09 11:34:29,2024-09-08 04:43:48
PH04399,95923289423,+91,VoIP,P03620,,SIM717991,BSNL,2024-03-25,,Inactive,SRC025,0.93,2025-01-20 17:40:17,2024-03-25 12:13:19
PH04400,93033348420,+91,Mobile,P01985,,SIM815879,Airtel,2025-06-22,,Suspended,SRC016,0.85,2025-02-23 05:43:53,2024-11-07 23:44:14
PH04401,95023685769,+91,Mobile,P01302,,SIM665223,Jio,2021-11-29,,Inactive,SRC014,0.82,2026-06-02 08:44:44,2026-05-31 09:20:44
PH04402,98502680135,+91,Landline,P00974,,SIM928401,BSNL,2023-06-18,,Active,SRC009,0.96,2026-08-16 19:50:40,2024-12-29 11:11:09
PH04403,93054414668,+91,Landline,,O0384,SIM787927,Jio,2026-06-12,,Suspended,SRC023,0.83,2026-07-28 08:18:48,2026-04-10 00:47:14
PH04404,99162914143,+91,Landline,P02106,,SIM989461,Airtel,2022-02-25,,Suspended,SRC026,0.81,2024-10-05 14:14:08,2026-04-13 09:22:35
PH04405,92258277701,+91,Landline,P02573,,SIM905218,Vi,2020-05-04,,Inactive,SRC003,0.92,2025-03-16 20:34:16,2024-01-30 13:31:19
PH04406,94227062945,+91,Mobile,P01946,,SIM263100,Vi,2021-07-02,,Inactive,SRC008,0.9,2025-09-04 00:02:40,2026-07-01 00:18:04
PH04407,97948366229,+91,Landline,P01559,,SIM498200,BSNL,2022-07-22,,Active,SRC010,0.8,2024-04-15 20:11:03,2024-06-17 21:53:16
PH04408,92949752191,+91,VoIP,P02841,,SIM651727,BSNL,2026-04-14,,Suspended,SRC030,0.97,2025-02-07 20:26:30,2024-01-05 03:17:38
PH04409,99153511614,+91,Mobile,P01757,,SIM614629,Airtel,2022-09-12,,Inactive,SRC005,0.93,2024-04-01 09:48:24,2026-02-18 16:40:27
PH04410,92839678447,+91,VoIP,P01579,,SIM205273,Airtel,2025-03-04,,Suspended,SRC027,0.92,2024-01-30 23:00:30,2024-03-09 13:23:24
PH04411,93305668596,+91,Landline,,O0306,SIM372376,Airtel,2025-01-25,,Suspended,SRC002,0.92,2025-06-26 01:41:54,2024-10-25 23:38:21
PH04412,94984964944,+91,Mobile,P01988,,SIM594571,Jio,2021-11-16,,Active,SRC007,0.87,2025-05-22 02:18:01,2025-01-07 19:18:21
PH04413,91644449106,+91,Landline,P00653,,SIM307538,Airtel,2024-05-24,,Suspended,SRC006,0.92,2025-06-03 11:29:05,2024-06-20 14:22:09
PH04414,94944326664,+91,VoIP,P03963,,SIM796008,Airtel,2023-07-18,,Inactive,SRC023,0.84,2025-05-13 13:24:00,2026-08-20 19:48:32
PH04415,92022178661,+91,VoIP,P03976,,SIM710414,Jio,2019-03-06,2025-06-27,Suspended,SRC020,0.81,2024-08-21 03:17:42,2026-06-04 09:09:52
PH04416,93905693665,+91,VoIP,P03996,,SIM750271,Vi,2023-12-27,,Suspended,SRC013,0.87,2025-02-17 13:24:42,2025-08-27 23:12:09
PH04417,91456412490,+91,Mobile,P03745,,SIM383019,Airtel,2019-12-20,,Suspended,SRC013,0.96,2026-07-10 15:50:11,2026-01-21 16:45:43
PH04418,98298444024,+91,Mobile,P01630,,SIM139527,Airtel,2021-05-08,,Active,SRC008,0.82,2026-03-02 03:28:35,2026-07-15 20:30:19
PH04419,93827695170,+91,VoIP,,O0363,SIM667950,Airtel,2024-09-15,,Inactive,SRC021,0.9,2026-03-15 14:17:16,2025-01-02 23:02:00
PH04420,94584133911,+91,Mobile,P02885,,SIM360183,Jio,2026-04-27,,Suspended,SRC028,0.97,2025-09-06 17:38:27,2025-04-13 23:46:15
PH04421,96712268581,+91,VoIP,P01680,,SIM717194,BSNL,2024-05-29,,Inactive,SRC030,0.98,2024-02-02 17:55:48,2024-05-16 22:02:42
PH04422,95115638726,+91,Mobile,P00165,,SIM357958,BSNL,2021-10-07,,Active,SRC002,0.98,2025-11-17 15:41:29,2026-02-10 01:55:42
PH04423,97640302466,+91,Landline,P03174,,SIM581786,Airtel,2024-09-08,,Inactive,SRC014,0.95,2024-02-13 03:47:27,2025-03-11 02:56:01
PH04424,97677374954,+91,VoIP,,O0287,SIM763015,Vi,2023-04-08,,Suspended,SRC014,0.81,2024-07-07 17:34:39,2025-11-26 11:13:41
PH04425,97996352252,+91,VoIP,P03551,,SIM149014,BSNL,2024-08-21,,Inactive,SRC029,0.97,2026-06-15 07:31:12,2026-08-08 07:26:41
PH04426,97031563899,+91,Mobile,P02969,,SIM936571,BSNL,2022-03-02,2026-02-09,Suspended,SRC028,0.85,2024-02-23 07:42:27,2024-04-19 14:52:12
PH04427,98534539044,+91,Mobile,P01144,,SIM493166,BSNL,2020-12-04,,Active,SRC023,0.94,2024-11-09 04:35:15,2024-08-24 17:20:48
PH04428,97440367953,+91,VoIP,P03995,,SIM304252,BSNL,2022-03-16,,Suspended,SRC019,0.84,2025-11-20 13:14:59,2025-05-22 20:33:06
PH04429,98944859931,+91,Landline,P00239,,SIM678636,BSNL,2023-08-03,,Suspended,SRC004,0.8,2025-01-19 15:16:39,2025-01-07 23:02:33
PH04430,97665510063,+91,VoIP,P02036,,SIM171899,Jio,2021-08-04,,Inactive,SRC020,0.88,2026-06-14 08:02:26,2024-10-12 15:21:46
PH04431,98953368539,+91,VoIP,P00942,,SIM423597,Jio,2024-03-09,,Inactive,SRC029,0.94,2025-09-17 22:59:44,2025-04-29 01:35:12
PH04432,97173577798,+91,Landline,P01936,,SIM905018,Jio,2024-02-09,,Inactive,SRC005,0.96,2024-01-23 23:04:04,2024-08-03 15:13:16
PH04433,97365365684,+91,Mobile,P02520,,SIM949165,Airtel,2023-07-03,,Suspended,SRC008,0.97,2025-09-24 20:46:15,2024-03-14 15:55:40
PH04434,94556772928,+91,Landline,P00302,,SIM119107,Airtel,2023-03-31,,Active,SRC017,0.86,2024-02-03 00:47:46,2025-10-12 11:28:41
PH04435,96929259933,+91,Landline,P03658,,SIM350972,Airtel,2022-01-31,,Active,SRC010,0.85,2026-01-22 20:41:13,2026-08-02 12:06:50
PH04436,91520172699,+91,VoIP,P03505,,SIM688629,Vi,2021-05-28,,Suspended,SRC030,0.92,2024-01-17 02:17:16,2025-09-03 20:52:14
PH04437,97208502807,+91,Mobile,P01101,,SIM994759,Vi,2025-11-22,,Suspended,SRC019,0.83,2025-03-31 19:15:06,2024-01-24 19:58:00
PH04438,92618602957,+91,Landline,P01187,,SIM662693,Jio,2024-11-24,2026-01-30,Active,SRC008,0.97,2026-08-18 16:30:09,2025-07-11 16:50:31
PH04439,91217446662,+91,Landline,P03608,,SIM299544,Vi,2023-05-30,,Active,SRC019,0.93,2025-01-03 10:01:16,2025-12-27 13:23:41
PH04440,97817969579,+91,Mobile,P01388,,SIM788006,Vi,2023-02-10,,Inactive,SRC010,0.94,2024-12-01 15:56:58,2026-04-04 13:14:12
PH04441,95863899915,+91,Landline,P02785,,SIM728155,Airtel,2022-01-30,,Active,SRC023,0.98,2024-07-01 17:58:52,2025-08-29 14:32:00
PH04442,97310668084,+91,Landline,P02387,,SIM999624,BSNL,2019-07-14,,Suspended,SRC023,0.88,2026-07-06 15:34:52,2025-03-19 13:01:16
PH04443,91164490983,+91,VoIP,P03098,,SIM293196,Vi,2025-02-12,,Active,SRC027,0.85,2026-07-06 09:22:57,2025-07-25 15:39:25
PH04444,97800017839,+91,VoIP,P01924,,SIM974100,Vi,2021-01-01,,Inactive,SRC004,0.84,2024-11-28 01:24:59,2025-07-08 05:11:19
PH04445,91480142449,+91,Landline,P02169,,SIM320687,Vi,2023-04-16,,Inactive,SRC002,0.84,2026-05-21 05:48:35,2025-10-30 15:09:55
PH04446,99272610863,+91,Landline,P03245,,SIM784154,BSNL,2020-02-20,,Suspended,SRC004,0.91,2025-10-19 01:34:05,2024-12-23 18:15:26
PH04447,99201964351,+91,VoIP,P01564,,SIM374509,Jio,2023-06-02,,Suspended,SRC003,0.97,2024-02-09 03:00:52,2024-03-28 08:03:58
PH04448,91737718100,+91,VoIP,P03019,,SIM699431,Jio,2023-02-09,,Inactive,SRC012,0.81,2025-02-02 22:52:49,2024-06-18 04:41:37
PH04449,99902022007,+91,Landline,P01845,,SIM906863,Vi,2025-07-13,,Suspended,SRC027,0.8,2024-01-07 14:07:38,2024-06-29 13:27:11
PH04450,92924523354,+91,Mobile,P01856,,SIM627238,BSNL,2022-08-12,,Suspended,SRC021,0.98,2025-09-30 01:27:21,2026-08-16 05:00:35
PH04451,92107933548,+91,Landline,P02314,,SIM894112,Vi,2025-07-31,,Active,SRC008,0.82,2024-05-24 18:42:12,2024-11-22 21:20:45
PH04452,93023723790,+91,Mobile,P00642,,SIM595015,BSNL,2023-09-29,,Active,SRC008,0.93,2026-06-21 20:48:02,2026-01-24 13:18:43
PH04453,95196722176,+91,VoIP,P00475,,SIM402769,Vi,2022-11-17,2024-09-03,Suspended,SRC024,0.97,2024-07-27 18:52:09,2024-08-09 14:57:00
PH04454,96416152703,+91,Mobile,,O0225,SIM435415,Vi,2021-03-19,,Suspended,SRC025,0.84,2025-01-10 23:32:34,2025-05-29 03:11:43
PH04455,94785717589,+91,Mobile,,O0141,SIM553226,Vi,2025-10-31,,Inactive,SRC027,0.93,2026-07-14 07:18:45,2025-05-23 18:42:09
PH04456,95767615340,+91,Landline,P01736,,SIM360724,BSNL,2021-03-06,2025-02-21,Active,SRC014,0.9,2026-02-20 21:23:50,2025-12-01 09:30:52
PH04457,92082598183,+91,VoIP,P00142,,SIM948300,Airtel,2020-11-26,,Active,SRC009,0.98,2025-12-25 11:36:23,2024-10-02 03:19:53
PH04458,98769193978,+91,Landline,P02384,,SIM669923,BSNL,2021-08-13,,Suspended,SRC004,0.92,2024-04-21 19:30:26,2026-04-22 05:35:57
PH04459,91409180840,+91,VoIP,P03939,,SIM195337,Vi,2024-01-18,,Inactive,SRC003,0.88,2025-05-21 17:08:50,2025-01-18 12:34:50
PH04460,93807893842,+91,Landline,P02920,,SIM145446,BSNL,2024-07-26,,Suspended,SRC019,0.82,2025-08-23 07:08:45,2025-02-18 22:17:32
PH04461,95763788073,+91,Landline,P00254,,SIM736383,Vi,2026-06-11,,Active,SRC005,0.8,2025-10-05 17:05:34,2026-03-14 18:59:04
PH04462,96866800399,+91,Landline,,O0236,SIM864068,Jio,2024-10-17,,Suspended,SRC019,0.85,2025-02-23 21:41:24,2024-09-10 07:33:48
PH04463,92554470628,+91,Mobile,,O0269,SIM572779,Vi,2019-02-26,2025-06-23,Active,SRC027,0.88,2025-10-12 23:55:59,2026-08-05 12:15:47
PH04464,91757250585,+91,Mobile,P00283,,SIM849220,Jio,2020-08-20,,Suspended,SRC022,0.98,2024-04-28 22:03:51,2024-12-22 18:25:10
PH04465,94501040576,+91,Landline,P03714,,SIM338449,Jio,2022-10-21,,Active,SRC004,0.81,2025-09-07 02:23:58,2024-04-24 18:08:35
PH04466,97833467125,+91,Mobile,P00796,,SIM329633,Vi,2021-03-15,,Inactive,SRC012,0.89,2025-06-26 14:40:19,2025-06-11 04:15:57
PH04467,97027649898,+91,VoIP,P00953,,SIM257698,Jio,2026-04-24,,Suspended,SRC016,0.92,2026-08-01 22:35:49,2026-01-02 11:35:05
PH04468,99505464035,+91,Landline,P03297,,SIM707782,BSNL,2025-06-07,2026-07-18,Inactive,SRC030,0.99,2024-12-04 12:02:01,2025-03-09 04:41:13
PH04469,98626251172,+91,Mobile,P03813,,SIM567712,BSNL,2026-07-02,,Suspended,SRC015,0.92,2025-08-19 11:16:00,2026-01-06 23:58:20
PH04470,98854565414,+91,VoIP,P03777,,SIM336998,BSNL,2025-07-14,,Suspended,SRC026,0.86,2025-05-02 08:38:10,2025-04-27 00:17:49
PH04471,94654983098,+91,Mobile,P02989,,SIM539310,BSNL,2023-01-14,,Active,SRC002,0.81,2025-04-08 13:19:21,2024-02-02 04:02:53
PH04472,96374058331,+91,VoIP,P00444,,SIM941119,Jio,2021-05-03,,Active,SRC004,0.86,2026-04-15 13:56:55,2026-06-20 05:25:00
PH04473,94367726889,+91,Landline,,O0263,SIM965850,Airtel,2019-10-23,,Active,SRC014,0.93,2026-02-23 19:37:51,2024-07-14 05:52:24
PH04474,98614864359,+91,VoIP,P03423,,SIM395620,Jio,2023-01-14,,Suspended,SRC022,0.9,2024-10-16 17:17:40,2024-01-17 03:23:02
PH04475,96369874735,+91,Landline,P03564,,SIM474248,Airtel,2023-03-29,,Inactive,SRC011,0.85,2025-04-03 19:41:35,2026-07-12 04:33:39
PH04476,94451936697,+91,VoIP,P03961,,SIM426839,Airtel,2018-09-30,,Inactive,SRC019,0.91,2025-09-08 06:59:20,2026-07-14 03:06:03
PH04477,96252611932,+91,Mobile,P01892,,SIM341122,Jio,2023-03-24,2026-08-01,Active,SRC020,0.82,2026-05-25 04:34:20,2025-12-05 09:31:11
PH04478,96485431104,+91,Landline,P03364,,SIM673342,Jio,2024-07-29,,Inactive,SRC020,0.92,2025-01-22 18:12:37,2025-10-24 00:19:04
PH04479,93167390860,+91,Landline,P03114,,SIM321305,Airtel,2020-05-14,2026-06-23,Inactive,SRC005,0.84,2026-08-04 08:58:42,2024-07-10 15:04:53
PH04480,96704558323,+91,VoIP,P03765,,SIM617272,BSNL,2021-12-21,,Inactive,SRC004,0.83,2025-05-03 06:49:39,2025-10-05 20:13:06
PH04481,95668956315,+91,VoIP,P03916,,SIM745792,Vi,2026-06-04,,Active,SRC022,0.96,2025-12-02 02:57:14,2024-08-04 00:59:13
PH04482,95460085177,+91,VoIP,P00416,,SIM974090,Jio,2021-08-10,,Active,SRC009,0.94,2026-05-25 15:29:50,2024-12-15 19:33:27
PH04483,98934779326,+91,Landline,P02796,,SIM381794,Airtel,2020-03-24,,Suspended,SRC010,0.82,2026-03-18 22:40:51,2024-11-04 12:14:08
PH04484,91134386353,+91,VoIP,P03922,,SIM204880,Jio,2022-08-30,,Inactive,SRC011,0.98,2026-01-19 23:06:36,2025-07-18 14:22:10
PH04485,91553037037,+91,Mobile,P03011,,SIM898558,Airtel,2025-11-23,,Inactive,SRC002,0.89,2026-08-27 23:05:03,2025-03-18 16:34:14
PH04486,92833908128,+91,Mobile,P03484,,SIM571084,Vi,2022-11-26,,Active,SRC024,0.87,2025-05-30 01:40:13,2025-05-13 14:26:14
PH04487,92386131181,+91,VoIP,P02207,,SIM356798,Airtel,2020-07-28,,Active,SRC006,0.81,2024-12-31 00:55:08,2025-04-05 03:47:44
PH04488,99567854987,+91,VoIP,P00172,,SIM207483,Jio,2026-02-07,,Suspended,SRC015,0.87,2026-07-04 22:34:38,2025-10-22 03:39:45
PH04489,93924012476,+91,Landline,P00356,,SIM161023,Airtel,2021-12-13,,Suspended,SRC014,0.82,2025-06-06 11:15:22,2025-04-11 18:36:32
PH04490,97305452465,+91,Mobile,P01326,,SIM417768,BSNL,2022-12-23,,Suspended,SRC023,0.89,2024-05-21 19:51:15,2024-09-15 07:20:41
PH04491,94367174402,+91,VoIP,P03960,,SIM825964,Jio,2023-03-22,,Inactive,SRC017,0.86,2024-12-13 11:37:15,2026-01-15 09:37:30
PH04492,95102930843,+91,Mobile,P02644,,SIM177939,Jio,2022-05-03,,Inactive,SRC024,0.88,2026-08-25 16:31:27,2024-03-31 19:15:48
PH04493,94805404409,+91,VoIP,P01173,,SIM621114,Vi,2023-06-15,,Inactive,SRC007,0.86,2025-01-23 09:41:10,2024-09-24 11:16:43
PH04494,91080597623,+91,Landline,P03807,,SIM116728,Vi,2019-10-09,,Suspended,SRC010,0.86,2025-03-13 23:14:13,2025-09-02 02:08:58
PH04495,98553476134,+91,VoIP,P02672,,SIM561108,Airtel,2021-01-30,,Inactive,SRC017,0.9,2025-09-27 18:41:52,2025-04-05 13:56:14
PH04496,92385718785,+91,Mobile,P03354,,SIM691577,Vi,2023-03-26,,Suspended,SRC006,0.84,2026-07-19 21:49:08,2026-05-07 12:48:07
PH04497,97354541271,+91,VoIP,P02733,,SIM599906,BSNL,2024-08-11,,Suspended,SRC012,0.84,2025-02-02 12:57:41,2026-07-29 06:51:47
PH04498,95747248672,+91,VoIP,P00353,,SIM770535,Jio,2019-05-27,,Active,SRC027,0.89,2025-06-15 04:36:13,2024-07-25 22:30:15
PH04499,96974561255,+91,VoIP,P03607,,SIM698724,Vi,2025-01-11,,Inactive,SRC014,0.83,2025-10-21 05:34:50,2026-01-06 17:49:09
PH04500,92127285184,+91,Landline,P00263,,SIM256404,BSNL,2022-08-04,,Active,SRC020,0.83,2025-04-14 02:24:31,2024-12-26 21:07:09
