vehicle_id,registration_number,vehicle_type,make,model,manufacturing_year,color,owner_person_id,owner_organization_id,registration_date,status,source_id,confidence_score,created_at,updated_at
V00001,UP56CD8421,Truck,Mahindra,Pulsar,2022,Red,P00651,,2020-07-15,Active,SRC006,0.86,2025-06-18 13:12:01,2025-12-22 09:24:55
V00002,MH67GH9871,SUV,Hero,Innova,2023,White,P01403,,2023-05-09,Inactive,SRC009,0.89,2024-12-03 10:51:35,2025-04-04 02:49:06
V00003,RJ40CD5474,SUV,Hyundai,Swift,2019,Grey,P01814,,2017-05-09,Flagged,SRC010,0.93,2025-09-03 03:25:22,2026-01-10 16:30:02
V00004,GJ24EF4554,Motorcycle,Mahindra,Nexon,2018,Silver,P02832,,2024-07-06,Inactive,SRC022,0.9,2025-06-03 16:00:51,2024-10-15 17:49:40
V00005,GJ16JK7046,SUV,Maruti Suzuki,Splendor,2021,Silver,P02978,,2023-07-26,Inactive,SRC016,0.83,2025-06-20 08:57:09,2024-09-21 02:22:07
V00006,KA42GH1452,Van,Bajaj,Nexon,2019,Red,P00496,,2026-06-22,Active,SRC004,0.93,2024-02-06 12:27:03,2026-05-05 08:17:55
V00007,MP39CD8349,Van,Hyundai,City,2023,Silver,,O0096,2018-01-09,Flagged,SRC030,0.89,2025-10-10 11:20:36,2026-08-06 02:35:44
V00008,DL17GH2919,SUV,Tata,Scorpio,2014,Silver,P01026,,2023-10-20,Inactive,SRC018,0.83,2026-08-15 19:46:23,2025-05-05 00:11:42
V00009,UP07JK3876,Car,Hero,Swift,2023,Blue,P02293,,2024-05-12,Flagged,SRC029,0.83,2026-01-30 08:23:54,2025-01-02 08:50:21
V00010,UP17EF3898,Auto Rickshaw,Hyundai,Swift,2024,Red,,O0298,2018-09-15,Flagged,SRC009,0.95,2024-12-19 03:35:19,2024-07-11 07:10:08
V00011,KA34GH2343,Motorcycle,Maruti Suzuki,Nexon,2021,Blue,P01416,,2020-02-11,Active,SRC019,0.96,2026-03-27 03:24:45,2026-05-03 07:36:14
V00012,GJ12AB1253,Auto Rickshaw,Tata,Nexon,2021,Blue,P00687,,2022-02-04,Flagged,SRC030,0.95,2026-03-30 14:40:59,2025-07-15 23:43:52
V00013,RJ74JK9396,Truck,Mahindra,Innova,2023,Red,P03431,,2024-07-18,Flagged,SRC022,0.85,2025-10-20 16:41:29,2025-03-03 13:02:05
V00014,UP05CD3919,Motorcycle,Honda,Swift,2022,White,P01767,,2018-10-10,Flagged,SRC015,0.89,2026-02-24 09:32:47,2025-07-30 22:39:33
V00015,RJ99JK2705,Van,Hyundai,Innova,2014,Grey,P00955,,2017-06-01,Flagged,SRC011,0.83,2025-08-30 07:56:21,2025-12-25 07:51:41
V00016,DL72JK7048,Truck,Tata,Swift,2022,Silver,P02074,,2018-11-29,Active,SRC012,0.82,2024-10-20 20:05:21,2025-02-27 09:43:57
V00017,UP66GH7278,Car,Maruti Suzuki,Splendor,2025,Silver,P02647,,2023-06-12,Flagged,SRC009,0.97,2024-01-11 18:21:42,2025-10-23 08:47:57
V00018,MP48JK2023,Motorcycle,Bajaj,City,2022,Red,P01811,,2020-10-21,Inactive,SRC008,0.89,2026-07-17 13:20:55,2024-12-20 05:20:14
V00019,KA85AB2731,Motorcycle,Toyota,Pulsar,2022,Silver,P02514,,2019-05-31,Flagged,SRC023,0.84,2024-05-23 11:20:29,2025-02-21 02:36:31
V00020,MH73GH9863,Auto Rickshaw,Bajaj,Splendor,2015,Silver,P02862,,2018-03-30,Inactive,SRC022,0.96,2025-04-22 21:32:50,2025-09-01 19:58:10
V00021,UP73EF6308,Van,Hyundai,City,2021,Red,P02999,,2017-05-06,Flagged,SRC016,0.81,2024-03-25 04:21:15,2025-10-05 02:14:17
V00022,DL11AB4804,SUV,Mahindra,Scorpio,2020,Black,P00362,,2022-07-11,Inactive,SRC020,0.83,2024-08-27 14:36:26,2025-10-08 20:58:26
V00023,MH26EF1180,SUV,Hyundai,Innova,2019,Blue,P01926,,2019-05-25,Flagged,SRC030,0.9,2026-02-21 01:36:50,2024-08-31 07:39:18
V00024,MH15EF4624,Truck,Hero,Swift,2020,White,,O0216,2019-06-05,Active,SRC011,0.86,2024-11-14 20:26:26,2024-03-26 14:31:55
V00025,MP90JK9195,Truck,Toyota,City,2023,Red,,O0060,2025-04-30,Active,SRC020,0.83,2024-03-31 11:44:08,2026-02-23 11:18:14
V00026,KA75EF2926,Van,Mahindra,Scorpio,2020,Red,P01333,,2021-10-01,Inactive,SRC014,0.86,2024-03-30 19:06:37,2026-04-10 01:35:31
V00027,MP28GH5323,Car,Maruti Suzuki,Creta,2023,Blue,P00914,,2023-04-12,Active,SRC029,0.82,2025-06-11 03:17:22,2026-07-24 20:50:58
V00028,RJ32JK3697,Motorcycle,Honda,City,2017,Black,P03675,,2024-06-17,Inactive,SRC012,0.95,2026-03-02 10:12:30,2025-06-05 08:38:27
V00029,UP94EF2315,Auto Rickshaw,Hyundai,Splendor,2022,Red,,O0292,2022-07-05,Flagged,SRC011,0.96,2024-10-22 16:19:31,2025-08-07 03:14:04
V00030,DL15EF5669,Motorcycle,Bajaj,Swift,2024,Black,P01844,,2020-01-12,Inactive,SRC012,0.91,2026-05-06 03:01:12,2026-03-04 20:36:50
V00031,DL27AB5646,Truck,Honda,Swift,2022,White,P03914,,2020-03-17,Flagged,SRC029,0.81,2026-02-15 18:57:29,2026-01-17 22:59:25
V00032,DL42GH9862,Car,Mahindra,Scorpio,2017,White,,O0214,2022-07-26,Inactive,SRC016,0.91,2025-08-30 15:40:02,2025-03-23 22:43:07
V00033,UP50EF1281,Auto Rickshaw,Mahindra,Swift,2021,Silver,P01595,,2024-02-17,Active,SRC011,0.91,2025-06-18 04:01:04,2025-05-05 02:29:40
V00034,KA56EF1337,Truck,Hyundai,Swift,2020,Grey,P00111,,2023-04-17,Active,SRC002,0.91,2024-06-27 02:48:00,2024-10-23 06:37:37
V00035,GJ13AB6341,Truck,Tata,Swift,2022,Grey,P01540,,2019-05-19,Inactive,SRC007,0.94,2025-06-10 09:39:32,2025-08-27 13:24:27
V00036,GJ89EF9732,Motorcycle,Mahindra,Creta,2022,Silver,P01113,,2017-07-28,Flagged,SRC014,0.87,2025-08-10 04:05:50,2026-02-02 23:12:53
V00037,DL32EF8573,Truck,Hyundai,Nexon,2020,Blue,P01049,,2021-01-21,Flagged,SRC017,0.94,2025-11-30 04:41:14,2026-03-23 21:44:06
V00038,UP81JK7158,Auto Rickshaw,Mahindra,Nexon,2014,White,P02572,,2020-02-29,Flagged,SRC015,0.81,2026-02-15 19:11:03,2026-05-29 06:31:54
V00039,RJ81JK2977,Van,Bajaj,Nexon,2017,Red,P00094,,2020-06-14,Active,SRC011,0.86,2025-04-13 07:23:12,2025-04-06 21:07:51
V00040,MP83JK2905,Motorcycle,Hero,Splendor,2020,White,P00467,,2019-03-14,Inactive,SRC028,0.82,2024-01-31 03:28:19,2024-09-17 09:56:29
V00041,UP35EF3077,SUV,Bajaj,Splendor,2020,Red,P02060,,2026-01-12,Active,SRC002,0.85,2025-07-23 01:01:50,2026-08-27 04:08:50
V00042,UP45JK8270,Van,Toyota,Splendor,2015,Black,P00570,,2022-11-09,Inactive,SRC009,0.86,2025-07-13 04:14:46,2025-09-19 04:38:54
V00043,UP57JK6781,Car,Bajaj,Creta,2018,Blue,P01235,,2019-03-08,Flagged,SRC001,0.98,2026-03-08 21:40:12,2026-02-01 06:52:10
V00044,KA91EF1459,Auto Rickshaw,Maruti Suzuki,Innova,2018,Red,P03400,,2017-04-16,Inactive,SRC010,0.96,2025-02-24 07:50:09,2024-12-20 23:43:28
V00045,KA48CD2794,Van,Toyota,Scorpio,2022,Blue,P02659,,2020-02-23,Inactive,SRC027,0.95,2024-03-08 20:54:50,2025-04-24 22:32:27
V00046,UP75AB8495,Van,Bajaj,Pulsar,2021,Silver,P00890,,2024-12-29,Flagged,SRC005,0.96,2026-03-17 06:20:06,2024-04-01 05:52:41
V00047,MP31AB6255,Van,Hero,Swift,2020,Silver,P00745,,2025-08-14,Flagged,SRC003,0.82,2024-05-13 15:01:10,2026-08-05 04:59:17
V00048,UP08GH8170,Truck,Mahindra,Pulsar,2017,Silver,P01511,,2017-11-26,Active,SRC022,0.95,2025-10-13 16:24:54,2024-02-08 11:04:00
V00049,MP14JK3278,Motorcycle,Hero,Creta,2020,Grey,P02096,,2021-12-30,Active,SRC007,0.96,2024-05-01 05:56:41,2026-05-21 23:48:23
V00050,GJ24GH1020,Car,Hero,Splendor,2016,Grey,P00938,,2023-08-31,Inactive,SRC011,0.9,2025-04-19 05:08:34,2025-10-02 19:50:12
V00051,MH56AB4111,SUV,Honda,Nexon,2021,White,P00836,,2024-10-21,Active,SRC022,0.99,2025-04-17 02:29:25,2024-02-15 15:24:12
V00052,MH28CD3172,Auto Rickshaw,Maruti Suzuki,Swift,2016,Silver,,O0283,2017-12-02,Flagged,SRC008,0.81,2025-09-17 22:28:02,2026-05-09 19:18:56
V00053,KA52GH6060,Car,Hero,Creta,2022,Red,P03561,,2026-01-18,Inactive,SRC008,0.84,2025-09-25 20:09:28,2024-09-27 11:33:45
V00054,RJ38JK4603,SUV,Bajaj,Nexon,2025,Blue,P01394,,2025-08-24,Inactive,SRC011,0.84,2025-04-16 18:38:15,2026-06-13 22:30:12
V00055,GJ70CD4895,Van,Honda,Nexon,2015,Silver,P02086,,2018-12-08,Active,SRC027,0.93,2024-09-17 15:35:34,2025-11-08 03:10:40
V00056,GJ47JK8648,Car,Bajaj,Pulsar,2017,Red,,O0213,2023-12-07,Flagged,SRC007,0.94,2025-11-14 00:10:19,2025-01-06 23:04:17
V00057,MH13GH9413,Car,Hero,Swift,2015,Blue,P00544,,2018-03-22,Active,SRC028,0.99,2025-06-30 08:36:48,2026-06-29 08:05:59
V00058,UP43EF9017,SUV,Hyundai,Nexon,2019,White,P03374,,2024-06-09,Active,SRC004,0.9,2025-07-30 06:56:38,2026-07-16 02:36:53
V00059,KA25EF1249,Auto Rickshaw,Hyundai,Splendor,2023,Red,P03636,,2019-09-01,Active,SRC019,0.97,2024-01-27 17:21:51,2025-04-08 03:24:39
V00060,KA44EF8757,Van,Bajaj,Pulsar,2016,Silver,P02857,,2022-01-24,Active,SRC014,0.89,2026-07-28 17:18:52,2025-10-16 21:41:05
V00061,MP96CD1707,Motorcycle,Honda,Innova,2025,Grey,P01989,,2022-03-18,Flagged,SRC009,0.82,2025-01-14 18:49:35,2024-08-17 01:12:11
V00062,GJ49EF3829,Motorcycle,Maruti Suzuki,Swift,2016,Black,,O0228,2020-11-12,Inactive,SRC006,0.82,2024-10-31 15:24:17,2025-10-09 03:01:51
V00063,MP52GH6097,Motorcycle,Mahindra,Scorpio,2025,Red,,O0231,2022-11-23,Inactive,SRC030,0.82,2026-06-28 23:41:44,2024-09-19 23:46:47
V00064,RJ81CD2072,Car,Hyundai,Innova,2016,Blue,P02541,,2022-11-20,Active,SRC015,0.94,2025-12-15 01:59:28,2025-02-19 18:58:43
V00065,DL88JK4478,Auto Rickshaw,Maruti Suzuki,Pulsar,2021,Grey,P03251,,2017-10-13,Flagged,SRC009,0.82,2025-01-26 12:15:54,2025-05-30 23:00:15
V00066,KA15AB9170,Auto Rickshaw,Mahindra,Creta,2014,White,P02925,,2016-11-14,Active,SRC020,0.96,2026-02-13 19:18:51,2025-04-05 13:50:12
V00067,UP34GH1587,Car,Toyota,Nexon,2024,White,P02790,,2024-03-06,Inactive,SRC019,0.86,2026-04-05 04:51:45,2025-10-04 14:58:54
V00068,DL52EF2457,Car,Mahindra,Innova,2017,Grey,P01711,,2018-02-04,Flagged,SRC021,0.83,2025-11-04 12:36:10,2024-03-19 15:54:30
V00069,UP68CD3992,Auto Rickshaw,Maruti Suzuki,Nexon,2019,Black,P02892,,2018-11-10,Active,SRC010,0.85,2024-05-01 13:45:24,2025-11-12 09:41:34
V00070,MP63GH8138,SUV,Hero,Splendor,2020,Silver,P03551,,2019-11-06,Inactive,SRC007,0.91,2024-01-28 11:56:54,2025-11-02 13:03:18
V00071,MH71JK2638,SUV,Bajaj,Scorpio,2015,Black,,O0489,2017-02-21,Flagged,SRC025,0.86,2024-07-02 23:15:38,2026-08-22 00:34:24
V00072,RJ34JK2078,Car,Bajaj,Swift,2025,Blue,P01062,,2021-03-08,Inactive,SRC022,0.95,2026-01-17 11:23:24,2024-12-10 10:06:32
V00073,MP72CD3375,Motorcycle,Mahindra,City,2024,Silver,P03886,,2025-10-24,Flagged,SRC019,0.95,2026-02-17 07:01:34,2025-11-02 15:37:25
V00074,UP86EF9779,SUV,Toyota,Pulsar,2023,Red,P03232,,2017-10-16,Inactive,SRC010,0.98,2025-02-05 12:56:45,2024-10-09 02:08:48
V00075,MH16EF8593,Motorcycle,Hyundai,City,2016,Grey,P01076,,2020-12-16,Flagged,SRC002,0.89,2024-09-02 01:07:42,2025-06-01 00:17:38
V00076,DL11EF4838,Truck,Tata,Splendor,2020,Silver,P03233,,2022-10-30,Flagged,SRC013,0.82,2025-08-21 06:12:37,2025-09-07 07:16:10
V00077,KA77EF6284,SUV,Toyota,Nexon,2019,Red,P00867,,2021-04-20,Flagged,SRC025,0.82,2024-08-16 07:53:37,2026-04-07 14:24:19
V00078,UP02GH8677,Van,Mahindra,Swift,2023,Red,P00708,,2020-02-13,Inactive,SRC018,0.81,2025-06-24 11:55:06,2025-08-21 23:56:15
V00079,KA28EF7559,Truck,Bajaj,Nexon,2014,Red,,O0314,2020-09-12,Inactive,SRC011,0.98,2025-11-05 10:14:42,2024-06-07 07:19:10
V00080,MP77AB4117,Truck,Tata,Creta,2022,Red,,O0289,2024-05-27,Active,SRC029,0.97,2024-10-17 05:47:47,2025-07-04 03:39:39
V00081,MH80JK5970,Truck,Toyota,Innova,2014,Silver,P01813,,2025-09-18,Active,SRC013,0.9,2026-05-27 03:11:18,2026-03-11 23:54:03
V00082,MP34GH3180,Van,Toyota,Pulsar,2024,Grey,P02805,,2018-10-06,Active,SRC003,0.89,2024-08-01 06:45:41,2026-01-17 01:28:13
V00083,RJ21GH3902,SUV,Mahindra,Creta,2018,Silver,,O0386,2019-08-30,Inactive,SRC014,0.97,2024-02-11 19:17:14,2024-02-28 06:22:16
V00084,KA35JK8411,SUV,Mahindra,Swift,2015,Silver,,O0043,2017-03-17,Inactive,SRC013,0.94,2024-08-19 04:04:41,2026-03-08 05:51:35
V00085,GJ42EF6466,Car,Hyundai,Nexon,2024,Black,P01072,,2023-04-21,Active,SRC003,0.97,2024-06-11 15:08:31,2025-06-01 08:54:49
V00086,DL83JK5864,Truck,Hyundai,Scorpio,2015,Black,,O0410,2024-09-28,Active,SRC012,0.97,2025-01-26 12:36:53,2026-01-21 06:59:52
V00087,DL67JK4837,Car,Tata,Nexon,2016,Red,P02268,,2019-06-11,Active,SRC006,0.94,2024-06-02 01:32:32,2026-02-24 05:11:51
V00088,MP64GH7677,Truck,Hero,Swift,2024,Grey,,O0450,2025-06-19,Flagged,SRC007,0.93,2025-08-25 10:43:59,2025-07-22 05:59:14
V00089,RJ91GH8346,SUV,Maruti Suzuki,Swift,2024,White,P00675,,2022-04-19,Flagged,SRC022,0.89,2024-10-26 04:04:36,2024-09-12 18:28:49
V00090,UP38JK7709,Motorcycle,Toyota,Innova,2023,White,P02830,,2019-12-04,Flagged,SRC004,0.83,2025-04-07 06:04:15,2026-06-23 13:43:56
V00091,MH07AB3650,SUV,Mahindra,City,2024,Black,P01362,,2022-03-27,Inactive,SRC024,0.85,2025-10-05 15:16:48,2026-02-17 23:05:02
V00092,RJ08GH8791,Auto Rickshaw,Toyota,Pulsar,2018,Silver,P00912,,2022-08-13,Active,SRC007,0.92,2026-04-26 12:37:04,2024-05-11 01:26:18
V00093,MH16AB5265,SUV,Hero,Nexon,2014,Silver,P00719,,2025-08-29,Inactive,SRC011,0.99,2025-01-29 03:42:43,2025-08-13 13:06:41
V00094,UP95JK6314,SUV,Toyota,Swift,2016,Grey,P01625,,2021-06-22,Flagged,SRC010,0.95,2025-02-12 22:26:34,2026-01-09 20:33:16
V00095,DL27GH1881,Van,Tata,Nexon,2022,Blue,P03961,,2026-08-10,Inactive,SRC026,0.91,2024-10-18 00:58:59,2024-02-29 08:10:02
V00096,DL20JK7657,Van,Maruti Suzuki,Creta,2014,Grey,P03899,,2024-07-09,Flagged,SRC022,0.86,2026-05-28 05:44:05,2025-12-17 08:14:32
V00097,KA24JK6644,SUV,Honda,Scorpio,2014,Silver,P03635,,2018-10-16,Active,SRC022,0.84,2024-02-14 03:49:44,2025-09-03 07:53:39
V00098,GJ98AB8080,Motorcycle,Hero,Swift,2021,Red,,O0053,2023-01-05,Active,SRC016,0.97,2025-02-05 05:40:25,2024-06-10 01:32:56
V00099,MP06EF1867,Motorcycle,Honda,Swift,2021,Blue,P03671,,2025-07-24,Flagged,SRC008,0.91,2025-05-08 19:28:15,2024-04-14 15:53:15
V00100,DL66AB1772,SUV,Toyota,Creta,2019,Blue,P03008,,2021-02-16,Active,SRC024,0.87,2024-11-30 12:31:57,2024-10-27 18:33:29
V00101,UP38JK8325,Truck,Honda,Swift,2018,White,P03613,,2016-12-02,Inactive,SRC016,0.98,2025-09-01 14:39:06,2025-05-23 02:22:27
V00102,DL97JK8584,Van,Toyota,Creta,2019,Red,P02785,,2026-07-01,Inactive,SRC020,0.91,2024-09-21 22:27:41,2024-09-24 10:55:01
V00103,MP83CD8472,Auto Rickshaw,Maruti Suzuki,Creta,2020,Blue,P02423,,2024-07-20,Flagged,SRC010,0.93,2026-01-06 03:44:14,2024-08-11 02:14:05
V00104,UP52CD4764,Car,Honda,Splendor,2024,Blue,P01957,,2024-12-06,Active,SRC010,0.82,2025-07-12 09:46:18,2026-06-20 22:00:44
V00105,DL24JK5947,Motorcycle,Hero,Pulsar,2021,Grey,P03320,,2022-07-30,Inactive,SRC004,0.88,2025-10-02 14:04:33,2024-12-18 11:28:23
V00106,GJ53GH8221,Truck,Toyota,Pulsar,2017,Red,P01822,,2019-09-24,Inactive,SRC004,0.87,2024-10-10 12:06:44,2024-07-04 00:05:42
V00107,KA91AB2546,Van,Toyota,Innova,2016,Silver,P00279,,2024-02-09,Active,SRC029,0.89,2025-05-29 11:20:40,2025-11-01 06:58:58
V00108,GJ63JK3685,SUV,Bajaj,Scorpio,2018,Red,P02024,,2023-08-13,Flagged,SRC007,0.83,2024-03-27 10:56:32,2025-04-21 07:25:33
V00109,UP11AB3712,Auto Rickshaw,Mahindra,Creta,2018,Blue,P00503,,2019-07-02,Flagged,SRC025,0.81,2025-08-31 15:48:39,2024-10-25 00:56:10
V00110,MP95CD1744,Car,Hero,City,2021,Silver,P00348,,2021-08-20,Flagged,SRC018,0.82,2025-06-10 11:12:04,2025-11-24 23:43:25
V00111,DL56AB5490,Motorcycle,Mahindra,Swift,2016,Red,P01946,,2026-06-06,Active,SRC006,0.85,2024-10-15 21:38:00,2025-01-05 06:12:11
V00112,MH34GH1143,Truck,Maruti Suzuki,Splendor,2014,Blue,P02208,,2017-08-20,Active,SRC015,0.9,2025-10-09 10:13:26,2026-05-29 01:17:32
V00113,GJ94CD7712,Auto Rickshaw,Honda,Nexon,2019,Silver,P01838,,2019-07-31,Active,SRC022,0.86,2024-10-13 11:25:01,2025-01-19 13:38:49
V00114,MH50JK2770,Auto Rickshaw,Toyota,City,2020,Grey,P03881,,2021-09-15,Inactive,SRC020,0.92,2025-05-07 20:30:02,2025-02-23 03:20:35
V00115,RJ90CD8522,Motorcycle,Tata,Scorpio,2025,White,,O0001,2018-03-20,Flagged,SRC030,0.9,2025-01-15 18:28:42,2025-11-24 09:55:01
V00116,DL53CD4409,SUV,Honda,Innova,2017,Blue,P00105,,2018-07-25,Inactive,SRC012,0.97,2026-03-16 07:10:20,2026-06-27 13:56:14
V00117,DL84AB4295,Truck,Toyota,Pulsar,2025,Blue,P00707,,2018-04-05,Flagged,SRC002,0.98,2025-10-18 05:36:30,2026-03-18 16:54:12
V00118,MP20GH9479,Motorcycle,Bajaj,Nexon,2024,Grey,P01141,,2018-02-25,Flagged,SRC030,0.94,2024-12-08 06:34:42,2024-04-10 06:49:10
V00119,GJ14EF8500,Truck,Maruti Suzuki,City,2018,Grey,P03674,,2025-10-24,Inactive,SRC003,0.87,2025-10-05 22:00:31,2024-10-08 19:23:56
V00120,DL22GH1293,Van,Maruti Suzuki,Nexon,2017,Red,,O0325,2018-08-17,Flagged,SRC005,0.8,2025-04-07 06:50:20,2026-04-09 00:53:51
V00121,KA82CD8742,Truck,Maruti Suzuki,Pulsar,2024,Grey,P00057,,2024-02-03,Flagged,SRC026,0.9,2024-01-29 07:32:54,2025-11-15 19:00:56
V00122,GJ81EF4318,Car,Tata,Nexon,2016,Black,P01729,,2023-12-25,Active,SRC005,0.9,2025-03-04 14:42:28,2024-01-06 22:51:02
V00123,MP27EF9790,Motorcycle,Tata,Nexon,2017,Black,P02554,,2017-01-09,Inactive,SRC005,0.84,2025-08-19 09:34:08,2025-10-14 10:09:01
V00124,MP99GH1948,Truck,Mahindra,Creta,2018,Blue,P01098,,2019-05-26,Flagged,SRC021,0.91,2026-05-14 19:18:58,2024-10-13 17:53:45
V00125,MH86CD4516,Auto Rickshaw,Mahindra,Nexon,2016,Blue,P02742,,2020-01-22,Flagged,SRC010,0.88,2026-08-14 21:36:13,2024-03-26 10:13:25
V00126,MP78JK8286,Car,Maruti Suzuki,Creta,2022,Grey,,O0203,2022-05-27,Active,SRC005,0.98,2026-01-06 08:26:54,2025-07-07 17:24:20
V00127,KA30GH6210,Auto Rickshaw,Tata,Creta,2018,Silver,,O0123,2022-01-05,Flagged,SRC012,0.96,2025-03-08 03:12:36,2024-05-09 11:27:22
V00128,MH62AB1840,SUV,Hero,City,2018,Black,P00538,,2017-04-20,Active,SRC022,0.87,2026-03-25 08:23:12,2025-12-14 12:44:29
V00129,MH05CD9054,SUV,Toyota,Swift,2022,Black,P01854,,2026-03-11,Inactive,SRC027,0.85,2026-07-17 06:47:06,2024-09-08 22:51:15
V00130,MP97AB7556,Auto Rickshaw,Maruti Suzuki,Scorpio,2014,Red,P03008,,2025-01-31,Inactive,SRC016,0.85,2026-06-01 22:37:15,2025-01-04 01:18:43
V00131,RJ62EF9318,SUV,Hero,Splendor,2015,Red,P02721,,2018-03-03,Flagged,SRC030,0.94,2025-03-30 04:35:17,2026-03-04 13:22:49
V00132,MH30EF4643,Truck,Mahindra,Splendor,2023,White,P00960,,2020-07-28,Active,SRC008,0.9,2026-07-18 22:14:20,2025-12-04 13:56:21
V00133,DL38AB6349,Van,Honda,Splendor,2020,White,,O0384,2023-01-01,Flagged,SRC006,0.89,2025-07-16 14:47:29,2026-03-15 03:44:44
V00134,MP20AB8559,Truck,Bajaj,Nexon,2018,Blue,P02149,,2018-04-15,Active,SRC029,0.91,2024-10-27 02:48:27,2025-12-31 00:41:35
V00135,MH34CD8447,SUV,Bajaj,Creta,2021,Red,P00649,,2025-06-11,Active,SRC029,0.98,2026-02-26 22:08:20,2026-08-19 05:08:24
V00136,RJ94AB2042,Car,Hero,Innova,2024,Silver,P00324,,2024-07-19,Inactive,SRC023,0.87,2024-05-20 10:44:06,2024-09-06 03:27:28
V00137,RJ32EF2833,Car,Bajaj,Splendor,2025,Silver,P01206,,2017-07-25,Inactive,SRC009,0.93,2026-07-20 16:27:42,2025-10-26 17:01:57
V00138,DL73AB9043,Car,Bajaj,Splendor,2024,Grey,P03237,,2021-10-05,Flagged,SRC029,0.96,2026-04-05 13:50:55,2024-05-18 07:42:09
V00139,MH03CD5691,Truck,Tata,Scorpio,2024,Red,P00215,,2020-01-26,Flagged,SRC001,0.99,2024-05-17 07:20:58,2025-01-13 07:04:45
V00140,MH39AB9739,Van,Hyundai,Innova,2025,Silver,P00879,,2020-06-29,Flagged,SRC001,0.99,2024-06-08 09:07:58,2024-10-25 03:34:19
V00141,MH08CD9348,Car,Mahindra,Innova,2018,Black,P02562,,2021-12-18,Active,SRC027,0.98,2025-03-18 23:46:52,2025-10-15 09:38:40
V00142,MP20JK7048,Auto Rickshaw,Maruti Suzuki,City,2022,Blue,P00902,,2021-07-18,Flagged,SRC028,0.99,2025-08-12 21:04:34,2025-02-15 16:05:01
V00143,UP79JK9169,Auto Rickshaw,Toyota,Splendor,2017,Black,P00444,,2022-08-19,Flagged,SRC006,0.92,2026-01-31 13:12:01,2025-07-09 14:40:02
V00144,RJ68AB3347,Truck,Mahindra,Pulsar,2017,Blue,P03415,,2018-10-08,Active,SRC021,0.81,2024-02-17 07:34:12,2026-02-11 11:44:53
V00145,RJ59JK7795,Motorcycle,Maruti Suzuki,Scorpio,2022,White,P01133,,2022-09-16,Inactive,SRC019,0.81,2026-03-24 14:21:59,2026-03-12 05:43:14
V00146,DL51GH1640,Van,Bajaj,Pulsar,2018,Silver,P01055,,2022-04-09,Inactive,SRC019,0.81,2025-06-29 08:03:03,2026-02-04 15:38:38
V00147,MP14EF5304,Auto Rickshaw,Tata,Splendor,2016,Silver,P00336,,2024-10-09,Inactive,SRC029,0.89,2026-04-13 01:50:06,2024-07-26 13:48:18
V00148,DL96AB9608,Van,Tata,Innova,2022,Silver,P00420,,2017-10-26,Active,SRC028,0.84,2026-08-07 15:46:41,2025-05-30 05:30:53
V00149,KA61CD8942,Auto Rickshaw,Toyota,Nexon,2015,Red,P02625,,2019-06-15,Inactive,SRC027,0.98,2025-08-07 19:09:14,2025-09-04 09:44:23
V00150,KA86CD4954,Car,Hyundai,City,2017,Silver,P03931,,2018-08-22,Active,SRC024,0.87,2025-02-21 01:43:57,2026-06-06 17:45:59
V00151,DL21GH8569,Van,Toyota,Splendor,2016,Grey,,O0120,2025-11-05,Inactive,SRC015,0.82,2024-02-04 05:16:37,2024-04-17 05:18:14
V00152,GJ53AB6775,Motorcycle,Honda,Pulsar,2025,Silver,P02869,,2025-12-11,Flagged,SRC030,0.88,2024-08-30 18:42:49,2026-08-24 23:14:39
V00153,MP79GH9818,Motorcycle,Honda,Pulsar,2024,Blue,,O0385,2018-10-05,Flagged,SRC016,0.82,2025-12-04 19:49:46,2025-01-18 08:15:58
V00154,RJ21JK3061,Truck,Hyundai,Splendor,2021,Black,P03100,,2018-05-17,Inactive,SRC025,0.8,2024-02-14 08:48:19,2025-03-30 10:24:43
V00155,DL01JK2054,Car,Maruti Suzuki,Swift,2014,Grey,P03388,,2024-11-22,Flagged,SRC016,0.9,2025-09-08 10:55:57,2024-07-10 08:55:46
V00156,UP67CD7694,Motorcycle,Hero,City,2015,Blue,,O0060,2023-10-06,Flagged,SRC016,0.93,2026-02-11 04:36:05,2025-02-27 12:29:37
V00157,MH24EF1926,Auto Rickshaw,Hyundai,Scorpio,2017,Blue,P03734,,2025-09-20,Flagged,SRC005,0.83,2025-12-28 15:09:51,2026-04-04 03:27:20
V00158,KA38EF5343,Auto Rickshaw,Toyota,City,2018,Grey,,O0133,2023-12-13,Active,SRC015,0.9,2024-05-22 04:43:06,2026-04-21 03:07:29
V00159,UP23EF5631,Van,Hero,Creta,2021,Silver,P02457,,2025-01-23,Active,SRC014,0.98,2025-04-30 14:06:21,2025-10-31 21:33:12
V00160,DL99JK5273,Motorcycle,Maruti Suzuki,Pulsar,2015,Black,P01841,,2023-05-08,Inactive,SRC014,0.92,2024-01-07 11:16:58,2024-07-17 11:28:49
V00161,MH58GH2399,Truck,Tata,Innova,2025,Blue,P00678,,2022-05-08,Active,SRC030,0.81,2026-07-09 11:20:32,2025-10-19 11:19:21
V00162,UP64JK1476,Truck,Hyundai,Nexon,2022,White,P03521,,2019-04-29,Active,SRC003,0.98,2026-05-09 08:32:39,2025-12-26 16:36:51
V00163,GJ92JK2829,SUV,Bajaj,Splendor,2015,White,,O0112,2021-02-25,Active,SRC029,0.87,2024-05-26 21:18:00,2026-05-03 17:44:07
V00164,UP95AB4273,Motorcycle,Toyota,Pulsar,2016,Blue,P01330,,2023-05-05,Inactive,SRC010,0.84,2024-12-21 17:15:23,2024-01-03 15:41:14
V00165,DL24JK5163,Car,Hyundai,Nexon,2019,Red,P03267,,2023-03-04,Active,SRC002,0.81,2025-06-12 23:18:48,2024-02-11 13:29:51
V00166,DL09JK3566,Truck,Hyundai,Nexon,2018,Grey,P00191,,2020-05-14,Flagged,SRC013,0.93,2024-12-26 16:10:48,2024-12-21 20:34:01
V00167,KA60JK4378,Car,Mahindra,Creta,2021,Black,P03272,,2018-05-16,Flagged,SRC024,0.85,2024-12-20 03:53:42,2025-01-26 08:33:10
V00168,RJ45AB4491,Van,Bajaj,City,2022,White,P00885,,2025-10-06,Inactive,SRC024,0.92,2025-11-15 03:51:45,2024-06-11 12:06:28
V00169,RJ64JK2632,Truck,Honda,Innova,2015,Blue,P03016,,2016-12-14,Active,SRC001,0.9,2024-07-25 04:22:25,2024-12-21 02:14:19
V00170,KA55EF5091,Truck,Toyota,Creta,2023,Silver,,O0319,2017-06-30,Active,SRC012,0.98,2024-04-04 01:41:35,2024-01-10 19:03:38
V00171,KA45JK4507,Auto Rickshaw,Honda,Swift,2015,White,P03088,,2023-12-05,Inactive,SRC012,0.96,2025-09-09 10:16:31,2025-10-03 12:32:50
V00172,UP78JK8763,Motorcycle,Tata,Innova,2021,Red,P02900,,2018-04-17,Flagged,SRC023,0.86,2024-09-17 02:26:45,2025-07-20 09:44:59
V00173,GJ79CD2927,Auto Rickshaw,Tata,Nexon,2021,Black,P00716,,2024-05-05,Inactive,SRC009,0.97,2026-06-25 07:29:49,2024-08-19 12:24:42
V00174,UP47EF1194,Motorcycle,Maruti Suzuki,Splendor,2023,Silver,P02336,,2024-01-13,Flagged,SRC005,0.86,2026-05-14 20:35:23,2025-12-11 22:32:54
V00175,RJ20CD7146,Van,Hero,Scorpio,2023,White,P01923,,2024-08-30,Inactive,SRC011,0.97,2024-05-01 22:59:15,2025-01-17 23:34:10
V00176,MP52GH3965,Van,Hero,City,2014,Blue,P02227,,2023-02-18,Flagged,SRC019,0.96,2024-06-16 13:32:56,2024-07-07 04:09:38
V00177,MH60CD3782,Truck,Hyundai,Splendor,2020,Silver,,O0236,2022-06-30,Flagged,SRC001,0.84,2025-07-21 02:41:01,2024-05-28 19:45:55
V00178,KA99EF5975,SUV,Maruti Suzuki,Nexon,2023,White,P02599,,2016-09-02,Flagged,SRC012,0.87,2024-11-17 18:17:13,2025-12-03 11:07:18
V00179,GJ96JK5600,Truck,Honda,Creta,2024,Silver,P03395,,2023-01-10,Flagged,SRC006,0.95,2024-09-13 19:33:00,2024-05-12 07:39:22
V00180,GJ92GH1556,Auto Rickshaw,Tata,Nexon,2023,Black,P03429,,2017-07-30,Inactive,SRC029,0.81,2024-01-22 18:09:23,2026-04-27 17:34:33
V00181,GJ66GH4102,Van,Mahindra,Swift,2019,Blue,P03168,,2022-02-11,Inactive,SRC013,0.98,2025-12-24 16:47:10,2025-06-29 20:26:02
V00182,UP34CD6526,Auto Rickshaw,Hyundai,Splendor,2019,Blue,P02708,,2018-04-01,Active,SRC003,0.88,2026-02-09 07:43:36,2026-02-11 03:53:44
V00183,MP05JK5305,SUV,Bajaj,Scorpio,2024,White,P03562,,2024-07-31,Inactive,SRC015,0.93,2026-07-22 17:28:43,2024-10-27 16:27:04
V00184,UP23GH6500,Car,Hero,Innova,2019,Blue,,O0054,2024-02-11,Inactive,SRC007,0.97,2024-04-25 08:32:46,2024-07-01 10:00:15
V00185,RJ69JK2332,Van,Bajaj,Swift,2023,Grey,P02731,,2026-08-01,Inactive,SRC003,0.82,2026-04-20 01:52:17,2026-02-10 08:40:19
V00186,DL71GH5683,Auto Rickshaw,Honda,Splendor,2017,Black,P03076,,2023-12-23,Active,SRC016,0.92,2024-06-21 12:48:58,2024-05-31 21:13:31
V00187,GJ38EF8559,SUV,Hero,Splendor,2014,Grey,,O0392,2020-10-31,Active,SRC017,0.95,2025-07-12 20:26:12,2025-09-23 20:44:22
V00188,GJ71JK4126,SUV,Toyota,Pulsar,2018,Red,P03022,,2022-06-17,Active,SRC030,0.83,2025-05-03 15:04:43,2024-06-12 14:51:30
V00189,GJ11AB6271,Van,Toyota,Nexon,2021,Grey,P01496,,2020-10-21,Active,SRC030,0.82,2024-01-10 15:12:39,2025-09-28 14:29:26
V00190,RJ21GH7569,Truck,Hyundai,Swift,2019,Black,P03346,,2022-10-02,Inactive,SRC026,0.91,2025-05-15 07:19:33,2025-02-02 12:14:45
V00191,GJ33GH4902,Car,Bajaj,City,2025,Grey,P02287,,2019-10-19,Active,SRC013,0.99,2026-08-23 17:14:45,2026-08-19 07:07:28
V00192,DL26CD4911,Van,Toyota,Innova,2025,Blue,P01266,,2025-06-14,Active,SRC017,0.9,2025-10-02 00:12:16,2026-06-18 11:46:23
V00193,MH84AB5315,Truck,Mahindra,Nexon,2019,Silver,P00922,,2019-01-15,Flagged,SRC011,0.98,2026-02-13 11:41:14,2025-05-17 22:43:33
V00194,UP81CD1130,Van,Bajaj,Pulsar,2019,Black,P02055,,2021-11-30,Inactive,SRC016,0.92,2025-04-10 22:41:51,2024-04-20 14:08:42
V00195,MP05JK1348,Car,Tata,Creta,2014,White,,O0394,2019-10-14,Active,SRC007,0.97,2025-09-03 20:16:06,2024-02-23 13:45:46
V00196,RJ12GH1214,Truck,Bajaj,City,2018,Red,P01636,,2021-08-12,Flagged,SRC030,0.93,2025-10-03 16:20:06,2025-03-09 11:36:45
V00197,MH64GH7782,SUV,Maruti Suzuki,Nexon,2025,Blue,,O0201,2024-12-08,Inactive,SRC030,0.95,2026-01-29 00:10:29,2025-04-17 17:40:54
V00198,MP20CD2907,SUV,Mahindra,Innova,2017,Grey,P03105,,2023-03-12,Inactive,SRC019,0.99,2024-02-24 07:47:25,2024-03-14 00:09:53
V00199,MP76GH7473,Auto Rickshaw,Bajaj,Creta,2020,Black,P01971,,2023-05-19,Inactive,SRC005,0.92,2024-03-07 12:30:22,2024-03-02 08:42:03
V00200,DL04AB1793,Van,Maruti Suzuki,Creta,2021,Grey,P00871,,2025-04-05,Inactive,SRC010,0.88,2024-01-18 09:33:40,2025-02-25 13:24:21
V00201,DL49EF2918,Van,Toyota,Swift,2021,Blue,P01213,,2020-02-07,Active,SRC004,0.98,2025-07-27 18:31:41,2025-05-25 09:52:33
V00202,MP41CD5468,Truck,Hero,Pulsar,2016,White,,O0114,2023-12-20,Inactive,SRC010,0.81,2024-09-28 07:59:19,2024-01-05 00:30:23
V00203,KA29GH6708,Car,Honda,Creta,2020,Silver,P03088,,2024-03-17,Flagged,SRC024,0.94,2025-07-11 13:02:06,2025-09-28 18:41:56
V00204,KA74JK4063,Motorcycle,Hero,Scorpio,2024,Black,P02164,,2019-05-29,Inactive,SRC017,0.87,2025-12-03 11:22:43,2024-03-13 06:54:43
V00205,GJ90JK7768,Motorcycle,Toyota,Innova,2019,Red,P02154,,2025-07-19,Flagged,SRC001,0.81,2024-08-06 21:11:46,2024-03-03 02:37:55
V00206,KA73AB5301,Auto Rickshaw,Toyota,Nexon,2019,Black,P02459,,2016-10-13,Inactive,SRC019,0.87,2026-06-04 23:30:17,2025-04-21 19:52:27
V00207,UP74GH6976,SUV,Hero,Swift,2019,Blue,,O0043,2021-12-22,Inactive,SRC009,0.87,2024-03-16 17:48:27,2024-07-31 13:28:35
V00208,MP34EF3421,Car,Maruti Suzuki,Nexon,2014,Red,P02325,,2025-10-30,Active,SRC017,0.9,2026-01-25 03:01:25,2024-06-29 09:10:53
V00209,RJ10CD8037,Car,Honda,Nexon,2015,Black,P02587,,2024-06-09,Active,SRC026,0.97,2024-10-13 22:21:35,2024-05-06 03:31:05
V00210,DL63JK8725,SUV,Tata,Creta,2014,White,P01669,,2021-03-02,Flagged,SRC010,0.9,2025-12-29 17:43:32,2025-02-26 07:45:56
V00211,GJ87EF8101,Auto Rickshaw,Bajaj,Nexon,2016,Black,P00719,,2016-11-02,Flagged,SRC002,0.98,2025-09-23 15:25:44,2026-04-17 10:49:14
V00212,GJ37AB8536,Car,Maruti Suzuki,Innova,2020,Grey,P03305,,2025-03-05,Active,SRC020,0.94,2025-05-18 15:40:37,2024-05-09 07:51:25
V00213,UP83GH1539,Van,Maruti Suzuki,Pulsar,2018,Red,P02859,,2017-03-28,Flagged,SRC021,0.89,2026-02-09 08:30:35,2025-06-30 08:16:19
V00214,UP68CD6468,Car,Hero,Innova,2024,Black,P01370,,2023-09-02,Active,SRC010,0.89,2025-07-28 20:31:47,2025-12-15 23:07:49
V00215,DL26AB8318,Van,Tata,Splendor,2017,Black,P01255,,2018-08-11,Inactive,SRC011,0.84,2024-10-12 12:56:42,2026-06-09 15:14:44
V00216,KA40CD4837,Motorcycle,Bajaj,Nexon,2016,Silver,P03452,,2026-02-01,Active,SRC014,0.97,2025-11-02 09:06:58,2025-11-30 18:13:55
V00217,MH59CD3243,Motorcycle,Maruti Suzuki,Creta,2018,Grey,P02169,,2025-05-30,Inactive,SRC014,0.89,2025-08-06 17:33:37,2025-11-05 10:11:01
V00218,MP32JK1920,Truck,Toyota,City,2015,Blue,,O0486,2022-11-10,Inactive,SRC023,0.83,2024-07-11 23:48:04,2026-05-16 02:23:40
V00219,MP06AB1321,SUV,Honda,Scorpio,2017,White,P02028,,2019-12-26,Inactive,SRC025,0.81,2025-01-09 16:09:15,2024-09-12 07:11:29
V00220,DL76CD5164,Car,Bajaj,Swift,2014,Red,P03349,,2021-11-14,Flagged,SRC030,0.89,2025-02-06 09:40:45,2026-03-06 22:18:30
V00221,GJ86JK7427,SUV,Toyota,City,2016,Black,,O0258,2023-09-24,Inactive,SRC006,0.96,2024-06-07 06:36:46,2026-03-29 20:22:40
V00222,GJ60EF7000,Auto Rickshaw,Bajaj,City,2018,Black,P02141,,2019-12-03,Flagged,SRC006,0.89,2026-01-04 01:06:18,2025-05-18 07:55:21
V00223,DL27CD6891,Motorcycle,Bajaj,Splendor,2018,Blue,P00355,,2023-09-18,Inactive,SRC005,0.96,2025-01-23 18:10:03,2024-09-26 15:01:28
V00224,MP55GH1950,Truck,Toyota,Nexon,2017,Blue,P00709,,2021-06-18,Active,SRC009,0.92,2024-03-12 01:04:29,2025-02-20 23:11:41
V00225,GJ24AB4643,Auto Rickshaw,Toyota,Splendor,2021,Grey,P02823,,2017-01-14,Flagged,SRC008,0.82,2025-09-29 10:08:54,2024-05-02 15:47:27
V00226,DL32JK7279,Auto Rickshaw,Mahindra,Pulsar,2016,Black,P01188,,2019-03-15,Active,SRC030,0.89,2024-12-06 01:44:36,2024-01-01 05:18:28
V00227,MH94GH4278,Auto Rickshaw,Honda,Splendor,2021,Red,P00836,,2020-01-22,Inactive,SRC007,0.81,2024-04-06 15:08:18,2025-12-12 21:24:43
V00228,RJ41JK6833,Truck,Tata,Splendor,2020,Silver,P03909,,2024-08-22,Inactive,SRC030,0.95,2026-05-07 06:15:01,2026-01-15 06:43:23
V00229,DL76AB6657,Auto Rickshaw,Hero,Scorpio,2024,White,P03508,,2019-12-18,Flagged,SRC008,0.94,2024-11-20 03:27:20,2026-02-26 05:48:14
V00230,GJ68AB5396,Auto Rickshaw,Honda,Nexon,2023,Blue,P03797,,2020-03-09,Flagged,SRC007,0.88,2024-11-17 05:19:35,2024-12-27 23:38:26
V00231,DL03GH6132,Car,Toyota,Pulsar,2015,White,P00469,,2020-12-06,Flagged,SRC012,0.98,2025-05-25 16:17:47,2024-05-30 22:56:59
V00232,MP06GH5899,Truck,Hyundai,Pulsar,2023,Grey,P03291,,2026-07-25,Active,SRC003,0.87,2025-06-10 00:54:38,2024-01-08 20:44:19
V00233,MP63AB9237,Van,Tata,Splendor,2014,White,P00113,,2018-11-12,Flagged,SRC006,0.97,2025-02-20 15:43:07,2024-07-01 20:06:21
V00234,MP46GH3763,Auto Rickshaw,Honda,Nexon,2014,Grey,P02629,,2018-12-14,Active,SRC012,0.92,2025-08-05 23:45:53,2024-05-12 15:37:18
V00235,MP52JK8888,Van,Maruti Suzuki,Innova,2018,Black,,O0399,2024-02-28,Inactive,SRC025,0.83,2024-06-16 22:34:54,2025-01-06 23:55:53
V00236,UP17AB5872,Auto Rickshaw,Hero,Creta,2023,Red,P02260,,2018-03-27,Active,SRC023,0.82,2024-04-25 11:14:15,2025-06-13 10:48:06
V00237,KA14AB8763,Motorcycle,Tata,Innova,2021,Silver,P02035,,2024-11-15,Flagged,SRC027,0.83,2024-01-01 12:24:25,2026-04-22 04:19:27
V00238,UP05CD5903,Truck,Maruti Suzuki,Innova,2020,Red,,O0123,2024-08-18,Inactive,SRC026,0.84,2026-05-04 11:48:39,2024-04-05 16:16:14
V00239,RJ18AB1940,Auto Rickshaw,Honda,Pulsar,2017,White,,O0042,2021-08-14,Active,SRC017,0.93,2024-03-27 09:43:14,2024-01-24 07:01:55
V00240,RJ03AB9804,Van,Mahindra,Innova,2014,Red,P02992,,2021-06-29,Inactive,SRC010,0.98,2024-12-27 09:47:42,2026-06-14 01:42:05
V00241,MP71AB4642,Car,Tata,Innova,2018,Grey,P00777,,2024-01-20,Active,SRC030,0.91,2024-08-11 10:09:35,2025-02-21 11:18:02
V00242,UP14CD6863,Auto Rickshaw,Maruti Suzuki,Innova,2018,Red,P01049,,2021-02-05,Active,SRC015,0.97,2026-08-12 15:09:33,2024-05-08 22:54:04
V00243,RJ15JK7301,Auto Rickshaw,Tata,City,2017,Grey,P03077,,2021-12-04,Flagged,SRC023,0.82,2025-06-01 13:18:15,2025-04-18 01:25:55
V00244,GJ30JK5611,Truck,Maruti Suzuki,Splendor,2016,White,P03595,,2021-07-03,Inactive,SRC025,0.9,2025-04-14 03:12:56,2025-09-13 01:04:49
V00245,GJ86JK5538,SUV,Honda,Swift,2016,Black,P03622,,2021-05-15,Active,SRC015,0.94,2026-01-22 12:28:17,2025-11-23 23:21:03
V00246,MP17AB1890,Van,Bajaj,Splendor,2016,Silver,,O0352,2020-12-10,Active,SRC015,0.91,2026-06-02 14:50:42,2024-11-09 09:12:12
V00247,UP37EF5440,SUV,Hyundai,Swift,2020,Grey,P02991,,2018-12-30,Inactive,SRC010,0.92,2025-08-13 21:10:28,2026-05-15 08:49:21
V00248,MP98JK4150,Car,Bajaj,Scorpio,2025,Silver,P03418,,2021-07-25,Inactive,SRC007,0.96,2024-11-25 21:38:56,2024-07-07 05:00:54
V00249,KA86JK5197,Motorcycle,Toyota,Splendor,2025,Silver,P00080,,2018-10-21,Inactive,SRC006,0.95,2024-11-28 04:32:05,2026-05-21 06:37:24
V00250,GJ27EF8475,Motorcycle,Honda,Pulsar,2022,Blue,P00977,,2019-08-18,Flagged,SRC027,0.98,2025-06-28 20:27:25,2024-11-07 14:13:34
V00251,MH22CD6447,Motorcycle,Toyota,Swift,2016,Black,P03852,,2017-11-02,Inactive,SRC030,0.88,2026-07-19 10:13:48,2025-01-09 05:13:57
V00252,DL01CD4769,Truck,Honda,Splendor,2015,Black,P02621,,2018-07-26,Inactive,SRC029,0.8,2025-09-24 01:11:40,2024-02-23 22:52:55
V00253,KA92GH6488,Motorcycle,Tata,Nexon,2015,Red,P02024,,2023-02-23,Flagged,SRC022,0.83,2026-02-09 18:21:00,2024-08-24 08:03:55
V00254,MP94EF1200,Auto Rickshaw,Tata,Scorpio,2024,Silver,P00185,,2026-04-28,Active,SRC030,0.99,2024-09-01 06:46:20,2026-04-05 19:35:25
V00255,UP70GH4453,Truck,Honda,Innova,2017,Silver,P02777,,2018-08-24,Active,SRC026,0.81,2024-06-21 08:43:32,2025-09-08 17:40:58
V00256,KA53CD9897,Motorcycle,Bajaj,Pulsar,2020,Blue,P02717,,2022-05-16,Inactive,SRC021,0.94,2024-05-28 02:43:36,2026-02-27 07:32:19
V00257,DL49JK5983,Truck,Hyundai,Splendor,2022,Red,P01388,,2021-02-20,Inactive,SRC028,0.93,2026-07-02 10:36:09,2026-07-16 09:05:08
V00258,KA40EF6164,Auto Rickshaw,Toyota,Scorpio,2025,Black,P02908,,2018-04-12,Flagged,SRC013,0.89,2024-03-09 11:41:11,2025-03-05 01:49:58
V00259,GJ75EF3558,Truck,Mahindra,Creta,2022,Red,P03496,,2022-08-04,Flagged,SRC017,0.92,2025-07-09 23:33:06,2024-04-25 11:14:35
V00260,RJ52CD4995,SUV,Tata,Swift,2023,White,P03893,,2019-08-29,Active,SRC011,0.85,2026-01-07 19:46:39,2025-03-12 03:34:11
V00261,MH38JK8608,Van,Maruti Suzuki,Innova,2024,Silver,P02092,,2017-02-10,Flagged,SRC019,0.82,2025-06-21 15:05:01,2024-01-01 10:31:42
V00262,KA34AB8022,SUV,Honda,Splendor,2020,Silver,,O0478,2019-09-17,Active,SRC006,0.98,2026-07-25 13:11:46,2024-01-20 06:56:37
V00263,KA84EF1287,Van,Toyota,Scorpio,2019,White,P02803,,2020-08-11,Active,SRC017,0.85,2025-01-27 04:31:49,2026-01-27 17:25:27
V00264,MH73CD4621,SUV,Toyota,Pulsar,2019,White,,O0212,2021-10-03,Inactive,SRC023,0.9,2024-03-04 19:33:50,2025-03-19 09:57:05
V00265,MH07JK5904,Van,Bajaj,Swift,2019,Blue,P03903,,2017-04-19,Inactive,SRC015,0.88,2026-05-25 04:43:04,2026-02-13 23:32:55
V00266,KA98GH2372,Motorcycle,Honda,Scorpio,2017,Silver,P01492,,2023-06-27,Inactive,SRC004,0.86,2026-07-01 23:30:07,2024-09-07 00:11:55
V00267,UP50JK4353,Truck,Tata,Innova,2024,Black,P02376,,2020-04-15,Flagged,SRC004,0.95,2026-03-04 22:31:01,2025-05-03 06:37:11
V00268,RJ28EF3614,Truck,Maruti Suzuki,Scorpio,2015,Red,P00917,,2022-07-04,Active,SRC023,0.87,2024-03-26 06:07:39,2025-06-10 20:42:10
V00269,RJ89EF5318,Van,Bajaj,Splendor,2017,Black,P01728,,2021-06-21,Active,SRC015,0.81,2025-10-27 11:53:38,2025-01-04 14:52:15
V00270,RJ79EF5112,Car,Tata,Pulsar,2023,Grey,P00398,,2017-07-17,Flagged,SRC003,0.9,2025-12-21 17:29:54,2024-05-01 23:50:49
V00271,MP92AB6616,Motorcycle,Hero,City,2014,Silver,P02812,,2023-09-03,Inactive,SRC003,0.91,2026-05-29 12:12:46,2026-08-27 15:36:51
V00272,UP75JK5902,Auto Rickshaw,Toyota,Creta,2015,Grey,P03505,,2018-05-02,Inactive,SRC006,0.87,2025-08-29 22:11:57,2025-11-05 18:02:50
V00273,RJ40AB5860,SUV,Hyundai,Nexon,2016,Blue,P00582,,2022-07-14,Flagged,SRC011,0.96,2024-05-09 22:42:35,2025-10-05 15:57:05
V00274,DL83CD8539,Car,Hyundai,Swift,2025,Black,P02054,,2017-04-24,Inactive,SRC015,0.93,2026-05-17 13:29:07,2025-01-17 17:11:01
V00275,DL73AB1606,Car,Honda,Nexon,2018,Grey,P00358,,2018-11-10,Active,SRC027,0.94,2025-09-18 01:39:03,2025-11-02 04:57:23
V00276,MH70EF5252,Auto Rickshaw,Hero,Nexon,2020,Black,,O0494,2025-12-23,Active,SRC021,0.86,2025-08-03 04:25:26,2026-04-29 02:02:37
V00277,DL56GH8247,Car,Honda,Nexon,2025,Blue,P00033,,2019-10-31,Inactive,SRC027,0.93,2024-07-29 07:48:07,2026-08-29 12:18:18
V00278,MH42EF1754,Van,Honda,Nexon,2025,Red,P03984,,2022-06-09,Flagged,SRC006,0.84,2025-05-21 22:04:37,2025-04-16 17:06:06
V00279,DL36JK9236,Van,Bajaj,Creta,2022,Red,P03476,,2025-06-29,Inactive,SRC010,0.98,2024-02-15 18:11:30,2025-08-08 03:31:56
V00280,GJ10CD2318,Motorcycle,Mahindra,City,2023,Grey,,O0356,2022-04-15,Active,SRC012,0.91,2024-01-29 14:53:27,2025-09-30 21:31:25
V00281,RJ06GH3395,Van,Tata,Scorpio,2019,Black,P03102,,2017-06-22,Inactive,SRC009,0.94,2024-08-31 07:14:37,2025-05-31 20:56:43
V00282,MP15CD9491,Truck,Hero,Swift,2025,Silver,P01563,,2026-04-13,Inactive,SRC004,0.97,2026-05-29 10:51:26,2024-10-25 16:24:37
V00283,DL65EF9150,Auto Rickshaw,Toyota,City,2022,Grey,P03431,,2023-07-14,Active,SRC024,0.95,2025-02-15 09:46:22,2025-02-18 23:17:59
V00284,RJ16EF7149,Truck,Honda,Scorpio,2022,Red,P01045,,2024-09-26,Inactive,SRC013,0.94,2024-06-06 11:27:40,2025-11-17 22:19:26
V00285,RJ65EF7777,Van,Hero,Innova,2017,Red,P03302,,2020-01-13,Active,SRC010,0.92,2025-05-04 03:09:31,2025-01-02 00:12:58
V00286,MH79CD1675,Motorcycle,Bajaj,Creta,2023,Blue,P03273,,2022-10-22,Flagged,SRC007,0.82,2025-04-02 20:17:13,2024-06-04 10:58:49
V00287,UP70GH2829,Auto Rickshaw,Toyota,Splendor,2024,Silver,P01016,,2023-04-30,Active,SRC028,0.98,2025-01-05 13:11:51,2024-12-04 19:19:38
V00288,UP51JK4271,Van,Maruti Suzuki,Scorpio,2021,White,,O0097,2025-01-29,Inactive,SRC003,0.9,2025-10-28 11:34:47,2025-02-06 13:53:02
V00289,DL03GH5667,Van,Hyundai,Nexon,2014,Silver,P03606,,2025-10-26,Inactive,SRC011,0.86,2025-07-05 14:27:36,2024-01-14 02:01:47
V00290,RJ29GH4436,Van,Mahindra,Creta,2017,Blue,P01779,,2023-07-08,Active,SRC026,0.93,2026-05-30 20:28:36,2025-07-16 07:13:15
V00291,MH08EF3999,Car,Maruti Suzuki,Scorpio,2021,Blue,P00721,,2018-03-25,Flagged,SRC019,0.9,2025-09-22 04:53:16,2026-05-19 23:07:03
V00292,GJ83JK8306,Truck,Mahindra,Splendor,2025,White,P00126,,2018-06-28,Active,SRC006,0.84,2024-10-30 12:56:19,2024-06-08 20:44:50
V00293,UP90JK4567,Auto Rickshaw,Hero,Splendor,2025,Red,P01833,,2025-11-06,Inactive,SRC020,0.8,2025-05-09 09:09:02,2026-08-23 15:39:16
V00294,DL88JK3126,Truck,Tata,Swift,2015,Black,P00532,,2017-11-21,Active,SRC015,0.8,2024-05-30 11:52:31,2025-08-15 17:55:49
V00295,RJ35AB6273,Car,Hero,City,2023,Red,P03619,,2017-02-04,Active,SRC030,0.98,2025-04-11 13:03:28,2024-04-23 02:20:10
V00296,MH69CD4216,Van,Bajaj,City,2023,Black,,O0310,2022-08-18,Flagged,SRC027,0.83,2025-04-29 20:59:33,2025-05-11 10:29:49
V00297,MP31JK1227,Auto Rickshaw,Maruti Suzuki,Scorpio,2017,Blue,P00919,,2019-03-27,Active,SRC027,0.84,2025-04-25 19:34:18,2025-01-08 02:14:51
V00298,KA99CD7628,Car,Honda,Swift,2018,Grey,P01868,,2025-05-23,Flagged,SRC014,0.81,2026-04-03 19:46:10,2024-11-26 03:02:01
V00299,RJ12EF9780,Car,Hyundai,Creta,2014,Grey,P01495,,2023-06-21,Flagged,SRC020,0.91,2025-11-07 00:51:51,2025-12-26 05:43:33
V00300,UP75CD3689,Motorcycle,Hyundai,Splendor,2025,Blue,P00620,,2019-09-10,Flagged,SRC023,0.97,2025-05-10 21:14:56,2024-02-20 00:50:39
V00301,DL75CD3411,Car,Hyundai,Swift,2024,Blue,P02772,,2020-09-17,Flagged,SRC026,0.9,2024-01-10 01:36:53,2024-12-02 03:11:59
V00302,RJ21CD3423,Auto Rickshaw,Tata,Splendor,2018,Red,P00030,,2021-08-25,Inactive,SRC017,0.85,2025-07-31 06:10:48,2025-11-20 16:11:20
V00303,UP40EF3025,Car,Mahindra,City,2018,Silver,P02560,,2020-11-04,Active,SRC011,0.85,2025-03-11 03:49:22,2026-05-15 03:47:45
V00304,DL98EF2509,Van,Toyota,City,2021,Red,P01093,,2020-10-26,Inactive,SRC002,0.83,2025-03-12 19:06:22,2024-09-28 07:48:27
V00305,KA82CD2336,Car,Hyundai,Innova,2021,White,P02077,,2018-12-30,Flagged,SRC028,0.82,2025-09-03 13:12:33,2026-03-09 11:57:59
V00306,KA76GH3866,Motorcycle,Honda,Creta,2014,Red,P00984,,2018-10-13,Flagged,SRC028,0.83,2024-05-10 13:31:45,2024-10-11 02:30:37
V00307,GJ06EF7390,Motorcycle,Hyundai,Swift,2020,Black,,O0074,2023-08-28,Inactive,SRC027,0.91,2026-03-09 02:08:38,2025-04-29 08:50:38
V00308,DL60GH8076,Auto Rickshaw,Bajaj,Creta,2025,Grey,P00272,,2020-09-11,Inactive,SRC021,0.9,2024-11-12 20:42:53,2024-03-19 21:36:39
V00309,RJ17AB5937,Motorcycle,Hero,Innova,2025,Blue,P02307,,2024-09-15,Flagged,SRC003,0.81,2025-07-17 19:22:18,2024-10-06 00:08:12
V00310,GJ09AB1476,Truck,Tata,Innova,2023,Red,P03957,,2022-06-14,Active,SRC007,0.81,2024-11-04 08:59:13,2024-11-30 15:22:56
V00311,RJ53JK3638,SUV,Hyundai,Innova,2016,Blue,P00475,,2019-07-15,Flagged,SRC001,0.99,2025-05-20 12:07:52,2025-03-18 14:58:50
V00312,RJ04EF5494,Van,Maruti Suzuki,Innova,2014,Blue,P03726,,2022-10-17,Inactive,SRC021,0.92,2024-05-27 12:01:24,2024-11-17 07:23:23
V00313,MP61AB5247,Motorcycle,Maruti Suzuki,City,2021,Black,P02696,,2025-03-19,Active,SRC029,0.9,2024-03-28 13:00:09,2024-03-14 17:35:31
V00314,UP57EF3078,Van,Mahindra,Nexon,2016,Red,P02225,,2025-01-20,Flagged,SRC028,0.85,2026-07-31 23:59:28,2026-02-09 08:47:23
V00315,KA25EF1892,Motorcycle,Hyundai,Swift,2017,Grey,P00946,,2021-02-23,Flagged,SRC016,0.8,2025-06-27 02:14:44,2026-02-22 11:51:15
V00316,MH41JK3283,Motorcycle,Toyota,Swift,2020,Black,P03381,,2022-06-07,Inactive,SRC010,0.93,2025-05-26 04:06:54,2026-07-21 02:15:55
V00317,UP48GH1873,Truck,Mahindra,Nexon,2022,Grey,P03410,,2018-01-18,Active,SRC009,0.82,2024-07-16 18:05:30,2025-05-28 13:55:20
V00318,GJ36CD5987,Truck,Hyundai,Nexon,2018,Silver,P00921,,2017-08-22,Flagged,SRC011,0.89,2024-03-04 23:32:36,2026-01-04 05:49:52
V00319,KA38CD4208,Motorcycle,Maruti Suzuki,City,2014,Black,P01724,,2017-08-01,Active,SRC022,0.93,2024-04-26 22:20:40,2026-04-08 21:33:01
V00320,DL11JK2938,SUV,Toyota,Scorpio,2019,White,,O0174,2017-03-13,Inactive,SRC005,0.91,2026-06-24 14:16:52,2024-07-20 23:06:39
V00321,DL85AB5521,Truck,Hyundai,City,2017,Grey,P03434,,2024-06-22,Active,SRC008,0.84,2024-02-01 02:57:10,2025-05-06 04:51:49
V00322,DL27JK7242,Auto Rickshaw,Toyota,Innova,2020,Blue,P03419,,2022-03-28,Inactive,SRC028,0.92,2025-12-09 16:44:07,2025-12-14 06:25:12
V00323,MH02JK1295,SUV,Mahindra,City,2021,Red,,O0457,2021-01-17,Flagged,SRC019,0.97,2025-12-01 08:46:12,2025-02-26 13:54:48
V00324,GJ09CD4017,Auto Rickshaw,Honda,Pulsar,2019,White,P02434,,2025-03-21,Flagged,SRC007,0.93,2024-12-05 05:19:19,2025-09-03 16:42:27
V00325,MP33GH2856,Auto Rickshaw,Tata,Swift,2015,Red,,O0305,2019-11-19,Inactive,SRC002,0.94,2026-04-15 10:02:56,2024-01-21 04:42:19
V00326,MH36AB1090,Van,Hero,Creta,2024,Red,P02075,,2023-03-03,Inactive,SRC021,0.81,2026-06-30 08:19:35,2026-07-26 23:20:02
V00327,KA94CD2798,Van,Mahindra,City,2023,Red,P02301,,2019-01-03,Flagged,SRC014,0.84,2025-08-10 17:27:31,2024-01-10 04:04:07
V00328,MH84CD8605,SUV,Mahindra,Creta,2021,Silver,P01473,,2018-07-20,Active,SRC027,0.99,2025-03-19 07:40:03,2024-01-24 18:57:45
V00329,MP24CD5184,Car,Maruti Suzuki,Swift,2016,Silver,P01539,,2022-01-26,Flagged,SRC007,0.89,2026-01-01 09:39:26,2025-02-25 11:10:59
V00330,DL11JK4735,SUV,Maruti Suzuki,Swift,2016,Black,P03509,,2022-03-01,Flagged,SRC016,0.98,2024-06-21 03:24:12,2026-02-27 12:16:42
V00331,KA68JK9044,SUV,Hero,City,2016,Black,P03999,,2016-12-03,Inactive,SRC003,0.92,2024-07-05 15:48:52,2025-10-27 09:56:00
V00332,KA21GH6092,Motorcycle,Hyundai,City,2023,Black,,O0020,2024-09-19,Flagged,SRC023,0.9,2025-06-20 11:10:14,2026-08-24 02:20:33
V00333,MH91EF5676,Van,Hero,Nexon,2021,Red,P02958,,2023-04-30,Flagged,SRC014,0.92,2025-09-14 15:47:39,2024-10-18 05:12:21
V00334,UP26JK3469,Car,Toyota,Innova,2015,Silver,P03047,,2023-04-30,Flagged,SRC021,0.89,2025-08-25 06:15:32,2025-02-01 04:57:27
V00335,GJ92CD4785,Car,Honda,Scorpio,2018,Blue,P03330,,2021-02-18,Inactive,SRC018,0.82,2025-10-20 00:11:32,2025-06-21 20:54:03
V00336,DL19GH9462,Van,Honda,City,2017,Black,,O0288,2023-07-02,Flagged,SRC016,0.97,2026-06-10 11:16:12,2025-09-21 00:31:00
V00337,GJ81AB3339,Truck,Maruti Suzuki,Scorpio,2014,White,P03993,,2024-06-12,Flagged,SRC004,0.95,2026-01-16 07:42:50,2026-03-11 03:27:47
V00338,DL12AB2903,Auto Rickshaw,Honda,Swift,2021,Silver,P00910,,2020-09-21,Inactive,SRC019,0.89,2026-04-30 05:53:51,2024-03-03 04:14:16
V00339,MP54CD5134,Truck,Honda,City,2017,White,P00690,,2019-04-22,Inactive,SRC007,0.86,2024-05-07 14:19:54,2026-08-23 20:13:05
V00340,KA62EF6808,Car,Tata,Scorpio,2022,Black,P03084,,2017-12-22,Flagged,SRC021,0.9,2025-02-09 19:55:12,2026-02-17 22:06:24
V00341,MP30GH2396,Truck,Toyota,Swift,2021,Black,P01615,,2022-10-14,Active,SRC030,0.89,2024-09-26 04:40:39,2024-03-17 10:13:21
V00342,GJ44EF3334,Truck,Honda,Pulsar,2022,Grey,P00915,,2018-02-04,Active,SRC025,0.97,2025-02-25 17:02:46,2024-09-02 14:10:56
V00343,UP70GH3903,Car,Mahindra,Nexon,2017,Blue,P03178,,2026-03-07,Active,SRC025,0.83,2024-07-23 08:50:08,2024-10-05 15:57:41
V00344,GJ79EF4916,Motorcycle,Hero,City,2014,Black,P00249,,2024-07-15,Inactive,SRC012,0.87,2025-04-16 03:09:31,2026-04-20 05:27:22
V00345,GJ47JK1824,Motorcycle,Mahindra,Scorpio,2015,White,P00740,,2023-09-20,Flagged,SRC004,0.9,2024-05-30 20:06:27,2024-09-12 17:29:57
V00346,DL94AB6337,Auto Rickshaw,Hyundai,City,2017,Red,P02953,,2023-07-13,Flagged,SRC017,0.93,2024-08-26 20:04:40,2026-06-21 22:19:16
V00347,KA35JK1755,Truck,Honda,City,2021,White,P02000,,2020-09-05,Flagged,SRC028,0.98,2026-07-24 18:54:37,2024-08-17 17:26:50
V00348,UP09CD3363,SUV,Maruti Suzuki,Pulsar,2016,White,P03697,,2018-10-29,Flagged,SRC010,0.98,2024-08-23 23:13:19,2024-01-15 08:39:17
V00349,GJ34GH4098,Auto Rickshaw,Mahindra,Splendor,2014,Black,P00888,,2023-12-30,Inactive,SRC011,0.87,2026-02-27 06:41:17,2024-06-02 10:15:29
V00350,RJ25EF2960,SUV,Hyundai,Innova,2021,Grey,P02825,,2024-06-02,Flagged,SRC004,0.99,2026-06-02 11:14:59,2025-10-19 09:02:50
V00351,GJ73CD3359,Auto Rickshaw,Mahindra,Pulsar,2020,Silver,P01844,,2019-09-08,Active,SRC018,0.92,2024-06-28 05:54:47,2024-04-26 22:49:24
V00352,GJ14JK1001,Truck,Tata,Splendor,2018,Silver,P02617,,2022-09-04,Flagged,SRC015,0.85,2025-01-11 03:06:56,2024-06-04 21:37:08
V00353,DL84JK3460,SUV,Maruti Suzuki,Splendor,2020,Black,P03509,,2024-09-18,Active,SRC016,0.96,2026-01-10 06:44:30,2025-07-06 06:51:23
V00354,GJ26EF4778,Van,Hyundai,Nexon,2015,Silver,P01702,,2021-11-26,Inactive,SRC008,0.81,2024-11-05 23:22:35,2025-01-19 02:06:27
V00355,MP78EF9690,Motorcycle,Maruti Suzuki,City,2016,Blue,P03539,,2022-05-10,Inactive,SRC007,0.83,2024-01-16 00:24:40,2026-02-06 03:42:35
V00356,RJ46EF9145,SUV,Hero,City,2024,Silver,P00726,,2018-11-16,Flagged,SRC007,0.88,2024-07-19 16:40:35,2024-10-06 16:13:48
V00357,MH13GH1263,Truck,Mahindra,City,2014,Black,P01335,,2018-03-16,Flagged,SRC019,0.89,2024-09-07 12:11:43,2026-02-20 00:19:29
V00358,DL28JK4334,SUV,Bajaj,City,2021,Blue,P00016,,2025-12-24,Active,SRC012,0.84,2024-09-23 22:08:27,2024-01-16 00:15:42
V00359,GJ50CD2723,Auto Rickshaw,Toyota,City,2016,Red,P03552,,2016-12-03,Inactive,SRC005,0.96,2026-08-22 15:17:47,2026-03-30 01:17:48
V00360,DL69JK3588,Van,Hero,Swift,2015,Black,P00333,,2023-09-03,Inactive,SRC003,0.91,2025-04-21 21:27:04,2025-12-01 03:38:29
V00361,MH24CD2971,Auto Rickshaw,Hero,Splendor,2019,Blue,P01800,,2021-06-21,Inactive,SRC026,0.81,2024-11-11 19:57:50,2025-03-25 07:37:20
V00362,KA23AB5588,SUV,Mahindra,Scorpio,2021,Red,P01963,,2026-07-20,Inactive,SRC019,0.95,2025-08-28 17:42:44,2024-03-02 23:39:57
V00363,KA56CD8539,Van,Tata,City,2017,Blue,P00415,,2019-11-15,Inactive,SRC022,0.97,2025-10-30 07:44:59,2024-02-16 03:06:40
V00364,MP05GH9694,Motorcycle,Mahindra,Scorpio,2024,Red,P00905,,2025-01-07,Flagged,SRC019,0.97,2025-05-10 12:41:51,2025-09-04 16:23:42
V00365,UP27EF7860,Motorcycle,Tata,Creta,2015,Blue,P02010,,2019-01-26,Inactive,SRC018,0.97,2025-05-30 21:05:35,2025-03-18 03:31:38
V00366,MH50JK9617,Van,Hero,Scorpio,2019,Red,P01574,,2021-07-03,Flagged,SRC004,0.98,2024-12-22 19:16:24,2024-09-18 04:33:16
V00367,UP82JK8573,Motorcycle,Honda,City,2020,Blue,P02809,,2020-10-26,Inactive,SRC026,0.99,2025-04-04 11:13:28,2026-03-16 12:18:52
V00368,RJ79EF8481,Auto Rickshaw,Tata,Scorpio,2024,Grey,P01205,,2025-06-15,Flagged,SRC004,0.87,2024-12-16 13:22:03,2025-01-29 18:59:50
V00369,KA90JK1664,Truck,Hero,Nexon,2023,Grey,P00632,,2017-01-08,Flagged,SRC029,0.87,2026-01-01 15:25:36,2025-05-20 06:39:01
V00370,RJ94GH8420,Van,Mahindra,Pulsar,2020,Black,P03614,,2026-04-28,Inactive,SRC005,0.89,2025-10-14 01:22:09,2025-04-23 23:18:58
V00371,UP58EF7025,Car,Honda,Swift,2024,Blue,P00076,,2018-06-07,Inactive,SRC004,0.93,2025-09-08 08:12:25,2025-01-30 23:23:14
V00372,UP65JK1833,Car,Hyundai,Splendor,2019,Black,,O0119,2017-05-23,Flagged,SRC021,0.82,2024-01-04 05:51:52,2025-09-25 23:31:51
V00373,KA61JK1196,Van,Hero,Pulsar,2015,Blue,P03659,,2025-12-03,Active,SRC012,0.88,2025-08-01 04:16:05,2024-08-28 11:03:00
V00374,GJ06CD1060,Motorcycle,Maruti Suzuki,Nexon,2016,Black,P01747,,2017-04-03,Flagged,SRC010,0.86,2026-02-01 14:43:35,2026-06-08 16:03:19
V00375,KA53EF2515,Van,Toyota,Pulsar,2020,Grey,P00342,,2022-10-24,Active,SRC028,0.88,2026-03-08 03:39:02,2026-01-05 15:23:17
V00376,MP39CD9920,Truck,Mahindra,Scorpio,2023,Black,,O0417,2017-09-19,Active,SRC022,0.94,2026-06-10 04:37:04,2024-09-29 20:21:42
V00377,DL92AB4067,Van,Hyundai,Splendor,2020,Silver,P02551,,2025-08-01,Flagged,SRC018,0.87,2025-03-26 00:27:47,2025-09-14 05:20:06
V00378,GJ22GH4435,SUV,Honda,Swift,2024,Red,P03612,,2021-10-30,Flagged,SRC029,0.97,2024-10-10 15:43:00,2026-03-18 18:41:07
V00379,GJ39GH3528,Car,Tata,Pulsar,2018,Grey,P03329,,2024-10-09,Flagged,SRC011,0.95,2025-09-15 07:10:37,2025-04-25 14:09:06
V00380,RJ92JK5115,Van,Hyundai,Creta,2025,Grey,P01692,,2026-05-30,Inactive,SRC018,0.81,2024-05-11 05:54:50,2024-06-30 17:26:56
V00381,MP93AB1470,Car,Hero,Splendor,2021,Grey,P02928,,2019-03-29,Inactive,SRC022,0.81,2024-10-30 13:57:04,2026-05-20 01:37:58
V00382,MP83CD8046,SUV,Tata,Scorpio,2022,Black,P00057,,2018-09-17,Active,SRC008,0.87,2025-04-04 13:58:37,2024-10-24 02:29:45
V00383,DL40AB3706,SUV,Toyota,Pulsar,2016,Red,P00122,,2020-01-17,Flagged,SRC004,0.83,2025-09-09 02:42:43,2026-07-02 04:51:35
V00384,MH47EF1431,Truck,Honda,Creta,2015,Black,,O0012,2025-02-16,Flagged,SRC026,0.88,2024-06-21 16:14:49,2024-10-24 03:41:30
V00385,GJ89EF2598,Van,Bajaj,Innova,2020,Red,P00653,,2023-01-18,Flagged,SRC018,0.84,2026-07-27 23:51:53,2024-05-22 07:33:09
V00386,GJ04JK3895,Van,Tata,Splendor,2019,Red,P02466,,2024-04-09,Inactive,SRC005,0.81,2024-07-20 22:33:31,2025-06-05 22:04:04
V00387,MH92AB5698,Auto Rickshaw,Mahindra,Swift,2020,White,P02975,,2022-04-22,Inactive,SRC008,0.95,2025-06-14 05:00:07,2024-04-06 14:58:41
V00388,GJ68JK5751,Van,Maruti Suzuki,Swift,2020,Blue,P03880,,2022-07-18,Flagged,SRC024,0.94,2025-11-02 09:55:24,2025-08-11 04:31:43
V00389,MH29GH2170,Car,Honda,City,2023,White,P02319,,2019-06-06,Inactive,SRC004,0.92,2024-04-08 16:36:57,2025-01-18 22:14:57
V00390,GJ55JK1884,Van,Hero,Innova,2022,White,P01730,,2026-01-31,Active,SRC020,0.82,2025-12-04 14:59:03,2024-05-01 04:46:47
V00391,UP62JK1609,SUV,Mahindra,Splendor,2019,White,P01887,,2020-11-15,Flagged,SRC023,0.9,2025-12-25 02:59:43,2024-04-14 02:38:08
V00392,MH94EF3957,Truck,Hero,Swift,2017,Blue,P01397,,2017-04-29,Flagged,SRC029,0.89,2024-02-09 18:14:34,2024-01-30 09:32:07
V00393,MH30JK1052,Car,Honda,Creta,2018,Red,P02022,,2020-11-03,Active,SRC006,0.92,2026-01-03 21:04:27,2025-11-07 01:51:59
V00394,RJ94JK6118,Auto Rickshaw,Honda,Creta,2014,Silver,,O0356,2020-12-10,Active,SRC007,0.95,2024-11-29 10:42:59,2024-01-22 11:40:11
V00395,KA88JK7336,SUV,Bajaj,Nexon,2025,Red,,O0018,2024-03-16,Active,SRC008,0.85,2024-10-26 23:16:18,2026-02-14 18:57:40
V00396,DL30EF3739,Car,Hyundai,City,2021,Red,P00275,,2017-10-16,Inactive,SRC013,0.89,2025-12-11 06:32:34,2025-02-22 12:09:07
V00397,MH22EF2385,Auto Rickshaw,Honda,Creta,2019,Grey,,O0250,2018-05-05,Active,SRC015,0.98,2024-06-02 21:46:16,2026-04-14 03:08:25
V00398,GJ29CD2897,Auto Rickshaw,Hero,Nexon,2018,Grey,,O0091,2025-06-04,Flagged,SRC023,0.88,2024-03-30 13:15:07,2025-02-19 07:13:59
V00399,MP30EF4347,Auto Rickshaw,Maruti Suzuki,Swift,2019,Grey,P01122,,2020-01-29,Flagged,SRC009,0.82,2025-05-24 08:54:28,2025-05-14 16:55:31
V00400,MH35AB7406,Truck,Hero,Innova,2018,White,P02005,,2023-06-21,Active,SRC025,0.83,2025-08-31 17:52:13,2024-11-28 14:21:52
V00401,MP86AB6241,Car,Tata,Nexon,2023,Blue,P02908,,2024-09-02,Active,SRC002,0.91,2024-03-22 23:18:25,2026-01-20 21:15:06
V00402,MH27GH1500,SUV,Toyota,Swift,2017,Red,P03133,,2025-11-05,Flagged,SRC014,0.98,2025-08-21 10:35:37,2025-01-11 05:46:33
V00403,GJ25AB7720,Motorcycle,Hero,Scorpio,2018,Silver,P02538,,2025-01-09,Active,SRC005,0.91,2024-10-04 08:52:08,2024-06-01 20:21:22
V00404,RJ87CD9797,Auto Rickshaw,Toyota,Innova,2022,Grey,P02519,,2016-11-16,Inactive,SRC020,0.94,2026-05-01 19:44:58,2025-12-13 09:27:40
V00405,UP06CD8747,Truck,Bajaj,Scorpio,2025,Red,P03704,,2020-07-06,Inactive,SRC018,0.98,2024-06-02 18:15:59,2026-08-21 10:20:40
V00406,GJ93GH2566,Motorcycle,Maruti Suzuki,Pulsar,2023,Silver,P03188,,2021-04-29,Inactive,SRC026,0.95,2025-03-15 02:24:59,2026-05-23 03:50:40
V00407,MP90JK6424,Motorcycle,Hyundai,Pulsar,2015,Silver,,O0054,2023-07-08,Inactive,SRC026,0.87,2025-07-03 07:44:54,2026-01-06 10:10:34
V00408,GJ79GH2713,Motorcycle,Honda,Creta,2015,Black,P02806,,2021-09-07,Flagged,SRC005,0.92,2024-11-09 18:43:52,2024-05-05 12:05:40
V00409,MP02EF3761,Motorcycle,Toyota,Nexon,2018,Grey,P02129,,2019-11-14,Flagged,SRC013,0.86,2025-06-02 06:54:13,2024-01-10 23:26:35
V00410,GJ06JK6300,SUV,Honda,Innova,2023,Blue,P01188,,2020-11-14,Flagged,SRC025,0.93,2026-02-25 19:34:56,2024-11-19 21:39:56
V00411,MP40CD9989,Van,Honda,City,2018,White,P02351,,2022-05-20,Inactive,SRC002,0.83,2025-09-29 17:27:57,2025-05-18 12:20:53
V00412,MP74EF6037,Car,Toyota,Nexon,2015,Blue,P03097,,2024-12-31,Flagged,SRC019,0.92,2024-03-24 22:12:01,2026-02-16 03:53:32
V00413,UP99GH8617,Van,Mahindra,Swift,2022,Blue,P00004,,2019-03-27,Active,SRC011,0.84,2024-02-12 03:26:38,2025-12-25 02:24:32
V00414,MH27CD7346,Van,Hero,Swift,2019,Black,P02376,,2020-07-12,Flagged,SRC016,0.91,2024-08-05 23:38:49,2024-04-01 01:43:07
V00415,GJ13CD8354,Truck,Hyundai,Scorpio,2016,Silver,P02215,,2019-05-29,Active,SRC030,0.85,2026-01-03 20:54:52,2024-05-18 17:34:47
V00416,UP72JK5260,Auto Rickshaw,Maruti Suzuki,City,2015,Grey,P02131,,2022-05-24,Active,SRC016,0.85,2025-07-17 11:39:17,2024-06-12 21:48:04
V00417,KA15AB6342,SUV,Honda,City,2024,Blue,P00528,,2025-05-22,Inactive,SRC001,0.83,2025-08-23 10:29:23,2026-06-09 17:32:41
V00418,KA10AB2155,Van,Hyundai,Swift,2021,White,P01670,,2025-05-31,Active,SRC029,0.89,2025-02-05 17:47:59,2024-06-26 11:13:42
V00419,KA63CD1242,Truck,Toyota,Creta,2025,Silver,P03466,,2026-05-02,Flagged,SRC026,0.87,2025-06-24 14:29:36,2026-04-30 12:19:36
V00420,RJ23AB6040,Car,Mahindra,Nexon,2024,Silver,P03545,,2022-07-14,Active,SRC010,0.86,2026-03-16 01:16:22,2026-07-01 15:43:20
V00421,MP57JK6610,Van,Mahindra,City,2017,Grey,P00649,,2025-08-09,Active,SRC009,0.86,2026-04-07 22:55:45,2026-05-20 22:44:00
V00422,MH77AB5116,Motorcycle,Hyundai,Nexon,2022,Grey,P00348,,2026-06-14,Flagged,SRC028,0.88,2024-03-07 22:26:08,2025-04-26 16:17:37
V00423,RJ38GH9218,Auto Rickshaw,Mahindra,Pulsar,2017,Black,P01415,,2019-09-11,Active,SRC002,0.91,2026-03-03 17:05:34,2024-08-27 23:26:52
V00424,RJ65EF4122,Car,Maruti Suzuki,Splendor,2014,White,P00388,,2019-03-27,Inactive,SRC013,0.82,2024-06-04 13:24:32,2025-03-13 04:51:27
V00425,MP81CD8804,Auto Rickshaw,Mahindra,Nexon,2018,Grey,P03616,,2017-05-20,Inactive,SRC018,0.95,2024-04-15 00:46:36,2026-01-17 07:59:44
V00426,KA50EF3583,SUV,Maruti Suzuki,Nexon,2017,Black,P03970,,2017-08-13,Inactive,SRC021,0.84,2026-03-08 15:10:32,2026-06-02 20:09:54
V00427,RJ81EF8336,Auto Rickshaw,Hero,Scorpio,2016,Black,P02340,,2025-02-27,Inactive,SRC006,0.85,2024-04-18 21:05:49,2024-01-15 01:13:07
V00428,KA22JK3714,Auto Rickshaw,Hyundai,Scorpio,2017,Black,,O0366,2024-07-30,Inactive,SRC001,0.98,2025-02-09 22:39:11,2024-03-18 04:20:43
V00429,KA79EF7622,Car,Toyota,Pulsar,2023,Black,P01651,,2018-12-11,Inactive,SRC009,0.98,2024-04-22 23:58:41,2024-12-04 19:56:25
V00430,KA90GH6874,Auto Rickshaw,Tata,Pulsar,2015,Grey,P01501,,2024-04-23,Flagged,SRC019,0.82,2025-02-09 04:23:45,2025-03-22 07:54:41
V00431,KA98JK2156,Motorcycle,Toyota,Swift,2016,Silver,P00912,,2021-05-20,Inactive,SRC006,0.82,2024-03-11 22:26:43,2026-06-30 02:56:01
V00432,RJ07EF5867,Car,Honda,Nexon,2018,White,P01947,,2018-12-01,Inactive,SRC005,0.93,2025-10-04 23:33:06,2026-06-05 19:46:04
V00433,MH55AB7473,Car,Honda,Pulsar,2018,Black,P01537,,2019-04-05,Active,SRC029,0.94,2025-06-29 11:18:07,2024-01-09 20:47:03
V00434,RJ51GH1167,SUV,Mahindra,Creta,2017,Blue,P01252,,2022-05-23,Flagged,SRC016,0.94,2026-05-12 04:30:45,2026-03-20 03:55:00
V00435,RJ49GH4674,Van,Hero,Splendor,2016,Silver,P01163,,2026-05-13,Flagged,SRC006,0.97,2024-08-15 08:32:43,2025-01-22 20:13:11
V00436,GJ89AB3886,Truck,Hero,Pulsar,2015,Black,P02089,,2018-02-01,Flagged,SRC017,0.83,2024-12-26 21:46:48,2024-12-22 14:58:30
V00437,GJ92JK8562,Van,Honda,Creta,2023,Silver,,O0082,2018-03-14,Flagged,SRC028,0.81,2026-07-08 17:30:09,2025-07-16 06:26:21
V00438,MH59EF7581,Car,Maruti Suzuki,City,2014,Blue,P00499,,2025-03-10,Inactive,SRC016,0.96,2024-11-20 02:06:09,2024-11-25 00:45:42
V00439,UP67GH9246,SUV,Hyundai,Swift,2020,Black,P01326,,2019-01-13,Inactive,SRC015,0.81,2025-09-25 22:41:08,2025-04-17 19:59:42
V00440,RJ79CD9773,Auto Rickshaw,Bajaj,Innova,2015,Black,,O0178,2021-10-15,Active,SRC011,0.85,2025-02-13 05:43:56,2024-03-30 00:13:48
V00441,DL04GH9211,Van,Honda,Splendor,2021,White,P00528,,2022-05-18,Active,SRC014,0.98,2026-01-21 18:52:33,2025-01-09 10:28:31
V00442,MP96CD4922,Motorcycle,Bajaj,Nexon,2021,White,P00568,,2020-11-22,Inactive,SRC012,0.95,2024-04-21 02:47:06,2026-06-05 18:35:00
V00443,MH61JK6423,Van,Tata,Scorpio,2019,Silver,P00296,,2017-12-09,Active,SRC012,0.92,2024-12-07 15:09:02,2024-12-27 06:41:56
V00444,MP40EF9928,Truck,Bajaj,Scorpio,2025,Blue,P02411,,2023-06-30,Inactive,SRC027,0.91,2024-02-26 15:30:27,2025-07-03 18:17:59
V00445,UP07EF1640,Car,Honda,Innova,2015,Red,P01189,,2017-01-16,Active,SRC024,0.88,2024-05-27 13:21:55,2025-09-05 00:24:47
V00446,MP48JK9413,Car,Toyota,Nexon,2024,Silver,P01669,,2022-10-01,Active,SRC019,0.92,2026-03-23 04:40:44,2026-04-08 00:22:24
V00447,GJ68JK5033,Motorcycle,Tata,Innova,2021,White,P00350,,2018-01-26,Active,SRC004,0.82,2024-09-14 18:40:59,2026-01-12 20:21:45
V00448,RJ86AB3633,Truck,Tata,Creta,2018,Blue,P01600,,2024-08-05,Flagged,SRC020,0.87,2024-09-17 16:14:36,2024-12-27 11:45:49
V00449,UP85JK2548,Auto Rickshaw,Hero,Creta,2019,Silver,P01780,,2025-07-23,Flagged,SRC025,0.9,2024-04-14 00:38:57,2025-08-12 22:55:01
V00450,UP12AB6176,Motorcycle,Mahindra,Scorpio,2020,Grey,P01573,,2019-04-28,Flagged,SRC028,0.95,2024-07-21 05:57:18,2024-09-15 20:13:46
V00451,GJ60EF4747,Car,Mahindra,City,2024,Black,P00806,,2021-03-20,Inactive,SRC015,0.9,2024-08-11 22:00:33,2024-08-24 06:39:31
V00452,GJ51GH2057,Car,Toyota,Innova,2020,Blue,P03328,,2019-07-01,Flagged,SRC003,0.97,2026-08-19 19:23:18,2026-05-05 20:15:35
V00453,RJ40AB7063,Van,Hero,Pulsar,2020,White,,O0306,2017-12-03,Flagged,SRC003,0.89,2024-06-30 11:20:34,2026-05-05 12:51:44
V00454,DL49AB5657,Auto Rickshaw,Hero,Scorpio,2014,Grey,P02770,,2026-01-12,Inactive,SRC030,0.9,2025-02-23 06:35:09,2025-05-12 19:06:46
V00455,DL64CD9130,Motorcycle,Maruti Suzuki,Creta,2023,Blue,P01870,,2019-08-10,Inactive,SRC020,0.95,2025-10-28 06:28:44,2024-01-03 16:02:58
V00456,UP48CD2731,Van,Honda,Innova,2024,Grey,P01620,,2023-03-01,Inactive,SRC018,0.91,2024-04-17 00:40:14,2026-06-19 05:28:55
V00457,GJ26JK7942,Truck,Honda,City,2017,Red,P02194,,2018-10-01,Flagged,SRC001,0.93,2024-07-18 12:45:43,2026-06-11 04:44:59
V00458,MP39EF8639,Truck,Toyota,Innova,2025,Red,,O0141,2020-06-15,Inactive,SRC007,0.91,2025-06-21 21:07:42,2025-09-26 10:16:38
V00459,RJ92GH8681,Auto Rickshaw,Tata,Creta,2019,Grey,P02594,,2020-05-07,Active,SRC007,0.92,2024-11-23 04:52:33,2026-06-09 19:35:31
V00460,KA30CD8881,Van,Mahindra,Creta,2020,Red,P03235,,2021-06-14,Flagged,SRC025,0.92,2025-06-17 04:55:17,2026-05-13 08:50:21
V00461,MH99JK8386,Van,Hero,Pulsar,2019,Blue,P02046,,2018-06-22,Inactive,SRC010,0.99,2026-06-07 06:03:49,2026-08-22 22:34:30
V00462,UP11GH6839,Motorcycle,Honda,Swift,2023,Grey,P02185,,2021-10-30,Active,SRC021,0.91,2024-11-19 15:13:10,2026-01-11 23:56:39
V00463,UP81EF2859,Car,Hero,Innova,2020,Black,P01808,,2018-10-05,Inactive,SRC027,0.85,2024-01-23 00:33:23,2025-07-08 14:31:10
V00464,MP05JK2659,Van,Tata,Pulsar,2023,Grey,P00625,,2018-10-07,Flagged,SRC014,0.98,2024-07-03 03:21:39,2026-07-29 18:55:28
V00465,RJ65CD4517,Motorcycle,Tata,Pulsar,2017,Grey,P03178,,2025-08-22,Active,SRC003,0.91,2026-03-05 04:18:32,2026-05-02 05:40:28
V00466,GJ25GH9194,Car,Tata,Swift,2014,Grey,P00715,,2020-01-19,Inactive,SRC018,0.93,2025-08-03 22:10:58,2024-12-23 14:20:16
V00467,RJ16EF7913,Truck,Hyundai,City,2025,Red,P01729,,2020-03-05,Inactive,SRC026,0.98,2024-03-16 00:57:14,2024-01-31 05:13:03
V00468,UP70CD5186,Auto Rickshaw,Toyota,City,2015,Grey,P02535,,2017-05-09,Inactive,SRC013,0.81,2025-03-26 22:45:30,2025-11-18 13:39:41
V00469,MP01GH7444,SUV,Tata,Innova,2017,White,P01439,,2026-08-19,Active,SRC009,0.86,2026-01-11 05:32:59,2025-08-16 07:54:53
V00470,DL52JK6498,Truck,Tata,Nexon,2016,Black,P02678,,2018-10-04,Flagged,SRC002,0.8,2025-05-24 12:15:11,2024-07-06 09:08:07
V00471,GJ93JK8836,Auto Rickshaw,Hero,City,2024,White,P03254,,2023-09-13,Inactive,SRC009,0.83,2025-03-16 15:22:41,2026-05-16 20:01:35
V00472,KA01CD5673,Motorcycle,Maruti Suzuki,Pulsar,2025,Blue,P02080,,2020-03-03,Inactive,SRC028,0.98,2025-12-16 01:13:29,2024-12-04 05:15:52
V00473,MP36GH7844,Truck,Hero,Swift,2024,Red,P02047,,2019-03-28,Flagged,SRC018,0.82,2024-04-19 15:32:11,2024-11-29 20:55:57
V00474,MH16AB8106,Van,Hyundai,Nexon,2017,White,P01589,,2019-09-10,Inactive,SRC013,0.93,2025-03-03 20:40:03,2024-03-13 21:09:59
V00475,RJ47JK9837,Car,Hyundai,Pulsar,2024,Grey,P03615,,2024-04-16,Inactive,SRC018,0.96,2025-05-27 13:54:52,2025-06-18 07:18:43
V00476,RJ53CD3737,Motorcycle,Maruti Suzuki,Pulsar,2015,Red,P00921,,2017-08-04,Active,SRC005,0.82,2025-07-17 00:47:31,2025-11-21 21:28:20
V00477,KA47AB7241,Motorcycle,Honda,Splendor,2022,Black,,O0364,2016-10-16,Inactive,SRC017,0.9,2025-10-09 05:05:24,2024-07-14 06:31:16
V00478,MP97JK3383,SUV,Hero,City,2014,Red,P01625,,2021-08-27,Inactive,SRC019,0.93,2026-05-28 14:19:40,2026-06-12 04:51:18
V00479,GJ40EF2849,Auto Rickshaw,Hero,Innova,2020,Grey,P00851,,2024-12-09,Inactive,SRC003,0.96,2026-04-30 04:10:57,2026-06-21 04:56:17
V00480,MP29CD4863,Truck,Tata,Innova,2014,White,P00762,,2022-02-02,Flagged,SRC028,0.91,2024-06-28 12:26:06,2025-11-03 23:17:57
V00481,MP98CD3205,Car,Bajaj,Innova,2022,Red,P00337,,2023-02-10,Active,SRC018,0.89,2025-03-20 01:37:31,2025-04-16 20:26:29
V00482,KA05EF2240,Auto Rickshaw,Hyundai,Scorpio,2022,Blue,P01950,,2022-11-14,Active,SRC030,0.93,2026-03-07 11:16:34,2026-08-07 05:07:25
V00483,GJ81JK2433,Van,Hero,Nexon,2023,White,P01109,,2018-11-20,Flagged,SRC008,0.8,2025-03-06 20:10:43,2025-02-23 00:37:18
V00484,MP72EF2006,SUV,Tata,Splendor,2017,White,P00136,,2017-10-09,Active,SRC025,0.9,2025-05-01 08:30:28,2025-11-08 00:06:16
V00485,UP53GH4042,Motorcycle,Honda,Creta,2016,Blue,,O0180,2017-10-28,Inactive,SRC030,0.86,2025-11-17 17:22:01,2025-03-06 03:25:42
V00486,UP67EF3045,Car,Hyundai,Innova,2023,Blue,P01018,,2020-06-06,Flagged,SRC023,0.84,2025-11-02 08:35:55,2026-08-08 09:42:32
V00487,MH89EF5174,SUV,Maruti Suzuki,Pulsar,2020,White,P02398,,2026-07-15,Inactive,SRC019,0.92,2026-02-08 17:31:39,2024-04-13 11:57:32
V00488,MP76GH7307,Auto Rickshaw,Honda,Pulsar,2015,Blue,P00550,,2024-09-22,Active,SRC024,0.98,2025-05-19 19:49:06,2024-04-26 15:30:35
V00489,GJ89JK2946,SUV,Mahindra,Nexon,2015,White,P03292,,2024-07-26,Flagged,SRC016,0.83,2024-02-14 07:26:38,2025-03-05 15:19:38
V00490,MP45AB9384,Motorcycle,Maruti Suzuki,Swift,2022,Grey,P03015,,2025-02-04,Active,SRC026,0.98,2025-05-14 14:45:27,2024-08-15 09:07:51
V00491,DL64AB4272,SUV,Mahindra,City,2021,Black,,O0002,2020-01-13,Active,SRC009,0.83,2025-04-21 15:41:01,2024-10-19 18:53:08
V00492,KA46GH1969,Auto Rickshaw,Mahindra,Pulsar,2019,Blue,P03650,,2022-07-30,Inactive,SRC019,0.84,2024-12-31 05:46:06,2026-05-13 23:27:11
V00493,KA24GH3574,Truck,Maruti Suzuki,City,2025,Grey,P02018,,2022-04-23,Flagged,SRC019,0.98,2024-06-02 15:42:57,2025-04-26 08:41:59
V00494,UP10AB8168,Motorcycle,Hyundai,Scorpio,2021,White,P03098,,2022-08-28,Active,SRC023,0.88,2024-10-17 09:56:09,2025-02-17 14:00:30
V00495,MP50GH3963,Van,Maruti Suzuki,Nexon,2016,Red,P02004,,2026-04-10,Inactive,SRC003,0.81,2024-10-21 04:38:38,2025-11-03 18:52:24
V00496,MP03JK4382,Car,Mahindra,Nexon,2014,Blue,P00664,,2019-12-08,Active,SRC010,0.93,2025-06-13 00:43:43,2024-12-07 06:53:59
V00497,DL31JK5181,Car,Toyota,Scorpio,2015,Red,P03430,,2018-07-18,Active,SRC023,0.97,2025-01-08 00:35:56,2025-02-13 16:25:33
V00498,MP62CD2305,Motorcycle,Hero,Nexon,2023,Blue,P00942,,2026-01-17,Flagged,SRC016,0.96,2024-03-16 13:35:08,2025-04-23 05:01:26
V00499,RJ10CD1669,SUV,Tata,Scorpio,2022,Grey,P03809,,2020-08-08,Flagged,SRC013,0.9,2025-08-17 19:38:35,2026-05-14 10:17:30
V00500,MP02GH8518,Truck,Bajaj,City,2016,Red,P02407,,2017-08-20,Inactive,SRC029,0.89,2025-04-10 18:39:28,2024-07-12 00:07:55
V00501,RJ68EF3444,SUV,Mahindra,Creta,2017,Blue,P03622,,2019-10-26,Inactive,SRC028,0.86,2024-11-29 10:12:15,2026-02-13 01:07:25
V00502,UP92GH5278,SUV,Toyota,Creta,2023,Silver,P00502,,2018-12-29,Inactive,SRC009,0.98,2025-07-08 21:07:08,2026-08-27 12:52:59
V00503,GJ33AB3870,SUV,Toyota,Innova,2015,White,P00841,,2021-06-23,Flagged,SRC017,0.92,2026-08-09 15:56:25,2025-10-17 21:10:17
V00504,RJ13AB9573,Auto Rickshaw,Hero,City,2022,Silver,P00424,,2019-04-29,Active,SRC003,0.86,2024-02-18 10:50:27,2024-07-08 00:46:49
V00505,UP96JK8100,SUV,Bajaj,Swift,2022,Red,P03220,,2019-02-08,Inactive,SRC022,0.83,2026-05-10 21:52:36,2024-02-09 05:41:19
V00506,RJ64GH6416,Motorcycle,Hyundai,Splendor,2020,Blue,P01028,,2020-07-07,Active,SRC012,0.84,2025-11-11 12:20:43,2026-07-02 09:02:52
V00507,MP92AB1189,Auto Rickshaw,Hyundai,Pulsar,2016,White,P02147,,2021-08-29,Flagged,SRC017,0.91,2024-03-07 08:33:25,2026-04-29 21:08:05
V00508,UP37GH4301,Car,Bajaj,Creta,2025,Silver,P01047,,2019-11-19,Flagged,SRC022,0.81,2024-07-02 09:29:26,2026-05-24 09:28:02
V00509,KA79AB9085,Car,Honda,City,2019,White,P00471,,2017-06-25,Flagged,SRC023,0.87,2024-01-11 07:52:49,2025-11-12 21:21:57
V00510,MH31AB7232,Auto Rickshaw,Bajaj,Creta,2023,White,P03574,,2025-03-29,Active,SRC016,0.92,2025-03-31 11:40:42,2024-04-23 23:18:49
V00511,UP38CD6244,Motorcycle,Honda,Pulsar,2021,White,P03925,,2016-12-28,Flagged,SRC007,0.81,2026-01-15 16:37:07,2024-08-17 18:20:57
V00512,KA38GH4256,Auto Rickshaw,Maruti Suzuki,Splendor,2019,Black,P03977,,2025-04-12,Inactive,SRC018,0.92,2025-05-15 00:50:29,2024-10-23 08:25:29
V00513,KA35CD6397,Auto Rickshaw,Toyota,Creta,2017,Black,P00664,,2016-11-22,Active,SRC003,0.97,2025-04-07 15:18:17,2025-01-25 08:27:59
V00514,DL48EF4217,Motorcycle,Mahindra,Nexon,2018,Grey,,O0381,2016-09-21,Flagged,SRC008,0.87,2025-06-15 19:36:17,2024-04-22 04:39:37
V00515,RJ71JK4197,Auto Rickshaw,Hero,Splendor,2021,Black,P02528,,2023-08-18,Active,SRC010,0.84,2024-05-20 07:51:28,2025-02-01 09:15:36
V00516,UP16JK9401,Truck,Honda,Nexon,2021,White,P02039,,2016-10-16,Flagged,SRC013,0.94,2026-03-27 05:41:31,2025-06-22 17:04:27
V00517,GJ46EF4571,Truck,Tata,City,2014,Black,P01705,,2023-09-08,Inactive,SRC016,0.88,2024-11-25 11:11:10,2025-11-15 11:13:59
V00518,KA48EF6017,Car,Bajaj,Pulsar,2022,Blue,P01228,,2022-07-25,Flagged,SRC024,0.86,2025-12-21 16:05:30,2024-12-23 04:15:54
V00519,DL25GH4804,Car,Maruti Suzuki,Creta,2015,Red,P00662,,2021-11-02,Flagged,SRC027,0.9,2025-03-01 13:16:55,2025-03-14 03:47:09
V00520,MH73JK4098,Auto Rickshaw,Maruti Suzuki,Nexon,2014,Red,P02666,,2020-07-20,Active,SRC026,0.87,2026-05-09 11:26:28,2026-08-10 06:46:21
V00521,GJ58CD4325,Truck,Bajaj,Creta,2020,Red,P02650,,2022-05-19,Active,SRC003,0.9,2024-11-20 12:56:02,2024-07-28 02:09:50
V00522,MP32GH5435,Car,Bajaj,Innova,2022,White,P02383,,2024-03-02,Inactive,SRC024,0.97,2025-06-29 07:35:40,2026-02-14 01:50:04
V00523,MP38GH8992,Motorcycle,Toyota,Swift,2017,White,P01272,,2022-01-06,Flagged,SRC026,0.9,2024-05-13 19:35:47,2026-02-17 18:30:56
V00524,GJ09GH4665,Motorcycle,Tata,Innova,2019,Grey,P03406,,2022-12-31,Active,SRC027,0.98,2024-05-10 12:25:14,2025-03-21 16:56:35
V00525,UP85AB4010,Motorcycle,Toyota,Nexon,2025,White,P03382,,2020-11-16,Inactive,SRC021,0.91,2025-11-12 07:51:06,2026-03-05 11:37:41
V00526,MP16JK3856,Truck,Hyundai,Scorpio,2014,Red,P03646,,2025-06-24,Inactive,SRC003,0.8,2025-10-31 16:31:31,2025-06-06 18:17:59
V00527,MP46JK2434,SUV,Hero,Pulsar,2024,White,P02501,,2024-03-14,Flagged,SRC011,0.87,2024-06-16 05:48:40,2025-11-23 03:25:49
V00528,MH05JK5187,Van,Hero,Pulsar,2022,Blue,P03697,,2023-12-25,Inactive,SRC024,0.85,2026-03-20 22:21:31,2025-01-09 10:36:10
V00529,RJ36EF9290,Motorcycle,Toyota,City,2020,Black,P02635,,2024-02-04,Inactive,SRC007,0.85,2024-01-21 05:35:30,2025-12-06 23:51:51
V00530,MH94AB5463,Van,Hyundai,Pulsar,2024,Grey,,O0022,2020-02-01,Active,SRC008,0.85,2025-09-22 03:56:28,2025-11-17 02:10:00
V00531,MH96AB2980,Motorcycle,Hyundai,City,2014,White,P01500,,2025-07-13,Active,SRC003,0.83,2024-12-06 02:43:09,2025-03-21 17:36:57
V00532,RJ85JK2672,Truck,Hero,City,2015,Silver,P00212,,2023-06-11,Inactive,SRC012,0.88,2025-08-16 23:30:11,2025-03-24 16:58:40
V00533,RJ06GH1609,Auto Rickshaw,Honda,Scorpio,2024,Red,P00969,,2026-05-20,Inactive,SRC007,0.95,2024-10-05 21:05:05,2025-02-12 09:12:36
V00534,MP33CD7123,Motorcycle,Toyota,Innova,2025,Silver,P01505,,2023-05-29,Inactive,SRC024,0.83,2026-08-22 13:39:07,2026-03-30 01:18:44
V00535,KA39GH7628,Van,Maruti Suzuki,Swift,2023,Grey,P02194,,2022-04-24,Inactive,SRC026,0.97,2025-12-31 22:34:47,2024-08-30 00:27:01
V00536,DL12CD7235,Car,Mahindra,Innova,2022,White,P00006,,2025-08-02,Inactive,SRC004,0.86,2025-09-26 22:21:58,2024-12-03 19:02:46
V00537,GJ80EF1929,Car,Honda,Pulsar,2019,Grey,P03557,,2018-09-06,Active,SRC018,0.85,2026-01-01 06:15:42,2025-06-20 03:38:16
V00538,KA35JK6142,Van,Hero,Splendor,2019,Silver,P01110,,2021-02-09,Inactive,SRC030,0.97,2026-08-14 13:56:24,2025-08-30 06:42:13
V00539,GJ03AB2341,Auto Rickshaw,Toyota,Nexon,2016,Blue,P01008,,2020-05-26,Active,SRC029,0.86,2024-08-12 08:43:42,2025-02-17 08:37:59
V00540,MP62GH3703,Truck,Honda,Nexon,2014,White,P01464,,2023-09-18,Active,SRC024,0.82,2025-03-16 09:38:05,2025-12-16 11:22:33
V00541,MP76EF4645,SUV,Tata,Nexon,2014,Blue,P00760,,2021-02-19,Active,SRC010,0.98,2024-09-30 19:18:57,2024-01-04 23:09:19
V00542,DL71EF8589,Van,Hero,Scorpio,2018,White,,O0345,2018-12-21,Flagged,SRC023,0.85,2024-08-04 06:15:32,2024-11-24 10:01:26
V00543,MP92GH4701,SUV,Hero,Creta,2024,Black,P00852,,2023-08-09,Inactive,SRC024,0.81,2025-04-23 22:50:43,2025-03-22 13:28:33
V00544,DL64JK6895,Motorcycle,Toyota,Nexon,2019,Blue,P01041,,2026-07-27,Inactive,SRC028,0.85,2026-05-29 06:57:48,2026-08-06 07:41:04
V00545,KA80JK6579,Car,Toyota,City,2015,Silver,P02603,,2017-08-21,Active,SRC014,0.98,2026-04-20 05:29:24,2026-03-03 05:27:20
V00546,RJ17EF4854,Car,Honda,Pulsar,2025,White,P02243,,2018-06-22,Inactive,SRC028,0.85,2026-05-09 13:46:39,2024-03-01 18:19:59
V00547,GJ39CD6943,Auto Rickshaw,Maruti Suzuki,Pulsar,2023,Black,P03860,,2022-12-16,Active,SRC025,0.89,2026-03-31 03:06:08,2026-01-14 11:49:57
V00548,KA07AB6347,SUV,Maruti Suzuki,Swift,2020,Black,P02351,,2020-03-18,Flagged,SRC011,0.9,2025-07-25 06:49:18,2025-10-09 04:21:19
V00549,MP81EF3963,Truck,Bajaj,Innova,2017,Grey,P01423,,2024-03-07,Active,SRC028,0.96,2025-09-16 02:30:03,2024-08-03 03:11:00
V00550,KA65AB6801,Van,Mahindra,Innova,2014,Silver,P01684,,2020-05-03,Active,SRC027,0.9,2024-05-22 16:12:22,2024-08-03 09:12:15
V00551,MH59EF6943,SUV,Hero,Swift,2015,Silver,P00124,,2025-02-05,Active,SRC029,0.97,2025-11-24 08:02:46,2025-09-04 23:40:45
V00552,KA26GH5008,Van,Mahindra,City,2014,Black,P00985,,2022-11-11,Active,SRC004,0.81,2026-07-30 04:11:18,2026-01-05 18:29:03
V00553,DL67AB5713,Van,Maruti Suzuki,Pulsar,2019,Black,P03082,,2017-08-11,Inactive,SRC021,0.91,2024-05-21 14:23:07,2026-02-25 01:59:23
V00554,RJ56CD6077,Truck,Hyundai,Pulsar,2020,White,P01733,,2019-03-10,Inactive,SRC024,0.86,2026-07-18 09:30:57,2024-04-16 09:44:39
V00555,UP93JK1654,SUV,Toyota,Innova,2024,Silver,P00779,,2022-09-10,Active,SRC014,0.99,2024-12-24 08:35:06,2025-10-29 09:50:03
V00556,MP77CD2209,Auto Rickshaw,Tata,Creta,2025,White,P00791,,2024-07-11,Flagged,SRC004,0.82,2025-11-28 14:26:38,2024-12-04 16:54:46
V00557,MH70GH8721,Motorcycle,Maruti Suzuki,Swift,2021,Red,,O0021,2025-06-09,Inactive,SRC026,0.98,2024-05-19 16:50:07,2024-06-05 01:39:55
V00558,DL13JK7601,Truck,Hero,Swift,2025,Grey,P03366,,2022-09-18,Inactive,SRC014,0.9,2024-03-06 00:41:21,2025-12-19 02:23:07
V00559,MH26AB8103,SUV,Maruti Suzuki,Scorpio,2017,Blue,P03814,,2017-10-20,Active,SRC022,0.83,2026-04-14 05:13:47,2026-01-25 10:16:54
V00560,DL96AB2770,SUV,Maruti Suzuki,Innova,2018,Black,P01202,,2023-07-11,Flagged,SRC008,0.85,2026-02-11 22:47:02,2026-06-15 00:59:09
V00561,DL67EF8838,Auto Rickshaw,Mahindra,City,2017,Blue,,O0265,2024-09-27,Inactive,SRC027,0.84,2026-03-05 10:46:54,2024-05-23 10:36:56
V00562,KA67AB2480,SUV,Mahindra,Innova,2022,Silver,P01506,,2021-08-10,Flagged,SRC014,0.83,2026-03-10 18:27:39,2025-12-25 22:25:35
V00563,MH29AB3660,Car,Hyundai,Nexon,2020,Red,P00838,,2021-01-05,Flagged,SRC029,0.96,2026-08-30 00:06:47,2025-06-05 04:02:20
V00564,RJ30JK6813,SUV,Toyota,Innova,2019,White,P00453,,2017-12-01,Inactive,SRC004,0.92,2025-01-29 23:58:02,2025-05-28 02:05:16
V00565,RJ87GH2502,SUV,Tata,Pulsar,2020,Black,P02884,,2019-03-27,Inactive,SRC010,0.84,2026-04-03 06:22:19,2024-12-14 00:43:55
V00566,KA01EF2471,Car,Maruti Suzuki,Swift,2014,Red,P03122,,2026-03-07,Active,SRC021,0.96,2025-03-08 23:01:43,2025-07-20 01:40:22
V00567,MP26EF8808,SUV,Toyota,Pulsar,2018,Black,,O0317,2022-07-21,Inactive,SRC005,0.89,2025-12-31 02:31:12,2026-08-23 07:45:59
V00568,RJ63JK2149,Car,Toyota,Scorpio,2021,Black,P00370,,2019-01-10,Inactive,SRC014,0.87,2025-06-22 02:09:59,2026-04-05 20:42:19
V00569,RJ26EF4137,SUV,Hyundai,Swift,2014,White,P00854,,2020-03-21,Active,SRC006,0.85,2025-06-20 17:24:42,2024-11-29 15:01:27
V00570,MP17GH8572,Van,Maruti Suzuki,Pulsar,2020,Black,P03237,,2016-09-22,Inactive,SRC022,0.91,2025-12-04 22:24:58,2026-06-12 08:22:06
V00571,DL61EF5887,Car,Hyundai,Nexon,2025,Blue,,O0242,2020-02-24,Inactive,SRC017,0.85,2025-06-08 22:13:58,2024-11-03 12:28:04
V00572,KA23GH5153,Auto Rickshaw,Tata,Creta,2025,Blue,P03985,,2022-02-06,Inactive,SRC002,0.93,2024-01-19 17:41:56,2024-05-02 09:06:26
V00573,RJ72JK2413,Motorcycle,Bajaj,Splendor,2015,Grey,,O0441,2023-05-23,Active,SRC021,0.88,2024-10-08 16:57:30,2026-08-03 12:05:47
V00574,DL86JK2234,Auto Rickshaw,Tata,Pulsar,2017,Red,,O0389,2026-08-04,Flagged,SRC023,0.95,2026-04-14 14:52:36,2026-05-31 15:31:10
V00575,GJ12EF6741,Auto Rickshaw,Toyota,Swift,2023,Grey,P02435,,2021-11-05,Active,SRC028,0.95,2026-03-16 22:13:25,2026-08-29 00:10:53
V00576,DL67GH1760,Motorcycle,Tata,City,2016,Blue,P00189,,2020-11-22,Flagged,SRC012,0.94,2025-07-13 02:55:53,2024-08-15 17:28:05
V00577,DL58CD5549,SUV,Honda,Pulsar,2017,Red,P01197,,2025-06-09,Inactive,SRC013,0.85,2025-05-16 23:53:08,2025-01-17 19:14:36
V00578,UP44JK2986,Motorcycle,Hyundai,Creta,2014,White,P01776,,2018-01-03,Inactive,SRC005,0.96,2024-07-27 23:34:11,2026-08-20 05:52:06
V00579,KA68AB6752,Truck,Toyota,Creta,2016,Black,P03539,,2026-01-27,Inactive,SRC026,0.99,2024-03-14 03:08:11,2026-03-22 04:08:14
V00580,RJ05JK3835,Motorcycle,Tata,Scorpio,2019,White,P01687,,2016-09-19,Active,SRC008,0.92,2026-08-15 13:25:52,2024-04-28 17:25:50
V00581,MH42EF5688,SUV,Hero,Swift,2017,White,P00677,,2022-06-09,Inactive,SRC013,0.9,2024-07-30 20:29:00,2026-07-17 22:13:53
V00582,UP12CD3594,SUV,Hero,Swift,2021,Black,P03353,,2025-07-22,Active,SRC017,0.82,2025-08-10 01:18:31,2024-07-07 10:27:21
V00583,MH57EF8179,SUV,Toyota,City,2019,Red,P00740,,2021-04-20,Active,SRC015,0.94,2024-02-28 04:48:10,2024-12-13 22:21:57
V00584,MH01AB7659,SUV,Honda,Splendor,2020,Silver,P02627,,2021-05-12,Inactive,SRC017,0.82,2026-06-28 19:08:59,2026-03-01 17:41:26
V00585,DL10GH7405,SUV,Toyota,Creta,2021,Black,P03018,,2023-03-12,Flagged,SRC013,0.85,2025-05-30 20:24:18,2025-07-23 12:00:28
V00586,RJ07AB8867,Car,Honda,Splendor,2016,Black,P00888,,2019-03-31,Flagged,SRC005,0.92,2024-03-08 01:05:11,2025-04-25 19:48:44
V00587,UP37EF4283,Car,Bajaj,Innova,2015,Grey,,O0354,2025-12-06,Inactive,SRC026,0.86,2026-07-02 09:58:52,2026-08-15 13:33:05
V00588,KA02EF5392,Car,Maruti Suzuki,Innova,2025,Black,P02242,,2020-11-17,Flagged,SRC024,0.95,2025-08-21 15:16:21,2026-07-12 15:12:09
V00589,DL35CD1311,Van,Bajaj,Creta,2025,Blue,P02717,,2025-11-05,Flagged,SRC002,0.96,2025-10-15 15:01:37,2026-07-28 10:50:41
V00590,DL76GH6392,Auto Rickshaw,Hyundai,Scorpio,2015,White,P02421,,2017-11-18,Flagged,SRC029,0.89,2024-06-07 19:46:04,2024-03-27 00:31:32
V00591,DL59JK2253,SUV,Hero,City,2025,Blue,,O0340,2019-11-07,Flagged,SRC004,0.88,2024-06-06 05:56:01,2026-05-08 09:36:36
V00592,GJ56GH1804,Auto Rickshaw,Bajaj,Pulsar,2021,Blue,P01736,,2025-08-21,Flagged,SRC011,0.82,2025-04-08 14:31:07,2024-04-07 11:18:01
V00593,MP26JK7023,Motorcycle,Toyota,Splendor,2023,Silver,P00729,,2024-10-16,Active,SRC003,0.97,2025-06-28 21:13:58,2026-07-25 02:04:17
V00594,GJ90AB7024,Car,Bajaj,Innova,2015,White,P03768,,2021-04-09,Flagged,SRC018,0.92,2024-09-21 08:18:14,2026-01-18 17:17:11
V00595,UP99GH9766,Van,Mahindra,City,2022,White,P02779,,2021-06-28,Flagged,SRC025,0.86,2024-06-03 16:10:17,2025-09-07 06:20:41
V00596,RJ53GH7135,Van,Hyundai,Pulsar,2023,Silver,P02519,,2023-01-26,Inactive,SRC001,0.83,2026-08-11 04:37:12,2026-03-29 02:16:26
V00597,MH98EF4020,Auto Rickshaw,Bajaj,Scorpio,2023,Red,P03203,,2025-09-17,Flagged,SRC013,0.91,2026-04-09 02:26:07,2026-06-15 16:07:23
V00598,MH82JK6786,Van,Maruti Suzuki,Swift,2015,Grey,P00390,,2019-12-25,Flagged,SRC010,0.87,2024-08-03 09:23:39,2024-01-10 13:12:42
V00599,KA35AB3853,Motorcycle,Hero,Scorpio,2014,Black,P00690,,2024-05-15,Flagged,SRC004,0.97,2025-11-14 15:44:52,2026-07-16 08:29:11
V00600,UP07EF1042,Truck,Bajaj,Nexon,2025,Grey,P01608,,2017-06-14,Active,SRC029,0.91,2026-03-06 12:18:46,2025-08-09 01:30:49
V00601,UP73EF4326,Van,Bajaj,Nexon,2015,White,P01432,,2023-01-03,Flagged,SRC019,0.9,2024-07-21 04:38:16,2024-02-17 06:44:33
V00602,KA57CD8199,Motorcycle,Maruti Suzuki,Pulsar,2020,Grey,P00743,,2023-03-31,Inactive,SRC009,0.97,2024-07-11 05:26:54,2024-08-14 19:11:55
V00603,DL64CD1271,Motorcycle,Hero,Innova,2024,Black,P01491,,2020-03-29,Inactive,SRC025,0.85,2024-10-01 16:32:54,2025-02-05 10:40:56
V00604,KA08JK9462,Motorcycle,Maruti Suzuki,Pulsar,2022,Black,,O0423,2018-10-01,Flagged,SRC009,0.9,2026-06-30 22:03:36,2026-05-30 07:32:54
V00605,MP36JK7877,Van,Tata,City,2016,Grey,,O0473,2025-01-06,Flagged,SRC020,0.95,2024-06-04 04:11:33,2024-02-16 00:18:55
V00606,MP55CD8405,Auto Rickshaw,Maruti Suzuki,Swift,2018,Grey,,O0480,2020-02-05,Active,SRC001,0.83,2025-12-29 11:54:16,2025-07-09 00:18:34
V00607,DL72CD4499,Truck,Hero,Splendor,2014,Blue,P03839,,2020-05-27,Inactive,SRC016,0.81,2024-09-17 09:47:19,2024-11-21 11:54:30
V00608,MH96EF3832,SUV,Honda,Scorpio,2015,White,P02735,,2016-10-16,Active,SRC020,0.91,2025-03-17 12:30:19,2025-07-13 02:39:40
V00609,MP28GH8729,Auto Rickshaw,Honda,Swift,2014,Blue,P00388,,2025-05-25,Active,SRC024,0.86,2025-06-11 06:39:26,2025-07-18 18:52:14
V00610,GJ19GH1392,Truck,Mahindra,Creta,2025,Blue,P03005,,2017-02-23,Active,SRC018,0.81,2025-07-22 07:18:04,2025-08-17 11:26:42
V00611,MP59AB5944,Truck,Mahindra,Swift,2019,Red,P00771,,2020-04-07,Inactive,SRC012,0.8,2025-07-28 00:14:59,2026-01-14 02:42:21
V00612,MH64EF9922,Auto Rickshaw,Bajaj,Innova,2022,White,,O0282,2017-04-28,Flagged,SRC016,0.85,2024-03-14 23:37:04,2024-06-14 10:19:08
V00613,UP39GH8198,SUV,Tata,Nexon,2017,Black,P02873,,2021-09-03,Flagged,SRC013,0.98,2026-03-11 09:45:56,2025-07-20 08:27:18
V00614,GJ02EF7677,SUV,Hero,Creta,2025,Red,P03346,,2024-12-04,Flagged,SRC026,0.89,2026-02-12 07:54:45,2024-02-08 22:21:35
V00615,UP70JK5889,Car,Bajaj,Pulsar,2015,Black,P01483,,2018-05-13,Inactive,SRC012,0.8,2024-10-10 09:16:04,2024-02-15 04:58:57
V00616,MP13CD5431,Auto Rickshaw,Hyundai,Creta,2015,Red,P02738,,2018-11-27,Inactive,SRC002,0.89,2024-11-26 23:54:01,2025-04-27 01:14:17
V00617,MP75GH3670,Van,Tata,Creta,2020,Blue,P00415,,2026-02-04,Inactive,SRC016,0.83,2024-03-25 06:39:08,2024-11-28 23:37:07
V00618,RJ25AB6111,Car,Maruti Suzuki,Nexon,2018,Silver,P00194,,2017-07-04,Active,SRC006,0.91,2025-12-02 01:10:50,2026-06-02 02:45:37
V00619,MP86EF8136,Truck,Bajaj,City,2016,Blue,P01217,,2023-03-30,Inactive,SRC024,0.82,2024-04-25 14:55:18,2024-03-17 18:26:21
V00620,UP36GH3252,Van,Mahindra,Creta,2022,Blue,,O0089,2022-02-09,Flagged,SRC016,0.81,2025-05-04 17:43:41,2026-07-17 12:11:58
V00621,GJ50CD1283,Motorcycle,Hero,City,2018,Red,,O0159,2018-09-02,Inactive,SRC016,0.81,2025-05-08 15:21:59,2024-04-30 21:14:24
V00622,RJ88GH4276,SUV,Tata,Creta,2018,Black,P02733,,2024-01-07,Active,SRC004,0.85,2026-08-07 23:44:08,2026-06-05 17:25:00
V00623,UP10CD8155,Auto Rickshaw,Bajaj,City,2023,Black,P02287,,2021-07-11,Flagged,SRC001,0.89,2026-08-07 21:07:41,2024-03-18 02:32:34
V00624,MH73EF3833,Van,Hyundai,Scorpio,2025,Silver,P03328,,2021-09-02,Active,SRC010,0.89,2026-06-07 05:09:54,2025-06-09 06:37:56
V00625,GJ86JK3190,Motorcycle,Tata,Innova,2025,Grey,P03686,,2019-03-11,Active,SRC014,0.94,2024-05-20 23:39:39,2024-04-15 07:56:36
V00626,MP36JK6899,Motorcycle,Honda,Creta,2018,Black,P03251,,2020-07-01,Flagged,SRC009,0.95,2024-07-27 04:49:50,2025-12-20 09:07:47
V00627,KA47GH6042,Van,Bajaj,Scorpio,2023,Grey,,O0366,2016-11-08,Active,SRC027,0.9,2025-06-17 00:53:46,2026-07-14 06:55:43
V00628,KA06GH4397,Motorcycle,Toyota,Splendor,2019,Red,P00572,,2020-02-12,Flagged,SRC020,0.94,2025-10-22 19:24:19,2025-09-03 18:15:01
V00629,RJ41GH8546,SUV,Bajaj,City,2020,Red,P02448,,2018-06-29,Inactive,SRC016,0.87,2024-06-20 15:46:56,2025-12-14 01:24:19
V00630,GJ74AB4600,SUV,Hyundai,Pulsar,2023,Red,,O0412,2025-05-13,Inactive,SRC030,0.8,2026-05-28 17:07:13,2026-06-15 09:02:37
V00631,MH21AB7934,Auto Rickshaw,Honda,Innova,2017,Red,P03190,,2025-03-18,Active,SRC028,0.93,2024-03-24 23:06:06,2026-02-24 12:00:52
V00632,KA82CD2965,SUV,Bajaj,Creta,2014,White,P01176,,2022-09-27,Inactive,SRC019,0.9,2024-07-21 06:48:12,2024-11-25 12:20:36
V00633,MP07EF9228,Car,Mahindra,Pulsar,2019,White,P02544,,2019-08-15,Inactive,SRC013,0.91,2025-12-01 22:03:46,2024-06-28 07:37:35
V00634,MP69CD8885,Van,Toyota,Scorpio,2023,Grey,P02729,,2021-02-06,Flagged,SRC025,0.81,2025-01-24 17:25:29,2025-06-17 09:27:41
V00635,MH98EF2494,Car,Maruti Suzuki,Splendor,2019,White,P02208,,2019-02-06,Flagged,SRC011,0.81,2025-05-26 20:42:56,2025-12-06 13:47:30
V00636,GJ35EF2839,Motorcycle,Bajaj,City,2014,Black,,O0109,2022-05-01,Flagged,SRC023,0.92,2026-04-02 01:30:24,2026-06-12 05:04:48
V00637,KA20AB6449,Truck,Toyota,Swift,2017,White,P03968,,2020-03-18,Active,SRC026,0.94,2025-07-22 12:02:31,2025-05-04 10:02:03
V00638,GJ74EF7035,Truck,Tata,City,2015,Blue,P01475,,2017-10-14,Flagged,SRC015,0.82,2026-01-11 10:51:14,2025-03-19 10:00:26
V00639,UP28GH1754,Car,Hyundai,Creta,2024,Grey,P01322,,2017-04-30,Active,SRC007,0.82,2024-09-27 16:54:43,2025-03-11 23:03:03
V00640,MH89EF4294,Truck,Mahindra,Pulsar,2015,Silver,P01020,,2025-04-04,Inactive,SRC027,0.93,2026-07-11 06:42:11,2026-06-23 08:03:06
V00641,DL20AB7855,SUV,Hyundai,City,2022,White,P01925,,2021-05-16,Active,SRC004,0.96,2024-07-03 13:10:37,2024-06-21 02:45:44
V00642,RJ71GH3912,Van,Hyundai,Creta,2021,Black,,O0460,2023-10-13,Inactive,SRC001,0.83,2024-04-11 10:33:56,2025-12-18 03:24:22
V00643,UP98EF6735,Car,Mahindra,Innova,2019,Red,P02233,,2025-02-28,Flagged,SRC020,0.88,2025-04-16 21:05:10,2024-08-29 11:02:10
V00644,MH86AB3487,Car,Mahindra,Creta,2025,Black,P00361,,2022-11-01,Inactive,SRC007,0.85,2025-10-28 02:19:01,2025-05-08 04:27:30
V00645,KA50CD2822,Motorcycle,Bajaj,Nexon,2015,Silver,P01555,,2023-10-01,Active,SRC019,0.85,2025-11-08 00:28:01,2024-08-05 17:07:27
V00646,UP50AB2259,SUV,Bajaj,Creta,2025,Black,,O0008,2026-06-29,Active,SRC011,0.94,2024-10-07 09:01:21,2025-01-05 12:01:25
V00647,DL37EF8401,SUV,Mahindra,Scorpio,2020,White,P02442,,2020-09-23,Active,SRC016,0.86,2024-04-21 05:40:25,2025-04-11 10:19:20
V00648,UP88CD7053,Motorcycle,Mahindra,Scorpio,2020,Blue,P00828,,2026-06-24,Inactive,SRC003,0.97,2025-07-04 12:42:12,2026-03-14 12:37:23
V00649,MP87AB8345,Auto Rickshaw,Toyota,Pulsar,2019,Blue,P02054,,2020-11-26,Active,SRC011,0.98,2024-05-29 04:41:11,2024-09-19 03:46:55
V00650,MH65GH7155,Car,Tata,Scorpio,2024,Silver,P03023,,2020-10-27,Flagged,SRC016,0.92,2025-07-12 07:14:32,2025-10-28 09:11:42
V00651,RJ27AB2013,Van,Tata,City,2024,Red,,O0003,2022-08-16,Flagged,SRC011,0.87,2024-11-18 05:18:23,2025-11-22 06:51:48
V00652,RJ52GH4174,Car,Mahindra,Pulsar,2025,Black,P01585,,2019-04-17,Flagged,SRC017,0.88,2024-01-26 13:57:20,2025-12-19 00:33:02
V00653,RJ43EF9018,Car,Hyundai,Creta,2016,White,P02365,,2026-07-09,Inactive,SRC007,0.96,2025-04-28 10:20:31,2025-12-17 18:51:49
V00654,UP96CD4724,Truck,Honda,Nexon,2021,Black,P03379,,2025-09-08,Flagged,SRC027,0.94,2025-06-19 00:04:48,2025-06-19 15:18:31
V00655,DL66AB6754,Van,Toyota,Pulsar,2014,Silver,P03256,,2025-02-06,Active,SRC006,0.91,2026-05-22 10:52:06,2026-05-29 02:58:46
V00656,RJ60AB7301,SUV,Hyundai,Scorpio,2017,Silver,P01250,,2020-10-29,Inactive,SRC017,0.99,2025-11-17 17:21:58,2024-01-07 10:58:38
V00657,DL20EF5652,Motorcycle,Mahindra,Innova,2014,Grey,P03468,,2018-10-01,Flagged,SRC017,0.86,2024-03-19 10:50:23,2025-02-19 03:56:06
V00658,DL29JK7379,Car,Bajaj,Nexon,2020,Black,P01015,,2021-08-14,Flagged,SRC023,0.83,2026-01-19 02:36:39,2026-08-03 10:20:07
V00659,MH75EF8704,Auto Rickshaw,Hero,City,2019,Silver,P02456,,2017-09-19,Inactive,SRC014,0.94,2025-02-09 23:55:53,2024-08-31 15:57:08
V00660,UP25AB9888,Van,Bajaj,Innova,2023,Black,P00061,,2020-03-31,Inactive,SRC020,0.96,2024-09-20 12:43:10,2025-02-20 07:00:42
V00661,DL15CD7754,SUV,Toyota,City,2022,Black,,O0475,2018-07-15,Inactive,SRC016,0.82,2026-07-22 14:13:07,2025-10-01 18:54:36
V00662,DL11AB5313,Car,Mahindra,Pulsar,2018,Silver,P01424,,2017-05-04,Flagged,SRC015,0.89,2026-07-04 00:08:12,2025-08-02 14:34:04
V00663,DL65EF6087,Car,Hyundai,City,2021,Red,P00489,,2023-06-26,Active,SRC018,0.83,2026-01-28 22:41:19,2024-09-13 05:35:36
V00664,DL49AB8729,Auto Rickshaw,Tata,Innova,2022,Blue,P02802,,2023-12-30,Active,SRC022,0.93,2024-10-01 16:41:11,2024-02-24 17:00:13
V00665,KA22GH2921,Auto Rickshaw,Maruti Suzuki,City,2019,Silver,P01075,,2021-11-27,Flagged,SRC030,0.82,2024-04-08 00:53:23,2024-10-29 20:27:59
V00666,UP78JK7104,Car,Tata,Creta,2024,Red,P02223,,2021-10-23,Inactive,SRC029,0.86,2024-07-21 05:15:13,2026-07-14 19:46:13
V00667,GJ57EF7942,Auto Rickshaw,Mahindra,Pulsar,2019,White,,O0467,2026-05-12,Flagged,SRC007,0.95,2025-02-18 05:39:09,2024-05-30 15:12:00
V00668,RJ06CD4159,Van,Hyundai,Nexon,2019,White,P01242,,2021-10-30,Inactive,SRC026,0.9,2024-04-27 03:16:11,2024-05-16 02:11:43
V00669,MH01CD7031,Truck,Hyundai,Scorpio,2023,Red,P03918,,2023-02-07,Flagged,SRC015,0.99,2025-09-01 19:18:49,2025-05-21 21:59:34
V00670,MP80GH3982,Auto Rickshaw,Honda,Innova,2016,Silver,P01356,,2017-04-04,Active,SRC012,0.87,2024-07-31 05:42:46,2025-10-26 07:50:20
V00671,MH98EF2038,Truck,Toyota,Innova,2016,Black,P00712,,2019-07-03,Flagged,SRC005,0.92,2025-02-07 05:47:03,2024-08-01 04:37:09
V00672,MH47JK5644,SUV,Toyota,Innova,2018,Black,P00137,,2026-06-22,Active,SRC027,0.81,2024-10-25 14:54:59,2024-12-04 00:17:13
V00673,KA58CD2812,Motorcycle,Bajaj,Splendor,2017,Black,P02057,,2019-04-25,Flagged,SRC012,0.93,2024-07-15 19:11:49,2025-04-30 05:59:10
V00674,MP81GH4530,Motorcycle,Mahindra,Swift,2014,Red,P01868,,2025-12-31,Active,SRC015,0.82,2024-01-08 04:16:25,2024-09-10 21:54:25
V00675,GJ46GH8047,Motorcycle,Tata,Innova,2024,White,,O0377,2024-06-22,Inactive,SRC028,0.88,2024-03-25 10:29:43,2024-01-21 20:55:53
V00676,KA55GH5422,Truck,Bajaj,Scorpio,2021,Silver,P01426,,2020-04-27,Inactive,SRC002,0.84,2026-08-05 01:51:10,2025-08-03 16:57:50
V00677,RJ32JK8003,Auto Rickshaw,Maruti Suzuki,Nexon,2020,Red,P01696,,2025-03-30,Flagged,SRC015,0.96,2025-12-27 05:53:56,2026-06-22 23:21:50
V00678,DL34AB6466,Motorcycle,Hyundai,Pulsar,2019,Blue,P01367,,2024-06-02,Inactive,SRC006,0.84,2025-05-20 16:44:07,2026-07-07 01:17:10
V00679,RJ94AB8309,Motorcycle,Hero,City,2020,White,P01922,,2024-04-16,Active,SRC008,0.97,2024-04-25 15:01:01,2025-07-21 00:20:35
V00680,GJ72JK3827,Truck,Hero,Swift,2017,Silver,P03124,,2022-06-25,Active,SRC016,0.82,2024-11-08 10:32:44,2025-02-05 07:34:45
V00681,KA89JK8289,SUV,Toyota,Swift,2014,Blue,P02751,,2024-03-15,Inactive,SRC002,0.88,2026-06-21 02:53:17,2024-02-25 13:19:40
V00682,MP89GH2176,Auto Rickshaw,Tata,Innova,2017,Silver,,O0133,2019-06-26,Inactive,SRC004,0.82,2024-12-20 20:33:27,2024-12-01 06:12:06
V00683,KA43CD5263,Auto Rickshaw,Maruti Suzuki,Nexon,2021,Blue,P01346,,2025-11-09,Flagged,SRC024,0.84,2025-06-30 05:12:32,2025-10-08 13:42:07
V00684,MP15CD1492,Truck,Mahindra,Innova,2017,White,P02263,,2024-05-20,Active,SRC025,0.88,2025-03-08 11:51:20,2026-04-05 13:59:17
V00685,KA16EF3087,Motorcycle,Mahindra,City,2019,White,P02604,,2021-04-22,Flagged,SRC019,0.88,2025-07-25 18:26:51,2025-06-10 04:56:16
V00686,RJ10CD8999,Van,Bajaj,Splendor,2014,Red,P03824,,2026-03-10,Flagged,SRC029,0.81,2026-01-08 23:47:09,2024-10-14 11:32:23
V00687,MP44AB7877,SUV,Maruti Suzuki,Innova,2015,White,P01754,,2020-11-26,Flagged,SRC008,0.83,2024-04-07 23:48:49,2024-06-21 23:34:05
V00688,UP90AB5815,Auto Rickshaw,Honda,Swift,2021,Blue,P00091,,2026-08-21,Active,SRC009,0.84,2025-01-28 21:12:26,2026-08-27 15:59:31
V00689,UP25EF4688,Car,Hero,Scorpio,2025,Black,P02315,,2026-04-04,Inactive,SRC014,0.82,2025-02-24 13:13:08,2025-02-04 22:11:42
V00690,MH20EF2314,Car,Mahindra,City,2015,Silver,,O0184,2017-04-02,Flagged,SRC027,0.98,2026-04-09 02:24:42,2025-08-07 18:36:36
V00691,DL73CD7302,SUV,Mahindra,Innova,2024,Black,P02999,,2018-08-05,Inactive,SRC008,0.9,2025-11-08 17:22:10,2024-08-17 01:18:35
V00692,KA79GH9201,Truck,Toyota,Pulsar,2014,Red,P02975,,2016-10-28,Inactive,SRC030,0.99,2024-02-18 00:15:14,2025-05-25 01:24:46
V00693,RJ66EF8193,Car,Mahindra,Creta,2023,Silver,P03095,,2017-04-26,Inactive,SRC019,0.93,2024-01-08 17:08:17,2024-08-01 03:54:24
V00694,MP24CD5143,SUV,Honda,Scorpio,2014,Grey,P02316,,2024-11-09,Flagged,SRC023,0.91,2025-05-31 16:35:32,2026-07-17 04:55:01
V00695,UP65EF5103,Truck,Maruti Suzuki,Nexon,2017,White,P03513,,2022-08-28,Inactive,SRC027,0.97,2024-03-30 18:35:18,2025-07-12 11:53:07
V00696,GJ84GH6404,Auto Rickshaw,Maruti Suzuki,Nexon,2022,Grey,P03213,,2022-12-19,Active,SRC027,0.81,2026-03-09 17:58:28,2026-04-30 18:42:28
V00697,RJ53JK2103,Car,Hyundai,Creta,2025,Red,P01024,,2020-03-16,Active,SRC016,0.9,2025-03-01 19:35:23,2024-01-14 05:17:39
V00698,GJ59AB9333,Auto Rickshaw,Honda,City,2025,Silver,P00181,,2024-10-23,Inactive,SRC011,0.96,2025-01-07 01:20:50,2026-01-30 23:42:40
V00699,KA18EF7650,Van,Tata,Creta,2025,White,P03454,,2023-12-01,Flagged,SRC022,0.95,2024-01-18 04:32:27,2025-08-12 12:12:32
V00700,MP01JK5465,SUV,Tata,Pulsar,2019,Blue,P03610,,2026-08-23,Flagged,SRC030,0.83,2026-02-26 10:32:48,2024-03-18 07:23:11
V00701,MP39GH3828,Auto Rickshaw,Maruti Suzuki,Swift,2014,Blue,P01462,,2022-06-05,Flagged,SRC018,0.94,2024-11-27 01:26:02,2024-09-14 09:55:41
V00702,RJ83GH5888,Auto Rickshaw,Hyundai,City,2017,Grey,P03764,,2026-02-28,Inactive,SRC006,0.83,2026-03-16 20:33:43,2025-07-24 00:36:05
V00703,RJ75CD2280,SUV,Mahindra,Innova,2018,Blue,P01336,,2025-11-24,Flagged,SRC003,0.94,2024-08-17 09:56:09,2024-10-31 05:26:47
V00704,MH19GH7818,Auto Rickshaw,Hyundai,Swift,2017,Grey,P02017,,2025-06-27,Inactive,SRC015,0.85,2024-06-24 09:34:21,2025-10-30 02:21:24
V00705,MH41CD8448,Auto Rickshaw,Toyota,Scorpio,2017,Silver,P03249,,2024-08-04,Flagged,SRC011,0.82,2024-06-23 23:35:45,2025-01-06 09:11:12
V00706,MP81EF5490,Car,Maruti Suzuki,Splendor,2018,Grey,,O0342,2019-04-23,Inactive,SRC005,0.84,2025-09-30 14:52:11,2024-04-17 16:09:58
V00707,UP67JK2334,Car,Tata,Creta,2025,White,P02551,,2025-10-19,Inactive,SRC013,0.96,2025-06-22 05:05:07,2025-07-06 19:37:16
V00708,GJ86JK6955,SUV,Hero,Swift,2018,Black,P00132,,2024-01-21,Inactive,SRC008,0.93,2024-09-13 14:51:56,2025-01-26 15:50:27
V00709,DL92GH8839,Auto Rickshaw,Mahindra,Nexon,2019,Silver,,O0209,2022-05-31,Flagged,SRC013,0.87,2026-02-06 23:26:46,2024-01-23 20:19:20
V00710,RJ01CD9975,Auto Rickshaw,Hero,Scorpio,2021,Black,,O0474,2019-07-09,Active,SRC018,0.81,2025-06-08 15:05:25,2025-09-20 20:38:47
V00711,MH15GH8141,Motorcycle,Bajaj,Pulsar,2022,Red,P03997,,2018-11-30,Flagged,SRC006,0.89,2025-01-09 02:53:05,2024-02-15 06:13:45
V00712,DL08EF3787,Van,Toyota,City,2018,Grey,P02145,,2024-03-27,Active,SRC021,0.92,2024-07-03 11:03:26,2024-02-02 22:52:25
V00713,RJ65JK6436,Truck,Mahindra,Nexon,2015,Blue,P02707,,2018-08-08,Active,SRC022,0.96,2024-05-06 22:30:09,2026-07-28 06:39:45
V00714,KA05EF5871,Motorcycle,Hyundai,Splendor,2023,Silver,P00773,,2018-10-03,Active,SRC010,0.98,2024-01-25 04:46:14,2024-07-17 08:53:39
V00715,RJ33EF1231,SUV,Honda,Pulsar,2016,Silver,P01419,,2016-11-12,Active,SRC028,0.95,2024-01-09 08:19:25,2026-01-09 14:29:03
V00716,KA38AB7631,Motorcycle,Hyundai,Pulsar,2025,Red,P03104,,2024-03-28,Flagged,SRC024,0.94,2025-06-12 05:37:21,2024-01-10 12:58:24
V00717,UP13GH1900,Car,Maruti Suzuki,Scorpio,2017,Grey,P01179,,2017-04-13,Flagged,SRC001,0.85,2024-10-09 16:23:11,2024-02-18 04:57:51
V00718,GJ17AB3173,Auto Rickshaw,Maruti Suzuki,Pulsar,2024,Grey,P01806,,2022-01-31,Active,SRC012,0.97,2025-08-02 19:13:54,2024-11-29 04:15:02
V00719,KA69EF7861,Truck,Maruti Suzuki,Nexon,2025,Blue,P00108,,2020-12-03,Flagged,SRC019,0.82,2024-11-20 12:53:24,2025-05-26 07:17:41
V00720,DL65AB8191,Motorcycle,Honda,Nexon,2014,Grey,P02052,,2025-06-26,Inactive,SRC008,0.8,2024-09-15 01:59:48,2024-10-18 18:01:57
V00721,KA57GH3390,Motorcycle,Bajaj,Pulsar,2020,Grey,P03853,,2020-01-14,Active,SRC009,0.92,2026-08-14 05:19:56,2024-07-15 17:36:11
V00722,KA56AB2463,Auto Rickshaw,Toyota,Swift,2014,Blue,,O0268,2022-11-16,Inactive,SRC026,0.91,2024-12-25 08:59:55,2025-08-19 13:05:49
V00723,MP92EF7371,SUV,Hyundai,Pulsar,2021,Blue,P02357,,2025-02-24,Active,SRC004,0.83,2025-06-05 19:12:29,2025-05-02 06:09:15
V00724,UP41CD7648,Car,Hero,Creta,2022,Grey,P02470,,2021-09-22,Inactive,SRC002,0.93,2024-08-27 19:51:45,2025-11-27 10:13:54
V00725,UP90GH3298,Car,Hyundai,Pulsar,2018,Blue,P00985,,2019-03-17,Flagged,SRC029,0.86,2025-12-05 13:29:15,2025-07-01 06:26:35
V00726,MH29CD6343,Truck,Hyundai,Pulsar,2017,Silver,P00321,,2020-05-24,Flagged,SRC029,0.82,2026-04-24 11:52:02,2024-01-25 07:03:51
V00727,GJ88CD7290,Motorcycle,Toyota,Pulsar,2023,White,P00146,,2016-12-05,Flagged,SRC011,0.85,2024-05-03 10:41:32,2026-06-15 10:46:16
V00728,DL87CD1125,SUV,Hyundai,Splendor,2025,Grey,P02980,,2019-06-02,Active,SRC030,0.85,2025-07-09 09:58:22,2026-08-20 09:27:41
V00729,RJ12AB2041,Car,Bajaj,Creta,2023,Silver,P01756,,2017-05-28,Flagged,SRC017,0.96,2025-07-17 17:47:05,2024-01-11 04:40:36
V00730,DL79CD3433,Truck,Bajaj,Innova,2017,Grey,P00376,,2026-05-06,Inactive,SRC025,0.82,2024-10-26 21:25:52,2024-03-12 05:03:58
V00731,MP71AB8857,Truck,Toyota,Swift,2017,Grey,P02745,,2024-03-14,Inactive,SRC025,0.94,2024-10-16 07:35:11,2025-09-29 09:35:31
V00732,MH44AB5667,Motorcycle,Bajaj,Creta,2022,Blue,P00307,,2017-03-18,Flagged,SRC003,0.82,2025-04-08 02:41:31,2024-01-30 00:26:15
V00733,KA21AB3548,Car,Mahindra,Scorpio,2022,Grey,P03337,,2018-05-27,Active,SRC001,0.81,2024-05-26 00:19:50,2025-03-05 04:56:58
V00734,MH84CD9284,Truck,Hero,Innova,2021,Black,P03263,,2017-12-18,Inactive,SRC024,0.98,2025-07-27 01:49:02,2025-12-22 17:49:07
V00735,KA96EF2685,Car,Honda,Innova,2016,White,P03892,,2019-01-23,Inactive,SRC005,0.98,2024-01-19 01:51:51,2024-01-11 04:09:23
V00736,KA01CD9114,Van,Honda,City,2025,White,P01117,,2024-01-25,Active,SRC008,0.98,2026-07-20 06:46:00,2025-10-02 01:54:24
V00737,UP33EF6914,Motorcycle,Tata,Innova,2019,Silver,,O0263,2021-04-29,Flagged,SRC023,0.85,2024-06-20 17:33:33,2025-11-12 02:51:29
V00738,GJ10EF2493,Motorcycle,Bajaj,Scorpio,2016,Silver,P02087,,2022-09-08,Inactive,SRC017,0.95,2026-01-16 15:32:49,2024-11-09 10:23:54
V00739,MH95CD4498,Car,Toyota,Pulsar,2015,Red,,O0121,2021-11-28,Active,SRC004,0.81,2025-03-13 22:32:04,2024-08-11 17:30:59
V00740,MH64CD4385,Auto Rickshaw,Bajaj,Splendor,2025,Red,P02866,,2024-05-12,Flagged,SRC002,0.9,2026-01-21 08:03:16,2024-08-06 07:27:36
V00741,MH95EF3882,Auto Rickshaw,Tata,Creta,2015,White,P00511,,2023-01-13,Active,SRC017,0.91,2025-11-28 11:23:40,2024-03-03 20:44:28
V00742,MH85AB9312,Van,Mahindra,Scorpio,2017,White,,O0282,2021-04-21,Flagged,SRC021,0.96,2024-11-07 01:48:10,2026-06-14 22:47:14
V00743,KA78AB7926,Car,Tata,Swift,2022,Black,P03300,,2024-01-15,Flagged,SRC019,0.88,2026-08-28 07:40:56,2025-10-23 23:49:55
V00744,DL82AB9939,Car,Honda,Scorpio,2017,Silver,,O0375,2019-01-18,Flagged,SRC026,0.99,2025-08-18 05:31:38,2025-05-06 09:51:23
V00745,DL32EF9281,Auto Rickshaw,Maruti Suzuki,Innova,2022,Blue,P00735,,2019-07-15,Inactive,SRC016,0.93,2024-04-07 01:44:26,2026-01-29 22:46:15
V00746,DL05GH7682,Truck,Hero,Swift,2016,Silver,P01785,,2019-10-31,Inactive,SRC014,0.85,2025-02-05 11:05:52,2026-03-17 22:47:58
V00747,KA45JK9677,Auto Rickshaw,Bajaj,City,2022,Silver,P00818,,2020-05-28,Active,SRC023,0.94,2026-06-20 22:25:33,2024-03-13 12:21:53
V00748,KA99GH1479,Motorcycle,Maruti Suzuki,Splendor,2019,Silver,P00761,,2017-06-18,Active,SRC026,0.96,2025-08-15 18:40:07,2024-03-06 06:40:29
V00749,KA34JK1605,Car,Honda,Splendor,2020,Blue,P03673,,2018-02-18,Flagged,SRC018,0.95,2026-01-19 23:02:23,2024-09-07 11:13:32
V00750,RJ25JK2765,SUV,Bajaj,Innova,2022,Grey,P03379,,2025-04-10,Inactive,SRC022,0.9,2025-03-04 18:13:56,2026-07-18 08:36:35
V00751,MP32EF9827,SUV,Toyota,City,2019,Black,,O0140,2019-01-26,Inactive,SRC015,0.91,2026-06-14 11:29:25,2024-09-25 14:41:05
V00752,KA97CD7825,Motorcycle,Mahindra,City,2019,Red,,O0097,2022-01-08,Inactive,SRC002,0.9,2025-04-09 00:15:43,2026-01-27 13:33:56
V00753,RJ46JK7189,Van,Hyundai,City,2018,Red,P03775,,2026-06-04,Inactive,SRC013,0.87,2025-06-17 10:24:43,2024-04-20 11:23:21
V00754,DL08JK6740,Van,Hyundai,Swift,2021,White,P03828,,2019-01-26,Inactive,SRC004,0.82,2026-04-17 21:16:40,2026-03-27 01:52:12
V00755,MH22CD6560,Truck,Bajaj,Swift,2020,Silver,,O0481,2019-06-19,Flagged,SRC011,0.96,2026-08-20 23:14:12,2024-03-29 13:55:52
V00756,UP76EF1375,Truck,Honda,City,2017,Grey,P03639,,2018-11-13,Active,SRC026,0.94,2024-11-06 03:31:56,2024-11-11 16:25:27
V00757,GJ69GH2086,Truck,Hyundai,Splendor,2018,Silver,P03326,,2020-11-18,Inactive,SRC024,0.86,2026-08-08 04:58:12,2026-08-09 11:50:57
V00758,MH56CD8104,Truck,Maruti Suzuki,Swift,2022,Blue,P03902,,2025-02-04,Flagged,SRC016,0.98,2025-12-02 22:47:30,2025-06-21 14:53:10
V00759,UP07CD7946,SUV,Maruti Suzuki,Splendor,2021,Silver,,O0332,2018-02-13,Inactive,SRC015,0.95,2024-11-22 08:44:53,2024-04-21 00:55:21
V00760,GJ01JK8479,Car,Toyota,Innova,2019,White,P00800,,2021-08-04,Active,SRC023,0.99,2024-02-19 06:05:22,2026-04-20 02:05:46
V00761,MH38CD2461,Van,Tata,Splendor,2025,Silver,P00847,,2020-03-29,Flagged,SRC014,0.93,2026-07-22 07:12:27,2025-03-08 05:27:54
V00762,GJ31EF1331,Motorcycle,Bajaj,Creta,2024,White,P02075,,2026-04-20,Active,SRC011,0.94,2024-10-23 12:20:57,2024-11-06 07:50:05
V00763,UP20GH4400,Motorcycle,Mahindra,Creta,2014,Grey,P03962,,2021-12-15,Flagged,SRC026,0.9,2026-06-27 05:55:15,2024-03-28 12:39:26
V00764,GJ61GH9426,Auto Rickshaw,Honda,Pulsar,2016,White,P03756,,2017-11-30,Inactive,SRC027,0.86,2026-07-30 06:26:28,2025-04-24 00:56:35
V00765,MP12JK7873,Van,Tata,Splendor,2016,Grey,P02855,,2018-08-23,Active,SRC024,0.86,2025-09-17 00:10:58,2026-05-14 06:40:48
V00766,DL12EF8182,Auto Rickshaw,Hero,City,2015,Blue,P02087,,2021-10-03,Active,SRC027,0.9,2026-02-07 07:19:10,2024-11-02 03:06:02
V00767,MP83EF2691,Motorcycle,Hyundai,City,2022,Black,,O0238,2021-12-05,Flagged,SRC018,0.91,2025-07-08 17:15:14,2025-04-01 06:10:58
V00768,KA29EF4439,Truck,Honda,Pulsar,2017,Silver,P01700,,2022-07-24,Inactive,SRC024,0.82,2026-04-02 19:42:52,2025-03-03 11:39:14
V00769,DL52JK4226,SUV,Honda,Splendor,2017,Grey,P03303,,2022-09-05,Inactive,SRC011,0.89,2026-08-01 18:13:51,2026-02-03 05:32:01
V00770,UP58CD8344,SUV,Hero,Scorpio,2015,Red,P02836,,2016-10-02,Flagged,SRC027,0.91,2024-12-24 15:37:19,2026-04-15 01:59:13
V00771,MH32CD7946,Van,Hyundai,Nexon,2025,White,P00304,,2024-07-10,Inactive,SRC012,0.85,2026-04-17 19:51:13,2025-08-07 02:19:39
V00772,UP29GH5017,Truck,Hero,Splendor,2024,Red,P00655,,2021-01-08,Active,SRC009,0.93,2024-05-29 18:44:59,2026-02-24 07:35:28
V00773,GJ70JK7777,Car,Mahindra,Pulsar,2018,Black,P02871,,2024-03-06,Active,SRC008,0.87,2024-06-13 02:29:35,2025-11-27 09:02:34
V00774,MP52CD3090,Truck,Hero,Splendor,2019,Silver,P03771,,2018-08-24,Inactive,SRC024,0.99,2025-08-08 15:22:45,2024-05-15 11:03:30
V00775,MP37CD2111,Car,Hero,Innova,2021,Grey,P03453,,2017-08-04,Flagged,SRC001,0.81,2024-04-06 22:10:38,2025-01-01 21:41:57
V00776,RJ85GH8245,Truck,Mahindra,Nexon,2021,Blue,P02935,,2019-10-03,Flagged,SRC030,0.84,2026-08-18 04:21:11,2026-06-04 21:48:54
V00777,UP91GH9504,Truck,Maruti Suzuki,Splendor,2025,Red,P00132,,2026-08-31,Flagged,SRC020,0.92,2024-05-01 03:51:30,2025-01-23 16:09:40
V00778,KA94JK9381,Motorcycle,Mahindra,Creta,2014,White,P02048,,2022-04-26,Active,SRC013,0.97,2026-07-05 23:52:50,2025-10-09 23:44:15
V00779,KA25AB6477,Auto Rickshaw,Tata,Pulsar,2018,Grey,P02078,,2021-08-13,Inactive,SRC010,0.97,2025-10-06 14:34:54,2024-01-14 07:42:55
V00780,KA25CD3368,Auto Rickshaw,Toyota,Swift,2019,Silver,,O0211,2026-06-17,Flagged,SRC013,0.89,2024-12-27 09:26:26,2024-02-04 06:35:46
V00781,UP85EF9205,Truck,Maruti Suzuki,Innova,2023,Silver,P02133,,2019-09-05,Inactive,SRC016,0.85,2024-02-04 02:08:58,2024-03-23 20:19:28
V00782,DL73CD4677,SUV,Mahindra,Splendor,2015,Silver,P00523,,2019-08-19,Active,SRC028,0.93,2025-05-25 04:06:42,2024-04-03 07:51:28
V00783,KA66AB3011,Motorcycle,Hero,Nexon,2024,Silver,P02062,,2021-02-28,Flagged,SRC006,0.9,2025-12-10 02:52:08,2025-03-15 05:49:47
V00784,MP95JK7603,Truck,Bajaj,Innova,2021,Black,,O0424,2024-05-31,Flagged,SRC022,0.97,2026-05-08 20:21:25,2024-05-04 11:58:59
V00785,GJ14CD3474,Car,Hero,Nexon,2015,Silver,P01907,,2019-05-27,Flagged,SRC022,0.9,2024-04-28 23:04:50,2024-01-19 22:11:28
V00786,RJ01CD4012,Motorcycle,Honda,Splendor,2024,White,,O0169,2017-07-10,Active,SRC006,0.92,2024-05-28 21:03:00,2025-10-29 21:26:51
V00787,MH94CD8601,Truck,Maruti Suzuki,Swift,2020,Blue,,O0044,2022-12-21,Inactive,SRC001,0.92,2024-09-20 16:05:34,2024-05-27 16:32:25
V00788,DL30JK6932,SUV,Toyota,Swift,2021,Red,P00608,,2025-12-10,Flagged,SRC007,0.83,2026-04-09 23:53:41,2024-08-17 08:57:55
V00789,MP05JK3185,Auto Rickshaw,Tata,City,2018,Red,,O0390,2026-01-27,Flagged,SRC019,0.82,2026-06-30 05:46:08,2025-05-17 01:22:01
V00790,UP13AB9384,SUV,Toyota,Splendor,2014,Silver,P01571,,2021-06-12,Active,SRC019,0.84,2024-08-07 20:47:16,2024-04-14 18:33:49
V00791,UP49EF2615,SUV,Hyundai,Creta,2022,Black,P03317,,2020-07-10,Active,SRC006,0.85,2024-01-24 16:20:01,2025-03-16 03:47:00
V00792,UP22JK7106,Car,Hyundai,Swift,2016,Black,P02917,,2023-08-14,Active,SRC007,0.97,2024-10-13 07:07:56,2025-02-10 09:26:07
V00793,UP16CD3224,Auto Rickshaw,Toyota,Creta,2018,Black,P03980,,2018-12-17,Inactive,SRC008,0.86,2024-05-05 07:08:57,2024-05-28 14:09:31
V00794,KA35JK2389,Van,Hyundai,Swift,2025,White,P00410,,2020-02-12,Flagged,SRC027,0.96,2024-11-20 06:47:58,2026-02-25 15:28:20
V00795,MH12AB6384,Truck,Hero,City,2024,Black,P02796,,2017-11-23,Flagged,SRC018,0.82,2025-07-13 00:26:53,2024-06-15 03:51:09
V00796,UP32EF2975,Auto Rickshaw,Honda,Creta,2023,Blue,P02675,,2018-10-24,Inactive,SRC020,0.95,2025-03-04 02:12:22,2024-06-16 13:28:05
V00797,RJ31AB2738,Truck,Hyundai,Creta,2019,Silver,,O0249,2021-02-04,Active,SRC024,0.82,2024-05-14 16:43:06,2025-01-12 15:44:15
V00798,MP11EF2797,Car,Honda,Nexon,2014,Grey,P01827,,2020-05-02,Inactive,SRC022,0.87,2026-05-22 09:48:21,2026-03-14 09:33:13
V00799,KA04AB9963,Motorcycle,Tata,Splendor,2017,Grey,,O0332,2025-10-20,Inactive,SRC005,0.92,2025-08-30 03:32:46,2024-10-15 07:54:27
V00800,MH79GH3143,SUV,Tata,Swift,2025,Red,P03987,,2024-11-19,Inactive,SRC013,0.87,2024-07-23 05:45:40,2025-02-02 00:38:58
V00801,DL92AB7973,Van,Hyundai,Nexon,2021,Blue,P01902,,2020-11-30,Inactive,SRC026,0.85,2025-11-17 22:03:56,2024-06-03 19:12:30
V00802,MP45JK8381,Motorcycle,Toyota,Scorpio,2017,Red,P00936,,2017-08-11,Flagged,SRC006,0.86,2026-03-06 21:09:22,2026-04-23 13:18:24
V00803,UP06GH4238,Car,Bajaj,Pulsar,2022,Blue,P01863,,2021-06-07,Inactive,SRC018,0.96,2025-09-29 20:45:07,2025-11-08 21:17:53
V00804,MH08CD3309,Truck,Toyota,City,2014,Silver,P02353,,2025-12-21,Active,SRC005,0.88,2024-11-11 05:16:53,2025-10-03 21:18:14
V00805,RJ67EF6237,Auto Rickshaw,Maruti Suzuki,Creta,2019,Grey,P03539,,2025-12-14,Flagged,SRC021,0.82,2024-04-18 10:37:42,2025-06-22 21:22:42
V00806,GJ67AB1292,Van,Maruti Suzuki,City,2019,Red,P02215,,2025-01-05,Flagged,SRC020,0.9,2026-01-10 14:03:44,2024-01-31 13:04:57
V00807,MP37GH1583,SUV,Bajaj,City,2023,Grey,P02250,,2023-10-22,Flagged,SRC004,0.96,2024-12-27 09:27:38,2025-11-22 14:45:30
V00808,MH52JK9408,Car,Toyota,Scorpio,2017,Silver,P00508,,2024-07-20,Inactive,SRC008,0.84,2025-04-29 02:18:16,2026-05-17 17:50:14
V00809,MP79CD7840,Truck,Hero,Scorpio,2017,White,P00854,,2024-10-15,Active,SRC023,0.83,2024-10-11 14:00:00,2026-06-22 19:55:38
V00810,DL44CD1709,Auto Rickshaw,Toyota,Pulsar,2018,Silver,P00205,,2018-12-13,Flagged,SRC017,0.8,2024-09-03 16:30:24,2025-01-02 23:25:14
V00811,MP44JK6868,Van,Toyota,Innova,2015,Blue,P01047,,2018-08-10,Inactive,SRC024,0.85,2024-10-20 05:04:58,2026-03-13 15:56:05
V00812,UP45AB5113,SUV,Honda,Nexon,2024,White,P02481,,2023-09-16,Flagged,SRC012,0.85,2026-07-16 14:56:21,2025-10-04 03:15:54
V00813,DL12CD9622,Motorcycle,Hyundai,Creta,2021,Red,P03853,,2026-03-22,Flagged,SRC028,0.85,2025-08-03 16:14:01,2024-07-20 10:54:46
V00814,GJ17CD9415,Motorcycle,Tata,Innova,2024,Blue,,O0151,2017-05-04,Inactive,SRC028,0.86,2025-02-27 07:35:05,2025-02-02 11:29:26
V00815,DL53CD1057,SUV,Toyota,Innova,2014,Blue,P03940,,2016-12-02,Inactive,SRC015,0.9,2024-08-11 01:26:00,2026-03-25 15:13:41
V00816,GJ09GH4231,Truck,Tata,Creta,2014,Red,P02909,,2023-04-10,Inactive,SRC024,0.96,2024-11-04 09:45:21,2025-04-28 09:18:02
V00817,MP22AB2969,Truck,Honda,Pulsar,2016,Black,P01425,,2024-12-15,Active,SRC003,0.88,2024-01-09 13:52:14,2025-10-12 05:16:23
V00818,UP48GH4649,Auto Rickshaw,Bajaj,Scorpio,2014,White,,O0190,2022-01-31,Flagged,SRC010,0.96,2025-03-27 01:38:41,2025-11-08 04:15:25
V00819,GJ75AB2291,SUV,Bajaj,City,2014,Grey,P00830,,2019-01-13,Flagged,SRC029,0.92,2025-02-06 14:44:37,2026-08-09 07:24:02
V00820,GJ92GH5681,Car,Honda,Pulsar,2025,Grey,P03100,,2023-12-11,Active,SRC011,0.92,2025-12-09 10:47:30,2025-10-14 09:08:48
V00821,DL25JK7276,Motorcycle,Toyota,Splendor,2021,Silver,,O0354,2021-11-04,Flagged,SRC004,0.92,2026-01-21 20:34:14,2024-06-29 11:43:55
V00822,RJ47GH7443,SUV,Hero,Pulsar,2018,White,P03356,,2022-05-08,Inactive,SRC007,0.85,2026-05-04 05:59:32,2024-04-27 04:46:10
V00823,RJ15GH2897,Car,Maruti Suzuki,Pulsar,2023,Grey,P02084,,2022-05-16,Inactive,SRC019,0.87,2025-10-28 13:44:59,2024-01-15 19:25:06
V00824,MH36JK7662,Motorcycle,Mahindra,City,2018,Black,P03627,,2022-01-12,Inactive,SRC020,0.97,2025-09-30 10:57:36,2025-12-01 19:59:42
V00825,MP45GH4041,Auto Rickshaw,Mahindra,Splendor,2023,Silver,P01293,,2017-10-20,Inactive,SRC015,0.92,2025-10-22 18:38:26,2026-07-29 02:23:48
V00826,MH29CD7794,Auto Rickshaw,Maruti Suzuki,Creta,2014,Grey,P03019,,2024-11-28,Flagged,SRC014,0.89,2024-02-15 17:40:09,2026-07-14 18:04:52
V00827,GJ28EF6485,Car,Mahindra,Innova,2022,Red,P00185,,2021-10-06,Active,SRC014,0.93,2024-08-13 00:15:39,2024-01-27 04:04:23
V00828,GJ40JK9849,Auto Rickshaw,Maruti Suzuki,Pulsar,2015,Blue,P02718,,2020-09-22,Inactive,SRC013,0.86,2025-08-01 22:20:31,2025-05-19 20:37:34
V00829,RJ01JK7077,Van,Bajaj,City,2020,White,P02024,,2024-02-06,Active,SRC028,0.87,2025-04-11 23:23:53,2024-10-22 11:30:54
V00830,MH37CD9804,Van,Bajaj,Nexon,2016,Grey,,O0339,2023-12-01,Active,SRC030,0.92,2024-01-19 05:26:54,2025-12-14 01:27:18
V00831,RJ29GH7345,Auto Rickshaw,Toyota,Pulsar,2020,Grey,P00358,,2020-03-12,Active,SRC020,0.81,2026-03-21 01:51:46,2025-05-31 17:40:35
V00832,UP06GH3601,Van,Hero,Nexon,2024,Black,,O0398,2023-08-19,Inactive,SRC012,0.94,2025-10-05 01:31:16,2026-01-27 16:22:24
V00833,GJ59GH7737,SUV,Hero,Creta,2020,Silver,P03861,,2022-04-18,Active,SRC029,0.83,2024-07-01 07:59:52,2024-07-31 00:58:25
V00834,KA85CD4207,SUV,Honda,Innova,2025,Grey,P03878,,2019-01-22,Active,SRC009,0.93,2025-03-29 13:56:03,2024-09-09 05:32:53
V00835,RJ56EF9814,Auto Rickshaw,Tata,Pulsar,2015,Silver,P00358,,2023-01-10,Flagged,SRC021,0.81,2024-06-26 06:38:42,2026-06-12 05:01:39
V00836,GJ83GH9402,Car,Mahindra,Scorpio,2022,Red,P03707,,2024-02-26,Active,SRC016,0.99,2024-11-13 12:19:42,2025-04-20 08:22:45
V00837,KA15EF7451,Van,Hero,Swift,2019,Black,P00979,,2023-10-17,Active,SRC021,0.99,2026-04-30 09:42:17,2025-05-21 20:05:01
V00838,UP43AB9774,Motorcycle,Bajaj,Swift,2020,Blue,P02183,,2017-12-23,Inactive,SRC023,0.83,2024-05-30 14:10:58,2024-07-27 12:47:24
V00839,DL47GH2416,Car,Maruti Suzuki,Scorpio,2014,Blue,,O0281,2021-09-24,Flagged,SRC015,0.97,2024-04-29 15:42:17,2025-10-27 06:34:24
V00840,DL89AB5236,Car,Honda,City,2015,Grey,P00873,,2022-11-10,Active,SRC013,0.88,2025-12-05 14:57:41,2025-01-31 00:35:43
V00841,MP26AB7510,Motorcycle,Toyota,City,2022,Silver,P02766,,2025-11-19,Active,SRC019,0.98,2024-03-17 07:58:11,2025-11-17 05:16:24
V00842,UP02EF9436,Car,Maruti Suzuki,Innova,2024,Grey,P03314,,2018-01-17,Inactive,SRC028,0.93,2024-01-25 07:04:18,2024-12-16 17:23:06
V00843,RJ47JK5146,Auto Rickshaw,Maruti Suzuki,Nexon,2018,Blue,P02915,,2025-12-14,Active,SRC017,0.89,2024-11-29 14:37:46,2026-06-14 18:10:05
V00844,DL77CD8511,Truck,Mahindra,Innova,2024,Silver,P02206,,2021-04-23,Inactive,SRC022,0.85,2026-02-21 10:58:24,2024-01-29 13:19:03
V00845,KA80AB6602,Auto Rickshaw,Hero,Scorpio,2024,White,P02218,,2026-02-05,Active,SRC019,0.94,2024-08-14 21:55:51,2026-05-11 17:38:40
V00846,MP99EF6776,Auto Rickshaw,Hero,Nexon,2018,Silver,P01622,,2023-08-11,Flagged,SRC021,0.88,2024-02-21 12:27:29,2025-01-26 02:34:53
V00847,MP46AB3265,Truck,Hyundai,Pulsar,2017,Grey,P00878,,2019-03-26,Flagged,SRC019,0.88,2025-02-24 20:38:22,2026-01-27 14:30:25
V00848,RJ32CD4254,Truck,Toyota,Pulsar,2022,Red,,O0499,2021-06-08,Active,SRC013,0.91,2026-04-25 09:32:53,2026-01-17 15:57:28
V00849,MP94AB2875,SUV,Maruti Suzuki,Scorpio,2018,Black,P01833,,2020-03-15,Active,SRC028,0.88,2025-01-19 20:40:18,2024-01-12 03:37:19
V00850,KA42GH4017,Car,Mahindra,City,2017,Black,P00824,,2026-01-05,Inactive,SRC015,0.82,2024-01-23 03:39:48,2024-08-25 19:37:23
V00851,GJ63EF3109,Car,Mahindra,Pulsar,2014,Grey,P00068,,2021-04-19,Flagged,SRC006,0.9,2026-03-21 11:36:58,2024-06-19 14:29:28
V00852,UP86JK8357,Car,Tata,City,2019,Grey,P00546,,2020-10-18,Inactive,SRC026,0.93,2025-01-03 20:45:18,2025-07-17 16:48:43
V00853,MP87AB8707,Van,Maruti Suzuki,Splendor,2014,White,,O0120,2026-01-22,Flagged,SRC019,0.87,2026-08-12 04:40:02,2025-07-20 22:39:32
V00854,RJ40EF4732,Auto Rickshaw,Toyota,Scorpio,2018,Silver,P01787,,2019-09-25,Flagged,SRC030,0.89,2024-06-23 23:33:23,2025-09-17 15:02:51
V00855,KA15EF7974,Motorcycle,Mahindra,Pulsar,2014,Grey,P02872,,2020-10-29,Flagged,SRC003,0.8,2025-06-22 23:46:43,2024-10-06 15:45:51
V00856,UP32CD4490,Car,Tata,Scorpio,2014,Black,P00323,,2022-08-14,Inactive,SRC016,0.83,2025-05-31 04:43:47,2024-10-11 00:19:31
V00857,MH06JK2414,Van,Maruti Suzuki,Scorpio,2019,White,P01808,,2016-10-11,Active,SRC024,0.94,2024-11-03 10:58:17,2025-09-24 00:00:46
V00858,RJ19JK6626,Auto Rickshaw,Maruti Suzuki,City,2016,Silver,,O0023,2026-07-08,Flagged,SRC011,0.95,2025-03-26 01:34:42,2025-03-19 20:29:16
V00859,MP85GH9608,Auto Rickshaw,Mahindra,Nexon,2015,White,,O0322,2023-05-06,Inactive,SRC026,0.85,2024-11-19 16:14:20,2025-08-29 04:17:19
V00860,GJ68GH4829,Motorcycle,Honda,Pulsar,2020,Grey,P02255,,2018-06-02,Inactive,SRC030,0.94,2025-10-02 14:58:43,2026-02-12 19:42:21
V00861,MH07AB8999,Motorcycle,Hero,Swift,2017,Blue,P02523,,2017-07-23,Inactive,SRC026,0.89,2025-07-21 12:04:10,2024-04-25 22:53:45
V00862,GJ30JK6597,Car,Tata,Innova,2024,Grey,P03478,,2022-09-14,Active,SRC010,0.85,2026-08-18 21:41:44,2025-01-29 09:33:37
V00863,UP45EF3683,Truck,Mahindra,Innova,2024,Blue,P01381,,2023-02-17,Flagged,SRC016,0.92,2025-06-08 23:12:38,2025-05-01 09:45:23
V00864,DL35CD9911,Car,Toyota,City,2024,Grey,P00193,,2022-12-06,Flagged,SRC021,0.94,2025-03-07 00:51:38,2025-12-14 02:28:57
V00865,DL30AB2965,Truck,Bajaj,Swift,2022,White,P02417,,2022-07-10,Flagged,SRC015,0.87,2024-05-25 02:55:40,2024-02-10 16:13:00
V00866,DL30JK6909,Van,Hero,Pulsar,2014,White,P00902,,2025-06-13,Flagged,SRC009,0.83,2025-06-14 20:59:30,2024-09-08 04:01:26
V00867,MH78GH6497,SUV,Honda,Scorpio,2024,Black,P02109,,2017-08-23,Flagged,SRC021,0.99,2025-06-29 16:54:02,2026-05-20 17:24:06
V00868,MH53CD5125,Van,Hyundai,Pulsar,2021,Blue,,O0188,2019-05-15,Active,SRC009,0.95,2026-03-16 22:02:50,2026-05-10 08:13:29
V00869,RJ84JK2012,SUV,Honda,City,2019,Black,P03931,,2026-06-17,Flagged,SRC006,0.87,2025-01-05 17:56:58,2025-02-14 04:08:12
V00870,DL14EF9951,Car,Hero,City,2019,Blue,P01074,,2018-04-14,Active,SRC004,0.92,2025-07-07 05:21:32,2026-01-01 05:32:37
V00871,UP92AB6678,Truck,Hero,Pulsar,2022,Grey,P00401,,2020-04-17,Flagged,SRC024,0.85,2025-05-11 00:10:26,2024-05-10 14:14:26
V00872,GJ11GH6280,Auto Rickshaw,Hero,Creta,2018,White,P02252,,2021-12-23,Flagged,SRC016,0.97,2026-06-01 04:34:31,2026-03-07 05:57:16
V00873,GJ99AB1490,SUV,Bajaj,Pulsar,2017,Black,P03125,,2023-05-01,Inactive,SRC029,0.83,2025-04-14 14:11:45,2025-12-07 07:58:54
V00874,MP24EF9075,Truck,Bajaj,Innova,2017,Silver,P00894,,2020-03-11,Inactive,SRC018,0.87,2026-01-08 13:29:26,2025-03-19 14:47:39
V00875,MH55AB4586,Motorcycle,Hyundai,Creta,2024,Red,P03693,,2024-03-23,Flagged,SRC006,0.85,2024-09-22 10:09:18,2026-03-24 20:03:55
V00876,GJ36GH9309,SUV,Honda,Creta,2022,Red,P00337,,2026-04-05,Inactive,SRC003,0.91,2024-11-19 00:47:15,2025-05-02 17:18:58
V00877,KA21GH7864,Motorcycle,Maruti Suzuki,Nexon,2017,Grey,P00834,,2018-01-05,Active,SRC001,0.87,2024-09-17 01:22:46,2026-06-25 17:55:26
V00878,MH26CD9349,Car,Honda,Splendor,2025,Black,P03992,,2017-10-07,Active,SRC030,0.89,2024-11-20 21:01:41,2025-04-03 17:24:13
V00879,GJ25GH6171,Truck,Hyundai,Creta,2020,Black,,O0066,2017-03-06,Inactive,SRC019,0.87,2025-06-06 09:21:08,2024-04-04 08:33:44
V00880,KA58AB9249,SUV,Hyundai,Creta,2018,Red,P03439,,2022-02-25,Inactive,SRC015,0.89,2025-12-25 14:40:11,2024-06-25 22:19:46
V00881,MP89EF4249,Truck,Maruti Suzuki,Pulsar,2016,Red,P00830,,2018-05-19,Flagged,SRC029,0.89,2024-08-23 10:46:26,2024-03-09 05:32:36
V00882,UP15AB9494,Auto Rickshaw,Hyundai,Nexon,2022,Black,P03607,,2021-05-21,Flagged,SRC023,0.85,2024-11-30 06:17:20,2025-09-17 12:56:56
V00883,KA35AB3139,Van,Maruti Suzuki,Scorpio,2019,Red,P02917,,2026-01-05,Flagged,SRC029,0.94,2024-08-08 02:17:51,2025-06-23 14:59:18
V00884,GJ82CD7139,Auto Rickshaw,Honda,Swift,2022,Silver,P01903,,2021-08-16,Flagged,SRC010,0.83,2026-06-23 10:23:00,2025-11-20 08:06:04
V00885,UP47EF3935,Truck,Hero,Pulsar,2021,Red,P02503,,2023-04-10,Inactive,SRC014,0.89,2025-02-26 16:21:41,2026-01-31 18:12:54
V00886,RJ53JK9470,Car,Honda,Innova,2024,Black,P02133,,2023-01-21,Flagged,SRC027,0.82,2026-07-19 09:25:01,2024-10-17 13:33:49
V00887,UP26CD9002,Motorcycle,Mahindra,Nexon,2020,Red,P00357,,2017-08-02,Inactive,SRC027,0.81,2026-01-16 22:59:58,2026-08-18 17:58:45
V00888,GJ40EF1985,Motorcycle,Maruti Suzuki,City,2016,Grey,P02604,,2021-06-20,Active,SRC012,0.92,2024-02-19 11:15:53,2025-02-20 00:40:23
V00889,MH12EF8807,Auto Rickshaw,Bajaj,City,2025,Silver,P03910,,2018-10-29,Flagged,SRC017,0.96,2026-03-20 17:23:24,2025-02-07 05:52:08
V00890,RJ11CD1206,SUV,Tata,Splendor,2014,White,P03872,,2016-10-02,Active,SRC019,0.81,2025-05-02 02:30:06,2025-10-18 00:09:13
V00891,RJ97EF3493,Car,Tata,Nexon,2019,Grey,P01172,,2026-05-19,Active,SRC009,0.86,2026-04-02 09:00:07,2025-01-16 08:43:53
V00892,MH79CD1623,Van,Bajaj,Innova,2018,Silver,P03277,,2020-08-27,Inactive,SRC029,0.92,2026-04-19 05:07:34,2024-08-18 12:45:32
V00893,RJ07CD8215,Car,Hero,Swift,2015,White,P03206,,2019-10-11,Flagged,SRC029,0.97,2025-08-28 05:38:14,2024-12-24 13:14:19
V00894,KA47GH6788,Motorcycle,Tata,Innova,2025,Grey,,O0192,2025-08-06,Flagged,SRC009,0.93,2024-05-19 17:55:23,2024-09-28 10:36:12
V00895,MP61AB6741,Auto Rickshaw,Bajaj,Creta,2025,White,P03996,,2023-07-04,Flagged,SRC024,0.89,2026-05-16 18:03:06,2026-01-21 22:09:39
V00896,DL72GH6390,Truck,Hyundai,Innova,2022,Blue,P00332,,2021-02-03,Active,SRC017,0.92,2024-07-01 06:11:38,2024-08-01 03:04:18
V00897,DL27GH9492,SUV,Maruti Suzuki,Splendor,2015,Blue,P00967,,2026-05-14,Inactive,SRC016,0.82,2025-01-05 20:17:19,2025-07-10 03:42:35
V00898,MH98AB1156,Car,Maruti Suzuki,City,2021,Red,,O0425,2020-12-11,Active,SRC026,0.91,2025-10-13 18:18:22,2025-02-01 12:29:18
V00899,KA43GH9452,SUV,Maruti Suzuki,Swift,2017,Grey,P01779,,2020-02-13,Active,SRC029,0.9,2025-08-06 15:39:11,2024-06-13 15:19:49
V00900,MP39GH4362,Truck,Hyundai,Swift,2016,Grey,P03841,,2024-07-09,Flagged,SRC010,0.83,2025-02-06 04:00:34,2026-03-03 07:50:32
V00901,DL25GH7939,Motorcycle,Mahindra,Creta,2025,Silver,P03952,,2019-10-04,Inactive,SRC001,0.99,2024-07-08 16:37:07,2024-06-04 12:26:11
V00902,KA03EF7666,Auto Rickshaw,Tata,Nexon,2020,Grey,,O0202,2017-11-05,Flagged,SRC006,0.97,2024-02-20 05:47:35,2024-04-17 08:53:40
V00903,MP30EF3317,Car,Honda,Splendor,2020,Black,P00214,,2023-12-05,Active,SRC005,0.93,2026-08-28 13:34:37,2025-02-16 23:57:34
V00904,DL15AB1292,Motorcycle,Hyundai,Pulsar,2025,Blue,P00537,,2022-01-17,Flagged,SRC011,0.84,2024-01-29 08:30:34,2025-02-26 03:33:30
V00905,KA45JK4058,Auto Rickshaw,Bajaj,Scorpio,2021,Red,P00786,,2024-11-06,Inactive,SRC015,0.9,2026-03-14 10:37:27,2025-05-22 05:23:38
V00906,DL19EF6427,Auto Rickshaw,Hyundai,Splendor,2022,White,P02868,,2016-10-09,Flagged,SRC007,0.84,2025-12-23 10:18:54,2024-08-23 12:33:34
V00907,MH26CD9499,Motorcycle,Mahindra,Nexon,2025,Red,P02014,,2022-11-03,Inactive,SRC011,0.86,2024-07-30 17:24:26,2024-05-26 17:48:03
V00908,DL61AB7102,SUV,Honda,City,2014,Silver,P03612,,2019-09-09,Flagged,SRC010,0.89,2026-01-28 16:55:55,2025-11-16 18:16:57
V00909,GJ15CD7897,Truck,Maruti Suzuki,Splendor,2014,Black,P00750,,2026-01-01,Flagged,SRC021,0.86,2026-05-06 16:37:51,2025-07-09 18:27:35
V00910,GJ87AB1206,Auto Rickshaw,Hero,Creta,2021,Blue,P00481,,2021-10-10,Inactive,SRC017,0.91,2025-11-28 16:25:50,2024-09-02 15:42:36
V00911,KA27GH1168,Car,Honda,Innova,2018,Silver,P01460,,2024-07-21,Inactive,SRC020,0.85,2024-02-10 03:03:33,2025-05-28 04:07:48
V00912,MH60CD8450,Motorcycle,Tata,Pulsar,2025,Blue,P01515,,2026-01-04,Inactive,SRC007,0.89,2024-10-01 03:24:54,2024-06-26 21:59:55
V00913,DL61AB3677,Motorcycle,Bajaj,Innova,2015,Silver,P01123,,2022-01-25,Flagged,SRC029,0.92,2026-06-28 16:18:49,2024-06-26 12:04:20
V00914,MH06AB2579,Motorcycle,Toyota,Innova,2017,Silver,P02448,,2025-01-14,Flagged,SRC030,0.81,2026-04-09 06:06:35,2026-01-04 20:08:00
V00915,MP66JK6810,Motorcycle,Hero,Swift,2020,Red,P03733,,2019-03-02,Inactive,SRC002,0.81,2024-06-26 21:26:43,2025-12-14 12:38:43
V00916,GJ71JK7422,Van,Tata,Pulsar,2017,Grey,,O0253,2018-10-13,Inactive,SRC020,0.82,2024-11-09 10:54:11,2025-01-08 11:43:25
V00917,GJ93JK4992,Car,Maruti Suzuki,City,2024,Silver,P00026,,2023-12-22,Inactive,SRC020,0.85,2024-04-30 01:03:21,2025-11-24 07:14:24
V00918,UP95EF2694,SUV,Honda,Swift,2020,White,P00156,,2017-04-02,Active,SRC030,0.86,2026-03-01 08:40:27,2024-07-19 16:01:28
V00919,RJ02GH2235,Car,Toyota,Swift,2014,Blue,P00661,,2017-01-16,Active,SRC016,0.95,2026-08-19 03:03:47,2025-10-24 17:48:14
V00920,KA47CD8222,Motorcycle,Hyundai,Splendor,2021,Red,,O0318,2022-02-12,Inactive,SRC001,0.91,2024-01-07 16:35:15,2026-07-16 12:25:06
V00921,RJ74GH6955,Auto Rickshaw,Mahindra,Creta,2024,Red,P01276,,2025-12-31,Active,SRC012,0.94,2025-08-10 04:06:48,2025-08-15 00:09:12
V00922,KA09GH5898,Motorcycle,Mahindra,Nexon,2022,Blue,P03869,,2020-11-20,Active,SRC013,0.96,2025-07-23 01:54:06,2024-08-09 23:01:41
V00923,MP06JK8456,SUV,Hyundai,Pulsar,2022,Black,P03960,,2024-03-17,Flagged,SRC022,0.97,2025-12-29 12:05:13,2026-04-09 02:00:06
V00924,KA46GH2572,Truck,Hero,Nexon,2024,Red,,O0252,2017-02-19,Active,SRC002,0.93,2025-10-31 19:49:53,2024-06-06 15:25:44
V00925,GJ61JK7665,Auto Rickshaw,Hyundai,Pulsar,2019,Blue,P03788,,2021-09-25,Inactive,SRC004,0.94,2024-11-27 07:25:37,2026-07-23 03:32:25
V00926,MP94JK4347,Motorcycle,Tata,Swift,2020,Silver,P00027,,2022-10-19,Inactive,SRC006,0.8,2024-02-13 04:12:11,2025-09-19 01:55:19
V00927,MH79JK4938,Van,Hyundai,City,2025,White,P02000,,2020-11-11,Flagged,SRC028,0.81,2025-12-06 05:03:41,2026-02-25 12:05:45
V00928,KA90CD7607,Motorcycle,Maruti Suzuki,Nexon,2020,Silver,,O0360,2026-01-10,Flagged,SRC028,0.92,2026-08-04 07:45:36,2025-01-21 20:32:31
V00929,UP72AB4783,Car,Toyota,Creta,2024,Black,P03597,,2024-07-19,Active,SRC024,0.88,2026-04-20 13:56:30,2025-09-13 14:15:17
V00930,MP90GH8581,Motorcycle,Tata,Innova,2021,Blue,P02156,,2019-01-16,Active,SRC014,0.84,2024-05-14 05:30:21,2025-05-30 15:59:00
V00931,MH29AB6331,Auto Rickshaw,Mahindra,Nexon,2019,Black,P00439,,2021-01-24,Inactive,SRC002,0.81,2026-06-07 06:22:06,2025-05-09 06:59:50
V00932,KA14CD5004,Car,Hero,Scorpio,2022,Blue,P02210,,2020-08-18,Flagged,SRC022,0.81,2026-07-31 00:04:00,2025-06-28 02:40:48
V00933,MH22AB3231,SUV,Mahindra,Pulsar,2019,Black,P02580,,2025-07-07,Active,SRC002,0.81,2025-07-21 19:39:13,2024-03-27 19:15:25
V00934,GJ43CD1771,Auto Rickshaw,Toyota,Swift,2014,Blue,P02617,,2025-04-20,Flagged,SRC003,0.81,2026-05-09 15:26:48,2025-02-28 03:42:26
V00935,MP42JK1460,Truck,Toyota,Creta,2015,Red,P01891,,2018-07-27,Active,SRC027,0.97,2026-01-30 19:04:53,2024-09-08 18:49:38
V00936,MP86EF2757,Motorcycle,Tata,Innova,2014,White,,O0166,2016-12-02,Active,SRC006,0.97,2024-04-07 23:17:09,2025-04-05 06:01:19
V00937,GJ08JK3977,Van,Hero,Swift,2017,Blue,P03134,,2023-04-26,Active,SRC019,0.89,2025-06-14 20:28:02,2025-08-14 05:16:29
V00938,DL76AB5657,Truck,Mahindra,Splendor,2015,Blue,P01798,,2017-07-30,Active,SRC002,0.85,2025-02-07 08:32:26,2024-05-01 12:47:02
V00939,GJ49JK9219,Car,Hero,Innova,2020,White,P00501,,2022-07-02,Active,SRC019,0.87,2025-07-14 01:05:35,2025-05-12 13:33:32
V00940,GJ70CD6559,Truck,Hyundai,Nexon,2021,Silver,P03971,,2022-05-22,Active,SRC014,0.94,2026-06-12 22:22:02,2024-07-30 03:44:47
V00941,RJ79JK1916,SUV,Tata,Scorpio,2024,Black,P03553,,2019-08-12,Flagged,SRC022,0.94,2026-04-17 16:46:05,2026-04-16 20:44:23
V00942,UP98JK2147,Van,Mahindra,Innova,2025,Grey,P00056,,2018-12-10,Active,SRC030,0.92,2024-11-13 23:11:14,2024-02-04 17:31:30
V00943,UP05EF9641,SUV,Hyundai,Creta,2022,Silver,,O0139,2017-09-06,Inactive,SRC015,0.89,2025-05-30 21:05:10,2025-09-02 19:53:03
V00944,RJ58EF8739,Van,Bajaj,Nexon,2021,White,P00096,,2018-09-03,Active,SRC028,0.95,2026-07-01 19:24:54,2024-06-03 11:27:04
V00945,MP37CD1540,Motorcycle,Maruti Suzuki,Splendor,2017,Red,P03873,,2024-02-05,Flagged,SRC012,0.84,2025-10-04 17:46:09,2026-02-25 17:30:18
V00946,UP65AB6273,Truck,Hero,Swift,2014,Red,P00590,,2026-04-14,Inactive,SRC030,0.96,2024-06-01 07:23:14,2024-03-17 19:20:45
V00947,MP55JK1011,Car,Toyota,Scorpio,2018,Red,,O0197,2025-09-08,Inactive,SRC011,0.86,2025-03-29 19:23:43,2024-08-09 16:05:25
V00948,DL13EF5901,SUV,Mahindra,City,2018,Grey,P01219,,2019-07-28,Flagged,SRC020,0.83,2026-03-15 12:14:50,2024-05-17 22:24:31
V00949,UP28JK6633,Car,Hyundai,Scorpio,2022,Black,P01697,,2026-06-07,Active,SRC009,0.97,2025-08-22 11:45:48,2026-08-09 00:02:10
V00950,GJ11EF6524,Motorcycle,Tata,Splendor,2021,Grey,,O0331,2019-06-21,Flagged,SRC015,0.82,2024-01-17 06:21:16,2025-11-04 05:47:22
V00951,DL83GH2923,Van,Maruti Suzuki,Swift,2015,Black,P02530,,2017-09-11,Active,SRC004,0.85,2025-09-09 06:42:52,2024-10-15 03:54:47
V00952,UP87GH9217,Van,Hyundai,Splendor,2024,Blue,,O0467,2018-10-18,Inactive,SRC022,0.93,2025-01-22 11:14:26,2025-05-02 15:13:52
V00953,MH74CD1957,Truck,Maruti Suzuki,Splendor,2021,Black,P02372,,2020-02-17,Inactive,SRC018,0.86,2024-03-05 19:31:13,2026-03-10 09:53:20
V00954,DL83AB7793,Motorcycle,Toyota,Swift,2023,Silver,P00213,,2016-11-10,Inactive,SRC023,0.87,2024-08-22 03:57:17,2025-02-25 16:22:16
V00955,UP01GH9468,Truck,Maruti Suzuki,Nexon,2019,Red,P01370,,2017-02-05,Inactive,SRC024,0.83,2024-04-27 06:32:05,2025-09-05 09:28:36
V00956,UP77GH4237,Van,Honda,Swift,2021,Red,P03147,,2020-02-27,Active,SRC009,0.97,2025-01-27 21:26:26,2026-08-09 17:29:21
V00957,GJ16GH2706,Van,Hero,Nexon,2017,Grey,P00711,,2022-01-19,Flagged,SRC021,0.88,2026-05-20 07:42:12,2025-04-18 05:00:35
V00958,UP02EF4675,Motorcycle,Maruti Suzuki,Creta,2024,Blue,P02328,,2021-03-18,Active,SRC011,0.82,2025-02-23 09:44:02,2024-09-25 17:42:39
V00959,GJ58AB5233,Truck,Toyota,Innova,2014,Black,P01752,,2025-09-21,Active,SRC003,0.85,2025-08-05 17:08:32,2024-02-19 02:49:00
V00960,UP99EF5435,Van,Hyundai,Innova,2020,Silver,P03748,,2025-04-03,Active,SRC007,0.96,2026-03-21 20:20:42,2024-12-29 08:21:36
V00961,KA91AB1174,Van,Honda,Scorpio,2022,Black,P03958,,2024-06-18,Inactive,SRC018,0.83,2024-10-10 05:21:26,2025-08-07 10:48:20
V00962,MP19AB6221,Motorcycle,Bajaj,Nexon,2014,Grey,P00587,,2024-01-25,Flagged,SRC030,0.93,2026-04-21 15:25:34,2025-08-30 18:59:09
V00963,DL47GH6128,Auto Rickshaw,Hero,Creta,2025,Blue,P01933,,2021-10-04,Inactive,SRC029,0.91,2026-05-05 22:13:49,2026-06-30 17:22:56
V00964,GJ03AB8147,Truck,Hero,Scorpio,2020,Silver,,O0073,2023-06-12,Flagged,SRC015,0.95,2025-06-04 01:10:53,2024-06-04 09:56:36
V00965,GJ76CD4449,Car,Toyota,Creta,2015,White,P02388,,2018-03-02,Flagged,SRC018,0.81,2024-03-12 02:48:46,2024-01-23 03:42:43
V00966,MP30EF8512,Car,Maruti Suzuki,Scorpio,2025,Grey,P00811,,2026-06-19,Inactive,SRC024,0.82,2024-05-09 19:28:36,2026-07-19 04:01:42
V00967,DL65AB9615,Truck,Mahindra,Splendor,2020,White,,O0185,2019-01-08,Inactive,SRC003,0.92,2024-04-29 08:06:11,2025-07-19 20:59:54
V00968,GJ44AB8385,SUV,Honda,Scorpio,2023,White,P00542,,2020-07-21,Flagged,SRC016,0.98,2024-07-12 03:29:44,2025-11-08 02:38:27
V00969,RJ35AB9960,Motorcycle,Honda,City,2018,Black,P03428,,2019-05-02,Inactive,SRC002,0.83,2026-06-25 05:38:17,2024-09-12 13:10:29
V00970,KA41JK2391,Car,Hero,Splendor,2015,Grey,P01372,,2024-07-01,Inactive,SRC027,0.88,2024-11-03 00:23:42,2024-01-18 11:32:48
V00971,GJ63JK1016,Motorcycle,Hyundai,Pulsar,2022,Black,P01012,,2022-04-22,Active,SRC002,0.8,2024-10-08 11:07:29,2024-04-08 14:23:14
V00972,DL94GH6389,SUV,Mahindra,Splendor,2014,White,,O0105,2024-06-06,Active,SRC005,0.98,2025-06-04 20:48:21,2025-06-18 01:04:37
V00973,MH68JK8520,Auto Rickshaw,Tata,Nexon,2018,Blue,P02397,,2019-04-04,Inactive,SRC014,0.82,2025-09-01 16:36:00,2025-10-23 06:07:19
V00974,MH40JK9100,Van,Bajaj,Swift,2015,Black,P02782,,2023-04-20,Active,SRC001,0.94,2024-06-30 06:50:15,2024-03-05 05:50:59
V00975,MH34EF4232,Car,Hyundai,Innova,2021,White,P01753,,2019-04-16,Flagged,SRC005,0.95,2024-06-03 01:26:50,2025-03-31 00:23:11
V00976,UP59AB1152,Van,Honda,Pulsar,2020,Grey,P00739,,2021-05-28,Inactive,SRC028,0.88,2024-04-02 13:28:43,2026-03-17 22:52:34
V00977,GJ24JK2374,Auto Rickshaw,Maruti Suzuki,Scorpio,2021,Silver,P00134,,2016-09-05,Flagged,SRC015,0.84,2024-06-08 16:00:00,2024-04-23 07:04:20
V00978,RJ10CD2289,Auto Rickshaw,Tata,City,2023,Blue,P01700,,2017-09-10,Flagged,SRC028,0.88,2024-02-29 16:42:36,2025-05-11 05:06:16
V00979,MP42EF8769,Auto Rickshaw,Tata,Creta,2024,Black,P01233,,2017-11-07,Active,SRC023,0.99,2025-07-22 14:13:09,2025-10-31 08:16:43
V00980,RJ68CD1783,Motorcycle,Tata,Splendor,2020,Grey,P02387,,2020-04-16,Flagged,SRC006,0.83,2024-02-01 04:47:52,2024-01-14 18:24:42
V00981,MP99AB4528,SUV,Maruti Suzuki,Scorpio,2017,Grey,P03318,,2025-10-12,Inactive,SRC017,0.94,2025-12-17 09:38:46,2025-02-25 06:42:56
V00982,DL37JK3306,Van,Mahindra,Pulsar,2021,Grey,P03356,,2024-04-09,Inactive,SRC010,0.89,2025-11-22 13:11:43,2024-11-07 20:39:47
V00983,GJ58AB6410,SUV,Honda,Pulsar,2022,Silver,P01188,,2024-11-03,Inactive,SRC006,0.99,2025-12-14 01:27:34,2024-07-12 13:23:35
V00984,GJ09CD9903,Car,Hero,Splendor,2015,Grey,P00174,,2019-06-06,Active,SRC013,0.99,2025-04-04 13:50:14,2026-07-17 16:01:45
V00985,UP37EF6078,Motorcycle,Mahindra,Pulsar,2017,Black,P03450,,2024-01-16,Inactive,SRC016,0.81,2026-07-07 02:06:23,2024-04-28 01:03:02
V00986,DL88EF6279,Auto Rickshaw,Honda,Splendor,2015,Black,P00687,,2026-07-08,Active,SRC002,0.88,2025-04-11 18:19:13,2025-03-04 12:33:19
V00987,RJ72AB9794,Car,Bajaj,Nexon,2018,Black,,O0046,2020-08-21,Active,SRC020,0.92,2024-06-25 14:33:40,2024-03-04 07:26:51
V00988,RJ89GH6241,Motorcycle,Tata,Scorpio,2023,White,P01794,,2016-12-24,Flagged,SRC016,0.93,2025-02-17 22:34:28,2025-05-16 02:31:14
V00989,MP47JK9674,SUV,Hyundai,City,2022,Black,P02350,,2021-09-14,Inactive,SRC014,0.96,2024-07-11 23:21:25,2025-02-06 17:01:42
V00990,UP15AB9666,Truck,Maruti Suzuki,Scorpio,2025,Silver,P03631,,2018-07-21,Inactive,SRC015,0.81,2025-01-23 21:24:36,2024-03-13 13:15:01
V00991,UP55JK4518,Truck,Honda,Splendor,2017,Blue,P00439,,2021-12-05,Active,SRC001,0.94,2024-10-29 15:41:52,2025-01-27 05:49:51
V00992,UP01GH3753,Car,Toyota,Swift,2022,Black,P02041,,2018-03-22,Active,SRC013,0.81,2024-02-12 09:13:58,2025-09-15 14:08:05
V00993,GJ37GH5680,Truck,Toyota,Swift,2015,Grey,P00189,,2022-07-27,Inactive,SRC006,0.96,2025-12-01 14:19:05,2026-08-24 16:12:48
V00994,MP59EF6933,Car,Honda,Scorpio,2019,Grey,P00033,,2021-04-20,Flagged,SRC004,0.85,2024-11-06 15:32:06,2024-10-14 18:37:13
V00995,RJ04AB6910,Motorcycle,Mahindra,Splendor,2023,Black,P01933,,2018-02-19,Flagged,SRC018,0.85,2024-01-27 11:01:55,2025-07-16 03:17:31
V00996,MP20CD9228,Auto Rickshaw,Hyundai,Creta,2024,Blue,P02434,,2023-04-22,Inactive,SRC009,0.97,2025-04-06 23:13:33,2024-08-03 15:19:51
V00997,UP64EF4661,Motorcycle,Bajaj,Nexon,2022,Red,P00227,,2020-10-28,Flagged,SRC009,0.84,2026-06-02 09:23:51,2025-05-02 23:53:52
V00998,RJ50AB4489,SUV,Bajaj,Splendor,2016,Blue,,O0339,2021-03-13,Inactive,SRC009,0.97,2024-09-25 19:05:36,2025-03-30 13:32:03
V00999,MH18CD7943,SUV,Hero,Nexon,2022,Black,P01972,,2020-09-19,Flagged,SRC008,0.84,2025-07-30 22:14:35,2024-08-23 21:48:14
V01000,KA49AB4552,Motorcycle,Tata,Nexon,2024,Grey,P00650,,2016-12-24,Inactive,SRC013,0.82,2025-09-06 03:51:37,2024-06-02 12:45:41
V01001,GJ68CD6000,Auto Rickshaw,Honda,Creta,2021,Black,P03786,,2019-09-18,Active,SRC020,0.95,2024-01-26 13:22:44,2026-07-05 18:56:05
V01002,KA11JK2366,Auto Rickshaw,Tata,City,2025,Red,P03584,,2018-01-13,Active,SRC009,0.82,2024-03-16 23:04:42,2026-05-29 04:29:05
V01003,RJ29EF9065,SUV,Tata,Nexon,2022,Red,P02456,,2025-05-14,Flagged,SRC008,0.83,2026-03-15 09:53:07,2025-10-21 01:43:49
V01004,DL63EF9965,Car,Maruti Suzuki,Nexon,2023,Black,P00903,,2017-04-01,Inactive,SRC015,0.88,2025-11-15 12:26:06,2025-03-16 08:56:52
V01005,GJ45EF5417,Auto Rickshaw,Honda,City,2018,Red,P00340,,2025-08-20,Inactive,SRC005,0.95,2024-08-16 03:15:36,2026-02-19 16:32:30
V01006,RJ29GH3405,Van,Mahindra,Nexon,2017,Black,P02646,,2025-08-21,Inactive,SRC018,0.84,2025-06-25 11:35:20,2024-12-27 23:08:24
V01007,GJ89GH4586,Van,Toyota,Creta,2017,Blue,P01446,,2018-03-13,Active,SRC029,0.81,2024-10-21 11:48:48,2026-03-02 13:16:16
V01008,RJ43CD2865,Motorcycle,Bajaj,City,2019,Grey,,O0500,2022-05-20,Flagged,SRC024,0.92,2025-10-25 04:11:28,2024-01-13 01:03:26
V01009,UP57AB6805,Van,Hyundai,Splendor,2015,Silver,P01442,,2021-07-19,Flagged,SRC021,0.82,2024-02-26 22:45:01,2025-04-22 07:04:15
V01010,MH29CD6997,Van,Tata,Innova,2019,White,P03721,,2025-01-27,Active,SRC007,0.86,2025-11-29 00:18:10,2024-12-17 08:35:13
V01011,UP08CD5266,Car,Hyundai,Scorpio,2021,Black,P00464,,2025-05-04,Flagged,SRC005,0.8,2024-01-18 16:41:39,2025-06-30 14:47:29
V01012,MH17AB2360,Van,Mahindra,Nexon,2016,Red,P02684,,2025-03-07,Inactive,SRC025,0.98,2024-06-23 01:33:19,2024-02-23 08:59:43
V01013,DL51JK7780,Van,Mahindra,Swift,2021,White,,O0204,2020-09-23,Flagged,SRC020,0.98,2026-01-19 16:31:03,2025-08-07 04:29:41
V01014,DL53CD9349,Van,Toyota,Pulsar,2022,White,P02228,,2019-06-30,Flagged,SRC006,0.92,2025-01-26 23:34:28,2025-04-30 16:22:28
V01015,UP11AB1294,Motorcycle,Honda,Scorpio,2022,Black,P02352,,2025-05-23,Inactive,SRC001,0.95,2024-05-27 04:49:29,2025-05-08 10:55:12
V01016,RJ48CD3105,Truck,Bajaj,City,2022,Red,P03825,,2018-09-16,Inactive,SRC007,0.97,2026-04-17 04:24:57,2026-01-06 06:53:26
V01017,KA11CD1214,Van,Toyota,Scorpio,2017,Black,P00227,,2025-03-07,Active,SRC020,0.93,2024-09-26 20:54:27,2026-02-28 09:02:54
V01018,DL10AB7181,Van,Honda,Creta,2015,Silver,P03432,,2017-09-06,Active,SRC024,0.87,2026-05-14 06:54:00,2026-05-15 22:11:10
V01019,KA33GH6459,Truck,Tata,Scorpio,2023,Grey,P03176,,2019-04-04,Inactive,SRC030,0.98,2024-11-17 00:51:01,2024-07-25 21:09:13
V01020,RJ75AB1848,Truck,Maruti Suzuki,Swift,2018,Grey,P00620,,2018-09-15,Active,SRC007,0.84,2024-08-31 08:42:57,2025-05-01 16:10:52
V01021,MP68JK9705,SUV,Mahindra,Creta,2017,Red,P03043,,2026-05-09,Inactive,SRC020,0.89,2024-10-01 18:39:45,2024-07-29 23:16:07
V01022,UP03EF4484,Truck,Mahindra,Creta,2016,Blue,P03628,,2021-05-02,Flagged,SRC001,0.86,2024-03-06 16:37:38,2026-04-05 09:07:38
V01023,MH65CD4902,Auto Rickshaw,Bajaj,Creta,2020,White,,O0140,2023-02-04,Active,SRC001,0.93,2024-05-26 21:40:17,2024-04-14 03:24:27
V01024,MH96JK4388,Auto Rickshaw,Tata,Creta,2016,Red,P02016,,2018-01-30,Flagged,SRC004,0.81,2024-09-12 21:54:31,2025-05-23 02:15:04
V01025,MP01GH1771,Auto Rickshaw,Hero,City,2023,Grey,,O0388,2019-09-30,Flagged,SRC001,0.85,2025-05-28 09:09:01,2025-03-02 11:04:21
V01026,KA05JK8169,Auto Rickshaw,Hero,Pulsar,2020,Red,P00633,,2018-07-30,Active,SRC004,0.98,2024-05-22 23:58:59,2026-01-14 05:56:26
V01027,GJ43CD2257,Truck,Honda,Nexon,2016,Black,P03912,,2022-10-06,Inactive,SRC011,0.94,2026-01-29 16:15:54,2024-05-23 01:58:51
V01028,MP34GH3926,Auto Rickshaw,Toyota,Swift,2021,Grey,P01937,,2024-01-03,Active,SRC007,0.84,2024-09-26 05:33:17,2026-06-29 03:22:22
V01029,RJ48AB5476,SUV,Honda,Scorpio,2015,Grey,P03185,,2024-08-29,Flagged,SRC010,0.94,2025-08-20 23:19:35,2025-11-24 08:25:15
V01030,RJ02AB7524,Car,Bajaj,Splendor,2025,Red,,O0110,2022-04-16,Inactive,SRC008,0.94,2025-03-24 14:51:19,2025-07-14 23:50:38
V01031,RJ21CD6179,Van,Toyota,City,2022,Black,,O0103,2018-08-08,Inactive,SRC007,0.91,2026-07-15 03:09:52,2024-04-18 02:00:50
V01032,MP28JK9933,Car,Maruti Suzuki,Nexon,2023,Silver,P00134,,2018-12-03,Inactive,SRC018,0.9,2024-07-25 19:27:44,2024-12-23 04:19:18
V01033,MH30EF9679,Van,Tata,Scorpio,2018,Black,P02755,,2019-09-25,Flagged,SRC005,0.84,2024-09-06 01:14:44,2026-02-11 18:34:31
V01034,MH19GH5949,Car,Maruti Suzuki,Creta,2018,Red,P03120,,2020-03-03,Inactive,SRC026,0.83,2025-08-30 21:47:36,2025-01-28 01:42:10
V01035,RJ50EF8175,Van,Bajaj,Swift,2025,Grey,,O0186,2023-02-14,Active,SRC021,0.92,2026-04-21 02:25:46,2025-02-09 13:41:48
V01036,RJ34CD5944,Motorcycle,Hyundai,Swift,2022,Silver,P00509,,2019-04-20,Active,SRC020,0.9,2025-06-15 11:44:29,2024-08-04 20:59:14
V01037,MH90JK1437,Motorcycle,Hyundai,Pulsar,2023,Grey,P02306,,2022-06-30,Inactive,SRC013,0.88,2025-12-18 02:47:39,2024-07-11 20:45:32
V01038,MH51JK8790,SUV,Toyota,Creta,2024,Red,P03137,,2017-09-10,Active,SRC015,0.96,2025-02-10 03:14:34,2024-04-01 20:19:44
V01039,KA90GH2876,Motorcycle,Honda,Splendor,2024,Grey,P03902,,2020-01-24,Flagged,SRC018,0.86,2025-06-19 23:15:38,2026-06-22 01:19:24
V01040,RJ55EF8009,Truck,Tata,Pulsar,2019,Blue,P01869,,2020-10-08,Flagged,SRC029,0.92,2025-08-29 07:24:34,2024-03-27 20:12:30
V01041,MH61GH5872,Van,Honda,Nexon,2019,Red,P02254,,2019-08-13,Inactive,SRC026,0.86,2026-06-01 16:38:28,2025-04-23 18:42:59
V01042,GJ58JK3807,Car,Maruti Suzuki,Creta,2017,Grey,P01207,,2026-07-27,Flagged,SRC013,0.9,2024-02-15 19:26:25,2025-05-17 14:12:46
V01043,UP21JK2267,Motorcycle,Hero,Nexon,2024,Silver,P03687,,2019-10-26,Active,SRC029,0.94,2026-03-27 13:02:53,2024-02-27 20:05:33
V01044,KA47CD6129,Motorcycle,Hyundai,Splendor,2024,White,,O0215,2024-07-08,Inactive,SRC026,0.96,2025-10-14 19:32:47,2026-04-07 01:53:57
V01045,UP64GH4160,Car,Maruti Suzuki,Nexon,2025,Red,P01549,,2019-05-24,Active,SRC007,0.81,2026-04-21 01:52:44,2026-07-21 14:44:03
V01046,UP63GH1290,Auto Rickshaw,Maruti Suzuki,Creta,2016,White,P00200,,2022-01-09,Inactive,SRC029,0.84,2025-03-23 14:27:09,2024-03-08 17:47:20
V01047,GJ08JK6551,SUV,Toyota,Swift,2020,Black,P02226,,2018-09-05,Inactive,SRC004,0.91,2026-08-13 01:30:57,2024-08-30 12:25:19
V01048,MP77JK7000,SUV,Honda,Swift,2020,Grey,P00819,,2023-03-12,Inactive,SRC029,0.94,2025-12-19 17:43:18,2026-03-27 04:06:39
V01049,RJ18JK1539,Auto Rickshaw,Bajaj,Innova,2015,Grey,P03964,,2025-03-22,Inactive,SRC003,0.83,2025-01-23 11:11:24,2026-03-31 20:47:06
V01050,UP33GH4226,Van,Maruti Suzuki,City,2016,Red,P03564,,2023-08-13,Active,SRC026,0.86,2024-06-28 11:50:51,2025-01-11 22:28:29
V01051,DL58GH9660,Van,Maruti Suzuki,Swift,2014,Blue,P00965,,2025-02-08,Flagged,SRC011,0.85,2025-12-16 19:26:49,2025-08-20 11:12:38
V01052,KA77CD6578,Auto Rickshaw,Hero,Pulsar,2017,Red,P01667,,2025-12-19,Active,SRC017,0.96,2024-04-15 10:00:30,2026-05-04 19:41:04
V01053,GJ39CD4508,Van,Maruti Suzuki,Pulsar,2016,White,P00796,,2024-12-19,Active,SRC016,0.99,2025-02-09 01:34:48,2026-08-09 18:33:12
V01054,UP05GH1525,Van,Mahindra,Splendor,2017,Grey,P02614,,2023-05-03,Inactive,SRC027,0.9,2026-06-25 01:53:42,2024-08-16 20:39:52
V01055,UP78GH8133,Car,Hero,Swift,2018,Grey,P01780,,2023-07-05,Flagged,SRC014,0.8,2024-03-30 13:37:01,2025-09-13 09:03:03
V01056,UP31AB5563,Truck,Mahindra,City,2018,Blue,P02424,,2017-09-27,Flagged,SRC020,0.81,2025-10-01 01:14:37,2025-09-14 05:34:10
V01057,GJ80AB4059,Truck,Hero,Nexon,2020,Red,P00350,,2025-06-09,Active,SRC005,0.98,2024-07-10 12:41:20,2025-07-12 15:36:17
V01058,RJ39AB5274,Auto Rickshaw,Toyota,Swift,2022,Red,P01365,,2020-10-01,Flagged,SRC002,0.88,2025-05-05 17:31:07,2024-06-23 04:00:01
V01059,MH35AB2443,Auto Rickshaw,Bajaj,Creta,2020,Blue,P01703,,2020-11-02,Active,SRC004,0.85,2025-04-26 11:44:17,2025-05-26 12:09:30
V01060,MH49CD5775,SUV,Tata,Swift,2018,Red,,O0102,2021-06-13,Active,SRC007,0.83,2025-07-04 15:06:14,2024-04-28 00:08:07
V01061,GJ35EF9367,Car,Bajaj,City,2023,Silver,P01056,,2023-08-02,Inactive,SRC030,0.82,2025-06-21 11:47:03,2026-07-16 22:14:22
V01062,KA65GH2857,SUV,Hyundai,Innova,2020,Grey,P00648,,2020-07-20,Inactive,SRC021,0.94,2025-09-24 12:09:33,2026-02-23 13:09:20
V01063,UP76EF2564,Van,Maruti Suzuki,Pulsar,2014,Red,P02831,,2020-12-16,Flagged,SRC018,0.99,2026-04-02 17:46:39,2024-01-22 05:55:23
V01064,RJ08GH1502,Motorcycle,Tata,Nexon,2018,Blue,P01409,,2018-06-01,Flagged,SRC029,0.93,2024-10-19 09:50:40,2025-10-17 00:01:34
V01065,MP53GH6724,Truck,Bajaj,Innova,2014,White,P01950,,2025-06-11,Flagged,SRC022,0.8,2025-06-25 04:39:29,2024-12-15 23:53:42
V01066,DL96GH8303,Auto Rickshaw,Bajaj,City,2024,Grey,P02783,,2017-02-22,Active,SRC021,0.86,2024-01-01 23:01:27,2025-05-03 04:03:18
V01067,MP11GH6591,Van,Hyundai,Nexon,2018,Grey,P02715,,2017-07-30,Inactive,SRC005,0.86,2024-12-15 19:45:33,2025-05-30 22:31:38
V01068,MP19EF2088,Van,Tata,Swift,2016,Grey,,O0178,2020-11-23,Active,SRC026,0.95,2025-10-14 09:28:47,2024-04-09 03:50:20
V01069,MH68EF9177,SUV,Bajaj,Splendor,2022,Silver,,O0092,2024-07-24,Active,SRC007,0.88,2026-06-11 16:13:56,2026-06-16 03:48:35
V01070,GJ70AB5505,SUV,Bajaj,Scorpio,2019,Red,P02487,,2018-05-06,Flagged,SRC002,0.96,2026-05-14 01:24:48,2025-10-22 20:32:43
V01071,MH58CD2532,Van,Hyundai,City,2015,White,P02659,,2023-11-17,Active,SRC004,0.98,2024-12-11 01:04:48,2025-04-05 09:26:34
V01072,GJ67JK9246,SUV,Hyundai,Scorpio,2020,Red,P03997,,2022-12-11,Flagged,SRC024,0.98,2024-07-10 17:10:40,2026-02-06 09:38:19
V01073,UP90CD2487,Motorcycle,Honda,City,2020,White,P03503,,2022-09-05,Inactive,SRC017,0.81,2024-02-12 06:03:44,2025-09-06 15:42:45
V01074,GJ17AB4869,Truck,Toyota,Nexon,2016,Black,P02556,,2017-03-17,Flagged,SRC007,0.82,2025-03-16 19:56:15,2024-09-29 23:30:27
V01075,MH29AB2299,SUV,Honda,Splendor,2023,Red,P03830,,2019-12-19,Inactive,SRC021,0.94,2025-09-09 13:20:29,2026-06-30 20:35:05
V01076,UP80JK9739,Auto Rickshaw,Mahindra,Creta,2025,Black,P01056,,2024-05-16,Active,SRC013,0.93,2024-06-21 19:52:58,2024-07-27 07:41:32
V01077,DL44EF5005,Auto Rickshaw,Tata,City,2019,Red,P00943,,2017-01-29,Active,SRC030,0.82,2026-06-12 10:50:51,2025-07-30 18:07:56
V01078,DL27JK8505,Auto Rickshaw,Honda,Scorpio,2015,White,P03107,,2022-09-02,Inactive,SRC010,0.91,2024-02-28 11:39:24,2026-04-14 18:18:42
V01079,DL58GH5605,Motorcycle,Hero,Scorpio,2014,White,P03945,,2016-09-08,Flagged,SRC006,0.81,2026-02-14 18:31:45,2025-04-19 04:55:19
V01080,DL63AB7852,Auto Rickshaw,Mahindra,Nexon,2023,Black,P02184,,2024-09-14,Inactive,SRC002,0.82,2026-04-11 22:57:16,2024-01-12 06:14:49
V01081,DL03AB7807,Truck,Maruti Suzuki,Splendor,2017,Black,P03452,,2024-12-04,Flagged,SRC004,0.95,2024-12-10 20:44:54,2024-11-18 05:26:22
V01082,KA83AB8448,Van,Tata,Creta,2022,Blue,P01503,,2022-10-23,Flagged,SRC001,0.88,2025-07-18 19:55:20,2026-01-16 00:08:05
V01083,KA08EF7974,SUV,Toyota,Scorpio,2018,White,,O0180,2019-12-07,Active,SRC026,0.83,2025-04-04 20:28:56,2025-11-26 09:51:38
V01084,MP53AB8448,Motorcycle,Hero,Splendor,2019,Black,P02020,,2018-10-24,Flagged,SRC020,0.96,2024-06-04 15:18:13,2025-09-23 01:27:48
V01085,MH87AB8008,Car,Hyundai,Pulsar,2023,Blue,,O0133,2026-06-27,Active,SRC029,0.85,2024-09-22 12:36:29,2025-05-20 02:45:05
V01086,KA15JK7063,Truck,Tata,Scorpio,2014,White,P00706,,2018-01-22,Inactive,SRC022,0.98,2025-08-16 15:02:08,2025-10-03 16:23:15
V01087,DL35GH8670,Van,Hyundai,Pulsar,2020,White,P00643,,2026-01-14,Active,SRC018,0.87,2026-07-30 18:24:42,2024-01-14 01:41:30
V01088,MP03JK3570,Car,Hero,Scorpio,2021,Blue,P00203,,2024-04-02,Flagged,SRC014,0.88,2024-09-30 23:35:43,2024-04-23 12:55:19
V01089,UP61AB6504,SUV,Hero,Nexon,2023,White,P03685,,2025-12-01,Active,SRC009,0.81,2025-12-20 05:32:47,2026-05-07 01:20:37
V01090,UP41AB8601,Van,Hero,Scorpio,2024,Grey,P01714,,2025-10-21,Active,SRC026,0.89,2026-07-10 19:38:21,2025-12-26 19:24:20
V01091,UP92AB7525,Motorcycle,Toyota,Scorpio,2015,Black,P02415,,2020-01-06,Active,SRC023,0.87,2024-03-02 17:42:39,2024-12-28 06:28:31
V01092,MP78JK2773,Motorcycle,Tata,City,2022,Grey,P00191,,2024-10-10,Active,SRC007,0.93,2026-08-04 06:34:18,2025-03-04 06:52:36
V01093,GJ67AB8448,Van,Hyundai,Swift,2023,White,P00779,,2021-03-09,Active,SRC002,0.98,2024-07-01 11:43:41,2026-06-18 10:35:13
V01094,UP87JK4761,Truck,Hero,Innova,2023,Grey,P01399,,2023-01-29,Active,SRC017,0.92,2025-04-11 02:49:05,2025-07-10 16:25:37
V01095,KA36GH9959,Car,Bajaj,Pulsar,2016,Black,P01335,,2024-10-28,Flagged,SRC022,0.81,2024-09-21 12:27:03,2024-11-05 21:44:42
V01096,MH51CD8627,Auto Rickshaw,Toyota,Splendor,2014,Blue,P01818,,2018-10-13,Active,SRC011,0.81,2024-09-21 10:14:00,2024-03-31 17:28:33
V01097,KA02GH9110,Truck,Mahindra,Scorpio,2020,Blue,P03997,,2016-12-24,Active,SRC014,0.81,2024-07-28 18:41:43,2025-01-28 04:56:19
V01098,GJ51EF6822,SUV,Hero,Innova,2017,White,P02926,,2025-02-06,Active,SRC029,0.81,2025-06-11 06:42:50,2026-05-25 06:44:08
V01099,UP55JK8265,SUV,Tata,Splendor,2019,Grey,P01681,,2026-06-20,Active,SRC009,0.9,2025-08-28 01:25:01,2026-08-28 09:10:58
V01100,GJ45CD2600,Auto Rickshaw,Bajaj,Innova,2017,Blue,,O0091,2023-07-19,Inactive,SRC019,0.85,2025-10-10 01:55:47,2026-01-15 14:03:37
V01101,MP86EF7764,Van,Honda,Nexon,2021,Black,P00040,,2024-04-30,Inactive,SRC009,0.86,2024-09-05 10:59:45,2025-11-07 06:00:32
V01102,DL25CD5495,Car,Tata,Scorpio,2014,Blue,P03572,,2017-04-30,Flagged,SRC019,0.97,2024-12-28 03:20:06,2025-09-01 17:51:39
V01103,MH96JK5621,Motorcycle,Hero,Creta,2025,Silver,P00559,,2018-10-28,Active,SRC004,0.81,2025-12-08 07:29:39,2024-06-11 16:14:13
V01104,MH74EF2902,SUV,Tata,Swift,2014,Blue,P02752,,2021-08-29,Inactive,SRC002,0.82,2024-06-03 22:10:24,2024-08-30 20:26:27
V01105,KA34JK2599,Truck,Tata,Scorpio,2016,Silver,P03383,,2025-11-04,Flagged,SRC012,0.96,2026-04-18 22:16:57,2024-06-04 02:55:50
V01106,KA55GH1505,Auto Rickshaw,Tata,City,2023,White,P02419,,2024-06-24,Active,SRC025,0.88,2025-03-20 19:47:51,2024-04-11 17:23:43
V01107,UP39GH8421,Van,Bajaj,Nexon,2023,Grey,,O0115,2021-10-29,Inactive,SRC024,0.97,2025-04-08 04:15:41,2026-01-03 05:37:01
V01108,MP89GH3406,Car,Hero,Nexon,2015,Red,P00856,,2020-06-11,Flagged,SRC023,0.93,2025-12-11 06:01:51,2024-06-19 08:57:23
V01109,UP04AB7625,Auto Rickshaw,Honda,Pulsar,2018,Black,P02473,,2019-12-30,Flagged,SRC016,0.98,2024-11-25 04:34:41,2026-02-05 03:42:09
V01110,RJ50CD6984,Truck,Hero,Scorpio,2015,White,P02709,,2018-09-06,Active,SRC028,0.84,2026-06-30 23:14:05,2026-07-08 08:17:36
V01111,MH41JK7268,Van,Honda,Innova,2020,Silver,P02508,,2024-08-13,Inactive,SRC008,0.82,2025-08-15 13:01:01,2025-01-12 02:11:58
V01112,MP96EF7327,Car,Mahindra,Pulsar,2022,Black,P02198,,2017-10-24,Active,SRC029,0.84,2024-07-04 10:07:49,2026-03-27 17:39:32
V01113,DL91AB5781,Van,Maruti Suzuki,City,2020,Red,P00596,,2025-06-07,Flagged,SRC015,0.99,2025-04-19 07:31:13,2024-12-16 12:30:08
V01114,GJ68AB2781,Truck,Hero,Splendor,2015,Grey,P00546,,2017-11-27,Flagged,SRC030,0.8,2026-02-14 16:38:41,2025-05-29 12:42:43
V01115,MP41CD9031,Van,Hyundai,Creta,2019,Red,P02282,,2017-02-23,Active,SRC016,0.86,2025-09-11 11:40:53,2025-10-28 04:19:57
V01116,KA27GH2356,Motorcycle,Tata,Swift,2018,White,P02598,,2021-03-28,Inactive,SRC027,0.85,2024-03-29 01:14:47,2024-03-23 11:46:24
V01117,MH50CD9296,Car,Hero,Creta,2015,White,P00700,,2025-03-07,Active,SRC001,0.89,2025-04-01 09:54:15,2024-09-23 10:50:58
V01118,MP97JK7634,Van,Hyundai,Splendor,2023,Grey,,O0199,2020-02-05,Flagged,SRC015,0.9,2024-06-19 05:45:30,2024-05-23 05:20:57
V01119,RJ63AB5437,Car,Bajaj,Nexon,2020,Red,P01644,,2021-02-02,Flagged,SRC012,0.91,2024-08-26 20:21:12,2024-01-20 01:27:42
V01120,MH21AB3261,Van,Hyundai,Nexon,2015,Silver,P01824,,2019-03-15,Active,SRC025,0.92,2024-04-17 22:48:23,2026-08-01 16:05:11
V01121,MP78GH3518,Van,Mahindra,Creta,2020,Grey,P02666,,2017-11-04,Active,SRC027,0.85,2024-05-11 17:28:51,2024-09-30 03:04:46
V01122,DL34CD8066,Van,Bajaj,Creta,2021,Blue,P00614,,2017-08-16,Inactive,SRC001,0.86,2024-10-06 11:11:05,2025-01-27 10:25:28
V01123,KA15CD1283,Van,Hyundai,Nexon,2025,Grey,P03789,,2022-10-16,Flagged,SRC027,0.89,2025-12-05 20:18:42,2025-02-21 07:28:53
V01124,MP35EF9228,Van,Hero,Creta,2025,Red,P00052,,2017-08-01,Inactive,SRC017,0.92,2026-03-23 14:30:07,2024-01-15 16:43:30
V01125,UP17GH2607,Auto Rickshaw,Tata,Innova,2023,Blue,,O0382,2023-08-10,Active,SRC007,0.94,2025-02-19 14:47:09,2025-02-07 17:59:49
V01126,MP76GH4504,Van,Bajaj,City,2016,White,P02306,,2017-07-09,Inactive,SRC003,0.82,2025-12-05 14:07:13,2024-10-09 07:34:01
V01127,UP51AB1112,Truck,Hyundai,Nexon,2022,Red,P02897,,2017-12-17,Active,SRC016,0.89,2025-05-17 10:20:32,2024-11-24 09:41:12
V01128,GJ25JK4487,Van,Bajaj,Splendor,2017,Black,P03734,,2024-09-12,Inactive,SRC025,0.96,2024-10-25 13:04:36,2026-01-23 19:12:05
V01129,RJ85GH8375,Van,Mahindra,Swift,2015,Silver,P00664,,2017-08-13,Active,SRC027,0.84,2026-05-02 05:24:32,2025-08-13 03:41:35
V01130,KA79EF4921,SUV,Maruti Suzuki,Splendor,2015,Red,P01990,,2018-03-25,Flagged,SRC029,0.94,2026-02-25 10:54:34,2024-12-19 19:51:45
V01131,RJ52GH5250,Van,Honda,Pulsar,2014,Red,P02974,,2020-05-19,Inactive,SRC013,0.85,2024-04-07 23:40:38,2024-03-18 11:10:31
V01132,MP91AB7567,Van,Bajaj,Swift,2025,Black,,O0118,2024-11-06,Flagged,SRC023,0.96,2026-02-02 22:26:28,2025-06-07 14:37:52
V01133,GJ16CD6811,Van,Maruti Suzuki,Swift,2015,Red,P01244,,2021-03-31,Inactive,SRC026,0.9,2025-07-30 19:19:11,2024-03-20 14:11:22
V01134,MP55EF6971,Auto Rickshaw,Maruti Suzuki,Scorpio,2024,Grey,P00294,,2018-09-15,Active,SRC022,0.95,2025-09-06 17:31:44,2025-09-13 05:44:01
V01135,RJ42AB6494,Auto Rickshaw,Honda,Scorpio,2016,Black,P00929,,2020-09-03,Flagged,SRC014,0.8,2025-05-05 01:51:14,2025-01-21 12:36:31
V01136,GJ50CD5640,Car,Bajaj,Scorpio,2021,Silver,P02295,,2023-07-11,Flagged,SRC024,0.99,2026-01-26 12:47:21,2024-06-29 17:10:37
V01137,RJ90AB3363,Motorcycle,Maruti Suzuki,Splendor,2024,White,P02152,,2024-06-21,Active,SRC024,0.86,2026-04-08 13:43:31,2025-08-22 19:09:02
V01138,MP53GH6005,Car,Toyota,Pulsar,2021,Blue,P03036,,2018-09-07,Inactive,SRC022,0.82,2024-12-17 18:24:05,2025-03-06 06:29:08
V01139,DL64EF2631,SUV,Toyota,Swift,2021,Silver,P02594,,2021-05-25,Inactive,SRC014,0.85,2026-05-12 04:24:34,2024-03-10 13:19:16
V01140,MH74CD2570,SUV,Hyundai,Pulsar,2018,Black,P02565,,2026-02-14,Inactive,SRC023,0.97,2024-05-04 14:25:11,2025-08-07 02:51:24
V01141,MH52EF5765,Auto Rickshaw,Toyota,Creta,2023,White,,O0393,2021-07-15,Flagged,SRC028,0.88,2024-02-15 21:06:59,2024-03-04 08:44:02
V01142,KA18CD7996,Auto Rickshaw,Toyota,Pulsar,2021,Blue,P00726,,2021-06-01,Flagged,SRC006,0.88,2024-05-02 17:20:54,2025-08-04 19:55:51
V01143,UP36AB8595,Truck,Hyundai,City,2022,Red,P00940,,2020-07-23,Flagged,SRC002,0.9,2024-07-12 14:45:21,2024-10-19 11:25:36
V01144,GJ94JK7258,Car,Honda,Pulsar,2023,Black,P01595,,2025-11-24,Flagged,SRC027,0.97,2024-07-15 04:31:55,2025-12-11 20:36:15
V01145,DL29GH9819,Van,Toyota,Splendor,2018,White,P03473,,2026-06-29,Active,SRC030,0.83,2024-01-28 12:39:24,2024-03-20 08:29:51
V01146,RJ02EF5374,SUV,Hero,Creta,2022,Grey,P01756,,2022-02-15,Flagged,SRC010,0.93,2024-01-29 03:06:07,2026-07-17 17:29:14
V01147,MP33AB9844,Car,Bajaj,Nexon,2025,Red,P02469,,2023-11-09,Flagged,SRC025,0.95,2026-05-08 18:56:46,2025-01-07 23:15:50
V01148,KA42GH2654,SUV,Tata,Splendor,2014,Blue,P02982,,2019-01-11,Active,SRC030,0.82,2024-03-13 10:28:31,2024-11-21 11:37:56
V01149,KA09CD6496,Auto Rickshaw,Toyota,Scorpio,2019,Black,P00749,,2019-12-21,Flagged,SRC005,0.94,2024-05-04 20:59:05,2026-01-21 06:11:46
V01150,UP55GH7605,Auto Rickshaw,Tata,Swift,2020,Blue,P00675,,2018-04-28,Inactive,SRC013,0.88,2024-06-26 10:39:54,2025-07-13 07:27:21
V01151,MP97JK1057,Auto Rickshaw,Tata,Innova,2018,White,P03117,,2025-02-08,Active,SRC027,0.81,2025-02-13 23:39:58,2024-06-08 00:58:08
V01152,MP12EF1552,Motorcycle,Bajaj,Creta,2019,Silver,P00540,,2022-08-25,Inactive,SRC024,0.83,2024-04-24 12:29:45,2024-11-19 21:28:33
V01153,RJ86AB5472,Car,Maruti Suzuki,City,2019,Black,,O0354,2025-03-01,Flagged,SRC018,0.89,2025-02-20 17:13:26,2026-04-13 15:25:21
V01154,DL66AB1414,Auto Rickshaw,Honda,Innova,2016,Grey,P01769,,2016-09-21,Active,SRC011,0.93,2026-03-08 04:47:43,2024-03-26 20:21:26
V01155,KA65EF5804,Auto Rickshaw,Bajaj,City,2015,Black,P03030,,2020-04-13,Inactive,SRC005,0.95,2025-03-24 12:06:36,2024-06-21 07:43:22
V01156,MH22CD2272,SUV,Honda,Pulsar,2017,Grey,P00433,,2021-11-25,Inactive,SRC017,0.81,2026-05-14 09:14:23,2025-07-28 09:19:34
V01157,GJ70EF8327,SUV,Tata,Pulsar,2019,Grey,P01506,,2025-10-24,Active,SRC027,0.81,2024-06-10 05:11:25,2025-03-05 17:20:55
V01158,KA38EF4159,Motorcycle,Maruti Suzuki,Creta,2025,White,P02146,,2024-02-26,Inactive,SRC002,0.94,2024-05-16 15:09:04,2025-12-17 20:36:28
V01159,MH79CD6349,Auto Rickshaw,Bajaj,Creta,2017,Grey,P01684,,2025-04-26,Active,SRC011,0.95,2025-12-18 02:15:57,2026-03-24 17:26:28
V01160,MP27GH5225,Auto Rickshaw,Tata,Creta,2016,White,P03148,,2024-10-04,Flagged,SRC014,0.98,2025-11-04 21:48:41,2026-07-23 12:28:05
V01161,RJ05AB9128,Van,Toyota,Splendor,2015,Silver,,O0399,2018-03-01,Inactive,SRC026,0.97,2025-09-18 19:22:56,2025-04-29 10:27:33
V01162,MH74EF9138,Van,Honda,Pulsar,2025,Blue,P02828,,2025-10-10,Active,SRC024,0.85,2024-03-18 21:21:07,2024-08-27 22:03:38
V01163,UP48JK1112,Truck,Toyota,Creta,2023,Red,P02090,,2025-12-13,Flagged,SRC030,0.96,2024-05-29 06:20:48,2026-06-14 10:02:15
V01164,DL99AB6869,Van,Maruti Suzuki,Scorpio,2016,Grey,P02444,,2020-07-02,Inactive,SRC025,0.96,2024-08-02 19:02:15,2025-08-29 23:16:51
V01165,KA13AB4814,Car,Toyota,Scorpio,2014,Blue,P01394,,2018-12-22,Inactive,SRC026,0.81,2024-03-16 13:56:12,2026-08-07 09:23:25
V01166,MH36GH8930,Van,Bajaj,Pulsar,2022,Red,P03475,,2019-12-16,Flagged,SRC030,0.96,2025-01-29 12:41:54,2024-02-21 21:41:12
V01167,GJ12AB9322,Car,Hyundai,Swift,2021,Red,P01741,,2019-01-25,Active,SRC029,0.91,2025-06-08 08:50:53,2024-10-08 00:48:22
V01168,MH23EF9637,SUV,Toyota,Creta,2019,Red,P02030,,2021-07-27,Inactive,SRC002,0.98,2024-02-07 01:12:51,2026-03-29 02:38:18
V01169,UP74AB8193,Car,Maruti Suzuki,Swift,2017,Red,P01160,,2019-10-19,Flagged,SRC011,0.96,2025-05-29 22:25:02,2025-10-05 16:59:26
V01170,GJ69CD4592,Auto Rickshaw,Honda,City,2017,Red,,O0021,2024-01-20,Inactive,SRC010,0.89,2024-08-25 06:06:56,2024-12-08 05:28:23
V01171,RJ72EF4418,Truck,Tata,Pulsar,2025,Black,P00853,,2020-12-27,Inactive,SRC030,0.91,2024-11-30 06:30:31,2024-02-17 02:01:09
V01172,MH33AB2045,SUV,Tata,Innova,2020,Silver,P03791,,2026-03-22,Active,SRC021,0.88,2024-12-11 05:58:56,2025-02-01 10:29:15
V01173,UP38CD4726,Car,Toyota,City,2014,Red,,O0221,2017-07-03,Inactive,SRC019,0.88,2026-07-01 22:40:44,2024-12-31 07:37:12
V01174,MH50JK3890,Van,Tata,Innova,2020,Black,P02095,,2022-03-22,Flagged,SRC008,0.81,2024-07-24 15:10:43,2024-09-18 14:39:45
V01175,MH88CD5562,Car,Hyundai,Splendor,2021,White,P02598,,2018-11-07,Inactive,SRC012,0.93,2025-10-15 09:19:59,2024-10-15 15:22:34
V01176,MH15GH5767,Motorcycle,Hyundai,Creta,2019,Black,P02010,,2018-06-25,Active,SRC025,0.93,2026-02-27 07:09:59,2026-07-20 04:32:44
V01177,KA21GH4890,Van,Maruti Suzuki,Splendor,2014,Grey,,O0473,2021-11-05,Active,SRC028,0.92,2026-03-19 19:20:20,2025-12-16 22:20:09
V01178,MH12AB4941,Auto Rickshaw,Bajaj,Pulsar,2017,Silver,P00411,,2018-04-27,Flagged,SRC010,0.82,2026-06-27 20:14:56,2024-12-14 17:10:41
V01179,UP61EF7206,Van,Honda,Innova,2017,Grey,P02751,,2024-02-08,Flagged,SRC016,0.81,2025-11-09 18:48:22,2026-04-21 18:55:16
V01180,MH47GH4414,Truck,Toyota,Creta,2020,White,P00638,,2019-09-09,Active,SRC004,0.83,2024-07-26 20:41:53,2025-11-01 04:26:20
V01181,GJ34CD4143,Truck,Hyundai,City,2019,Silver,P00333,,2017-06-16,Active,SRC008,0.83,2024-09-22 23:29:00,2026-04-14 16:03:11
V01182,GJ33GH5115,Motorcycle,Tata,Innova,2019,Blue,P00421,,2024-10-27,Active,SRC028,0.83,2025-05-09 21:00:06,2025-07-16 16:07:36
V01183,MH81AB8705,SUV,Honda,Creta,2024,White,P02555,,2018-12-12,Inactive,SRC022,0.9,2026-03-27 14:33:37,2025-02-19 02:25:59
V01184,KA92GH9327,Motorcycle,Tata,City,2019,Black,P03379,,2021-06-16,Flagged,SRC004,0.94,2024-12-17 13:03:44,2024-09-23 08:14:29
V01185,MP81GH8108,Car,Honda,Swift,2025,White,P03029,,2017-06-08,Flagged,SRC019,0.91,2025-11-24 07:08:28,2025-01-20 10:33:58
V01186,RJ70GH1686,Car,Hero,Nexon,2015,Silver,,O0377,2017-12-11,Flagged,SRC003,0.9,2024-06-10 22:48:50,2025-11-25 14:39:00
V01187,RJ97EF5243,Car,Maruti Suzuki,Swift,2019,Silver,P03258,,2025-08-08,Flagged,SRC008,0.92,2024-07-02 01:24:43,2025-08-16 04:34:52
V01188,MH17CD7839,SUV,Tata,Scorpio,2016,Grey,,O0344,2018-11-26,Active,SRC010,0.92,2024-03-04 09:05:41,2026-02-18 23:04:50
V01189,KA46AB4633,Truck,Mahindra,City,2021,Grey,P02594,,2016-09-30,Flagged,SRC009,0.98,2024-02-10 12:23:15,2026-01-09 01:33:19
V01190,KA25CD6228,Motorcycle,Hero,Splendor,2024,Silver,P00751,,2021-05-19,Active,SRC006,0.92,2026-07-03 09:34:28,2025-12-11 02:09:31
V01191,RJ37JK5186,Motorcycle,Toyota,Creta,2018,Silver,P00259,,2020-06-30,Inactive,SRC024,0.93,2024-04-08 15:45:12,2024-01-26 13:54:31
V01192,GJ44CD9245,SUV,Toyota,Innova,2022,Blue,P00164,,2018-06-30,Inactive,SRC019,0.91,2024-06-09 23:47:49,2025-05-29 17:33:39
V01193,KA68JK2022,Motorcycle,Honda,Splendor,2021,Red,P03462,,2026-07-01,Inactive,SRC009,0.94,2025-03-19 12:13:53,2025-03-11 13:13:51
V01194,UP72EF4466,Auto Rickshaw,Hyundai,Creta,2015,Black,P03218,,2026-05-30,Active,SRC026,0.9,2025-01-16 23:03:45,2025-11-07 16:55:29
V01195,UP11CD2715,Van,Hyundai,Splendor,2020,Black,P03017,,2020-10-06,Inactive,SRC003,0.94,2026-05-19 13:32:44,2024-05-12 12:32:29
V01196,UP87AB1493,Motorcycle,Mahindra,Scorpio,2015,Black,P00848,,2017-07-03,Inactive,SRC011,0.98,2024-06-29 15:34:36,2025-05-21 23:11:32
V01197,MP01AB8283,SUV,Hero,Creta,2014,Silver,P02051,,2025-09-13,Inactive,SRC017,0.86,2024-05-21 17:58:22,2024-01-02 21:21:33
V01198,UP72AB1938,Truck,Bajaj,Pulsar,2020,Silver,P01008,,2023-03-22,Flagged,SRC021,0.81,2024-03-15 16:15:11,2026-05-30 01:45:38
V01199,MH49CD3392,Motorcycle,Mahindra,Scorpio,2020,Silver,P02549,,2023-06-23,Inactive,SRC019,0.87,2026-05-06 05:50:19,2026-03-11 20:00:25
V01200,RJ47JK3351,Car,Toyota,City,2022,Blue,P01274,,2021-04-13,Flagged,SRC012,0.81,2024-04-07 15:17:16,2024-12-26 18:21:57
