membership_id,person_id,organization_id,role,membership_type,start_date,end_date,status,source_id,confidence_score,evidence_id,created_at,updated_at
MEM000001,P03704,O0352,Accountant,Association,2025-08-17,2025-12-17,Ended,SRC018,0.91,EV01221,2025-05-14 01:47:38,2026-03-26 05:31:18
MEM000002,P02106,O0360,Accountant,Contract,2025-01-28,,Active,SRC026,0.91,EV02540,2025-01-05 15:11:46,2024-01-15 08:46:43
MEM000003,P00063,O0001,Driver,Membership,2023-07-06,,Ended,SRC011,0.97,EV01773,2025-12-19 06:13:55,2026-01-23 10:25:13
MEM000004,P00403,O0154,Director,Association,2024-02-27,,Ended,SRC023,0.78,EV00037,2025-03-07 10:43:59,2024-04-02 16:57:09
MEM000005,P01386,O0077,Employee,Employment,2021-11-23,,Ended,SRC019,0.95,EV04935,2024-09-08 08:12:03,2024-01-28 21:27:33
MEM000006,P02763,O0296,Consultant,Ownership,2026-08-10,,Active,SRC009,0.79,EV04722,2024-10-26 21:46:34,2024-07-16 23:06:14
MEM000007,P03842,O0380,Driver,Employment,2024-07-16,2025-12-15,Active,SRC008,0.99,EV02855,2024-08-10 14:31:12,2026-07-12 01:02:33
MEM000008,P02762,O0036,Consultant,Ownership,2021-12-27,,Ended,SRC002,0.9,EV02401,2026-04-04 13:23:54,2024-01-17 06:16:26
MEM000009,P01274,O0470,Partner,Association,2023-04-14,,Inactive,SRC021,0.82,EV00017,2024-07-22 00:20:10,2025-02-20 16:13:19
MEM000010,P03246,O0021,Partner,Association,2023-11-21,,Inactive,SRC027,0.81,EV02227,2024-05-11 07:58:34,2025-12-20 17:17:00
MEM000011,P02546,O0190,Employee,Membership,2022-04-24,,Active,SRC003,0.92,EV03715,2026-06-11 15:47:22,2025-12-16 12:34:55
MEM000012,P01270,O0100,Partner,Contract,2024-04-15,,Inactive,SRC006,0.85,EV02570,2026-03-08 17:39:32,2026-01-06 19:41:15
MEM000013,P00473,O0052,Partner,Ownership,2025-08-11,,Active,SRC026,0.92,EV00060,2024-07-18 15:23:18,2025-12-31 09:01:34
MEM000014,P03522,O0168,Accountant,Employment,2025-09-28,,Ended,SRC025,0.8,EV03418,2026-08-10 16:33:55,2024-09-24 09:07:24
MEM000015,P01462,O0432,Consultant,Membership,2023-05-21,2024-03-10,Inactive,SRC017,0.84,EV00585,2026-04-08 09:19:54,2025-08-22 06:57:23
MEM000016,P01330,O0039,Director,Ownership,2024-02-21,,Inactive,SRC012,0.94,EV03114,2024-01-02 07:07:22,2026-08-06 03:38:08
MEM000017,P03164,O0215,Driver,Membership,2022-09-04,2025-01-20,Ended,SRC016,0.82,EV02823,2025-01-22 18:11:50,2026-04-23 01:35:16
MEM000018,P00514,O0407,Accountant,Ownership,2023-11-24,2025-04-04,Active,SRC027,0.88,EV01961,2026-01-21 22:20:15,2026-08-28 16:38:07
MEM000019,P01483,O0266,Director,Employment,2025-05-31,,Inactive,SRC006,0.9,EV00589,2026-05-04 00:02:48,2024-11-02 14:40:59
MEM000020,P00528,O0340,Employee,Employment,2024-06-12,,Active,SRC002,0.81,EV01822,2026-04-19 15:11:06,2025-08-26 03:15:34
MEM000021,P00057,O0020,Director,Contract,2025-04-25,,Inactive,SRC012,0.92,EV03001,2024-08-31 06:48:45,2024-02-14 22:11:56
MEM000022,P02921,O0054,Manager,Association,2026-03-25,,Ended,SRC027,0.98,EV01975,2025-01-20 07:23:23,2026-07-24 17:33:26
MEM000023,P01026,O0466,Driver,Employment,2022-09-25,,Ended,SRC003,0.79,EV01948,2026-05-31 11:03:36,2025-08-03 07:22:38
MEM000024,P01541,O0361,Manager,Ownership,2022-03-31,,Ended,SRC001,0.91,EV01978,2026-04-27 23:00:37,2025-08-20 21:50:05
MEM000025,P03888,O0211,Consultant,Membership,2024-04-30,,Inactive,SRC005,0.88,EV02080,2026-07-25 02:44:03,2024-08-12 00:46:18
MEM000026,P01308,O0010,Partner,Employment,2025-10-12,2026-03-14,Ended,SRC015,0.92,EV04776,2025-02-16 08:32:21,2026-03-02 15:45:35
MEM000027,P02143,O0447,Director,Ownership,2022-10-09,,Inactive,SRC009,0.97,EV00494,2024-01-10 14:13:22,2026-05-10 19:34:38
MEM000028,P03264,O0115,Partner,Ownership,2024-11-16,,Ended,SRC027,0.89,EV03218,2026-08-07 05:26:18,2025-08-08 03:52:06
MEM000029,P03504,O0388,Partner,Ownership,2024-05-18,,Active,SRC015,0.94,EV03606,2024-09-07 10:20:35,2025-03-15 19:20:25
MEM000030,P01332,O0064,Employee,Association,2024-03-06,,Active,SRC003,0.96,EV03695,2024-02-11 09:49:57,2025-07-23 14:16:26
MEM000031,P03768,O0409,Accountant,Membership,2025-01-23,,Inactive,SRC002,0.93,EV04299,2025-05-07 23:59:23,2025-03-16 02:13:43
MEM000032,P00787,O0469,Driver,Employment,2023-09-09,,Active,SRC005,0.83,EV04863,2025-07-11 17:03:11,2025-03-30 12:00:20
MEM000033,P02258,O0431,Partner,Membership,2025-10-06,,Ended,SRC015,0.79,EV03434,2024-02-15 04:00:13,2025-10-03 07:04:29
MEM000034,P02465,O0195,Employee,Employment,2026-08-06,,Inactive,SRC030,0.87,EV04148,2025-03-04 21:40:05,2024-12-20 03:24:32
MEM000035,P01655,O0425,Director,Contract,2025-04-16,,Inactive,SRC015,0.79,EV04392,2024-04-26 22:53:21,2025-05-18 10:20:30
MEM000036,P03893,O0259,Employee,Employment,2021-09-18,,Active,SRC026,0.82,EV00904,2026-01-08 11:42:07,2025-01-27 12:50:23
MEM000037,P02173,O0379,Director,Ownership,2022-06-14,,Inactive,SRC019,0.98,EV04473,2025-05-25 19:35:29,2024-06-22 19:05:52
MEM000038,P02908,O0021,Driver,Contract,2024-02-21,,Inactive,SRC029,0.83,EV03786,2025-10-25 21:48:40,2026-05-08 13:46:03
MEM000039,P02406,O0308,Member,Contract,2025-05-24,,Inactive,SRC026,0.82,EV04548,2025-01-13 22:15:24,2024-05-04 06:02:27
MEM000040,P00185,O0339,Partner,Association,2022-01-15,,Inactive,SRC016,0.85,EV03602,2024-01-29 13:19:36,2024-01-21 16:58:23
MEM000041,P03128,O0315,Accountant,Ownership,2025-03-17,,Active,SRC012,0.96,EV01688,2024-08-09 12:06:02,2026-06-20 11:36:25
MEM000042,P01844,O0462,Partner,Membership,2023-06-20,,Active,SRC024,0.98,EV01431,2026-07-28 04:19:52,2026-04-14 06:14:55
MEM000043,P00567,O0430,Partner,Association,2025-07-20,,Inactive,SRC007,0.98,EV00960,2025-03-06 00:57:26,2025-03-03 20:16:57
MEM000044,P02352,O0028,Accountant,Contract,2025-03-21,2026-02-08,Ended,SRC027,0.92,EV04773,2026-02-28 10:53:52,2024-04-12 20:52:20
MEM000045,P02884,O0396,Driver,Association,2022-08-11,2024-02-07,Ended,SRC026,0.82,EV03042,2025-02-07 03:17:50,2026-04-11 12:16:47
MEM000046,P00033,O0207,Manager,Membership,2023-11-03,,Active,SRC028,0.98,EV00387,2026-07-13 10:31:06,2026-04-06 20:11:22
MEM000047,P00521,O0363,Manager,Ownership,2021-09-27,,Inactive,SRC027,0.93,EV04391,2024-03-25 11:08:01,2025-08-15 10:59:43
MEM000048,P01203,O0392,Consultant,Membership,2024-11-16,2025-04-26,Active,SRC029,0.94,EV03563,2026-06-14 19:06:29,2024-11-24 09:19:16
MEM000049,P00229,O0341,Employee,Employment,2025-07-11,,Ended,SRC009,0.97,EV01128,2024-09-25 02:10:46,2024-10-30 10:11:35
MEM000050,P01915,O0047,Manager,Association,2024-01-13,,Active,SRC019,0.94,EV00181,2026-05-03 05:21:36,2024-06-18 14:39:46
MEM000051,P01890,O0282,Partner,Membership,2024-01-29,2026-03-23,Inactive,SRC022,0.9,EV04399,2025-04-29 23:16:53,2025-09-12 21:25:19
MEM000052,P03250,O0178,Director,Employment,2025-12-01,,Ended,SRC003,0.89,EV04551,2024-02-13 20:59:37,2026-05-17 10:14:09
MEM000053,P02937,O0212,Driver,Membership,2026-02-12,,Inactive,SRC028,0.91,EV01699,2025-05-28 20:58:01,2026-01-20 10:51:35
MEM000054,P00669,O0358,Manager,Ownership,2023-12-21,,Active,SRC021,0.81,EV00082,2024-05-10 06:18:34,2025-01-02 18:30:50
MEM000055,P01187,O0080,Partner,Ownership,2024-06-04,,Active,SRC027,0.9,EV04746,2024-08-24 13:36:22,2024-02-14 10:41:46
MEM000056,P03632,O0014,Director,Employment,2026-08-07,,Ended,SRC014,0.83,EV01102,2026-08-16 21:50:06,2025-05-04 12:25:49
MEM000057,P01197,O0168,Partner,Contract,2026-05-28,,Active,SRC006,0.8,EV02853,2025-11-22 19:04:53,2024-01-03 05:27:02
MEM000058,P01034,O0382,Driver,Contract,2024-08-09,,Active,SRC020,0.94,EV01329,2026-01-02 12:27:46,2024-10-17 20:56:43
MEM000059,P00449,O0096,Consultant,Employment,2024-12-08,,Active,SRC028,0.89,EV02643,2026-05-14 22:48:07,2025-12-11 17:34:32
MEM000060,P03466,O0219,Manager,Employment,2025-01-12,,Active,SRC023,0.91,EV01173,2026-02-02 20:13:34,2026-02-28 11:26:53
MEM000061,P03954,O0472,Accountant,Association,2023-03-15,,Ended,SRC030,0.96,EV00919,2025-11-25 18:59:05,2025-10-26 08:55:56
MEM000062,P01692,O0173,Driver,Association,2025-07-18,,Ended,SRC024,0.89,EV04262,2024-08-20 21:59:57,2025-07-05 06:47:07
MEM000063,P00671,O0391,Partner,Membership,2021-10-20,,Ended,SRC016,0.81,EV04774,2024-05-31 19:52:54,2025-10-20 20:04:16
MEM000064,P02470,O0390,Accountant,Ownership,2022-06-01,,Ended,SRC014,0.89,EV03766,2025-05-28 03:45:28,2024-03-05 09:04:42
MEM000065,P03844,O0288,Partner,Association,2023-06-08,,Inactive,SRC016,0.91,EV01244,2024-05-12 02:36:47,2024-09-30 14:39:29
MEM000066,P02643,O0409,Employee,Employment,2025-11-23,2026-01-23,Inactive,SRC010,0.9,EV00867,2026-07-01 00:38:39,2025-10-23 03:04:30
MEM000067,P01997,O0271,Driver,Ownership,2025-03-05,2025-12-18,Active,SRC009,0.85,EV01250,2024-03-24 18:14:30,2024-11-13 19:19:18
MEM000068,P00068,O0483,Manager,Employment,2024-03-23,,Inactive,SRC008,0.8,EV03973,2024-11-05 03:20:58,2025-04-22 14:02:32
MEM000069,P00976,O0044,Consultant,Membership,2023-05-05,,Ended,SRC001,0.93,EV03934,2024-01-27 11:54:58,2024-05-12 07:59:42
MEM000070,P00483,O0018,Member,Association,2023-12-18,,Inactive,SRC005,0.9,EV04357,2026-01-25 07:29:30,2024-06-20 15:15:15
MEM000071,P02346,O0161,Accountant,Association,2026-04-01,,Ended,SRC017,0.91,EV02858,2025-07-20 19:31:40,2025-10-27 19:12:03
MEM000072,P01811,O0246,Accountant,Ownership,2025-12-31,,Ended,SRC007,0.79,EV00263,2024-09-01 02:50:20,2024-09-03 01:51:42
MEM000073,P03662,O0466,Employee,Employment,2021-12-05,2023-02-01,Active,SRC025,0.9,EV01940,2026-01-26 07:25:09,2025-10-09 14:55:01
MEM000074,P03787,O0447,Consultant,Association,2021-09-30,,Ended,SRC009,0.91,EV03406,2025-05-12 22:22:33,2026-03-27 07:01:26
MEM000075,P02962,O0249,Manager,Employment,2022-06-26,,Active,SRC025,0.94,EV00865,2024-09-02 16:30:05,2025-04-30 10:02:05
MEM000076,P01895,O0186,Manager,Membership,2026-03-16,,Inactive,SRC015,0.97,EV03747,2026-08-23 05:21:35,2026-01-15 06:42:30
MEM000077,P02236,O0165,Accountant,Membership,2024-01-19,,Inactive,SRC016,0.83,EV04926,2024-06-10 01:45:20,2025-11-01 02:50:13
MEM000078,P02040,O0280,Manager,Contract,2023-08-17,,Ended,SRC002,0.82,EV00551,2026-02-10 07:39:43,2025-04-28 00:43:48
MEM000079,P03564,O0456,Director,Employment,2022-01-15,2022-08-06,Inactive,SRC009,0.98,EV04825,2024-03-06 02:32:05,2025-10-27 03:28:54
MEM000080,P02505,O0280,Employee,Contract,2022-10-06,,Inactive,SRC030,0.85,EV03302,2024-12-26 05:46:25,2024-05-03 23:27:39
MEM000081,P03774,O0270,Director,Contract,2023-11-08,,Active,SRC014,0.98,EV02075,2026-05-04 15:56:51,2025-12-01 00:34:16
MEM000082,P00033,O0103,Employee,Association,2024-01-29,,Ended,SRC003,0.92,EV02971,2026-03-10 21:49:12,2025-10-09 01:56:48
MEM000083,P00414,O0483,Accountant,Employment,2023-06-21,,Inactive,SRC029,0.95,EV02904,2025-11-26 10:37:50,2025-07-07 09:45:52
MEM000084,P00474,O0390,Partner,Contract,2021-11-03,2023-06-04,Inactive,SRC006,0.79,EV02217,2026-03-07 19:26:00,2025-07-17 18:12:31
MEM000085,P03213,O0327,Driver,Association,2021-09-16,,Active,SRC008,0.86,EV01978,2026-02-23 18:31:21,2025-12-18 17:44:52
MEM000086,P02996,O0071,Member,Ownership,2023-07-18,,Inactive,SRC021,0.95,EV03676,2024-10-24 01:34:40,2025-10-27 19:05:08
MEM000087,P00528,O0332,Driver,Association,2026-08-13,,Active,SRC012,0.95,EV04586,2026-03-05 15:03:34,2025-07-24 04:55:16
MEM000088,P02850,O0386,Driver,Employment,2023-10-23,,Ended,SRC024,0.81,EV03202,2026-02-01 05:10:20,2024-10-02 07:58:36
MEM000089,P01538,O0314,Manager,Membership,2021-11-19,,Active,SRC018,0.82,EV00841,2024-02-01 05:44:30,2024-12-29 13:04:11
MEM000090,P03532,O0017,Manager,Ownership,2022-03-25,,Ended,SRC015,0.84,EV00431,2024-08-15 14:55:25,2024-01-22 09:08:46
MEM000091,P02256,O0070,Member,Membership,2022-12-04,,Inactive,SRC021,0.94,EV04844,2024-11-06 09:52:21,2025-02-28 06:37:14
MEM000092,P02478,O0259,Manager,Membership,2022-10-10,,Active,SRC015,0.89,EV02808,2026-07-23 02:09:30,2024-04-01 03:51:50
MEM000093,P03182,O0041,Employee,Employment,2023-12-21,,Inactive,SRC025,0.83,EV00846,2025-01-30 02:30:54,2025-02-23 08:49:28
MEM000094,P00483,O0453,Consultant,Membership,2026-08-27,2026-08-31,Inactive,SRC023,0.97,EV04033,2025-10-14 07:59:30,2026-02-16 18:23:11
MEM000095,P01647,O0349,Consultant,Employment,2024-11-28,,Active,SRC025,0.79,EV04951,2024-08-15 23:26:07,2025-07-26 22:30:56
MEM000096,P03559,O0355,Consultant,Contract,2023-08-06,,Active,SRC009,0.84,EV02670,2025-07-21 12:21:02,2026-03-16 10:28:11
MEM000097,P02791,O0419,Partner,Employment,2024-11-18,,Ended,SRC007,0.89,EV01727,2024-11-20 13:25:27,2025-03-24 07:41:59
MEM000098,P00983,O0499,Employee,Employment,2025-09-24,,Ended,SRC028,0.83,EV02814,2024-07-20 02:18:02,2025-07-09 07:46:18
MEM000099,P00826,O0082,Accountant,Membership,2021-09-13,,Inactive,SRC026,0.85,EV03703,2025-04-23 01:06:42,2025-11-05 21:40:39
MEM000100,P02713,O0122,Partner,Association,2023-12-18,,Active,SRC015,0.99,EV00283,2024-09-04 20:32:04,2024-04-18 10:09:37
MEM000101,P01181,O0392,Member,Membership,2021-10-28,,Ended,SRC019,0.81,EV04509,2024-10-07 09:28:17,2024-04-11 00:40:56
MEM000102,P02833,O0196,Partner,Association,2025-07-10,,Ended,SRC014,0.94,EV04979,2026-06-16 23:06:29,2024-07-06 17:03:31
MEM000103,P02440,O0280,Consultant,Employment,2025-11-15,,Active,SRC027,0.78,EV00123,2025-05-26 13:42:02,2026-07-18 14:26:51
MEM000104,P00495,O0227,Consultant,Association,2022-05-22,,Active,SRC019,0.98,EV00066,2024-07-22 13:28:26,2025-01-24 18:30:31
MEM000105,P01284,O0407,Manager,Membership,2021-12-22,,Inactive,SRC023,0.96,EV01648,2026-08-23 19:26:41,2026-04-26 22:27:39
MEM000106,P03934,O0193,Manager,Employment,2026-06-17,,Ended,SRC015,0.97,EV02280,2024-12-22 13:35:54,2026-01-31 00:02:56
MEM000107,P03676,O0305,Manager,Ownership,2024-02-28,,Inactive,SRC016,0.86,EV03011,2024-05-30 14:55:57,2024-09-05 01:46:14
MEM000108,P03043,O0125,Partner,Contract,2023-08-18,,Active,SRC015,0.91,EV00368,2025-05-31 17:13:15,2025-10-03 20:20:39
MEM000109,P03251,O0374,Consultant,Employment,2025-12-07,2025-12-08,Inactive,SRC027,0.95,EV03666,2025-09-14 12:40:30,2024-12-26 07:24:17
MEM000110,P03897,O0238,Member,Employment,2021-11-15,2025-06-22,Ended,SRC004,0.8,EV01570,2025-05-07 19:41:14,2024-01-15 18:12:33
MEM000111,P03705,O0386,Manager,Ownership,2022-08-27,,Inactive,SRC029,0.98,EV03836,2025-05-24 09:14:07,2025-06-10 08:26:48
MEM000112,P01339,O0241,Director,Employment,2024-08-22,,Ended,SRC017,0.99,EV02158,2024-09-19 04:51:49,2026-03-19 02:43:30
MEM000113,P03010,O0115,Employee,Ownership,2025-04-02,,Active,SRC009,0.8,EV00647,2025-10-24 19:54:25,2026-02-26 20:21:41
MEM000114,P02009,O0094,Employee,Association,2026-05-01,2026-07-22,Ended,SRC024,0.94,EV03828,2026-05-04 17:35:36,2025-05-28 04:36:07
MEM000115,P02896,O0314,Director,Association,2024-01-15,,Active,SRC011,0.8,EV01191,2024-10-09 12:31:51,2024-03-15 15:15:40
MEM000116,P03717,O0077,Member,Contract,2023-07-07,,Inactive,SRC021,0.97,EV00262,2025-10-29 21:21:31,2025-07-31 21:16:57
MEM000117,P00946,O0460,Accountant,Employment,2022-01-28,,Active,SRC029,0.99,EV02205,2026-04-09 03:31:15,2024-05-02 17:11:57
MEM000118,P02906,O0365,Director,Employment,2021-09-12,,Active,SRC003,0.83,EV02670,2024-03-05 19:45:54,2025-11-11 04:11:52
MEM000119,P01466,O0157,Driver,Ownership,2025-09-11,2025-10-16,Inactive,SRC003,0.82,EV02115,2025-04-05 21:35:00,2025-03-24 12:38:23
MEM000120,P02500,O0488,Partner,Ownership,2024-10-27,,Ended,SRC009,0.89,EV04343,2026-05-30 03:56:50,2024-03-19 12:40:34
MEM000121,P02932,O0148,Accountant,Membership,2023-06-09,2023-07-17,Active,SRC008,0.98,EV02405,2026-08-15 01:56:30,2026-06-23 06:26:45
MEM000122,P00597,O0408,Director,Membership,2021-10-01,2025-08-16,Inactive,SRC014,0.8,EV00753,2025-05-30 00:31:53,2024-12-19 17:53:07
MEM000123,P01566,O0061,Driver,Employment,2023-06-23,,Ended,SRC025,0.89,EV03889,2025-01-19 08:51:16,2024-05-30 03:11:33
MEM000124,P00784,O0121,Director,Contract,2026-06-02,,Ended,SRC009,0.85,EV02725,2026-08-14 05:45:20,2024-03-01 05:31:53
MEM000125,P03096,O0468,Employee,Contract,2022-12-24,,Ended,SRC025,0.88,EV04621,2024-09-22 00:36:24,2024-01-28 23:37:12
MEM000126,P03071,O0402,Manager,Membership,2025-02-26,,Inactive,SRC006,0.8,EV00291,2025-03-08 04:40:08,2025-02-14 04:30:19
MEM000127,P02229,O0004,Employee,Contract,2022-04-18,,Ended,SRC011,0.83,EV00012,2024-04-10 01:06:37,2025-08-27 22:13:15
MEM000128,P02219,O0403,Manager,Ownership,2025-09-16,,Inactive,SRC028,0.82,EV04534,2024-10-27 15:46:10,2026-07-18 02:18:50
MEM000129,P00706,O0093,Employee,Ownership,2026-08-27,,Active,SRC009,0.82,EV02946,2025-04-04 19:11:39,2024-10-14 00:15:51
MEM000130,P03352,O0458,Manager,Employment,2023-04-18,,Active,SRC008,0.83,EV04087,2025-08-04 03:23:35,2025-11-29 10:12:17
MEM000131,P03636,O0158,Manager,Ownership,2023-10-25,,Active,SRC009,0.96,EV02300,2025-08-04 07:09:59,2025-04-05 17:46:09
MEM000132,P00119,O0088,Driver,Contract,2025-08-15,2026-08-02,Ended,SRC026,0.92,EV02165,2025-02-19 09:00:45,2024-04-24 19:14:46
MEM000133,P02512,O0136,Director,Ownership,2021-12-23,2022-06-11,Active,SRC029,0.88,EV04166,2026-08-15 22:06:19,2024-09-15 02:48:59
MEM000134,P01816,O0486,Partner,Employment,2021-10-25,,Active,SRC006,0.8,EV02613,2024-09-18 14:18:52,2025-10-12 20:05:59
MEM000135,P01304,O0085,Driver,Ownership,2023-02-26,,Inactive,SRC024,0.86,EV02357,2024-07-15 02:23:26,2024-06-13 23:25:06
MEM000136,P02994,O0468,Accountant,Contract,2022-04-10,,Ended,SRC001,0.97,EV04609,2025-08-03 09:26:09,2025-12-13 11:16:14
MEM000137,P03438,O0376,Partner,Employment,2022-04-16,,Active,SRC005,0.92,EV03031,2024-06-03 12:30:11,2025-07-04 17:08:24
MEM000138,P02787,O0311,Consultant,Membership,2022-07-16,,Active,SRC010,0.98,EV03634,2026-03-13 01:27:45,2025-05-20 08:43:16
MEM000139,P03797,O0332,Employee,Membership,2025-01-29,,Inactive,SRC003,0.87,EV01098,2026-03-17 00:36:02,2024-10-14 16:25:27
MEM000140,P01024,O0101,Consultant,Employment,2022-07-27,2023-03-22,Inactive,SRC027,0.78,EV02530,2024-04-18 22:15:19,2026-02-18 19:44:45
MEM000141,P02083,O0269,Accountant,Membership,2021-11-21,,Ended,SRC004,0.81,EV04545,2025-12-02 15:49:34,2026-02-24 20:22:52
MEM000142,P03041,O0413,Partner,Membership,2025-06-02,,Active,SRC017,0.87,EV02487,2024-10-15 16:26:59,2026-07-06 19:09:46
MEM000143,P00558,O0029,Director,Membership,2023-07-12,,Ended,SRC017,0.84,EV01716,2025-08-02 13:52:28,2025-08-02 13:08:09
MEM000144,P02549,O0455,Consultant,Employment,2022-07-28,2024-04-17,Inactive,SRC012,0.83,EV00024,2024-09-16 19:07:18,2025-10-10 17:09:33
MEM000145,P02039,O0481,Employee,Association,2025-03-14,,Active,SRC030,0.9,EV04508,2025-01-21 00:40:43,2026-08-05 22:28:10
MEM000146,P02676,O0183,Driver,Contract,2022-07-20,,Active,SRC007,0.8,EV02931,2024-03-22 23:20:29,2025-11-03 05:19:44
MEM000147,P03583,O0241,Consultant,Ownership,2024-01-23,,Active,SRC026,0.82,EV03710,2025-11-04 14:42:24,2025-11-10 20:31:15
MEM000148,P03860,O0179,Consultant,Contract,2026-02-18,,Inactive,SRC015,0.9,EV01663,2026-03-18 06:18:19,2024-03-22 19:58:27
MEM000149,P02876,O0100,Employee,Association,2025-06-12,,Active,SRC020,0.97,EV03780,2024-10-21 14:14:26,2026-07-26 14:14:38
MEM000150,P00586,O0421,Member,Contract,2023-06-27,,Inactive,SRC019,0.84,EV01857,2025-05-22 06:02:39,2024-06-15 16:53:08
MEM000151,P02364,O0098,Partner,Membership,2024-06-20,,Ended,SRC009,0.85,EV03287,2024-06-20 14:03:02,2024-11-30 00:50:39
MEM000152,P01234,O0455,Accountant,Ownership,2026-02-04,,Active,SRC020,0.83,EV00445,2025-02-25 18:29:54,2026-07-11 20:21:40
MEM000153,P00474,O0283,Employee,Employment,2026-03-13,,Active,SRC004,0.91,EV02343,2026-06-12 07:14:33,2026-01-22 15:58:59
MEM000154,P00664,O0461,Accountant,Ownership,2023-11-12,,Active,SRC005,0.96,EV03905,2025-09-30 08:28:58,2024-08-06 06:21:13
MEM000155,P01882,O0499,Accountant,Ownership,2024-08-26,2026-02-18,Active,SRC014,0.87,EV01407,2025-02-24 18:03:39,2025-06-06 22:53:10
MEM000156,P02968,O0108,Consultant,Association,2022-07-05,,Active,SRC019,0.93,EV01620,2026-05-21 14:54:11,2025-09-13 19:07:51
MEM000157,P01094,O0438,Consultant,Membership,2023-09-04,,Inactive,SRC005,0.95,EV01912,2024-09-05 02:51:58,2024-02-11 23:41:49
MEM000158,P01667,O0436,Accountant,Contract,2022-01-07,,Active,SRC015,0.82,EV01296,2024-05-19 08:25:35,2025-07-21 05:57:19
MEM000159,P01134,O0192,Employee,Ownership,2025-02-10,2025-09-12,Inactive,SRC001,0.89,EV02099,2025-01-06 14:36:31,2024-10-27 00:08:20
MEM000160,P01885,O0074,Employee,Employment,2021-12-19,,Ended,SRC001,0.98,EV01562,2026-08-17 01:59:41,2025-08-07 15:38:08
MEM000161,P00101,O0069,Manager,Ownership,2023-08-05,,Ended,SRC012,0.91,EV02389,2025-07-21 17:45:07,2026-04-22 21:04:22
MEM000162,P03337,O0003,Consultant,Contract,2023-12-11,,Active,SRC006,0.78,EV02383,2024-02-18 19:41:48,2024-08-12 00:33:02
MEM000163,P01202,O0354,Director,Employment,2023-11-11,,Active,SRC005,0.87,EV03264,2025-05-16 05:42:26,2026-01-10 12:27:08
MEM000164,P01689,O0203,Manager,Membership,2022-09-03,,Inactive,SRC013,0.82,EV01146,2025-01-19 12:50:45,2026-06-09 16:21:01
MEM000165,P01768,O0001,Member,Employment,2023-11-18,,Ended,SRC018,0.96,EV02820,2025-01-05 11:36:34,2026-06-11 18:41:08
MEM000166,P02357,O0094,Member,Contract,2022-05-25,,Ended,SRC020,0.97,EV01776,2026-05-31 20:35:27,2026-03-15 15:34:20
MEM000167,P01625,O0480,Director,Contract,2022-03-08,,Ended,SRC001,0.99,EV02381,2026-08-06 06:58:27,2025-08-31 01:11:54
MEM000168,P00736,O0139,Accountant,Employment,2025-01-30,,Active,SRC024,0.78,EV03056,2024-03-09 16:27:22,2026-04-02 20:52:07
MEM000169,P03001,O0023,Partner,Association,2024-08-29,2026-07-22,Active,SRC024,0.97,EV03513,2025-11-12 03:50:13,2025-10-15 19:30:23
MEM000170,P01155,O0347,Partner,Contract,2021-09-23,,Inactive,SRC015,0.84,EV03661,2025-03-28 02:40:10,2025-12-24 17:08:50
MEM000171,P01859,O0414,Manager,Employment,2023-07-16,,Active,SRC025,0.87,EV03845,2024-10-06 12:46:40,2026-06-13 01:48:11
MEM000172,P00381,O0147,Accountant,Contract,2025-03-23,2026-01-10,Active,SRC029,0.78,EV04252,2026-06-03 04:06:46,2025-08-11 13:35:43
MEM000173,P00110,O0180,Partner,Contract,2023-04-05,,Ended,SRC011,0.85,EV01507,2025-10-28 23:21:11,2024-03-10 13:18:19
MEM000174,P00841,O0221,Driver,Membership,2026-04-06,,Active,SRC026,0.98,EV01527,2025-09-24 22:42:33,2025-05-04 00:14:40
MEM000175,P02796,O0496,Accountant,Employment,2026-04-11,,Ended,SRC012,0.91,EV04393,2025-01-31 07:09:40,2024-04-30 14:11:17
MEM000176,P00807,O0292,Consultant,Contract,2022-06-09,,Inactive,SRC013,0.96,EV02229,2024-10-15 22:31:27,2025-12-18 16:03:50
MEM000177,P01155,O0107,Accountant,Contract,2024-09-30,,Active,SRC025,0.83,EV01618,2024-02-24 16:54:13,2026-03-29 03:16:40
MEM000178,P01951,O0458,Member,Association,2022-06-21,,Ended,SRC023,0.85,EV04325,2026-03-17 02:29:17,2025-07-04 05:33:32
MEM000179,P00479,O0358,Member,Membership,2023-06-30,,Ended,SRC025,0.78,EV04991,2024-06-08 06:59:53,2024-02-29 15:17:37
MEM000180,P00640,O0415,Member,Ownership,2025-11-15,2026-07-01,Active,SRC016,0.78,EV00683,2024-05-11 03:20:03,2025-07-05 05:22:38
MEM000181,P01802,O0492,Director,Ownership,2024-10-12,,Active,SRC025,0.78,EV04872,2026-02-20 19:45:44,2024-03-08 08:01:43
MEM000182,P00926,O0034,Accountant,Contract,2023-03-02,,Inactive,SRC016,0.98,EV03874,2026-05-16 12:30:31,2026-02-05 18:09:15
MEM000183,P03959,O0362,Director,Employment,2024-09-11,,Active,SRC012,0.87,EV01313,2024-01-29 18:23:25,2025-08-22 17:05:44
MEM000184,P00858,O0210,Manager,Contract,2025-02-08,,Inactive,SRC006,0.84,EV00306,2024-10-20 13:24:48,2024-10-04 00:19:23
MEM000185,P03094,O0495,Consultant,Association,2021-12-10,,Active,SRC020,0.98,EV03674,2026-02-23 04:56:59,2024-04-03 23:10:53
MEM000186,P02661,O0151,Employee,Employment,2026-07-07,2026-07-31,Ended,SRC008,0.93,EV00656,2025-12-05 07:24:15,2025-05-22 12:02:05
MEM000187,P01922,O0451,Manager,Membership,2022-01-23,,Active,SRC002,0.94,EV04800,2024-06-25 02:50:25,2024-01-24 23:12:04
MEM000188,P01182,O0334,Partner,Employment,2026-01-10,,Ended,SRC011,0.81,EV03891,2026-08-05 08:08:57,2025-01-17 01:29:55
MEM000189,P01399,O0445,Manager,Ownership,2024-01-30,,Inactive,SRC011,0.96,EV01894,2026-05-30 03:25:33,2025-11-30 18:55:09
MEM000190,P01038,O0315,Consultant,Ownership,2025-12-27,,Active,SRC026,0.98,EV01247,2026-03-08 13:04:27,2025-11-03 03:19:11
MEM000191,P00022,O0315,Partner,Ownership,2026-05-23,,Ended,SRC020,0.83,EV00799,2026-04-03 15:22:53,2026-04-29 17:56:35
MEM000192,P02198,O0378,Consultant,Association,2021-10-29,2023-04-22,Ended,SRC002,0.9,EV03523,2025-08-04 18:39:04,2024-07-17 08:39:11
MEM000193,P02292,O0352,Consultant,Membership,2026-01-07,2026-08-15,Inactive,SRC030,0.86,EV02840,2025-12-15 16:18:11,2026-03-27 11:03:24
MEM000194,P03085,O0276,Accountant,Membership,2025-11-04,,Inactive,SRC002,0.9,EV04979,2025-08-10 00:00:45,2024-03-06 12:53:38
MEM000195,P02993,O0294,Accountant,Association,2021-11-08,,Ended,SRC004,0.86,EV03632,2024-01-10 02:35:28,2026-01-16 14:24:42
MEM000196,P01653,O0134,Manager,Contract,2025-08-25,,Inactive,SRC014,0.82,EV01969,2025-12-19 23:53:33,2024-09-22 04:40:15
MEM000197,P00677,O0349,Employee,Ownership,2025-02-24,,Active,SRC019,0.98,EV02477,2026-02-22 22:56:45,2024-02-04 09:34:42
MEM000198,P01862,O0178,Driver,Association,2022-03-02,,Ended,SRC011,0.98,EV03733,2025-09-13 07:01:42,2024-04-06 20:17:27
MEM000199,P01597,O0292,Employee,Association,2023-11-03,,Ended,SRC017,0.79,EV02945,2025-04-20 04:19:21,2024-07-04 21:05:55
MEM000200,P01829,O0499,Director,Employment,2026-02-05,,Ended,SRC001,0.95,EV03252,2025-07-28 20:12:35,2024-12-13 11:24:28
MEM000201,P01253,O0402,Partner,Membership,2021-12-13,,Inactive,SRC016,0.88,EV00921,2024-06-18 04:09:30,2024-04-16 17:36:28
MEM000202,P00239,O0382,Driver,Membership,2023-06-21,,Ended,SRC008,0.79,EV04666,2026-02-23 17:56:41,2024-06-21 12:15:36
MEM000203,P01963,O0372,Accountant,Ownership,2024-07-17,,Active,SRC006,0.86,EV04457,2025-12-11 11:16:43,2026-05-04 15:32:31
MEM000204,P03986,O0019,Manager,Employment,2022-10-30,2024-07-24,Inactive,SRC021,0.78,EV01488,2025-11-18 11:03:27,2025-12-12 07:41:44
MEM000205,P00201,O0444,Member,Contract,2026-05-16,2026-06-11,Active,SRC026,0.89,EV04991,2024-01-11 03:01:46,2024-01-05 05:44:55
MEM000206,P00718,O0070,Employee,Membership,2025-08-26,2026-01-21,Inactive,SRC024,0.84,EV04356,2025-10-28 18:06:07,2026-04-28 11:04:31
MEM000207,P03539,O0474,Manager,Membership,2022-09-23,2024-10-14,Inactive,SRC004,0.98,EV04691,2024-03-30 07:16:55,2024-07-16 16:43:47
MEM000208,P01935,O0078,Partner,Association,2023-08-11,,Active,SRC012,0.83,EV04729,2024-01-20 18:35:42,2025-08-26 19:51:47
MEM000209,P02917,O0183,Accountant,Ownership,2024-01-23,,Inactive,SRC009,0.88,EV04639,2024-01-04 10:05:05,2024-05-16 06:47:26
MEM000210,P02278,O0440,Employee,Ownership,2023-09-08,2026-08-12,Inactive,SRC008,0.86,EV03431,2025-01-27 12:13:55,2025-08-16 02:02:03
MEM000211,P02692,O0358,Accountant,Association,2022-03-01,,Inactive,SRC010,0.92,EV02376,2024-06-18 03:28:12,2024-05-29 16:26:38
MEM000212,P00749,O0328,Partner,Membership,2026-08-28,,Active,SRC010,0.99,EV04956,2024-08-15 19:05:11,2026-01-19 07:51:22
MEM000213,P02703,O0483,Director,Contract,2025-02-09,,Ended,SRC004,0.81,EV00753,2025-11-22 13:47:15,2025-01-02 05:56:12
MEM000214,P01873,O0496,Manager,Association,2025-09-01,,Inactive,SRC002,0.86,EV03171,2025-07-18 16:04:36,2026-05-30 10:03:52
MEM000215,P01647,O0246,Director,Contract,2025-07-02,,Active,SRC002,0.78,EV01205,2024-12-05 18:05:49,2025-12-05 21:03:43
MEM000216,P00420,O0138,Driver,Association,2024-05-06,2026-02-03,Inactive,SRC030,0.87,EV02147,2024-08-30 10:24:23,2024-06-24 12:49:49
MEM000217,P01663,O0100,Driver,Contract,2025-03-31,,Ended,SRC021,0.91,EV01315,2025-12-19 09:53:55,2026-08-04 10:39:16
MEM000218,P01818,O0267,Accountant,Employment,2021-10-09,,Active,SRC006,0.96,EV03719,2024-02-15 00:23:05,2025-10-20 09:24:51
MEM000219,P00194,O0352,Partner,Ownership,2026-02-01,,Ended,SRC007,0.9,EV04313,2024-05-31 10:06:37,2025-10-17 23:33:56
MEM000220,P02698,O0482,Accountant,Contract,2026-03-13,2026-05-12,Active,SRC029,0.97,EV03798,2025-06-03 17:00:47,2026-05-22 04:23:10
MEM000221,P01228,O0355,Accountant,Contract,2024-02-25,2024-08-23,Ended,SRC014,0.97,EV03942,2025-12-08 16:04:03,2025-11-27 02:27:47
MEM000222,P00313,O0456,Accountant,Contract,2026-01-15,2026-02-26,Active,SRC008,0.83,EV00818,2024-11-20 20:11:54,2025-12-31 19:14:01
MEM000223,P01143,O0305,Partner,Membership,2024-08-17,,Active,SRC023,0.96,EV00170,2025-07-16 04:44:38,2024-11-09 21:01:29
MEM000224,P02976,O0448,Employee,Membership,2021-12-07,2025-06-16,Active,SRC027,0.9,EV02953,2025-04-19 15:34:21,2024-07-24 16:49:44
MEM000225,P00750,O0347,Accountant,Contract,2021-09-05,,Active,SRC015,0.81,EV04374,2025-05-02 14:30:49,2025-02-23 11:39:38
MEM000226,P00042,O0173,Manager,Membership,2025-07-27,2026-06-19,Ended,SRC018,0.99,EV03304,2026-07-06 14:00:42,2024-04-13 10:56:54
MEM000227,P03536,O0212,Driver,Employment,2023-03-23,,Inactive,SRC002,0.88,EV04645,2025-05-24 23:48:59,2024-05-08 04:17:13
MEM000228,P01101,O0463,Director,Ownership,2026-08-07,,Inactive,SRC017,0.92,EV00549,2024-12-02 19:09:44,2025-02-15 05:12:24
MEM000229,P01976,O0313,Member,Ownership,2025-04-08,,Ended,SRC009,0.81,EV04841,2025-05-31 14:46:13,2024-09-01 05:05:19
MEM000230,P02243,O0053,Employee,Association,2022-07-13,,Ended,SRC005,0.87,EV04707,2026-01-03 03:46:15,2026-05-27 12:22:57
MEM000231,P02967,O0067,Accountant,Membership,2022-03-26,,Inactive,SRC014,0.93,EV03016,2026-02-09 00:49:45,2026-07-21 17:17:31
MEM000232,P01162,O0416,Employee,Association,2023-09-08,,Active,SRC019,0.89,EV04208,2024-02-28 12:46:12,2025-11-08 21:31:53
MEM000233,P01777,O0350,Member,Association,2024-09-22,2026-03-20,Inactive,SRC002,0.96,EV03307,2024-06-01 08:56:02,2025-10-06 11:53:28
MEM000234,P01100,O0406,Employee,Ownership,2025-01-22,,Inactive,SRC025,0.84,EV00765,2026-01-19 07:05:54,2024-05-13 19:08:53
MEM000235,P01029,O0411,Manager,Membership,2023-04-11,,Ended,SRC015,0.81,EV02990,2026-03-09 16:32:47,2025-06-22 10:59:20
MEM000236,P02542,O0122,Director,Ownership,2022-11-02,,Ended,SRC026,0.8,EV01587,2024-07-31 20:21:35,2025-08-08 14:42:31
MEM000237,P00455,O0446,Consultant,Membership,2025-07-29,,Inactive,SRC023,0.93,EV02040,2024-04-07 20:01:47,2025-04-01 16:09:50
MEM000238,P03234,O0401,Driver,Contract,2026-07-05,,Ended,SRC022,0.9,EV01299,2025-11-25 19:43:35,2025-07-11 17:06:39
MEM000239,P02701,O0278,Partner,Employment,2026-05-12,,Ended,SRC017,0.87,EV02550,2025-06-25 17:42:08,2024-09-12 03:54:34
MEM000240,P02744,O0057,Accountant,Membership,2022-07-30,,Inactive,SRC017,0.79,EV04562,2026-01-18 19:45:44,2025-07-02 00:55:12
MEM000241,P02588,O0104,Driver,Membership,2025-01-27,,Active,SRC018,0.83,EV02032,2026-02-23 04:31:17,2024-05-23 13:02:49
MEM000242,P00294,O0294,Consultant,Contract,2024-01-27,,Active,SRC025,0.91,EV03972,2024-11-12 13:18:58,2024-02-18 15:06:55
MEM000243,P02781,O0345,Member,Association,2023-11-21,,Ended,SRC010,0.95,EV03004,2026-04-18 01:14:52,2024-05-24 20:48:22
MEM000244,P01901,O0402,Driver,Association,2024-07-30,2025-04-24,Active,SRC003,0.89,EV03244,2026-05-18 23:43:18,2025-12-22 01:27:59
MEM000245,P00202,O0261,Manager,Contract,2026-01-10,2026-08-03,Inactive,SRC008,0.93,EV01579,2024-04-22 04:01:35,2026-02-02 17:35:07
MEM000246,P00044,O0001,Manager,Association,2026-04-24,,Active,SRC006,0.81,EV04735,2026-05-06 02:05:35,2026-06-11 21:03:12
MEM000247,P00286,O0246,Director,Membership,2026-02-09,,Inactive,SRC019,0.81,EV04523,2025-07-14 08:08:35,2025-12-04 12:30:38
MEM000248,P02908,O0274,Manager,Association,2024-11-09,,Inactive,SRC021,0.85,EV04087,2025-11-20 00:57:31,2024-06-22 12:52:40
MEM000249,P01110,O0125,Accountant,Association,2022-01-04,,Inactive,SRC002,0.81,EV03224,2024-01-10 11:07:17,2025-11-11 10:17:52
MEM000250,P02819,O0348,Partner,Membership,2024-02-02,,Inactive,SRC002,0.86,EV01852,2024-11-24 05:24:37,2025-06-29 18:26:47
MEM000251,P02624,O0258,Director,Association,2025-06-08,2026-07-13,Ended,SRC028,0.79,EV03104,2025-02-12 14:35:12,2025-05-08 16:34:03
MEM000252,P01775,O0464,Accountant,Contract,2024-03-10,,Ended,SRC011,0.88,EV04379,2025-08-03 20:38:39,2025-01-03 19:59:53
MEM000253,P03790,O0033,Employee,Membership,2025-01-31,,Active,SRC028,0.91,EV00885,2026-04-02 12:37:18,2024-08-19 20:40:27
MEM000254,P03408,O0062,Employee,Employment,2022-02-01,,Inactive,SRC021,0.86,EV04964,2026-07-20 17:46:28,2024-10-08 04:03:05
MEM000255,P03579,O0215,Accountant,Membership,2022-12-08,2025-09-18,Inactive,SRC024,0.89,EV02876,2025-03-12 21:46:32,2024-02-07 16:49:37
MEM000256,P02049,O0262,Driver,Membership,2022-09-30,,Inactive,SRC011,0.97,EV01710,2026-08-13 19:19:19,2026-04-01 20:56:54
MEM000257,P00824,O0162,Manager,Ownership,2024-07-19,,Active,SRC007,0.93,EV03155,2026-02-22 16:56:52,2025-06-26 05:01:46
MEM000258,P01986,O0135,Partner,Association,2024-05-29,,Active,SRC025,0.97,EV03661,2025-12-15 13:07:59,2025-02-22 01:09:06
MEM000259,P02496,O0440,Accountant,Employment,2024-04-10,,Inactive,SRC003,0.85,EV04262,2024-04-20 02:28:08,2024-10-28 11:16:38
MEM000260,P01450,O0046,Manager,Association,2022-09-17,,Ended,SRC012,0.85,EV00718,2026-05-28 19:00:40,2025-12-27 22:31:34
MEM000261,P00239,O0189,Member,Employment,2025-04-13,,Active,SRC021,0.9,EV01051,2024-06-19 16:56:56,2025-12-02 06:03:44
MEM000262,P00256,O0373,Driver,Ownership,2026-06-20,,Ended,SRC008,0.83,EV02340,2024-07-30 14:30:02,2024-02-24 03:57:53
MEM000263,P03583,O0105,Director,Contract,2021-10-16,,Ended,SRC008,0.9,EV04048,2025-11-02 21:16:50,2025-03-26 01:34:50
MEM000264,P00029,O0232,Member,Membership,2026-05-01,,Inactive,SRC025,0.82,EV01161,2025-07-26 10:49:20,2024-08-19 00:08:37
MEM000265,P01454,O0366,Manager,Membership,2023-02-02,,Ended,SRC028,0.95,EV01215,2026-01-14 17:29:58,2024-11-29 20:47:57
MEM000266,P03548,O0326,Consultant,Ownership,2026-02-21,2026-06-01,Active,SRC002,0.8,EV04111,2024-05-11 06:04:14,2026-03-08 06:51:01
MEM000267,P02103,O0224,Employee,Ownership,2024-08-25,,Active,SRC018,0.92,EV02138,2024-08-19 09:28:11,2025-11-05 14:01:43
MEM000268,P03494,O0305,Member,Contract,2022-06-04,,Active,SRC007,0.97,EV01006,2025-10-11 12:53:56,2024-11-15 16:13:25
MEM000269,P00454,O0216,Employee,Association,2026-06-22,,Inactive,SRC028,0.85,EV03597,2024-08-14 20:31:53,2024-10-28 12:41:02
MEM000270,P01119,O0401,Employee,Association,2022-01-13,,Ended,SRC016,0.92,EV04501,2025-02-18 18:31:01,2024-12-10 05:02:10
MEM000271,P01503,O0304,Director,Association,2024-08-06,,Active,SRC025,0.93,EV04590,2026-07-19 18:09:40,2024-03-30 08:29:55
MEM000272,P02129,O0380,Member,Ownership,2022-03-25,,Active,SRC015,0.98,EV03322,2025-11-15 10:00:25,2026-07-08 11:56:48
MEM000273,P01012,O0105,Accountant,Employment,2021-12-27,,Ended,SRC018,0.96,EV00329,2024-01-27 20:17:35,2025-03-14 04:16:51
MEM000274,P03693,O0380,Accountant,Ownership,2024-01-29,2025-11-24,Inactive,SRC002,0.9,EV01632,2024-01-20 17:46:45,2024-09-10 17:17:07
MEM000275,P02308,O0396,Director,Membership,2024-07-06,,Active,SRC002,0.78,EV03607,2024-04-16 15:23:48,2024-04-18 22:00:19
MEM000276,P03201,O0182,Employee,Association,2023-08-11,,Inactive,SRC027,0.81,EV00218,2025-05-09 00:00:20,2026-05-17 15:38:33
MEM000277,P00052,O0141,Consultant,Employment,2023-10-14,,Active,SRC015,0.79,EV04555,2024-11-04 23:49:16,2024-07-26 22:10:35
MEM000278,P00641,O0412,Accountant,Contract,2021-09-07,2023-04-18,Ended,SRC008,0.79,EV04172,2024-09-18 08:23:08,2026-04-15 23:40:12
MEM000279,P00234,O0134,Driver,Employment,2022-01-24,,Ended,SRC016,0.92,EV02168,2024-10-02 20:51:54,2024-07-01 10:22:32
MEM000280,P00012,O0288,Member,Membership,2023-05-26,2023-07-31,Ended,SRC027,0.79,EV03438,2024-01-16 11:08:34,2025-09-18 19:58:58
MEM000281,P01793,O0397,Employee,Employment,2024-08-01,,Ended,SRC005,0.94,EV04623,2025-04-19 11:08:16,2024-04-12 04:38:13
MEM000282,P01723,O0232,Consultant,Employment,2023-01-30,,Ended,SRC004,0.89,EV03118,2024-05-13 23:39:55,2026-02-25 11:23:50
MEM000283,P00680,O0186,Consultant,Association,2024-04-25,,Active,SRC023,0.92,EV01561,2025-09-19 05:27:35,2026-07-29 21:38:39
MEM000284,P01495,O0376,Consultant,Contract,2022-05-29,,Active,SRC002,0.87,EV01235,2026-01-23 00:03:15,2025-04-06 23:34:03
MEM000285,P00152,O0085,Manager,Employment,2026-02-11,,Active,SRC027,0.84,EV00964,2024-07-26 19:47:23,2026-02-23 04:25:21
MEM000286,P02740,O0350,Member,Employment,2022-08-14,,Ended,SRC021,0.98,EV04558,2026-06-30 21:23:08,2025-12-23 10:52:25
MEM000287,P00037,O0235,Driver,Contract,2026-08-09,,Active,SRC028,0.78,EV04609,2026-04-18 17:33:13,2024-10-11 09:13:39
MEM000288,P02284,O0427,Accountant,Association,2025-08-22,2026-06-02,Ended,SRC002,0.94,EV02641,2024-07-01 16:08:48,2025-07-18 11:35:22
MEM000289,P01149,O0338,Director,Ownership,2022-06-15,,Active,SRC002,0.97,EV02868,2026-06-20 01:24:43,2025-11-11 18:37:54
MEM000290,P02636,O0163,Manager,Employment,2024-01-22,,Active,SRC013,0.98,EV04048,2024-02-06 00:28:12,2024-09-30 04:36:03
MEM000291,P00652,O0267,Driver,Ownership,2021-11-07,,Inactive,SRC021,0.78,EV03251,2025-01-27 12:29:08,2026-01-02 19:33:15
MEM000292,P01177,O0313,Partner,Membership,2025-11-23,,Inactive,SRC021,0.88,EV01318,2024-03-07 03:43:05,2025-05-04 23:27:03
MEM000293,P03149,O0474,Manager,Association,2022-04-11,,Inactive,SRC011,0.82,EV04053,2024-07-17 02:09:05,2024-08-19 05:34:27
MEM000294,P03508,O0475,Accountant,Association,2024-09-26,2025-10-17,Active,SRC021,0.79,EV04638,2024-07-21 19:57:26,2026-02-25 06:07:03
MEM000295,P00434,O0366,Driver,Ownership,2025-01-20,,Active,SRC019,0.79,EV03395,2025-05-24 02:43:53,2025-07-31 01:39:41
MEM000296,P02122,O0101,Manager,Association,2021-12-17,2025-06-04,Ended,SRC019,0.92,EV04470,2024-10-15 03:05:50,2024-01-09 11:23:25
MEM000297,P00302,O0247,Director,Membership,2025-08-30,,Active,SRC023,0.88,EV03420,2024-07-31 18:49:45,2024-08-21 15:13:20
MEM000298,P03324,O0498,Driver,Contract,2022-06-20,2023-09-09,Inactive,SRC012,0.82,EV00362,2024-09-17 19:01:55,2024-12-04 15:53:09
MEM000299,P03967,O0301,Member,Association,2021-12-07,,Inactive,SRC013,0.92,EV02960,2025-09-25 11:37:05,2024-12-25 05:40:17
MEM000300,P03521,O0478,Director,Contract,2023-04-29,,Ended,SRC010,0.9,EV02004,2025-09-21 02:43:17,2025-10-04 08:30:41
MEM000301,P02422,O0246,Director,Membership,2022-03-04,,Active,SRC025,0.83,EV02508,2025-07-08 03:05:35,2025-02-25 14:32:19
MEM000302,P00089,O0386,Director,Employment,2024-02-19,,Inactive,SRC021,0.91,EV01676,2024-03-15 05:40:58,2024-02-27 06:10:14
MEM000303,P00491,O0232,Driver,Employment,2026-02-15,,Inactive,SRC015,0.97,EV01686,2026-08-21 02:12:51,2024-10-07 10:17:32
MEM000304,P01809,O0190,Member,Association,2023-06-03,,Ended,SRC030,0.88,EV00111,2025-06-11 04:24:30,2025-09-29 22:27:36
MEM000305,P01446,O0066,Employee,Ownership,2025-08-10,,Inactive,SRC023,0.98,EV04490,2024-12-27 02:48:25,2025-06-02 01:36:50
MEM000306,P01734,O0023,Consultant,Association,2026-01-19,,Inactive,SRC019,0.85,EV03360,2025-11-12 15:09:21,2024-08-06 13:42:14
MEM000307,P00286,O0361,Driver,Association,2025-03-01,,Ended,SRC004,0.87,EV02112,2024-02-26 20:17:10,2026-07-19 03:35:26
MEM000308,P03683,O0221,Manager,Contract,2022-07-03,2023-07-03,Ended,SRC016,0.99,EV02931,2026-06-01 19:08:27,2025-12-16 17:04:51
MEM000309,P02361,O0320,Partner,Contract,2022-01-20,,Ended,SRC025,0.87,EV00767,2026-06-07 02:04:56,2024-08-18 20:56:46
MEM000310,P01203,O0483,Consultant,Association,2022-10-23,,Active,SRC005,0.79,EV01704,2026-05-02 10:40:49,2025-08-24 17:37:38
MEM000311,P02415,O0098,Employee,Ownership,2024-06-22,,Active,SRC026,0.88,EV03703,2026-05-07 23:04:26,2024-05-31 06:38:36
MEM000312,P02207,O0296,Partner,Employment,2023-04-11,,Ended,SRC025,0.88,EV02611,2024-02-29 10:07:31,2026-06-20 14:52:38
MEM000313,P03134,O0128,Consultant,Membership,2024-06-17,,Active,SRC006,0.82,EV03629,2025-12-02 11:50:46,2024-08-14 13:50:38
MEM000314,P00809,O0452,Consultant,Contract,2021-10-07,,Active,SRC007,0.9,EV04431,2025-06-10 16:39:59,2026-06-17 12:36:12
MEM000315,P03690,O0165,Director,Ownership,2023-02-23,,Ended,SRC020,0.94,EV04983,2026-05-23 21:14:48,2024-06-18 13:37:24
MEM000316,P02348,O0326,Employee,Employment,2021-11-29,,Ended,SRC028,0.88,EV00180,2025-07-03 12:08:11,2024-08-18 13:33:22
MEM000317,P02244,O0370,Employee,Contract,2025-06-29,2026-08-07,Inactive,SRC021,0.89,EV02338,2024-11-29 05:19:15,2025-03-09 06:39:41
MEM000318,P02127,O0219,Accountant,Membership,2024-02-08,,Active,SRC023,0.79,EV04221,2026-08-30 11:28:53,2024-07-29 14:59:56
MEM000319,P03946,O0171,Manager,Contract,2022-08-11,,Ended,SRC010,0.9,EV03411,2025-05-16 23:59:53,2026-07-15 23:44:09
MEM000320,P00527,O0160,Member,Ownership,2024-08-10,,Active,SRC005,0.96,EV01998,2025-10-29 16:28:06,2026-05-21 19:25:17
MEM000321,P01089,O0239,Accountant,Ownership,2022-06-16,,Ended,SRC012,0.86,EV02114,2024-10-15 23:48:02,2026-04-04 23:08:09
MEM000322,P01107,O0184,Employee,Association,2026-01-16,,Ended,SRC008,0.83,EV00194,2024-03-29 21:15:06,2024-06-13 18:05:20
MEM000323,P03696,O0469,Employee,Contract,2025-08-15,,Ended,SRC026,0.9,EV00991,2024-12-13 23:32:57,2025-05-22 05:40:44
MEM000324,P02698,O0289,Partner,Contract,2022-03-10,2022-06-03,Ended,SRC018,0.89,EV02064,2025-06-14 15:07:19,2024-11-30 15:34:51
MEM000325,P03904,O0284,Consultant,Employment,2025-09-30,,Active,SRC016,0.79,EV03396,2024-02-19 19:11:11,2025-11-28 15:55:35
MEM000326,P02412,O0336,Member,Employment,2022-04-29,,Inactive,SRC001,0.78,EV01539,2024-02-07 02:25:52,2025-11-29 02:18:52
MEM000327,P01583,O0483,Employee,Employment,2026-07-08,2026-08-31,Active,SRC015,0.98,EV02599,2024-08-15 05:27:36,2025-10-28 09:16:38
MEM000328,P02004,O0369,Driver,Contract,2022-12-10,,Ended,SRC027,0.8,EV03813,2026-08-06 09:39:07,2025-02-02 13:44:04
MEM000329,P03870,O0116,Driver,Employment,2025-02-26,,Inactive,SRC011,0.85,EV01629,2024-06-27 06:46:10,2025-04-11 12:02:10
MEM000330,P03712,O0393,Director,Employment,2021-12-23,,Inactive,SRC020,0.89,EV01677,2026-02-02 16:13:55,2025-10-13 18:26:43
MEM000331,P01910,O0145,Driver,Contract,2026-04-29,,Ended,SRC007,0.94,EV04480,2025-01-01 08:10:56,2026-08-06 14:22:45
MEM000332,P01551,O0408,Manager,Contract,2023-10-11,,Inactive,SRC008,0.94,EV04198,2024-03-14 15:25:59,2024-04-13 06:52:50
MEM000333,P00499,O0367,Employee,Association,2022-08-22,,Inactive,SRC005,0.84,EV02746,2025-10-04 22:21:06,2024-09-02 14:24:24
MEM000334,P03230,O0186,Employee,Membership,2023-11-27,,Active,SRC003,0.85,EV02697,2025-08-25 12:21:46,2025-11-03 06:49:48
MEM000335,P02509,O0430,Partner,Employment,2021-11-08,,Active,SRC007,0.82,EV04222,2024-12-19 03:54:41,2026-02-24 01:16:02
MEM000336,P00411,O0429,Employee,Contract,2023-01-30,2025-04-25,Inactive,SRC015,0.88,EV03138,2024-10-01 07:23:01,2025-09-27 14:45:26
MEM000337,P02370,O0235,Manager,Employment,2025-09-15,,Inactive,SRC017,0.91,EV01324,2025-04-12 23:56:16,2026-01-12 12:22:36
MEM000338,P02313,O0450,Director,Membership,2025-07-01,,Active,SRC012,0.95,EV04867,2025-10-31 22:34:56,2024-10-19 08:50:27
MEM000339,P00361,O0066,Partner,Employment,2023-12-21,,Inactive,SRC001,0.94,EV04942,2026-03-24 00:52:31,2024-07-01 15:05:57
MEM000340,P00707,O0259,Employee,Ownership,2026-07-08,2026-07-28,Inactive,SRC028,0.81,EV01475,2024-07-05 17:56:27,2024-10-06 16:14:11
MEM000341,P01725,O0274,Member,Ownership,2022-06-13,,Inactive,SRC003,0.83,EV03967,2024-03-06 04:20:14,2024-03-28 14:07:45
MEM000342,P00185,O0086,Accountant,Employment,2024-03-01,,Ended,SRC001,0.83,EV00079,2025-05-07 02:26:05,2026-04-21 01:23:59
MEM000343,P03620,O0353,Employee,Employment,2024-06-05,,Inactive,SRC010,0.85,EV04327,2024-01-21 03:38:09,2025-02-19 21:59:12
MEM000344,P00085,O0117,Director,Employment,2024-10-06,,Ended,SRC025,0.92,EV03083,2024-08-15 05:56:42,2026-06-13 13:07:23
MEM000345,P01084,O0498,Manager,Contract,2023-10-07,2025-03-20,Inactive,SRC004,0.98,EV04643,2026-05-19 16:54:11,2026-03-13 06:07:08
MEM000346,P03250,O0407,Employee,Contract,2022-07-07,,Ended,SRC024,0.83,EV04521,2026-06-28 03:10:59,2024-05-21 19:21:55
MEM000347,P01867,O0187,Consultant,Membership,2025-02-23,,Inactive,SRC010,0.87,EV02363,2024-05-22 11:34:29,2025-12-31 09:10:43
MEM000348,P01968,O0314,Manager,Ownership,2026-08-30,,Ended,SRC017,0.79,EV03747,2024-06-08 03:42:10,2026-03-10 09:31:31
MEM000349,P03538,O0370,Employee,Ownership,2025-11-22,,Active,SRC024,0.78,EV00264,2025-07-19 10:04:41,2026-01-13 12:52:36
MEM000350,P01435,O0033,Accountant,Contract,2025-06-15,,Ended,SRC021,0.91,EV02604,2024-09-11 14:23:57,2025-10-08 19:29:40
MEM000351,P00939,O0248,Manager,Association,2023-06-08,,Active,SRC026,0.89,EV01306,2026-02-06 21:49:39,2024-10-29 19:04:52
MEM000352,P02413,O0140,Accountant,Employment,2024-01-29,,Ended,SRC006,0.78,EV02923,2025-02-16 03:31:18,2025-08-07 17:53:31
MEM000353,P03004,O0238,Member,Employment,2023-11-06,,Inactive,SRC011,0.92,EV03355,2025-07-02 05:09:43,2025-08-30 20:43:21
MEM000354,P03325,O0156,Member,Ownership,2025-09-10,2026-05-30,Inactive,SRC001,0.84,EV03465,2025-05-29 17:43:46,2026-02-08 17:11:03
MEM000355,P01727,O0257,Member,Ownership,2024-12-31,,Inactive,SRC010,0.96,EV03063,2025-12-18 02:39:03,2025-03-21 11:22:00
MEM000356,P00370,O0021,Partner,Association,2023-10-27,,Active,SRC014,0.89,EV01432,2024-08-07 00:42:17,2025-09-03 01:54:04
MEM000357,P01695,O0080,Accountant,Employment,2023-02-05,2023-02-19,Active,SRC006,0.99,EV03811,2026-08-02 10:48:10,2025-12-30 05:46:27
MEM000358,P00887,O0168,Employee,Employment,2022-09-23,,Active,SRC023,0.78,EV00691,2024-11-23 05:36:19,2024-08-11 04:49:31
MEM000359,P00748,O0233,Accountant,Membership,2025-11-14,,Active,SRC015,0.84,EV01531,2026-05-03 02:51:38,2024-10-23 16:16:20
MEM000360,P01848,O0280,Accountant,Employment,2024-12-18,,Inactive,SRC008,0.83,EV04940,2026-06-28 11:25:58,2024-07-20 14:48:53
MEM000361,P02726,O0113,Employee,Membership,2022-05-26,,Active,SRC028,0.91,EV00837,2025-10-14 23:22:31,2025-05-06 22:03:53
MEM000362,P00665,O0308,Driver,Ownership,2024-03-19,,Ended,SRC003,0.82,EV00916,2026-03-07 08:58:48,2024-06-18 01:12:53
MEM000363,P03538,O0411,Driver,Membership,2024-04-20,,Inactive,SRC015,0.82,EV03080,2025-02-28 01:35:42,2025-12-14 13:01:17
MEM000364,P02522,O0035,Partner,Ownership,2022-06-11,,Inactive,SRC009,0.97,EV01272,2026-01-01 23:03:41,2026-01-23 04:39:15
MEM000365,P00316,O0422,Director,Association,2021-11-08,,Inactive,SRC004,0.99,EV00553,2024-11-29 20:32:31,2024-11-19 11:26:36
MEM000366,P00826,O0154,Employee,Association,2024-08-03,,Active,SRC009,0.97,EV02228,2024-06-21 22:56:23,2026-02-05 01:18:28
MEM000367,P00573,O0308,Manager,Ownership,2025-05-12,,Inactive,SRC026,0.79,EV02282,2025-05-27 03:05:02,2024-06-01 09:07:48
MEM000368,P03994,O0368,Partner,Ownership,2024-02-06,2024-08-13,Inactive,SRC017,0.96,EV00752,2024-03-30 22:35:54,2025-07-30 17:13:55
MEM000369,P00732,O0026,Member,Employment,2025-01-04,,Inactive,SRC025,0.85,EV02948,2024-10-28 22:58:49,2025-12-25 18:47:00
MEM000370,P02163,O0500,Manager,Membership,2023-05-14,,Active,SRC003,0.97,EV04081,2026-07-15 14:21:03,2025-07-27 18:59:16
MEM000371,P02932,O0170,Consultant,Contract,2026-05-18,,Ended,SRC018,0.89,EV01242,2025-12-19 14:59:34,2025-09-17 12:04:45
MEM000372,P01140,O0145,Driver,Membership,2023-03-11,,Active,SRC021,0.95,EV03351,2026-06-21 12:00:01,2025-05-15 21:25:54
MEM000373,P02396,O0391,Accountant,Membership,2026-01-23,,Active,SRC028,0.8,EV00434,2025-08-16 01:20:57,2024-01-22 11:47:59
MEM000374,P02948,O0080,Driver,Contract,2025-07-05,,Ended,SRC004,0.99,EV03889,2024-03-15 22:28:01,2025-01-22 05:33:22
MEM000375,P01148,O0422,Employee,Employment,2024-03-20,,Ended,SRC014,0.84,EV02094,2024-12-14 23:50:55,2025-05-30 03:59:38
MEM000376,P03962,O0161,Member,Contract,2023-05-09,2024-12-10,Active,SRC013,0.85,EV00914,2026-08-30 19:09:41,2025-10-04 11:46:24
MEM000377,P01671,O0044,Member,Membership,2022-10-26,,Ended,SRC013,0.85,EV02439,2024-06-13 17:50:07,2025-07-13 21:46:11
MEM000378,P02196,O0014,Consultant,Employment,2023-09-20,,Inactive,SRC028,0.85,EV02158,2026-01-31 14:40:23,2024-10-18 18:29:07
MEM000379,P00858,O0128,Manager,Membership,2023-06-01,,Ended,SRC011,0.89,EV03481,2025-06-02 18:33:29,2025-05-29 08:50:36
MEM000380,P00027,O0473,Manager,Ownership,2022-11-05,,Ended,SRC004,0.91,EV01403,2024-12-28 00:46:38,2025-02-25 00:47:58
MEM000381,P01862,O0227,Partner,Membership,2025-05-02,2025-06-24,Active,SRC002,0.98,EV02733,2026-02-07 13:50:54,2026-01-29 10:08:34
MEM000382,P02857,O0044,Driver,Contract,2022-05-03,,Inactive,SRC012,0.82,EV01439,2025-08-16 14:27:20,2025-01-26 13:27:19
MEM000383,P01475,O0457,Member,Contract,2025-02-22,,Active,SRC014,0.89,EV01671,2026-05-01 23:17:33,2025-09-16 06:07:06
MEM000384,P01921,O0194,Driver,Ownership,2025-08-03,2026-03-20,Active,SRC004,0.94,EV03913,2025-12-29 00:31:13,2025-01-03 13:16:38
MEM000385,P00073,O0021,Accountant,Membership,2024-12-02,,Ended,SRC021,0.8,EV03318,2025-10-21 01:42:34,2025-02-21 19:37:24
MEM000386,P03575,O0157,Driver,Membership,2024-05-15,,Ended,SRC004,0.96,EV00157,2025-03-12 01:39:02,2024-05-03 02:20:04
MEM000387,P02727,O0484,Employee,Association,2025-11-05,,Active,SRC010,0.95,EV02802,2026-02-14 06:40:03,2024-05-15 20:16:22
MEM000388,P02683,O0104,Employee,Employment,2026-03-02,,Active,SRC010,0.92,EV04061,2024-01-15 22:35:15,2024-04-06 13:36:39
MEM000389,P02653,O0133,Member,Ownership,2021-11-14,,Ended,SRC002,0.9,EV01153,2025-01-29 13:29:12,2025-07-30 16:04:15
MEM000390,P01892,O0038,Manager,Ownership,2026-03-08,,Ended,SRC018,0.91,EV01583,2024-12-04 14:17:02,2025-04-14 17:05:32
MEM000391,P00080,O0223,Accountant,Employment,2024-02-12,,Inactive,SRC002,0.87,EV01322,2024-05-11 09:45:52,2024-02-22 10:14:20
MEM000392,P03765,O0026,Employee,Membership,2026-04-11,,Inactive,SRC028,0.88,EV04630,2025-06-29 07:38:25,2026-07-26 02:37:54
MEM000393,P02292,O0249,Manager,Employment,2025-06-28,2025-11-23,Inactive,SRC027,0.92,EV03058,2026-01-08 09:47:53,2026-04-18 07:29:12
MEM000394,P00578,O0460,Driver,Contract,2024-09-24,,Inactive,SRC010,0.89,EV01760,2026-03-15 06:55:08,2026-01-16 13:44:40
MEM000395,P01890,O0442,Employee,Association,2021-11-05,,Ended,SRC029,0.82,EV02489,2026-04-15 10:27:11,2025-12-02 20:39:21
MEM000396,P02705,O0120,Member,Ownership,2024-07-31,,Inactive,SRC006,0.98,EV01707,2024-04-01 04:11:44,2024-11-09 11:12:09
MEM000397,P02563,O0203,Manager,Membership,2024-12-21,,Inactive,SRC018,0.86,EV01767,2026-05-02 19:25:11,2024-10-21 05:56:24
MEM000398,P00458,O0295,Driver,Contract,2025-09-01,,Active,SRC025,0.8,EV01355,2025-03-14 01:13:29,2025-11-01 03:25:20
MEM000399,P00665,O0211,Partner,Association,2023-11-16,2024-06-25,Active,SRC009,0.81,EV03423,2025-10-15 03:07:43,2026-02-16 19:10:40
MEM000400,P03482,O0413,Driver,Contract,2025-03-21,,Inactive,SRC002,0.87,EV02279,2025-10-27 00:31:43,2024-03-20 13:52:50
MEM000401,P01706,O0442,Consultant,Contract,2024-07-08,,Inactive,SRC018,0.99,EV00396,2025-02-11 16:28:57,2024-05-09 02:09:42
MEM000402,P00496,O0151,Accountant,Ownership,2022-08-29,,Ended,SRC009,0.82,EV04130,2026-04-03 09:01:20,2025-04-26 00:19:46
MEM000403,P03669,O0272,Member,Contract,2021-11-26,,Active,SRC024,0.97,EV00465,2026-04-23 05:16:47,2026-01-21 08:53:47
MEM000404,P02769,O0104,Employee,Association,2023-05-30,,Ended,SRC025,0.89,EV02340,2024-02-29 03:46:16,2025-05-20 10:52:29
MEM000405,P02390,O0421,Member,Employment,2024-03-17,,Inactive,SRC014,0.98,EV03005,2024-03-31 23:58:23,2024-01-28 15:14:06
MEM000406,P03176,O0185,Member,Contract,2022-01-01,,Ended,SRC019,0.85,EV03725,2025-07-10 01:34:23,2026-04-20 14:07:14
MEM000407,P02521,O0486,Director,Ownership,2022-03-31,,Inactive,SRC012,0.89,EV00046,2024-03-12 01:57:55,2024-08-09 16:37:00
MEM000408,P00881,O0076,Partner,Employment,2025-02-26,,Ended,SRC029,0.9,EV02053,2024-02-27 08:58:32,2026-07-06 22:15:13
MEM000409,P01329,O0131,Director,Ownership,2026-06-14,,Inactive,SRC008,0.96,EV00595,2026-02-25 19:48:57,2026-02-16 04:44:29
MEM000410,P01275,O0240,Partner,Employment,2022-12-22,,Active,SRC007,0.92,EV00428,2024-09-09 07:54:44,2026-01-03 16:58:33
MEM000411,P02314,O0111,Consultant,Ownership,2023-05-14,,Ended,SRC013,0.8,EV02942,2026-04-19 08:58:26,2025-11-21 22:46:52
MEM000412,P01753,O0269,Accountant,Employment,2021-11-08,,Active,SRC002,0.78,EV00557,2026-03-25 21:44:54,2025-08-23 22:19:51
MEM000413,P00690,O0366,Employee,Ownership,2024-06-25,,Active,SRC008,0.97,EV02465,2024-06-20 03:56:22,2025-05-13 13:44:31
MEM000414,P00421,O0374,Employee,Employment,2022-05-17,,Ended,SRC011,0.81,EV02773,2025-03-03 10:08:09,2026-07-06 04:42:51
MEM000415,P03667,O0355,Employee,Ownership,2021-09-08,,Inactive,SRC024,0.95,EV03543,2024-08-19 17:05:57,2024-09-06 15:19:00
MEM000416,P02412,O0096,Accountant,Contract,2025-06-12,,Active,SRC024,0.81,EV00303,2024-04-02 11:49:19,2025-09-18 13:56:06
MEM000417,P00302,O0399,Partner,Membership,2023-02-07,,Inactive,SRC001,0.85,EV02347,2025-12-30 18:15:06,2026-01-24 07:45:19
MEM000418,P03090,O0398,Member,Ownership,2026-08-12,,Inactive,SRC018,0.96,EV01844,2026-04-14 03:11:50,2024-07-16 19:25:36
MEM000419,P03896,O0119,Consultant,Association,2023-04-06,,Ended,SRC028,0.98,EV02867,2025-06-29 06:09:24,2024-10-04 23:53:06
MEM000420,P01317,O0085,Employee,Association,2026-02-05,2026-04-18,Active,SRC007,0.91,EV04974,2026-05-03 09:09:21,2026-03-22 10:46:32
MEM000421,P02087,O0268,Employee,Membership,2022-03-08,,Ended,SRC020,0.92,EV02421,2024-08-19 14:28:43,2025-11-10 03:43:07
MEM000422,P00931,O0201,Manager,Ownership,2023-02-22,2026-05-09,Active,SRC027,0.82,EV01579,2025-08-18 01:22:47,2024-09-13 11:53:54
MEM000423,P03952,O0078,Partner,Ownership,2021-11-23,,Active,SRC022,0.94,EV01417,2026-07-17 03:46:05,2024-12-31 05:18:46
MEM000424,P02806,O0432,Accountant,Employment,2026-08-16,,Ended,SRC007,0.82,EV02257,2026-05-25 05:01:01,2024-10-06 11:24:04
MEM000425,P03152,O0198,Partner,Employment,2023-04-04,,Inactive,SRC013,0.82,EV04325,2026-01-14 08:34:18,2025-11-07 15:49:29
MEM000426,P01147,O0283,Driver,Contract,2025-01-07,,Inactive,SRC024,0.97,EV01609,2025-12-11 22:05:48,2024-11-04 10:40:27
MEM000427,P02212,O0042,Member,Ownership,2024-04-04,,Active,SRC005,0.9,EV00612,2024-05-30 14:09:26,2025-08-12 06:03:51
MEM000428,P02366,O0041,Director,Membership,2023-02-19,,Active,SRC024,0.79,EV02188,2025-12-04 10:49:32,2025-10-14 05:43:29
MEM000429,P02685,O0336,Consultant,Contract,2024-10-02,,Active,SRC003,0.93,EV03963,2024-09-30 17:25:32,2025-02-04 20:11:12
MEM000430,P02329,O0071,Partner,Employment,2022-03-18,,Inactive,SRC008,0.9,EV03297,2025-05-30 11:23:54,2024-10-17 15:53:59
MEM000431,P02627,O0221,Partner,Contract,2026-03-09,,Active,SRC029,0.95,EV01532,2024-02-02 03:22:30,2024-03-03 11:56:23
MEM000432,P02363,O0216,Partner,Employment,2022-03-15,,Inactive,SRC030,0.87,EV03153,2026-02-13 00:11:12,2025-11-29 11:20:05
MEM000433,P01692,O0376,Partner,Ownership,2024-06-10,,Active,SRC003,0.94,EV03984,2026-08-23 12:39:27,2025-04-13 07:14:04
MEM000434,P02810,O0290,Director,Ownership,2021-12-16,,Inactive,SRC027,0.85,EV02212,2024-07-27 02:59:49,2026-01-25 00:11:32
MEM000435,P02930,O0235,Member,Contract,2024-01-31,2025-09-05,Active,SRC011,0.95,EV00150,2025-11-13 00:34:24,2025-03-21 12:16:52
MEM000436,P00673,O0216,Accountant,Association,2022-09-22,,Ended,SRC027,0.91,EV02751,2024-12-16 13:10:18,2026-08-16 12:30:17
MEM000437,P00821,O0329,Manager,Contract,2022-01-28,,Active,SRC019,0.85,EV03034,2024-03-18 10:49:11,2026-08-21 06:18:03
MEM000438,P02642,O0126,Member,Contract,2024-05-16,2026-07-21,Ended,SRC004,0.86,EV02066,2024-10-15 07:30:56,2024-03-17 18:21:09
MEM000439,P03413,O0232,Employee,Association,2025-10-08,,Active,SRC011,0.86,EV03914,2025-10-06 17:04:34,2026-01-19 13:51:03
MEM000440,P00506,O0100,Member,Ownership,2023-09-28,,Inactive,SRC026,0.96,EV00195,2025-04-28 21:46:43,2025-01-10 03:40:29
MEM000441,P03584,O0286,Driver,Contract,2026-04-07,,Inactive,SRC021,0.87,EV02300,2024-05-03 09:04:50,2025-12-19 12:41:11
MEM000442,P03447,O0319,Partner,Contract,2023-02-25,,Inactive,SRC007,0.9,EV01210,2025-11-26 01:18:12,2024-08-27 05:27:15
MEM000443,P01985,O0201,Employee,Ownership,2026-08-30,,Ended,SRC009,0.84,EV00182,2025-08-31 20:16:24,2025-07-28 08:17:37
MEM000444,P02255,O0428,Partner,Membership,2025-05-27,,Inactive,SRC029,0.98,EV04806,2024-12-17 19:42:03,2024-07-06 10:01:07
MEM000445,P03694,O0415,Employee,Employment,2023-07-11,,Active,SRC025,0.85,EV04387,2024-01-10 06:12:37,2025-02-16 00:15:38
MEM000446,P01641,O0449,Accountant,Employment,2022-05-15,,Ended,SRC010,0.79,EV00405,2024-01-20 10:07:04,2026-03-30 18:17:06
MEM000447,P00632,O0243,Partner,Membership,2024-12-11,2025-09-03,Ended,SRC018,0.95,EV04670,2025-10-13 00:44:22,2024-07-28 08:11:05
MEM000448,P03517,O0263,Member,Employment,2021-09-13,,Inactive,SRC017,0.92,EV01852,2024-07-15 13:11:03,2026-07-12 08:57:17
MEM000449,P01904,O0482,Employee,Ownership,2022-01-03,2024-04-25,Inactive,SRC022,0.89,EV02988,2025-02-02 02:11:14,2024-07-12 12:13:20
MEM000450,P02895,O0013,Member,Employment,2022-06-27,,Active,SRC004,0.81,EV01727,2024-06-27 05:06:21,2025-03-04 05:06:24
MEM000451,P03377,O0104,Partner,Association,2024-10-18,,Ended,SRC008,0.97,EV01040,2026-03-21 17:36:30,2025-07-26 13:32:55
MEM000452,P00053,O0149,Partner,Contract,2026-02-06,,Inactive,SRC003,0.94,EV04420,2024-04-27 21:02:44,2024-02-03 09:01:52
MEM000453,P02454,O0166,Employee,Contract,2022-08-18,,Inactive,SRC028,0.96,EV02286,2025-03-26 18:27:48,2024-09-26 22:01:41
MEM000454,P01702,O0280,Accountant,Membership,2023-02-13,2023-11-05,Active,SRC015,0.79,EV04550,2024-02-19 00:11:13,2024-03-04 11:04:18
MEM000455,P02543,O0223,Driver,Association,2023-12-23,,Ended,SRC013,0.8,EV00276,2024-07-24 09:37:07,2024-02-12 15:29:31
MEM000456,P00892,O0295,Driver,Association,2025-05-12,,Ended,SRC018,0.95,EV03986,2025-09-06 21:52:35,2024-02-27 11:03:11
MEM000457,P02682,O0336,Partner,Ownership,2026-04-09,2026-07-09,Ended,SRC004,0.89,EV00260,2024-11-08 01:00:59,2024-10-26 16:22:02
MEM000458,P00679,O0263,Director,Contract,2024-11-21,2025-08-20,Inactive,SRC016,0.84,EV00365,2024-09-18 22:49:24,2025-03-28 04:39:00
MEM000459,P03058,O0405,Accountant,Membership,2025-07-01,,Ended,SRC001,0.87,EV01896,2024-10-03 12:43:05,2026-06-26 02:04:39
MEM000460,P00320,O0219,Accountant,Contract,2023-08-17,,Active,SRC003,0.82,EV04775,2025-04-04 03:16:28,2025-03-15 03:26:30
MEM000461,P01539,O0137,Member,Contract,2023-07-11,2024-06-23,Active,SRC028,0.85,EV04548,2024-04-27 05:35:11,2025-09-04 08:15:12
MEM000462,P03585,O0221,Driver,Ownership,2023-05-07,2023-11-30,Active,SRC009,0.94,EV03190,2026-04-17 02:17:15,2025-01-27 19:47:31
MEM000463,P02370,O0102,Driver,Contract,2022-09-10,,Inactive,SRC011,0.91,EV02244,2024-03-19 03:30:06,2024-07-30 01:29:28
MEM000464,P02187,O0233,Member,Ownership,2023-12-30,,Active,SRC001,0.81,EV04422,2025-01-01 15:45:58,2025-06-11 03:58:16
MEM000465,P00008,O0232,Accountant,Membership,2021-10-11,,Ended,SRC002,0.99,EV01691,2025-11-08 04:22:24,2024-04-24 10:38:23
MEM000466,P01351,O0134,Member,Ownership,2024-01-27,2026-06-06,Inactive,SRC013,0.95,EV02704,2025-09-22 02:17:01,2026-07-09 09:23:21
MEM000467,P00637,O0266,Member,Association,2026-07-29,,Inactive,SRC016,0.89,EV03595,2024-10-18 07:36:48,2025-01-05 19:15:13
MEM000468,P00385,O0096,Manager,Membership,2024-06-03,,Active,SRC004,0.91,EV04324,2025-09-08 04:23:36,2024-09-29 16:41:09
MEM000469,P01324,O0161,Consultant,Association,2026-06-21,,Active,SRC029,0.84,EV04908,2025-11-25 06:54:46,2025-03-23 02:12:10
MEM000470,P03577,O0003,Driver,Employment,2024-03-25,,Active,SRC009,0.86,EV00807,2024-06-07 10:03:24,2026-05-28 03:31:16
MEM000471,P03170,O0064,Accountant,Association,2022-06-20,,Active,SRC018,0.86,EV00135,2024-07-02 15:56:58,2024-04-14 06:39:31
MEM000472,P00754,O0105,Manager,Contract,2022-07-30,,Ended,SRC017,0.89,EV02780,2025-08-08 04:52:28,2025-05-27 11:28:27
MEM000473,P01682,O0230,Driver,Contract,2024-08-23,,Inactive,SRC023,0.87,EV04156,2026-03-12 02:13:01,2025-09-27 04:32:53
MEM000474,P03200,O0293,Driver,Membership,2022-06-10,,Inactive,SRC020,0.79,EV01763,2025-11-29 14:09:06,2024-07-13 01:32:17
MEM000475,P03470,O0222,Accountant,Ownership,2024-08-11,,Inactive,SRC002,0.85,EV02159,2024-05-04 08:38:36,2024-12-30 23:28:44
MEM000476,P01660,O0411,Member,Association,2024-01-23,,Inactive,SRC026,0.98,EV03549,2025-09-20 12:51:49,2025-02-15 09:00:58
MEM000477,P00666,O0157,Manager,Ownership,2024-02-27,,Inactive,SRC020,0.89,EV02190,2024-11-02 02:38:16,2025-08-02 21:12:32
MEM000478,P01519,O0325,Partner,Contract,2026-08-15,,Active,SRC012,0.8,EV00340,2024-04-08 09:01:01,2024-08-01 15:43:31
MEM000479,P03270,O0271,Accountant,Membership,2024-03-03,,Ended,SRC027,0.78,EV04139,2025-10-15 12:17:38,2025-08-18 09:54:55
MEM000480,P02659,O0297,Employee,Contract,2024-08-18,,Inactive,SRC020,0.92,EV03922,2025-03-22 06:53:43,2026-05-08 04:28:17
MEM000481,P02447,O0034,Director,Contract,2024-06-07,,Active,SRC020,0.89,EV02643,2025-01-05 02:16:48,2024-05-15 01:30:23
MEM000482,P01761,O0294,Partner,Contract,2022-06-13,2023-05-04,Ended,SRC005,0.84,EV03025,2026-04-10 11:51:05,2026-08-26 15:23:00
MEM000483,P01291,O0415,Accountant,Ownership,2025-01-05,2026-01-04,Ended,SRC019,0.96,EV04584,2026-01-04 08:39:14,2024-05-06 17:25:31
MEM000484,P00589,O0349,Director,Association,2026-06-25,,Inactive,SRC013,0.93,EV03097,2025-01-13 13:54:13,2024-10-08 15:26:55
MEM000485,P03473,O0466,Member,Association,2024-09-23,2025-03-26,Active,SRC025,0.8,EV04771,2026-02-08 09:37:22,2026-06-17 05:36:36
MEM000486,P01536,O0379,Director,Ownership,2026-02-16,2026-08-13,Ended,SRC022,0.93,EV02178,2026-08-20 10:51:54,2026-07-15 23:42:55
MEM000487,P03503,O0244,Manager,Association,2023-08-20,,Inactive,SRC007,0.83,EV02228,2025-11-15 13:51:29,2025-10-02 22:53:13
MEM000488,P02333,O0074,Member,Ownership,2024-02-05,,Ended,SRC013,0.99,EV00873,2025-12-07 10:42:07,2025-04-22 06:26:42
MEM000489,P01957,O0417,Member,Association,2026-03-02,,Inactive,SRC021,0.83,EV02680,2024-07-27 17:47:08,2025-03-19 02:37:54
MEM000490,P02808,O0017,Director,Ownership,2024-06-25,2025-02-12,Inactive,SRC012,0.87,EV00733,2024-04-15 13:25:43,2025-01-05 12:39:49
MEM000491,P03456,O0271,Member,Membership,2024-11-17,,Ended,SRC010,0.94,EV02053,2025-03-21 02:11:08,2025-04-10 18:25:43
MEM000492,P02569,O0414,Employee,Contract,2025-01-25,,Inactive,SRC027,0.82,EV00937,2025-08-23 13:38:28,2026-05-26 03:14:07
MEM000493,P01403,O0093,Manager,Contract,2026-07-30,,Active,SRC010,0.91,EV04896,2026-04-28 01:57:53,2024-01-13 23:27:12
MEM000494,P00711,O0487,Employee,Contract,2023-11-03,,Inactive,SRC024,0.9,EV04393,2025-02-07 17:15:44,2026-01-12 20:56:51
MEM000495,P03293,O0424,Partner,Association,2022-05-08,,Active,SRC018,0.97,EV03765,2024-11-12 05:15:53,2025-04-02 00:46:06
MEM000496,P00635,O0132,Accountant,Ownership,2022-04-23,,Inactive,SRC006,0.88,EV01654,2025-05-21 09:40:37,2025-08-24 14:04:24
MEM000497,P01495,O0223,Member,Membership,2023-01-22,,Ended,SRC006,0.91,EV03635,2025-03-14 10:31:14,2025-09-23 06:12:21
MEM000498,P00592,O0318,Director,Employment,2025-12-05,,Inactive,SRC029,0.89,EV01196,2025-06-03 20:25:31,2024-06-04 18:22:37
MEM000499,P00520,O0199,Partner,Contract,2024-08-17,,Active,SRC015,0.91,EV01448,2024-11-16 09:40:26,2026-05-12 14:04:14
MEM000500,P01830,O0237,Member,Contract,2025-10-21,,Inactive,SRC003,0.94,EV00634,2026-02-11 13:36:39,2024-02-09 04:42:19
MEM000501,P03745,O0180,Driver,Ownership,2024-09-28,,Ended,SRC023,0.85,EV01011,2025-08-09 23:48:06,2024-08-14 07:37:26
MEM000502,P00466,O0443,Accountant,Membership,2025-11-12,,Ended,SRC007,0.86,EV03602,2025-09-20 07:38:47,2025-08-04 06:48:03
MEM000503,P00517,O0334,Accountant,Employment,2023-04-03,,Inactive,SRC022,0.78,EV04538,2025-03-21 12:39:02,2024-12-22 16:56:18
MEM000504,P00077,O0405,Consultant,Association,2026-08-20,,Active,SRC016,0.88,EV00879,2026-02-19 13:51:32,2024-10-21 15:33:39
MEM000505,P01374,O0054,Partner,Membership,2022-06-06,,Active,SRC024,0.96,EV01374,2026-03-09 21:24:43,2024-10-14 09:42:28
MEM000506,P02847,O0479,Member,Association,2025-06-15,,Ended,SRC001,0.82,EV00866,2024-01-17 23:51:52,2026-04-07 13:54:32
MEM000507,P03987,O0204,Member,Employment,2022-05-29,,Inactive,SRC030,0.85,EV01788,2025-12-06 06:25:17,2025-10-07 04:23:16
MEM000508,P03894,O0196,Driver,Contract,2023-02-02,2026-03-24,Ended,SRC002,0.95,EV02123,2025-09-13 18:12:30,2025-10-23 02:26:43
MEM000509,P00956,O0056,Manager,Ownership,2021-11-29,,Inactive,SRC009,0.86,EV02238,2025-04-26 23:50:45,2024-10-04 05:40:09
MEM000510,P03913,O0158,Manager,Association,2024-08-13,,Ended,SRC025,0.9,EV04264,2025-06-25 11:30:47,2024-08-13 11:47:58
MEM000511,P00509,O0268,Partner,Ownership,2025-11-30,,Ended,SRC026,0.83,EV01398,2026-04-26 12:41:08,2024-05-23 16:01:12
MEM000512,P01750,O0427,Employee,Membership,2025-10-31,2025-12-24,Inactive,SRC026,0.92,EV02741,2024-10-26 07:03:18,2025-10-05 00:00:53
MEM000513,P01969,O0455,Partner,Contract,2024-03-27,,Ended,SRC005,0.96,EV01956,2024-06-07 21:47:24,2026-01-28 00:26:32
MEM000514,P00663,O0072,Director,Employment,2023-11-11,,Active,SRC017,0.89,EV02111,2025-01-16 08:41:10,2024-12-25 11:24:38
MEM000515,P00159,O0038,Manager,Membership,2024-12-26,,Inactive,SRC005,0.8,EV01041,2024-12-07 07:21:14,2025-10-10 22:18:46
MEM000516,P01856,O0072,Accountant,Membership,2024-12-12,2026-04-29,Ended,SRC025,0.93,EV02055,2026-07-13 07:34:27,2026-03-17 14:02:26
MEM000517,P00696,O0027,Driver,Employment,2024-04-25,,Active,SRC021,0.87,EV02224,2024-07-20 01:27:50,2024-03-25 10:30:29
MEM000518,P00846,O0118,Member,Association,2026-08-23,,Inactive,SRC028,0.85,EV03777,2026-07-06 08:33:27,2024-10-15 06:01:25
MEM000519,P01126,O0080,Member,Membership,2026-06-03,2026-07-06,Inactive,SRC030,0.92,EV02344,2026-05-25 20:25:12,2026-07-04 03:52:17
MEM000520,P01405,O0159,Employee,Membership,2026-05-13,,Ended,SRC004,0.95,EV03186,2024-06-16 16:27:25,2025-10-21 01:02:35
MEM000521,P02609,O0103,Director,Association,2021-10-05,,Inactive,SRC011,0.9,EV00763,2025-02-18 05:10:25,2024-12-25 20:20:59
MEM000522,P02301,O0271,Consultant,Ownership,2022-05-23,,Active,SRC009,0.86,EV01415,2024-09-20 02:20:15,2024-07-28 23:27:56
MEM000523,P03846,O0290,Partner,Employment,2025-07-04,,Active,SRC014,0.93,EV00591,2026-02-11 08:57:09,2024-03-11 05:25:43
MEM000524,P02776,O0001,Manager,Ownership,2022-03-03,,Ended,SRC026,0.88,EV00808,2026-06-26 01:21:15,2024-01-20 01:26:59
MEM000525,P02057,O0266,Driver,Membership,2025-09-14,,Ended,SRC008,0.83,EV04316,2026-07-11 17:15:22,2026-05-01 23:19:51
MEM000526,P01936,O0371,Driver,Association,2022-08-08,,Ended,SRC001,0.83,EV02641,2024-06-15 20:35:07,2024-05-12 23:31:23
MEM000527,P01030,O0011,Partner,Ownership,2025-05-28,,Inactive,SRC011,0.8,EV00210,2024-10-24 05:50:19,2024-03-07 11:50:14
MEM000528,P03811,O0038,Driver,Contract,2022-12-05,,Active,SRC006,0.79,EV02962,2025-06-07 23:30:24,2025-10-13 15:08:16
MEM000529,P00452,O0109,Director,Ownership,2026-03-11,,Active,SRC017,0.81,EV03565,2025-01-15 16:04:02,2025-04-05 10:37:06
MEM000530,P00238,O0172,Member,Association,2022-08-13,,Inactive,SRC023,0.82,EV00005,2024-10-05 05:37:20,2026-07-15 18:38:40
MEM000531,P02409,O0059,Manager,Membership,2021-10-13,,Active,SRC017,0.98,EV00060,2025-01-22 10:53:53,2026-01-19 06:05:29
MEM000532,P00667,O0171,Manager,Membership,2026-04-22,,Active,SRC025,0.84,EV01353,2025-07-26 02:04:57,2025-07-27 01:08:28
MEM000533,P03877,O0387,Driver,Contract,2023-03-03,,Ended,SRC027,0.86,EV00466,2024-06-24 15:57:47,2026-01-13 12:20:29
MEM000534,P03152,O0306,Partner,Employment,2024-08-12,,Ended,SRC016,0.81,EV03952,2024-01-15 21:36:36,2024-01-07 13:18:42
MEM000535,P03132,O0393,Consultant,Ownership,2022-10-18,,Active,SRC007,0.8,EV03235,2025-12-18 15:21:12,2025-05-30 06:04:28
MEM000536,P02955,O0316,Driver,Membership,2024-04-11,,Ended,SRC010,0.98,EV04622,2024-11-07 21:07:45,2025-02-22 17:38:03
MEM000537,P01110,O0379,Driver,Employment,2022-09-28,,Ended,SRC030,0.83,EV03741,2024-05-17 23:07:17,2025-08-15 16:45:32
MEM000538,P01950,O0489,Accountant,Contract,2022-04-14,2024-06-28,Active,SRC030,0.79,EV00505,2025-01-03 13:29:12,2025-09-01 14:40:31
MEM000539,P00011,O0417,Accountant,Ownership,2022-11-26,,Inactive,SRC026,0.82,EV02171,2024-12-04 17:44:10,2026-03-04 17:05:32
MEM000540,P00946,O0184,Employee,Membership,2021-12-18,,Ended,SRC023,0.88,EV01635,2026-06-12 09:53:38,2025-09-11 11:07:03
MEM000541,P02165,O0400,Partner,Employment,2022-01-29,,Active,SRC007,0.99,EV00266,2026-07-16 23:12:21,2024-10-16 00:01:53
MEM000542,P00489,O0149,Director,Association,2024-03-03,,Active,SRC012,0.91,EV04546,2025-01-24 10:11:40,2025-01-17 02:50:37
MEM000543,P03116,O0274,Driver,Employment,2023-08-02,,Active,SRC015,0.9,EV00007,2024-01-31 02:21:14,2025-04-23 17:11:28
MEM000544,P00965,O0255,Manager,Association,2021-09-19,,Inactive,SRC024,0.99,EV04132,2024-04-07 12:21:36,2025-07-27 09:10:23
MEM000545,P03274,O0374,Accountant,Contract,2026-05-10,2026-08-26,Ended,SRC029,0.9,EV00541,2026-05-02 14:10:39,2025-02-24 09:26:23
MEM000546,P01280,O0116,Accountant,Membership,2022-03-14,,Active,SRC018,0.92,EV02797,2025-09-10 05:36:54,2026-07-17 01:15:22
MEM000547,P03081,O0055,Member,Association,2021-11-14,2024-01-05,Active,SRC012,0.93,EV02931,2025-11-18 00:00:00,2025-02-11 16:26:07
MEM000548,P03862,O0084,Consultant,Membership,2024-03-18,2025-02-25,Ended,SRC014,0.98,EV04975,2025-07-12 15:05:01,2024-11-25 03:36:57
MEM000549,P02186,O0029,Partner,Association,2026-07-03,2026-07-06,Ended,SRC008,0.9,EV03488,2025-06-08 09:41:10,2025-01-21 11:33:12
MEM000550,P03360,O0160,Consultant,Ownership,2021-10-24,2025-07-05,Ended,SRC005,0.95,EV03128,2026-06-29 01:12:14,2025-04-05 08:05:17
MEM000551,P00302,O0357,Manager,Employment,2022-03-28,,Inactive,SRC020,0.79,EV00764,2025-12-27 12:39:03,2026-01-23 10:30:06
MEM000552,P02182,O0466,Employee,Contract,2022-10-12,,Ended,SRC023,0.84,EV04908,2024-06-21 00:32:15,2024-06-20 18:29:40
MEM000553,P00103,O0355,Partner,Ownership,2024-02-19,,Inactive,SRC021,0.92,EV00549,2026-06-07 15:19:14,2024-06-22 07:28:31
MEM000554,P02899,O0146,Member,Contract,2021-11-13,,Ended,SRC002,0.87,EV03465,2024-04-01 21:11:04,2024-06-23 16:53:58
MEM000555,P01981,O0105,Driver,Association,2023-05-06,2023-09-27,Active,SRC023,0.97,EV01198,2025-02-19 10:05:13,2026-06-28 21:12:23
MEM000556,P01231,O0363,Manager,Contract,2024-06-10,,Active,SRC026,0.82,EV01652,2024-02-14 05:54:06,2026-02-17 23:22:44
MEM000557,P01192,O0170,Consultant,Contract,2026-03-19,,Inactive,SRC012,0.96,EV01103,2024-08-23 12:10:34,2025-09-15 19:18:30
MEM000558,P03667,O0377,Accountant,Membership,2024-04-20,,Ended,SRC027,0.99,EV01692,2025-10-27 13:30:11,2025-10-30 15:16:49
MEM000559,P03960,O0468,Director,Contract,2025-03-20,,Inactive,SRC005,0.91,EV04200,2025-04-24 02:09:38,2024-03-21 21:43:47
MEM000560,P00036,O0108,Driver,Contract,2023-01-04,2023-11-16,Ended,SRC014,0.87,EV02344,2024-10-31 04:15:02,2025-05-18 16:27:16
MEM000561,P01402,O0193,Accountant,Contract,2024-09-05,,Ended,SRC007,0.83,EV02062,2025-01-13 19:11:48,2024-12-03 16:12:57
MEM000562,P02452,O0121,Employee,Contract,2024-02-27,2025-12-02,Ended,SRC002,0.81,EV02081,2026-08-07 20:44:49,2025-12-07 18:23:14
MEM000563,P00074,O0269,Accountant,Ownership,2023-02-11,,Active,SRC008,0.96,EV04146,2025-01-16 04:46:20,2025-12-02 13:23:09
MEM000564,P00893,O0042,Partner,Association,2023-12-02,,Ended,SRC005,0.84,EV03256,2025-05-28 20:12:06,2024-05-05 04:33:52
MEM000565,P02828,O0157,Employee,Membership,2024-05-12,,Inactive,SRC021,0.95,EV00469,2026-06-26 07:33:34,2024-01-23 05:04:55
MEM000566,P00807,O0455,Consultant,Association,2022-11-25,,Active,SRC009,0.98,EV02633,2024-01-06 22:37:26,2024-03-11 16:34:57
MEM000567,P00274,O0402,Consultant,Association,2023-02-14,,Ended,SRC020,0.92,EV03090,2026-08-07 02:33:56,2024-04-27 14:55:32
MEM000568,P02961,O0331,Driver,Ownership,2023-10-18,2024-11-13,Ended,SRC023,0.97,EV00471,2026-06-02 16:52:12,2025-06-09 09:25:36
MEM000569,P03766,O0256,Employee,Membership,2021-12-03,2024-04-26,Active,SRC030,0.99,EV02684,2025-03-06 03:36:05,2025-09-01 09:18:59
MEM000570,P03255,O0240,Consultant,Membership,2025-01-27,,Active,SRC022,0.93,EV02170,2024-09-25 21:16:15,2026-07-15 11:48:19
MEM000571,P01120,O0132,Manager,Association,2021-11-01,,Inactive,SRC019,0.84,EV03948,2024-02-13 02:22:35,2024-05-10 04:47:03
MEM000572,P00591,O0446,Accountant,Contract,2024-01-27,,Ended,SRC001,0.94,EV01584,2024-09-11 16:42:34,2026-08-07 18:21:27
MEM000573,P03952,O0488,Employee,Association,2024-01-02,,Inactive,SRC017,0.95,EV02972,2024-01-14 19:32:20,2025-12-24 04:23:06
MEM000574,P03469,O0434,Partner,Ownership,2024-01-10,,Ended,SRC008,0.94,EV00684,2025-03-25 15:48:56,2025-01-21 08:53:32
MEM000575,P01116,O0162,Consultant,Employment,2025-09-30,,Inactive,SRC025,0.97,EV03649,2026-04-06 09:46:58,2024-07-24 08:38:49
MEM000576,P03799,O0045,Accountant,Ownership,2025-09-20,,Inactive,SRC005,0.94,EV00286,2024-06-04 02:09:08,2024-05-16 22:18:11
MEM000577,P00458,O0398,Manager,Membership,2025-02-25,,Ended,SRC012,0.98,EV04737,2024-02-09 09:29:38,2026-04-28 08:46:05
MEM000578,P01252,O0237,Director,Employment,2021-11-02,,Active,SRC026,0.78,EV01962,2024-01-27 22:40:14,2025-09-30 21:33:51
MEM000579,P02806,O0348,Member,Contract,2022-09-20,,Ended,SRC021,0.84,EV03119,2024-11-25 21:03:06,2024-09-20 00:39:28
MEM000580,P03684,O0489,Employee,Contract,2022-12-05,2025-04-22,Active,SRC018,0.87,EV01373,2024-11-10 07:50:03,2026-07-30 21:38:08
MEM000581,P01236,O0474,Accountant,Association,2025-10-17,2026-03-15,Active,SRC008,0.91,EV01975,2024-01-11 08:48:39,2025-07-01 11:12:20
MEM000582,P00185,O0009,Manager,Contract,2023-08-04,2024-02-29,Active,SRC008,0.95,EV00140,2024-03-21 00:13:24,2024-09-26 23:31:16
MEM000583,P01664,O0203,Accountant,Contract,2024-11-21,2026-05-24,Active,SRC006,0.85,EV04733,2026-07-08 13:31:19,2025-08-12 18:25:42
MEM000584,P03450,O0257,Driver,Contract,2022-09-21,2025-04-23,Active,SRC014,0.9,EV00484,2024-10-14 10:04:11,2026-06-11 15:40:57
MEM000585,P00392,O0208,Partner,Ownership,2023-04-26,,Ended,SRC010,0.79,EV03152,2025-08-25 02:28:07,2024-09-24 04:29:37
MEM000586,P01246,O0455,Partner,Employment,2022-01-29,,Active,SRC024,0.88,EV03117,2026-04-23 09:38:39,2026-08-02 22:06:44
MEM000587,P03800,O0285,Employee,Ownership,2025-08-03,2026-07-17,Inactive,SRC005,0.89,EV04013,2024-03-22 11:46:14,2025-04-07 23:03:09
MEM000588,P00643,O0483,Member,Membership,2026-01-06,,Ended,SRC028,0.85,EV04795,2024-02-03 14:32:43,2024-09-11 12:22:57
MEM000589,P01298,O0447,Driver,Membership,2023-01-10,,Inactive,SRC029,0.85,EV00500,2024-10-02 04:35:15,2025-02-13 20:44:44
MEM000590,P00502,O0055,Employee,Association,2026-04-08,2026-05-02,Inactive,SRC012,0.86,EV04762,2025-10-08 15:38:54,2026-07-19 05:01:21
MEM000591,P03745,O0270,Employee,Membership,2023-08-13,,Inactive,SRC026,0.93,EV01038,2024-05-30 18:09:38,2026-03-16 15:03:19
MEM000592,P03339,O0156,Consultant,Association,2026-08-29,2026-08-30,Ended,SRC009,0.98,EV04393,2025-11-18 15:16:00,2024-01-09 07:37:42
MEM000593,P01417,O0080,Accountant,Employment,2024-11-20,,Ended,SRC002,0.84,EV04210,2026-07-02 02:10:28,2026-05-26 18:53:40
MEM000594,P02356,O0123,Driver,Membership,2022-12-26,,Inactive,SRC018,0.82,EV01717,2025-10-26 14:39:10,2026-04-24 21:44:46
MEM000595,P01808,O0461,Partner,Employment,2023-12-04,2024-12-30,Inactive,SRC028,0.89,EV03522,2024-12-18 12:08:05,2024-10-04 06:28:28
MEM000596,P01131,O0273,Accountant,Ownership,2022-11-15,,Inactive,SRC001,0.85,EV00046,2024-11-09 15:22:56,2025-08-27 13:37:29
MEM000597,P01633,O0123,Driver,Contract,2024-12-14,,Ended,SRC007,0.88,EV04321,2025-10-25 23:20:33,2026-04-05 13:49:04
MEM000598,P00834,O0250,Driver,Membership,2024-06-07,,Active,SRC001,0.92,EV02182,2024-11-04 11:51:09,2024-08-01 00:17:31
MEM000599,P02775,O0116,Partner,Employment,2025-03-10,,Ended,SRC024,0.85,EV00570,2024-08-21 15:38:50,2024-10-24 14:31:32
MEM000600,P02696,O0186,Consultant,Membership,2026-04-01,,Active,SRC022,0.95,EV01004,2025-01-08 05:29:29,2025-10-12 19:55:17
MEM000601,P01372,O0056,Accountant,Contract,2025-02-09,2025-03-28,Active,SRC011,0.78,EV02201,2025-12-04 03:52:49,2025-07-01 16:42:19
MEM000602,P02723,O0449,Director,Association,2023-04-16,,Active,SRC022,0.93,EV04666,2025-03-24 12:05:43,2026-05-01 08:18:44
MEM000603,P01433,O0275,Manager,Association,2025-06-12,,Inactive,SRC022,0.83,EV02200,2026-05-19 17:40:32,2024-12-14 09:16:35
MEM000604,P03984,O0456,Employee,Ownership,2022-08-01,,Ended,SRC018,0.87,EV04243,2024-06-18 04:37:57,2026-02-16 16:09:12
MEM000605,P00738,O0031,Partner,Membership,2024-11-27,,Ended,SRC021,0.94,EV02902,2024-10-07 06:29:40,2026-05-04 01:23:57
MEM000606,P01787,O0203,Manager,Employment,2022-03-21,,Ended,SRC023,0.85,EV02682,2026-01-10 07:56:35,2026-07-26 08:17:09
MEM000607,P01285,O0010,Partner,Association,2022-01-03,,Inactive,SRC001,0.9,EV01280,2024-04-12 07:09:53,2024-08-21 07:35:16
MEM000608,P02012,O0271,Employee,Ownership,2026-03-27,2026-08-01,Inactive,SRC016,0.98,EV01924,2024-01-23 05:30:33,2025-03-13 11:41:33
MEM000609,P02002,O0348,Driver,Membership,2022-07-05,2025-04-10,Active,SRC010,0.84,EV04073,2024-06-05 15:02:26,2025-07-26 20:40:58
MEM000610,P03284,O0336,Accountant,Ownership,2022-12-15,2023-03-23,Ended,SRC017,0.99,EV03765,2025-03-22 21:46:58,2025-04-19 07:34:24
MEM000611,P03850,O0181,Partner,Ownership,2023-06-28,,Ended,SRC006,0.9,EV03500,2025-03-27 15:46:29,2025-04-25 16:58:15
MEM000612,P01603,O0394,Accountant,Association,2025-04-01,2025-06-24,Ended,SRC012,0.88,EV00572,2026-01-04 03:20:58,2024-04-27 15:51:21
MEM000613,P00412,O0203,Driver,Membership,2022-05-13,,Active,SRC012,0.85,EV02459,2025-07-26 19:07:55,2026-01-26 13:13:21
MEM000614,P01292,O0214,Accountant,Contract,2025-08-27,,Inactive,SRC016,0.89,EV03922,2024-12-31 06:48:58,2025-03-07 12:25:06
MEM000615,P01787,O0146,Consultant,Association,2024-08-02,2025-09-02,Inactive,SRC018,0.85,EV01145,2025-08-25 06:43:28,2024-08-01 13:17:38
MEM000616,P01094,O0045,Manager,Association,2026-04-08,,Active,SRC025,0.98,EV01477,2025-12-16 17:37:01,2026-01-10 07:12:24
MEM000617,P00539,O0261,Employee,Membership,2023-04-14,,Active,SRC029,0.87,EV01186,2026-04-10 12:38:51,2025-05-03 20:57:03
MEM000618,P02586,O0225,Member,Employment,2024-09-04,,Inactive,SRC028,0.96,EV01790,2026-04-28 04:01:49,2026-01-15 02:19:51
MEM000619,P01724,O0016,Member,Employment,2026-02-08,,Ended,SRC029,0.84,EV00597,2025-05-17 16:29:39,2024-01-30 14:24:07
MEM000620,P02620,O0468,Accountant,Employment,2023-06-22,2025-08-16,Active,SRC023,0.79,EV04282,2026-07-04 00:52:25,2025-05-30 18:27:05
MEM000621,P01615,O0194,Accountant,Employment,2022-12-06,,Inactive,SRC023,0.97,EV04205,2026-02-05 15:33:03,2026-04-26 01:52:47
MEM000622,P03535,O0440,Manager,Ownership,2023-08-20,,Inactive,SRC023,0.88,EV02025,2024-04-08 05:27:51,2024-10-09 04:26:26
MEM000623,P02981,O0237,Driver,Employment,2023-09-05,,Inactive,SRC016,0.86,EV00402,2025-09-08 03:18:26,2024-02-25 03:52:11
MEM000624,P02514,O0212,Employee,Contract,2022-08-24,,Inactive,SRC022,0.85,EV02523,2026-06-27 11:16:04,2026-08-18 07:36:20
MEM000625,P02147,O0176,Director,Membership,2026-07-27,2026-08-23,Active,SRC010,0.91,EV01527,2024-05-11 11:14:19,2026-05-10 10:39:22
MEM000626,P02646,O0354,Director,Ownership,2023-03-23,2026-07-14,Active,SRC023,0.87,EV02403,2026-01-21 04:33:17,2024-01-18 11:05:59
MEM000627,P01827,O0254,Director,Membership,2024-04-28,,Ended,SRC030,0.81,EV02586,2024-01-30 06:52:58,2025-02-12 01:56:52
MEM000628,P01348,O0213,Accountant,Ownership,2022-07-19,2025-10-17,Ended,SRC030,0.85,EV01674,2026-02-19 11:33:17,2025-12-18 07:55:53
MEM000629,P02677,O0098,Partner,Contract,2023-06-06,2025-12-30,Ended,SRC004,0.89,EV00421,2024-06-04 19:37:43,2025-04-02 06:34:10
MEM000630,P03497,O0254,Consultant,Contract,2024-09-02,,Inactive,SRC016,0.96,EV04358,2024-09-16 13:19:20,2024-02-27 02:06:17
MEM000631,P02092,O0396,Consultant,Membership,2025-01-25,,Active,SRC012,0.86,EV04043,2026-05-05 00:05:08,2024-11-18 12:10:03
MEM000632,P01249,O0142,Driver,Contract,2026-08-01,2026-08-29,Active,SRC027,0.93,EV04068,2025-10-01 20:48:08,2026-06-30 13:54:36
MEM000633,P01639,O0192,Employee,Association,2021-12-06,,Inactive,SRC012,0.79,EV00716,2024-04-08 03:28:08,2026-03-08 20:00:17
MEM000634,P00696,O0375,Manager,Ownership,2025-05-28,,Active,SRC018,0.94,EV02630,2025-11-04 18:59:53,2024-09-29 07:31:57
MEM000635,P03277,O0309,Driver,Contract,2023-11-05,,Inactive,SRC012,0.96,EV04616,2024-09-14 08:37:19,2026-02-20 10:22:42
MEM000636,P03495,O0366,Employee,Ownership,2023-09-19,,Active,SRC020,0.82,EV03854,2025-11-25 18:04:16,2024-10-31 10:35:03
MEM000637,P02355,O0152,Manager,Ownership,2022-07-08,2026-01-29,Ended,SRC013,0.8,EV03815,2025-11-02 16:34:37,2024-12-03 05:20:20
MEM000638,P02188,O0287,Partner,Association,2024-05-08,,Active,SRC003,0.94,EV01680,2026-06-11 15:07:39,2024-03-16 17:15:43
MEM000639,P01959,O0221,Accountant,Ownership,2026-06-16,,Active,SRC001,0.87,EV03271,2025-04-16 18:50:36,2026-06-08 03:15:04
MEM000640,P01043,O0394,Partner,Ownership,2024-03-07,2024-03-27,Ended,SRC029,0.82,EV01911,2024-07-06 14:19:52,2024-11-15 20:10:40
MEM000641,P01557,O0300,Director,Ownership,2026-01-03,,Ended,SRC022,0.97,EV03703,2024-05-30 23:27:40,2024-02-03 17:09:20
MEM000642,P03063,O0253,Driver,Contract,2022-02-24,,Inactive,SRC014,0.96,EV04086,2025-11-03 23:28:11,2025-03-15 12:33:52
MEM000643,P03891,O0386,Partner,Employment,2024-10-31,,Inactive,SRC008,0.82,EV04427,2024-05-07 20:08:21,2024-04-23 00:20:23
MEM000644,P01831,O0149,Member,Membership,2023-03-06,,Ended,SRC019,0.94,EV03595,2024-03-19 14:59:32,2025-03-04 21:44:17
MEM000645,P02985,O0219,Member,Employment,2021-10-14,,Inactive,SRC030,0.9,EV01879,2025-05-16 21:48:51,2025-06-13 23:00:48
MEM000646,P04000,O0182,Employee,Association,2021-11-10,,Active,SRC015,0.93,EV02150,2025-05-07 00:58:56,2024-06-17 09:10:16
MEM000647,P01785,O0489,Member,Ownership,2022-10-06,2025-05-06,Ended,SRC009,0.92,EV03626,2024-02-10 20:17:56,2024-06-25 17:23:01
MEM000648,P02552,O0085,Partner,Association,2023-10-01,,Ended,SRC004,0.88,EV03308,2024-05-29 20:14:13,2026-02-06 05:26:48
MEM000649,P00478,O0499,Director,Employment,2024-09-07,,Ended,SRC028,0.92,EV04405,2026-07-23 23:32:02,2024-03-17 04:02:20
MEM000650,P03896,O0469,Accountant,Membership,2025-04-19,,Ended,SRC027,0.84,EV01304,2024-08-01 11:09:01,2026-01-04 19:58:20
MEM000651,P01103,O0074,Accountant,Association,2022-03-31,,Active,SRC005,0.9,EV02832,2026-05-30 09:29:20,2026-03-18 10:47:44
MEM000652,P01415,O0064,Manager,Ownership,2025-10-10,,Active,SRC017,0.84,EV04769,2026-01-22 18:49:28,2024-11-05 11:38:25
MEM000653,P01076,O0170,Employee,Membership,2024-03-26,2026-06-23,Inactive,SRC011,0.97,EV02881,2025-06-16 22:49:06,2024-06-30 05:10:00
MEM000654,P03063,O0082,Director,Contract,2022-10-16,,Active,SRC001,0.85,EV03363,2026-04-23 16:50:00,2024-06-30 22:29:25
MEM000655,P02190,O0127,Driver,Membership,2024-05-03,,Ended,SRC010,0.9,EV03345,2026-05-13 08:08:05,2026-01-17 20:07:11
MEM000656,P03616,O0301,Director,Employment,2022-12-01,,Active,SRC028,0.8,EV04279,2026-07-09 11:02:31,2024-07-29 14:39:19
MEM000657,P00350,O0035,Driver,Employment,2022-07-11,2024-02-11,Ended,SRC029,0.86,EV02049,2024-10-31 22:11:45,2025-09-01 09:04:58
MEM000658,P02221,O0190,Accountant,Association,2021-10-25,2023-10-23,Ended,SRC005,0.79,EV01685,2024-08-24 14:38:47,2024-12-07 15:38:08
MEM000659,P00168,O0160,Accountant,Employment,2025-01-16,,Inactive,SRC013,0.87,EV00116,2025-06-01 00:53:54,2025-08-14 19:56:34
MEM000660,P02774,O0042,Employee,Association,2024-03-26,,Ended,SRC030,0.92,EV04688,2024-05-17 05:29:44,2024-11-18 09:12:26
MEM000661,P01833,O0128,Consultant,Membership,2025-02-27,,Inactive,SRC015,0.88,EV04764,2026-04-29 06:34:17,2025-03-11 12:58:04
MEM000662,P03673,O0016,Accountant,Contract,2023-08-26,,Ended,SRC007,0.79,EV00094,2025-02-11 16:50:14,2025-12-05 00:56:41
MEM000663,P01449,O0420,Member,Association,2022-09-20,2025-01-20,Inactive,SRC013,0.98,EV01546,2025-08-21 13:56:05,2026-02-03 19:02:38
MEM000664,P00308,O0431,Consultant,Ownership,2023-06-07,,Active,SRC030,0.87,EV02494,2025-07-31 00:51:26,2024-06-13 17:26:20
MEM000665,P01971,O0232,Director,Ownership,2025-02-27,,Inactive,SRC020,0.95,EV03726,2026-02-25 12:51:24,2024-09-01 10:55:08
MEM000666,P00731,O0312,Member,Ownership,2025-05-09,2026-04-23,Ended,SRC008,0.88,EV00319,2025-06-25 09:49:25,2026-05-23 02:31:01
MEM000667,P00367,O0211,Manager,Employment,2022-08-14,,Active,SRC013,0.99,EV03377,2024-11-25 14:15:57,2025-12-31 20:19:12
MEM000668,P01279,O0145,Employee,Ownership,2026-06-15,,Inactive,SRC013,0.96,EV00161,2026-05-21 17:52:15,2024-06-11 12:28:11
MEM000669,P03131,O0221,Driver,Membership,2023-02-26,,Ended,SRC029,0.91,EV04716,2025-08-01 00:46:59,2026-07-24 15:59:02
MEM000670,P02211,O0116,Driver,Contract,2023-09-23,2025-08-01,Ended,SRC004,0.83,EV04685,2025-04-06 13:25:08,2026-04-05 22:57:12
MEM000671,P02821,O0254,Consultant,Contract,2024-09-29,,Inactive,SRC022,0.97,EV04944,2024-10-26 13:00:38,2024-10-17 11:57:00
MEM000672,P03139,O0134,Consultant,Association,2025-07-21,,Ended,SRC026,0.8,EV03183,2024-10-05 18:17:16,2024-10-15 07:14:55
MEM000673,P02021,O0251,Employee,Ownership,2024-07-04,,Inactive,SRC002,0.82,EV03233,2024-05-18 06:59:48,2026-01-04 17:15:12
MEM000674,P01023,O0253,Accountant,Membership,2022-12-23,,Ended,SRC030,0.85,EV04267,2026-08-07 19:04:23,2024-04-25 01:08:37
MEM000675,P01784,O0350,Accountant,Employment,2023-10-09,,Ended,SRC003,0.83,EV03940,2024-07-16 22:28:41,2024-02-27 10:30:04
MEM000676,P03099,O0364,Partner,Contract,2025-07-04,,Active,SRC020,0.9,EV00849,2024-06-14 21:48:16,2024-11-07 02:31:10
MEM000677,P02438,O0168,Director,Membership,2022-09-06,2026-05-31,Inactive,SRC018,0.79,EV01154,2026-07-24 12:04:49,2024-04-13 13:21:47
MEM000678,P03342,O0082,Employee,Contract,2025-11-07,2025-11-20,Active,SRC021,0.85,EV04112,2025-02-24 13:54:00,2024-09-28 12:24:15
MEM000679,P03503,O0244,Member,Ownership,2025-04-12,,Active,SRC015,0.89,EV02367,2026-08-26 02:53:30,2026-02-26 01:51:29
MEM000680,P00797,O0113,Employee,Association,2022-10-17,,Ended,SRC022,0.98,EV01971,2026-01-20 17:16:13,2024-03-30 08:56:28
MEM000681,P00222,O0298,Accountant,Contract,2024-04-22,,Inactive,SRC016,0.99,EV01676,2025-06-02 19:45:30,2025-09-05 06:09:55
MEM000682,P02404,O0193,Employee,Membership,2025-07-04,,Active,SRC002,0.95,EV03117,2024-03-07 03:52:01,2025-05-13 07:47:44
MEM000683,P02324,O0235,Director,Contract,2025-10-25,,Ended,SRC028,0.92,EV04524,2024-11-08 14:33:46,2024-11-08 11:49:02
MEM000684,P02777,O0409,Manager,Association,2023-05-23,,Inactive,SRC028,0.89,EV03870,2026-01-13 06:05:31,2026-03-13 22:30:26
MEM000685,P01513,O0061,Partner,Contract,2024-10-01,,Ended,SRC006,0.89,EV01879,2025-04-11 20:59:28,2024-03-30 14:41:43
MEM000686,P01140,O0099,Director,Ownership,2023-07-11,,Inactive,SRC029,0.87,EV01546,2025-12-28 18:02:44,2026-05-14 16:47:16
MEM000687,P03701,O0137,Partner,Membership,2024-11-11,,Inactive,SRC011,0.83,EV02621,2026-02-26 19:38:14,2025-08-03 08:37:18
MEM000688,P01876,O0110,Member,Employment,2021-11-01,,Inactive,SRC006,0.94,EV00216,2026-08-18 05:55:14,2025-01-14 04:12:46
MEM000689,P00080,O0217,Member,Ownership,2025-09-25,,Ended,SRC023,0.91,EV03718,2025-10-28 17:17:24,2025-05-29 08:09:01
MEM000690,P02888,O0080,Employee,Association,2023-05-13,,Active,SRC010,0.84,EV02973,2025-09-18 00:38:42,2024-02-15 01:03:59
MEM000691,P02610,O0182,Consultant,Membership,2025-07-05,,Inactive,SRC019,0.96,EV04025,2025-07-01 08:44:07,2025-08-13 06:18:55
MEM000692,P01157,O0215,Director,Ownership,2026-02-02,,Active,SRC019,0.88,EV03184,2026-05-03 19:45:00,2026-07-23 12:28:58
MEM000693,P02760,O0139,Employee,Contract,2026-05-14,2026-06-30,Ended,SRC020,0.86,EV03391,2026-05-24 05:40:00,2026-07-20 15:28:32
MEM000694,P01205,O0421,Employee,Membership,2023-05-22,2026-05-26,Ended,SRC026,0.98,EV04590,2024-05-27 04:53:39,2026-06-04 04:23:47
MEM000695,P03027,O0046,Accountant,Employment,2023-11-20,,Ended,SRC008,0.84,EV03013,2026-03-26 19:06:13,2025-10-13 16:50:20
MEM000696,P03469,O0377,Manager,Contract,2023-02-27,,Active,SRC013,0.99,EV00735,2024-03-29 09:29:14,2025-06-19 05:29:29
MEM000697,P03642,O0239,Member,Association,2023-04-01,,Ended,SRC010,0.91,EV02294,2025-10-31 08:17:59,2025-03-08 16:45:35
MEM000698,P00419,O0175,Consultant,Ownership,2026-06-10,,Ended,SRC011,0.95,EV00858,2024-08-19 15:44:52,2025-06-04 00:33:46
MEM000699,P01167,O0477,Consultant,Ownership,2023-06-25,,Inactive,SRC004,0.86,EV01653,2025-02-05 20:57:11,2024-11-14 04:28:24
MEM000700,P03598,O0018,Driver,Membership,2024-09-01,,Inactive,SRC007,0.93,EV03940,2025-01-19 19:18:50,2025-01-24 13:01:36
MEM000701,P00733,O0108,Driver,Employment,2023-01-29,,Inactive,SRC027,0.78,EV03660,2024-08-31 02:18:40,2025-08-06 12:30:45
MEM000702,P01315,O0111,Partner,Employment,2025-08-29,,Active,SRC011,0.97,EV01696,2025-10-27 22:20:42,2024-02-19 02:12:48
MEM000703,P01885,O0131,Director,Employment,2024-08-10,,Active,SRC019,0.98,EV04344,2025-02-15 12:33:49,2026-05-16 13:56:19
MEM000704,P01375,O0473,Driver,Contract,2024-01-22,,Active,SRC018,0.87,EV02862,2026-02-09 01:21:38,2025-06-18 01:36:22
MEM000705,P02292,O0302,Employee,Ownership,2023-03-22,,Ended,SRC022,0.95,EV03023,2025-05-20 07:28:26,2024-02-04 03:43:53
MEM000706,P01966,O0132,Director,Employment,2023-05-31,2023-12-11,Ended,SRC022,0.9,EV03817,2024-02-18 16:09:20,2026-02-19 17:14:35
MEM000707,P01196,O0232,Partner,Contract,2022-07-26,,Inactive,SRC004,0.96,EV04654,2025-04-08 05:43:33,2026-07-03 04:43:09
MEM000708,P03881,O0313,Director,Ownership,2023-08-05,,Active,SRC017,0.89,EV01873,2024-12-17 04:21:03,2025-04-24 23:09:47
MEM000709,P03752,O0218,Driver,Membership,2021-09-10,,Inactive,SRC010,0.79,EV02479,2024-04-09 19:26:22,2025-07-06 18:30:35
MEM000710,P01686,O0381,Driver,Ownership,2022-08-02,,Active,SRC001,0.78,EV02010,2025-06-03 05:50:13,2024-12-28 16:18:33
MEM000711,P01827,O0078,Director,Employment,2021-11-28,2024-10-22,Ended,SRC030,0.91,EV00282,2025-11-20 09:36:46,2024-04-20 13:33:03
MEM000712,P03099,O0432,Member,Ownership,2022-09-27,,Inactive,SRC015,0.83,EV02734,2026-05-13 09:29:10,2025-02-28 23:59:32
MEM000713,P03161,O0089,Consultant,Contract,2025-07-05,,Inactive,SRC014,0.86,EV00521,2024-02-20 13:38:33,2024-08-17 16:25:22
MEM000714,P01014,O0428,Employee,Ownership,2022-06-07,,Ended,SRC013,0.89,EV03474,2026-07-17 09:41:51,2025-05-06 23:08:43
MEM000715,P01334,O0239,Accountant,Contract,2023-06-07,,Ended,SRC018,0.86,EV04463,2024-02-23 18:24:58,2024-06-01 22:15:59
MEM000716,P02729,O0441,Manager,Contract,2025-02-26,,Active,SRC004,0.94,EV00112,2025-03-01 00:44:16,2026-05-18 15:33:57
MEM000717,P03375,O0240,Member,Ownership,2023-02-22,,Active,SRC009,0.79,EV04298,2024-12-30 03:29:52,2025-05-30 14:26:17
MEM000718,P02940,O0417,Partner,Employment,2025-01-30,,Active,SRC007,0.89,EV00696,2024-03-20 05:43:03,2024-08-26 14:40:32
MEM000719,P01531,O0406,Employee,Ownership,2023-06-08,,Inactive,SRC008,0.85,EV00736,2025-02-09 02:12:59,2024-12-08 19:09:30
MEM000720,P02918,O0276,Partner,Membership,2024-10-25,,Inactive,SRC016,0.83,EV04871,2025-10-06 03:24:46,2024-10-08 16:06:37
MEM000721,P02400,O0098,Consultant,Ownership,2024-02-03,,Ended,SRC001,0.8,EV01204,2025-02-21 16:47:41,2024-05-09 17:48:05
MEM000722,P03399,O0056,Manager,Contract,2024-07-22,,Ended,SRC029,0.98,EV00933,2024-10-03 04:45:59,2025-06-26 05:31:36
MEM000723,P02831,O0358,Consultant,Membership,2023-11-23,,Inactive,SRC004,0.97,EV02906,2024-07-11 00:06:55,2025-04-25 22:36:08
MEM000724,P02520,O0376,Member,Contract,2023-08-31,,Ended,SRC028,0.91,EV00418,2024-08-04 11:40:36,2025-01-04 08:52:30
MEM000725,P00300,O0194,Member,Employment,2021-10-25,,Inactive,SRC030,0.84,EV03616,2025-03-24 08:46:25,2026-04-01 02:56:24
MEM000726,P00519,O0233,Employee,Membership,2026-06-04,,Ended,SRC019,0.89,EV00853,2024-07-05 20:03:06,2025-11-02 10:09:05
MEM000727,P02633,O0061,Accountant,Employment,2026-05-29,,Active,SRC028,0.97,EV02914,2026-07-14 20:09:16,2026-03-18 21:35:46
MEM000728,P03851,O0343,Director,Employment,2025-03-16,,Inactive,SRC014,0.94,EV02163,2024-12-11 04:01:32,2024-01-16 04:15:02
MEM000729,P00724,O0264,Accountant,Contract,2026-02-15,,Active,SRC020,0.94,EV02243,2024-01-29 02:52:19,2025-05-14 14:56:17
MEM000730,P01576,O0366,Employee,Association,2025-02-10,,Ended,SRC002,0.83,EV00284,2024-03-28 05:25:43,2024-12-10 12:04:01
MEM000731,P01954,O0249,Partner,Contract,2022-02-13,,Ended,SRC026,0.95,EV04026,2026-07-04 02:30:10,2025-12-22 11:43:35
MEM000732,P00639,O0038,Director,Contract,2024-01-01,2025-09-29,Inactive,SRC002,0.87,EV04700,2026-05-28 21:54:51,2025-01-25 14:02:30
MEM000733,P00474,O0466,Driver,Association,2022-01-27,,Inactive,SRC007,0.88,EV00529,2024-01-09 23:39:56,2025-08-06 09:50:23
MEM000734,P03448,O0117,Employee,Membership,2024-03-23,,Inactive,SRC013,0.92,EV00353,2026-01-03 17:27:19,2025-05-10 05:51:46
MEM000735,P01445,O0085,Partner,Membership,2022-05-14,2024-02-29,Inactive,SRC027,0.94,EV03793,2026-07-05 12:15:34,2024-11-23 11:14:26
MEM000736,P01248,O0213,Director,Ownership,2023-03-07,,Inactive,SRC022,0.8,EV04602,2026-03-27 20:41:57,2025-01-24 16:29:17
MEM000737,P02260,O0119,Partner,Contract,2024-05-01,,Active,SRC029,0.85,EV04063,2024-04-06 12:17:47,2026-01-23 09:23:32
MEM000738,P03437,O0163,Member,Employment,2023-10-22,,Active,SRC015,0.82,EV03322,2024-04-02 11:53:30,2025-09-02 06:09:51
MEM000739,P01754,O0457,Partner,Employment,2022-06-19,,Inactive,SRC026,0.98,EV03787,2024-01-07 04:24:26,2026-04-16 17:21:15
MEM000740,P00379,O0126,Partner,Membership,2023-11-11,,Ended,SRC016,0.93,EV00252,2024-01-03 01:52:57,2024-10-05 11:25:33
MEM000741,P01514,O0234,Director,Ownership,2023-08-01,,Active,SRC017,0.87,EV01175,2025-05-28 01:22:05,2024-09-09 17:23:48
MEM000742,P03655,O0212,Employee,Contract,2024-08-16,2026-05-06,Active,SRC012,0.98,EV03571,2024-10-14 04:26:08,2024-08-09 04:45:45
MEM000743,P01653,O0308,Driver,Membership,2026-04-19,,Ended,SRC019,0.98,EV00120,2024-06-14 16:19:20,2025-10-02 00:47:56
MEM000744,P01725,O0455,Employee,Membership,2025-11-05,,Ended,SRC025,0.9,EV02384,2025-04-21 07:43:29,2024-05-28 20:08:34
MEM000745,P00712,O0483,Consultant,Contract,2025-05-06,,Active,SRC025,0.92,EV03491,2025-06-29 00:17:25,2025-10-06 15:05:14
MEM000746,P01228,O0391,Manager,Ownership,2023-05-09,,Ended,SRC012,0.88,EV01683,2025-10-28 06:50:23,2025-10-25 01:57:15
MEM000747,P00013,O0295,Driver,Ownership,2022-04-16,,Inactive,SRC016,0.81,EV00309,2026-03-12 22:08:56,2025-10-06 17:26:48
MEM000748,P00188,O0231,Driver,Contract,2022-11-30,,Active,SRC001,0.99,EV00988,2025-10-15 14:12:47,2024-02-08 11:47:40
MEM000749,P03250,O0054,Driver,Ownership,2025-03-10,2026-06-21,Inactive,SRC022,0.8,EV01589,2024-10-16 21:24:25,2025-06-20 21:13:25
MEM000750,P03755,O0148,Accountant,Contract,2025-05-08,,Active,SRC026,0.97,EV00422,2025-02-27 00:27:29,2025-02-08 19:32:18
MEM000751,P03633,O0353,Accountant,Membership,2021-09-21,,Inactive,SRC025,0.81,EV02427,2025-10-15 04:20:31,2026-02-14 10:23:49
MEM000752,P01746,O0286,Director,Ownership,2026-08-10,,Ended,SRC019,0.78,EV00729,2025-11-04 03:23:21,2024-12-17 21:23:27
MEM000753,P02307,O0049,Director,Association,2026-05-06,,Active,SRC012,0.93,EV00416,2026-02-10 06:14:41,2025-06-06 11:16:52
MEM000754,P03566,O0189,Member,Association,2023-03-19,,Ended,SRC005,0.81,EV03896,2024-01-31 04:20:01,2025-08-15 18:45:29
MEM000755,P01276,O0045,Manager,Membership,2025-03-23,,Active,SRC006,0.92,EV03253,2025-02-16 02:53:00,2026-04-13 05:49:11
MEM000756,P00681,O0143,Driver,Employment,2022-01-21,,Ended,SRC005,0.83,EV04298,2026-07-15 02:14:50,2025-01-30 18:21:10
MEM000757,P02373,O0469,Manager,Membership,2023-06-19,,Ended,SRC006,0.95,EV03636,2025-07-04 10:32:44,2025-10-08 07:16:58
MEM000758,P03429,O0055,Member,Contract,2022-10-17,2026-01-12,Inactive,SRC023,0.78,EV03486,2024-05-12 01:22:09,2025-01-16 17:27:03
MEM000759,P00309,O0378,Driver,Association,2021-11-14,,Active,SRC007,0.97,EV01445,2024-01-31 08:32:07,2024-06-13 22:54:00
MEM000760,P03982,O0218,Member,Association,2023-09-25,,Inactive,SRC021,0.89,EV01550,2024-04-04 07:54:48,2026-01-25 01:26:48
MEM000761,P00653,O0197,Employee,Employment,2025-02-24,,Active,SRC030,0.81,EV02572,2024-09-18 02:34:11,2025-05-28 21:34:29
MEM000762,P00080,O0001,Partner,Association,2023-03-05,,Inactive,SRC025,0.92,EV04631,2024-02-23 05:42:34,2025-04-10 19:20:26
MEM000763,P01425,O0151,Member,Association,2022-05-21,,Active,SRC030,0.79,EV02150,2025-10-01 23:54:46,2026-07-19 08:36:21
MEM000764,P03902,O0178,Director,Employment,2023-08-25,,Inactive,SRC018,0.78,EV04926,2025-04-20 03:35:11,2025-05-06 04:05:38
MEM000765,P03264,O0057,Director,Employment,2024-11-23,2025-06-05,Inactive,SRC011,0.85,EV00092,2026-02-10 13:26:13,2025-03-26 21:15:48
MEM000766,P03232,O0178,Member,Employment,2022-11-05,2024-05-13,Active,SRC007,0.84,EV00108,2026-02-15 18:10:56,2025-07-07 21:33:11
MEM000767,P02595,O0012,Partner,Employment,2023-10-07,,Active,SRC016,0.8,EV04657,2024-07-02 12:24:12,2024-01-21 01:30:25
MEM000768,P00882,O0107,Director,Membership,2023-07-05,,Active,SRC030,0.84,EV00999,2025-07-17 03:00:42,2025-08-05 17:30:00
MEM000769,P02098,O0049,Director,Employment,2022-03-06,,Inactive,SRC014,0.9,EV02351,2026-07-21 04:36:59,2026-03-07 18:15:03
MEM000770,P01784,O0176,Accountant,Ownership,2024-09-21,2025-08-18,Active,SRC030,0.83,EV00083,2026-05-12 11:26:44,2025-09-06 21:05:16
MEM000771,P01800,O0299,Accountant,Employment,2023-12-09,,Inactive,SRC026,0.93,EV00905,2024-11-07 02:00:08,2026-08-06 12:01:42
MEM000772,P01532,O0143,Member,Ownership,2022-12-12,2025-02-27,Ended,SRC024,0.97,EV04505,2024-02-07 03:26:52,2025-01-17 10:08:48
MEM000773,P00594,O0065,Director,Employment,2021-09-13,,Active,SRC007,0.99,EV02283,2024-01-11 13:09:11,2024-09-06 02:21:53
MEM000774,P00891,O0126,Partner,Ownership,2021-09-21,,Ended,SRC024,0.9,EV00209,2026-04-16 18:30:06,2024-07-03 16:29:34
MEM000775,P00165,O0393,Accountant,Employment,2023-01-30,,Active,SRC017,0.89,EV03804,2025-12-31 21:12:53,2025-02-22 15:39:10
MEM000776,P00742,O0442,Member,Membership,2022-12-13,,Inactive,SRC004,0.91,EV00358,2024-12-05 02:46:18,2025-04-04 19:12:29
MEM000777,P01401,O0386,Partner,Employment,2026-06-16,2026-07-07,Active,SRC028,0.88,EV00616,2026-03-19 04:12:33,2024-07-07 16:18:38
MEM000778,P01648,O0432,Employee,Ownership,2026-08-08,,Active,SRC021,0.8,EV00501,2025-04-17 20:48:51,2025-10-18 21:51:40
MEM000779,P02362,O0427,Employee,Association,2021-09-27,,Inactive,SRC016,0.95,EV02117,2026-07-13 10:02:24,2025-02-25 17:52:54
MEM000780,P03599,O0338,Director,Association,2023-03-17,,Ended,SRC007,0.78,EV01389,2024-12-28 12:28:08,2026-01-13 16:14:44
MEM000781,P03644,O0276,Employee,Ownership,2022-01-10,,Inactive,SRC011,0.81,EV04455,2024-08-23 01:27:29,2026-06-27 04:23:15
MEM000782,P00967,O0192,Partner,Employment,2024-09-02,,Active,SRC020,0.97,EV02751,2026-06-03 12:54:03,2024-03-07 10:08:41
MEM000783,P02853,O0340,Accountant,Membership,2024-04-10,,Active,SRC007,0.96,EV00552,2025-05-21 07:07:25,2025-11-01 09:21:37
MEM000784,P00026,O0392,Accountant,Contract,2025-02-28,,Inactive,SRC017,0.78,EV04404,2024-11-06 19:50:31,2024-04-21 18:58:43
MEM000785,P00531,O0309,Partner,Employment,2022-08-06,,Inactive,SRC013,0.85,EV02923,2025-05-17 22:44:52,2024-06-22 17:29:08
MEM000786,P03349,O0243,Manager,Ownership,2025-03-31,,Inactive,SRC001,0.96,EV03092,2025-05-08 09:22:21,2024-09-16 08:50:35
MEM000787,P00971,O0203,Employee,Contract,2022-12-10,,Ended,SRC018,0.84,EV00350,2024-08-13 06:23:34,2025-07-13 10:53:31
MEM000788,P00744,O0001,Director,Ownership,2024-08-29,,Active,SRC008,0.83,EV00474,2026-08-16 02:39:47,2024-02-10 20:55:12
MEM000789,P03131,O0278,Member,Ownership,2026-04-14,2026-06-22,Active,SRC025,0.79,EV00653,2025-01-23 20:59:32,2024-12-27 17:05:10
MEM000790,P03074,O0150,Accountant,Membership,2025-06-26,2026-04-08,Inactive,SRC003,0.93,EV03703,2026-01-23 18:51:21,2025-08-22 20:24:54
MEM000791,P01741,O0309,Partner,Employment,2024-05-19,,Active,SRC029,0.94,EV00482,2025-09-11 05:20:54,2025-03-30 11:08:32
MEM000792,P02160,O0482,Member,Ownership,2026-08-26,,Active,SRC028,0.81,EV02714,2025-03-17 10:09:10,2025-08-03 19:31:49
MEM000793,P02287,O0157,Partner,Membership,2025-10-03,,Inactive,SRC030,0.87,EV02983,2024-03-19 16:44:50,2024-01-13 07:48:25
MEM000794,P02802,O0487,Partner,Contract,2023-08-05,,Ended,SRC012,0.97,EV03790,2024-08-11 21:59:32,2025-01-16 21:06:09
MEM000795,P02047,O0172,Consultant,Association,2025-05-05,,Ended,SRC012,0.99,EV02248,2025-12-02 01:15:36,2024-05-18 19:18:59
MEM000796,P03962,O0286,Employee,Ownership,2022-06-15,,Active,SRC009,0.98,EV01111,2026-06-19 09:35:28,2026-03-13 12:12:20
MEM000797,P01600,O0261,Director,Employment,2025-07-14,,Active,SRC009,0.95,EV03057,2026-05-10 02:14:19,2024-04-29 17:46:53
MEM000798,P02388,O0482,Partner,Ownership,2022-03-07,2023-11-02,Ended,SRC012,0.8,EV04869,2025-03-28 10:51:40,2025-09-10 14:38:47
MEM000799,P03912,O0308,Consultant,Association,2022-11-03,,Inactive,SRC001,0.88,EV01673,2025-10-31 13:39:24,2024-02-24 19:12:18
MEM000800,P02679,O0434,Manager,Employment,2025-02-19,,Ended,SRC020,0.9,EV00235,2024-08-06 14:15:24,2024-02-09 20:18:09
MEM000801,P03886,O0253,Driver,Ownership,2024-08-26,2024-12-19,Inactive,SRC008,0.88,EV02727,2025-11-04 03:26:15,2024-07-11 19:14:09
MEM000802,P01290,O0165,Consultant,Association,2023-01-04,,Active,SRC021,0.83,EV02198,2025-05-11 10:06:54,2026-01-16 10:07:19
MEM000803,P02577,O0431,Accountant,Contract,2022-02-18,,Inactive,SRC016,0.81,EV00963,2024-07-07 12:13:18,2026-08-19 02:55:49
MEM000804,P03875,O0140,Partner,Association,2026-04-06,,Ended,SRC028,0.92,EV02792,2026-01-31 01:50:20,2024-08-02 09:00:39
MEM000805,P03284,O0070,Consultant,Ownership,2024-03-13,,Ended,SRC008,0.92,EV02812,2024-07-06 22:11:00,2024-04-22 16:46:40
MEM000806,P02674,O0130,Manager,Association,2026-08-15,,Active,SRC005,0.95,EV00658,2025-01-04 14:35:47,2026-05-20 10:59:12
MEM000807,P03001,O0023,Consultant,Contract,2026-01-23,,Ended,SRC016,0.88,EV01983,2024-11-04 17:29:03,2025-02-12 03:08:01
MEM000808,P03276,O0393,Accountant,Contract,2023-01-30,,Inactive,SRC005,0.8,EV03487,2025-02-08 02:15:21,2024-02-06 00:41:48
MEM000809,P02182,O0074,Consultant,Employment,2026-08-10,,Active,SRC023,0.98,EV01976,2025-11-01 07:12:52,2024-04-02 19:01:50
MEM000810,P02837,O0430,Driver,Association,2026-03-22,,Inactive,SRC011,0.85,EV00591,2025-04-03 14:34:32,2026-06-04 23:35:49
MEM000811,P01352,O0304,Member,Ownership,2024-01-10,,Active,SRC023,0.87,EV00701,2026-05-14 02:27:23,2025-04-13 00:24:09
MEM000812,P03613,O0064,Director,Ownership,2023-07-04,,Inactive,SRC006,0.83,EV03264,2024-02-29 04:02:52,2024-07-18 22:08:46
MEM000813,P01296,O0466,Member,Association,2021-12-13,,Inactive,SRC007,0.81,EV00481,2025-01-28 18:52:47,2026-03-05 10:25:59
MEM000814,P01745,O0212,Employee,Association,2023-04-14,,Ended,SRC019,0.84,EV03293,2025-01-05 23:23:19,2025-09-30 06:09:12
MEM000815,P00978,O0256,Employee,Membership,2024-01-02,,Inactive,SRC022,0.91,EV00910,2024-05-10 08:27:37,2025-12-25 16:47:20
MEM000816,P02814,O0419,Employee,Ownership,2022-03-03,,Inactive,SRC027,0.89,EV04238,2026-01-27 02:40:43,2025-02-18 10:54:12
MEM000817,P04000,O0406,Partner,Ownership,2021-11-21,2025-06-05,Inactive,SRC018,0.95,EV00076,2026-01-04 01:50:35,2025-05-25 02:31:39
MEM000818,P02726,O0116,Member,Employment,2025-10-24,2026-08-01,Active,SRC025,0.97,EV02081,2024-04-14 06:45:27,2026-02-18 02:30:41
MEM000819,P00624,O0413,Consultant,Ownership,2024-07-02,,Inactive,SRC020,0.97,EV03215,2025-08-07 00:42:40,2025-10-16 08:42:02
MEM000820,P02135,O0415,Partner,Contract,2023-04-19,,Inactive,SRC017,0.79,EV04996,2025-08-29 20:05:40,2026-02-19 10:06:38
MEM000821,P02858,O0094,Director,Contract,2023-07-18,,Inactive,SRC013,0.9,EV01882,2024-09-04 06:07:37,2025-01-23 07:59:05
MEM000822,P02944,O0134,Employee,Employment,2024-06-06,,Ended,SRC016,0.81,EV02577,2026-01-23 02:51:35,2024-09-10 09:10:41
MEM000823,P02629,O0066,Driver,Membership,2026-05-01,,Ended,SRC016,0.96,EV02932,2024-10-31 12:25:00,2025-05-31 22:02:57
MEM000824,P01120,O0237,Member,Association,2023-03-28,2023-12-12,Active,SRC002,0.91,EV01912,2025-12-15 00:58:07,2025-12-29 07:59:42
MEM000825,P00794,O0331,Director,Contract,2023-10-26,,Inactive,SRC011,0.88,EV01283,2024-12-04 08:33:33,2024-04-02 04:50:39
MEM000826,P00213,O0380,Member,Membership,2022-02-05,2023-10-16,Inactive,SRC019,0.95,EV00583,2026-05-03 14:47:17,2025-05-29 16:43:20
MEM000827,P00917,O0465,Director,Employment,2025-03-03,,Active,SRC024,0.81,EV01250,2025-12-09 10:59:05,2025-12-19 18:22:18
MEM000828,P01117,O0033,Member,Contract,2023-06-25,2023-12-13,Ended,SRC014,0.84,EV02421,2024-09-19 07:22:01,2025-06-17 03:55:50
MEM000829,P03768,O0493,Member,Ownership,2026-05-14,,Ended,SRC016,0.81,EV02478,2025-10-11 04:52:20,2025-09-20 18:33:04
MEM000830,P01448,O0450,Consultant,Contract,2022-12-06,,Inactive,SRC016,0.87,EV01932,2025-01-06 06:39:46,2025-04-23 20:35:20
MEM000831,P00504,O0101,Driver,Association,2024-04-22,2026-08-29,Ended,SRC025,0.96,EV02533,2025-04-10 21:44:55,2024-05-16 05:56:08
MEM000832,P01489,O0433,Accountant,Contract,2024-06-16,,Ended,SRC008,0.79,EV03158,2026-08-14 07:52:00,2025-03-30 21:08:04
MEM000833,P02865,O0136,Driver,Employment,2023-11-06,,Active,SRC007,0.96,EV01463,2026-04-11 01:26:34,2024-02-21 17:35:25
MEM000834,P01597,O0064,Consultant,Employment,2024-05-19,,Active,SRC019,0.93,EV02084,2024-06-20 23:30:26,2024-04-08 06:57:13
MEM000835,P00492,O0126,Director,Ownership,2026-06-19,,Active,SRC030,0.82,EV04722,2025-01-23 04:14:26,2025-11-02 17:45:39
MEM000836,P03600,O0031,Driver,Ownership,2024-01-20,,Active,SRC026,0.93,EV00652,2025-12-07 14:25:07,2024-07-21 02:09:28
MEM000837,P01400,O0037,Accountant,Employment,2025-02-12,,Inactive,SRC005,0.9,EV03241,2025-12-20 02:50:36,2025-04-23 08:41:53
MEM000838,P03021,O0158,Partner,Association,2022-03-24,,Active,SRC007,0.97,EV02741,2024-06-27 03:20:40,2025-08-01 02:39:15
MEM000839,P01139,O0455,Director,Association,2024-05-10,2024-12-23,Inactive,SRC009,0.89,EV03065,2025-12-03 05:33:38,2026-08-11 13:19:34
MEM000840,P03869,O0208,Member,Membership,2025-10-08,,Active,SRC026,0.96,EV02081,2026-03-04 21:19:14,2024-11-16 16:55:46
MEM000841,P03872,O0136,Manager,Membership,2024-08-11,2024-09-13,Inactive,SRC013,0.91,EV00748,2026-07-21 17:05:21,2025-05-17 20:39:53
MEM000842,P00421,O0419,Partner,Contract,2022-02-12,,Active,SRC008,0.88,EV03972,2026-03-27 14:53:05,2025-08-18 06:35:31
MEM000843,P03820,O0084,Manager,Contract,2024-05-31,,Inactive,SRC025,0.87,EV00038,2024-09-17 13:55:27,2025-08-20 20:44:47
MEM000844,P02036,O0141,Director,Ownership,2022-08-07,,Ended,SRC015,0.83,EV00937,2026-08-04 18:49:04,2025-02-23 16:43:59
MEM000845,P03751,O0007,Director,Association,2023-10-16,,Ended,SRC006,0.89,EV00998,2026-01-21 01:55:37,2025-03-18 19:07:29
MEM000846,P01447,O0080,Driver,Association,2023-07-26,,Ended,SRC014,0.98,EV04788,2026-08-08 03:43:54,2026-07-18 05:30:07
MEM000847,P01148,O0176,Director,Membership,2024-08-25,,Inactive,SRC020,0.83,EV02972,2024-02-26 17:29:45,2025-05-18 02:41:48
MEM000848,P03492,O0433,Consultant,Contract,2022-02-06,,Active,SRC020,0.93,EV04036,2025-06-30 08:21:19,2025-07-17 01:11:11
MEM000849,P01186,O0118,Manager,Employment,2026-03-05,,Active,SRC019,0.98,EV03243,2024-05-31 16:08:15,2024-01-23 20:01:35
MEM000850,P03591,O0197,Consultant,Employment,2025-12-12,,Ended,SRC028,0.8,EV01604,2025-05-25 13:58:57,2024-10-08 08:15:58
MEM000851,P02588,O0359,Member,Ownership,2023-05-18,,Active,SRC021,0.96,EV03814,2025-08-12 07:34:23,2026-03-30 09:43:04
MEM000852,P01713,O0413,Partner,Association,2025-12-22,,Active,SRC020,0.9,EV03853,2024-07-14 17:50:17,2024-03-13 07:25:11
MEM000853,P02544,O0465,Director,Employment,2024-05-11,2025-08-21,Inactive,SRC027,0.82,EV04665,2025-11-09 19:52:27,2026-04-04 09:47:38
MEM000854,P01046,O0357,Consultant,Membership,2023-03-08,2024-08-08,Active,SRC022,0.98,EV03909,2026-02-24 23:02:35,2025-05-13 03:47:49
MEM000855,P00596,O0066,Partner,Membership,2022-02-03,,Inactive,SRC008,0.9,EV01415,2024-07-03 13:14:10,2025-07-19 23:44:17
MEM000856,P03773,O0287,Member,Employment,2026-02-18,,Active,SRC005,0.87,EV04024,2025-05-24 14:51:19,2025-10-09 19:16:38
MEM000857,P03223,O0312,Accountant,Association,2026-05-27,2026-08-13,Active,SRC009,0.84,EV00410,2025-07-12 22:35:53,2025-05-24 18:25:19
MEM000858,P01699,O0136,Employee,Membership,2023-12-02,,Ended,SRC001,0.86,EV01762,2026-03-16 10:36:06,2025-09-05 10:05:45
MEM000859,P00604,O0290,Director,Ownership,2023-09-16,,Inactive,SRC017,0.81,EV01529,2024-01-01 01:21:55,2025-12-22 15:26:51
MEM000860,P03859,O0495,Employee,Association,2025-05-29,,Inactive,SRC020,0.86,EV04647,2025-05-10 23:33:11,2026-07-24 10:08:27
MEM000861,P01991,O0055,Manager,Ownership,2023-05-23,,Ended,SRC029,0.8,EV00054,2024-09-13 05:09:07,2025-01-22 10:02:01
MEM000862,P02146,O0234,Driver,Employment,2025-10-02,,Inactive,SRC028,0.94,EV02485,2026-05-24 07:57:46,2025-01-12 11:21:16
MEM000863,P02017,O0103,Member,Association,2021-12-30,,Active,SRC012,0.85,EV04763,2025-04-02 01:17:02,2026-06-29 20:54:11
MEM000864,P02507,O0408,Director,Contract,2026-08-18,,Inactive,SRC027,0.86,EV01589,2024-06-21 03:02:49,2025-08-12 17:12:52
MEM000865,P00307,O0186,Consultant,Ownership,2025-11-14,,Active,SRC009,0.8,EV02486,2024-04-06 23:01:49,2024-01-10 15:11:21
MEM000866,P02372,O0169,Member,Ownership,2021-10-31,2025-08-06,Active,SRC015,0.82,EV02319,2025-09-12 09:21:02,2026-07-07 08:22:01
MEM000867,P01521,O0303,Driver,Contract,2022-11-14,,Active,SRC021,0.87,EV03941,2024-01-11 13:09:57,2026-07-01 02:30:51
MEM000868,P00867,O0302,Director,Contract,2023-06-08,,Ended,SRC014,0.84,EV02306,2026-01-24 14:30:12,2025-08-15 04:44:56
MEM000869,P03801,O0500,Employee,Membership,2024-05-01,,Ended,SRC025,0.85,EV03187,2024-09-13 10:30:57,2025-02-10 03:48:20
MEM000870,P02427,O0035,Manager,Association,2021-10-12,,Ended,SRC014,0.93,EV00744,2026-02-16 01:51:06,2026-01-31 01:16:36
MEM000871,P02011,O0027,Employee,Contract,2026-01-26,,Ended,SRC012,0.97,EV00244,2024-01-18 15:52:06,2026-04-15 18:25:52
MEM000872,P01138,O0210,Employee,Contract,2025-04-26,2026-08-28,Inactive,SRC008,0.82,EV02335,2025-06-23 00:49:10,2024-12-23 10:49:11
MEM000873,P01115,O0173,Director,Employment,2024-08-29,2026-07-06,Ended,SRC021,0.82,EV03297,2026-06-28 03:07:44,2024-04-28 10:43:50
MEM000874,P00218,O0449,Manager,Association,2023-10-01,,Inactive,SRC009,0.93,EV03514,2026-01-10 11:21:55,2025-12-26 19:01:35
MEM000875,P01487,O0008,Manager,Ownership,2024-09-18,2025-01-28,Ended,SRC004,0.95,EV04958,2026-01-06 04:04:42,2025-07-10 16:34:40
MEM000876,P00715,O0299,Member,Contract,2023-01-22,,Inactive,SRC027,0.85,EV02704,2026-07-27 14:48:30,2025-02-19 04:24:25
MEM000877,P02519,O0497,Driver,Employment,2022-01-01,,Inactive,SRC022,0.9,EV01860,2025-11-06 18:55:46,2024-01-21 19:26:50
MEM000878,P03421,O0346,Accountant,Contract,2023-02-20,,Ended,SRC007,0.95,EV02002,2025-08-01 22:26:21,2026-08-20 12:45:36
MEM000879,P02802,O0277,Employee,Ownership,2023-10-19,,Inactive,SRC024,0.79,EV02740,2026-02-14 08:23:57,2024-12-11 01:34:10
MEM000880,P03388,O0091,Director,Contract,2025-12-12,,Ended,SRC013,0.85,EV01583,2025-05-24 06:54:05,2025-04-24 01:09:12
MEM000881,P02314,O0010,Accountant,Membership,2026-08-17,,Inactive,SRC003,0.86,EV02847,2024-04-09 03:55:00,2024-12-07 14:05:02
MEM000882,P03169,O0167,Member,Ownership,2022-08-10,,Inactive,SRC008,0.94,EV04295,2024-01-06 14:28:23,2026-07-03 21:44:12
MEM000883,P03633,O0462,Consultant,Contract,2022-05-31,,Ended,SRC001,0.97,EV02499,2026-04-09 21:04:17,2024-05-22 13:15:35
MEM000884,P01398,O0375,Partner,Ownership,2022-06-16,,Active,SRC028,0.85,EV02911,2024-01-16 05:27:08,2026-01-25 02:05:24
MEM000885,P03937,O0493,Consultant,Membership,2023-08-13,,Active,SRC014,0.91,EV04667,2024-08-22 20:43:07,2025-07-02 04:16:30
MEM000886,P02597,O0415,Employee,Contract,2024-12-01,,Ended,SRC029,0.86,EV03469,2025-10-12 23:27:09,2026-03-30 11:13:58
MEM000887,P01335,O0268,Driver,Employment,2023-01-12,,Ended,SRC028,0.85,EV00305,2025-09-16 13:51:51,2025-04-25 01:40:26
MEM000888,P00131,O0139,Member,Employment,2026-01-19,2026-02-04,Ended,SRC029,0.91,EV01898,2025-10-25 01:32:14,2024-05-24 16:36:41
MEM000889,P03999,O0444,Employee,Membership,2025-08-12,,Active,SRC007,0.8,EV02493,2026-05-03 00:11:54,2024-12-12 21:07:46
MEM000890,P02231,O0437,Partner,Membership,2026-06-02,,Active,SRC024,0.91,EV00477,2025-01-13 08:48:33,2026-01-08 01:33:00
MEM000891,P00761,O0053,Manager,Ownership,2025-09-29,,Ended,SRC003,0.99,EV04422,2024-03-22 18:44:28,2024-08-05 17:58:05
MEM000892,P03225,O0221,Partner,Association,2022-03-17,,Inactive,SRC026,0.92,EV03732,2025-01-11 11:05:22,2024-03-31 16:24:19
MEM000893,P01149,O0476,Manager,Ownership,2022-03-24,,Inactive,SRC014,0.89,EV03459,2025-01-20 18:43:11,2024-06-21 16:54:19
MEM000894,P00864,O0398,Partner,Ownership,2023-09-15,,Inactive,SRC022,0.97,EV01131,2024-04-16 19:03:52,2025-10-25 14:57:15
MEM000895,P02084,O0350,Partner,Ownership,2026-03-05,2026-04-06,Active,SRC026,0.8,EV01828,2025-04-01 08:11:15,2026-02-16 11:07:30
MEM000896,P00401,O0128,Member,Ownership,2022-05-29,,Active,SRC025,0.99,EV01039,2024-01-14 03:12:27,2024-05-25 16:06:16
MEM000897,P00743,O0332,Employee,Employment,2024-03-28,,Ended,SRC018,0.94,EV04264,2024-12-20 10:06:10,2024-07-12 16:26:25
MEM000898,P03194,O0082,Manager,Contract,2022-10-19,,Inactive,SRC011,0.8,EV03747,2025-05-18 22:34:59,2025-11-01 06:53:34
MEM000899,P01855,O0148,Accountant,Employment,2024-01-16,,Inactive,SRC020,0.97,EV02882,2026-01-02 11:12:27,2025-11-18 22:53:43
MEM000900,P00032,O0499,Consultant,Contract,2023-01-20,,Ended,SRC016,0.94,EV01504,2025-08-01 14:29:40,2025-06-30 11:03:50
MEM000901,P02229,O0182,Accountant,Employment,2021-09-16,,Active,SRC023,0.89,EV03071,2024-02-25 09:57:19,2025-12-25 18:28:31
MEM000902,P02238,O0045,Employee,Membership,2025-06-22,,Active,SRC014,0.8,EV01983,2025-08-09 14:58:50,2026-01-26 07:16:28
MEM000903,P01786,O0352,Director,Employment,2022-08-07,,Ended,SRC019,0.85,EV00542,2025-10-29 19:31:03,2025-04-15 23:33:56
MEM000904,P00253,O0380,Director,Ownership,2024-11-04,,Inactive,SRC027,0.92,EV01104,2026-06-27 09:18:32,2024-11-01 22:52:24
MEM000905,P00805,O0351,Employee,Membership,2022-03-30,,Inactive,SRC027,0.78,EV00145,2026-05-23 23:42:27,2026-04-11 13:17:41
MEM000906,P02216,O0005,Partner,Association,2024-09-27,2025-07-22,Ended,SRC020,0.87,EV02570,2024-08-05 23:30:23,2024-07-29 03:17:47
MEM000907,P00320,O0321,Manager,Contract,2025-02-15,2026-02-11,Inactive,SRC029,0.89,EV00868,2025-01-25 11:15:31,2025-10-19 17:43:23
MEM000908,P01584,O0382,Director,Ownership,2026-08-11,,Inactive,SRC028,0.98,EV02138,2026-06-07 22:42:31,2024-01-15 02:07:47
MEM000909,P03246,O0131,Partner,Association,2024-07-01,2025-02-15,Active,SRC023,0.95,EV02223,2024-10-05 16:16:17,2024-09-13 18:32:13
MEM000910,P02878,O0056,Driver,Ownership,2024-03-26,,Active,SRC005,0.89,EV04651,2025-04-09 05:30:18,2024-07-08 02:21:21
MEM000911,P02679,O0104,Consultant,Ownership,2024-11-28,,Active,SRC027,0.83,EV04967,2024-12-20 03:02:19,2025-10-01 21:49:37
MEM000912,P03978,O0412,Manager,Ownership,2022-01-01,2023-06-28,Ended,SRC030,0.96,EV01058,2026-05-07 00:39:39,2024-10-06 23:49:33
MEM000913,P01422,O0109,Director,Employment,2026-01-23,2026-02-27,Ended,SRC028,0.82,EV01572,2024-04-12 20:18:25,2024-08-19 02:07:26
MEM000914,P03164,O0055,Consultant,Ownership,2022-07-28,,Active,SRC017,0.94,EV01278,2024-06-27 16:31:10,2026-08-05 00:46:24
MEM000915,P03961,O0152,Member,Ownership,2025-03-07,,Ended,SRC009,0.89,EV02741,2025-04-15 16:38:09,2024-12-30 06:49:44
MEM000916,P01702,O0114,Member,Membership,2025-04-19,,Inactive,SRC027,0.93,EV00752,2025-04-16 21:59:15,2026-07-27 13:30:27
MEM000917,P03919,O0328,Manager,Ownership,2025-06-13,,Active,SRC027,0.88,EV02866,2024-05-22 19:03:00,2024-03-03 01:30:17
MEM000918,P00177,O0077,Member,Membership,2022-09-14,,Active,SRC007,0.93,EV03207,2024-06-27 08:37:57,2025-08-16 04:20:27
MEM000919,P01350,O0110,Director,Ownership,2023-11-08,,Active,SRC014,0.93,EV01925,2024-05-03 09:15:18,2025-05-11 10:17:01
MEM000920,P03875,O0499,Employee,Contract,2023-11-06,,Active,SRC003,0.97,EV00192,2024-04-03 04:27:34,2026-04-28 11:50:58
MEM000921,P01012,O0024,Director,Contract,2026-08-31,,Ended,SRC019,0.89,EV02115,2024-12-14 19:47:34,2025-11-19 02:13:08
MEM000922,P01012,O0353,Member,Ownership,2025-06-29,2025-08-04,Ended,SRC018,0.94,EV02083,2025-01-12 06:19:29,2026-08-09 05:57:57
MEM000923,P01756,O0093,Director,Ownership,2021-11-14,,Ended,SRC012,0.94,EV00495,2026-03-28 12:51:09,2025-08-18 10:57:18
MEM000924,P03978,O0118,Manager,Ownership,2022-05-14,,Active,SRC006,0.99,EV03033,2024-07-24 19:02:51,2025-11-25 20:13:24
MEM000925,P03995,O0130,Director,Employment,2024-06-09,,Inactive,SRC001,0.96,EV02448,2025-12-12 12:04:40,2025-08-02 16:55:54
MEM000926,P00714,O0026,Driver,Membership,2022-08-11,,Active,SRC014,0.88,EV00197,2025-08-31 03:55:12,2024-07-26 23:00:56
MEM000927,P00945,O0309,Accountant,Contract,2022-08-30,2023-10-19,Active,SRC002,0.98,EV00717,2025-06-17 09:12:30,2025-03-30 00:18:45
MEM000928,P02871,O0067,Employee,Membership,2026-05-09,,Ended,SRC027,0.88,EV01457,2024-08-05 05:56:11,2026-05-12 08:43:24
MEM000929,P03041,O0230,Partner,Membership,2025-12-23,,Active,SRC019,0.78,EV00178,2025-07-25 05:00:22,2025-06-27 18:22:01
MEM000930,P01045,O0373,Director,Employment,2025-08-06,,Inactive,SRC005,0.84,EV02122,2026-05-10 10:39:10,2026-03-09 22:41:18
MEM000931,P03478,O0442,Member,Ownership,2026-03-09,,Inactive,SRC007,0.97,EV03146,2025-10-28 11:02:11,2024-03-09 05:08:17
MEM000932,P01589,O0091,Consultant,Employment,2024-12-11,,Active,SRC008,0.82,EV04247,2024-10-28 15:47:51,2025-12-22 01:45:48
MEM000933,P03358,O0442,Employee,Association,2026-01-12,,Active,SRC017,0.85,EV03146,2024-09-05 00:10:59,2025-11-13 22:59:35
MEM000934,P00363,O0497,Member,Contract,2026-03-24,2026-04-19,Active,SRC001,0.86,EV01014,2026-01-13 03:16:36,2024-11-05 14:45:05
MEM000935,P02285,O0050,Director,Membership,2024-06-01,2025-02-19,Inactive,SRC012,0.98,EV02908,2025-04-27 10:35:34,2024-11-14 10:09:14
MEM000936,P03535,O0421,Director,Contract,2026-05-10,,Inactive,SRC005,0.97,EV00190,2025-03-06 23:30:43,2025-10-07 08:10:49
MEM000937,P00641,O0479,Manager,Membership,2025-07-01,2025-08-30,Active,SRC019,0.81,EV02567,2024-04-27 23:42:44,2025-10-19 21:44:29
MEM000938,P02774,O0158,Consultant,Association,2022-10-01,,Ended,SRC023,0.92,EV03729,2024-09-13 08:55:16,2024-07-25 06:54:45
MEM000939,P02707,O0357,Director,Ownership,2024-09-24,2026-04-28,Inactive,SRC015,0.94,EV00239,2024-12-13 07:13:30,2024-05-23 03:18:19
MEM000940,P03342,O0134,Driver,Employment,2025-02-11,,Ended,SRC020,0.8,EV04136,2024-10-14 15:25:45,2024-11-01 00:21:27
MEM000941,P02534,O0126,Employee,Contract,2022-06-07,,Inactive,SRC019,0.97,EV04608,2026-01-27 23:51:42,2025-02-13 10:02:56
MEM000942,P02563,O0137,Driver,Contract,2025-05-09,,Active,SRC010,0.91,EV02674,2025-03-09 09:01:15,2024-04-01 21:03:29
MEM000943,P00641,O0107,Accountant,Membership,2026-08-13,2026-08-16,Active,SRC012,0.8,EV04701,2024-10-06 10:59:06,2024-11-14 03:27:03
MEM000944,P01680,O0372,Employee,Membership,2024-04-24,,Inactive,SRC015,0.98,EV04773,2024-12-10 00:40:38,2024-06-28 15:45:28
MEM000945,P01115,O0401,Driver,Ownership,2022-02-21,2023-08-19,Inactive,SRC014,0.92,EV01062,2024-05-29 15:20:18,2024-07-04 20:06:59
MEM000946,P03905,O0407,Driver,Contract,2026-01-01,,Inactive,SRC023,0.88,EV02765,2025-09-24 11:27:30,2024-02-25 17:13:41
MEM000947,P02761,O0202,Director,Employment,2026-03-29,2026-06-13,Active,SRC001,0.98,EV03130,2024-03-04 15:04:34,2024-04-22 01:09:54
MEM000948,P02322,O0168,Director,Association,2025-09-20,,Ended,SRC004,0.85,EV00808,2024-10-12 15:21:47,2024-01-31 19:19:58
MEM000949,P01385,O0436,Driver,Membership,2022-11-28,,Active,SRC015,0.88,EV01968,2025-04-10 19:38:42,2025-01-31 23:03:08
MEM000950,P00280,O0390,Manager,Contract,2021-10-18,,Ended,SRC027,0.8,EV04844,2026-07-03 16:52:58,2025-06-29 04:26:53
MEM000951,P01274,O0313,Partner,Association,2025-11-21,,Active,SRC018,0.98,EV00327,2024-12-08 02:37:09,2025-12-04 14:55:30
MEM000952,P02721,O0354,Director,Ownership,2026-01-13,,Ended,SRC013,0.85,EV02197,2024-06-15 15:50:17,2025-03-16 13:55:11
MEM000953,P01837,O0044,Director,Association,2022-04-30,,Inactive,SRC001,0.8,EV00866,2024-12-06 06:55:45,2025-09-29 05:18:01
MEM000954,P02493,O0314,Consultant,Association,2025-12-31,,Ended,SRC026,0.85,EV00319,2026-05-06 07:43:27,2026-03-22 16:50:33
MEM000955,P00829,O0426,Member,Ownership,2022-04-27,,Inactive,SRC017,0.92,EV01853,2024-10-06 10:38:46,2026-05-26 10:23:38
MEM000956,P03293,O0270,Driver,Contract,2025-08-05,,Inactive,SRC003,0.79,EV03006,2026-02-15 23:01:42,2025-10-05 07:18:17
MEM000957,P02511,O0047,Accountant,Association,2022-06-14,,Active,SRC004,0.83,EV04167,2024-04-19 19:56:50,2026-04-30 09:24:40
MEM000958,P00666,O0287,Employee,Contract,2025-06-18,,Inactive,SRC020,0.95,EV03252,2024-06-15 01:27:49,2026-06-26 03:55:24
MEM000959,P01303,O0461,Employee,Membership,2024-09-15,,Inactive,SRC018,0.98,EV04829,2026-02-14 18:33:58,2025-07-30 01:28:34
MEM000960,P02556,O0285,Director,Contract,2022-03-07,,Active,SRC016,0.96,EV00567,2025-03-10 09:39:11,2026-04-06 14:24:47
MEM000961,P01083,O0150,Accountant,Ownership,2026-06-28,,Inactive,SRC019,0.97,EV03327,2024-04-11 18:50:16,2025-08-03 04:43:09
MEM000962,P01232,O0383,Consultant,Ownership,2023-03-13,,Ended,SRC022,0.8,EV01422,2025-10-22 05:53:22,2025-04-23 17:09:20
MEM000963,P02839,O0464,Consultant,Employment,2023-08-14,2023-08-19,Inactive,SRC019,0.88,EV01532,2025-07-12 01:51:54,2026-03-05 02:01:14
MEM000964,P01629,O0091,Accountant,Ownership,2023-06-04,,Active,SRC002,0.93,EV01696,2026-03-10 17:25:54,2024-12-07 20:52:42
MEM000965,P02624,O0230,Driver,Ownership,2024-11-09,,Active,SRC011,0.89,EV02660,2026-05-15 08:39:51,2024-06-23 10:54:53
MEM000966,P01218,O0303,Partner,Membership,2025-06-12,,Active,SRC012,0.85,EV03157,2025-03-26 08:14:00,2026-02-02 01:18:39
MEM000967,P00257,O0107,Employee,Employment,2025-05-10,,Inactive,SRC019,0.96,EV01012,2026-03-27 15:18:28,2024-10-27 03:42:07
MEM000968,P01198,O0207,Consultant,Membership,2025-10-20,,Active,SRC019,0.86,EV01068,2024-04-29 09:49:59,2024-07-04 05:21:23
MEM000969,P01606,O0063,Driver,Contract,2022-03-21,2022-06-07,Inactive,SRC030,0.81,EV03227,2025-10-21 15:07:27,2024-01-07 07:01:57
MEM000970,P00012,O0194,Employee,Membership,2025-10-19,,Inactive,SRC007,0.94,EV03470,2025-01-22 01:41:41,2025-12-03 05:56:34
MEM000971,P02380,O0109,Driver,Employment,2021-11-12,,Active,SRC022,0.9,EV01574,2026-02-07 11:12:53,2024-12-18 15:07:58
MEM000972,P03230,O0412,Employee,Membership,2023-02-03,,Inactive,SRC019,0.83,EV04870,2024-08-05 02:41:54,2024-12-08 11:48:33
MEM000973,P00945,O0455,Accountant,Employment,2023-11-06,2024-01-11,Active,SRC002,0.91,EV00030,2024-01-05 05:19:08,2024-10-22 10:20:57
MEM000974,P01625,O0007,Director,Contract,2025-04-07,,Ended,SRC027,0.95,EV03338,2025-06-29 15:59:54,2025-06-24 02:28:47
MEM000975,P00584,O0164,Director,Employment,2021-12-29,,Active,SRC007,0.94,EV01344,2025-06-16 19:13:37,2026-08-11 04:48:35
MEM000976,P01131,O0397,Driver,Membership,2026-03-13,,Active,SRC001,0.87,EV02860,2026-04-25 19:45:13,2025-12-24 17:06:15
MEM000977,P01339,O0391,Director,Ownership,2025-04-28,,Active,SRC002,0.8,EV02895,2024-10-18 06:37:49,2025-06-29 11:48:32
MEM000978,P01467,O0262,Consultant,Employment,2023-08-12,,Ended,SRC030,0.82,EV02347,2026-01-14 09:17:31,2025-09-24 10:22:56
MEM000979,P02884,O0138,Manager,Association,2023-03-14,,Ended,SRC012,0.88,EV00330,2025-05-03 17:05:12,2025-03-30 02:44:25
MEM000980,P00438,O0156,Member,Association,2023-06-18,,Inactive,SRC003,0.8,EV03113,2025-05-24 21:10:49,2026-06-02 17:45:31
MEM000981,P00941,O0177,Member,Association,2024-01-16,2024-12-28,Active,SRC029,0.89,EV04589,2026-06-11 14:03:28,2025-05-12 08:29:36
MEM000982,P01108,O0263,Driver,Contract,2024-09-03,2025-10-28,Active,SRC005,0.8,EV01100,2026-03-15 16:12:51,2025-01-01 15:48:28
MEM000983,P00016,O0260,Employee,Contract,2023-10-08,2025-08-05,Inactive,SRC011,0.94,EV00513,2024-01-10 20:23:43,2024-02-03 11:50:19
MEM000984,P01273,O0197,Consultant,Contract,2024-12-02,2025-04-27,Active,SRC015,0.8,EV01358,2026-02-22 10:18:33,2025-08-13 13:37:12
MEM000985,P01557,O0324,Director,Association,2024-07-15,2025-06-02,Inactive,SRC021,0.88,EV00932,2026-04-29 12:26:28,2024-08-19 02:25:10
MEM000986,P01954,O0195,Manager,Employment,2025-01-01,,Ended,SRC024,0.94,EV00989,2025-08-15 20:56:15,2024-05-31 21:54:18
MEM000987,P03310,O0389,Driver,Employment,2024-05-13,,Inactive,SRC002,0.85,EV03069,2025-11-08 17:29:14,2026-04-29 04:49:48
MEM000988,P00319,O0471,Accountant,Contract,2025-03-26,2025-10-07,Ended,SRC009,0.97,EV00308,2026-02-17 05:26:28,2025-03-05 05:11:00
MEM000989,P01834,O0028,Director,Association,2026-07-12,,Ended,SRC019,0.84,EV04707,2024-03-09 03:04:48,2026-01-08 00:07:53
MEM000990,P03836,O0239,Partner,Employment,2026-08-07,,Active,SRC015,0.84,EV01270,2026-01-29 19:08:52,2025-09-07 19:55:21
MEM000991,P02524,O0196,Accountant,Association,2024-05-03,2025-11-19,Ended,SRC027,0.92,EV02733,2024-01-13 21:39:39,2024-07-06 09:30:40
MEM000992,P03221,O0178,Partner,Membership,2023-05-03,,Ended,SRC014,0.92,EV00139,2024-10-04 08:56:54,2026-05-27 11:29:14
MEM000993,P00441,O0016,Member,Ownership,2024-01-26,,Inactive,SRC007,0.84,EV03165,2025-04-24 22:15:34,2024-02-26 00:54:14
MEM000994,P03903,O0251,Partner,Employment,2024-01-23,,Ended,SRC018,0.79,EV00438,2024-07-05 15:31:48,2025-04-12 12:14:17
MEM000995,P01318,O0158,Partner,Contract,2025-08-09,2026-08-25,Inactive,SRC006,0.93,EV03533,2024-09-08 19:33:51,2025-02-07 04:53:34
MEM000996,P00569,O0434,Manager,Membership,2026-04-04,,Active,SRC016,0.86,EV04390,2024-05-07 07:36:06,2024-07-01 11:10:30
MEM000997,P01202,O0250,Employee,Association,2024-10-02,,Active,SRC021,0.86,EV03761,2025-02-19 00:58:29,2025-05-18 12:30:24
MEM000998,P03377,O0338,Consultant,Employment,2022-04-25,,Ended,SRC005,0.88,EV04915,2024-06-01 04:37:56,2026-01-14 17:23:11
MEM000999,P01424,O0160,Consultant,Ownership,2023-01-24,,Ended,SRC025,0.81,EV01293,2024-05-15 22:48:00,2025-02-07 12:09:05
MEM001000,P03808,O0338,Employee,Association,2023-05-25,2025-05-15,Ended,SRC003,0.85,EV04207,2025-04-18 00:33:50,2025-07-03 06:32:39
MEM001001,P02885,O0384,Employee,Ownership,2023-11-27,,Inactive,SRC022,0.9,EV02779,2025-10-16 21:39:10,2025-08-04 05:59:17
MEM001002,P01051,O0206,Consultant,Ownership,2022-10-23,2024-04-21,Active,SRC005,0.78,EV04304,2025-07-03 15:29:59,2026-08-28 05:24:39
MEM001003,P03849,O0065,Employee,Association,2026-03-10,,Active,SRC007,0.88,EV01662,2024-03-25 02:41:33,2024-06-15 10:40:28
MEM001004,P02886,O0203,Driver,Ownership,2022-07-09,2025-08-28,Inactive,SRC016,0.99,EV00121,2025-05-11 06:01:09,2026-02-09 08:03:38
MEM001005,P00420,O0340,Accountant,Membership,2024-04-22,2025-08-01,Active,SRC013,0.78,EV04190,2024-11-13 13:23:00,2025-10-08 13:46:54
MEM001006,P03795,O0192,Director,Employment,2026-02-04,,Active,SRC014,0.82,EV04762,2025-10-17 08:47:03,2025-07-29 10:34:21
MEM001007,P02737,O0038,Member,Employment,2021-11-28,,Active,SRC029,0.84,EV00650,2026-05-21 23:01:31,2024-07-11 10:02:12
MEM001008,P02222,O0167,Director,Ownership,2024-10-08,,Active,SRC002,0.99,EV02994,2025-03-01 18:49:52,2024-06-16 15:36:02
MEM001009,P03635,O0412,Driver,Membership,2025-12-23,,Inactive,SRC021,0.79,EV03456,2024-12-13 06:40:00,2024-04-04 14:37:38
MEM001010,P02920,O0051,Partner,Ownership,2026-01-30,,Inactive,SRC021,0.8,EV03107,2026-03-17 09:07:21,2026-07-17 05:26:10
MEM001011,P00298,O0252,Driver,Membership,2022-08-08,,Inactive,SRC009,0.92,EV04086,2024-02-20 04:18:46,2024-07-25 12:52:01
MEM001012,P03696,O0136,Partner,Ownership,2025-12-09,,Active,SRC024,0.79,EV01656,2024-04-24 15:05:41,2025-07-14 17:04:53
MEM001013,P03965,O0401,Consultant,Association,2026-08-14,,Inactive,SRC008,0.87,EV01985,2025-01-29 02:37:27,2025-04-13 22:07:37
MEM001014,P00640,O0300,Director,Membership,2025-11-06,,Active,SRC002,0.83,EV00040,2025-04-11 14:47:16,2024-05-10 19:08:06
MEM001015,P00510,O0153,Driver,Contract,2025-04-04,,Ended,SRC006,0.84,EV03996,2025-02-19 17:10:04,2024-01-16 22:36:03
MEM001016,P01926,O0099,Director,Association,2026-02-05,,Ended,SRC017,0.97,EV00036,2024-03-05 09:35:25,2025-08-11 11:53:07
MEM001017,P00928,O0060,Driver,Contract,2023-09-25,,Inactive,SRC020,0.97,EV04920,2024-09-16 23:59:42,2026-02-27 04:21:31
MEM001018,P01803,O0463,Member,Association,2025-03-27,2025-11-17,Active,SRC012,0.9,EV03911,2025-03-08 03:30:19,2025-02-24 22:38:42
MEM001019,P02919,O0314,Driver,Contract,2024-08-22,2026-05-24,Ended,SRC011,0.78,EV01059,2026-05-10 21:40:28,2024-09-09 19:04:05
MEM001020,P01434,O0387,Driver,Contract,2026-05-23,,Active,SRC004,0.97,EV00620,2025-06-18 12:53:05,2024-12-10 22:28:45
MEM001021,P00654,O0205,Partner,Employment,2022-01-01,2026-05-10,Active,SRC027,0.96,EV00361,2025-05-19 01:06:34,2025-07-13 22:16:39
MEM001022,P03513,O0477,Employee,Association,2023-01-20,2024-07-27,Active,SRC011,0.93,EV03305,2024-12-14 20:28:14,2024-07-08 00:29:18
MEM001023,P02460,O0221,Consultant,Employment,2024-04-18,2026-01-09,Inactive,SRC001,0.97,EV04104,2025-02-02 11:46:07,2025-05-20 19:34:35
MEM001024,P01022,O0123,Manager,Ownership,2025-07-29,,Active,SRC001,0.89,EV04223,2025-11-27 02:41:07,2026-02-14 23:24:42
MEM001025,P01976,O0370,Accountant,Contract,2025-06-14,,Ended,SRC011,0.87,EV04293,2025-12-16 10:25:55,2024-08-24 20:30:47
MEM001026,P02552,O0275,Manager,Contract,2022-03-28,,Ended,SRC014,0.9,EV01336,2025-11-13 14:24:36,2024-01-26 21:19:03
MEM001027,P03417,O0222,Partner,Employment,2026-07-18,,Ended,SRC005,0.97,EV03051,2026-03-18 19:24:03,2025-12-21 17:05:12
MEM001028,P03909,O0436,Director,Membership,2022-10-12,,Ended,SRC018,0.95,EV02409,2025-05-20 09:30:52,2024-12-08 12:36:03
MEM001029,P03763,O0316,Director,Ownership,2026-07-03,,Inactive,SRC025,0.93,EV02902,2025-05-08 13:30:37,2025-09-12 08:50:03
MEM001030,P00123,O0483,Manager,Membership,2023-10-02,,Ended,SRC004,0.94,EV04153,2024-05-09 06:06:11,2024-01-01 11:16:48
MEM001031,P02438,O0300,Driver,Ownership,2024-05-12,,Inactive,SRC001,0.82,EV03491,2024-09-21 08:20:03,2026-08-22 06:17:59
MEM001032,P00783,O0475,Member,Association,2022-10-04,,Inactive,SRC015,0.85,EV01839,2024-04-21 23:13:45,2026-07-23 02:26:45
MEM001033,P02095,O0163,Partner,Employment,2024-01-14,,Ended,SRC027,0.9,EV00664,2026-05-26 11:06:31,2025-06-23 14:07:24
MEM001034,P02477,O0306,Consultant,Association,2022-10-31,,Ended,SRC029,0.82,EV04658,2024-12-06 16:24:09,2026-01-28 02:34:48
MEM001035,P01812,O0074,Director,Membership,2022-05-03,,Active,SRC018,0.94,EV00732,2025-03-30 11:36:50,2024-02-13 10:39:46
MEM001036,P02698,O0283,Driver,Ownership,2026-07-28,,Inactive,SRC030,0.87,EV02484,2025-05-26 12:27:02,2025-09-25 18:32:55
MEM001037,P02207,O0437,Member,Association,2022-12-16,,Active,SRC009,0.93,EV03945,2024-08-28 05:27:55,2025-06-30 17:03:18
MEM001038,P01580,O0391,Accountant,Membership,2022-04-01,,Active,SRC014,0.9,EV04408,2025-01-31 12:39:08,2025-08-11 18:11:42
MEM001039,P03813,O0365,Consultant,Employment,2022-12-23,,Inactive,SRC028,0.78,EV00557,2025-05-16 13:29:43,2024-08-01 08:42:25
MEM001040,P01143,O0180,Manager,Ownership,2024-03-19,,Ended,SRC017,0.93,EV03841,2024-07-14 17:42:31,2026-03-31 17:33:50
MEM001041,P00095,O0470,Partner,Association,2025-09-19,,Inactive,SRC024,0.97,EV02057,2026-08-08 09:22:47,2026-05-12 15:11:47
MEM001042,P01306,O0316,Driver,Association,2023-09-28,,Inactive,SRC015,0.91,EV04073,2026-07-20 23:05:12,2026-03-30 01:23:20
MEM001043,P03883,O0084,Consultant,Association,2024-09-14,,Inactive,SRC005,0.85,EV00432,2024-03-29 05:57:53,2025-11-28 22:19:39
MEM001044,P02594,O0287,Accountant,Association,2023-08-31,2024-02-13,Ended,SRC022,0.87,EV03698,2025-10-19 11:34:01,2025-11-06 02:29:28
MEM001045,P01824,O0286,Consultant,Contract,2024-10-03,,Active,SRC013,0.96,EV04051,2025-11-17 16:10:24,2026-03-03 18:23:07
MEM001046,P01409,O0296,Accountant,Membership,2024-12-16,,Ended,SRC020,0.98,EV01352,2026-01-18 03:27:18,2024-05-24 17:08:30
MEM001047,P01039,O0171,Consultant,Association,2025-02-01,2026-07-08,Ended,SRC004,0.92,EV02820,2025-09-19 08:09:35,2024-10-12 17:42:32
MEM001048,P03330,O0474,Consultant,Employment,2025-09-24,,Active,SRC030,0.98,EV01788,2024-03-28 00:11:35,2025-06-19 09:46:48
MEM001049,P01895,O0252,Member,Membership,2024-05-12,,Active,SRC014,0.94,EV02200,2024-08-11 08:07:29,2026-03-25 11:09:02
MEM001050,P02781,O0455,Driver,Association,2026-08-12,,Inactive,SRC025,0.86,EV01725,2024-08-08 19:13:42,2025-06-01 13:02:46
MEM001051,P03638,O0288,Partner,Membership,2023-07-29,,Ended,SRC012,0.99,EV01814,2026-01-18 14:34:23,2026-03-11 08:24:10
MEM001052,P02904,O0355,Member,Association,2025-05-14,,Active,SRC021,0.81,EV03567,2026-01-21 07:17:17,2024-11-14 12:57:07
MEM001053,P00897,O0143,Member,Ownership,2023-03-20,,Inactive,SRC002,0.88,EV02496,2024-05-01 06:48:39,2024-08-26 06:35:47
MEM001054,P01834,O0018,Consultant,Membership,2022-09-14,,Ended,SRC027,0.83,EV02484,2026-06-27 17:23:43,2024-11-08 13:27:19
MEM001055,P02585,O0428,Manager,Membership,2023-09-23,,Ended,SRC020,0.89,EV04025,2026-05-17 13:49:43,2024-03-31 15:57:51
MEM001056,P01575,O0206,Consultant,Ownership,2026-08-17,,Inactive,SRC010,0.97,EV00006,2024-11-02 03:54:24,2026-04-18 03:34:26
MEM001057,P01739,O0214,Director,Ownership,2024-03-11,,Ended,SRC013,0.85,EV04214,2025-04-17 19:34:18,2024-01-01 12:33:55
MEM001058,P02974,O0494,Employee,Employment,2023-12-17,,Inactive,SRC001,0.8,EV02697,2024-08-26 00:53:53,2025-11-30 08:18:23
MEM001059,P01641,O0318,Driver,Membership,2023-12-16,,Active,SRC028,0.91,EV01785,2024-07-08 14:38:15,2025-07-21 05:04:56
MEM001060,P00612,O0178,Partner,Employment,2024-07-14,,Active,SRC018,0.8,EV00672,2025-08-19 21:25:02,2025-05-29 00:49:13
MEM001061,P02280,O0308,Director,Employment,2022-06-06,2024-01-15,Inactive,SRC003,0.87,EV04163,2025-10-10 01:48:16,2025-08-01 15:10:06
MEM001062,P03488,O0464,Director,Employment,2024-11-26,,Active,SRC024,0.92,EV02655,2025-08-15 09:21:15,2024-06-10 00:25:33
MEM001063,P01086,O0472,Employee,Association,2025-12-23,2026-05-01,Inactive,SRC010,0.78,EV03864,2025-09-20 06:28:16,2026-06-25 00:39:04
MEM001064,P02750,O0059,Driver,Membership,2023-10-16,,Ended,SRC009,0.9,EV00193,2026-07-15 04:20:45,2024-04-16 19:19:06
MEM001065,P02466,O0420,Partner,Contract,2023-12-20,,Ended,SRC002,0.85,EV01307,2025-01-08 00:11:37,2025-10-28 09:31:58
MEM001066,P03293,O0229,Consultant,Contract,2023-01-11,,Inactive,SRC010,0.8,EV00870,2026-03-13 03:45:40,2025-12-21 17:08:59
MEM001067,P01177,O0204,Driver,Ownership,2023-09-07,,Active,SRC023,0.81,EV04483,2026-01-10 07:47:54,2024-02-09 23:38:56
MEM001068,P03652,O0024,Partner,Ownership,2025-07-17,,Ended,SRC029,0.97,EV03939,2024-12-29 00:08:00,2026-07-29 16:35:25
MEM001069,P01223,O0430,Member,Contract,2024-10-12,,Ended,SRC010,0.86,EV04168,2024-01-11 01:38:14,2026-08-28 09:12:17
MEM001070,P01239,O0149,Director,Ownership,2026-08-13,,Inactive,SRC002,0.97,EV03369,2024-10-24 23:30:21,2024-05-11 13:34:15
MEM001071,P01792,O0079,Employee,Employment,2025-07-31,,Active,SRC016,0.91,EV04795,2025-10-24 00:52:20,2026-07-07 08:29:42
MEM001072,P03922,O0024,Driver,Employment,2025-11-28,,Inactive,SRC025,0.94,EV02800,2025-09-03 14:44:02,2024-12-29 07:06:06
MEM001073,P02901,O0135,Employee,Contract,2024-10-05,,Inactive,SRC012,0.97,EV01564,2026-01-17 09:56:44,2024-08-08 08:18:37
MEM001074,P03333,O0059,Driver,Contract,2024-07-22,2025-11-15,Ended,SRC013,0.87,EV02002,2025-01-30 12:11:25,2025-05-26 00:26:54
MEM001075,P01813,O0433,Driver,Membership,2023-06-15,,Inactive,SRC006,0.84,EV04107,2025-05-09 19:43:04,2024-07-28 05:29:04
MEM001076,P02361,O0453,Partner,Employment,2025-09-21,,Ended,SRC006,0.97,EV03593,2026-02-16 09:06:34,2024-10-31 02:24:12
MEM001077,P00725,O0472,Accountant,Contract,2022-09-26,2025-03-28,Active,SRC013,0.85,EV00116,2026-07-19 04:14:59,2025-11-02 02:50:50
MEM001078,P03890,O0329,Employee,Employment,2022-07-06,2023-12-10,Ended,SRC010,0.94,EV01467,2024-12-19 02:22:39,2025-09-30 21:26:39
MEM001079,P02749,O0156,Driver,Ownership,2026-08-28,,Ended,SRC013,0.8,EV00323,2025-06-03 20:33:21,2026-04-04 03:54:29
MEM001080,P02077,O0194,Employee,Association,2024-09-27,,Ended,SRC026,0.92,EV04611,2024-09-09 21:30:06,2024-07-13 18:16:41
MEM001081,P03128,O0377,Driver,Employment,2022-06-21,,Ended,SRC026,0.78,EV01246,2025-11-06 03:09:54,2026-03-19 13:10:51
MEM001082,P00447,O0315,Member,Association,2025-01-31,,Inactive,SRC015,0.94,EV04487,2024-10-11 02:00:03,2024-06-30 23:37:18
MEM001083,P00469,O0325,Accountant,Ownership,2023-01-15,2023-02-10,Inactive,SRC007,0.99,EV01000,2026-08-13 04:19:28,2026-07-08 10:29:22
MEM001084,P01822,O0155,Accountant,Membership,2025-12-16,,Ended,SRC020,0.84,EV02350,2025-01-05 21:16:12,2025-06-20 22:45:20
MEM001085,P00176,O0304,Driver,Contract,2021-09-18,2022-10-21,Ended,SRC004,0.95,EV00148,2025-04-11 22:05:21,2024-10-18 00:38:04
MEM001086,P01067,O0030,Member,Ownership,2023-06-05,,Ended,SRC027,0.88,EV03345,2024-10-15 05:20:03,2024-06-16 00:40:58
MEM001087,P00454,O0309,Member,Ownership,2023-10-17,,Active,SRC024,0.8,EV01815,2025-06-01 00:44:18,2025-02-16 13:08:50
MEM001088,P01541,O0397,Driver,Membership,2022-01-14,,Active,SRC030,0.81,EV02299,2024-07-15 04:12:56,2025-05-16 23:50:56
MEM001089,P03284,O0080,Driver,Association,2021-10-30,,Ended,SRC002,0.81,EV01728,2026-03-28 09:37:41,2024-07-05 12:39:30
MEM001090,P00390,O0227,Partner,Ownership,2024-09-19,,Ended,SRC028,0.8,EV02068,2025-12-30 02:56:47,2025-01-08 17:20:14
MEM001091,P02810,O0101,Accountant,Employment,2024-05-29,2026-02-11,Inactive,SRC014,0.86,EV00727,2024-02-12 14:09:37,2024-10-03 23:24:22
MEM001092,P01742,O0033,Employee,Association,2021-11-25,,Inactive,SRC025,0.87,EV01972,2026-03-15 18:02:59,2024-03-04 00:19:49
MEM001093,P02478,O0271,Accountant,Employment,2026-01-09,2026-05-27,Inactive,SRC017,0.91,EV03776,2026-03-25 05:41:46,2024-05-05 04:51:08
MEM001094,P01426,O0191,Consultant,Ownership,2023-08-25,,Active,SRC008,0.97,EV03350,2024-09-24 23:06:11,2024-11-08 21:02:44
MEM001095,P00083,O0396,Manager,Contract,2025-05-09,,Active,SRC019,0.97,EV00866,2024-06-12 17:47:45,2026-05-18 02:07:48
MEM001096,P01837,O0274,Partner,Contract,2025-05-24,,Active,SRC015,0.94,EV01029,2025-08-16 00:57:32,2025-10-17 11:03:02
MEM001097,P02598,O0326,Partner,Ownership,2021-09-23,,Ended,SRC013,0.92,EV04513,2025-02-24 20:19:03,2025-09-07 07:46:11
MEM001098,P01446,O0365,Consultant,Contract,2023-09-23,,Ended,SRC027,0.96,EV00936,2025-05-19 10:58:04,2025-04-13 10:30:08
MEM001099,P00573,O0132,Manager,Ownership,2026-05-19,,Inactive,SRC010,0.8,EV04677,2024-03-03 00:13:39,2024-02-10 14:42:07
MEM001100,P00716,O0249,Employee,Contract,2025-09-27,,Active,SRC020,0.78,EV00025,2025-12-09 17:47:46,2024-04-15 02:25:01
MEM001101,P03473,O0274,Director,Contract,2022-03-17,,Ended,SRC003,0.93,EV03528,2026-08-24 03:38:00,2024-12-26 01:52:05
MEM001102,P01606,O0246,Accountant,Association,2024-05-11,,Active,SRC019,0.98,EV02065,2026-08-22 19:49:55,2025-01-07 08:47:14
MEM001103,P03494,O0013,Director,Ownership,2024-08-27,,Ended,SRC018,0.85,EV04580,2025-06-04 11:50:48,2026-08-12 10:40:10
MEM001104,P02207,O0014,Employee,Association,2023-08-11,,Ended,SRC017,0.85,EV00368,2026-01-25 20:14:47,2025-01-16 11:06:08
MEM001105,P00097,O0085,Accountant,Membership,2024-04-03,,Inactive,SRC019,0.94,EV01685,2024-06-06 12:52:19,2026-04-30 18:03:21
MEM001106,P01853,O0451,Employee,Ownership,2025-08-13,,Inactive,SRC009,0.82,EV01635,2024-07-17 19:20:21,2024-05-29 23:56:09
MEM001107,P01330,O0200,Partner,Ownership,2025-01-09,2026-07-17,Ended,SRC029,0.8,EV04448,2024-04-29 10:40:43,2024-06-17 10:49:56
MEM001108,P01319,O0382,Accountant,Employment,2024-11-28,,Ended,SRC006,0.81,EV01179,2024-11-30 04:59:11,2025-10-11 15:35:46
MEM001109,P02813,O0147,Director,Membership,2022-02-21,,Ended,SRC018,0.96,EV01569,2024-04-01 09:22:50,2024-08-10 03:57:52
MEM001110,P02151,O0437,Accountant,Membership,2025-05-06,2025-07-03,Ended,SRC006,0.88,EV04648,2025-04-10 03:07:27,2024-02-29 02:28:16
MEM001111,P02122,O0240,Employee,Membership,2026-07-14,2026-07-14,Ended,SRC015,0.98,EV03892,2026-01-08 21:23:44,2024-03-25 03:48:35
MEM001112,P03293,O0269,Member,Ownership,2026-02-06,,Inactive,SRC027,0.81,EV00528,2025-12-31 11:03:13,2025-03-02 19:57:41
MEM001113,P00683,O0116,Director,Membership,2024-05-11,,Ended,SRC021,0.98,EV02149,2024-10-13 10:28:39,2025-04-19 20:00:49
MEM001114,P01929,O0225,Director,Membership,2026-05-01,2026-08-16,Active,SRC009,0.87,EV03940,2024-12-24 03:03:04,2024-02-01 07:19:07
MEM001115,P01877,O0089,Manager,Ownership,2022-06-25,,Active,SRC020,0.8,EV02104,2024-06-12 04:45:59,2026-08-25 12:53:30
MEM001116,P00698,O0496,Member,Employment,2023-08-20,,Ended,SRC005,0.94,EV01947,2025-04-09 11:43:33,2025-03-16 06:56:36
MEM001117,P01728,O0126,Manager,Membership,2023-10-09,,Inactive,SRC015,0.94,EV01105,2025-07-21 10:09:05,2025-12-27 09:34:12
MEM001118,P02663,O0437,Consultant,Membership,2024-05-26,,Inactive,SRC029,0.92,EV02544,2025-12-08 03:21:47,2024-12-08 07:06:10
MEM001119,P03261,O0233,Director,Membership,2026-07-22,,Ended,SRC027,0.96,EV00574,2026-05-29 05:44:48,2026-04-14 18:30:10
MEM001120,P01485,O0450,Member,Membership,2023-03-19,,Active,SRC017,0.99,EV00185,2025-12-24 23:29:55,2025-12-30 12:13:29
MEM001121,P03820,O0309,Member,Ownership,2025-09-04,2026-06-23,Active,SRC007,0.91,EV02793,2025-03-19 05:52:13,2026-07-15 16:06:39
MEM001122,P02368,O0424,Driver,Membership,2026-04-04,2026-08-11,Ended,SRC019,0.8,EV01058,2026-08-10 02:20:14,2025-09-18 08:26:47
MEM001123,P00946,O0095,Manager,Employment,2022-05-05,,Ended,SRC014,0.82,EV04302,2025-12-31 12:32:34,2025-08-07 23:40:14
MEM001124,P03128,O0047,Partner,Contract,2024-12-11,2025-02-02,Ended,SRC021,0.97,EV03631,2024-01-27 00:36:25,2024-12-17 07:11:01
MEM001125,P00272,O0217,Employee,Association,2022-08-01,,Inactive,SRC025,0.86,EV00543,2024-09-14 11:11:55,2024-11-05 21:56:20
MEM001126,P01432,O0478,Driver,Employment,2025-04-06,,Inactive,SRC029,0.94,EV00010,2025-05-04 07:19:59,2025-01-30 12:14:44
MEM001127,P00786,O0228,Member,Membership,2022-12-07,,Active,SRC019,0.85,EV03013,2025-02-25 00:35:50,2026-07-28 04:03:09
MEM001128,P02250,O0183,Driver,Contract,2021-12-29,2026-07-08,Ended,SRC028,0.94,EV03341,2025-07-02 06:22:55,2025-04-22 02:44:06
MEM001129,P03301,O0431,Employee,Membership,2023-04-24,,Ended,SRC012,0.89,EV01161,2024-01-29 10:44:00,2026-06-02 02:20:20
MEM001130,P01855,O0413,Accountant,Ownership,2026-01-28,,Ended,SRC021,0.98,EV00252,2025-05-20 03:20:13,2025-09-25 17:14:16
MEM001131,P02583,O0005,Manager,Ownership,2025-05-17,,Ended,SRC025,0.85,EV02220,2025-05-26 00:17:06,2026-04-14 06:51:05
MEM001132,P02310,O0021,Accountant,Ownership,2026-06-08,2026-07-02,Inactive,SRC025,0.99,EV03161,2024-09-29 07:56:10,2025-09-08 17:01:12
MEM001133,P02524,O0144,Accountant,Ownership,2022-09-28,2023-02-06,Active,SRC025,0.98,EV01815,2025-02-11 14:49:13,2024-03-24 21:55:46
MEM001134,P02956,O0389,Employee,Membership,2022-09-15,,Ended,SRC017,0.93,EV02783,2026-05-24 19:40:11,2024-11-16 16:09:28
MEM001135,P03864,O0169,Consultant,Employment,2024-06-12,,Active,SRC009,0.88,EV02909,2024-06-09 06:51:12,2024-09-11 16:38:41
MEM001136,P02648,O0475,Member,Membership,2025-01-23,,Inactive,SRC030,0.93,EV00142,2025-12-26 01:25:23,2026-08-09 20:58:45
MEM001137,P00598,O0310,Accountant,Contract,2023-01-28,,Inactive,SRC008,0.98,EV03857,2024-11-30 21:55:16,2025-06-02 01:48:05
MEM001138,P01255,O0364,Member,Contract,2022-02-21,,Ended,SRC014,0.79,EV00556,2024-02-29 23:10:48,2024-09-19 15:00:17
MEM001139,P01884,O0482,Consultant,Membership,2022-04-01,2022-04-25,Ended,SRC009,0.83,EV04938,2024-06-22 22:45:59,2024-02-09 05:53:14
MEM001140,P01928,O0094,Manager,Employment,2023-04-10,,Ended,SRC016,0.87,EV02358,2025-10-07 03:52:55,2025-08-14 04:01:16
MEM001141,P00910,O0492,Driver,Ownership,2023-12-13,2026-07-29,Inactive,SRC024,0.87,EV00493,2024-03-05 07:17:33,2025-03-03 16:42:15
MEM001142,P02912,O0086,Member,Association,2023-01-22,,Active,SRC025,0.89,EV02430,2026-06-09 12:55:32,2025-05-25 06:03:04
MEM001143,P02618,O0080,Consultant,Contract,2023-01-27,,Active,SRC001,0.94,EV02205,2025-11-01 08:31:52,2024-11-12 11:03:49
MEM001144,P01125,O0113,Partner,Employment,2025-01-27,,Ended,SRC024,0.96,EV01534,2025-08-13 04:05:03,2024-01-16 22:06:44
MEM001145,P00685,O0358,Employee,Association,2022-11-26,,Ended,SRC007,0.82,EV03448,2026-01-03 18:05:54,2024-12-31 12:58:13
MEM001146,P03478,O0140,Manager,Ownership,2025-06-29,,Ended,SRC024,0.79,EV03775,2025-08-11 05:32:46,2024-06-11 12:00:29
MEM001147,P02432,O0330,Consultant,Membership,2023-08-30,2025-12-25,Inactive,SRC026,0.89,EV00808,2024-06-30 08:24:11,2025-10-21 00:55:30
MEM001148,P00569,O0161,Member,Employment,2022-06-05,,Active,SRC006,0.92,EV01666,2026-07-12 12:08:06,2026-04-01 04:47:22
MEM001149,P03833,O0354,Consultant,Contract,2023-06-13,,Active,SRC003,0.91,EV03154,2026-05-21 04:17:06,2025-09-23 18:25:23
MEM001150,P00551,O0155,Partner,Employment,2022-03-19,2022-06-13,Inactive,SRC001,0.9,EV02053,2025-11-25 11:34:54,2025-01-24 23:26:34
MEM001151,P02291,O0230,Director,Ownership,2023-04-11,2026-06-24,Inactive,SRC022,0.93,EV03254,2024-11-17 00:07:53,2025-08-15 20:11:22
MEM001152,P00712,O0179,Member,Contract,2021-11-28,,Active,SRC024,0.93,EV00633,2024-01-08 23:26:23,2024-02-26 01:23:06
MEM001153,P01755,O0111,Employee,Contract,2024-10-19,,Active,SRC025,0.84,EV02557,2024-01-08 14:21:39,2024-04-13 20:05:01
MEM001154,P02260,O0446,Manager,Association,2025-12-17,,Inactive,SRC014,0.79,EV02329,2025-04-01 18:14:49,2025-09-02 10:53:24
MEM001155,P02114,O0417,Consultant,Employment,2025-12-11,,Active,SRC006,0.87,EV01993,2025-10-18 06:29:08,2025-02-04 07:39:33
MEM001156,P02872,O0361,Consultant,Membership,2026-05-20,,Inactive,SRC012,0.89,EV00802,2025-05-04 12:55:39,2026-03-16 20:56:04
MEM001157,P03322,O0289,Accountant,Membership,2026-08-26,2026-09-01,Inactive,SRC020,0.94,EV01591,2024-09-29 06:18:09,2026-06-09 10:37:52
MEM001158,P02397,O0163,Employee,Employment,2024-07-11,2024-09-02,Inactive,SRC010,0.93,EV00221,2025-02-05 01:39:31,2026-01-10 08:22:40
MEM001159,P01857,O0465,Accountant,Membership,2022-05-24,,Inactive,SRC003,0.94,EV01545,2025-05-02 22:54:16,2025-11-30 00:39:02
MEM001160,P00844,O0051,Member,Contract,2022-06-30,,Ended,SRC013,0.8,EV00332,2026-03-09 01:54:32,2025-01-02 22:27:24
MEM001161,P02765,O0406,Member,Ownership,2023-10-13,,Active,SRC008,0.81,EV04648,2024-08-07 08:15:45,2026-08-10 18:10:33
MEM001162,P01540,O0237,Member,Association,2023-01-25,,Ended,SRC024,0.88,EV02202,2025-07-21 06:15:39,2025-04-15 16:17:34
MEM001163,P01030,O0406,Accountant,Association,2022-06-03,,Active,SRC006,0.91,EV02099,2025-08-30 19:44:04,2026-01-04 20:39:18
MEM001164,P00178,O0133,Member,Ownership,2023-06-01,2025-03-29,Inactive,SRC017,0.93,EV02450,2026-03-10 17:24:37,2025-08-02 11:34:11
MEM001165,P01750,O0204,Manager,Association,2022-04-06,,Inactive,SRC024,0.83,EV02357,2026-07-29 06:10:57,2025-07-05 15:29:04
MEM001166,P01263,O0251,Consultant,Employment,2024-07-23,2025-02-02,Active,SRC023,0.81,EV04889,2024-06-09 16:37:49,2024-02-28 08:29:16
MEM001167,P02269,O0015,Member,Ownership,2025-06-05,2026-02-10,Active,SRC014,0.84,EV03288,2025-03-21 08:13:09,2024-03-06 11:40:18
MEM001168,P03590,O0126,Accountant,Membership,2022-12-14,,Inactive,SRC028,0.91,EV01166,2025-11-22 18:19:34,2024-09-22 06:57:48
MEM001169,P02220,O0060,Director,Contract,2023-11-14,,Active,SRC003,0.96,EV04852,2025-11-18 12:19:54,2026-05-13 10:09:05
MEM001170,P00595,O0110,Member,Contract,2022-10-15,,Ended,SRC012,0.94,EV03118,2025-12-04 20:01:32,2025-12-19 04:39:05
MEM001171,P01846,O0402,Member,Membership,2024-07-07,,Ended,SRC009,0.87,EV02919,2025-06-27 02:29:33,2024-02-21 20:12:19
MEM001172,P02921,O0419,Consultant,Ownership,2026-01-21,2026-08-03,Active,SRC007,0.99,EV04781,2025-02-17 12:23:36,2025-05-13 17:39:48
MEM001173,P02619,O0386,Partner,Contract,2025-09-17,,Active,SRC021,0.93,EV01576,2025-04-16 23:11:38,2026-04-20 08:18:19
MEM001174,P02410,O0004,Partner,Membership,2022-02-25,,Ended,SRC004,0.96,EV02322,2026-02-04 05:36:25,2025-06-03 09:55:57
MEM001175,P02542,O0424,Driver,Contract,2021-12-02,,Ended,SRC025,0.88,EV01142,2024-01-09 17:04:34,2024-03-08 03:52:41
MEM001176,P00537,O0478,Employee,Contract,2021-12-24,,Ended,SRC018,0.82,EV04826,2025-04-04 18:25:49,2025-11-01 16:41:52
MEM001177,P02711,O0033,Accountant,Membership,2026-02-08,,Active,SRC029,0.84,EV03614,2024-11-16 10:04:26,2025-04-09 06:46:44
MEM001178,P02314,O0248,Manager,Association,2021-11-17,2023-02-03,Inactive,SRC023,0.85,EV02432,2026-03-31 06:15:58,2025-03-21 17:30:35
MEM001179,P00648,O0245,Consultant,Employment,2025-01-18,,Inactive,SRC010,0.99,EV04798,2026-02-25 04:39:30,2026-03-19 12:42:42
MEM001180,P02819,O0383,Director,Membership,2026-05-11,2026-08-01,Inactive,SRC017,0.98,EV01815,2024-09-12 20:52:20,2026-05-30 02:26:40
MEM001181,P01262,O0130,Director,Association,2025-02-04,2025-06-11,Ended,SRC025,0.92,EV01259,2025-07-12 13:55:46,2024-11-22 12:19:24
MEM001182,P01709,O0052,Driver,Ownership,2023-09-04,,Active,SRC020,0.86,EV00325,2026-03-23 22:34:15,2024-10-07 11:12:19
MEM001183,P02496,O0337,Consultant,Ownership,2025-05-21,2026-03-02,Inactive,SRC020,0.83,EV03865,2026-07-25 16:49:23,2025-10-27 09:05:16
MEM001184,P01635,O0134,Driver,Employment,2024-09-24,,Inactive,SRC010,0.99,EV01354,2024-04-01 23:46:24,2024-04-11 14:15:27
MEM001185,P02228,O0296,Member,Employment,2022-07-07,2023-11-30,Ended,SRC026,0.96,EV03961,2026-04-02 16:38:34,2024-06-28 10:51:32
MEM001186,P01898,O0294,Manager,Association,2025-10-20,2026-04-02,Inactive,SRC027,0.81,EV01926,2025-03-24 02:17:48,2024-01-05 05:49:02
MEM001187,P01052,O0212,Member,Employment,2025-08-26,,Active,SRC013,0.91,EV02879,2025-11-11 15:00:35,2025-04-03 22:23:23
MEM001188,P03092,O0007,Employee,Contract,2024-03-02,,Ended,SRC025,0.9,EV03377,2025-02-21 15:58:23,2025-07-27 03:48:57
MEM001189,P03801,O0444,Member,Contract,2024-02-17,,Active,SRC003,0.96,EV03289,2025-11-30 01:31:12,2024-09-02 00:42:22
MEM001190,P02441,O0226,Accountant,Contract,2024-06-29,,Ended,SRC009,0.83,EV00302,2025-09-01 16:25:02,2025-12-30 09:36:06
MEM001191,P02353,O0056,Accountant,Ownership,2026-04-07,,Active,SRC024,0.78,EV03736,2024-04-24 02:09:39,2024-03-10 15:02:07
MEM001192,P03942,O0127,Driver,Contract,2026-08-19,,Ended,SRC020,0.92,EV04519,2024-06-21 22:51:09,2024-08-15 06:40:47
MEM001193,P03514,O0498,Consultant,Membership,2025-09-02,,Active,SRC023,0.8,EV04783,2024-10-17 06:12:49,2025-07-12 07:07:05
MEM001194,P00970,O0054,Employee,Ownership,2023-06-03,,Inactive,SRC022,0.84,EV00772,2024-12-22 07:09:50,2024-01-21 16:17:24
MEM001195,P00284,O0323,Driver,Ownership,2023-07-13,,Inactive,SRC025,0.79,EV03504,2024-01-02 12:43:29,2026-03-18 21:18:25
MEM001196,P02358,O0441,Partner,Ownership,2026-03-22,,Inactive,SRC001,0.81,EV04289,2025-07-01 05:15:20,2026-04-04 18:26:05
MEM001197,P01654,O0231,Director,Ownership,2024-03-12,,Active,SRC011,0.88,EV01111,2026-02-08 16:34:23,2024-08-20 18:36:09
MEM001198,P00142,O0138,Employee,Membership,2025-05-05,,Ended,SRC018,0.82,EV01368,2026-07-20 13:10:08,2026-04-21 11:00:26
MEM001199,P03674,O0459,Director,Contract,2022-03-09,2025-02-20,Ended,SRC001,0.8,EV01798,2025-05-21 17:30:18,2025-01-31 07:20:32
MEM001200,P01591,O0416,Accountant,Employment,2025-07-02,,Ended,SRC009,0.83,EV00963,2026-01-23 17:38:12,2026-01-13 18:16:21
MEM001201,P02469,O0484,Employee,Membership,2023-06-02,,Inactive,SRC022,0.87,EV00529,2025-10-05 07:33:35,2025-01-26 08:46:23
MEM001202,P01553,O0500,Accountant,Contract,2021-09-12,,Ended,SRC016,0.89,EV04384,2025-04-01 05:56:52,2025-04-03 23:34:46
MEM001203,P01317,O0468,Director,Employment,2021-11-18,,Inactive,SRC026,0.85,EV01512,2025-01-09 08:45:45,2025-10-27 09:48:04
MEM001204,P03015,O0004,Driver,Contract,2021-10-02,,Inactive,SRC020,0.92,EV02903,2024-08-26 16:13:43,2025-12-14 05:27:57
MEM001205,P03981,O0298,Accountant,Employment,2024-12-02,,Active,SRC006,0.87,EV00107,2024-04-30 22:35:00,2025-02-15 08:26:01
MEM001206,P00437,O0417,Partner,Employment,2025-01-03,,Inactive,SRC028,0.98,EV00733,2024-08-02 11:18:53,2026-07-18 01:02:27
MEM001207,P00610,O0289,Manager,Association,2024-07-01,,Ended,SRC030,0.96,EV00897,2025-06-29 18:12:06,2026-04-17 18:41:48
MEM001208,P00810,O0482,Manager,Employment,2021-10-29,,Ended,SRC015,0.81,EV00217,2024-08-08 05:33:24,2024-02-11 05:45:57
MEM001209,P02901,O0288,Manager,Association,2022-05-22,,Active,SRC006,0.92,EV04595,2024-09-06 05:42:21,2025-02-23 11:43:58
MEM001210,P01026,O0088,Employee,Association,2025-08-15,,Ended,SRC016,0.82,EV00418,2024-10-07 06:39:16,2024-05-25 04:13:25
MEM001211,P00314,O0032,Director,Association,2025-05-21,,Inactive,SRC014,0.85,EV03184,2024-10-25 05:53:20,2026-02-25 08:34:22
MEM001212,P01960,O0314,Member,Employment,2023-06-15,,Inactive,SRC026,0.83,EV01470,2024-04-08 15:42:28,2025-11-13 13:44:10
MEM001213,P03443,O0133,Driver,Ownership,2026-02-14,,Ended,SRC021,0.98,EV00400,2024-08-16 05:02:28,2024-01-03 21:38:35
MEM001214,P03602,O0360,Driver,Membership,2022-02-16,2024-06-13,Inactive,SRC013,0.81,EV02587,2024-11-24 03:05:07,2025-04-26 13:11:46
MEM001215,P00276,O0091,Employee,Ownership,2025-09-20,,Ended,SRC009,0.94,EV01022,2025-10-22 04:28:56,2026-02-27 14:16:49
MEM001216,P03724,O0425,Consultant,Contract,2021-10-31,2025-04-29,Active,SRC019,0.78,EV02463,2026-01-25 02:52:48,2024-01-14 21:25:37
MEM001217,P02302,O0388,Consultant,Ownership,2023-05-30,2025-03-29,Ended,SRC002,0.84,EV04464,2025-07-24 20:21:19,2024-06-16 02:05:31
MEM001218,P02286,O0048,Accountant,Contract,2024-03-02,,Active,SRC028,0.85,EV01720,2024-08-06 04:52:01,2024-06-02 19:57:45
MEM001219,P00629,O0144,Director,Employment,2025-01-14,,Ended,SRC009,0.97,EV04134,2024-08-07 22:35:41,2025-04-24 13:09:18
MEM001220,P00071,O0440,Partner,Ownership,2022-01-18,2022-11-23,Inactive,SRC001,0.84,EV01979,2026-05-27 16:48:01,2025-08-25 00:25:50
MEM001221,P02910,O0294,Consultant,Employment,2023-04-02,2024-07-26,Inactive,SRC022,0.94,EV00078,2026-06-09 15:31:14,2025-03-30 21:55:40
MEM001222,P01305,O0333,Accountant,Contract,2024-07-03,,Active,SRC009,0.92,EV04008,2025-07-15 05:15:15,2025-05-20 00:57:23
MEM001223,P01193,O0375,Employee,Contract,2022-08-08,,Active,SRC010,0.84,EV04033,2025-07-18 17:00:56,2026-06-02 19:44:48
MEM001224,P01226,O0294,Manager,Employment,2026-04-26,2026-08-27,Inactive,SRC002,0.78,EV00408,2026-02-15 00:47:47,2024-04-08 05:59:35
MEM001225,P02722,O0052,Member,Employment,2023-05-12,,Active,SRC029,0.83,EV02156,2026-02-13 03:29:51,2026-02-20 16:42:08
MEM001226,P01554,O0450,Member,Ownership,2023-10-18,,Active,SRC022,0.9,EV03885,2026-05-10 10:04:51,2025-01-23 19:27:43
MEM001227,P02951,O0120,Driver,Employment,2023-05-25,,Ended,SRC006,0.79,EV00924,2026-07-28 02:06:51,2024-03-26 11:49:36
MEM001228,P03764,O0161,Accountant,Membership,2023-05-05,,Inactive,SRC016,0.9,EV03840,2025-11-14 11:19:19,2025-07-07 19:53:41
MEM001229,P02121,O0451,Consultant,Contract,2025-12-14,,Active,SRC015,0.98,EV02638,2025-03-10 12:28:08,2024-01-16 08:16:41
MEM001230,P00719,O0146,Director,Association,2021-09-26,2025-01-10,Active,SRC027,0.82,EV04561,2026-05-12 01:16:27,2024-09-12 01:45:56
MEM001231,P00420,O0161,Director,Contract,2024-02-04,2025-01-19,Ended,SRC003,0.91,EV02563,2025-01-01 02:20:01,2026-06-17 09:21:29
MEM001232,P00783,O0178,Employee,Association,2023-12-07,,Ended,SRC003,0.81,EV02179,2024-06-03 21:51:37,2026-05-23 22:59:15
MEM001233,P01808,O0381,Employee,Membership,2023-07-02,2024-04-21,Inactive,SRC021,0.9,EV04362,2026-05-04 11:49:08,2026-02-01 04:44:11
MEM001234,P02809,O0015,Member,Association,2023-06-28,,Ended,SRC015,0.85,EV00479,2024-11-14 14:14:40,2026-08-02 10:11:38
MEM001235,P02901,O0139,Accountant,Contract,2021-12-22,,Active,SRC003,0.84,EV00936,2025-09-03 23:15:44,2024-10-13 06:53:08
MEM001236,P00619,O0432,Consultant,Membership,2026-03-11,,Active,SRC007,0.88,EV02780,2024-09-27 04:14:26,2025-09-03 05:56:23
MEM001237,P01356,O0383,Manager,Employment,2023-01-30,,Active,SRC006,0.95,EV00714,2024-04-14 05:38:26,2024-08-19 22:31:18
MEM001238,P01509,O0402,Consultant,Association,2024-02-22,,Ended,SRC004,0.95,EV02976,2025-03-20 06:14:05,2025-10-02 22:22:57
MEM001239,P02646,O0210,Accountant,Employment,2026-07-04,,Ended,SRC018,0.85,EV01874,2024-08-30 20:14:33,2025-05-29 07:28:26
MEM001240,P01539,O0378,Employee,Membership,2022-12-08,,Active,SRC023,0.84,EV02708,2026-05-21 18:24:08,2025-08-14 21:05:34
MEM001241,P01621,O0389,Accountant,Membership,2021-11-13,,Inactive,SRC002,0.94,EV02917,2025-12-02 11:18:32,2024-03-11 09:59:51
MEM001242,P03219,O0225,Member,Association,2023-08-04,,Ended,SRC029,0.99,EV02432,2025-08-24 19:59:36,2026-04-05 12:52:43
MEM001243,P00087,O0278,Manager,Association,2023-10-20,,Ended,SRC007,0.97,EV00983,2024-11-16 01:00:00,2024-06-11 11:49:07
MEM001244,P03307,O0192,Manager,Ownership,2025-01-06,,Inactive,SRC005,0.89,EV01114,2025-01-28 07:04:35,2024-05-12 15:16:43
MEM001245,P03819,O0081,Consultant,Association,2023-04-23,,Inactive,SRC001,0.9,EV01207,2024-03-05 12:15:08,2025-07-28 03:31:33
MEM001246,P03460,O0190,Director,Contract,2024-05-29,2024-07-23,Ended,SRC009,0.84,EV04177,2025-06-26 17:06:52,2025-07-24 09:34:25
MEM001247,P02024,O0484,Consultant,Association,2025-03-20,,Ended,SRC020,0.89,EV02967,2026-07-29 12:05:55,2025-12-26 02:30:23
MEM001248,P02811,O0133,Manager,Contract,2026-08-14,,Ended,SRC023,0.96,EV00207,2024-02-18 13:14:23,2025-09-24 03:23:13
MEM001249,P02562,O0450,Employee,Employment,2023-07-27,,Ended,SRC020,0.95,EV01816,2024-01-23 07:30:42,2025-07-10 12:00:49
MEM001250,P03384,O0372,Consultant,Ownership,2022-01-11,,Active,SRC030,0.92,EV01651,2026-02-07 14:36:05,2024-08-13 08:08:51
MEM001251,P03824,O0480,Member,Membership,2025-01-08,,Ended,SRC025,0.78,EV02544,2026-03-17 11:44:44,2025-11-17 19:35:23
MEM001252,P00913,O0139,Employee,Membership,2022-05-09,,Ended,SRC010,0.81,EV03506,2024-06-18 15:16:48,2025-01-07 12:53:16
MEM001253,P00294,O0044,Driver,Employment,2023-12-17,,Inactive,SRC030,0.83,EV03868,2024-10-10 20:10:41,2024-03-17 13:01:52
MEM001254,P02363,O0051,Manager,Association,2024-03-03,,Ended,SRC028,0.9,EV04004,2025-02-09 07:01:33,2025-10-27 06:14:29
MEM001255,P03065,O0211,Partner,Membership,2022-05-04,,Active,SRC028,0.84,EV03567,2024-12-29 15:47:00,2024-10-12 21:05:08
MEM001256,P00360,O0023,Director,Ownership,2023-04-05,,Ended,SRC006,0.82,EV01631,2025-09-16 20:20:57,2024-02-25 04:21:46
MEM001257,P00575,O0104,Accountant,Contract,2025-08-29,,Ended,SRC007,0.78,EV03681,2026-04-29 22:25:52,2024-03-27 03:41:45
MEM001258,P00676,O0353,Director,Association,2022-07-17,,Ended,SRC013,0.87,EV01671,2025-09-09 21:40:23,2024-02-05 18:51:50
MEM001259,P02388,O0281,Consultant,Employment,2024-02-11,,Active,SRC006,0.81,EV03437,2025-08-12 11:48:36,2026-05-01 15:51:52
MEM001260,P02024,O0224,Employee,Association,2025-08-15,,Inactive,SRC012,0.92,EV01955,2024-01-19 20:57:04,2025-06-19 19:33:39
MEM001261,P03794,O0256,Partner,Association,2024-03-08,,Active,SRC011,0.88,EV04646,2024-02-02 01:13:39,2025-12-05 04:45:12
MEM001262,P01068,O0475,Manager,Association,2025-03-27,,Active,SRC020,0.9,EV02264,2025-10-01 02:31:32,2026-04-28 11:05:08
MEM001263,P02315,O0386,Partner,Association,2025-06-01,,Inactive,SRC005,0.85,EV04864,2024-03-24 20:00:16,2024-03-10 16:29:12
MEM001264,P02299,O0347,Manager,Employment,2022-03-02,2025-10-14,Active,SRC012,0.85,EV01752,2024-12-11 15:02:41,2026-04-13 05:59:43
MEM001265,P01722,O0356,Driver,Association,2024-09-15,,Inactive,SRC011,0.91,EV02466,2025-11-11 00:16:28,2024-07-24 13:48:22
MEM001266,P01013,O0363,Employee,Association,2022-10-04,,Ended,SRC014,0.95,EV03936,2025-08-04 04:48:38,2026-06-10 08:00:54
MEM001267,P01025,O0050,Manager,Contract,2023-02-27,,Active,SRC026,0.88,EV01361,2026-05-28 01:11:26,2026-07-14 13:41:26
MEM001268,P02605,O0094,Accountant,Association,2023-10-15,,Inactive,SRC022,0.91,EV01618,2024-08-05 18:35:11,2025-08-01 10:25:26
MEM001269,P00413,O0218,Consultant,Employment,2024-11-20,,Inactive,SRC012,0.99,EV02700,2026-07-28 10:35:51,2026-07-31 20:50:34
MEM001270,P02581,O0261,Consultant,Contract,2022-04-22,,Inactive,SRC009,0.96,EV04993,2025-07-28 22:23:55,2024-12-05 04:45:07
MEM001271,P00420,O0378,Driver,Membership,2026-03-19,,Active,SRC011,0.84,EV01814,2026-01-31 18:16:06,2026-08-18 16:04:56
MEM001272,P00113,O0361,Member,Membership,2023-07-19,,Inactive,SRC008,0.91,EV01292,2025-01-27 18:49:21,2025-12-27 09:08:40
MEM001273,P03033,O0394,Manager,Association,2022-04-01,,Active,SRC017,0.87,EV03913,2024-05-13 06:57:15,2025-04-11 18:31:13
MEM001274,P00261,O0128,Driver,Contract,2024-04-09,2026-04-06,Active,SRC001,0.89,EV01282,2025-08-31 05:48:41,2026-06-12 05:31:16
MEM001275,P01987,O0337,Consultant,Membership,2026-05-30,,Inactive,SRC007,0.8,EV00999,2024-12-01 08:52:59,2024-01-28 13:55:16
MEM001276,P02394,O0174,Member,Employment,2022-10-23,,Ended,SRC023,0.85,EV04693,2024-10-23 01:11:28,2024-09-26 10:39:51
MEM001277,P01822,O0447,Director,Ownership,2022-09-03,,Inactive,SRC020,0.92,EV03764,2024-01-03 01:27:33,2025-09-08 00:50:03
MEM001278,P01996,O0413,Director,Ownership,2025-02-15,2025-03-27,Ended,SRC015,0.93,EV01720,2024-08-31 16:54:37,2024-03-24 23:03:45
MEM001279,P01703,O0408,Accountant,Membership,2025-05-10,,Ended,SRC016,0.97,EV01762,2025-11-22 19:20:00,2026-01-22 14:53:00
MEM001280,P03703,O0365,Director,Employment,2025-04-08,,Active,SRC002,0.81,EV04719,2024-11-10 08:03:07,2025-11-09 06:29:52
MEM001281,P02894,O0160,Driver,Membership,2023-10-03,2024-10-13,Inactive,SRC030,0.93,EV01528,2024-05-10 23:21:10,2025-08-31 10:14:30
MEM001282,P01084,O0300,Consultant,Association,2024-05-15,2024-09-06,Inactive,SRC008,0.93,EV03822,2025-04-18 22:53:08,2024-02-29 11:36:17
MEM001283,P01584,O0296,Director,Contract,2025-10-22,,Active,SRC002,0.94,EV00235,2024-01-02 15:29:35,2026-03-30 07:08:32
MEM001284,P02573,O0309,Director,Association,2021-10-19,,Inactive,SRC026,0.85,EV01332,2024-01-22 13:46:18,2024-04-30 10:35:54
MEM001285,P03270,O0266,Employee,Association,2022-02-17,,Inactive,SRC022,0.9,EV00222,2025-03-02 02:02:33,2024-03-03 06:27:45
MEM001286,P01562,O0305,Employee,Employment,2026-04-30,2026-08-04,Ended,SRC013,0.88,EV00474,2024-03-14 04:38:30,2026-05-12 21:23:05
MEM001287,P03921,O0194,Director,Membership,2024-08-25,,Inactive,SRC011,0.79,EV04890,2024-07-23 07:40:21,2025-02-18 16:44:58
MEM001288,P00426,O0277,Driver,Employment,2022-01-21,2022-03-28,Inactive,SRC016,0.97,EV01547,2026-03-11 01:54:53,2024-04-24 01:49:56
MEM001289,P02079,O0296,Accountant,Employment,2025-05-18,,Inactive,SRC012,0.96,EV00071,2024-07-31 12:54:21,2024-10-21 00:38:54
MEM001290,P03176,O0409,Manager,Ownership,2022-04-07,2023-06-02,Ended,SRC004,0.86,EV00084,2024-11-19 03:24:04,2025-10-31 08:37:38
MEM001291,P03368,O0267,Member,Contract,2026-01-27,,Ended,SRC018,0.92,EV02584,2025-07-10 17:59:48,2025-06-26 02:15:48
MEM001292,P00576,O0003,Accountant,Contract,2026-01-06,,Inactive,SRC003,0.94,EV01446,2024-12-26 00:41:17,2024-01-26 15:42:09
MEM001293,P01671,O0129,Consultant,Ownership,2025-07-15,2026-02-23,Active,SRC023,0.84,EV01214,2025-06-06 04:33:01,2025-07-01 03:14:33
MEM001294,P03183,O0201,Manager,Employment,2022-03-18,,Active,SRC027,0.78,EV02048,2026-06-08 20:32:50,2025-12-03 03:08:47
MEM001295,P01650,O0295,Accountant,Membership,2021-11-25,,Ended,SRC023,0.82,EV00864,2025-05-15 14:43:35,2026-02-08 11:03:33
MEM001296,P03986,O0361,Accountant,Contract,2024-08-27,,Ended,SRC030,0.82,EV04822,2025-07-16 16:37:32,2026-03-26 00:22:17
MEM001297,P02936,O0372,Driver,Ownership,2025-08-19,,Active,SRC010,0.8,EV04374,2024-07-01 05:54:26,2025-11-20 21:31:32
MEM001298,P00565,O0101,Member,Contract,2024-10-14,,Inactive,SRC007,0.81,EV01040,2026-01-17 15:37:56,2024-03-04 17:52:40
MEM001299,P03958,O0063,Director,Association,2025-03-10,,Active,SRC002,0.88,EV01802,2024-12-06 06:12:19,2026-01-12 09:06:45
MEM001300,P00030,O0035,Driver,Employment,2023-10-25,,Ended,SRC023,0.88,EV01696,2025-05-08 12:18:08,2025-09-28 21:02:11
MEM001301,P03790,O0374,Partner,Ownership,2023-07-17,,Active,SRC010,0.97,EV03284,2026-02-23 19:14:06,2026-05-23 00:09:27
MEM001302,P00247,O0402,Consultant,Contract,2024-06-17,,Inactive,SRC022,0.95,EV02267,2024-08-09 15:57:34,2024-10-30 02:01:02
MEM001303,P01305,O0475,Manager,Contract,2024-11-15,,Active,SRC023,0.78,EV01543,2026-03-28 03:36:43,2024-01-24 05:20:18
MEM001304,P01142,O0224,Partner,Ownership,2022-08-29,,Active,SRC023,0.78,EV01660,2026-02-01 05:05:17,2026-01-20 04:02:13
MEM001305,P01019,O0135,Employee,Contract,2026-03-27,,Active,SRC022,0.97,EV02212,2024-05-17 19:32:56,2025-02-02 02:05:47
MEM001306,P02675,O0348,Accountant,Contract,2025-08-27,,Active,SRC002,0.87,EV01416,2024-04-03 05:57:04,2026-01-17 08:15:53
MEM001307,P00206,O0422,Accountant,Employment,2025-07-31,,Active,SRC008,0.85,EV03199,2024-02-28 18:52:14,2024-01-23 21:52:47
MEM001308,P02620,O0265,Member,Employment,2022-03-25,,Active,SRC029,0.89,EV01294,2026-06-04 03:47:11,2025-04-28 23:36:00
MEM001309,P03036,O0404,Consultant,Employment,2026-03-18,,Inactive,SRC011,0.96,EV01671,2025-08-07 03:20:28,2026-07-19 07:34:39
MEM001310,P00268,O0138,Member,Ownership,2023-04-23,2024-04-14,Inactive,SRC020,0.87,EV02712,2024-08-03 15:10:09,2024-07-14 11:01:37
MEM001311,P01057,O0352,Director,Employment,2022-04-13,,Inactive,SRC003,0.92,EV00260,2025-10-20 19:22:19,2025-07-03 13:54:16
MEM001312,P00161,O0065,Employee,Membership,2025-07-23,2026-07-15,Active,SRC020,0.79,EV03370,2024-12-24 03:50:50,2024-02-13 05:28:09
MEM001313,P01261,O0461,Manager,Employment,2024-04-17,,Ended,SRC026,0.84,EV01299,2024-09-17 03:25:36,2025-09-30 20:05:02
MEM001314,P02307,O0466,Manager,Employment,2025-11-03,,Inactive,SRC001,0.83,EV04115,2024-05-11 14:25:44,2025-09-28 16:37:00
MEM001315,P00565,O0319,Driver,Employment,2024-05-24,,Inactive,SRC009,0.94,EV03552,2025-10-12 11:38:22,2025-12-18 00:05:03
MEM001316,P00711,O0143,Employee,Employment,2025-07-18,,Inactive,SRC010,0.93,EV01815,2026-05-07 12:45:42,2026-08-28 18:53:32
MEM001317,P02123,O0497,Manager,Association,2026-01-26,,Inactive,SRC025,0.85,EV02072,2026-01-20 13:52:42,2024-12-01 03:09:40
MEM001318,P01427,O0135,Accountant,Membership,2022-06-08,2025-10-08,Active,SRC002,0.82,EV04890,2025-05-21 22:22:07,2026-03-14 18:30:00
MEM001319,P01423,O0026,Consultant,Contract,2026-04-12,,Inactive,SRC001,0.87,EV03296,2025-04-22 07:41:58,2024-02-25 03:15:09
MEM001320,P01184,O0293,Director,Ownership,2022-06-19,,Ended,SRC030,0.87,EV00452,2025-12-29 11:23:34,2024-02-19 22:31:09
MEM001321,P00199,O0400,Member,Membership,2024-08-10,,Inactive,SRC014,0.89,EV03423,2025-02-02 02:43:16,2025-09-16 05:22:22
MEM001322,P00655,O0375,Partner,Contract,2025-04-24,,Ended,SRC018,0.84,EV01625,2025-04-21 11:52:32,2025-10-09 01:05:52
MEM001323,P02612,O0092,Consultant,Membership,2022-02-16,,Ended,SRC007,0.78,EV02299,2025-04-27 14:26:31,2024-07-11 10:59:01
MEM001324,P02201,O0437,Consultant,Employment,2025-08-09,,Ended,SRC011,0.84,EV00062,2025-10-14 01:39:15,2024-10-08 04:34:26
MEM001325,P00685,O0382,Employee,Membership,2023-07-05,,Active,SRC004,0.88,EV00299,2026-05-19 11:27:13,2026-04-04 06:12:44
MEM001326,P03382,O0261,Employee,Association,2022-03-18,,Inactive,SRC008,0.96,EV00321,2025-06-22 07:22:52,2025-01-07 15:25:36
MEM001327,P03220,O0349,Partner,Ownership,2024-07-08,,Active,SRC020,0.82,EV00745,2024-09-24 02:06:29,2026-01-15 12:28:32
MEM001328,P00303,O0112,Accountant,Membership,2023-07-20,,Active,SRC009,0.88,EV03871,2025-09-08 06:50:23,2024-05-11 14:40:50
MEM001329,P01716,O0315,Director,Membership,2025-01-09,2026-03-07,Ended,SRC003,0.88,EV01786,2025-07-01 00:24:52,2024-11-18 20:17:17
MEM001330,P02794,O0380,Consultant,Contract,2025-12-09,,Inactive,SRC006,0.94,EV02951,2024-04-21 17:37:01,2024-01-19 19:46:14
MEM001331,P01309,O0160,Consultant,Membership,2022-02-24,,Ended,SRC015,0.78,EV02352,2026-04-04 14:12:35,2026-08-17 19:59:23
MEM001332,P02406,O0485,Partner,Employment,2022-09-04,2025-09-22,Ended,SRC005,0.82,EV02243,2024-07-20 09:06:36,2024-08-08 04:24:55
MEM001333,P00047,O0209,Consultant,Contract,2024-08-03,,Ended,SRC022,0.92,EV03488,2025-07-21 22:31:18,2024-04-05 10:50:57
MEM001334,P00658,O0468,Director,Employment,2026-02-03,,Ended,SRC024,0.94,EV03363,2025-09-17 23:29:19,2026-06-15 05:03:47
MEM001335,P02812,O0444,Accountant,Ownership,2026-06-23,,Inactive,SRC005,0.86,EV00592,2024-09-09 15:12:39,2024-11-16 02:10:28
MEM001336,P00230,O0390,Driver,Association,2026-07-01,2026-07-19,Ended,SRC029,0.98,EV04894,2025-01-08 21:00:44,2024-02-28 15:30:04
MEM001337,P02264,O0111,Partner,Contract,2022-09-21,,Active,SRC020,0.93,EV01830,2025-11-28 12:51:29,2025-01-18 07:28:27
MEM001338,P01110,O0183,Consultant,Membership,2025-10-22,2026-06-22,Active,SRC030,0.86,EV00104,2025-08-25 05:20:28,2026-08-15 01:34:45
MEM001339,P03558,O0253,Accountant,Ownership,2023-07-08,,Inactive,SRC016,0.8,EV00440,2026-03-16 14:35:04,2025-12-10 01:18:07
MEM001340,P01280,O0398,Driver,Association,2025-07-23,,Ended,SRC021,0.9,EV04354,2025-08-01 06:50:03,2025-10-13 14:14:34
MEM001341,P03383,O0401,Manager,Ownership,2024-03-15,2025-06-25,Ended,SRC010,0.87,EV03548,2025-11-23 04:28:07,2024-08-30 13:27:36
MEM001342,P01845,O0081,Partner,Employment,2025-08-13,,Ended,SRC006,0.89,EV04405,2025-05-23 03:32:05,2024-10-06 12:38:56
MEM001343,P01076,O0240,Consultant,Ownership,2022-05-27,2026-05-25,Ended,SRC014,0.78,EV02159,2025-03-04 21:23:33,2025-10-27 15:28:39
MEM001344,P00184,O0098,Consultant,Association,2023-12-08,,Active,SRC001,0.83,EV00297,2026-03-13 08:08:14,2026-04-20 06:33:47
MEM001345,P03213,O0044,Accountant,Contract,2022-05-29,,Ended,SRC029,0.85,EV00647,2025-05-20 05:58:31,2025-06-04 23:48:46
MEM001346,P00831,O0473,Consultant,Association,2024-09-22,,Inactive,SRC022,0.93,EV02358,2024-06-01 02:04:23,2025-02-24 03:02:50
MEM001347,P02787,O0256,Employee,Contract,2026-07-15,,Active,SRC003,0.95,EV02859,2025-11-06 00:18:13,2024-10-10 10:53:29
MEM001348,P01000,O0187,Employee,Membership,2023-03-05,,Active,SRC003,0.88,EV02606,2024-11-15 21:19:43,2025-05-09 11:54:51
MEM001349,P00367,O0149,Driver,Contract,2022-01-25,,Inactive,SRC022,0.95,EV00020,2024-08-19 03:26:19,2026-04-01 09:42:20
MEM001350,P00843,O0184,Member,Membership,2022-01-15,,Inactive,SRC004,0.94,EV03253,2026-08-22 08:33:29,2024-11-21 16:49:04
MEM001351,P01532,O0059,Accountant,Contract,2023-11-29,,Inactive,SRC015,0.95,EV02394,2024-05-04 04:25:45,2024-10-15 00:04:36
MEM001352,P02952,O0067,Employee,Contract,2024-11-04,2025-09-26,Inactive,SRC012,0.8,EV01122,2026-06-26 15:57:39,2024-12-07 08:12:28
MEM001353,P02880,O0340,Driver,Ownership,2021-11-17,,Inactive,SRC007,0.85,EV03346,2025-12-03 09:29:30,2026-04-19 12:00:03
MEM001354,P01190,O0139,Partner,Contract,2022-01-01,,Inactive,SRC022,0.97,EV04612,2025-06-20 00:31:27,2024-07-16 17:26:26
MEM001355,P02151,O0436,Employee,Contract,2021-12-10,2025-11-27,Inactive,SRC001,0.95,EV02252,2025-01-23 21:56:04,2024-04-12 13:57:27
MEM001356,P02930,O0385,Employee,Association,2021-11-07,,Inactive,SRC012,0.93,EV04958,2025-09-10 05:45:16,2025-08-30 18:04:33
MEM001357,P02700,O0193,Accountant,Membership,2022-09-19,,Ended,SRC021,0.85,EV03174,2026-01-04 16:42:49,2024-04-25 17:59:21
MEM001358,P03999,O0027,Member,Employment,2026-02-25,,Inactive,SRC014,0.83,EV00820,2025-12-09 18:29:57,2026-04-19 11:24:09
MEM001359,P02363,O0420,Manager,Association,2022-12-20,,Inactive,SRC020,0.92,EV03778,2024-07-17 14:29:34,2025-12-05 16:50:18
MEM001360,P00800,O0146,Employee,Ownership,2023-04-15,,Inactive,SRC010,0.92,EV02107,2026-06-22 03:01:01,2025-08-10 23:15:39
MEM001361,P02563,O0311,Member,Membership,2026-01-13,,Ended,SRC028,0.86,EV01970,2026-04-03 01:36:20,2024-08-10 21:28:08
MEM001362,P03274,O0080,Employee,Contract,2025-04-09,,Ended,SRC030,0.95,EV01213,2026-07-10 07:28:04,2026-02-28 21:03:26
MEM001363,P01889,O0103,Driver,Ownership,2024-10-08,,Ended,SRC026,0.89,EV03341,2025-03-17 10:41:42,2025-12-17 23:15:50
MEM001364,P00111,O0111,Manager,Association,2025-03-28,,Ended,SRC021,0.91,EV03013,2024-10-02 11:49:11,2026-08-12 21:25:20
MEM001365,P02014,O0304,Director,Association,2021-09-04,,Active,SRC012,0.92,EV01104,2024-03-14 06:36:17,2026-07-01 12:04:05
MEM001366,P01968,O0265,Partner,Employment,2022-02-14,,Ended,SRC005,0.81,EV01778,2025-03-10 19:59:07,2025-10-07 15:10:15
MEM001367,P00217,O0471,Member,Employment,2025-10-21,,Active,SRC021,0.99,EV00504,2025-06-19 23:02:20,2026-05-14 22:56:18
MEM001368,P01305,O0221,Driver,Membership,2025-01-13,,Active,SRC018,0.83,EV00120,2026-01-16 09:10:49,2024-11-21 20:32:42
MEM001369,P02757,O0045,Director,Association,2026-01-01,,Inactive,SRC013,0.87,EV04443,2026-07-09 22:49:05,2024-12-27 12:47:55
MEM001370,P00536,O0050,Employee,Employment,2024-04-18,,Active,SRC007,0.9,EV00229,2026-05-27 09:03:45,2026-03-29 04:01:28
MEM001371,P03788,O0398,Consultant,Membership,2023-04-10,,Inactive,SRC018,0.8,EV04930,2024-01-31 12:59:00,2025-07-25 02:57:00
MEM001372,P03139,O0366,Director,Ownership,2022-10-17,,Active,SRC014,0.95,EV03558,2024-05-16 22:24:23,2026-04-14 11:51:20
MEM001373,P00111,O0351,Director,Association,2026-01-11,,Active,SRC012,0.91,EV03739,2025-06-20 16:36:51,2024-05-29 02:06:32
MEM001374,P03143,O0280,Director,Association,2022-11-05,2022-11-22,Inactive,SRC019,0.97,EV00721,2024-07-29 07:27:31,2026-06-03 21:07:33
MEM001375,P00758,O0376,Manager,Membership,2025-04-10,,Ended,SRC009,0.91,EV01250,2026-04-26 14:33:45,2025-12-15 17:40:34
MEM001376,P03147,O0491,Employee,Association,2023-10-02,,Inactive,SRC007,0.94,EV02520,2025-11-27 23:17:30,2026-07-08 18:11:55
MEM001377,P02966,O0304,Director,Association,2025-01-01,,Active,SRC028,0.87,EV02620,2026-03-10 17:12:38,2025-09-20 00:50:38
MEM001378,P03817,O0383,Director,Association,2021-12-25,2025-06-21,Ended,SRC024,0.81,EV01493,2025-06-20 22:46:02,2025-08-31 21:37:09
MEM001379,P01673,O0110,Employee,Employment,2022-08-23,,Active,SRC003,0.9,EV02700,2024-02-06 14:25:42,2025-08-08 14:04:03
MEM001380,P01403,O0062,Driver,Membership,2022-12-11,2024-11-10,Active,SRC016,0.91,EV04868,2024-05-22 17:29:30,2024-12-12 01:19:13
MEM001381,P03593,O0021,Partner,Association,2024-10-16,,Inactive,SRC026,0.81,EV03913,2026-08-12 08:04:30,2024-05-24 04:57:17
MEM001382,P01373,O0411,Consultant,Employment,2022-03-26,2026-05-06,Ended,SRC001,0.88,EV00432,2025-06-03 00:57:02,2026-07-03 00:26:01
MEM001383,P03515,O0434,Manager,Ownership,2025-01-13,,Inactive,SRC019,0.79,EV02018,2024-01-10 10:57:57,2025-05-07 12:19:41
MEM001384,P03770,O0455,Accountant,Membership,2024-12-21,2026-02-07,Inactive,SRC009,0.98,EV00199,2024-08-24 15:30:43,2026-02-27 18:42:54
MEM001385,P00762,O0232,Manager,Association,2023-04-16,,Inactive,SRC022,0.84,EV01040,2025-02-06 10:58:11,2024-04-17 15:35:49
MEM001386,P01459,O0331,Employee,Contract,2024-08-30,,Ended,SRC010,0.95,EV02458,2025-12-12 13:54:21,2026-04-28 23:24:07
MEM001387,P00744,O0207,Director,Association,2023-11-20,2026-05-25,Ended,SRC008,0.94,EV00351,2025-04-08 13:47:32,2025-08-15 20:32:28
MEM001388,P02814,O0269,Director,Employment,2024-10-15,2025-10-18,Ended,SRC021,0.97,EV03915,2024-10-21 16:37:24,2024-09-30 19:29:36
MEM001389,P00685,O0403,Partner,Employment,2026-04-08,2026-07-15,Inactive,SRC023,0.9,EV03120,2026-06-02 19:11:56,2025-02-13 08:39:08
MEM001390,P01538,O0029,Partner,Contract,2023-04-29,,Inactive,SRC017,0.9,EV02630,2024-10-05 16:02:53,2026-06-01 02:45:42
MEM001391,P02902,O0012,Employee,Contract,2023-01-11,,Inactive,SRC020,0.87,EV00218,2026-07-12 03:53:00,2024-10-27 06:05:35
MEM001392,P02524,O0326,Driver,Membership,2022-09-30,,Active,SRC001,0.82,EV03684,2024-01-20 21:53:41,2025-11-25 23:17:29
MEM001393,P02446,O0353,Consultant,Employment,2023-04-13,2023-12-25,Ended,SRC021,0.91,EV02715,2025-03-13 07:35:30,2025-03-16 16:59:50
MEM001394,P03161,O0046,Partner,Membership,2025-04-19,,Active,SRC004,0.98,EV04951,2025-08-23 07:15:09,2025-05-15 07:23:40
MEM001395,P02415,O0011,Member,Association,2024-09-03,,Inactive,SRC018,0.81,EV02083,2024-10-13 22:45:06,2024-12-02 04:05:52
MEM001396,P01428,O0180,Consultant,Association,2026-03-27,,Inactive,SRC012,0.81,EV04272,2025-06-18 20:10:50,2026-08-13 17:36:31
MEM001397,P02298,O0103,Member,Contract,2024-01-05,,Active,SRC009,0.79,EV01307,2025-11-07 21:42:27,2026-03-29 02:57:15
MEM001398,P02873,O0032,Manager,Contract,2022-05-15,,Ended,SRC001,0.83,EV01837,2024-06-23 12:38:23,2026-05-01 23:05:28
MEM001399,P02532,O0037,Director,Association,2024-09-25,,Ended,SRC006,0.79,EV04436,2024-11-13 20:06:00,2026-01-13 06:00:54
MEM001400,P02903,O0185,Partner,Contract,2021-12-23,2024-08-24,Inactive,SRC001,0.92,EV01893,2024-04-08 05:31:03,2024-02-06 13:08:04
MEM001401,P03524,O0058,Consultant,Association,2025-12-03,,Inactive,SRC006,0.8,EV01937,2026-06-15 09:14:52,2025-08-08 20:39:40
MEM001402,P02470,O0487,Driver,Contract,2023-08-21,,Active,SRC022,0.9,EV00179,2025-02-08 18:36:02,2024-07-29 11:30:08
MEM001403,P03282,O0389,Consultant,Association,2022-10-05,2026-02-25,Ended,SRC025,0.96,EV00006,2026-01-07 22:07:13,2024-10-14 03:36:30
MEM001404,P01618,O0367,Manager,Contract,2023-03-04,2025-11-02,Inactive,SRC029,0.88,EV04140,2024-09-23 03:02:46,2024-12-11 04:07:36
MEM001405,P02328,O0275,Manager,Membership,2023-11-03,,Inactive,SRC016,0.83,EV03325,2024-05-30 11:18:56,2025-06-14 10:27:48
MEM001406,P00398,O0080,Employee,Ownership,2023-03-10,,Inactive,SRC002,0.93,EV03572,2026-05-31 12:43:03,2025-05-14 22:06:21
MEM001407,P02572,O0033,Driver,Contract,2025-12-06,2026-02-08,Ended,SRC027,0.9,EV02053,2024-05-24 07:13:18,2024-04-17 05:25:03
MEM001408,P03885,O0496,Consultant,Association,2022-03-30,,Active,SRC001,0.8,EV04037,2026-08-06 08:16:42,2024-09-15 08:12:02
MEM001409,P01479,O0090,Consultant,Contract,2023-04-11,2023-10-15,Ended,SRC025,0.94,EV03920,2024-01-10 11:21:42,2024-04-06 02:43:07
MEM001410,P02021,O0189,Driver,Association,2026-07-25,,Active,SRC026,0.8,EV04678,2025-08-20 07:46:08,2025-09-01 02:55:46
MEM001411,P02949,O0164,Employee,Association,2024-11-13,,Ended,SRC002,0.96,EV04553,2025-02-08 01:32:45,2024-04-26 14:49:49
MEM001412,P00073,O0341,Partner,Membership,2025-01-30,,Inactive,SRC030,0.91,EV00594,2025-05-23 09:12:34,2026-07-21 08:56:43
MEM001413,P00068,O0146,Manager,Employment,2023-06-26,,Active,SRC029,0.8,EV01502,2025-01-09 04:30:43,2025-12-03 15:01:58
MEM001414,P03966,O0260,Partner,Membership,2026-07-07,,Active,SRC010,0.96,EV00819,2024-06-12 22:28:48,2025-02-14 10:24:06
MEM001415,P00670,O0335,Partner,Contract,2024-09-29,,Inactive,SRC004,0.9,EV00390,2025-02-12 22:31:50,2024-12-11 09:53:16
MEM001416,P03438,O0325,Manager,Employment,2023-06-04,,Ended,SRC004,0.91,EV02411,2026-04-14 21:25:58,2024-06-11 11:42:08
MEM001417,P00509,O0053,Driver,Association,2025-10-15,,Ended,SRC023,0.91,EV02485,2025-09-17 01:01:02,2026-05-06 04:08:20
MEM001418,P03008,O0264,Member,Employment,2024-10-27,,Ended,SRC003,0.81,EV04691,2024-07-04 09:51:48,2026-04-30 22:00:15
MEM001419,P03656,O0369,Accountant,Membership,2022-09-04,,Ended,SRC005,0.89,EV02227,2025-03-11 00:47:04,2025-08-29 01:40:41
MEM001420,P00125,O0454,Director,Contract,2022-11-03,,Ended,SRC015,0.88,EV00622,2025-02-18 12:18:07,2026-05-30 12:53:13
MEM001421,P00845,O0081,Accountant,Contract,2022-07-30,,Ended,SRC005,0.96,EV00507,2026-03-16 04:40:47,2024-11-22 20:42:22
MEM001422,P03254,O0237,Partner,Membership,2024-11-25,2024-12-01,Ended,SRC025,0.79,EV03435,2024-06-24 01:42:46,2026-07-21 21:18:56
MEM001423,P00662,O0372,Consultant,Contract,2021-09-02,,Active,SRC023,0.95,EV04540,2025-02-27 06:37:28,2026-03-05 15:03:33
MEM001424,P02021,O0110,Manager,Association,2025-12-06,,Active,SRC003,0.88,EV01498,2025-04-24 03:31:16,2024-06-27 08:32:34
MEM001425,P00574,O0336,Accountant,Employment,2023-11-03,2024-11-27,Ended,SRC002,0.85,EV04970,2025-04-03 04:40:04,2025-01-05 17:31:48
MEM001426,P00819,O0043,Employee,Ownership,2025-06-17,2025-10-19,Active,SRC022,0.96,EV04563,2025-06-24 17:53:54,2026-06-06 21:21:47
MEM001427,P01680,O0322,Employee,Employment,2023-05-09,,Inactive,SRC014,0.82,EV02209,2026-07-26 16:00:26,2025-01-18 10:57:31
MEM001428,P03620,O0240,Consultant,Employment,2025-09-19,,Ended,SRC010,0.78,EV02959,2025-07-04 13:01:19,2025-05-20 23:39:38
MEM001429,P03883,O0186,Driver,Ownership,2024-07-30,,Active,SRC006,0.96,EV00574,2024-02-03 14:39:04,2025-11-21 11:14:54
MEM001430,P00618,O0112,Member,Association,2025-11-19,,Active,SRC005,0.82,EV00270,2024-10-01 05:22:39,2026-06-26 04:57:41
MEM001431,P01502,O0236,Employee,Association,2026-03-26,,Inactive,SRC009,0.97,EV03081,2025-07-20 15:36:09,2025-04-15 03:03:03
MEM001432,P01626,O0110,Driver,Membership,2022-01-16,,Inactive,SRC021,0.85,EV04811,2025-03-13 02:15:19,2025-05-10 21:51:12
MEM001433,P02560,O0052,Manager,Ownership,2025-08-25,,Inactive,SRC026,0.86,EV01826,2025-11-23 22:45:24,2026-02-03 07:49:51
MEM001434,P01806,O0495,Employee,Association,2023-09-27,2026-06-18,Inactive,SRC025,0.8,EV02848,2025-02-28 05:15:22,2024-03-18 17:47:48
MEM001435,P01402,O0010,Employee,Employment,2024-05-17,,Ended,SRC016,0.96,EV02362,2025-04-12 15:11:25,2024-07-29 22:53:19
MEM001436,P01551,O0485,Partner,Ownership,2023-08-03,2026-05-26,Active,SRC018,0.93,EV00049,2026-07-20 12:15:13,2025-01-31 17:13:27
MEM001437,P00463,O0126,Member,Association,2025-02-11,,Ended,SRC018,0.94,EV04711,2024-12-09 20:12:49,2026-06-02 12:38:24
MEM001438,P00711,O0072,Accountant,Contract,2026-02-24,2026-03-15,Inactive,SRC022,0.91,EV01649,2025-06-06 17:56:03,2026-05-19 18:49:59
MEM001439,P02663,O0278,Employee,Membership,2023-01-08,,Inactive,SRC011,0.94,EV02510,2024-12-07 06:49:14,2024-10-01 12:02:41
MEM001440,P00426,O0402,Driver,Contract,2024-04-22,,Active,SRC007,0.86,EV04948,2026-02-25 22:46:19,2024-02-06 12:12:26
MEM001441,P03079,O0151,Member,Contract,2025-02-11,,Ended,SRC020,0.79,EV04659,2025-11-07 22:08:52,2025-09-11 17:36:59
MEM001442,P02765,O0125,Director,Ownership,2021-11-01,,Active,SRC028,0.92,EV02616,2024-01-27 21:24:04,2024-09-09 03:42:50
MEM001443,P03214,O0054,Manager,Association,2024-10-26,,Ended,SRC019,0.91,EV03633,2026-02-14 19:19:00,2026-02-24 10:54:47
MEM001444,P00794,O0291,Director,Association,2021-09-01,,Active,SRC007,0.91,EV00123,2024-09-17 04:08:36,2024-12-21 05:21:22
MEM001445,P03085,O0052,Member,Ownership,2023-12-27,,Active,SRC005,0.87,EV01086,2025-10-29 23:07:51,2024-12-06 12:56:58
MEM001446,P03915,O0208,Director,Employment,2024-07-24,2025-03-27,Inactive,SRC012,0.88,EV00725,2025-06-02 20:30:53,2026-03-17 21:01:48
MEM001447,P00747,O0101,Driver,Membership,2023-07-17,,Active,SRC022,0.93,EV04662,2025-03-21 05:52:50,2025-04-29 07:45:20
MEM001448,P01905,O0447,Accountant,Ownership,2026-01-30,,Inactive,SRC026,0.79,EV01857,2025-02-05 12:34:08,2026-07-26 09:53:33
MEM001449,P03340,O0134,Driver,Employment,2023-10-21,,Active,SRC023,0.87,EV00089,2026-02-26 12:07:45,2024-07-16 06:35:22
MEM001450,P01648,O0092,Employee,Membership,2022-05-05,,Ended,SRC012,0.8,EV02268,2026-04-18 12:37:45,2026-03-13 16:01:02
MEM001451,P03699,O0429,Partner,Ownership,2022-05-17,,Active,SRC005,0.95,EV00507,2024-06-04 22:19:30,2024-04-08 07:02:24
MEM001452,P00850,O0104,Consultant,Ownership,2025-01-15,2025-06-27,Ended,SRC004,0.98,EV04110,2025-01-07 18:44:23,2026-08-03 21:35:00
MEM001453,P03329,O0216,Partner,Employment,2025-08-19,,Active,SRC018,0.96,EV03637,2025-08-02 11:41:21,2024-05-07 04:12:22
MEM001454,P00314,O0109,Member,Contract,2026-08-20,,Active,SRC009,0.83,EV02039,2024-12-26 14:24:50,2025-03-22 20:45:50
MEM001455,P01761,O0208,Manager,Membership,2025-04-26,,Inactive,SRC009,0.81,EV01668,2024-08-07 09:01:38,2025-04-12 23:22:27
MEM001456,P00300,O0048,Employee,Membership,2021-10-31,,Active,SRC015,0.9,EV04519,2024-04-02 14:17:33,2025-04-07 21:19:19
MEM001457,P03870,O0464,Manager,Membership,2026-03-05,2026-08-02,Active,SRC010,0.79,EV03386,2026-06-04 00:49:53,2025-02-04 23:12:15
MEM001458,P00667,O0113,Driver,Association,2026-08-01,,Active,SRC030,0.84,EV04075,2024-10-05 10:11:09,2025-11-01 04:41:40
MEM001459,P00009,O0262,Employee,Employment,2026-05-07,,Ended,SRC023,0.9,EV04123,2026-06-07 22:45:25,2025-08-31 15:09:21
MEM001460,P02056,O0334,Member,Contract,2022-03-27,,Inactive,SRC010,0.93,EV02902,2025-12-01 08:43:25,2025-07-02 13:36:18
MEM001461,P00241,O0014,Manager,Ownership,2023-09-05,2025-07-06,Ended,SRC028,0.78,EV00627,2025-12-16 22:33:02,2025-05-11 19:36:34
MEM001462,P01637,O0329,Accountant,Membership,2025-04-14,2026-08-01,Ended,SRC008,0.8,EV02395,2025-11-12 10:46:12,2024-07-29 16:38:08
MEM001463,P03245,O0283,Member,Ownership,2025-08-31,2026-06-14,Active,SRC021,0.88,EV01949,2024-04-16 19:06:12,2024-07-01 11:53:39
MEM001464,P00763,O0298,Accountant,Ownership,2024-03-14,,Ended,SRC021,0.8,EV00906,2024-01-23 06:40:22,2024-10-07 22:54:47
MEM001465,P00866,O0032,Driver,Employment,2026-06-07,,Inactive,SRC007,0.83,EV02759,2025-05-28 21:06:42,2024-01-09 06:20:01
MEM001466,P02379,O0170,Member,Contract,2023-09-26,,Ended,SRC002,0.92,EV00814,2025-10-20 03:31:47,2026-03-15 01:39:06
MEM001467,P02698,O0020,Director,Association,2026-04-08,,Active,SRC002,0.94,EV03973,2024-03-15 17:35:34,2025-03-22 21:03:17
MEM001468,P03094,O0449,Employee,Contract,2021-11-14,2023-07-07,Active,SRC011,0.86,EV02813,2025-03-11 07:13:58,2025-11-12 08:35:04
MEM001469,P03165,O0097,Driver,Contract,2021-12-31,2026-08-18,Active,SRC019,0.86,EV04321,2025-06-06 01:13:02,2024-03-22 04:00:59
MEM001470,P01365,O0027,Consultant,Association,2025-08-22,,Inactive,SRC009,0.86,EV00833,2025-07-21 13:12:12,2024-03-27 01:19:49
MEM001471,P02284,O0027,Consultant,Membership,2022-03-07,,Ended,SRC007,0.9,EV04781,2026-07-08 03:57:51,2025-04-24 21:57:36
MEM001472,P00130,O0209,Accountant,Employment,2023-04-12,,Inactive,SRC029,0.91,EV04133,2024-03-11 11:57:36,2026-03-14 00:55:14
MEM001473,P03612,O0497,Manager,Contract,2023-11-29,,Inactive,SRC030,0.79,EV04682,2024-07-05 14:03:07,2025-11-15 06:49:20
MEM001474,P03417,O0467,Manager,Association,2021-10-14,,Ended,SRC007,0.84,EV00027,2025-05-29 14:47:49,2025-01-20 17:18:00
MEM001475,P01900,O0181,Member,Ownership,2026-04-27,2026-04-27,Inactive,SRC030,0.78,EV00698,2025-04-07 16:55:43,2024-06-30 15:35:42
MEM001476,P00326,O0119,Director,Association,2021-12-19,,Active,SRC015,0.85,EV03146,2025-01-13 19:32:33,2026-02-06 12:54:14
MEM001477,P01371,O0436,Manager,Association,2023-01-16,,Inactive,SRC010,0.9,EV02538,2025-04-07 00:54:44,2025-12-28 14:08:02
MEM001478,P01915,O0297,Manager,Contract,2025-04-04,,Ended,SRC002,0.79,EV04048,2026-02-28 19:27:01,2025-01-27 05:19:49
MEM001479,P03585,O0331,Partner,Employment,2026-07-13,,Inactive,SRC028,0.96,EV01283,2026-07-08 08:31:01,2024-09-25 16:34:22
MEM001480,P02579,O0399,Manager,Contract,2026-02-02,,Active,SRC002,0.82,EV00736,2024-01-03 06:34:43,2026-02-05 17:32:53
MEM001481,P00307,O0005,Consultant,Contract,2022-01-07,,Ended,SRC024,0.8,EV00154,2026-05-14 18:31:07,2026-04-05 21:02:41
MEM001482,P00264,O0042,Member,Ownership,2026-08-11,,Inactive,SRC003,0.94,EV01963,2025-02-27 22:10:18,2024-02-16 23:07:05
MEM001483,P02490,O0159,Member,Employment,2023-11-07,,Ended,SRC027,0.83,EV04513,2025-10-14 17:46:31,2025-09-09 06:12:59
MEM001484,P02127,O0133,Consultant,Ownership,2022-06-17,2023-10-13,Inactive,SRC019,0.96,EV02069,2025-10-30 06:35:59,2026-04-27 13:03:13
MEM001485,P01844,O0379,Partner,Association,2022-11-08,,Ended,SRC011,0.81,EV03100,2025-12-30 06:22:11,2025-12-29 03:32:37
MEM001486,P03981,O0046,Partner,Ownership,2026-06-25,2026-06-28,Active,SRC021,0.97,EV03549,2025-10-12 21:54:27,2024-03-25 20:02:34
MEM001487,P02265,O0475,Employee,Ownership,2024-06-25,,Ended,SRC005,0.89,EV04292,2025-03-03 00:08:21,2026-03-28 19:16:14
MEM001488,P01150,O0126,Partner,Ownership,2025-03-18,,Inactive,SRC015,0.84,EV00939,2026-05-07 01:30:01,2025-04-14 01:03:47
MEM001489,P00894,O0368,Director,Membership,2022-12-30,,Inactive,SRC004,0.89,EV00033,2024-10-20 06:54:43,2024-04-10 01:00:08
MEM001490,P02168,O0174,Consultant,Association,2025-05-26,,Ended,SRC029,0.79,EV03982,2025-09-11 19:44:20,2026-01-27 19:45:54
MEM001491,P01286,O0195,Employee,Ownership,2025-05-10,,Active,SRC004,0.82,EV04797,2026-03-04 14:27:01,2025-12-05 03:46:38
MEM001492,P01551,O0409,Member,Employment,2021-11-20,,Inactive,SRC012,0.94,EV02314,2025-09-15 02:03:08,2024-07-29 02:21:25
MEM001493,P03043,O0238,Accountant,Employment,2022-05-09,2025-12-06,Inactive,SRC005,0.94,EV04372,2025-08-11 16:58:51,2026-01-30 00:28:49
MEM001494,P01598,O0351,Employee,Contract,2021-12-18,,Ended,SRC008,0.8,EV04786,2025-11-12 10:38:06,2026-04-22 01:14:56
MEM001495,P00825,O0238,Member,Membership,2023-07-14,,Active,SRC007,0.82,EV04776,2024-05-30 21:05:43,2026-04-19 19:36:35
MEM001496,P01123,O0442,Driver,Contract,2023-10-03,,Ended,SRC015,0.94,EV01724,2026-04-05 22:26:26,2026-08-01 08:17:05
MEM001497,P02658,O0126,Manager,Ownership,2026-01-05,,Inactive,SRC012,0.79,EV02341,2024-07-30 09:34:33,2024-01-26 18:17:53
MEM001498,P00300,O0384,Accountant,Association,2023-02-14,,Active,SRC029,0.97,EV02446,2024-03-24 01:45:40,2024-03-28 08:54:01
MEM001499,P00988,O0077,Driver,Contract,2025-04-02,,Active,SRC022,0.85,EV03847,2025-10-08 13:37:22,2025-08-16 02:30:10
MEM001500,P02474,O0004,Manager,Contract,2025-12-17,,Inactive,SRC022,0.95,EV04438,2024-10-16 05:25:41,2025-07-27 09:49:17
MEM001501,P03192,O0236,Accountant,Contract,2025-06-23,,Inactive,SRC007,0.88,EV04120,2024-02-18 05:24:34,2025-01-08 07:44:49
MEM001502,P02820,O0406,Consultant,Ownership,2026-08-31,,Active,SRC014,0.96,EV01603,2025-07-24 01:27:25,2026-03-07 18:28:51
MEM001503,P03539,O0101,Driver,Ownership,2024-12-26,,Active,SRC022,0.82,EV04404,2026-06-11 07:55:05,2025-08-29 01:49:35
MEM001504,P01810,O0445,Accountant,Membership,2025-07-09,,Inactive,SRC030,0.89,EV01971,2024-06-02 04:26:50,2025-12-11 04:09:35
MEM001505,P01423,O0241,Member,Employment,2025-07-27,,Inactive,SRC007,0.82,EV04748,2025-08-09 13:59:00,2025-02-20 20:18:39
MEM001506,P01437,O0183,Manager,Membership,2023-03-23,2025-05-03,Ended,SRC002,0.99,EV00914,2025-07-20 01:35:46,2024-07-12 08:27:36
MEM001507,P00941,O0179,Driver,Ownership,2023-09-24,,Inactive,SRC030,0.9,EV04671,2024-12-21 06:48:27,2026-03-03 09:29:30
MEM001508,P02304,O0118,Partner,Ownership,2024-02-08,,Ended,SRC018,0.83,EV03897,2026-07-27 18:55:24,2026-04-01 05:51:27
MEM001509,P03994,O0264,Accountant,Ownership,2021-09-04,,Inactive,SRC013,0.92,EV04346,2024-05-19 04:19:00,2024-06-08 19:01:27
MEM001510,P03327,O0368,Accountant,Association,2023-09-29,2026-06-11,Active,SRC018,0.78,EV04760,2026-01-20 16:03:05,2025-05-29 04:30:48
MEM001511,P01311,O0203,Employee,Association,2026-03-13,,Ended,SRC013,0.84,EV01652,2025-08-29 02:58:09,2025-10-17 14:21:02
MEM001512,P01349,O0151,Accountant,Ownership,2024-01-26,,Active,SRC020,0.79,EV02052,2025-03-19 13:15:49,2024-12-28 03:03:42
MEM001513,P00874,O0380,Manager,Ownership,2025-05-16,,Active,SRC025,0.97,EV00378,2026-06-16 15:19:17,2024-04-04 18:48:59
MEM001514,P01832,O0337,Consultant,Ownership,2025-07-15,,Inactive,SRC012,0.8,EV00591,2024-01-13 23:32:15,2026-04-25 18:57:28
MEM001515,P03143,O0237,Director,Membership,2024-11-28,,Inactive,SRC018,0.97,EV02715,2025-03-19 10:57:35,2026-03-08 04:31:31
MEM001516,P01441,O0180,Accountant,Employment,2022-11-06,,Active,SRC015,0.88,EV03589,2024-05-08 13:04:10,2024-03-02 21:14:31
MEM001517,P02482,O0446,Member,Ownership,2026-03-10,2026-05-18,Ended,SRC013,0.79,EV01951,2025-01-06 10:13:31,2026-08-23 01:20:21
MEM001518,P02196,O0425,Accountant,Membership,2025-04-23,,Ended,SRC014,0.83,EV02091,2024-10-03 09:33:31,2024-08-21 16:07:43
MEM001519,P02318,O0279,Manager,Contract,2024-02-13,2026-06-14,Ended,SRC004,0.86,EV00229,2025-07-26 13:55:40,2024-12-07 21:49:07
MEM001520,P02064,O0393,Accountant,Ownership,2022-03-27,,Ended,SRC015,0.9,EV03476,2026-07-31 23:31:24,2026-03-24 13:43:06
MEM001521,P01462,O0442,Consultant,Ownership,2026-03-12,,Ended,SRC014,0.83,EV04223,2026-02-21 23:29:52,2025-05-08 11:15:05
MEM001522,P03590,O0056,Accountant,Membership,2025-05-10,,Ended,SRC029,0.89,EV03860,2024-01-04 03:40:21,2025-05-20 13:28:23
MEM001523,P00800,O0017,Accountant,Employment,2024-02-15,,Ended,SRC002,0.96,EV03431,2024-02-26 03:28:22,2026-06-16 10:03:12
MEM001524,P00384,O0303,Driver,Membership,2025-10-25,,Ended,SRC005,0.93,EV02596,2024-11-09 04:40:12,2024-03-29 08:04:20
MEM001525,P00997,O0449,Driver,Contract,2025-09-03,,Ended,SRC014,0.78,EV01889,2025-01-14 05:28:20,2026-03-19 01:29:54
MEM001526,P00994,O0144,Manager,Employment,2025-03-01,,Active,SRC005,0.95,EV02460,2024-07-26 10:22:05,2025-10-21 02:03:44
MEM001527,P02143,O0239,Manager,Employment,2024-07-18,,Ended,SRC010,0.97,EV00395,2025-04-16 01:44:29,2024-08-16 22:25:12
MEM001528,P00564,O0388,Driver,Ownership,2023-12-29,,Ended,SRC012,0.88,EV03586,2025-11-18 16:13:11,2025-05-27 23:27:49
MEM001529,P01301,O0146,Consultant,Association,2025-09-03,,Active,SRC004,0.98,EV01964,2026-08-21 19:35:03,2026-02-14 16:25:07
MEM001530,P00896,O0335,Director,Contract,2024-04-24,,Ended,SRC002,0.83,EV03171,2026-07-11 10:17:27,2026-01-12 01:38:44
MEM001531,P00076,O0186,Member,Membership,2022-05-13,,Inactive,SRC015,0.95,EV04357,2026-06-21 12:18:03,2025-06-11 16:39:03
MEM001532,P00531,O0335,Member,Association,2022-04-25,,Active,SRC005,0.9,EV03252,2025-09-13 09:13:22,2024-04-07 15:00:23
MEM001533,P03557,O0185,Member,Membership,2025-07-29,,Ended,SRC006,0.94,EV03471,2024-03-02 17:54:50,2025-06-06 12:22:44
MEM001534,P01306,O0298,Accountant,Association,2026-08-06,,Ended,SRC010,0.82,EV03319,2024-08-14 11:38:10,2024-10-04 08:11:00
MEM001535,P02304,O0296,Manager,Association,2024-03-14,,Ended,SRC002,0.99,EV02123,2025-06-05 04:34:51,2025-08-30 23:26:03
MEM001536,P03465,O0207,Manager,Employment,2021-10-30,,Ended,SRC028,0.88,EV00780,2025-10-06 12:15:11,2025-12-15 05:21:25
MEM001537,P00746,O0359,Director,Association,2022-03-05,,Active,SRC026,0.85,EV04913,2026-08-07 15:11:16,2024-11-08 15:21:45
MEM001538,P00846,O0165,Member,Association,2022-08-02,,Inactive,SRC022,0.89,EV03754,2025-07-18 11:45:24,2024-01-03 00:12:34
MEM001539,P03906,O0361,Partner,Association,2022-10-28,,Inactive,SRC024,0.95,EV02460,2025-07-17 07:53:27,2025-05-22 13:30:51
MEM001540,P03489,O0261,Member,Employment,2025-09-15,2025-11-30,Active,SRC023,0.95,EV02450,2025-08-01 20:18:35,2025-03-12 06:18:04
MEM001541,P01045,O0218,Driver,Employment,2025-05-21,2025-08-11,Active,SRC021,0.85,EV01330,2024-11-26 23:12:52,2026-08-26 11:00:00
MEM001542,P03775,O0366,Member,Association,2022-11-11,,Ended,SRC009,0.94,EV04445,2024-03-24 12:35:29,2024-11-05 13:00:33
MEM001543,P01316,O0236,Manager,Employment,2022-04-08,,Inactive,SRC030,0.96,EV03923,2025-02-26 16:35:22,2025-06-20 05:41:32
MEM001544,P00935,O0331,Director,Membership,2025-10-09,2026-04-13,Ended,SRC009,0.91,EV01894,2025-04-17 07:39:07,2026-07-19 21:44:09
MEM001545,P02715,O0252,Driver,Association,2022-08-11,,Active,SRC029,0.92,EV01851,2026-03-21 16:29:53,2024-12-16 09:52:06
MEM001546,P01516,O0378,Driver,Ownership,2024-01-13,,Ended,SRC004,0.98,EV03990,2024-05-30 00:51:28,2025-08-09 23:59:51
MEM001547,P00540,O0213,Member,Membership,2024-08-18,,Inactive,SRC025,0.84,EV02415,2026-01-03 07:07:31,2024-02-19 15:31:00
MEM001548,P00958,O0040,Partner,Employment,2024-11-29,,Active,SRC023,0.85,EV01908,2025-06-17 10:04:22,2025-08-22 00:40:44
MEM001549,P03762,O0153,Driver,Contract,2024-10-13,,Active,SRC007,0.8,EV01517,2024-12-14 04:54:25,2024-03-05 04:32:08
MEM001550,P01156,O0187,Driver,Contract,2022-01-20,,Inactive,SRC004,0.88,EV01721,2025-12-18 06:05:27,2026-07-04 23:18:54
MEM001551,P03634,O0133,Accountant,Association,2024-10-13,,Ended,SRC026,0.91,EV04777,2025-12-16 20:04:15,2024-08-19 09:53:36
MEM001552,P00604,O0133,Employee,Contract,2024-04-14,,Ended,SRC011,0.87,EV01414,2026-01-09 11:25:19,2026-08-07 23:49:13
MEM001553,P02473,O0129,Manager,Contract,2025-03-14,2026-02-25,Inactive,SRC015,0.94,EV02382,2024-09-08 19:18:12,2025-06-23 01:38:28
MEM001554,P03392,O0245,Manager,Contract,2023-03-23,,Ended,SRC020,0.88,EV04596,2025-12-06 16:54:31,2025-12-16 06:00:24
MEM001555,P03552,O0421,Consultant,Contract,2024-06-06,,Inactive,SRC028,0.93,EV02970,2025-03-06 12:19:57,2025-04-23 21:17:58
MEM001556,P03537,O0128,Director,Ownership,2023-09-20,,Active,SRC027,0.8,EV01643,2024-02-08 16:31:33,2026-07-11 21:08:48
MEM001557,P03354,O0142,Accountant,Employment,2023-12-27,,Inactive,SRC010,0.88,EV04337,2024-09-26 21:25:12,2025-11-22 06:15:07
MEM001558,P03518,O0393,Director,Employment,2024-05-29,,Inactive,SRC005,0.81,EV00612,2026-01-21 19:09:55,2026-01-01 15:03:51
MEM001559,P03202,O0412,Manager,Employment,2025-06-13,,Inactive,SRC013,0.91,EV00596,2024-03-14 11:17:42,2024-09-17 05:47:10
MEM001560,P03860,O0449,Member,Employment,2024-11-14,,Ended,SRC025,0.8,EV02798,2026-01-26 20:41:26,2025-06-17 10:45:57
MEM001561,P03255,O0409,Accountant,Association,2024-01-15,,Inactive,SRC023,0.93,EV00589,2025-09-26 16:48:16,2026-04-26 03:28:21
MEM001562,P03803,O0357,Employee,Ownership,2025-12-12,,Inactive,SRC027,0.78,EV02229,2026-05-17 20:38:03,2024-08-29 17:59:02
MEM001563,P01705,O0081,Driver,Contract,2023-11-10,,Inactive,SRC013,0.89,EV03519,2025-08-18 01:59:33,2025-02-05 19:14:19
MEM001564,P03039,O0236,Manager,Contract,2024-05-23,2025-05-17,Active,SRC005,0.78,EV02376,2025-05-12 15:42:49,2026-08-24 03:22:34
MEM001565,P02333,O0225,Driver,Contract,2026-05-30,,Inactive,SRC016,0.91,EV01762,2024-07-02 06:27:35,2026-07-29 19:50:21
MEM001566,P02938,O0154,Employee,Contract,2022-09-17,,Inactive,SRC006,0.97,EV04147,2024-10-17 16:56:41,2025-08-07 10:30:40
MEM001567,P03618,O0304,Manager,Membership,2022-08-19,,Inactive,SRC009,0.92,EV02601,2024-04-29 22:29:01,2025-08-05 02:52:22
MEM001568,P01178,O0201,Manager,Employment,2024-11-06,,Inactive,SRC015,0.9,EV02839,2026-05-30 11:56:40,2025-01-28 06:52:21
MEM001569,P02662,O0206,Director,Association,2025-06-22,,Inactive,SRC011,0.86,EV01432,2025-06-18 03:48:49,2026-05-20 05:48:00
MEM001570,P02445,O0269,Director,Ownership,2021-09-30,,Ended,SRC014,0.79,EV01716,2024-12-22 10:22:09,2024-10-04 06:31:02
MEM001571,P03089,O0445,Consultant,Association,2025-07-31,,Ended,SRC021,0.95,EV01315,2025-06-27 21:25:00,2025-12-25 12:26:54
MEM001572,P01243,O0121,Employee,Contract,2025-03-17,,Ended,SRC017,0.84,EV04670,2025-07-31 18:27:54,2024-05-15 20:53:39
MEM001573,P03158,O0212,Manager,Membership,2022-10-15,,Active,SRC024,0.91,EV01439,2024-06-08 12:10:33,2024-06-13 18:22:49
MEM001574,P03490,O0452,Accountant,Membership,2023-01-25,,Ended,SRC006,0.82,EV03416,2026-04-18 13:17:58,2025-05-31 15:30:07
MEM001575,P02997,O0029,Manager,Association,2024-02-22,,Inactive,SRC017,0.96,EV00460,2024-12-18 14:06:22,2025-09-27 22:59:38
MEM001576,P00598,O0456,Employee,Contract,2025-03-14,,Ended,SRC007,0.97,EV04296,2026-01-31 17:26:38,2025-05-02 21:02:32
MEM001577,P00981,O0229,Accountant,Association,2024-10-02,,Active,SRC028,0.93,EV01076,2024-06-17 18:35:44,2025-07-20 20:13:55
MEM001578,P01632,O0412,Driver,Membership,2021-11-02,2024-11-12,Inactive,SRC029,0.88,EV01876,2024-11-13 12:55:57,2026-02-28 18:35:22
MEM001579,P03287,O0259,Accountant,Contract,2026-05-01,,Inactive,SRC030,0.89,EV02866,2025-12-29 02:30:37,2024-01-02 16:41:11
MEM001580,P02456,O0239,Consultant,Association,2025-04-11,,Ended,SRC027,0.98,EV00038,2024-09-21 11:25:49,2024-02-11 09:10:25
MEM001581,P00163,O0115,Accountant,Employment,2022-05-16,2025-10-15,Active,SRC021,0.96,EV02122,2024-07-15 17:07:25,2024-02-17 03:45:27
MEM001582,P02009,O0241,Driver,Employment,2022-03-10,2023-12-15,Ended,SRC005,0.84,EV02491,2024-04-28 05:45:29,2025-01-16 15:31:00
MEM001583,P02795,O0070,Consultant,Ownership,2024-12-13,,Ended,SRC014,0.8,EV04979,2024-10-19 12:33:13,2024-09-15 11:24:29
MEM001584,P00797,O0015,Consultant,Ownership,2026-07-28,,Active,SRC012,0.94,EV03882,2026-06-19 16:22:47,2024-08-05 11:24:00
MEM001585,P00427,O0280,Accountant,Ownership,2025-05-19,2026-01-05,Inactive,SRC026,0.87,EV04257,2025-08-21 04:26:29,2024-02-14 02:12:58
MEM001586,P01333,O0189,Director,Membership,2026-08-03,,Inactive,SRC020,0.89,EV01196,2024-01-25 20:25:36,2026-03-02 01:21:09
MEM001587,P00840,O0109,Member,Employment,2025-07-21,2026-04-23,Ended,SRC008,0.79,EV00937,2024-07-20 20:17:31,2026-08-10 11:42:03
MEM001588,P00505,O0240,Accountant,Contract,2024-04-07,,Active,SRC003,0.79,EV00978,2025-09-26 13:21:56,2025-01-07 15:16:41
MEM001589,P03806,O0175,Driver,Contract,2024-08-17,,Active,SRC021,0.89,EV03882,2026-04-15 11:30:13,2025-12-28 02:07:33
MEM001590,P02802,O0213,Partner,Employment,2025-05-12,,Active,SRC012,0.86,EV04981,2025-10-11 22:21:20,2025-11-26 16:35:53
MEM001591,P03371,O0449,Member,Employment,2026-02-21,,Inactive,SRC007,0.81,EV04279,2026-01-08 12:13:21,2025-01-13 07:05:20
MEM001592,P02119,O0092,Manager,Association,2024-08-03,2026-02-03,Active,SRC002,0.9,EV02552,2026-04-01 02:05:21,2026-04-27 13:01:09
MEM001593,P02786,O0387,Member,Ownership,2024-07-14,2024-09-25,Active,SRC028,0.94,EV02344,2025-06-12 18:29:20,2024-10-18 13:15:16
MEM001594,P00333,O0218,Member,Ownership,2025-08-20,,Active,SRC020,0.96,EV04081,2026-01-30 21:13:53,2024-11-03 02:37:09
MEM001595,P01909,O0417,Consultant,Membership,2026-08-22,,Active,SRC027,0.9,EV00313,2024-03-30 20:54:26,2026-02-23 10:46:35
MEM001596,P01329,O0161,Accountant,Ownership,2021-12-02,2023-03-28,Inactive,SRC006,0.91,EV00110,2024-10-28 15:00:00,2026-06-28 20:07:33
MEM001597,P02008,O0291,Driver,Contract,2026-03-14,,Active,SRC023,0.91,EV04923,2024-04-18 09:01:46,2024-12-25 23:57:28
MEM001598,P01320,O0171,Consultant,Membership,2021-09-29,,Inactive,SRC025,0.97,EV01020,2024-09-24 13:12:27,2026-08-19 20:37:26
MEM001599,P02986,O0087,Partner,Contract,2021-09-26,,Ended,SRC022,0.95,EV02678,2025-04-22 04:43:26,2024-10-24 05:36:05
MEM001600,P01763,O0417,Consultant,Ownership,2022-03-16,2026-02-24,Ended,SRC016,0.9,EV02884,2025-05-21 18:33:58,2025-06-15 00:01:16
MEM001601,P00965,O0376,Accountant,Employment,2026-04-15,2026-06-14,Inactive,SRC010,0.91,EV04035,2025-01-12 16:29:09,2026-05-04 02:53:46
MEM001602,P00018,O0214,Consultant,Contract,2022-04-28,,Inactive,SRC006,0.83,EV04839,2026-05-28 22:05:59,2026-05-12 17:15:18
MEM001603,P01420,O0172,Employee,Ownership,2023-05-04,2023-12-07,Inactive,SRC011,0.99,EV00482,2024-11-08 12:49:18,2025-12-25 01:41:24
MEM001604,P00422,O0116,Member,Contract,2025-12-07,,Inactive,SRC008,0.94,EV01650,2025-09-10 21:24:55,2026-03-01 08:53:34
MEM001605,P03104,O0282,Member,Contract,2026-04-14,,Active,SRC019,0.98,EV03836,2025-10-08 05:01:06,2024-06-01 06:42:49
MEM001606,P02453,O0018,Director,Ownership,2026-05-24,2026-07-12,Active,SRC018,0.88,EV00827,2025-11-12 18:45:06,2026-01-07 21:45:26
MEM001607,P03366,O0149,Member,Membership,2022-02-21,2023-09-16,Active,SRC004,0.82,EV00842,2026-03-31 14:53:15,2025-06-20 16:04:56
MEM001608,P01279,O0232,Director,Association,2026-06-10,,Ended,SRC012,0.88,EV02072,2025-05-17 10:54:09,2025-07-15 17:12:39
MEM001609,P03215,O0121,Member,Association,2022-10-06,2023-03-08,Ended,SRC016,0.96,EV02741,2025-09-08 15:27:37,2026-02-16 04:24:54
MEM001610,P03256,O0367,Member,Employment,2024-03-16,,Active,SRC019,0.91,EV00930,2024-12-18 22:08:07,2024-12-09 22:47:12
MEM001611,P00320,O0484,Driver,Association,2022-01-08,,Active,SRC022,0.82,EV03977,2025-02-06 16:31:31,2026-01-06 13:33:43
MEM001612,P03490,O0281,Member,Ownership,2021-12-31,,Active,SRC005,0.96,EV04265,2025-06-09 18:33:50,2026-01-24 21:19:37
MEM001613,P03391,O0106,Driver,Employment,2024-03-26,2026-04-30,Inactive,SRC002,0.94,EV01049,2024-05-02 04:45:15,2026-03-04 13:46:15
MEM001614,P00516,O0027,Partner,Contract,2025-04-15,2025-08-19,Inactive,SRC001,0.91,EV00189,2025-02-15 01:13:02,2026-06-30 21:22:25
MEM001615,P00564,O0294,Consultant,Employment,2024-09-28,,Active,SRC005,0.9,EV04701,2025-10-09 18:17:37,2024-11-17 16:49:17
MEM001616,P02417,O0385,Driver,Employment,2025-04-14,2026-07-29,Ended,SRC012,0.92,EV02387,2025-07-26 17:13:04,2024-03-30 16:41:19
MEM001617,P01774,O0448,Partner,Contract,2022-12-31,,Active,SRC007,0.86,EV02734,2025-06-13 20:09:14,2025-10-21 03:51:03
MEM001618,P02810,O0494,Employee,Contract,2022-11-24,,Inactive,SRC023,0.92,EV02704,2026-05-13 19:08:33,2025-01-25 23:27:19
MEM001619,P02738,O0294,Member,Association,2022-01-21,,Active,SRC005,0.91,EV02402,2024-08-18 02:23:16,2026-08-08 02:10:16
MEM001620,P01753,O0340,Director,Employment,2023-07-20,,Inactive,SRC012,0.98,EV02974,2026-07-25 02:05:10,2025-07-12 01:03:06
MEM001621,P02115,O0351,Director,Contract,2022-07-24,2024-12-31,Inactive,SRC030,0.86,EV03325,2025-07-17 07:51:54,2026-06-05 07:13:15
MEM001622,P00554,O0446,Driver,Ownership,2024-09-27,2026-07-27,Ended,SRC028,0.96,EV01351,2024-04-18 03:23:15,2026-01-10 07:27:26
MEM001623,P03866,O0345,Consultant,Employment,2022-07-18,,Inactive,SRC024,0.98,EV04300,2024-02-07 01:56:24,2024-08-06 16:06:44
MEM001624,P01872,O0201,Driver,Ownership,2022-09-11,,Active,SRC019,0.99,EV00580,2024-08-19 03:08:15,2025-07-04 16:25:58
MEM001625,P01015,O0381,Accountant,Employment,2023-11-27,,Inactive,SRC028,0.93,EV02085,2026-04-07 05:53:23,2025-06-23 14:57:57
MEM001626,P03388,O0306,Driver,Contract,2022-03-17,,Inactive,SRC004,0.86,EV04350,2025-03-11 21:30:43,2025-08-10 02:58:50
MEM001627,P02553,O0060,Director,Contract,2024-04-21,,Inactive,SRC023,0.79,EV02442,2025-12-11 20:00:17,2024-06-25 12:28:54
MEM001628,P01325,O0438,Consultant,Association,2022-04-21,2023-12-29,Inactive,SRC028,0.84,EV00106,2025-04-24 13:31:04,2024-09-23 19:34:26
MEM001629,P00081,O0342,Member,Contract,2023-03-07,2023-05-09,Ended,SRC011,0.8,EV02452,2024-11-02 17:51:11,2024-05-13 13:13:43
MEM001630,P01037,O0424,Driver,Association,2022-12-06,,Inactive,SRC005,0.95,EV03994,2026-03-08 02:28:32,2026-08-17 16:57:18
MEM001631,P03622,O0271,Consultant,Association,2022-12-19,,Inactive,SRC027,0.82,EV01111,2024-07-21 22:38:23,2025-11-17 03:46:34
MEM001632,P00136,O0281,Consultant,Association,2021-12-24,2024-03-26,Active,SRC009,0.97,EV02101,2025-10-26 16:01:58,2024-12-18 21:24:29
MEM001633,P02202,O0272,Consultant,Contract,2026-04-25,,Ended,SRC013,0.9,EV02243,2025-01-09 00:00:35,2024-10-27 21:50:20
MEM001634,P03447,O0339,Member,Association,2024-03-22,,Ended,SRC014,0.97,EV01570,2024-07-12 06:49:37,2026-07-03 10:50:13
MEM001635,P00523,O0424,Employee,Contract,2023-11-02,,Inactive,SRC026,0.94,EV03123,2024-10-04 17:06:18,2025-04-16 21:38:54
MEM001636,P01485,O0343,Employee,Ownership,2023-09-15,2026-03-29,Active,SRC018,0.81,EV04699,2025-01-03 16:37:52,2024-07-02 20:39:37
MEM001637,P03815,O0209,Accountant,Contract,2023-02-01,,Active,SRC004,0.86,EV00860,2025-01-08 08:27:53,2024-09-03 22:01:58
MEM001638,P02839,O0211,Member,Employment,2025-09-27,,Ended,SRC023,0.91,EV03230,2026-03-16 22:42:13,2025-01-01 19:55:17
MEM001639,P02083,O0191,Member,Membership,2025-03-07,2026-02-05,Inactive,SRC027,0.91,EV02137,2025-03-15 04:08:29,2024-06-17 17:44:43
MEM001640,P03696,O0021,Accountant,Contract,2025-04-03,,Active,SRC001,0.82,EV03938,2025-10-05 03:49:22,2025-12-02 11:27:55
MEM001641,P00039,O0103,Member,Contract,2023-06-27,2023-09-30,Ended,SRC016,0.96,EV04331,2024-04-11 18:42:08,2024-04-27 15:53:41
MEM001642,P03096,O0019,Accountant,Ownership,2022-05-01,,Active,SRC021,0.79,EV04843,2024-08-07 20:08:52,2025-09-30 03:49:23
MEM001643,P03971,O0274,Driver,Association,2026-03-28,,Inactive,SRC003,0.89,EV02795,2025-07-07 23:47:03,2026-02-26 23:08:39
MEM001644,P01023,O0461,Consultant,Association,2025-01-23,,Ended,SRC005,0.9,EV02536,2025-09-08 22:51:02,2026-04-05 15:30:32
MEM001645,P02001,O0241,Driver,Ownership,2024-11-04,,Active,SRC019,0.79,EV03000,2024-12-15 01:12:54,2025-12-06 13:18:45
MEM001646,P01449,O0243,Manager,Membership,2022-08-02,,Active,SRC001,0.95,EV02799,2024-08-21 21:00:34,2025-09-15 11:45:03
MEM001647,P01104,O0405,Driver,Membership,2022-02-10,2024-04-30,Ended,SRC014,0.98,EV01847,2025-01-20 04:45:38,2024-04-21 12:16:48
MEM001648,P01952,O0271,Driver,Employment,2026-07-17,2026-08-10,Inactive,SRC019,0.8,EV00404,2025-05-01 15:25:59,2026-03-27 22:11:15
MEM001649,P01380,O0217,Director,Membership,2022-06-19,,Ended,SRC018,0.98,EV01762,2024-03-16 21:30:03,2025-03-13 08:44:24
MEM001650,P02520,O0165,Driver,Contract,2025-11-05,,Active,SRC017,0.81,EV01682,2025-10-09 18:58:21,2024-03-05 09:25:03
MEM001651,P02481,O0244,Member,Ownership,2025-01-21,2025-11-03,Ended,SRC008,0.94,EV02049,2024-02-08 16:25:23,2025-04-27 19:02:00
MEM001652,P01195,O0049,Manager,Association,2023-01-08,2023-06-15,Inactive,SRC011,0.91,EV00062,2024-08-02 03:38:45,2024-12-08 03:23:08
MEM001653,P03085,O0097,Accountant,Association,2024-08-27,2026-07-09,Active,SRC005,0.91,EV00981,2026-06-08 23:22:23,2024-02-21 17:38:06
MEM001654,P01147,O0211,Consultant,Ownership,2026-02-05,,Active,SRC021,0.82,EV03274,2024-11-19 17:54:03,2024-12-12 16:30:53
MEM001655,P00825,O0490,Member,Membership,2022-10-24,,Inactive,SRC018,0.99,EV03874,2025-08-05 16:07:07,2025-06-30 12:34:55
MEM001656,P00618,O0492,Manager,Association,2026-08-29,,Ended,SRC018,0.87,EV03467,2024-06-20 01:12:09,2024-02-14 01:48:50
MEM001657,P02250,O0045,Consultant,Membership,2022-07-29,,Inactive,SRC030,0.83,EV01386,2026-01-05 07:40:20,2025-03-19 13:16:55
MEM001658,P03335,O0413,Member,Employment,2022-12-25,,Active,SRC024,0.99,EV00507,2025-11-02 15:55:24,2026-03-05 03:30:26
MEM001659,P03138,O0208,Manager,Association,2022-01-15,,Ended,SRC030,0.8,EV01845,2025-03-15 20:49:18,2026-02-19 12:44:12
MEM001660,P01351,O0463,Manager,Association,2026-08-11,,Inactive,SRC011,0.95,EV03859,2024-11-25 13:23:09,2026-05-14 05:48:03
MEM001661,P03973,O0442,Manager,Association,2022-03-14,,Ended,SRC005,0.91,EV01828,2026-08-03 03:52:45,2025-06-25 19:27:57
MEM001662,P03791,O0308,Driver,Employment,2025-06-20,,Inactive,SRC016,0.85,EV00624,2026-03-08 22:42:52,2025-12-28 03:21:16
MEM001663,P03215,O0457,Director,Ownership,2024-05-22,,Inactive,SRC027,0.91,EV03517,2024-05-20 08:50:25,2026-04-26 08:06:57
MEM001664,P00155,O0024,Member,Ownership,2025-06-16,,Inactive,SRC023,0.87,EV04933,2024-05-31 03:39:21,2025-03-06 09:21:01
MEM001665,P00048,O0018,Accountant,Ownership,2023-01-28,,Active,SRC028,0.96,EV02662,2025-02-18 05:00:29,2024-02-02 00:19:09
MEM001666,P02156,O0004,Manager,Contract,2025-06-28,2025-09-09,Inactive,SRC014,0.88,EV02525,2025-08-17 09:46:54,2024-12-19 03:39:42
MEM001667,P01900,O0324,Consultant,Employment,2022-10-04,,Ended,SRC007,0.89,EV01660,2025-11-13 14:43:41,2024-11-10 12:06:06
MEM001668,P00485,O0303,Employee,Association,2026-01-15,,Active,SRC004,0.93,EV00884,2024-11-25 12:42:17,2026-05-02 11:01:48
MEM001669,P02725,O0443,Manager,Ownership,2024-05-29,,Inactive,SRC016,0.81,EV01007,2024-07-26 23:37:29,2024-09-25 05:11:28
MEM001670,P00568,O0288,Consultant,Employment,2025-02-17,,Ended,SRC010,0.88,EV01628,2026-03-24 18:05:02,2026-03-08 05:21:03
MEM001671,P02241,O0195,Director,Association,2023-03-16,,Inactive,SRC029,0.81,EV04171,2025-09-26 19:45:30,2026-01-24 06:08:07
MEM001672,P03282,O0138,Accountant,Ownership,2026-08-13,,Ended,SRC002,0.89,EV04762,2026-07-29 19:20:32,2026-04-24 05:54:03
MEM001673,P00595,O0448,Employee,Ownership,2025-07-05,,Active,SRC006,0.86,EV04742,2025-12-30 15:58:53,2025-09-09 18:37:47
MEM001674,P03843,O0366,Employee,Membership,2021-10-25,2021-12-14,Ended,SRC016,0.9,EV00069,2024-04-09 09:51:04,2024-05-26 17:57:41
MEM001675,P01871,O0477,Employee,Association,2023-01-05,,Inactive,SRC021,0.98,EV00518,2024-11-06 03:46:13,2025-07-12 22:38:09
MEM001676,P02535,O0120,Partner,Membership,2025-03-25,,Ended,SRC016,0.81,EV01746,2026-05-11 10:23:25,2025-05-16 16:06:04
MEM001677,P02916,O0141,Manager,Association,2026-07-27,,Inactive,SRC002,0.91,EV01363,2025-09-14 16:09:18,2025-07-12 17:27:13
MEM001678,P02053,O0443,Director,Association,2022-10-16,2023-05-25,Inactive,SRC007,0.83,EV02547,2025-06-01 01:58:51,2024-07-30 12:42:45
MEM001679,P01311,O0214,Consultant,Employment,2025-06-28,,Ended,SRC016,0.98,EV00657,2026-05-21 18:12:06,2024-11-19 09:54:26
MEM001680,P00684,O0379,Consultant,Ownership,2025-07-14,,Ended,SRC025,0.79,EV04376,2025-11-24 06:25:07,2025-12-10 22:54:01
MEM001681,P01338,O0085,Partner,Employment,2025-09-28,2025-12-28,Active,SRC027,0.83,EV04762,2024-07-20 20:18:17,2025-10-06 11:51:54
MEM001682,P00869,O0412,Manager,Employment,2021-11-14,2025-12-13,Ended,SRC006,0.97,EV02599,2026-07-23 13:10:42,2024-01-06 23:43:55
MEM001683,P01784,O0024,Accountant,Employment,2022-03-25,,Inactive,SRC015,0.98,EV01839,2024-02-08 00:08:57,2025-08-12 11:31:49
MEM001684,P00733,O0058,Accountant,Association,2025-04-06,,Inactive,SRC001,0.95,EV02822,2025-11-27 18:01:55,2024-08-15 17:52:01
MEM001685,P01922,O0003,Employee,Ownership,2025-02-01,,Ended,SRC003,0.85,EV04776,2025-02-28 10:59:15,2024-09-30 06:14:21
MEM001686,P02729,O0305,Partner,Contract,2023-06-12,2024-07-07,Active,SRC013,0.85,EV02446,2026-03-06 14:41:03,2026-07-18 14:49:58
MEM001687,P01461,O0336,Manager,Employment,2023-01-23,2024-09-03,Inactive,SRC019,0.93,EV01904,2024-12-03 04:28:27,2024-04-06 18:27:40
MEM001688,P00181,O0198,Member,Ownership,2022-07-26,,Active,SRC011,0.89,EV04665,2025-10-05 03:57:08,2025-11-10 14:06:07
MEM001689,P02093,O0103,Member,Membership,2024-12-04,,Inactive,SRC022,0.86,EV02798,2026-05-22 11:08:29,2026-04-10 09:30:50
MEM001690,P03383,O0062,Member,Ownership,2025-01-09,,Active,SRC025,0.93,EV01474,2025-04-28 15:22:00,2026-03-23 15:52:37
MEM001691,P03370,O0251,Employee,Membership,2025-08-26,,Ended,SRC027,0.9,EV02077,2026-08-17 04:45:45,2024-12-04 22:13:39
MEM001692,P02580,O0072,Consultant,Ownership,2022-03-09,,Active,SRC001,0.96,EV02027,2025-06-13 04:52:41,2026-02-07 08:45:22
MEM001693,P00601,O0031,Driver,Association,2022-10-06,,Active,SRC001,0.81,EV04395,2025-10-13 11:58:20,2026-08-24 02:47:26
MEM001694,P03404,O0305,Director,Membership,2026-04-05,,Active,SRC024,0.91,EV04036,2025-09-28 21:25:21,2026-08-04 13:49:13
MEM001695,P02796,O0455,Driver,Contract,2023-09-16,2025-09-09,Ended,SRC015,0.97,EV02253,2025-09-16 02:52:10,2024-01-15 21:59:27
MEM001696,P02611,O0385,Partner,Ownership,2026-02-26,,Ended,SRC024,0.78,EV02316,2026-04-09 12:26:40,2024-05-06 10:02:15
MEM001697,P03444,O0424,Driver,Association,2024-04-02,2025-10-20,Ended,SRC018,0.86,EV03442,2025-01-10 09:42:59,2024-01-20 18:28:48
MEM001698,P00321,O0384,Member,Employment,2024-05-24,,Ended,SRC030,0.81,EV03561,2024-10-11 17:14:13,2025-04-12 19:52:14
MEM001699,P00081,O0235,Director,Employment,2022-09-08,,Inactive,SRC006,0.83,EV01154,2026-06-17 07:10:43,2024-04-01 19:39:06
MEM001700,P01673,O0393,Employee,Ownership,2024-06-09,,Ended,SRC015,0.86,EV00440,2024-12-28 18:25:56,2025-03-11 00:42:50
MEM001701,P02532,O0297,Member,Contract,2024-01-30,,Inactive,SRC013,0.99,EV00096,2025-07-11 01:52:46,2026-06-25 12:33:17
MEM001702,P03001,O0030,Director,Association,2024-10-13,,Ended,SRC005,0.96,EV04454,2025-12-12 00:49:53,2024-05-25 22:12:49
MEM001703,P00136,O0360,Employee,Contract,2024-02-25,,Active,SRC013,0.92,EV03911,2024-09-20 14:02:02,2026-04-09 12:46:54
MEM001704,P00777,O0374,Member,Ownership,2025-01-16,,Inactive,SRC028,0.85,EV01493,2026-04-18 07:29:17,2024-05-25 21:05:37
MEM001705,P01117,O0032,Driver,Employment,2023-03-26,,Active,SRC004,0.89,EV02930,2025-01-05 10:43:30,2025-09-12 14:00:08
MEM001706,P01785,O0216,Director,Employment,2022-04-19,,Ended,SRC003,0.97,EV02341,2024-11-03 15:13:18,2024-05-09 17:59:33
MEM001707,P02392,O0153,Member,Association,2022-02-28,,Inactive,SRC002,0.9,EV02525,2024-12-27 03:53:11,2025-04-26 01:39:34
MEM001708,P02070,O0487,Manager,Ownership,2025-06-09,,Inactive,SRC012,0.95,EV00558,2026-04-27 10:57:31,2025-05-26 14:30:55
MEM001709,P00886,O0207,Employee,Ownership,2021-11-30,,Ended,SRC020,0.78,EV03190,2025-03-26 16:35:37,2025-05-14 03:27:06
MEM001710,P02270,O0407,Accountant,Employment,2024-12-03,,Ended,SRC016,0.98,EV01779,2026-03-19 08:38:48,2025-08-07 17:05:51
MEM001711,P03161,O0317,Driver,Ownership,2024-12-05,,Inactive,SRC028,0.84,EV02021,2024-02-07 20:57:57,2024-08-06 10:34:20
MEM001712,P00419,O0190,Accountant,Membership,2021-10-22,,Ended,SRC017,0.82,EV00673,2026-02-04 14:26:21,2024-06-22 06:30:14
MEM001713,P02804,O0058,Director,Employment,2024-02-01,2026-02-23,Inactive,SRC029,0.97,EV01305,2025-06-17 21:51:07,2026-07-17 12:50:42
MEM001714,P02030,O0185,Accountant,Contract,2022-01-20,,Inactive,SRC028,0.91,EV01585,2025-10-06 14:30:38,2024-07-31 03:53:41
MEM001715,P01115,O0287,Driver,Contract,2023-03-24,,Active,SRC019,0.92,EV01634,2025-10-04 03:24:48,2024-09-10 14:09:49
MEM001716,P03734,O0306,Employee,Ownership,2021-11-04,,Inactive,SRC005,0.8,EV03434,2024-10-08 23:52:30,2025-02-13 23:22:27
MEM001717,P01622,O0034,Manager,Employment,2021-10-05,,Active,SRC008,0.94,EV03924,2026-05-05 09:45:24,2026-05-21 17:32:50
MEM001718,P01409,O0041,Partner,Employment,2026-03-04,,Inactive,SRC021,0.87,EV04790,2024-10-05 10:39:21,2025-04-02 14:40:16
MEM001719,P02399,O0100,Member,Membership,2023-12-23,,Inactive,SRC016,0.92,EV02397,2024-07-28 11:52:32,2024-01-08 04:26:08
MEM001720,P03295,O0427,Partner,Membership,2024-05-17,,Ended,SRC030,0.91,EV01613,2025-10-10 02:40:15,2024-11-21 14:40:31
MEM001721,P01404,O0373,Accountant,Ownership,2021-09-29,2024-12-31,Active,SRC010,0.88,EV03440,2024-01-02 09:05:54,2024-01-22 09:08:13
MEM001722,P03207,O0089,Partner,Association,2025-02-23,2025-11-19,Active,SRC020,0.88,EV02591,2024-08-01 15:48:16,2024-02-23 05:49:17
MEM001723,P03574,O0376,Driver,Employment,2023-12-24,,Inactive,SRC028,0.8,EV04223,2025-11-07 23:46:33,2025-02-04 08:45:18
MEM001724,P03445,O0446,Manager,Association,2023-02-23,,Inactive,SRC014,0.82,EV00923,2025-12-15 10:27:33,2024-02-10 07:47:35
MEM001725,P01253,O0442,Director,Association,2024-06-05,,Inactive,SRC009,0.82,EV02057,2024-02-27 07:44:47,2024-12-27 20:11:03
MEM001726,P01501,O0096,Accountant,Association,2025-04-22,,Inactive,SRC017,0.85,EV03836,2026-01-18 16:15:56,2025-12-23 18:29:59
MEM001727,P02976,O0479,Employee,Contract,2026-01-09,2026-04-17,Active,SRC015,0.81,EV01002,2024-10-12 11:53:27,2026-02-23 11:35:19
MEM001728,P00421,O0130,Partner,Contract,2025-06-14,2026-01-19,Active,SRC009,0.85,EV02760,2025-06-03 18:47:34,2024-05-17 08:53:11
MEM001729,P03011,O0245,Employee,Ownership,2025-12-07,,Active,SRC022,0.89,EV02269,2024-07-18 14:38:16,2026-07-18 01:21:55
MEM001730,P01513,O0342,Member,Contract,2025-11-29,,Inactive,SRC001,0.8,EV02000,2025-09-29 18:34:32,2025-09-06 21:07:15
MEM001731,P02124,O0113,Partner,Employment,2025-03-26,,Ended,SRC006,0.86,EV01816,2025-04-27 22:16:32,2025-06-25 06:56:44
MEM001732,P03276,O0329,Driver,Association,2025-02-17,,Ended,SRC018,0.9,EV03541,2026-08-09 14:52:12,2025-10-04 19:03:57
MEM001733,P02311,O0384,Manager,Ownership,2024-12-24,,Ended,SRC017,0.82,EV02652,2024-06-20 13:38:18,2026-02-25 21:59:39
MEM001734,P00157,O0295,Member,Contract,2023-09-24,,Active,SRC001,0.86,EV02907,2024-04-25 09:59:18,2026-06-02 07:46:46
MEM001735,P03089,O0131,Consultant,Membership,2022-06-20,,Inactive,SRC025,0.92,EV04756,2024-05-09 15:38:10,2024-06-02 11:33:49
MEM001736,P00596,O0245,Partner,Employment,2025-05-20,,Active,SRC014,0.99,EV02847,2026-03-23 14:32:49,2026-03-20 13:40:09
MEM001737,P03227,O0095,Consultant,Employment,2024-01-04,,Ended,SRC007,0.91,EV04874,2025-02-05 23:00:35,2026-07-05 21:59:11
MEM001738,P00055,O0112,Driver,Contract,2023-02-13,,Active,SRC014,0.79,EV01599,2024-05-11 10:56:16,2024-04-02 23:00:25
MEM001739,P01559,O0029,Partner,Contract,2022-12-31,,Ended,SRC017,0.94,EV04884,2025-08-19 23:36:39,2024-10-09 17:46:56
MEM001740,P00740,O0235,Consultant,Membership,2022-04-22,,Active,SRC006,0.8,EV03672,2026-06-05 12:30:57,2025-10-22 13:00:03
MEM001741,P00756,O0144,Employee,Contract,2026-01-25,,Active,SRC019,0.98,EV00548,2025-01-15 12:39:12,2026-01-07 16:50:35
MEM001742,P02732,O0276,Manager,Ownership,2024-07-09,,Active,SRC025,0.93,EV02955,2024-11-04 21:57:51,2026-04-21 11:47:52
MEM001743,P02040,O0013,Director,Association,2021-11-13,,Inactive,SRC011,0.82,EV04578,2025-05-09 08:43:17,2026-04-20 14:00:54
MEM001744,P01416,O0121,Director,Contract,2024-01-03,,Ended,SRC019,0.99,EV03604,2024-05-15 15:43:49,2025-10-27 22:26:08
MEM001745,P02782,O0281,Member,Association,2026-06-01,,Inactive,SRC010,0.89,EV02385,2025-07-07 11:44:36,2024-06-20 07:28:35
MEM001746,P00259,O0360,Manager,Contract,2023-04-26,,Active,SRC025,0.79,EV01157,2024-07-13 14:37:43,2026-01-18 16:11:11
MEM001747,P01903,O0234,Director,Employment,2021-09-07,,Active,SRC001,0.9,EV02888,2024-12-31 05:55:49,2025-07-08 16:02:21
MEM001748,P02186,O0133,Employee,Ownership,2023-04-07,,Active,SRC011,0.88,EV01442,2025-12-15 21:45:58,2024-08-11 05:40:55
MEM001749,P01516,O0499,Accountant,Contract,2023-07-02,,Inactive,SRC025,0.79,EV02191,2026-04-24 08:08:08,2025-09-06 13:17:22
MEM001750,P01792,O0488,Accountant,Employment,2022-11-13,,Active,SRC020,0.98,EV02269,2024-04-15 21:13:26,2024-11-15 18:31:51
MEM001751,P01107,O0456,Member,Ownership,2022-04-14,,Ended,SRC026,0.81,EV04892,2026-01-03 20:34:33,2026-04-28 17:28:50
MEM001752,P03831,O0291,Partner,Ownership,2021-10-18,,Active,SRC005,0.87,EV04081,2025-04-09 01:11:01,2024-02-02 02:09:51
MEM001753,P03173,O0342,Manager,Membership,2022-04-22,,Inactive,SRC005,0.92,EV04607,2026-05-23 15:07:47,2024-02-24 13:02:03
MEM001754,P01439,O0052,Partner,Ownership,2022-07-06,,Inactive,SRC016,0.86,EV00622,2026-07-10 14:45:42,2025-10-23 02:09:26
MEM001755,P02707,O0330,Driver,Membership,2024-09-04,,Inactive,SRC009,0.81,EV04060,2025-02-09 14:46:16,2025-04-06 16:44:35
MEM001756,P01228,O0303,Partner,Employment,2023-09-12,,Inactive,SRC025,0.93,EV03524,2025-12-20 12:07:44,2024-05-13 21:27:55
MEM001757,P00371,O0382,Employee,Membership,2022-07-09,2024-08-24,Active,SRC002,0.98,EV01357,2026-05-20 23:36:29,2025-08-17 14:07:53
MEM001758,P01555,O0051,Accountant,Ownership,2025-03-06,,Active,SRC010,0.82,EV03130,2026-05-07 19:47:33,2024-12-21 20:16:14
MEM001759,P03136,O0463,Driver,Association,2026-01-11,,Inactive,SRC022,0.97,EV02447,2025-04-11 07:19:22,2026-03-20 22:06:29
MEM001760,P00558,O0401,Consultant,Ownership,2022-07-24,,Active,SRC026,0.97,EV04084,2024-07-11 23:31:51,2025-09-15 03:18:02
MEM001761,P03207,O0033,Accountant,Association,2022-09-06,,Inactive,SRC023,0.83,EV04191,2026-02-16 11:01:18,2026-02-01 23:11:07
MEM001762,P01382,O0224,Employee,Membership,2026-08-14,,Ended,SRC025,0.83,EV00098,2025-05-09 01:01:11,2026-03-25 01:35:45
MEM001763,P01287,O0300,Member,Employment,2026-06-15,,Inactive,SRC016,0.88,EV01513,2025-08-11 02:49:04,2024-09-16 08:10:33
MEM001764,P02189,O0487,Member,Membership,2022-01-09,,Inactive,SRC023,0.87,EV00607,2026-02-09 15:37:32,2026-06-12 03:43:22
MEM001765,P00133,O0288,Consultant,Employment,2021-11-10,,Ended,SRC025,0.84,EV03851,2026-05-11 19:12:50,2024-06-08 02:44:45
MEM001766,P02443,O0066,Driver,Employment,2022-03-01,,Ended,SRC001,0.94,EV01378,2026-07-19 07:41:41,2025-04-28 00:33:12
MEM001767,P01270,O0362,Director,Employment,2022-06-28,,Ended,SRC007,0.91,EV02533,2025-02-14 23:13:51,2025-08-15 08:27:21
MEM001768,P01187,O0429,Partner,Employment,2022-01-09,,Ended,SRC013,0.97,EV00321,2026-01-22 16:13:27,2024-11-02 02:27:18
MEM001769,P03410,O0498,Manager,Contract,2023-09-09,,Active,SRC005,0.86,EV03557,2025-03-07 20:57:16,2025-04-12 09:14:56
MEM001770,P03202,O0200,Manager,Association,2025-05-22,2026-08-04,Ended,SRC010,0.83,EV00535,2024-05-07 05:10:10,2026-03-07 03:21:19
MEM001771,P01734,O0050,Manager,Membership,2024-01-25,,Active,SRC026,0.83,EV02975,2025-07-17 07:30:34,2026-01-16 09:15:10
MEM001772,P02542,O0459,Employee,Contract,2025-10-14,,Inactive,SRC015,0.98,EV03379,2026-02-08 02:29:51,2025-10-30 11:48:39
MEM001773,P01430,O0009,Accountant,Membership,2024-12-02,,Ended,SRC025,0.82,EV04722,2025-05-17 18:05:11,2024-08-26 12:35:42
MEM001774,P00472,O0277,Member,Contract,2022-01-27,,Ended,SRC014,0.81,EV04660,2026-06-11 21:08:45,2025-11-07 09:45:55
MEM001775,P01210,O0299,Employee,Association,2023-08-04,,Inactive,SRC011,0.87,EV03654,2024-02-27 12:25:09,2024-02-09 16:37:29
MEM001776,P01733,O0254,Member,Contract,2022-01-07,,Inactive,SRC022,0.85,EV03343,2024-04-05 14:39:28,2025-07-30 06:13:35
MEM001777,P01732,O0118,Accountant,Ownership,2023-04-07,,Active,SRC022,0.99,EV01323,2026-04-23 14:25:14,2026-02-23 12:15:35
MEM001778,P01912,O0022,Partner,Association,2022-10-08,,Ended,SRC010,0.88,EV04835,2024-11-01 06:43:39,2025-03-14 01:29:33
MEM001779,P03521,O0149,Partner,Employment,2023-08-17,,Active,SRC016,0.89,EV00444,2024-02-18 00:22:15,2026-06-27 18:12:13
MEM001780,P01036,O0186,Director,Employment,2025-12-11,,Active,SRC009,0.88,EV04548,2026-02-23 12:47:14,2025-05-29 10:31:25
MEM001781,P01804,O0293,Member,Contract,2026-07-29,,Inactive,SRC024,0.97,EV03352,2025-05-27 19:43:01,2024-01-21 08:50:02
MEM001782,P02626,O0312,Director,Association,2023-03-24,,Inactive,SRC015,0.92,EV02957,2024-07-26 01:04:52,2026-01-14 05:16:57
MEM001783,P04000,O0247,Employee,Employment,2025-02-04,,Inactive,SRC021,0.93,EV03409,2026-01-12 21:30:31,2025-04-02 02:50:26
MEM001784,P00494,O0302,Manager,Membership,2023-12-27,,Active,SRC009,0.84,EV04128,2024-02-17 04:45:40,2024-02-28 01:11:33
MEM001785,P01923,O0190,Manager,Employment,2021-12-15,2026-01-11,Active,SRC004,0.94,EV02679,2026-04-22 17:36:59,2024-10-23 16:51:18
MEM001786,P03047,O0293,Consultant,Employment,2024-05-26,2025-09-26,Inactive,SRC009,0.97,EV03860,2025-05-07 08:16:17,2025-11-02 21:34:58
MEM001787,P01260,O0338,Driver,Membership,2023-12-30,,Inactive,SRC010,0.82,EV01892,2025-03-24 13:44:19,2025-10-15 10:11:14
MEM001788,P03250,O0039,Member,Ownership,2023-01-16,,Inactive,SRC025,0.8,EV00300,2024-01-05 08:36:18,2025-12-03 07:16:10
MEM001789,P02657,O0023,Accountant,Employment,2023-06-12,,Ended,SRC007,0.83,EV04036,2024-07-09 16:46:23,2026-04-24 00:58:15
MEM001790,P01057,O0042,Employee,Contract,2021-09-12,,Ended,SRC018,0.96,EV01169,2024-09-22 18:48:02,2024-05-25 16:57:31
MEM001791,P02793,O0330,Manager,Contract,2022-11-05,2026-06-06,Inactive,SRC017,0.8,EV02736,2024-12-17 14:48:20,2026-03-17 23:51:11
MEM001792,P01731,O0442,Partner,Contract,2025-10-31,,Inactive,SRC019,0.93,EV00072,2025-12-04 11:43:17,2026-03-30 18:09:16
MEM001793,P02372,O0172,Driver,Ownership,2024-11-24,,Inactive,SRC019,0.98,EV00587,2026-03-31 11:35:31,2024-04-04 22:28:23
MEM001794,P02368,O0244,Consultant,Association,2023-08-23,,Ended,SRC016,0.78,EV02066,2026-03-08 17:41:53,2025-01-21 19:32:12
MEM001795,P01806,O0323,Partner,Employment,2024-05-18,,Ended,SRC004,0.91,EV01461,2025-08-16 06:50:14,2024-09-21 02:19:13
MEM001796,P00173,O0020,Partner,Employment,2022-10-02,,Ended,SRC023,0.9,EV02815,2024-08-17 23:54:47,2026-03-06 19:19:26
MEM001797,P03758,O0075,Director,Contract,2025-01-27,,Active,SRC016,0.82,EV01527,2024-11-21 08:40:09,2024-10-20 02:30:54
MEM001798,P00024,O0243,Accountant,Employment,2025-12-21,,Inactive,SRC001,0.96,EV00342,2025-08-21 20:32:14,2024-10-22 04:24:26
MEM001799,P03546,O0084,Member,Membership,2022-02-14,2023-11-09,Active,SRC014,0.9,EV04862,2026-03-11 12:37:59,2025-07-20 23:50:34
MEM001800,P01931,O0247,Member,Membership,2023-12-29,,Inactive,SRC029,0.91,EV02543,2025-01-02 11:16:47,2024-03-21 15:24:57
MEM001801,P02213,O0052,Manager,Employment,2021-10-09,,Active,SRC001,0.79,EV02003,2026-08-08 02:47:19,2024-08-14 03:29:16
MEM001802,P02554,O0129,Director,Association,2022-04-10,,Active,SRC011,0.91,EV03765,2025-01-12 21:09:21,2024-05-16 01:29:56
MEM001803,P02011,O0373,Member,Ownership,2023-06-27,,Inactive,SRC007,0.85,EV00624,2025-10-02 21:27:45,2025-12-21 10:33:46
MEM001804,P00720,O0486,Member,Membership,2025-11-02,2026-04-30,Inactive,SRC021,0.8,EV04683,2026-05-19 18:23:33,2024-06-20 23:23:29
MEM001805,P00094,O0430,Manager,Ownership,2023-06-27,,Ended,SRC012,0.91,EV01729,2025-04-30 23:16:25,2024-08-31 02:25:39
MEM001806,P00155,O0291,Driver,Association,2024-08-23,,Ended,SRC024,0.81,EV00029,2024-04-28 15:22:35,2024-08-21 23:46:02
MEM001807,P00342,O0296,Consultant,Association,2021-11-22,,Ended,SRC021,0.99,EV00497,2024-05-03 16:10:44,2025-05-11 11:52:57
MEM001808,P01834,O0080,Consultant,Membership,2021-12-22,2023-03-06,Inactive,SRC026,0.83,EV01605,2026-03-30 12:23:27,2024-10-19 12:08:00
MEM001809,P00068,O0118,Director,Association,2023-10-25,,Ended,SRC022,0.84,EV00911,2026-03-02 00:44:35,2024-09-10 16:51:36
MEM001810,P03158,O0226,Accountant,Employment,2022-10-04,2023-06-14,Inactive,SRC030,0.83,EV03413,2025-03-15 07:40:41,2024-02-04 12:14:01
MEM001811,P00057,O0063,Partner,Ownership,2025-04-29,,Active,SRC010,0.95,EV00871,2024-01-01 09:39:56,2024-04-05 19:25:26
MEM001812,P01862,O0251,Director,Ownership,2021-10-09,,Active,SRC004,0.79,EV00127,2026-06-05 01:39:24,2025-10-12 05:06:15
MEM001813,P00525,O0157,Consultant,Association,2022-05-17,,Ended,SRC009,0.88,EV00538,2024-03-30 08:58:03,2025-03-16 23:04:55
MEM001814,P03802,O0362,Consultant,Membership,2023-10-25,,Inactive,SRC012,0.87,EV02274,2026-05-29 11:00:45,2025-03-11 06:40:25
MEM001815,P01241,O0326,Partner,Employment,2022-02-06,2026-04-05,Ended,SRC026,0.98,EV04179,2026-03-06 14:39:29,2026-08-26 23:32:03
MEM001816,P02903,O0494,Member,Contract,2024-09-28,,Active,SRC030,0.88,EV01710,2025-04-30 00:09:24,2024-12-22 22:08:01
MEM001817,P02090,O0331,Member,Contract,2022-05-28,,Inactive,SRC003,0.95,EV02993,2024-12-07 21:50:10,2024-02-13 00:43:55
MEM001818,P00349,O0399,Manager,Ownership,2026-01-20,,Ended,SRC021,0.98,EV03132,2024-06-03 00:10:31,2026-02-19 08:15:21
MEM001819,P00259,O0406,Director,Ownership,2022-10-04,,Inactive,SRC030,0.8,EV01111,2024-06-28 22:38:22,2024-02-09 17:41:15
MEM001820,P00067,O0008,Manager,Membership,2024-08-14,,Active,SRC026,0.82,EV01955,2026-04-17 10:53:07,2025-05-17 20:14:42
MEM001821,P01692,O0199,Manager,Contract,2022-06-16,,Inactive,SRC025,0.86,EV00973,2024-09-20 01:20:29,2026-06-27 09:55:59
MEM001822,P03986,O0011,Member,Membership,2026-02-03,,Ended,SRC021,0.81,EV01561,2025-04-30 19:08:55,2026-02-23 20:36:46
MEM001823,P01215,O0289,Driver,Ownership,2022-04-18,,Active,SRC018,0.96,EV03839,2024-06-12 10:11:12,2025-11-09 14:58:31
MEM001824,P01690,O0367,Member,Association,2023-07-21,,Active,SRC019,0.88,EV03731,2025-01-14 09:31:33,2024-04-03 03:33:22
MEM001825,P02464,O0072,Director,Association,2023-08-13,,Active,SRC008,0.82,EV00863,2025-09-13 15:22:35,2024-05-16 17:54:11
MEM001826,P00171,O0085,Manager,Ownership,2026-08-06,,Active,SRC006,0.87,EV03275,2026-04-03 19:35:29,2024-01-14 03:45:09
MEM001827,P00867,O0376,Partner,Association,2023-11-13,,Ended,SRC014,0.83,EV02457,2025-05-29 14:42:19,2024-10-28 11:57:49
MEM001828,P02533,O0276,Employee,Employment,2022-12-21,,Active,SRC009,0.97,EV04276,2025-05-28 12:03:53,2025-04-02 03:01:53
MEM001829,P00523,O0033,Director,Employment,2024-01-14,,Inactive,SRC027,0.98,EV03745,2026-06-07 11:40:49,2026-02-02 12:04:44
MEM001830,P01986,O0341,Partner,Employment,2022-06-01,,Active,SRC023,0.97,EV01945,2025-05-19 08:38:42,2026-04-20 14:08:45
MEM001831,P01154,O0217,Consultant,Association,2026-02-24,2026-08-20,Ended,SRC025,0.78,EV00097,2024-07-05 06:55:32,2024-07-05 18:43:43
MEM001832,P03415,O0089,Consultant,Membership,2026-03-17,,Inactive,SRC006,0.8,EV02677,2025-03-11 09:49:42,2025-09-06 06:03:07
MEM001833,P01788,O0234,Accountant,Membership,2023-05-28,2026-01-21,Ended,SRC018,0.95,EV04372,2025-08-25 16:42:22,2025-01-16 01:43:24
MEM001834,P03511,O0128,Manager,Employment,2022-03-08,,Inactive,SRC021,0.85,EV01739,2024-05-21 08:36:33,2024-05-12 07:16:14
MEM001835,P02664,O0176,Member,Membership,2024-07-30,,Ended,SRC019,0.9,EV01430,2024-10-08 06:41:02,2026-06-13 12:34:51
MEM001836,P03310,O0044,Driver,Contract,2025-03-21,,Inactive,SRC025,0.94,EV01877,2026-06-22 02:11:45,2025-11-06 09:42:40
MEM001837,P03985,O0494,Employee,Employment,2022-05-13,2024-12-17,Ended,SRC007,0.82,EV01933,2025-08-08 21:10:59,2025-11-05 07:29:02
MEM001838,P03483,O0084,Member,Ownership,2025-03-22,,Ended,SRC010,0.83,EV02426,2025-11-14 20:12:33,2025-07-28 11:32:10
MEM001839,P03390,O0029,Accountant,Membership,2024-09-02,2026-04-02,Ended,SRC015,0.79,EV02433,2024-08-04 02:29:29,2024-05-02 09:28:41
MEM001840,P01287,O0185,Employee,Contract,2022-05-05,,Inactive,SRC024,0.78,EV02884,2025-07-01 19:30:57,2026-07-27 16:21:26
MEM001841,P01862,O0116,Partner,Membership,2021-09-25,2026-05-02,Ended,SRC026,0.91,EV02413,2025-02-22 14:04:37,2026-08-29 07:31:13
MEM001842,P02217,O0454,Accountant,Association,2026-06-28,2026-08-08,Inactive,SRC025,0.95,EV00094,2025-07-10 09:51:24,2026-01-18 03:08:39
MEM001843,P01182,O0300,Accountant,Membership,2022-12-24,2024-02-27,Active,SRC021,0.94,EV02464,2024-02-15 22:06:37,2026-03-08 10:51:47
MEM001844,P00019,O0486,Director,Contract,2024-10-23,,Inactive,SRC007,0.84,EV04786,2025-07-28 06:23:07,2024-10-19 20:20:14
MEM001845,P03889,O0306,Employee,Ownership,2022-02-19,,Ended,SRC011,0.8,EV01767,2025-01-06 03:15:35,2024-10-08 08:22:22
MEM001846,P02844,O0488,Partner,Employment,2025-06-19,,Active,SRC005,0.81,EV03436,2024-07-18 05:20:29,2025-07-12 11:15:08
MEM001847,P00114,O0320,Driver,Employment,2022-08-30,,Ended,SRC017,0.85,EV01816,2026-02-20 20:56:53,2024-08-01 06:40:07
MEM001848,P00469,O0169,Accountant,Ownership,2026-06-14,,Inactive,SRC004,0.95,EV04032,2024-11-28 06:17:18,2026-06-24 16:54:51
MEM001849,P02121,O0146,Manager,Membership,2021-11-18,,Ended,SRC014,0.89,EV03583,2025-02-19 11:19:05,2024-06-17 13:02:43
MEM001850,P03772,O0220,Partner,Membership,2023-05-10,,Ended,SRC016,0.97,EV03440,2024-03-27 18:07:07,2026-01-05 19:02:31
MEM001851,P00480,O0140,Driver,Contract,2025-10-23,,Ended,SRC005,0.8,EV00531,2024-04-09 02:56:03,2024-10-05 00:56:31
MEM001852,P00557,O0458,Director,Association,2022-05-13,,Inactive,SRC023,0.87,EV01782,2026-07-08 19:04:25,2024-04-09 01:07:21
MEM001853,P01054,O0418,Member,Association,2025-06-10,,Inactive,SRC029,0.99,EV02537,2026-05-15 23:41:24,2025-10-07 22:11:10
MEM001854,P02275,O0328,Director,Contract,2024-11-24,,Ended,SRC015,0.8,EV04087,2025-02-05 18:13:31,2026-01-02 13:35:50
MEM001855,P03438,O0011,Employee,Association,2021-11-24,,Inactive,SRC016,0.89,EV04671,2026-07-30 14:58:08,2025-10-14 17:50:39
MEM001856,P02068,O0112,Director,Contract,2026-04-11,,Active,SRC026,0.9,EV03998,2025-01-17 22:46:54,2026-02-22 02:46:52
MEM001857,P01163,O0283,Accountant,Membership,2022-11-28,2024-03-29,Ended,SRC017,0.79,EV03089,2026-03-30 17:39:31,2026-04-15 18:32:08
MEM001858,P02084,O0410,Partner,Ownership,2021-10-19,,Inactive,SRC011,0.94,EV03757,2026-01-30 03:12:15,2024-04-24 17:04:19
MEM001859,P03516,O0224,Accountant,Membership,2024-12-23,,Ended,SRC019,0.83,EV00944,2024-03-16 16:50:00,2025-10-02 08:30:30
MEM001860,P03589,O0069,Consultant,Ownership,2026-01-09,,Inactive,SRC012,0.81,EV02568,2025-12-03 06:34:17,2024-04-14 07:52:30
MEM001861,P02271,O0020,Partner,Employment,2025-11-28,,Active,SRC015,0.93,EV00939,2024-11-28 21:57:47,2025-08-01 22:41:16
MEM001862,P02760,O0264,Partner,Membership,2022-05-14,,Active,SRC019,0.87,EV04739,2024-05-17 04:36:15,2026-07-14 20:43:42
MEM001863,P01769,O0265,Driver,Contract,2026-08-30,,Active,SRC026,0.97,EV01956,2026-08-30 06:54:01,2025-09-18 09:47:57
MEM001864,P03546,O0309,Partner,Association,2026-07-27,,Active,SRC028,0.96,EV02775,2025-06-26 12:24:35,2026-02-09 09:28:18
MEM001865,P03611,O0064,Manager,Employment,2024-04-13,,Active,SRC006,0.93,EV00562,2025-08-24 01:39:13,2024-12-31 00:00:47
MEM001866,P01582,O0291,Member,Association,2024-01-22,,Ended,SRC020,0.88,EV01272,2025-01-19 09:17:02,2024-01-10 10:50:48
MEM001867,P00471,O0053,Director,Membership,2025-11-05,,Inactive,SRC030,0.88,EV01669,2025-01-11 01:32:40,2026-08-16 21:54:00
MEM001868,P02225,O0405,Member,Employment,2025-06-03,,Ended,SRC002,0.78,EV03950,2026-02-15 08:15:43,2024-01-17 16:06:18
MEM001869,P01446,O0008,Accountant,Association,2025-02-05,,Inactive,SRC022,0.84,EV01577,2025-09-25 19:32:29,2025-06-03 01:09:26
MEM001870,P01049,O0001,Member,Membership,2022-08-13,,Ended,SRC020,0.89,EV01624,2025-07-31 08:04:12,2025-02-22 15:53:45
MEM001871,P02705,O0055,Accountant,Ownership,2025-12-20,,Ended,SRC011,0.85,EV00502,2025-09-19 16:12:46,2026-06-12 11:10:38
MEM001872,P02758,O0026,Member,Contract,2025-07-20,2025-09-10,Ended,SRC006,0.87,EV03570,2025-10-22 17:11:48,2026-01-13 16:51:15
MEM001873,P03151,O0208,Employee,Ownership,2024-02-24,2025-08-06,Ended,SRC029,0.91,EV03522,2024-03-24 09:24:39,2025-12-09 16:32:44
MEM001874,P00019,O0149,Accountant,Association,2025-10-20,,Ended,SRC007,0.96,EV03792,2026-04-19 17:34:03,2024-08-19 14:37:17
MEM001875,P02951,O0206,Consultant,Ownership,2026-07-22,,Ended,SRC007,0.87,EV03103,2024-10-25 05:50:47,2026-06-28 01:42:33
MEM001876,P02219,O0179,Driver,Membership,2022-07-28,,Inactive,SRC012,0.81,EV03465,2026-08-19 07:28:05,2024-12-14 22:07:23
MEM001877,P03084,O0160,Manager,Employment,2022-01-30,2023-12-27,Active,SRC022,0.98,EV04519,2025-02-24 02:23:10,2026-01-10 23:19:17
MEM001878,P01885,O0269,Manager,Contract,2021-11-21,,Ended,SRC001,0.84,EV01862,2025-10-28 11:50:26,2026-03-17 01:23:01
MEM001879,P01149,O0471,Driver,Employment,2026-05-07,2026-05-24,Inactive,SRC019,0.96,EV01022,2026-06-18 20:49:31,2025-04-10 16:32:21
MEM001880,P00513,O0001,Member,Employment,2025-05-04,,Inactive,SRC017,0.91,EV04306,2024-07-30 17:01:32,2024-09-09 08:23:31
MEM001881,P03624,O0132,Partner,Membership,2026-02-02,,Inactive,SRC015,0.89,EV00306,2025-07-22 13:00:52,2025-02-11 11:22:05
MEM001882,P01864,O0423,Driver,Contract,2022-11-22,,Ended,SRC001,0.95,EV00282,2025-07-14 07:28:35,2024-04-11 13:34:32
MEM001883,P00258,O0181,Manager,Contract,2022-03-05,,Ended,SRC019,0.94,EV02531,2025-09-25 11:53:12,2024-12-01 13:47:31
MEM001884,P02183,O0258,Partner,Association,2023-08-13,,Active,SRC016,0.87,EV01801,2024-10-16 01:30:55,2026-06-18 16:19:27
MEM001885,P02976,O0470,Director,Employment,2025-02-12,,Inactive,SRC025,0.87,EV04239,2025-11-09 16:03:34,2026-06-10 17:07:38
MEM001886,P03454,O0452,Partner,Ownership,2026-07-05,,Active,SRC007,0.98,EV00631,2024-10-24 15:36:24,2025-04-03 14:29:34
MEM001887,P03207,O0057,Consultant,Contract,2025-05-02,,Ended,SRC016,0.81,EV03113,2026-02-24 09:16:12,2025-02-01 20:13:34
MEM001888,P00282,O0246,Consultant,Contract,2025-03-06,,Active,SRC016,0.82,EV00659,2025-10-10 20:38:21,2026-07-10 07:11:13
MEM001889,P02310,O0403,Accountant,Membership,2025-08-27,,Ended,SRC025,0.86,EV02359,2024-12-17 17:44:45,2025-06-19 15:30:34
MEM001890,P01771,O0363,Consultant,Contract,2023-10-21,2026-04-03,Inactive,SRC023,0.89,EV01033,2024-06-28 23:42:38,2025-11-02 16:43:31
MEM001891,P00411,O0411,Accountant,Employment,2026-05-01,2026-08-08,Ended,SRC013,0.79,EV01598,2024-03-18 18:18:33,2026-01-09 13:47:41
MEM001892,P01094,O0411,Member,Association,2024-05-11,2025-03-04,Inactive,SRC008,0.92,EV02455,2024-07-17 16:10:03,2025-06-15 22:49:30
MEM001893,P03866,O0491,Employee,Association,2023-08-24,,Ended,SRC008,0.9,EV04497,2025-05-09 10:31:11,2024-03-01 15:47:15
MEM001894,P01685,O0181,Driver,Membership,2025-08-01,,Active,SRC012,0.9,EV00159,2024-04-25 18:47:15,2026-07-19 23:16:52
MEM001895,P00200,O0298,Consultant,Ownership,2022-01-17,2025-01-24,Ended,SRC013,0.98,EV01285,2026-02-10 19:45:38,2025-11-26 03:32:18
MEM001896,P00734,O0212,Driver,Association,2023-04-12,,Active,SRC015,0.87,EV00683,2024-02-14 08:36:24,2024-03-05 22:07:49
MEM001897,P00790,O0088,Accountant,Membership,2023-10-20,,Active,SRC011,0.79,EV01313,2025-09-05 18:20:08,2025-05-03 11:24:15
MEM001898,P00175,O0492,Partner,Ownership,2021-11-25,2024-10-13,Active,SRC007,0.83,EV04740,2024-07-21 07:49:23,2025-06-11 04:08:26
MEM001899,P00160,O0007,Accountant,Ownership,2026-05-12,,Active,SRC015,0.84,EV02548,2025-09-24 12:45:43,2024-06-28 23:20:11
MEM001900,P00993,O0223,Director,Association,2025-04-24,,Ended,SRC017,0.84,EV00488,2025-03-22 11:08:46,2025-01-05 13:23:44
MEM001901,P03055,O0412,Accountant,Association,2024-03-28,,Inactive,SRC024,0.84,EV04509,2024-04-03 06:09:02,2024-06-30 14:56:06
MEM001902,P03317,O0388,Employee,Employment,2024-09-08,2026-04-13,Inactive,SRC029,0.82,EV03326,2026-08-21 16:54:11,2024-10-17 05:23:21
MEM001903,P03595,O0008,Director,Employment,2025-09-20,,Active,SRC025,0.93,EV03739,2026-02-28 13:05:35,2025-12-18 17:51:26
MEM001904,P00530,O0390,Manager,Association,2024-08-20,,Active,SRC002,0.98,EV03999,2024-01-22 14:28:37,2024-01-09 01:04:08
MEM001905,P00403,O0127,Member,Association,2024-12-19,2026-07-28,Active,SRC025,0.91,EV04178,2026-03-14 04:20:42,2025-07-18 06:04:11
MEM001906,P00589,O0217,Partner,Association,2025-10-08,,Active,SRC005,0.99,EV00743,2025-01-09 08:34:17,2024-05-02 13:44:48
MEM001907,P03301,O0451,Partner,Contract,2022-11-21,,Ended,SRC005,0.87,EV04449,2024-09-19 17:08:16,2025-10-26 09:21:53
MEM001908,P03180,O0316,Member,Employment,2021-09-26,,Active,SRC029,0.84,EV03073,2025-11-11 01:11:26,2025-08-27 18:06:54
MEM001909,P02913,O0454,Employee,Association,2022-01-01,,Active,SRC024,0.94,EV03659,2025-06-28 12:17:50,2026-04-21 00:04:54
MEM001910,P00034,O0294,Member,Membership,2025-04-28,,Ended,SRC001,0.83,EV01742,2025-04-02 08:32:39,2025-11-02 20:53:30
MEM001911,P03621,O0196,Driver,Contract,2024-05-20,,Active,SRC006,0.91,EV02339,2024-01-18 02:50:48,2026-06-21 08:11:56
MEM001912,P00749,O0123,Member,Association,2025-09-15,,Ended,SRC019,0.84,EV01716,2025-07-16 09:28:38,2026-08-12 00:27:30
MEM001913,P00659,O0131,Employee,Membership,2025-04-13,,Ended,SRC016,0.85,EV03593,2025-10-29 01:45:32,2025-12-27 04:45:01
MEM001914,P03157,O0421,Director,Association,2025-06-10,,Active,SRC007,0.91,EV00223,2026-01-18 08:31:34,2025-11-03 18:49:58
MEM001915,P02519,O0159,Accountant,Contract,2022-09-02,,Active,SRC017,0.82,EV00725,2025-02-08 05:03:36,2024-04-16 07:39:50
MEM001916,P03298,O0082,Employee,Employment,2022-09-09,,Active,SRC001,0.82,EV03368,2026-05-04 13:32:31,2025-11-02 16:09:23
MEM001917,P00311,O0436,Employee,Membership,2026-03-24,,Active,SRC021,0.87,EV03979,2025-08-14 16:28:25,2024-09-22 18:00:27
MEM001918,P02252,O0133,Director,Association,2023-06-07,,Inactive,SRC002,0.93,EV03776,2026-02-13 20:05:46,2025-09-20 11:18:29
MEM001919,P02279,O0497,Member,Ownership,2022-02-14,,Inactive,SRC028,0.8,EV00877,2026-01-04 07:58:45,2024-01-11 20:08:29
MEM001920,P03223,O0313,Accountant,Ownership,2022-12-25,,Ended,SRC022,0.9,EV01192,2025-12-29 18:43:52,2026-05-04 07:05:16
MEM001921,P02228,O0182,Partner,Association,2022-06-10,2023-02-23,Inactive,SRC008,0.8,EV02974,2026-02-02 08:17:27,2024-03-15 22:55:11
MEM001922,P00074,O0033,Partner,Association,2024-07-28,,Ended,SRC001,0.81,EV02492,2025-01-02 23:33:01,2024-09-17 00:38:13
MEM001923,P03653,O0133,Member,Association,2021-10-13,2023-02-05,Inactive,SRC020,0.83,EV00043,2024-03-31 14:25:25,2025-11-18 19:51:10
MEM001924,P01436,O0427,Accountant,Membership,2023-01-25,2026-07-21,Active,SRC027,0.81,EV01709,2025-04-26 15:33:35,2024-11-26 01:15:45
MEM001925,P01558,O0085,Director,Ownership,2021-11-02,,Active,SRC027,0.98,EV02506,2026-02-02 17:05:35,2025-01-11 16:36:26
MEM001926,P01856,O0357,Partner,Contract,2025-07-10,,Ended,SRC016,0.82,EV03418,2026-03-28 09:47:43,2024-04-18 19:10:54
MEM001927,P00226,O0259,Member,Employment,2022-08-04,,Ended,SRC027,0.85,EV00814,2026-01-18 07:58:15,2026-08-21 21:13:42
MEM001928,P00854,O0396,Partner,Ownership,2023-04-03,,Inactive,SRC017,0.92,EV00475,2025-09-17 14:49:20,2025-09-11 00:45:14
MEM001929,P03611,O0416,Partner,Ownership,2024-09-18,,Inactive,SRC001,0.78,EV02724,2026-08-21 22:03:10,2025-08-27 06:51:55
MEM001930,P03418,O0349,Director,Ownership,2024-03-12,,Inactive,SRC027,0.87,EV00987,2026-04-03 02:07:24,2025-08-14 11:08:04
MEM001931,P01170,O0028,Manager,Association,2023-08-25,,Inactive,SRC019,0.92,EV03314,2024-10-15 10:08:50,2024-09-04 10:13:02
MEM001932,P02288,O0245,Accountant,Employment,2021-10-21,,Inactive,SRC005,0.88,EV01451,2026-06-09 15:57:46,2025-11-08 08:40:10
MEM001933,P00287,O0472,Manager,Employment,2025-09-21,,Inactive,SRC016,0.98,EV02007,2025-08-01 20:23:17,2024-10-06 13:13:10
MEM001934,P01019,O0192,Driver,Contract,2023-10-17,,Active,SRC027,0.82,EV01219,2026-04-15 19:17:02,2025-12-07 23:53:28
MEM001935,P03858,O0385,Employee,Membership,2026-04-20,,Ended,SRC018,0.92,EV00881,2025-11-08 06:35:59,2025-01-09 12:09:39
MEM001936,P03163,O0068,Manager,Employment,2026-01-03,2026-08-20,Inactive,SRC023,0.95,EV04702,2024-10-20 03:11:11,2024-07-09 13:41:14
MEM001937,P03846,O0476,Member,Employment,2023-10-06,,Inactive,SRC024,0.84,EV00953,2024-04-24 20:09:56,2025-05-19 13:36:16
MEM001938,P02948,O0221,Member,Membership,2022-09-15,,Inactive,SRC021,0.82,EV01979,2024-01-08 23:35:44,2024-03-12 09:36:21
MEM001939,P03722,O0492,Consultant,Ownership,2023-05-25,,Inactive,SRC005,0.86,EV02996,2024-10-24 19:57:29,2024-01-10 02:27:44
MEM001940,P02645,O0405,Consultant,Employment,2022-08-08,,Active,SRC017,0.9,EV00836,2025-09-24 13:31:59,2024-05-09 06:54:25
MEM001941,P01895,O0211,Member,Association,2024-12-10,,Active,SRC029,0.93,EV00624,2024-09-15 15:50:58,2025-02-27 08:46:20
MEM001942,P03011,O0449,Employee,Ownership,2024-01-22,2024-07-28,Ended,SRC012,0.95,EV03326,2024-09-12 04:35:56,2024-10-09 08:17:41
MEM001943,P00456,O0429,Consultant,Ownership,2021-10-12,,Inactive,SRC010,0.89,EV04931,2025-01-27 01:25:13,2024-09-24 08:38:51
MEM001944,P00683,O0028,Manager,Association,2023-11-12,2025-10-19,Active,SRC007,0.88,EV03052,2025-12-19 19:54:00,2024-01-24 22:34:34
MEM001945,P00964,O0495,Manager,Membership,2025-04-13,2025-07-26,Inactive,SRC018,0.9,EV03080,2024-11-05 21:26:53,2024-04-07 23:14:30
MEM001946,P02497,O0026,Accountant,Contract,2024-10-11,,Inactive,SRC024,0.97,EV03512,2026-08-10 03:30:14,2025-02-19 19:47:18
MEM001947,P01976,O0074,Director,Ownership,2023-08-28,,Inactive,SRC005,0.78,EV00420,2024-02-24 10:29:54,2024-06-04 03:37:21
MEM001948,P02280,O0264,Consultant,Association,2022-08-04,,Ended,SRC028,0.83,EV02872,2026-03-13 07:22:32,2024-07-13 20:46:48
MEM001949,P03756,O0188,Manager,Ownership,2025-03-01,2026-03-03,Active,SRC009,0.86,EV02661,2026-06-30 06:07:30,2025-11-09 09:18:37
MEM001950,P01815,O0225,Driver,Ownership,2024-11-17,,Inactive,SRC007,0.81,EV00243,2025-12-06 15:48:01,2024-03-14 10:00:32
MEM001951,P00913,O0393,Accountant,Contract,2023-12-16,,Ended,SRC005,0.93,EV03282,2024-10-30 04:32:22,2026-01-06 20:44:59
MEM001952,P01946,O0449,Director,Association,2025-10-19,,Active,SRC021,0.99,EV00687,2024-10-17 18:24:23,2025-09-03 21:45:24
MEM001953,P03242,O0349,Manager,Membership,2021-12-09,,Inactive,SRC029,0.8,EV03537,2024-03-01 17:30:53,2025-06-13 21:43:22
MEM001954,P03371,O0401,Director,Ownership,2024-09-07,,Ended,SRC017,0.84,EV04882,2026-07-14 00:10:19,2024-10-19 23:05:41
MEM001955,P01215,O0330,Partner,Employment,2023-01-01,,Inactive,SRC022,0.81,EV03328,2026-02-12 06:43:33,2026-03-02 17:28:40
MEM001956,P02117,O0146,Driver,Contract,2026-03-22,,Ended,SRC005,0.88,EV00839,2025-02-14 15:17:08,2024-04-05 10:37:18
MEM001957,P02502,O0497,Manager,Association,2022-02-06,2025-10-14,Ended,SRC015,0.94,EV01916,2024-09-19 14:48:20,2025-06-20 22:27:50
MEM001958,P02362,O0368,Member,Employment,2024-03-22,2025-12-16,Active,SRC019,0.88,EV01113,2026-03-19 16:48:38,2025-12-22 12:11:25
MEM001959,P00901,O0326,Partner,Association,2023-03-04,,Inactive,SRC002,0.99,EV01601,2026-03-27 13:43:36,2026-06-05 08:01:47
MEM001960,P02079,O0211,Director,Association,2023-11-29,,Inactive,SRC024,0.83,EV01229,2024-09-04 03:22:47,2024-10-08 07:21:22
MEM001961,P00583,O0157,Partner,Membership,2022-07-02,,Inactive,SRC009,0.98,EV00475,2024-03-01 17:46:37,2024-04-20 06:46:55
MEM001962,P01825,O0476,Driver,Ownership,2026-04-07,,Inactive,SRC007,0.98,EV00755,2025-04-07 15:16:51,2026-08-23 04:21:24
MEM001963,P02062,O0226,Director,Employment,2023-07-07,,Active,SRC012,0.88,EV04124,2024-08-17 18:18:20,2025-02-05 08:37:36
MEM001964,P03608,O0274,Driver,Contract,2024-02-24,,Ended,SRC024,0.99,EV01725,2024-10-11 00:31:25,2026-01-22 11:11:48
MEM001965,P03817,O0095,Consultant,Contract,2024-11-19,,Inactive,SRC003,0.9,EV04156,2024-06-22 02:36:08,2025-04-24 07:34:05
MEM001966,P00842,O0056,Employee,Employment,2022-03-01,,Active,SRC028,0.84,EV00058,2026-08-04 19:14:58,2026-01-24 22:44:05
MEM001967,P01764,O0460,Member,Association,2022-01-18,,Ended,SRC012,0.95,EV03354,2024-04-09 06:14:28,2024-05-20 14:15:10
MEM001968,P01303,O0480,Driver,Membership,2023-07-11,2023-07-15,Active,SRC003,0.95,EV04088,2024-09-09 17:27:41,2024-12-23 23:19:59
MEM001969,P00065,O0046,Director,Membership,2026-01-21,,Active,SRC029,0.96,EV04210,2025-09-14 04:24:22,2024-11-15 00:37:06
MEM001970,P00163,O0086,Director,Ownership,2023-01-25,,Inactive,SRC017,0.87,EV01927,2024-12-17 11:27:04,2024-01-23 23:16:28
MEM001971,P03579,O0207,Driver,Association,2026-03-06,,Active,SRC009,0.86,EV00644,2024-03-15 17:49:30,2026-08-08 17:13:17
MEM001972,P00194,O0319,Accountant,Association,2023-04-14,,Ended,SRC013,0.79,EV00960,2025-08-24 21:44:32,2026-04-29 14:57:16
MEM001973,P00975,O0488,Consultant,Association,2022-06-22,,Inactive,SRC028,0.91,EV03964,2024-03-30 21:51:12,2025-06-28 23:27:07
MEM001974,P00487,O0491,Member,Contract,2026-03-25,,Inactive,SRC015,0.96,EV03060,2026-07-26 22:59:38,2025-03-21 19:20:01
MEM001975,P03501,O0176,Driver,Membership,2022-05-16,,Ended,SRC026,0.81,EV00979,2025-01-19 22:57:41,2026-04-22 06:18:49
MEM001976,P02780,O0131,Partner,Association,2023-03-25,,Ended,SRC021,0.87,EV00400,2026-07-12 09:58:19,2025-04-19 22:15:36
MEM001977,P00434,O0452,Partner,Contract,2024-03-17,,Inactive,SRC003,0.83,EV03603,2024-02-21 01:58:24,2024-03-10 16:20:28
MEM001978,P00484,O0099,Manager,Membership,2024-04-04,,Active,SRC009,0.83,EV00133,2024-05-11 00:25:44,2026-04-05 05:33:38
MEM001979,P01056,O0172,Consultant,Contract,2021-12-02,,Active,SRC023,0.99,EV00025,2025-11-11 16:58:32,2025-03-09 05:41:03
MEM001980,P00543,O0117,Member,Ownership,2026-01-06,,Ended,SRC018,0.82,EV01499,2026-02-12 05:59:26,2025-08-06 08:12:11
MEM001981,P01833,O0416,Accountant,Membership,2024-04-02,,Active,SRC004,0.87,EV01589,2025-01-24 09:23:11,2026-08-05 11:26:26
MEM001982,P03305,O0015,Accountant,Employment,2025-11-29,,Ended,SRC006,0.88,EV01397,2025-08-15 23:47:51,2026-08-02 13:29:18
MEM001983,P01307,O0123,Member,Ownership,2026-03-28,,Ended,SRC019,0.96,EV01586,2025-08-31 11:43:25,2024-01-01 06:45:50
MEM001984,P03246,O0172,Partner,Employment,2025-08-23,,Ended,SRC027,0.96,EV01863,2025-08-22 00:56:17,2024-12-11 21:27:52
MEM001985,P00920,O0469,Director,Membership,2023-09-26,,Inactive,SRC008,0.92,EV03388,2024-06-19 15:38:53,2025-02-20 11:40:24
MEM001986,P02598,O0223,Driver,Contract,2023-04-26,,Active,SRC003,0.97,EV02967,2024-04-16 14:05:10,2024-09-02 00:47:24
MEM001987,P02811,O0096,Consultant,Membership,2025-11-22,,Ended,SRC016,0.98,EV04532,2025-08-14 00:20:48,2026-06-03 20:52:39
MEM001988,P01670,O0297,Employee,Employment,2026-07-03,2026-07-03,Inactive,SRC002,0.79,EV03162,2025-10-07 16:53:50,2025-07-01 21:33:41
MEM001989,P02249,O0016,Employee,Employment,2026-05-26,,Active,SRC004,0.9,EV01784,2025-09-26 21:49:16,2025-10-28 00:50:35
MEM001990,P03486,O0288,Employee,Association,2024-10-07,,Ended,SRC001,0.9,EV02804,2024-12-01 18:57:31,2024-06-13 13:23:41
MEM001991,P03036,O0220,Driver,Ownership,2024-09-04,,Active,SRC010,0.97,EV03007,2025-08-08 13:22:44,2025-02-20 08:01:45
MEM001992,P02354,O0061,Accountant,Contract,2022-04-02,,Ended,SRC006,0.98,EV02614,2024-12-23 01:20:11,2024-01-21 19:45:42
MEM001993,P01543,O0399,Consultant,Association,2024-08-27,,Active,SRC026,0.87,EV02183,2026-06-30 03:16:18,2025-08-22 15:13:04
MEM001994,P00262,O0221,Consultant,Employment,2026-01-17,,Active,SRC028,0.95,EV02484,2024-04-09 07:48:38,2026-03-31 01:50:48
MEM001995,P03536,O0367,Driver,Association,2026-08-09,,Ended,SRC014,0.94,EV03683,2024-08-11 13:35:38,2025-11-11 02:48:17
MEM001996,P02330,O0406,Partner,Association,2025-10-01,2026-01-22,Ended,SRC015,0.82,EV04549,2026-05-01 00:38:14,2024-08-17 19:01:04
MEM001997,P02774,O0145,Director,Membership,2021-09-09,2023-03-25,Ended,SRC020,0.94,EV04080,2024-02-25 14:45:52,2024-05-01 20:40:43
MEM001998,P00120,O0031,Accountant,Association,2025-07-10,2026-08-09,Ended,SRC011,0.91,EV01696,2024-02-25 13:15:02,2025-02-16 13:45:01
MEM001999,P02018,O0018,Consultant,Membership,2025-01-18,,Ended,SRC009,0.92,EV02768,2024-06-14 07:18:06,2026-03-07 08:03:17
MEM002000,P01421,O0217,Employee,Membership,2024-12-18,,Inactive,SRC016,0.96,EV03186,2026-08-08 17:32:01,2025-10-01 22:32:03
MEM002001,P03460,O0331,Driver,Contract,2026-04-09,,Ended,SRC011,0.95,EV00005,2024-12-24 05:20:53,2024-06-21 21:29:47
MEM002002,P00523,O0105,Director,Ownership,2024-03-05,,Inactive,SRC004,0.91,EV00031,2024-02-15 11:10:26,2024-03-23 02:46:00
MEM002003,P03209,O0337,Driver,Association,2024-08-31,,Ended,SRC018,0.82,EV03974,2025-01-10 17:11:08,2024-05-16 10:34:31
MEM002004,P03453,O0185,Partner,Association,2022-08-31,,Ended,SRC012,0.8,EV00624,2026-04-15 20:06:44,2025-01-12 14:04:00
MEM002005,P01320,O0422,Accountant,Membership,2025-07-29,2026-07-26,Ended,SRC011,0.9,EV02549,2025-08-04 15:03:28,2024-07-10 16:23:46
MEM002006,P00881,O0034,Partner,Membership,2024-07-03,,Active,SRC002,0.78,EV01231,2024-11-19 01:57:35,2024-12-10 08:02:37
MEM002007,P01614,O0480,Manager,Association,2022-04-24,,Active,SRC016,0.89,EV00189,2026-05-01 10:12:20,2024-06-23 14:19:50
MEM002008,P01813,O0325,Accountant,Contract,2022-09-27,,Inactive,SRC006,0.87,EV01716,2024-08-17 03:40:09,2025-07-27 23:15:54
MEM002009,P02224,O0256,Manager,Ownership,2023-03-05,,Inactive,SRC001,0.85,EV04214,2025-12-21 20:41:11,2026-08-15 01:08:39
MEM002010,P00767,O0443,Driver,Membership,2023-08-03,2025-07-19,Active,SRC006,0.85,EV04817,2024-12-21 09:53:05,2025-08-30 19:28:42
MEM002011,P02187,O0301,Accountant,Employment,2022-12-01,2026-05-03,Ended,SRC014,0.79,EV00567,2024-09-16 12:25:36,2025-10-17 16:43:25
MEM002012,P03580,O0221,Manager,Employment,2025-12-20,,Inactive,SRC004,0.97,EV03936,2026-02-06 22:22:43,2025-03-28 15:47:27
MEM002013,P03646,O0218,Director,Employment,2025-09-20,,Inactive,SRC029,0.84,EV01853,2025-09-04 11:57:47,2026-06-30 05:45:53
MEM002014,P03465,O0282,Accountant,Association,2023-08-02,,Ended,SRC002,0.79,EV04422,2025-06-26 05:17:46,2024-06-15 12:30:01
MEM002015,P03923,O0290,Partner,Contract,2024-10-11,,Inactive,SRC002,0.99,EV00750,2024-02-18 08:39:06,2024-08-14 19:49:51
MEM002016,P00031,O0001,Driver,Ownership,2025-03-25,2026-07-30,Ended,SRC012,0.78,EV03995,2025-11-10 17:14:08,2026-05-12 12:06:35
MEM002017,P03152,O0453,Member,Employment,2023-12-15,,Inactive,SRC025,0.78,EV02452,2026-08-28 00:25:02,2025-06-18 15:41:13
MEM002018,P02186,O0218,Accountant,Association,2026-02-17,,Active,SRC012,0.97,EV02783,2026-03-08 09:19:21,2024-02-18 19:51:32
MEM002019,P00795,O0220,Consultant,Membership,2023-06-16,,Active,SRC011,0.86,EV01938,2024-08-18 22:45:11,2024-12-10 19:37:23
MEM002020,P01509,O0404,Driver,Contract,2021-12-04,,Active,SRC004,0.92,EV04424,2025-08-29 05:48:48,2025-04-18 15:10:50
MEM002021,P00859,O0262,Manager,Contract,2022-01-14,,Inactive,SRC014,0.85,EV00665,2025-05-25 05:41:52,2024-10-12 15:00:05
MEM002022,P02908,O0339,Director,Association,2023-07-27,,Active,SRC006,0.85,EV00736,2026-02-14 08:56:37,2026-01-23 11:37:10
MEM002023,P03007,O0279,Director,Association,2025-08-30,2026-04-26,Inactive,SRC018,0.84,EV01822,2024-08-22 12:34:00,2026-06-08 22:58:40
MEM002024,P02468,O0377,Accountant,Employment,2024-09-17,,Inactive,SRC013,0.89,EV03249,2025-10-09 15:24:31,2025-09-21 14:07:00
MEM002025,P02216,O0292,Partner,Membership,2026-01-30,,Active,SRC011,0.96,EV04278,2026-07-06 17:50:50,2026-04-04 14:32:45
MEM002026,P02532,O0060,Member,Employment,2022-02-09,2022-06-01,Inactive,SRC024,0.85,EV03392,2025-06-20 11:13:01,2024-05-06 08:44:55
MEM002027,P02527,O0178,Manager,Association,2023-10-24,,Ended,SRC017,0.81,EV03380,2025-01-31 12:44:32,2024-09-21 14:56:32
MEM002028,P02739,O0162,Member,Ownership,2025-10-26,,Ended,SRC013,0.82,EV04389,2026-06-19 14:42:13,2026-07-31 21:02:03
MEM002029,P03768,O0198,Consultant,Employment,2025-12-12,,Ended,SRC001,0.9,EV00277,2024-11-21 04:47:11,2024-02-28 09:00:18
MEM002030,P02014,O0139,Director,Membership,2022-04-25,,Inactive,SRC020,0.98,EV01709,2025-01-28 12:42:53,2024-04-17 23:19:49
MEM002031,P02407,O0043,Partner,Contract,2024-09-29,,Inactive,SRC017,0.8,EV04594,2024-06-04 18:04:41,2026-06-16 15:08:51
MEM002032,P00698,O0287,Member,Contract,2025-04-14,,Inactive,SRC019,0.87,EV01409,2026-05-09 04:43:59,2024-11-07 23:23:25
MEM002033,P02792,O0241,Member,Employment,2022-03-14,,Inactive,SRC026,0.96,EV03396,2024-06-03 15:04:48,2025-06-16 10:44:13
MEM002034,P00926,O0490,Employee,Contract,2022-08-08,,Active,SRC003,0.97,EV04682,2026-07-08 21:18:53,2026-08-03 08:14:20
MEM002035,P01767,O0104,Accountant,Employment,2024-04-28,,Active,SRC030,0.87,EV00491,2024-12-29 15:51:59,2024-10-20 15:58:04
MEM002036,P03354,O0045,Director,Contract,2023-05-23,2025-01-21,Ended,SRC021,0.9,EV03790,2024-01-22 04:20:54,2026-01-11 10:31:10
MEM002037,P03478,O0045,Manager,Membership,2022-05-05,2023-08-12,Ended,SRC005,0.94,EV02086,2026-04-10 00:38:39,2024-12-17 02:43:38
MEM002038,P02115,O0060,Consultant,Employment,2022-02-11,,Inactive,SRC025,0.83,EV03860,2024-07-22 10:36:06,2024-05-26 08:48:57
MEM002039,P00653,O0234,Employee,Ownership,2025-06-22,,Active,SRC008,0.79,EV04925,2026-07-13 14:15:44,2024-12-13 05:01:42
MEM002040,P02391,O0117,Manager,Membership,2021-10-25,,Active,SRC024,0.88,EV03184,2025-04-04 14:27:51,2024-07-31 16:06:33
MEM002041,P01788,O0167,Member,Ownership,2025-04-17,,Inactive,SRC009,0.97,EV01918,2024-11-27 00:07:05,2024-05-26 17:40:44
MEM002042,P01044,O0238,Employee,Contract,2025-08-02,,Ended,SRC006,0.97,EV02609,2024-10-20 06:03:17,2025-02-14 17:39:57
MEM002043,P00035,O0165,Partner,Employment,2024-01-27,,Active,SRC028,0.78,EV02818,2025-09-02 08:07:14,2024-11-18 16:56:52
MEM002044,P02342,O0037,Employee,Ownership,2023-06-11,2026-05-10,Inactive,SRC025,0.84,EV01891,2024-05-23 06:40:20,2024-08-09 19:40:47
MEM002045,P02310,O0216,Employee,Employment,2023-10-20,2025-03-20,Ended,SRC025,0.82,EV03252,2024-08-29 03:46:36,2025-11-03 17:53:16
MEM002046,P03791,O0454,Consultant,Association,2025-01-11,2025-01-14,Inactive,SRC013,0.9,EV02901,2025-10-25 16:34:36,2024-11-13 17:30:50
MEM002047,P03613,O0405,Director,Contract,2023-12-01,,Inactive,SRC019,0.96,EV04578,2024-07-01 18:05:31,2026-01-22 10:03:05
MEM002048,P03145,O0151,Member,Ownership,2025-12-12,,Active,SRC009,0.79,EV00576,2025-03-08 20:26:31,2025-11-13 20:36:45
MEM002049,P02810,O0153,Driver,Contract,2024-01-21,,Inactive,SRC018,0.95,EV01820,2024-12-23 09:09:07,2025-06-28 22:22:43
MEM002050,P01605,O0354,Accountant,Employment,2023-11-08,,Active,SRC018,0.85,EV00369,2026-03-08 16:42:08,2024-09-27 00:30:00
MEM002051,P03616,O0128,Accountant,Ownership,2024-05-17,,Inactive,SRC021,0.94,EV00004,2025-01-31 08:16:10,2024-06-01 06:15:41
MEM002052,P03041,O0428,Manager,Contract,2023-01-23,,Active,SRC004,0.85,EV04023,2025-12-14 05:14:14,2025-07-17 00:54:54
MEM002053,P02307,O0046,Consultant,Contract,2021-11-27,2022-12-02,Ended,SRC028,0.89,EV04198,2025-05-30 03:15:30,2025-06-29 21:44:03
MEM002054,P00085,O0080,Partner,Employment,2024-04-24,2026-08-05,Ended,SRC015,0.97,EV01008,2025-06-02 20:14:38,2025-04-08 18:28:51
MEM002055,P02610,O0218,Partner,Contract,2025-05-29,,Ended,SRC005,0.9,EV04256,2025-05-14 16:55:57,2026-05-02 08:23:13
MEM002056,P00490,O0454,Employee,Contract,2023-07-19,,Inactive,SRC029,0.94,EV04134,2024-12-06 16:35:44,2024-08-26 20:46:47
MEM002057,P00505,O0042,Consultant,Association,2024-03-08,2025-08-09,Active,SRC007,0.8,EV03877,2026-03-04 20:00:43,2026-07-31 14:15:52
MEM002058,P00747,O0268,Accountant,Membership,2025-03-14,,Inactive,SRC021,0.8,EV03658,2025-10-27 10:26:51,2024-09-20 10:32:15
MEM002059,P01916,O0441,Manager,Membership,2022-10-10,,Active,SRC016,0.8,EV04887,2026-01-02 07:26:30,2024-06-30 18:18:05
MEM002060,P03825,O0500,Manager,Association,2021-12-16,,Inactive,SRC028,0.93,EV01030,2025-05-19 19:28:35,2025-01-10 02:01:27
MEM002061,P01547,O0221,Director,Employment,2025-08-17,,Active,SRC010,0.79,EV01551,2025-09-18 01:33:24,2024-08-07 21:19:26
MEM002062,P02819,O0418,Employee,Employment,2026-05-29,,Ended,SRC006,0.95,EV03030,2024-11-16 21:36:29,2024-06-29 13:17:18
MEM002063,P03535,O0450,Director,Employment,2022-04-19,,Ended,SRC016,0.9,EV00482,2026-05-18 06:05:38,2024-06-04 04:00:26
MEM002064,P01746,O0058,Manager,Membership,2025-10-21,,Ended,SRC019,0.79,EV00402,2024-05-16 20:17:29,2026-05-03 18:46:57
MEM002065,P01527,O0246,Member,Association,2023-05-26,,Active,SRC024,0.95,EV01748,2025-12-27 16:49:41,2025-03-22 04:11:03
MEM002066,P02400,O0405,Consultant,Contract,2021-11-04,,Ended,SRC012,0.83,EV00289,2024-12-31 18:12:16,2026-02-23 15:25:39
MEM002067,P02114,O0438,Manager,Employment,2021-10-02,,Inactive,SRC002,0.81,EV01090,2026-04-12 05:34:41,2024-06-11 04:14:02
MEM002068,P02889,O0211,Member,Membership,2022-08-02,,Ended,SRC030,0.86,EV01921,2026-02-22 18:05:06,2024-09-09 03:04:12
MEM002069,P01252,O0029,Partner,Contract,2022-10-14,,Ended,SRC019,0.88,EV01512,2024-05-08 11:18:20,2026-02-14 17:41:50
MEM002070,P01720,O0220,Manager,Membership,2024-09-15,,Active,SRC014,0.79,EV01197,2025-11-03 00:16:41,2024-05-04 22:08:54
MEM002071,P03233,O0368,Driver,Association,2022-06-25,2024-02-24,Inactive,SRC024,0.96,EV03980,2025-04-02 09:29:13,2026-04-16 05:41:47
MEM002072,P00476,O0367,Partner,Contract,2021-12-20,2024-01-15,Inactive,SRC005,0.83,EV01485,2024-10-28 03:20:00,2026-03-06 22:07:35
MEM002073,P02576,O0276,Partner,Membership,2025-03-29,,Ended,SRC022,0.84,EV02992,2025-01-03 23:08:18,2024-03-18 13:35:44
MEM002074,P01114,O0375,Director,Ownership,2025-02-19,2025-05-17,Inactive,SRC030,0.94,EV04609,2024-10-04 16:49:10,2024-10-09 00:28:24
MEM002075,P03127,O0202,Director,Ownership,2022-02-21,2022-09-02,Inactive,SRC013,0.79,EV01009,2024-02-15 13:39:59,2026-05-21 12:15:21
MEM002076,P02269,O0068,Accountant,Ownership,2023-04-29,,Ended,SRC016,0.92,EV02593,2024-08-13 08:57:40,2025-09-18 16:31:20
MEM002077,P00512,O0019,Accountant,Association,2023-08-10,,Ended,SRC021,0.92,EV02436,2026-05-20 21:26:38,2025-05-26 18:21:01
MEM002078,P01131,O0222,Director,Employment,2023-06-27,,Inactive,SRC030,0.91,EV00635,2026-07-22 05:29:53,2024-02-10 06:41:36
MEM002079,P02958,O0485,Member,Contract,2023-02-12,,Active,SRC017,0.94,EV02260,2024-04-10 14:19:13,2026-04-07 01:52:44
MEM002080,P00925,O0120,Manager,Association,2023-04-27,2024-10-07,Ended,SRC027,0.8,EV01845,2026-01-07 06:20:52,2025-12-29 02:47:54
MEM002081,P00129,O0048,Partner,Contract,2024-12-25,,Inactive,SRC017,0.81,EV04273,2024-04-18 08:07:20,2024-11-22 05:56:19
MEM002082,P03918,O0027,Member,Association,2024-05-24,,Inactive,SRC002,0.96,EV02817,2025-08-27 15:54:56,2024-10-20 00:46:48
MEM002083,P00837,O0038,Director,Ownership,2024-07-13,,Active,SRC005,0.8,EV02890,2024-04-22 01:29:28,2024-01-02 22:06:42
MEM002084,P01342,O0127,Member,Association,2023-10-27,,Ended,SRC003,0.91,EV00274,2025-09-08 22:46:38,2025-04-13 17:59:16
MEM002085,P02040,O0209,Employee,Membership,2021-10-13,,Inactive,SRC008,0.83,EV00409,2026-03-11 14:15:17,2026-07-24 03:17:13
MEM002086,P00762,O0367,Director,Membership,2024-05-29,,Inactive,SRC029,0.87,EV02812,2025-06-04 20:25:39,2025-03-22 09:57:36
MEM002087,P02252,O0157,Accountant,Employment,2025-08-29,,Inactive,SRC015,0.86,EV04632,2025-01-26 10:46:54,2026-01-22 20:54:12
MEM002088,P02362,O0165,Consultant,Association,2024-06-03,,Active,SRC018,0.9,EV01294,2026-04-12 21:31:28,2025-08-02 10:34:14
MEM002089,P01279,O0103,Employee,Membership,2024-08-16,2025-12-12,Active,SRC019,0.94,EV02969,2024-12-02 17:47:00,2024-10-27 09:50:03
MEM002090,P02222,O0020,Partner,Employment,2023-05-19,,Active,SRC009,0.91,EV03283,2025-03-01 11:07:27,2024-03-31 00:30:10
MEM002091,P01068,O0068,Employee,Association,2024-08-31,,Active,SRC024,0.79,EV03212,2026-06-07 08:05:05,2025-05-24 16:49:06
MEM002092,P02245,O0248,Member,Ownership,2024-11-02,2026-02-03,Inactive,SRC011,0.82,EV01108,2024-05-19 03:23:28,2025-11-27 11:26:50
MEM002093,P02346,O0167,Accountant,Employment,2022-03-04,,Inactive,SRC012,0.94,EV03079,2025-03-11 16:37:38,2025-11-02 21:20:03
MEM002094,P01469,O0140,Partner,Membership,2023-08-24,,Inactive,SRC004,0.94,EV03637,2025-10-19 13:54:46,2026-04-07 09:12:17
MEM002095,P02149,O0156,Driver,Contract,2023-05-29,,Ended,SRC014,0.84,EV03424,2025-12-08 23:52:41,2024-01-14 01:32:04
MEM002096,P00767,O0498,Employee,Membership,2023-09-06,,Ended,SRC010,0.86,EV02461,2024-03-10 10:38:30,2024-05-31 15:02:45
MEM002097,P02203,O0110,Employee,Employment,2022-11-18,,Ended,SRC006,0.97,EV00472,2024-06-24 08:32:24,2026-08-19 13:11:35
MEM002098,P02303,O0074,Employee,Ownership,2024-11-21,,Inactive,SRC030,0.86,EV04120,2025-06-08 00:51:19,2025-07-23 19:12:10
MEM002099,P03809,O0169,Partner,Ownership,2026-07-06,,Active,SRC028,0.99,EV04241,2024-02-22 05:03:38,2025-10-12 03:18:38
MEM002100,P02200,O0439,Member,Employment,2023-04-28,,Inactive,SRC018,0.92,EV02967,2024-11-26 14:34:01,2024-12-20 00:30:15
MEM002101,P00044,O0209,Member,Association,2023-10-12,,Active,SRC026,0.98,EV01918,2026-05-04 11:18:35,2026-04-21 21:48:21
MEM002102,P00927,O0347,Manager,Contract,2024-07-02,,Active,SRC018,0.85,EV02126,2026-02-04 15:27:28,2026-08-20 04:44:00
MEM002103,P02742,O0040,Manager,Association,2025-12-22,,Ended,SRC024,0.87,EV04259,2026-06-29 04:00:55,2026-05-30 00:00:55
MEM002104,P02096,O0073,Employee,Association,2026-03-19,,Inactive,SRC019,0.91,EV02171,2025-02-24 08:53:45,2025-05-06 20:48:20
MEM002105,P00695,O0408,Accountant,Contract,2026-01-25,,Ended,SRC028,0.9,EV00611,2026-05-13 07:01:45,2025-05-15 09:17:15
MEM002106,P03224,O0094,Manager,Membership,2022-03-19,,Active,SRC028,0.97,EV04267,2025-04-14 17:16:12,2024-07-29 17:36:47
MEM002107,P03372,O0489,Partner,Ownership,2022-03-28,,Inactive,SRC003,0.98,EV00409,2026-07-19 21:58:26,2026-08-26 00:04:25
MEM002108,P02931,O0499,Employee,Membership,2023-06-05,,Inactive,SRC025,0.82,EV01664,2025-08-28 01:42:27,2024-11-13 09:36:59
MEM002109,P02796,O0041,Employee,Membership,2025-07-15,,Active,SRC024,0.82,EV01596,2025-04-14 21:49:56,2024-10-09 15:46:12
MEM002110,P02379,O0333,Consultant,Ownership,2023-07-10,,Inactive,SRC023,0.79,EV04919,2025-03-18 20:20:07,2025-09-29 23:58:55
MEM002111,P01722,O0251,Partner,Association,2026-06-10,,Ended,SRC020,0.8,EV04622,2024-07-20 11:41:27,2026-08-30 08:38:44
MEM002112,P00512,O0245,Accountant,Contract,2024-11-02,,Active,SRC026,0.98,EV02159,2025-02-22 21:01:51,2026-03-26 09:37:27
MEM002113,P00814,O0147,Director,Employment,2025-06-30,,Active,SRC006,0.98,EV00321,2025-11-27 04:44:18,2024-05-17 13:07:45
MEM002114,P02847,O0021,Accountant,Employment,2025-03-17,,Inactive,SRC021,0.92,EV01201,2025-10-20 21:58:14,2024-10-14 00:44:30
MEM002115,P03746,O0035,Director,Membership,2025-02-25,,Ended,SRC023,0.78,EV03353,2025-03-31 02:44:38,2025-10-25 10:05:15
MEM002116,P00590,O0109,Driver,Contract,2025-11-22,,Active,SRC006,0.94,EV02954,2024-08-22 08:52:44,2026-02-26 10:36:37
MEM002117,P01617,O0300,Member,Ownership,2022-11-26,,Inactive,SRC017,0.89,EV01489,2024-10-10 09:44:16,2024-09-26 23:42:16
MEM002118,P00536,O0080,Member,Membership,2021-10-27,,Ended,SRC020,0.93,EV02811,2024-11-04 04:19:27,2026-03-24 23:23:00
MEM002119,P02388,O0275,Manager,Contract,2025-08-09,,Ended,SRC002,0.89,EV02809,2025-10-30 22:43:22,2026-03-31 11:12:06
MEM002120,P03789,O0182,Accountant,Contract,2024-07-24,,Ended,SRC029,0.87,EV02482,2025-04-29 02:07:30,2025-07-11 02:17:31
MEM002121,P01043,O0123,Consultant,Membership,2022-03-10,,Active,SRC025,0.93,EV02081,2024-04-27 14:54:09,2025-09-05 04:06:09
MEM002122,P01237,O0019,Consultant,Employment,2022-03-05,,Inactive,SRC006,0.9,EV04953,2026-05-11 00:41:01,2024-01-24 19:09:21
MEM002123,P00951,O0040,Member,Contract,2022-12-28,,Inactive,SRC008,0.87,EV00513,2025-07-09 17:54:54,2025-11-23 07:27:18
MEM002124,P02515,O0071,Employee,Contract,2023-04-06,,Active,SRC009,0.8,EV01000,2024-12-21 12:20:24,2024-08-28 11:10:48
MEM002125,P02694,O0321,Manager,Ownership,2023-02-27,,Inactive,SRC002,0.84,EV04193,2024-03-06 18:07:46,2025-11-11 03:40:10
MEM002126,P00133,O0474,Employee,Employment,2026-08-30,2026-08-31,Active,SRC030,0.88,EV00277,2024-07-22 01:40:26,2025-04-09 02:24:52
MEM002127,P00259,O0196,Employee,Employment,2023-03-24,2026-06-22,Inactive,SRC014,0.87,EV04684,2025-02-15 20:05:21,2026-01-21 11:01:16
MEM002128,P01625,O0308,Accountant,Membership,2025-09-02,,Inactive,SRC016,0.82,EV02772,2026-01-26 18:16:56,2025-02-20 10:28:48
MEM002129,P00399,O0140,Consultant,Membership,2023-03-05,2026-03-19,Inactive,SRC019,0.88,EV01648,2024-08-06 16:37:57,2025-02-07 06:37:11
MEM002130,P03562,O0145,Accountant,Ownership,2022-11-22,2025-03-05,Active,SRC003,0.85,EV04693,2024-12-18 02:36:14,2025-10-14 23:17:04
MEM002131,P01581,O0351,Employee,Association,2021-10-25,,Inactive,SRC003,0.98,EV02358,2025-01-15 02:41:02,2024-09-29 15:02:59
MEM002132,P01436,O0379,Partner,Association,2023-05-06,,Inactive,SRC001,0.92,EV03534,2025-10-29 23:08:27,2026-04-25 05:53:34
MEM002133,P02844,O0280,Director,Employment,2024-05-13,,Ended,SRC018,0.84,EV04525,2025-07-08 18:41:56,2024-09-01 10:51:32
MEM002134,P02139,O0188,Director,Ownership,2024-08-01,,Inactive,SRC008,0.87,EV01002,2024-12-26 21:46:43,2026-08-11 15:52:22
MEM002135,P01944,O0194,Consultant,Ownership,2022-11-11,,Ended,SRC004,0.79,EV03336,2025-09-07 11:56:29,2024-06-06 18:44:42
MEM002136,P02587,O0333,Accountant,Association,2025-02-17,,Ended,SRC015,0.92,EV03168,2024-04-20 17:57:13,2024-01-19 10:48:52
MEM002137,P02483,O0313,Employee,Association,2026-03-31,,Inactive,SRC025,0.82,EV00353,2025-06-17 07:03:58,2026-06-06 16:57:32
MEM002138,P00675,O0117,Manager,Membership,2023-11-20,,Inactive,SRC025,0.85,EV04546,2025-02-22 04:03:50,2025-10-27 23:57:48
MEM002139,P00502,O0106,Partner,Ownership,2024-12-22,,Ended,SRC012,0.81,EV02644,2025-04-16 18:57:41,2026-07-23 12:19:44
MEM002140,P02414,O0425,Employee,Ownership,2023-10-13,2026-02-20,Ended,SRC020,0.79,EV03870,2024-02-12 04:28:55,2026-05-19 20:34:02
MEM002141,P02151,O0489,Partner,Association,2023-08-18,,Inactive,SRC021,0.94,EV04448,2026-03-16 05:31:06,2025-11-25 20:53:21
MEM002142,P02472,O0009,Accountant,Contract,2025-10-12,2026-05-05,Inactive,SRC004,0.93,EV01150,2026-08-12 09:39:32,2024-08-05 06:55:49
MEM002143,P03009,O0490,Member,Ownership,2022-03-31,,Inactive,SRC017,0.81,EV03683,2024-05-09 23:29:05,2025-04-11 12:58:01
MEM002144,P03600,O0436,Consultant,Ownership,2026-03-24,,Ended,SRC004,0.93,EV01249,2025-04-25 03:21:33,2025-02-04 01:35:13
MEM002145,P03036,O0490,Member,Contract,2024-05-24,2025-10-23,Active,SRC015,0.91,EV04366,2024-05-16 04:06:03,2025-01-31 23:11:27
MEM002146,P03791,O0313,Consultant,Employment,2024-11-17,2026-08-16,Ended,SRC030,0.99,EV02839,2026-06-22 01:54:10,2024-04-04 17:04:05
MEM002147,P01308,O0356,Consultant,Contract,2024-09-27,,Inactive,SRC008,0.79,EV04916,2025-07-03 08:43:58,2026-01-11 17:25:22
MEM002148,P03968,O0313,Member,Membership,2023-01-10,,Active,SRC029,0.98,EV03296,2025-08-01 22:27:34,2026-03-17 19:27:52
MEM002149,P03666,O0068,Member,Employment,2023-07-05,,Active,SRC001,0.96,EV01563,2026-04-25 22:15:03,2026-03-06 00:34:38
MEM002150,P03506,O0295,Member,Membership,2025-03-11,,Inactive,SRC002,0.83,EV03286,2024-02-16 00:48:21,2024-06-15 06:39:37
MEM002151,P01120,O0220,Partner,Membership,2025-10-04,,Active,SRC002,0.81,EV03134,2025-08-26 07:57:55,2026-06-21 19:59:07
MEM002152,P01775,O0326,Manager,Association,2022-11-17,,Active,SRC007,0.79,EV02436,2024-12-02 03:12:56,2026-02-15 08:40:16
MEM002153,P00915,O0254,Director,Contract,2023-12-05,2025-04-26,Active,SRC010,0.88,EV02004,2026-01-27 15:57:14,2026-06-26 12:22:37
MEM002154,P01556,O0234,Manager,Employment,2022-10-17,,Ended,SRC027,0.91,EV02002,2025-11-30 02:21:50,2024-12-20 15:17:27
MEM002155,P01520,O0222,Manager,Ownership,2023-08-04,,Active,SRC011,0.96,EV02128,2024-03-31 21:19:55,2024-10-06 12:21:30
MEM002156,P03581,O0228,Employee,Membership,2026-01-07,,Active,SRC005,0.92,EV02950,2025-08-10 07:28:05,2025-09-23 23:06:44
MEM002157,P00365,O0187,Partner,Membership,2024-01-24,,Inactive,SRC018,0.89,EV01184,2025-10-20 08:25:20,2025-03-06 14:40:06
MEM002158,P01812,O0312,Driver,Contract,2024-03-02,,Ended,SRC030,0.91,EV02945,2026-01-11 18:50:04,2025-12-07 20:04:57
MEM002159,P02316,O0190,Director,Employment,2022-06-04,2026-03-09,Inactive,SRC018,0.89,EV04907,2025-01-14 05:43:56,2025-08-20 22:32:05
MEM002160,P01903,O0191,Partner,Contract,2024-01-07,,Inactive,SRC012,0.79,EV01349,2025-01-19 20:11:28,2026-08-13 11:24:28
MEM002161,P01360,O0266,Manager,Ownership,2025-08-10,2025-10-20,Active,SRC023,0.88,EV01199,2025-12-13 08:42:53,2026-01-06 15:12:17
MEM002162,P01689,O0265,Accountant,Membership,2024-03-15,,Active,SRC006,0.93,EV02728,2024-09-23 05:06:23,2024-05-08 22:53:56
MEM002163,P00511,O0280,Accountant,Contract,2022-12-23,2026-02-11,Ended,SRC005,0.98,EV03642,2025-03-17 10:01:30,2024-11-10 13:59:53
MEM002164,P00820,O0393,Manager,Employment,2024-11-01,,Active,SRC005,0.88,EV01850,2026-07-21 15:40:30,2026-07-04 19:18:00
MEM002165,P01115,O0331,Manager,Employment,2023-05-26,,Active,SRC007,0.96,EV02933,2024-11-22 14:56:14,2024-12-10 20:58:38
MEM002166,P01873,O0328,Director,Employment,2024-03-26,,Inactive,SRC016,0.86,EV02625,2024-03-04 13:31:20,2025-01-29 18:18:07
MEM002167,P00864,O0308,Manager,Membership,2026-02-10,,Ended,SRC002,0.88,EV01108,2026-03-13 15:04:02,2024-03-05 16:47:44
MEM002168,P03121,O0309,Consultant,Contract,2025-02-27,,Inactive,SRC018,0.79,EV04089,2026-02-25 19:10:39,2025-06-19 02:29:04
MEM002169,P03080,O0142,Member,Membership,2022-06-20,,Inactive,SRC005,0.88,EV04045,2025-10-23 09:14:11,2026-01-30 09:22:00
MEM002170,P02483,O0097,Member,Membership,2025-12-02,,Inactive,SRC007,0.84,EV00670,2025-04-26 09:43:44,2024-06-10 19:47:23
MEM002171,P00015,O0150,Director,Employment,2023-04-19,,Inactive,SRC002,0.99,EV00552,2024-06-27 18:06:11,2024-05-15 05:25:00
MEM002172,P02441,O0006,Partner,Membership,2022-07-15,,Ended,SRC007,0.96,EV01450,2024-05-10 21:29:51,2026-07-03 02:36:50
MEM002173,P03427,O0426,Manager,Contract,2023-09-14,,Ended,SRC005,0.85,EV00416,2025-11-25 13:32:19,2024-04-14 09:28:16
MEM002174,P03560,O0410,Member,Ownership,2026-04-28,,Ended,SRC013,0.8,EV04130,2026-08-04 22:04:12,2025-07-21 14:26:02
MEM002175,P00857,O0304,Accountant,Employment,2025-09-18,,Inactive,SRC006,0.91,EV01708,2025-08-02 23:06:23,2025-06-08 22:08:06
MEM002176,P03110,O0050,Consultant,Association,2025-04-24,,Inactive,SRC016,0.97,EV02353,2025-07-31 08:46:23,2025-11-25 20:14:44
MEM002177,P00700,O0151,Consultant,Association,2023-02-11,,Inactive,SRC014,0.89,EV04726,2025-11-29 00:52:07,2024-04-15 09:02:20
MEM002178,P01620,O0093,Member,Employment,2023-07-09,2023-10-16,Inactive,SRC030,0.88,EV03126,2024-10-28 00:57:43,2024-05-04 00:04:14
MEM002179,P03247,O0111,Partner,Association,2024-07-27,2026-05-08,Inactive,SRC028,0.87,EV02441,2024-05-18 22:46:44,2026-02-10 17:44:09
MEM002180,P03627,O0049,Driver,Employment,2022-01-02,,Active,SRC001,0.94,EV00301,2024-06-23 16:32:23,2024-12-21 15:53:33
MEM002181,P00271,O0054,Partner,Membership,2023-02-25,,Active,SRC010,0.95,EV02573,2026-03-20 15:53:35,2025-10-15 08:37:25
MEM002182,P02720,O0229,Employee,Employment,2026-06-03,,Active,SRC002,0.81,EV02055,2024-08-23 08:39:09,2025-02-07 23:19:57
MEM002183,P02636,O0342,Partner,Association,2023-02-16,,Active,SRC028,0.88,EV00580,2026-03-03 09:21:46,2025-04-29 13:03:21
MEM002184,P02629,O0389,Driver,Ownership,2026-07-16,,Inactive,SRC011,0.88,EV02143,2024-08-18 02:05:22,2024-02-25 11:13:41
MEM002185,P03106,O0142,Manager,Ownership,2023-11-26,,Inactive,SRC006,0.91,EV03956,2024-07-03 20:22:02,2026-02-01 22:24:16
MEM002186,P03992,O0247,Director,Association,2025-06-28,2025-08-16,Active,SRC016,0.97,EV04693,2025-12-26 18:02:29,2025-10-23 16:24:48
MEM002187,P00957,O0124,Accountant,Employment,2026-05-22,,Ended,SRC003,0.79,EV03687,2024-07-20 17:02:17,2025-02-21 13:41:28
MEM002188,P01479,O0477,Accountant,Ownership,2022-09-28,,Ended,SRC002,0.95,EV03414,2024-01-10 04:21:36,2025-08-21 18:14:37
MEM002189,P01192,O0188,Driver,Membership,2024-12-05,2025-04-28,Ended,SRC015,0.84,EV04156,2024-06-23 18:15:19,2026-05-19 07:41:44
MEM002190,P03271,O0231,Driver,Association,2022-08-24,,Ended,SRC026,0.97,EV01422,2024-01-27 16:25:10,2025-04-12 10:56:25
MEM002191,P01083,O0107,Manager,Contract,2022-01-10,,Active,SRC002,0.93,EV01637,2024-01-20 00:51:41,2026-04-16 10:01:43
MEM002192,P01656,O0001,Accountant,Membership,2024-07-26,,Inactive,SRC029,0.81,EV03609,2025-04-04 19:25:53,2024-04-19 18:23:08
MEM002193,P01014,O0270,Employee,Ownership,2026-02-15,,Ended,SRC010,0.95,EV01695,2025-04-08 09:37:22,2025-10-15 08:14:35
MEM002194,P01811,O0103,Manager,Employment,2023-11-12,2024-07-09,Inactive,SRC024,0.97,EV03291,2026-06-24 07:23:16,2025-09-11 00:32:27
MEM002195,P02573,O0406,Director,Association,2021-12-03,,Active,SRC019,0.98,EV02585,2026-07-09 12:09:59,2025-09-29 16:27:04
MEM002196,P01642,O0060,Member,Employment,2026-05-09,,Inactive,SRC001,0.83,EV04771,2024-03-12 00:42:35,2025-06-05 20:25:36
MEM002197,P01956,O0397,Director,Contract,2023-11-18,,Ended,SRC002,0.98,EV02573,2026-07-15 17:28:13,2024-10-21 23:36:25
MEM002198,P00643,O0410,Driver,Ownership,2025-03-08,,Active,SRC005,0.99,EV02356,2024-06-15 13:30:40,2025-07-24 08:44:17
MEM002199,P02544,O0370,Partner,Association,2025-12-21,,Active,SRC027,0.98,EV03706,2025-10-13 03:57:27,2025-09-17 03:17:48
MEM002200,P00736,O0195,Member,Membership,2021-12-01,2023-04-20,Inactive,SRC016,0.79,EV03262,2024-10-01 23:37:14,2024-10-06 14:43:57
MEM002201,P02792,O0057,Consultant,Ownership,2023-06-14,2023-12-17,Inactive,SRC019,0.83,EV00724,2025-09-30 16:11:59,2025-10-09 02:14:18
MEM002202,P03169,O0009,Consultant,Membership,2024-01-07,,Inactive,SRC017,0.87,EV00549,2025-10-02 16:34:45,2024-12-16 22:40:39
MEM002203,P00008,O0153,Partner,Contract,2026-06-14,,Inactive,SRC002,0.99,EV04244,2026-06-14 02:25:36,2025-01-14 22:32:46
MEM002204,P02268,O0025,Driver,Contract,2021-12-24,,Active,SRC014,0.78,EV00413,2025-05-30 05:44:41,2025-01-01 06:58:47
MEM002205,P01849,O0086,Partner,Contract,2024-03-15,,Ended,SRC024,0.97,EV02852,2026-07-28 13:30:24,2026-07-23 13:20:17
MEM002206,P01950,O0405,Consultant,Ownership,2023-03-24,,Inactive,SRC011,0.92,EV02337,2025-04-09 02:07:49,2025-11-02 00:55:02
MEM002207,P01931,O0473,Employee,Employment,2024-07-19,2026-07-02,Active,SRC026,0.87,EV04464,2024-06-15 16:58:29,2024-03-07 12:19:44
MEM002208,P01210,O0437,Partner,Employment,2025-04-22,,Inactive,SRC030,0.83,EV02493,2026-04-10 14:14:29,2025-06-04 15:08:57
MEM002209,P03827,O0415,Partner,Contract,2026-08-15,,Ended,SRC009,0.82,EV02228,2026-06-24 04:19:58,2024-12-11 17:47:22
MEM002210,P02953,O0455,Accountant,Association,2026-03-11,,Inactive,SRC011,0.99,EV01059,2026-01-03 05:54:41,2026-02-11 00:18:37
MEM002211,P01891,O0016,Director,Ownership,2025-03-18,,Ended,SRC022,0.84,EV02705,2025-03-11 05:51:42,2025-01-21 06:07:58
MEM002212,P03801,O0222,Member,Association,2023-01-18,2025-04-11,Active,SRC012,0.81,EV01116,2025-10-31 04:21:48,2026-05-03 03:19:45
MEM002213,P00598,O0109,Employee,Employment,2025-10-14,,Inactive,SRC016,0.97,EV00661,2026-01-20 10:24:44,2026-06-01 10:33:35
MEM002214,P02492,O0456,Consultant,Contract,2026-03-21,2026-06-29,Inactive,SRC013,0.97,EV03475,2024-06-09 22:01:54,2026-08-21 17:43:40
MEM002215,P00010,O0071,Employee,Membership,2025-05-21,,Inactive,SRC012,0.93,EV01813,2025-05-13 20:34:19,2026-08-18 02:52:28
MEM002216,P02390,O0084,Accountant,Ownership,2023-08-24,2024-08-06,Active,SRC025,0.94,EV02535,2024-11-28 22:39:30,2024-12-11 11:55:56
MEM002217,P02351,O0455,Partner,Employment,2021-09-03,,Active,SRC023,0.94,EV01650,2024-06-09 04:23:40,2025-03-26 21:55:24
MEM002218,P01298,O0146,Director,Association,2024-06-10,,Inactive,SRC015,0.95,EV03953,2024-04-06 02:33:26,2024-03-15 20:09:44
MEM002219,P03155,O0065,Partner,Employment,2025-03-07,,Inactive,SRC018,0.91,EV02330,2026-08-04 00:46:36,2024-04-30 05:54:15
MEM002220,P00031,O0483,Manager,Association,2026-07-09,,Inactive,SRC016,0.87,EV00934,2026-02-11 18:10:06,2024-04-24 19:46:58
MEM002221,P03730,O0276,Consultant,Association,2025-01-18,,Inactive,SRC007,0.87,EV01965,2025-02-06 18:56:44,2025-07-11 09:49:04
MEM002222,P01245,O0445,Employee,Association,2026-01-19,,Inactive,SRC013,0.97,EV03663,2025-08-21 23:02:54,2026-02-21 09:31:17
MEM002223,P01269,O0489,Partner,Membership,2022-01-07,,Active,SRC013,0.97,EV04907,2025-04-25 15:32:32,2024-02-23 20:11:07
MEM002224,P02288,O0059,Director,Membership,2025-11-04,,Inactive,SRC009,0.79,EV02410,2024-10-07 23:28:48,2026-02-07 20:26:17
MEM002225,P01656,O0446,Accountant,Employment,2022-01-01,,Ended,SRC005,0.79,EV04877,2026-04-10 23:51:23,2024-01-09 22:14:01
MEM002226,P01922,O0256,Manager,Contract,2021-11-05,,Inactive,SRC028,0.88,EV00614,2025-11-07 11:32:26,2026-07-29 18:43:45
MEM002227,P00621,O0500,Accountant,Ownership,2025-08-25,,Ended,SRC008,0.94,EV00482,2025-01-31 00:29:58,2025-04-24 07:48:52
MEM002228,P00064,O0031,Accountant,Employment,2023-08-19,,Inactive,SRC012,0.9,EV01787,2025-10-28 15:23:07,2026-06-25 08:15:14
MEM002229,P03439,O0451,Member,Contract,2022-01-25,,Active,SRC011,0.9,EV00504,2024-09-03 13:39:15,2024-03-29 18:12:29
MEM002230,P00728,O0297,Accountant,Contract,2025-12-29,,Active,SRC005,0.9,EV02000,2025-06-02 06:36:13,2026-08-23 20:36:09
MEM002231,P00392,O0124,Director,Employment,2026-01-09,,Inactive,SRC024,0.93,EV03212,2026-08-26 08:30:05,2026-03-27 09:10:38
MEM002232,P03344,O0451,Member,Ownership,2023-04-08,,Inactive,SRC007,0.84,EV00961,2026-01-22 07:11:18,2024-06-27 19:04:42
MEM002233,P00068,O0024,Accountant,Contract,2026-01-24,,Active,SRC003,0.98,EV03486,2024-06-20 22:51:48,2025-09-21 17:19:09
MEM002234,P00158,O0037,Driver,Employment,2023-11-10,,Inactive,SRC024,0.82,EV02945,2025-07-20 15:30:11,2024-08-19 11:05:13
MEM002235,P02073,O0049,Manager,Ownership,2025-12-21,,Ended,SRC021,0.93,EV01661,2024-04-26 20:10:40,2026-03-09 07:02:32
MEM002236,P00921,O0367,Manager,Membership,2023-01-19,,Ended,SRC021,0.84,EV02318,2026-06-13 04:31:08,2024-05-08 07:35:41
MEM002237,P00273,O0324,Driver,Contract,2024-08-31,,Inactive,SRC013,0.8,EV03377,2025-03-30 10:43:25,2026-05-03 00:26:35
MEM002238,P01433,O0320,Director,Membership,2026-03-14,,Ended,SRC029,0.99,EV01755,2026-03-13 15:23:19,2026-01-08 01:23:04
MEM002239,P03358,O0203,Director,Association,2025-12-21,2026-08-27,Active,SRC029,0.96,EV00074,2026-05-03 08:07:23,2024-05-31 09:55:10
MEM002240,P01272,O0321,Consultant,Ownership,2023-05-25,,Inactive,SRC013,0.96,EV02721,2025-12-11 01:31:59,2025-10-06 11:26:45
MEM002241,P00308,O0079,Accountant,Ownership,2023-02-05,,Ended,SRC024,0.87,EV01658,2024-08-11 15:21:54,2025-07-28 05:34:29
MEM002242,P03826,O0242,Partner,Membership,2025-05-07,,Active,SRC024,0.99,EV00474,2024-12-22 17:02:41,2024-07-08 23:41:49
MEM002243,P00229,O0282,Manager,Membership,2022-04-19,,Inactive,SRC011,0.92,EV01717,2024-03-07 17:05:26,2024-12-16 16:38:41
MEM002244,P02124,O0261,Accountant,Employment,2022-06-06,,Active,SRC011,0.91,EV03027,2025-10-13 03:11:30,2024-04-14 10:46:37
MEM002245,P01980,O0456,Consultant,Contract,2022-03-18,,Ended,SRC019,0.78,EV00652,2024-06-13 13:39:14,2024-03-27 03:20:25
MEM002246,P00220,O0344,Manager,Association,2021-11-07,,Ended,SRC008,0.93,EV00359,2025-04-28 00:48:07,2024-12-21 13:19:50
MEM002247,P01438,O0113,Consultant,Ownership,2022-12-01,,Active,SRC027,0.91,EV02346,2024-04-16 07:09:25,2026-05-12 18:19:39
MEM002248,P01302,O0419,Member,Membership,2024-02-23,,Ended,SRC024,0.81,EV02209,2026-05-23 23:14:05,2024-03-29 23:07:25
MEM002249,P00047,O0252,Consultant,Employment,2025-10-11,,Inactive,SRC026,0.85,EV03211,2025-07-13 04:43:29,2026-08-08 12:05:40
MEM002250,P03644,O0006,Partner,Contract,2026-06-26,,Ended,SRC021,0.88,EV04265,2025-10-31 22:02:10,2026-08-23 05:00:16
MEM002251,P03617,O0226,Driver,Association,2022-08-28,,Ended,SRC004,0.8,EV02234,2026-03-14 13:17:42,2025-04-13 16:10:13
MEM002252,P00657,O0020,Accountant,Ownership,2021-11-11,,Ended,SRC014,0.88,EV00551,2024-11-03 20:11:38,2025-06-05 08:07:36
MEM002253,P03383,O0301,Employee,Ownership,2025-09-09,,Ended,SRC022,0.97,EV04346,2025-05-24 23:29:19,2025-08-12 05:21:11
MEM002254,P00140,O0255,Member,Ownership,2024-11-23,,Inactive,SRC012,0.87,EV02514,2024-02-29 23:58:55,2025-12-22 18:43:51
MEM002255,P00492,O0219,Manager,Employment,2022-06-04,,Ended,SRC027,0.94,EV02533,2025-01-29 16:48:07,2025-02-02 11:15:37
MEM002256,P01476,O0024,Manager,Ownership,2022-10-25,,Active,SRC014,0.83,EV00111,2024-07-14 17:40:23,2025-11-19 04:23:30
MEM002257,P03227,O0063,Driver,Association,2025-07-31,,Active,SRC008,0.83,EV03678,2024-08-15 23:34:58,2024-02-23 12:20:25
MEM002258,P03042,O0040,Manager,Ownership,2025-10-12,,Ended,SRC014,0.89,EV01006,2025-09-11 16:29:21,2025-12-08 20:32:23
MEM002259,P01269,O0352,Consultant,Ownership,2024-04-01,2025-12-26,Inactive,SRC026,0.96,EV01809,2024-03-09 20:10:00,2025-02-28 14:21:02
MEM002260,P03483,O0401,Employee,Contract,2026-03-14,,Ended,SRC009,0.89,EV01487,2024-11-04 02:04:42,2026-05-06 12:08:23
MEM002261,P00410,O0466,Director,Ownership,2022-11-23,,Ended,SRC017,0.85,EV02532,2026-06-14 23:05:25,2025-03-04 21:52:49
MEM002262,P03267,O0464,Driver,Employment,2024-11-11,,Inactive,SRC007,0.97,EV02272,2026-04-20 08:59:00,2024-01-22 05:33:28
MEM002263,P02543,O0171,Accountant,Ownership,2022-09-29,,Inactive,SRC010,0.93,EV03085,2025-02-07 23:33:08,2026-01-31 05:36:33
MEM002264,P00512,O0449,Member,Association,2023-11-01,,Inactive,SRC004,0.82,EV00203,2026-04-05 04:20:24,2025-06-24 21:39:29
MEM002265,P01319,O0029,Accountant,Membership,2023-04-19,,Active,SRC014,0.89,EV01708,2025-01-28 16:42:11,2024-04-10 05:22:02
MEM002266,P02412,O0213,Accountant,Membership,2024-04-30,,Ended,SRC010,0.79,EV01075,2025-06-08 20:42:08,2024-03-12 05:50:24
MEM002267,P03079,O0407,Consultant,Ownership,2024-09-21,,Ended,SRC004,0.94,EV02552,2024-05-25 15:18:55,2024-07-07 17:20:25
MEM002268,P00072,O0435,Director,Membership,2025-07-28,,Inactive,SRC025,0.95,EV02186,2024-03-28 13:36:40,2026-04-16 19:30:33
MEM002269,P01601,O0482,Manager,Ownership,2026-02-09,,Inactive,SRC025,0.82,EV03637,2024-12-09 23:48:44,2024-03-12 11:49:11
MEM002270,P03736,O0392,Partner,Membership,2025-09-29,,Inactive,SRC003,0.84,EV01916,2026-08-17 19:05:56,2026-04-17 06:40:24
MEM002271,P03208,O0121,Employee,Association,2022-04-30,,Ended,SRC002,0.96,EV04371,2024-05-28 07:21:02,2025-01-30 13:33:17
MEM002272,P00151,O0451,Member,Membership,2022-05-05,,Inactive,SRC030,0.91,EV00851,2025-02-12 23:29:38,2026-08-25 22:41:30
MEM002273,P00387,O0294,Partner,Association,2023-07-03,,Ended,SRC014,0.79,EV02241,2024-07-06 17:33:42,2025-06-18 21:59:47
MEM002274,P02386,O0126,Director,Membership,2022-12-14,,Inactive,SRC010,0.95,EV01420,2024-05-13 04:30:26,2024-03-03 09:21:26
MEM002275,P01615,O0328,Accountant,Ownership,2024-10-11,,Ended,SRC024,0.8,EV00583,2026-07-09 18:06:03,2026-07-19 09:21:55
MEM002276,P00565,O0089,Manager,Membership,2024-08-08,,Active,SRC012,0.98,EV04592,2024-12-15 14:45:13,2025-08-02 01:43:31
MEM002277,P03150,O0446,Accountant,Ownership,2025-06-09,,Ended,SRC002,0.93,EV04510,2026-04-09 14:04:25,2024-05-13 14:48:04
MEM002278,P00014,O0256,Employee,Employment,2021-09-15,,Active,SRC025,0.84,EV03744,2026-01-07 05:05:10,2024-08-21 17:31:10
MEM002279,P00840,O0287,Consultant,Ownership,2022-07-03,2024-08-15,Ended,SRC010,0.84,EV04770,2025-10-05 00:12:24,2025-03-17 12:36:57
MEM002280,P03490,O0452,Accountant,Membership,2026-06-30,,Ended,SRC008,0.89,EV01844,2024-01-01 00:22:33,2024-08-06 14:16:58
MEM002281,P01244,O0462,Partner,Association,2021-12-27,,Inactive,SRC018,0.86,EV00148,2026-01-21 18:26:07,2025-02-27 21:22:58
MEM002282,P00512,O0475,Manager,Membership,2022-05-21,,Inactive,SRC029,0.83,EV04809,2025-05-27 12:39:21,2026-05-29 01:32:25
MEM002283,P02332,O0008,Director,Contract,2021-11-10,,Ended,SRC003,0.85,EV00627,2025-04-13 17:59:09,2026-01-04 09:11:51
MEM002284,P00818,O0361,Accountant,Association,2025-02-16,,Inactive,SRC011,0.86,EV01774,2024-03-26 01:42:15,2024-10-02 15:32:16
MEM002285,P01238,O0269,Consultant,Employment,2023-12-25,,Inactive,SRC027,0.83,EV04768,2024-09-07 03:03:38,2024-03-23 03:32:20
MEM002286,P02286,O0028,Consultant,Ownership,2023-11-22,,Ended,SRC021,0.83,EV02803,2026-08-26 09:20:52,2024-01-25 03:28:03
MEM002287,P00717,O0396,Member,Membership,2025-11-21,,Inactive,SRC012,0.78,EV04474,2025-11-07 22:03:01,2024-12-01 04:36:33
MEM002288,P02813,O0047,Driver,Membership,2023-12-13,,Active,SRC013,0.85,EV00459,2026-07-17 16:02:05,2024-02-29 05:02:13
MEM002289,P03235,O0459,Employee,Membership,2026-04-15,2026-08-18,Ended,SRC027,0.9,EV03859,2025-03-24 05:34:19,2024-11-03 05:48:43
MEM002290,P01842,O0161,Member,Association,2022-10-19,,Ended,SRC010,0.91,EV01491,2026-07-13 10:14:41,2025-05-20 12:51:51
MEM002291,P00336,O0146,Driver,Membership,2022-05-10,,Active,SRC020,0.99,EV00130,2024-02-15 07:17:25,2026-08-11 04:47:27
MEM002292,P02839,O0214,Member,Association,2024-07-13,,Ended,SRC018,0.93,EV02205,2026-05-09 03:22:26,2026-01-02 08:06:04
MEM002293,P02619,O0240,Partner,Association,2023-10-13,,Active,SRC021,0.97,EV03609,2025-08-24 15:44:46,2024-02-18 15:51:03
MEM002294,P02500,O0257,Consultant,Ownership,2024-03-06,,Inactive,SRC028,0.94,EV04735,2024-06-23 11:26:48,2025-11-23 03:03:26
MEM002295,P00213,O0308,Manager,Association,2023-04-21,,Ended,SRC011,0.97,EV04770,2024-11-03 06:47:03,2024-11-17 10:00:35
MEM002296,P02839,O0026,Driver,Contract,2024-02-21,,Active,SRC005,0.94,EV01827,2026-02-28 01:14:12,2025-08-02 18:52:31
MEM002297,P00081,O0009,Partner,Association,2026-04-13,,Active,SRC025,0.93,EV01370,2026-08-16 16:37:52,2026-05-03 16:09:41
MEM002298,P02576,O0068,Partner,Ownership,2024-01-13,,Inactive,SRC027,0.98,EV01025,2026-04-30 06:16:41,2024-04-11 16:19:44
MEM002299,P02725,O0362,Member,Association,2026-04-23,,Active,SRC022,0.85,EV01318,2025-07-26 13:11:57,2026-06-07 18:35:39
MEM002300,P03513,O0219,Driver,Employment,2023-02-06,,Active,SRC012,0.9,EV00058,2024-11-13 07:21:27,2025-03-04 12:46:37
MEM002301,P03356,O0082,Employee,Ownership,2022-07-10,,Ended,SRC001,0.96,EV02993,2025-09-20 11:00:05,2024-04-02 01:04:17
MEM002302,P00263,O0465,Manager,Membership,2026-08-10,,Active,SRC027,0.94,EV03011,2024-01-19 04:11:13,2026-07-21 15:24:25
MEM002303,P00797,O0398,Manager,Contract,2022-12-12,,Ended,SRC029,0.94,EV04718,2026-08-18 07:30:53,2025-11-04 20:49:43
MEM002304,P02922,O0454,Director,Employment,2025-12-01,2025-12-29,Inactive,SRC025,0.82,EV00648,2025-12-26 06:50:53,2026-05-22 16:57:19
MEM002305,P00367,O0065,Member,Contract,2023-11-16,,Inactive,SRC030,0.94,EV03155,2024-05-07 16:51:48,2024-05-11 11:12:16
MEM002306,P02205,O0042,Partner,Employment,2025-10-10,,Ended,SRC025,0.79,EV03659,2024-03-14 20:01:33,2024-04-03 17:00:15
MEM002307,P00451,O0145,Member,Contract,2026-07-20,,Active,SRC024,0.85,EV03015,2025-10-29 19:34:18,2025-05-30 21:37:31
MEM002308,P01320,O0285,Director,Employment,2024-07-30,,Active,SRC011,0.96,EV04732,2024-08-26 13:04:06,2025-09-14 13:31:46
MEM002309,P01821,O0176,Consultant,Contract,2022-05-22,,Active,SRC015,0.97,EV03829,2026-04-23 00:24:56,2026-06-10 18:57:43
MEM002310,P01118,O0071,Director,Ownership,2025-05-04,,Ended,SRC017,0.95,EV01619,2026-05-13 18:27:00,2026-01-12 11:28:29
MEM002311,P03344,O0455,Member,Ownership,2025-11-24,2026-08-31,Inactive,SRC022,0.84,EV03401,2025-09-27 13:10:39,2024-10-16 03:20:39
MEM002312,P00960,O0063,Consultant,Employment,2023-03-18,2024-01-12,Inactive,SRC021,0.85,EV03770,2024-12-21 09:32:36,2026-08-05 20:59:05
MEM002313,P01055,O0467,Driver,Membership,2023-02-01,,Inactive,SRC018,0.9,EV01203,2025-08-12 21:32:58,2024-08-27 20:13:27
MEM002314,P03128,O0407,Member,Employment,2022-09-17,,Ended,SRC025,0.87,EV01567,2026-07-16 10:33:45,2024-11-23 16:53:08
MEM002315,P01437,O0462,Partner,Contract,2024-11-30,,Ended,SRC006,0.82,EV03142,2025-03-09 15:01:10,2026-02-17 11:27:17
MEM002316,P02880,O0484,Director,Membership,2026-06-18,2026-08-02,Inactive,SRC028,0.99,EV01845,2025-11-12 02:09:42,2024-07-14 15:21:10
MEM002317,P02185,O0381,Member,Contract,2023-09-24,,Active,SRC016,0.83,EV04055,2024-07-19 06:50:58,2024-06-24 09:26:27
MEM002318,P01240,O0011,Employee,Contract,2024-07-06,2025-09-14,Active,SRC007,0.89,EV01244,2024-04-21 07:20:02,2025-04-23 01:28:41
MEM002319,P01296,O0473,Director,Association,2026-01-21,2026-04-07,Active,SRC008,0.81,EV03469,2025-09-23 19:32:56,2026-03-20 18:13:50
MEM002320,P03322,O0387,Consultant,Contract,2022-11-08,,Active,SRC024,0.9,EV01875,2024-04-18 02:15:36,2025-07-13 22:43:02
MEM002321,P02998,O0013,Member,Association,2023-01-31,,Inactive,SRC021,0.94,EV03587,2024-05-16 17:30:50,2024-01-07 08:27:03
MEM002322,P03030,O0052,Driver,Association,2022-05-24,,Ended,SRC011,0.85,EV02032,2026-01-06 17:30:01,2025-01-26 21:38:38
MEM002323,P00765,O0297,Driver,Ownership,2026-07-22,,Inactive,SRC008,0.92,EV03774,2025-10-23 01:13:45,2025-01-10 03:14:52
MEM002324,P01075,O0411,Employee,Employment,2023-04-04,2025-06-21,Inactive,SRC016,0.82,EV04980,2025-02-16 10:01:32,2026-07-25 07:19:18
MEM002325,P03579,O0135,Director,Ownership,2025-09-28,,Active,SRC023,0.86,EV01290,2024-12-28 17:26:33,2024-06-25 19:25:19
MEM002326,P01907,O0208,Manager,Association,2022-07-08,,Ended,SRC005,0.96,EV03863,2025-01-27 06:56:36,2026-08-04 16:43:52
MEM002327,P00915,O0059,Driver,Membership,2024-03-05,2026-01-12,Inactive,SRC010,0.98,EV04778,2026-02-13 00:21:06,2024-08-24 01:20:03
MEM002328,P03167,O0345,Consultant,Membership,2025-06-12,,Active,SRC020,0.85,EV00247,2024-12-02 22:08:58,2026-07-11 04:51:43
MEM002329,P01589,O0334,Consultant,Membership,2021-09-26,2024-09-27,Inactive,SRC024,0.98,EV01545,2024-03-25 22:34:44,2026-08-14 12:53:37
MEM002330,P02321,O0477,Driver,Employment,2026-04-26,,Active,SRC018,0.85,EV03358,2024-04-27 07:08:20,2024-03-29 16:59:56
MEM002331,P03829,O0200,Driver,Employment,2023-11-21,,Inactive,SRC025,0.86,EV00095,2026-02-01 13:59:56,2025-11-14 23:20:27
MEM002332,P00767,O0028,Accountant,Membership,2025-03-26,,Active,SRC016,0.87,EV03670,2025-01-30 01:28:25,2024-12-30 05:49:23
MEM002333,P02469,O0060,Manager,Contract,2026-03-19,,Active,SRC020,0.97,EV02693,2026-05-04 05:51:28,2024-07-25 04:33:30
MEM002334,P03661,O0068,Director,Ownership,2022-11-26,,Inactive,SRC024,0.98,EV00442,2025-07-17 04:18:28,2026-07-10 18:38:52
MEM002335,P01673,O0452,Accountant,Ownership,2022-10-14,2026-08-31,Inactive,SRC028,0.98,EV00834,2025-06-21 02:43:15,2024-01-28 08:02:05
MEM002336,P02505,O0081,Consultant,Contract,2024-07-24,,Ended,SRC003,0.89,EV04548,2026-03-21 19:45:33,2026-02-10 12:32:47
MEM002337,P01142,O0335,Driver,Ownership,2023-02-06,,Ended,SRC029,0.85,EV00383,2024-06-16 23:32:05,2026-06-14 03:39:46
MEM002338,P02990,O0116,Consultant,Membership,2022-05-09,2023-01-22,Ended,SRC021,0.89,EV00791,2025-02-25 00:45:19,2025-05-29 01:16:09
MEM002339,P01696,O0049,Driver,Association,2024-04-20,,Active,SRC030,0.91,EV01584,2026-01-17 00:30:50,2025-09-30 00:15:53
MEM002340,P02484,O0337,Member,Membership,2024-11-21,2024-12-26,Ended,SRC002,0.85,EV04778,2024-05-05 15:28:45,2026-06-21 21:26:11
MEM002341,P03566,O0021,Partner,Employment,2021-09-19,,Active,SRC028,0.91,EV00213,2025-08-05 17:29:55,2024-05-09 05:21:38
MEM002342,P02113,O0286,Manager,Contract,2024-04-07,2026-08-22,Ended,SRC001,0.94,EV00263,2025-11-22 03:53:19,2026-05-21 20:45:13
MEM002343,P02909,O0197,Employee,Association,2022-04-15,,Active,SRC020,0.91,EV04122,2026-01-12 06:37:29,2025-07-16 05:20:23
MEM002344,P03143,O0112,Member,Association,2022-06-05,,Inactive,SRC025,0.93,EV03866,2025-02-02 12:40:25,2024-09-22 22:03:49
MEM002345,P01371,O0266,Partner,Contract,2025-02-05,,Active,SRC022,0.87,EV01144,2025-02-08 16:34:29,2024-07-17 18:32:50
MEM002346,P01224,O0356,Manager,Ownership,2024-04-25,2024-05-20,Ended,SRC013,0.91,EV03180,2024-11-20 04:42:52,2026-08-19 15:54:14
MEM002347,P00965,O0485,Driver,Ownership,2025-08-21,,Ended,SRC018,0.91,EV01330,2025-07-22 16:45:41,2025-12-27 10:32:19
MEM002348,P03220,O0409,Employee,Contract,2023-10-24,,Active,SRC016,0.95,EV04011,2024-10-14 03:04:05,2025-03-13 16:09:34
MEM002349,P03526,O0216,Driver,Employment,2024-07-05,,Active,SRC018,0.94,EV02784,2024-09-04 23:38:25,2025-09-09 17:05:37
MEM002350,P01460,O0378,Member,Employment,2023-09-20,2025-09-28,Inactive,SRC009,0.91,EV00974,2024-06-29 17:38:51,2024-07-14 14:57:38
MEM002351,P01673,O0269,Director,Contract,2026-01-19,,Inactive,SRC003,0.95,EV02289,2024-11-11 12:23:03,2025-04-20 04:33:21
MEM002352,P03857,O0326,Consultant,Contract,2024-06-24,,Ended,SRC005,0.97,EV02942,2025-03-02 00:15:50,2024-10-12 15:48:03
MEM002353,P01066,O0205,Driver,Ownership,2024-04-14,,Ended,SRC005,0.85,EV01971,2024-06-12 14:58:04,2025-07-21 23:37:23
MEM002354,P00638,O0373,Manager,Membership,2021-11-01,2022-10-10,Ended,SRC020,0.99,EV00641,2025-06-24 10:00:30,2025-06-04 06:19:24
MEM002355,P00549,O0237,Partner,Membership,2025-06-02,,Active,SRC008,0.91,EV01156,2024-07-26 00:39:38,2026-07-19 08:28:44
MEM002356,P02580,O0387,Employee,Ownership,2022-10-16,,Active,SRC030,0.9,EV00054,2025-11-08 22:59:42,2024-06-02 20:39:22
MEM002357,P02705,O0271,Partner,Membership,2026-06-27,,Inactive,SRC017,0.86,EV02479,2026-04-08 01:54:49,2024-03-20 01:50:41
MEM002358,P03453,O0207,Accountant,Membership,2025-12-29,,Inactive,SRC001,0.81,EV01796,2025-10-05 13:14:12,2026-08-02 07:02:56
MEM002359,P00784,O0461,Director,Membership,2023-09-07,,Active,SRC023,0.8,EV00080,2024-09-20 11:12:43,2024-08-16 04:22:33
MEM002360,P00925,O0196,Accountant,Association,2022-05-09,,Inactive,SRC030,0.94,EV04414,2024-04-07 01:28:37,2025-05-25 18:48:13
MEM002361,P01870,O0270,Consultant,Ownership,2022-04-24,,Inactive,SRC021,0.83,EV01515,2026-02-13 13:58:38,2025-10-24 03:02:59
MEM002362,P01412,O0254,Director,Employment,2024-09-01,,Ended,SRC004,0.8,EV04715,2025-08-04 01:33:47,2024-09-04 02:02:59
MEM002363,P02103,O0222,Partner,Employment,2023-08-03,,Inactive,SRC023,0.83,EV03371,2024-01-06 20:08:29,2026-07-01 10:46:24
MEM002364,P02165,O0475,Partner,Employment,2024-10-07,,Inactive,SRC010,0.93,EV04482,2026-01-29 14:24:29,2025-02-07 20:14:21
MEM002365,P03613,O0134,Manager,Association,2023-06-29,2024-09-26,Ended,SRC004,0.96,EV02217,2024-06-03 13:00:08,2024-06-21 16:20:33
MEM002366,P01836,O0486,Member,Employment,2022-08-14,,Inactive,SRC005,0.89,EV01989,2024-03-31 04:13:23,2025-11-07 00:15:01
MEM002367,P03830,O0330,Member,Association,2026-04-23,,Inactive,SRC019,0.95,EV00809,2024-10-19 05:58:41,2026-01-04 12:32:00
MEM002368,P01032,O0035,Employee,Employment,2024-06-02,,Ended,SRC013,0.94,EV00639,2026-03-12 22:20:26,2025-03-21 08:35:27
MEM002369,P03060,O0179,Manager,Membership,2023-12-18,,Inactive,SRC019,0.93,EV00940,2025-03-12 22:08:07,2024-01-22 16:51:00
MEM002370,P03949,O0060,Consultant,Employment,2025-04-26,,Inactive,SRC019,0.96,EV02693,2025-02-04 08:21:57,2024-12-05 17:35:22
MEM002371,P01129,O0300,Director,Membership,2024-09-25,,Active,SRC008,0.78,EV04051,2024-10-25 03:29:28,2024-01-11 13:11:57
MEM002372,P00904,O0167,Manager,Contract,2025-01-03,,Active,SRC018,0.89,EV01474,2026-04-14 14:02:07,2025-05-04 13:37:24
MEM002373,P03381,O0416,Member,Membership,2025-12-26,,Inactive,SRC018,0.82,EV03045,2024-04-11 08:16:25,2026-02-11 13:00:19
MEM002374,P01826,O0115,Director,Contract,2021-11-04,,Active,SRC030,0.94,EV03970,2024-11-18 06:47:16,2025-05-11 03:19:58
MEM002375,P00525,O0456,Driver,Ownership,2023-05-05,,Active,SRC022,0.96,EV03670,2024-06-18 08:33:55,2025-12-06 16:18:00
MEM002376,P00467,O0269,Accountant,Membership,2022-11-22,,Inactive,SRC005,0.85,EV02796,2025-11-21 22:38:55,2026-02-13 04:42:00
MEM002377,P01234,O0027,Consultant,Contract,2024-12-11,,Ended,SRC019,0.99,EV04212,2026-06-12 16:19:11,2025-02-03 09:25:43
MEM002378,P03167,O0254,Partner,Ownership,2022-01-19,,Inactive,SRC003,0.82,EV02151,2024-11-30 13:50:52,2024-06-18 03:48:51
MEM002379,P00626,O0293,Director,Membership,2023-01-23,,Active,SRC020,0.92,EV04088,2025-05-03 00:34:16,2025-06-05 22:36:55
MEM002380,P01134,O0361,Consultant,Contract,2021-09-10,,Ended,SRC021,0.96,EV03299,2026-01-05 22:30:58,2024-07-22 00:28:42
MEM002381,P02308,O0482,Manager,Association,2023-09-22,,Inactive,SRC029,0.89,EV04686,2026-05-07 11:37:21,2024-09-14 15:39:30
MEM002382,P03405,O0442,Accountant,Membership,2024-04-11,,Active,SRC021,0.96,EV01649,2024-03-21 19:35:13,2025-10-21 19:15:34
MEM002383,P02459,O0082,Member,Contract,2022-02-18,,Ended,SRC030,0.94,EV00096,2024-12-28 16:52:09,2024-05-29 02:11:59
MEM002384,P00274,O0352,Consultant,Employment,2026-05-17,2026-08-15,Ended,SRC004,0.98,EV01260,2026-02-15 19:05:22,2025-10-23 14:00:40
MEM002385,P03132,O0195,Employee,Employment,2025-04-05,,Ended,SRC008,0.86,EV00550,2025-05-08 07:48:49,2026-04-18 05:34:07
MEM002386,P02626,O0145,Employee,Ownership,2022-03-03,,Inactive,SRC022,0.81,EV04046,2024-07-04 12:25:29,2026-04-29 00:27:52
MEM002387,P03790,O0023,Member,Contract,2026-08-09,,Ended,SRC003,0.88,EV02213,2024-08-31 04:29:50,2025-06-16 02:13:44
MEM002388,P03708,O0450,Consultant,Association,2023-08-04,,Active,SRC012,0.87,EV02764,2025-04-15 21:02:45,2024-12-07 09:29:34
MEM002389,P00161,O0037,Director,Employment,2022-07-19,2024-01-24,Active,SRC026,0.99,EV01958,2026-06-27 09:31:53,2026-06-14 13:26:17
MEM002390,P01851,O0075,Driver,Ownership,2024-10-28,2025-02-10,Active,SRC013,0.88,EV02884,2026-02-20 21:05:34,2026-07-27 14:29:38
MEM002391,P02276,O0485,Director,Contract,2025-10-08,,Ended,SRC018,0.89,EV04115,2024-02-27 13:08:27,2026-07-17 08:34:04
MEM002392,P00635,O0123,Driver,Contract,2022-07-15,2024-10-30,Inactive,SRC016,0.79,EV02091,2026-06-12 03:20:25,2025-06-18 01:57:03
MEM002393,P02155,O0442,Employee,Ownership,2023-10-16,,Active,SRC008,0.92,EV03330,2025-06-04 02:56:43,2026-03-11 16:14:25
MEM002394,P01202,O0205,Employee,Ownership,2026-03-17,,Ended,SRC019,0.99,EV01846,2024-10-25 18:09:17,2024-11-06 14:46:00
MEM002395,P03405,O0338,Partner,Membership,2024-12-08,,Ended,SRC013,0.98,EV03728,2024-02-28 08:00:27,2026-03-19 04:40:20
MEM002396,P03594,O0136,Employee,Contract,2023-12-16,,Ended,SRC013,0.79,EV04259,2025-12-31 23:02:49,2025-12-01 01:35:23
MEM002397,P00483,O0003,Accountant,Association,2022-01-13,,Active,SRC020,0.86,EV03744,2025-04-26 08:03:21,2025-12-08 19:56:59
MEM002398,P01709,O0270,Driver,Employment,2022-10-04,,Active,SRC029,0.84,EV04570,2025-08-15 23:44:58,2026-05-18 21:10:54
MEM002399,P03327,O0319,Employee,Ownership,2024-07-04,,Inactive,SRC024,0.94,EV03245,2025-03-14 16:05:55,2024-11-20 13:18:53
MEM002400,P01360,O0293,Partner,Contract,2026-07-31,,Ended,SRC001,0.86,EV04245,2025-11-08 06:01:51,2026-08-04 16:34:19
MEM002401,P02879,O0251,Manager,Association,2021-09-29,,Active,SRC003,0.96,EV00327,2025-10-19 08:15:22,2025-03-27 19:14:20
MEM002402,P01682,O0072,Employee,Association,2024-01-28,,Inactive,SRC001,0.87,EV00823,2024-02-11 11:40:08,2026-06-25 09:44:25
MEM002403,P03264,O0111,Employee,Ownership,2022-01-28,,Inactive,SRC011,0.87,EV02500,2025-05-31 15:16:46,2025-04-24 09:21:25
MEM002404,P01430,O0308,Partner,Membership,2023-05-25,,Active,SRC024,0.96,EV04593,2026-05-17 09:10:54,2026-07-21 02:11:41
MEM002405,P01583,O0109,Accountant,Association,2024-09-07,,Active,SRC001,0.88,EV04181,2026-01-01 06:57:26,2025-10-02 21:19:37
MEM002406,P00168,O0151,Partner,Ownership,2022-02-05,,Inactive,SRC017,0.91,EV02615,2025-06-12 19:31:41,2024-03-06 19:43:23
MEM002407,P03064,O0479,Partner,Association,2022-04-12,,Active,SRC013,0.88,EV04981,2026-04-15 07:23:59,2024-11-12 21:22:33
MEM002408,P00949,O0249,Director,Ownership,2024-04-17,2025-01-22,Active,SRC029,0.84,EV02342,2025-08-07 06:18:34,2024-05-18 01:18:20
MEM002409,P01555,O0178,Consultant,Ownership,2022-11-06,,Inactive,SRC017,0.83,EV01647,2025-06-06 01:39:04,2024-08-18 09:48:29
MEM002410,P01669,O0420,Partner,Association,2023-01-13,,Inactive,SRC025,0.94,EV01494,2025-05-16 13:12:15,2024-05-20 05:32:12
MEM002411,P03066,O0250,Employee,Contract,2022-01-06,,Active,SRC014,0.81,EV04005,2025-11-28 11:53:05,2024-05-07 05:26:05
MEM002412,P00028,O0025,Consultant,Employment,2023-10-18,,Ended,SRC024,0.81,EV01551,2026-07-18 19:36:24,2025-04-19 11:00:38
MEM002413,P00955,O0229,Member,Association,2026-05-20,,Active,SRC010,0.83,EV03685,2024-07-29 14:17:46,2024-11-21 06:09:00
MEM002414,P01952,O0178,Driver,Employment,2025-11-25,2026-08-12,Ended,SRC005,0.94,EV01342,2026-06-04 10:26:34,2025-05-07 22:27:17
MEM002415,P00586,O0004,Manager,Employment,2021-10-31,,Active,SRC025,0.88,EV00259,2025-04-27 09:36:12,2024-02-10 07:13:09
MEM002416,P01252,O0335,Partner,Employment,2022-12-27,,Inactive,SRC016,0.91,EV04282,2025-02-10 18:09:57,2026-04-20 20:38:31
MEM002417,P03435,O0415,Director,Ownership,2025-05-21,,Inactive,SRC028,0.85,EV04427,2024-06-06 14:34:10,2026-08-25 00:21:07
MEM002418,P01029,O0461,Member,Employment,2026-03-27,,Inactive,SRC013,0.79,EV01914,2026-03-13 16:15:00,2024-10-10 08:20:03
MEM002419,P01096,O0376,Employee,Membership,2022-08-13,,Active,SRC009,0.86,EV04024,2024-09-23 09:23:04,2024-02-09 22:04:24
MEM002420,P01335,O0072,Accountant,Association,2022-01-25,,Active,SRC010,0.96,EV02769,2024-03-28 18:46:18,2025-11-11 18:31:37
MEM002421,P03857,O0147,Member,Membership,2026-02-16,,Inactive,SRC008,0.96,EV02136,2025-02-12 09:06:36,2026-06-03 10:13:26
MEM002422,P01232,O0283,Director,Employment,2025-06-18,,Ended,SRC007,0.89,EV00842,2024-07-18 16:08:33,2025-11-19 08:11:45
MEM002423,P00925,O0274,Manager,Contract,2023-05-02,,Ended,SRC014,0.98,EV02938,2026-02-25 08:45:45,2025-05-14 18:29:36
MEM002424,P02353,O0144,Consultant,Membership,2022-04-20,,Active,SRC009,0.92,EV03713,2026-03-30 18:19:16,2025-08-29 10:34:43
MEM002425,P00471,O0155,Member,Membership,2024-09-27,,Active,SRC010,0.8,EV01942,2025-01-22 19:09:20,2025-03-05 21:24:11
MEM002426,P03271,O0032,Consultant,Employment,2025-03-19,,Inactive,SRC008,0.92,EV04443,2025-04-03 09:17:43,2025-08-03 23:54:50
MEM002427,P03008,O0171,Director,Employment,2021-10-01,,Inactive,SRC001,0.86,EV02241,2025-04-19 18:42:43,2024-09-09 02:17:19
MEM002428,P03951,O0035,Member,Ownership,2021-12-26,,Ended,SRC021,0.92,EV03941,2025-02-07 06:13:06,2025-05-07 22:00:22
MEM002429,P00805,O0344,Driver,Contract,2021-10-04,,Active,SRC009,0.94,EV02306,2024-07-06 21:21:07,2026-04-12 21:31:09
MEM002430,P03805,O0151,Manager,Association,2024-01-01,,Ended,SRC017,0.9,EV01061,2026-04-16 23:04:44,2026-06-24 12:23:46
MEM002431,P03766,O0098,Director,Association,2022-04-02,,Inactive,SRC025,0.84,EV01775,2026-01-04 10:50:54,2024-04-28 22:41:57
MEM002432,P00624,O0071,Member,Ownership,2023-12-13,,Active,SRC002,0.87,EV02662,2024-01-10 00:50:53,2026-02-12 05:37:43
MEM002433,P01363,O0395,Driver,Ownership,2024-04-15,2025-02-10,Ended,SRC016,0.92,EV00558,2026-07-08 16:53:43,2024-08-13 16:01:55
MEM002434,P02003,O0002,Employee,Membership,2022-04-19,,Active,SRC007,0.86,EV04637,2025-06-30 23:30:12,2026-08-21 14:45:43
MEM002435,P03005,O0026,Consultant,Ownership,2024-05-29,,Active,SRC002,0.84,EV01846,2026-07-28 13:02:52,2024-03-14 12:32:49
MEM002436,P03333,O0305,Consultant,Ownership,2024-02-24,,Ended,SRC007,0.98,EV00322,2025-03-28 12:49:55,2025-09-08 01:36:26
MEM002437,P00807,O0399,Manager,Ownership,2026-03-31,,Active,SRC024,0.99,EV04900,2025-08-02 18:48:05,2025-05-13 00:33:53
MEM002438,P00972,O0169,Member,Ownership,2023-09-18,2024-01-23,Active,SRC003,0.84,EV04731,2026-07-02 09:34:11,2025-04-02 19:26:53
MEM002439,P01976,O0219,Driver,Employment,2025-03-20,,Inactive,SRC012,0.94,EV01966,2025-07-02 02:00:29,2026-08-08 22:40:14
MEM002440,P01884,O0189,Accountant,Membership,2025-10-26,,Ended,SRC027,0.86,EV01218,2025-04-26 12:21:12,2025-05-31 13:15:57
MEM002441,P00950,O0456,Member,Membership,2022-05-05,,Active,SRC001,0.78,EV02073,2025-01-12 17:02:10,2026-08-02 10:00:18
MEM002442,P00227,O0256,Consultant,Contract,2026-05-12,,Active,SRC025,0.9,EV00471,2026-03-04 01:21:01,2024-10-14 19:14:24
MEM002443,P00318,O0364,Partner,Contract,2026-06-29,2026-07-30,Ended,SRC010,0.95,EV03728,2025-06-03 13:35:45,2026-05-17 12:15:36
MEM002444,P02347,O0110,Consultant,Contract,2024-06-24,,Active,SRC010,0.86,EV01605,2026-01-06 05:44:28,2024-03-14 01:31:31
MEM002445,P03070,O0050,Employee,Employment,2022-01-10,2025-01-19,Active,SRC017,0.85,EV00969,2026-06-09 20:18:14,2026-01-26 01:05:25
MEM002446,P01730,O0206,Director,Contract,2026-05-14,2026-05-21,Ended,SRC010,0.89,EV04859,2025-06-03 02:47:18,2026-05-02 20:30:00
MEM002447,P00413,O0073,Director,Association,2022-01-18,,Inactive,SRC001,0.93,EV04717,2025-06-09 20:54:02,2026-05-04 09:44:24
MEM002448,P03555,O0469,Consultant,Association,2023-07-30,2026-03-04,Inactive,SRC001,0.93,EV00623,2025-07-09 01:40:15,2026-04-22 12:31:21
MEM002449,P03948,O0108,Manager,Membership,2021-12-12,,Active,SRC008,0.82,EV02598,2026-04-28 10:24:46,2024-09-19 07:11:44
MEM002450,P00318,O0266,Driver,Membership,2021-10-05,,Ended,SRC002,0.98,EV01441,2025-10-05 20:20:13,2024-05-31 02:39:39
MEM002451,P02841,O0249,Member,Ownership,2026-07-02,,Inactive,SRC028,0.9,EV00343,2026-05-05 07:02:51,2026-06-07 04:30:54
MEM002452,P01298,O0263,Member,Employment,2023-02-22,,Ended,SRC008,0.91,EV01699,2026-02-25 10:37:41,2025-10-13 03:36:51
MEM002453,P00365,O0060,Member,Association,2023-11-13,,Ended,SRC013,0.95,EV02453,2024-01-06 13:09:37,2025-07-31 18:07:46
MEM002454,P02888,O0493,Accountant,Ownership,2026-03-22,,Ended,SRC017,0.86,EV02608,2025-09-18 21:56:11,2026-08-19 02:00:31
MEM002455,P01298,O0291,Consultant,Ownership,2025-09-11,2025-12-24,Active,SRC021,0.87,EV01821,2026-03-30 04:00:37,2024-03-24 23:38:13
MEM002456,P02821,O0089,Member,Ownership,2023-02-21,,Active,SRC018,0.9,EV03652,2026-08-10 09:47:12,2024-01-27 16:47:14
MEM002457,P03097,O0163,Partner,Contract,2026-04-10,,Active,SRC023,0.8,EV01439,2025-09-20 09:39:03,2026-01-26 12:48:13
MEM002458,P03481,O0420,Consultant,Ownership,2025-02-12,,Inactive,SRC014,0.78,EV00359,2025-06-13 03:07:56,2025-01-08 16:15:55
MEM002459,P03609,O0102,Driver,Contract,2025-05-03,,Active,SRC020,0.85,EV01564,2024-03-29 11:04:32,2024-07-22 01:00:47
MEM002460,P01000,O0216,Driver,Employment,2024-02-26,,Inactive,SRC006,0.83,EV01825,2026-06-24 13:47:43,2025-11-17 16:17:49
MEM002461,P01806,O0083,Employee,Association,2024-01-06,,Inactive,SRC026,0.94,EV03845,2025-02-22 16:23:01,2024-01-31 10:43:21
MEM002462,P01376,O0352,Driver,Employment,2025-03-21,,Inactive,SRC015,0.98,EV00042,2025-10-25 02:05:19,2024-06-20 23:04:06
MEM002463,P00493,O0167,Employee,Employment,2025-08-06,2025-08-21,Ended,SRC028,0.94,EV03756,2025-03-12 22:59:52,2025-10-08 21:23:28
MEM002464,P01254,O0066,Director,Employment,2024-09-29,,Inactive,SRC023,0.98,EV04354,2024-12-06 20:52:23,2025-01-12 08:41:16
MEM002465,P01329,O0179,Director,Contract,2026-06-18,,Inactive,SRC027,0.84,EV02398,2024-05-26 10:29:48,2025-11-27 17:52:57
MEM002466,P03934,O0446,Driver,Employment,2024-11-06,,Inactive,SRC029,0.79,EV04140,2025-03-02 14:44:51,2026-02-02 07:58:32
MEM002467,P03795,O0342,Member,Association,2022-02-14,,Ended,SRC008,0.92,EV03648,2025-08-25 05:30:23,2026-01-02 23:13:53
MEM002468,P03245,O0419,Director,Employment,2023-10-01,,Ended,SRC005,0.89,EV01342,2024-08-14 14:25:29,2024-10-19 02:42:39
MEM002469,P00633,O0425,Manager,Membership,2025-11-01,2026-07-07,Ended,SRC009,0.94,EV03716,2025-03-05 22:55:25,2026-04-28 02:21:48
MEM002470,P03517,O0041,Partner,Contract,2022-03-20,,Active,SRC025,0.95,EV04565,2025-08-09 00:07:10,2026-05-11 12:07:03
MEM002471,P02401,O0028,Partner,Association,2022-09-11,2024-10-30,Active,SRC021,0.93,EV00189,2026-03-17 23:36:27,2024-08-24 23:48:47
MEM002472,P02955,O0181,Director,Membership,2022-01-23,2024-09-27,Inactive,SRC017,0.96,EV04396,2025-06-29 06:54:45,2025-09-28 15:29:26
MEM002473,P02540,O0067,Manager,Association,2022-10-23,,Inactive,SRC022,0.86,EV00834,2024-04-22 18:26:05,2026-05-15 20:50:30
MEM002474,P03337,O0422,Consultant,Association,2024-05-27,,Active,SRC007,0.85,EV04889,2024-04-01 14:22:40,2024-07-14 02:36:49
MEM002475,P00083,O0446,Driver,Ownership,2026-05-07,,Inactive,SRC018,0.9,EV01200,2024-04-20 16:43:38,2026-04-08 20:02:48
MEM002476,P01183,O0392,Employee,Association,2024-08-28,2026-08-18,Ended,SRC027,0.85,EV04877,2025-01-30 05:48:48,2026-07-11 15:36:10
MEM002477,P00713,O0106,Employee,Contract,2026-07-05,,Ended,SRC002,0.94,EV03491,2026-05-04 20:52:44,2024-07-05 18:37:34
MEM002478,P02562,O0168,Consultant,Employment,2025-10-09,,Inactive,SRC018,0.98,EV03850,2024-09-27 23:17:24,2024-12-11 19:00:54
MEM002479,P00042,O0298,Partner,Employment,2026-03-27,,Active,SRC028,0.91,EV04500,2026-04-18 08:31:39,2024-11-08 10:13:33
MEM002480,P01846,O0231,Consultant,Ownership,2024-03-25,,Ended,SRC004,0.97,EV00908,2024-03-01 02:02:02,2025-09-21 08:48:23
MEM002481,P00297,O0106,Driver,Ownership,2026-04-22,,Inactive,SRC010,0.88,EV04622,2025-08-25 12:30:24,2025-08-04 08:45:15
MEM002482,P02929,O0488,Director,Contract,2022-04-04,,Inactive,SRC011,0.96,EV01554,2024-12-11 15:16:34,2024-07-28 13:28:38
MEM002483,P02709,O0083,Driver,Contract,2026-07-10,,Inactive,SRC007,0.84,EV01781,2024-03-19 00:22:02,2026-04-15 20:29:08
MEM002484,P01234,O0108,Member,Association,2021-10-21,,Active,SRC030,0.97,EV02412,2024-12-19 10:30:52,2025-06-11 20:01:19
MEM002485,P02653,O0317,Accountant,Ownership,2023-01-18,,Ended,SRC030,0.96,EV02054,2024-04-12 23:23:46,2026-05-15 16:49:16
MEM002486,P02972,O0460,Consultant,Membership,2025-09-10,,Ended,SRC026,0.8,EV03960,2026-01-15 11:50:50,2026-04-28 11:05:44
MEM002487,P01495,O0417,Accountant,Contract,2023-01-22,,Active,SRC001,0.98,EV01186,2026-02-28 12:35:10,2025-04-15 04:21:43
MEM002488,P02230,O0095,Consultant,Contract,2024-10-26,,Ended,SRC030,0.98,EV03154,2026-03-09 21:08:16,2024-02-01 09:58:06
MEM002489,P03363,O0268,Accountant,Contract,2022-06-22,,Active,SRC028,0.96,EV02999,2025-02-19 09:10:15,2024-12-03 11:35:50
MEM002490,P01166,O0300,Employee,Employment,2025-12-26,,Active,SRC012,0.9,EV04674,2024-01-14 22:25:35,2025-10-19 17:20:41
MEM002491,P03433,O0287,Driver,Membership,2024-10-13,,Inactive,SRC028,0.79,EV00944,2025-04-02 02:18:01,2025-08-21 18:34:26
MEM002492,P03441,O0109,Driver,Employment,2021-09-17,,Active,SRC027,0.94,EV02904,2026-04-17 08:29:01,2025-05-24 14:34:18
MEM002493,P01086,O0159,Member,Contract,2022-03-05,2024-03-20,Active,SRC019,0.91,EV00516,2025-06-27 15:46:51,2024-04-22 05:39:59
MEM002494,P02118,O0021,Partner,Association,2023-10-26,2025-03-04,Active,SRC024,0.79,EV02287,2024-10-23 09:30:46,2025-04-06 22:14:04
MEM002495,P01001,O0482,Partner,Employment,2021-12-26,2022-11-30,Ended,SRC006,0.82,EV04029,2024-06-20 15:53:34,2026-01-17 14:23:52
MEM002496,P00955,O0115,Consultant,Employment,2022-03-18,,Inactive,SRC020,0.82,EV04226,2025-11-23 10:53:20,2026-03-27 23:54:43
MEM002497,P00700,O0195,Partner,Association,2023-03-13,,Ended,SRC008,0.87,EV00952,2024-07-03 08:57:45,2026-07-09 17:51:04
MEM002498,P03248,O0181,Member,Employment,2025-12-05,,Ended,SRC001,0.84,EV04081,2024-06-18 13:19:18,2025-08-28 16:31:48
MEM002499,P01265,O0026,Manager,Contract,2024-03-27,,Active,SRC029,0.94,EV04933,2024-08-28 03:32:24,2026-05-05 14:56:11
MEM002500,P03478,O0387,Accountant,Association,2022-12-23,,Active,SRC023,0.98,EV03702,2024-01-11 02:50:07,2024-12-17 19:55:32
