location_id,location_name,location_type,address,city,state,country,latitude,longitude,postal_code,risk_category,source_id,confidence_score,created_at,updated_at
L00001,Mall 551,Warehouse,"97/61, Roy Marg",Lucknow,Uttar Pradesh,India,20.886889,86.359807,185700,Medium,SRC026,0.78,2024-04-01 00:19:51,2024-04-26 22:19:51
L00002,Market 467,Warehouse,"H.No. 737, Sarkar Circle",Bhopal,Madhya Pradesh,India,21.582727,72.146382,557195,High,SRC001,0.93,2026-08-16 14:19:00,2026-09-04 23:59:59
L00003,Junction 507,Office,"03/41, Sahota Ganj",Bengaluru,Karnataka,India,27.743334,84.516658,176737,High,SRC013,0.78,2024-05-24 14:54:46,2025-04-16 22:56:48
L00004,Hotel 685,Bank,"06/35, Kanda",Delhi,Delhi,India,18.748297,72.249986,215100,High,SRC004,0.98,2025-08-12 08:58:53,2026-08-03 03:00:45
L00005,Junction 566,Public Place,"998, Mahajan Street",Indore,Madhya Pradesh,India,16.177097,73.309099,131103,Unknown,SRC009,0.98,2026-05-08 21:42:54,2026-06-02 18:01:19
L00006,Station 130,Transport Hub,"71, Chanda Nagar",Jabalpur,Madhya Pradesh,India,14.01238,87.155471,660200,Unknown,SRC002,0.92,2025-04-07 21:29:47,2025-04-18 21:29:47
L00007,Mall 425,Bank,"845, Nanda Ganj",Hyderabad,Telangana,India,9.643285,84.88327,681966,Low,SRC017,0.86,2024-06-17 07:46:56,2024-07-05 23:43:56
L00008,Apartment 249,Warehouse,"H.No. 373, Hegde Marg",Indore,Madhya Pradesh,India,14.525993,84.42493,570815,High,SRC022,0.82,2024-03-03 00:28:04,2025-06-07 13:51:26
L00009,Industrial Area 251,Warehouse,"77/833, Vyas Marg",Indore,Madhya Pradesh,India,14.159155,78.019327,614464,Unknown,SRC025,0.88,2026-05-27 04:47:23,2026-06-13 11:47:23
L00010,Industrial Area 674,Transport Hub,"53, Bhatia Zila",Bengaluru,Karnataka,India,20.014385,84.973996,266897,Low,SRC025,0.8,2024-10-28 10:50:43,2026-07-01 10:41:03
L00011,Junction 818,Hotel,"H.No. 71, Virk Road",Bhopal,Madhya Pradesh,India,18.268528,73.617613,255291,Unknown,SRC015,0.9,2025-10-22 22:59:00,2025-11-15 00:59:00
L00012,Road 588,Warehouse,"44/74, Bhatti Nagar",Lucknow,Uttar Pradesh,India,13.222436,85.463694,866849,Medium,SRC010,0.86,2026-03-05 05:23:12,2026-03-17 07:23:12
L00013,Mall 125,Office,"H.No. 45, Wagle Street",Ahmedabad,Gujarat,India,26.581825,82.881394,240230,Low,SRC003,0.87,2026-08-07 17:55:21,2026-08-08 06:55:21
L00014,Apartment 140,Hotel,"294, Sarraf Ganj",Ahmedabad,Gujarat,India,9.674757,76.228607,501023,High,SRC023,0.84,2025-07-10 03:37:27,2025-07-15 01:37:27
L00015,Warehouse 523,Office,"90/094, Dara Nagar",Vadodara,Gujarat,India,11.321022,77.87526,749192,Low,SRC029,0.95,2026-06-20 20:44:28,2026-06-29 09:44:28
L00016,Market 252,Transport Hub,"51/10, Sandhu",Bhopal,Madhya Pradesh,India,12.840659,84.142867,424853,High,SRC007,0.92,2026-01-02 10:20:41,2026-01-06 05:20:41
L00017,Hotel 910,Public Place,"H.No. 78, Sheth Chowk",Jabalpur,Madhya Pradesh,India,24.121306,79.503938,297467,Low,SRC027,0.94,2025-08-13 09:55:25,2026-06-08 05:11:14
L00018,Apartment 390,Warehouse,"178, Borah Street",Surat,Gujarat,India,14.304048,86.005427,790068,Medium,SRC007,0.78,2025-09-24 23:34:39,2026-07-13 00:10:21
L00019,Junction 112,Office,"H.No. 28, Kota Chowk",Surat,Gujarat,India,10.270853,85.375476,576358,Low,SRC021,0.78,2026-04-08 17:21:28,2026-05-06 01:21:28
L00020,Market 501,Office,"H.No. 135, Gole Road",Jaipur,Rajasthan,India,12.956932,78.43218,867456,Medium,SRC002,0.94,2026-02-10 22:07:16,2026-06-11 02:23:05
L00021,Office 181,Office,"132, Choudhry Circle",Vadodara,Gujarat,India,27.555416,76.948672,613682,Medium,SRC021,0.96,2024-08-01 08:50:17,2024-08-17 05:00:16
L00022,Apartment 767,Commercial Area,"04/60, Master Circle",Delhi,Delhi,India,24.326043,80.96861,740724,Medium,SRC011,0.94,2026-03-02 07:03:04,2026-03-02 21:03:04
L00023,Warehouse 853,Public Place,"18/799, Subramanian",Gwalior,Madhya Pradesh,India,10.173356,82.966711,790848,High,SRC009,0.93,2024-03-20 02:40:17,2026-06-26 22:40:12
L00024,Warehouse 547,Transport Hub,"71, Parmer Zila",Kota,Rajasthan,India,25.02037,77.271207,750736,Medium,SRC015,0.93,2024-03-21 13:59:37,2026-08-30 12:16:35
L00025,Mall 995,Warehouse,"040, Krish Marg",Surat,Gujarat,India,16.029522,74.036038,236281,High,SRC002,0.88,2025-09-16 20:31:41,2025-11-23 08:15:14
L00026,Road 595,Transport Hub,"91/11, Bal Ganj",Nagpur,Maharashtra,India,27.349741,74.927559,366196,Medium,SRC005,0.8,2025-03-21 05:02:32,2025-04-13 21:02:32
L00027,Hotel 608,Hotel,"69/78, Rai Zila",Kanpur,Uttar Pradesh,India,24.509543,80.178817,667141,Medium,SRC022,0.93,2025-02-25 20:30:58,2025-06-14 22:47:54
L00028,Office 521,Industrial Site,"59/700, Kale Chowk",Surat,Gujarat,India,8.605197,72.448294,127121,Unknown,SRC011,0.76,2026-02-28 16:13:24,2026-03-05 21:13:24
L00029,Mall 91,Bank,"09/627, Chopra Ganj",Gurugram,Haryana,India,24.165904,77.771395,734992,High,SRC030,0.78,2025-06-23 04:31:54,2025-06-25 22:31:54
L00030,Junction 721,Bank,"86, Sem Zila",Dewas,Madhya Pradesh,India,17.846813,79.718779,296194,High,SRC025,0.97,2024-05-04 14:11:48,2025-01-31 17:31:54
L00031,Station 271,Hotel,"68/737, Cherian Nagar",Hyderabad,Telangana,India,8.678477,78.834208,498771,Low,SRC002,0.85,2026-06-02 03:14:26,2026-06-26 00:14:26
L00032,Road 545,Industrial Site,"81, Parmar Street",Jaipur,Rajasthan,India,26.478569,78.242794,399197,Unknown,SRC005,0.98,2026-05-13 11:40:06,2026-05-14 00:40:06
L00033,Hotel 826,Commercial Area,"86, Dutt Road",Delhi,Delhi,India,24.046537,79.949425,511261,Medium,SRC026,0.96,2026-08-25 16:56:27,2026-09-01 20:56:27
L00034,Hotel 925,Transport Hub,"28/277, Purohit Path",Kanpur,Uttar Pradesh,India,21.064494,78.077426,399837,Low,SRC005,0.78,2025-02-20 07:30:35,2025-09-01 13:21:56
L00035,Market 480,Warehouse,"264, Sarin Street",Nagpur,Maharashtra,India,25.194163,76.052499,773014,High,SRC024,0.8,2026-06-18 11:00:23,2026-07-17 15:00:23
L00036,Market 95,Public Place,"27/943, Barad Road",Kota,Rajasthan,India,9.208931,85.341786,162766,Medium,SRC005,0.95,2024-09-09 09:47:03,2025-05-29 05:56:34
L00037,Industrial Area 32,Bank,"60/56, Dalal Road",Nagpur,Maharashtra,India,19.273325,78.354222,106660,Medium,SRC012,0.91,2025-12-05 15:23:02,2025-12-26 03:23:02
L00038,Industrial Area 304,Hotel,"945, Jain Zila",Gwalior,Madhya Pradesh,India,10.487504,78.30787,609901,Low,SRC007,0.78,2025-10-01 11:20:22,2026-02-13 07:20:13
L00039,Apartment 768,Transport Hub,"81, Sanghvi Nagar",Bhopal,Madhya Pradesh,India,12.930506,82.153943,588606,High,SRC009,0.98,2025-10-25 18:10:03,2025-11-12 16:10:03
L00040,Mall 587,Commercial Area,"750, Memon Path",Delhi,Delhi,India,11.105882,86.794354,226027,Unknown,SRC003,0.94,2025-06-28 23:20:15,2026-05-23 15:02:09
L00041,Road 933,Transport Hub,"H.No. 06, Jayaraman Circle",Gurugram,Haryana,India,19.398176,83.614539,594587,High,SRC030,0.94,2026-04-04 21:00:45,2026-04-19 05:00:45
L00042,Hotel 729,Commercial Area,"071, Narasimhan Nagar",Bengaluru,Karnataka,India,24.854468,83.728736,400674,Low,SRC006,0.86,2024-04-13 02:40:17,2025-05-25 14:00:08
L00043,Warehouse 505,Transport Hub,"52/40, Tandon Circle",Mumbai,Maharashtra,India,21.62108,85.810675,155075,Medium,SRC015,0.93,2025-04-23 14:11:37,2025-04-28 18:11:37
L00044,Apartment 136,Warehouse,"63/92, Modi Zila",Lucknow,Uttar Pradesh,India,26.635503,76.477754,501709,Low,SRC006,0.8,2026-04-14 09:50:27,2026-04-27 07:50:27
L00045,Station 884,Warehouse,"H.No. 45, Borde Zila",Mumbai,Maharashtra,India,17.51594,73.637793,767079,Unknown,SRC030,0.95,2025-10-24 20:55:29,2026-08-04 10:43:06
L00046,Junction 42,Transport Hub,"99, Salvi Street",Indore,Madhya Pradesh,India,22.568019,78.231019,243417,High,SRC004,0.77,2026-02-05 10:31:09,2026-08-21 14:26:05
L00047,Station 237,Industrial Site,"H.No. 80, Ramachandran Circle",Kanpur,Uttar Pradesh,India,9.589102,73.964314,861469,Low,SRC012,0.75,2024-05-27 22:09:36,2026-07-24 15:02:19
L00048,Office 545,Warehouse,"19/368, Patil Chowk",Jabalpur,Madhya Pradesh,India,8.757221,84.399119,412287,High,SRC022,0.9,2025-02-21 02:08:38,2025-02-24 15:08:38
L00049,Hotel 174,Industrial Site,"H.No. 47, Yohannan Zila",Hyderabad,Telangana,India,27.546055,87.157966,820942,Unknown,SRC025,0.97,2024-09-04 02:15:34,2025-06-09 06:26:55
L00050,Industrial Area 494,Transport Hub,"835, Subramaniam Path",Kota,Rajasthan,India,11.651208,81.999203,427093,High,SRC023,0.81,2026-06-18 00:25:25,2026-07-17 04:25:25
L00051,Industrial Area 199,Warehouse,"12/595, Nayak Ganj",Pune,Maharashtra,India,22.309031,80.320474,241266,Medium,SRC020,0.85,2025-01-27 06:23:16,2025-02-12 18:23:16
L00052,Office 82,Commercial Area,"85, Sachar Marg",Hyderabad,Telangana,India,10.393874,72.190712,872357,Unknown,SRC001,0.87,2026-02-12 21:00:23,2026-03-12 03:00:23
L00053,Warehouse 264,Hotel,"12/015, Dubey Nagar",Dewas,Madhya Pradesh,India,25.880676,82.026246,155427,Unknown,SRC029,0.89,2026-08-14 13:19:55,2026-09-04 23:59:59
L00054,Hotel 222,Bank,"41/045, Verma Street",Jaipur,Rajasthan,India,9.365664,86.441663,646880,Unknown,SRC008,0.78,2026-02-23 10:25:19,2026-04-18 18:52:55
L00055,Hotel 186,Residence,"49/526, Nayak Nagar",Indore,Madhya Pradesh,India,19.206301,80.950916,854641,Low,SRC018,0.86,2026-04-23 08:08:19,2026-05-12 22:08:19
L00056,Road 371,Residence,"H.No. 223, Mitter Zila",Indore,Madhya Pradesh,India,17.526191,75.35348,886366,Medium,SRC015,0.86,2025-05-05 14:00:59,2025-05-26 11:00:59
L00057,Warehouse 134,Bank,"H.No. 48, Sekhon Path",Pune,Maharashtra,India,27.778081,86.225412,265700,High,SRC003,0.93,2024-12-02 23:59:10,2024-12-26 19:59:10
L00058,Hotel 53,Warehouse,"H.No. 32, Bali",Lucknow,Uttar Pradesh,India,21.687277,79.261896,160962,High,SRC020,0.9,2025-08-21 06:49:16,2025-08-28 17:49:16
L00059,Mall 153,Public Place,"61/361, Chaudry Path",Indore,Madhya Pradesh,India,18.882213,72.296597,878312,Low,SRC016,0.79,2024-04-30 17:29:33,2024-05-26 02:15:27
L00060,Mall 671,Bank,"69/86, Bawa Nagar",Indore,Madhya Pradesh,India,9.70783,74.505954,757155,Low,SRC017,0.89,2026-02-03 22:43:12,2026-02-11 11:43:12
L00061,Hotel 185,Hotel,"39/476, Rege Road",Nagpur,Maharashtra,India,19.924179,82.290888,457859,High,SRC019,0.85,2026-03-18 05:12:50,2026-04-26 11:45:34
L00062,Office 241,Hotel,"51/98, Munshi Nagar",Bhopal,Madhya Pradesh,India,9.507725,77.24564,560326,Unknown,SRC012,0.78,2026-03-28 03:10:53,2026-04-26 15:10:53
L00063,Industrial Area 809,Residence,"51/031, Kothari Path",Vadodara,Gujarat,India,11.954015,75.145795,870330,Low,SRC026,0.85,2026-04-05 08:40:24,2026-05-02 09:40:24
L00064,Road 290,Office,"76, Salvi",Indore,Madhya Pradesh,India,17.297139,72.188596,798155,High,SRC004,0.98,2024-02-22 00:15:50,2026-08-19 23:53:29
L00065,Market 455,Industrial Site,"H.No. 729, Saraf",Indore,Madhya Pradesh,India,20.505469,78.771151,224855,High,SRC017,0.92,2024-04-22 08:02:29,2026-04-01 09:38:07
L00066,Hotel 349,Industrial Site,"H.No. 343, Chanda Road",Gurugram,Haryana,India,14.761688,87.854268,100357,High,SRC019,0.93,2026-07-27 14:59:59,2026-08-20 16:59:59
L00067,Hotel 45,Transport Hub,"34/943, Mane Chowk",Ahmedabad,Gujarat,India,20.37226,86.539709,506368,Medium,SRC029,0.81,2026-07-20 23:34:11,2026-08-15 09:34:11
L00068,Road 299,Public Place,"63/69, Krishnamurthy Ganj",Kota,Rajasthan,India,10.558721,74.847702,152564,Unknown,SRC011,0.78,2026-02-08 12:04:53,2026-02-24 06:04:53
L00069,Junction 786,Warehouse,"H.No. 643, Bal Ganj",Gwalior,Madhya Pradesh,India,8.787202,84.691679,406965,Medium,SRC021,0.88,2024-04-07 05:05:04,2025-05-12 11:09:46
L00070,Market 699,Transport Hub,"27/25, Koshy Marg",Surat,Gujarat,India,26.133299,74.339785,519979,Unknown,SRC029,0.84,2026-04-18 02:01:17,2026-04-19 20:01:17
L00071,Junction 620,Hotel,"15, Handa Path",Mumbai,Maharashtra,India,25.166282,86.468029,731742,Low,SRC014,0.94,2026-02-03 08:59:50,2026-02-21 07:59:50
L00072,Industrial Area 263,Residence,"H.No. 926, Khanna",Jaipur,Rajasthan,India,16.832396,86.310507,181815,Unknown,SRC019,0.87,2024-07-04 01:12:03,2025-08-23 05:50:25
L00073,Mall 323,Bank,"H.No. 13, Bajwa Zila",Vadodara,Gujarat,India,13.414662,73.206021,144036,Low,SRC002,0.84,2024-07-08 05:46:22,2025-08-02 00:06:52
L00074,Industrial Area 657,Warehouse,"307, Radhakrishnan Path",Kota,Rajasthan,India,27.566742,76.635151,453770,Low,SRC017,0.86,2025-08-14 01:14:34,2025-08-18 14:14:34
L00075,Road 461,Industrial Site,"563, Patla Circle",Pune,Maharashtra,India,20.223003,77.072498,603121,Unknown,SRC016,0.76,2026-01-24 22:17:12,2026-08-29 16:57:27
L00076,Junction 589,Hotel,"H.No. 23, Brar Circle",Dewas,Madhya Pradesh,India,25.576292,73.752235,540327,High,SRC012,0.91,2025-11-26 06:00:26,2025-12-16 12:00:26
L00077,Mall 151,Transport Hub,"42, Patla Street",Bengaluru,Karnataka,India,27.643532,87.785058,436144,Unknown,SRC018,0.75,2024-06-27 07:57:31,2025-09-05 00:19:29
L00078,Market 300,Residence,"H.No. 41, Memon Zila",Delhi,Delhi,India,17.649457,81.426888,297832,Unknown,SRC012,0.77,2025-09-12 08:45:00,2026-05-12 17:40:24
L00079,Industrial Area 383,Public Place,"812, Dash",Lucknow,Uttar Pradesh,India,23.727364,74.854948,604009,Unknown,SRC029,0.92,2025-06-26 06:18:29,2026-06-02 17:01:52
L00080,Office 776,Residence,"70/17, Borra Street",Hyderabad,Telangana,India,24.673587,84.375289,184744,Medium,SRC022,0.98,2026-02-12 23:16:06,2026-02-19 01:16:06
L00081,Industrial Area 976,Hotel,"H.No. 31, Datta Street",Dewas,Madhya Pradesh,India,27.277999,84.421031,649232,Low,SRC005,0.84,2025-03-06 07:33:12,2025-03-07 13:33:12
L00082,Office 75,Warehouse,"50/389, Modi Ganj",Gurugram,Haryana,India,25.052699,72.077755,649952,High,SRC015,0.91,2025-11-21 22:16:39,2025-12-15 11:16:39
L00083,Hotel 807,Office,"774, Dugar Street",Hyderabad,Telangana,India,15.348204,74.269784,716484,High,SRC006,0.83,2024-08-22 18:56:23,2024-11-30 16:47:02
L00084,Station 21,Residence,"H.No. 46, Ramakrishnan Street",Jaipur,Rajasthan,India,19.606676,84.551687,553855,Low,SRC029,0.96,2024-12-06 08:33:40,2025-05-01 15:56:47
L00085,Mall 218,Public Place,"89/034, Sharaf Chowk",Gurugram,Haryana,India,21.067269,72.738844,499585,Medium,SRC001,0.8,2024-07-24 20:44:48,2025-08-14 06:14:14
L00086,Warehouse 841,Hotel,"H.No. 130, Johal Circle",Nagpur,Maharashtra,India,24.436287,78.490597,121617,Medium,SRC005,0.89,2025-02-12 06:00:53,2025-02-17 11:00:53
L00087,Station 750,Industrial Site,"73/10, Varughese Street",Surat,Gujarat,India,13.339352,86.240403,312652,Unknown,SRC028,0.92,2025-09-27 09:11:58,2025-10-06 00:11:58
L00088,Market 755,Bank,"49, Yohannan Circle",Delhi,Delhi,India,24.025363,78.819043,105484,Low,SRC016,0.82,2024-02-06 02:23:54,2026-02-01 03:26:40
L00089,Warehouse 852,Transport Hub,"H.No. 866, Narayanan Marg",Jaipur,Rajasthan,India,23.743589,75.960329,539362,Unknown,SRC002,0.99,2024-05-22 01:27:29,2026-05-02 05:49:05
L00090,Road 82,Bank,"36/46, Palla",Nagpur,Maharashtra,India,27.83666,86.267795,207650,High,SRC007,0.84,2024-01-15 16:58:27,2024-10-19 11:28:08
L00091,Warehouse 677,Public Place,"H.No. 732, Sheth Path",Delhi,Delhi,India,12.767232,86.566803,629077,Unknown,SRC014,0.79,2024-06-10 03:49:27,2025-08-12 15:39:29
L00092,Hotel 914,Bank,"320, Ravel",Ujjain,Madhya Pradesh,India,22.157458,84.799852,272507,Low,SRC024,0.83,2024-01-11 23:17:59,2024-05-11 15:19:41
L00093,Mall 448,Public Place,"H.No. 840, Pau Chowk",Vadodara,Gujarat,India,10.438782,74.387852,227248,Unknown,SRC010,0.77,2024-11-08 04:03:02,2025-08-23 08:17:00
L00094,Industrial Area 519,Commercial Area,"85, Sinha Circle",Dewas,Madhya Pradesh,India,25.647574,82.044277,340538,High,SRC004,0.92,2025-01-20 05:54:16,2025-04-11 10:15:24
L00095,Mall 513,Bank,"70, Srivastava Ganj",Bengaluru,Karnataka,India,11.462419,75.315838,796728,High,SRC022,0.89,2026-03-18 21:47:33,2026-04-08 21:47:33
L00096,Office 140,Hotel,"H.No. 999, Raval Road",Ujjain,Madhya Pradesh,India,22.275142,81.219869,435708,Medium,SRC004,0.83,2025-05-27 01:57:43,2026-07-20 12:31:54
L00097,Market 473,Office,"94/970, Kannan Circle",Indore,Madhya Pradesh,India,12.232436,87.517429,317154,Low,SRC010,0.92,2024-12-24 15:14:13,2025-01-19 02:14:13
L00098,Junction 946,Commercial Area,"H.No. 14, Som Circle",Lucknow,Uttar Pradesh,India,16.39819,86.778579,745994,Unknown,SRC003,0.84,2024-04-28 03:18:37,2025-06-05 18:23:20
L00099,Warehouse 752,Bank,"08/98, Bhatia Circle",Nagpur,Maharashtra,India,20.99807,78.077928,207964,Low,SRC010,0.83,2024-10-11 11:37:31,2025-05-27 13:21:33
L00100,Road 858,Hotel,"55, Nayak Street",Kanpur,Uttar Pradesh,India,19.534605,86.271089,779908,Unknown,SRC022,0.95,2026-06-09 21:13:01,2026-07-02 15:13:01
L00101,Hotel 451,Public Place,"089, Iyer Chowk",Ahmedabad,Gujarat,India,17.831003,84.590566,602787,Unknown,SRC025,0.95,2024-02-24 14:09:39,2024-07-12 13:12:37
L00102,Industrial Area 737,Public Place,"158, Raval Ganj",Vadodara,Gujarat,India,15.697338,85.781244,875120,Unknown,SRC013,0.76,2025-05-25 14:25:40,2026-04-21 22:14:29
L00103,Office 9,Industrial Site,"H.No. 36, Manne Nagar",Vadodara,Gujarat,India,21.424285,86.85321,362817,Medium,SRC019,0.85,2025-12-13 12:29:45,2025-12-26 08:29:45
L00104,Hotel 949,Warehouse,"H.No. 947, Warrior Zila",Surat,Gujarat,India,9.412193,77.820108,695131,High,SRC019,0.9,2025-07-23 14:40:00,2026-05-11 22:30:36
L00105,Industrial Area 542,Warehouse,"967, Aurora Ganj",Lucknow,Uttar Pradesh,India,19.865693,80.020468,468638,Medium,SRC015,0.84,2026-08-06 08:44:55,2026-08-20 10:44:55
L00106,Office 171,Residence,"H.No. 781, Seth Street",Nagpur,Maharashtra,India,16.622494,82.991025,565045,High,SRC023,0.76,2024-11-12 14:55:12,2026-04-24 01:45:24
L00107,Office 610,Industrial Site,"916, Subramanian Street",Bengaluru,Karnataka,India,17.348264,82.871017,491418,Unknown,SRC026,0.91,2026-06-28 05:06:20,2026-06-29 12:06:20
L00108,Market 390,Bank,"333, Khalsa Circle",Bhopal,Madhya Pradesh,India,10.793853,78.638169,672900,Unknown,SRC007,0.89,2024-08-16 07:09:55,2024-08-24 13:09:55
L00109,Office 820,Office,"70/941, Parmar",Pune,Maharashtra,India,13.138863,72.889755,307455,Low,SRC018,0.92,2024-05-23 04:22:30,2025-08-06 05:00:02
L00110,Apartment 248,Residence,"592, Peri Nagar",Hyderabad,Telangana,India,25.936755,73.735908,404577,Low,SRC026,0.96,2025-02-08 08:50:07,2026-02-14 22:53:44
L00111,Market 411,Commercial Area,"078, Taneja Ganj",Nagpur,Maharashtra,India,13.031839,80.508433,642946,High,SRC017,0.87,2024-04-08 06:23:13,2025-09-05 17:01:08
L00112,Office 714,Transport Hub,"79/812, Gupta Ganj",Vadodara,Gujarat,India,15.109583,81.112211,603089,Low,SRC011,0.77,2025-08-07 09:10:23,2025-10-22 14:08:42
L00113,Station 624,Bank,"31, Manne Zila",Mumbai,Maharashtra,India,26.728053,77.543074,215308,Medium,SRC011,0.77,2026-02-23 07:55:43,2026-02-25 09:31:12
L00114,Road 901,Industrial Site,"761, Suresh Chowk",Delhi,Delhi,India,11.994377,80.026737,289332,Low,SRC022,0.81,2024-08-01 06:33:13,2026-07-01 01:42:21
L00115,Station 979,Public Place,"231, Tata Chowk",Vadodara,Gujarat,India,26.277347,78.912419,621427,Medium,SRC022,0.99,2025-02-07 22:39:02,2025-09-25 20:25:59
L00116,Road 364,Industrial Site,"07, Dora Marg",Kanpur,Uttar Pradesh,India,16.747262,76.005376,416350,Unknown,SRC021,0.88,2025-10-22 01:13:12,2025-11-01 13:13:12
L00117,Hotel 968,Public Place,"H.No. 061, Lall Zila",Jabalpur,Madhya Pradesh,India,26.079157,83.08001,588266,Low,SRC025,0.95,2024-06-30 05:24:29,2024-07-07 03:24:29
L00118,Office 271,Public Place,"H.No. 244, Dash Path",Kota,Rajasthan,India,26.68543,76.904302,194653,Unknown,SRC014,0.92,2026-01-31 19:02:50,2026-02-01 22:02:50
L00119,Road 201,Public Place,"879, Keer Circle",Dewas,Madhya Pradesh,India,24.034153,82.944063,323677,High,SRC005,0.85,2026-03-27 20:48:49,2026-04-02 10:48:49
L00120,Warehouse 497,Bank,"425, Taneja Zila",Vadodara,Gujarat,India,11.824786,79.702184,135881,Low,SRC003,0.95,2025-10-22 00:50:55,2025-11-13 12:50:55
L00121,Office 671,Bank,"H.No. 24, Krish Circle",Indore,Madhya Pradesh,India,24.263804,81.70748,871301,Low,SRC022,0.94,2025-01-28 08:02:15,2026-04-30 18:41:31
L00122,Hotel 877,Warehouse,"H.No. 11, Bhatti Street",Bengaluru,Karnataka,India,24.733688,75.005963,610906,Unknown,SRC006,0.77,2025-11-02 03:48:33,2025-11-24 00:48:33
L00123,Warehouse 795,Commercial Area,"96/746, Singh",Jabalpur,Madhya Pradesh,India,20.738835,81.154099,803493,High,SRC029,0.83,2024-04-11 22:56:13,2026-02-16 09:14:05
L00124,Office 847,Transport Hub,"48/355, Muni Chowk",Jaipur,Rajasthan,India,24.310187,83.570021,857471,Unknown,SRC023,0.79,2025-04-22 18:38:45,2025-05-15 13:38:45
L00125,Warehouse 401,Commercial Area,"48, Puri",Bhopal,Madhya Pradesh,India,16.500458,75.47306,322469,Medium,SRC020,0.8,2025-01-10 23:02:01,2025-02-08 16:02:01
L00126,Market 535,Warehouse,"H.No. 89, Salvi",Vadodara,Gujarat,India,13.758977,83.708691,397489,Unknown,SRC005,0.83,2024-09-01 17:37:48,2024-09-13 17:37:48
L00127,Warehouse 978,Transport Hub,"20, Vala Road",Kanpur,Uttar Pradesh,India,8.28987,72.858468,401521,Unknown,SRC011,0.83,2025-03-14 07:54:34,2025-03-21 23:54:34
L00128,Mall 859,Transport Hub,"H.No. 189, Khare Chowk",Bengaluru,Karnataka,India,9.310915,76.378471,247152,Medium,SRC002,0.78,2024-11-28 09:10:57,2026-07-11 23:11:47
L00129,Mall 305,Hotel,"39, Gupta Nagar",Ahmedabad,Gujarat,India,23.060471,77.544403,697281,Unknown,SRC009,0.84,2026-07-08 13:58:34,2026-07-09 16:58:34
L00130,Apartment 756,Hotel,"84/073, Karnik Road",Bengaluru,Karnataka,India,26.833219,80.247862,126326,Unknown,SRC001,0.78,2024-09-25 16:39:27,2025-08-24 23:26:45
L00131,Market 310,Hotel,"75/897, Chander Nagar",Nagpur,Maharashtra,India,9.72078,86.516779,422709,Low,SRC015,0.87,2026-07-23 05:04:17,2026-07-25 16:04:17
L00132,Office 242,Commercial Area,"H.No. 77, Banerjee Street",Kanpur,Uttar Pradesh,India,22.052086,75.864418,536889,Medium,SRC025,0.96,2024-02-20 18:48:20,2025-07-14 16:45:51
L00133,Apartment 502,Public Place,"538, Balay Street",Gurugram,Haryana,India,15.09198,76.116082,877671,Unknown,SRC003,0.86,2024-06-08 06:59:21,2026-02-02 21:26:54
L00134,Hotel 488,Hotel,"41/153, Chokshi Nagar",Delhi,Delhi,India,14.751065,76.959754,707366,Low,SRC010,0.86,2024-06-22 19:12:46,2026-08-04 08:03:57
L00135,Office 931,Public Place,"27/244, Arora Chowk",Gwalior,Madhya Pradesh,India,16.125732,73.692044,745071,Medium,SRC019,0.8,2025-02-24 02:20:05,2025-03-22 03:20:05
L00136,Office 622,Transport Hub,"H.No. 26, Patla Path",Hyderabad,Telangana,India,11.584642,83.324844,757681,Medium,SRC003,0.83,2024-04-17 21:25:25,2026-03-26 13:22:20
L00137,Apartment 906,Transport Hub,"H.No. 565, Pal Path",Gwalior,Madhya Pradesh,India,24.61013,75.561335,235050,Medium,SRC019,0.76,2025-09-02 05:14:50,2025-09-05 09:14:50
L00138,Industrial Area 634,Industrial Site,"707, Kala Path",Dewas,Madhya Pradesh,India,27.448657,82.304545,592423,High,SRC017,0.79,2025-06-27 11:37:47,2025-07-02 13:37:47
L00139,Industrial Area 485,Hotel,"289, Chatterjee Nagar",Ahmedabad,Gujarat,India,12.304368,86.153048,106378,Low,SRC027,0.78,2026-07-03 21:13:57,2026-07-16 02:13:57
L00140,Market 227,Bank,"68/93, Kakar Circle",Bengaluru,Karnataka,India,26.379176,83.018494,434571,Low,SRC005,0.99,2024-05-10 00:47:11,2025-06-27 14:22:01
L00141,Road 249,Commercial Area,"840, Wagle Path",Vadodara,Gujarat,India,14.301165,82.687321,246228,Low,SRC010,0.94,2026-02-28 04:59:12,2026-03-23 05:59:12
L00142,Warehouse 432,Warehouse,"233, Chaudry Path",Ujjain,Madhya Pradesh,India,27.660483,72.537543,158744,Unknown,SRC028,0.91,2024-10-23 11:18:24,2024-11-03 05:18:24
L00143,Road 91,Residence,"93/898, Kibe Ganj",Surat,Gujarat,India,8.077106,76.417698,378733,High,SRC007,0.84,2024-11-13 15:42:43,2025-05-25 04:46:10
L00144,Station 274,Transport Hub,"29/98, Nori",Mumbai,Maharashtra,India,13.019601,85.179395,488059,Unknown,SRC019,0.77,2024-11-21 06:12:48,2024-12-06 13:01:00
L00145,Office 707,Residence,"46, Deol Road",Jabalpur,Madhya Pradesh,India,20.630812,79.414217,730063,Medium,SRC006,0.97,2025-01-15 21:48:51,2025-03-26 16:51:54
L00146,Station 736,Industrial Site,"70/42, Basu Circle",Delhi,Delhi,India,12.77953,74.515369,891929,Low,SRC028,0.9,2024-10-10 15:39:10,2025-09-04 10:32:23
L00147,Mall 328,Bank,"33, Suresh Chowk",Delhi,Delhi,India,10.128471,81.625357,804701,Medium,SRC007,0.88,2024-08-25 03:46:05,2024-09-12 20:46:05
L00148,Apartment 41,Residence,"04, Chopra",Vadodara,Gujarat,India,8.871959,72.694199,799705,Low,SRC022,0.85,2025-03-18 21:59:33,2026-05-20 22:40:03
L00149,Hotel 527,Public Place,"108, Ghose Nagar",Jabalpur,Madhya Pradesh,India,20.907775,79.61351,136225,Unknown,SRC029,0.83,2024-12-23 13:31:23,2025-05-21 06:40:17
L00150,Hotel 565,Public Place,"03/22, Borah Street",Jaipur,Rajasthan,India,10.411911,74.651176,388691,High,SRC015,0.91,2025-06-23 21:38:01,2025-07-15 15:38:01
L00151,Junction 281,Public Place,"09, Buch Road",Pune,Maharashtra,India,20.754447,75.523509,724168,High,SRC027,0.84,2024-11-27 09:34:45,2025-05-08 21:24:37
L00152,Mall 292,Office,"H.No. 36, Trivedi",Kota,Rajasthan,India,14.683695,83.977032,640292,Medium,SRC011,0.78,2024-08-04 00:03:02,2025-04-28 11:31:40
L00153,Industrial Area 209,Commercial Area,"23/08, Bedi Zila",Surat,Gujarat,India,27.457349,84.100761,725950,High,SRC004,0.94,2024-12-14 00:09:25,2026-04-25 10:16:30
L00154,Station 583,Public Place,"26, Mital Chowk",Gurugram,Haryana,India,15.179508,85.072205,339625,High,SRC030,0.89,2025-12-08 18:24:30,2025-12-18 22:24:30
L00155,Station 13,Residence,"80, Srivastava Street",Surat,Gujarat,India,23.712821,82.24905,522737,Medium,SRC023,0.8,2026-04-12 07:26:50,2026-04-25 04:26:50
L00156,Office 187,Public Place,"38, Choudhury Marg",Surat,Gujarat,India,22.735269,80.253393,168138,Medium,SRC003,0.75,2026-03-22 17:03:46,2026-04-16 16:03:46
L00157,Office 995,Warehouse,"81, Parmer Nagar",Dewas,Madhya Pradesh,India,14.521354,83.717643,450357,High,SRC012,0.87,2026-07-03 07:51:20,2026-07-24 09:51:20
L00158,Hotel 860,Hotel,"H.No. 21, Iyengar Zila",Hyderabad,Telangana,India,17.063183,74.087388,796144,Unknown,SRC013,0.85,2024-10-15 17:52:55,2024-10-20 07:52:55
L00159,Warehouse 292,Warehouse,"97/98, Kannan Road",Nagpur,Maharashtra,India,26.714275,76.910159,522791,Low,SRC006,0.9,2024-04-17 05:33:55,2025-10-22 07:08:35
L00160,Market 559,Office,"55, Ravi Nagar",Gurugram,Haryana,India,12.413585,79.787037,302006,Medium,SRC019,0.88,2025-06-06 19:47:39,2025-06-16 19:47:39
L00161,Market 635,Hotel,"23/204, Bains Street",Gwalior,Madhya Pradesh,India,15.234073,84.115349,224704,High,SRC029,0.98,2024-06-01 07:01:59,2026-07-01 19:38:21
L00162,Road 157,Warehouse,"50/13, Subramanian Marg",Mumbai,Maharashtra,India,20.147111,77.908491,450893,Low,SRC023,0.99,2024-05-16 23:40:36,2024-05-27 09:40:36
L00163,Road 404,Warehouse,"58/75, Bhattacharyya Street",Ahmedabad,Gujarat,India,19.139838,72.409235,269446,Unknown,SRC022,0.91,2024-10-25 03:10:08,2024-11-17 10:10:08
L00164,Hotel 203,Residence,"12/09, Sarin Chowk",Hyderabad,Telangana,India,26.422956,79.485403,835717,Medium,SRC022,0.99,2026-05-15 19:13:40,2026-05-30 14:13:40
L00165,Industrial Area 413,Bank,"H.No. 892, Talwar Chowk",Ahmedabad,Gujarat,India,21.740761,72.384756,483294,Unknown,SRC017,0.79,2025-05-20 14:41:34,2025-05-22 03:41:34
L00166,Station 442,Public Place,"89, Dar Nagar",Ahmedabad,Gujarat,India,15.545716,76.937723,501775,Medium,SRC014,0.97,2024-09-27 05:33:13,2026-04-03 13:41:20
L00167,Road 649,Transport Hub,"168, Parmar Zila",Indore,Madhya Pradesh,India,12.207232,78.535595,366409,Medium,SRC029,0.91,2025-12-18 23:47:28,2026-01-08 13:47:28
L00168,Market 543,Commercial Area,"003, Bail",Vadodara,Gujarat,India,14.707805,74.89228,354026,Unknown,SRC006,0.89,2024-11-25 13:08:50,2025-08-28 16:02:28
L00169,Station 390,Warehouse,"H.No. 08, Tella Circle",Dewas,Madhya Pradesh,India,12.214303,86.609656,627558,Medium,SRC011,0.86,2024-07-18 10:14:28,2024-10-25 18:10:58
L00170,Industrial Area 251,Transport Hub,"08/48, Reddy Street",Dewas,Madhya Pradesh,India,22.356801,86.111507,462087,Medium,SRC016,0.98,2024-08-13 16:17:40,2025-06-19 14:57:24
L00171,Industrial Area 182,Hotel,"215, Kashyap Marg",Nagpur,Maharashtra,India,23.619147,82.878994,397682,High,SRC021,0.81,2025-09-03 11:01:12,2025-09-05 16:01:12
L00172,Station 408,Office,"15/47, Kadakia Road",Kota,Rajasthan,India,8.919457,73.602082,205354,High,SRC020,0.92,2024-10-31 11:26:10,2026-02-06 17:36:19
L00173,Warehouse 560,Residence,"H.No. 06, Krishnan Path",Jaipur,Rajasthan,India,27.60641,85.921423,390744,Unknown,SRC006,0.87,2024-08-29 15:45:52,2025-07-09 16:25:45
L00174,Station 776,Industrial Site,"02/221, Keer Street",Kanpur,Uttar Pradesh,India,21.907939,87.291662,720165,Medium,SRC009,0.98,2026-08-05 10:46:14,2026-08-25 11:46:14
L00175,Junction 911,Residence,"H.No. 260, Pandey Nagar",Bengaluru,Karnataka,India,23.078231,82.882894,561004,High,SRC003,0.87,2024-04-16 07:04:05,2024-05-09 01:04:05
L00176,Road 725,Commercial Area,"77/75, Dewan Ganj",Kota,Rajasthan,India,16.341758,73.386841,863773,High,SRC009,0.76,2026-06-18 05:08:29,2026-07-14 04:08:29
L00177,Mall 234,Hotel,"H.No. 785, Dyal Chowk",Kanpur,Uttar Pradesh,India,25.37654,80.711413,804369,Low,SRC004,0.84,2024-03-28 08:16:52,2026-07-28 19:14:00
L00178,Junction 481,Public Place,"380, Sarin Circle",Mumbai,Maharashtra,India,19.71234,84.872015,297373,Medium,SRC016,0.98,2024-04-11 03:41:42,2025-04-06 17:36:03
L00179,Apartment 647,Industrial Site,"H.No. 27, Issac Path",Bengaluru,Karnataka,India,24.141059,73.456943,187319,Medium,SRC006,0.97,2025-12-16 00:00:58,2026-01-04 14:00:58
L00180,Warehouse 395,Hotel,"864, Biswas Zila",Indore,Madhya Pradesh,India,9.916004,84.230115,409934,Medium,SRC001,0.75,2026-07-09 11:10:43,2026-08-05 08:10:43
L00181,Apartment 594,Office,"36/490, Sankaran Ganj",Jabalpur,Madhya Pradesh,India,15.276249,75.459986,716889,Medium,SRC008,0.95,2025-04-21 04:05:37,2025-07-27 22:56:17
L00182,Apartment 696,Office,"H.No. 901, Chacko Nagar",Jaipur,Rajasthan,India,13.821776,72.077931,540574,Medium,SRC003,0.79,2024-10-05 17:44:38,2025-04-17 22:15:29
L00183,Office 251,Office,"817, Sule Zila",Bhopal,Madhya Pradesh,India,18.985283,86.642228,749079,Unknown,SRC006,0.76,2024-06-26 15:37:48,2024-07-14 18:37:48
L00184,Office 638,Commercial Area,"373, Dhingra Marg",Gwalior,Madhya Pradesh,India,20.087904,86.361052,332051,Medium,SRC004,0.91,2025-11-15 00:25:31,2025-12-12 15:25:31
L00185,Industrial Area 651,Commercial Area,"93, Walia Zila",Delhi,Delhi,India,15.977059,81.204722,852186,Low,SRC001,0.92,2024-05-18 04:33:45,2024-08-03 17:16:30
L00186,Road 655,Office,"39, Yogi Road",Gwalior,Madhya Pradesh,India,27.02435,78.01949,422434,High,SRC027,0.98,2025-07-23 16:46:28,2025-07-28 03:07:45
L00187,Office 962,Transport Hub,"H.No. 26, Dugar",Mumbai,Maharashtra,India,24.99872,80.473587,344483,High,SRC007,0.94,2024-01-07 05:29:02,2024-04-18 11:45:38
L00188,Industrial Area 117,Commercial Area,"H.No. 45, Ramakrishnan Circle",Lucknow,Uttar Pradesh,India,26.262907,77.001859,193772,Unknown,SRC010,0.85,2025-06-20 08:59:02,2026-08-19 20:35:31
L00189,Warehouse 477,Residence,"66/807, Mukherjee Ganj",Gwalior,Madhya Pradesh,India,25.958185,83.039205,710717,Unknown,SRC001,0.78,2025-05-13 23:15:04,2025-05-22 20:15:04
L00190,Mall 991,Warehouse,"H.No. 02, Mitter Marg",Jabalpur,Madhya Pradesh,India,26.122272,85.500258,223146,Low,SRC002,0.9,2025-10-24 12:08:32,2026-02-07 16:20:03
L00191,Market 882,Industrial Site,"076, Sura Path",Lucknow,Uttar Pradesh,India,26.66184,75.233688,675813,Low,SRC006,0.95,2024-10-18 08:18:28,2026-01-15 06:24:25
L00192,Warehouse 390,Residence,"76, Kata Street",Dewas,Madhya Pradesh,India,8.500143,85.777936,737446,Medium,SRC006,0.81,2026-05-27 01:20:40,2026-06-05 00:20:40
L00193,Mall 240,Warehouse,"H.No. 459, Taneja Chowk",Ujjain,Madhya Pradesh,India,21.664822,84.066091,740495,Medium,SRC023,0.86,2026-06-09 07:40:08,2026-06-27 23:40:08
L00194,Hotel 152,Residence,"H.No. 19, Chadha Zila",Dewas,Madhya Pradesh,India,25.681116,73.412125,565292,Low,SRC004,0.85,2025-03-18 20:14:12,2025-06-24 03:37:31
L00195,Hotel 743,Transport Hub,"24, Apte Circle",Hyderabad,Telangana,India,11.312486,87.273092,677933,Medium,SRC006,0.96,2025-06-25 03:14:40,2025-07-21 08:09:42
L00196,Market 104,Office,"786, Rajan Street",Gurugram,Haryana,India,16.017827,80.088587,141350,Low,SRC026,0.85,2024-07-06 18:28:37,2026-03-28 00:22:00
L00197,Mall 422,Warehouse,"51/41, Babu Street",Delhi,Delhi,India,27.061699,72.112949,190677,High,SRC004,0.83,2024-08-11 21:43:15,2025-02-10 11:54:36
L00198,Station 896,Transport Hub,"374, Sagar Chowk",Lucknow,Uttar Pradesh,India,23.080248,78.916964,155849,Medium,SRC025,0.75,2026-07-19 17:23:16,2026-08-04 13:23:16
L00199,Market 630,Transport Hub,"40/08, Borde Zila",Dewas,Madhya Pradesh,India,9.673387,82.972311,521240,High,SRC007,0.9,2025-10-10 19:28:35,2025-11-03 05:28:35
L00200,Junction 969,Residence,"86, Wali Zila",Indore,Madhya Pradesh,India,15.22028,75.158181,645338,High,SRC025,0.77,2024-07-13 01:03:42,2024-08-08 21:55:51
L00201,Market 459,Commercial Area,"H.No. 747, Bakshi Marg",Surat,Gujarat,India,23.907311,72.042061,107773,High,SRC017,0.83,2025-09-19 19:03:59,2025-09-19 23:03:59
L00202,Junction 423,Bank,"H.No. 14, Chana Road",Kanpur,Uttar Pradesh,India,16.93162,75.722958,757988,Unknown,SRC017,0.81,2024-01-14 11:31:40,2025-03-21 05:17:15
L00203,Road 504,Residence,"H.No. 993, Gade Path",Delhi,Delhi,India,22.676731,80.94612,120987,Medium,SRC001,0.91,2026-08-18 11:00:12,2026-09-04 23:59:59
L00204,Junction 676,Transport Hub,"67/004, Pandya Chowk",Jaipur,Rajasthan,India,24.615557,77.43588,732008,Medium,SRC011,0.83,2025-03-22 10:46:20,2025-03-30 01:46:20
L00205,Warehouse 510,Warehouse,"H.No. 638, Borah Marg",Indore,Madhya Pradesh,India,16.837319,79.272999,108301,Unknown,SRC008,0.97,2024-12-27 10:47:41,2024-12-29 04:47:41
L00206,Mall 192,Residence,"80, Narain Nagar",Jabalpur,Madhya Pradesh,India,10.356097,83.033676,459300,Medium,SRC005,0.75,2026-07-15 20:04:54,2026-08-09 02:04:54
L00207,Warehouse 770,Warehouse,"62/84, Lal Zila",Gwalior,Madhya Pradesh,India,9.264219,75.09244,746905,Low,SRC014,0.96,2025-04-27 04:41:34,2025-05-06 03:41:34
L00208,Mall 32,Office,"18/395, Sagar Chowk",Jaipur,Rajasthan,India,25.715899,81.544607,389335,High,SRC001,0.79,2024-12-31 00:54:34,2025-11-11 09:28:28
L00209,Station 323,Office,"51/78, Keer Marg",Bhopal,Madhya Pradesh,India,9.322865,79.50502,892786,High,SRC028,0.98,2025-08-25 00:56:03,2025-09-16 03:56:03
L00210,Warehouse 472,Residence,"87, Rajagopalan",Ujjain,Madhya Pradesh,India,21.365867,76.344264,379956,High,SRC026,0.96,2025-06-04 00:15:11,2026-02-25 07:18:35
L00211,Station 935,Industrial Site,"96/652, Raj Zila",Hyderabad,Telangana,India,19.123013,87.234057,487864,Low,SRC006,0.96,2026-08-30 09:37:26,2026-09-04 23:59:59
L00212,Market 459,Residence,"H.No. 051, Tiwari Zila",Nagpur,Maharashtra,India,14.158112,76.764201,264102,Low,SRC008,0.88,2024-05-22 11:10:52,2026-05-10 10:21:39
L00213,Warehouse 592,Residence,"35/95, Virk Chowk",Lucknow,Uttar Pradesh,India,26.27828,73.596775,835262,High,SRC027,0.97,2025-12-07 17:00:19,2025-12-14 14:00:19
L00214,Industrial Area 815,Public Place,"60, Shah Marg",Kota,Rajasthan,India,17.294442,78.657486,625091,Low,SRC019,0.96,2026-05-01 07:36:31,2026-05-06 06:36:31
L00215,Junction 579,Public Place,"11, Yohannan",Jabalpur,Madhya Pradesh,India,22.75587,73.542933,681689,Low,SRC019,0.79,2025-08-15 23:50:50,2025-12-06 04:27:27
L00216,Industrial Area 433,Transport Hub,"367, Ratta Ganj",Gwalior,Madhya Pradesh,India,14.622123,86.911777,401973,Unknown,SRC028,0.98,2024-04-26 02:23:49,2024-05-22 08:23:49
L00217,Office 906,Warehouse,"H.No. 272, Comar Street",Bhopal,Madhya Pradesh,India,21.309613,80.881901,317419,High,SRC023,0.99,2025-08-01 02:13:24,2025-08-29 22:13:24
L00218,Junction 463,Industrial Site,"73/340, Nayak",Pune,Maharashtra,India,25.479512,79.046846,354692,Medium,SRC011,0.96,2024-08-30 20:37:07,2024-09-15 22:37:07
L00219,Market 633,Commercial Area,"429, Samra",Jabalpur,Madhya Pradesh,India,20.722219,82.309326,390742,Medium,SRC018,0.81,2025-10-06 02:04:23,2025-11-04 01:04:23
L00220,Mall 486,Hotel,"91/22, Bala Circle",Hyderabad,Telangana,India,15.215218,80.032501,237060,Medium,SRC015,0.98,2025-08-30 06:42:27,2026-08-09 12:55:30
L00221,Road 898,Hotel,"H.No. 417, Kothari Ganj",Bengaluru,Karnataka,India,12.299206,83.596054,123933,Unknown,SRC029,0.91,2025-06-16 15:12:22,2025-06-17 04:32:57
L00222,Office 717,Transport Hub,"H.No. 49, Panchal Chowk",Indore,Madhya Pradesh,India,8.600257,85.049239,523858,Medium,SRC019,0.87,2025-07-13 09:54:23,2025-07-21 12:54:23
L00223,Apartment 732,Industrial Site,"71, Dhar Ganj",Kota,Rajasthan,India,14.166696,78.145988,370903,High,SRC009,0.78,2024-04-11 18:43:46,2024-10-27 16:50:21
L00224,Apartment 600,Industrial Site,"H.No. 43, Anne",Delhi,Delhi,India,12.650373,83.565383,533958,Unknown,SRC026,0.91,2024-08-06 09:23:58,2026-08-04 18:18:38
L00225,Apartment 618,Office,"26/509, Dalal Nagar",Jabalpur,Madhya Pradesh,India,19.061473,80.845712,818489,Unknown,SRC013,0.79,2024-08-03 23:45:31,2025-01-12 00:48:56
L00226,Industrial Area 255,Commercial Area,"03/00, Shroff Marg",Jabalpur,Madhya Pradesh,India,27.466191,85.864334,346806,Medium,SRC028,0.82,2025-09-02 22:44:37,2025-09-21 01:44:37
L00227,Station 646,Warehouse,"12, Tailor Zila",Indore,Madhya Pradesh,India,9.130418,73.669768,726723,Unknown,SRC007,0.81,2024-10-22 13:33:00,2024-11-12 20:33:00
L00228,Warehouse 269,Warehouse,"87/72, Nigam Chowk",Bhopal,Madhya Pradesh,India,9.837324,78.373721,866897,Medium,SRC009,0.96,2025-11-19 09:49:39,2026-08-17 20:41:38
L00229,Office 996,Public Place,"42/180, Jayaraman Circle",Surat,Gujarat,India,12.23561,74.741236,698237,Unknown,SRC006,0.96,2025-07-14 21:51:05,2026-01-21 12:58:57
L00230,Hotel 471,Residence,"420, Roy Path",Mumbai,Maharashtra,India,13.666247,76.261512,807352,High,SRC026,0.92,2025-01-20 07:19:22,2025-02-11 16:19:22
L00231,Apartment 278,Transport Hub,"H.No. 29, Amble Circle",Ahmedabad,Gujarat,India,26.680307,73.344844,303610,Low,SRC015,0.83,2026-03-02 07:24:06,2026-05-18 03:50:12
L00232,Junction 301,Commercial Area,"05/100, Om Zila",Hyderabad,Telangana,India,17.561025,76.621102,884069,Low,SRC021,0.88,2024-09-21 03:06:42,2025-02-11 03:58:45
L00233,Office 877,Transport Hub,"H.No. 675, Andra Street",Ahmedabad,Gujarat,India,15.571308,80.090674,772991,High,SRC003,0.79,2026-03-30 20:22:06,2026-04-21 00:22:06
L00234,Warehouse 932,Public Place,"74/24, Mandal Chowk",Gwalior,Madhya Pradesh,India,13.462215,79.857907,589199,Medium,SRC029,0.81,2025-11-19 19:57:39,2025-12-18 10:57:39
L00235,Junction 183,Industrial Site,"H.No. 65, Walia Zila",Jaipur,Rajasthan,India,27.813944,74.776471,656316,Unknown,SRC024,0.8,2024-01-29 18:58:30,2024-07-17 05:03:42
L00236,Road 634,Industrial Site,"89/789, Cheema Road",Mumbai,Maharashtra,India,25.643049,77.994515,263528,Low,SRC012,0.81,2025-06-19 22:04:15,2026-05-02 15:49:15
L00237,Market 476,Commercial Area,"82/314, Barad Ganj",Indore,Madhya Pradesh,India,24.190421,76.177449,520029,Low,SRC026,0.88,2026-01-03 16:59:06,2026-04-05 03:58:00
L00238,Industrial Area 905,Warehouse,"H.No. 26, Bath",Nagpur,Maharashtra,India,26.348027,86.362957,825346,Low,SRC011,0.98,2025-04-26 18:25:06,2025-05-18 22:25:06
L00239,Office 267,Commercial Area,"85/061, Bhavsar Marg",Kanpur,Uttar Pradesh,India,22.803005,87.962275,121788,Low,SRC024,0.87,2025-10-06 10:05:36,2026-03-10 16:41:49
L00240,Junction 415,Transport Hub,"26, Rau Marg",Jabalpur,Madhya Pradesh,India,26.081781,75.817791,422338,Unknown,SRC018,0.9,2026-06-18 14:45:36,2026-08-05 00:25:34
L00241,Office 316,Hotel,"H.No. 61, Sharma Zila",Jaipur,Rajasthan,India,22.895543,87.804576,495711,Low,SRC030,0.81,2025-03-05 04:20:17,2025-03-28 04:20:17
L00242,Market 436,Public Place,"41/536, Kurian Zila",Kota,Rajasthan,India,22.727626,81.445408,183132,Low,SRC024,0.76,2024-04-02 03:17:49,2025-10-28 13:07:33
L00243,Station 249,Bank,"67/049, Parsa Zila",Bengaluru,Karnataka,India,26.262694,81.714175,100726,Medium,SRC026,0.96,2024-03-01 05:34:47,2026-07-03 13:23:34
L00244,Mall 935,Bank,"H.No. 640, Mani Marg",Ujjain,Madhya Pradesh,India,19.954426,83.200857,189745,Low,SRC013,0.83,2024-04-10 05:58:27,2026-02-19 15:36:48
L00245,Warehouse 870,Transport Hub,"29, Dutta Road",Kota,Rajasthan,India,16.755414,77.59994,166497,Low,SRC004,0.78,2024-06-06 21:43:37,2024-09-19 12:37:20
L00246,Hotel 3,Warehouse,"595, Mital Chowk",Dewas,Madhya Pradesh,India,22.542944,75.056173,195488,Unknown,SRC002,0.75,2025-07-19 07:38:03,2026-01-21 01:16:25
L00247,Market 192,Bank,"H.No. 58, Johal Street",Nagpur,Maharashtra,India,11.30115,86.853694,871694,Unknown,SRC026,0.99,2025-01-07 21:21:29,2025-03-03 06:23:06
L00248,Apartment 655,Warehouse,"89, Gopal Street",Lucknow,Uttar Pradesh,India,10.256402,74.762433,768072,Unknown,SRC029,0.77,2024-11-16 21:03:59,2025-10-06 15:33:31
L00249,Mall 303,Warehouse,"H.No. 13, Naik Zila",Bengaluru,Karnataka,India,15.438513,85.607471,636762,Unknown,SRC025,0.84,2024-04-11 03:03:01,2025-10-29 04:22:36
L00250,Industrial Area 518,Transport Hub,"29, Majumdar Road",Bengaluru,Karnataka,India,11.278533,86.902963,727245,Low,SRC010,0.77,2024-11-09 18:31:15,2025-04-18 06:26:24
L00251,Office 264,Public Place,"H.No. 11, Mangal",Nagpur,Maharashtra,India,8.27681,79.61097,336399,Unknown,SRC006,0.81,2026-03-05 14:43:49,2026-03-31 08:43:49
L00252,Station 70,Commercial Area,"H.No. 447, Patla Zila",Kanpur,Uttar Pradesh,India,19.576305,74.714515,719445,High,SRC024,0.89,2025-08-28 21:58:20,2026-08-27 17:05:58
L00253,Junction 468,Commercial Area,"H.No. 409, Setty Chowk",Bengaluru,Karnataka,India,21.193962,83.160466,184126,Medium,SRC029,0.93,2024-09-02 05:35:04,2024-09-17 10:35:04
L00254,Road 516,Warehouse,"H.No. 29, Ghosh Ganj",Gurugram,Haryana,India,19.860668,72.459436,769730,High,SRC016,0.86,2024-11-12 18:50:01,2025-03-18 14:42:52
L00255,Road 657,Industrial Site,"64/53, Saran Street",Gurugram,Haryana,India,24.972353,75.343609,691749,Unknown,SRC014,0.75,2025-07-03 15:22:05,2025-09-13 23:39:51
L00256,Warehouse 42,Commercial Area,"H.No. 22, Chaudhry Chowk",Ahmedabad,Gujarat,India,19.732602,81.683907,554700,Low,SRC011,0.75,2025-11-19 12:46:26,2025-11-23 00:46:26
L00257,Apartment 584,Residence,"029, Dayal Marg",Nagpur,Maharashtra,India,27.504815,77.456002,563364,Unknown,SRC024,0.76,2024-02-16 15:03:42,2025-07-17 01:10:39
L00258,Mall 365,Industrial Site,"827, Dutta Zila",Jabalpur,Madhya Pradesh,India,20.653468,81.903556,631096,Unknown,SRC014,0.92,2026-01-03 08:21:08,2026-01-15 11:21:08
L00259,Station 217,Commercial Area,"H.No. 40, Tailor Chowk",Bengaluru,Karnataka,India,14.145083,79.488047,881682,Unknown,SRC001,0.97,2026-06-25 09:15:52,2026-07-15 23:15:52
L00260,Warehouse 817,Warehouse,"12/77, Chowdhury Ganj",Surat,Gujarat,India,9.741451,73.417642,742789,High,SRC005,0.84,2026-08-08 03:57:42,2026-08-14 04:57:42
L00261,Station 319,Transport Hub,"88, Dutta Chowk",Jabalpur,Madhya Pradesh,India,26.297526,80.422351,275814,Medium,SRC028,0.82,2024-01-25 08:07:44,2025-01-06 23:52:43
L00262,Junction 63,Industrial Site,"58/095, Chokshi Ganj",Hyderabad,Telangana,India,14.980797,84.578848,470594,Medium,SRC011,0.85,2025-06-19 01:16:42,2025-06-24 05:44:59
L00263,Hotel 162,Transport Hub,"H.No. 34, Subramanian Nagar",Pune,Maharashtra,India,20.818195,79.530072,284568,Unknown,SRC025,0.93,2025-05-12 17:00:40,2025-07-12 10:52:10
L00264,Hotel 39,Bank,"817, Banik Zila",Hyderabad,Telangana,India,22.454718,78.677701,281940,High,SRC025,0.94,2024-07-27 18:34:46,2024-09-06 22:13:54
L00265,Apartment 498,Transport Hub,"59, Kakar Ganj",Delhi,Delhi,India,19.202617,83.991753,783588,High,SRC024,0.97,2026-04-07 02:07:09,2026-04-10 14:07:09
L00266,Hotel 78,Warehouse,"86/781, Thakur Ganj",Jabalpur,Madhya Pradesh,India,11.41065,77.295324,311967,High,SRC014,0.86,2026-01-25 21:13:47,2026-02-18 01:13:47
L00267,Market 85,Bank,"58, Kohli Ganj",Hyderabad,Telangana,India,24.108694,84.365732,663882,Medium,SRC028,0.87,2026-05-30 19:28:03,2026-06-18 21:28:03
L00268,Road 281,Public Place,"H.No. 697, Shah Chowk",Dewas,Madhya Pradesh,India,14.555106,74.593736,308429,Unknown,SRC016,0.81,2026-02-03 00:48:35,2026-02-04 08:48:35
L00269,Road 632,Residence,"70, Kala Street",Hyderabad,Telangana,India,10.844183,85.118922,810463,High,SRC009,0.76,2025-01-11 17:58:43,2025-01-21 16:58:43
L00270,Market 574,Transport Hub,"H.No. 546, De Zila",Indore,Madhya Pradesh,India,23.192163,77.479819,491228,Low,SRC005,0.82,2026-08-28 18:28:52,2026-09-04 23:59:59
L00271,Road 758,Commercial Area,"194, Kunda Zila",Kota,Rajasthan,India,17.395711,77.122617,651185,High,SRC003,0.92,2025-11-11 15:04:37,2026-07-20 04:29:32
L00272,Road 892,Bank,"023, Naik Zila",Mumbai,Maharashtra,India,15.502321,75.962524,180961,Medium,SRC020,0.82,2024-05-31 22:10:15,2026-06-18 11:18:16
L00273,Junction 134,Public Place,"H.No. 184, Nair Ganj",Ujjain,Madhya Pradesh,India,22.956742,72.348249,309806,Low,SRC017,0.84,2024-11-06 18:01:40,2024-11-23 14:01:40
L00274,Station 810,Hotel,"01/65, Mohanty Circle",Indore,Madhya Pradesh,India,12.089862,86.162303,632454,Low,SRC003,0.88,2025-12-24 02:33:40,2026-01-19 04:33:40
L00275,Mall 508,Hotel,"06, Sami Path",Gurugram,Haryana,India,16.976471,80.340471,540985,Unknown,SRC029,0.83,2025-10-27 19:32:40,2025-11-26 09:32:40
L00276,Apartment 675,Hotel,"962, Grewal Street",Bengaluru,Karnataka,India,21.830872,72.65707,467184,Low,SRC023,0.98,2024-09-21 19:33:10,2024-10-20 11:33:10
L00277,Industrial Area 88,Public Place,"274, Bakshi Ganj",Ujjain,Madhya Pradesh,India,8.965394,75.923342,667400,Medium,SRC002,0.87,2024-04-06 20:13:18,2025-05-20 01:47:57
L00278,Junction 289,Office,"66, Pau",Vadodara,Gujarat,India,18.582819,76.821789,596071,Unknown,SRC021,0.94,2024-05-21 19:45:32,2026-05-28 07:33:19
L00279,Market 681,Warehouse,"47/65, Balakrishnan Street",Kota,Rajasthan,India,21.539671,82.087379,622471,Medium,SRC003,0.8,2025-06-02 03:49:40,2025-06-11 21:49:40
L00280,Mall 50,Warehouse,"43/710, Nadig Road",Kanpur,Uttar Pradesh,India,21.68307,73.069025,609600,Medium,SRC030,0.85,2025-12-09 00:33:18,2025-12-19 10:33:18
L00281,Industrial Area 963,Bank,"97/522, Shah Zila",Kota,Rajasthan,India,23.662448,79.27871,667748,Unknown,SRC011,0.93,2024-03-09 08:32:56,2025-07-16 13:24:31
L00282,Station 319,Commercial Area,"H.No. 163, Thakkar Marg",Delhi,Delhi,India,14.971878,77.293187,263361,Low,SRC007,0.81,2025-06-16 08:14:56,2025-07-24 12:40:21
L00283,Warehouse 629,Commercial Area,"H.No. 59, Patla Marg",Lucknow,Uttar Pradesh,India,24.118453,83.132956,272878,Medium,SRC012,0.94,2024-04-19 08:47:42,2025-12-06 05:39:13
L00284,Warehouse 924,Residence,"14/762, Upadhyay Ganj",Gwalior,Madhya Pradesh,India,10.794201,81.98819,267094,High,SRC012,0.8,2025-01-31 04:39:02,2025-06-26 03:19:35
L00285,Mall 634,Warehouse,"71/641, Dasgupta Circle",Bhopal,Madhya Pradesh,India,11.842814,75.991824,604991,Low,SRC007,0.84,2024-05-27 06:35:39,2025-10-05 01:28:31
L00286,Junction 998,Industrial Site,"32, Venkataraman Street",Ujjain,Madhya Pradesh,India,14.29802,83.947391,297980,Low,SRC015,0.76,2026-02-02 11:47:53,2026-03-20 16:59:38
L00287,Junction 18,Public Place,"H.No. 72, Saraf Nagar",Jaipur,Rajasthan,India,10.772291,84.730271,386675,Low,SRC013,0.86,2024-03-06 16:34:37,2025-02-23 10:57:15
L00288,Hotel 648,Office,"67, Kibe Nagar",Gwalior,Madhya Pradesh,India,22.927001,76.751259,749914,Unknown,SRC014,0.79,2024-08-13 11:05:44,2025-06-13 19:32:58
L00289,Junction 576,Hotel,"50/530, Handa Circle",Kota,Rajasthan,India,22.695211,76.079608,601467,Medium,SRC015,0.92,2026-06-12 14:30:30,2026-06-16 11:30:30
L00290,Industrial Area 256,Residence,"88/882, Ben Chowk",Hyderabad,Telangana,India,11.485298,76.509977,224891,Unknown,SRC019,0.83,2024-08-18 06:37:56,2024-09-15 17:37:56
L00291,Office 354,Warehouse,"45, Sen Path",Gurugram,Haryana,India,21.333926,74.52293,639408,High,SRC017,0.9,2024-03-23 19:42:03,2026-07-27 08:51:28
L00292,Industrial Area 787,Office,"H.No. 84, Dugar Circle",Delhi,Delhi,India,11.216161,80.739168,759479,High,SRC017,0.99,2024-06-29 23:05:10,2024-07-11 21:05:10
L00293,Road 916,Office,"H.No. 924, Sheth Marg",Kanpur,Uttar Pradesh,India,19.834816,86.245416,784703,High,SRC027,0.89,2024-08-27 09:37:43,2024-09-21 13:37:43
L00294,Station 695,Commercial Area,"35/17, Shah Nagar",Ujjain,Madhya Pradesh,India,20.498815,73.075514,650817,High,SRC011,0.95,2024-02-18 04:13:10,2026-02-19 14:18:23
L00295,Junction 306,Public Place,"13, Gaba Path",Jaipur,Rajasthan,India,13.028425,77.142875,281694,Medium,SRC027,0.89,2024-11-16 14:34:34,2026-02-20 08:13:58
L00296,Junction 75,Commercial Area,"H.No. 54, Shetty Street",Indore,Madhya Pradesh,India,11.3975,85.968358,447539,Unknown,SRC016,0.88,2026-03-24 16:58:24,2026-04-22 09:58:24
L00297,Junction 506,Residence,"01/482, Ganesh",Surat,Gujarat,India,23.74926,80.033703,792599,Unknown,SRC025,0.87,2025-01-05 20:26:15,2025-02-03 08:33:22
L00298,Market 128,Transport Hub,"H.No. 660, Chada Zila",Vadodara,Gujarat,India,15.515011,87.022175,558651,Medium,SRC014,0.87,2024-03-20 08:44:56,2026-08-07 00:31:47
L00299,Market 761,Warehouse,"555, Chauhan Circle",Surat,Gujarat,India,26.151733,83.162861,738712,Low,SRC026,0.92,2026-04-05 20:38:57,2026-08-29 10:13:44
L00300,Industrial Area 496,Residence,"21, Sarin Ganj",Ujjain,Madhya Pradesh,India,24.573112,79.924592,335906,High,SRC023,0.95,2026-06-11 07:51:30,2026-07-03 08:51:30
L00301,Apartment 109,Public Place,"993, Wagle Chowk",Bhopal,Madhya Pradesh,India,9.954883,82.617962,369109,Low,SRC024,0.87,2025-10-22 22:30:41,2025-12-06 18:35:30
L00302,Office 822,Office,"87/219, Rajagopal Zila",Bengaluru,Karnataka,India,15.706824,76.291113,475203,Unknown,SRC011,0.95,2025-02-11 16:17:28,2025-02-26 01:17:28
L00303,Hotel 296,Warehouse,"21, Issac Path",Gurugram,Haryana,India,22.351154,83.386089,700935,Medium,SRC028,0.78,2025-05-09 20:46:39,2026-05-02 17:23:01
L00304,Station 502,Industrial Site,"H.No. 200, Narang Path",Kanpur,Uttar Pradesh,India,14.769006,73.444956,169462,High,SRC022,0.76,2024-01-12 12:01:38,2026-08-26 12:40:27
L00305,Mall 958,Industrial Site,"994, Kar Street",Jaipur,Rajasthan,India,9.404727,77.737182,554334,Unknown,SRC004,0.92,2025-08-15 17:02:22,2025-10-29 18:16:34
L00306,Station 694,Public Place,"124, Amble Ganj",Vadodara,Gujarat,India,9.619017,78.741888,583303,High,SRC002,0.89,2025-01-24 02:23:25,2025-01-25 02:23:25
L00307,Apartment 398,Transport Hub,"769, Kumer Nagar",Kota,Rajasthan,India,16.146644,72.226416,447309,High,SRC011,0.78,2025-09-07 19:05:55,2025-09-18 04:05:55
L00308,Warehouse 885,Office,"H.No. 780, Sura Circle",Kota,Rajasthan,India,12.381671,81.392198,678453,Unknown,SRC007,0.79,2026-08-18 12:31:41,2026-08-28 04:31:41
L00309,Hotel 954,Office,"35/784, Shah Ganj",Nagpur,Maharashtra,India,18.215196,77.971085,118033,Unknown,SRC003,0.89,2025-12-22 12:16:19,2026-01-18 05:16:19
L00310,Office 657,Public Place,"637, Bajwa Path",Ujjain,Madhya Pradesh,India,26.070815,79.216792,117543,High,SRC018,0.95,2024-04-04 21:13:41,2026-07-05 18:07:28
L00311,Road 498,Industrial Site,"37, Mani Circle",Jaipur,Rajasthan,India,14.083451,79.707758,736253,Unknown,SRC024,0.8,2024-01-13 11:31:04,2024-09-17 04:04:36
L00312,Station 953,Hotel,"02, Keer Chowk",Hyderabad,Telangana,India,9.169103,74.592581,269927,Low,SRC009,0.92,2024-05-11 07:35:01,2025-05-18 14:04:59
L00313,Road 897,Warehouse,"294, Babu Nagar",Jaipur,Rajasthan,India,11.608619,77.560714,511029,Low,SRC014,0.81,2024-08-18 16:15:50,2025-09-05 08:42:33
L00314,Market 964,Office,"H.No. 996, Sahota Path",Pune,Maharashtra,India,10.682862,76.50508,895645,Low,SRC004,0.87,2025-08-12 23:50:12,2025-10-18 02:40:19
L00315,Warehouse 772,Office,"13, Kapadia Nagar",Mumbai,Maharashtra,India,19.413361,80.038553,257449,Unknown,SRC008,0.86,2025-12-01 15:50:33,2025-12-11 20:50:33
L00316,Mall 372,Commercial Area,"33/213, Barad Ganj",Indore,Madhya Pradesh,India,12.524444,78.212905,451274,Unknown,SRC026,0.79,2024-01-02 10:07:39,2024-01-29 02:35:04
L00317,Market 424,Hotel,"30/95, Swaminathan Circle",Mumbai,Maharashtra,India,14.96596,79.527199,210031,High,SRC016,0.86,2024-02-18 20:38:38,2026-03-26 19:39:53
L00318,Road 749,Transport Hub,"H.No. 56, Kakar",Jaipur,Rajasthan,India,11.324026,81.727773,860623,High,SRC026,0.77,2026-03-04 23:47:04,2026-03-21 01:47:04
L00319,Market 859,Residence,"874, Kashyap Road",Ahmedabad,Gujarat,India,12.34176,83.911881,305359,Unknown,SRC007,0.75,2025-02-12 09:48:29,2026-07-07 07:43:06
L00320,Junction 786,Industrial Site,"009, Raja Chowk",Jabalpur,Madhya Pradesh,India,11.482294,79.111828,252739,Unknown,SRC007,0.93,2025-03-04 00:30:56,2025-03-25 03:30:56
L00321,Office 700,Hotel,"81/39, Mahal Zila",Surat,Gujarat,India,23.740931,85.424844,777854,Low,SRC004,0.88,2026-07-08 21:31:30,2026-08-01 13:31:30
L00322,Market 989,Hotel,"140, Keer Zila",Jabalpur,Madhya Pradesh,India,24.696092,80.640684,842953,Unknown,SRC028,0.95,2025-11-22 03:23:29,2025-12-16 15:23:29
L00323,Hotel 518,Public Place,"H.No. 894, Wason Street",Hyderabad,Telangana,India,27.331672,82.581061,498400,High,SRC007,0.97,2025-10-16 22:42:24,2025-10-22 12:42:24
L00324,Warehouse 97,Warehouse,"85/212, Bawa Nagar",Ujjain,Madhya Pradesh,India,18.050332,73.257633,164851,Unknown,SRC026,0.89,2026-04-17 20:53:18,2026-05-05 00:53:18
L00325,Station 435,Public Place,"H.No. 87, Guha Nagar",Mumbai,Maharashtra,India,15.864879,78.276526,187039,High,SRC016,0.79,2024-12-23 04:45:17,2025-01-15 23:45:17
L00326,Apartment 163,Public Place,"359, Anand Road",Ujjain,Madhya Pradesh,India,27.03314,77.221908,169806,High,SRC011,0.75,2025-06-20 21:32:35,2025-07-02 11:32:35
L00327,Industrial Area 626,Residence,"622, Mani Road",Mumbai,Maharashtra,India,22.342508,82.685489,265561,High,SRC001,0.95,2024-12-21 01:51:32,2025-04-22 18:50:08
L00328,Hotel 224,Commercial Area,"355, Srinivasan Zila",Gurugram,Haryana,India,20.658836,75.166966,748479,Low,SRC022,0.8,2025-10-25 16:58:02,2025-10-28 18:58:02
L00329,Hotel 130,Bank,"94/46, Sengupta Zila",Nagpur,Maharashtra,India,27.057083,77.280358,536068,Unknown,SRC027,0.77,2024-10-06 05:12:00,2024-10-09 19:43:35
L00330,Market 833,Hotel,"74, Bhatnagar Nagar",Surat,Gujarat,India,9.090292,78.444934,602870,Unknown,SRC018,0.76,2024-01-23 17:53:08,2026-08-07 02:46:38
L00331,Office 718,Public Place,"H.No. 106, Trivedi Road",Ujjain,Madhya Pradesh,India,14.595255,76.54462,232586,High,SRC026,0.88,2025-07-01 22:53:17,2026-02-23 15:27:32
L00332,Mall 365,Warehouse,"H.No. 881, Vohra Road",Ujjain,Madhya Pradesh,India,23.986448,81.590292,894654,Medium,SRC017,0.87,2024-03-12 17:06:33,2024-03-23 00:06:33
L00333,Market 929,Office,"22/960, Butala Marg",Dewas,Madhya Pradesh,India,14.560123,76.424594,821729,Unknown,SRC015,0.87,2024-10-31 09:59:47,2024-11-05 19:59:47
L00334,Road 92,Hotel,"66/78, Kakar Street",Nagpur,Maharashtra,India,15.999175,73.358372,756765,High,SRC015,0.85,2025-07-22 23:46:34,2025-10-28 08:51:42
L00335,Office 521,Warehouse,"787, Palla Circle",Vadodara,Gujarat,India,27.176137,83.250213,161751,Unknown,SRC004,0.95,2026-05-31 04:53:18,2026-06-01 19:53:18
L00336,Junction 726,Residence,"81/870, Issac Marg",Surat,Gujarat,India,25.787407,87.311854,787472,High,SRC018,0.96,2025-11-20 09:55:37,2026-01-16 19:50:59
L00337,Junction 195,Transport Hub,"32/681, Saha Ganj",Hyderabad,Telangana,India,22.807075,77.117438,593640,Unknown,SRC027,0.94,2025-04-15 02:21:22,2025-04-19 06:21:22
L00338,Station 79,Hotel,"28/207, Nagy Road",Kota,Rajasthan,India,26.371139,80.576892,241324,Unknown,SRC011,0.9,2024-11-30 06:41:09,2026-06-14 21:23:02
L00339,Market 725,Office,"23/141, Gara Road",Indore,Madhya Pradesh,India,21.948791,81.509406,582545,Unknown,SRC024,0.86,2025-12-17 01:17:02,2025-12-22 12:17:02
L00340,Office 969,Hotel,"H.No. 34, Divan Ganj",Mumbai,Maharashtra,India,19.286417,82.418765,524193,High,SRC030,0.93,2024-05-03 12:29:10,2024-05-23 09:29:10
L00341,Station 827,Residence,"H.No. 341, Mitter Path",Mumbai,Maharashtra,India,26.473649,81.266775,834942,High,SRC003,0.79,2025-05-18 04:33:13,2025-05-22 08:33:13
L00342,Market 426,Public Place,"06, Sehgal Nagar",Delhi,Delhi,India,10.121515,84.400019,149764,Medium,SRC014,0.76,2024-05-18 22:43:38,2025-01-19 23:27:18
L00343,Industrial Area 548,Residence,"03, Muni Street",Lucknow,Uttar Pradesh,India,27.904918,79.013454,234177,Low,SRC022,0.78,2025-07-25 09:13:17,2025-11-25 22:54:43
L00344,Apartment 564,Industrial Site,"11/700, Gaba Path",Pune,Maharashtra,India,10.003957,73.067063,596090,Low,SRC025,0.97,2024-04-02 00:49:22,2026-01-02 10:03:50
L00345,Station 406,Bank,"20, Yogi",Bengaluru,Karnataka,India,16.572207,75.517432,830380,Medium,SRC001,0.8,2024-07-09 23:52:14,2024-07-31 22:52:14
L00346,Apartment 303,Transport Hub,"H.No. 199, Das Chowk",Delhi,Delhi,India,18.065742,87.790833,862561,Unknown,SRC012,0.85,2024-12-24 04:37:52,2024-12-24 14:37:52
L00347,Industrial Area 656,Office,"H.No. 65, Mane Nagar",Indore,Madhya Pradesh,India,19.586104,83.144311,696062,High,SRC013,0.91,2025-05-18 20:02:25,2025-06-01 22:02:25
L00348,Industrial Area 825,Transport Hub,"H.No. 92, Bhavsar Circle",Surat,Gujarat,India,24.779869,85.544218,113635,Unknown,SRC016,0.86,2026-01-19 11:17:25,2026-02-09 18:17:25
L00349,Junction 401,Bank,"311, Suresh Street",Surat,Gujarat,India,12.024536,75.90382,645478,Unknown,SRC009,0.92,2026-02-06 23:19:47,2026-03-05 01:19:47
L00350,Road 969,Commercial Area,"H.No. 97, Chakraborty",Indore,Madhya Pradesh,India,13.410921,78.811313,303379,Unknown,SRC024,0.98,2025-08-15 20:27:54,2025-09-02 02:27:54
L00351,Hotel 530,Industrial Site,"02/976, Ben Chowk",Bhopal,Madhya Pradesh,India,16.575101,73.992191,440930,Medium,SRC011,0.8,2025-11-14 00:16:10,2025-12-12 06:16:10
L00352,Office 991,Warehouse,"14, Rajagopal Nagar",Gwalior,Madhya Pradesh,India,16.448433,86.115163,600542,Medium,SRC011,0.82,2025-06-26 21:15:01,2025-07-04 14:15:01
L00353,Mall 917,Residence,"H.No. 08, Nazareth Circle",Gurugram,Haryana,India,21.728414,81.01681,744441,Low,SRC010,0.75,2024-08-24 22:16:22,2026-01-11 10:00:06
L00354,Junction 396,Office,"H.No. 82, Panchal Ganj",Ujjain,Madhya Pradesh,India,24.639656,81.734343,263733,Unknown,SRC025,0.93,2025-06-04 21:31:54,2025-06-10 04:31:54
L00355,Market 73,Residence,"H.No. 779, Vala",Bhopal,Madhya Pradesh,India,27.323521,86.803462,438100,Unknown,SRC007,0.87,2025-01-20 22:29:57,2025-02-03 22:29:57
L00356,Junction 402,Bank,"50/76, Kumer Zila",Surat,Gujarat,India,26.353496,83.345503,486871,High,SRC024,0.87,2026-04-18 09:44:09,2026-04-29 15:44:09
L00357,Station 772,Hotel,"33, Dhingra Circle",Pune,Maharashtra,India,24.405625,82.179637,583011,Low,SRC018,0.9,2024-04-14 16:35:10,2024-09-28 07:36:24
L00358,Apartment 110,Industrial Site,"H.No. 685, Vaidya Nagar",Gwalior,Madhya Pradesh,India,14.359137,81.203846,793983,Unknown,SRC003,0.88,2025-10-15 13:35:22,2026-06-11 04:46:25
L00359,Warehouse 206,Residence,"90, Chowdhury Marg",Jabalpur,Madhya Pradesh,India,15.003056,74.013642,248905,High,SRC021,0.94,2025-12-08 06:17:57,2026-06-13 21:04:57
L00360,Hotel 646,Office,"38/223, Kakar Path",Dewas,Madhya Pradesh,India,10.071292,87.463601,557270,Low,SRC007,0.93,2024-11-20 04:48:52,2024-11-30 09:48:52
L00361,Junction 881,Residence,"H.No. 188, Doshi Chowk",Bengaluru,Karnataka,India,19.55647,74.656834,696577,High,SRC003,0.95,2025-01-30 04:54:23,2026-07-06 03:03:55
L00362,Road 460,Residence,"87/13, Vala Nagar",Surat,Gujarat,India,22.573958,75.652309,839720,Medium,SRC008,0.88,2026-06-10 11:10:53,2026-06-20 13:10:53
L00363,Station 480,Public Place,"295, Trivedi Marg",Delhi,Delhi,India,25.051681,72.58038,574893,Unknown,SRC027,0.79,2025-01-24 21:18:15,2026-04-11 20:05:59
L00364,Road 961,Commercial Area,"19, Parmar Chowk",Lucknow,Uttar Pradesh,India,25.925455,85.400487,477500,Medium,SRC025,0.98,2024-09-07 10:16:58,2026-05-01 09:10:44
L00365,Market 664,Hotel,"H.No. 531, Ahuja Path",Ahmedabad,Gujarat,India,19.2835,85.089699,583534,Unknown,SRC018,0.8,2025-10-30 22:38:23,2025-11-13 07:38:23
L00366,Junction 298,Hotel,"556, Majumdar Zila",Delhi,Delhi,India,8.426944,73.598717,784376,Medium,SRC014,0.81,2024-01-28 10:18:29,2026-01-23 03:55:46
L00367,Apartment 649,Bank,"579, Dalal Circle",Hyderabad,Telangana,India,22.112879,74.885768,552431,Unknown,SRC008,0.87,2025-10-18 00:43:32,2025-11-07 02:43:32
L00368,Industrial Area 126,Commercial Area,"60/425, Bail",Indore,Madhya Pradesh,India,26.668097,80.947847,781055,High,SRC004,0.8,2025-12-08 04:23:21,2025-12-14 08:23:21
L00369,Warehouse 833,Bank,"84/324, Pathak Road",Gwalior,Madhya Pradesh,India,18.187096,72.903686,434259,Unknown,SRC027,0.86,2024-12-11 07:54:03,2025-01-03 17:54:03
L00370,Industrial Area 74,Warehouse,"69/52, Kapadia",Delhi,Delhi,India,27.750766,84.51576,106286,Medium,SRC025,0.76,2025-06-21 15:10:56,2025-07-05 10:10:56
L00371,Market 944,Warehouse,"00/735, Bali",Pune,Maharashtra,India,18.613322,87.721055,325704,Unknown,SRC011,0.94,2024-10-06 06:55:07,2026-04-12 04:44:55
L00372,Market 367,Industrial Site,"22/43, Goswami Nagar",Nagpur,Maharashtra,India,20.484915,86.530343,626340,Medium,SRC022,0.95,2026-05-06 08:28:29,2026-05-07 10:28:29
L00373,Station 14,Public Place,"939, Loke Chowk",Mumbai,Maharashtra,India,16.758124,80.477831,608550,Low,SRC020,0.96,2024-05-11 20:28:23,2025-10-08 02:55:07
L00374,Junction 778,Bank,"H.No. 99, Lata Zila",Dewas,Madhya Pradesh,India,21.247805,74.799478,539595,High,SRC011,0.93,2025-01-31 06:03:28,2026-03-28 18:12:15
L00375,Warehouse 194,Public Place,"070, Saran Ganj",Delhi,Delhi,India,13.636078,85.464442,287712,Unknown,SRC009,0.92,2024-07-07 13:15:15,2024-08-02 03:48:12
L00376,Junction 324,Hotel,"H.No. 527, Iyer Chowk",Gwalior,Madhya Pradesh,India,17.052151,84.248279,481184,High,SRC015,0.92,2024-09-24 14:18:25,2025-04-26 03:17:23
L00377,Mall 545,Warehouse,"H.No. 29, Mander Zila",Ahmedabad,Gujarat,India,27.661964,77.170223,283259,Unknown,SRC021,0.95,2026-02-22 00:17:35,2026-06-22 20:21:58
L00378,Road 991,Residence,"25/73, Kakar Zila",Bengaluru,Karnataka,India,22.143923,85.061952,220373,High,SRC004,0.93,2026-06-24 19:58:22,2026-06-29 01:58:22
L00379,Warehouse 323,Public Place,"H.No. 33, Acharya Road",Gwalior,Madhya Pradesh,India,17.526465,75.994494,647850,Medium,SRC018,0.96,2026-03-08 22:27:27,2026-03-18 14:27:27
L00380,Hotel 471,Public Place,"33/71, Yadav",Ujjain,Madhya Pradesh,India,13.736983,78.727357,585102,Low,SRC021,0.84,2025-11-21 20:41:41,2025-12-10 17:41:41
L00381,Mall 10,Industrial Site,"46/548, Jha Zila",Kota,Rajasthan,India,12.045472,83.763723,206152,Low,SRC028,0.89,2025-10-27 22:38:23,2026-04-16 14:53:22
L00382,Station 332,Residence,"17/79, Sathe Circle",Nagpur,Maharashtra,India,11.549549,79.757886,244080,Unknown,SRC002,0.81,2024-06-27 11:51:36,2024-11-09 17:52:09
L00383,Hotel 386,Hotel,"H.No. 775, Brahmbhatt",Ahmedabad,Gujarat,India,21.763012,85.665764,489092,Medium,SRC008,0.82,2024-07-12 20:06:15,2025-07-01 17:28:47
L00384,Office 286,Commercial Area,"04, Sundaram Road",Vadodara,Gujarat,India,17.041406,77.424029,706605,High,SRC028,0.96,2025-04-24 17:13:38,2025-05-15 19:13:38
L00385,Industrial Area 874,Industrial Site,"739, Koshy Circle",Surat,Gujarat,India,26.771342,82.207487,125982,Unknown,SRC007,0.88,2024-05-15 11:15:01,2026-03-05 05:19:41
L00386,Apartment 824,Warehouse,"H.No. 162, Kumar Road",Indore,Madhya Pradesh,India,27.230286,87.925924,516961,Medium,SRC015,0.77,2024-07-28 08:32:49,2024-08-04 08:32:49
L00387,Mall 766,Public Place,"H.No. 849, Verma Chowk",Gwalior,Madhya Pradesh,India,23.457971,83.444104,315027,Unknown,SRC019,0.97,2025-09-10 22:38:30,2025-09-20 12:38:30
L00388,Industrial Area 428,Warehouse,"19/16, Mall Path",Nagpur,Maharashtra,India,27.053492,87.962509,307915,Unknown,SRC001,0.8,2024-02-23 07:21:03,2025-10-15 08:55:01
L00389,Hotel 668,Transport Hub,"79/586, Sen Nagar",Kanpur,Uttar Pradesh,India,17.391676,84.118791,509333,Medium,SRC014,0.88,2026-02-06 00:34:02,2026-02-24 03:34:02
L00390,Apartment 941,Office,"82, Arya Street",Hyderabad,Telangana,India,23.93051,74.480272,384528,High,SRC003,0.94,2024-04-18 10:36:49,2024-08-31 12:12:25
L00391,Apartment 143,Industrial Site,"57/52, Dhillon Ganj",Dewas,Madhya Pradesh,India,23.073357,72.015622,610382,Unknown,SRC006,0.83,2024-04-19 21:44:31,2025-05-25 07:21:42
L00392,Junction 889,Office,"H.No. 502, Nagar Path",Hyderabad,Telangana,India,26.22872,77.768492,309996,High,SRC012,0.82,2026-03-09 17:29:51,2026-04-02 23:29:51
L00393,Road 169,Commercial Area,"64/977, Soman Nagar",Kanpur,Uttar Pradesh,India,18.775445,80.477394,345621,Medium,SRC003,0.81,2024-12-12 08:32:43,2024-12-21 01:32:43
L00394,Market 912,Hotel,"H.No. 21, Chauhan Marg",Indore,Madhya Pradesh,India,14.943128,75.594528,759419,Medium,SRC029,0.97,2025-12-10 20:59:25,2026-01-06 22:59:25
L00395,Office 442,Bank,"06/54, Vora Chowk",Lucknow,Uttar Pradesh,India,11.81568,82.683807,193815,Low,SRC010,0.99,2025-05-23 20:39:05,2026-02-16 16:27:00
L00396,Mall 975,Public Place,"H.No. 187, Arya Nagar",Hyderabad,Telangana,India,15.20579,73.604188,498900,Unknown,SRC021,0.78,2025-02-08 07:50:23,2025-06-19 13:01:34
L00397,Office 799,Commercial Area,"H.No. 315, Sankaran Path",Mumbai,Maharashtra,India,9.193651,78.68522,752163,Unknown,SRC030,0.88,2024-12-23 12:36:32,2026-02-17 13:49:18
L00398,Junction 984,Hotel,"44/450, Saraf Chowk",Jaipur,Rajasthan,India,13.961126,78.185622,478891,Medium,SRC007,0.75,2026-02-14 22:10:53,2026-02-26 14:10:53
L00399,Hotel 558,Bank,"89/77, Dalal Path",Dewas,Madhya Pradesh,India,11.541867,81.567759,258074,High,SRC013,0.86,2024-05-21 02:55:31,2024-05-24 22:55:31
L00400,Station 215,Office,"736, Apte Nagar",Mumbai,Maharashtra,India,15.932514,75.905392,452323,High,SRC013,0.76,2024-05-07 12:17:53,2025-08-29 11:54:24
L00401,Office 763,Public Place,"041, Kala Chowk",Gurugram,Haryana,India,27.348946,74.435982,384307,Low,SRC008,0.98,2024-03-09 20:40:03,2025-05-11 19:46:21
L00402,Junction 624,Residence,"09, Kohli Nagar",Jaipur,Rajasthan,India,18.311334,84.95906,149033,Unknown,SRC010,0.89,2026-06-17 08:46:42,2026-08-11 18:59:46
L00403,Station 827,Hotel,"36/05, Divan Chowk",Ujjain,Madhya Pradesh,India,13.082541,82.431966,731156,Medium,SRC028,0.99,2025-04-21 09:40:30,2026-07-30 18:32:42
L00404,Apartment 966,Office,"865, Deo Circle",Bhopal,Madhya Pradesh,India,9.221262,87.211992,301618,Low,SRC013,0.85,2024-02-25 02:24:03,2024-03-21 15:24:03
L00405,Station 184,Warehouse,"79/42, Kakar Marg",Jaipur,Rajasthan,India,18.48323,77.80533,410936,High,SRC010,0.77,2024-03-11 18:47:01,2026-03-27 02:28:43
L00406,Mall 651,Commercial Area,"83/22, Bora",Indore,Madhya Pradesh,India,17.074296,86.62061,280919,Unknown,SRC005,0.79,2026-08-30 10:38:06,2026-09-04 23:59:59
L00407,Hotel 78,Office,"H.No. 982, Sheth Chowk",Hyderabad,Telangana,India,20.677097,80.183202,795678,Unknown,SRC003,0.76,2024-11-16 15:08:26,2025-09-08 12:38:44
L00408,Market 758,Residence,"61, Buch Street",Kota,Rajasthan,India,11.653122,78.231457,744415,Low,SRC010,0.85,2026-03-26 12:30:50,2026-04-14 06:30:50
L00409,Warehouse 453,Transport Hub,"759, Gour Circle",Indore,Madhya Pradesh,India,20.249663,77.368007,813281,Low,SRC030,0.95,2025-05-07 02:01:45,2025-05-11 10:01:45
L00410,Office 924,Transport Hub,"955, Mahajan Circle",Jaipur,Rajasthan,India,13.549126,87.430461,573526,Unknown,SRC013,0.9,2024-09-13 11:49:49,2026-02-19 14:35:15
L00411,Mall 295,Commercial Area,"49/131, Lanka Nagar",Kanpur,Uttar Pradesh,India,27.735024,85.978246,527404,Medium,SRC028,0.95,2024-12-12 05:16:07,2024-12-24 04:16:07
L00412,Station 358,Residence,"129, Khanna Nagar",Ujjain,Madhya Pradesh,India,25.497037,86.578803,651294,High,SRC005,0.97,2025-03-14 17:10:50,2025-07-11 11:01:42
L00413,Road 200,Commercial Area,"33, Bali Chowk",Lucknow,Uttar Pradesh,India,13.321535,76.067902,857903,Low,SRC015,0.77,2026-04-20 19:53:18,2026-06-12 19:49:23
L00414,Market 704,Bank,"22/276, Panchal Zila",Ujjain,Madhya Pradesh,India,23.118989,81.864719,251187,High,SRC001,0.79,2025-11-05 06:43:17,2026-06-23 15:26:32
L00415,Hotel 655,Residence,"185, Kalita Circle",Indore,Madhya Pradesh,India,24.810671,78.939538,329757,Low,SRC009,0.88,2024-01-26 12:57:02,2024-10-10 11:30:28
L00416,Apartment 673,Hotel,"71/81, Warrior Road",Pune,Maharashtra,India,23.524065,79.993856,436274,Low,SRC009,0.86,2025-05-21 11:20:43,2026-07-19 00:37:52
L00417,Hotel 262,Office,"73/17, Murthy Circle",Surat,Gujarat,India,11.414092,86.705763,337168,Medium,SRC010,0.93,2024-09-03 07:34:26,2026-04-18 02:31:10
L00418,Office 161,Residence,"51/92, Bhatti Marg",Hyderabad,Telangana,India,24.413794,74.878443,586927,Low,SRC012,0.94,2025-11-13 21:16:38,2025-11-14 15:16:38
L00419,Market 522,Commercial Area,"03/916, Barman Zila",Dewas,Madhya Pradesh,India,10.773834,85.515889,811117,Unknown,SRC018,0.75,2024-02-02 15:51:01,2024-02-16 17:51:01
L00420,Station 622,Public Place,"73/74, Bawa Circle",Dewas,Madhya Pradesh,India,11.324891,87.437769,217020,High,SRC025,0.76,2025-05-01 02:09:02,2025-05-08 14:09:02
L00421,Office 286,Office,"H.No. 163, Sampath Zila",Pune,Maharashtra,India,12.633676,81.612553,754795,Medium,SRC002,0.81,2025-04-10 18:39:11,2025-07-20 02:43:46
L00422,Hotel 47,Warehouse,"74, Rau Zila",Dewas,Madhya Pradesh,India,17.726879,81.605665,675993,Medium,SRC026,0.98,2026-08-11 03:57:35,2026-08-21 22:57:35
L00423,Apartment 518,Transport Hub,"44/245, Mahajan Nagar",Kanpur,Uttar Pradesh,India,13.913756,84.138922,453868,Medium,SRC016,0.9,2026-08-20 05:17:58,2026-09-02 17:17:58
L00424,Junction 216,Transport Hub,"H.No. 265, Tak Street",Vadodara,Gujarat,India,11.087197,83.701476,673155,High,SRC024,0.88,2024-06-16 07:23:38,2026-03-26 08:06:47
L00425,Apartment 27,Industrial Site,"78/321, Dora Zila",Mumbai,Maharashtra,India,16.217738,76.074563,818685,Low,SRC010,0.88,2024-01-24 05:45:36,2026-08-23 09:15:56
L00426,Office 605,Residence,"H.No. 58, Saha Path",Pune,Maharashtra,India,18.306847,84.994212,710456,High,SRC002,0.93,2025-05-06 05:32:18,2026-03-25 12:25:23
L00427,Mall 876,Bank,"34, Modi Street",Nagpur,Maharashtra,India,21.215818,77.353279,359288,Low,SRC027,0.83,2025-09-13 09:52:43,2025-10-08 06:52:43
L00428,Office 934,Hotel,"H.No. 25, Kadakia Zila",Kanpur,Uttar Pradesh,India,17.332489,74.726327,272586,Low,SRC020,0.76,2024-04-24 05:51:37,2024-06-27 22:14:29
L00429,Junction 264,Bank,"40/848, Kuruvilla Chowk",Nagpur,Maharashtra,India,19.447757,75.704072,615471,Low,SRC023,0.77,2026-02-19 03:23:19,2026-03-20 18:23:19
L00430,Industrial Area 963,Transport Hub,"757, Khosla Ganj",Gwalior,Madhya Pradesh,India,25.082201,72.158172,750434,Medium,SRC023,0.81,2026-02-06 12:43:52,2026-02-06 15:43:52
L00431,Mall 696,Industrial Site,"974, Anne Circle",Jaipur,Rajasthan,India,21.756117,86.645707,335235,Unknown,SRC011,0.91,2026-04-20 19:25:32,2026-05-01 19:25:32
L00432,Apartment 491,Transport Hub,"63/83, Morar Circle",Gurugram,Haryana,India,23.61466,81.582008,534962,Unknown,SRC013,0.98,2025-12-28 09:27:26,2025-12-29 20:27:26
L00433,Office 225,Public Place,"H.No. 55, Chaudry Marg",Delhi,Delhi,India,15.568911,72.928816,136034,High,SRC028,0.96,2026-06-05 16:02:47,2026-06-14 09:02:47
L00434,Junction 107,Warehouse,"H.No. 24, Nagi Street",Gurugram,Haryana,India,8.133601,73.689981,658993,Low,SRC007,0.85,2024-07-13 18:52:53,2026-02-09 16:57:27
L00435,Apartment 514,Warehouse,"17, Parsa Marg",Bengaluru,Karnataka,India,15.111804,85.721406,849940,High,SRC001,0.82,2025-05-24 03:21:52,2026-04-18 21:30:10
L00436,Apartment 793,Commercial Area,"27, Sethi",Hyderabad,Telangana,India,10.339334,72.291433,809277,Unknown,SRC020,0.94,2025-12-25 23:41:40,2026-01-15 01:41:40
L00437,Industrial Area 998,Bank,"H.No. 464, Wable Nagar",Surat,Gujarat,India,15.46935,83.039054,777058,Unknown,SRC014,0.88,2024-04-16 22:44:40,2026-08-08 18:50:57
L00438,Market 223,Office,"52, Patla Road",Kanpur,Uttar Pradesh,India,16.547074,78.406125,164201,Low,SRC015,0.83,2024-04-17 21:18:52,2025-05-18 08:20:43
L00439,Mall 69,Hotel,"95/485, Chacko Street",Nagpur,Maharashtra,India,14.766061,79.799756,215946,High,SRC006,0.9,2024-08-27 10:34:20,2024-08-28 14:23:35
L00440,Apartment 775,Hotel,"79/842, Salvi Chowk",Lucknow,Uttar Pradesh,India,8.228481,87.301095,177069,High,SRC008,0.89,2025-09-18 00:33:47,2025-11-02 19:14:35
L00441,Station 43,Industrial Site,"370, Keer Zila",Jabalpur,Madhya Pradesh,India,21.069268,87.706953,399865,Medium,SRC006,0.89,2026-06-13 10:51:29,2026-06-26 18:51:29
L00442,Industrial Area 901,Hotel,"46, Raj Street",Kanpur,Uttar Pradesh,India,13.805595,85.84122,545219,Low,SRC003,0.81,2024-02-09 04:29:56,2025-07-20 23:31:42
L00443,Industrial Area 856,Transport Hub,"12, Yadav Path",Bengaluru,Karnataka,India,17.105944,77.26469,281311,Unknown,SRC007,0.91,2026-08-03 21:41:55,2026-08-30 18:41:55
L00444,Industrial Area 38,Transport Hub,"35, Salvi Road",Delhi,Delhi,India,23.217022,87.244229,353675,Low,SRC019,0.99,2025-09-09 06:01:51,2026-06-12 17:05:41
L00445,Mall 70,Transport Hub,"56/44, Doshi",Delhi,Delhi,India,15.29188,84.669706,593348,High,SRC019,0.87,2026-05-15 10:47:49,2026-06-04 01:47:49
L00446,Apartment 625,Public Place,"H.No. 68, Ahluwalia Nagar",Delhi,Delhi,India,9.881846,86.871416,209764,Medium,SRC025,0.91,2025-01-14 14:23:07,2025-02-03 22:23:07
L00447,Hotel 482,Hotel,"59/596, Solanki Street",Indore,Madhya Pradesh,India,26.170474,78.423453,233412,Low,SRC030,0.76,2025-06-14 23:49:10,2025-06-28 23:49:10
L00448,Junction 830,Office,"70/375, Ramanathan Street",Indore,Madhya Pradesh,India,22.115234,79.950605,857539,High,SRC014,0.9,2024-03-04 02:03:20,2025-09-17 11:37:12
L00449,Apartment 33,Bank,"946, Kashyap Circle",Nagpur,Maharashtra,India,25.109741,86.590521,276616,Low,SRC029,0.91,2026-07-22 08:29:08,2026-08-18 08:29:08
L00450,Industrial Area 678,Bank,"11/72, Nigam Street",Lucknow,Uttar Pradesh,India,24.037531,82.838882,257481,Unknown,SRC030,0.89,2026-04-17 17:23:24,2026-05-03 15:23:24
L00451,Station 328,Industrial Site,"H.No. 60, Karan Marg",Gwalior,Madhya Pradesh,India,17.251877,75.705588,808554,Medium,SRC010,0.93,2024-06-16 06:44:04,2026-01-23 01:36:03
L00452,Market 271,Industrial Site,"93/96, Bhakta Nagar",Gwalior,Madhya Pradesh,India,25.180231,79.034459,894935,Unknown,SRC015,0.97,2026-01-17 19:10:24,2026-01-27 08:10:24
L00453,Office 395,Commercial Area,"72, Vaidya Ganj",Gwalior,Madhya Pradesh,India,24.184338,83.107823,194620,Low,SRC018,0.98,2024-10-18 20:19:35,2026-01-24 00:09:26
L00454,Warehouse 171,Bank,"96, Chowdhury Circle",Hyderabad,Telangana,India,23.162798,81.980683,320224,High,SRC030,0.91,2024-01-03 22:08:37,2025-04-18 15:34:45
L00455,Road 979,Office,"15/95, Kadakia Road",Nagpur,Maharashtra,India,20.490412,78.469353,246740,High,SRC004,0.92,2025-11-11 22:20:56,2026-04-18 13:43:14
L00456,Mall 798,Commercial Area,"H.No. 437, Chaudhuri Circle",Vadodara,Gujarat,India,25.513356,75.092817,119587,Medium,SRC002,0.92,2025-11-29 10:34:09,2026-03-28 12:08:11
L00457,Apartment 467,Public Place,"H.No. 634, Prabhu Nagar",Nagpur,Maharashtra,India,12.064036,80.473797,300572,High,SRC019,0.85,2024-08-14 17:09:10,2024-12-29 13:17:36
L00458,Market 505,Office,"91, Garde Circle",Gurugram,Haryana,India,16.704144,81.956057,316716,High,SRC009,0.88,2026-08-18 14:52:44,2026-08-29 15:52:44
L00459,Junction 768,Transport Hub,"81/754, Chander Circle",Gwalior,Madhya Pradesh,India,8.045331,72.945757,423352,High,SRC002,0.94,2025-10-10 02:03:44,2025-10-19 15:03:44
L00460,Station 47,Warehouse,"324, Mohan Chowk",Vadodara,Gujarat,India,12.768834,85.783231,879271,Low,SRC002,0.92,2025-06-19 23:31:11,2025-07-18 04:31:11
L00461,Market 456,Bank,"703, Seth Path",Ahmedabad,Gujarat,India,11.178138,78.577986,808784,Medium,SRC006,0.93,2024-04-07 10:03:41,2025-05-13 04:38:16
L00462,Hotel 768,Transport Hub,"93, Kale",Lucknow,Uttar Pradesh,India,11.077376,86.782897,151901,High,SRC009,0.99,2025-10-07 13:16:31,2026-02-27 05:17:48
L00463,Road 843,Warehouse,"H.No. 203, Gade Path",Gurugram,Haryana,India,25.922589,77.997343,117218,Unknown,SRC023,0.8,2026-06-25 17:30:46,2026-07-05 12:30:46
L00464,Station 647,Commercial Area,"893, Borah Ganj",Kota,Rajasthan,India,27.835756,79.125687,863492,High,SRC017,0.97,2024-07-28 09:07:00,2024-11-10 19:08:21
L00465,Mall 720,Hotel,"49/371, Mallick Nagar",Delhi,Delhi,India,27.094993,79.749039,762851,Low,SRC030,0.76,2026-04-30 13:22:20,2026-05-23 23:22:20
L00466,Apartment 998,Warehouse,"H.No. 640, Bal Road",Surat,Gujarat,India,15.092125,83.423153,363526,Low,SRC026,0.85,2025-05-29 00:41:13,2025-06-24 19:07:36
L00467,Industrial Area 124,Industrial Site,"04/38, Buch",Gurugram,Haryana,India,14.476251,83.435445,482199,Low,SRC025,0.9,2026-02-27 04:10:31,2026-03-15 07:10:31
L00468,Junction 951,Hotel,"441, Mutti Circle",Gurugram,Haryana,India,22.0128,76.11496,166415,Medium,SRC012,0.84,2026-03-10 14:48:32,2026-03-20 06:48:32
L00469,Market 301,Office,"56, Chadha Circle",Bhopal,Madhya Pradesh,India,12.019563,73.593642,343153,Unknown,SRC028,0.87,2026-03-21 20:31:50,2026-04-07 23:31:50
L00470,Office 492,Residence,"H.No. 93, Desai",Vadodara,Gujarat,India,16.756371,87.849802,235963,Unknown,SRC019,0.99,2024-09-26 20:06:56,2025-11-22 21:29:30
L00471,Warehouse 450,Public Place,"24, Chawla Chowk",Delhi,Delhi,India,12.259816,87.31976,212488,Low,SRC014,0.96,2025-10-17 18:49:26,2026-06-02 12:26:46
L00472,Office 714,Bank,"30/872, Anne Road",Ahmedabad,Gujarat,India,11.145683,83.531201,648002,Low,SRC023,0.82,2025-10-08 15:04:33,2025-10-09 03:04:33
L00473,Mall 645,Office,"H.No. 646, Sami Chowk",Lucknow,Uttar Pradesh,India,17.741615,83.508634,172775,Unknown,SRC013,0.78,2026-01-04 23:38:49,2026-01-13 22:38:49
L00474,Industrial Area 36,Warehouse,"365, Saran Path",Dewas,Madhya Pradesh,India,22.764851,76.992173,414930,Low,SRC013,0.9,2024-01-31 08:35:19,2025-12-17 14:26:51
L00475,Road 69,Commercial Area,"03/82, Arora Road",Pune,Maharashtra,India,18.205502,87.929783,765947,High,SRC029,0.87,2026-01-31 00:18:39,2026-02-23 20:18:39
L00476,Station 56,Transport Hub,"H.No. 56, Iyer Marg",Surat,Gujarat,India,15.679002,79.47829,111755,Medium,SRC021,0.76,2025-06-18 13:19:35,2026-06-25 19:29:26
L00477,Station 636,Residence,"40/66, Mukhopadhyay Road",Mumbai,Maharashtra,India,15.815619,86.528758,515717,High,SRC023,0.94,2025-10-07 04:12:24,2025-10-10 11:12:24
L00478,Market 680,Warehouse,"H.No. 028, Jain Circle",Vadodara,Gujarat,India,15.85742,73.034669,202817,High,SRC001,0.92,2024-11-15 02:20:06,2026-08-26 11:39:03
L00479,Apartment 96,Warehouse,"42, Varma",Gurugram,Haryana,India,11.094579,84.332827,803794,Low,SRC027,0.95,2024-09-17 18:16:29,2026-08-22 15:28:19
L00480,Station 450,Public Place,"H.No. 056, Sule Circle",Kota,Rajasthan,India,16.118898,77.167546,442772,Low,SRC011,0.81,2025-01-01 10:57:43,2025-01-25 08:57:43
L00481,Junction 161,Office,"H.No. 696, Gara Circle",Dewas,Madhya Pradesh,India,21.832122,78.589978,393286,High,SRC008,0.83,2026-03-29 03:26:54,2026-04-20 14:26:54
L00482,Mall 764,Public Place,"63/57, Dave Street",Dewas,Madhya Pradesh,India,26.269753,79.461789,152605,Low,SRC012,0.88,2025-10-31 15:20:19,2025-11-18 05:20:19
L00483,Apartment 991,Industrial Site,"15/75, Dar Circle",Ujjain,Madhya Pradesh,India,8.640444,77.326901,215952,Medium,SRC006,0.78,2024-12-16 01:28:27,2024-12-20 06:28:27
L00484,Industrial Area 878,Industrial Site,"37, Zachariah",Jaipur,Rajasthan,India,23.14416,86.601899,800203,Unknown,SRC010,0.84,2024-06-12 13:01:46,2026-08-07 05:59:56
L00485,Office 419,Office,"07/896, Srinivas Zila",Vadodara,Gujarat,India,14.306057,72.482758,225091,Low,SRC024,0.83,2026-02-04 13:05:50,2026-02-26 15:05:50
L00486,Industrial Area 9,Commercial Area,"32, Dhillon Street",Vadodara,Gujarat,India,27.280394,74.503032,326017,High,SRC002,0.88,2026-05-27 11:21:59,2026-06-01 12:21:59
L00487,Industrial Area 911,Transport Hub,"88/32, Buch Nagar",Kanpur,Uttar Pradesh,India,13.785875,74.027318,423483,Medium,SRC011,0.97,2025-09-28 10:22:34,2025-10-23 04:22:34
L00488,Road 858,Industrial Site,"61/845, Sule Marg",Hyderabad,Telangana,India,19.786532,82.492806,785730,High,SRC018,0.85,2024-05-10 04:28:51,2026-06-30 07:09:06
L00489,Station 253,Commercial Area,"94/847, Buch Chowk",Jabalpur,Madhya Pradesh,India,16.617712,72.559869,673390,Medium,SRC011,0.91,2025-08-28 22:54:22,2025-09-12 11:54:22
L00490,Hotel 90,Bank,"H.No. 183, Sunder Street",Ujjain,Madhya Pradesh,India,24.006769,87.223616,818357,Unknown,SRC023,0.98,2025-09-13 10:31:10,2025-12-18 03:45:06
L00491,Road 206,Bank,"418, Choudhary Circle",Ujjain,Madhya Pradesh,India,25.549893,76.007425,765150,High,SRC007,0.77,2024-05-18 09:44:38,2025-05-12 19:23:59
L00492,Industrial Area 822,Hotel,"H.No. 98, Chadha Street",Dewas,Madhya Pradesh,India,13.342364,85.892831,151763,High,SRC017,0.91,2025-05-12 19:47:45,2025-05-25 22:47:45
L00493,Road 505,Public Place,"54/03, Hayer Nagar",Ujjain,Madhya Pradesh,India,21.754355,73.791976,535559,High,SRC014,0.93,2025-08-10 08:45:12,2025-08-30 17:45:12
L00494,Junction 700,Public Place,"056, Aggarwal Nagar",Jaipur,Rajasthan,India,9.538903,74.379152,420922,Unknown,SRC025,0.83,2026-04-04 23:46:53,2026-04-11 20:46:53
L00495,Office 131,Transport Hub,"67/07, Basak Zila",Jabalpur,Madhya Pradesh,India,26.058953,84.380488,815412,Low,SRC024,0.91,2024-05-12 02:18:39,2024-07-24 09:33:15
L00496,Market 110,Transport Hub,"543, Tak Ganj",Gwalior,Madhya Pradesh,India,18.56051,73.730248,536560,Unknown,SRC003,0.9,2026-02-08 09:01:27,2026-03-09 08:01:27
L00497,Junction 45,Industrial Site,"H.No. 216, Trivedi Ganj",Kanpur,Uttar Pradesh,India,20.021815,87.479001,459622,High,SRC008,0.86,2026-07-16 20:25:22,2026-07-18 08:25:22
L00498,Mall 683,Office,"484, Sane Ganj",Ahmedabad,Gujarat,India,24.189947,86.307865,606017,Low,SRC016,0.93,2024-07-04 02:56:25,2026-04-22 19:48:57
L00499,Apartment 9,Residence,"H.No. 15, Sharaf Nagar",Bengaluru,Karnataka,India,18.423913,72.289877,574003,Low,SRC011,0.95,2025-11-03 15:33:27,2025-12-03 12:33:27
L00500,Market 560,Office,"15/320, Garde",Lucknow,Uttar Pradesh,India,13.355414,75.081443,534249,High,SRC023,0.95,2024-11-18 13:26:56,2025-11-16 09:19:54
L00501,Market 567,Office,"800, Lall Marg",Surat,Gujarat,India,21.897563,86.29095,157799,High,SRC013,0.99,2024-07-24 23:06:15,2026-04-11 06:33:24
L00502,Hotel 981,Industrial Site,"H.No. 69, Lata Marg",Pune,Maharashtra,India,22.413163,82.51666,896389,Low,SRC021,0.79,2025-09-24 13:25:09,2025-10-16 08:25:09
L00503,Apartment 71,Office,"H.No. 266, Hans",Gwalior,Madhya Pradesh,India,16.218643,78.637458,676782,High,SRC014,0.76,2026-07-31 06:46:20,2026-08-10 20:46:20
L00504,Warehouse 165,Transport Hub,"44/28, Zachariah Street",Jabalpur,Madhya Pradesh,India,26.114353,87.404667,832551,Unknown,SRC025,0.81,2026-03-10 23:47:10,2026-04-03 23:47:10
L00505,Warehouse 153,Commercial Area,"82, Dugar Chowk",Lucknow,Uttar Pradesh,India,19.31964,85.823201,213690,Unknown,SRC025,0.79,2025-06-25 20:29:15,2025-06-27 04:29:15
L00506,Junction 637,Industrial Site,"963, Roy Zila",Delhi,Delhi,India,24.47169,84.534741,121150,High,SRC019,0.97,2026-08-11 02:11:18,2026-08-17 09:11:18
L00507,Road 77,Warehouse,"H.No. 17, Agrawal Marg",Surat,Gujarat,India,15.775857,85.791672,137779,Medium,SRC001,0.81,2024-07-29 17:07:50,2025-01-03 11:22:00
L00508,Junction 763,Public Place,"H.No. 70, Doshi Road",Ujjain,Madhya Pradesh,India,15.388884,87.497893,866478,High,SRC016,0.92,2025-02-11 06:46:34,2025-02-22 03:46:34
L00509,Station 401,Commercial Area,"012, Ram Street",Gwalior,Madhya Pradesh,India,17.819373,85.769936,153543,Low,SRC007,0.76,2024-04-28 10:20:20,2025-04-03 08:24:11
L00510,Road 354,Residence,"50/982, Bhattacharyya Street",Hyderabad,Telangana,India,14.064127,86.833883,259322,Unknown,SRC010,0.91,2024-09-24 07:53:54,2025-11-18 08:25:23
L00511,Junction 361,Residence,"07/493, Kibe Circle",Jaipur,Rajasthan,India,18.567264,74.306688,162325,High,SRC007,0.94,2025-09-21 01:54:48,2025-10-05 06:54:48
L00512,Office 868,Hotel,"H.No. 40, Chowdhury Street",Jabalpur,Madhya Pradesh,India,8.459339,87.938807,322760,High,SRC029,0.92,2026-04-18 04:20:32,2026-05-17 03:20:32
L00513,Industrial Area 395,Transport Hub,"H.No. 916, Tella Path",Kanpur,Uttar Pradesh,India,9.880503,74.981588,643855,Low,SRC029,0.8,2025-12-21 07:17:57,2026-01-18 17:17:57
L00514,Hotel 835,Commercial Area,"31, Balan Circle",Hyderabad,Telangana,India,17.800149,77.129518,830976,Unknown,SRC004,0.87,2025-07-22 18:26:43,2026-02-03 08:35:55
L00515,Hotel 876,Industrial Site,"35, Tank Nagar",Indore,Madhya Pradesh,India,12.001552,75.926403,318859,Low,SRC017,0.8,2024-08-17 13:19:19,2025-03-31 06:06:27
L00516,Junction 861,Warehouse,"359, Basu Road",Nagpur,Maharashtra,India,21.506578,79.581218,332433,High,SRC019,0.88,2026-04-08 09:10:52,2026-04-26 12:10:52
L00517,Warehouse 604,Warehouse,"98, Modi Road",Lucknow,Uttar Pradesh,India,8.303553,81.790601,389025,High,SRC013,0.9,2026-05-27 13:13:50,2026-06-12 14:13:50
L00518,Hotel 681,Public Place,"27/806, Krishnamurthy Marg",Dewas,Madhya Pradesh,India,24.204707,87.22996,856786,Unknown,SRC023,0.79,2025-05-16 06:17:56,2025-05-20 20:17:56
L00519,Station 552,Hotel,"51/270, Chauhan Zila",Pune,Maharashtra,India,9.658154,74.784275,606370,High,SRC008,0.97,2026-02-04 03:03:07,2026-02-16 01:03:07
L00520,Mall 211,Commercial Area,"H.No. 45, Nayar Marg",Gwalior,Madhya Pradesh,India,27.305039,82.156492,541423,Unknown,SRC027,0.88,2025-11-10 11:53:50,2025-11-20 20:53:50
L00521,Office 927,Warehouse,"H.No. 50, Mody",Bhopal,Madhya Pradesh,India,25.88034,72.283967,382258,Unknown,SRC016,0.77,2024-03-03 13:18:40,2025-11-22 21:15:28
L00522,Station 134,Transport Hub,"01/190, Banerjee Path",Indore,Madhya Pradesh,India,15.257093,86.626784,428164,Medium,SRC024,0.84,2026-07-16 16:24:05,2026-08-04 04:24:05
L00523,Junction 274,Bank,"81/063, Parikh Path",Hyderabad,Telangana,India,12.464197,77.836069,851040,Medium,SRC009,0.77,2025-11-20 18:55:08,2025-12-04 21:55:08
L00524,Apartment 637,Office,"H.No. 82, Tak Road",Ahmedabad,Gujarat,India,8.613015,75.471398,825845,Medium,SRC024,0.92,2025-07-27 07:09:16,2025-08-12 05:09:16
L00525,Station 859,Public Place,"H.No. 01, Rajagopal Zila",Lucknow,Uttar Pradesh,India,27.326642,85.707921,117832,Low,SRC029,0.85,2025-02-28 13:49:48,2025-03-21 22:05:38
L00526,Junction 482,Bank,"19, Batta Street",Gurugram,Haryana,India,20.917993,74.171894,785744,Low,SRC023,0.97,2024-11-28 04:46:22,2026-03-21 10:33:50
L00527,Market 303,Residence,"43/19, Rajagopal Ganj",Ujjain,Madhya Pradesh,India,19.026085,80.14875,711625,Medium,SRC024,0.86,2024-07-16 08:27:40,2024-07-20 11:27:40
L00528,Office 404,Residence,"62/91, Soni Circle",Kanpur,Uttar Pradesh,India,23.847107,82.278575,759372,Unknown,SRC016,0.92,2025-04-10 07:14:01,2026-07-27 21:14:05
L00529,Hotel 660,Hotel,"H.No. 586, Bajaj Street",Bengaluru,Karnataka,India,11.767786,86.931119,138947,High,SRC005,0.78,2025-10-10 03:14:57,2026-08-06 01:55:19
L00530,Road 232,Warehouse,"H.No. 07, Lad",Mumbai,Maharashtra,India,10.678649,74.05038,393411,Unknown,SRC016,0.86,2024-06-28 17:29:49,2024-07-31 09:59:05
L00531,Industrial Area 468,Transport Hub,"H.No. 62, Naik Circle",Dewas,Madhya Pradesh,India,15.242239,82.791245,696720,Low,SRC006,0.99,2025-01-21 12:47:48,2026-01-08 21:02:38
L00532,Mall 899,Commercial Area,"40, Prabhakar Path",Lucknow,Uttar Pradesh,India,11.734026,73.59692,375016,High,SRC017,0.82,2024-01-01 01:38:00,2024-12-20 13:41:18
L00533,Apartment 729,Public Place,"H.No. 78, Bhatnagar Chowk",Bhopal,Madhya Pradesh,India,11.792088,75.684687,372873,Unknown,SRC023,0.93,2024-12-17 20:54:42,2025-01-24 14:52:13
L00534,Mall 853,Industrial Site,"42, Sachdev",Gurugram,Haryana,India,25.463628,74.821536,399909,Low,SRC025,0.93,2024-10-31 06:59:52,2025-04-03 17:20:19
L00535,Industrial Area 340,Industrial Site,"74/168, Sura Marg",Ahmedabad,Gujarat,India,12.931682,82.61419,489961,High,SRC015,0.93,2025-11-01 22:01:36,2026-06-26 07:26:14
L00536,Station 591,Hotel,"60/080, Mander Road",Bhopal,Madhya Pradesh,India,21.649389,74.842532,583510,High,SRC008,0.78,2024-02-15 23:08:24,2025-10-13 04:17:59
L00537,Office 997,Commercial Area,"H.No. 760, Lanka Ganj",Bhopal,Madhya Pradesh,India,14.209731,73.299421,300734,Unknown,SRC023,0.91,2024-03-26 06:46:19,2024-05-30 19:31:01
L00538,Road 974,Transport Hub,"21/281, Iyer Ganj",Gurugram,Haryana,India,16.230188,87.794534,730093,Unknown,SRC017,0.91,2026-01-04 07:40:17,2026-04-22 12:02:35
L00539,Mall 780,Industrial Site,"53/741, Sahni Street",Ujjain,Madhya Pradesh,India,23.747928,75.443988,356865,Unknown,SRC024,0.97,2025-10-27 04:32:42,2025-11-03 07:32:42
L00540,Road 334,Transport Hub,"94/20, Dora Marg",Pune,Maharashtra,India,23.60536,77.248473,887820,Medium,SRC023,0.98,2026-03-27 16:05:28,2026-04-18 17:05:28
L00541,Mall 344,Bank,"H.No. 36, Nadkarni Path",Gwalior,Madhya Pradesh,India,11.458331,87.245667,205384,High,SRC021,0.76,2026-04-03 07:08:13,2026-04-16 01:08:13
L00542,Junction 472,Hotel,"515, D’Alia Chowk",Bengaluru,Karnataka,India,17.886586,81.135157,195467,Medium,SRC013,0.91,2024-05-27 07:22:08,2025-08-04 08:45:26
L00543,Road 389,Commercial Area,"H.No. 18, Barad Path",Lucknow,Uttar Pradesh,India,13.841194,87.358988,113835,Unknown,SRC022,0.86,2024-03-05 22:59:43,2025-02-28 08:34:08
L00544,Industrial Area 568,Warehouse,"H.No. 76, Wason Path",Ujjain,Madhya Pradesh,India,24.201816,84.708764,885476,Low,SRC002,0.88,2024-06-22 09:14:48,2025-02-18 03:19:31
L00545,Market 808,Residence,"48/673, Badal Chowk",Gwalior,Madhya Pradesh,India,9.948346,76.088361,197617,Unknown,SRC022,0.85,2026-03-15 19:25:31,2026-03-18 19:25:31
L00546,Station 187,Commercial Area,"H.No. 17, Goyal Street",Bhopal,Madhya Pradesh,India,9.716133,79.815083,514588,High,SRC004,0.81,2024-11-15 07:58:34,2024-11-15 20:58:34
L00547,Market 579,Public Place,"99/09, Anne Zila",Hyderabad,Telangana,India,16.906097,82.119464,431673,Low,SRC022,0.87,2024-01-13 15:59:01,2026-06-16 18:14:13
L00548,Junction 647,Commercial Area,"90/73, Magar",Indore,Madhya Pradesh,India,18.296888,79.739959,403906,Medium,SRC009,0.79,2025-10-20 15:36:25,2025-10-27 20:36:25
L00549,Industrial Area 879,Transport Hub,"H.No. 872, Sunder",Dewas,Madhya Pradesh,India,25.531401,83.531141,345058,Unknown,SRC014,0.83,2026-07-09 09:23:50,2026-07-22 13:23:50
L00550,Road 305,Industrial Site,"02/446, Mane",Jabalpur,Madhya Pradesh,India,11.967498,72.71798,236104,High,SRC004,0.86,2025-04-22 03:09:35,2025-07-31 11:40:21
L00551,Industrial Area 160,Commercial Area,"H.No. 421, Nagi Road",Hyderabad,Telangana,India,9.278919,82.440558,823321,High,SRC007,0.93,2024-07-29 06:19:29,2026-05-10 08:31:27
L00552,Hotel 238,Public Place,"38/68, Deshpande Street",Pune,Maharashtra,India,17.265915,82.808211,723561,Unknown,SRC016,0.86,2024-03-03 03:55:39,2026-04-30 00:07:47
L00553,Office 398,Commercial Area,"14, Narang Chowk",Nagpur,Maharashtra,India,18.640649,79.713704,297882,Low,SRC007,0.91,2024-08-28 12:11:50,2024-11-26 00:49:33
L00554,Junction 726,Bank,"H.No. 844, Ramakrishnan Road",Indore,Madhya Pradesh,India,19.98531,76.108172,488356,Unknown,SRC030,0.86,2024-07-12 22:21:47,2024-10-04 00:18:06
L00555,Mall 31,Public Place,"88, Cherian Nagar",Dewas,Madhya Pradesh,India,9.706781,82.565791,710869,Low,SRC016,0.95,2025-01-16 19:45:15,2025-01-17 11:45:15
L00556,Station 909,Public Place,"H.No. 00, Hora Street",Jaipur,Rajasthan,India,20.084954,79.960578,641407,High,SRC016,0.79,2025-03-17 06:03:00,2026-03-28 11:06:29
L00557,Industrial Area 123,Warehouse,"H.No. 054, Narayanan Ganj",Ujjain,Madhya Pradesh,India,13.796619,75.684214,371834,Unknown,SRC014,0.87,2026-05-17 05:28:11,2026-06-01 22:28:11
L00558,Market 224,Warehouse,"99/229, Bhargava Zila",Pune,Maharashtra,India,14.965297,75.15561,778585,High,SRC023,0.78,2025-08-16 03:22:33,2026-07-23 23:49:24
L00559,Hotel 545,Bank,"92/892, Shere Zila",Vadodara,Gujarat,India,22.552937,86.231258,128750,Unknown,SRC007,0.83,2024-09-11 13:50:09,2026-07-29 02:31:57
L00560,Industrial Area 993,Industrial Site,"646, Randhawa Zila",Indore,Madhya Pradesh,India,23.185409,83.937883,501860,Unknown,SRC006,0.88,2024-11-24 09:37:48,2024-12-08 10:37:48
L00561,Road 305,Bank,"90/786, Char Zila",Pune,Maharashtra,India,24.822748,76.288472,634226,Unknown,SRC024,0.91,2024-10-20 01:45:49,2025-09-30 17:27:31
L00562,Office 697,Public Place,"H.No. 826, Subramanian Ganj",Ujjain,Madhya Pradesh,India,9.76335,81.750291,646225,Medium,SRC022,0.85,2024-02-12 01:49:56,2025-03-11 14:51:21
L00563,Warehouse 790,Public Place,"21, Kibe",Pune,Maharashtra,India,11.521094,87.393137,593016,Unknown,SRC011,0.84,2025-05-08 08:11:12,2025-05-10 06:11:12
L00564,Junction 229,Residence,"H.No. 719, Dave",Ahmedabad,Gujarat,India,19.661371,73.018129,751171,High,SRC013,0.96,2024-09-02 19:06:38,2026-04-13 21:04:31
L00565,Apartment 17,Residence,"428, Nagar Chowk",Jaipur,Rajasthan,India,21.038912,75.213624,731101,Medium,SRC023,0.97,2025-03-28 12:58:54,2025-04-23 16:58:54
L00566,Hotel 696,Office,"91, Sachdeva Street",Bhopal,Madhya Pradesh,India,15.776816,72.903783,540985,Unknown,SRC028,0.93,2025-01-24 23:10:33,2026-04-26 15:44:54
L00567,Junction 860,Industrial Site,"934, Dara Circle",Bhopal,Madhya Pradesh,India,10.161884,75.271707,640440,High,SRC025,0.96,2026-01-17 21:04:03,2026-02-15 07:04:03
L00568,Industrial Area 767,Hotel,"H.No. 22, Sant Zila",Mumbai,Maharashtra,India,20.087041,77.838247,680069,Medium,SRC016,0.97,2026-01-25 08:18:43,2026-02-21 14:18:43
L00569,Road 325,Industrial Site,"678, Om",Dewas,Madhya Pradesh,India,15.85134,79.372974,792806,Low,SRC011,0.84,2026-05-14 14:41:11,2026-05-29 06:41:11
L00570,Road 599,Residence,"82/481, Grewal Chowk",Lucknow,Uttar Pradesh,India,17.484067,87.771061,131158,Unknown,SRC020,0.93,2026-03-02 08:26:35,2026-03-19 09:26:35
L00571,Hotel 300,Industrial Site,"421, Dutta Zila",Gwalior,Madhya Pradesh,India,11.661615,85.153478,828829,Unknown,SRC001,0.76,2024-04-01 22:51:18,2024-12-06 07:17:01
L00572,Road 254,Hotel,"H.No. 543, Goel Ganj",Jabalpur,Madhya Pradesh,India,23.518607,85.206,259543,Medium,SRC005,0.84,2024-05-16 20:28:25,2025-11-08 08:00:16
L00573,Apartment 483,Transport Hub,"39/220, Varkey Chowk",Hyderabad,Telangana,India,16.413849,74.505664,326253,Medium,SRC014,0.93,2025-11-05 03:40:36,2025-11-16 19:40:36
L00574,Junction 78,Commercial Area,"08/167, Kohli Street",Kanpur,Uttar Pradesh,India,17.994443,73.337472,693510,Medium,SRC024,0.9,2025-03-27 12:38:06,2025-05-14 03:36:30
L00575,Mall 273,Warehouse,"H.No. 34, Pathak Ganj",Ujjain,Madhya Pradesh,India,22.007694,82.33836,794154,Low,SRC024,0.89,2026-05-19 01:27:24,2026-05-23 05:27:24
L00576,Warehouse 485,Public Place,"17, Pillai Road",Kota,Rajasthan,India,21.328668,86.51509,637801,High,SRC018,0.89,2025-05-21 05:56:24,2026-08-01 23:42:51
L00577,Apartment 710,Commercial Area,"H.No. 300, Gulati Marg",Jabalpur,Madhya Pradesh,India,15.230622,74.074337,558239,High,SRC018,0.87,2026-07-10 20:47:17,2026-08-02 21:47:17
L00578,Station 200,Residence,"36/181, Sarna Path",Indore,Madhya Pradesh,India,23.676697,74.421782,764237,Medium,SRC018,0.94,2025-05-31 05:03:49,2025-06-23 18:03:49
L00579,Road 951,Hotel,"90, Sharma Road",Dewas,Madhya Pradesh,India,23.947564,77.709032,523033,Medium,SRC018,0.95,2025-11-04 13:37:11,2025-11-10 08:37:11
L00580,Road 510,Office,"H.No. 232, Ahluwalia",Lucknow,Uttar Pradesh,India,15.491286,86.300365,112493,High,SRC026,0.97,2024-09-29 14:03:44,2025-09-04 22:48:16
L00581,Junction 497,Warehouse,"82/212, Prabhakar Zila",Kota,Rajasthan,India,16.21077,82.62702,108809,Unknown,SRC009,0.85,2025-06-11 13:48:20,2025-06-21 04:48:20
L00582,Hotel 35,Bank,"65, Kara",Vadodara,Gujarat,India,21.688967,86.34986,614008,Medium,SRC004,0.93,2025-12-05 08:20:15,2026-01-01 12:20:15
L00583,Mall 972,Commercial Area,"860, Wason Marg",Gwalior,Madhya Pradesh,India,22.519488,72.788484,174470,Low,SRC030,0.88,2026-06-20 06:34:04,2026-06-24 13:34:04
L00584,Station 758,Transport Hub,"249, Lalla",Surat,Gujarat,India,24.376496,87.071414,639160,Low,SRC024,0.91,2024-02-16 01:57:29,2025-01-19 09:39:45
L00585,Warehouse 667,Residence,"H.No. 658, Bala Chowk",Kanpur,Uttar Pradesh,India,14.40121,72.168599,529506,Low,SRC018,0.97,2024-08-26 04:42:01,2026-04-19 15:17:39
L00586,Station 499,Bank,"H.No. 678, Kapadia Path",Kanpur,Uttar Pradesh,India,24.074313,76.159917,445675,Unknown,SRC014,0.77,2025-09-19 04:55:07,2025-10-04 05:55:07
L00587,Industrial Area 545,Industrial Site,"63/24, Issac Ganj",Mumbai,Maharashtra,India,27.0956,78.030845,473406,Unknown,SRC026,0.9,2026-05-28 10:15:28,2026-06-13 03:15:28
L00588,Hotel 249,Hotel,"26, Wagle",Jaipur,Rajasthan,India,12.679406,85.075817,205660,Unknown,SRC009,0.93,2024-11-20 11:50:06,2025-07-14 01:38:51
L00589,Apartment 204,Bank,"197, Ratti Road",Kota,Rajasthan,India,19.543142,85.769909,638256,Medium,SRC026,0.96,2025-08-05 21:37:35,2025-08-31 01:37:35
L00590,Office 515,Office,"61/976, Chander Circle",Kota,Rajasthan,India,20.322635,73.188232,891020,Low,SRC006,0.8,2025-06-14 02:06:24,2025-11-27 10:51:54
L00591,Apartment 563,Bank,"899, Saini Ganj",Ahmedabad,Gujarat,India,12.897475,87.79109,101584,Low,SRC011,0.98,2025-06-01 15:16:27,2025-06-02 12:16:27
L00592,Road 297,Residence,"H.No. 84, Gour Street",Gwalior,Madhya Pradesh,India,14.389821,82.134321,865207,High,SRC016,0.78,2025-04-29 21:55:19,2026-03-23 18:24:22
L00593,Market 640,Bank,"H.No. 256, Soman Ganj",Kota,Rajasthan,India,25.285958,82.265532,169097,Unknown,SRC006,0.89,2024-05-24 20:40:48,2025-03-05 17:46:13
L00594,Hotel 973,Bank,"85/577, Soni",Nagpur,Maharashtra,India,17.017937,87.624107,840852,Unknown,SRC013,0.75,2025-12-31 04:47:29,2026-01-01 17:47:29
L00595,Hotel 595,Office,"H.No. 982, Din Chowk",Kanpur,Uttar Pradesh,India,20.129965,73.490141,603830,High,SRC016,0.98,2024-06-03 21:46:30,2025-11-18 01:52:00
L00596,Station 447,Commercial Area,"28, Mohanty Street",Pune,Maharashtra,India,12.099717,79.059525,829292,High,SRC017,0.86,2024-09-13 01:10:19,2025-05-27 14:02:44
L00597,Mall 766,Commercial Area,"92/59, Rana Circle",Ahmedabad,Gujarat,India,26.063161,85.953469,241954,Unknown,SRC004,0.81,2026-06-22 04:45:39,2026-07-18 05:45:39
L00598,Mall 260,Transport Hub,"H.No. 762, Rai Marg",Bengaluru,Karnataka,India,13.278921,84.682335,289257,Unknown,SRC003,0.97,2025-02-20 11:50:17,2026-01-14 11:36:06
L00599,Road 328,Warehouse,"H.No. 14, Patel Marg",Pune,Maharashtra,India,14.778949,76.01559,143099,Unknown,SRC016,0.82,2026-07-30 10:54:10,2026-08-04 02:54:10
L00600,Office 82,Warehouse,"93/15, Batra Ganj",Delhi,Delhi,India,12.445202,76.38664,865483,Unknown,SRC015,0.84,2026-03-01 19:00:41,2026-03-05 09:00:41
L00601,Road 84,Industrial Site,"71, Chawla",Ujjain,Madhya Pradesh,India,23.119077,85.321702,425186,Unknown,SRC011,0.84,2025-08-30 03:31:41,2025-12-26 04:46:28
L00602,Mall 869,Hotel,"71, Patla Chowk",Hyderabad,Telangana,India,10.536658,74.998386,409758,Low,SRC021,0.94,2025-01-01 04:43:44,2026-07-20 04:46:45
L00603,Hotel 604,Residence,"93/474, Patla",Bhopal,Madhya Pradesh,India,14.393783,77.61088,279757,Low,SRC015,0.81,2025-09-07 04:49:05,2025-09-20 18:49:05
L00604,Mall 374,Transport Hub,"H.No. 307, Venkataraman",Surat,Gujarat,India,8.648341,83.669712,363486,Low,SRC019,0.8,2024-03-21 07:22:19,2025-12-01 20:10:07
L00605,Office 298,Public Place,"87/93, Balasubramanian Road",Ahmedabad,Gujarat,India,10.513701,82.523327,869384,Unknown,SRC004,0.99,2024-03-10 12:26:23,2026-08-11 11:44:39
L00606,Road 240,Hotel,"H.No. 787, Karnik Nagar",Mumbai,Maharashtra,India,26.75473,86.564372,672335,Unknown,SRC011,0.81,2024-05-25 19:39:45,2025-01-12 02:29:29
L00607,Apartment 898,Commercial Area,"06, Ganesh Circle",Vadodara,Gujarat,India,20.250644,79.556875,797646,Low,SRC019,0.85,2025-05-01 07:33:09,2026-01-22 23:15:44
L00608,Mall 191,Office,"42, Padmanabhan Nagar",Dewas,Madhya Pradesh,India,19.888224,86.65963,140675,Unknown,SRC018,0.87,2025-05-29 02:09:33,2025-06-18 03:09:33
L00609,Industrial Area 517,Industrial Site,"62/011, Anand",Surat,Gujarat,India,10.926003,83.224958,887090,Unknown,SRC007,0.86,2025-07-20 17:30:22,2026-02-14 09:54:41
L00610,Apartment 49,Bank,"266, Mand Ganj",Kota,Rajasthan,India,17.113129,81.29671,645040,Medium,SRC028,0.85,2025-11-15 10:21:28,2025-12-09 08:21:28
L00611,Station 28,Bank,"592, Aurora Street",Jaipur,Rajasthan,India,21.146933,87.932293,139520,High,SRC030,0.83,2025-04-04 15:36:57,2025-04-28 19:36:57
L00612,Market 703,Transport Hub,"35/932, Salvi Path",Indore,Madhya Pradesh,India,13.548828,77.820797,837015,Low,SRC015,0.92,2025-03-17 20:05:07,2026-03-01 10:02:59
L00613,Station 161,Residence,"H.No. 16, Doshi Marg",Bengaluru,Karnataka,India,21.725373,72.275484,459848,Unknown,SRC020,0.81,2026-03-09 08:26:43,2026-03-18 13:26:43
L00614,Office 415,Commercial Area,"16, Kapoor",Dewas,Madhya Pradesh,India,10.954327,80.268699,175682,High,SRC010,0.84,2025-10-15 18:18:32,2025-10-24 17:18:32
L00615,Hotel 637,Transport Hub,"H.No. 15, Balan Path",Indore,Madhya Pradesh,India,21.414223,83.805377,457004,Unknown,SRC016,0.78,2025-10-18 08:05:55,2026-04-17 03:50:07
L00616,Industrial Area 328,Hotel,"375, Chana",Delhi,Delhi,India,19.681074,85.44266,286131,Unknown,SRC006,0.82,2026-01-11 07:00:03,2026-02-09 16:00:03
L00617,Mall 93,Industrial Site,"55/70, Salvi Zila",Surat,Gujarat,India,17.207063,72.548784,161995,High,SRC001,0.87,2026-03-11 08:25:29,2026-04-08 03:25:29
L00618,Apartment 708,Industrial Site,"H.No. 35, Patel Street",Surat,Gujarat,India,24.128278,77.833061,709420,Unknown,SRC011,0.9,2026-03-20 21:20:34,2026-04-14 23:20:34
L00619,Office 448,Industrial Site,"44/080, Nadig",Gurugram,Haryana,India,12.338502,81.907419,821549,High,SRC002,0.93,2026-01-22 04:56:24,2026-01-26 20:56:24
L00620,Hotel 85,Hotel,"083, Srinivas",Indore,Madhya Pradesh,India,25.041109,78.539936,251883,Unknown,SRC015,0.79,2024-07-07 04:44:43,2026-07-17 16:58:32
L00621,Mall 110,Commercial Area,"491, Gokhale Nagar",Jabalpur,Madhya Pradesh,India,15.762533,75.877312,398649,Unknown,SRC026,0.76,2024-08-01 04:59:26,2024-10-13 15:32:14
L00622,Industrial Area 886,Industrial Site,"H.No. 755, Pathak Road",Dewas,Madhya Pradesh,India,26.737395,75.590313,882234,Medium,SRC004,0.82,2024-01-30 08:57:31,2024-04-27 11:35:26
L00623,Office 318,Office,"95/74, Vora Ganj",Hyderabad,Telangana,India,12.453897,73.654799,678282,Medium,SRC001,0.96,2025-03-04 22:21:17,2025-07-18 21:02:33
L00624,Apartment 580,Residence,"80, Biswas Chowk",Kota,Rajasthan,India,24.577541,80.466914,513146,Medium,SRC002,0.85,2025-07-20 16:09:15,2025-07-22 02:09:15
L00625,Mall 210,Public Place,"863, Parmar Road",Nagpur,Maharashtra,India,23.567275,84.207344,236362,Low,SRC014,0.86,2025-05-25 22:40:16,2025-12-29 23:38:04
L00626,Mall 405,Public Place,"98/114, Sur Path",Mumbai,Maharashtra,India,14.719443,78.620215,873868,Unknown,SRC016,0.87,2025-05-26 17:48:11,2025-06-14 03:48:11
L00627,Road 365,Bank,"H.No. 51, Nath Zila",Vadodara,Gujarat,India,23.693241,83.760211,471871,High,SRC010,0.77,2026-02-26 18:36:02,2026-03-19 11:36:02
L00628,Hotel 967,Bank,"H.No. 300, Om Ganj",Indore,Madhya Pradesh,India,17.627817,82.543037,751728,High,SRC001,0.82,2025-01-17 01:32:31,2025-02-08 11:32:31
L00629,Hotel 705,Industrial Site,"78/36, Barman Nagar",Dewas,Madhya Pradesh,India,21.019728,83.798214,152114,Low,SRC001,0.9,2024-06-27 16:19:44,2025-05-05 11:26:39
L00630,Hotel 542,Bank,"17, Singh Street",Surat,Gujarat,India,11.024973,77.481796,189138,High,SRC025,0.84,2025-06-26 14:05:01,2026-01-29 05:47:52
L00631,Office 48,Industrial Site,"H.No. 728, Rau Ganj",Gurugram,Haryana,India,8.425603,76.610081,696688,Low,SRC001,0.94,2026-01-01 01:49:59,2026-01-22 18:49:59
L00632,Hotel 61,Bank,"79/49, Chahal Ganj",Ujjain,Madhya Pradesh,India,22.702847,86.981111,332206,High,SRC019,0.81,2026-04-07 12:29:55,2026-04-19 06:29:55
L00633,Station 15,Industrial Site,"27, Kalla Road",Jaipur,Rajasthan,India,21.42234,78.849956,856932,Low,SRC003,0.83,2025-05-04 02:37:34,2025-05-10 10:37:34
L00634,Station 993,Public Place,"34/205, Gaba Nagar",Vadodara,Gujarat,India,9.78665,82.36646,103950,Low,SRC023,0.82,2025-09-05 14:34:33,2025-11-22 13:51:34
L00635,Market 44,Residence,"H.No. 03, Kaul Chowk",Vadodara,Gujarat,India,25.433625,76.990229,287732,High,SRC002,0.98,2024-11-29 17:08:18,2026-06-09 20:55:19
L00636,Road 142,Warehouse,"17, Chacko Path",Kanpur,Uttar Pradesh,India,20.523865,72.36966,418822,Low,SRC030,0.91,2026-06-26 19:10:15,2026-07-20 05:10:15
L00637,Road 809,Transport Hub,"H.No. 213, Chakrabarti Marg",Ahmedabad,Gujarat,India,20.476299,77.312537,598643,High,SRC024,0.92,2026-06-25 01:01:02,2026-07-10 03:01:02
L00638,Market 943,Hotel,"44/512, Sibal Street",Lucknow,Uttar Pradesh,India,23.770211,78.299864,509839,Medium,SRC013,0.82,2026-07-08 19:38:50,2026-08-05 14:38:50
L00639,Office 312,Commercial Area,"H.No. 42, Setty Nagar",Jabalpur,Madhya Pradesh,India,14.504149,80.159794,771359,Low,SRC016,0.76,2025-08-18 05:47:50,2025-12-01 15:49:23
L00640,Apartment 358,Office,"H.No. 289, Tella",Pune,Maharashtra,India,23.646955,84.364675,118605,Medium,SRC009,0.82,2024-09-18 14:42:58,2024-10-11 09:42:58
L00641,Station 412,Hotel,"H.No. 262, Sengupta Path",Bengaluru,Karnataka,India,21.42387,72.563487,894667,Low,SRC024,0.76,2024-10-24 05:19:20,2025-11-27 14:29:47
L00642,Apartment 606,Industrial Site,"H.No. 575, Loke Zila",Vadodara,Gujarat,India,8.363564,83.223613,425482,Unknown,SRC016,0.9,2025-09-08 16:42:04,2025-10-09 12:06:40
L00643,Warehouse 309,Residence,"11/549, Seshadri Road",Surat,Gujarat,India,21.748495,78.023675,669980,Unknown,SRC002,0.89,2026-03-31 15:24:04,2026-04-14 02:24:04
L00644,Industrial Area 216,Office,"880, Dua Ganj",Lucknow,Uttar Pradesh,India,17.956328,72.222586,260126,Low,SRC029,0.85,2024-01-24 16:27:52,2024-11-09 23:17:20
L00645,Mall 933,Industrial Site,"87/335, Banik Street",Kota,Rajasthan,India,10.052946,86.293085,889761,Medium,SRC028,0.9,2024-03-23 20:07:29,2025-10-27 20:36:13
L00646,Station 618,Office,"30, Vasa Street",Ahmedabad,Gujarat,India,21.587274,80.792254,653581,High,SRC002,0.77,2025-06-19 05:51:41,2026-04-05 01:01:48
L00647,Hotel 268,Public Place,"91, Dutt Chowk",Nagpur,Maharashtra,India,15.701106,74.455435,486882,Unknown,SRC008,0.78,2025-09-10 18:52:43,2025-09-15 06:52:43
L00648,Apartment 432,Office,"H.No. 15, Balakrishnan Zila",Vadodara,Gujarat,India,10.544615,78.438956,466730,Unknown,SRC013,0.79,2025-05-07 13:46:25,2025-06-10 06:07:15
L00649,Road 364,Bank,"H.No. 80, Chanda Circle",Dewas,Madhya Pradesh,India,23.835604,82.22201,727460,High,SRC016,0.82,2024-02-09 21:53:48,2026-01-04 02:01:36
L00650,Mall 62,Industrial Site,"H.No. 66, Dara Ganj",Bhopal,Madhya Pradesh,India,20.337905,79.22164,223399,Unknown,SRC029,0.81,2025-03-20 00:13:12,2025-08-13 23:58:46
L00651,Warehouse 777,Commercial Area,"38/12, Bahl Road",Pune,Maharashtra,India,23.480131,73.504763,476696,Unknown,SRC002,0.96,2024-09-25 21:21:14,2024-10-01 11:21:14
L00652,Station 961,Office,"H.No. 91, Comar Nagar",Dewas,Madhya Pradesh,India,13.301115,86.531697,529717,High,SRC015,0.77,2025-10-07 15:02:02,2025-12-20 04:02:25
L00653,Hotel 38,Transport Hub,"113, Saxena Circle",Kota,Rajasthan,India,13.249846,73.676621,339634,Medium,SRC014,0.81,2025-11-26 05:40:57,2026-05-21 10:11:19
L00654,Mall 758,Warehouse,"559, Suri",Vadodara,Gujarat,India,19.991902,84.664836,777216,High,SRC024,0.99,2025-01-06 20:19:55,2025-01-16 23:19:55
L00655,Warehouse 676,Office,"25, Oommen",Nagpur,Maharashtra,India,24.704483,86.912428,454797,Unknown,SRC018,0.76,2024-05-15 11:13:17,2026-05-28 04:55:26
L00656,Mall 497,Public Place,"93/72, Pall Path",Bengaluru,Karnataka,India,10.70074,81.647046,168983,Medium,SRC015,0.81,2026-04-07 16:50:27,2026-04-15 07:50:27
L00657,Hotel 754,Warehouse,"H.No. 481, Gara Nagar",Jaipur,Rajasthan,India,14.249168,74.777908,396379,Unknown,SRC022,0.85,2026-08-18 23:46:57,2026-08-27 23:46:57
L00658,Junction 676,Office,"05/272, Tara Ganj",Gurugram,Haryana,India,14.219859,76.184473,435477,High,SRC001,0.94,2025-06-24 11:57:30,2025-10-27 12:31:36
L00659,Warehouse 195,Commercial Area,"H.No. 26, Suri Nagar",Kota,Rajasthan,India,11.825635,74.47876,869935,High,SRC011,0.84,2025-05-15 07:35:36,2025-05-22 21:53:12
L00660,Apartment 147,Public Place,"84/791, Ratta Marg",Kanpur,Uttar Pradesh,India,22.397449,85.29795,535668,Medium,SRC018,0.81,2024-01-17 13:19:56,2026-02-04 22:47:04
L00661,Hotel 353,Office,"31/248, Chowdhury",Gwalior,Madhya Pradesh,India,24.849317,81.210232,274258,High,SRC009,0.97,2025-07-03 01:25:30,2025-07-29 22:25:30
L00662,Office 888,Bank,"H.No. 45, Dora Circle",Vadodara,Gujarat,India,14.785369,77.884656,372041,Low,SRC017,0.97,2025-02-28 07:43:16,2026-02-23 03:25:11
L00663,Office 714,Residence,"42/41, Nagarajan Circle",Lucknow,Uttar Pradesh,India,16.772036,79.533009,489006,Medium,SRC013,0.8,2024-01-20 07:52:41,2025-04-23 22:14:15
L00664,Market 709,Warehouse,"24, Trivedi Nagar",Ahmedabad,Gujarat,India,21.131503,75.390262,833009,Low,SRC024,0.94,2024-06-26 18:28:30,2024-07-31 16:22:03
L00665,Station 482,Warehouse,"892, Tak Path",Jabalpur,Madhya Pradesh,India,17.02604,75.901484,267218,Unknown,SRC005,0.86,2024-06-12 07:52:37,2025-04-21 06:17:16
L00666,Industrial Area 299,Public Place,"H.No. 77, Das Ganj",Kota,Rajasthan,India,25.641768,77.37189,536397,Low,SRC019,0.9,2025-06-08 11:16:26,2025-07-07 14:16:26
L00667,Station 551,Bank,"618, Khatri Road",Ahmedabad,Gujarat,India,20.803305,79.324871,822983,High,SRC019,0.91,2026-07-31 03:49:49,2026-08-22 15:49:49
L00668,Junction 275,Hotel,"57/17, Johal Circle",Hyderabad,Telangana,India,23.747305,75.220063,830671,Unknown,SRC012,0.9,2024-09-01 16:44:35,2024-11-08 22:18:34
L00669,Office 888,Public Place,"97/48, Setty Street",Gurugram,Haryana,India,16.17739,76.170149,833183,Low,SRC030,0.91,2025-10-14 21:32:09,2025-11-05 14:32:09
L00670,Station 665,Public Place,"H.No. 573, Ahuja Street",Pune,Maharashtra,India,25.951289,82.338673,616228,Medium,SRC025,0.79,2025-04-01 11:08:41,2025-04-22 21:08:41
L00671,Warehouse 407,Office,"H.No. 109, Dave Circle",Mumbai,Maharashtra,India,26.03883,83.379857,481611,Medium,SRC028,0.78,2024-07-02 23:29:47,2025-02-21 10:53:03
L00672,Road 16,Commercial Area,"85/70, Pradhan Zila",Delhi,Delhi,India,12.866515,72.659693,719652,Medium,SRC018,0.91,2025-09-18 18:04:15,2025-09-27 13:52:52
L00673,Apartment 205,Office,"669, Batra Circle",Pune,Maharashtra,India,21.083703,84.727821,273996,Low,SRC017,0.75,2025-02-26 18:52:44,2025-03-16 00:52:44
L00674,Station 287,Industrial Site,"13/74, Dutt Zila",Jaipur,Rajasthan,India,24.356091,74.520311,565011,Unknown,SRC005,0.88,2024-07-26 15:21:47,2026-07-29 20:49:55
L00675,Road 228,Industrial Site,"82/204, Kannan Chowk",Gwalior,Madhya Pradesh,India,18.570118,83.089972,192490,High,SRC007,0.77,2026-04-05 11:03:52,2026-05-02 07:03:52
L00676,Junction 794,Hotel,"H.No. 18, Kalita Ganj",Vadodara,Gujarat,India,19.267356,80.70684,672071,Low,SRC012,0.87,2026-02-22 10:45:36,2026-03-18 11:45:36
L00677,Warehouse 881,Commercial Area,"H.No. 73, Dey Road",Nagpur,Maharashtra,India,19.596041,73.351356,220895,Unknown,SRC025,0.85,2025-06-07 04:03:01,2025-06-22 18:03:01
L00678,Station 867,Warehouse,"15/174, Thaman Circle",Lucknow,Uttar Pradesh,India,12.71361,78.080895,220686,Low,SRC010,0.85,2025-04-12 15:02:41,2025-04-16 20:02:41
L00679,Station 935,Warehouse,"894, Pradhan Zila",Jabalpur,Madhya Pradesh,India,24.194782,76.975029,359820,Unknown,SRC018,0.9,2026-04-30 00:56:46,2026-08-20 02:10:36
L00680,Office 956,Commercial Area,"H.No. 665, Patil Zila",Jabalpur,Madhya Pradesh,India,10.095309,84.509127,747723,Medium,SRC028,0.98,2025-10-14 17:02:37,2025-10-26 18:02:37
L00681,Warehouse 966,Hotel,"64, Vora Chowk",Kota,Rajasthan,India,14.747016,87.28749,650335,Medium,SRC003,0.76,2024-01-19 14:30:40,2025-01-07 12:34:15
L00682,Market 80,Commercial Area,"15/276, Barad Path",Ahmedabad,Gujarat,India,25.328958,85.509631,635576,Unknown,SRC030,0.91,2024-11-29 18:39:34,2025-08-14 20:57:03
L00683,Office 727,Industrial Site,"96/322, Das",Jaipur,Rajasthan,India,9.285911,81.029299,576343,Unknown,SRC021,0.83,2026-04-25 17:01:16,2026-05-25 04:01:16
L00684,Mall 406,Public Place,"H.No. 236, Barad Ganj",Kota,Rajasthan,India,26.655572,72.793881,193770,Medium,SRC014,0.88,2025-01-20 18:38:23,2025-08-20 04:32:37
L00685,Mall 953,Warehouse,"01/87, Sabharwal Zila",Jaipur,Rajasthan,India,10.274213,72.671555,645297,Medium,SRC016,0.99,2024-11-16 21:48:00,2026-06-10 22:44:56
L00686,Mall 703,Bank,"24, Seshadri Street",Bhopal,Madhya Pradesh,India,9.655141,76.489176,207842,Medium,SRC019,0.75,2025-09-08 12:51:36,2025-09-14 23:51:36
L00687,Market 618,Warehouse,"13/756, Sahota Road",Bengaluru,Karnataka,India,8.523322,72.832785,143648,Unknown,SRC006,0.85,2025-07-12 20:19:33,2025-07-18 01:19:33
L00688,Industrial Area 8,Warehouse,"H.No. 759, Tella Nagar",Bhopal,Madhya Pradesh,India,27.698951,86.971962,487679,Unknown,SRC010,0.87,2025-06-24 19:49:45,2025-07-09 06:49:45
L00689,Industrial Area 639,Industrial Site,"02, Krish Path",Surat,Gujarat,India,22.325346,85.489866,441102,Medium,SRC003,0.81,2024-06-18 21:08:06,2024-06-19 19:08:06
L00690,Apartment 546,Office,"H.No. 609, Dixit Street",Delhi,Delhi,India,25.79516,87.028561,709972,Medium,SRC020,0.94,2026-06-25 05:01:18,2026-07-09 00:01:18
L00691,Office 139,Bank,"33/00, Jani Street",Mumbai,Maharashtra,India,21.41242,74.794461,852124,High,SRC009,0.76,2024-01-09 03:22:12,2025-01-13 16:23:36
L00692,Road 687,Hotel,"417, Wable Road",Ahmedabad,Gujarat,India,19.01335,87.211601,840288,High,SRC016,0.94,2025-05-05 03:10:23,2025-05-30 14:10:23
L00693,Junction 241,Office,"69/029, Gill Nagar",Vadodara,Gujarat,India,18.117199,78.429094,699904,High,SRC012,0.89,2026-05-23 06:36:29,2026-05-24 01:36:29
L00694,Mall 54,Residence,"H.No. 269, Shankar Street",Delhi,Delhi,India,17.511039,82.066787,195854,Medium,SRC024,0.99,2025-05-26 15:09:25,2025-11-10 06:50:30
L00695,Apartment 410,Public Place,"H.No. 53, Lata Chowk",Kota,Rajasthan,India,27.7398,85.373389,126849,Medium,SRC016,0.95,2024-02-05 02:46:29,2026-06-22 21:53:48
L00696,Hotel 664,Residence,"43, Andra Street",Vadodara,Gujarat,India,13.602855,86.689821,593124,Medium,SRC018,0.87,2025-05-19 11:13:41,2026-01-10 06:57:41
L00697,Market 896,Bank,"90, Mutti Marg",Bhopal,Madhya Pradesh,India,22.95354,87.508901,573485,Low,SRC024,0.8,2024-09-22 02:30:28,2024-09-28 08:30:28
L00698,Office 98,Office,"661, Goswami Marg",Delhi,Delhi,India,23.871999,84.254152,230819,Low,SRC010,0.8,2025-10-12 22:32:21,2025-11-10 17:32:21
L00699,Warehouse 826,Commercial Area,"49/452, Krishnamurthy Nagar",Pune,Maharashtra,India,21.466592,81.290984,242052,High,SRC001,0.78,2025-02-06 09:36:33,2025-04-23 11:50:26
L00700,Junction 416,Residence,"76/131, Soman Circle",Ujjain,Madhya Pradesh,India,9.812702,81.889381,395400,Medium,SRC030,0.97,2026-02-28 16:43:06,2026-05-26 12:56:24
L00701,Office 8,Public Place,"H.No. 267, Sahota Circle",Surat,Gujarat,India,11.327622,74.786391,127057,Unknown,SRC002,0.91,2024-01-28 22:00:17,2024-06-04 11:39:13
L00702,Warehouse 398,Transport Hub,"03/820, Anand Nagar",Mumbai,Maharashtra,India,10.609058,78.181268,390110,Medium,SRC008,0.78,2025-06-28 00:46:21,2025-07-01 21:46:21
L00703,Junction 54,Industrial Site,"21/03, Wagle Circle",Gwalior,Madhya Pradesh,India,27.068704,75.044822,815141,Low,SRC003,0.86,2025-03-28 21:56:24,2025-07-18 20:30:43
L00704,Warehouse 617,Transport Hub,"54, Brar Nagar",Delhi,Delhi,India,14.328715,86.73985,242955,High,SRC002,0.83,2024-12-24 08:31:29,2024-12-31 23:31:29
L00705,Road 682,Commercial Area,"H.No. 979, Nadig Zila",Gwalior,Madhya Pradesh,India,8.576827,73.177645,220583,Low,SRC001,0.95,2026-07-09 05:41:20,2026-07-21 05:41:20
L00706,Station 790,Bank,"15, Subramaniam Circle",Surat,Gujarat,India,23.958497,75.724005,449632,High,SRC006,0.94,2024-09-15 10:02:11,2024-09-17 13:02:11
L00707,Hotel 613,Commercial Area,"60, Sundaram Road",Pune,Maharashtra,India,9.740566,84.796396,790741,Medium,SRC012,0.79,2026-05-22 08:18:21,2026-06-10 04:18:21
L00708,Apartment 668,Residence,"H.No. 143, Baral Zila",Gwalior,Madhya Pradesh,India,11.001447,74.971517,609706,Unknown,SRC016,0.99,2025-03-22 18:15:43,2025-04-18 20:15:43
L00709,Station 425,Commercial Area,"H.No. 241, Kale",Bhopal,Madhya Pradesh,India,22.849819,72.347234,859379,High,SRC019,0.79,2024-07-18 07:37:02,2026-01-23 14:51:55
L00710,Hotel 905,Bank,"H.No. 15, Das Zila",Mumbai,Maharashtra,India,16.806008,76.600776,428815,High,SRC019,0.76,2024-03-22 13:54:21,2024-09-28 19:23:51
L00711,Warehouse 511,Commercial Area,"90/53, Cherian Chowk",Gurugram,Haryana,India,11.83286,74.056081,572876,Unknown,SRC028,0.91,2025-06-19 06:35:46,2025-09-22 21:03:20
L00712,Industrial Area 711,Commercial Area,"16/28, Rama Street",Bengaluru,Karnataka,India,11.264293,87.760465,362434,High,SRC017,0.86,2025-10-07 14:10:03,2025-10-21 21:10:03
L00713,Road 721,Industrial Site,"39/593, Patel Street",Lucknow,Uttar Pradesh,India,19.895519,83.427239,405546,Unknown,SRC027,0.92,2024-08-18 00:07:19,2024-09-11 05:07:19
L00714,Warehouse 489,Office,"00, Dewan Marg",Pune,Maharashtra,India,14.344969,87.313609,861084,Low,SRC003,0.81,2024-10-16 02:42:28,2025-04-04 04:53:09
L00715,Warehouse 161,Transport Hub,"77/989, Rajan Circle",Nagpur,Maharashtra,India,22.034376,80.012018,867433,High,SRC029,0.82,2024-07-11 15:47:40,2025-11-25 22:11:22
L00716,Industrial Area 223,Office,"588, Mohanty Nagar",Kota,Rajasthan,India,26.306137,86.963726,252558,Unknown,SRC003,0.97,2024-01-29 13:09:27,2024-08-28 17:06:25
L00717,Junction 95,Residence,"H.No. 39, Kale Path",Gurugram,Haryana,India,21.647864,78.436596,313521,High,SRC010,0.97,2024-10-21 11:43:55,2025-05-07 15:39:11
L00718,Market 556,Commercial Area,"H.No. 17, Keer Road",Surat,Gujarat,India,17.511719,85.030248,150656,Medium,SRC009,0.75,2026-07-04 20:32:07,2026-07-22 10:32:07
L00719,Warehouse 956,Bank,"H.No. 457, Sane Street",Gwalior,Madhya Pradesh,India,16.06634,86.501702,425866,Unknown,SRC001,0.84,2024-01-04 00:07:34,2024-04-24 04:01:35
L00720,Market 117,Office,"11, Acharya Marg",Mumbai,Maharashtra,India,21.442063,79.230957,643341,Medium,SRC028,0.77,2024-10-23 02:11:04,2026-03-29 05:57:47
L00721,Warehouse 466,Warehouse,"H.No. 508, Narain Path",Lucknow,Uttar Pradesh,India,8.592269,75.91025,108030,High,SRC016,0.89,2025-01-25 08:30:59,2025-02-24 07:30:59
L00722,Station 266,Residence,"10, Sheth Path",Vadodara,Gujarat,India,8.613054,81.115782,735937,High,SRC010,0.96,2024-03-26 23:37:18,2026-01-11 06:39:36
L00723,Market 727,Bank,"27/100, Sahota Ganj",Jaipur,Rajasthan,India,19.059107,87.348278,606328,High,SRC003,0.78,2025-11-14 22:27:55,2025-11-18 12:27:55
L00724,Apartment 278,Warehouse,"H.No. 94, Sangha Path",Nagpur,Maharashtra,India,14.059137,82.572679,695599,Low,SRC027,0.78,2026-02-28 07:46:04,2026-03-11 16:46:04
L00725,Hotel 899,Transport Hub,"750, Balasubramanian",Gurugram,Haryana,India,21.177565,87.082062,615364,Medium,SRC009,0.97,2024-09-28 06:50:54,2024-09-29 04:50:54
L00726,Office 130,Hotel,"23, Bal Nagar",Lucknow,Uttar Pradesh,India,27.046637,72.999152,353386,Unknown,SRC029,0.99,2025-05-27 12:29:57,2025-05-30 10:29:57
L00727,Office 761,Office,"H.No. 968, Vala Circle",Ahmedabad,Gujarat,India,23.93189,78.763667,114963,High,SRC013,0.76,2025-11-01 09:45:47,2025-11-07 06:45:47
L00728,Road 829,Commercial Area,"44/41, Chowdhury Street",Lucknow,Uttar Pradesh,India,9.955928,83.227092,706221,Medium,SRC008,0.82,2025-05-01 04:15:50,2026-08-05 21:05:52
L00729,Station 327,Warehouse,"603, Atwal Street",Kota,Rajasthan,India,9.292592,84.057041,390291,High,SRC014,0.81,2024-11-21 09:53:15,2024-11-21 22:53:15
L00730,Apartment 101,Public Place,"28/398, Choudhary Zila",Mumbai,Maharashtra,India,23.04126,76.325385,105970,High,SRC001,0.85,2026-05-26 01:56:59,2026-06-23 07:56:59
L00731,Junction 106,Office,"42/360, Nagar Street",Surat,Gujarat,India,21.820606,75.411116,732291,Low,SRC030,0.8,2025-03-15 08:36:58,2025-04-02 20:36:58
L00732,Station 761,Hotel,"H.No. 955, Agarwal Road",Ahmedabad,Gujarat,India,20.654729,84.110628,436886,Low,SRC016,0.88,2025-07-11 09:21:55,2025-07-24 05:21:55
L00733,Industrial Area 549,Public Place,"066, Ranganathan Path",Bhopal,Madhya Pradesh,India,19.532053,82.952009,563434,High,SRC015,0.93,2025-10-17 18:06:28,2025-10-30 05:06:28
L00734,Warehouse 571,Industrial Site,"76, Kaur Zila",Bhopal,Madhya Pradesh,India,12.548435,72.219052,282334,Low,SRC023,0.91,2026-04-02 20:30:51,2026-04-19 10:30:51
L00735,Junction 501,Transport Hub,"47/142, Deol Chowk",Nagpur,Maharashtra,India,24.756274,75.847119,513954,High,SRC023,0.8,2026-02-13 08:38:07,2026-02-28 22:38:07
L00736,Industrial Area 255,Public Place,"11, Doctor Zila",Bengaluru,Karnataka,India,23.181129,79.645048,256196,Low,SRC022,0.85,2026-03-14 15:44:23,2026-05-18 08:25:15
L00737,Office 857,Commercial Area,"68/625, Hans Zila",Vadodara,Gujarat,India,24.733661,73.224051,727690,Unknown,SRC026,0.96,2024-12-11 15:25:10,2024-12-13 18:56:44
L00738,Junction 5,Hotel,"48/31, Kalita Nagar",Bhopal,Madhya Pradesh,India,17.475366,73.321702,469430,Low,SRC017,0.83,2026-06-09 07:52:36,2026-07-02 13:52:36
L00739,Mall 587,Bank,"H.No. 976, Borde Circle",Jaipur,Rajasthan,India,13.373313,72.285592,788890,High,SRC006,0.89,2026-05-18 17:53:15,2026-05-26 16:53:15
L00740,Hotel 34,Commercial Area,"699, Chakrabarti Path",Surat,Gujarat,India,17.661853,81.128277,629442,Low,SRC017,0.81,2024-01-26 08:11:24,2024-06-17 16:47:51
L00741,Station 408,Industrial Site,"065, Chaudry Chowk",Jabalpur,Madhya Pradesh,India,8.992546,87.14122,875334,Medium,SRC010,0.77,2025-05-07 06:59:53,2025-09-24 20:07:22
L00742,Warehouse 612,Commercial Area,"H.No. 360, Menon Road",Gwalior,Madhya Pradesh,India,25.236714,72.56374,421425,Unknown,SRC006,0.93,2024-09-12 10:33:15,2025-11-04 19:58:53
L00743,Road 27,Industrial Site,"18, Balasubramanian",Lucknow,Uttar Pradesh,India,27.541493,87.950302,576922,Low,SRC013,0.87,2025-07-03 17:47:35,2025-07-03 23:47:35
L00744,Warehouse 781,Office,"07, D’Alia Street",Mumbai,Maharashtra,India,11.001861,82.683876,699959,Low,SRC015,0.97,2024-02-24 20:15:16,2024-08-07 18:40:05
L00745,Road 143,Industrial Site,"H.No. 31, Sidhu",Surat,Gujarat,India,10.970401,85.215974,297236,Medium,SRC007,0.81,2026-08-11 05:55:39,2026-08-12 13:55:39
L00746,Office 338,Public Place,"H.No. 974, Sibal Nagar",Ujjain,Madhya Pradesh,India,17.720914,74.192053,397351,Low,SRC027,0.92,2026-01-26 05:57:40,2026-01-28 11:54:00
L00747,Mall 872,Commercial Area,"33/18, Varghese Marg",Mumbai,Maharashtra,India,26.857498,86.270717,217053,Low,SRC014,0.79,2025-11-03 13:03:41,2025-11-08 19:03:41
L00748,Warehouse 981,Transport Hub,"63, Bhavsar",Delhi,Delhi,India,9.838579,76.468295,695786,Medium,SRC016,0.91,2024-08-15 23:13:23,2024-08-31 05:13:23
L00749,Apartment 148,Hotel,"95/14, Suri Zila",Gurugram,Haryana,India,14.310967,79.870364,486071,Unknown,SRC028,0.81,2025-03-18 10:16:33,2025-12-15 13:04:50
L00750,Junction 740,Warehouse,"H.No. 50, Patil Chowk",Gwalior,Madhya Pradesh,India,8.237309,76.042091,868047,Low,SRC015,0.89,2025-04-27 21:11:05,2025-11-09 21:22:20
L00751,Junction 115,Commercial Area,"01/388, Saxena Path",Gurugram,Haryana,India,20.989658,79.285507,191392,High,SRC005,0.83,2024-03-03 12:26:57,2026-08-04 03:26:43
L00752,Road 140,Commercial Area,"59/466, Ramakrishnan",Surat,Gujarat,India,12.5245,85.918451,479793,Low,SRC028,0.93,2026-05-04 15:57:55,2026-05-07 19:57:55
L00753,Hotel 706,Industrial Site,"48/13, Prakash Ganj",Vadodara,Gujarat,India,17.833928,81.724723,312958,Medium,SRC013,0.82,2025-12-27 01:07:37,2026-01-16 08:07:37
L00754,Industrial Area 216,Bank,"H.No. 21, Khosla Road",Dewas,Madhya Pradesh,India,19.699423,79.261304,665189,Medium,SRC017,0.92,2026-05-07 17:32:42,2026-05-10 01:32:42
L00755,Station 984,Office,"H.No. 364, Dewan Nagar",Gwalior,Madhya Pradesh,India,10.553193,74.37741,687833,Medium,SRC011,0.77,2024-06-30 13:15:10,2024-07-11 02:15:10
L00756,Apartment 672,Hotel,"H.No. 385, Lata Circle",Ujjain,Madhya Pradesh,India,9.014497,72.470097,291551,High,SRC007,0.84,2024-11-08 10:47:09,2024-11-30 21:47:09
L00757,Office 890,Transport Hub,"23, Wason Nagar",Bhopal,Madhya Pradesh,India,16.100114,81.228355,726076,High,SRC023,0.93,2024-03-27 08:03:09,2024-09-25 18:06:34
L00758,Office 217,Warehouse,"H.No. 41, Ramesh Path",Gwalior,Madhya Pradesh,India,24.455519,74.017632,798695,Medium,SRC028,0.79,2025-08-28 18:00:26,2025-09-07 03:00:26
L00759,Mall 496,Hotel,"01/898, Ghosh",Bhopal,Madhya Pradesh,India,18.474451,77.148067,629367,Unknown,SRC002,0.98,2024-09-02 02:12:39,2025-05-08 03:18:05
L00760,Junction 213,Office,"H.No. 60, Gala Nagar",Hyderabad,Telangana,India,12.971036,72.190999,408196,High,SRC018,0.96,2025-07-28 12:53:33,2026-07-16 10:15:17
L00761,Apartment 492,Warehouse,"53/417, Bhargava Marg",Lucknow,Uttar Pradesh,India,10.477876,87.197791,812796,Low,SRC014,0.95,2025-08-15 15:30:02,2026-05-14 02:35:50
L00762,Office 144,Public Place,"52/09, Morar Circle",Kanpur,Uttar Pradesh,India,20.990046,80.25383,347774,Medium,SRC015,0.77,2024-04-12 01:52:56,2026-04-09 15:01:22
L00763,Road 238,Office,"344, Bansal Zila",Gwalior,Madhya Pradesh,India,26.508163,85.479201,280291,High,SRC009,0.92,2024-10-22 11:00:06,2026-03-17 03:30:33
L00764,Mall 806,Hotel,"074, Bhandari Circle",Kanpur,Uttar Pradesh,India,18.806246,75.157477,559720,High,SRC021,0.86,2024-12-03 18:00:49,2024-12-09 15:00:49
L00765,Mall 127,Office,"19, Saini Street",Pune,Maharashtra,India,12.466641,75.341843,750096,Low,SRC022,0.81,2025-03-21 01:41:06,2025-05-14 01:22:41
L00766,Station 174,Transport Hub,"88/06, Sharaf",Nagpur,Maharashtra,India,24.84628,77.010555,382878,Low,SRC015,0.96,2025-10-30 14:42:03,2025-11-01 03:42:03
L00767,Market 329,Hotel,"72/352, Yogi Circle",Indore,Madhya Pradesh,India,26.36436,77.150551,513699,Medium,SRC028,0.8,2024-06-13 22:19:19,2025-04-30 07:59:04
L00768,Mall 741,Office,"H.No. 239, Sethi Chowk",Nagpur,Maharashtra,India,21.342722,84.464875,431345,Low,SRC022,0.88,2026-02-02 13:08:28,2026-03-04 13:08:28
L00769,Road 668,Hotel,"38, Thaman Circle",Dewas,Madhya Pradesh,India,18.349488,77.15218,289971,Medium,SRC024,0.97,2024-02-09 10:37:35,2025-03-27 00:20:55
L00770,Industrial Area 493,Industrial Site,"98/111, Atwal Circle",Nagpur,Maharashtra,India,23.275329,87.38446,660898,Unknown,SRC024,0.83,2026-08-05 12:56:43,2026-08-22 22:56:43
L00771,Warehouse 381,Public Place,"12/814, Chaudhari Chowk",Delhi,Delhi,India,23.40289,73.605038,384011,Medium,SRC007,0.93,2024-11-25 20:51:34,2025-09-06 15:45:25
L00772,Market 391,Public Place,"33/596, Bhakta",Delhi,Delhi,India,16.321855,86.267228,705530,Low,SRC021,0.96,2025-08-26 12:24:45,2026-05-01 23:12:05
L00773,Apartment 784,Hotel,"18, Varughese Marg",Jaipur,Rajasthan,India,9.812214,81.169132,830177,Low,SRC023,0.85,2025-02-14 19:50:40,2025-03-06 21:50:40
L00774,Warehouse 987,Commercial Area,"92/745, Singhal Ganj",Ujjain,Madhya Pradesh,India,14.739188,75.523497,696826,Medium,SRC016,0.8,2026-02-24 16:02:40,2026-03-11 08:02:40
L00775,Apartment 262,Residence,"28/04, Sengupta Zila",Gwalior,Madhya Pradesh,India,12.607316,79.886313,883033,Low,SRC015,0.75,2024-11-28 07:23:06,2024-12-26 01:23:06
L00776,Industrial Area 586,Hotel,"66, Bandi Nagar",Mumbai,Maharashtra,India,8.549631,73.560362,855038,Medium,SRC029,0.76,2026-04-28 22:39:50,2026-05-07 21:39:50
L00777,Junction 942,Commercial Area,"H.No. 068, Tak",Indore,Madhya Pradesh,India,18.347196,72.72134,173672,Medium,SRC026,0.77,2024-08-30 08:02:16,2024-09-01 15:02:16
L00778,Junction 460,Transport Hub,"09/459, Pant Chowk",Dewas,Madhya Pradesh,India,10.539576,78.905585,301207,High,SRC030,0.86,2024-08-05 13:34:22,2026-03-26 05:59:31
L00779,Hotel 901,Commercial Area,"34, Contractor Circle",Jabalpur,Madhya Pradesh,India,9.212397,78.793593,674742,High,SRC027,0.78,2026-07-14 11:01:07,2026-07-20 02:01:07
L00780,Market 344,Hotel,"77/261, Nadkarni",Bengaluru,Karnataka,India,15.6918,86.643102,361273,Unknown,SRC020,0.9,2026-05-28 02:41:08,2026-05-29 11:41:08
L00781,Market 834,Bank,"H.No. 34, Dua Circle",Jabalpur,Madhya Pradesh,India,27.732234,86.504405,808576,Low,SRC020,0.83,2026-07-18 05:15:15,2026-08-04 00:15:15
L00782,Road 24,Hotel,"23, Butala",Kanpur,Uttar Pradesh,India,14.275527,87.604858,135024,High,SRC001,0.97,2025-06-02 22:00:01,2025-10-06 17:47:17
L00783,Warehouse 583,Public Place,"H.No. 25, Varkey Marg",Kanpur,Uttar Pradesh,India,18.79214,84.811716,256263,High,SRC009,0.83,2024-12-06 11:48:58,2026-03-27 03:13:37
L00784,Industrial Area 762,Industrial Site,"989, Din Circle",Surat,Gujarat,India,23.595817,85.189947,541372,Unknown,SRC009,0.82,2026-08-24 22:51:11,2026-09-04 23:59:59
L00785,Market 994,Commercial Area,"716, Kata Road",Dewas,Madhya Pradesh,India,13.206,86.824755,695800,High,SRC029,0.77,2026-02-01 11:07:48,2026-02-16 00:07:48
L00786,Hotel 430,Bank,"16/020, Ganguly Zila",Vadodara,Gujarat,India,23.95129,76.489731,125847,Medium,SRC002,0.78,2026-01-16 14:19:42,2026-02-12 18:19:42
L00787,Industrial Area 819,Commercial Area,"H.No. 84, Karan Circle",Jaipur,Rajasthan,India,20.028366,81.548042,696389,Medium,SRC002,0.97,2026-08-10 09:08:55,2026-08-27 22:08:55
L00788,Warehouse 230,Transport Hub,"H.No. 78, Kale Zila",Indore,Madhya Pradesh,India,25.281905,73.255013,421415,Low,SRC012,0.93,2025-12-30 23:55:23,2026-01-07 18:55:23
L00789,Market 397,Bank,"104, Agrawal Marg",Kanpur,Uttar Pradesh,India,8.382097,73.154574,508624,High,SRC026,0.94,2024-04-26 04:36:33,2024-05-18 11:36:33
L00790,Hotel 317,Industrial Site,"H.No. 76, Mangal Zila",Kota,Rajasthan,India,13.147658,87.620371,340501,Low,SRC002,0.96,2024-08-12 17:38:42,2026-01-20 20:26:54
L00791,Market 300,Public Place,"19/45, Murty Chowk",Bhopal,Madhya Pradesh,India,13.0974,77.740562,523558,Unknown,SRC013,0.88,2025-08-08 16:17:14,2025-08-20 06:17:14
L00792,Junction 750,Industrial Site,"H.No. 05, Din Path",Mumbai,Maharashtra,India,24.194574,77.616109,110871,High,SRC014,0.75,2024-11-11 15:15:00,2024-11-29 13:15:00
L00793,Road 620,Warehouse,"934, Rastogi Marg",Kanpur,Uttar Pradesh,India,25.193548,78.341046,229189,Medium,SRC011,0.86,2024-08-05 18:29:14,2024-09-24 02:27:58
L00794,Warehouse 990,Hotel,"99/572, Johal Marg",Bhopal,Madhya Pradesh,India,18.606886,83.146886,855002,High,SRC024,0.77,2024-08-30 21:29:45,2026-02-03 07:34:16
L00795,Warehouse 175,Office,"967, Dugar Circle",Lucknow,Uttar Pradesh,India,23.852396,78.144912,619828,Medium,SRC022,0.91,2024-11-14 18:51:16,2024-11-30 01:51:16
L00796,Mall 692,Office,"20, Mohan",Bhopal,Madhya Pradesh,India,15.362711,77.278418,410230,Low,SRC010,0.81,2024-04-13 01:25:59,2025-10-07 03:05:16
L00797,Market 450,Office,"11/326, Koshy Ganj",Surat,Gujarat,India,23.517652,76.107565,849666,Unknown,SRC022,0.82,2025-05-31 06:08:50,2025-06-23 04:08:50
L00798,Station 900,Hotel,"81/539, Goswami Zila",Gurugram,Haryana,India,24.37117,85.33043,190436,Low,SRC021,0.76,2024-02-01 13:27:38,2024-11-04 03:49:48
L00799,Office 718,Hotel,"H.No. 36, Kumar Road",Pune,Maharashtra,India,10.432794,79.337066,694421,Unknown,SRC002,0.79,2025-11-27 06:45:31,2025-12-03 03:45:31
L00800,Station 103,Public Place,"H.No. 990, Joshi Path",Ahmedabad,Gujarat,India,18.197915,86.730085,326151,High,SRC013,0.89,2025-09-07 05:46:15,2025-09-08 08:46:15
L00801,Hotel 780,Industrial Site,"H.No. 404, Sangha Road",Ahmedabad,Gujarat,India,20.138783,84.145702,638989,High,SRC022,0.82,2024-05-27 10:34:25,2025-05-18 09:09:15
L00802,Apartment 190,Industrial Site,"H.No. 449, Bath Chowk",Kanpur,Uttar Pradesh,India,25.894639,73.076969,735805,Low,SRC028,0.94,2026-07-12 19:54:03,2026-07-20 14:45:44
L00803,Industrial Area 648,Warehouse,"31, Dutta Circle",Pune,Maharashtra,India,13.437125,83.934083,500692,High,SRC025,0.87,2024-04-09 20:03:21,2024-07-03 11:29:26
L00804,Office 800,Bank,"05/067, Thakur Road",Bengaluru,Karnataka,India,22.963324,77.193836,798903,Low,SRC023,0.96,2025-10-20 05:59:37,2025-11-15 09:59:37
L00805,Mall 932,Transport Hub,"937, Vaidya Path",Ahmedabad,Gujarat,India,8.400303,72.07946,301217,High,SRC013,0.83,2024-01-23 09:50:15,2025-07-23 19:40:33
L00806,Junction 919,Public Place,"H.No. 95, Boase Chowk",Kanpur,Uttar Pradesh,India,12.692551,87.527785,341029,Medium,SRC021,0.93,2024-01-27 09:32:41,2024-04-24 01:04:17
L00807,Mall 507,Industrial Site,"18/53, Bose Marg",Kanpur,Uttar Pradesh,India,8.365686,87.321101,670769,Medium,SRC016,0.85,2025-01-02 10:26:11,2026-08-12 03:55:51
L00808,Station 823,Transport Hub,"H.No. 89, Dayal Zila",Gurugram,Haryana,India,25.074012,79.52034,177326,Medium,SRC015,0.88,2025-06-08 09:37:40,2025-06-26 21:37:40
L00809,Apartment 281,Warehouse,"10/52, Mannan Circle",Surat,Gujarat,India,15.01222,81.006445,686318,Unknown,SRC004,0.85,2026-07-23 22:45:16,2026-08-17 16:45:16
L00810,Road 458,Transport Hub,"56/767, Sarna Circle",Kanpur,Uttar Pradesh,India,16.830798,84.907702,541166,Unknown,SRC014,0.92,2025-08-03 01:40:27,2025-08-12 06:40:27
L00811,Market 709,Office,"405, Modi Street",Jaipur,Rajasthan,India,19.766549,81.622212,699696,High,SRC006,0.84,2025-07-08 18:33:52,2026-05-24 15:17:26
L00812,Office 351,Hotel,"69/90, Sibal Nagar",Nagpur,Maharashtra,India,10.264479,78.963655,816041,Unknown,SRC028,0.97,2026-01-12 20:26:03,2026-01-21 12:26:03
L00813,Mall 813,Commercial Area,"H.No. 04, Srivastava",Indore,Madhya Pradesh,India,16.409205,85.71763,383410,High,SRC019,0.78,2024-08-19 22:44:02,2026-05-01 23:39:03
L00814,Station 752,Hotel,"H.No. 57, Bhagat Chowk",Vadodara,Gujarat,India,23.930071,83.738965,830784,Unknown,SRC016,0.76,2025-08-18 21:38:57,2025-08-26 02:38:57
L00815,Junction 804,Bank,"H.No. 56, Mann Nagar",Ahmedabad,Gujarat,India,17.549367,79.701094,201302,Low,SRC009,0.76,2026-02-06 20:54:46,2026-02-11 19:30:07
L00816,Industrial Area 968,Residence,"935, Behl Road",Delhi,Delhi,India,10.695384,77.843035,571338,Low,SRC023,0.77,2024-09-10 09:32:48,2026-06-01 23:42:29
L00817,Junction 263,Transport Hub,"781, Choudhry Street",Vadodara,Gujarat,India,8.715622,85.29158,573515,High,SRC015,0.94,2025-10-01 04:19:25,2025-10-23 05:19:25
L00818,Hotel 399,Hotel,"H.No. 660, Saran Chowk",Jabalpur,Madhya Pradesh,India,17.812229,87.196442,471243,High,SRC030,0.93,2024-10-08 11:19:52,2025-12-18 20:35:33
L00819,Hotel 345,Commercial Area,"H.No. 85, Shah Road",Nagpur,Maharashtra,India,22.190375,82.471931,157980,Unknown,SRC027,0.98,2024-01-25 04:21:21,2026-03-30 13:00:22
L00820,Apartment 248,Commercial Area,"697, Ravel Ganj",Kota,Rajasthan,India,21.796964,87.544949,630179,Low,SRC023,0.97,2025-05-20 18:06:08,2025-06-03 07:06:08
L00821,Market 579,Commercial Area,"09/592, Kohli Chowk",Surat,Gujarat,India,27.040285,84.485551,285968,Unknown,SRC006,0.86,2024-08-11 11:51:12,2024-09-11 16:15:59
L00822,Office 541,Warehouse,"H.No. 610, Pal Marg",Gurugram,Haryana,India,17.496054,81.148554,513822,Unknown,SRC002,0.98,2024-06-09 09:27:19,2024-07-05 13:27:19
L00823,Road 280,Warehouse,"58, Karnik Circle",Kanpur,Uttar Pradesh,India,22.707622,82.321824,542346,Unknown,SRC027,0.85,2026-08-14 10:04:28,2026-08-25 00:04:28
L00824,Station 948,Public Place,"82/52, Shukla Marg",Pune,Maharashtra,India,24.219129,80.644899,388515,Medium,SRC025,0.86,2025-05-04 08:39:34,2025-07-15 05:42:54
L00825,Junction 554,Warehouse,"48/71, Wali Circle",Ahmedabad,Gujarat,India,20.828497,84.324384,733574,High,SRC007,0.92,2026-05-24 09:05:47,2026-06-10 11:05:47
L00826,Market 984,Bank,"15, Parmar Road",Bhopal,Madhya Pradesh,India,20.063144,78.369652,618700,Low,SRC014,0.84,2026-08-13 23:19:12,2026-08-20 19:19:12
L00827,Industrial Area 892,Bank,"H.No. 12, Anand Street",Gurugram,Haryana,India,21.615264,76.096775,635769,High,SRC016,0.78,2024-04-12 06:41:08,2025-01-28 22:38:14
L00828,Road 67,Office,"598, Raja Path",Ahmedabad,Gujarat,India,15.791824,87.117505,212289,Unknown,SRC019,0.83,2025-05-30 07:56:44,2025-06-25 20:56:44
L00829,Office 352,Warehouse,"H.No. 14, Bansal Ganj",Gurugram,Haryana,India,14.88537,73.585736,858489,Low,SRC012,0.85,2025-01-23 17:23:47,2026-05-21 18:20:57
L00830,Mall 64,Bank,"H.No. 531, Lall Nagar",Gurugram,Haryana,India,20.497648,74.270781,774733,Low,SRC016,0.91,2024-03-28 00:15:04,2026-01-21 06:50:31
L00831,Mall 65,Hotel,"H.No. 90, Sen Road",Indore,Madhya Pradesh,India,12.315178,85.59948,476917,High,SRC027,0.93,2024-04-16 04:11:43,2024-08-01 22:49:30
L00832,Office 214,Bank,"H.No. 846, Chauhan",Indore,Madhya Pradesh,India,13.993034,74.8456,284712,Unknown,SRC019,0.96,2025-03-15 21:53:27,2025-08-16 03:21:38
L00833,Junction 639,Transport Hub,"24, Zacharia Zila",Dewas,Madhya Pradesh,India,9.953381,72.060493,833330,Unknown,SRC022,0.89,2025-02-15 23:58:01,2025-03-01 23:58:01
L00834,Road 628,Office,"13, Oza Path",Vadodara,Gujarat,India,10.359672,83.108245,202279,High,SRC014,0.97,2025-02-26 11:42:53,2025-10-02 23:42:43
L00835,Apartment 70,Office,"00/128, Padmanabhan Nagar",Bhopal,Madhya Pradesh,India,18.847992,80.852766,172948,Low,SRC009,0.85,2025-06-16 15:46:29,2025-08-03 07:59:45
L00836,Road 358,Office,"119, Sant Circle",Vadodara,Gujarat,India,27.545695,82.456391,540525,Low,SRC026,0.8,2025-09-17 02:32:51,2026-02-03 18:59:42
L00837,Road 834,Residence,"60/564, Devan Ganj",Pune,Maharashtra,India,27.855572,81.643801,612678,Unknown,SRC014,0.91,2026-02-20 13:54:23,2026-03-10 10:54:23
L00838,Junction 158,Hotel,"27/506, Sachar Ganj",Hyderabad,Telangana,India,19.479165,86.834913,298225,Medium,SRC018,0.91,2024-01-12 20:05:56,2024-08-25 17:10:03
L00839,Hotel 902,Transport Hub,"H.No. 31, Hayre Street",Gurugram,Haryana,India,25.732297,80.478419,848420,High,SRC013,0.81,2025-07-10 06:01:17,2025-07-10 20:01:17
L00840,Apartment 314,Industrial Site,"H.No. 46, Basu Street",Gurugram,Haryana,India,20.598346,77.192058,245797,Medium,SRC001,0.95,2024-06-30 16:32:07,2024-07-05 23:43:20
L00841,Industrial Area 487,Warehouse,"921, Upadhyay Zila",Dewas,Madhya Pradesh,India,21.675689,73.269138,829380,Unknown,SRC019,0.8,2025-03-21 10:53:07,2025-04-13 23:53:07
L00842,Station 163,Commercial Area,"72/903, Chad Street",Ujjain,Madhya Pradesh,India,8.93166,85.462956,515567,High,SRC007,0.79,2024-08-18 12:52:30,2024-08-19 02:52:30
L00843,Road 621,Warehouse,"H.No. 072, Sidhu Chowk",Delhi,Delhi,India,13.558415,85.470413,659732,High,SRC022,0.94,2024-10-09 22:29:31,2024-11-03 07:29:31
L00844,Apartment 708,Bank,"H.No. 502, Chandran Zila",Lucknow,Uttar Pradesh,India,10.87166,87.266708,505836,Unknown,SRC025,0.92,2025-11-24 04:59:29,2026-04-21 22:08:42
L00845,Apartment 752,Industrial Site,"H.No. 702, Pandit Road",Hyderabad,Telangana,India,25.593737,80.423987,267469,High,SRC028,0.89,2025-10-23 13:35:22,2026-04-08 02:00:33
L00846,Mall 991,Public Place,"H.No. 32, Edwin Street",Dewas,Madhya Pradesh,India,16.848867,80.102807,721302,Unknown,SRC009,0.87,2025-10-16 11:29:55,2025-11-11 02:29:55
L00847,Station 942,Office,"H.No. 448, Andra Road",Kanpur,Uttar Pradesh,India,9.040184,72.288192,326576,Unknown,SRC023,0.96,2024-09-23 22:18:55,2026-03-02 10:48:11
L00848,Road 387,Public Place,"792, Bora Circle",Dewas,Madhya Pradesh,India,14.269921,85.35761,272433,High,SRC004,0.93,2024-09-12 07:11:55,2025-03-12 01:40:53
L00849,Apartment 77,Industrial Site,"H.No. 84, Khatri Road",Gurugram,Haryana,India,9.003912,72.291993,628255,Low,SRC009,0.77,2025-07-09 20:21:27,2025-07-29 16:21:27
L00850,Industrial Area 826,Office,"27/59, Patla Marg",Indore,Madhya Pradesh,India,19.335577,74.154418,758899,High,SRC008,0.94,2026-07-17 15:57:10,2026-07-28 03:41:39
L00851,Industrial Area 58,Warehouse,"H.No. 871, Sami Nagar",Pune,Maharashtra,India,16.446665,79.004844,359169,Low,SRC010,0.9,2024-07-26 05:42:15,2024-08-22 11:42:15
L00852,Hotel 326,Residence,"44/649, Rastogi Path",Pune,Maharashtra,India,9.578953,75.352213,566020,Medium,SRC029,0.77,2025-04-25 17:19:18,2025-09-21 14:44:51
L00853,Market 904,Office,"51/309, Choudhury Marg",Ujjain,Madhya Pradesh,India,22.385519,80.178517,734857,High,SRC013,0.86,2026-02-22 13:39:56,2026-03-22 23:39:56
L00854,Warehouse 833,Hotel,"41/84, Gandhi Road",Pune,Maharashtra,India,17.542991,83.110492,549537,Low,SRC022,0.92,2026-06-28 04:26:42,2026-07-02 05:26:42
L00855,Road 196,Office,"H.No. 94, Narayanan Zila",Nagpur,Maharashtra,India,26.103807,79.216183,449150,Unknown,SRC001,0.94,2024-06-17 10:35:24,2024-07-08 03:35:24
L00856,Market 190,Office,"H.No. 858, Sarna",Pune,Maharashtra,India,22.112865,83.203171,811655,Unknown,SRC007,0.86,2024-01-06 08:16:19,2026-05-24 22:05:39
L00857,Road 493,Residence,"H.No. 90, Sastry Circle",Pune,Maharashtra,India,9.668548,86.170294,618218,Low,SRC004,0.91,2025-06-23 10:50:34,2026-07-05 12:06:55
L00858,Road 176,Public Place,"H.No. 86, Bassi",Ahmedabad,Gujarat,India,11.129695,85.233377,267822,Medium,SRC030,0.96,2024-09-05 01:49:16,2024-09-16 02:49:16
L00859,Market 1,Public Place,"H.No. 27, Sengupta Road",Nagpur,Maharashtra,India,9.54691,80.387491,752281,High,SRC009,0.95,2024-12-26 14:35:00,2025-01-16 07:35:00
L00860,Station 949,Public Place,"499, Suri Ganj",Hyderabad,Telangana,India,9.060047,86.648797,705427,High,SRC028,0.77,2024-07-20 00:26:43,2024-07-27 00:26:43
L00861,Apartment 350,Industrial Site,"H.No. 26, Talwar Ganj",Nagpur,Maharashtra,India,22.437343,85.352632,630688,Unknown,SRC003,0.77,2024-10-24 17:11:41,2025-09-02 22:05:43
L00862,Market 806,Residence,"57/60, Badal Path",Kanpur,Uttar Pradesh,India,27.137085,77.423389,759975,Low,SRC029,0.83,2025-11-23 01:42:52,2025-12-16 15:33:26
L00863,Warehouse 725,Office,"18/81, Kumar",Pune,Maharashtra,India,19.443492,77.247648,548465,Unknown,SRC002,0.95,2026-06-13 13:28:40,2026-06-19 22:28:40
L00864,Industrial Area 416,Hotel,"89/358, Pau Nagar",Jabalpur,Madhya Pradesh,India,23.976751,83.244526,893623,High,SRC026,0.97,2026-05-29 15:33:15,2026-06-20 19:33:15
L00865,Industrial Area 622,Public Place,"02, Majumdar Road",Gurugram,Haryana,India,16.342785,85.557542,117384,High,SRC030,0.87,2025-08-20 20:38:45,2025-09-06 20:38:45
L00866,Station 154,Commercial Area,"H.No. 36, Morar Circle",Surat,Gujarat,India,17.443902,72.131679,486721,High,SRC006,0.79,2024-05-15 07:10:05,2024-06-18 21:22:32
L00867,Junction 776,Residence,"50/440, Tata Path",Jaipur,Rajasthan,India,15.7358,86.027638,832393,Unknown,SRC025,0.78,2024-05-28 15:09:03,2024-06-16 21:09:03
L00868,Hotel 874,Transport Hub,"H.No. 412, Uppal Path",Gurugram,Haryana,India,25.596199,83.819681,332650,Medium,SRC016,0.94,2025-09-17 05:54:49,2025-09-26 13:54:49
L00869,Warehouse 308,Industrial Site,"01/198, Nair Circle",Gwalior,Madhya Pradesh,India,19.161502,84.619783,261728,Unknown,SRC002,0.84,2026-01-26 00:46:50,2026-02-08 05:46:50
L00870,Market 970,Office,"612, Datta Path",Kanpur,Uttar Pradesh,India,19.350446,82.738629,257160,High,SRC012,0.97,2024-06-26 09:43:16,2024-06-26 21:43:16
L00871,Mall 175,Public Place,"H.No. 100, Magar Circle",Bhopal,Madhya Pradesh,India,17.838091,80.774431,254003,High,SRC029,0.76,2024-12-20 14:28:05,2026-05-17 20:12:35
L00872,Junction 94,Transport Hub,"88/934, Tailor Path",Nagpur,Maharashtra,India,26.122739,76.46389,494789,Medium,SRC020,0.98,2026-06-12 18:54:37,2026-06-13 18:54:37
L00873,Office 767,Public Place,"91/161, Kuruvilla Marg",Nagpur,Maharashtra,India,17.873704,82.066496,663266,Low,SRC023,0.83,2024-08-05 04:21:36,2025-11-18 12:27:34
L00874,Warehouse 337,Office,"82/97, Sharaf Circle",Bhopal,Madhya Pradesh,India,12.546613,82.705306,824584,Unknown,SRC025,0.96,2025-05-07 15:24:08,2025-05-27 23:24:08
L00875,Mall 259,Bank,"26, Oza Ganj",Kota,Rajasthan,India,8.860008,74.287673,548452,Low,SRC014,0.92,2024-10-18 10:31:25,2026-03-15 08:16:40
L00876,Warehouse 302,Warehouse,"H.No. 683, Dara Ganj",Lucknow,Uttar Pradesh,India,25.481951,86.830536,214723,Unknown,SRC013,0.91,2026-02-16 22:44:31,2026-03-07 18:44:31
L00877,Industrial Area 670,Residence,"705, Mistry Path",Ujjain,Madhya Pradesh,India,8.881826,80.557996,677964,High,SRC008,0.85,2024-08-31 06:20:15,2024-09-27 03:20:15
L00878,Industrial Area 158,Hotel,"58/920, Aurora Chowk",Hyderabad,Telangana,India,19.919368,82.408914,266136,Unknown,SRC013,0.85,2025-09-23 20:08:42,2025-09-29 03:08:42
L00879,Market 321,Transport Hub,"H.No. 85, Yogi Street",Gwalior,Madhya Pradesh,India,10.429978,79.343839,295803,Low,SRC011,0.76,2025-11-08 15:39:35,2025-11-18 14:39:35
L00880,Station 15,Office,"H.No. 132, Rao Chowk",Gurugram,Haryana,India,21.756236,85.931359,596521,High,SRC025,0.98,2025-12-21 02:24:38,2026-01-18 03:24:38
L00881,Market 6,Bank,"80/028, Bhakta Zila",Kanpur,Uttar Pradesh,India,26.251791,80.857552,886133,Medium,SRC017,0.82,2025-01-02 12:42:31,2026-02-19 00:02:49
L00882,Hotel 468,Public Place,"70, Butala Street",Vadodara,Gujarat,India,10.052923,82.002113,726788,Unknown,SRC016,0.94,2026-05-21 04:22:39,2026-06-18 04:22:39
L00883,Station 500,Warehouse,"H.No. 772, Arya Path",Kota,Rajasthan,India,21.761177,81.665795,109859,Medium,SRC026,0.95,2024-07-30 08:24:33,2025-09-08 15:57:33
L00884,Apartment 307,Office,"43/82, Chana",Kanpur,Uttar Pradesh,India,13.178897,72.170771,539411,Medium,SRC004,0.84,2025-05-14 02:58:57,2026-07-03 07:18:13
L00885,Office 764,Commercial Area,"742, Hari",Delhi,Delhi,India,20.443192,80.555779,175613,Medium,SRC014,0.98,2025-02-24 04:52:48,2025-02-26 13:52:48
L00886,Junction 804,Residence,"H.No. 596, Palla",Delhi,Delhi,India,25.906144,82.845925,491780,Low,SRC006,0.91,2026-07-12 07:48:19,2026-07-26 16:48:19
L00887,Hotel 608,Transport Hub,"63, Dasgupta Road",Bhopal,Madhya Pradesh,India,24.162669,83.00918,253164,Unknown,SRC019,0.93,2024-01-28 22:12:53,2024-06-17 01:02:41
L00888,Mall 30,Office,"39, Bhagat Ganj",Kanpur,Uttar Pradesh,India,11.527323,84.387332,574129,High,SRC025,0.85,2026-07-02 04:18:12,2026-07-27 07:18:12
L00889,Market 545,Hotel,"37/790, Lad Path",Jabalpur,Madhya Pradesh,India,16.29883,83.88781,531702,Low,SRC005,0.84,2025-04-25 01:18:54,2026-05-30 13:21:46
L00890,Warehouse 871,Public Place,"H.No. 788, Dube Chowk",Bhopal,Madhya Pradesh,India,25.499893,74.69444,826500,Low,SRC024,0.91,2026-04-15 08:15:10,2026-05-14 05:15:10
L00891,Industrial Area 64,Hotel,"548, Saran Ganj",Pune,Maharashtra,India,26.030572,86.833249,253967,High,SRC029,0.96,2024-04-19 16:56:21,2026-08-07 12:39:48
L00892,Hotel 127,Public Place,"953, Divan Nagar",Gwalior,Madhya Pradesh,India,16.762231,78.060557,559522,Low,SRC014,0.92,2024-07-26 14:23:41,2026-08-08 13:05:53
L00893,Road 416,Commercial Area,"H.No. 591, Parikh Nagar",Jabalpur,Madhya Pradesh,India,18.833751,78.345081,850797,Medium,SRC013,0.96,2026-02-04 14:20:17,2026-02-27 21:20:17
L00894,Office 800,Commercial Area,"H.No. 891, Thaman Circle",Bhopal,Madhya Pradesh,India,12.869386,85.787608,187469,Unknown,SRC007,0.97,2024-02-10 12:11:32,2024-02-17 22:24:42
L00895,Road 152,Warehouse,"H.No. 320, Rastogi Ganj",Bhopal,Madhya Pradesh,India,14.524539,76.414524,401366,Low,SRC026,0.88,2024-09-25 10:58:52,2026-07-20 11:28:42
L00896,Station 630,Transport Hub,"690, Deo Chowk",Indore,Madhya Pradesh,India,8.366827,79.027094,793446,Unknown,SRC027,0.8,2025-08-12 05:52:47,2025-08-13 15:11:51
L00897,Industrial Area 934,Office,"H.No. 231, Khosla",Kanpur,Uttar Pradesh,India,24.344477,80.573069,283865,Medium,SRC021,0.96,2024-01-03 00:36:21,2025-04-25 12:54:46
L00898,Market 53,Residence,"49/23, Dutta Path",Gwalior,Madhya Pradesh,India,16.740352,77.161812,273049,High,SRC017,0.82,2026-01-03 02:32:21,2026-01-05 04:32:21
L00899,Road 237,Residence,"H.No. 50, Mishra Zila",Pune,Maharashtra,India,23.129351,76.426452,301116,Low,SRC008,0.92,2025-04-18 11:40:57,2026-02-06 11:57:59
L00900,Station 2,Industrial Site,"107, Korpal Path",Surat,Gujarat,India,20.184407,85.641435,354236,Unknown,SRC029,0.76,2024-12-26 05:20:14,2025-01-18 15:20:14
L00901,Road 883,Hotel,"H.No. 58, Char Road",Nagpur,Maharashtra,India,17.406212,81.981101,826424,Low,SRC010,0.82,2025-07-06 02:58:04,2025-07-24 22:58:04
L00902,Market 651,Commercial Area,"61/89, Ravi Road",Bengaluru,Karnataka,India,22.951531,85.142965,854739,Low,SRC009,0.86,2026-08-02 21:37:32,2026-08-14 05:37:32
L00903,Industrial Area 671,Industrial Site,"01/612, Dhar Chowk",Jabalpur,Madhya Pradesh,India,19.538997,74.556893,262811,Unknown,SRC014,0.81,2026-03-14 11:44:00,2026-03-23 07:29:15
L00904,Apartment 5,Residence,"16, Date Circle",Gwalior,Madhya Pradesh,India,14.412833,82.089237,217114,Low,SRC029,0.96,2025-01-03 14:53:21,2025-03-27 21:44:37
L00905,Mall 950,Commercial Area,"015, Bhandari Chowk",Bengaluru,Karnataka,India,26.311139,77.254452,570143,Unknown,SRC007,0.97,2026-03-12 05:06:11,2026-04-22 10:17:25
L00906,Market 555,Transport Hub,"67, Dash",Lucknow,Uttar Pradesh,India,11.598993,76.91931,440428,Unknown,SRC006,0.87,2024-08-07 00:31:11,2024-09-03 13:19:41
L00907,Hotel 803,Residence,"H.No. 954, Barad Zila",Lucknow,Uttar Pradesh,India,16.888245,77.51159,297967,Medium,SRC006,0.75,2025-01-16 06:13:09,2025-01-28 17:13:09
L00908,Mall 370,Office,"33/132, Sagar Path",Jabalpur,Madhya Pradesh,India,14.392058,77.916705,127414,Low,SRC004,0.8,2024-01-14 04:51:49,2024-11-19 12:01:03
L00909,Junction 480,Office,"29, Sibal Chowk",Dewas,Madhya Pradesh,India,9.837421,79.003424,611735,Unknown,SRC022,0.93,2024-08-02 09:28:46,2026-04-18 13:45:37
L00910,Market 737,Commercial Area,"H.No. 746, Seth Road",Vadodara,Gujarat,India,10.441696,87.734175,506004,Low,SRC029,0.88,2025-04-30 02:57:13,2025-05-06 03:57:13
L00911,Warehouse 526,Residence,"64/837, Nadkarni Zila",Nagpur,Maharashtra,India,15.177125,73.48141,384054,High,SRC004,0.78,2025-04-18 19:02:42,2026-08-29 19:32:03
L00912,Industrial Area 265,Residence,"67/431, Dara Street",Indore,Madhya Pradesh,India,27.550701,83.759623,725967,High,SRC003,0.83,2024-08-04 17:31:50,2024-10-15 18:00:08
L00913,Road 937,Hotel,"H.No. 31, Menon Chowk",Hyderabad,Telangana,India,12.325389,84.346992,647560,Unknown,SRC014,0.92,2026-03-27 02:14:23,2026-04-22 17:14:23
L00914,Station 576,Transport Hub,"H.No. 75, Cheema Road",Jabalpur,Madhya Pradesh,India,16.961469,80.174853,796142,Medium,SRC002,0.89,2025-06-28 04:24:35,2025-07-08 07:24:35
L00915,Hotel 183,Hotel,"820, Sarma",Jabalpur,Madhya Pradesh,India,20.054607,78.007582,223534,Low,SRC012,0.85,2025-12-07 11:49:03,2025-12-20 23:49:03
L00916,Market 450,Office,"28/687, Tank",Kota,Rajasthan,India,10.974239,85.271007,259896,Low,SRC007,0.86,2024-02-20 07:20:55,2025-07-15 05:24:19
L00917,Junction 631,Office,"47/58, Toor Path",Bengaluru,Karnataka,India,10.738071,77.007004,443280,Low,SRC019,0.8,2026-01-18 17:06:05,2026-04-15 05:52:41
L00918,Station 593,Transport Hub,"09/451, Setty Chowk",Kota,Rajasthan,India,25.392682,78.890868,171548,Medium,SRC014,0.83,2025-07-23 10:08:43,2025-07-25 00:08:43
L00919,Warehouse 674,Transport Hub,"H.No. 536, Khare Street",Mumbai,Maharashtra,India,26.022551,87.499656,713658,High,SRC012,0.98,2024-08-09 18:59:30,2024-10-02 21:35:41
L00920,Warehouse 377,Residence,"85, Sarkar",Kanpur,Uttar Pradesh,India,23.082952,81.338549,652157,Low,SRC030,0.82,2026-05-06 00:54:17,2026-05-18 08:54:17
L00921,Warehouse 547,Bank,"65, Sami Road",Pune,Maharashtra,India,20.347387,81.263007,398997,Unknown,SRC025,0.8,2025-10-29 19:54:21,2025-11-11 18:54:21
L00922,Office 204,Residence,"H.No. 046, Sahni Marg",Bhopal,Madhya Pradesh,India,13.623822,84.967196,522612,Medium,SRC008,0.95,2026-02-26 03:46:35,2026-03-13 22:46:35
L00923,Mall 647,Hotel,"H.No. 520, Loyal Marg",Lucknow,Uttar Pradesh,India,10.072895,81.119957,248398,Low,SRC025,0.78,2025-01-22 14:22:43,2025-07-01 09:48:07
L00924,Road 744,Warehouse,"H.No. 89, Bajaj Zila",Indore,Madhya Pradesh,India,17.913184,76.136091,114091,Low,SRC025,0.82,2024-11-01 19:15:57,2026-02-10 14:05:29
L00925,Station 952,Public Place,"73, Kalita Circle",Kanpur,Uttar Pradesh,India,16.574828,76.8514,807179,Low,SRC026,0.87,2026-03-11 01:08:05,2026-04-09 00:08:05
L00926,Station 44,Warehouse,"277, Kala Nagar",Jabalpur,Madhya Pradesh,India,17.282176,79.626111,193288,Unknown,SRC014,0.8,2026-02-23 19:11:15,2026-02-28 19:11:15
L00927,Market 366,Hotel,"H.No. 25, Sane Chowk",Lucknow,Uttar Pradesh,India,27.419459,79.768501,526437,Low,SRC027,0.88,2026-06-19 05:25:56,2026-07-15 20:25:56
L00928,Office 207,Hotel,"52/542, Sharma Zila",Lucknow,Uttar Pradesh,India,25.658557,72.690589,373632,Unknown,SRC001,0.77,2026-04-22 02:59:41,2026-05-04 19:59:41
L00929,Mall 174,Transport Hub,"63/494, Basak Path",Hyderabad,Telangana,India,17.28283,72.806014,375499,Unknown,SRC012,0.77,2024-02-23 10:19:52,2025-08-11 19:14:47
L00930,Office 107,Residence,"11/410, Ahuja Zila",Jaipur,Rajasthan,India,19.268869,82.563654,269059,Unknown,SRC027,0.8,2026-02-03 07:02:41,2026-02-25 08:02:41
L00931,Mall 957,Warehouse,"39, Puri Street",Delhi,Delhi,India,18.109728,82.40274,695981,Unknown,SRC018,0.98,2025-09-23 23:23:11,2025-10-20 14:23:11
L00932,Market 15,Public Place,"03/947, Chopra Ganj",Jaipur,Rajasthan,India,23.500688,86.379563,549707,Low,SRC029,0.97,2024-12-07 05:21:42,2025-01-05 11:21:42
L00933,Road 49,Transport Hub,"74, Bhandari Nagar",Gurugram,Haryana,India,22.538243,74.614888,867416,Medium,SRC018,0.91,2026-02-10 18:16:43,2026-06-19 01:59:21
L00934,Hotel 516,Residence,"H.No. 985, Madan Nagar",Jaipur,Rajasthan,India,16.445795,84.419876,882556,Unknown,SRC020,0.78,2025-10-29 23:51:44,2025-11-15 00:51:44
L00935,Warehouse 682,Bank,"H.No. 08, Seth Street",Ahmedabad,Gujarat,India,27.868078,79.085852,740647,Medium,SRC004,0.76,2026-02-27 08:56:22,2026-03-22 01:56:22
L00936,Mall 218,Transport Hub,"H.No. 449, Ray Zila",Bhopal,Madhya Pradesh,India,19.175293,72.070153,730275,High,SRC029,0.92,2025-09-16 17:36:11,2025-10-15 15:36:11
L00937,Mall 467,Industrial Site,"205, Balasubramanian Nagar",Nagpur,Maharashtra,India,19.470302,87.105967,305747,High,SRC029,0.98,2025-02-20 15:53:14,2025-03-21 18:53:14
L00938,Apartment 262,Public Place,"H.No. 45, Grover Road",Pune,Maharashtra,India,26.001419,77.093109,336069,Unknown,SRC030,0.92,2024-08-31 16:08:42,2026-01-25 10:59:12
L00939,Station 62,Warehouse,"969, Dugar Ganj",Jabalpur,Madhya Pradesh,India,9.999177,73.123908,529959,Low,SRC014,0.92,2026-04-26 01:46:21,2026-05-12 11:46:21
L00940,Junction 58,Commercial Area,"08/854, Chowdhury Circle",Kota,Rajasthan,India,26.438,81.693448,649094,Unknown,SRC021,0.91,2024-03-22 22:59:42,2024-06-27 13:45:49
L00941,Market 544,Bank,"24, Jani Marg",Pune,Maharashtra,India,22.49598,72.137827,649618,Medium,SRC015,0.88,2026-03-20 07:01:05,2026-04-06 10:01:05
L00942,Apartment 450,Office,"089, Koshy Road",Surat,Gujarat,India,10.534463,83.759245,664705,Unknown,SRC001,0.82,2024-10-28 05:44:33,2025-04-05 02:45:34
L00943,Hotel 806,Commercial Area,"H.No. 306, Patel",Ujjain,Madhya Pradesh,India,17.732224,87.207305,481481,Low,SRC008,0.9,2024-01-29 10:58:20,2024-05-30 11:35:12
L00944,Apartment 732,Office,"52/72, Mukhopadhyay Road",Delhi,Delhi,India,13.674106,74.673416,695351,Low,SRC027,0.86,2025-04-29 17:19:00,2025-05-23 23:19:00
L00945,Station 141,Transport Hub,"82/21, Dar Ganj",Surat,Gujarat,India,17.609475,81.636621,236132,High,SRC008,0.8,2026-05-14 12:15:18,2026-05-28 11:15:18
L00946,Industrial Area 558,Warehouse,"H.No. 019, Mistry Path",Gwalior,Madhya Pradesh,India,16.99166,83.558589,874950,Low,SRC012,0.91,2024-07-30 23:45:43,2024-09-04 07:04:31
L00947,Industrial Area 419,Public Place,"H.No. 577, Ramaswamy Ganj",Bengaluru,Karnataka,India,10.697249,80.446031,140226,Low,SRC030,0.97,2025-08-10 18:02:53,2025-09-06 02:02:53
L00948,Junction 733,Public Place,"09/484, Buch Marg",Lucknow,Uttar Pradesh,India,13.061332,72.216843,288239,Low,SRC011,0.86,2025-05-03 06:11:08,2026-01-13 09:30:15
L00949,Station 994,Public Place,"72, Borah Zila",Ahmedabad,Gujarat,India,10.77829,81.59838,185175,Unknown,SRC017,0.91,2025-09-28 03:43:46,2025-10-25 18:43:46
L00950,Hotel 647,Warehouse,"048, Yohannan Marg",Kota,Rajasthan,India,14.321911,77.497646,820412,High,SRC005,0.81,2026-07-30 20:34:18,2026-07-31 03:34:18
L00951,Station 412,Bank,"H.No. 06, Khanna",Kanpur,Uttar Pradesh,India,11.490472,74.858489,144568,Low,SRC015,0.79,2025-09-15 13:29:47,2025-09-19 20:29:47
L00952,Industrial Area 631,Transport Hub,"H.No. 468, Ahuja Chowk",Kota,Rajasthan,India,8.873428,82.659315,115166,Low,SRC011,0.99,2025-07-22 00:23:42,2025-08-08 02:23:42
L00953,Warehouse 234,Industrial Site,"H.No. 811, Mani Street",Nagpur,Maharashtra,India,11.272817,83.476315,488078,Medium,SRC018,0.85,2026-04-26 02:07:08,2026-05-19 21:07:08
L00954,Mall 224,Hotel,"07, Keer Chowk",Kanpur,Uttar Pradesh,India,20.322962,84.855757,224928,Unknown,SRC005,0.79,2024-06-24 08:04:17,2024-07-22 15:04:17
L00955,Station 665,Industrial Site,"152, Luthra Ganj",Nagpur,Maharashtra,India,22.792814,74.987456,171932,Unknown,SRC029,0.85,2026-05-07 11:23:19,2026-05-26 02:23:19
L00956,Market 233,Commercial Area,"H.No. 779, Varma Zila",Ujjain,Madhya Pradesh,India,16.028882,79.955802,165663,Low,SRC018,0.97,2025-11-08 02:13:45,2025-11-17 01:13:45
L00957,Industrial Area 668,Office,"607, Mannan Zila",Mumbai,Maharashtra,India,22.120667,85.318927,542804,Medium,SRC014,0.78,2024-12-29 11:03:57,2025-09-11 11:23:10
L00958,Hotel 5,Public Place,"76/314, Joshi Zila",Pune,Maharashtra,India,8.629092,83.675924,287783,Medium,SRC027,0.85,2024-06-21 17:13:54,2024-08-09 08:34:05
L00959,Station 652,Residence,"78/000, Balan Path",Ahmedabad,Gujarat,India,19.709426,78.943033,715663,High,SRC020,0.94,2025-01-09 04:54:02,2025-11-09 01:25:13
L00960,Warehouse 7,Residence,"80/10, Swamy",Hyderabad,Telangana,India,19.945836,78.875033,482904,High,SRC027,0.91,2024-12-16 15:00:35,2026-05-11 17:17:51
L00961,Junction 348,Transport Hub,"266, Bhargava Ganj",Surat,Gujarat,India,26.70984,75.97789,625972,Low,SRC004,0.86,2024-05-06 05:00:32,2026-06-26 10:22:07
L00962,Junction 875,Public Place,"H.No. 914, Dutta Road",Lucknow,Uttar Pradesh,India,10.605861,83.76309,583160,Unknown,SRC024,0.82,2024-10-07 23:28:13,2025-01-12 09:43:51
L00963,Market 934,Commercial Area,"13/30, Shere Chowk",Dewas,Madhya Pradesh,India,11.617959,83.425334,629287,High,SRC022,0.91,2024-12-04 20:36:30,2026-06-20 05:02:50
L00964,Mall 957,Bank,"282, Prabhakar Road",Hyderabad,Telangana,India,21.730368,85.192481,257699,Low,SRC016,0.94,2025-11-06 06:50:50,2025-11-24 05:50:50
L00965,Office 112,Public Place,"72/51, Wason Nagar",Mumbai,Maharashtra,India,27.837093,77.976262,641728,Unknown,SRC019,0.96,2025-11-08 23:48:27,2025-11-16 15:48:27
L00966,Industrial Area 61,Industrial Site,"H.No. 895, Karpe Path",Bhopal,Madhya Pradesh,India,21.575112,78.464262,534523,Low,SRC028,0.78,2026-03-14 21:05:49,2026-03-18 03:05:49
L00967,Warehouse 219,Transport Hub,"146, Bose Zila",Gurugram,Haryana,India,8.018587,74.349172,455539,Low,SRC001,0.85,2025-12-26 01:42:16,2026-01-08 04:42:16
L00968,Office 470,Public Place,"34/132, Edwin Road",Dewas,Madhya Pradesh,India,26.163116,76.115762,289893,High,SRC027,0.89,2024-12-31 17:07:26,2025-01-16 10:07:26
L00969,Station 347,Warehouse,"54, Reddy Path",Ahmedabad,Gujarat,India,26.352273,82.779267,356619,High,SRC002,0.95,2025-04-24 13:58:29,2025-07-14 08:24:36
L00970,Junction 512,Bank,"H.No. 17, Nigam Marg",Mumbai,Maharashtra,India,21.438224,76.214136,395776,Low,SRC014,0.75,2024-04-03 18:04:36,2024-04-20 12:04:36
L00971,Hotel 718,Commercial Area,"586, Hayer Marg",Lucknow,Uttar Pradesh,India,11.844918,85.415781,642371,Unknown,SRC011,0.84,2025-04-08 15:40:30,2025-07-01 17:41:08
L00972,Industrial Area 946,Commercial Area,"66/717, Deshpande Ganj",Kanpur,Uttar Pradesh,India,19.275601,83.820408,379713,Low,SRC009,0.92,2026-04-28 18:18:33,2026-05-03 13:18:33
L00973,Hotel 168,Industrial Site,"71/513, Dhingra Ganj",Vadodara,Gujarat,India,22.755105,85.448408,616750,Medium,SRC025,0.8,2026-01-31 01:33:34,2026-02-11 11:33:34
L00974,Station 946,Transport Hub,"742, Zacharia Nagar",Gwalior,Madhya Pradesh,India,22.570687,72.327529,799687,Medium,SRC021,0.98,2026-06-10 21:02:21,2026-06-28 22:02:21
L00975,Road 983,Bank,"44, Rege Chowk",Jabalpur,Madhya Pradesh,India,17.159692,76.468011,489323,High,SRC008,0.8,2025-09-07 20:25:01,2025-09-25 08:25:01
L00976,Road 720,Transport Hub,"48/74, Prasad Zila",Jabalpur,Madhya Pradesh,India,14.901019,79.304787,415127,Unknown,SRC030,0.97,2026-08-05 18:07:14,2026-08-15 22:07:14
L00977,Market 303,Bank,"17, Suri Road",Ahmedabad,Gujarat,India,26.861833,74.071659,836694,Unknown,SRC024,0.82,2025-04-19 22:23:08,2025-05-14 22:50:33
L00978,Industrial Area 154,Industrial Site,"H.No. 49, Wagle",Bengaluru,Karnataka,India,12.221785,84.376859,647255,Low,SRC019,0.94,2024-08-27 16:15:29,2026-03-05 22:52:47
L00979,Industrial Area 643,Office,"H.No. 55, Ahluwalia Marg",Kota,Rajasthan,India,8.435664,81.542986,691137,Unknown,SRC018,0.82,2025-12-17 08:16:00,2026-01-10 04:16:00
L00980,Road 521,Warehouse,"13/06, Kara Circle",Dewas,Madhya Pradesh,India,19.578803,75.962088,292850,Unknown,SRC021,0.81,2024-08-20 06:35:52,2026-03-04 20:09:57
L00981,Office 515,Warehouse,"H.No. 90, Bath Chowk",Gwalior,Madhya Pradesh,India,16.47342,80.094728,715152,Unknown,SRC025,0.76,2026-04-17 11:13:12,2026-04-26 16:13:12
L00982,Junction 529,Office,"170, Tiwari Nagar",Dewas,Madhya Pradesh,India,8.035298,82.292065,813299,Unknown,SRC019,0.89,2026-05-25 10:29:23,2026-06-15 00:29:23
L00983,Hotel 786,Industrial Site,"H.No. 827, Modi",Ujjain,Madhya Pradesh,India,22.867588,75.657516,582734,High,SRC029,0.84,2026-01-10 11:14:39,2026-01-25 12:14:39
L00984,Office 790,Hotel,"H.No. 98, Walla",Gwalior,Madhya Pradesh,India,13.736429,86.706001,608827,High,SRC002,0.92,2026-01-10 11:44:39,2026-01-10 18:44:39
L00985,Market 527,Residence,"H.No. 316, Basu Ganj",Delhi,Delhi,India,16.288079,82.437004,335998,Low,SRC024,0.81,2024-11-10 20:21:53,2026-06-15 17:54:22
L00986,Road 665,Transport Hub,"H.No. 225, Talwar Ganj",Surat,Gujarat,India,12.773,86.927311,441383,High,SRC028,0.83,2024-05-21 09:28:13,2024-09-10 16:17:31
L00987,Industrial Area 215,Office,"H.No. 420, Chanda Chowk",Indore,Madhya Pradesh,India,11.120936,74.616609,156339,Low,SRC026,0.77,2024-04-05 23:27:52,2025-12-21 13:04:50
L00988,Junction 653,Warehouse,"H.No. 76, Mani Road",Jaipur,Rajasthan,India,9.893222,82.560112,229330,Low,SRC011,0.81,2025-10-09 12:03:26,2025-10-27 20:03:26
L00989,Mall 518,Hotel,"328, Konda",Gurugram,Haryana,India,23.344296,82.170353,567568,Unknown,SRC002,0.87,2025-02-12 00:04:02,2025-02-20 00:04:02
L00990,Market 455,Residence,"37, Brahmbhatt Street",Vadodara,Gujarat,India,20.434321,87.152031,661592,Low,SRC021,0.85,2025-12-15 23:35:19,2025-12-27 21:35:19
L00991,Station 685,Hotel,"63/82, Purohit Path",Jabalpur,Madhya Pradesh,India,11.710045,78.474627,169917,High,SRC023,0.91,2026-05-13 08:43:32,2026-05-18 01:43:32
L00992,Office 438,Commercial Area,"H.No. 330, Chokshi Circle",Mumbai,Maharashtra,India,17.06008,72.053067,113001,Unknown,SRC020,0.88,2024-02-09 03:36:22,2025-12-23 18:38:23
L00993,Industrial Area 42,Bank,"H.No. 443, Devan Road",Nagpur,Maharashtra,India,18.268482,87.979946,481774,Medium,SRC015,0.9,2024-07-07 01:00:48,2024-12-17 13:21:15
L00994,Industrial Area 507,Commercial Area,"63, Babu",Lucknow,Uttar Pradesh,India,11.261643,87.528373,387565,Medium,SRC020,0.89,2025-10-20 01:28:01,2025-11-10 23:28:01
L00995,Apartment 399,Office,"H.No. 294, Ahluwalia",Kota,Rajasthan,India,24.215213,76.808668,702565,High,SRC009,0.78,2025-10-28 21:57:31,2025-11-16 17:57:31
L00996,Mall 690,Hotel,"H.No. 02, Shankar Circle",Hyderabad,Telangana,India,27.636007,86.631687,381745,Unknown,SRC023,0.96,2024-10-22 21:30:26,2025-06-06 00:00:24
L00997,Mall 170,Public Place,"27, Sastry Path",Jabalpur,Madhya Pradesh,India,24.171468,83.877863,778321,Low,SRC004,0.85,2025-09-13 02:51:09,2026-04-25 10:49:55
L00998,Warehouse 324,Commercial Area,"33, Divan Chowk",Vadodara,Gujarat,India,11.318939,86.856295,568372,Unknown,SRC028,0.94,2026-04-19 22:03:05,2026-04-22 20:03:05
L00999,Warehouse 370,Commercial Area,"H.No. 655, Bhatt",Gurugram,Haryana,India,22.691488,75.089075,178273,Medium,SRC003,0.98,2024-07-31 20:20:41,2026-02-18 20:45:17
L01000,Road 964,Hotel,"H.No. 214, Chaudhry Street",Delhi,Delhi,India,9.424658,82.642273,219989,High,SRC027,0.87,2026-04-15 01:43:34,2026-04-19 07:43:34
L01001,Warehouse 632,Public Place,"242, Dhar Circle",Jaipur,Rajasthan,India,22.988802,85.749926,442907,Unknown,SRC012,0.9,2024-04-27 11:10:15,2026-08-11 22:46:26
L01002,Warehouse 822,Residence,"H.No. 253, Aggarwal Nagar",Jabalpur,Madhya Pradesh,India,24.035424,84.574332,232484,Medium,SRC016,0.88,2024-09-18 20:10:33,2024-10-11 17:10:33
L01003,Road 790,Commercial Area,"H.No. 13, Manda Chowk",Ahmedabad,Gujarat,India,25.756099,85.146955,176259,Unknown,SRC002,0.93,2024-02-14 04:36:03,2025-03-31 13:55:04
L01004,Warehouse 652,Warehouse,"H.No. 29, Mohan Road",Vadodara,Gujarat,India,26.845951,75.636877,806486,Low,SRC028,0.91,2024-07-10 14:24:29,2026-08-03 14:16:00
L01005,Apartment 98,Residence,"H.No. 532, Goswami Circle",Kota,Rajasthan,India,14.618115,75.452252,320186,Unknown,SRC027,0.97,2025-11-24 02:50:58,2026-08-15 03:38:20
L01006,Apartment 175,Industrial Site,"645, Bhagat Marg",Bengaluru,Karnataka,India,17.353281,81.208732,787211,Medium,SRC023,0.96,2024-08-05 10:09:49,2026-02-11 00:05:51
L01007,Junction 692,Public Place,"04, Gopal Nagar",Gurugram,Haryana,India,23.494158,74.863775,749300,Unknown,SRC011,0.8,2026-03-23 10:03:39,2026-03-30 23:03:39
L01008,Hotel 168,Transport Hub,"55/36, Buch Ganj",Ujjain,Madhya Pradesh,India,23.193056,75.302494,737038,Unknown,SRC005,0.96,2025-11-25 20:01:14,2025-12-02 12:01:14
L01009,Industrial Area 333,Bank,"603, Gulati Ganj",Indore,Madhya Pradesh,India,20.051838,83.726446,509638,High,SRC028,0.91,2025-09-02 11:07:17,2025-09-20 20:07:17
L01010,Road 275,Office,"02, Chaudhuri Ganj",Nagpur,Maharashtra,India,19.874303,81.031765,508105,High,SRC011,0.98,2024-08-25 13:26:31,2024-09-19 10:26:31
L01011,Station 181,Transport Hub,"22, Reddy",Hyderabad,Telangana,India,21.382635,80.845821,221198,Low,SRC019,0.98,2025-12-05 04:04:12,2025-12-27 07:04:12
L01012,Industrial Area 458,Office,"13, Mall Ganj",Jabalpur,Madhya Pradesh,India,24.875928,79.20747,812916,Medium,SRC022,0.9,2026-01-08 11:46:20,2026-07-22 12:11:26
L01013,Hotel 6,Bank,"25, Sahni Ganj",Lucknow,Uttar Pradesh,India,9.175842,82.782501,381848,Medium,SRC012,0.77,2025-03-16 12:08:13,2026-02-16 05:16:12
L01014,Market 961,Hotel,"77, Borde Zila",Gwalior,Madhya Pradesh,India,9.792941,80.500051,833774,Unknown,SRC005,0.99,2024-01-11 07:49:45,2026-06-19 11:38:33
L01015,Hotel 593,Office,"573, Raju Zila",Gurugram,Haryana,India,13.477776,85.258745,628591,High,SRC014,0.85,2026-05-27 07:53:57,2026-08-25 12:38:51
L01016,Road 418,Public Place,"H.No. 82, Chanda Nagar",Ujjain,Madhya Pradesh,India,22.563961,82.98075,476786,Low,SRC003,0.92,2026-07-12 14:05:39,2026-08-09 21:05:39
L01017,Junction 241,Transport Hub,"33, Shah Chowk",Bhopal,Madhya Pradesh,India,27.896119,84.299212,333917,Low,SRC006,0.84,2025-12-02 10:17:48,2025-12-30 21:17:48
L01018,Hotel 465,Public Place,"H.No. 85, Ravel Circle",Vadodara,Gujarat,India,21.887712,79.383007,873257,Unknown,SRC028,0.9,2024-10-14 05:54:47,2024-10-28 16:59:00
L01019,Hotel 764,Bank,"72/34, Kulkarni Zila",Jaipur,Rajasthan,India,25.648101,83.60188,859996,Unknown,SRC016,0.98,2025-07-10 21:14:02,2025-08-01 15:14:02
L01020,Market 346,Residence,"113, Patla Chowk",Ujjain,Madhya Pradesh,India,16.664413,77.190814,488720,Low,SRC026,0.93,2025-01-01 23:14:18,2025-08-13 09:43:23
L01021,Apartment 250,Residence,"23/842, Bumb Circle",Jabalpur,Madhya Pradesh,India,20.239154,76.751428,695490,Unknown,SRC025,0.92,2024-02-29 00:39:55,2026-08-17 10:48:45
L01022,Junction 720,Bank,"801, Chandran Street",Gwalior,Madhya Pradesh,India,20.729358,85.821031,446330,Low,SRC027,0.84,2024-06-14 02:35:48,2025-03-09 19:40:07
L01023,Apartment 871,Bank,"92/74, Iyer Nagar",Surat,Gujarat,India,12.394559,85.365449,417315,Low,SRC011,0.8,2024-07-21 10:52:08,2025-08-14 07:20:42
L01024,Office 557,Residence,"84, Bhandari Nagar",Ahmedabad,Gujarat,India,27.018786,83.349466,156393,Low,SRC021,0.96,2024-12-22 04:17:08,2026-03-06 07:43:41
L01025,Office 593,Hotel,"994, Dewan",Kota,Rajasthan,India,9.248207,81.208015,133034,Unknown,SRC004,0.83,2024-05-25 11:08:40,2025-06-12 02:50:33
L01026,Industrial Area 115,Residence,"18/243, Pingle Street",Bhopal,Madhya Pradesh,India,16.636614,73.948118,509484,Low,SRC008,0.85,2025-02-02 08:12:58,2025-10-10 21:58:31
L01027,Market 340,Residence,"H.No. 69, Amble",Delhi,Delhi,India,13.383885,73.913998,365453,Unknown,SRC015,0.9,2024-05-01 04:29:50,2024-11-28 10:30:24
L01028,Warehouse 609,Transport Hub,"479, Prabhakar Chowk",Mumbai,Maharashtra,India,16.248171,72.516472,432733,Unknown,SRC022,0.76,2024-05-30 00:38:06,2025-07-22 03:45:00
L01029,Junction 631,Public Place,"H.No. 432, Sampath Nagar",Delhi,Delhi,India,24.547945,85.807959,121704,Medium,SRC020,0.96,2026-01-11 13:56:25,2026-01-12 10:56:25
L01030,Apartment 19,Industrial Site,"H.No. 08, Iyengar Road",Lucknow,Uttar Pradesh,India,21.39063,79.841408,724174,High,SRC023,0.86,2025-07-26 04:49:45,2025-08-19 21:27:19
L01031,Mall 521,Industrial Site,"27/69, Chaudhary Circle",Hyderabad,Telangana,India,11.062613,84.442942,164207,Unknown,SRC012,0.9,2024-09-02 20:39:54,2024-09-18 01:39:54
L01032,Station 551,Public Place,"H.No. 17, Swaminathan Chowk",Lucknow,Uttar Pradesh,India,27.924653,79.151865,251081,High,SRC030,0.87,2025-02-25 01:40:06,2025-09-25 06:12:20
L01033,Market 894,Residence,"71/19, Sood Marg",Pune,Maharashtra,India,19.397609,79.044392,775316,High,SRC009,0.87,2024-05-23 16:00:06,2026-06-29 04:19:19
L01034,Road 364,Residence,"70/66, Pingle",Surat,Gujarat,India,10.313213,87.908144,154032,Medium,SRC013,0.86,2025-06-20 02:43:54,2025-06-23 03:43:54
L01035,Warehouse 68,Commercial Area,"475, Ray Ganj",Jabalpur,Madhya Pradesh,India,15.63716,84.235482,680289,Low,SRC009,0.75,2024-10-25 08:41:26,2024-10-30 12:41:26
L01036,Mall 187,Transport Hub,"H.No. 54, Borah Path",Dewas,Madhya Pradesh,India,23.046777,78.491436,755958,Low,SRC021,0.81,2024-07-29 18:47:52,2025-07-10 22:01:15
L01037,Station 812,Commercial Area,"H.No. 570, Patel",Ujjain,Madhya Pradesh,India,9.118732,76.456879,462956,Medium,SRC022,0.94,2025-03-03 10:32:05,2025-03-03 18:32:05
L01038,Warehouse 383,Public Place,"55/44, Sabharwal Ganj",Mumbai,Maharashtra,India,20.773716,79.506936,493747,Low,SRC026,0.8,2025-07-16 22:39:09,2025-11-05 12:24:50
L01039,Warehouse 374,Office,"68/838, Chaudhari Road",Bengaluru,Karnataka,India,18.253148,73.192974,601209,Medium,SRC013,0.94,2025-12-25 22:54:58,2026-03-23 14:22:27
L01040,Market 283,Bank,"06/33, Chakrabarti Path",Indore,Madhya Pradesh,India,19.882828,76.861821,264778,High,SRC010,0.89,2026-07-03 11:19:38,2026-07-14 09:19:38
L01041,Hotel 699,Industrial Site,"67/661, Shan Chowk",Bhopal,Madhya Pradesh,India,9.298203,73.571858,783497,Medium,SRC020,0.81,2024-08-17 13:13:20,2024-08-31 05:13:20
L01042,Industrial Area 574,Office,"H.No. 145, Brahmbhatt Nagar",Jabalpur,Madhya Pradesh,India,27.99316,83.253168,244400,Low,SRC020,0.98,2025-08-23 14:29:19,2025-09-11 23:29:19
L01043,Station 809,Industrial Site,"472, Doctor Road",Dewas,Madhya Pradesh,India,19.930513,72.337739,305696,Unknown,SRC022,0.76,2026-07-08 02:21:13,2026-07-14 02:21:13
L01044,Mall 75,Transport Hub,"H.No. 80, Dhar Circle",Kota,Rajasthan,India,14.166014,73.291524,721491,Unknown,SRC028,0.92,2024-06-17 01:38:03,2025-05-04 01:16:22
L01045,Warehouse 489,Bank,"955, Raja Path",Gwalior,Madhya Pradesh,India,21.69672,85.364155,226081,High,SRC006,0.98,2026-06-26 01:08:38,2026-07-11 03:08:38
L01046,Industrial Area 52,Industrial Site,"70/11, Agrawal",Kota,Rajasthan,India,27.38142,77.476579,479490,High,SRC018,0.79,2024-12-11 09:55:01,2026-08-21 19:41:15
L01047,Junction 639,Bank,"88/25, Biswas Circle",Indore,Madhya Pradesh,India,17.690549,82.946642,320094,High,SRC023,0.87,2026-05-31 02:47:58,2026-06-09 20:47:58
L01048,Market 35,Hotel,"H.No. 689, Barad Path",Ahmedabad,Gujarat,India,9.174397,73.336206,573132,Low,SRC024,0.94,2025-06-07 08:02:01,2025-07-05 06:02:01
L01049,Warehouse 459,Commercial Area,"974, Venkatesh Street",Kota,Rajasthan,India,19.789574,81.741782,677190,Medium,SRC025,0.79,2024-06-18 00:25:24,2026-08-06 17:25:52
L01050,Road 312,Bank,"28/78, Sharaf Nagar",Ahmedabad,Gujarat,India,16.386898,82.324288,794720,Low,SRC020,0.81,2024-11-29 18:12:35,2026-06-27 20:30:00
L01051,Mall 955,Hotel,"77/508, Karpe Marg",Vadodara,Gujarat,India,11.622994,77.806349,776984,Low,SRC003,0.75,2026-02-13 11:05:12,2026-03-09 08:05:12
L01052,Apartment 218,Transport Hub,"409, Ram Circle",Jaipur,Rajasthan,India,26.645291,85.36097,436689,Medium,SRC015,0.97,2025-07-02 07:54:17,2025-07-09 10:54:17
L01053,Industrial Area 57,Industrial Site,"H.No. 185, Narain Ganj",Gurugram,Haryana,India,14.547477,76.895102,423164,Medium,SRC014,0.87,2024-06-21 00:24:53,2026-01-20 15:44:04
L01054,Road 675,Commercial Area,"461, Sekhon Nagar",Pune,Maharashtra,India,22.827899,76.22271,468660,High,SRC009,0.88,2026-01-31 18:38:48,2026-02-27 22:38:48
L01055,Warehouse 247,Industrial Site,"12/40, Srinivasan Path",Dewas,Madhya Pradesh,India,20.671775,73.875026,682483,High,SRC021,0.96,2025-04-04 16:06:32,2025-04-09 00:06:32
L01056,Station 617,Transport Hub,"H.No. 614, Kala Nagar",Gurugram,Haryana,India,23.573536,82.755206,195730,High,SRC028,0.98,2024-01-01 21:10:08,2025-04-05 21:59:15
L01057,Road 559,Commercial Area,"H.No. 24, Kata Circle",Mumbai,Maharashtra,India,27.653418,84.895755,831145,Medium,SRC006,0.97,2024-01-17 04:01:58,2025-01-24 20:45:54
L01058,Industrial Area 371,Residence,"349, Reddy Path",Mumbai,Maharashtra,India,18.084805,75.45133,401385,Unknown,SRC008,0.78,2025-08-06 18:43:44,2026-06-26 00:13:52
L01059,Office 836,Commercial Area,"H.No. 68, Verma Road",Surat,Gujarat,India,10.993069,87.690364,852282,Medium,SRC005,0.82,2024-10-20 03:37:11,2025-04-12 19:57:30
L01060,Office 99,Hotel,"362, Tripathi",Nagpur,Maharashtra,India,19.378764,84.762891,599551,Unknown,SRC026,0.89,2024-04-03 18:21:01,2026-01-10 19:17:26
L01061,Hotel 966,Public Place,"84, Atwal Nagar",Kota,Rajasthan,India,11.31561,72.103801,679471,Medium,SRC029,0.8,2025-07-11 12:16:00,2025-07-12 16:16:00
L01062,Market 431,Transport Hub,"H.No. 111, Dhingra Marg",Indore,Madhya Pradesh,India,25.133714,77.211135,710813,High,SRC024,0.88,2026-04-30 22:42:49,2026-05-26 11:42:49
L01063,Mall 175,Transport Hub,"39/709, Barad Chowk",Ahmedabad,Gujarat,India,8.833343,85.726708,660738,Medium,SRC017,0.84,2025-02-05 14:17:26,2025-09-30 13:07:56
L01064,Hotel 535,Bank,"99/75, Patil Street",Vadodara,Gujarat,India,22.969957,81.224642,707883,Unknown,SRC001,0.93,2024-12-20 07:25:29,2026-05-31 02:32:42
L01065,Hotel 890,Industrial Site,"H.No. 72, Chaudhari Path",Dewas,Madhya Pradesh,India,27.034921,83.583178,120865,Unknown,SRC001,0.88,2025-11-12 06:26:54,2025-11-18 00:26:54
L01066,Hotel 552,Warehouse,"01, Mittal",Vadodara,Gujarat,India,24.5284,74.174127,303093,Medium,SRC025,0.8,2025-01-24 15:23:25,2026-05-11 06:30:53
L01067,Station 472,Commercial Area,"H.No. 513, Chatterjee Marg",Ujjain,Madhya Pradesh,India,24.983794,73.01626,403601,High,SRC007,0.95,2026-07-21 16:24:21,2026-07-29 18:24:21
L01068,Market 795,Hotel,"09, Swaminathan Zila",Delhi,Delhi,India,24.710896,84.27164,841826,High,SRC030,0.98,2024-08-17 19:47:10,2026-03-03 08:12:28
L01069,Hotel 776,Public Place,"88, Prasad Chowk",Gurugram,Haryana,India,25.023679,80.717121,299100,Unknown,SRC007,0.93,2026-03-07 21:55:06,2026-03-28 03:55:06
L01070,Apartment 451,Industrial Site,"96, Barman Chowk",Ujjain,Madhya Pradesh,India,17.450786,80.400219,238782,High,SRC008,0.87,2026-03-30 20:34:42,2026-04-04 07:34:42
L01071,Road 564,Office,"40/017, Mukherjee Nagar",Kanpur,Uttar Pradesh,India,23.961886,83.271275,640038,Medium,SRC022,0.96,2024-03-31 07:33:58,2024-04-03 00:33:58
L01072,Hotel 464,Commercial Area,"261, Kulkarni Street",Jaipur,Rajasthan,India,24.900755,84.151468,337495,Unknown,SRC026,0.93,2025-02-12 09:06:25,2025-05-16 05:21:06
L01073,Junction 341,Office,"27/34, Bassi Chowk",Nagpur,Maharashtra,India,11.170648,77.243071,246259,Unknown,SRC005,0.98,2025-08-08 13:23:06,2025-08-29 00:23:06
L01074,Market 555,Hotel,"62/05, Balasubramanian Path",Jabalpur,Madhya Pradesh,India,23.698521,84.345768,728236,High,SRC022,0.81,2024-01-08 16:46:10,2024-08-17 18:44:32
L01075,Road 580,Public Place,"339, Varty Zila",Jabalpur,Madhya Pradesh,India,10.440478,80.284909,277028,Unknown,SRC003,0.88,2025-04-26 18:39:35,2026-08-02 19:17:11
L01076,Market 938,Public Place,"23/13, Shanker Zila",Jaipur,Rajasthan,India,19.406024,84.759133,230655,Medium,SRC020,0.89,2026-04-18 04:44:09,2026-04-23 13:44:09
L01077,Warehouse 38,Public Place,"49, Merchant Marg",Surat,Gujarat,India,21.160465,80.468492,846719,Medium,SRC020,0.78,2024-10-04 06:26:34,2026-05-08 10:37:29
L01078,Office 998,Industrial Site,"951, D’Alia Marg",Jaipur,Rajasthan,India,27.998604,78.043399,240539,High,SRC023,0.79,2024-09-01 23:28:01,2025-03-14 02:41:42
L01079,Hotel 718,Bank,"H.No. 333, Chaudhary Marg",Lucknow,Uttar Pradesh,India,23.899851,73.692961,345648,Low,SRC008,0.85,2025-12-18 03:47:11,2026-01-14 11:47:11
L01080,Market 369,Public Place,"15/395, Kar Chowk",Mumbai,Maharashtra,India,19.969937,82.421461,334160,Unknown,SRC030,0.79,2024-10-22 03:45:42,2026-01-20 12:24:40
L01081,Road 393,Transport Hub,"07/09, Barad Path",Bhopal,Madhya Pradesh,India,9.466364,75.428118,427552,Medium,SRC018,0.88,2025-01-28 12:57:39,2025-02-05 00:57:39
L01082,Road 692,Residence,"H.No. 70, Kothari Zila",Bengaluru,Karnataka,India,21.547219,87.091905,324938,Unknown,SRC025,0.76,2025-09-02 23:48:21,2025-12-21 17:00:39
L01083,Warehouse 906,Residence,"15, Samra",Ujjain,Madhya Pradesh,India,17.207796,76.517503,154493,Medium,SRC030,0.98,2024-05-08 12:52:19,2024-06-06 14:52:19
L01084,Market 251,Public Place,"H.No. 617, Kale Zila",Jaipur,Rajasthan,India,18.226775,80.121495,714711,High,SRC018,0.91,2025-06-13 17:12:27,2025-07-01 06:12:27
L01085,Junction 801,Transport Hub,"90, Saran Marg",Ahmedabad,Gujarat,India,12.188404,85.322495,312129,Medium,SRC025,0.78,2025-06-25 07:17:03,2025-07-21 05:17:03
L01086,Office 442,Bank,"68, Naidu Ganj",Mumbai,Maharashtra,India,27.871609,85.658852,612346,Medium,SRC028,0.88,2025-11-24 21:05:17,2025-12-01 23:05:17
L01087,Warehouse 733,Office,"33, Handa",Pune,Maharashtra,India,21.678976,80.068838,514358,High,SRC008,0.87,2024-05-27 17:11:09,2024-08-11 04:52:42
L01088,Apartment 48,Bank,"H.No. 946, Mittal Ganj",Ahmedabad,Gujarat,India,19.399894,79.811393,869559,Unknown,SRC017,0.92,2025-09-23 06:08:54,2025-10-09 23:08:54
L01089,Office 121,Industrial Site,"89, Lata Zila",Nagpur,Maharashtra,India,10.430586,84.147876,889921,Low,SRC003,0.94,2024-06-15 18:03:17,2024-07-06 01:03:17
L01090,Junction 474,Warehouse,"27/36, Raj Ganj",Gurugram,Haryana,India,19.96773,83.414412,675696,Medium,SRC004,0.78,2024-12-09 09:44:30,2024-12-28 16:44:30
L01091,Hotel 634,Bank,"58/22, Nadkarni Chowk",Jaipur,Rajasthan,India,14.183389,72.117922,446567,Low,SRC005,0.91,2024-02-02 16:58:01,2025-11-09 21:47:23
L01092,Office 74,Bank,"99/885, Modi Circle",Gwalior,Madhya Pradesh,India,18.556488,79.164322,658491,Low,SRC010,0.79,2026-05-13 04:18:46,2026-06-03 02:18:46
L01093,Office 506,Commercial Area,"60/52, Sastry Path",Pune,Maharashtra,India,18.517656,80.822502,499850,Low,SRC018,0.83,2024-07-28 17:06:11,2025-05-19 20:55:11
L01094,Market 425,Hotel,"H.No. 49, Anand Nagar",Dewas,Madhya Pradesh,India,8.486121,76.1874,542218,Unknown,SRC012,0.78,2026-02-21 13:24:04,2026-03-17 19:24:04
L01095,Office 898,Public Place,"074, Sheth Circle",Delhi,Delhi,India,9.788617,86.211084,534010,Low,SRC001,0.89,2026-03-18 01:39:14,2026-07-19 22:07:31
L01096,Warehouse 957,Residence,"02/57, Prasad Ganj",Pune,Maharashtra,India,8.372055,86.381909,280466,Low,SRC015,0.89,2025-03-07 14:49:46,2025-03-22 22:49:46
L01097,Hotel 66,Hotel,"32/51, Mukhopadhyay Marg",Dewas,Madhya Pradesh,India,15.939147,82.19573,427018,Medium,SRC007,0.88,2025-08-22 19:13:26,2025-12-20 08:13:23
L01098,Warehouse 221,Bank,"85/87, Varma",Indore,Madhya Pradesh,India,27.099797,74.826032,666552,Low,SRC027,0.89,2024-09-15 08:57:47,2025-07-01 02:09:04
L01099,Warehouse 887,Transport Hub,"034, Sane Marg",Indore,Madhya Pradesh,India,15.763342,78.200251,304000,Medium,SRC027,0.85,2025-08-30 07:03:21,2025-08-31 18:03:21
L01100,Industrial Area 147,Bank,"67/372, Gopal",Delhi,Delhi,India,11.134389,82.124298,876128,High,SRC012,0.76,2026-08-01 07:38:14,2026-08-26 05:38:14
L01101,Mall 8,Public Place,"H.No. 425, Kashyap Ganj",Hyderabad,Telangana,India,22.716422,86.336741,159501,High,SRC008,0.81,2025-11-29 21:12:49,2025-11-30 11:12:49
L01102,Hotel 28,Office,"H.No. 78, Issac Chowk",Mumbai,Maharashtra,India,27.094364,83.364112,558018,Unknown,SRC005,0.83,2024-06-18 12:33:03,2025-10-12 06:45:41
L01103,Market 320,Transport Hub,"H.No. 74, Dugal Marg",Ujjain,Madhya Pradesh,India,15.557321,73.912274,665273,Medium,SRC002,0.96,2024-11-16 23:01:25,2025-08-04 04:46:00
L01104,Warehouse 830,Commercial Area,"H.No. 52, Upadhyay Circle",Vadodara,Gujarat,India,10.009896,75.541423,686784,Medium,SRC001,0.89,2026-07-09 20:53:41,2026-07-11 04:53:41
L01105,Apartment 57,Warehouse,"71/563, Sarna Nagar",Delhi,Delhi,India,13.868329,72.001928,323755,High,SRC003,0.9,2025-03-31 12:22:45,2026-06-13 06:57:26
L01106,Hotel 581,Public Place,"00/02, Johal Chowk",Mumbai,Maharashtra,India,16.297464,75.821754,372651,Low,SRC008,0.94,2026-08-08 18:26:15,2026-08-31 18:26:15
L01107,Mall 979,Commercial Area,"57/99, Prakash Street",Pune,Maharashtra,India,17.610304,75.209802,340211,Low,SRC019,0.83,2025-08-08 16:46:20,2026-06-22 07:59:32
L01108,Market 720,Residence,"43, Sarna Marg",Lucknow,Uttar Pradesh,India,8.55329,80.84193,645076,Low,SRC013,0.78,2026-03-02 19:24:34,2026-03-23 19:24:34
L01109,Industrial Area 370,Residence,"H.No. 03, Ghosh Zila",Jaipur,Rajasthan,India,9.850456,76.961282,369219,Medium,SRC021,0.78,2025-12-21 00:43:15,2025-12-22 04:43:15
L01110,Hotel 6,Residence,"71/086, Malhotra Marg",Jaipur,Rajasthan,India,12.502979,76.09079,845149,High,SRC028,0.95,2024-07-10 18:35:44,2024-07-26 10:35:44
L01111,Junction 398,Transport Hub,"17/89, Gill Path",Lucknow,Uttar Pradesh,India,20.856657,72.93847,869030,Low,SRC025,0.9,2025-09-08 17:21:23,2025-10-07 14:21:23
L01112,Market 144,Hotel,"979, Chaudry",Bengaluru,Karnataka,India,11.383647,73.518757,716137,High,SRC004,0.89,2026-06-29 23:50:23,2026-07-27 06:50:23
L01113,Road 8,Public Place,"H.No. 073, Pall Path",Kanpur,Uttar Pradesh,India,22.882589,85.489189,784512,Low,SRC028,0.87,2025-03-07 01:25:13,2025-11-16 05:56:40
L01114,Market 468,Commercial Area,"H.No. 38, Jani Circle",Vadodara,Gujarat,India,10.399686,87.729997,865145,Medium,SRC013,0.95,2025-12-15 22:43:14,2025-12-30 07:43:14
L01115,Industrial Area 650,Commercial Area,"97, Bains Circle",Delhi,Delhi,India,24.04827,76.48902,847625,Low,SRC029,0.84,2025-11-08 10:44:42,2025-11-11 16:44:42
L01116,Office 690,Industrial Site,"23, Mohan Ganj",Dewas,Madhya Pradesh,India,20.545891,76.540387,178917,Medium,SRC024,0.89,2025-04-08 18:42:31,2025-04-09 15:42:31
L01117,Hotel 436,Industrial Site,"H.No. 378, Kuruvilla Marg",Kota,Rajasthan,India,25.595217,85.92631,189474,Unknown,SRC026,0.98,2025-04-03 02:24:59,2025-05-03 02:24:59
L01118,Office 910,Residence,"86/84, Sur Circle",Indore,Madhya Pradesh,India,13.141828,87.517364,382469,Unknown,SRC003,0.96,2025-06-15 21:04:35,2025-06-23 14:04:35
L01119,Station 802,Commercial Area,"55/13, Gade Zila",Pune,Maharashtra,India,12.549649,79.806183,731528,High,SRC003,0.81,2024-03-24 21:21:27,2025-08-14 03:55:55
L01120,Industrial Area 118,Bank,"H.No. 36, Dey Zila",Jabalpur,Madhya Pradesh,India,26.753242,77.393852,516394,Low,SRC028,0.82,2024-11-27 04:09:20,2025-10-22 18:09:42
L01121,Hotel 364,Residence,"89/130, Varughese Circle",Hyderabad,Telangana,India,27.143833,87.375074,791159,Low,SRC005,0.9,2025-10-09 02:47:32,2025-11-03 11:47:32
L01122,Station 737,Commercial Area,"34/30, Singhal Marg",Indore,Madhya Pradesh,India,14.100203,75.13279,167123,High,SRC014,0.97,2025-07-31 07:21:22,2025-08-21 22:21:22
L01123,Office 831,Bank,"997, Ramakrishnan",Nagpur,Maharashtra,India,21.75855,81.496049,899724,Medium,SRC014,0.9,2024-07-10 03:32:05,2025-04-24 03:34:46
L01124,Road 26,Industrial Site,"36/752, Peri Ganj",Bhopal,Madhya Pradesh,India,26.808237,76.177134,371089,Low,SRC021,0.88,2026-06-15 01:36:37,2026-06-18 10:36:37
L01125,Station 681,Transport Hub,"H.No. 61, Andra Ganj",Nagpur,Maharashtra,India,16.83906,74.413897,247195,Medium,SRC014,0.75,2026-03-30 21:31:39,2026-04-27 06:31:39
L01126,Warehouse 504,Residence,"H.No. 772, Varkey Zila",Ahmedabad,Gujarat,India,23.687046,72.204066,163457,Medium,SRC012,0.79,2026-03-06 21:23:35,2026-03-14 16:37:30
L01127,Apartment 677,Office,"39/97, Dalal Road",Surat,Gujarat,India,11.764151,83.888043,531234,Unknown,SRC014,0.79,2025-01-31 09:14:02,2025-08-05 13:29:17
L01128,Mall 29,Commercial Area,"37/01, Mammen Street",Dewas,Madhya Pradesh,India,13.983373,73.108222,101038,High,SRC009,0.91,2024-08-23 07:09:28,2026-03-16 06:42:07
L01129,Station 254,Bank,"H.No. 129, Sidhu Chowk",Gwalior,Madhya Pradesh,India,20.281185,77.615925,452769,High,SRC018,0.79,2025-02-05 12:09:28,2025-02-18 20:09:28
L01130,Industrial Area 193,Hotel,"42/823, Sarin Chowk",Gwalior,Madhya Pradesh,India,12.225735,85.565182,378831,Unknown,SRC020,0.9,2024-08-04 16:55:38,2026-03-06 22:45:34
L01131,Market 780,Industrial Site,"71, Jani Street",Gwalior,Madhya Pradesh,India,11.272687,81.360683,868943,High,SRC014,0.98,2024-07-14 07:40:07,2024-07-26 22:40:07
L01132,Market 801,Public Place,"45/482, Konda Chowk",Jabalpur,Madhya Pradesh,India,13.697834,76.444422,481661,Unknown,SRC027,0.98,2024-09-27 03:37:35,2025-05-19 16:49:44
L01133,Station 266,Bank,"10/829, Tiwari Marg",Gurugram,Haryana,India,19.100075,77.689642,103472,Medium,SRC011,0.97,2025-07-25 12:34:50,2025-08-23 03:34:50
L01134,Junction 944,Commercial Area,"H.No. 56, Dhaliwal Ganj",Kanpur,Uttar Pradesh,India,9.159375,82.888003,258885,High,SRC008,0.94,2025-09-22 06:43:00,2025-10-16 06:43:00
L01135,Road 579,Warehouse,"402, Thaker Ganj",Hyderabad,Telangana,India,15.123643,86.12459,404909,Medium,SRC017,0.85,2025-06-04 17:43:29,2025-06-11 06:43:29
L01136,Office 534,Commercial Area,"125, Aggarwal Marg",Indore,Madhya Pradesh,India,20.572861,84.23536,348936,Low,SRC009,0.81,2026-08-22 19:51:20,2026-09-04 23:59:59
L01137,Hotel 700,Commercial Area,"H.No. 57, Buch Nagar",Jabalpur,Madhya Pradesh,India,10.819105,75.937839,278539,Unknown,SRC011,0.95,2025-12-14 19:25:27,2026-08-05 06:53:43
L01138,Mall 781,Office,"H.No. 57, Sankar Ganj",Gwalior,Madhya Pradesh,India,25.221999,81.00477,149286,Low,SRC025,0.83,2024-09-30 21:59:35,2024-10-26 14:59:35
L01139,Apartment 829,Residence,"H.No. 129, Bava Nagar",Lucknow,Uttar Pradesh,India,25.00402,77.421797,107963,Low,SRC014,0.87,2026-06-21 18:42:10,2026-07-05 16:42:10
L01140,Mall 231,Residence,"051, Hayre Nagar",Indore,Madhya Pradesh,India,12.53994,86.420114,821252,High,SRC001,0.78,2025-06-29 04:23:21,2025-07-15 08:23:21
L01141,Industrial Area 476,Public Place,"981, Nayak Ganj",Kota,Rajasthan,India,19.849415,83.136844,833882,Low,SRC019,0.96,2025-06-11 19:02:48,2025-06-13 13:02:48
L01142,Market 337,Residence,"67/96, Bhagat Ganj",Gwalior,Madhya Pradesh,India,24.891969,86.098411,359886,Unknown,SRC002,0.89,2024-01-02 12:39:12,2024-02-23 07:38:42
L01143,Junction 995,Transport Hub,"H.No. 68, Parmer Ganj",Gurugram,Haryana,India,14.966994,83.306633,415076,Low,SRC028,0.85,2024-12-15 09:48:51,2025-11-09 16:56:06
L01144,Junction 254,Industrial Site,"35/701, Chaudry",Gwalior,Madhya Pradesh,India,17.091958,78.943807,509298,Medium,SRC018,0.9,2026-05-05 15:10:31,2026-06-01 20:10:31
L01145,Warehouse 791,Commercial Area,"H.No. 527, Chandra Nagar",Pune,Maharashtra,India,22.90221,77.962536,740129,Unknown,SRC014,0.9,2026-06-20 13:28:41,2026-07-18 06:28:41
L01146,Industrial Area 640,Warehouse,"42, Nadig Road",Bengaluru,Karnataka,India,19.263924,74.880903,767192,Unknown,SRC008,0.79,2026-02-27 10:04:19,2026-03-19 02:04:19
L01147,Apartment 172,Transport Hub,"82, Dani Street",Gurugram,Haryana,India,26.955402,79.824438,258807,Low,SRC007,0.91,2025-01-28 17:05:26,2025-10-24 07:43:22
L01148,Warehouse 585,Residence,"06, Kar Path",Bengaluru,Karnataka,India,14.529296,78.487995,612112,High,SRC022,0.94,2024-07-29 07:50:33,2025-03-25 14:09:27
L01149,Junction 65,Hotel,"14/80, Gala Street",Gwalior,Madhya Pradesh,India,14.163823,72.336915,587474,Unknown,SRC013,0.87,2026-01-08 07:10:52,2026-01-18 15:10:52
L01150,Office 973,Industrial Site,"H.No. 04, Wali Ganj",Pune,Maharashtra,India,16.879157,84.970555,288335,Low,SRC021,0.9,2025-12-27 05:31:39,2026-01-22 07:31:39
L01151,Market 955,Commercial Area,"H.No. 582, Anand Chowk",Kota,Rajasthan,India,24.206995,82.036277,452859,Low,SRC016,0.94,2026-03-15 01:30:20,2026-04-08 15:30:20
L01152,Junction 191,Hotel,"33, Chand Street",Dewas,Madhya Pradesh,India,16.5552,75.84504,194701,High,SRC024,0.91,2026-04-28 12:56:18,2026-05-03 14:56:18
L01153,Apartment 547,Residence,"39/631, Badal",Delhi,Delhi,India,9.347651,87.519812,313638,High,SRC007,0.82,2026-05-22 05:45:42,2026-06-03 09:45:42
L01154,Hotel 881,Bank,"12, Batra Ganj",Mumbai,Maharashtra,India,22.31494,84.876685,674302,Medium,SRC014,0.78,2026-07-28 11:30:19,2026-08-05 12:30:19
L01155,Junction 473,Public Place,"63, Sarkar Street",Gwalior,Madhya Pradesh,India,26.504031,74.729206,395894,Unknown,SRC007,0.81,2025-05-14 12:22:05,2026-06-21 02:52:20
L01156,Industrial Area 908,Hotel,"H.No. 64, Dass Zila",Kanpur,Uttar Pradesh,India,22.659717,76.992574,630596,High,SRC027,0.98,2025-05-07 03:48:34,2025-05-26 10:48:34
L01157,Station 892,Transport Hub,"23/31, Sodhi Chowk",Vadodara,Gujarat,India,17.041288,86.995902,364933,Medium,SRC003,0.91,2024-11-03 22:26:59,2026-02-14 13:59:03
L01158,Mall 547,Commercial Area,"17/55, Nagarajan Chowk",Jaipur,Rajasthan,India,19.849069,78.472399,806686,Medium,SRC016,0.9,2025-01-02 20:26:29,2025-01-25 05:26:29
L01159,Market 559,Industrial Site,"85/075, Saini Marg",Indore,Madhya Pradesh,India,25.760214,76.29655,862338,Medium,SRC002,0.78,2025-06-21 17:03:22,2025-07-18 01:03:22
L01160,Hotel 486,Industrial Site,"17/958, Mahal Nagar",Kanpur,Uttar Pradesh,India,22.716004,86.241204,660356,Unknown,SRC012,0.97,2025-11-13 12:15:18,2026-05-15 09:52:42
L01161,Mall 543,Residence,"555, Chadha Chowk",Indore,Madhya Pradesh,India,25.800747,84.675251,251400,High,SRC029,0.77,2024-12-02 00:01:52,2026-06-20 04:02:19
L01162,Market 770,Warehouse,"47, Doctor Nagar",Bengaluru,Karnataka,India,13.626034,87.168063,756190,Medium,SRC018,0.88,2026-08-27 04:48:17,2026-09-04 23:59:59
L01163,Station 68,Bank,"62/416, Magar Chowk",Dewas,Madhya Pradesh,India,12.104509,83.079705,489958,Low,SRC030,0.98,2024-08-12 01:42:51,2025-01-09 15:03:00
L01164,Industrial Area 223,Public Place,"31/82, Chhabra Zila",Kanpur,Uttar Pradesh,India,24.689975,73.251079,485061,Medium,SRC023,0.77,2026-04-07 16:25:46,2026-04-19 02:25:46
L01165,Apartment 463,Warehouse,"440, Barad Marg",Ujjain,Madhya Pradesh,India,23.262282,81.431559,479222,Medium,SRC017,0.93,2025-08-19 21:10:59,2025-08-21 08:10:59
L01166,Junction 348,Residence,"H.No. 991, Gill Chowk",Indore,Madhya Pradesh,India,20.998676,72.052564,241032,Medium,SRC009,0.89,2025-12-26 11:59:02,2026-01-11 23:59:02
L01167,Station 294,Bank,"277, Som Chowk",Ujjain,Madhya Pradesh,India,16.248383,81.290096,550371,Unknown,SRC007,0.88,2026-06-03 04:42:17,2026-06-13 18:42:17
L01168,Mall 830,Office,"476, Mutti Marg",Kota,Rajasthan,India,12.069297,75.741856,534975,Unknown,SRC021,0.78,2026-06-24 23:47:04,2026-07-17 23:47:04
L01169,Industrial Area 830,Industrial Site,"H.No. 015, Krishnamurthy",Dewas,Madhya Pradesh,India,10.065302,73.203084,554562,High,SRC029,0.8,2024-07-27 03:19:39,2026-03-19 16:48:01
L01170,Office 374,Industrial Site,"14/01, Rajan Circle",Hyderabad,Telangana,India,18.698578,72.546853,357161,Medium,SRC003,0.8,2025-04-29 19:18:29,2026-07-01 15:10:37
L01171,Warehouse 418,Residence,"720, Kurian Street",Gurugram,Haryana,India,21.033271,75.909617,546972,High,SRC003,0.97,2025-02-23 06:27:43,2025-03-23 20:27:43
L01172,Mall 466,Public Place,"H.No. 83, Kumer",Gurugram,Haryana,India,8.266787,80.174401,757230,High,SRC020,0.99,2025-06-24 17:12:06,2025-07-14 11:12:06
L01173,Office 424,Transport Hub,"69/446, Pathak Path",Gurugram,Haryana,India,18.61508,73.135286,737234,High,SRC023,0.76,2024-05-10 10:12:15,2024-08-14 09:49:15
L01174,Warehouse 428,Bank,"892, Rege Path",Hyderabad,Telangana,India,18.740536,74.778144,846637,Medium,SRC015,0.9,2025-11-18 01:15:44,2025-12-17 07:15:44
L01175,Road 664,Industrial Site,"74/25, Mammen",Pune,Maharashtra,India,14.578708,82.147243,735918,Medium,SRC025,0.99,2024-03-02 23:34:24,2026-08-22 12:04:59
L01176,Office 989,Warehouse,"49/94, Sandhu Chowk",Kanpur,Uttar Pradesh,India,23.742944,82.339968,273872,Low,SRC009,0.85,2024-09-12 01:11:06,2025-06-11 17:40:40
L01177,Apartment 608,Commercial Area,"H.No. 92, Choudhury Street",Vadodara,Gujarat,India,12.901728,84.383882,877756,Medium,SRC008,0.98,2025-01-30 05:33:20,2025-02-23 10:33:20
L01178,Market 450,Warehouse,"699, Kamdar Path",Dewas,Madhya Pradesh,India,20.646786,85.027513,688240,Unknown,SRC004,0.96,2025-08-17 01:27:05,2025-10-27 15:17:30
L01179,Hotel 443,Warehouse,"12/295, Setty Road",Ujjain,Madhya Pradesh,India,12.623979,72.831773,348993,Unknown,SRC016,0.88,2026-08-30 15:31:52,2026-09-04 23:59:59
L01180,Road 287,Public Place,"49, Gandhi",Ujjain,Madhya Pradesh,India,17.824262,87.919563,174494,High,SRC023,0.99,2024-12-14 09:12:04,2025-09-18 03:50:15
L01181,Mall 909,Residence,"39, Chatterjee Street",Jabalpur,Madhya Pradesh,India,13.106465,79.000372,219618,Medium,SRC002,0.99,2025-03-29 14:57:52,2025-12-24 21:43:09
L01182,Station 132,Transport Hub,"H.No. 102, Goyal",Mumbai,Maharashtra,India,18.969979,76.92113,182290,High,SRC013,0.79,2025-07-18 13:05:30,2025-07-22 05:05:30
L01183,Mall 663,Industrial Site,"75/075, Luthra Nagar",Delhi,Delhi,India,16.51457,73.123585,122471,Medium,SRC026,0.94,2024-09-29 16:23:42,2024-10-20 04:23:42
L01184,Industrial Area 993,Public Place,"964, Bassi Path",Delhi,Delhi,India,8.506678,78.656238,761461,Medium,SRC020,0.96,2026-08-16 08:52:11,2026-09-04 23:59:59
L01185,Warehouse 723,Hotel,"96, Kade",Surat,Gujarat,India,16.152781,81.104177,109898,Low,SRC014,0.84,2024-07-09 22:47:11,2025-09-02 09:55:25
L01186,Junction 77,Public Place,"39/527, Rout Ganj",Gurugram,Haryana,India,19.873271,76.016125,413045,Medium,SRC029,0.85,2024-01-01 21:17:08,2024-09-11 12:38:41
L01187,Apartment 488,Commercial Area,"42/438, Sathe Ganj",Pune,Maharashtra,India,16.329715,73.369963,199613,High,SRC012,0.8,2025-02-10 12:47:07,2025-02-17 09:47:07
L01188,Industrial Area 494,Bank,"06/183, Pal Path",Gurugram,Haryana,India,25.783918,77.795066,398779,Medium,SRC023,0.9,2026-06-28 08:52:54,2026-07-10 00:52:54
L01189,Mall 240,Public Place,"595, Dani Path",Surat,Gujarat,India,9.474211,87.567345,725457,Medium,SRC015,0.82,2026-04-03 19:48:48,2026-04-09 12:48:48
L01190,Road 926,Warehouse,"92/147, Dayal Marg",Kanpur,Uttar Pradesh,India,11.802182,81.911491,898992,Unknown,SRC002,0.82,2025-10-31 05:50:23,2025-11-21 22:50:23
L01191,Junction 333,Residence,"108, Sandhu Road",Nagpur,Maharashtra,India,11.648302,85.321668,759265,Unknown,SRC016,0.9,2025-07-07 22:27:03,2025-07-14 12:27:03
L01192,Warehouse 491,Industrial Site,"88/858, Devan Circle",Jabalpur,Madhya Pradesh,India,11.461164,77.325864,889667,Low,SRC030,0.85,2026-05-21 04:23:51,2026-06-09 18:23:51
L01193,Market 986,Hotel,"H.No. 850, Chada Circle",Gwalior,Madhya Pradesh,India,16.763169,78.576557,635808,Medium,SRC019,0.82,2026-04-01 22:16:01,2026-04-13 04:16:01
L01194,Mall 840,Residence,"16/33, Gole",Pune,Maharashtra,India,14.080404,79.853548,847182,Low,SRC021,0.79,2024-06-16 05:18:08,2025-11-21 05:20:47
L01195,Mall 961,Residence,"11/803, Ramaswamy Circle",Bengaluru,Karnataka,India,18.25015,78.005163,823715,High,SRC028,0.78,2025-09-25 18:22:12,2025-09-27 11:58:34
L01196,Station 796,Office,"H.No. 18, Deo Road",Lucknow,Uttar Pradesh,India,20.294375,81.497394,814900,Low,SRC028,0.87,2025-01-26 17:49:58,2026-05-17 23:27:18
L01197,Apartment 640,Hotel,"22/581, Agrawal Marg",Lucknow,Uttar Pradesh,India,21.568343,75.758575,237799,High,SRC002,0.79,2024-09-13 23:07:41,2026-07-31 12:27:16
L01198,Hotel 603,Transport Hub,"H.No. 95, Dua Street",Gurugram,Haryana,India,11.632217,86.428465,498679,Low,SRC029,0.98,2025-09-24 15:20:38,2025-10-16 21:20:38
L01199,Industrial Area 374,Commercial Area,"H.No. 85, Ganguly",Vadodara,Gujarat,India,14.386864,76.82049,751309,Unknown,SRC007,0.9,2025-10-08 09:27:09,2025-10-18 13:08:23
L01200,Warehouse 996,Residence,"972, Chakrabarti",Kanpur,Uttar Pradesh,India,21.70972,82.660898,659188,Low,SRC026,0.83,2025-06-08 23:31:36,2025-06-14 00:31:36
L01201,Hotel 323,Bank,"35/506, Sandal Marg",Bhopal,Madhya Pradesh,India,12.203614,83.473194,407913,High,SRC004,0.76,2026-01-18 23:50:34,2026-03-17 19:19:55
L01202,Market 798,Residence,"H.No. 71, Kashyap Zila",Jaipur,Rajasthan,India,22.927363,86.849727,723566,Low,SRC014,0.96,2024-06-08 17:42:29,2024-11-13 03:57:02
L01203,Hotel 199,Office,"168, Manda Road",Ujjain,Madhya Pradesh,India,16.810105,78.494,655201,Medium,SRC010,0.82,2024-07-09 01:34:35,2024-08-01 09:34:35
L01204,Station 616,Bank,"37, Mammen Zila",Vadodara,Gujarat,India,22.047607,73.462447,207127,Low,SRC010,0.8,2026-03-22 14:15:17,2026-04-12 03:15:17
L01205,Road 999,Bank,"10/16, Ramakrishnan Road",Jaipur,Rajasthan,India,14.562814,77.318397,828219,High,SRC009,0.84,2024-06-12 16:10:36,2024-06-19 07:10:36
L01206,Station 570,Hotel,"H.No. 75, Ghose Path",Indore,Madhya Pradesh,India,13.366436,87.992324,276733,Unknown,SRC001,0.84,2026-08-30 01:24:01,2026-09-04 23:59:59
L01207,Mall 560,Warehouse,"30/84, Nori Circle",Pune,Maharashtra,India,24.257422,76.96473,116088,Unknown,SRC019,0.85,2025-01-01 14:22:50,2026-04-29 01:14:49
L01208,Mall 722,Office,"49, Goda Road",Bhopal,Madhya Pradesh,India,18.27787,84.124775,278183,Low,SRC010,0.78,2024-07-01 07:11:40,2024-07-12 12:11:40
L01209,Apartment 430,Hotel,"53/17, Sane Street",Indore,Madhya Pradesh,India,26.753544,80.423084,155671,High,SRC011,0.78,2025-07-18 07:36:54,2025-08-06 22:36:54
L01210,Warehouse 930,Hotel,"H.No. 248, Mohan Road",Jaipur,Rajasthan,India,25.331577,81.799446,715443,Medium,SRC006,0.91,2026-04-11 03:57:35,2026-04-27 10:57:35
L01211,Apartment 901,Residence,"83, Murthy Zila",Bengaluru,Karnataka,India,20.013211,83.005541,349937,High,SRC007,0.98,2025-11-30 19:12:08,2025-12-08 08:12:08
L01212,Office 87,Hotel,"H.No. 913, Atwal Street",Ujjain,Madhya Pradesh,India,13.493559,85.597802,853748,High,SRC011,0.95,2024-12-20 03:33:17,2024-12-25 18:33:17
L01213,Road 611,Residence,"76/423, Reddy Ganj",Bengaluru,Karnataka,India,26.393908,79.6074,798429,High,SRC013,0.84,2024-06-23 02:52:39,2024-06-23 20:52:39
L01214,Industrial Area 135,Hotel,"12/57, Taneja Ganj",Kanpur,Uttar Pradesh,India,9.148023,82.25016,105673,Unknown,SRC012,0.86,2024-07-24 07:21:15,2025-05-14 16:03:02
L01215,Apartment 453,Office,"65, Parmar Street",Lucknow,Uttar Pradesh,India,20.947018,77.924636,705534,Low,SRC010,0.77,2024-07-07 19:00:36,2024-08-25 09:31:33
L01216,Industrial Area 467,Bank,"H.No. 02, Sule Marg",Jaipur,Rajasthan,India,27.08789,87.948317,534557,High,SRC026,0.89,2026-02-03 10:37:27,2026-06-27 13:39:11
L01217,Office 737,Warehouse,"H.No. 449, Dutta",Mumbai,Maharashtra,India,13.426196,81.623634,110837,Unknown,SRC007,0.86,2025-07-04 18:04:21,2025-07-11 11:04:21
L01218,Station 483,Commercial Area,"H.No. 18, Patla Marg",Hyderabad,Telangana,India,14.568717,79.224824,738564,Low,SRC026,0.78,2026-08-09 20:25:01,2026-08-16 04:25:01
L01219,Junction 343,Transport Hub,"01/253, Banerjee",Bengaluru,Karnataka,India,21.40032,86.761305,321596,High,SRC029,0.82,2024-07-09 04:53:28,2025-02-08 15:35:55
L01220,Mall 142,Public Place,"H.No. 245, Subramaniam Zila",Kanpur,Uttar Pradesh,India,24.809101,79.14995,584412,High,SRC004,0.81,2025-05-03 11:29:49,2025-05-09 14:29:49
L01221,Station 499,Transport Hub,"H.No. 33, Sabharwal Circle",Jaipur,Rajasthan,India,23.330648,80.334503,105282,Unknown,SRC020,0.96,2024-07-01 10:19:52,2025-10-09 06:15:00
L01222,Industrial Area 531,Public Place,"H.No. 95, Subramanian Circle",Lucknow,Uttar Pradesh,India,12.638903,86.60659,674436,High,SRC004,0.88,2026-07-26 11:04:55,2026-08-15 05:04:55
L01223,Hotel 599,Residence,"H.No. 03, Mann Street",Pune,Maharashtra,India,22.917706,86.386553,778173,High,SRC020,0.76,2025-11-18 15:57:47,2025-11-22 10:57:47
L01224,Junction 267,Bank,"H.No. 71, Merchant Zila",Ahmedabad,Gujarat,India,13.576748,79.328664,873477,Unknown,SRC005,0.84,2025-03-29 07:28:33,2025-04-23 07:28:33
L01225,Hotel 744,Warehouse,"H.No. 97, Venkataraman",Nagpur,Maharashtra,India,17.608456,78.591437,362017,Low,SRC020,0.83,2026-05-18 18:46:57,2026-06-02 20:46:57
L01226,Office 563,Bank,"H.No. 423, Boase Nagar",Delhi,Delhi,India,13.545315,72.877009,726034,High,SRC003,0.96,2025-01-23 20:19:54,2025-01-28 17:19:54
L01227,Road 127,Transport Hub,"89, Golla Nagar",Pune,Maharashtra,India,15.636596,72.116658,673963,Unknown,SRC018,0.79,2025-02-27 18:17:45,2025-07-17 19:56:38
L01228,Market 234,Commercial Area,"78/700, Shankar Zila",Kanpur,Uttar Pradesh,India,16.278102,87.194251,538832,Low,SRC022,0.97,2024-05-27 14:11:51,2024-06-21 14:11:51
L01229,Hotel 548,Bank,"H.No. 02, Dhingra Circle",Kanpur,Uttar Pradesh,India,17.606175,72.006791,164303,Unknown,SRC012,0.76,2024-12-08 01:51:06,2025-11-06 16:40:39
L01230,Road 670,Hotel,"H.No. 818, Babu Zila",Mumbai,Maharashtra,India,24.760776,81.610086,105025,Medium,SRC011,0.84,2026-05-16 21:11:21,2026-05-20 02:11:21
L01231,Road 953,Bank,"04/469, Pant Chowk",Delhi,Delhi,India,21.832262,76.871698,275469,Unknown,SRC027,0.81,2026-05-11 18:48:23,2026-05-20 10:48:23
L01232,Industrial Area 69,Industrial Site,"H.No. 808, Nori Path",Gurugram,Haryana,India,16.065105,78.501304,486348,Unknown,SRC024,0.93,2025-04-15 12:32:37,2025-05-13 18:21:53
L01233,Station 72,Public Place,"50/60, Chhabra Circle",Lucknow,Uttar Pradesh,India,26.040731,84.728494,877509,Unknown,SRC007,0.94,2026-05-19 22:48:30,2026-06-06 23:48:30
L01234,Apartment 11,Hotel,"19, Yadav Circle",Gwalior,Madhya Pradesh,India,10.848271,84.789959,242743,Medium,SRC010,0.91,2024-09-23 17:30:09,2025-12-22 02:48:47
L01235,Mall 432,Transport Hub,"435, Kuruvilla Nagar",Bengaluru,Karnataka,India,8.544518,76.045834,485396,Unknown,SRC012,0.94,2026-05-08 10:07:55,2026-05-11 05:07:55
L01236,Road 499,Bank,"24/93, Shroff Road",Nagpur,Maharashtra,India,8.606303,77.00483,725773,Unknown,SRC010,0.81,2024-01-18 05:23:57,2024-08-14 08:34:40
L01237,Junction 989,Commercial Area,"H.No. 61, Baria",Pune,Maharashtra,India,13.745284,74.111297,634258,Unknown,SRC013,0.79,2025-04-06 00:29:04,2025-08-11 15:57:37
L01238,Market 869,Office,"625, Sagar Chowk",Kanpur,Uttar Pradesh,India,22.01262,85.82459,297824,Medium,SRC029,0.81,2025-05-13 22:15:22,2026-03-03 05:07:07
L01239,Office 546,Residence,"H.No. 55, Sawhney Ganj",Lucknow,Uttar Pradesh,India,26.342461,84.637705,420092,Medium,SRC027,0.75,2026-07-21 06:50:48,2026-08-09 23:50:48
L01240,Station 330,Residence,"95/280, Barad Chowk",Pune,Maharashtra,India,13.776707,77.678318,718815,Unknown,SRC020,0.85,2025-05-30 12:24:00,2025-06-12 15:35:42
L01241,Market 950,Office,"793, Rao Path",Bhopal,Madhya Pradesh,India,20.02219,86.024873,559165,Medium,SRC003,0.94,2026-08-13 09:59:49,2026-08-17 01:59:49
L01242,Office 826,Transport Hub,"09, Karnik Chowk",Surat,Gujarat,India,8.291617,76.358142,748712,Low,SRC030,0.83,2024-04-11 00:34:07,2024-04-17 02:53:29
L01243,Hotel 527,Transport Hub,"H.No. 380, Dhar Path",Delhi,Delhi,India,21.903817,74.326262,635724,Unknown,SRC017,0.85,2024-08-28 19:32:11,2024-09-18 14:36:29
L01244,Office 492,Bank,"89/021, Saxena Chowk",Ujjain,Madhya Pradesh,India,24.283449,83.65168,436101,Medium,SRC026,0.81,2026-04-13 00:01:33,2026-04-15 03:01:33
L01245,Hotel 447,Transport Hub,"64, Bhatti Ganj",Pune,Maharashtra,India,26.090127,72.318772,722837,High,SRC009,0.94,2024-11-13 07:17:26,2025-07-17 08:56:34
L01246,Station 987,Public Place,"87/048, Palan Path",Delhi,Delhi,India,9.679483,85.90092,897872,Medium,SRC029,0.89,2026-06-11 22:08:47,2026-06-17 23:08:47
L01247,Market 749,Public Place,"H.No. 969, Borah Chowk",Vadodara,Gujarat,India,13.626839,72.222237,877541,Low,SRC018,0.82,2024-03-24 10:28:41,2024-10-13 12:47:16
L01248,Apartment 685,Warehouse,"29, Lad Chowk",Gurugram,Haryana,India,20.768812,77.89763,294736,Medium,SRC007,0.81,2025-04-14 23:01:57,2025-05-09 01:01:57
L01249,Hotel 718,Commercial Area,"763, Bedi Nagar",Kota,Rajasthan,India,13.628855,83.964296,573045,Medium,SRC027,0.91,2024-05-24 01:42:55,2026-06-02 10:12:09
L01250,Apartment 780,Industrial Site,"437, Sule Path",Bhopal,Madhya Pradesh,India,13.608931,87.66116,676654,Unknown,SRC022,0.79,2024-05-21 21:58:53,2026-05-12 17:51:03
L01251,Junction 692,Residence,"64, Bhasin Path",Nagpur,Maharashtra,India,9.522522,81.631886,574671,Medium,SRC023,0.99,2024-10-25 08:14:11,2025-12-02 12:13:35
L01252,Warehouse 915,Transport Hub,"H.No. 020, Barad",Bengaluru,Karnataka,India,21.592954,85.237675,674436,Medium,SRC011,0.96,2025-11-11 05:44:32,2025-11-25 15:44:32
L01253,Office 352,Public Place,"858, Merchant Street",Nagpur,Maharashtra,India,10.507438,87.767112,685889,Unknown,SRC026,0.93,2025-09-26 04:17:10,2025-11-04 10:27:00
L01254,Industrial Area 711,Industrial Site,"35/246, Magar Street",Indore,Madhya Pradesh,India,9.693152,84.137783,337950,High,SRC023,0.86,2024-05-05 00:11:24,2026-05-15 22:02:19
L01255,Warehouse 251,Transport Hub,"36/97, Chaudhry Chowk",Surat,Gujarat,India,23.492372,79.411178,610275,High,SRC020,0.77,2025-08-08 18:05:41,2025-08-25 20:05:41
L01256,Market 384,Industrial Site,"51/749, Lata Zila",Surat,Gujarat,India,25.693938,74.216897,592534,High,SRC002,0.93,2025-02-09 10:12:51,2025-03-06 18:12:51
L01257,Junction 428,Commercial Area,"H.No. 952, Sabharwal Ganj",Surat,Gujarat,India,9.561597,72.951303,377534,Low,SRC022,0.9,2024-06-27 02:06:02,2024-12-08 05:48:34
L01258,Warehouse 99,Commercial Area,"536, Padmanabhan Circle",Kota,Rajasthan,India,23.425997,79.269331,433114,Unknown,SRC005,0.83,2026-03-04 00:17:50,2026-04-02 06:17:50
L01259,Apartment 122,Commercial Area,"20/77, Wable Nagar",Indore,Madhya Pradesh,India,18.702898,78.057354,805978,Medium,SRC025,0.89,2024-11-09 22:27:08,2024-12-31 02:33:53
L01260,Junction 914,Warehouse,"14/548, Ben Ganj",Nagpur,Maharashtra,India,18.940997,83.007286,860655,High,SRC022,0.75,2024-03-26 05:06:30,2025-06-05 05:37:25
L01261,Office 799,Hotel,"H.No. 840, Rama Chowk",Hyderabad,Telangana,India,10.149322,77.678731,739049,Low,SRC016,0.88,2026-06-09 18:10:09,2026-06-23 15:10:09
L01262,Market 902,Commercial Area,"H.No. 33, Dash Marg",Pune,Maharashtra,India,21.690807,81.309266,866836,Low,SRC008,0.93,2025-06-21 05:27:33,2025-07-07 16:27:33
L01263,Office 764,Warehouse,"68/240, Kadakia Marg",Mumbai,Maharashtra,India,25.598633,74.27501,466117,High,SRC022,0.84,2024-10-05 21:27:28,2025-08-29 12:08:56
L01264,Hotel 962,Public Place,"876, Virk Chowk",Vadodara,Gujarat,India,24.379136,86.209807,644331,High,SRC020,0.87,2025-11-15 01:07:03,2025-11-29 12:07:03
L01265,Hotel 751,Bank,"56/080, Setty Nagar",Jaipur,Rajasthan,India,18.927307,75.514243,762241,Medium,SRC020,0.81,2024-10-25 23:37:32,2025-08-31 09:43:15
L01266,Junction 213,Office,"02/507, Nagi Circle",Hyderabad,Telangana,India,8.589687,82.912619,733502,Low,SRC018,0.87,2026-01-17 07:23:23,2026-02-06 04:23:23
L01267,Industrial Area 561,Bank,"827, Cheema Circle",Vadodara,Gujarat,India,18.615096,74.988909,696767,Low,SRC022,0.95,2024-03-18 18:28:11,2025-07-06 09:57:14
L01268,Industrial Area 185,Industrial Site,"64/88, Verma Chowk",Surat,Gujarat,India,12.84498,79.131165,381294,Medium,SRC001,0.91,2024-12-31 10:41:13,2026-08-22 14:16:53
L01269,Mall 617,Industrial Site,"02, Chandran Road",Ujjain,Madhya Pradesh,India,16.643296,77.781853,469025,High,SRC013,0.93,2025-08-07 14:04:33,2025-08-29 03:04:33
L01270,Industrial Area 772,Transport Hub,"64, Buch Nagar",Indore,Madhya Pradesh,India,14.829451,78.712879,489090,High,SRC022,0.93,2024-04-22 04:04:50,2024-08-01 00:09:18
L01271,Market 918,Hotel,"78/33, Bhat Street",Delhi,Delhi,India,26.244012,79.160146,714670,Unknown,SRC012,0.87,2026-07-24 05:33:55,2026-08-15 12:33:55
L01272,Market 814,Industrial Site,"69/13, Das Street",Surat,Gujarat,India,25.413694,82.632496,752528,Low,SRC016,0.83,2024-10-21 08:10:08,2024-10-24 00:10:08
L01273,Market 259,Public Place,"222, Subramaniam Zila",Jabalpur,Madhya Pradesh,India,23.862994,81.366724,507578,Low,SRC029,0.86,2024-01-08 15:47:11,2025-04-14 20:32:52
L01274,Apartment 595,Residence,"H.No. 264, Vig Street",Ahmedabad,Gujarat,India,20.655749,85.214121,703566,High,SRC016,0.99,2025-02-13 07:21:58,2025-05-15 01:03:44
L01275,Road 172,Residence,"79, Choudhary Nagar",Mumbai,Maharashtra,India,10.980908,82.06593,861814,High,SRC027,0.97,2025-03-31 09:40:37,2025-04-23 03:40:37
L01276,Market 699,Bank,"214, Brar Chowk",Nagpur,Maharashtra,India,12.710541,73.619868,448780,Unknown,SRC003,0.97,2024-07-01 12:02:10,2024-07-27 20:02:10
L01277,Market 124,Office,"39, Mane Path",Bengaluru,Karnataka,India,11.617487,84.116642,755682,Unknown,SRC016,0.97,2026-05-08 07:23:15,2026-05-18 17:23:15
L01278,Warehouse 753,Public Place,"771, Natt Circle",Bengaluru,Karnataka,India,20.3677,82.083173,168770,Medium,SRC029,0.85,2024-01-16 13:16:45,2026-02-24 09:58:45
L01279,Station 679,Public Place,"45/64, Banik Circle",Jaipur,Rajasthan,India,13.491735,73.060504,567611,Low,SRC016,0.92,2024-12-02 10:29:01,2024-12-03 08:29:01
L01280,Hotel 188,Bank,"H.No. 87, Mukhopadhyay Ganj",Pune,Maharashtra,India,14.833029,77.866705,225386,Low,SRC018,0.81,2026-06-18 01:37:32,2026-06-19 03:37:32
L01281,Market 668,Residence,"31, Karan Road",Mumbai,Maharashtra,India,9.504706,78.1801,403798,Medium,SRC006,0.77,2024-03-15 05:09:05,2024-07-29 12:06:02
L01282,Road 958,Residence,"489, Chaudhary Chowk",Dewas,Madhya Pradesh,India,9.188299,87.276079,738872,High,SRC003,0.94,2024-08-31 12:40:26,2024-09-23 04:40:26
L01283,Station 729,Transport Hub,"432, Ahuja Road",Jaipur,Rajasthan,India,12.215904,72.602939,121631,Unknown,SRC001,0.94,2026-02-08 11:26:08,2026-02-15 20:26:08
L01284,Mall 878,Hotel,"81/379, Doctor Chowk",Jabalpur,Madhya Pradesh,India,9.928453,79.851764,174226,Medium,SRC005,0.95,2026-07-18 02:14:47,2026-07-25 08:14:47
L01285,Station 857,Transport Hub,"85/10, Agarwal Zila",Ahmedabad,Gujarat,India,27.709843,79.587131,113340,Low,SRC013,0.76,2025-03-14 05:10:54,2025-04-01 18:10:54
L01286,Market 441,Bank,"63, Swamy Street",Jaipur,Rajasthan,India,27.187822,75.790359,391066,Unknown,SRC017,0.88,2024-12-20 20:42:11,2025-01-05 00:42:11
L01287,Office 75,Transport Hub,"59/787, Sarin",Bengaluru,Karnataka,India,10.444976,73.886053,238664,Low,SRC015,0.79,2024-06-16 06:30:04,2026-07-31 08:36:12
L01288,Market 516,Transport Hub,"22/441, Palla Chowk",Bengaluru,Karnataka,India,17.418479,84.959223,854499,Low,SRC024,0.78,2025-02-05 14:31:49,2026-07-23 03:18:40
L01289,Industrial Area 63,Commercial Area,"H.No. 273, Bhatnagar Path",Gwalior,Madhya Pradesh,India,23.347917,76.342781,790247,Unknown,SRC024,0.83,2026-04-17 23:32:21,2026-05-11 12:32:21
L01290,Industrial Area 775,Commercial Area,"77/021, Subramaniam Road",Vadodara,Gujarat,India,16.997216,72.340612,550148,Medium,SRC026,0.93,2025-09-09 10:27:21,2025-09-25 14:27:21
L01291,Industrial Area 892,Commercial Area,"79/931, Luthra Circle",Jaipur,Rajasthan,India,20.664611,84.005709,754317,High,SRC025,0.87,2024-02-24 12:06:13,2025-02-21 19:26:46
L01292,Warehouse 854,Residence,"76, Ramanathan Nagar",Bengaluru,Karnataka,India,24.366794,84.175222,879928,Medium,SRC024,0.95,2025-01-06 14:49:19,2025-11-24 13:58:44
L01293,Mall 290,Industrial Site,"H.No. 39, Bahl Nagar",Gurugram,Haryana,India,22.324629,78.435445,431670,Medium,SRC007,0.94,2024-09-19 03:43:56,2024-10-15 01:43:56
L01294,Market 296,Commercial Area,"240, Saran Marg",Kanpur,Uttar Pradesh,India,24.788181,75.097544,353729,Medium,SRC001,0.81,2025-01-07 18:22:24,2025-03-29 06:54:38
L01295,Office 27,Bank,"38, Agrawal Nagar",Kanpur,Uttar Pradesh,India,24.97316,72.034316,313758,Medium,SRC013,0.98,2025-11-01 00:45:40,2025-11-20 19:45:40
L01296,Hotel 346,Transport Hub,"67, Pandey Chowk",Delhi,Delhi,India,16.933418,75.237129,131297,Unknown,SRC026,0.82,2025-05-11 14:39:42,2026-07-16 11:52:59
L01297,Station 216,Industrial Site,"64/89, Tiwari Ganj",Ujjain,Madhya Pradesh,India,10.790034,73.290694,113955,Unknown,SRC028,0.95,2024-09-21 10:17:29,2024-10-05 22:39:03
L01298,Market 198,Commercial Area,"H.No. 16, Nair Street",Mumbai,Maharashtra,India,18.139145,73.435702,808178,Medium,SRC013,0.98,2025-01-24 23:00:48,2025-04-17 07:21:18
L01299,Market 558,Residence,"87/36, Patla Nagar",Pune,Maharashtra,India,23.655392,83.97891,103535,High,SRC018,0.97,2025-07-01 00:00:26,2025-07-22 03:00:26
L01300,Mall 911,Industrial Site,"580, Bal Nagar",Indore,Madhya Pradesh,India,22.269624,86.088685,318009,Low,SRC004,0.79,2025-06-01 04:39:11,2025-09-09 18:46:42
L01301,Mall 22,Transport Hub,"166, Kar Path",Vadodara,Gujarat,India,14.090963,86.075871,350103,Low,SRC013,0.99,2025-05-20 07:32:20,2025-06-15 22:32:20
L01302,Industrial Area 130,Office,"95/873, Dash Nagar",Delhi,Delhi,India,9.998473,79.123554,441892,Unknown,SRC017,0.78,2024-08-20 03:48:01,2025-06-02 09:42:28
L01303,Mall 922,Office,"471, Nanda Path",Hyderabad,Telangana,India,27.291083,85.616538,515285,Unknown,SRC014,0.97,2024-10-03 09:14:33,2026-01-11 17:56:43
L01304,Hotel 132,Office,"87/11, Rout",Pune,Maharashtra,India,14.676516,86.913773,213868,Unknown,SRC007,0.95,2025-01-20 14:25:29,2026-06-02 02:53:23
L01305,Warehouse 75,Residence,"83/949, Nagi Chowk",Delhi,Delhi,India,17.040002,72.105123,712904,Unknown,SRC018,0.85,2024-06-02 18:08:33,2024-06-03 12:08:33
L01306,Junction 430,Transport Hub,"46, Wadhwa Zila",Kota,Rajasthan,India,10.016997,79.562549,644337,Medium,SRC012,0.96,2024-07-15 09:20:12,2025-08-13 21:27:28
L01307,Station 563,Commercial Area,"06/29, Chacko",Ahmedabad,Gujarat,India,11.82861,79.465817,558313,Medium,SRC011,0.79,2026-05-28 21:23:53,2026-06-07 12:14:43
L01308,Industrial Area 948,Public Place,"314, Ramesh Chowk",Delhi,Delhi,India,18.76737,85.35357,300916,Unknown,SRC023,0.87,2024-10-09 22:36:44,2025-01-07 08:41:23
L01309,Road 383,Office,"H.No. 85, Barad Ganj",Pune,Maharashtra,India,15.760585,86.408174,746319,Low,SRC008,0.92,2024-10-10 16:56:54,2026-01-20 08:56:48
L01310,Industrial Area 758,Residence,"62/190, Rout Ganj",Pune,Maharashtra,India,9.996976,82.821653,654384,Low,SRC029,0.9,2024-09-03 15:11:19,2026-07-21 10:55:28
L01311,Industrial Area 816,Office,"32, Gopal Marg",Bhopal,Madhya Pradesh,India,15.022939,87.929486,763459,Low,SRC020,0.9,2025-01-14 02:17:23,2025-02-01 02:17:23
L01312,Apartment 145,Hotel,"535, Ganesh Street",Jaipur,Rajasthan,India,9.159091,76.911308,748076,Unknown,SRC005,0.83,2025-01-19 23:55:10,2026-06-01 04:07:50
L01313,Station 78,Office,"65/45, Gandhi",Hyderabad,Telangana,India,15.22796,87.432018,449517,High,SRC022,0.91,2026-08-30 05:04:00,2026-09-04 23:59:59
L01314,Apartment 824,Industrial Site,"32/73, Kurian Circle",Pune,Maharashtra,India,23.471249,73.466017,610059,Medium,SRC030,0.93,2024-08-31 10:43:11,2025-06-07 10:39:53
L01315,Market 445,Warehouse,"06, Barad",Hyderabad,Telangana,India,18.950836,84.223092,131972,Low,SRC011,0.92,2026-06-01 15:58:12,2026-06-24 14:58:12
L01316,Station 55,Hotel,"082, Rau Nagar",Kota,Rajasthan,India,8.534243,86.881965,602883,Low,SRC012,0.98,2025-02-02 00:04:15,2025-02-28 04:04:15
L01317,Apartment 270,Hotel,"H.No. 158, Kunda Nagar",Lucknow,Uttar Pradesh,India,13.482231,81.078822,281824,Unknown,SRC008,0.83,2025-09-26 21:17:50,2025-10-26 15:17:50
L01318,Market 710,Industrial Site,"50, Mistry Road",Lucknow,Uttar Pradesh,India,17.975488,81.848658,430772,Medium,SRC010,0.87,2026-07-08 22:52:33,2026-07-09 06:52:33
L01319,Junction 97,Public Place,"827, Walia Ganj",Ahmedabad,Gujarat,India,17.275296,74.307931,314018,Unknown,SRC024,0.82,2024-08-07 10:37:13,2025-03-21 15:05:31
L01320,Road 417,Transport Hub,"69/304, Bora Path",Indore,Madhya Pradesh,India,17.995524,74.087727,583784,Medium,SRC005,0.84,2025-08-07 07:55:20,2026-03-30 03:04:50
L01321,Junction 536,Bank,"H.No. 054, Parsa Street",Pune,Maharashtra,India,8.483619,83.507729,886890,Medium,SRC019,0.95,2026-02-23 06:10:13,2026-02-24 06:10:13
L01322,Station 689,Warehouse,"78, Lala Circle",Gwalior,Madhya Pradesh,India,19.203015,81.427716,310042,High,SRC012,0.81,2025-06-02 07:53:36,2025-06-19 12:53:36
L01323,Station 144,Bank,"H.No. 02, Pandit Marg",Jabalpur,Madhya Pradesh,India,17.535532,75.291721,879059,Low,SRC028,0.97,2025-03-12 07:37:43,2025-03-14 03:37:43
L01324,Mall 99,Warehouse,"77/810, Chhabra Circle",Surat,Gujarat,India,21.40808,87.215899,695212,Unknown,SRC013,0.99,2024-01-20 08:22:21,2024-07-15 04:23:39
L01325,Junction 8,Transport Hub,"96/21, Goda Ganj",Pune,Maharashtra,India,23.9492,81.966025,816514,High,SRC009,0.97,2026-08-03 02:35:24,2026-08-12 10:35:24
L01326,Station 350,Warehouse,"942, Dua",Delhi,Delhi,India,24.995618,74.064917,418121,Unknown,SRC028,0.9,2025-06-15 01:28:41,2026-08-21 06:16:30
L01327,Hotel 963,Office,"H.No. 79, Lala",Lucknow,Uttar Pradesh,India,16.244467,74.847663,522839,Unknown,SRC012,0.77,2025-06-06 01:26:50,2026-04-02 10:09:33
L01328,Apartment 381,Warehouse,"53/32, Chaudry Ganj",Gwalior,Madhya Pradesh,India,20.57966,76.753153,121548,High,SRC021,0.86,2026-06-12 18:34:18,2026-07-04 07:34:18
L01329,Market 641,Residence,"H.No. 874, Sura Marg",Surat,Gujarat,India,15.088941,86.153809,567712,High,SRC022,0.83,2024-07-29 14:43:34,2026-03-31 03:30:48
L01330,Market 497,Public Place,"31/082, Gopal Ganj",Lucknow,Uttar Pradesh,India,16.390138,80.554904,115082,High,SRC004,0.8,2026-01-18 16:26:35,2026-05-12 01:14:49
L01331,Warehouse 184,Bank,"86/114, Rout Zila",Pune,Maharashtra,India,16.714154,79.926428,555788,Medium,SRC007,0.83,2024-09-21 06:28:54,2024-10-19 23:28:54
L01332,Mall 181,Warehouse,"74/735, Shan Path",Ahmedabad,Gujarat,India,26.403318,77.796926,767163,High,SRC027,0.98,2024-10-22 03:33:00,2026-03-29 03:29:52
L01333,Mall 122,Public Place,"98, Keer Chowk",Kanpur,Uttar Pradesh,India,25.453029,82.613752,119757,High,SRC026,0.81,2026-05-04 14:13:57,2026-05-11 10:13:57
L01334,Industrial Area 435,Commercial Area,"45/370, Madan Chowk",Gwalior,Madhya Pradesh,India,14.228065,73.706118,131439,High,SRC004,0.77,2025-02-04 13:20:37,2025-02-07 14:20:37
L01335,Warehouse 34,Office,"H.No. 928, Shroff Street",Hyderabad,Telangana,India,13.858023,84.414011,247549,Medium,SRC019,0.9,2024-11-20 12:51:34,2025-12-05 03:07:34
L01336,Office 849,Industrial Site,"H.No. 14, Tandon Zila",Ujjain,Madhya Pradesh,India,24.38717,75.764766,501159,High,SRC017,0.81,2024-12-13 07:13:54,2025-08-19 02:32:16
L01337,Market 691,Office,"H.No. 857, Sawhney Zila",Kanpur,Uttar Pradesh,India,10.693372,79.597214,164478,Medium,SRC029,0.86,2024-11-13 12:02:43,2026-05-06 01:01:58
L01338,Warehouse 937,Commercial Area,"43/976, Chacko Street",Gurugram,Haryana,India,15.703522,80.030429,897485,High,SRC007,0.95,2026-08-24 23:57:38,2026-09-02 11:57:38
L01339,Market 854,Office,"084, Dar Circle",Bengaluru,Karnataka,India,21.622972,76.508545,445424,Unknown,SRC019,0.97,2025-04-22 09:18:42,2025-04-29 11:18:42
L01340,Market 935,Industrial Site,"73/085, Gill Marg",Nagpur,Maharashtra,India,8.039834,75.076786,239241,Medium,SRC006,0.89,2026-07-06 20:26:00,2026-07-22 23:26:00
L01341,Station 268,Office,"01/749, Chaudry Chowk",Bhopal,Madhya Pradesh,India,20.100438,84.221509,641254,High,SRC018,0.93,2024-04-24 22:59:38,2025-07-27 20:34:08
L01342,Office 712,Hotel,"H.No. 816, Srinivasan Road",Bhopal,Madhya Pradesh,India,17.29167,76.029282,397865,Medium,SRC027,0.85,2024-04-09 05:24:44,2025-07-13 14:50:54
L01343,Mall 464,Warehouse,"25/274, Anne Chowk",Surat,Gujarat,India,18.493582,86.860764,657173,Medium,SRC018,0.96,2026-04-21 08:13:03,2026-04-25 16:13:03
L01344,Station 183,Public Place,"15, Warrior Chowk",Surat,Gujarat,India,8.874961,72.214056,293060,Low,SRC012,0.89,2026-03-06 19:08:31,2026-03-26 17:08:31
L01345,Warehouse 884,Industrial Site,"20/93, Gara Circle",Indore,Madhya Pradesh,India,23.368104,80.183321,355325,Low,SRC023,0.81,2025-05-04 05:25:57,2026-05-31 19:29:49
L01346,Hotel 951,Hotel,"H.No. 221, Lanka Street",Indore,Madhya Pradesh,India,17.121292,74.460421,641616,Unknown,SRC028,0.88,2025-01-06 06:20:54,2025-09-30 02:40:44
L01347,Office 805,Warehouse,"H.No. 94, Joshi Circle",Gurugram,Haryana,India,9.022322,84.092148,741399,Medium,SRC001,0.86,2026-03-23 23:03:53,2026-03-31 06:03:53
L01348,Mall 65,Public Place,"H.No. 22, Sinha Circle",Bhopal,Madhya Pradesh,India,19.422065,74.720885,347629,Medium,SRC007,0.96,2025-02-17 09:38:51,2025-03-08 19:38:51
L01349,Industrial Area 388,Public Place,"H.No. 396, Hari Nagar",Hyderabad,Telangana,India,11.346699,77.860447,166224,Low,SRC012,0.95,2024-03-11 13:25:30,2026-06-10 17:24:06
L01350,Road 575,Residence,"73, Sanghvi Circle",Ujjain,Madhya Pradesh,India,16.906816,85.414252,561062,Medium,SRC015,0.93,2024-05-01 09:14:25,2025-10-28 17:44:43
L01351,Office 852,Transport Hub,"26, Din",Bengaluru,Karnataka,India,24.977681,86.914648,383312,Unknown,SRC007,0.83,2024-10-24 19:55:47,2025-02-11 02:18:10
L01352,Junction 598,Warehouse,"77, Sarma Ganj",Pune,Maharashtra,India,22.069774,78.247085,699733,Unknown,SRC021,0.91,2025-06-30 07:00:13,2025-07-30 03:00:13
L01353,Hotel 360,Office,"81/32, Bhatt Street",Bengaluru,Karnataka,India,9.060329,74.252729,495432,Medium,SRC008,0.84,2025-07-21 16:46:07,2025-07-24 08:46:07
L01354,Mall 357,Bank,"H.No. 36, Muni Zila",Lucknow,Uttar Pradesh,India,24.904657,74.376142,380515,Medium,SRC009,0.85,2026-07-16 16:13:27,2026-08-14 18:13:27
L01355,Mall 836,Office,"78, Master Ganj",Mumbai,Maharashtra,India,25.749714,73.306314,466504,Low,SRC012,0.83,2026-04-16 14:15:30,2026-04-26 10:15:30
L01356,Industrial Area 375,Hotel,"28/23, Sachar Street",Kanpur,Uttar Pradesh,India,8.371016,82.179924,808663,Unknown,SRC003,0.82,2025-11-04 11:09:11,2025-11-08 11:09:11
L01357,Road 686,Residence,"H.No. 776, Mani Chowk",Hyderabad,Telangana,India,27.614143,86.003947,620356,High,SRC003,0.85,2025-11-02 05:31:43,2025-11-28 15:31:43
L01358,Hotel 643,Warehouse,"H.No. 69, Pingle Chowk",Hyderabad,Telangana,India,21.041654,74.993636,887115,Low,SRC009,0.83,2026-04-23 12:39:04,2026-05-03 20:39:04
L01359,Mall 83,Office,"89, Ray Chowk",Nagpur,Maharashtra,India,19.248487,81.855613,682968,Low,SRC016,0.9,2025-08-19 01:32:31,2026-05-13 21:55:38
L01360,Junction 346,Industrial Site,"28/10, Sengupta Circle",Lucknow,Uttar Pradesh,India,14.017031,83.818825,768215,High,SRC019,0.81,2025-01-20 01:00:15,2026-03-30 19:58:16
L01361,Road 890,Warehouse,"02/26, Mammen Ganj",Bhopal,Madhya Pradesh,India,16.417764,80.842034,141136,Unknown,SRC012,0.93,2024-08-23 18:40:34,2025-10-18 23:43:08
L01362,Industrial Area 673,Warehouse,"26, Char Nagar",Indore,Madhya Pradesh,India,27.745806,85.251729,578417,Low,SRC012,0.86,2024-01-16 15:26:41,2026-04-29 16:01:46
L01363,Warehouse 584,Bank,"H.No. 145, Rout Nagar",Indore,Madhya Pradesh,India,13.704492,75.365142,804695,High,SRC015,0.83,2026-03-18 11:53:33,2026-03-28 00:53:33
L01364,Road 132,Commercial Area,"H.No. 52, Sarkar Marg",Jabalpur,Madhya Pradesh,India,14.876868,85.108496,641557,High,SRC028,0.9,2024-01-15 11:29:30,2026-01-03 00:46:12
L01365,Market 720,Industrial Site,"07/98, Palan Road",Lucknow,Uttar Pradesh,India,13.370702,85.087218,743881,Low,SRC001,0.77,2026-01-07 03:27:26,2026-01-19 12:27:26
L01366,Warehouse 131,Hotel,"00/956, Mishra Ganj",Kanpur,Uttar Pradesh,India,15.603604,74.437524,532217,Medium,SRC010,0.9,2026-03-25 15:31:24,2026-03-26 23:31:24
L01367,Industrial Area 695,Residence,"H.No. 16, Chandra Marg",Ahmedabad,Gujarat,India,8.093376,87.569492,596313,High,SRC004,0.89,2025-02-02 03:16:53,2025-02-02 09:16:53
L01368,Station 918,Bank,"21/976, Ben Road",Bhopal,Madhya Pradesh,India,26.082949,76.932244,889261,High,SRC025,0.85,2025-11-08 14:42:07,2025-11-20 13:42:07
L01369,Hotel 829,Bank,"H.No. 21, Narasimhan Road",Bengaluru,Karnataka,India,21.781919,86.360635,781689,High,SRC018,0.87,2025-12-15 18:50:40,2025-12-20 14:50:40
L01370,Industrial Area 396,Hotel,"086, Bansal Street",Ahmedabad,Gujarat,India,27.052915,87.312834,669421,Medium,SRC011,0.86,2025-03-09 19:13:41,2025-03-30 10:13:41
L01371,Road 31,Office,"H.No. 889, Shenoy Road",Kanpur,Uttar Pradesh,India,25.17309,82.789145,786218,Low,SRC023,0.92,2026-04-20 17:18:38,2026-05-17 07:18:38
L01372,Apartment 274,Bank,"63/602, Rout Nagar",Kota,Rajasthan,India,14.147891,84.325143,868604,Low,SRC017,0.75,2026-03-12 19:08:22,2026-04-02 05:08:22
L01373,Office 47,Warehouse,"H.No. 70, Dada Marg",Nagpur,Maharashtra,India,11.137776,72.246561,168862,Unknown,SRC029,0.83,2024-02-15 22:38:02,2024-07-25 17:58:56
L01374,Apartment 796,Public Place,"81/58, Merchant Zila",Pune,Maharashtra,India,27.853117,84.39413,260783,Medium,SRC030,0.87,2024-05-18 04:44:17,2026-08-13 12:47:04
L01375,Station 353,Bank,"H.No. 69, Sawhney Nagar",Gurugram,Haryana,India,15.198393,77.715679,394480,Medium,SRC011,0.87,2025-09-09 03:42:27,2025-11-28 19:29:30
L01376,Hotel 964,Public Place,"405, Bhavsar Chowk",Kanpur,Uttar Pradesh,India,25.536028,77.761436,303867,Unknown,SRC025,0.84,2026-04-10 17:49:59,2026-05-02 02:05:12
L01377,Industrial Area 538,Warehouse,"431, Gola Path",Lucknow,Uttar Pradesh,India,21.156852,76.958078,825802,Unknown,SRC004,0.8,2026-08-03 09:11:27,2026-08-03 14:11:27
L01378,Market 180,Commercial Area,"H.No. 16, Warrior Street",Bhopal,Madhya Pradesh,India,15.047013,78.483351,672796,High,SRC011,0.95,2026-02-04 17:29:31,2026-02-10 18:29:31
L01379,Junction 456,Industrial Site,"H.No. 001, Toor Street",Pune,Maharashtra,India,14.98244,81.359444,449207,High,SRC010,0.86,2025-09-03 20:57:36,2026-04-08 02:10:50
L01380,Warehouse 706,Transport Hub,"37/08, Ahuja",Ahmedabad,Gujarat,India,15.437552,77.263052,377998,Unknown,SRC007,0.93,2024-11-07 06:03:49,2024-11-08 21:03:49
L01381,Market 438,Commercial Area,"H.No. 28, Mukherjee Road",Gurugram,Haryana,India,20.975198,85.644001,406497,Low,SRC019,0.84,2026-05-04 00:02:21,2026-05-15 12:02:21
L01382,Apartment 548,Bank,"90/32, Vora Ganj",Gwalior,Madhya Pradesh,India,25.110104,77.823551,819500,High,SRC011,0.89,2024-01-10 06:47:19,2026-01-19 17:36:58
L01383,Office 589,Industrial Site,"35/41, Toor",Dewas,Madhya Pradesh,India,26.784144,82.642743,209899,Medium,SRC029,0.97,2024-08-28 10:16:21,2026-01-10 02:19:57
L01384,Junction 79,Bank,"H.No. 23, Sama Marg",Jabalpur,Madhya Pradesh,India,24.942915,86.246612,643771,Low,SRC003,0.87,2026-08-26 06:04:14,2026-09-04 23:59:59
L01385,Station 453,Bank,"89/937, Hayer Nagar",Gwalior,Madhya Pradesh,India,13.890241,85.086775,262178,Unknown,SRC002,0.95,2025-05-21 05:37:09,2025-06-06 06:37:09
L01386,Road 996,Residence,"14/487, Muni",Kanpur,Uttar Pradesh,India,25.321367,80.31628,693257,Medium,SRC015,0.77,2024-06-26 07:49:08,2024-07-20 17:49:08
L01387,Apartment 701,Public Place,"09/25, Date Street",Nagpur,Maharashtra,India,19.468837,76.340865,390988,High,SRC020,0.8,2026-01-30 02:33:50,2026-02-18 02:33:50
L01388,Industrial Area 400,Industrial Site,"35/234, Mane Circle",Ahmedabad,Gujarat,India,18.66427,75.395752,124497,Unknown,SRC003,0.84,2025-04-14 23:33:32,2025-04-28 15:59:37
L01389,Mall 682,Bank,"85, Mutti Marg",Ujjain,Madhya Pradesh,India,24.10347,78.129589,802305,High,SRC017,0.91,2026-05-21 05:40:30,2026-06-15 06:40:30
L01390,Junction 194,Office,"424, Lanka Marg",Kanpur,Uttar Pradesh,India,23.788304,78.628154,220394,High,SRC006,0.92,2025-06-29 12:45:07,2026-07-21 14:42:24
L01391,Road 754,Residence,"31/854, Swaminathan Ganj",Delhi,Delhi,India,20.803872,72.443167,625945,High,SRC007,0.91,2025-06-01 22:23:11,2026-03-11 01:29:51
L01392,Station 21,Commercial Area,"52/14, Palla",Jabalpur,Madhya Pradesh,India,14.371104,85.534326,793012,High,SRC002,0.78,2024-01-24 15:46:42,2024-06-17 05:24:00
L01393,Junction 949,Commercial Area,"H.No. 01, Mani Zila",Kanpur,Uttar Pradesh,India,20.423425,80.604037,205488,Unknown,SRC014,0.89,2024-01-05 13:30:44,2024-08-05 16:37:22
L01394,Road 892,Office,"178, Sarma Circle",Vadodara,Gujarat,India,20.807671,78.652169,415056,Low,SRC008,0.76,2025-06-26 16:38:26,2026-01-08 16:42:36
L01395,Apartment 462,Hotel,"07/485, Uppal Street",Lucknow,Uttar Pradesh,India,10.183913,80.323464,755422,Medium,SRC012,0.89,2025-11-02 03:22:29,2025-11-12 11:22:29
L01396,Warehouse 176,Hotel,"H.No. 72, Walia Nagar",Ahmedabad,Gujarat,India,23.29847,87.824835,727552,High,SRC019,0.92,2024-12-30 19:23:42,2025-07-01 20:03:18
L01397,Office 831,Commercial Area,"596, Karnik Street",Mumbai,Maharashtra,India,21.860729,72.892712,411121,Medium,SRC010,0.83,2024-08-28 15:39:24,2024-11-05 16:05:01
L01398,Warehouse 940,Office,"H.No. 673, Lal Chowk",Gurugram,Haryana,India,23.31713,87.901069,622021,Unknown,SRC009,0.94,2024-11-19 02:12:38,2026-01-27 08:43:30
L01399,Warehouse 933,Transport Hub,"389, Kaur",Surat,Gujarat,India,19.938584,80.229186,758437,Unknown,SRC007,0.78,2024-09-28 21:36:34,2024-10-14 19:36:34
L01400,Office 211,Office,"80/620, Dhaliwal",Bhopal,Madhya Pradesh,India,17.293438,82.143176,751589,Low,SRC005,0.88,2024-11-24 16:05:32,2026-07-06 00:39:05
L01401,Market 986,Public Place,"304, Chopra Path",Ujjain,Madhya Pradesh,India,8.057571,82.101152,246963,Unknown,SRC013,0.81,2025-04-11 16:18:00,2025-04-18 20:18:00
L01402,Junction 213,Hotel,"H.No. 12, Patla Road",Ahmedabad,Gujarat,India,13.5967,78.6419,881911,Medium,SRC021,0.99,2024-04-13 19:50:00,2024-05-16 16:38:42
L01403,Apartment 252,Commercial Area,"74/26, Madan",Jaipur,Rajasthan,India,15.961588,73.181385,117234,Unknown,SRC021,0.79,2025-09-29 08:45:46,2025-09-30 23:45:46
L01404,Industrial Area 39,Warehouse,"09/01, Chaudhry Ganj",Kanpur,Uttar Pradesh,India,14.615483,73.514206,187180,Low,SRC009,0.91,2024-08-12 18:51:13,2026-02-26 08:27:57
L01405,Hotel 875,Office,"479, Cherian Street",Pune,Maharashtra,India,17.496953,82.393933,328717,Unknown,SRC030,0.87,2026-04-05 17:36:33,2026-04-10 09:36:33
L01406,Junction 748,Transport Hub,"06, Contractor Chowk",Bhopal,Madhya Pradesh,India,18.719685,74.711556,898153,Low,SRC021,0.96,2024-06-27 17:03:29,2025-11-12 18:08:22
L01407,Apartment 342,Transport Hub,"73/558, Bose Ganj",Jabalpur,Madhya Pradesh,India,21.10276,74.460242,621288,Medium,SRC009,0.76,2025-08-02 12:35:59,2025-08-03 18:35:59
L01408,Hotel 823,Hotel,"H.No. 496, Sachdev Ganj",Surat,Gujarat,India,8.90917,78.489701,662868,Low,SRC004,0.99,2024-07-20 06:53:00,2026-08-06 21:14:41
L01409,Market 5,Transport Hub,"H.No. 909, Raval Zila",Bengaluru,Karnataka,India,15.311418,80.493229,665085,Medium,SRC016,0.84,2025-01-28 12:32:45,2025-02-12 21:32:45
L01410,Apartment 275,Residence,"H.No. 53, Chahal Circle",Dewas,Madhya Pradesh,India,18.131622,72.572172,834328,High,SRC014,0.88,2024-12-18 20:23:07,2024-12-19 03:23:07
L01411,Apartment 343,Commercial Area,"H.No. 379, Dyal Chowk",Pune,Maharashtra,India,27.000453,78.429522,545814,High,SRC019,0.88,2024-08-11 15:36:27,2026-06-15 11:13:26
L01412,Office 570,Transport Hub,"459, Dugal",Lucknow,Uttar Pradesh,India,25.659198,81.800388,466216,Unknown,SRC010,0.88,2026-02-15 06:05:13,2026-02-21 07:05:13
L01413,Road 574,Residence,"H.No. 57, Ahluwalia Marg",Jaipur,Rajasthan,India,8.875911,77.523778,878917,High,SRC016,0.92,2025-01-12 13:02:35,2026-04-23 04:52:11
L01414,Apartment 930,Industrial Site,"964, Varma Nagar",Mumbai,Maharashtra,India,8.065958,81.979966,184958,Medium,SRC013,0.9,2026-01-16 00:40:24,2026-01-24 09:40:24
L01415,Road 690,Transport Hub,"H.No. 59, Sangha",Indore,Madhya Pradesh,India,8.200818,76.029897,188718,High,SRC001,0.77,2026-06-05 10:58:12,2026-06-09 05:58:12
L01416,Market 342,Public Place,"519, Bahri Marg",Surat,Gujarat,India,21.588154,78.266854,860505,High,SRC017,0.89,2026-08-14 17:19:47,2026-08-20 10:19:47
L01417,Market 662,Public Place,"79/122, Contractor Path",Bengaluru,Karnataka,India,14.461494,86.932996,753809,Unknown,SRC028,0.94,2024-04-22 13:30:26,2026-08-11 20:32:28
L01418,Office 207,Warehouse,"02/89, Bhat Zila",Jabalpur,Madhya Pradesh,India,13.789464,72.674094,110979,Medium,SRC001,0.76,2025-10-12 00:33:25,2025-10-26 15:33:25
L01419,Warehouse 588,Office,"36/25, Mistry Circle",Pune,Maharashtra,India,25.348071,85.225856,409337,Unknown,SRC027,0.95,2024-07-18 16:37:45,2026-04-09 05:49:54
L01420,Station 778,Hotel,"08, Trivedi Nagar",Pune,Maharashtra,India,14.797624,73.256544,872388,Low,SRC028,0.82,2024-12-24 19:16:21,2026-01-22 07:00:25
L01421,Market 857,Warehouse,"65, Wali Road",Jabalpur,Madhya Pradesh,India,18.951741,73.740972,202636,Medium,SRC007,0.79,2026-01-02 05:18:42,2026-01-06 13:18:42
L01422,Warehouse 277,Residence,"H.No. 048, Chand",Kota,Rajasthan,India,22.315445,74.105624,858416,High,SRC030,0.83,2024-12-03 17:43:31,2026-05-14 13:52:46
L01423,Office 268,Warehouse,"H.No. 639, Jaggi",Jabalpur,Madhya Pradesh,India,11.41619,75.837728,862963,Medium,SRC008,0.92,2025-01-26 05:45:59,2025-08-23 22:38:18
L01424,Market 28,Office,"70, Grover Road",Bhopal,Madhya Pradesh,India,11.813629,79.161444,199529,Medium,SRC018,0.91,2024-02-21 12:22:28,2024-03-21 12:22:28
L01425,Junction 679,Hotel,"94, Tak Path",Dewas,Madhya Pradesh,India,14.658216,82.251099,145187,Unknown,SRC019,0.77,2024-07-31 11:24:11,2024-12-20 04:47:14
L01426,Hotel 236,Warehouse,"54/34, Goel Path",Pune,Maharashtra,India,20.083322,87.570838,213482,Low,SRC021,0.98,2024-02-23 13:54:18,2024-09-29 17:23:53
L01427,Office 603,Transport Hub,"832, Bhardwaj Circle",Kota,Rajasthan,India,25.885425,83.141328,873539,High,SRC014,0.93,2024-09-06 01:59:44,2024-09-12 05:59:44
L01428,Junction 58,Industrial Site,"17, Mody Circle",Jaipur,Rajasthan,India,23.072352,86.371928,875862,Unknown,SRC015,0.89,2026-04-04 16:19:54,2026-04-15 19:19:54
L01429,Apartment 385,Office,"H.No. 33, Choudhry Zila",Vadodara,Gujarat,India,26.102101,72.055618,478961,Medium,SRC001,0.9,2024-02-25 05:07:14,2024-07-01 18:13:44
L01430,Road 56,Public Place,"H.No. 743, Walla Ganj",Bhopal,Madhya Pradesh,India,12.919677,86.878241,635034,Unknown,SRC002,0.78,2026-01-24 07:22:37,2026-01-26 04:22:37
L01431,Warehouse 739,Commercial Area,"H.No. 99, Tella",Mumbai,Maharashtra,India,16.461439,85.432228,897922,Medium,SRC014,0.77,2024-11-16 19:27:55,2024-12-14 10:27:55
L01432,Station 192,Warehouse,"88, Bath Ganj",Mumbai,Maharashtra,India,13.829579,84.986434,160641,Unknown,SRC023,0.86,2025-01-08 22:39:18,2025-01-11 09:00:19
L01433,Apartment 557,Warehouse,"35/763, Comar Zila",Delhi,Delhi,India,21.824184,75.107919,565664,Medium,SRC003,0.82,2025-11-08 17:26:19,2025-11-18 17:26:19
L01434,Road 164,Warehouse,"H.No. 53, Chacko Path",Dewas,Madhya Pradesh,India,11.721464,74.569832,863858,Medium,SRC007,0.88,2024-10-05 03:05:43,2025-03-19 01:21:23
L01435,Apartment 513,Commercial Area,"67/950, Nagi Ganj",Ujjain,Madhya Pradesh,India,11.532035,74.613427,889053,High,SRC020,0.99,2024-07-08 18:01:17,2024-11-06 04:12:37
L01436,Office 497,Residence,"H.No. 97, Sunder Road",Jaipur,Rajasthan,India,23.428219,85.78876,208052,High,SRC030,0.99,2026-02-23 10:01:18,2026-03-06 04:01:18
L01437,Warehouse 285,Transport Hub,"H.No. 89, Garg Nagar",Bhopal,Madhya Pradesh,India,9.488204,76.983991,702402,Medium,SRC006,0.89,2026-07-22 21:12:21,2026-08-09 17:31:31
L01438,Junction 831,Commercial Area,"79/87, Nair Circle",Jabalpur,Madhya Pradesh,India,15.75741,82.805615,868671,Medium,SRC019,0.92,2024-09-04 11:11:36,2025-07-12 23:23:19
L01439,Market 287,Public Place,"68/01, Narain Path",Vadodara,Gujarat,India,26.177552,83.106205,524613,Medium,SRC007,0.9,2024-12-16 10:51:40,2024-12-17 15:51:40
L01440,Junction 116,Commercial Area,"H.No. 517, Natarajan",Delhi,Delhi,India,26.462896,85.745085,191759,Medium,SRC007,0.92,2024-12-14 12:12:24,2026-06-12 19:28:13
L01441,Mall 660,Commercial Area,"20, Tank",Delhi,Delhi,India,23.755276,73.274984,642926,Low,SRC011,0.81,2024-10-29 11:36:58,2025-11-01 08:36:00
L01442,Road 655,Transport Hub,"20, Ganesh Ganj",Bhopal,Madhya Pradesh,India,14.805554,79.715491,585728,High,SRC002,0.87,2024-06-01 13:06:04,2024-11-07 08:32:42
L01443,Hotel 829,Bank,"H.No. 215, Wali Chowk",Dewas,Madhya Pradesh,India,10.58221,74.910464,504868,Medium,SRC001,0.75,2024-02-21 05:30:31,2026-01-10 04:54:30
L01444,Mall 432,Office,"50/942, Rajan Zila",Indore,Madhya Pradesh,India,19.151066,81.64807,177679,High,SRC017,0.95,2025-03-04 07:04:21,2025-03-10 05:04:21
L01445,Industrial Area 292,Bank,"H.No. 93, Bala Nagar",Jaipur,Rajasthan,India,22.381911,84.051682,177894,Medium,SRC024,0.9,2024-10-24 11:49:35,2024-12-24 19:43:51
L01446,Mall 256,Commercial Area,"70/303, Uppal Marg",Nagpur,Maharashtra,India,27.082792,78.093179,339115,High,SRC002,0.88,2025-06-24 00:06:16,2025-06-29 06:06:16
L01447,Road 140,Warehouse,"H.No. 313, Sood Road",Jaipur,Rajasthan,India,17.161489,87.019434,227499,Low,SRC024,0.79,2026-03-13 06:43:11,2026-03-23 16:43:11
L01448,Hotel 823,Transport Hub,"14/398, Bahl Road",Jabalpur,Madhya Pradesh,India,25.846212,73.652855,370011,Low,SRC024,0.91,2024-10-24 03:01:23,2025-05-30 19:12:43
L01449,Hotel 757,Public Place,"H.No. 927, Kata Marg",Vadodara,Gujarat,India,11.558787,76.852504,862825,Low,SRC005,0.85,2024-01-29 08:13:53,2025-08-17 08:52:06
L01450,Industrial Area 431,Industrial Site,"414, Gopal Path",Kota,Rajasthan,India,8.523405,82.357809,430040,High,SRC002,0.93,2025-01-31 15:13:53,2026-04-15 03:40:48
L01451,Station 310,Bank,"98/475, Oommen",Hyderabad,Telangana,India,8.708052,75.206063,865614,High,SRC006,0.95,2024-01-22 01:32:18,2026-01-07 04:04:41
L01452,Apartment 733,Warehouse,"H.No. 40, Bala Marg",Surat,Gujarat,India,8.469243,77.122681,532589,Medium,SRC005,0.98,2026-05-05 23:02:35,2026-05-11 05:02:35
L01453,Junction 226,Transport Hub,"69/71, Bora Street",Ujjain,Madhya Pradesh,India,25.369531,83.127817,698357,Medium,SRC016,0.77,2025-03-16 13:28:58,2025-07-26 03:11:45
L01454,Junction 195,Office,"34/12, Ben Chowk",Jabalpur,Madhya Pradesh,India,8.860213,73.039337,457307,Unknown,SRC018,0.81,2024-04-10 16:36:40,2024-04-27 09:36:40
L01455,Road 936,Commercial Area,"H.No. 29, Oza Marg",Indore,Madhya Pradesh,India,12.815404,87.489058,387334,Low,SRC024,0.99,2024-03-11 09:55:42,2025-03-12 22:56:41
L01456,Hotel 168,Public Place,"05/046, Savant Path",Dewas,Madhya Pradesh,India,13.512705,79.107453,666271,Unknown,SRC018,0.86,2024-07-18 01:50:12,2024-08-17 01:50:12
L01457,Industrial Area 667,Public Place,"H.No. 132, Padmanabhan Marg",Kota,Rajasthan,India,13.809435,74.613211,733978,Unknown,SRC021,0.97,2024-12-23 09:02:48,2025-01-16 22:02:48
L01458,Market 478,Residence,"H.No. 23, Palla Ganj",Pune,Maharashtra,India,17.204059,73.269303,499208,Low,SRC024,0.77,2025-01-04 18:15:22,2025-11-20 00:04:08
L01459,Warehouse 139,Transport Hub,"H.No. 933, Modi Road",Bhopal,Madhya Pradesh,India,27.990851,87.518888,659153,Low,SRC012,0.84,2024-06-01 08:47:50,2025-02-14 00:05:04
L01460,Office 108,Office,"95/685, Mahajan Zila",Ahmedabad,Gujarat,India,22.777817,79.717863,370485,Low,SRC001,0.82,2024-12-26 00:54:05,2025-01-12 13:54:05
L01461,Warehouse 847,Residence,"43/66, Borra Zila",Hyderabad,Telangana,India,21.15788,84.468363,588845,Low,SRC015,0.79,2025-04-25 00:29:30,2025-05-18 02:29:30
L01462,Warehouse 750,Transport Hub,"H.No. 297, Amble Path",Mumbai,Maharashtra,India,26.350309,74.767812,111819,Low,SRC010,0.89,2024-11-21 14:44:38,2024-12-09 21:44:38
L01463,Market 731,Public Place,"58/93, Warrior Nagar",Mumbai,Maharashtra,India,13.783264,86.21082,107910,Low,SRC005,0.77,2025-05-07 08:01:52,2025-05-23 14:01:52
L01464,Market 688,Transport Hub,"80/87, Nayar Road",Delhi,Delhi,India,21.701159,75.311109,347372,Low,SRC026,0.83,2025-12-19 13:36:09,2025-12-23 02:36:09
L01465,Apartment 91,Commercial Area,"H.No. 930, Kale Marg",Indore,Madhya Pradesh,India,22.5588,80.217024,861602,High,SRC002,0.84,2024-05-29 20:49:48,2025-03-14 12:11:07
L01466,Station 456,Commercial Area,"21/782, Sathe Chowk",Indore,Madhya Pradesh,India,20.949647,76.276378,876522,High,SRC017,0.8,2024-06-13 09:41:23,2025-11-18 13:44:39
L01467,Hotel 413,Residence,"138, Batta Ganj",Ujjain,Madhya Pradesh,India,19.336154,73.927048,393346,Medium,SRC030,0.86,2024-05-20 05:16:30,2025-02-01 20:29:08
L01468,Office 67,Commercial Area,"400, Sule Zila",Bhopal,Madhya Pradesh,India,23.568741,80.638129,259144,Low,SRC004,0.98,2026-08-03 20:44:56,2026-08-31 20:44:56
L01469,Warehouse 82,Public Place,"367, Sehgal Nagar",Gwalior,Madhya Pradesh,India,11.483319,83.598525,280995,Low,SRC009,0.8,2026-02-12 02:06:44,2026-03-10 21:06:44
L01470,Road 198,Transport Hub,"H.No. 40, Merchant Circle",Vadodara,Gujarat,India,10.237246,78.286186,710027,Unknown,SRC011,0.75,2024-11-27 08:09:50,2025-04-26 21:16:36
L01471,Industrial Area 192,Commercial Area,"77/81, Saraf Zila",Nagpur,Maharashtra,India,14.95526,73.943781,615408,Low,SRC016,0.8,2025-12-23 13:24:33,2026-06-14 15:25:03
L01472,Office 150,Residence,"53, Sodhi Marg",Ujjain,Madhya Pradesh,India,16.774232,77.150523,307287,Low,SRC018,0.91,2024-05-05 18:56:32,2026-01-06 10:39:04
L01473,Hotel 834,Warehouse,"31, Gokhale Circle",Ahmedabad,Gujarat,India,14.012823,72.320013,313386,Unknown,SRC024,0.94,2026-01-04 20:31:39,2026-01-09 14:31:39
L01474,Station 691,Warehouse,"46, Dutt Street",Bengaluru,Karnataka,India,14.35202,87.124105,254463,Medium,SRC014,0.76,2025-08-25 02:22:24,2026-04-28 20:59:11
L01475,Road 754,Hotel,"92/669, Subramaniam Zila",Indore,Madhya Pradesh,India,23.642792,85.330411,433473,Low,SRC025,0.92,2026-02-22 12:19:48,2026-08-20 02:19:22
L01476,Market 27,Industrial Site,"98/449, Shanker Marg",Nagpur,Maharashtra,India,10.285275,85.354199,847167,Unknown,SRC023,0.78,2024-12-27 23:17:18,2025-01-11 18:51:51
L01477,Office 678,Warehouse,"56/48, Bahl Ganj",Hyderabad,Telangana,India,18.326961,79.15943,815506,High,SRC024,0.77,2025-12-25 09:44:33,2026-01-18 23:44:33
L01478,Junction 638,Warehouse,"562, Manda Marg",Hyderabad,Telangana,India,24.010439,76.235016,859551,Medium,SRC010,0.92,2024-10-17 22:52:52,2026-01-04 00:13:51
L01479,Office 415,Public Place,"22, Chaudhry Circle",Bhopal,Madhya Pradesh,India,13.211977,74.779384,858527,Medium,SRC018,0.97,2024-05-15 15:24:53,2025-03-11 15:44:06
L01480,Road 875,Public Place,"77/81, Taneja",Kota,Rajasthan,India,24.796937,86.307767,731481,Low,SRC029,0.77,2024-05-31 16:47:35,2026-02-07 11:58:15
L01481,Warehouse 976,Warehouse,"05, Dubey Nagar",Surat,Gujarat,India,19.310526,83.673442,651572,Unknown,SRC005,0.95,2026-02-22 12:06:39,2026-03-01 11:06:39
L01482,Market 754,Public Place,"90/536, Sankaran Street",Mumbai,Maharashtra,India,17.854182,79.962985,172582,Medium,SRC022,0.84,2025-08-07 20:40:23,2025-08-25 15:40:23
L01483,Mall 69,Residence,"25, Ranganathan Marg",Delhi,Delhi,India,17.863385,80.170889,481901,Medium,SRC009,0.98,2026-02-04 21:35:40,2026-02-06 13:35:40
L01484,Road 812,Hotel,"82, Chhabra Zila",Lucknow,Uttar Pradesh,India,20.661071,73.331911,643996,Medium,SRC007,0.93,2024-02-01 17:02:31,2025-03-31 15:38:39
L01485,Hotel 466,Warehouse,"H.No. 75, Srivastava Nagar",Gwalior,Madhya Pradesh,India,9.095248,74.884652,297258,Medium,SRC026,0.85,2025-12-18 13:06:45,2026-01-06 16:06:45
L01486,Station 659,Warehouse,"287, Krishna Path",Ujjain,Madhya Pradesh,India,8.323031,79.139467,890056,Medium,SRC019,0.94,2025-03-31 21:24:06,2025-04-18 05:24:06
L01487,Warehouse 696,Warehouse,"94/305, Mallick Nagar",Surat,Gujarat,India,15.627121,85.48249,839173,Unknown,SRC002,0.96,2026-04-26 12:28:02,2026-05-03 02:28:02
L01488,Station 974,Public Place,"65/78, Swamy Chowk",Kanpur,Uttar Pradesh,India,23.517697,87.640831,415742,Low,SRC018,0.82,2025-08-30 00:55:55,2025-09-04 15:55:55
L01489,Road 28,Warehouse,"159, Saini Marg",Pune,Maharashtra,India,21.165781,82.74575,528234,Unknown,SRC013,0.97,2024-08-30 10:46:13,2026-03-29 12:08:13
L01490,Station 22,Industrial Site,"07, Manda Ganj",Mumbai,Maharashtra,India,16.348401,86.207776,675849,Medium,SRC007,0.95,2025-08-01 04:38:31,2025-09-13 12:52:10
L01491,Hotel 46,Public Place,"H.No. 99, Sastry Ganj",Bengaluru,Karnataka,India,15.820871,78.470443,792708,Unknown,SRC014,0.75,2024-12-29 19:18:51,2025-01-25 00:18:51
L01492,Hotel 21,Industrial Site,"65, Manne Nagar",Surat,Gujarat,India,20.911831,82.377687,448466,High,SRC027,0.97,2025-12-07 23:35:11,2026-04-19 17:39:05
L01493,Market 562,Hotel,"17/716, Khalsa Street",Bengaluru,Karnataka,India,8.861022,82.011736,248298,Medium,SRC012,0.76,2026-02-13 08:38:05,2026-04-01 21:24:25
L01494,Mall 850,Residence,"202, Din Chowk",Hyderabad,Telangana,India,15.029694,87.617548,752262,High,SRC029,0.85,2024-10-31 06:42:36,2024-11-01 20:42:36
L01495,Junction 820,Office,"H.No. 522, Kale",Ahmedabad,Gujarat,India,19.700774,83.980936,117968,Low,SRC028,0.78,2026-01-19 04:55:49,2026-02-13 21:55:49
L01496,Station 68,Public Place,"H.No. 08, Lalla Path",Mumbai,Maharashtra,India,8.963445,72.205624,248668,Medium,SRC020,0.9,2026-05-20 17:58:15,2026-06-15 09:58:15
L01497,Road 992,Residence,"H.No. 63, Loke Zila",Hyderabad,Telangana,India,16.804358,73.475396,770143,Low,SRC025,0.9,2025-05-13 21:40:03,2025-07-30 17:21:29
L01498,Junction 626,Industrial Site,"44/635, Nath Circle",Gwalior,Madhya Pradesh,India,12.209887,79.893052,110179,High,SRC020,0.75,2025-11-19 02:53:03,2026-04-14 21:02:59
L01499,Warehouse 461,Bank,"70, Suresh Path",Jabalpur,Madhya Pradesh,India,13.581665,85.33638,297533,Low,SRC004,0.93,2024-07-28 04:26:25,2025-09-15 15:08:08
L01500,Industrial Area 341,Commercial Area,"H.No. 73, Mody Street",Kota,Rajasthan,India,8.465813,83.0896,585972,Low,SRC009,0.8,2024-11-28 16:30:05,2026-07-15 20:24:02
L01501,Hotel 658,Hotel,"93/389, Tara Road",Gurugram,Haryana,India,22.756211,73.683455,697072,Unknown,SRC012,0.9,2026-01-27 08:30:41,2026-02-15 14:30:41
L01502,Office 636,Commercial Area,"73/33, Chacko Circle",Jabalpur,Madhya Pradesh,India,9.048744,80.614083,752228,Unknown,SRC002,0.97,2024-08-10 17:00:23,2025-05-14 21:17:14
L01503,Market 219,Public Place,"55/899, Jha Zila",Hyderabad,Telangana,India,17.914043,80.883447,466522,Unknown,SRC028,0.84,2025-05-20 14:03:03,2025-05-28 10:03:03
L01504,Industrial Area 975,Commercial Area,"396, Samra Circle",Jaipur,Rajasthan,India,25.068505,84.352347,102569,High,SRC003,0.96,2025-05-26 23:05:37,2025-08-27 03:59:55
L01505,Junction 678,Bank,"69/971, Saraf Road",Pune,Maharashtra,India,13.689092,81.575308,327754,Medium,SRC016,0.75,2026-07-01 05:51:39,2026-07-06 06:51:39
L01506,Office 59,Bank,"H.No. 08, Lala Ganj",Gwalior,Madhya Pradesh,India,18.91381,84.200847,608183,Low,SRC007,0.87,2025-08-25 10:35:55,2025-09-08 11:35:55
L01507,Market 119,Residence,"H.No. 79, Wali Street",Ujjain,Madhya Pradesh,India,12.981561,74.292909,256550,Low,SRC017,0.79,2026-06-22 05:26:36,2026-07-07 01:51:05
L01508,Junction 929,Office,"11/858, Nath Circle",Pune,Maharashtra,India,24.254839,78.480234,392957,Low,SRC019,0.86,2025-10-30 21:41:19,2026-07-10 08:16:32
L01509,Mall 548,Commercial Area,"50/952, Ramaswamy Path",Gurugram,Haryana,India,10.275415,78.408786,116607,Low,SRC019,0.75,2024-08-19 16:13:04,2025-06-16 02:43:30
L01510,Junction 320,Transport Hub,"H.No. 741, Sant Street",Jaipur,Rajasthan,India,25.915911,72.767618,328665,Medium,SRC026,0.89,2024-05-15 01:04:42,2024-06-03 17:04:42
L01511,Warehouse 445,Warehouse,"94/47, Raja Road",Jaipur,Rajasthan,India,10.502757,74.70243,269640,Unknown,SRC023,0.95,2025-04-29 22:55:22,2025-05-25 19:55:22
L01512,Office 442,Office,"186, Kumer Ganj",Delhi,Delhi,India,8.373083,76.297078,554706,Low,SRC006,0.92,2026-05-23 10:05:03,2026-05-25 05:05:03
L01513,Office 536,Transport Hub,"H.No. 40, Chowdhury Chowk",Indore,Madhya Pradesh,India,25.028512,78.596309,728646,High,SRC019,0.78,2024-01-09 12:51:18,2024-03-19 11:59:42
L01514,Mall 602,Commercial Area,"158, Singh Circle",Ujjain,Madhya Pradesh,India,15.661198,80.114281,145033,Unknown,SRC029,0.81,2024-04-16 07:32:12,2024-05-11 01:54:12
L01515,Road 920,Hotel,"532, Banerjee Street",Bengaluru,Karnataka,India,24.996214,82.698807,274993,Unknown,SRC009,0.83,2025-08-01 05:15:43,2026-02-10 22:30:05
L01516,Warehouse 546,Residence,"H.No. 112, Luthra Circle",Bengaluru,Karnataka,India,11.524507,80.657529,172344,Unknown,SRC014,0.77,2025-01-17 12:05:25,2025-04-30 05:45:30
L01517,Junction 262,Hotel,"689, Wali Nagar",Ahmedabad,Gujarat,India,22.638358,85.555593,681542,Unknown,SRC029,0.81,2024-08-18 23:45:40,2024-08-22 04:45:40
L01518,Road 993,Residence,"69/88, Mammen Nagar",Bhopal,Madhya Pradesh,India,18.241808,79.013706,703935,Medium,SRC025,0.93,2024-04-23 12:28:09,2026-06-23 23:27:23
L01519,Junction 454,Public Place,"77/07, Madan Road",Bengaluru,Karnataka,India,23.075075,73.675004,478217,Medium,SRC021,0.81,2025-10-18 20:00:14,2025-11-08 15:00:14
L01520,Market 14,Warehouse,"H.No. 55, Pandit Nagar",Hyderabad,Telangana,India,13.710217,81.498222,420244,Unknown,SRC018,0.97,2025-02-14 03:33:57,2026-06-12 13:55:45
L01521,Office 868,Hotel,"59/52, Gandhi Path",Surat,Gujarat,India,13.908056,83.591125,420904,Low,SRC011,0.77,2024-05-29 01:58:50,2025-09-11 10:55:40
L01522,Warehouse 774,Public Place,"299, Guha Zila",Dewas,Madhya Pradesh,India,17.838785,83.762384,807722,Unknown,SRC002,0.77,2024-09-24 20:44:57,2024-09-29 00:44:57
L01523,Station 895,Commercial Area,"33, Shetty Street",Jaipur,Rajasthan,India,18.113489,81.94692,593050,Medium,SRC023,0.82,2025-03-01 00:25:00,2025-10-05 10:39:13
L01524,Station 370,Industrial Site,"H.No. 85, Pall Street",Vadodara,Gujarat,India,10.615916,81.226152,249259,High,SRC009,0.92,2026-07-10 20:00:37,2026-07-25 17:00:37
L01525,Junction 740,Transport Hub,"H.No. 069, Kunda Marg",Bhopal,Madhya Pradesh,India,20.520136,72.284202,272825,Medium,SRC029,0.89,2025-10-09 06:36:55,2025-11-30 22:05:22
L01526,Apartment 540,Hotel,"H.No. 141, Pau Path",Jaipur,Rajasthan,India,22.930063,78.032172,475877,Unknown,SRC020,0.93,2025-04-02 04:04:34,2026-04-12 15:45:11
L01527,Warehouse 264,Transport Hub,"H.No. 235, Sethi Circle",Lucknow,Uttar Pradesh,India,20.14319,78.260838,626909,Low,SRC005,0.9,2024-03-23 22:49:54,2026-05-01 22:52:48
L01528,Hotel 231,Warehouse,"236, Prakash Street",Jaipur,Rajasthan,India,21.746632,83.354799,786307,Medium,SRC028,0.77,2024-02-29 04:07:56,2025-09-03 22:18:12
L01529,Market 491,Residence,"16/889, Vyas Chowk",Mumbai,Maharashtra,India,17.325912,81.61478,332316,Low,SRC020,0.76,2024-10-24 12:50:00,2026-06-24 02:41:31
L01530,Mall 713,Bank,"H.No. 91, Bansal Chowk",Ahmedabad,Gujarat,India,18.327717,87.101008,803071,Low,SRC012,0.76,2025-12-04 12:06:50,2026-05-02 04:07:21
L01531,Apartment 953,Transport Hub,"H.No. 109, Palan",Pune,Maharashtra,India,24.187422,73.127029,244111,Medium,SRC020,0.99,2026-01-12 11:08:52,2026-07-10 13:42:00
L01532,Hotel 280,Office,"30/310, Chatterjee Path",Nagpur,Maharashtra,India,18.159045,75.188827,814691,Unknown,SRC018,0.88,2024-01-10 04:12:41,2026-06-13 15:36:28
L01533,Industrial Area 771,Transport Hub,"H.No. 32, Jhaveri Marg",Ahmedabad,Gujarat,India,10.894111,77.60093,424382,Unknown,SRC026,0.97,2025-09-08 15:47:01,2025-09-09 09:47:01
L01534,Mall 865,Warehouse,"951, Khosla Path",Pune,Maharashtra,India,8.916475,75.19999,102409,High,SRC027,0.91,2025-04-13 01:04:40,2025-04-19 18:04:40
L01535,Industrial Area 521,Public Place,"H.No. 665, Kalita Road",Bhopal,Madhya Pradesh,India,16.944755,85.874617,130963,High,SRC001,0.76,2025-03-05 08:15:07,2025-03-10 04:15:07
L01536,Apartment 996,Commercial Area,"42/28, De Path",Surat,Gujarat,India,17.683241,86.524729,235799,Unknown,SRC023,0.76,2025-01-12 11:24:12,2025-02-04 22:24:12
L01537,Station 880,Bank,"H.No. 04, Dewan Chowk",Pune,Maharashtra,India,12.179568,87.95895,734573,Low,SRC009,0.79,2025-12-14 22:34:45,2025-12-31 07:34:45
L01538,Industrial Area 288,Office,"674, Varughese",Nagpur,Maharashtra,India,27.901852,84.231694,519917,Low,SRC027,0.85,2025-03-06 07:27:44,2025-03-07 05:27:44
L01539,Office 631,Commercial Area,"06, Pillay Street",Pune,Maharashtra,India,16.734722,83.340528,772457,High,SRC017,0.96,2026-03-04 00:31:10,2026-03-15 20:31:10
L01540,Junction 669,Hotel,"H.No. 39, Randhawa Marg",Dewas,Madhya Pradesh,India,16.33151,80.730833,860489,Low,SRC015,0.88,2025-07-13 22:14:24,2025-07-27 18:14:24
L01541,Hotel 763,Bank,"51/49, Sharaf Marg",Delhi,Delhi,India,17.481449,72.962771,689456,Unknown,SRC003,0.81,2024-03-25 12:16:28,2025-08-12 12:03:31
L01542,Market 82,Bank,"34/931, Sinha Marg",Jaipur,Rajasthan,India,21.393978,84.254234,503109,Unknown,SRC010,0.76,2024-07-13 02:14:51,2026-01-23 12:48:13
L01543,Market 846,Warehouse,"56/37, Solanki",Bhopal,Madhya Pradesh,India,14.548076,82.825646,678988,Medium,SRC029,0.95,2026-01-16 16:55:59,2026-06-26 09:22:53
L01544,Road 671,Public Place,"231, Dayal Road",Surat,Gujarat,India,24.57969,79.137746,125340,Medium,SRC021,0.94,2024-09-23 09:16:34,2024-09-29 05:16:34
L01545,Industrial Area 490,Bank,"H.No. 721, Dasgupta Zila",Kanpur,Uttar Pradesh,India,15.64851,76.171324,596679,Medium,SRC008,0.82,2026-01-26 13:18:12,2026-02-18 10:18:12
L01546,Warehouse 290,Commercial Area,"H.No. 393, Khatri Path",Gurugram,Haryana,India,10.289591,75.092228,193633,High,SRC022,0.96,2025-07-17 15:23:34,2025-07-29 09:40:11
L01547,Mall 664,Warehouse,"78, Sule",Jabalpur,Madhya Pradesh,India,16.363017,77.697242,612765,Unknown,SRC011,0.79,2024-04-19 19:56:49,2026-01-21 10:35:25
L01548,Station 491,Commercial Area,"H.No. 10, Rout Nagar",Pune,Maharashtra,India,15.769866,79.268405,380304,High,SRC011,0.91,2025-02-05 20:03:00,2026-04-26 23:01:53
L01549,Market 240,Transport Hub,"66, Amble Zila",Nagpur,Maharashtra,India,19.682924,87.498358,120070,Medium,SRC020,0.86,2024-04-20 06:45:03,2026-02-07 12:13:32
L01550,Hotel 338,Hotel,"H.No. 77, Bobal Ganj",Bengaluru,Karnataka,India,15.986205,76.774379,110600,Medium,SRC006,0.91,2024-08-12 22:15:44,2025-12-30 08:25:38
L01551,Junction 449,Residence,"73/70, Contractor Marg",Hyderabad,Telangana,India,14.633869,86.167037,455519,Unknown,SRC028,0.85,2024-12-23 00:29:33,2025-01-19 23:29:33
L01552,Apartment 625,Residence,"266, Basak Path",Lucknow,Uttar Pradesh,India,9.361244,80.995121,170569,Unknown,SRC013,0.94,2026-06-17 03:50:36,2026-06-23 10:50:36
L01553,Office 855,Bank,"H.No. 57, Maharaj Circle",Bengaluru,Karnataka,India,9.248736,85.722008,143512,High,SRC029,0.92,2024-01-14 00:58:36,2024-09-28 01:09:42
L01554,Industrial Area 65,Commercial Area,"15/828, Kant Road",Lucknow,Uttar Pradesh,India,23.386202,80.283294,568586,High,SRC021,0.98,2025-08-25 15:59:06,2026-03-09 14:13:07
L01555,Apartment 26,Warehouse,"H.No. 30, Seth Street",Nagpur,Maharashtra,India,24.459388,81.918,174561,Unknown,SRC029,0.92,2025-09-01 10:55:02,2025-09-14 19:55:02
L01556,Hotel 319,Transport Hub,"H.No. 540, Trivedi Road",Kanpur,Uttar Pradesh,India,25.456992,74.82783,457682,High,SRC002,0.79,2026-05-14 07:35:56,2026-05-31 16:35:56
L01557,Mall 784,Residence,"214, Banik Marg",Nagpur,Maharashtra,India,14.030866,78.788981,781843,Unknown,SRC023,0.92,2026-07-17 16:49:06,2026-07-19 02:49:06
L01558,Mall 652,Residence,"78/476, Agate Path",Bengaluru,Karnataka,India,18.785256,79.222067,476744,Medium,SRC029,0.97,2025-09-26 11:51:14,2025-10-18 03:51:14
L01559,Office 500,Warehouse,"67/82, Sane Ganj",Nagpur,Maharashtra,India,14.146843,84.883454,784237,Low,SRC004,0.83,2025-10-06 04:01:47,2025-11-04 01:01:47
L01560,Industrial Area 199,Bank,"17, Srivastava Path",Kanpur,Uttar Pradesh,India,23.640971,80.592269,228361,High,SRC029,0.85,2024-07-11 02:44:02,2024-07-15 22:44:02
L01561,Office 67,Bank,"H.No. 028, Kibe Chowk",Jaipur,Rajasthan,India,12.232553,86.918517,615142,Low,SRC008,0.93,2025-01-14 07:10:44,2025-07-17 06:27:23
L01562,Apartment 65,Transport Hub,"429, Dhillon Ganj",Gurugram,Haryana,India,8.40105,82.236927,745208,Medium,SRC029,0.77,2024-05-09 14:15:22,2025-10-21 04:08:19
L01563,Station 436,Public Place,"59, Cherian Circle",Gwalior,Madhya Pradesh,India,25.342669,83.493215,311601,Unknown,SRC006,0.82,2025-11-22 19:46:25,2025-12-11 10:46:25
L01564,Road 742,Industrial Site,"603, Anand Marg",Jaipur,Rajasthan,India,18.45442,81.234919,781575,Unknown,SRC016,0.96,2025-11-09 18:44:01,2025-12-05 06:44:01
L01565,Office 959,Office,"H.No. 52, Biswas Circle",Jaipur,Rajasthan,India,18.044168,74.88251,665460,Unknown,SRC019,0.98,2025-05-13 10:11:50,2025-05-16 01:11:50
L01566,Office 264,Bank,"H.No. 23, Kari Zila",Dewas,Madhya Pradesh,India,16.096378,87.602215,586268,Unknown,SRC015,0.76,2026-03-11 20:22:50,2026-04-02 12:22:50
L01567,Warehouse 402,Bank,"04/486, Cherian Nagar",Delhi,Delhi,India,9.840045,76.282722,163290,High,SRC015,0.9,2024-01-02 02:56:03,2024-10-30 02:13:35
L01568,Industrial Area 550,Commercial Area,"H.No. 998, Kamdar",Surat,Gujarat,India,21.83712,75.076502,450948,High,SRC005,0.89,2024-12-23 22:16:10,2025-11-07 20:58:26
L01569,Market 804,Hotel,"H.No. 420, Date Marg",Bhopal,Madhya Pradesh,India,13.846283,73.122911,402499,Unknown,SRC008,0.81,2025-10-07 18:26:53,2026-03-09 09:58:48
L01570,Office 293,Bank,"42/171, Nagi Zila",Nagpur,Maharashtra,India,24.646105,85.092602,231284,Low,SRC003,0.83,2024-03-28 17:23:18,2026-07-24 20:23:58
L01571,Mall 191,Warehouse,"76, Parmer Path",Surat,Gujarat,India,26.972634,80.917945,532425,High,SRC003,0.86,2026-04-18 08:00:56,2026-04-25 03:00:56
L01572,Market 462,Residence,"H.No. 95, Ramachandran Chowk",Bengaluru,Karnataka,India,16.695696,79.554458,492989,Unknown,SRC022,0.9,2025-02-13 23:53:31,2025-02-24 08:53:31
L01573,Apartment 100,Public Place,"H.No. 28, Gole Circle",Gwalior,Madhya Pradesh,India,26.034869,76.763775,702624,Medium,SRC018,0.8,2024-11-01 23:10:17,2024-12-13 20:48:01
L01574,Junction 166,Commercial Area,"H.No. 31, Sem Marg",Jaipur,Rajasthan,India,14.447877,72.129874,126940,Medium,SRC012,0.81,2024-10-18 02:18:47,2025-10-01 09:57:57
L01575,Warehouse 34,Office,"H.No. 086, Goswami Street",Dewas,Madhya Pradesh,India,11.209925,87.167092,591940,Unknown,SRC015,0.83,2026-01-31 22:08:22,2026-02-07 18:08:22
L01576,Warehouse 300,Commercial Area,"42/50, Natt Path",Bengaluru,Karnataka,India,24.981498,84.207422,297559,Unknown,SRC016,0.76,2024-08-10 05:24:45,2024-09-06 19:24:45
L01577,Industrial Area 2,Commercial Area,"H.No. 962, Vaidya Zila",Gwalior,Madhya Pradesh,India,16.571907,82.527151,155388,Medium,SRC012,0.88,2024-10-07 08:04:57,2025-02-24 01:45:47
L01578,Market 69,Transport Hub,"H.No. 38, Shetty Road",Dewas,Madhya Pradesh,India,24.032243,75.462452,659276,High,SRC012,0.84,2025-02-23 06:39:34,2025-03-24 02:39:34
L01579,Station 896,Bank,"H.No. 761, Thaker Path",Mumbai,Maharashtra,India,20.321558,80.249877,504870,Medium,SRC014,0.87,2026-06-02 13:57:37,2026-06-06 17:57:37
L01580,Station 648,Transport Hub,"840, Arora Zila",Pune,Maharashtra,India,27.659405,76.990424,764540,High,SRC029,0.89,2024-12-14 09:03:33,2024-12-22 16:03:33
L01581,Market 678,Public Place,"H.No. 187, Dua Ganj",Gwalior,Madhya Pradesh,India,26.617224,75.103799,658090,Medium,SRC026,0.85,2024-12-06 16:58:45,2026-03-05 16:20:37
L01582,Apartment 579,Warehouse,"05/34, Narula Marg",Delhi,Delhi,India,20.675184,78.032114,324030,Low,SRC009,0.78,2025-04-07 00:33:02,2025-04-23 03:33:02
L01583,Junction 151,Warehouse,"H.No. 885, Goyal Road",Hyderabad,Telangana,India,23.126949,73.433279,489837,Medium,SRC009,0.86,2026-06-30 12:54:14,2026-07-28 00:54:14
L01584,Hotel 52,Public Place,"95/60, Swaminathan Circle",Mumbai,Maharashtra,India,20.041023,79.733036,654774,Medium,SRC002,0.89,2025-02-06 08:23:39,2025-02-27 01:23:39
L01585,Mall 492,Warehouse,"08/439, Bera",Mumbai,Maharashtra,India,25.497048,73.51039,635875,Low,SRC007,0.87,2024-04-11 10:23:10,2025-01-19 00:22:31
L01586,Road 518,Hotel,"530, Patel Nagar",Hyderabad,Telangana,India,19.750464,85.130319,738207,Low,SRC004,0.84,2025-12-05 21:18:34,2025-12-07 07:12:34
L01587,Hotel 637,Commercial Area,"40/177, Parmer Road",Indore,Madhya Pradesh,India,26.80466,79.841139,354492,Unknown,SRC003,0.85,2024-11-01 11:24:37,2026-04-07 09:53:01
L01588,Station 526,Residence,"H.No. 81, Nair Ganj",Bhopal,Madhya Pradesh,India,27.000414,72.60995,126400,Low,SRC001,0.96,2025-06-29 11:42:40,2025-12-01 02:26:07
L01589,Junction 892,Public Place,"H.No. 59, Rao Circle",Surat,Gujarat,India,18.416207,73.267914,666430,Medium,SRC004,0.95,2025-02-16 01:20:00,2025-03-10 10:20:00
L01590,Apartment 940,Hotel,"H.No. 02, Sarna Chowk",Nagpur,Maharashtra,India,16.325744,86.651478,621848,Unknown,SRC009,0.8,2024-03-09 23:15:58,2025-03-21 19:47:44
L01591,Warehouse 123,Commercial Area,"H.No. 58, Dani Road",Gwalior,Madhya Pradesh,India,13.321289,77.317972,661734,Medium,SRC019,0.77,2025-11-13 01:55:51,2025-11-26 09:55:51
L01592,Road 754,Office,"199, Mani Zila",Gurugram,Haryana,India,19.926299,85.47921,150970,Low,SRC020,0.96,2026-07-10 23:08:19,2026-07-13 01:08:19
L01593,Station 300,Office,"023, Gokhale Road",Pune,Maharashtra,India,17.802099,78.660758,312906,Medium,SRC001,0.97,2026-03-18 17:44:01,2026-04-02 23:44:01
L01594,Road 310,Industrial Site,"898, Kashyap Zila",Vadodara,Gujarat,India,20.689578,84.57882,840078,Low,SRC029,0.89,2026-04-01 14:27:17,2026-04-10 03:27:17
L01595,Warehouse 431,Industrial Site,"H.No. 324, Chatterjee Zila",Indore,Madhya Pradesh,India,8.271843,84.101157,274202,High,SRC029,0.99,2025-02-08 23:46:50,2025-03-05 19:46:50
L01596,Station 19,Public Place,"H.No. 34, Choudhary Street",Mumbai,Maharashtra,India,13.839788,81.735455,558911,High,SRC021,0.95,2025-08-17 19:32:27,2025-09-16 14:32:27
L01597,Junction 917,Bank,"052, Bahri Chowk",Mumbai,Maharashtra,India,12.151479,72.941143,441844,Unknown,SRC002,0.98,2026-01-17 18:58:24,2026-01-19 08:58:24
L01598,Apartment 343,Hotel,"07/55, Banik Road",Vadodara,Gujarat,India,24.081887,87.751465,558644,Low,SRC012,0.8,2024-11-03 19:18:39,2025-01-24 21:36:04
L01599,Station 763,Warehouse,"H.No. 07, Jhaveri Street",Vadodara,Gujarat,India,26.54133,82.834543,341916,Low,SRC028,0.94,2024-05-28 01:19:14,2025-07-01 00:09:51
L01600,Industrial Area 45,Transport Hub,"H.No. 83, Suresh Path",Bengaluru,Karnataka,India,16.236024,80.821885,314808,High,SRC011,0.84,2024-04-05 10:24:28,2026-07-27 23:22:01
L01601,Station 584,Hotel,"333, Rege Street",Gwalior,Madhya Pradesh,India,11.259668,76.525034,203350,High,SRC029,0.93,2025-03-09 14:23:23,2025-04-05 08:23:23
L01602,Junction 103,Office,"39, Wadhwa Path",Delhi,Delhi,India,26.2332,81.051939,881017,High,SRC007,0.89,2024-03-09 19:55:00,2024-03-29 02:35:18
L01603,Apartment 526,Office,"23, Merchant Nagar",Indore,Madhya Pradesh,India,21.872241,85.029172,662981,Unknown,SRC016,0.86,2025-07-25 11:03:35,2025-07-31 21:49:55
L01604,Road 889,Commercial Area,"H.No. 84, Majumdar Ganj",Indore,Madhya Pradesh,India,11.103471,87.716604,765036,High,SRC022,0.87,2024-01-16 06:02:17,2025-08-06 18:12:28
L01605,Mall 897,Residence,"H.No. 512, Bhattacharyya Chowk",Jaipur,Rajasthan,India,13.223221,87.928234,456568,High,SRC005,0.89,2024-11-04 16:55:17,2024-11-28 19:55:17
L01606,Mall 694,Industrial Site,"52, Mammen Ganj",Bhopal,Madhya Pradesh,India,19.739415,74.286849,447523,High,SRC016,0.87,2024-12-04 07:56:48,2025-10-19 06:49:43
L01607,Road 733,Industrial Site,"91, Hayre Nagar",Mumbai,Maharashtra,India,8.901711,79.652128,241544,Medium,SRC015,0.86,2025-03-17 08:31:46,2025-11-25 20:26:28
L01608,Office 53,Commercial Area,"18/50, Gade Zila",Ujjain,Madhya Pradesh,India,27.34325,84.641776,838921,Unknown,SRC019,0.9,2026-07-09 17:41:52,2026-07-21 23:41:52
L01609,Mall 364,Hotel,"H.No. 70, Rastogi Zila",Ahmedabad,Gujarat,India,21.838099,79.310607,418384,Unknown,SRC018,0.77,2024-05-08 16:54:40,2025-10-26 14:00:18
L01610,Junction 999,Residence,"63/176, Soni Zila",Mumbai,Maharashtra,India,22.456122,77.5852,875051,Low,SRC030,0.82,2026-06-04 03:57:46,2026-06-25 12:57:46
L01611,Market 762,Office,"98/990, Sabharwal Path",Surat,Gujarat,India,19.071047,75.884068,616013,Unknown,SRC003,0.87,2026-03-31 22:10:40,2026-04-28 09:10:40
L01612,Market 39,Transport Hub,"61/84, Madan Nagar",Bhopal,Madhya Pradesh,India,18.294109,77.725036,116334,Low,SRC024,0.95,2025-10-05 23:39:15,2025-10-11 09:39:15
L01613,Apartment 682,Transport Hub,"313, Joshi",Jabalpur,Madhya Pradesh,India,18.126728,73.656497,736179,High,SRC022,0.83,2025-06-15 12:52:10,2025-07-05 14:52:10
L01614,Hotel 906,Hotel,"H.No. 87, Luthra Road",Surat,Gujarat,India,21.994366,78.162994,312417,High,SRC027,0.84,2026-04-19 10:31:03,2026-05-12 18:31:03
L01615,Junction 276,Office,"64/897, Mander Nagar",Ujjain,Madhya Pradesh,India,26.735356,82.610602,400149,Unknown,SRC002,0.77,2024-03-17 10:37:17,2024-08-30 17:38:41
L01616,Road 196,Warehouse,"47/26, Choudhary Street",Bhopal,Madhya Pradesh,India,10.423148,74.330384,315776,High,SRC004,0.87,2024-03-25 22:17:21,2025-03-25 14:40:22
L01617,Warehouse 114,Office,"H.No. 51, Raj Ganj",Kota,Rajasthan,India,25.696429,76.92646,347071,Medium,SRC006,0.81,2025-10-25 09:49:44,2025-12-30 11:00:47
L01618,Road 416,Commercial Area,"67/24, Mann Ganj",Bhopal,Madhya Pradesh,India,26.561571,74.168392,794923,Unknown,SRC027,0.77,2025-07-11 15:19:12,2026-07-20 02:36:04
L01619,Station 838,Public Place,"69/742, Bajaj Circle",Gwalior,Madhya Pradesh,India,27.924705,81.017232,690463,Low,SRC030,0.92,2026-03-20 17:17:33,2026-03-25 06:17:33
L01620,Market 79,Office,"H.No. 449, Sani Chowk",Bhopal,Madhya Pradesh,India,11.293939,75.312505,715760,Low,SRC004,0.85,2025-01-31 17:07:36,2026-02-07 18:27:11
L01621,Station 346,Commercial Area,"H.No. 128, Bains Nagar",Hyderabad,Telangana,India,20.512908,78.243145,431810,Unknown,SRC029,0.81,2024-01-15 19:08:43,2025-05-07 13:26:22
L01622,Mall 745,Hotel,"53/343, Nigam Marg",Pune,Maharashtra,India,15.764613,76.918896,702816,High,SRC008,0.82,2024-06-28 01:29:57,2024-08-15 17:15:43
L01623,Office 180,Industrial Site,"56/79, Sridhar",Jaipur,Rajasthan,India,8.452518,79.78666,468574,Low,SRC011,0.99,2026-02-11 02:46:09,2026-08-03 20:45:59
L01624,Road 798,Residence,"882, Batta Path",Lucknow,Uttar Pradesh,India,14.854781,81.819719,367809,Low,SRC020,0.93,2026-07-01 15:13:59,2026-07-29 07:13:59
L01625,Office 538,Office,"558, Sinha Chowk",Nagpur,Maharashtra,India,16.719864,75.702933,298987,Medium,SRC011,0.98,2024-05-26 13:28:11,2025-02-04 13:13:35
L01626,Office 88,Residence,"74/686, Thakkar Ganj",Gurugram,Haryana,India,22.002908,79.847379,799814,Unknown,SRC010,0.98,2025-05-05 03:47:38,2025-05-27 04:07:36
L01627,Market 853,Commercial Area,"13/403, Bath Marg",Gwalior,Madhya Pradesh,India,19.660143,86.661735,377150,High,SRC024,0.86,2025-01-13 15:01:49,2025-01-18 12:01:49
L01628,Mall 766,Office,"49, Behl Nagar",Hyderabad,Telangana,India,15.46252,77.378425,880733,High,SRC019,0.84,2025-06-10 12:38:30,2026-05-25 07:41:16
L01629,Office 638,Public Place,"H.No. 04, Modi Chowk",Vadodara,Gujarat,India,13.119709,82.030707,612365,Medium,SRC005,0.77,2024-06-07 17:00:25,2025-08-30 12:35:39
L01630,Office 565,Transport Hub,"575, Kumer Chowk",Mumbai,Maharashtra,India,10.831015,84.430158,582574,Unknown,SRC030,0.9,2024-06-15 20:47:52,2025-04-27 07:38:30
L01631,Road 548,Residence,"043, Kalla",Dewas,Madhya Pradesh,India,21.263091,72.359916,530395,Medium,SRC020,0.77,2024-04-09 00:23:51,2024-09-27 17:22:39
L01632,Office 394,Commercial Area,"71/39, Balakrishnan Path",Delhi,Delhi,India,23.498658,82.460341,854336,Medium,SRC024,0.81,2025-01-17 14:38:56,2026-06-16 11:53:28
L01633,Junction 641,Commercial Area,"32/09, Sankaran Marg",Bhopal,Madhya Pradesh,India,24.820178,80.251105,216256,Low,SRC008,0.78,2026-07-16 04:00:46,2026-07-25 17:00:46
L01634,Station 141,Commercial Area,"84/34, Narasimhan Chowk",Vadodara,Gujarat,India,12.542702,75.498878,833325,Medium,SRC009,0.95,2024-02-07 14:50:00,2025-10-15 12:45:58
L01635,Market 16,Office,"52, Kunda Circle",Pune,Maharashtra,India,10.262426,73.054585,159654,Unknown,SRC010,0.95,2024-08-09 14:16:32,2024-08-14 14:16:32
L01636,Warehouse 289,Hotel,"H.No. 10, Patla Marg",Dewas,Madhya Pradesh,India,17.299449,79.650065,886738,Low,SRC028,0.84,2026-05-01 23:53:59,2026-05-25 17:53:59
L01637,Office 757,Warehouse,"655, Kade",Bengaluru,Karnataka,India,25.831287,87.452461,129931,Low,SRC022,0.78,2026-05-15 20:43:16,2026-06-07 12:43:16
L01638,Junction 577,Bank,"005, Samra Zila",Bhopal,Madhya Pradesh,India,15.990026,86.960507,523431,Unknown,SRC020,0.89,2025-07-08 15:19:01,2025-07-19 09:19:01
L01639,Industrial Area 713,Warehouse,"H.No. 99, Bir Circle",Lucknow,Uttar Pradesh,India,15.030738,82.749698,484624,Unknown,SRC021,0.94,2025-12-25 15:23:23,2026-01-23 14:23:23
L01640,Warehouse 217,Commercial Area,"H.No. 35, Atwal Marg",Ujjain,Madhya Pradesh,India,8.308351,79.165343,411462,Unknown,SRC026,0.82,2024-12-09 00:14:52,2026-05-11 12:24:30
L01641,Station 463,Warehouse,"H.No. 12, Bala Circle",Bengaluru,Karnataka,India,22.011608,83.304749,740202,Medium,SRC007,0.89,2024-09-25 21:15:37,2024-10-20 04:15:37
L01642,Market 969,Residence,"46/74, Babu Circle",Lucknow,Uttar Pradesh,India,16.857853,86.571797,114575,High,SRC016,0.83,2026-02-28 22:53:20,2026-03-01 00:53:20
L01643,Office 132,Residence,"15/746, Sagar Nagar",Vadodara,Gujarat,India,9.903007,74.304536,808312,Unknown,SRC027,0.94,2024-09-06 16:12:41,2026-06-22 01:28:36
L01644,Junction 146,Warehouse,"072, Patil Street",Indore,Madhya Pradesh,India,27.124438,77.909415,215723,Medium,SRC008,0.91,2024-04-06 05:19:46,2025-06-26 21:58:03
L01645,Apartment 783,Industrial Site,"55/596, Lad Circle",Jabalpur,Madhya Pradesh,India,9.71426,76.872559,389288,Medium,SRC004,0.85,2025-06-24 21:21:45,2025-07-02 01:21:45
L01646,Station 416,Bank,"56/92, Dube Nagar",Ujjain,Madhya Pradesh,India,14.148049,76.918337,528767,Unknown,SRC019,0.87,2026-01-25 04:10:52,2026-01-31 12:10:52
L01647,Warehouse 115,Industrial Site,"31, Luthra Path",Gurugram,Haryana,India,24.141817,81.28065,714796,Low,SRC026,0.78,2026-07-22 15:48:52,2026-07-24 05:48:52
L01648,Industrial Area 559,Bank,"65, Prasad Zila",Vadodara,Gujarat,India,10.567658,81.32636,186847,Medium,SRC016,0.78,2026-01-05 11:13:13,2026-01-23 02:13:13
L01649,Mall 411,Residence,"78, Mukherjee Road",Vadodara,Gujarat,India,11.635358,76.822795,411358,Medium,SRC013,0.96,2025-09-04 21:32:11,2026-02-17 17:53:37
L01650,Hotel 817,Industrial Site,"70/069, Doctor Circle",Ahmedabad,Gujarat,India,18.754505,87.682331,717624,Unknown,SRC024,0.89,2024-11-04 16:02:45,2025-03-03 18:38:29
L01651,Industrial Area 71,Transport Hub,"H.No. 86, Lall Road",Mumbai,Maharashtra,India,17.233728,80.822763,595177,High,SRC028,0.76,2024-09-19 07:34:30,2024-10-04 17:00:53
L01652,Hotel 662,Bank,"H.No. 970, Badami Street",Indore,Madhya Pradesh,India,20.541444,73.079983,348323,Unknown,SRC017,0.81,2024-10-24 12:25:44,2026-06-23 22:26:12
L01653,Junction 51,Residence,"415, Chaudhuri Street",Ahmedabad,Gujarat,India,11.122972,79.797559,867417,High,SRC025,0.87,2026-04-14 14:05:57,2026-05-13 19:05:57
L01654,Office 283,Transport Hub,"90/713, Krishna Circle",Nagpur,Maharashtra,India,26.743755,79.064964,684586,Medium,SRC013,0.84,2024-03-27 06:47:33,2026-03-02 02:12:00
L01655,Junction 317,Industrial Site,"H.No. 84, Uppal Ganj",Bhopal,Madhya Pradesh,India,23.115658,84.573063,304498,Unknown,SRC004,0.78,2024-03-06 19:13:37,2025-12-04 09:20:44
L01656,Warehouse 417,Office,"12/38, Sha Marg",Lucknow,Uttar Pradesh,India,18.521644,83.837229,360465,Unknown,SRC021,0.8,2025-05-27 07:50:32,2025-12-03 08:31:40
L01657,Industrial Area 296,Public Place,"04/99, Kamdar Nagar",Delhi,Delhi,India,16.763089,80.286084,263125,High,SRC012,0.92,2026-07-15 03:42:40,2026-08-30 18:15:21
L01658,Apartment 709,Hotel,"69, Johal Circle",Delhi,Delhi,India,20.844375,82.241364,713908,Low,SRC011,0.85,2025-06-24 14:03:48,2026-04-12 15:14:46
L01659,Junction 124,Hotel,"54/24, Dar Nagar",Surat,Gujarat,India,23.822801,76.436571,827315,High,SRC011,0.91,2024-10-11 20:45:57,2024-11-02 11:45:57
L01660,Industrial Area 653,Residence,"H.No. 88, Behl Chowk",Bengaluru,Karnataka,India,22.477611,81.618049,570244,Low,SRC016,0.96,2025-12-04 19:56:24,2025-12-10 15:56:24
L01661,Junction 647,Commercial Area,"H.No. 81, Pradhan Circle",Bhopal,Madhya Pradesh,India,14.747808,75.367563,805009,Low,SRC003,0.87,2026-08-19 10:58:00,2026-08-30 04:58:00
L01662,Junction 107,Warehouse,"50/52, Konda",Gwalior,Madhya Pradesh,India,17.415124,87.384616,410737,Medium,SRC004,0.9,2026-02-04 06:48:06,2026-02-22 02:48:06
L01663,Mall 366,Public Place,"574, Munshi Marg",Hyderabad,Telangana,India,16.955956,74.03485,480634,Low,SRC012,0.84,2026-03-27 09:17:41,2026-04-08 16:17:41
L01664,Hotel 872,Office,"340, Bajaj Chowk",Dewas,Madhya Pradesh,India,17.96135,76.619483,672601,High,SRC014,0.83,2025-05-04 09:19:23,2026-08-06 06:51:34
L01665,Junction 935,Warehouse,"814, Arya Path",Jaipur,Rajasthan,India,23.185989,83.981684,524671,Medium,SRC015,0.82,2025-11-04 01:39:35,2025-12-03 11:39:35
L01666,Office 801,Warehouse,"H.No. 11, Rao Zila",Lucknow,Uttar Pradesh,India,8.47342,74.034947,618396,High,SRC003,0.75,2025-07-17 02:02:30,2026-04-11 22:15:06
L01667,Road 416,Residence,"64/96, Lad Path",Ahmedabad,Gujarat,India,17.152188,78.01586,194840,Medium,SRC023,0.76,2025-04-20 23:43:39,2025-05-16 16:43:39
L01668,Junction 526,Bank,"H.No. 34, Mander Circle",Gwalior,Madhya Pradesh,India,16.387465,81.966543,191519,Unknown,SRC008,0.86,2025-04-27 20:15:34,2025-05-02 23:15:34
L01669,Market 57,Hotel,"09/07, Seshadri Zila",Vadodara,Gujarat,India,27.826315,87.587881,290280,High,SRC013,0.92,2026-03-12 11:17:59,2026-03-19 02:17:59
L01670,Apartment 809,Warehouse,"780, Contractor",Bengaluru,Karnataka,India,9.184179,83.719499,850946,Unknown,SRC024,0.83,2025-03-26 18:54:28,2026-03-22 21:25:20
L01671,Road 398,Office,"H.No. 67, Menon Zila",Jaipur,Rajasthan,India,21.460533,84.28887,568210,High,SRC030,0.88,2025-02-04 23:32:54,2025-02-10 07:32:54
L01672,Junction 686,Commercial Area,"H.No. 387, Joshi Path",Nagpur,Maharashtra,India,10.532118,78.350721,257200,High,SRC003,0.77,2026-08-10 21:56:25,2026-08-26 09:56:25
L01673,Market 814,Warehouse,"837, De Chowk",Indore,Madhya Pradesh,India,8.663747,81.115635,740579,Unknown,SRC013,0.93,2024-07-04 15:20:26,2025-03-21 11:00:18
L01674,Market 971,Public Place,"885, Dhaliwal Path",Ahmedabad,Gujarat,India,10.875654,87.129325,112439,Low,SRC027,0.84,2024-03-14 13:01:52,2024-05-04 09:42:31
L01675,Hotel 128,Public Place,"04/84, Parsa",Delhi,Delhi,India,17.45553,84.682947,105596,Unknown,SRC001,0.83,2026-02-23 14:10:28,2026-07-27 05:09:21
L01676,Hotel 240,Office,"87/841, Pathak Circle",Kota,Rajasthan,India,26.986398,82.85991,788632,Medium,SRC009,0.97,2025-12-04 03:36:53,2025-12-23 16:36:53
L01677,Market 508,Residence,"26/57, Krishnan Street",Dewas,Madhya Pradesh,India,26.041656,75.471814,438077,Low,SRC030,0.86,2026-03-14 19:39:24,2026-03-25 10:39:24
L01678,Office 147,Industrial Site,"H.No. 95, Mohanty Nagar",Dewas,Madhya Pradesh,India,17.335654,81.886382,564589,High,SRC030,0.87,2025-09-24 04:38:40,2025-10-10 01:38:40
L01679,Station 499,Transport Hub,"79/585, Dhawan Ganj",Mumbai,Maharashtra,India,11.287858,83.641951,625287,Low,SRC003,0.87,2025-11-28 17:51:53,2025-12-15 10:51:53
L01680,Industrial Area 684,Industrial Site,"H.No. 42, Subramanian Road",Jaipur,Rajasthan,India,17.004362,75.414795,357846,Low,SRC004,0.77,2024-03-03 05:04:01,2026-01-07 02:45:57
L01681,Market 669,Commercial Area,"45/13, Deol Nagar",Mumbai,Maharashtra,India,11.442485,86.948003,303720,Medium,SRC007,0.88,2026-07-14 13:05:23,2026-07-23 16:05:23
L01682,Office 152,Hotel,"H.No. 05, Pau Chowk",Vadodara,Gujarat,India,17.309145,77.366808,149742,High,SRC010,0.94,2026-06-29 14:48:05,2026-07-16 04:48:05
L01683,Station 669,Hotel,"64/676, Sarna Ganj",Indore,Madhya Pradesh,India,20.583654,76.223139,242775,Unknown,SRC018,0.81,2024-10-11 23:12:50,2024-11-01 13:12:50
L01684,Junction 865,Office,"258, Pillay Circle",Bhopal,Madhya Pradesh,India,26.525347,83.406533,384164,Unknown,SRC004,0.85,2025-07-02 03:55:40,2025-07-18 07:55:40
L01685,Hotel 647,Transport Hub,"40, Bhat Zila",Vadodara,Gujarat,India,10.595937,81.368679,681301,Medium,SRC022,0.89,2026-07-23 00:01:21,2026-08-15 22:01:21
L01686,Market 136,Office,"561, Kulkarni Road",Gurugram,Haryana,India,25.758827,76.765355,361167,Unknown,SRC003,0.93,2025-04-17 10:40:14,2025-04-28 21:40:14
L01687,Market 320,Bank,"133, Chandra Road",Bengaluru,Karnataka,India,21.38785,73.165767,702729,Medium,SRC020,0.96,2025-12-03 12:45:32,2025-12-16 18:45:32
L01688,Junction 301,Office,"73/28, Sule Marg",Vadodara,Gujarat,India,19.740014,72.711982,775024,High,SRC007,0.87,2025-05-07 00:15:49,2025-08-06 17:48:33
L01689,Office 633,Public Place,"061, Nori Path",Bhopal,Madhya Pradesh,India,17.168041,86.05948,837752,High,SRC001,0.8,2026-07-18 20:43:18,2026-08-15 10:43:18
L01690,Office 244,Bank,"H.No. 65, Bumb Path",Kota,Rajasthan,India,24.350433,87.685787,192754,High,SRC013,0.91,2024-04-02 03:04:49,2024-04-10 01:04:49
L01691,Station 10,Transport Hub,"H.No. 85, Wali Circle",Surat,Gujarat,India,18.745851,86.355323,462580,High,SRC028,0.77,2024-10-11 12:57:09,2025-07-21 20:26:48
L01692,Road 33,Public Place,"H.No. 168, Agarwal Circle",Hyderabad,Telangana,India,14.404518,78.286699,812595,Medium,SRC006,0.96,2024-09-17 13:24:45,2024-12-16 01:52:09
L01693,Industrial Area 620,Office,"34/426, Bajaj Street",Jaipur,Rajasthan,India,23.210242,73.230982,714890,Unknown,SRC017,0.83,2025-05-09 05:29:56,2025-05-29 11:29:56
L01694,Hotel 618,Warehouse,"79/534, Khalsa Ganj",Dewas,Madhya Pradesh,India,21.631399,74.856737,666604,Low,SRC013,0.89,2024-11-25 20:20:35,2026-04-25 07:43:03
L01695,Office 134,Warehouse,"92, Walia Ganj",Jabalpur,Madhya Pradesh,India,26.481057,75.948198,205025,High,SRC003,0.88,2026-03-31 10:05:11,2026-04-23 12:05:11
L01696,Industrial Area 990,Public Place,"94/68, Balasubramanian Ganj",Surat,Gujarat,India,9.732776,78.483431,378940,Unknown,SRC006,0.79,2025-07-26 12:58:05,2026-03-25 05:46:53
L01697,Hotel 861,Industrial Site,"81, Warrior",Nagpur,Maharashtra,India,25.96274,80.327393,486466,Medium,SRC014,0.85,2024-10-31 03:48:02,2026-01-21 01:15:39
L01698,Road 574,Hotel,"385, Chaudhry Chowk",Gurugram,Haryana,India,12.697998,82.60628,122701,Low,SRC017,0.8,2026-07-17 19:53:22,2026-08-01 09:53:22
L01699,Industrial Area 524,Hotel,"H.No. 73, Kade Chowk",Mumbai,Maharashtra,India,15.847307,82.168154,250192,High,SRC027,0.9,2024-06-02 09:45:07,2025-10-03 12:03:36
L01700,Station 425,Industrial Site,"67/03, Arora Zila",Dewas,Madhya Pradesh,India,16.116248,82.311191,371809,Low,SRC018,0.98,2025-05-29 10:30:25,2025-06-20 00:30:25
L01701,Road 379,Public Place,"377, Kanda Path",Gurugram,Haryana,India,14.71803,72.813621,284794,Low,SRC006,0.94,2024-08-26 23:02:05,2024-08-30 21:02:05
L01702,Hotel 14,Hotel,"H.No. 664, Mangal Road",Gurugram,Haryana,India,21.838472,82.544218,140736,Low,SRC009,0.86,2025-05-17 19:47:10,2025-05-19 18:34:22
L01703,Road 160,Industrial Site,"H.No. 057, Garg Path",Indore,Madhya Pradesh,India,8.713073,86.316531,758364,Unknown,SRC026,0.77,2025-08-11 22:56:20,2026-02-14 22:45:15
L01704,Warehouse 222,Bank,"81, Sant Nagar",Jabalpur,Madhya Pradesh,India,13.77368,85.184287,167604,Unknown,SRC027,0.89,2026-04-09 22:50:12,2026-05-06 17:50:12
L01705,Office 647,Warehouse,"538, D’Alia Street",Hyderabad,Telangana,India,21.704772,87.829774,437307,High,SRC028,0.89,2025-08-23 20:17:46,2025-09-05 12:17:46
L01706,Office 511,Public Place,"147, Kari Road",Nagpur,Maharashtra,India,22.828541,74.015388,494109,Medium,SRC024,0.92,2025-04-27 07:57:28,2025-04-28 17:57:28
L01707,Station 749,Industrial Site,"76/987, Randhawa",Pune,Maharashtra,India,12.285324,84.032065,870999,Low,SRC022,0.86,2025-12-23 13:08:58,2026-01-16 13:08:58
L01708,Warehouse 801,Commercial Area,"62, Kakar",Lucknow,Uttar Pradesh,India,20.234364,73.677068,770772,Unknown,SRC030,0.77,2026-02-06 04:39:39,2026-02-28 12:39:39
L01709,Market 604,Industrial Site,"96/694, Sandal Zila",Lucknow,Uttar Pradesh,India,24.377185,72.492992,327028,Low,SRC009,0.75,2024-11-16 06:19:12,2025-03-29 09:38:51
L01710,Apartment 404,Warehouse,"H.No. 30, Randhawa Path",Mumbai,Maharashtra,India,16.751829,87.924438,605050,High,SRC011,0.95,2024-08-28 08:09:50,2024-09-19 22:09:50
L01711,Industrial Area 369,Transport Hub,"60/40, Chokshi Nagar",Dewas,Madhya Pradesh,India,10.721715,79.816415,228328,Medium,SRC023,0.92,2025-09-08 06:48:01,2025-10-11 00:38:09
L01712,Office 190,Warehouse,"55, Mital Marg",Gurugram,Haryana,India,10.038174,77.045981,458197,High,SRC008,0.79,2024-06-04 19:48:02,2024-08-17 12:11:45
L01713,Warehouse 402,Hotel,"H.No. 242, Gill Street",Bhopal,Madhya Pradesh,India,23.54631,74.974485,167336,Unknown,SRC009,0.84,2026-01-16 05:34:31,2026-02-11 19:34:31
L01714,Station 347,Office,"94/45, Menon Street",Ujjain,Madhya Pradesh,India,16.441659,80.746336,541323,Medium,SRC025,0.98,2025-03-13 13:01:45,2025-03-21 18:01:45
L01715,Hotel 900,Office,"95, Misra Ganj",Hyderabad,Telangana,India,12.494761,81.296985,592815,Unknown,SRC027,0.92,2025-11-08 00:57:26,2026-07-10 04:10:56
L01716,Industrial Area 332,Warehouse,"H.No. 47, Raj Ganj",Surat,Gujarat,India,20.828164,78.497668,319336,High,SRC030,0.98,2025-01-03 12:28:12,2025-01-19 00:28:12
L01717,Warehouse 525,Office,"546, Dhar Zila",Ujjain,Madhya Pradesh,India,12.243935,86.344181,543913,Low,SRC015,0.79,2026-05-01 14:13:52,2026-05-18 18:13:52
L01718,Warehouse 597,Office,"56/001, Chowdhury Nagar",Hyderabad,Telangana,India,18.746758,87.574025,547836,High,SRC030,0.84,2026-08-01 00:12:53,2026-08-03 21:12:53
L01719,Station 960,Hotel,"H.No. 82, Deol Marg",Bhopal,Madhya Pradesh,India,16.652622,83.120964,298618,High,SRC029,0.94,2025-12-20 08:15:12,2026-01-13 06:15:12
L01720,Industrial Area 904,Public Place,"63/59, Dhar Zila",Jaipur,Rajasthan,India,20.976097,77.770663,704312,Low,SRC020,0.84,2024-09-07 01:54:53,2026-07-30 06:06:42
L01721,Road 454,Public Place,"14/099, Manda Zila",Kota,Rajasthan,India,9.228841,74.940543,141710,Medium,SRC013,0.82,2025-11-20 11:50:11,2025-12-06 01:50:11
L01722,Road 727,Commercial Area,"H.No. 02, Magar Street",Ahmedabad,Gujarat,India,21.725647,85.560741,642048,Medium,SRC015,0.91,2025-06-21 00:07:03,2025-07-15 12:07:03
L01723,Apartment 909,Transport Hub,"20/026, Kamdar Circle",Nagpur,Maharashtra,India,27.476702,76.748126,809953,Low,SRC028,0.85,2024-11-19 19:32:06,2025-06-06 01:31:09
L01724,Apartment 123,Bank,"H.No. 136, Chada Zila",Kota,Rajasthan,India,17.358361,84.223202,600511,High,SRC005,0.79,2025-12-23 03:34:34,2025-12-23 18:34:34
L01725,Office 697,Transport Hub,"61/10, Randhawa Chowk",Gwalior,Madhya Pradesh,India,10.623794,82.331336,734036,Unknown,SRC007,0.98,2024-04-08 14:13:53,2026-08-20 01:00:08
L01726,Road 29,Hotel,"H.No. 614, Nadig Circle",Ujjain,Madhya Pradesh,India,13.147473,75.26404,600811,Unknown,SRC011,0.77,2025-05-06 07:04:22,2025-06-03 09:04:22
L01727,Road 951,Commercial Area,"H.No. 320, Sura Chowk",Dewas,Madhya Pradesh,India,18.808982,83.659866,615684,High,SRC001,0.87,2025-08-20 02:24:01,2025-10-22 08:24:57
L01728,Apartment 173,Bank,"47/684, Karan Marg",Mumbai,Maharashtra,India,10.022431,76.774732,486301,Medium,SRC024,0.98,2025-05-25 03:08:48,2025-06-21 09:02:51
L01729,Apartment 326,Public Place,"H.No. 02, Dube Path",Ujjain,Madhya Pradesh,India,22.637296,87.755257,312954,High,SRC008,0.77,2024-08-12 00:32:33,2024-09-08 13:32:33
L01730,Warehouse 620,Office,"529, Seshadri Road",Delhi,Delhi,India,25.876493,78.091473,390067,Medium,SRC025,0.83,2024-06-28 16:32:00,2026-08-08 17:12:39
L01731,Warehouse 719,Commercial Area,"H.No. 24, Gopal Road",Delhi,Delhi,India,25.432645,85.845618,311327,Medium,SRC008,0.97,2026-05-21 09:28:46,2026-06-04 20:28:46
L01732,Office 332,Transport Hub,"H.No. 769, Sood Chowk",Lucknow,Uttar Pradesh,India,10.155048,84.812996,590292,Medium,SRC023,0.91,2026-03-16 15:11:46,2026-03-18 22:11:46
L01733,Station 946,Industrial Site,"79/88, Peri Road",Bhopal,Madhya Pradesh,India,10.659029,87.145472,427305,High,SRC011,0.94,2025-05-18 08:59:23,2025-05-21 02:59:23
L01734,Office 952,Industrial Site,"08/183, Virk Street",Bhopal,Madhya Pradesh,India,26.623795,77.545147,595726,Low,SRC022,0.88,2025-03-10 22:42:23,2025-04-02 02:42:23
L01735,Warehouse 775,Industrial Site,"87/60, Chand Path",Hyderabad,Telangana,India,27.437123,78.835523,797288,Medium,SRC012,0.98,2024-05-20 11:50:46,2026-02-12 13:27:29
L01736,Road 201,Office,"585, Kamdar",Bengaluru,Karnataka,India,26.40562,77.155889,109855,Unknown,SRC011,0.77,2025-01-11 21:14:34,2026-03-05 16:17:20
L01737,Mall 990,Public Place,"01/78, Garg Street",Mumbai,Maharashtra,India,10.219581,75.568588,889851,Unknown,SRC023,0.82,2024-12-10 15:47:50,2025-09-06 10:14:12
L01738,Warehouse 442,Office,"H.No. 78, Rout Zila",Jaipur,Rajasthan,India,16.58693,72.173565,723140,High,SRC008,0.8,2024-09-14 14:13:47,2024-11-17 11:20:43
L01739,Industrial Area 771,Hotel,"H.No. 81, Singhal Ganj",Indore,Madhya Pradesh,India,15.651065,73.251643,268920,Unknown,SRC023,0.81,2026-07-21 13:37:53,2026-07-26 20:37:53
L01740,Station 621,Commercial Area,"20/93, Seshadri Path",Indore,Madhya Pradesh,India,27.265209,84.873405,418146,Medium,SRC004,0.86,2026-05-03 02:15:49,2026-05-14 20:15:49
L01741,Road 310,Residence,"07/141, Thakkar Path",Lucknow,Uttar Pradesh,India,21.260913,78.205919,465721,Unknown,SRC005,0.99,2024-04-04 22:56:41,2025-03-10 20:37:25
L01742,Industrial Area 145,Residence,"84/35, Sibal",Kota,Rajasthan,India,13.457044,80.873781,356511,Medium,SRC020,0.8,2025-02-12 08:15:30,2025-08-04 23:05:07
L01743,Warehouse 661,Public Place,"H.No. 778, Balakrishnan Road",Bengaluru,Karnataka,India,25.777381,80.831263,105953,Unknown,SRC011,0.93,2024-06-22 18:31:50,2024-12-18 07:46:07
L01744,Station 707,Transport Hub,"58/04, Purohit Street",Kanpur,Uttar Pradesh,India,17.827986,76.135795,269668,Low,SRC020,0.95,2024-05-11 19:11:26,2024-10-17 14:11:06
L01745,Hotel 253,Office,"46, Gour",Vadodara,Gujarat,India,17.061022,77.357992,519179,Low,SRC009,0.84,2025-02-05 15:44:57,2025-02-25 16:44:57
L01746,Station 115,Transport Hub,"H.No. 352, Dey Marg",Gwalior,Madhya Pradesh,India,22.120045,80.664032,204078,High,SRC002,0.8,2024-10-25 06:09:00,2024-10-28 06:09:00
L01747,Office 866,Public Place,"H.No. 031, Kari Path",Delhi,Delhi,India,17.535332,76.501466,204080,Unknown,SRC014,0.95,2025-01-28 17:48:20,2026-02-01 18:43:26
L01748,Road 302,Office,"158, Bains Marg",Bhopal,Madhya Pradesh,India,13.159973,77.692547,513293,Low,SRC020,0.83,2024-04-25 15:30:08,2024-04-30 12:30:08
L01749,Station 694,Residence,"H.No. 834, Khalsa Circle",Mumbai,Maharashtra,India,12.361365,77.281426,863701,High,SRC006,0.87,2024-05-29 06:25:52,2025-02-22 14:46:31
L01750,Office 195,Office,"H.No. 794, Malhotra Zila",Lucknow,Uttar Pradesh,India,26.810999,74.377103,824883,Unknown,SRC016,0.87,2024-03-26 02:28:56,2024-09-23 19:30:49
L01751,Apartment 956,Commercial Area,"20/40, Arora Zila",Ahmedabad,Gujarat,India,18.71563,82.93004,360961,High,SRC020,0.89,2025-09-12 02:13:16,2025-09-18 02:13:16
L01752,Industrial Area 904,Bank,"479, Subramanian Path",Bengaluru,Karnataka,India,16.185868,80.195942,513960,Unknown,SRC023,0.94,2024-04-03 03:35:10,2024-04-05 19:35:10
L01753,Office 146,Commercial Area,"H.No. 070, Garde Ganj",Hyderabad,Telangana,India,22.252512,83.162333,727122,High,SRC008,0.87,2026-06-27 23:39:45,2026-07-03 03:39:45
L01754,Apartment 432,Public Place,"48/41, Memon Circle",Kota,Rajasthan,India,11.532707,79.957185,599138,Low,SRC015,0.94,2026-04-09 03:18:55,2026-04-29 00:18:55
L01755,Hotel 882,Hotel,"H.No. 468, Shan",Kota,Rajasthan,India,27.304066,77.479881,353686,High,SRC012,0.98,2025-10-29 10:07:13,2025-11-02 07:07:13
L01756,Junction 948,Commercial Area,"H.No. 702, Sibal Chowk",Bengaluru,Karnataka,India,24.135773,78.79986,518187,High,SRC017,0.94,2026-01-25 23:32:58,2026-02-03 08:32:58
L01757,Road 270,Industrial Site,"H.No. 16, Ahluwalia Chowk",Jabalpur,Madhya Pradesh,India,16.260112,84.508728,440489,Low,SRC020,0.89,2024-12-24 11:03:36,2025-12-31 06:33:18
L01758,Office 534,Commercial Area,"46/73, Om Circle",Delhi,Delhi,India,14.505419,82.045956,219766,Low,SRC015,0.89,2026-02-26 17:49:47,2026-03-15 22:49:47
L01759,Junction 935,Hotel,"19, Rege Nagar",Bengaluru,Karnataka,India,9.70301,86.353529,570024,Low,SRC009,0.79,2025-01-20 23:28:45,2026-07-04 12:46:49
L01760,Hotel 259,Transport Hub,"66/805, Biswas Zila",Ujjain,Madhya Pradesh,India,22.444206,87.660705,725948,Low,SRC019,0.85,2025-03-07 12:55:16,2025-04-14 21:48:31
L01761,Office 319,Warehouse,"H.No. 268, Kapur Path",Jaipur,Rajasthan,India,19.004917,87.233184,400023,Unknown,SRC009,0.76,2026-02-21 13:01:33,2026-03-15 05:47:05
L01762,Hotel 163,Bank,"36, Pillay Nagar",Indore,Madhya Pradesh,India,20.732377,79.443874,713644,Low,SRC007,0.84,2024-11-24 02:10:53,2026-08-08 23:06:38
L01763,Station 390,Hotel,"649, Sura",Delhi,Delhi,India,8.999843,79.244434,124612,Unknown,SRC019,0.94,2025-12-27 19:22:43,2026-01-26 01:22:43
L01764,Hotel 79,Residence,"69/231, Karan Circle",Gurugram,Haryana,India,19.655578,78.323692,425603,High,SRC025,0.95,2024-12-16 01:38:31,2025-12-13 04:33:55
L01765,Road 872,Transport Hub,"33, Chawla",Gwalior,Madhya Pradesh,India,8.462281,74.713306,860615,Medium,SRC009,0.98,2025-09-17 23:30:10,2025-09-22 23:30:10
L01766,Warehouse 372,Residence,"H.No. 87, Joshi Road",Kota,Rajasthan,India,13.438922,83.394279,811002,Low,SRC016,0.76,2024-09-09 00:44:47,2025-12-14 22:54:11
L01767,Road 156,Warehouse,"H.No. 66, Golla Road",Jabalpur,Madhya Pradesh,India,9.052974,74.296601,441024,High,SRC003,0.93,2024-11-10 09:13:11,2024-12-03 09:13:11
L01768,Road 30,Residence,"H.No. 714, Sem Zila",Mumbai,Maharashtra,India,11.586732,83.012094,715749,Low,SRC003,0.94,2025-07-30 22:04:04,2026-02-09 16:14:09
L01769,Junction 452,Transport Hub,"47/236, Butala Marg",Ujjain,Madhya Pradesh,India,26.057533,85.263496,761470,Unknown,SRC006,0.9,2026-05-23 16:59:31,2026-06-12 13:59:31
L01770,Hotel 380,Commercial Area,"04/986, Chaudhari Zila",Bhopal,Madhya Pradesh,India,10.530965,79.705337,724789,Medium,SRC023,0.9,2024-04-27 22:15:48,2025-10-08 19:55:15
L01771,Road 984,Bank,"461, Gera",Nagpur,Maharashtra,India,14.898641,83.235952,671136,High,SRC011,0.84,2025-07-16 23:44:22,2025-07-23 16:17:20
L01772,Junction 291,Warehouse,"H.No. 48, Sharma Zila",Kanpur,Uttar Pradesh,India,24.493872,75.710247,673129,Medium,SRC027,0.98,2024-07-19 22:09:01,2024-07-20 12:09:01
L01773,Mall 914,Transport Hub,"117, Prabhakar Road",Kanpur,Uttar Pradesh,India,25.686305,85.864183,647966,High,SRC003,0.89,2024-02-04 02:31:21,2024-05-25 12:46:58
L01774,Apartment 731,Transport Hub,"31/786, Seshadri Road",Bhopal,Madhya Pradesh,India,19.229074,84.671728,439660,Medium,SRC010,0.77,2025-12-22 05:15:46,2026-01-03 07:15:46
L01775,Warehouse 433,Residence,"80, Balan Nagar",Bhopal,Madhya Pradesh,India,16.111752,84.335321,330349,High,SRC022,0.96,2024-01-14 18:21:26,2024-12-13 20:48:46
L01776,Road 43,Hotel,"H.No. 081, Kakar",Nagpur,Maharashtra,India,15.322807,83.908337,154056,Medium,SRC028,0.99,2024-06-14 03:33:56,2025-07-03 05:44:38
L01777,Industrial Area 700,Bank,"51/97, Jha Path",Gwalior,Madhya Pradesh,India,22.785746,82.004129,476909,Medium,SRC007,0.82,2024-09-17 04:47:50,2024-11-23 22:21:07
L01778,Market 981,Bank,"195, Bawa",Pune,Maharashtra,India,10.220612,83.515381,579062,Medium,SRC027,0.98,2025-10-06 22:45:17,2025-10-14 20:45:17
L01779,Office 95,Public Place,"929, Grewal Road",Kanpur,Uttar Pradesh,India,21.410767,86.153109,276511,Medium,SRC019,0.79,2025-12-20 02:33:54,2026-01-02 04:33:54
L01780,Warehouse 541,Public Place,"H.No. 731, Raja Nagar",Pune,Maharashtra,India,17.226113,82.156262,267767,Low,SRC022,0.77,2025-02-20 10:31:52,2025-03-07 06:31:52
L01781,Mall 822,Residence,"10, Koshy Road",Indore,Madhya Pradesh,India,11.085029,85.921764,106286,Medium,SRC029,0.85,2025-11-09 05:10:13,2025-11-29 22:10:13
L01782,Industrial Area 932,Residence,"176, Chaudhari Zila",Hyderabad,Telangana,India,23.407099,74.246953,788244,High,SRC015,0.9,2025-06-10 10:31:18,2026-03-24 05:47:22
L01783,Apartment 802,Commercial Area,"H.No. 26, Hora Road",Surat,Gujarat,India,16.4617,76.32691,248515,Low,SRC029,0.77,2024-04-20 09:22:10,2024-04-23 20:22:10
L01784,Hotel 299,Bank,"148, Sarraf",Mumbai,Maharashtra,India,21.879288,80.373926,327503,Medium,SRC019,0.99,2024-06-23 23:49:01,2026-06-25 21:46:27
L01785,Office 314,Residence,"37/189, Divan Ganj",Jaipur,Rajasthan,India,21.271244,75.704668,665268,High,SRC020,0.78,2024-12-15 16:23:10,2025-01-13 07:23:10
L01786,Warehouse 487,Commercial Area,"40/143, Sampath Marg",Pune,Maharashtra,India,20.460804,76.181548,469024,Low,SRC020,0.76,2025-09-05 07:50:29,2025-09-27 10:50:29
L01787,Apartment 638,Commercial Area,"50/299, Borra Chowk",Indore,Madhya Pradesh,India,23.342096,74.215036,319472,Unknown,SRC020,0.81,2024-08-22 05:24:10,2024-11-19 12:04:19
L01788,Apartment 591,Office,"80/71, Rau",Surat,Gujarat,India,8.491172,85.602438,142918,Unknown,SRC008,0.8,2024-11-21 00:23:36,2025-01-14 00:02:29
L01789,Office 456,Public Place,"124, Bera Ganj",Lucknow,Uttar Pradesh,India,27.403856,77.11937,597324,Medium,SRC025,0.82,2026-06-15 19:42:18,2026-07-08 15:42:18
L01790,Office 709,Transport Hub,"19/159, Grewal Road",Bhopal,Madhya Pradesh,India,19.529646,78.259364,894572,Medium,SRC008,0.98,2025-07-25 16:58:48,2025-07-28 13:58:48
L01791,Mall 354,Commercial Area,"607, Vasa Zila",Vadodara,Gujarat,India,22.781575,72.4355,776948,Low,SRC022,0.97,2026-06-23 19:13:54,2026-07-15 06:13:54
L01792,Junction 311,Transport Hub,"909, Comar Chowk",Vadodara,Gujarat,India,19.011368,76.960692,738849,Medium,SRC001,0.86,2026-07-17 15:49:05,2026-07-31 18:49:05
L01793,Hotel 108,Industrial Site,"43/584, Tailor",Bhopal,Madhya Pradesh,India,25.109592,79.459801,779134,Medium,SRC022,0.78,2024-12-12 17:54:58,2024-12-24 13:54:58
L01794,Industrial Area 468,Commercial Area,"32/61, Sridhar Marg",Gwalior,Madhya Pradesh,India,20.306861,72.874421,456879,High,SRC025,0.81,2026-04-17 19:06:41,2026-08-29 17:37:26
L01795,Mall 247,Office,"57/67, Rana Circle",Bengaluru,Karnataka,India,8.521076,87.758633,405829,Medium,SRC001,0.92,2026-06-15 06:18:41,2026-07-02 15:18:41
L01796,Market 236,Bank,"H.No. 468, Golla Ganj",Gwalior,Madhya Pradesh,India,10.624812,84.191023,735947,Low,SRC005,0.97,2024-03-23 10:06:26,2025-10-06 19:33:45
L01797,Industrial Area 177,Commercial Area,"401, Ramesh Nagar",Bengaluru,Karnataka,India,24.350944,79.168804,479907,High,SRC029,0.98,2025-11-23 03:04:52,2025-12-12 01:04:52
L01798,Station 220,Bank,"43/487, Baral Path",Jabalpur,Madhya Pradesh,India,9.116776,72.892446,298096,Unknown,SRC025,0.97,2024-11-15 04:26:46,2024-11-25 04:53:54
L01799,Apartment 719,Residence,"H.No. 21, Varghese Marg",Mumbai,Maharashtra,India,23.935109,74.533773,163577,Low,SRC015,0.84,2024-05-31 05:48:18,2025-05-23 22:23:28
L01800,Mall 638,Warehouse,"18/83, Buch Marg",Kota,Rajasthan,India,10.36159,74.627719,456939,High,SRC014,0.79,2025-06-15 21:06:05,2025-12-07 19:13:39
L01801,Apartment 311,Commercial Area,"11, Nori",Mumbai,Maharashtra,India,19.542073,83.472559,427810,Medium,SRC021,0.9,2025-06-06 05:00:02,2025-06-28 20:00:02
L01802,Station 960,Commercial Area,"53, Chahal Chowk",Vadodara,Gujarat,India,15.955226,73.022908,227690,Medium,SRC020,0.97,2025-12-12 02:21:32,2025-12-28 12:21:32
L01803,Road 34,Transport Hub,"H.No. 43, Dayal Ganj",Surat,Gujarat,India,25.496189,73.201364,885574,High,SRC016,0.84,2025-10-19 14:23:01,2025-10-24 07:23:01
L01804,Industrial Area 438,Hotel,"777, Badami Ganj",Mumbai,Maharashtra,India,23.105736,84.173499,360316,Medium,SRC012,0.98,2024-12-16 01:31:02,2025-05-14 21:55:19
L01805,Mall 363,Industrial Site,"H.No. 51, Kanda Chowk",Ahmedabad,Gujarat,India,16.568215,76.987739,738002,Unknown,SRC014,0.85,2025-05-11 02:26:40,2025-06-19 12:34:58
L01806,Hotel 694,Bank,"H.No. 94, Goel Road",Vadodara,Gujarat,India,17.722011,72.071609,181140,Low,SRC018,0.85,2025-09-26 00:26:18,2025-10-25 03:15:03
L01807,Market 406,Bank,"H.No. 919, Palla Chowk",Vadodara,Gujarat,India,19.981532,84.385583,832670,Unknown,SRC030,0.82,2024-09-17 10:33:21,2024-12-01 08:20:49
L01808,Warehouse 102,Commercial Area,"87/63, Varughese Road",Surat,Gujarat,India,19.717952,72.083929,547223,Medium,SRC028,0.99,2026-05-24 01:48:54,2026-06-10 04:48:54
L01809,Station 516,Bank,"38/87, Parmer Nagar",Surat,Gujarat,India,8.055559,85.961315,768020,Unknown,SRC009,0.84,2024-07-15 17:59:13,2025-03-07 12:49:47
L01810,Industrial Area 633,Commercial Area,"312, Sarna Street",Bengaluru,Karnataka,India,8.927727,83.671694,810888,Low,SRC026,0.94,2026-08-17 16:31:40,2026-09-04 23:59:59
L01811,Station 860,Residence,"444, Baral Circle",Jaipur,Rajasthan,India,21.852452,82.049143,738345,Medium,SRC017,0.92,2024-07-02 20:15:57,2024-11-11 19:28:53
L01812,Mall 381,Residence,"H.No. 96, Nadig Circle",Dewas,Madhya Pradesh,India,22.320519,73.635371,838905,Medium,SRC025,0.86,2024-02-12 16:57:22,2024-06-01 08:11:22
L01813,Office 29,Warehouse,"66/76, Rout Path",Indore,Madhya Pradesh,India,11.610304,74.7965,779856,Medium,SRC025,0.94,2024-01-28 01:46:19,2025-03-31 06:01:08
L01814,Mall 13,Warehouse,"06/392, Mahal Road",Pune,Maharashtra,India,19.617014,82.751722,881985,High,SRC009,0.92,2024-07-02 20:28:35,2025-10-05 12:20:48
L01815,Office 920,Bank,"H.No. 28, Garg Road",Jaipur,Rajasthan,India,15.560664,77.18691,177565,Low,SRC029,0.96,2025-01-22 15:32:33,2025-02-15 19:32:33
L01816,Industrial Area 270,Bank,"91, Butala Circle",Lucknow,Uttar Pradesh,India,20.600904,77.041836,546368,Low,SRC005,0.91,2025-12-08 23:34:08,2026-01-07 19:34:08
L01817,Junction 379,Industrial Site,"H.No. 79, Chand Path",Surat,Gujarat,India,19.965875,83.682034,789967,High,SRC008,0.97,2026-01-16 02:12:07,2026-01-17 07:12:07
L01818,Hotel 513,Transport Hub,"55, Dewan Ganj",Pune,Maharashtra,India,19.409611,82.037044,664265,Low,SRC014,0.89,2024-03-09 13:40:32,2025-07-18 15:24:58
L01819,Hotel 945,Commercial Area,"21, Ramaswamy Street",Pune,Maharashtra,India,10.863055,80.801992,350570,Unknown,SRC021,0.91,2024-11-18 04:38:51,2026-01-07 15:06:49
L01820,Office 8,Residence,"76/63, Golla Road",Ujjain,Madhya Pradesh,India,9.314851,73.437036,323835,High,SRC025,0.89,2025-02-28 23:03:49,2025-04-18 16:52:50
L01821,Warehouse 126,Office,"11, Butala",Pune,Maharashtra,India,13.742616,81.715793,636223,Medium,SRC007,0.85,2026-03-04 03:50:49,2026-03-23 18:50:49
L01822,Road 556,Office,"011, Mander Ganj",Indore,Madhya Pradesh,India,26.586386,72.860778,655128,Low,SRC010,0.91,2026-06-22 22:12:40,2026-07-02 16:12:40
L01823,Road 770,Public Place,"34/81, Nigam",Surat,Gujarat,India,20.702222,73.631853,146397,Unknown,SRC029,0.91,2024-01-28 00:31:09,2024-01-29 03:31:09
L01824,Market 29,Commercial Area,"52/970, Rau",Nagpur,Maharashtra,India,20.340151,77.87239,629549,Medium,SRC009,0.97,2024-08-20 14:17:51,2025-05-28 05:41:46
L01825,Hotel 615,Transport Hub,"976, Chandra",Ahmedabad,Gujarat,India,11.360596,72.263657,318833,High,SRC006,0.75,2025-01-06 06:01:07,2025-11-23 08:35:53
L01826,Junction 834,Office,"783, Brar Circle",Lucknow,Uttar Pradesh,India,25.528305,74.991474,453766,Unknown,SRC011,0.82,2024-04-16 11:54:54,2024-05-04 05:54:54
L01827,Industrial Area 561,Bank,"H.No. 374, Patel Street",Bhopal,Madhya Pradesh,India,11.481367,77.263201,116714,High,SRC010,0.78,2025-11-22 09:20:54,2025-11-22 12:20:54
L01828,Road 50,Hotel,"H.No. 41, Nadkarni Nagar",Gwalior,Madhya Pradesh,India,17.160152,85.358622,568542,Unknown,SRC001,0.99,2024-01-24 19:31:53,2024-12-31 21:11:56
L01829,Road 389,Residence,"494, Kaur Road",Delhi,Delhi,India,27.738984,82.908208,854209,Low,SRC030,0.91,2025-06-19 01:06:27,2025-10-06 22:41:46
L01830,Junction 116,Hotel,"78/48, Vohra Ganj",Hyderabad,Telangana,India,23.208785,85.060385,397464,Medium,SRC027,0.88,2024-03-25 17:04:55,2025-09-28 20:42:25
L01831,Apartment 389,Commercial Area,"938, Toor Street",Kanpur,Uttar Pradesh,India,27.565308,84.55725,778731,High,SRC018,0.98,2026-08-03 01:25:45,2026-08-31 18:25:45
L01832,Industrial Area 755,Residence,"574, Kohli Ganj",Gurugram,Haryana,India,21.863491,81.32842,853423,Medium,SRC029,0.78,2026-07-22 04:50:52,2026-08-11 18:50:52
L01833,Warehouse 841,Commercial Area,"H.No. 741, Thakur",Bengaluru,Karnataka,India,15.773265,82.765123,631836,High,SRC020,0.76,2025-04-07 11:45:37,2025-05-02 09:45:37
L01834,Mall 661,Warehouse,"034, Madan",Indore,Madhya Pradesh,India,17.94662,73.990692,702768,Low,SRC006,0.92,2024-01-10 09:41:34,2025-02-08 03:30:31
L01835,Warehouse 674,Warehouse,"H.No. 80, Warrior Ganj",Vadodara,Gujarat,India,8.542506,81.982562,430690,High,SRC012,0.99,2026-02-01 01:38:31,2026-02-18 01:38:31
L01836,Road 113,Commercial Area,"41, Sengupta Marg",Jaipur,Rajasthan,India,27.029625,79.509389,723065,High,SRC020,0.81,2024-05-23 19:13:30,2026-07-06 00:46:16
L01837,Mall 355,Public Place,"263, Atwal Zila",Mumbai,Maharashtra,India,12.008763,79.626491,388086,High,SRC019,0.92,2024-06-05 12:00:31,2025-09-16 01:21:50
L01838,Mall 754,Bank,"62/923, Cheema Zila",Pune,Maharashtra,India,25.811988,80.459905,266755,Low,SRC004,0.88,2024-11-30 17:54:32,2026-06-25 12:50:55
L01839,Warehouse 123,Hotel,"35, Tripathi Chowk",Ujjain,Madhya Pradesh,India,12.672986,79.572042,346893,High,SRC029,0.91,2025-08-20 18:45:45,2025-09-07 11:45:45
L01840,Apartment 207,Office,"147, Murthy",Dewas,Madhya Pradesh,India,13.318988,74.662795,869383,Low,SRC021,0.97,2026-03-28 05:31:25,2026-04-10 19:31:25
L01841,Industrial Area 900,Office,"54/72, Prasad Circle",Indore,Madhya Pradesh,India,10.891029,80.051583,211458,Unknown,SRC008,0.81,2024-12-02 15:47:35,2024-12-21 07:47:35
L01842,Industrial Area 778,Residence,"04/81, Anne Circle",Lucknow,Uttar Pradesh,India,24.833591,83.59448,759350,Medium,SRC022,0.98,2024-03-22 17:46:08,2026-06-23 05:04:06
L01843,Market 851,Industrial Site,"H.No. 729, Walla Road",Dewas,Madhya Pradesh,India,26.76469,74.89679,181007,Low,SRC010,0.82,2025-10-15 06:24:27,2026-05-05 20:10:48
L01844,Apartment 883,Commercial Area,"73/773, Thakkar Ganj",Ahmedabad,Gujarat,India,10.244309,79.852936,140961,Low,SRC014,0.96,2025-07-27 20:50:07,2025-07-28 04:50:07
L01845,Hotel 488,Office,"032, Mishra Path",Hyderabad,Telangana,India,24.062477,72.550212,738080,High,SRC005,0.91,2025-11-21 07:28:32,2025-12-06 19:28:32
L01846,Road 606,Residence,"31/151, Reddy Ganj",Surat,Gujarat,India,8.297193,84.507844,513067,Medium,SRC017,0.82,2025-08-05 15:36:12,2025-08-17 19:36:12
L01847,Junction 784,Office,"843, Rana Road",Jabalpur,Madhya Pradesh,India,17.971264,83.304034,184761,Medium,SRC028,0.9,2026-06-17 01:30:31,2026-07-02 05:30:31
L01848,Apartment 507,Bank,"29/378, Narayan",Gwalior,Madhya Pradesh,India,21.519293,75.353802,388800,Low,SRC008,0.99,2024-08-29 07:28:05,2024-09-05 19:28:05
L01849,Hotel 757,Bank,"28/41, Malhotra Circle",Bhopal,Madhya Pradesh,India,19.479464,77.313497,875868,Low,SRC016,0.8,2024-07-18 16:52:19,2026-02-17 11:49:53
L01850,Hotel 534,Office,"H.No. 36, Comar Circle",Pune,Maharashtra,India,12.652845,80.013336,811731,Medium,SRC002,0.77,2026-05-19 17:26:43,2026-05-29 02:26:43
L01851,Office 628,Bank,"H.No. 62, Johal Chowk",Surat,Gujarat,India,20.325385,80.848569,234299,High,SRC013,0.79,2024-06-09 08:27:19,2024-09-04 18:26:51
L01852,Station 976,Bank,"96, Behl Path",Ujjain,Madhya Pradesh,India,8.173831,72.856682,822730,Medium,SRC002,0.87,2025-09-12 02:13:05,2025-09-13 22:13:05
L01853,Office 275,Residence,"H.No. 97, Contractor Chowk",Gwalior,Madhya Pradesh,India,17.141226,84.400655,369171,Unknown,SRC014,0.82,2024-11-08 11:06:25,2025-10-15 01:29:58
L01854,Apartment 399,Warehouse,"H.No. 464, Menon Road",Surat,Gujarat,India,24.562609,74.045908,274139,Medium,SRC029,0.92,2025-04-17 12:39:03,2025-04-23 05:39:03
L01855,Warehouse 108,Hotel,"93/46, Bhargava Road",Bhopal,Madhya Pradesh,India,13.417259,86.784252,752072,Unknown,SRC018,0.97,2026-01-07 23:28:32,2026-01-11 11:28:32
L01856,Hotel 28,Warehouse,"113, Jaggi Road",Hyderabad,Telangana,India,24.397005,73.321914,813201,High,SRC017,0.98,2025-02-22 15:15:06,2025-04-08 07:01:10
L01857,Junction 365,Transport Hub,"50, Muni Marg",Hyderabad,Telangana,India,21.372029,83.54359,368406,High,SRC024,0.89,2026-02-14 14:00:08,2026-03-12 05:00:08
L01858,Hotel 302,Bank,"H.No. 72, Bir Ganj",Jabalpur,Madhya Pradesh,India,24.852839,82.539412,107264,Low,SRC010,0.87,2024-05-26 16:06:37,2026-07-26 03:07:05
L01859,Office 696,Office,"H.No. 16, Salvi Nagar",Ahmedabad,Gujarat,India,16.955367,77.771522,771653,Medium,SRC019,0.81,2024-12-05 11:36:31,2024-12-20 12:36:31
L01860,Junction 833,Public Place,"99, Virk Road",Indore,Madhya Pradesh,India,14.511249,85.967925,571818,High,SRC009,0.82,2025-04-30 06:23:55,2026-06-19 09:06:32
L01861,Industrial Area 317,Industrial Site,"09, Ramaswamy Chowk",Vadodara,Gujarat,India,9.364415,76.678532,292373,High,SRC006,0.83,2024-05-09 15:50:48,2026-07-26 12:56:53
L01862,Mall 547,Public Place,"H.No. 423, Mistry Path",Lucknow,Uttar Pradesh,India,13.95982,77.08803,324086,Low,SRC029,0.88,2024-08-25 02:40:18,2025-05-17 08:45:36
L01863,Market 257,Hotel,"82, Wali Marg",Pune,Maharashtra,India,27.624031,79.610549,708650,High,SRC005,0.77,2025-12-11 05:23:36,2026-01-03 04:23:36
L01864,Warehouse 230,Public Place,"08, Rama Nagar",Bengaluru,Karnataka,India,22.0581,81.879266,831742,Unknown,SRC011,0.81,2026-02-19 05:04:38,2026-03-07 08:04:38
L01865,Road 220,Bank,"88, Mody Ganj",Pune,Maharashtra,India,17.697874,86.327333,262504,Medium,SRC024,0.94,2024-03-15 19:11:19,2025-06-29 06:58:20
L01866,Warehouse 371,Transport Hub,"H.No. 65, Sangha Chowk",Delhi,Delhi,India,24.717013,74.611671,352215,Low,SRC006,0.99,2024-09-09 02:31:38,2025-07-07 19:44:31
L01867,Apartment 873,Industrial Site,"95, Krishnamurthy Path",Indore,Madhya Pradesh,India,21.547997,76.400871,633525,Low,SRC006,0.82,2026-06-08 06:25:03,2026-07-05 05:25:03
L01868,Office 236,Bank,"82/68, Ben Zila",Jabalpur,Madhya Pradesh,India,26.275097,72.697071,625066,High,SRC030,0.77,2025-06-17 03:05:48,2025-06-22 11:05:48
L01869,Hotel 222,Bank,"H.No. 265, Raja Zila",Gurugram,Haryana,India,8.985938,82.796641,537323,Unknown,SRC008,0.79,2026-02-25 11:16:45,2026-03-04 20:16:45
L01870,Road 571,Industrial Site,"H.No. 047, Ratta Marg",Bengaluru,Karnataka,India,26.053223,87.00809,592680,Medium,SRC008,0.98,2025-06-12 17:09:32,2026-03-01 02:33:21
L01871,Warehouse 1,Industrial Site,"H.No. 909, Gala Path",Dewas,Madhya Pradesh,India,14.829423,80.471095,363145,Unknown,SRC012,0.84,2024-09-20 06:31:14,2025-02-05 14:28:26
L01872,Office 993,Public Place,"H.No. 22, Prakash Path",Kanpur,Uttar Pradesh,India,26.88374,74.545875,196757,Low,SRC017,0.89,2025-04-25 04:42:01,2025-04-28 20:42:01
L01873,Warehouse 745,Residence,"80/421, Bahl Nagar",Vadodara,Gujarat,India,19.135462,77.546646,621823,Low,SRC017,0.78,2026-01-24 00:57:26,2026-01-27 18:57:26
L01874,Road 636,Transport Hub,"38, Jani Chowk",Gwalior,Madhya Pradesh,India,11.62688,73.92168,489044,Medium,SRC010,0.78,2025-07-05 03:59:36,2025-07-13 10:59:36
L01875,Station 262,Hotel,"66, Peri Road",Indore,Madhya Pradesh,India,12.009484,86.69178,124044,High,SRC011,0.8,2026-05-21 07:30:38,2026-05-31 15:30:38
L01876,Apartment 193,Transport Hub,"H.No. 05, Chaudry Road",Ahmedabad,Gujarat,India,19.276763,79.259894,733450,Low,SRC025,0.89,2025-11-25 10:25:01,2025-12-07 10:25:01
L01877,Market 277,Residence,"35/384, Sagar Chowk",Jabalpur,Madhya Pradesh,India,24.573001,85.947037,362288,Medium,SRC006,0.82,2024-05-27 09:08:22,2025-10-28 12:37:45
L01878,Apartment 848,Residence,"07/135, Raja Chowk",Nagpur,Maharashtra,India,25.318136,81.80654,753518,Low,SRC022,0.93,2025-08-11 09:23:08,2025-08-18 23:23:08
L01879,Apartment 115,Public Place,"947, Mody Path",Delhi,Delhi,India,11.854307,74.140439,496778,Medium,SRC001,0.91,2025-04-04 19:42:35,2025-04-29 12:42:35
L01880,Office 314,Transport Hub,"52/733, Behl Nagar",Gurugram,Haryana,India,17.602428,75.825873,277271,Low,SRC030,0.87,2024-03-02 18:36:15,2024-08-27 07:55:24
L01881,Warehouse 933,Warehouse,"47/12, Sundaram Marg",Jabalpur,Madhya Pradesh,India,15.316086,81.910771,650733,Unknown,SRC030,0.89,2024-04-25 15:24:39,2024-09-02 23:24:54
L01882,Market 151,Transport Hub,"49, Ahuja Nagar",Ujjain,Madhya Pradesh,India,25.028363,81.102427,832620,Medium,SRC016,0.93,2026-06-11 09:41:24,2026-07-01 09:41:24
L01883,Junction 668,Commercial Area,"090, Sandhu Circle",Nagpur,Maharashtra,India,11.52964,72.59707,208858,Unknown,SRC019,0.89,2024-07-24 14:08:12,2025-01-07 16:03:42
L01884,Hotel 147,Industrial Site,"33, Iyer Path",Ujjain,Madhya Pradesh,India,12.210074,73.440386,853024,Unknown,SRC016,0.87,2024-03-15 15:31:25,2025-11-10 23:20:58
L01885,Warehouse 437,Public Place,"H.No. 72, Sankar Ganj",Vadodara,Gujarat,India,15.165546,86.62616,706148,Low,SRC029,0.88,2024-02-28 07:29:10,2025-12-27 22:54:59
L01886,Hotel 283,Transport Hub,"75/55, Aurora Road",Bhopal,Madhya Pradesh,India,27.469638,84.022848,766390,Unknown,SRC015,0.84,2026-08-27 02:04:31,2026-09-04 23:59:59
L01887,Office 228,Office,"952, Hayer Marg",Gwalior,Madhya Pradesh,India,15.779254,77.432079,113943,Unknown,SRC012,0.77,2026-08-30 10:26:02,2026-09-04 23:59:59
L01888,Market 221,Public Place,"66, Korpal Zila",Bhopal,Madhya Pradesh,India,25.205426,84.006417,306019,High,SRC016,0.96,2024-11-05 16:15:17,2025-03-03 17:42:31
L01889,Road 798,Bank,"H.No. 884, Dhar Street",Pune,Maharashtra,India,27.874547,75.788403,789306,High,SRC028,0.94,2025-07-01 10:45:39,2025-10-18 15:06:45
L01890,Mall 276,Commercial Area,"55/438, Dugar Zila",Ujjain,Madhya Pradesh,India,18.058398,85.852482,829438,Medium,SRC028,0.76,2024-02-06 14:08:49,2024-02-11 02:08:49
L01891,Warehouse 179,Office,"H.No. 260, Nath Ganj",Dewas,Madhya Pradesh,India,18.719089,75.072007,258595,Medium,SRC028,0.86,2025-05-12 16:16:20,2026-02-11 11:07:34
L01892,Hotel 846,Office,"264, Sundaram Road",Jabalpur,Madhya Pradesh,India,9.867423,81.532059,851997,Low,SRC024,0.96,2026-05-19 10:00:08,2026-06-13 13:00:08
L01893,Market 158,Public Place,"53/128, Prakash Path",Ujjain,Madhya Pradesh,India,11.057704,79.050581,799366,High,SRC002,0.84,2024-06-24 23:44:04,2024-10-21 03:30:07
L01894,Junction 571,Warehouse,"H.No. 031, Krishnamurthy Chowk",Delhi,Delhi,India,21.529779,74.561105,148497,Medium,SRC019,0.79,2025-06-14 13:11:24,2025-07-10 16:11:24
L01895,Station 345,Transport Hub,"H.No. 781, Bala Circle",Ahmedabad,Gujarat,India,17.886242,75.560629,597338,Low,SRC014,0.89,2026-01-15 01:18:13,2026-02-09 02:18:13
L01896,Hotel 363,Residence,"H.No. 97, Jayaraman Ganj",Ahmedabad,Gujarat,India,12.126051,77.413231,115524,High,SRC024,0.97,2024-03-26 22:49:16,2025-12-10 17:01:44
L01897,Office 854,Hotel,"25/85, Bakshi Ganj",Ahmedabad,Gujarat,India,16.819364,87.810714,266582,High,SRC014,0.85,2025-12-29 22:22:58,2026-01-16 08:22:58
L01898,Office 172,Public Place,"81/449, Gour Ganj",Jaipur,Rajasthan,India,26.230231,79.709383,579180,Low,SRC016,0.82,2024-11-16 22:39:08,2025-12-28 22:40:05
L01899,Road 13,Transport Hub,"85/122, Pau Street",Delhi,Delhi,India,24.094933,87.920622,564600,High,SRC006,0.93,2026-03-20 11:50:44,2026-04-14 07:50:44
L01900,Office 709,Residence,"H.No. 10, Thaman Road",Ahmedabad,Gujarat,India,15.200434,84.507691,896571,High,SRC005,0.84,2025-10-28 04:20:03,2025-11-23 21:20:03
L01901,Industrial Area 546,Residence,"72/896, Agarwal Ganj",Bengaluru,Karnataka,India,15.508825,75.670584,219673,Low,SRC020,0.95,2025-09-04 21:22:09,2025-10-02 19:22:09
L01902,Market 712,Hotel,"63/772, Jaggi Chowk",Jaipur,Rajasthan,India,13.801012,84.011712,140850,Unknown,SRC030,0.98,2025-09-22 14:24:53,2025-10-20 18:24:53
L01903,Warehouse 439,Residence,"H.No. 767, Buch Path",Ujjain,Madhya Pradesh,India,10.457228,78.081212,102779,High,SRC008,0.96,2026-05-20 19:22:41,2026-06-14 20:22:41
L01904,Road 380,Warehouse,"396, Iyer Zila",Hyderabad,Telangana,India,26.539629,73.533884,529168,High,SRC009,0.94,2025-02-05 13:36:16,2025-08-11 11:03:59
L01905,Market 96,Commercial Area,"079, Swamy Path",Nagpur,Maharashtra,India,8.458285,83.86127,682497,Medium,SRC027,0.9,2025-06-19 03:24:28,2025-07-09 23:24:28
L01906,Market 721,Industrial Site,"979, Chandra Nagar",Bengaluru,Karnataka,India,16.317852,80.768948,403972,Medium,SRC011,0.88,2026-08-13 19:48:05,2026-08-21 17:48:05
L01907,Hotel 515,Hotel,"H.No. 21, Mitra Path",Vadodara,Gujarat,India,16.543173,77.130985,800729,Unknown,SRC012,0.93,2024-05-16 16:06:35,2025-02-13 23:16:21
L01908,Road 579,Bank,"89/14, Nazareth Marg",Delhi,Delhi,India,13.198825,77.591058,492260,High,SRC030,0.79,2024-09-01 19:34:01,2024-09-29 04:34:01
L01909,Market 749,Transport Hub,"H.No. 40, Kumar Zila",Hyderabad,Telangana,India,12.259925,80.483152,127139,Unknown,SRC011,0.85,2024-01-25 11:03:46,2024-07-07 23:01:58
L01910,Road 507,Industrial Site,"17, Butala Chowk",Nagpur,Maharashtra,India,14.556057,84.908789,538990,Unknown,SRC017,0.96,2025-07-06 08:28:10,2026-01-22 02:27:42
L01911,Industrial Area 949,Warehouse,"46/96, Dugal Street",Kota,Rajasthan,India,23.259237,75.721105,768696,Low,SRC011,0.88,2026-05-05 07:06:43,2026-06-11 23:09:01
L01912,Station 987,Bank,"11, Sethi Circle",Kanpur,Uttar Pradesh,India,18.448769,84.443657,507401,High,SRC012,0.78,2026-01-10 05:31:16,2026-01-13 13:31:16
L01913,Apartment 696,Warehouse,"H.No. 39, Dash Nagar",Bengaluru,Karnataka,India,24.069206,78.603651,123884,Low,SRC021,0.92,2026-05-21 19:14:21,2026-06-18 05:14:21
L01914,Road 608,Warehouse,"70/192, Prasad",Hyderabad,Telangana,India,17.283213,74.737256,508661,Unknown,SRC029,0.78,2024-01-07 21:50:29,2025-08-14 09:18:02
L01915,Office 746,Commercial Area,"H.No. 04, Hayre",Indore,Madhya Pradesh,India,25.369221,82.250076,504421,Medium,SRC011,0.77,2026-07-02 19:22:50,2026-07-28 03:22:50
L01916,Industrial Area 360,Bank,"036, Sandal Street",Kanpur,Uttar Pradesh,India,9.11176,75.262558,336564,Medium,SRC002,0.89,2024-08-24 14:19:57,2025-07-05 03:29:54
L01917,Station 79,Hotel,"H.No. 754, Nagy Street",Pune,Maharashtra,India,21.680088,72.322119,234932,High,SRC010,0.94,2026-01-27 01:19:15,2026-01-30 06:19:15
L01918,Warehouse 637,Bank,"68/807, Nath Street",Nagpur,Maharashtra,India,11.154289,81.03023,605531,High,SRC003,0.91,2025-08-23 13:00:07,2025-09-20 12:00:07
L01919,Station 505,Commercial Area,"05/10, Dada Path",Mumbai,Maharashtra,India,18.611723,72.227343,650356,Medium,SRC005,0.92,2024-10-30 00:42:34,2024-11-11 00:42:34
L01920,Road 273,Residence,"22/82, Thaman Path",Lucknow,Uttar Pradesh,India,9.416914,73.462295,770298,Low,SRC027,0.8,2025-09-11 12:56:31,2026-08-04 18:10:04
L01921,Apartment 973,Bank,"56/05, Uppal Street",Bhopal,Madhya Pradesh,India,8.559146,79.358479,625581,High,SRC014,0.95,2025-11-10 00:38:53,2026-07-08 16:36:20
L01922,Market 566,Bank,"61, Bali Circle",Hyderabad,Telangana,India,17.521832,83.168592,779513,Unknown,SRC007,0.98,2024-12-28 11:51:33,2025-01-04 03:51:33
L01923,Station 822,Warehouse,"215, Ravel Path",Gwalior,Madhya Pradesh,India,16.948627,81.753881,144045,Unknown,SRC010,0.85,2025-10-25 14:09:59,2025-11-21 04:09:59
L01924,Warehouse 45,Residence,"75, Edwin Marg",Bhopal,Madhya Pradesh,India,27.389523,82.196257,623039,Unknown,SRC016,0.82,2024-05-21 09:40:28,2024-06-05 15:40:28
L01925,Road 706,Bank,"76/75, Vasa Path",Indore,Madhya Pradesh,India,9.100926,80.218144,110812,Medium,SRC012,0.9,2024-07-06 01:58:37,2026-06-15 03:42:54
L01926,Station 762,Office,"364, Chand Path",Jaipur,Rajasthan,India,18.883573,78.04684,865981,Low,SRC017,0.97,2025-03-30 08:59:29,2026-05-21 17:45:04
L01927,Industrial Area 42,Residence,"H.No. 807, Mander",Pune,Maharashtra,India,17.992545,85.269549,613030,Low,SRC001,0.97,2025-12-09 12:15:58,2026-03-01 05:52:24
L01928,Office 743,Office,"213, Arya Path",Jabalpur,Madhya Pradesh,India,11.385481,78.332251,472095,Medium,SRC028,0.98,2025-06-02 14:51:34,2025-06-23 23:51:34
L01929,Market 327,Office,"21/330, Sibal Path",Bengaluru,Karnataka,India,24.897368,72.572138,519593,Low,SRC025,0.97,2024-07-14 00:17:35,2026-05-22 09:56:52
L01930,Warehouse 752,Public Place,"H.No. 338, Kala Marg",Kanpur,Uttar Pradesh,India,19.325844,84.635305,546823,Low,SRC001,0.94,2025-05-07 21:38:58,2025-06-06 20:38:58
L01931,Station 631,Industrial Site,"573, Magar Ganj",Delhi,Delhi,India,26.019934,85.489403,533990,Low,SRC027,0.99,2026-01-23 12:24:34,2026-02-10 00:24:34
L01932,Road 313,Office,"26/65, Keer Nagar",Ahmedabad,Gujarat,India,9.631262,84.852491,300163,Unknown,SRC008,0.95,2025-06-21 09:29:36,2026-08-21 06:31:19
L01933,Office 762,Warehouse,"22, Chahal Nagar",Kanpur,Uttar Pradesh,India,15.256033,81.078717,328311,High,SRC025,0.78,2024-03-05 12:56:57,2024-03-25 10:56:57
L01934,Hotel 520,Public Place,"74/72, Pradhan",Hyderabad,Telangana,India,10.430858,79.137072,469471,Low,SRC003,0.97,2024-08-28 01:46:17,2024-09-17 03:46:17
L01935,Market 889,Warehouse,"061, Golla Nagar",Gurugram,Haryana,India,24.254858,76.050969,496061,High,SRC026,0.95,2025-01-12 18:52:00,2025-01-26 19:52:00
L01936,Hotel 335,Residence,"H.No. 230, Trivedi Marg",Jaipur,Rajasthan,India,27.441227,83.297749,258781,Medium,SRC029,0.92,2025-09-18 11:03:37,2026-05-22 15:40:18
L01937,Office 938,Commercial Area,"527, Sandhu Nagar",Lucknow,Uttar Pradesh,India,24.676616,76.213993,226061,Low,SRC011,0.92,2024-10-06 19:49:49,2024-10-16 22:49:49
L01938,Road 858,Commercial Area,"64/14, Vaidya Path",Vadodara,Gujarat,India,8.039474,86.082155,313842,High,SRC005,0.98,2025-06-28 22:52:54,2025-07-12 22:52:54
L01939,Station 221,Hotel,"307, Jani Chowk",Jabalpur,Madhya Pradesh,India,27.297064,74.870998,534747,Low,SRC022,0.86,2024-09-27 03:55:49,2025-01-04 03:18:31
L01940,Junction 516,Bank,"305, Mohanty Path",Surat,Gujarat,India,17.954747,73.999158,212428,Medium,SRC005,0.75,2026-05-26 08:08:34,2026-06-19 12:08:34
L01941,Station 93,Hotel,"10, Arya Marg",Indore,Madhya Pradesh,India,20.312227,82.201209,403367,Low,SRC008,0.78,2025-02-19 12:32:31,2025-11-22 23:53:09
L01942,Station 461,Public Place,"579, Balakrishnan Zila",Lucknow,Uttar Pradesh,India,24.634042,84.573533,331675,Unknown,SRC009,0.82,2026-05-21 06:59:20,2026-05-25 16:59:20
L01943,Office 523,Bank,"20, Anand Chowk",Dewas,Madhya Pradesh,India,19.092789,79.983968,795143,Medium,SRC020,0.76,2025-11-24 03:25:39,2025-12-21 10:25:39
L01944,Road 443,Hotel,"85/577, Modi Path",Ahmedabad,Gujarat,India,8.625794,81.257759,816071,Unknown,SRC014,0.84,2026-08-06 17:22:33,2026-09-03 12:22:33
L01945,Station 179,Public Place,"H.No. 66, Sangha Ganj",Delhi,Delhi,India,8.632928,74.506541,795493,Unknown,SRC021,0.82,2024-02-26 16:39:41,2024-03-04 10:39:41
L01946,Road 72,Residence,"48/710, Sodhi Street",Bengaluru,Karnataka,India,13.14037,83.436332,493964,Low,SRC014,0.82,2024-04-09 02:12:21,2025-04-03 11:29:40
L01947,Hotel 886,Transport Hub,"H.No. 94, Das Nagar",Bengaluru,Karnataka,India,27.748555,87.521604,616075,High,SRC024,0.82,2025-07-02 15:46:41,2025-07-30 21:46:41
L01948,Hotel 480,Bank,"H.No. 012, Kala Circle",Kota,Rajasthan,India,22.339329,73.888609,844776,Unknown,SRC004,0.83,2024-05-18 19:17:57,2025-11-11 01:00:12
L01949,Office 477,Industrial Site,"H.No. 62, Misra Nagar",Nagpur,Maharashtra,India,22.927598,75.390379,895005,Medium,SRC017,0.97,2024-09-24 10:36:27,2024-10-12 12:36:27
L01950,Apartment 150,Warehouse,"58, Dani Chowk",Delhi,Delhi,India,24.116474,84.280168,256693,Unknown,SRC011,0.81,2025-10-07 04:39:04,2026-05-05 20:40:55
L01951,Junction 132,Bank,"H.No. 320, Bhat",Kanpur,Uttar Pradesh,India,25.224875,84.295672,661296,High,SRC014,0.92,2026-03-16 18:40:48,2026-03-31 22:40:48
L01952,Junction 664,Residence,"H.No. 69, Chaudhuri Chowk",Surat,Gujarat,India,11.782095,83.672629,162678,Low,SRC005,0.9,2024-05-06 17:31:10,2026-08-14 15:29:23
L01953,Apartment 394,Public Place,"H.No. 56, Manda Chowk",Ahmedabad,Gujarat,India,14.527166,85.618396,502615,High,SRC012,0.97,2025-05-22 01:09:12,2025-06-15 15:09:12
L01954,Mall 567,Warehouse,"H.No. 347, Tank Zila",Mumbai,Maharashtra,India,27.664817,75.441262,137988,Medium,SRC010,0.94,2026-01-29 18:16:37,2026-02-07 10:16:37
L01955,Apartment 224,Commercial Area,"H.No. 49, Srinivas Path",Surat,Gujarat,India,15.751945,80.235122,786265,Medium,SRC005,0.94,2025-11-02 19:43:46,2025-11-06 07:43:46
L01956,Road 987,Public Place,"99, Hayer Marg",Lucknow,Uttar Pradesh,India,24.319359,84.325841,179238,High,SRC010,0.9,2025-05-02 10:21:48,2025-05-03 01:21:48
L01957,Market 997,Hotel,"25/862, Kakar Marg",Jabalpur,Madhya Pradesh,India,24.825512,81.835957,869273,Low,SRC004,0.8,2026-05-20 20:10:31,2026-06-06 10:10:31
L01958,Station 75,Office,"774, Memon Street",Delhi,Delhi,India,26.003928,82.751849,356480,Unknown,SRC001,0.77,2025-04-13 13:36:12,2025-07-10 01:16:37
L01959,Warehouse 118,Office,"27, Kanda",Ahmedabad,Gujarat,India,15.12271,84.352542,579643,Low,SRC021,0.84,2025-06-18 09:12:19,2025-06-22 01:12:19
L01960,Apartment 71,Commercial Area,"462, Mane Street",Jabalpur,Madhya Pradesh,India,12.866984,76.373226,442872,Low,SRC004,0.84,2024-06-15 01:24:55,2024-08-04 03:37:18
L01961,Station 346,Residence,"H.No. 400, Bhattacharyya Path",Delhi,Delhi,India,19.537111,73.027285,679310,Medium,SRC029,0.89,2024-11-16 06:01:32,2024-12-12 18:01:32
L01962,Market 378,Bank,"640, Pandey Ganj",Vadodara,Gujarat,India,24.405455,81.688048,703203,Medium,SRC004,0.96,2025-02-12 12:15:20,2025-09-05 11:32:05
L01963,Warehouse 40,Industrial Site,"626, Keer Ganj",Vadodara,Gujarat,India,24.589186,72.993928,248120,High,SRC010,0.8,2024-01-02 19:32:35,2025-08-11 22:37:30
L01964,Office 471,Bank,"H.No. 352, Dass Marg",Bhopal,Madhya Pradesh,India,12.505744,84.000239,898108,Unknown,SRC011,0.85,2024-12-09 18:16:13,2026-04-10 10:50:02
L01965,Office 458,Public Place,"H.No. 919, Raman Chowk",Ahmedabad,Gujarat,India,20.570179,80.857742,794105,Medium,SRC013,0.96,2024-02-06 12:13:47,2024-04-08 08:40:45
L01966,Station 830,Bank,"11/170, Sura Circle",Dewas,Madhya Pradesh,India,16.343628,75.621227,238554,Low,SRC003,0.82,2026-03-24 06:25:40,2026-04-11 21:25:40
L01967,Market 470,Commercial Area,"67, Bali Path",Ujjain,Madhya Pradesh,India,12.573661,81.547623,344709,Unknown,SRC003,0.82,2024-09-21 11:30:39,2024-10-07 00:28:20
L01968,Office 443,Transport Hub,"40, Ravi Chowk",Nagpur,Maharashtra,India,10.680563,75.531858,444106,Unknown,SRC022,0.99,2024-04-28 12:00:01,2024-06-10 14:13:06
L01969,Station 910,Office,"H.No. 222, Khalsa Nagar",Nagpur,Maharashtra,India,13.625753,75.180038,673842,Medium,SRC027,0.97,2025-07-22 17:18:21,2025-08-09 19:18:21
L01970,Warehouse 423,Bank,"12, Kibe Street",Lucknow,Uttar Pradesh,India,14.009277,83.587409,824514,High,SRC030,0.82,2025-12-17 18:33:17,2025-12-22 03:28:03
L01971,Hotel 546,Transport Hub,"H.No. 34, Gandhi Nagar",Bhopal,Madhya Pradesh,India,21.132807,76.153037,667316,High,SRC016,0.96,2025-03-16 07:08:50,2026-03-08 03:31:38
L01972,Mall 972,Bank,"H.No. 437, Mangal Road",Jabalpur,Madhya Pradesh,India,24.022546,74.590959,197542,High,SRC011,0.95,2024-08-06 05:02:16,2025-03-17 10:32:30
L01973,Road 570,Industrial Site,"01/87, Nori Nagar",Delhi,Delhi,India,11.570157,86.812286,845311,High,SRC011,0.83,2024-12-12 18:59:44,2025-05-29 19:48:34
L01974,Market 746,Transport Hub,"91, Cherian Road",Ahmedabad,Gujarat,India,11.027566,72.341268,335356,Low,SRC010,0.9,2025-09-03 17:57:16,2025-12-12 05:38:19
L01975,Station 122,Office,"H.No. 441, Kapur Path",Bengaluru,Karnataka,India,23.221354,85.389242,191555,Unknown,SRC017,0.83,2024-09-29 22:26:16,2025-01-01 23:29:54
L01976,Hotel 214,Residence,"H.No. 53, Shah Ganj",Nagpur,Maharashtra,India,22.425986,79.042968,597433,Unknown,SRC013,0.97,2024-07-04 05:22:32,2024-07-21 07:00:00
L01977,Road 181,Hotel,"H.No. 182, Chauhan Path",Kota,Rajasthan,India,12.73829,77.414461,864022,Medium,SRC030,0.97,2026-08-21 00:36:41,2026-09-02 14:36:41
L01978,Market 764,Warehouse,"H.No. 220, Vasa Road",Indore,Madhya Pradesh,India,21.087084,83.811731,287439,Medium,SRC020,0.83,2026-06-18 03:13:19,2026-07-04 22:13:19
L01979,Hotel 410,Hotel,"62/13, Walla Zila",Dewas,Madhya Pradesh,India,17.088609,85.156535,180717,Medium,SRC004,0.79,2026-08-16 10:50:38,2026-09-04 23:59:59
L01980,Office 319,Commercial Area,"H.No. 98, Mitra Path",Vadodara,Gujarat,India,18.616699,85.444343,732342,Low,SRC004,0.8,2024-11-20 11:26:36,2026-05-19 15:39:44
L01981,Warehouse 65,Bank,"61/75, Sahota Path",Gwalior,Madhya Pradesh,India,15.021111,79.848529,173942,Medium,SRC012,0.88,2025-01-25 06:03:08,2025-12-19 07:46:32
L01982,Office 914,Transport Hub,"H.No. 943, Vasa Road",Kota,Rajasthan,India,24.646138,82.111655,205847,Low,SRC011,0.77,2025-12-10 17:43:52,2025-12-22 10:43:52
L01983,Road 317,Transport Hub,"54/12, Mahajan Road",Kota,Rajasthan,India,12.405566,79.927551,884300,Unknown,SRC003,0.86,2026-08-30 00:20:59,2026-09-04 23:59:59
L01984,Apartment 332,Hotel,"07/353, Halder Path",Ujjain,Madhya Pradesh,India,14.970803,83.14099,444929,Low,SRC030,0.76,2025-10-23 20:04:31,2026-06-05 04:16:51
L01985,Junction 552,Warehouse,"78/61, Ravi Street",Vadodara,Gujarat,India,14.615929,74.544788,218897,Unknown,SRC007,0.9,2024-12-24 21:34:25,2025-01-04 14:34:25
L01986,Apartment 690,Hotel,"77, Brahmbhatt Path",Nagpur,Maharashtra,India,25.112652,78.887377,663031,Medium,SRC001,0.9,2025-04-27 03:54:16,2025-05-07 12:54:16
L01987,Office 956,Industrial Site,"24, Garde Road",Bengaluru,Karnataka,India,16.413977,80.536527,696176,Unknown,SRC018,0.82,2024-02-09 02:30:09,2026-07-30 14:00:30
L01988,Industrial Area 339,Office,"40/839, Sant Ganj",Gurugram,Haryana,India,14.289821,78.352274,666260,Unknown,SRC026,0.78,2025-05-08 21:56:34,2025-08-20 15:03:30
L01989,Industrial Area 882,Commercial Area,"58/837, Bath Zila",Hyderabad,Telangana,India,8.722593,78.141245,558453,Low,SRC022,0.97,2026-07-15 12:51:18,2026-07-29 02:51:18
L01990,Mall 322,Public Place,"417, Anne Road",Jabalpur,Madhya Pradesh,India,18.359744,81.045975,715929,High,SRC010,0.77,2024-04-19 10:26:25,2025-11-07 16:21:59
L01991,Road 243,Hotel,"58/870, Jha Road",Ahmedabad,Gujarat,India,9.986987,86.483893,660079,Low,SRC011,0.84,2026-04-16 05:14:35,2026-05-15 08:14:35
L01992,Hotel 320,Residence,"H.No. 988, Nanda Marg",Kanpur,Uttar Pradesh,India,11.402964,83.976285,733459,Medium,SRC004,0.87,2025-05-02 15:22:14,2025-05-12 20:22:14
L01993,Market 733,Hotel,"H.No. 752, Sekhon Road",Jaipur,Rajasthan,India,23.003898,78.541161,870484,Medium,SRC008,0.91,2024-05-26 21:20:35,2024-06-06 21:20:35
L01994,Mall 334,Warehouse,"956, Dugar Road",Gwalior,Madhya Pradesh,India,10.892281,82.546799,245861,Unknown,SRC027,0.83,2024-07-01 19:02:25,2025-03-22 12:02:05
L01995,Apartment 712,Residence,"H.No. 40, Chokshi Nagar",Ujjain,Madhya Pradesh,India,24.730393,83.754827,880143,Medium,SRC026,0.9,2024-10-22 11:55:15,2025-06-04 01:58:17
L01996,Warehouse 664,Transport Hub,"H.No. 53, Vasa Circle",Delhi,Delhi,India,18.223374,82.905842,677224,High,SRC010,0.97,2024-07-15 06:08:58,2025-07-13 05:03:42
L01997,Market 5,Bank,"54/22, Chandra Ganj",Mumbai,Maharashtra,India,20.914632,84.521023,125128,Unknown,SRC024,0.87,2024-08-01 17:08:25,2025-04-07 08:58:10
L01998,Warehouse 664,Transport Hub,"79/003, Dugar Nagar",Ahmedabad,Gujarat,India,25.973964,85.149269,427931,High,SRC028,0.77,2025-01-19 00:05:28,2025-02-15 21:05:28
L01999,Warehouse 412,Hotel,"H.No. 18, Varkey Nagar",Mumbai,Maharashtra,India,12.012798,74.80034,478415,High,SRC008,0.96,2024-05-14 01:54:42,2024-12-14 09:46:00
L02000,Station 202,Residence,"80/312, Jhaveri Road",Pune,Maharashtra,India,14.650365,83.753545,666207,Unknown,SRC023,0.87,2024-04-16 17:20:23,2024-05-13 19:20:23
L02001,Station 896,Residence,"49/19, Gupta Street",Jaipur,Rajasthan,India,17.064286,72.933704,729745,High,SRC001,0.86,2025-10-21 16:51:43,2025-11-09 16:51:43
L02002,Station 437,Residence,"H.No. 629, Deo Road",Jaipur,Rajasthan,India,26.726864,81.209265,476330,High,SRC001,0.87,2026-03-01 21:20:01,2026-03-22 08:20:01
L02003,Office 437,Office,"051, Lanka Road",Vadodara,Gujarat,India,26.971437,78.733779,277885,Unknown,SRC012,0.83,2025-03-07 15:53:14,2025-03-07 16:53:14
L02004,Office 395,Transport Hub,"39, Walla Chowk",Mumbai,Maharashtra,India,17.929049,85.850346,451678,High,SRC003,0.79,2025-05-22 02:51:16,2025-12-25 20:09:59
L02005,Market 691,Transport Hub,"18/097, Chada Nagar",Nagpur,Maharashtra,India,11.909887,78.975226,150806,High,SRC017,0.95,2024-06-06 15:54:53,2026-02-20 23:12:48
L02006,Road 807,Public Place,"74/12, Vohra Chowk",Surat,Gujarat,India,9.001682,72.085531,223423,Low,SRC018,0.91,2024-06-10 11:42:54,2025-11-06 13:56:22
L02007,Market 924,Industrial Site,"70/12, Desai Marg",Jabalpur,Madhya Pradesh,India,17.76539,78.199642,334237,Medium,SRC017,0.96,2024-09-02 16:46:21,2025-11-19 03:54:11
L02008,Road 221,Warehouse,"22/398, Subramanian Street",Gwalior,Madhya Pradesh,India,17.535102,81.06216,155974,Medium,SRC018,0.95,2024-07-01 23:16:21,2025-07-10 17:19:51
L02009,Road 548,Bank,"H.No. 22, Gulati Chowk",Gwalior,Madhya Pradesh,India,25.504972,74.057207,629075,Unknown,SRC011,0.75,2026-02-18 10:02:24,2026-03-12 12:02:24
L02010,Warehouse 477,Commercial Area,"58, Wali Circle",Lucknow,Uttar Pradesh,India,17.131998,83.91148,143653,Low,SRC017,0.76,2025-10-18 09:39:46,2025-11-01 08:39:46
L02011,Station 730,Bank,"70/32, Zacharia Circle",Lucknow,Uttar Pradesh,India,21.673489,77.110509,864944,Medium,SRC005,0.85,2024-11-28 03:34:59,2025-11-11 17:15:46
L02012,Road 802,Office,"79, Bhatia Street",Ahmedabad,Gujarat,India,14.675827,82.977991,561210,Medium,SRC006,0.87,2025-04-06 15:32:50,2025-04-11 19:32:50
L02013,Station 346,Office,"88/266, Soman Zila",Jaipur,Rajasthan,India,17.749856,79.82776,136353,Low,SRC007,0.77,2024-01-30 05:45:11,2026-07-09 01:00:27
L02014,Industrial Area 923,Transport Hub,"H.No. 22, Sehgal",Bengaluru,Karnataka,India,19.387144,73.851534,807535,High,SRC005,0.92,2026-03-27 16:23:13,2026-04-14 08:23:13
L02015,Station 820,Warehouse,"27/16, Date Circle",Gurugram,Haryana,India,23.668387,77.514091,338516,Medium,SRC016,0.85,2025-02-25 17:58:48,2026-02-05 22:06:04
L02016,Warehouse 96,Industrial Site,"83/41, Mishra Ganj",Vadodara,Gujarat,India,25.562939,77.127809,708177,Unknown,SRC021,0.94,2024-11-03 12:56:05,2025-11-01 16:27:13
L02017,Station 220,Office,"374, Mallick Chowk",Gwalior,Madhya Pradesh,India,17.115225,79.500825,530952,High,SRC009,0.88,2025-09-06 02:56:16,2025-09-06 20:56:16
L02018,Station 177,Industrial Site,"00/56, Kuruvilla Ganj",Mumbai,Maharashtra,India,9.860036,83.809035,438288,Medium,SRC010,0.78,2024-05-13 20:49:27,2025-07-07 17:07:42
L02019,Market 193,Hotel,"54/55, Badami Path",Surat,Gujarat,India,13.665013,72.198004,158790,Unknown,SRC010,0.99,2026-02-01 08:50:40,2026-02-20 09:50:40
L02020,Mall 452,Commercial Area,"06, Gola Chowk",Kota,Rajasthan,India,16.917039,82.331549,493923,High,SRC014,0.92,2024-03-25 13:57:04,2024-05-10 14:37:54
L02021,Junction 552,Warehouse,"04/68, Basu Road",Ahmedabad,Gujarat,India,10.298007,85.557516,239367,Unknown,SRC007,0.9,2026-03-01 21:57:16,2026-05-30 05:42:30
L02022,Office 109,Warehouse,"79/78, Salvi Street",Kanpur,Uttar Pradesh,India,25.885752,86.48794,245831,Unknown,SRC016,0.82,2025-10-27 20:42:07,2025-11-16 02:42:07
L02023,Hotel 60,Hotel,"71/472, Banerjee Chowk",Bhopal,Madhya Pradesh,India,23.39055,77.447066,783651,Medium,SRC010,0.93,2025-12-11 03:06:04,2025-12-15 06:06:04
L02024,Hotel 56,Industrial Site,"H.No. 33, Dey Marg",Jaipur,Rajasthan,India,22.092477,78.652613,865399,Unknown,SRC020,0.89,2025-02-28 17:47:40,2025-12-14 10:09:00
L02025,Apartment 559,Bank,"93/255, Batra Road",Kota,Rajasthan,India,23.784058,76.690487,184586,Unknown,SRC003,0.8,2024-06-04 14:02:14,2025-07-05 18:55:40
L02026,Office 348,Hotel,"67/74, Kunda Ganj",Ujjain,Madhya Pradesh,India,20.824163,80.298143,467170,Medium,SRC009,0.96,2024-03-07 11:49:06,2025-03-01 02:35:59
L02027,Market 435,Commercial Area,"735, Aurora Street",Ujjain,Madhya Pradesh,India,23.53071,85.232151,334369,Medium,SRC020,0.93,2024-10-16 21:09:49,2025-01-09 08:14:50
L02028,Industrial Area 432,Public Place,"44/50, Mitra Nagar",Bengaluru,Karnataka,India,15.333689,84.230936,177675,Low,SRC029,0.85,2024-05-14 23:27:23,2024-06-03 18:27:23
L02029,Market 888,Hotel,"H.No. 99, Bhatti Road",Gurugram,Haryana,India,25.839338,75.729543,529926,Unknown,SRC015,0.96,2024-10-11 14:47:30,2024-10-22 05:47:30
L02030,Industrial Area 263,Transport Hub,"H.No. 086, Dubey Chowk",Gurugram,Haryana,India,24.937918,72.535546,869024,High,SRC007,0.89,2024-12-17 13:01:12,2025-06-17 13:47:05
L02031,Warehouse 533,Warehouse,"74/76, Munshi Circle",Gwalior,Madhya Pradesh,India,27.725019,72.87951,390085,Low,SRC007,0.91,2024-07-03 22:45:58,2025-03-22 00:57:01
L02032,Market 638,Hotel,"H.No. 298, Venkataraman Street",Nagpur,Maharashtra,India,14.706638,84.084753,804169,Medium,SRC016,0.93,2025-08-30 15:25:51,2025-09-17 11:25:51
L02033,Industrial Area 203,Warehouse,"97/086, Gala Ganj",Gwalior,Madhya Pradesh,India,24.310708,86.643474,675849,Medium,SRC003,0.91,2024-07-31 21:50:18,2026-03-14 02:29:57
L02034,Station 405,Transport Hub,"43/627, Kurian Zila",Kota,Rajasthan,India,26.022741,83.237181,722283,Low,SRC027,0.98,2024-01-19 23:42:13,2025-05-15 09:51:41
L02035,Industrial Area 521,Industrial Site,"82, Thakkar Circle",Nagpur,Maharashtra,India,17.967622,86.495399,378381,Unknown,SRC017,0.88,2026-01-24 15:16:48,2026-02-01 02:16:48
L02036,Hotel 875,Industrial Site,"340, Borra Street",Ahmedabad,Gujarat,India,20.514509,83.605197,466719,High,SRC015,0.92,2024-08-30 21:03:33,2026-04-15 15:50:27
L02037,Warehouse 102,Transport Hub,"86/24, Deo Circle",Gurugram,Haryana,India,25.475977,73.385663,294322,High,SRC014,0.77,2025-11-04 19:37:05,2025-11-29 08:37:05
L02038,Market 954,Public Place,"H.No. 523, Swaminathan Path",Bengaluru,Karnataka,India,19.778122,86.526329,481802,Medium,SRC026,0.8,2026-02-10 12:04:15,2026-02-11 23:04:15
L02039,Hotel 99,Residence,"H.No. 582, Bhavsar Chowk",Hyderabad,Telangana,India,18.778183,82.388734,757870,Medium,SRC005,0.93,2024-02-26 04:29:59,2025-01-28 05:44:17
L02040,Station 402,Industrial Site,"04/00, Patla Road",Lucknow,Uttar Pradesh,India,25.13286,80.671977,252654,High,SRC005,0.75,2025-01-14 19:39:17,2025-01-27 10:39:17
L02041,Office 965,Public Place,"26/88, Kata Circle",Pune,Maharashtra,India,26.786392,77.295344,458096,Medium,SRC002,0.96,2025-11-29 18:03:22,2025-12-21 09:03:22
L02042,Junction 97,Office,"56/75, Ben Path",Jabalpur,Madhya Pradesh,India,13.451625,74.694395,764789,Unknown,SRC014,0.84,2026-07-06 01:51:29,2026-07-24 00:51:29
L02043,Apartment 222,Commercial Area,"00/74, Gaba Marg",Gwalior,Madhya Pradesh,India,11.555629,81.005629,880472,High,SRC016,0.85,2025-02-09 01:30:48,2025-09-18 21:30:27
L02044,Road 428,Office,"H.No. 87, Rajagopalan Chowk",Pune,Maharashtra,India,27.876507,80.639076,316198,Medium,SRC025,0.92,2025-10-31 04:00:27,2026-05-13 15:23:18
L02045,Market 309,Commercial Area,"H.No. 37, Sathe Marg",Gurugram,Haryana,India,12.120157,87.310602,415106,Unknown,SRC013,0.77,2024-03-27 22:17:51,2024-06-21 02:02:05
L02046,Industrial Area 422,Bank,"060, Sen Path",Hyderabad,Telangana,India,15.534999,73.816548,412148,Medium,SRC011,0.82,2026-06-04 06:46:26,2026-06-16 09:46:26
L02047,Station 769,Office,"H.No. 57, Nair",Surat,Gujarat,India,27.860093,83.54013,812998,Low,SRC012,0.93,2025-03-30 04:21:08,2026-08-02 05:21:24
L02048,Apartment 701,Transport Hub,"H.No. 882, Gaba Road",Lucknow,Uttar Pradesh,India,19.169447,85.35906,512532,High,SRC008,0.99,2024-05-13 19:34:47,2025-01-24 23:07:29
L02049,Office 892,Residence,"41/73, Chawla Chowk",Ujjain,Madhya Pradesh,India,8.63772,84.255401,421402,Low,SRC010,0.76,2024-02-10 10:34:07,2024-06-14 03:21:19
L02050,Office 287,Office,"28/348, Guha Marg",Indore,Madhya Pradesh,India,27.541196,79.218614,577543,Medium,SRC013,0.92,2026-08-27 23:26:48,2026-09-04 23:59:59
L02051,Apartment 818,Bank,"54/12, Gill Path",Dewas,Madhya Pradesh,India,22.456704,75.483667,116973,Medium,SRC010,0.95,2026-04-16 18:48:57,2026-05-02 01:48:57
L02052,Junction 65,Transport Hub,"H.No. 08, Basak Nagar",Jabalpur,Madhya Pradesh,India,25.688765,79.037244,386526,Unknown,SRC028,0.95,2026-04-10 14:49:17,2026-05-10 12:49:17
L02053,Warehouse 778,Bank,"05/390, Agarwal Nagar",Dewas,Madhya Pradesh,India,23.673285,79.504824,848136,High,SRC024,0.78,2025-10-24 21:59:48,2025-11-12 20:59:48
L02054,Office 101,Residence,"56, Rout Path",Bengaluru,Karnataka,India,24.312942,79.920187,633080,Unknown,SRC029,0.81,2024-06-08 10:16:15,2024-11-18 20:21:26
L02055,Warehouse 726,Commercial Area,"31, Sen Marg",Jabalpur,Madhya Pradesh,India,25.867629,86.446701,637833,High,SRC001,0.93,2025-12-08 18:35:45,2025-12-12 10:35:45
L02056,Road 432,Hotel,"H.No. 625, Balay Zila",Gurugram,Haryana,India,9.603549,74.30034,828017,Low,SRC022,0.96,2025-12-29 00:37:58,2025-12-29 02:37:58
L02057,Road 399,Office,"66/26, Yadav Road",Nagpur,Maharashtra,India,20.446343,78.715935,301231,High,SRC003,0.9,2026-03-15 19:01:44,2026-04-12 14:01:44
L02058,Office 493,Office,"66/269, Oommen Chowk",Jaipur,Rajasthan,India,13.527037,79.747773,360649,Unknown,SRC011,0.97,2025-01-17 12:25:52,2025-02-10 01:25:52
L02059,Station 798,Industrial Site,"76/58, Rastogi Circle",Kanpur,Uttar Pradesh,India,16.717504,85.374278,812511,Medium,SRC015,0.87,2026-06-22 23:40:18,2026-06-28 16:40:18
L02060,Industrial Area 99,Bank,"27, Lanka Nagar",Delhi,Delhi,India,10.459564,73.053352,684061,Medium,SRC028,0.92,2026-04-14 00:05:12,2026-04-28 13:05:12
L02061,Warehouse 505,Public Place,"35, Brar Marg",Bengaluru,Karnataka,India,22.426255,79.652408,628360,Unknown,SRC021,0.75,2024-02-03 02:56:54,2026-02-25 23:05:43
L02062,Office 663,Bank,"H.No. 680, Chandra Ganj",Jabalpur,Madhya Pradesh,India,19.548419,78.782295,137592,Medium,SRC024,0.82,2025-02-20 23:21:17,2026-08-18 22:34:05
L02063,Office 454,Industrial Site,"40, Barman Road",Surat,Gujarat,India,27.808418,76.643534,475507,Medium,SRC001,0.92,2026-07-23 09:36:36,2026-08-12 05:36:36
L02064,Apartment 621,Industrial Site,"79, Sahni Street",Indore,Madhya Pradesh,India,17.939573,82.19403,207121,Low,SRC014,0.99,2024-04-06 02:47:24,2024-07-09 20:43:10
L02065,Station 920,Commercial Area,"H.No. 270, Kaur Circle",Ahmedabad,Gujarat,India,24.66989,76.920268,153487,Low,SRC022,0.93,2024-04-03 01:56:10,2024-07-14 19:34:37
L02066,Station 556,Transport Hub,"83/975, Chada Chowk",Kanpur,Uttar Pradesh,India,20.02105,80.179241,495522,High,SRC020,0.92,2026-01-01 16:33:09,2026-05-17 09:14:57
L02067,Market 215,Warehouse,"65, Baria Nagar",Dewas,Madhya Pradesh,India,11.337301,80.846529,449142,Unknown,SRC017,0.86,2026-04-28 19:40:10,2026-05-09 13:40:10
L02068,Industrial Area 376,Commercial Area,"19, Om Nagar",Mumbai,Maharashtra,India,27.402143,83.806224,417932,Unknown,SRC018,0.84,2026-06-15 18:49:25,2026-07-10 01:49:25
L02069,Hotel 496,Public Place,"H.No. 09, Sridhar Circle",Ahmedabad,Gujarat,India,25.736497,75.429819,182619,Medium,SRC009,0.93,2025-08-15 17:05:46,2025-08-21 18:05:46
L02070,Junction 211,Residence,"698, Mangat Zila",Kota,Rajasthan,India,26.220354,73.785994,106956,Medium,SRC005,0.79,2024-06-30 04:28:51,2026-03-26 18:19:51
L02071,Hotel 20,Transport Hub,"H.No. 65, Goyal Circle",Delhi,Delhi,India,9.520501,74.618038,367855,Unknown,SRC010,0.93,2025-03-28 23:01:32,2025-04-19 21:01:32
L02072,Market 586,Transport Hub,"061, Chana Street",Vadodara,Gujarat,India,24.766015,77.043202,683423,Unknown,SRC008,0.77,2025-11-08 23:42:31,2026-01-18 22:34:39
L02073,Office 676,Public Place,"00, Upadhyay Path",Hyderabad,Telangana,India,16.437745,74.327818,499453,High,SRC016,0.86,2024-04-05 12:40:55,2024-04-12 11:40:55
L02074,Apartment 569,Warehouse,"03/66, Majumdar Circle",Indore,Madhya Pradesh,India,24.109282,87.468509,741983,Low,SRC016,0.98,2025-05-11 16:35:05,2026-03-03 21:09:45
L02075,Market 148,Transport Hub,"187, Sarna",Bhopal,Madhya Pradesh,India,14.322507,84.360487,113278,Unknown,SRC009,0.78,2026-03-29 12:30:13,2026-03-29 15:30:13
L02076,Road 246,Public Place,"H.No. 062, Bumb Marg",Delhi,Delhi,India,20.252179,81.648727,624089,Medium,SRC025,0.94,2026-03-26 09:12:20,2026-04-12 18:12:20
L02077,Apartment 518,Hotel,"624, Tank",Mumbai,Maharashtra,India,22.488938,80.431717,495806,Unknown,SRC018,0.87,2025-08-14 13:14:49,2025-08-16 14:14:49
L02078,Station 535,Industrial Site,"033, Nigam Zila",Kanpur,Uttar Pradesh,India,10.993038,80.203609,139385,Unknown,SRC007,0.88,2024-01-31 07:08:46,2024-07-27 09:35:49
L02079,Mall 105,Public Place,"H.No. 354, Cherian",Kota,Rajasthan,India,14.971852,83.884446,751404,Medium,SRC011,0.76,2024-09-04 05:04:23,2026-01-21 02:34:24
L02080,Road 242,Bank,"60, Roy Nagar",Bengaluru,Karnataka,India,18.868401,79.847814,733066,High,SRC005,0.78,2024-12-21 12:07:18,2024-12-24 18:07:18
L02081,Mall 26,Public Place,"H.No. 261, Shukla Ganj",Bengaluru,Karnataka,India,26.839878,76.090425,640324,Unknown,SRC001,0.91,2025-07-01 03:09:35,2025-08-31 12:56:20
L02082,Junction 181,Commercial Area,"H.No. 70, Bansal Nagar",Mumbai,Maharashtra,India,9.150272,78.313772,116917,Medium,SRC024,0.79,2026-05-23 18:03:42,2026-06-11 07:03:42
L02083,Office 548,Office,"61/48, Jani Chowk",Kota,Rajasthan,India,25.965226,79.192374,460104,Unknown,SRC015,0.93,2025-03-08 03:12:12,2025-04-19 04:37:45
L02084,Mall 874,Public Place,"143, Brar Nagar",Delhi,Delhi,India,27.236548,82.731019,110658,Medium,SRC023,0.89,2024-07-01 18:56:31,2024-12-07 07:15:57
L02085,Mall 70,Residence,"72, Gour Circle",Ujjain,Madhya Pradesh,India,15.177657,81.219627,585512,High,SRC030,0.85,2025-12-07 01:42:25,2025-12-11 09:42:25
L02086,Road 234,Hotel,"H.No. 94, Tiwari Circle",Hyderabad,Telangana,India,8.660021,75.448522,780388,Unknown,SRC009,0.76,2024-10-13 11:52:38,2025-12-14 09:35:49
L02087,Office 998,Transport Hub,"69/093, Kohli Marg",Kota,Rajasthan,India,10.805718,73.877579,620570,Medium,SRC008,0.79,2026-03-04 08:31:55,2026-03-27 13:31:55
L02088,Industrial Area 511,Hotel,"11, Shere Street",Kanpur,Uttar Pradesh,India,15.790643,73.738825,613168,High,SRC025,0.9,2025-06-07 11:01:03,2025-06-26 22:16:06
L02089,Mall 844,Public Place,"90/17, Prakash Circle",Bengaluru,Karnataka,India,23.085867,73.296992,665720,Medium,SRC019,0.82,2024-01-21 06:33:39,2025-11-18 05:42:57
L02090,Apartment 968,Commercial Area,"H.No. 813, Ghosh Ganj",Jaipur,Rajasthan,India,27.434882,74.919799,125496,Unknown,SRC013,0.95,2024-01-05 12:13:35,2024-04-02 22:44:59
L02091,Mall 357,Bank,"485, Raman Ganj",Bengaluru,Karnataka,India,23.309577,84.928013,887401,High,SRC002,0.75,2026-03-10 17:59:20,2026-04-01 02:59:20
L02092,Mall 952,Transport Hub,"19, Taneja Road",Jabalpur,Madhya Pradesh,India,24.869814,80.129953,250937,High,SRC017,0.94,2024-02-28 13:55:27,2024-03-19 06:55:27
L02093,Market 593,Industrial Site,"H.No. 165, Soni Ganj",Indore,Madhya Pradesh,India,16.574705,86.390053,546284,Medium,SRC026,0.92,2026-08-29 15:52:50,2026-09-04 23:59:59
L02094,Hotel 707,Residence,"32/839, Swaminathan Marg",Nagpur,Maharashtra,India,26.595528,73.036736,572985,High,SRC020,0.76,2026-05-11 17:47:48,2026-05-30 18:47:48
L02095,Industrial Area 766,Hotel,"H.No. 99, Chaudhry Zila",Lucknow,Uttar Pradesh,India,14.894812,81.717756,215293,High,SRC009,0.8,2025-05-25 07:59:03,2025-05-31 02:59:03
L02096,Hotel 241,Public Place,"H.No. 10, Ramachandran Road",Ahmedabad,Gujarat,India,24.817497,81.897955,156122,Unknown,SRC004,0.92,2024-01-06 23:51:45,2026-05-08 21:12:59
L02097,Industrial Area 739,Bank,"71/555, Oak Marg",Gurugram,Haryana,India,17.130492,74.391982,467655,Medium,SRC023,0.85,2024-02-05 09:55:16,2026-03-31 07:14:38
L02098,Warehouse 775,Commercial Area,"H.No. 72, Purohit Ganj",Jaipur,Rajasthan,India,26.686442,75.791083,748309,Low,SRC001,0.79,2024-05-03 09:12:20,2024-05-22 03:12:20
L02099,Office 472,Commercial Area,"14, Dugar Marg",Indore,Madhya Pradesh,India,22.843015,85.697075,511822,Unknown,SRC027,0.85,2024-06-15 03:13:26,2026-04-23 20:28:14
L02100,Industrial Area 783,Public Place,"H.No. 81, Nagar",Bengaluru,Karnataka,India,21.875872,75.891796,771131,Low,SRC029,0.83,2024-12-03 23:40:25,2025-12-03 09:09:52
L02101,Hotel 247,Industrial Site,"88, Khanna Street",Nagpur,Maharashtra,India,15.546786,81.509389,513532,Low,SRC004,0.97,2025-03-22 10:43:53,2025-07-28 05:14:34
L02102,Warehouse 159,Residence,"H.No. 19, Mane",Lucknow,Uttar Pradesh,India,17.959181,85.957672,380978,Low,SRC001,0.85,2026-08-05 06:25:28,2026-08-29 01:25:28
L02103,Warehouse 974,Commercial Area,"H.No. 453, Munshi Circle",Bengaluru,Karnataka,India,15.318961,86.153934,838664,High,SRC030,0.89,2025-09-17 11:04:42,2025-10-05 20:04:42
L02104,Office 886,Warehouse,"679, Kamdar Road",Hyderabad,Telangana,India,25.332601,76.098201,217283,High,SRC014,0.83,2024-05-24 13:10:05,2024-08-09 18:35:33
L02105,Office 131,Office,"H.No. 90, Bhattacharyya Circle",Mumbai,Maharashtra,India,14.074144,87.561262,225803,High,SRC009,0.93,2025-12-14 21:06:45,2026-01-09 15:06:45
L02106,Road 821,Commercial Area,"81, Ray",Mumbai,Maharashtra,India,21.119082,86.558989,364956,Unknown,SRC019,0.89,2025-08-06 22:44:14,2025-12-07 00:22:17
L02107,Market 245,Industrial Site,"H.No. 78, Banik Road",Mumbai,Maharashtra,India,9.582727,78.943228,366220,High,SRC019,0.97,2026-01-31 04:17:52,2026-03-06 10:19:45
L02108,Market 358,Public Place,"606, Bansal Marg",Gurugram,Haryana,India,19.954745,83.334064,759454,Low,SRC027,0.85,2026-02-23 16:17:26,2026-02-26 11:17:26
L02109,Station 926,Office,"79/805, Bansal Ganj",Mumbai,Maharashtra,India,21.015801,73.019239,695787,Medium,SRC017,0.95,2024-05-25 14:35:53,2024-06-04 21:35:53
L02110,Market 722,Industrial Site,"H.No. 59, Iyengar Circle",Ahmedabad,Gujarat,India,20.96255,73.021545,512206,Medium,SRC001,0.91,2024-07-03 08:01:16,2025-06-03 08:57:32
L02111,Road 235,Industrial Site,"81, Grover Path",Hyderabad,Telangana,India,10.905309,76.406322,816977,Medium,SRC018,0.86,2024-11-20 19:46:58,2026-05-01 19:42:59
L02112,Road 617,Public Place,"74/641, Sibal Path",Lucknow,Uttar Pradesh,India,10.69913,81.220579,808663,Medium,SRC001,0.94,2024-03-21 22:07:09,2025-11-29 00:37:49
L02113,Mall 294,Residence,"35/36, Bhardwaj Zila",Dewas,Madhya Pradesh,India,15.212368,73.195483,874871,High,SRC002,0.83,2025-01-14 20:31:07,2025-01-15 09:31:07
L02114,Mall 959,Hotel,"90/200, Johal Path",Bhopal,Madhya Pradesh,India,22.880943,81.135299,164007,Medium,SRC021,0.85,2026-03-08 23:32:22,2026-05-18 23:11:35
L02115,Mall 363,Industrial Site,"H.No. 89, Mannan Zila",Nagpur,Maharashtra,India,19.345145,77.215183,651901,Low,SRC018,0.98,2025-04-10 04:59:10,2025-07-13 01:44:52
L02116,Market 609,Hotel,"37/97, Padmanabhan Circle",Nagpur,Maharashtra,India,18.872267,87.047046,253688,Unknown,SRC012,0.99,2025-07-07 02:29:07,2025-08-05 00:29:07
L02117,Warehouse 638,Warehouse,"H.No. 425, Shetty Street",Delhi,Delhi,India,26.089442,82.263465,327479,Low,SRC022,0.98,2025-09-27 04:10:31,2025-10-11 14:10:31
L02118,Mall 469,Transport Hub,"H.No. 43, Hayer Nagar",Nagpur,Maharashtra,India,18.589774,72.590931,824467,Unknown,SRC013,0.79,2025-05-16 21:28:06,2025-05-31 08:28:06
L02119,Market 854,Commercial Area,"42/235, Sane",Indore,Madhya Pradesh,India,15.849936,72.108471,539624,High,SRC009,0.9,2026-02-24 16:27:28,2026-03-10 19:27:28
L02120,Hotel 11,Office,"H.No. 82, Mann",Gwalior,Madhya Pradesh,India,10.770568,86.233028,126342,Medium,SRC030,0.83,2026-01-14 10:43:56,2026-06-21 11:10:25
L02121,Station 644,Commercial Area,"H.No. 37, Manne Zila",Kota,Rajasthan,India,25.195099,78.924245,828663,Low,SRC028,0.99,2025-10-25 02:11:29,2026-07-29 08:18:55
L02122,Market 358,Residence,"01/54, Balan Road",Vadodara,Gujarat,India,24.688538,85.641139,401525,High,SRC023,0.86,2026-08-03 08:42:22,2026-08-26 04:42:22
L02123,Industrial Area 551,Hotel,"H.No. 064, Krishnan Marg",Surat,Gujarat,India,24.5216,79.620749,731358,Medium,SRC019,0.77,2024-01-31 23:12:32,2025-08-17 19:20:41
L02124,Junction 500,Transport Hub,"56/726, Butala Circle",Bengaluru,Karnataka,India,12.515034,74.431435,104145,Low,SRC023,0.8,2025-11-11 08:24:22,2025-11-18 03:24:22
L02125,Warehouse 711,Public Place,"06/46, Pandit Ganj",Jabalpur,Madhya Pradesh,India,24.160546,72.292465,140190,Low,SRC001,0.78,2025-05-21 01:08:32,2025-05-31 13:08:32
L02126,Junction 510,Office,"931, Mutti Ganj",Kota,Rajasthan,India,26.185648,84.308643,717943,High,SRC006,0.81,2025-02-04 12:13:30,2025-02-26 03:13:30
L02127,Office 83,Office,"273, Shankar Ganj",Pune,Maharashtra,India,9.485395,82.117533,802502,Low,SRC005,0.85,2025-12-12 16:37:05,2026-07-24 14:28:32
L02128,Office 241,Bank,"52, Garde Circle",Kota,Rajasthan,India,17.000359,87.872495,481312,Low,SRC026,0.8,2026-03-22 10:51:24,2026-04-08 17:51:24
L02129,Market 627,Industrial Site,"49/685, Mishra Marg",Pune,Maharashtra,India,12.867335,87.94721,132207,High,SRC006,0.81,2024-03-10 07:34:22,2025-06-11 12:52:54
L02130,Market 213,Transport Hub,"565, Dubey Circle",Kanpur,Uttar Pradesh,India,15.717539,84.803256,881590,Medium,SRC017,0.86,2026-03-18 10:41:49,2026-04-03 05:41:49
L02131,Hotel 427,Commercial Area,"22/14, Ranganathan Street",Jabalpur,Madhya Pradesh,India,16.068228,86.3821,847641,Unknown,SRC014,0.93,2025-03-29 00:31:19,2025-04-22 21:31:19
L02132,Hotel 943,Industrial Site,"H.No. 088, Yohannan Chowk",Bhopal,Madhya Pradesh,India,8.814715,72.79393,461884,High,SRC030,0.88,2024-12-07 02:59:30,2024-12-07 23:59:30
L02133,Apartment 558,Office,"52/436, Ahluwalia Circle",Vadodara,Gujarat,India,14.552526,85.314771,708387,Low,SRC030,0.77,2026-05-11 15:39:08,2026-05-12 17:39:08
L02134,Junction 227,Industrial Site,"H.No. 408, Hayer Path",Surat,Gujarat,India,27.749528,83.941366,175751,High,SRC015,0.88,2024-10-06 01:17:25,2026-08-27 20:16:36
L02135,Market 985,Bank,"54/60, Raval Chowk",Kanpur,Uttar Pradesh,India,17.081886,87.466084,314576,High,SRC020,0.97,2024-04-24 20:47:45,2024-05-13 21:47:45
L02136,Junction 902,Industrial Site,"514, Ravel Road",Gwalior,Madhya Pradesh,India,27.597429,85.941189,841326,Low,SRC012,0.91,2025-08-10 07:34:25,2025-09-18 00:40:40
L02137,Junction 278,Public Place,"93/285, Ravi Circle",Gwalior,Madhya Pradesh,India,16.126857,86.21768,271570,High,SRC009,0.78,2024-04-17 13:53:45,2025-09-26 15:40:33
L02138,Market 4,Public Place,"665, Buch Zila",Ujjain,Madhya Pradesh,India,26.374219,78.640415,274731,Medium,SRC030,0.84,2025-08-10 10:06:07,2025-08-27 12:06:07
L02139,Mall 567,Commercial Area,"21, Deol Path",Kota,Rajasthan,India,13.80989,84.540334,381855,High,SRC008,0.94,2025-01-27 05:36:04,2025-02-25 18:36:04
L02140,Apartment 510,Bank,"H.No. 71, Parsa Chowk",Jaipur,Rajasthan,India,16.511188,77.769235,614220,High,SRC020,0.89,2025-03-03 21:04:23,2025-05-03 11:27:57
L02141,Apartment 283,Transport Hub,"30, Doshi Chowk",Dewas,Madhya Pradesh,India,26.455058,84.760468,822448,Medium,SRC029,0.94,2026-02-11 00:09:15,2026-03-09 21:09:15
L02142,Station 186,Warehouse,"34, Radhakrishnan",Gwalior,Madhya Pradesh,India,15.623952,87.559831,708519,High,SRC020,0.91,2026-07-13 12:26:06,2026-08-03 07:26:06
L02143,Station 100,Transport Hub,"H.No. 031, Nagy Path",Lucknow,Uttar Pradesh,India,15.698545,74.56274,831615,Medium,SRC013,0.8,2024-08-22 11:28:16,2026-08-24 06:26:30
L02144,Mall 964,Residence,"30/22, Sarraf Ganj",Surat,Gujarat,India,21.184136,84.029868,493245,Medium,SRC003,0.91,2025-10-24 02:35:06,2026-02-09 08:27:54
L02145,Apartment 80,Hotel,"H.No. 923, Choudhury Chowk",Ujjain,Madhya Pradesh,India,14.910158,73.818923,187211,Low,SRC015,0.97,2025-04-14 12:20:12,2026-07-09 11:17:21
L02146,Industrial Area 519,Transport Hub,"H.No. 964, Srinivas Nagar",Dewas,Madhya Pradesh,India,17.496426,76.753669,868220,Unknown,SRC027,0.89,2026-01-07 12:37:19,2026-01-07 16:37:19
L02147,Industrial Area 175,Warehouse,"52/86, Chahal",Mumbai,Maharashtra,India,12.533251,81.929497,132704,Low,SRC016,0.93,2024-08-26 15:30:56,2026-01-20 06:29:22
L02148,Road 716,Public Place,"98, Barad Ganj",Ujjain,Madhya Pradesh,India,19.151304,86.09803,231109,High,SRC017,0.88,2024-07-18 22:52:49,2026-03-25 14:44:35
L02149,Junction 678,Hotel,"956, Ramakrishnan Path",Lucknow,Uttar Pradesh,India,10.402402,82.153436,597293,High,SRC023,0.91,2025-10-27 20:45:49,2026-03-15 08:17:37
L02150,Junction 16,Industrial Site,"89, Subramanian Street",Gurugram,Haryana,India,16.948553,79.151762,698864,Low,SRC028,0.86,2025-04-18 22:42:27,2025-05-18 22:42:27
L02151,Industrial Area 156,Public Place,"94/974, Gala Marg",Bengaluru,Karnataka,India,10.08708,79.793653,760179,Unknown,SRC011,0.86,2026-04-08 14:00:04,2026-04-23 02:00:04
L02152,Road 830,Residence,"780, Warrior Road",Hyderabad,Telangana,India,15.69731,80.108572,729312,Medium,SRC024,0.82,2026-06-10 21:35:01,2026-07-02 12:35:01
L02153,Hotel 128,Office,"35/12, Kumar Nagar",Jabalpur,Madhya Pradesh,India,18.120774,81.557124,563443,High,SRC011,0.83,2026-01-29 00:31:47,2026-02-01 15:31:47
L02154,Office 297,Office,"90/907, Hegde",Hyderabad,Telangana,India,15.382594,74.069822,854095,Unknown,SRC008,0.82,2025-03-23 07:55:17,2025-03-26 02:55:17
L02155,Market 69,Public Place,"25, Reddy",Nagpur,Maharashtra,India,24.897945,73.394049,149261,Unknown,SRC002,0.96,2026-04-17 08:18:13,2026-05-07 01:18:13
L02156,Junction 622,Office,"H.No. 948, Tak Marg",Jaipur,Rajasthan,India,14.085726,77.206803,683633,Medium,SRC016,0.92,2024-08-30 19:48:29,2024-09-09 23:48:29
L02157,Office 21,Office,"382, Rai Road",Vadodara,Gujarat,India,24.379966,78.098718,206170,Low,SRC009,0.85,2026-04-17 05:50:52,2026-05-14 12:50:52
L02158,Station 702,Transport Hub,"H.No. 155, Sarkar Nagar",Gwalior,Madhya Pradesh,India,27.874619,77.611251,520186,Unknown,SRC008,0.8,2024-02-07 20:21:07,2025-09-30 03:24:27
L02159,Mall 277,Residence,"H.No. 46, Kunda Path",Kota,Rajasthan,India,22.47666,73.418083,674144,High,SRC003,0.9,2025-11-02 00:10:29,2025-11-12 07:10:29
L02160,Warehouse 16,Residence,"20, Koshy Road",Lucknow,Uttar Pradesh,India,17.739263,81.181532,412145,Unknown,SRC021,0.77,2024-11-21 03:24:51,2025-02-09 13:53:56
L02161,Hotel 105,Transport Hub,"57/720, Bains Nagar",Ahmedabad,Gujarat,India,19.657495,73.578208,232632,High,SRC011,0.88,2025-08-30 17:30:57,2025-09-13 08:30:57
L02162,Mall 499,Hotel,"315, Verma Circle",Mumbai,Maharashtra,India,15.673207,72.58052,224284,Unknown,SRC006,0.89,2025-07-31 14:34:16,2025-08-24 13:34:16
L02163,Warehouse 866,Industrial Site,"61, Balasubramanian Marg",Kota,Rajasthan,India,8.992275,76.115862,777284,Low,SRC013,0.95,2025-08-21 17:40:05,2025-09-02 17:40:05
L02164,Mall 144,Bank,"H.No. 99, Parsa Zila",Ahmedabad,Gujarat,India,22.27037,87.664576,875852,Low,SRC027,0.89,2026-05-14 14:49:53,2026-05-26 14:49:53
L02165,Industrial Area 951,Residence,"78/940, Prashad Street",Bhopal,Madhya Pradesh,India,23.752849,83.575402,765438,Unknown,SRC009,0.81,2025-05-07 03:17:30,2025-05-08 05:17:30
L02166,Apartment 23,Residence,"H.No. 33, Kala Road",Indore,Madhya Pradesh,India,15.553206,72.041287,658827,High,SRC023,0.92,2025-02-01 08:27:32,2025-06-03 15:45:24
L02167,Road 49,Industrial Site,"H.No. 885, Batta Nagar",Bengaluru,Karnataka,India,9.67288,80.211922,147128,Medium,SRC007,0.76,2025-02-08 22:34:23,2026-06-13 17:52:47
L02168,Industrial Area 654,Public Place,"07/27, Pradhan Ganj",Dewas,Madhya Pradesh,India,12.78318,87.914976,742805,Unknown,SRC006,0.79,2026-03-28 13:16:09,2026-04-21 00:16:09
L02169,Apartment 853,Public Place,"H.No. 03, Chahal Nagar",Gurugram,Haryana,India,20.262168,77.183623,712837,High,SRC027,0.8,2025-08-14 14:28:26,2025-09-12 11:28:26
L02170,Market 340,Residence,"36, Sharma Ganj",Jaipur,Rajasthan,India,13.20732,75.741183,589441,Medium,SRC011,0.95,2024-09-09 14:24:23,2025-03-26 07:28:06
L02171,Station 776,Commercial Area,"84/94, Dey Zila",Dewas,Madhya Pradesh,India,13.203521,75.296495,892850,High,SRC028,0.8,2026-07-10 01:05:31,2026-07-16 18:05:31
L02172,Industrial Area 910,Hotel,"H.No. 94, Sachar Nagar",Hyderabad,Telangana,India,23.377349,85.495504,678370,Low,SRC007,0.91,2024-08-08 19:57:41,2024-08-18 12:57:41
L02173,Road 602,Public Place,"87/671, Dhingra Street",Vadodara,Gujarat,India,13.919564,78.732953,739220,Unknown,SRC027,0.76,2024-07-22 13:15:28,2024-08-06 04:15:28
L02174,Road 576,Bank,"H.No. 570, Sampath Street",Indore,Madhya Pradesh,India,11.126704,76.08415,735707,Low,SRC023,0.83,2025-05-23 18:09:55,2025-06-09 18:09:55
L02175,Apartment 118,Public Place,"160, Barad Road",Nagpur,Maharashtra,India,13.819207,84.65801,892650,Low,SRC023,0.8,2024-02-05 06:00:45,2026-07-30 13:59:46
L02176,Station 318,Residence,"H.No. 68, More Ganj",Vadodara,Gujarat,India,27.469226,87.648587,471135,Medium,SRC023,0.84,2025-09-27 07:49:52,2025-10-23 14:49:52
L02177,Office 439,Residence,"92/746, Chatterjee Circle",Ahmedabad,Gujarat,India,8.842966,74.034653,202688,Medium,SRC006,0.8,2026-05-06 23:28:56,2026-06-16 01:29:58
L02178,Apartment 369,Bank,"15, Chanda Chowk",Nagpur,Maharashtra,India,20.184333,81.856235,318438,High,SRC030,0.89,2024-04-26 23:31:32,2024-05-19 06:55:53
L02179,Mall 579,Warehouse,"H.No. 735, Narayan",Vadodara,Gujarat,India,11.112191,73.020743,244937,Unknown,SRC009,0.96,2025-01-12 19:52:57,2026-05-17 18:41:28
L02180,Office 611,Transport Hub,"31/085, Sankar Path",Surat,Gujarat,India,20.453432,79.334725,499176,Unknown,SRC012,0.83,2024-12-03 01:43:42,2025-10-04 08:39:07
L02181,Mall 867,Industrial Site,"H.No. 777, Yogi Path",Dewas,Madhya Pradesh,India,21.463856,81.886834,316586,High,SRC014,0.8,2024-09-19 11:13:22,2026-06-25 06:54:58
L02182,Station 503,Public Place,"01, Basu Marg",Mumbai,Maharashtra,India,16.468446,84.359621,743694,Low,SRC007,0.77,2026-04-05 05:59:49,2026-04-19 17:59:49
L02183,Warehouse 172,Warehouse,"H.No. 46, Nayar Ganj",Indore,Madhya Pradesh,India,20.548158,75.926217,153053,Unknown,SRC012,0.94,2025-09-30 21:06:59,2025-10-25 21:06:59
L02184,Office 76,Transport Hub,"25, Edwin Ganj",Nagpur,Maharashtra,India,13.744868,80.181216,469685,High,SRC010,0.91,2024-03-16 09:32:01,2026-03-30 22:22:07
L02185,Industrial Area 296,Industrial Site,"908, Kunda Marg",Surat,Gujarat,India,18.527552,82.059306,837402,Unknown,SRC029,0.87,2024-12-20 11:20:14,2025-01-16 04:20:14
L02186,Mall 710,Warehouse,"00/353, Lata Street",Mumbai,Maharashtra,India,15.240343,77.946371,576883,High,SRC007,0.76,2024-07-23 01:39:34,2024-08-03 13:39:34
L02187,Hotel 706,Hotel,"H.No. 773, Sangha Circle",Mumbai,Maharashtra,India,26.639363,77.433968,737886,Low,SRC012,0.77,2025-11-28 09:32:21,2025-12-25 04:32:21
L02188,Junction 809,Public Place,"19, Cheema Chowk",Mumbai,Maharashtra,India,16.399536,85.597393,209232,Unknown,SRC018,0.92,2026-07-09 08:40:01,2026-07-25 10:40:01
L02189,Office 996,Transport Hub,"22, Ratti Chowk",Hyderabad,Telangana,India,17.404307,87.399773,232329,Unknown,SRC025,0.83,2026-04-05 22:46:51,2026-05-11 05:06:00
L02190,Market 559,Residence,"H.No. 68, Bora Zila",Gwalior,Madhya Pradesh,India,21.289255,73.229369,577447,Medium,SRC027,0.75,2025-01-09 17:38:46,2025-08-10 16:27:14
L02191,Warehouse 733,Warehouse,"90/169, Borra Street",Dewas,Madhya Pradesh,India,12.192972,77.412017,709048,High,SRC004,0.79,2024-10-08 20:03:50,2026-07-02 14:55:17
L02192,Road 525,Hotel,"H.No. 496, Sunder Circle",Kota,Rajasthan,India,10.727965,74.452668,893616,High,SRC030,0.81,2026-02-22 07:28:18,2026-03-03 11:28:18
L02193,Office 958,Warehouse,"700, Raval Street",Nagpur,Maharashtra,India,16.185683,75.690847,669534,Medium,SRC014,0.93,2024-08-02 19:15:25,2025-08-28 11:39:57
L02194,Warehouse 303,Transport Hub,"64/600, Pingle Zila",Jabalpur,Madhya Pradesh,India,14.38857,86.53596,166072,Low,SRC011,0.91,2025-06-08 01:43:27,2025-07-06 16:24:48
L02195,Hotel 128,Public Place,"H.No. 83, Varma Nagar",Nagpur,Maharashtra,India,17.769991,85.789957,664165,Unknown,SRC018,0.87,2024-01-16 19:54:51,2025-04-05 06:36:12
L02196,Warehouse 696,Office,"H.No. 67, Yogi Ganj",Bhopal,Madhya Pradesh,India,20.777344,84.184892,751714,Low,SRC007,0.79,2024-12-14 09:19:45,2024-12-25 05:19:45
L02197,Junction 191,Hotel,"H.No. 91, Bains Nagar",Kanpur,Uttar Pradesh,India,26.12738,83.300215,390400,Unknown,SRC007,0.83,2026-05-24 05:25:57,2026-06-04 09:25:57
L02198,Station 626,Residence,"H.No. 817, Karpe Marg",Nagpur,Maharashtra,India,12.152465,83.476247,755234,Medium,SRC003,0.76,2026-02-02 23:20:34,2026-02-28 04:20:34
L02199,Industrial Area 85,Bank,"89/233, Dhar Chowk",Surat,Gujarat,India,12.946833,75.204053,638076,Low,SRC012,0.82,2025-07-23 05:17:50,2025-08-30 13:32:06
L02200,Office 465,Industrial Site,"900, Madan Marg",Surat,Gujarat,India,22.5916,78.99264,842823,Medium,SRC021,0.84,2025-07-31 03:56:51,2025-08-20 04:56:51
L02201,Apartment 338,Public Place,"38, Thaman Circle",Dewas,Madhya Pradesh,India,13.683649,87.799132,389931,Medium,SRC001,0.9,2024-07-12 18:29:27,2026-08-04 14:09:34
L02202,Mall 444,Industrial Site,"H.No. 48, Rau Marg",Bengaluru,Karnataka,India,20.14068,73.252803,425542,High,SRC001,0.87,2024-11-11 16:33:56,2026-02-05 16:28:26
L02203,Station 508,Public Place,"99/285, Iyengar Ganj",Kanpur,Uttar Pradesh,India,19.390067,81.70725,657582,Medium,SRC022,0.88,2024-09-07 20:24:03,2025-06-23 01:40:43
L02204,Road 662,Office,"H.No. 585, Kadakia Circle",Gwalior,Madhya Pradesh,India,25.738323,82.042616,660553,High,SRC018,0.98,2025-03-05 02:10:25,2025-05-13 03:20:26
L02205,Junction 399,Office,"H.No. 95, Shroff Nagar",Delhi,Delhi,India,11.466509,87.411491,627854,Low,SRC020,0.92,2025-04-18 16:22:59,2025-05-12 07:22:59
L02206,Market 146,Transport Hub,"H.No. 78, Parikh",Indore,Madhya Pradesh,India,9.820893,77.389619,295249,Unknown,SRC028,0.97,2025-02-05 21:21:33,2025-03-21 05:01:55
L02207,Station 928,Hotel,"61/91, Hari Street",Lucknow,Uttar Pradesh,India,25.972959,86.741354,508335,Medium,SRC011,0.8,2024-01-17 12:17:57,2024-06-10 20:23:41
L02208,Industrial Area 36,Warehouse,"38/683, Dara Path",Dewas,Madhya Pradesh,India,18.093884,85.039021,432449,Unknown,SRC014,0.98,2025-03-10 04:27:32,2026-03-16 06:09:11
L02209,Station 829,Industrial Site,"38, Palan Circle",Lucknow,Uttar Pradesh,India,15.379534,80.629398,853193,High,SRC007,0.77,2026-02-23 06:37:56,2026-06-14 13:42:39
L02210,Office 936,Office,"42/927, Walla Chowk",Jaipur,Rajasthan,India,9.187456,82.739911,368131,Unknown,SRC012,0.96,2024-09-21 03:42:41,2024-10-30 08:01:53
L02211,Junction 718,Transport Hub,"H.No. 24, Kar",Ujjain,Madhya Pradesh,India,24.847476,75.307923,684849,Unknown,SRC024,0.84,2024-01-26 16:33:50,2026-05-05 10:33:32
L02212,Apartment 81,Residence,"03, Goyal Street",Ahmedabad,Gujarat,India,14.798264,79.023158,134495,Low,SRC022,0.76,2024-11-11 07:14:52,2025-11-09 09:28:01
L02213,Market 678,Warehouse,"H.No. 28, Parmer Street",Mumbai,Maharashtra,India,17.218978,81.172328,646530,Low,SRC018,0.97,2024-03-24 18:27:55,2026-06-09 23:51:16
L02214,Road 782,Commercial Area,"40/477, Chakraborty Path",Kanpur,Uttar Pradesh,India,18.960111,81.757195,256628,Medium,SRC011,0.96,2025-05-17 16:22:12,2026-04-27 02:10:36
L02215,Apartment 262,Warehouse,"021, Srivastava Marg",Ahmedabad,Gujarat,India,11.766811,76.187908,804767,High,SRC025,0.83,2026-03-29 03:09:11,2026-04-07 04:09:11
L02216,Office 354,Industrial Site,"01/83, Manda Circle",Gwalior,Madhya Pradesh,India,16.664822,78.788191,579031,Low,SRC025,0.9,2024-07-13 03:12:35,2024-10-15 18:09:30
L02217,Warehouse 565,Residence,"255, Bhakta",Lucknow,Uttar Pradesh,India,21.642567,72.764019,188722,Low,SRC011,0.78,2024-07-27 11:46:00,2025-09-07 13:21:04
L02218,Warehouse 299,Residence,"03/367, Konda",Ahmedabad,Gujarat,India,15.165464,72.953342,891661,High,SRC001,0.91,2024-05-07 05:50:17,2026-03-06 04:04:04
L02219,Junction 491,Transport Hub,"H.No. 824, Hans",Pune,Maharashtra,India,22.303596,87.524416,832557,Unknown,SRC030,0.8,2025-09-26 02:01:56,2025-10-08 06:01:56
L02220,Junction 74,Warehouse,"H.No. 69, Prabhakar Ganj",Kota,Rajasthan,India,11.435187,78.590904,541032,Unknown,SRC005,0.83,2025-12-15 08:17:13,2025-12-22 14:17:13
L02221,Apartment 717,Warehouse,"66/11, Agate Ganj",Nagpur,Maharashtra,India,13.70761,75.39011,444410,Unknown,SRC001,0.95,2024-10-25 09:10:47,2025-06-30 18:57:50
L02222,Junction 27,Industrial Site,"90/63, Ranganathan Chowk",Jabalpur,Madhya Pradesh,India,27.08717,79.256795,144890,High,SRC005,0.84,2025-01-14 06:01:35,2025-07-18 14:33:40
L02223,Road 717,Public Place,"30/13, Bhasin Zila",Pune,Maharashtra,India,18.55845,77.398729,716994,Medium,SRC015,0.94,2024-08-07 01:18:34,2026-05-12 11:12:14
L02224,Mall 877,Warehouse,"86, Mistry Chowk",Kota,Rajasthan,India,8.383216,73.566353,758621,Low,SRC006,0.79,2025-05-24 20:11:26,2025-06-21 00:11:26
L02225,Station 126,Transport Hub,"65/702, Memon Street",Jaipur,Rajasthan,India,25.674438,84.4695,852771,Low,SRC020,0.94,2026-03-03 20:04:02,2026-03-13 16:04:02
L02226,Office 9,Bank,"76/18, Contractor Nagar",Indore,Madhya Pradesh,India,19.738376,72.244911,513341,Unknown,SRC022,0.81,2024-06-14 01:37:51,2026-08-18 20:40:55
L02227,Hotel 638,Office,"H.No. 03, Som Ganj",Gwalior,Madhya Pradesh,India,9.496024,77.465228,747467,Medium,SRC008,0.78,2026-07-29 07:44:57,2026-08-05 14:44:57
L02228,Office 687,Commercial Area,"00/032, Prashad Nagar",Bhopal,Madhya Pradesh,India,25.906224,75.827904,317712,Unknown,SRC001,0.88,2026-02-04 21:14:31,2026-07-28 07:33:33
L02229,Junction 920,Hotel,"H.No. 42, Dani Road",Bhopal,Madhya Pradesh,India,17.354232,79.657564,607299,High,SRC018,0.86,2026-03-23 06:36:37,2026-04-12 19:36:37
L02230,Apartment 479,Office,"H.No. 34, Suresh Path",Vadodara,Gujarat,India,17.84686,72.567669,683482,Low,SRC011,0.81,2025-09-22 07:27:36,2025-10-08 00:27:36
L02231,Market 8,Hotel,"H.No. 84, Iyengar Ganj",Pune,Maharashtra,India,26.499184,74.981777,362489,Unknown,SRC019,0.97,2026-08-13 04:17:00,2026-09-04 23:59:59
L02232,Junction 456,Transport Hub,"H.No. 909, Som Ganj",Kota,Rajasthan,India,26.324026,73.074396,147332,Medium,SRC003,0.97,2026-08-26 08:57:49,2026-09-04 23:59:59
L02233,Warehouse 610,Public Place,"63/399, Kara Path",Vadodara,Gujarat,India,18.063052,81.763012,103455,High,SRC006,0.78,2026-07-18 16:18:35,2026-08-14 03:18:35
L02234,Apartment 89,Commercial Area,"H.No. 145, Bhalla Ganj",Kota,Rajasthan,India,14.052662,75.396267,300229,Low,SRC007,0.9,2024-01-04 08:46:08,2025-10-15 10:41:42
L02235,Road 121,Hotel,"765, Pillay Path",Ahmedabad,Gujarat,India,9.521484,85.135365,446220,High,SRC007,0.96,2026-01-10 01:16:42,2026-01-27 01:16:42
L02236,Station 509,Office,"53, Basu Circle",Jaipur,Rajasthan,India,12.143109,76.897951,783851,Medium,SRC011,0.77,2024-05-06 18:07:10,2026-04-15 13:19:31
L02237,Hotel 173,Warehouse,"H.No. 326, Amble Road",Ahmedabad,Gujarat,India,18.300757,82.222594,166289,Medium,SRC005,0.96,2026-01-23 16:02:36,2026-02-18 03:02:36
L02238,Junction 524,Commercial Area,"08/155, Balay Path",Mumbai,Maharashtra,India,22.503543,85.181908,861308,Unknown,SRC025,0.9,2024-11-14 00:54:51,2025-11-17 19:59:40
L02239,Junction 611,Public Place,"H.No. 017, Garde Marg",Mumbai,Maharashtra,India,15.105723,79.010015,188345,High,SRC018,0.81,2026-06-04 18:35:18,2026-06-27 09:35:18
L02240,Hotel 181,Office,"08/52, Mani Path",Pune,Maharashtra,India,21.380515,79.939172,308964,Unknown,SRC010,0.75,2025-02-28 03:55:15,2025-03-17 22:55:15
L02241,Junction 91,Warehouse,"413, Dhillon Road",Kota,Rajasthan,India,11.925577,83.073209,549595,Low,SRC011,0.82,2026-04-22 08:56:01,2026-04-29 09:56:01
L02242,Junction 268,Bank,"H.No. 672, Korpal Street",Jabalpur,Madhya Pradesh,India,18.060731,72.133482,273315,Unknown,SRC029,0.83,2025-03-21 20:13:46,2025-03-24 22:13:46
L02243,Station 202,Warehouse,"75/995, Deol Ganj",Gwalior,Madhya Pradesh,India,17.948977,72.334954,668967,Medium,SRC021,0.81,2025-01-05 14:34:15,2026-01-09 06:02:24
L02244,Junction 105,Residence,"17, Ray Ganj",Gwalior,Madhya Pradesh,India,21.515229,74.00591,540356,Unknown,SRC007,0.95,2026-01-12 04:08:34,2026-04-13 03:45:42
L02245,Junction 172,Bank,"H.No. 29, Dewan Zila",Kota,Rajasthan,India,26.651237,83.685694,347413,Medium,SRC030,0.96,2024-02-02 00:05:28,2026-08-11 07:11:46
L02246,Hotel 964,Transport Hub,"H.No. 550, Dada Nagar",Nagpur,Maharashtra,India,12.053984,79.783169,459590,Unknown,SRC020,0.98,2025-09-26 06:06:49,2025-09-26 08:06:49
L02247,Junction 400,Bank,"H.No. 29, Balay Road",Gurugram,Haryana,India,20.591537,86.831952,406858,Unknown,SRC020,0.87,2024-01-10 01:04:39,2025-10-06 14:11:44
L02248,Market 914,Office,"98/434, Pathak",Mumbai,Maharashtra,India,21.818387,75.297979,785884,Medium,SRC016,0.9,2026-03-13 02:07:26,2026-03-30 20:07:26
L02249,Mall 972,Warehouse,"H.No. 462, Som Chowk",Kanpur,Uttar Pradesh,India,24.235672,85.277784,330285,Low,SRC006,0.9,2025-06-16 01:52:28,2025-07-09 04:52:28
L02250,Industrial Area 124,Public Place,"810, Sankar Marg",Kota,Rajasthan,India,9.410221,85.707615,128164,High,SRC020,0.77,2024-04-28 22:55:18,2024-06-27 23:09:14
L02251,Hotel 123,Transport Hub,"63/58, Dua Chowk",Kanpur,Uttar Pradesh,India,22.694852,77.674987,295916,Low,SRC014,0.93,2024-01-14 14:30:42,2024-08-15 19:56:11
L02252,Mall 290,Commercial Area,"H.No. 21, Deol Path",Mumbai,Maharashtra,India,27.493676,74.403745,741922,Low,SRC027,0.85,2026-05-12 12:34:12,2026-05-28 13:34:12
L02253,Office 994,Industrial Site,"H.No. 34, Chad Marg",Dewas,Madhya Pradesh,India,17.16839,77.014167,844592,Unknown,SRC003,0.82,2025-06-27 09:45:22,2026-06-30 18:46:40
L02254,Market 580,Public Place,"562, Ghose Ganj",Ujjain,Madhya Pradesh,India,15.650724,82.758628,100270,High,SRC020,0.79,2024-07-14 10:26:06,2025-11-03 05:15:12
L02255,Office 750,Commercial Area,"H.No. 25, Bhandari Zila",Mumbai,Maharashtra,India,27.063678,79.22873,109005,Low,SRC030,0.88,2024-07-20 05:39:25,2026-05-29 11:38:21
L02256,Market 434,Residence,"98/617, Gola Street",Surat,Gujarat,India,11.824607,85.023291,229837,Medium,SRC010,0.93,2024-10-14 17:45:08,2024-10-27 07:45:08
L02257,Warehouse 81,Warehouse,"H.No. 707, Bora Ganj",Gurugram,Haryana,India,8.985324,79.500035,175762,Low,SRC027,0.95,2025-05-15 20:20:16,2025-06-07 00:20:16
L02258,Apartment 895,Industrial Site,"56, Kannan Marg",Jabalpur,Madhya Pradesh,India,20.506505,87.354123,637335,High,SRC023,0.96,2026-07-27 07:16:53,2026-07-27 19:16:53
L02259,Office 607,Warehouse,"40/189, Patel Zila",Gwalior,Madhya Pradesh,India,27.631031,72.563084,511057,Medium,SRC005,0.8,2025-01-06 05:17:04,2025-01-25 02:17:04
L02260,Apartment 381,Industrial Site,"H.No. 35, Khalsa Zila",Mumbai,Maharashtra,India,11.001939,75.588943,759061,High,SRC003,0.78,2025-04-18 23:19:31,2025-05-21 05:53:32
L02261,Apartment 642,Bank,"42/75, Master Circle",Gwalior,Madhya Pradesh,India,23.261968,79.513523,623449,Medium,SRC018,0.95,2025-01-19 01:31:33,2026-05-16 13:54:17
L02262,Road 162,Bank,"87, Butala Marg",Delhi,Delhi,India,19.025895,79.48447,564091,Unknown,SRC018,0.95,2024-02-29 07:03:09,2024-03-14 03:05:05
L02263,Station 8,Industrial Site,"429, Saini Marg",Pune,Maharashtra,India,22.285519,74.917495,312188,Unknown,SRC026,0.96,2024-11-11 02:44:36,2025-05-27 23:50:51
L02264,Hotel 107,Transport Hub,"64/200, Agarwal Nagar",Kota,Rajasthan,India,13.114642,76.163493,869728,Unknown,SRC011,0.86,2026-02-17 08:08:07,2026-02-21 19:08:07
L02265,Market 920,Public Place,"81, Chaudhary Nagar",Mumbai,Maharashtra,India,11.104496,72.371566,353048,Low,SRC010,0.91,2024-09-08 00:25:46,2025-02-02 13:23:58
L02266,Junction 829,Office,"39/716, Sundaram Road",Kanpur,Uttar Pradesh,India,19.752146,83.248488,861559,Medium,SRC002,0.79,2026-05-03 06:01:08,2026-05-19 00:01:08
L02267,Mall 82,Office,"930, Kalla Street",Hyderabad,Telangana,India,12.169724,84.147223,526957,High,SRC008,0.97,2024-08-16 19:53:01,2024-08-22 02:53:01
L02268,Road 123,Transport Hub,"H.No. 600, Ranganathan",Mumbai,Maharashtra,India,25.968571,81.26724,159480,Low,SRC025,0.99,2024-11-08 00:24:41,2025-02-27 07:02:12
L02269,Road 421,Hotel,"95/639, Thakkar Ganj",Delhi,Delhi,India,25.856464,72.338308,516048,High,SRC001,0.99,2025-09-05 11:11:28,2025-09-17 14:11:28
L02270,Road 983,Commercial Area,"906, Yohannan Path",Nagpur,Maharashtra,India,9.055948,76.516595,821135,Medium,SRC028,0.96,2026-07-23 17:09:08,2026-08-20 11:09:08
L02271,Warehouse 846,Warehouse,"H.No. 365, Aurora Chowk",Delhi,Delhi,India,19.40762,86.189381,709754,Low,SRC005,0.92,2025-08-18 13:04:41,2025-08-19 23:04:41
L02272,Junction 781,Office,"H.No. 01, Kara Marg",Nagpur,Maharashtra,India,23.923726,78.549744,361590,Unknown,SRC019,0.8,2026-07-15 10:15:19,2026-08-10 16:15:19
L02273,Office 280,Residence,"71, Deshpande Marg",Kota,Rajasthan,India,18.392508,80.419716,626657,High,SRC028,0.78,2026-06-15 14:44:23,2026-07-07 20:44:23
L02274,Apartment 136,Hotel,"H.No. 74, Vala Path",Kota,Rajasthan,India,18.118724,75.13299,282402,Low,SRC029,0.93,2025-10-30 17:32:47,2025-11-14 21:32:47
L02275,Junction 79,Residence,"23/70, Salvi Street",Gurugram,Haryana,India,12.857979,78.574774,245642,Medium,SRC006,0.85,2024-06-13 19:34:02,2024-11-27 02:34:50
L02276,Road 275,Office,"36/524, Mishra Ganj",Surat,Gujarat,India,22.374456,74.05805,568400,Medium,SRC017,0.83,2025-01-26 12:06:55,2025-11-17 13:57:59
L02277,Apartment 323,Bank,"86/158, Karpe Road",Kota,Rajasthan,India,18.340454,87.892911,814918,Low,SRC014,0.82,2026-02-13 14:14:22,2026-03-10 15:14:22
L02278,Station 421,Industrial Site,"675, Banerjee Circle",Nagpur,Maharashtra,India,13.493982,79.6618,662277,Medium,SRC006,0.91,2024-03-24 12:46:43,2024-05-30 21:40:16
L02279,Market 812,Office,"074, Date Ganj",Bengaluru,Karnataka,India,23.521002,86.197846,251870,Low,SRC011,0.88,2026-01-27 10:11:27,2026-02-15 05:11:27
L02280,Warehouse 860,Office,"H.No. 44, Chandra Zila",Surat,Gujarat,India,19.018272,80.410424,517384,Low,SRC027,0.98,2024-03-23 11:00:27,2025-04-22 10:57:37
L02281,Junction 394,Residence,"22/783, Dara Zila",Gwalior,Madhya Pradesh,India,10.632871,84.25446,287141,High,SRC008,0.96,2025-12-13 21:47:47,2026-01-02 22:47:47
L02282,Station 522,Warehouse,"20/903, Malhotra Street",Hyderabad,Telangana,India,18.204976,72.235935,336719,High,SRC002,0.88,2025-05-19 11:22:10,2025-06-11 20:22:10
L02283,Apartment 345,Public Place,"H.No. 27, Gill Nagar",Jabalpur,Madhya Pradesh,India,12.556117,73.305287,866674,Unknown,SRC027,0.84,2025-11-09 14:13:21,2025-11-22 14:13:21
L02284,Office 464,Office,"H.No. 33, Sandal Zila",Bhopal,Madhya Pradesh,India,15.940862,81.328127,736105,Unknown,SRC017,0.97,2026-02-17 14:42:23,2026-02-19 18:42:23
L02285,Mall 282,Bank,"06/134, Gala Zila",Kanpur,Uttar Pradesh,India,18.251684,82.982587,133974,Unknown,SRC003,0.88,2026-02-26 01:59:54,2026-03-13 16:59:54
L02286,Apartment 865,Industrial Site,"H.No. 53, Chana Zila",Bengaluru,Karnataka,India,12.590955,79.978356,542467,Unknown,SRC024,0.76,2025-09-13 00:01:40,2026-02-11 01:38:27
L02287,Market 664,Transport Hub,"H.No. 39, Kala Zila",Ujjain,Madhya Pradesh,India,17.48642,87.861992,614550,Low,SRC006,0.99,2025-08-06 12:18:41,2025-08-30 07:18:41
L02288,Warehouse 221,Office,"34/51, Chandra Street",Dewas,Madhya Pradesh,India,22.08609,83.155926,870952,Medium,SRC010,0.9,2025-02-23 11:22:51,2025-03-15 18:22:51
L02289,Junction 756,Hotel,"42, Naidu Street",Ujjain,Madhya Pradesh,India,8.418187,84.163925,396350,High,SRC013,0.89,2024-05-31 07:47:14,2025-07-18 21:27:27
L02290,Road 304,Warehouse,"55/708, Lall Chowk",Kanpur,Uttar Pradesh,India,23.928142,81.001952,652868,Medium,SRC010,0.89,2024-07-22 11:54:53,2025-06-14 20:14:02
L02291,Market 953,Office,"247, Chana Marg",Indore,Madhya Pradesh,India,19.814892,78.716701,434383,Medium,SRC008,0.82,2024-08-19 11:33:00,2024-09-06 05:33:00
L02292,Market 265,Office,"44/468, Dasgupta Chowk",Indore,Madhya Pradesh,India,20.369122,73.428629,490955,Low,SRC007,0.9,2024-06-02 23:40:43,2026-07-22 03:12:49
L02293,Market 454,Public Place,"17, Sami",Mumbai,Maharashtra,India,25.178477,73.128562,321709,Low,SRC013,0.92,2024-04-21 16:12:46,2025-04-25 18:26:53
L02294,Station 702,Public Place,"86/496, Raghavan Road",Gwalior,Madhya Pradesh,India,19.127173,76.282128,889492,Unknown,SRC010,0.94,2024-03-13 16:59:35,2024-10-30 12:35:02
L02295,Office 816,Residence,"57/04, Dutt Nagar",Kanpur,Uttar Pradesh,India,26.622597,80.355312,436902,Medium,SRC017,0.82,2025-11-27 21:24:46,2026-02-17 07:12:56
L02296,Warehouse 525,Office,"H.No. 25, Sabharwal Zila",Lucknow,Uttar Pradesh,India,18.691069,81.185494,295401,Medium,SRC008,0.94,2025-03-15 06:50:40,2025-11-16 03:01:30
L02297,Junction 58,Commercial Area,"89/83, Hans Road",Nagpur,Maharashtra,India,15.397664,74.274951,229265,High,SRC016,0.93,2024-06-13 04:18:37,2026-06-01 19:40:12
L02298,Warehouse 810,Hotel,"63/30, Karpe Nagar",Dewas,Madhya Pradesh,India,23.610458,78.558794,417271,Medium,SRC021,0.98,2024-08-31 21:23:19,2026-01-08 22:46:58
L02299,Market 725,Office,"09/60, Bawa Street",Jabalpur,Madhya Pradesh,India,16.16332,87.205378,581287,High,SRC019,0.91,2024-02-20 18:00:12,2025-03-10 01:09:36
L02300,Warehouse 489,Warehouse,"002, Dugal Road",Ahmedabad,Gujarat,India,25.284988,73.092355,363261,Low,SRC003,0.86,2026-06-09 03:48:02,2026-06-13 13:48:02
L02301,Station 844,Industrial Site,"06, Khatri",Jaipur,Rajasthan,India,26.433444,75.884539,121835,Unknown,SRC005,0.77,2026-02-03 13:59:40,2026-02-11 12:59:40
L02302,Hotel 806,Industrial Site,"41/27, Dara Ganj",Kanpur,Uttar Pradesh,India,19.519248,85.476876,638151,High,SRC024,0.92,2025-05-18 19:19:55,2025-05-24 05:19:55
L02303,Junction 493,Residence,"63/77, Ganguly Nagar",Bhopal,Madhya Pradesh,India,23.580251,86.851206,146253,Unknown,SRC003,0.95,2025-10-04 16:26:41,2025-12-30 20:23:53
L02304,Station 326,Public Place,"98/26, Sangha Street",Dewas,Madhya Pradesh,India,27.228267,78.145577,568042,High,SRC004,0.91,2025-06-14 01:32:23,2025-06-30 04:32:23
L02305,Station 400,Public Place,"671, Ramachandran Chowk",Surat,Gujarat,India,17.151009,77.362737,347383,Low,SRC003,0.95,2024-12-20 14:41:11,2025-09-29 17:33:53
L02306,Market 960,Bank,"18/047, Varkey Zila",Jabalpur,Madhya Pradesh,India,8.35898,80.356949,867154,Low,SRC023,0.83,2026-01-29 14:38:21,2026-03-21 02:59:00
L02307,Road 197,Commercial Area,"H.No. 70, Mann Path",Lucknow,Uttar Pradesh,India,19.393567,79.848528,265479,Medium,SRC026,0.98,2025-01-04 17:17:21,2025-01-23 03:17:21
L02308,Office 371,Commercial Area,"H.No. 46, Sood Road",Kota,Rajasthan,India,10.744958,79.366835,618574,Low,SRC012,0.76,2024-08-23 08:06:45,2026-05-19 06:36:48
L02309,Apartment 356,Industrial Site,"502, Mammen Circle",Pune,Maharashtra,India,20.91225,80.568201,181853,Unknown,SRC003,0.87,2025-05-15 15:32:03,2025-09-27 20:38:19
L02310,Apartment 770,Residence,"831, Madan Zila",Lucknow,Uttar Pradesh,India,24.382489,75.266471,751356,Medium,SRC006,0.89,2024-06-03 21:16:38,2025-07-18 20:37:04
L02311,Mall 383,Hotel,"19/976, Keer Path",Gurugram,Haryana,India,10.615598,85.886052,482721,Low,SRC003,0.92,2024-11-23 15:30:01,2024-12-09 07:30:01
L02312,Road 558,Hotel,"68/01, Rout Zila",Pune,Maharashtra,India,8.192026,72.219048,187406,Low,SRC002,0.81,2025-12-17 21:55:21,2026-01-02 02:55:21
L02313,Hotel 568,Transport Hub,"20/735, Ramaswamy Path",Kota,Rajasthan,India,24.674112,86.717956,484484,Low,SRC004,0.96,2024-10-01 15:17:53,2024-12-26 03:32:56
L02314,Hotel 444,Commercial Area,"198, Maharaj",Bhopal,Madhya Pradesh,India,22.715641,74.368893,707173,High,SRC015,0.88,2026-02-17 04:03:26,2026-03-04 16:03:26
L02315,Road 48,Commercial Area,"H.No. 60, Jayaraman Zila",Bhopal,Madhya Pradesh,India,20.211697,74.288326,765984,Unknown,SRC024,0.89,2024-12-06 20:47:41,2025-01-24 23:16:47
L02316,Junction 401,Hotel,"05/206, Dara Circle",Indore,Madhya Pradesh,India,15.898613,85.739891,696138,Low,SRC017,0.93,2026-03-04 10:16:26,2026-03-09 22:16:26
L02317,Station 903,Transport Hub,"571, Bail Zila",Lucknow,Uttar Pradesh,India,18.612618,80.652527,347704,Unknown,SRC005,0.85,2025-04-02 05:37:07,2025-04-13 10:37:07
L02318,Warehouse 423,Hotel,"388, Kalita Zila",Kota,Rajasthan,India,15.777049,79.121214,729981,Unknown,SRC029,0.77,2025-06-26 15:17:58,2025-07-11 03:17:58
L02319,Hotel 190,Public Place,"108, Mallick Zila",Delhi,Delhi,India,22.317125,82.897384,662522,High,SRC030,0.91,2026-07-12 16:02:08,2026-08-10 01:02:08
L02320,Station 638,Office,"21, Toor Road",Dewas,Madhya Pradesh,India,15.150311,76.353014,634627,Unknown,SRC030,0.88,2026-02-01 19:03:58,2026-02-17 16:03:58
L02321,Junction 99,Warehouse,"H.No. 46, Kashyap Ganj",Ujjain,Madhya Pradesh,India,13.156451,85.318714,727312,Unknown,SRC025,0.95,2025-12-22 11:21:10,2026-01-17 17:21:10
L02322,Hotel 40,Industrial Site,"14, Parekh Marg",Bhopal,Madhya Pradesh,India,24.092773,79.559594,142660,High,SRC002,0.83,2026-05-27 06:24:54,2026-05-29 17:24:54
L02323,Junction 303,Industrial Site,"03/300, Walia",Dewas,Madhya Pradesh,India,9.606945,83.884794,451143,Unknown,SRC015,0.87,2024-10-08 15:55:04,2025-12-21 22:37:03
L02324,Hotel 885,Residence,"81/18, Rastogi Road",Hyderabad,Telangana,India,10.028447,86.194342,339314,Low,SRC030,0.89,2026-05-02 03:22:27,2026-05-16 13:22:27
L02325,Industrial Area 64,Bank,"H.No. 164, Varty Circle",Lucknow,Uttar Pradesh,India,26.419178,85.406641,898337,Low,SRC010,0.96,2024-08-09 02:57:08,2026-07-13 22:53:36
L02326,Warehouse 247,Transport Hub,"535, Sachdeva Ganj",Indore,Madhya Pradesh,India,24.726143,85.048898,402786,High,SRC007,0.88,2026-03-11 16:09:45,2026-03-21 04:09:45
L02327,Mall 680,Office,"H.No. 741, Wason Marg",Dewas,Madhya Pradesh,India,26.712178,76.97059,134698,High,SRC013,0.79,2024-09-23 19:34:50,2025-08-26 15:14:56
L02328,Mall 448,Hotel,"H.No. 38, Karnik",Gurugram,Haryana,India,23.908375,85.45096,750095,Medium,SRC007,0.85,2025-02-01 14:23:32,2025-02-08 06:23:32
L02329,Industrial Area 938,Hotel,"80/19, Mahal Ganj",Dewas,Madhya Pradesh,India,12.65204,80.024812,493871,Low,SRC008,0.82,2024-08-15 03:57:15,2024-09-02 09:02:36
L02330,Junction 407,Industrial Site,"15/93, Tara Marg",Ahmedabad,Gujarat,India,13.666242,86.446245,359464,Medium,SRC027,0.77,2024-11-06 00:23:02,2024-12-12 09:04:38
L02331,Road 330,Transport Hub,"21/338, Raval Chowk",Bhopal,Madhya Pradesh,India,27.166281,78.192522,204155,Unknown,SRC004,0.87,2025-09-16 21:17:11,2025-09-25 18:17:11
L02332,Market 801,Bank,"H.No. 916, Sarkar Road",Mumbai,Maharashtra,India,19.325503,72.047725,121283,Low,SRC023,0.96,2025-09-29 09:58:56,2025-10-23 20:58:56
L02333,Road 657,Industrial Site,"H.No. 906, Divan",Hyderabad,Telangana,India,24.903715,85.182042,124909,High,SRC013,0.86,2024-06-22 03:30:42,2026-07-30 12:48:34
L02334,Industrial Area 20,Commercial Area,"90/00, Bhavsar",Ujjain,Madhya Pradesh,India,10.362046,84.037665,253112,Medium,SRC023,0.95,2026-04-12 18:31:50,2026-04-18 00:31:50
L02335,Office 327,Bank,"27, Arya Nagar",Jaipur,Rajasthan,India,21.862369,74.127916,185132,Low,SRC024,0.9,2024-12-19 18:35:02,2026-05-14 08:47:13
L02336,Office 540,Residence,"034, Nayar Marg",Bhopal,Madhya Pradesh,India,14.928986,84.129686,550243,High,SRC012,0.76,2025-12-15 05:07:05,2025-12-30 19:07:05
L02337,Junction 305,Transport Hub,"H.No. 037, Barman Road",Bhopal,Madhya Pradesh,India,9.473977,78.822989,267473,Unknown,SRC022,0.81,2026-07-07 18:05:36,2026-08-06 05:05:36
L02338,Industrial Area 918,Warehouse,"H.No. 97, Magar Circle",Vadodara,Gujarat,India,17.937476,78.940874,376109,Medium,SRC001,0.79,2026-01-24 04:43:17,2026-02-03 08:43:17
L02339,Hotel 554,Warehouse,"H.No. 52, Savant Circle",Delhi,Delhi,India,24.447556,80.981791,488134,Low,SRC011,0.8,2026-02-02 02:24:39,2026-07-21 11:58:55
L02340,Warehouse 763,Hotel,"91, Dey",Indore,Madhya Pradesh,India,20.841387,83.341806,268471,Low,SRC022,0.86,2025-01-11 22:29:56,2025-04-23 01:04:44
L02341,Apartment 157,Transport Hub,"H.No. 079, Pant Circle",Indore,Madhya Pradesh,India,18.38827,81.725411,253619,Medium,SRC008,0.91,2026-04-09 08:43:07,2026-04-09 17:43:07
L02342,Hotel 431,Bank,"27/17, Hegde Marg",Gurugram,Haryana,India,17.517073,86.784126,317523,Unknown,SRC013,0.96,2026-08-11 07:14:43,2026-08-24 17:14:43
L02343,Apartment 851,Warehouse,"26/024, Sankar Circle",Surat,Gujarat,India,13.545723,87.481757,635734,High,SRC017,0.82,2026-01-24 09:54:10,2026-02-09 02:54:10
L02344,Mall 619,Industrial Site,"168, Mani Street",Kota,Rajasthan,India,27.450999,83.650597,851472,Unknown,SRC015,0.84,2025-06-26 22:12:44,2026-03-10 01:46:50
L02345,Station 813,Commercial Area,"H.No. 939, Dhar Road",Ahmedabad,Gujarat,India,18.59311,82.827942,503336,Unknown,SRC018,0.84,2024-11-12 21:31:16,2026-04-14 16:56:30
L02346,Hotel 90,Warehouse,"H.No. 816, Johal Street",Ahmedabad,Gujarat,India,13.540759,79.175066,424182,Medium,SRC009,0.84,2026-05-23 13:30:00,2026-06-10 10:30:00
L02347,Road 685,Industrial Site,"91/00, Shetty Circle",Jabalpur,Madhya Pradesh,India,27.053569,73.459216,287350,High,SRC005,0.79,2025-07-20 19:37:52,2025-08-14 01:37:52
L02348,Industrial Area 999,Hotel,"967, Kapur Chowk",Lucknow,Uttar Pradesh,India,14.52475,73.383731,325112,Unknown,SRC016,0.88,2025-02-07 16:48:10,2025-05-05 11:32:12
L02349,Junction 643,Office,"174, Basu Ganj",Pune,Maharashtra,India,13.474797,80.956633,719910,Unknown,SRC022,0.87,2025-01-31 01:46:42,2025-02-27 11:46:42
L02350,Industrial Area 964,Public Place,"45/809, Singhal",Ahmedabad,Gujarat,India,23.551115,81.347052,164927,Low,SRC001,0.8,2024-08-08 16:48:45,2024-11-28 19:46:48
L02351,Mall 450,Warehouse,"31/94, Roy Street",Lucknow,Uttar Pradesh,India,17.946114,85.978758,218129,Unknown,SRC002,0.96,2025-07-24 15:08:37,2025-09-28 13:07:57
L02352,Mall 814,Industrial Site,"90/01, Sethi Marg",Kanpur,Uttar Pradesh,India,21.397538,79.009511,739562,High,SRC024,0.97,2024-08-06 10:06:40,2026-03-30 02:51:18
L02353,Hotel 703,Residence,"778, Bedi Road",Indore,Madhya Pradesh,India,21.29358,85.461602,688972,Unknown,SRC018,0.98,2025-10-29 13:14:56,2025-11-20 11:14:56
L02354,Office 148,Office,"13, Rajagopalan Marg",Jaipur,Rajasthan,India,16.105003,76.189866,628734,Unknown,SRC011,0.77,2026-06-01 08:30:27,2026-06-17 16:30:27
L02355,Hotel 791,Office,"198, Borde Street",Jaipur,Rajasthan,India,14.922771,73.374278,217859,Low,SRC010,0.96,2025-11-27 19:55:15,2025-12-23 18:55:15
L02356,Mall 129,Industrial Site,"602, Kamdar Path",Pune,Maharashtra,India,20.832734,79.748536,484059,Low,SRC018,0.93,2026-01-04 13:51:00,2026-04-15 08:00:27
L02357,Mall 438,Commercial Area,"09, Ranganathan Street",Kota,Rajasthan,India,23.756795,86.731615,240309,High,SRC014,0.95,2025-10-17 21:41:34,2025-11-01 19:41:34
L02358,Warehouse 507,Residence,"35/782, Chada Marg",Bhopal,Madhya Pradesh,India,23.997278,83.80746,294111,Medium,SRC020,0.85,2025-11-26 10:04:29,2026-02-24 13:51:32
L02359,Warehouse 919,Commercial Area,"66/98, Bal",Bhopal,Madhya Pradesh,India,15.391839,85.873,813155,Medium,SRC013,0.82,2026-03-05 11:04:18,2026-03-31 15:04:18
L02360,Junction 396,Commercial Area,"H.No. 922, Seth Chowk",Jabalpur,Madhya Pradesh,India,14.696966,83.012471,866345,High,SRC023,0.87,2026-05-18 00:16:27,2026-05-27 19:16:27
L02361,Apartment 942,Commercial Area,"H.No. 470, Das Ganj",Delhi,Delhi,India,10.294892,80.687961,164443,Medium,SRC001,0.98,2024-08-09 08:12:06,2026-03-16 21:49:15
L02362,Office 818,Bank,"467, Maharaj Nagar",Dewas,Madhya Pradesh,India,22.332019,73.320671,227500,Low,SRC017,0.76,2024-03-08 07:09:45,2024-05-02 22:13:49
L02363,Warehouse 765,Transport Hub,"81/10, Singh Road",Jabalpur,Madhya Pradesh,India,20.015196,72.823927,853182,High,SRC015,0.98,2024-10-20 11:21:54,2025-02-08 03:51:01
L02364,Hotel 369,Bank,"H.No. 178, Chaudhary Circle",Surat,Gujarat,India,21.688781,75.945589,543218,Medium,SRC005,0.88,2026-04-08 15:07:29,2026-04-13 15:07:29
L02365,Road 70,Hotel,"41, Bassi Path",Pune,Maharashtra,India,10.547883,82.599021,895063,Low,SRC018,0.94,2025-02-19 23:40:01,2026-01-23 13:05:12
L02366,Station 400,Transport Hub,"20/135, Kale Circle",Pune,Maharashtra,India,20.473592,75.983457,229826,Low,SRC017,0.82,2026-01-31 03:06:17,2026-02-20 00:06:17
L02367,Mall 833,Bank,"52/54, Vohra Path",Bengaluru,Karnataka,India,12.12629,81.242062,281362,Unknown,SRC029,0.83,2026-07-17 10:23:43,2026-08-15 06:23:43
L02368,Hotel 438,Warehouse,"92, Bath Chowk",Nagpur,Maharashtra,India,17.483721,86.411361,413317,Medium,SRC015,0.76,2025-07-24 16:08:26,2025-08-16 07:08:26
L02369,Junction 937,Transport Hub,"383, Jayaraman Marg",Jabalpur,Madhya Pradesh,India,15.847462,81.762449,860561,High,SRC012,0.89,2024-03-06 01:29:44,2024-09-21 09:38:12
L02370,Market 617,Residence,"047, Rau Road",Bengaluru,Karnataka,India,15.59204,86.879896,677428,Low,SRC019,0.82,2024-07-04 20:55:57,2024-07-09 03:55:57
L02371,Apartment 998,Residence,"H.No. 380, Acharya Circle",Lucknow,Uttar Pradesh,India,24.327538,74.35271,365113,Unknown,SRC010,0.85,2024-07-09 05:19:04,2025-03-23 06:27:37
L02372,Mall 918,Industrial Site,"H.No. 97, Baral Path",Surat,Gujarat,India,26.440022,81.44407,482188,Unknown,SRC006,0.99,2024-02-09 05:07:43,2026-05-06 00:30:52
L02373,Junction 399,Hotel,"01/43, Kothari Chowk",Nagpur,Maharashtra,India,9.642135,83.645949,740012,High,SRC026,0.78,2024-05-31 20:28:11,2024-08-07 19:43:09
L02374,Road 970,Warehouse,"00/192, Wable",Bhopal,Madhya Pradesh,India,17.170638,81.374553,697151,Low,SRC019,0.87,2024-02-08 06:10:13,2024-12-14 06:56:25
L02375,Office 142,Residence,"56/91, Sarma Circle",Ujjain,Madhya Pradesh,India,11.633381,84.030299,278550,High,SRC021,0.77,2024-07-28 11:51:25,2024-08-22 03:51:25
L02376,Mall 363,Office,"28/08, Raghavan Zila",Jabalpur,Madhya Pradesh,India,12.204248,80.154049,173002,Low,SRC011,0.82,2025-03-17 12:59:21,2026-03-04 17:40:04
L02377,Station 686,Commercial Area,"25, Yohannan Ganj",Gwalior,Madhya Pradesh,India,11.303402,75.678872,436652,Low,SRC001,0.93,2025-12-29 06:29:16,2026-01-13 19:29:16
L02378,Industrial Area 488,Commercial Area,"680, Kota Ganj",Delhi,Delhi,India,9.546151,72.863108,769500,Low,SRC007,0.79,2026-05-05 17:54:26,2026-05-11 13:54:26
L02379,Market 488,Hotel,"951, Wason Chowk",Kota,Rajasthan,India,13.738781,85.95789,143122,High,SRC008,0.79,2024-05-12 12:50:35,2026-04-29 17:04:45
L02380,Junction 902,Industrial Site,"82/64, Palla Street",Delhi,Delhi,India,14.191538,76.354641,624486,Medium,SRC003,0.94,2024-07-04 13:41:37,2025-09-06 22:33:23
L02381,Office 224,Hotel,"15, Narayan Marg",Mumbai,Maharashtra,India,18.895177,82.624172,589442,High,SRC026,0.81,2024-10-31 05:16:46,2025-04-02 20:00:54
L02382,Station 982,Bank,"H.No. 524, Kara Nagar",Delhi,Delhi,India,12.722405,83.951829,527561,High,SRC018,0.79,2025-03-14 21:13:43,2025-10-03 00:48:11
L02383,Station 907,Transport Hub,"96/727, Atwal Chowk",Bengaluru,Karnataka,India,23.241056,81.640229,125624,Unknown,SRC018,0.79,2026-04-11 11:26:53,2026-04-30 04:26:53
L02384,Apartment 96,Warehouse,"19/93, Som Path",Nagpur,Maharashtra,India,21.607005,86.068188,563700,Medium,SRC012,0.98,2025-05-08 20:44:57,2025-05-21 02:44:57
L02385,Mall 514,Industrial Site,"819, Grover Marg",Vadodara,Gujarat,India,11.908982,81.867994,336538,Medium,SRC001,0.86,2026-01-28 15:59:51,2026-02-15 20:59:51
L02386,Junction 114,Warehouse,"362, Mander Ganj",Gwalior,Madhya Pradesh,India,26.462695,84.29377,528966,Unknown,SRC001,0.91,2025-12-20 05:50:54,2026-01-05 09:50:54
L02387,Market 469,Bank,"53/255, Jayaraman Chowk",Delhi,Delhi,India,24.632283,83.25541,407936,Medium,SRC027,0.95,2024-11-19 09:39:47,2026-01-13 16:44:16
L02388,Hotel 308,Bank,"50/592, Randhawa Nagar",Nagpur,Maharashtra,India,14.517597,81.63983,370679,Unknown,SRC003,0.77,2026-03-09 22:59:57,2026-03-12 17:59:57
L02389,Hotel 828,Public Place,"55/79, Srinivasan Circle",Gwalior,Madhya Pradesh,India,24.00829,85.341188,216282,Medium,SRC004,0.91,2024-07-25 17:47:10,2026-01-31 01:59:57
L02390,Junction 162,Public Place,"35/598, Sekhon Circle",Jabalpur,Madhya Pradesh,India,24.086534,77.076691,421923,Unknown,SRC029,0.81,2025-12-14 20:45:51,2026-03-18 09:28:51
L02391,Station 542,Transport Hub,"H.No. 66, Bhardwaj Marg",Nagpur,Maharashtra,India,15.423638,75.419611,589453,Low,SRC026,0.75,2026-02-24 10:30:24,2026-02-27 17:30:24
L02392,Market 197,Commercial Area,"H.No. 78, Lala Circle",Hyderabad,Telangana,India,19.095784,77.519371,154159,Unknown,SRC005,0.84,2025-04-27 23:42:27,2025-09-23 16:16:35
L02393,Industrial Area 359,Residence,"H.No. 345, Barad Ganj",Dewas,Madhya Pradesh,India,24.768846,79.854012,533566,Low,SRC020,0.79,2025-11-18 22:50:49,2026-03-04 22:12:50
L02394,Office 114,Residence,"25, Garde Marg",Ahmedabad,Gujarat,India,11.45987,80.796712,585962,Unknown,SRC027,0.79,2025-10-04 08:27:35,2025-10-26 01:27:35
L02395,Mall 32,Bank,"10/85, Thakur Chowk",Lucknow,Uttar Pradesh,India,12.988356,87.613742,558984,High,SRC019,0.98,2025-07-22 05:26:01,2025-07-22 13:26:01
L02396,Station 665,Commercial Area,"H.No. 764, Khalsa Road",Bhopal,Madhya Pradesh,India,19.576211,81.927977,356605,Low,SRC019,0.95,2024-05-09 00:38:54,2026-05-04 18:01:16
L02397,Apartment 764,Hotel,"89/877, Om Road",Nagpur,Maharashtra,India,14.909843,74.296737,850678,High,SRC026,0.76,2026-02-12 01:01:52,2026-02-13 18:01:52
L02398,Warehouse 883,Office,"H.No. 94, Dora Path",Ujjain,Madhya Pradesh,India,25.653414,87.805226,859106,Unknown,SRC001,0.91,2024-03-21 19:07:19,2024-11-30 13:52:00
L02399,Market 551,Warehouse,"H.No. 33, Raju Marg",Indore,Madhya Pradesh,India,11.575627,87.810295,128810,High,SRC008,0.78,2025-10-28 21:33:23,2025-10-29 16:33:23
L02400,Market 555,Hotel,"H.No. 848, Mittal Street",Dewas,Madhya Pradesh,India,19.517227,77.74976,794652,Low,SRC017,0.89,2026-03-18 10:25:19,2026-06-25 22:06:04
L02401,Junction 435,Public Place,"62, Patla",Indore,Madhya Pradesh,India,9.417681,79.151753,305305,Low,SRC028,0.77,2024-03-24 08:51:36,2026-02-20 07:35:17
L02402,Mall 186,Transport Hub,"08, Gour Chowk",Gurugram,Haryana,India,24.176966,85.191063,466223,Low,SRC025,0.78,2024-02-09 13:49:59,2025-05-15 11:44:36
L02403,Apartment 582,Residence,"H.No. 89, Narula Street",Gurugram,Haryana,India,23.810894,78.69943,713339,Low,SRC024,0.85,2026-01-01 06:37:35,2026-01-23 03:37:35
L02404,Mall 374,Bank,"H.No. 23, Setty Path",Lucknow,Uttar Pradesh,India,22.339414,84.461467,593149,Medium,SRC015,0.98,2024-03-25 10:07:35,2026-08-06 07:59:24
L02405,Warehouse 435,Residence,"75, Mand Chowk",Mumbai,Maharashtra,India,12.772489,87.797463,469279,Low,SRC005,0.92,2024-05-17 13:00:04,2024-05-29 13:00:04
L02406,Market 404,Hotel,"02/562, Raghavan Ganj",Surat,Gujarat,India,10.532878,79.408274,755689,Low,SRC030,0.92,2025-02-16 10:50:22,2026-06-13 03:12:26
L02407,Office 865,Transport Hub,"H.No. 70, Sachdev Chowk",Vadodara,Gujarat,India,26.297753,82.576586,418363,Unknown,SRC020,0.95,2024-04-26 02:42:02,2024-05-13 11:42:02
L02408,Station 919,Transport Hub,"76, Jain Zila",Surat,Gujarat,India,15.631834,78.650932,729383,Unknown,SRC013,0.94,2025-10-23 13:02:01,2025-11-16 21:02:01
L02409,Station 629,Office,"H.No. 58, De Zila",Nagpur,Maharashtra,India,13.56106,83.428546,855056,High,SRC001,0.75,2024-08-30 03:16:45,2026-04-12 08:15:19
L02410,Warehouse 217,Bank,"H.No. 678, Kapadia Chowk",Indore,Madhya Pradesh,India,13.261847,79.157543,110734,High,SRC016,0.93,2024-05-22 20:35:14,2024-09-23 12:39:49
L02411,Industrial Area 247,Industrial Site,"H.No. 11, Comar Chowk",Indore,Madhya Pradesh,India,24.234577,75.047637,896553,Medium,SRC005,0.83,2026-06-13 05:16:22,2026-06-15 09:16:22
L02412,Apartment 229,Bank,"25/92, Vig",Kanpur,Uttar Pradesh,India,16.54997,84.329703,812281,Medium,SRC021,0.93,2025-02-21 17:34:26,2025-03-10 03:34:26
L02413,Apartment 276,Commercial Area,"33/294, Mall Zila",Mumbai,Maharashtra,India,8.888067,77.476989,266275,Low,SRC016,0.87,2025-05-24 05:23:46,2026-01-11 09:05:27
L02414,Industrial Area 552,Public Place,"H.No. 77, Banerjee Path",Vadodara,Gujarat,India,27.973798,78.99344,119050,Low,SRC023,0.91,2025-04-28 21:37:34,2025-05-17 08:37:34
L02415,Market 909,Commercial Area,"92, Hora Street",Bhopal,Madhya Pradesh,India,19.969129,85.639219,687293,Low,SRC017,0.97,2025-02-02 14:46:05,2026-01-03 02:39:10
L02416,Junction 512,Hotel,"68/08, Virk Circle",Dewas,Madhya Pradesh,India,20.462981,82.007938,390052,Medium,SRC010,0.87,2024-06-01 12:01:31,2025-05-12 22:38:14
L02417,Warehouse 293,Residence,"H.No. 12, Saini Path",Hyderabad,Telangana,India,10.567892,87.528323,747626,Unknown,SRC030,0.96,2025-02-10 23:49:02,2025-05-11 16:40:44
L02418,Hotel 994,Commercial Area,"70/873, Bir Chowk",Ujjain,Madhya Pradesh,India,20.667183,82.817191,617413,Low,SRC021,0.75,2024-12-20 11:54:31,2025-09-22 11:10:36
L02419,Hotel 511,Commercial Area,"H.No. 087, Anand Circle",Gurugram,Haryana,India,17.218557,73.576195,240971,Medium,SRC004,0.87,2025-02-11 15:20:28,2025-05-30 13:58:02
L02420,Mall 140,Hotel,"54, Bahri Circle",Pune,Maharashtra,India,17.824084,82.64476,291467,High,SRC009,0.81,2024-06-09 09:19:03,2026-07-18 01:17:50
L02421,Hotel 17,Office,"H.No. 160, Deol Chowk",Kanpur,Uttar Pradesh,India,21.352497,82.096213,389708,Low,SRC008,0.87,2026-07-04 20:57:49,2026-07-30 13:57:49
L02422,Warehouse 563,Transport Hub,"098, D’Alia Zila",Ahmedabad,Gujarat,India,11.539323,75.612326,776204,Unknown,SRC024,0.82,2026-01-23 21:51:53,2026-01-29 15:51:53
L02423,Industrial Area 48,Office,"676, Dada Zila",Surat,Gujarat,India,17.398721,84.95864,831031,Unknown,SRC008,0.8,2025-07-11 17:41:46,2025-08-03 19:28:04
L02424,Market 69,Residence,"H.No. 357, Contractor Road",Gurugram,Haryana,India,16.444708,75.081478,315770,Low,SRC012,0.82,2025-04-19 00:12:39,2025-04-20 11:12:39
L02425,Industrial Area 85,Warehouse,"H.No. 928, Dewan Chowk",Hyderabad,Telangana,India,17.459633,75.727275,310316,Low,SRC018,0.79,2024-07-07 19:25:53,2024-08-05 01:25:53
L02426,Office 663,Bank,"08/630, Korpal",Jaipur,Rajasthan,India,17.357554,78.694409,458856,Low,SRC014,0.92,2025-07-29 09:00:25,2025-08-05 05:00:25
L02427,Warehouse 518,Public Place,"88, Wason Path",Ahmedabad,Gujarat,India,20.324771,78.211332,189319,High,SRC013,0.85,2024-05-31 11:55:37,2024-07-14 13:47:20
L02428,Warehouse 840,Industrial Site,"30, Nori Ganj",Gwalior,Madhya Pradesh,India,11.737418,81.235265,542463,Low,SRC023,0.75,2026-02-25 12:55:43,2026-03-26 11:55:43
L02429,Hotel 515,Public Place,"397, Atwal",Gurugram,Haryana,India,14.084422,77.776729,886156,Medium,SRC001,0.89,2025-11-15 04:35:59,2026-02-27 11:55:25
L02430,Apartment 203,Public Place,"12/341, Sunder Path",Surat,Gujarat,India,11.964559,87.324292,501441,Medium,SRC017,0.9,2026-03-29 02:29:46,2026-04-03 20:29:46
L02431,Road 97,Industrial Site,"H.No. 771, Issac Street",Kota,Rajasthan,India,21.720868,73.921235,127509,Unknown,SRC011,0.91,2026-01-08 11:39:00,2026-02-08 18:25:15
L02432,Station 224,Transport Hub,"H.No. 48, Jayaraman Chowk",Kanpur,Uttar Pradesh,India,26.027554,82.553317,227701,Unknown,SRC030,0.82,2026-07-12 19:47:56,2026-08-04 10:47:56
L02433,Office 30,Public Place,"00/53, Sampath Chowk",Dewas,Madhya Pradesh,India,24.184288,84.285081,308167,Medium,SRC011,0.94,2025-04-21 01:00:34,2026-03-05 05:52:30
L02434,Apartment 56,Residence,"08/096, Gade Road",Lucknow,Uttar Pradesh,India,11.963003,85.329536,167296,Low,SRC022,0.92,2025-07-12 17:39:32,2025-08-06 05:39:32
L02435,Industrial Area 378,Public Place,"H.No. 953, Kadakia",Kanpur,Uttar Pradesh,India,20.527837,87.263662,532206,High,SRC024,0.82,2025-08-07 03:35:24,2025-08-18 09:35:24
L02436,Market 520,Industrial Site,"316, Borde Chowk",Gwalior,Madhya Pradesh,India,14.959753,75.720145,661339,Medium,SRC030,0.77,2024-05-11 08:36:49,2025-02-10 19:51:30
L02437,Office 452,Warehouse,"83/789, Grover Path",Bengaluru,Karnataka,India,26.715649,85.530613,492545,Unknown,SRC017,0.94,2025-12-20 20:48:57,2026-01-07 12:48:57
L02438,Market 509,Hotel,"H.No. 16, Ram Zila",Ahmedabad,Gujarat,India,10.75371,87.317053,387239,Low,SRC018,0.77,2024-12-15 08:23:51,2025-01-06 13:23:51
L02439,Warehouse 921,Bank,"H.No. 18, Wadhwa Road",Gurugram,Haryana,India,17.038358,73.500732,326733,Low,SRC008,0.82,2024-09-01 04:35:53,2026-04-17 17:48:14
L02440,Market 988,Bank,"37/89, Rana Street",Dewas,Madhya Pradesh,India,25.434458,78.988061,495279,Unknown,SRC010,0.83,2025-04-17 09:48:15,2025-10-26 08:58:23
L02441,Warehouse 486,Office,"031, Kaul Ganj",Nagpur,Maharashtra,India,18.039406,82.221381,747635,Low,SRC001,0.94,2026-01-19 07:39:51,2026-01-31 05:39:51
L02442,Market 898,Office,"431, Dada Marg",Indore,Madhya Pradesh,India,12.553227,72.943693,339883,Medium,SRC024,0.78,2024-06-10 19:42:15,2024-11-08 11:02:19
L02443,Road 19,Transport Hub,"H.No. 852, Setty Circle",Kanpur,Uttar Pradesh,India,26.31418,73.275026,638253,Medium,SRC027,0.94,2026-03-04 11:14:17,2026-03-14 05:14:17
L02444,Office 112,Commercial Area,"60, Kari Zila",Hyderabad,Telangana,India,21.210023,80.937163,684311,Low,SRC019,0.79,2026-08-11 18:30:22,2026-08-15 02:30:22
L02445,Office 273,Transport Hub,"04, Shukla Marg",Gurugram,Haryana,India,12.996095,79.172625,236705,Unknown,SRC010,0.83,2026-07-07 11:36:15,2026-07-14 18:40:50
L02446,Mall 749,Transport Hub,"05/151, Lal Ganj",Ujjain,Madhya Pradesh,India,16.525577,81.174555,728255,Low,SRC012,0.97,2025-10-21 06:46:15,2025-11-01 13:46:15
L02447,Apartment 212,Public Place,"61/533, Ramaswamy",Kanpur,Uttar Pradesh,India,26.88022,81.936609,331725,Unknown,SRC010,0.87,2024-07-15 00:13:18,2025-08-18 14:49:22
L02448,Road 107,Transport Hub,"02/23, Gupta Ganj",Bhopal,Madhya Pradesh,India,18.306863,83.874093,846006,Low,SRC020,0.79,2024-02-08 10:54:27,2024-07-23 09:43:58
L02449,Market 887,Industrial Site,"63/86, Gara Road",Bengaluru,Karnataka,India,23.767002,75.564486,480806,Medium,SRC027,0.93,2025-11-10 08:59:29,2025-12-05 15:59:29
L02450,Station 125,Bank,"60/918, Loyal",Vadodara,Gujarat,India,18.693837,84.852534,206925,Unknown,SRC018,0.96,2025-01-08 13:21:37,2025-01-21 14:21:37
L02451,Station 413,Public Place,"30/56, Natarajan Chowk",Jabalpur,Madhya Pradesh,India,21.670152,81.284338,472678,Unknown,SRC024,0.95,2025-11-26 15:45:11,2025-12-21 09:45:11
L02452,Office 747,Bank,"209, Rao Chowk",Hyderabad,Telangana,India,25.385851,82.78491,819033,Unknown,SRC023,0.94,2024-03-04 18:14:58,2025-11-09 06:51:03
L02453,Industrial Area 943,Transport Hub,"516, Patil Road",Vadodara,Gujarat,India,26.526463,83.733375,653399,High,SRC027,0.89,2024-03-10 22:58:57,2025-01-21 06:36:58
L02454,Hotel 615,Bank,"31, Goda Nagar",Delhi,Delhi,India,17.808861,79.718386,117353,Low,SRC002,0.97,2025-04-03 00:58:57,2026-06-09 12:04:20
L02455,Market 750,Public Place,"492, Varma Nagar",Surat,Gujarat,India,18.489562,75.074265,554595,Medium,SRC025,0.86,2024-01-13 05:27:16,2024-03-22 20:03:50
L02456,Road 245,Transport Hub,"H.No. 754, Yogi Ganj",Pune,Maharashtra,India,17.352524,76.520436,508774,Low,SRC030,0.91,2024-07-30 18:12:38,2024-08-22 21:12:38
L02457,Station 511,Industrial Site,"H.No. 937, Trivedi Ganj",Dewas,Madhya Pradesh,India,18.002187,85.054757,338371,Unknown,SRC002,0.86,2026-04-30 01:51:45,2026-05-18 07:51:45
L02458,Hotel 268,Public Place,"322, Kala Path",Kanpur,Uttar Pradesh,India,8.060412,83.894858,491008,High,SRC005,0.77,2026-05-24 01:06:34,2026-05-29 18:06:34
L02459,Apartment 139,Office,"58/230, Raju Circle",Delhi,Delhi,India,12.970895,72.048507,642772,High,SRC017,0.94,2024-12-29 18:55:44,2025-01-24 18:55:44
L02460,Road 172,Industrial Site,"H.No. 412, Bajwa Chowk",Kanpur,Uttar Pradesh,India,18.505746,72.240888,295728,Medium,SRC023,0.94,2025-01-01 12:52:02,2025-01-20 21:52:02
L02461,Road 673,Commercial Area,"767, Rege Zila",Dewas,Madhya Pradesh,India,14.673367,84.029393,808489,Unknown,SRC013,0.9,2024-04-16 23:55:04,2026-06-16 14:10:28
L02462,Market 525,Industrial Site,"H.No. 55, Trivedi Zila",Mumbai,Maharashtra,India,18.749593,79.97067,431332,Low,SRC015,0.89,2026-01-19 09:18:00,2026-02-07 16:18:00
L02463,Warehouse 853,Residence,"17/107, Bhalla Ganj",Hyderabad,Telangana,India,16.348637,75.014774,554139,Low,SRC012,0.93,2025-06-30 18:49:21,2025-07-03 01:49:21
L02464,Junction 301,Office,"42, Hans Zila",Pune,Maharashtra,India,19.259211,79.873024,424588,Unknown,SRC001,0.9,2025-10-22 00:43:55,2025-11-11 03:43:55
L02465,Mall 761,Public Place,"07/343, Goda Ganj",Ahmedabad,Gujarat,India,17.759808,73.788839,222039,Unknown,SRC025,0.94,2024-02-19 11:13:46,2025-05-31 03:19:43
L02466,Road 542,Commercial Area,"72, Mandal Path",Ahmedabad,Gujarat,India,24.574525,78.034105,819161,High,SRC007,0.85,2025-06-04 05:20:02,2025-06-14 03:20:02
L02467,Road 257,Office,"H.No. 58, Dass Marg",Bhopal,Madhya Pradesh,India,16.351004,74.260418,757409,Unknown,SRC015,0.79,2026-03-19 12:22:41,2026-04-15 23:22:41
L02468,Mall 622,Public Place,"62/77, Sandal Path",Indore,Madhya Pradesh,India,11.279056,82.635664,346820,Low,SRC003,0.96,2025-03-05 15:16:53,2025-03-15 00:16:53
L02469,Office 868,Office,"H.No. 434, Walia Marg",Pune,Maharashtra,India,15.443708,85.648629,568600,Unknown,SRC015,0.76,2026-01-09 23:45:23,2026-01-11 06:45:23
L02470,Warehouse 524,Bank,"98/61, Kar Ganj",Bengaluru,Karnataka,India,10.375376,73.779202,233116,High,SRC026,0.83,2024-09-22 07:34:07,2026-06-23 20:23:06
L02471,Road 822,Warehouse,"73, Hayre Marg",Bengaluru,Karnataka,India,22.328469,72.721151,420366,Low,SRC030,0.87,2025-03-10 21:27:13,2025-04-05 04:27:13
L02472,Mall 957,Residence,"H.No. 165, Sami Chowk",Bengaluru,Karnataka,India,10.996986,73.260317,857773,Low,SRC018,0.89,2025-06-23 17:07:46,2025-11-21 10:56:26
L02473,Market 321,Residence,"34/164, Tak Street",Jaipur,Rajasthan,India,11.816035,76.999109,657193,Low,SRC028,0.97,2025-09-07 12:01:27,2026-02-22 10:51:58
L02474,Industrial Area 244,Transport Hub,"H.No. 38, Seshadri Street",Ujjain,Madhya Pradesh,India,9.797948,87.624569,195358,High,SRC030,0.77,2024-09-25 23:31:22,2024-10-23 09:31:22
L02475,Hotel 373,Transport Hub,"81/014, Deep",Kota,Rajasthan,India,14.553242,84.905105,225078,Medium,SRC008,0.96,2025-11-01 13:40:55,2025-11-06 00:56:43
L02476,Hotel 602,Office,"51, Pradhan Circle",Surat,Gujarat,India,16.300599,87.802634,663425,High,SRC024,0.9,2024-11-14 10:53:22,2024-11-25 08:53:22
L02477,Station 416,Hotel,"H.No. 705, Wadhwa Street",Vadodara,Gujarat,India,8.470128,75.142371,301468,Medium,SRC008,0.87,2024-06-06 21:44:46,2024-06-17 16:44:46
L02478,Mall 410,Commercial Area,"20/931, Kalita Chowk",Ahmedabad,Gujarat,India,8.381523,79.143281,222786,High,SRC009,0.8,2025-07-03 18:15:54,2025-07-12 11:15:54
L02479,Hotel 868,Residence,"003, Bumb Zila",Dewas,Madhya Pradesh,India,9.286025,81.06653,265421,Unknown,SRC012,0.81,2024-10-22 23:26:58,2025-04-27 06:05:58
L02480,Industrial Area 21,Public Place,"H.No. 647, Nori Street",Nagpur,Maharashtra,India,21.02568,81.813287,239362,Unknown,SRC016,0.87,2026-05-23 23:26:22,2026-06-27 09:47:45
L02481,Apartment 272,Office,"H.No. 887, Bumb",Gwalior,Madhya Pradesh,India,14.178763,77.474818,420752,High,SRC028,0.82,2026-03-05 14:06:50,2026-03-28 16:06:50
L02482,Junction 790,Office,"38, Hans Nagar",Kota,Rajasthan,India,21.701539,77.061558,771026,High,SRC030,0.76,2026-07-05 10:27:17,2026-07-12 06:27:17
L02483,Junction 202,Commercial Area,"22, Agrawal",Indore,Madhya Pradesh,India,22.697432,73.214342,347013,High,SRC002,0.98,2025-01-25 16:02:42,2026-01-28 03:47:14
L02484,Apartment 613,Warehouse,"76, Gour Road",Jaipur,Rajasthan,India,20.021,76.119937,493907,Unknown,SRC012,0.77,2024-03-05 05:18:56,2024-08-06 14:38:15
L02485,Office 940,Bank,"H.No. 33, Sundaram Path",Mumbai,Maharashtra,India,9.715923,72.552616,610508,Low,SRC028,0.79,2026-02-23 03:53:17,2026-07-22 08:59:09
L02486,Apartment 990,Industrial Site,"H.No. 684, Johal Road",Nagpur,Maharashtra,India,13.305623,79.552773,108683,Low,SRC024,0.9,2025-10-11 17:24:03,2026-07-20 14:52:48
L02487,Road 821,Warehouse,"H.No. 299, Sachdeva Nagar",Gwalior,Madhya Pradesh,India,20.942231,77.797956,848004,Low,SRC013,0.96,2025-06-25 05:20:16,2025-06-28 23:20:16
L02488,Road 693,Warehouse,"09, Prashad Path",Pune,Maharashtra,India,21.176305,85.091784,598349,Unknown,SRC005,0.83,2026-01-18 02:32:40,2026-01-22 07:32:40
L02489,Office 893,Industrial Site,"63, Ghose Chowk",Pune,Maharashtra,India,16.569919,79.83356,380580,Low,SRC004,0.99,2025-09-18 19:00:08,2025-10-18 05:00:08
L02490,Office 726,Transport Hub,"50, Vaidya Chowk",Bengaluru,Karnataka,India,27.572145,83.892204,434838,Medium,SRC017,0.93,2025-12-28 02:47:51,2026-08-27 18:54:28
L02491,Market 906,Residence,"83/037, Gara Zila",Mumbai,Maharashtra,India,16.552174,85.935462,845431,Low,SRC017,0.8,2026-01-23 22:55:46,2026-01-24 21:55:46
L02492,Office 275,Commercial Area,"42, Date Nagar",Bengaluru,Karnataka,India,10.318762,79.90194,810884,Low,SRC016,0.86,2024-08-18 21:14:26,2026-03-16 14:01:51
L02493,Road 448,Residence,"132, Konda Zila",Gwalior,Madhya Pradesh,India,17.829076,84.955788,854692,Low,SRC016,0.78,2025-11-06 13:12:26,2025-11-29 09:12:26
L02494,Apartment 234,Commercial Area,"884, Tiwari Chowk",Jabalpur,Madhya Pradesh,India,19.30001,75.982486,589685,Medium,SRC012,0.8,2025-08-13 01:29:44,2025-08-13 21:29:44
L02495,Apartment 361,Public Place,"26, Vala Nagar",Vadodara,Gujarat,India,11.351374,84.070244,135912,Unknown,SRC024,0.78,2026-04-25 09:40:09,2026-05-14 08:40:09
L02496,Hotel 715,Residence,"31/078, Reddy Road",Ahmedabad,Gujarat,India,23.428457,83.499905,886723,Low,SRC019,0.81,2025-06-08 04:39:58,2025-07-06 16:39:58
L02497,Industrial Area 682,Bank,"38, De Circle",Nagpur,Maharashtra,India,9.801151,85.321844,477063,Medium,SRC018,0.91,2025-09-26 11:02:48,2025-09-26 23:02:48
L02498,Office 80,Industrial Site,"77/067, Sanghvi Path",Kanpur,Uttar Pradesh,India,21.010539,76.643605,490485,Unknown,SRC018,0.79,2025-06-14 22:38:24,2025-06-27 09:38:24
L02499,Station 200,Public Place,"H.No. 129, Malhotra Road",Gwalior,Madhya Pradesh,India,10.603437,79.811324,540062,Medium,SRC017,0.85,2025-11-17 12:31:30,2025-12-15 16:31:30
L02500,Industrial Area 900,Hotel,"H.No. 88, Bail Zila",Ahmedabad,Gujarat,India,10.830215,83.466231,656301,Medium,SRC029,0.78,2025-02-10 18:44:10,2025-03-10 06:44:10
