case_id,fir_number,case_type,case_category,registration_date,incident_date,incident_location_id,police_station,jurisdiction,case_status,investigating_unit,source_document_id,confidence_score,created_at,updated_at
C00001,FIR/2024/6395,Economic,Illegal Gambling,2024-08-15,2024-07-26,L02490,Gwalior Central Police Station,Indore,Closed,Cyber Cell,DOC01145,0.81,2025-08-29 01:48:10,2025-09-04 23:48:10
C00002,FIR/2026/7990,Cyber,Burglary,2026-02-05,2026-01-25,L01792,Mumbai Central Police Station,Kota,Under Investigation,Cyber Cell,DOC00598,0.84,2026-03-19 10:18:45,2026-04-06 11:18:45
C00003,FIR/2026/1645,Cyber,Illegal Gambling,2026-08-07,2026-07-25,L02013,Dewas Central Police Station,Jaipur,Pending Trial,Crime Branch,DOC01485,0.81,2026-06-24 16:31:15,2026-07-24 07:31:15
C00004,FIR/2026/3317,Cyber,Vehicle Theft,2026-07-29,2026-07-17,L00563,Mumbai Central Police Station,Dewas,Under Investigation,Economic Offences Unit,DOC00086,0.91,2024-07-21 02:38:35,2025-06-04 18:52:44
C00005,FIR/2024/9748,Organized Crime,Money Laundering,2024-05-24,2024-05-20,L02433,Lucknow Central Police Station,Indore,Closed,Cyber Cell,DOC00477,0.87,2025-11-07 00:20:15,2025-11-14 05:20:15
C00006,FIR/2026/2991,Cyber,Assault,2026-04-25,2026-04-03,L01820,Pune Central Police Station,Pune,Under Investigation,Crime Branch,DOC01620,0.89,2026-08-27 12:36:02,2026-09-04 23:59:59
C00007,FIR/2025/3873,Cyber,Cybercrime,2025-12-02,2025-11-10,L02165,Gurugram Central Police Station,Bengaluru,Open,Cyber Cell,DOC00337,0.81,2026-03-08 20:16:11,2026-03-25 12:16:11
C00008,FIR/2024/9176,Cyber,Robbery,2024-02-26,2024-02-26,L00931,Mumbai Central Police Station,Lucknow,Under Investigation,Economic Offences Unit,DOC00389,0.89,2026-02-04 05:37:14,2026-02-07 04:37:14
C00009,FIR/2025/8189,Economic,Fraud,2025-07-29,2025-07-02,L01353,Jabalpur Central Police Station,Gurugram,Open,Local Police,DOC02218,0.92,2024-01-13 02:11:43,2024-03-28 03:43:49
C00010,FIR/2025/9251,Organized Crime,Forgery,2025-07-13,2025-06-29,L00944,Vadodara Central Police Station,Delhi,Pending Trial,Cyber Cell,DOC00985,0.97,2025-05-27 05:21:46,2025-06-02 14:21:46
C00011,FIR/2025/5499,Organized Crime,Vehicle Theft,2025-03-18,2025-02-21,L00423,Ahmedabad Central Police Station,Jaipur,Pending Trial,Economic Offences Unit,DOC02151,0.91,2026-04-18 15:59:15,2026-04-28 23:59:15
C00012,FIR/2024/1482,Organized Crime,Fraud,2024-12-05,2024-11-23,L00085,Mumbai Central Police Station,Bhopal,Under Investigation,Local Police,DOC00118,0.85,2025-11-15 04:33:11,2025-12-06 22:33:11
C00013,FIR/2026/1440,Criminal,Fraud,2026-09-04,2026-08-15,L01758,Jabalpur Central Police Station,Ujjain,Pending Trial,Economic Offences Unit,DOC02133,0.85,2025-11-18 23:52:38,2025-12-02 09:52:38
C00014,FIR/2024/9742,Cyber,Assault,2024-06-22,2024-06-13,L02026,Indore Central Police Station,Surat,Open,Cyber Cell,DOC02567,0.84,2026-08-20 23:14:20,2026-09-04 23:59:59
C00015,FIR/2025/4002,Cyber,Robbery,2025-10-29,2025-10-19,L00917,Ujjain Central Police Station,Ujjain,Closed,Economic Offences Unit,DOC01344,0.8,2024-12-12 23:16:39,2025-10-03 09:02:16
C00016,FIR/2025/9664,Cyber,Burglary,2025-10-23,2025-10-07,L00804,Dewas Central Police Station,Ahmedabad,Closed,Economic Offences Unit,DOC01611,0.85,2024-06-04 01:54:59,2024-09-30 22:59:36
C00017,FIR/2024/1139,Cyber,Extortion,2024-02-11,2024-01-25,L00056,Surat Central Police Station,Kanpur,Pending Trial,Crime Branch,DOC01284,0.88,2024-11-19 07:21:03,2026-08-22 15:01:30
C00018,FIR/2025/1314,Criminal,Smuggling,2025-12-21,2025-12-18,L02412,Bengaluru Central Police Station,Hyderabad,Under Investigation,Crime Branch,DOC02204,0.93,2024-10-21 19:32:08,2025-05-30 06:41:27
C00019,FIR/2024/7650,Organized Crime,Robbery,2024-06-26,2024-06-22,L00535,Mumbai Central Police Station,Pune,Open,Cyber Cell,DOC02939,0.86,2025-10-10 06:21:10,2025-10-17 09:21:10
C00020,FIR/2024/3013,Cyber,Illegal Gambling,2024-09-04,2024-08-11,L00802,Hyderabad Central Police Station,Jaipur,Closed,Local Police,DOC01479,0.93,2024-05-17 09:24:29,2024-06-16 07:36:25
C00021,FIR/2024/0499,Cyber,Forgery,2024-09-26,2024-09-25,L00857,Bhopal Central Police Station,Nagpur,Open,Economic Offences Unit,DOC01655,0.92,2025-06-30 15:41:03,2025-07-21 11:41:03
C00022,FIR/2025/1010,Criminal,Fraud,2025-09-08,2025-08-21,L01970,Bhopal Central Police Station,Gwalior,Pending Trial,Crime Branch,DOC02455,0.84,2026-02-13 08:36:27,2026-03-09 14:36:27
C00023,FIR/2026/1713,Cyber,Robbery,2026-04-10,2026-03-26,L01465,Kanpur Central Police Station,Gurugram,Closed,Crime Branch,DOC01143,0.83,2024-01-28 17:19:52,2025-04-02 03:45:23
C00024,FIR/2024/5028,Cyber,Illegal Gambling,2024-02-13,2024-01-29,L00468,Dewas Central Police Station,Gurugram,Pending Trial,Crime Branch,DOC00163,0.95,2024-09-18 05:47:58,2026-03-10 22:13:10
C00025,FIR/2024/2316,Criminal,Assault,2024-09-04,2024-08-12,L00698,Jaipur Central Police Station,Vadodara,Under Investigation,Cyber Cell,DOC02367,0.88,2025-02-12 13:29:45,2025-02-25 15:29:45
C00026,FIR/2024/2132,Cyber,Burglary,2024-12-26,2024-12-03,L01277,Kota Central Police Station,Dewas,Closed,Cyber Cell,DOC01860,0.9,2026-02-08 21:55:15,2026-02-16 21:55:15
C00027,FIR/2025/7722,Organized Crime,Cybercrime,2025-10-17,2025-10-06,L01267,Jaipur Central Police Station,Kota,Open,Economic Offences Unit,DOC01675,0.98,2024-11-02 07:09:41,2026-06-30 11:15:19
C00028,FIR/2024/7337,Criminal,Money Laundering,2024-11-07,2024-10-21,L00338,Surat Central Police Station,Ahmedabad,Under Investigation,Economic Offences Unit,DOC00393,0.82,2025-01-14 23:01:28,2026-06-03 04:20:42
C00029,FIR/2025/8604,Organized Crime,Assault,2025-06-27,2025-06-24,L01488,Kota Central Police Station,Jabalpur,Pending Trial,Economic Offences Unit,DOC00654,0.97,2026-05-20 23:12:20,2026-06-12 21:12:20
C00030,FIR/2026/4474,Economic,Burglary,2026-02-15,2026-01-16,L00026,Vadodara Central Police Station,Kanpur,Closed,Economic Offences Unit,DOC00607,0.82,2025-01-12 22:07:58,2025-09-07 01:40:37
C00031,FIR/2026/9601,Organized Crime,Illegal Gambling,2026-05-17,2026-05-02,L01216,Jabalpur Central Police Station,Kota,Under Investigation,Cyber Cell,DOC01634,0.96,2024-08-14 13:26:51,2024-10-27 22:22:38
C00032,FIR/2025/7841,Criminal,Extortion,2025-09-24,2025-09-02,L02342,Pune Central Police Station,Surat,Closed,Crime Branch,DOC02916,0.88,2024-07-14 23:15:57,2025-01-05 14:53:53
C00033,FIR/2024/7669,Economic,Extortion,2024-08-23,2024-08-20,L00565,Nagpur Central Police Station,Kanpur,Open,Cyber Cell,DOC01064,0.97,2026-08-25 17:52:56,2026-09-04 23:59:59
C00034,FIR/2025/9028,Cyber,Cybercrime,2025-05-30,2025-05-06,L00276,Dewas Central Police Station,Hyderabad,Pending Trial,Economic Offences Unit,DOC01234,0.86,2024-02-20 14:24:47,2024-07-22 06:10:20
C00035,FIR/2024/7656,Cyber,Forgery,2024-10-21,2024-09-22,L00211,Lucknow Central Police Station,Pune,Pending Trial,Local Police,DOC00868,0.8,2026-07-10 21:59:29,2026-07-28 02:59:29
C00036,FIR/2024/1565,Criminal,Burglary,2024-08-18,2024-08-03,L01300,Bengaluru Central Police Station,Lucknow,Open,Economic Offences Unit,DOC00775,0.82,2025-08-02 04:55:42,2025-08-12 06:55:42
C00037,FIR/2026/4990,Cyber,Cybercrime,2026-09-04,2026-08-17,L01381,Vadodara Central Police Station,Bhopal,Open,Local Police,DOC00303,0.83,2026-05-16 10:28:11,2026-05-22 10:28:11
C00038,FIR/2024/4090,Cyber,Assault,2025-01-04,2024-12-21,L01889,Gwalior Central Police Station,Dewas,Open,Cyber Cell,DOC02989,0.88,2025-12-08 00:23:57,2025-12-15 05:23:57
C00039,FIR/2024/6589,Organized Crime,Burglary,2024-08-12,2024-08-11,L00781,Pune Central Police Station,Delhi,Pending Trial,Cyber Cell,DOC01057,0.88,2024-03-28 19:56:18,2026-07-08 02:44:12
C00040,FIR/2025/7673,Cyber,Robbery,2025-08-15,2025-07-28,L01989,Vadodara Central Police Station,Indore,Pending Trial,Local Police,DOC02204,0.92,2025-02-21 06:50:48,2025-05-16 06:29:49
C00041,FIR/2025/6643,Organized Crime,Assault,2025-03-23,2025-03-07,L01744,Kanpur Central Police Station,Gwalior,Open,Economic Offences Unit,DOC01322,0.82,2024-09-25 10:31:16,2025-02-09 16:37:03
C00042,FIR/2026/3518,Organized Crime,Burglary,2026-07-23,2026-07-15,L01435,Indore Central Police Station,Bhopal,Pending Trial,Local Police,DOC02701,0.92,2025-09-10 01:52:54,2025-11-30 23:34:52
C00043,FIR/2026/3479,Cyber,Extortion,2026-01-09,2026-01-03,L02298,Kota Central Police Station,Mumbai,Closed,Crime Branch,DOC00594,0.81,2025-01-15 07:09:04,2025-10-25 08:42:01
C00044,FIR/2025/7744,Organized Crime,Assault,2025-06-12,2025-05-22,L02277,Nagpur Central Police Station,Ujjain,Under Investigation,Economic Offences Unit,DOC02701,0.85,2025-06-01 19:24:25,2025-06-12 21:24:25
C00045,FIR/2024/1482,Cyber,Illegal Gambling,2024-08-07,2024-07-22,L01421,Ujjain Central Police Station,Bengaluru,Open,Economic Offences Unit,DOC00744,0.95,2025-11-06 02:29:10,2025-11-20 21:29:10
C00046,FIR/2025/8794,Cyber,Money Laundering,2025-11-25,2025-11-09,L00933,Vadodara Central Police Station,Kanpur,Pending Trial,Local Police,DOC00834,0.84,2024-04-06 14:10:44,2026-03-18 13:19:36
C00047,FIR/2025/7380,Economic,Robbery,2025-01-06,2025-01-04,L00927,Kanpur Central Police Station,Jabalpur,Open,Cyber Cell,DOC00642,0.83,2024-12-01 15:57:26,2024-12-15 15:57:26
C00048,FIR/2026/8044,Criminal,Money Laundering,2026-03-20,2026-03-16,L00818,Kanpur Central Police Station,Delhi,Pending Trial,Economic Offences Unit,DOC02114,0.95,2025-11-06 03:20:31,2025-11-12 18:20:31
C00049,FIR/2026/6218,Economic,Fraud,2026-02-21,2026-02-03,L00285,Indore Central Police Station,Jabalpur,Pending Trial,Cyber Cell,DOC02351,0.9,2024-01-11 19:25:54,2025-07-13 03:29:55
C00050,FIR/2025/6084,Cyber,Money Laundering,2025-09-05,2025-08-07,L01369,Ujjain Central Police Station,Jabalpur,Open,Crime Branch,DOC00392,0.88,2024-10-28 06:40:18,2025-05-28 13:06:45
C00051,FIR/2026/6780,Organized Crime,Illegal Gambling,2026-04-14,2026-03-18,L00432,Nagpur Central Police Station,Pune,Pending Trial,Cyber Cell,DOC02312,0.81,2024-07-28 10:00:50,2026-03-29 12:31:06
C00052,FIR/2025/4681,Cyber,Illegal Gambling,2025-02-22,2025-02-05,L01179,Hyderabad Central Police Station,Hyderabad,Closed,Local Police,DOC02660,0.91,2024-04-12 09:25:38,2026-02-20 20:06:57
C00053,FIR/2025/4366,Economic,Assault,2025-01-08,2025-01-04,L01366,Gwalior Central Police Station,Lucknow,Pending Trial,Crime Branch,DOC01037,0.96,2024-04-13 04:39:03,2026-05-23 21:59:03
C00054,FIR/2024/2518,Cyber,Cybercrime,2025-01-05,2024-12-15,L00794,Kanpur Central Police Station,Dewas,Pending Trial,Economic Offences Unit,DOC02176,0.8,2024-11-02 09:57:40,2024-11-08 03:57:40
C00055,FIR/2024/3970,Cyber,Extortion,2024-03-04,2024-02-23,L01151,Bhopal Central Police Station,Gwalior,Open,Cyber Cell,DOC00675,0.96,2024-03-05 11:09:06,2025-07-22 18:17:53
C00056,FIR/2026/9733,Economic,Forgery,2026-08-24,2026-08-19,L01933,Vadodara Central Police Station,Ujjain,Under Investigation,Economic Offences Unit,DOC00353,0.89,2024-09-09 16:54:53,2024-12-11 07:19:34
C00057,FIR/2024/3277,Economic,Cybercrime,2024-09-26,2024-09-11,L02171,Kanpur Central Police Station,Nagpur,Under Investigation,Economic Offences Unit,DOC02189,0.88,2025-02-08 14:11:40,2026-07-17 06:25:34
C00058,FIR/2024/5754,Criminal,Illegal Gambling,2024-05-29,2024-05-06,L00419,Gwalior Central Police Station,Gurugram,Open,Economic Offences Unit,DOC02261,0.84,2025-05-15 05:10:49,2025-12-16 14:05:12
C00059,FIR/2025/0676,Cyber,Robbery,2025-12-05,2025-11-29,L01930,Kanpur Central Police Station,Indore,Closed,Local Police,DOC00818,0.96,2024-05-17 07:19:58,2024-12-23 02:39:21
C00060,FIR/2024/6893,Cyber,Cybercrime,2025-01-05,2024-12-10,L00628,Surat Central Police Station,Hyderabad,Under Investigation,Cyber Cell,DOC02412,0.89,2024-05-29 10:04:57,2024-06-08 23:18:04
C00061,FIR/2025/3960,Organized Crime,Cybercrime,2025-07-30,2025-07-11,L00414,Bhopal Central Police Station,Ahmedabad,Closed,Economic Offences Unit,DOC02152,0.93,2026-04-17 12:39:32,2026-04-25 05:39:32
C00062,FIR/2024/9339,Cyber,Cybercrime,2024-03-15,2024-03-11,L02236,Jabalpur Central Police Station,Vadodara,Pending Trial,Crime Branch,DOC02181,0.81,2024-06-08 06:50:23,2026-07-02 00:08:49
C00063,FIR/2025/9540,Organized Crime,Robbery,2025-09-09,2025-08-31,L01940,Kota Central Police Station,Lucknow,Closed,Crime Branch,DOC01250,0.95,2024-12-27 03:33:21,2026-07-02 13:15:52
C00064,FIR/2024/7213,Economic,Illegal Gambling,2024-11-26,2024-11-08,L01177,Bhopal Central Police Station,Kanpur,Under Investigation,Cyber Cell,DOC00182,0.82,2025-06-08 10:03:00,2025-12-25 08:32:59
C00065,FIR/2026/0946,Economic,Burglary,2026-02-12,2026-01-24,L01810,Gurugram Central Police Station,Delhi,Closed,Local Police,DOC00468,0.81,2025-01-22 14:49:25,2026-01-13 08:44:04
C00066,FIR/2025/6997,Cyber,Vehicle Theft,2025-08-16,2025-08-12,L00714,Bhopal Central Police Station,Ahmedabad,Under Investigation,Cyber Cell,DOC02219,0.91,2025-11-03 05:23:46,2025-11-24 02:23:46
C00067,FIR/2024/9512,Criminal,Smuggling,2024-08-07,2024-07-16,L02043,Gwalior Central Police Station,Gurugram,Pending Trial,Crime Branch,DOC02343,0.96,2025-10-16 05:40:36,2025-10-31 20:40:36
C00068,FIR/2024/1406,Economic,Assault,2024-12-14,2024-12-04,L01196,Jaipur Central Police Station,Bhopal,Pending Trial,Local Police,DOC01428,0.84,2025-05-30 09:16:39,2025-06-09 06:12:15
C00069,FIR/2026/2036,Criminal,Forgery,2026-07-29,2026-07-07,L00753,Lucknow Central Police Station,Delhi,Open,Economic Offences Unit,DOC01699,0.82,2026-01-10 22:56:58,2026-02-08 00:56:58
C00070,FIR/2024/7624,Criminal,Vehicle Theft,2024-11-13,2024-11-07,L00197,Ahmedabad Central Police Station,Gurugram,Pending Trial,Cyber Cell,DOC01013,0.97,2025-01-26 12:31:19,2026-02-03 21:38:05
C00071,FIR/2024/5162,Cyber,Assault,2024-02-01,2024-01-12,L02426,Mumbai Central Police Station,Kanpur,Closed,Crime Branch,DOC01359,0.82,2025-10-24 01:54:57,2025-10-28 22:54:57
C00072,FIR/2025/8858,Cyber,Smuggling,2025-08-09,2025-07-31,L01569,Gurugram Central Police Station,Jaipur,Pending Trial,Cyber Cell,DOC02205,0.94,2025-05-15 08:23:05,2025-08-31 17:37:04
C00073,FIR/2025/7694,Criminal,Money Laundering,2025-07-15,2025-07-12,L02273,Kanpur Central Police Station,Jaipur,Under Investigation,Local Police,DOC02783,0.96,2025-12-20 19:57:37,2026-01-15 12:57:37
C00074,FIR/2024/7146,Organized Crime,Money Laundering,2024-07-13,2024-06-16,L00357,Mumbai Central Police Station,Bhopal,Open,Economic Offences Unit,DOC01081,0.95,2025-06-24 23:05:21,2026-05-12 03:16:36
C00075,FIR/2025/3568,Economic,Illegal Gambling,2025-11-18,2025-11-04,L00921,Vadodara Central Police Station,Pune,Pending Trial,Local Police,DOC00447,0.86,2025-07-02 00:22:30,2026-08-29 12:02:04
C00076,FIR/2024/6681,Economic,Burglary,2024-08-22,2024-08-04,L00939,Bhopal Central Police Station,Gurugram,Pending Trial,Cyber Cell,DOC00026,0.95,2026-03-26 10:44:03,2026-04-05 22:44:03
C00077,FIR/2024/3023,Economic,Extortion,2024-08-03,2024-07-21,L01440,Kanpur Central Police Station,Hyderabad,Closed,Cyber Cell,DOC01844,0.88,2026-02-05 21:40:48,2026-02-28 01:40:48
C00078,FIR/2024/6307,Economic,Cybercrime,2024-02-13,2024-02-05,L01387,Kota Central Police Station,Jaipur,Closed,Crime Branch,DOC01044,0.98,2025-03-08 07:25:11,2025-03-08 08:25:11
C00079,FIR/2024/2158,Economic,Vehicle Theft,2024-09-28,2024-08-30,L00796,Bengaluru Central Police Station,Dewas,Closed,Economic Offences Unit,DOC01863,0.85,2025-04-12 07:44:49,2025-05-02 15:44:49
C00080,FIR/2025/9703,Economic,Fraud,2026-01-04,2025-12-31,L01079,Jaipur Central Police Station,Gwalior,Closed,Economic Offences Unit,DOC02777,0.92,2025-11-06 16:46:49,2025-11-30 08:46:49
C00081,FIR/2026/5954,Criminal,Assault,2026-08-22,2026-07-29,L00406,Bhopal Central Police Station,Pune,Pending Trial,Economic Offences Unit,DOC01054,0.92,2024-07-07 08:40:12,2025-09-08 07:45:26
C00082,FIR/2026/1388,Organized Crime,Money Laundering,2026-06-18,2026-06-03,L00515,Bhopal Central Police Station,Bhopal,Closed,Local Police,DOC02702,0.83,2024-11-01 17:32:28,2024-11-05 03:32:28
C00083,FIR/2024/3845,Economic,Burglary,2024-08-30,2024-08-12,L01120,Gurugram Central Police Station,Lucknow,Pending Trial,Local Police,DOC02962,0.9,2025-03-24 02:51:25,2025-03-28 21:51:25
C00084,FIR/2025/2017,Economic,Vehicle Theft,2025-12-29,2025-12-25,L02398,Hyderabad Central Police Station,Hyderabad,Under Investigation,Cyber Cell,DOC01614,0.82,2026-02-09 12:46:32,2026-02-09 17:46:32
C00085,FIR/2025/7552,Economic,Burglary,2025-07-27,2025-07-03,L01740,Bengaluru Central Police Station,Delhi,Pending Trial,Local Police,DOC00418,0.94,2025-03-12 10:09:36,2025-06-04 13:29:10
C00086,FIR/2026/0343,Criminal,Forgery,2026-05-23,2026-05-19,L00165,Surat Central Police Station,Jaipur,Open,Cyber Cell,DOC02167,0.82,2025-08-16 12:30:39,2025-09-03 10:30:39
C00087,FIR/2024/5354,Cyber,Extortion,2024-09-12,2024-09-08,L01462,Gwalior Central Police Station,Jaipur,Open,Local Police,DOC01898,0.84,2024-07-07 14:32:58,2025-08-03 02:59:17
C00088,FIR/2025/9980,Organized Crime,Cybercrime,2025-11-11,2025-11-02,L00413,Vadodara Central Police Station,Jaipur,Pending Trial,Local Police,DOC02712,0.89,2024-09-27 05:58:43,2024-10-11 23:58:43
C00089,FIR/2024/3943,Economic,Fraud,2024-05-10,2024-04-17,L02455,Jabalpur Central Police Station,Bhopal,Pending Trial,Crime Branch,DOC02267,0.94,2026-03-09 08:03:40,2026-04-01 08:03:40
C00090,FIR/2024/3891,Cyber,Cybercrime,2024-04-08,2024-03-22,L01415,Bengaluru Central Police Station,Hyderabad,Closed,Local Police,DOC02744,0.91,2024-01-24 11:40:00,2024-08-15 08:03:53
C00091,FIR/2024/8808,Economic,Illegal Gambling,2024-01-03,2024-01-03,L01965,Lucknow Central Police Station,Dewas,Closed,Local Police,DOC00046,0.8,2024-12-06 11:08:18,2026-01-16 07:03:45
C00092,FIR/2026/2596,Criminal,Extortion,2026-04-07,2026-04-06,L01662,Nagpur Central Police Station,Jaipur,Pending Trial,Cyber Cell,DOC01887,0.95,2024-08-11 11:52:14,2024-11-02 10:05:12
C00093,FIR/2026/1620,Organized Crime,Cybercrime,2026-05-09,2026-05-09,L02383,Surat Central Police Station,Ahmedabad,Open,Local Police,DOC00498,0.87,2024-01-10 11:05:43,2026-01-20 21:10:02
C00094,FIR/2024/4873,Criminal,Fraud,2024-05-18,2024-05-11,L02058,Mumbai Central Police Station,Gurugram,Open,Crime Branch,DOC01105,0.81,2025-11-05 21:17:39,2025-11-11 20:17:39
C00095,FIR/2025/4647,Organized Crime,Illegal Gambling,2025-04-21,2025-03-31,L00252,Nagpur Central Police Station,Kanpur,Under Investigation,Cyber Cell,DOC00125,0.83,2025-03-29 18:59:31,2026-06-07 08:12:08
C00096,FIR/2026/2386,Economic,Vehicle Theft,2026-02-23,2026-02-08,L01394,Lucknow Central Police Station,Bhopal,Open,Crime Branch,DOC02322,0.88,2025-05-12 07:03:32,2026-06-17 08:28:06
C00097,FIR/2025/9585,Organized Crime,Cybercrime,2026-01-10,2025-12-25,L02053,Lucknow Central Police Station,Gurugram,Under Investigation,Crime Branch,DOC00524,0.81,2024-05-18 07:16:54,2025-02-10 17:24:25
C00098,FIR/2025/3177,Organized Crime,Assault,2025-11-27,2025-10-28,L01982,Bhopal Central Police Station,Bengaluru,Open,Economic Offences Unit,DOC02371,0.88,2024-06-29 13:51:44,2026-05-28 16:52:58
C00099,FIR/2026/0637,Economic,Vehicle Theft,2026-02-24,2026-02-24,L02197,Nagpur Central Police Station,Kota,Closed,Cyber Cell,DOC02110,0.88,2026-07-13 09:01:34,2026-08-06 01:01:34
C00100,FIR/2024/6762,Cyber,Vehicle Theft,2024-09-05,2024-08-27,L00948,Kanpur Central Police Station,Bengaluru,Open,Local Police,DOC00231,0.87,2024-12-04 09:41:48,2026-08-28 22:58:19
C00101,FIR/2026/5464,Economic,Forgery,2026-04-10,2026-03-13,L01331,Mumbai Central Police Station,Ahmedabad,Pending Trial,Cyber Cell,DOC02279,0.81,2024-01-16 10:23:54,2024-02-03 21:27:51
C00102,FIR/2025/5157,Organized Crime,Money Laundering,2025-07-18,2025-07-18,L00121,Bhopal Central Police Station,Dewas,Pending Trial,Cyber Cell,DOC01820,0.88,2024-06-12 12:06:40,2025-01-20 00:11:58
C00103,FIR/2025/0822,Criminal,Assault,2025-03-18,2025-03-13,L02372,Hyderabad Central Police Station,Delhi,Pending Trial,Crime Branch,DOC01595,0.93,2026-04-25 07:58:40,2026-05-15 20:58:40
C00104,FIR/2026/7014,Economic,Money Laundering,2026-04-28,2026-04-17,L01236,Bhopal Central Police Station,Mumbai,Closed,Cyber Cell,DOC02988,0.86,2024-05-15 03:46:44,2025-08-02 23:12:19
C00105,FIR/2026/6942,Cyber,Robbery,2026-02-09,2026-01-17,L02404,Jaipur Central Police Station,Indore,Pending Trial,Crime Branch,DOC00930,0.98,2024-12-23 07:24:31,2026-02-11 22:37:37
C00106,FIR/2026/8922,Organized Crime,Vehicle Theft,2026-05-31,2026-05-09,L00682,Vadodara Central Police Station,Delhi,Pending Trial,Cyber Cell,DOC00444,0.95,2024-12-08 20:17:24,2024-12-23 05:17:24
C00107,FIR/2025/7109,Criminal,Money Laundering,2025-06-09,2025-05-30,L01747,Bhopal Central Police Station,Bengaluru,Pending Trial,Economic Offences Unit,DOC02970,0.87,2025-12-13 23:18:13,2025-12-19 09:18:13
C00108,FIR/2026/6936,Organized Crime,Cybercrime,2026-09-04,2026-08-19,L00879,Gwalior Central Police Station,Kanpur,Pending Trial,Cyber Cell,DOC02068,0.82,2025-07-27 22:12:11,2026-08-13 02:23:51
C00109,FIR/2026/3721,Criminal,Extortion,2026-04-11,2026-04-05,L01954,Lucknow Central Police Station,Jaipur,Open,Cyber Cell,DOC01998,0.91,2025-09-08 11:45:39,2025-10-05 00:45:39
C00110,FIR/2025/4398,Economic,Vehicle Theft,2025-04-26,2025-04-13,L01085,Kota Central Police Station,Jabalpur,Pending Trial,Local Police,DOC01844,0.93,2024-12-27 19:14:07,2026-05-24 11:30:00
C00111,FIR/2025/6639,Cyber,Fraud,2025-03-25,2025-03-04,L00687,Nagpur Central Police Station,Lucknow,Closed,Local Police,DOC02257,0.93,2024-07-10 05:32:39,2026-01-21 05:33:53
C00112,FIR/2025/2387,Cyber,Extortion,2025-06-06,2025-06-01,L01574,Ujjain Central Police Station,Mumbai,Closed,Crime Branch,DOC01059,0.86,2025-02-08 17:09:40,2026-05-22 16:33:07
C00113,FIR/2025/5714,Cyber,Cybercrime,2025-08-22,2025-08-07,L01218,Ujjain Central Police Station,Ahmedabad,Open,Cyber Cell,DOC01786,0.95,2025-02-28 15:09:50,2026-02-18 13:59:32
C00114,FIR/2025/3161,Organized Crime,Robbery,2025-09-01,2025-08-27,L01157,Kanpur Central Police Station,Kanpur,Open,Crime Branch,DOC01651,0.96,2024-12-05 08:07:10,2026-07-23 05:22:56
C00115,FIR/2024/4090,Cyber,Fraud,2024-03-15,2024-03-10,L02390,Nagpur Central Police Station,Ujjain,Closed,Local Police,DOC01753,0.84,2024-06-04 16:29:50,2024-07-29 11:23:26
C00116,FIR/2025/1319,Criminal,Burglary,2025-06-15,2025-05-29,L01228,Jabalpur Central Police Station,Kota,Under Investigation,Crime Branch,DOC01433,0.85,2026-03-28 12:31:42,2026-04-19 08:31:42
C00117,FIR/2026/2066,Criminal,Burglary,2026-06-30,2026-06-17,L02478,Jabalpur Central Police Station,Surat,Under Investigation,Crime Branch,DOC01100,0.94,2025-08-25 01:30:37,2025-09-10 07:30:37
C00118,FIR/2025/0784,Criminal,Burglary,2025-10-01,2025-09-23,L00477,Pune Central Police Station,Mumbai,Under Investigation,Local Police,DOC01402,0.84,2024-05-25 20:12:53,2024-06-03 16:12:53
C00119,FIR/2026/6168,Cyber,Vehicle Theft,2026-01-12,2026-01-10,L02060,Vadodara Central Police Station,Ahmedabad,Open,Cyber Cell,DOC01296,0.87,2026-04-27 06:43:40,2026-05-08 07:43:40
C00120,FIR/2025/9031,Criminal,Burglary,2026-01-03,2025-12-18,L00655,Ujjain Central Police Station,Ujjain,Closed,Cyber Cell,DOC01362,0.82,2025-12-05 09:50:22,2025-12-27 22:30:57
C00121,FIR/2024/2532,Cyber,Money Laundering,2024-05-16,2024-05-11,L00848,Ahmedabad Central Police Station,Delhi,Under Investigation,Economic Offences Unit,DOC01642,0.91,2026-04-09 13:57:11,2026-04-26 22:57:11
C00122,FIR/2026/6941,Organized Crime,Fraud,2026-08-30,2026-08-28,L00550,Indore Central Police Station,Lucknow,Closed,Crime Branch,DOC01181,0.89,2024-09-02 07:29:00,2024-09-10 13:29:00
C00123,FIR/2024/9708,Economic,Burglary,2024-04-01,2024-03-10,L00171,Indore Central Police Station,Ahmedabad,Under Investigation,Economic Offences Unit,DOC02716,0.83,2026-08-12 21:38:02,2026-09-04 23:59:59
C00124,FIR/2025/3229,Cyber,Illegal Gambling,2025-02-27,2025-01-28,L00341,Vadodara Central Police Station,Mumbai,Pending Trial,Local Police,DOC01392,0.9,2026-07-14 03:34:52,2026-08-08 10:34:52
C00125,FIR/2025/3492,Organized Crime,Forgery,2025-09-14,2025-08-16,L00541,Lucknow Central Police Station,Pune,Closed,Local Police,DOC01552,0.82,2026-08-18 01:49:31,2026-08-19 09:49:31
C00126,FIR/2024/0823,Criminal,Vehicle Theft,2024-02-08,2024-01-22,L01156,Dewas Central Police Station,Surat,Open,Cyber Cell,DOC01732,0.96,2025-02-16 21:20:39,2025-02-24 20:20:39
C00127,FIR/2024/1515,Economic,Cybercrime,2024-07-07,2024-06-15,L01331,Bhopal Central Police Station,Nagpur,Pending Trial,Economic Offences Unit,DOC00146,0.89,2026-06-19 19:34:03,2026-06-25 14:34:03
C00128,FIR/2026/8238,Criminal,Extortion,2026-09-04,2026-08-19,L00182,Ujjain Central Police Station,Mumbai,Under Investigation,Economic Offences Unit,DOC02965,0.94,2024-01-05 01:38:15,2024-12-25 11:30:56
C00129,FIR/2025/1724,Cyber,Assault,2025-01-09,2025-01-01,L00510,Bengaluru Central Police Station,Dewas,Open,Local Police,DOC01362,0.86,2026-04-09 08:30:59,2026-07-19 23:54:54
C00130,FIR/2024/2169,Criminal,Burglary,2024-03-14,2024-03-04,L01239,Ujjain Central Police Station,Gwalior,Pending Trial,Economic Offences Unit,DOC00269,0.87,2024-10-19 02:06:38,2025-12-11 03:23:28
C00131,FIR/2025/7055,Economic,Cybercrime,2025-02-22,2025-02-10,L00162,Gwalior Central Police Station,Lucknow,Pending Trial,Crime Branch,DOC00492,0.92,2024-11-18 18:14:24,2024-12-10 04:14:24
C00132,FIR/2024/1389,Organized Crime,Assault,2024-08-02,2024-07-24,L02333,Jabalpur Central Police Station,Gwalior,Open,Crime Branch,DOC01480,0.95,2026-01-01 20:29:07,2026-01-31 17:29:07
C00133,FIR/2025/4898,Cyber,Fraud,2025-04-30,2025-04-06,L01775,Dewas Central Police Station,Ujjain,Closed,Local Police,DOC01972,0.93,2025-10-05 00:51:38,2026-08-12 07:07:27
C00134,FIR/2025/8555,Organized Crime,Extortion,2025-11-18,2025-11-15,L01570,Surat Central Police Station,Bhopal,Closed,Crime Branch,DOC02051,0.8,2025-09-28 07:24:17,2025-10-25 02:24:17
C00135,FIR/2024/3299,Organized Crime,Cybercrime,2024-06-20,2024-05-23,L00318,Nagpur Central Police Station,Nagpur,Under Investigation,Cyber Cell,DOC00765,0.81,2025-03-18 04:05:14,2026-01-29 02:16:48
C00136,FIR/2026/4205,Economic,Robbery,2026-03-30,2026-03-21,L00393,Mumbai Central Police Station,Indore,Pending Trial,Cyber Cell,DOC01322,0.82,2024-04-25 08:52:33,2025-05-26 00:59:42
C00137,FIR/2025/4549,Criminal,Money Laundering,2025-11-21,2025-10-28,L02272,Ujjain Central Police Station,Vadodara,Under Investigation,Crime Branch,DOC02728,0.89,2024-10-06 21:22:19,2024-10-22 00:22:19
C00138,FIR/2026/3237,Criminal,Fraud,2026-08-05,2026-07-29,L02237,Gwalior Central Police Station,Vadodara,Pending Trial,Crime Branch,DOC00025,0.94,2026-04-27 07:30:42,2026-05-06 05:30:42
C00139,FIR/2024/6834,Criminal,Forgery,2024-03-26,2024-03-21,L02121,Nagpur Central Police Station,Pune,Pending Trial,Local Police,DOC00485,0.95,2025-09-23 05:29:11,2026-07-21 18:26:52
C00140,FIR/2025/3129,Criminal,Cybercrime,2025-02-16,2025-02-03,L00490,Ujjain Central Police Station,Gwalior,Pending Trial,Cyber Cell,DOC00964,0.91,2025-11-09 19:05:38,2026-07-30 13:47:42
C00141,FIR/2025/6313,Criminal,Extortion,2025-11-01,2025-10-07,L01121,Vadodara Central Police Station,Gurugram,Closed,Economic Offences Unit,DOC00470,0.88,2025-02-16 04:05:53,2025-02-18 11:35:54
C00142,FIR/2024/9443,Criminal,Extortion,2024-08-04,2024-07-22,L01733,Vadodara Central Police Station,Ahmedabad,Open,Local Police,DOC01806,0.87,2026-04-16 22:59:56,2026-05-08 08:59:56
C00143,FIR/2024/5115,Cyber,Assault,2025-01-07,2024-12-08,L01403,Mumbai Central Police Station,Pune,Open,Cyber Cell,DOC02370,0.83,2024-08-04 09:29:31,2025-03-14 10:04:08
C00144,FIR/2025/1481,Organized Crime,Cybercrime,2025-03-16,2025-02-20,L00549,Gwalior Central Police Station,Gurugram,Closed,Cyber Cell,DOC01159,0.95,2024-08-15 23:01:37,2024-08-24 06:01:37
C00145,FIR/2026/7534,Criminal,Extortion,2026-04-23,2026-04-03,L00147,Kanpur Central Police Station,Jabalpur,Pending Trial,Local Police,DOC00039,0.94,2024-04-21 17:20:52,2024-11-10 18:09:19
C00146,FIR/2026/5773,Cyber,Assault,2026-06-08,2026-06-08,L02370,Bhopal Central Police Station,Kota,Closed,Local Police,DOC02419,0.82,2024-03-26 17:50:49,2026-06-01 23:35:55
C00147,FIR/2025/2471,Cyber,Fraud,2026-01-27,2025-12-30,L00669,Ahmedabad Central Police Station,Nagpur,Pending Trial,Crime Branch,DOC01363,0.85,2024-09-22 11:39:30,2024-10-19 21:39:30
C00148,FIR/2026/9497,Organized Crime,Robbery,2026-08-13,2026-08-02,L00562,Lucknow Central Police Station,Bhopal,Closed,Local Police,DOC01793,0.89,2025-12-28 02:07:13,2026-05-30 07:49:23
C00149,FIR/2025/8318,Organized Crime,Robbery,2025-05-12,2025-05-09,L01710,Dewas Central Police Station,Hyderabad,Closed,Crime Branch,DOC00599,0.82,2024-02-05 02:11:06,2025-01-20 07:59:24
C00150,FIR/2025/5568,Criminal,Fraud,2025-08-05,2025-07-27,L00902,Lucknow Central Police Station,Delhi,Pending Trial,Economic Offences Unit,DOC00592,0.8,2025-12-20 03:00:37,2026-01-08 15:00:37
C00151,FIR/2025/4844,Organized Crime,Cybercrime,2025-05-01,2025-04-21,L00808,Ujjain Central Police Station,Gurugram,Under Investigation,Cyber Cell,DOC00173,0.94,2026-08-19 17:59:48,2026-09-04 23:59:59
C00152,FIR/2024/1924,Criminal,Smuggling,2024-10-28,2024-10-14,L00107,Kota Central Police Station,Gwalior,Pending Trial,Crime Branch,DOC02542,0.95,2024-01-14 02:29:18,2025-06-17 17:18:19
C00153,FIR/2026/6425,Organized Crime,Money Laundering,2026-08-31,2026-08-19,L01189,Kota Central Police Station,Gurugram,Open,Cyber Cell,DOC02198,0.94,2024-07-12 13:45:42,2024-08-01 08:45:42
C00154,FIR/2024/1383,Cyber,Forgery,2024-08-02,2024-07-08,L00271,Gwalior Central Police Station,Nagpur,Open,Cyber Cell,DOC01540,0.92,2026-02-10 00:03:14,2026-02-13 21:03:14
C00155,FIR/2026/7872,Economic,Vehicle Theft,2026-07-20,2026-06-21,L00931,Vadodara Central Police Station,Kota,Open,Cyber Cell,DOC02380,0.82,2025-03-18 01:00:16,2025-08-06 01:21:27
C00156,FIR/2026/2649,Organized Crime,Vehicle Theft,2026-05-02,2026-04-05,L00976,Jaipur Central Police Station,Jabalpur,Under Investigation,Economic Offences Unit,DOC01151,0.91,2025-04-28 13:25:33,2025-09-14 09:33:52
C00157,FIR/2025/7240,Criminal,Fraud,2025-04-26,2025-04-04,L00465,Kota Central Police Station,Nagpur,Closed,Crime Branch,DOC02966,0.92,2026-05-19 16:34:59,2026-05-20 14:34:59
C00158,FIR/2024/0248,Cyber,Vehicle Theft,2024-12-17,2024-11-26,L00789,Gurugram Central Police Station,Indore,Pending Trial,Local Police,DOC01710,0.98,2025-12-07 13:25:32,2025-12-10 13:25:32
C00159,FIR/2025/8500,Economic,Smuggling,2025-03-13,2025-02-20,L01384,Hyderabad Central Police Station,Mumbai,Open,Cyber Cell,DOC01806,0.92,2024-03-23 02:10:42,2025-01-22 18:11:19
C00160,FIR/2025/3579,Cyber,Cybercrime,2025-02-13,2025-01-14,L01488,Jabalpur Central Police Station,Surat,Closed,Local Police,DOC01409,0.95,2025-08-02 22:23:21,2025-08-20 06:22:42
C00161,FIR/2026/9763,Economic,Illegal Gambling,2026-02-14,2026-01-26,L00066,Jabalpur Central Police Station,Jaipur,Closed,Crime Branch,DOC02244,0.95,2024-03-01 00:03:57,2024-06-05 12:39:29
C00162,FIR/2026/1702,Economic,Cybercrime,2026-01-30,2026-01-10,L02253,Ujjain Central Police Station,Ahmedabad,Under Investigation,Cyber Cell,DOC02065,0.84,2026-02-07 01:21:38,2026-02-14 16:21:38
C00163,FIR/2025/1463,Criminal,Assault,2025-11-22,2025-11-19,L00262,Surat Central Police Station,Gurugram,Open,Crime Branch,DOC00848,0.96,2025-06-03 16:17:37,2026-07-02 16:04:50
C00164,FIR/2025/0078,Criminal,Extortion,2025-12-11,2025-11-25,L00141,Bhopal Central Police Station,Gurugram,Pending Trial,Economic Offences Unit,DOC02614,0.83,2026-04-16 20:33:32,2026-04-21 19:33:32
C00165,FIR/2025/8684,Criminal,Cybercrime,2025-03-14,2025-02-15,L00151,Gwalior Central Police Station,Jabalpur,Open,Crime Branch,DOC02375,0.81,2024-10-08 16:25:35,2024-11-03 15:25:35
C00166,FIR/2026/7185,Organized Crime,Fraud,2026-06-13,2026-06-08,L01928,Lucknow Central Police Station,Vadodara,Open,Economic Offences Unit,DOC01515,0.95,2025-05-11 07:27:56,2025-05-26 17:27:56
C00167,FIR/2024/8310,Criminal,Assault,2024-08-28,2024-08-26,L01459,Lucknow Central Police Station,Jaipur,Under Investigation,Cyber Cell,DOC00902,0.82,2024-04-26 20:13:21,2025-12-10 22:42:41
C00168,FIR/2025/6987,Organized Crime,Illegal Gambling,2025-11-19,2025-11-07,L01207,Lucknow Central Police Station,Delhi,Closed,Local Police,DOC02797,0.94,2026-07-13 05:54:19,2026-07-25 14:54:19
C00169,FIR/2024/5812,Cyber,Fraud,2024-07-10,2024-06-16,L00287,Vadodara Central Police Station,Gurugram,Under Investigation,Cyber Cell,DOC01955,0.85,2025-04-02 12:21:04,2025-04-26 06:21:04
C00170,FIR/2024/3405,Criminal,Robbery,2024-08-20,2024-08-20,L01420,Lucknow Central Police Station,Indore,Under Investigation,Cyber Cell,DOC01029,0.89,2026-02-24 12:43:16,2026-03-08 20:43:16
C00171,FIR/2024/4020,Economic,Forgery,2024-03-03,2024-02-11,L00938,Bengaluru Central Police Station,Mumbai,Open,Local Police,DOC01927,0.92,2024-11-12 04:22:47,2025-04-29 03:12:27
C00172,FIR/2024/3878,Organized Crime,Assault,2024-08-05,2024-07-12,L00293,Ahmedabad Central Police Station,Bengaluru,Open,Crime Branch,DOC02869,0.87,2025-02-04 19:22:17,2025-12-15 04:02:36
C00173,FIR/2024/2671,Economic,Burglary,2024-06-30,2024-05-31,L01259,Mumbai Central Police Station,Lucknow,Closed,Local Police,DOC00024,0.9,2026-08-09 06:21:22,2026-08-15 02:21:22
C00174,FIR/2025/2101,Organized Crime,Extortion,2025-03-05,2025-02-04,L00476,Kota Central Police Station,Bhopal,Open,Cyber Cell,DOC00056,0.85,2025-09-25 09:17:50,2026-08-29 18:59:06
C00175,FIR/2024/7705,Cyber,Smuggling,2024-11-18,2024-10-21,L02097,Hyderabad Central Police Station,Gwalior,Under Investigation,Local Police,DOC00075,0.87,2025-07-31 20:09:18,2025-08-17 09:09:18
C00176,FIR/2026/5977,Cyber,Money Laundering,2026-02-14,2026-01-24,L00525,Kanpur Central Police Station,Ujjain,Closed,Crime Branch,DOC00001,0.81,2024-03-15 02:03:59,2026-05-05 21:53:39
C00177,FIR/2024/9614,Criminal,Cybercrime,2025-01-14,2024-12-21,L00712,Lucknow Central Police Station,Bhopal,Under Investigation,Crime Branch,DOC01100,0.82,2024-04-02 16:40:44,2026-03-10 07:34:00
C00178,FIR/2024/5938,Organized Crime,Robbery,2024-06-23,2024-06-01,L01237,Lucknow Central Police Station,Gwalior,Under Investigation,Local Police,DOC01595,0.83,2025-04-22 07:10:52,2025-04-26 07:10:52
C00179,FIR/2026/3726,Cyber,Fraud,2026-05-14,2026-05-06,L01173,Vadodara Central Police Station,Kanpur,Under Investigation,Economic Offences Unit,DOC01268,0.96,2026-01-02 06:12:25,2026-07-16 17:53:10
C00180,FIR/2025/1109,Economic,Burglary,2026-01-18,2025-12-22,L00439,Gurugram Central Police Station,Lucknow,Closed,Local Police,DOC01958,0.86,2025-09-04 05:44:50,2026-01-24 02:02:19
C00181,FIR/2025/9033,Cyber,Assault,2025-11-06,2025-11-03,L00930,Hyderabad Central Police Station,Gwalior,Under Investigation,Crime Branch,DOC02288,0.97,2025-08-31 14:35:37,2026-05-30 11:52:01
C00182,FIR/2025/7096,Criminal,Fraud,2025-04-05,2025-03-30,L00406,Ahmedabad Central Police Station,Delhi,Closed,Local Police,DOC01167,0.97,2024-10-23 01:16:49,2024-11-20 17:16:49
C00183,FIR/2025/9467,Criminal,Smuggling,2025-10-13,2025-10-03,L00763,Bhopal Central Police Station,Vadodara,Pending Trial,Cyber Cell,DOC02070,0.85,2025-04-04 10:21:42,2025-12-20 23:00:43
C00184,FIR/2025/3167,Economic,Extortion,2025-11-11,2025-10-29,L00125,Jabalpur Central Police Station,Gwalior,Closed,Local Police,DOC01307,0.9,2026-08-22 23:19:23,2026-09-04 23:59:59
C00185,FIR/2025/3287,Criminal,Robbery,2025-07-12,2025-07-04,L00809,Dewas Central Police Station,Mumbai,Open,Crime Branch,DOC02538,0.92,2024-12-30 09:21:12,2025-04-17 17:35:49
C00186,FIR/2026/2577,Organized Crime,Money Laundering,2026-08-06,2026-07-16,L02479,Lucknow Central Police Station,Gurugram,Open,Crime Branch,DOC02727,0.85,2024-03-09 17:56:16,2025-07-27 20:41:51
C00187,FIR/2025/6695,Criminal,Illegal Gambling,2025-09-14,2025-08-17,L01477,Ahmedabad Central Police Station,Jaipur,Pending Trial,Local Police,DOC00841,0.82,2025-10-13 22:01:45,2025-10-14 12:01:45
C00188,FIR/2025/8821,Criminal,Assault,2025-03-03,2025-03-01,L02166,Jabalpur Central Police Station,Kota,Under Investigation,Cyber Cell,DOC00030,0.95,2026-05-15 21:17:03,2026-06-14 13:17:03
C00189,FIR/2024/2464,Cyber,Cybercrime,2024-07-29,2024-07-23,L01411,Jabalpur Central Police Station,Ahmedabad,Closed,Economic Offences Unit,DOC00466,0.97,2025-12-23 16:17:24,2026-01-10 01:17:24
C00190,FIR/2026/8259,Organized Crime,Cybercrime,2026-06-01,2026-05-19,L00175,Vadodara Central Police Station,Delhi,Closed,Cyber Cell,DOC01007,0.82,2026-07-22 05:17:12,2026-08-11 11:17:12
C00191,FIR/2024/6982,Criminal,Extortion,2024-10-02,2024-09-20,L00133,Gwalior Central Police Station,Ahmedabad,Under Investigation,Crime Branch,DOC01604,0.82,2024-11-28 06:45:54,2025-12-02 23:38:26
C00192,FIR/2024/4471,Organized Crime,Extortion,2024-05-24,2024-05-24,L02111,Gurugram Central Police Station,Bhopal,Closed,Economic Offences Unit,DOC02756,0.93,2024-09-28 06:22:29,2026-08-29 20:51:09
C00193,FIR/2026/0169,Economic,Vehicle Theft,2026-03-25,2026-03-04,L00922,Nagpur Central Police Station,Pune,Under Investigation,Local Police,DOC01399,0.97,2024-08-07 16:19:32,2024-11-13 02:03:10
C00194,FIR/2026/1546,Organized Crime,Extortion,2026-07-17,2026-07-03,L00911,Ujjain Central Police Station,Vadodara,Under Investigation,Local Police,DOC00420,0.85,2024-02-03 01:38:20,2024-11-14 01:07:34
C00195,FIR/2024/8187,Cyber,Robbery,2024-03-22,2024-03-07,L02122,Indore Central Police Station,Jaipur,Closed,Economic Offences Unit,DOC00411,0.93,2026-02-01 20:07:40,2026-02-17 23:07:40
C00196,FIR/2025/6463,Cyber,Money Laundering,2025-06-08,2025-05-24,L02256,Ujjain Central Police Station,Vadodara,Under Investigation,Economic Offences Unit,DOC00616,0.87,2026-01-27 16:38:48,2026-02-20 03:38:48
C00197,FIR/2024/3837,Economic,Extortion,2024-04-18,2024-04-06,L02306,Jaipur Central Police Station,Ujjain,Pending Trial,Economic Offences Unit,DOC00268,0.95,2024-05-08 12:58:36,2026-07-22 10:56:13
C00198,FIR/2025/2356,Cyber,Illegal Gambling,2025-09-20,2025-09-11,L01125,Delhi Central Police Station,Ujjain,Under Investigation,Crime Branch,DOC00586,0.84,2026-06-22 07:50:48,2026-07-10 12:50:48
C00199,FIR/2025/6939,Organized Crime,Robbery,2025-06-14,2025-06-13,L01013,Ujjain Central Police Station,Delhi,Open,Crime Branch,DOC02493,0.82,2025-05-15 17:34:33,2025-05-19 02:34:33
C00200,FIR/2024/4053,Cyber,Extortion,2024-09-06,2024-08-09,L00881,Jaipur Central Police Station,Lucknow,Pending Trial,Local Police,DOC00627,0.88,2025-10-06 07:57:37,2025-10-28 09:57:37
C00201,FIR/2024/8559,Economic,Extortion,2024-04-22,2024-04-06,L01032,Lucknow Central Police Station,Pune,Open,Economic Offences Unit,DOC00899,0.97,2026-04-29 22:39:06,2026-05-04 00:22:48
C00202,FIR/2025/7634,Organized Crime,Robbery,2025-11-01,2025-11-01,L00493,Kota Central Police Station,Jaipur,Open,Cyber Cell,DOC01581,0.9,2024-08-21 03:22:56,2024-09-10 04:22:56
C00203,FIR/2025/1358,Economic,Vehicle Theft,2025-12-25,2025-11-25,L00433,Kota Central Police Station,Delhi,Under Investigation,Crime Branch,DOC02744,0.88,2026-08-29 16:56:17,2026-09-04 23:59:59
C00204,FIR/2026/3180,Economic,Money Laundering,2026-06-05,2026-05-12,L02429,Bengaluru Central Police Station,Surat,Open,Cyber Cell,DOC02594,0.89,2024-05-26 17:52:43,2024-07-02 12:18:04
C00205,FIR/2025/7387,Organized Crime,Forgery,2025-11-14,2025-11-04,L01035,Hyderabad Central Police Station,Indore,Open,Economic Offences Unit,DOC02268,0.85,2024-07-12 09:02:00,2024-07-24 04:02:00
C00206,FIR/2024/1868,Organized Crime,Illegal Gambling,2024-08-28,2024-08-25,L00733,Jabalpur Central Police Station,Dewas,Under Investigation,Cyber Cell,DOC01680,0.9,2024-01-31 10:16:50,2025-09-24 09:20:21
C00207,FIR/2026/9106,Organized Crime,Burglary,2026-01-22,2026-01-18,L02039,Jabalpur Central Police Station,Bhopal,Pending Trial,Crime Branch,DOC01276,0.81,2024-09-24 01:31:35,2024-10-10 05:31:35
C00208,FIR/2024/6916,Cyber,Robbery,2024-04-28,2024-04-23,L00365,Bhopal Central Police Station,Kota,Open,Local Police,DOC00417,0.82,2026-08-11 09:32:58,2026-08-23 12:32:58
C00209,FIR/2025/3345,Criminal,Money Laundering,2025-03-02,2025-02-06,L01781,Indore Central Police Station,Gurugram,Pending Trial,Cyber Cell,DOC02088,0.86,2025-12-19 05:58:49,2026-01-15 15:58:49
C00210,FIR/2025/8787,Economic,Smuggling,2025-11-16,2025-10-18,L01006,Mumbai Central Police Station,Ahmedabad,Open,Local Police,DOC01519,0.8,2025-04-04 04:01:50,2025-05-01 12:01:50
C00211,FIR/2024/3522,Cyber,Vehicle Theft,2024-11-17,2024-11-14,L01170,Ahmedabad Central Police Station,Indore,Open,Local Police,DOC00958,0.82,2026-06-13 03:59:07,2026-07-04 21:59:07
C00212,FIR/2025/7215,Economic,Fraud,2025-07-08,2025-06-30,L00126,Gwalior Central Police Station,Ahmedabad,Pending Trial,Cyber Cell,DOC02839,0.97,2025-06-01 10:07:51,2025-09-20 12:41:28
C00213,FIR/2024/2148,Cyber,Money Laundering,2024-07-10,2024-06-18,L02488,Indore Central Police Station,Gwalior,Pending Trial,Local Police,DOC01033,0.97,2024-07-22 01:55:13,2024-08-15 09:55:13
C00214,FIR/2025/2851,Economic,Money Laundering,2025-03-03,2025-02-03,L00454,Kanpur Central Police Station,Kota,Closed,Crime Branch,DOC02495,0.84,2025-02-02 18:29:23,2026-04-01 15:32:33
C00215,FIR/2025/2180,Cyber,Extortion,2025-10-05,2025-09-20,L01066,Ahmedabad Central Police Station,Pune,Under Investigation,Crime Branch,DOC01193,0.88,2026-04-01 13:26:25,2026-04-14 13:26:25
C00216,FIR/2025/4501,Cyber,Cybercrime,2025-12-14,2025-11-30,L00795,Mumbai Central Police Station,Kanpur,Pending Trial,Economic Offences Unit,DOC00533,0.96,2026-01-06 15:01:08,2026-05-28 19:37:23
C00217,FIR/2026/7851,Cyber,Fraud,2026-02-01,2026-01-31,L00477,Vadodara Central Police Station,Kota,Pending Trial,Local Police,DOC02619,0.96,2025-05-16 14:48:09,2025-06-10 09:48:09
C00218,FIR/2026/5093,Criminal,Illegal Gambling,2026-03-07,2026-02-11,L00543,Mumbai Central Police Station,Bengaluru,Under Investigation,Local Police,DOC02368,0.87,2024-12-23 20:17:17,2025-09-19 00:52:05
C00219,FIR/2025/5938,Organized Crime,Burglary,2025-10-21,2025-10-12,L01144,Ujjain Central Police Station,Jabalpur,Open,Cyber Cell,DOC01002,0.97,2025-11-16 21:39:07,2025-12-03 01:39:07
C00220,FIR/2024/9702,Organized Crime,Fraud,2024-03-19,2024-02-23,L02416,Bengaluru Central Police Station,Kanpur,Pending Trial,Crime Branch,DOC00800,0.85,2024-08-04 20:55:32,2025-08-06 00:57:29
C00221,FIR/2024/8589,Economic,Vehicle Theft,2024-07-21,2024-07-19,L01201,Gwalior Central Police Station,Bengaluru,Pending Trial,Economic Offences Unit,DOC02535,0.85,2024-06-02 12:33:40,2024-06-11 06:40:57
C00222,FIR/2024/2102,Organized Crime,Smuggling,2024-02-25,2024-02-24,L00774,Bengaluru Central Police Station,Mumbai,Under Investigation,Local Police,DOC00307,0.95,2024-01-24 18:39:23,2026-03-08 11:02:53
C00223,FIR/2026/7755,Cyber,Burglary,2026-03-01,2026-02-19,L01237,Bengaluru Central Police Station,Surat,Closed,Economic Offences Unit,DOC00132,0.89,2026-02-01 22:14:49,2026-02-21 08:14:49
C00224,FIR/2024/8611,Criminal,Fraud,2024-04-07,2024-03-12,L00473,Gurugram Central Police Station,Indore,Open,Crime Branch,DOC00793,0.82,2025-03-26 18:52:57,2025-03-30 16:52:57
C00225,FIR/2025/0902,Organized Crime,Smuggling,2025-04-18,2025-03-19,L01645,Ahmedabad Central Police Station,Nagpur,Under Investigation,Crime Branch,DOC02850,0.92,2025-04-25 13:14:13,2025-05-25 13:14:13
C00226,FIR/2025/1351,Criminal,Cybercrime,2025-04-10,2025-03-16,L00636,Jaipur Central Police Station,Lucknow,Pending Trial,Cyber Cell,DOC02285,0.97,2025-10-14 06:42:14,2025-10-20 03:42:14
C00227,FIR/2024/9907,Criminal,Assault,2024-02-08,2024-01-15,L01285,Ujjain Central Police Station,Vadodara,Open,Local Police,DOC00053,0.88,2024-01-31 07:12:55,2025-08-29 15:36:34
C00228,FIR/2024/0130,Organized Crime,Vehicle Theft,2024-06-20,2024-05-23,L01705,Gurugram Central Police Station,Pune,Closed,Cyber Cell,DOC02694,0.83,2024-05-29 19:28:56,2024-06-25 17:28:56
C00229,FIR/2024/5035,Organized Crime,Burglary,2024-12-05,2024-11-10,L00438,Gurugram Central Police Station,Indore,Closed,Economic Offences Unit,DOC01045,0.91,2024-07-12 23:18:32,2025-12-19 21:41:02
C00230,FIR/2024/4284,Criminal,Forgery,2024-12-21,2024-12-13,L01256,Kanpur Central Police Station,Vadodara,Pending Trial,Local Police,DOC02643,0.91,2025-08-29 10:16:09,2025-09-17 17:16:09
C00231,FIR/2024/6638,Economic,Cybercrime,2024-09-27,2024-08-30,L00687,Pune Central Police Station,Ujjain,Pending Trial,Cyber Cell,DOC02774,0.85,2025-03-03 05:12:45,2025-03-17 12:12:45
C00232,FIR/2025/3885,Cyber,Illegal Gambling,2025-05-04,2025-04-09,L01803,Bhopal Central Police Station,Jaipur,Closed,Local Police,DOC00692,0.9,2025-01-24 16:13:54,2025-02-03 16:13:54
C00233,FIR/2025/8291,Cyber,Assault,2025-04-24,2025-04-10,L02099,Pune Central Police Station,Kanpur,Pending Trial,Cyber Cell,DOC01061,0.97,2026-01-13 17:05:27,2026-08-26 02:08:55
C00234,FIR/2025/8643,Economic,Vehicle Theft,2025-03-23,2025-02-21,L01135,Dewas Central Police Station,Ujjain,Under Investigation,Economic Offences Unit,DOC00618,0.97,2025-11-17 16:55:57,2026-06-08 22:05:22
C00235,FIR/2024/0402,Criminal,Smuggling,2024-03-01,2024-02-06,L01915,Bengaluru Central Police Station,Kanpur,Open,Crime Branch,DOC00332,0.92,2026-04-15 08:27:30,2026-04-24 22:27:30
C00236,FIR/2024/2174,Cyber,Smuggling,2024-07-13,2024-06-18,L00631,Surat Central Police Station,Mumbai,Open,Cyber Cell,DOC01487,0.85,2026-02-15 15:14:51,2026-03-03 08:14:51
C00237,FIR/2025/9438,Cyber,Assault,2025-12-23,2025-12-14,L01901,Jabalpur Central Police Station,Ahmedabad,Under Investigation,Cyber Cell,DOC01313,0.9,2024-12-21 05:25:51,2025-01-05 13:25:51
C00238,FIR/2025/2119,Economic,Illegal Gambling,2026-01-05,2025-12-10,L01831,Surat Central Police Station,Nagpur,Open,Local Police,DOC00206,0.9,2024-08-31 14:00:35,2025-02-27 10:05:09
C00239,FIR/2025/2671,Cyber,Extortion,2025-07-28,2025-07-18,L02343,Kanpur Central Police Station,Bengaluru,Open,Local Police,DOC00610,0.83,2025-09-04 14:38:15,2025-12-31 15:19:17
C00240,FIR/2025/4822,Economic,Extortion,2025-11-13,2025-10-15,L02221,Mumbai Central Police Station,Dewas,Open,Local Police,DOC00162,0.89,2024-09-20 18:45:02,2024-10-10 15:45:02
C00241,FIR/2025/5915,Organized Crime,Forgery,2025-11-29,2025-11-27,L01844,Mumbai Central Police Station,Vadodara,Open,Crime Branch,DOC01646,0.91,2026-05-18 18:31:57,2026-05-28 13:39:12
C00242,FIR/2025/7633,Organized Crime,Forgery,2025-04-21,2025-04-02,L00137,Indore Central Police Station,Vadodara,Pending Trial,Crime Branch,DOC00491,0.82,2026-07-15 01:32:02,2026-08-01 20:32:02
C00243,FIR/2026/0029,Criminal,Vehicle Theft,2026-02-26,2026-01-27,L01991,Hyderabad Central Police Station,Jaipur,Closed,Crime Branch,DOC02443,0.94,2024-01-16 22:59:04,2025-10-30 08:47:18
C00244,FIR/2025/8937,Cyber,Extortion,2025-07-24,2025-07-15,L00203,Bhopal Central Police Station,Delhi,Open,Crime Branch,DOC01519,0.95,2024-02-08 23:48:11,2024-04-05 12:36:48
C00245,FIR/2024/2943,Economic,Cybercrime,2024-11-28,2024-11-06,L00135,Delhi Central Police Station,Ujjain,Open,Crime Branch,DOC00346,0.88,2025-02-24 12:10:24,2025-10-15 13:24:04
C00246,FIR/2024/2450,Economic,Burglary,2024-01-31,2024-01-17,L01960,Dewas Central Police Station,Kanpur,Pending Trial,Cyber Cell,DOC01436,0.92,2026-03-01 16:48:29,2026-03-15 07:48:29
C00247,FIR/2024/7713,Organized Crime,Money Laundering,2025-01-13,2024-12-30,L02386,Mumbai Central Police Station,Gurugram,Open,Economic Offences Unit,DOC02308,0.82,2024-04-15 06:06:57,2025-04-25 18:21:29
C00248,FIR/2025/2726,Organized Crime,Smuggling,2025-10-01,2025-09-07,L00060,Dewas Central Police Station,Mumbai,Under Investigation,Cyber Cell,DOC02419,0.94,2024-05-06 05:34:59,2026-02-27 23:51:00
C00249,FIR/2024/6440,Economic,Burglary,2024-09-09,2024-09-09,L01238,Kanpur Central Police Station,Mumbai,Pending Trial,Crime Branch,DOC01035,0.93,2026-08-09 06:29:09,2026-08-21 17:29:09
C00250,FIR/2026/0199,Criminal,Forgery,2026-08-06,2026-07-07,L02433,Gwalior Central Police Station,Jaipur,Closed,Local Police,DOC02106,0.95,2024-04-07 08:38:11,2025-06-02 05:53:15
C00251,FIR/2025/4452,Cyber,Cybercrime,2025-08-02,2025-07-27,L00068,Surat Central Police Station,Pune,Open,Cyber Cell,DOC01070,0.84,2024-07-22 11:10:13,2025-03-28 21:00:56
C00252,FIR/2025/2949,Cyber,Forgery,2025-10-19,2025-10-17,L01101,Delhi Central Police Station,Surat,Pending Trial,Economic Offences Unit,DOC01496,0.86,2025-08-09 09:34:14,2025-08-21 19:34:14
C00253,FIR/2025/3708,Economic,Assault,2025-01-24,2025-01-24,L02142,Kanpur Central Police Station,Lucknow,Pending Trial,Local Police,DOC02655,0.96,2026-07-26 18:48:51,2026-08-18 06:48:51
C00254,FIR/2024/4744,Criminal,Robbery,2024-03-27,2024-03-02,L00469,Nagpur Central Police Station,Bengaluru,Open,Economic Offences Unit,DOC00538,0.85,2025-05-27 11:13:23,2025-12-28 11:52:16
C00255,FIR/2025/4688,Economic,Fraud,2025-10-02,2025-09-18,L02010,Gurugram Central Police Station,Bhopal,Pending Trial,Crime Branch,DOC01528,0.96,2025-11-20 06:28:00,2025-12-14 18:28:00
C00256,FIR/2025/4877,Economic,Forgery,2025-01-28,2025-01-22,L02466,Lucknow Central Police Station,Surat,Open,Crime Branch,DOC02270,0.87,2025-10-08 16:33:58,2025-10-21 01:25:47
C00257,FIR/2025/5298,Criminal,Illegal Gambling,2025-02-13,2025-02-04,L00378,Surat Central Police Station,Jabalpur,Open,Cyber Cell,DOC01388,0.9,2026-03-31 01:42:02,2026-04-28 06:42:02
C00258,FIR/2024/8586,Organized Crime,Assault,2024-10-10,2024-09-16,L00052,Lucknow Central Police Station,Vadodara,Open,Cyber Cell,DOC00294,0.82,2026-06-28 07:00:55,2026-07-12 18:00:55
C00259,FIR/2026/0684,Economic,Assault,2026-03-29,2026-03-25,L02471,Jabalpur Central Police Station,Ahmedabad,Pending Trial,Cyber Cell,DOC01088,0.8,2025-08-31 10:51:04,2025-09-06 02:51:04
C00260,FIR/2026/0909,Organized Crime,Fraud,2026-01-21,2026-01-03,L00188,Ahmedabad Central Police Station,Mumbai,Pending Trial,Cyber Cell,DOC02862,0.95,2026-07-22 08:12:24,2026-07-31 02:12:24
C00261,FIR/2024/5213,Economic,Forgery,2024-10-23,2024-10-23,L00569,Bengaluru Central Police Station,Nagpur,Under Investigation,Cyber Cell,DOC02023,0.84,2025-06-30 16:50:00,2025-07-25 10:50:00
C00262,FIR/2025/7894,Organized Crime,Illegal Gambling,2025-02-03,2025-01-29,L00702,Gurugram Central Police Station,Bhopal,Pending Trial,Local Police,DOC01925,0.88,2026-02-06 18:05:26,2026-02-18 19:05:26
C00263,FIR/2024/2746,Organized Crime,Forgery,2024-10-31,2024-10-23,L01220,Lucknow Central Police Station,Gurugram,Open,Economic Offences Unit,DOC02266,0.88,2026-03-11 02:07:14,2026-04-04 19:07:14
C00264,FIR/2026/4699,Cyber,Robbery,2026-06-08,2026-06-04,L00905,Nagpur Central Police Station,Gwalior,Closed,Crime Branch,DOC02697,0.84,2025-02-01 13:25:15,2025-02-17 07:25:15
C00265,FIR/2026/3754,Cyber,Cybercrime,2026-05-08,2026-05-01,L00291,Lucknow Central Police Station,Kanpur,Open,Economic Offences Unit,DOC02604,0.88,2024-06-12 17:25:14,2026-01-11 02:56:28
C00266,FIR/2024/3867,Organized Crime,Vehicle Theft,2024-11-09,2024-10-27,L00953,Gurugram Central Police Station,Nagpur,Pending Trial,Local Police,DOC01877,0.96,2025-06-22 01:01:01,2025-09-29 07:01:11
C00267,FIR/2025/3689,Cyber,Extortion,2025-02-03,2025-02-02,L01905,Delhi Central Police Station,Ujjain,Closed,Crime Branch,DOC02632,0.92,2024-02-08 08:55:16,2024-07-29 09:56:55
C00268,FIR/2024/2704,Cyber,Illegal Gambling,2024-03-12,2024-02-13,L01290,Bengaluru Central Police Station,Indore,Under Investigation,Economic Offences Unit,DOC01140,0.89,2024-09-01 13:18:14,2024-10-01 04:18:14
C00269,FIR/2024/5064,Organized Crime,Cybercrime,2024-12-19,2024-11-26,L00303,Dewas Central Police Station,Gwalior,Under Investigation,Crime Branch,DOC02061,0.82,2024-11-23 14:29:23,2024-12-01 08:29:23
C00270,FIR/2025/8778,Cyber,Burglary,2025-02-12,2025-01-29,L01782,Mumbai Central Police Station,Jabalpur,Closed,Cyber Cell,DOC01994,0.9,2026-05-10 17:41:37,2026-05-26 19:41:37
C00271,FIR/2024/1932,Organized Crime,Smuggling,2024-08-25,2024-08-19,L02381,Jaipur Central Police Station,Surat,Closed,Cyber Cell,DOC01592,0.95,2025-05-03 05:05:15,2026-05-24 19:16:49
C00272,FIR/2026/3997,Organized Crime,Money Laundering,2026-05-09,2026-04-25,L00925,Jabalpur Central Police Station,Ujjain,Under Investigation,Crime Branch,DOC01691,0.86,2025-01-10 00:00:34,2025-05-18 13:33:19
C00273,FIR/2025/1013,Economic,Burglary,2025-12-05,2025-12-04,L02031,Kanpur Central Police Station,Gurugram,Pending Trial,Economic Offences Unit,DOC02618,0.93,2025-06-24 09:09:47,2025-06-27 02:09:47
C00274,FIR/2026/6860,Cyber,Cybercrime,2026-02-25,2026-02-01,L00637,Kota Central Police Station,Bhopal,Open,Crime Branch,DOC01407,0.93,2026-01-15 07:03:03,2026-06-11 13:34:05
C00275,FIR/2024/4184,Organized Crime,Cybercrime,2024-12-29,2024-12-26,L01577,Ahmedabad Central Police Station,Bengaluru,Closed,Crime Branch,DOC00662,0.93,2026-06-21 11:39:53,2026-07-15 20:39:53
C00276,FIR/2026/9098,Cyber,Extortion,2026-04-03,2026-03-09,L01172,Surat Central Police Station,Bhopal,Closed,Economic Offences Unit,DOC00706,0.9,2024-02-25 15:03:27,2026-03-24 14:12:21
C00277,FIR/2026/0931,Economic,Fraud,2026-06-05,2026-05-21,L01752,Kota Central Police Station,Indore,Under Investigation,Crime Branch,DOC02353,0.84,2025-11-27 13:54:18,2025-11-28 00:54:18
C00278,FIR/2026/3598,Cyber,Cybercrime,2026-08-19,2026-07-21,L00445,Gurugram Central Police Station,Pune,Open,Local Police,DOC00155,0.89,2026-01-26 04:42:19,2026-02-02 01:42:19
C00279,FIR/2026/8899,Criminal,Assault,2026-04-14,2026-04-07,L00009,Kota Central Police Station,Hyderabad,Closed,Local Police,DOC00007,0.86,2025-10-11 12:51:30,2026-04-30 03:58:55
C00280,FIR/2024/5159,Organized Crime,Illegal Gambling,2024-12-12,2024-12-08,L01048,Lucknow Central Police Station,Kota,Open,Crime Branch,DOC01243,0.97,2025-05-31 07:45:52,2025-06-03 13:45:52
C00281,FIR/2026/8957,Organized Crime,Money Laundering,2026-06-09,2026-05-29,L00025,Pune Central Police Station,Kanpur,Open,Crime Branch,DOC00632,0.87,2026-08-14 05:30:20,2026-08-29 21:54:34
C00282,FIR/2025/8909,Organized Crime,Cybercrime,2025-07-15,2025-07-08,L02280,Jaipur Central Police Station,Jabalpur,Under Investigation,Local Police,DOC01806,0.95,2026-07-23 21:50:31,2026-08-17 02:50:31
C00283,FIR/2026/8409,Cyber,Assault,2026-01-08,2026-01-05,L01802,Bengaluru Central Police Station,Jabalpur,Pending Trial,Crime Branch,DOC00734,0.97,2026-03-18 13:37:01,2026-04-10 15:37:01
C00284,FIR/2026/6600,Criminal,Smuggling,2026-05-05,2026-04-16,L02366,Gurugram Central Police Station,Gwalior,Under Investigation,Crime Branch,DOC02773,0.82,2025-03-08 16:41:40,2025-05-09 04:32:59
C00285,FIR/2024/2929,Criminal,Forgery,2024-05-22,2024-05-20,L01272,Gwalior Central Police Station,Nagpur,Closed,Local Police,DOC00984,0.97,2024-02-12 17:03:30,2026-03-18 18:33:21
C00286,FIR/2025/4838,Economic,Smuggling,2025-02-07,2025-01-18,L02074,Dewas Central Police Station,Kota,Under Investigation,Cyber Cell,DOC00299,0.87,2024-09-25 19:53:19,2025-06-03 20:56:27
C00287,FIR/2025/0616,Organized Crime,Money Laundering,2025-06-09,2025-05-22,L01198,Lucknow Central Police Station,Nagpur,Open,Local Police,DOC00348,0.85,2025-02-22 20:19:37,2026-05-28 16:51:25
C00288,FIR/2024/4347,Criminal,Cybercrime,2024-05-01,2024-04-05,L01107,Hyderabad Central Police Station,Gurugram,Closed,Local Police,DOC01794,0.89,2024-04-10 23:55:38,2024-09-03 02:09:33
C00289,FIR/2025/2335,Criminal,Extortion,2025-08-09,2025-08-07,L00548,Jabalpur Central Police Station,Delhi,Open,Cyber Cell,DOC02510,0.85,2026-05-27 13:26:25,2026-06-08 20:51:14
C00290,FIR/2025/7497,Organized Crime,Extortion,2025-03-02,2025-03-01,L00762,Kota Central Police Station,Kota,Pending Trial,Economic Offences Unit,DOC02842,0.95,2026-07-31 12:32:46,2026-08-28 06:32:46
C00291,FIR/2024/5528,Organized Crime,Cybercrime,2024-12-18,2024-12-10,L00315,Bhopal Central Police Station,Mumbai,Pending Trial,Economic Offences Unit,DOC02654,0.84,2025-06-10 17:40:31,2025-06-27 20:40:31
C00292,FIR/2024/5857,Cyber,Extortion,2024-08-19,2024-08-01,L00659,Delhi Central Police Station,Jabalpur,Under Investigation,Local Police,DOC02777,0.85,2024-08-05 11:18:16,2025-11-19 10:24:28
C00293,FIR/2025/6577,Criminal,Forgery,2025-03-11,2025-02-28,L00548,Hyderabad Central Police Station,Mumbai,Pending Trial,Cyber Cell,DOC01182,0.95,2026-05-02 06:30:15,2026-05-17 02:30:15
C00294,FIR/2025/5461,Organized Crime,Illegal Gambling,2025-11-21,2025-11-18,L01095,Lucknow Central Police Station,Dewas,Open,Local Police,DOC00043,0.9,2025-08-28 00:54:47,2026-06-17 10:22:38
C00295,FIR/2025/8179,Cyber,Forgery,2025-12-01,2025-11-19,L00096,Bengaluru Central Police Station,Gurugram,Open,Cyber Cell,DOC02680,0.97,2025-04-04 03:55:47,2026-02-13 20:53:14
C00296,FIR/2025/2860,Criminal,Cybercrime,2025-11-01,2025-10-20,L01910,Bhopal Central Police Station,Bengaluru,Open,Local Police,DOC02827,0.97,2025-07-08 01:00:36,2025-07-08 05:00:36
C00297,FIR/2024/0832,Cyber,Cybercrime,2024-11-04,2024-10-05,L00327,Gurugram Central Police Station,Kanpur,Open,Economic Offences Unit,DOC00188,0.88,2024-05-29 18:25:07,2024-06-06 19:25:07
C00298,FIR/2025/6726,Organized Crime,Burglary,2025-02-12,2025-02-01,L00101,Jaipur Central Police Station,Lucknow,Pending Trial,Cyber Cell,DOC01662,0.96,2025-05-11 01:14:49,2026-08-08 05:31:42
C00299,FIR/2025/9428,Cyber,Assault,2025-10-12,2025-10-09,L00153,Nagpur Central Police Station,Lucknow,Under Investigation,Cyber Cell,DOC02924,0.96,2026-02-17 01:54:25,2026-03-08 09:54:25
C00300,FIR/2025/2292,Cyber,Assault,2025-08-23,2025-07-25,L00817,Gurugram Central Police Station,Mumbai,Pending Trial,Local Police,DOC02294,0.98,2024-06-01 22:09:14,2026-03-17 05:18:01
C00301,FIR/2026/8107,Organized Crime,Illegal Gambling,2026-03-14,2026-03-04,L00539,Jaipur Central Police Station,Gurugram,Pending Trial,Local Police,DOC02478,0.83,2026-02-15 02:28:40,2026-04-26 04:26:54
C00302,FIR/2024/2336,Cyber,Smuggling,2024-06-04,2024-05-07,L00105,Jabalpur Central Police Station,Surat,Open,Cyber Cell,DOC02634,0.9,2025-12-21 15:24:35,2025-12-22 01:24:35
C00303,FIR/2024/0340,Criminal,Fraud,2025-01-03,2024-12-20,L01238,Indore Central Police Station,Nagpur,Open,Economic Offences Unit,DOC00294,0.88,2025-01-06 18:44:52,2025-01-11 13:44:52
C00304,FIR/2026/9890,Criminal,Extortion,2026-06-04,2026-05-09,L00168,Lucknow Central Police Station,Jabalpur,Pending Trial,Economic Offences Unit,DOC00203,0.9,2026-08-09 05:23:39,2026-08-24 05:23:39
C00305,FIR/2025/7484,Economic,Robbery,2025-09-14,2025-08-19,L02029,Bengaluru Central Police Station,Gurugram,Open,Cyber Cell,DOC00057,0.84,2024-03-20 12:20:06,2025-07-25 23:06:59
C00306,FIR/2025/3854,Economic,Money Laundering,2025-02-28,2025-02-05,L00711,Kanpur Central Police Station,Indore,Pending Trial,Local Police,DOC02041,0.87,2026-07-03 00:20:51,2026-07-17 21:20:51
C00307,FIR/2025/4811,Criminal,Burglary,2026-01-05,2025-12-06,L01982,Ujjain Central Police Station,Jabalpur,Under Investigation,Crime Branch,DOC01134,0.88,2024-08-20 06:53:57,2024-09-13 12:53:57
C00308,FIR/2024/8986,Organized Crime,Illegal Gambling,2024-12-27,2024-12-13,L01796,Jaipur Central Police Station,Bengaluru,Under Investigation,Cyber Cell,DOC02368,0.94,2024-10-28 17:36:44,2024-11-19 12:36:44
C00309,FIR/2026/0636,Organized Crime,Forgery,2026-08-10,2026-08-06,L01035,Lucknow Central Police Station,Mumbai,Open,Economic Offences Unit,DOC00328,0.86,2025-09-12 12:20:52,2026-03-08 23:50:17
C00310,FIR/2026/7906,Economic,Money Laundering,2026-08-05,2026-07-26,L00323,Kanpur Central Police Station,Pune,Open,Cyber Cell,DOC01991,0.9,2026-06-30 04:14:42,2026-07-04 12:14:42
C00311,FIR/2024/2439,Criminal,Money Laundering,2024-08-26,2024-07-31,L02369,Pune Central Police Station,Indore,Pending Trial,Local Police,DOC02340,0.85,2025-03-10 00:31:59,2025-04-01 19:31:59
C00312,FIR/2024/3296,Cyber,Robbery,2024-12-08,2024-11-09,L02326,Ujjain Central Police Station,Surat,Closed,Crime Branch,DOC02099,0.96,2026-06-23 13:19:27,2026-07-19 07:19:27
C00313,FIR/2025/9306,Cyber,Illegal Gambling,2025-12-05,2025-11-22,L00523,Jabalpur Central Police Station,Lucknow,Under Investigation,Local Police,DOC01079,0.81,2026-04-08 18:16:37,2026-04-09 02:16:37
C00314,FIR/2024/4963,Criminal,Vehicle Theft,2024-11-11,2024-10-20,L01719,Lucknow Central Police Station,Bengaluru,Open,Local Police,DOC01668,0.89,2025-08-07 00:27:02,2026-03-22 08:38:57
C00315,FIR/2025/2574,Cyber,Robbery,2025-11-23,2025-11-15,L00178,Dewas Central Police Station,Kanpur,Open,Cyber Cell,DOC02169,0.93,2025-08-25 17:30:41,2026-05-17 23:37:18
C00316,FIR/2025/7136,Organized Crime,Assault,2025-12-28,2025-12-13,L00390,Bhopal Central Police Station,Indore,Open,Local Police,DOC02522,0.8,2025-08-06 21:16:15,2025-08-20 23:16:15
C00317,FIR/2025/8727,Cyber,Money Laundering,2025-05-13,2025-04-17,L01737,Kanpur Central Police Station,Kota,Pending Trial,Crime Branch,DOC00764,0.92,2026-05-07 02:40:50,2026-05-26 02:27:05
C00318,FIR/2026/9251,Economic,Vehicle Theft,2026-07-02,2026-06-12,L02014,Indore Central Police Station,Ahmedabad,Under Investigation,Local Police,DOC00414,0.87,2025-04-22 07:20:54,2026-02-13 04:57:48
C00319,FIR/2024/3927,Cyber,Vehicle Theft,2024-04-01,2024-03-05,L00685,Pune Central Police Station,Ujjain,Open,Crime Branch,DOC00978,0.93,2024-05-16 01:27:36,2026-01-29 08:42:41
C00320,FIR/2025/4040,Cyber,Robbery,2025-04-19,2025-04-10,L02172,Dewas Central Police Station,Indore,Pending Trial,Cyber Cell,DOC00578,0.95,2026-07-21 17:30:57,2026-08-09 13:30:57
C00321,FIR/2024/7858,Criminal,Illegal Gambling,2024-08-28,2024-08-14,L01541,Surat Central Police Station,Hyderabad,Open,Cyber Cell,DOC01551,0.89,2024-08-30 15:56:18,2024-10-08 05:34:42
C00322,FIR/2025/8457,Cyber,Burglary,2025-10-31,2025-10-19,L02008,Indore Central Police Station,Hyderabad,Closed,Crime Branch,DOC02313,0.89,2024-04-21 01:13:33,2024-08-26 05:23:00
C00323,FIR/2025/2989,Economic,Cybercrime,2025-07-07,2025-06-19,L02215,Lucknow Central Police Station,Ahmedabad,Under Investigation,Local Police,DOC00794,0.83,2025-04-24 11:20:33,2025-05-23 16:20:33
C00324,FIR/2025/9663,Economic,Assault,2025-10-30,2025-10-21,L01598,Ahmedabad Central Police Station,Indore,Open,Cyber Cell,DOC01886,0.9,2025-01-31 06:25:53,2025-02-15 10:25:53
C00325,FIR/2025/5743,Cyber,Cybercrime,2025-10-04,2025-10-03,L00062,Dewas Central Police Station,Mumbai,Pending Trial,Crime Branch,DOC01106,0.89,2026-02-16 17:02:44,2026-03-01 04:02:44
C00326,FIR/2024/5366,Cyber,Cybercrime,2024-06-18,2024-06-04,L00830,Ujjain Central Police Station,Surat,Under Investigation,Economic Offences Unit,DOC01291,0.89,2024-10-19 15:42:03,2024-12-31 01:19:21
C00327,FIR/2024/2432,Criminal,Illegal Gambling,2024-11-10,2024-11-03,L00443,Indore Central Police Station,Gurugram,Under Investigation,Cyber Cell,DOC02262,0.8,2024-09-03 11:39:45,2025-09-26 22:03:41
C00328,FIR/2025/6213,Economic,Robbery,2025-06-19,2025-05-30,L01285,Pune Central Police Station,Gwalior,Open,Cyber Cell,DOC01508,0.96,2025-06-03 01:47:42,2025-06-11 23:47:42
C00329,FIR/2026/5624,Criminal,Robbery,2026-02-02,2026-01-27,L01428,Bhopal Central Police Station,Indore,Pending Trial,Economic Offences Unit,DOC00492,0.96,2024-12-24 22:02:03,2024-12-28 03:02:03
C00330,FIR/2025/1453,Criminal,Fraud,2025-01-17,2025-01-11,L02108,Mumbai Central Police Station,Lucknow,Under Investigation,Cyber Cell,DOC00723,0.95,2025-08-15 15:39:12,2026-05-27 12:57:55
C00331,FIR/2026/5340,Economic,Smuggling,2026-03-26,2026-03-17,L01805,Pune Central Police Station,Ujjain,Under Investigation,Cyber Cell,DOC00295,0.87,2025-11-01 03:48:19,2026-04-11 13:33:54
C00332,FIR/2024/3943,Organized Crime,Burglary,2024-03-13,2024-03-08,L02429,Nagpur Central Police Station,Surat,Open,Crime Branch,DOC00074,0.82,2024-10-19 06:37:29,2025-03-13 14:02:38
C00333,FIR/2024/4565,Criminal,Illegal Gambling,2024-10-11,2024-09-12,L00292,Nagpur Central Police Station,Delhi,Closed,Crime Branch,DOC01577,0.82,2024-03-18 22:00:02,2026-01-04 11:22:21
C00334,FIR/2024/7318,Cyber,Vehicle Theft,2024-09-09,2024-08-11,L00733,Mumbai Central Police Station,Jabalpur,Closed,Economic Offences Unit,DOC02360,0.9,2026-08-07 06:10:34,2026-08-30 16:10:34
C00335,FIR/2024/3404,Criminal,Robbery,2024-03-22,2024-02-26,L01406,Indore Central Police Station,Surat,Open,Crime Branch,DOC01601,0.85,2025-09-29 07:41:08,2025-10-14 17:41:08
C00336,FIR/2025/2285,Criminal,Assault,2025-04-03,2025-03-22,L00214,Indore Central Police Station,Mumbai,Open,Crime Branch,DOC02295,0.9,2026-04-15 03:31:40,2026-05-04 04:31:40
C00337,FIR/2025/0192,Criminal,Illegal Gambling,2025-12-31,2025-12-24,L00274,Ahmedabad Central Police Station,Surat,Open,Economic Offences Unit,DOC01246,0.93,2024-11-06 09:31:48,2026-05-07 12:57:22
C00338,FIR/2025/8801,Economic,Smuggling,2025-07-28,2025-07-24,L01402,Surat Central Police Station,Vadodara,Closed,Local Police,DOC02700,0.92,2024-10-07 00:23:45,2024-10-24 09:23:45
C00339,FIR/2024/4614,Cyber,Fraud,2024-02-14,2024-01-31,L00653,Surat Central Police Station,Lucknow,Closed,Economic Offences Unit,DOC02041,0.9,2024-08-19 13:21:04,2024-08-29 14:21:04
C00340,FIR/2025/1627,Economic,Vehicle Theft,2025-11-26,2025-11-25,L00732,Pune Central Police Station,Bengaluru,Under Investigation,Crime Branch,DOC00705,0.93,2026-04-30 23:00:24,2026-05-13 08:00:24
C00341,FIR/2024/3044,Criminal,Extortion,2024-05-31,2024-05-12,L02302,Gwalior Central Police Station,Kota,Open,Crime Branch,DOC01250,0.88,2024-06-14 07:39:33,2024-06-20 16:39:33
C00342,FIR/2026/4399,Organized Crime,Smuggling,2026-07-09,2026-06-09,L00119,Kota Central Police Station,Kanpur,Closed,Crime Branch,DOC01419,0.81,2026-01-13 20:04:03,2026-02-07 20:04:03
C00343,FIR/2026/1416,Cyber,Fraud,2026-06-14,2026-05-16,L02427,Ahmedabad Central Police Station,Jaipur,Under Investigation,Local Police,DOC01591,0.86,2025-10-02 23:20:11,2025-10-08 18:20:11
C00344,FIR/2024/4935,Cyber,Vehicle Theft,2024-10-15,2024-09-25,L00954,Mumbai Central Police Station,Jaipur,Under Investigation,Crime Branch,DOC02071,0.94,2025-07-08 14:15:56,2025-08-01 06:15:56
C00345,FIR/2026/3423,Organized Crime,Money Laundering,2026-05-02,2026-04-08,L01332,Bengaluru Central Police Station,Delhi,Under Investigation,Local Police,DOC02054,0.93,2026-06-02 02:01:09,2026-06-18 16:01:09
C00346,FIR/2024/6649,Cyber,Vehicle Theft,2024-03-15,2024-02-21,L00310,Jabalpur Central Police Station,Delhi,Under Investigation,Crime Branch,DOC00508,0.97,2024-08-28 08:07:52,2025-11-25 07:18:57
C00347,FIR/2026/3639,Organized Crime,Money Laundering,2026-04-14,2026-03-29,L02418,Delhi Central Police Station,Delhi,Closed,Local Police,DOC01822,0.97,2026-05-14 00:40:38,2026-05-29 06:40:38
C00348,FIR/2025/6404,Criminal,Burglary,2025-06-23,2025-06-19,L01508,Lucknow Central Police Station,Surat,Open,Crime Branch,DOC00856,0.89,2024-10-17 16:11:12,2026-01-29 13:55:25
C00349,FIR/2026/4106,Criminal,Forgery,2026-06-22,2026-05-27,L01019,Ujjain Central Police Station,Jaipur,Under Investigation,Economic Offences Unit,DOC00137,0.85,2025-10-27 00:09:41,2025-11-01 04:09:41
C00350,FIR/2026/0549,Criminal,Assault,2026-07-07,2026-06-08,L00865,Bengaluru Central Police Station,Delhi,Closed,Cyber Cell,DOC00882,0.94,2025-04-05 03:33:21,2025-04-24 01:33:21
C00351,FIR/2025/6554,Criminal,Robbery,2025-05-29,2025-05-17,L01690,Vadodara Central Police Station,Gwalior,Pending Trial,Economic Offences Unit,DOC02908,0.86,2025-03-12 18:30:11,2025-04-06 17:30:11
C00352,FIR/2024/2100,Criminal,Robbery,2024-09-24,2024-09-22,L00826,Jaipur Central Police Station,Hyderabad,Under Investigation,Economic Offences Unit,DOC01398,0.86,2025-03-25 19:44:45,2025-04-15 23:44:45
C00353,FIR/2026/8464,Organized Crime,Vehicle Theft,2026-06-10,2026-05-11,L01070,Delhi Central Police Station,Jabalpur,Under Investigation,Local Police,DOC02728,0.93,2024-02-16 05:39:43,2025-09-06 00:09:27
C00354,FIR/2025/6014,Cyber,Cybercrime,2025-03-09,2025-02-17,L00579,Jabalpur Central Police Station,Dewas,Pending Trial,Crime Branch,DOC00299,0.94,2024-08-06 19:21:59,2026-02-08 14:47:39
C00355,FIR/2026/6082,Cyber,Forgery,2026-05-24,2026-05-07,L02291,Mumbai Central Police Station,Kanpur,Pending Trial,Crime Branch,DOC02713,0.91,2026-07-10 22:25:17,2026-07-29 00:25:17
C00356,FIR/2024/6470,Economic,Smuggling,2024-07-10,2024-07-03,L01861,Gurugram Central Police Station,Bengaluru,Closed,Crime Branch,DOC02170,0.91,2024-02-09 09:55:39,2026-07-19 02:07:26
C00357,FIR/2026/8755,Economic,Smuggling,2026-06-03,2026-05-24,L02491,Jabalpur Central Police Station,Jaipur,Open,Economic Offences Unit,DOC02788,0.81,2024-01-05 01:34:06,2024-08-29 12:00:55
C00358,FIR/2024/3389,Organized Crime,Burglary,2024-09-13,2024-08-15,L02433,Hyderabad Central Police Station,Ahmedabad,Pending Trial,Local Police,DOC00707,0.97,2024-12-15 00:01:55,2025-10-13 23:24:07
C00359,FIR/2025/9228,Economic,Money Laundering,2025-09-23,2025-08-28,L01308,Bhopal Central Police Station,Jabalpur,Under Investigation,Cyber Cell,DOC01754,0.93,2025-08-31 05:10:24,2025-09-11 01:10:24
C00360,FIR/2026/7280,Economic,Illegal Gambling,2026-05-02,2026-04-25,L01926,Bengaluru Central Police Station,Gurugram,Under Investigation,Local Police,DOC01420,0.93,2024-10-14 19:45:41,2026-06-15 14:17:47
C00361,FIR/2024/3172,Organized Crime,Burglary,2024-07-20,2024-06-29,L00734,Surat Central Police Station,Ahmedabad,Pending Trial,Cyber Cell,DOC00204,0.88,2025-03-01 17:46:13,2025-03-22 16:46:13
C00362,FIR/2024/2522,Cyber,Robbery,2024-12-07,2024-12-02,L01044,Hyderabad Central Police Station,Surat,Pending Trial,Local Police,DOC02192,0.86,2025-09-12 18:53:31,2025-10-02 10:53:31
C00363,FIR/2025/1688,Economic,Robbery,2026-01-02,2025-12-25,L02499,Ujjain Central Police Station,Mumbai,Closed,Cyber Cell,DOC01523,0.82,2026-07-07 14:29:28,2026-08-04 14:29:28
C00364,FIR/2026/1465,Criminal,Money Laundering,2026-03-05,2026-03-05,L01395,Ahmedabad Central Police Station,Pune,Open,Crime Branch,DOC00182,0.86,2025-07-25 05:26:30,2025-07-27 07:26:30
C00365,FIR/2026/9584,Economic,Burglary,2026-05-27,2026-05-17,L01992,Jabalpur Central Police Station,Indore,Open,Cyber Cell,DOC02842,0.84,2024-09-25 20:30:09,2026-05-12 16:49:07
C00366,FIR/2026/7642,Cyber,Money Laundering,2026-08-24,2026-08-08,L01920,Bengaluru Central Police Station,Vadodara,Under Investigation,Local Police,DOC02807,0.95,2024-10-24 08:37:27,2025-02-17 00:26:35
C00367,FIR/2024/0728,Economic,Cybercrime,2024-02-28,2024-02-05,L00755,Indore Central Police Station,Ahmedabad,Open,Crime Branch,DOC01233,0.9,2025-04-29 05:39:44,2025-05-03 12:39:44
C00368,FIR/2025/3016,Organized Crime,Burglary,2025-11-06,2025-10-23,L00689,Ujjain Central Police Station,Gurugram,Pending Trial,Cyber Cell,DOC00127,0.91,2026-08-23 18:19:42,2026-08-28 16:19:42
C00369,FIR/2026/6017,Organized Crime,Cybercrime,2026-06-11,2026-05-18,L00677,Gwalior Central Police Station,Lucknow,Under Investigation,Cyber Cell,DOC02589,0.98,2025-05-29 14:29:03,2026-01-31 14:55:30
C00370,FIR/2024/3206,Organized Crime,Assault,2024-05-18,2024-04-28,L02417,Mumbai Central Police Station,Hyderabad,Pending Trial,Economic Offences Unit,DOC00446,0.96,2026-05-22 19:43:58,2026-06-01 04:43:58
C00371,FIR/2026/9137,Economic,Forgery,2026-01-25,2026-01-25,L01804,Kota Central Police Station,Jabalpur,Under Investigation,Economic Offences Unit,DOC01788,0.88,2024-04-07 14:56:44,2025-01-05 02:37:02
C00372,FIR/2024/5714,Economic,Illegal Gambling,2024-08-06,2024-08-04,L00494,Pune Central Police Station,Dewas,Closed,Cyber Cell,DOC00504,0.9,2024-11-04 16:42:44,2026-02-09 12:26:08
C00373,FIR/2024/7238,Criminal,Money Laundering,2024-04-18,2024-03-19,L00974,Jaipur Central Police Station,Jabalpur,Pending Trial,Crime Branch,DOC01751,0.94,2025-05-26 12:55:27,2026-07-07 03:04:22
C00374,FIR/2025/3441,Economic,Robbery,2025-03-09,2025-02-17,L00477,Bhopal Central Police Station,Nagpur,Open,Crime Branch,DOC01826,0.81,2025-12-04 10:08:57,2026-04-27 15:22:02
C00375,FIR/2025/8354,Organized Crime,Extortion,2025-11-13,2025-11-03,L01262,Hyderabad Central Police Station,Bengaluru,Pending Trial,Cyber Cell,DOC01874,0.98,2024-12-30 10:23:20,2026-01-07 08:12:08
C00376,FIR/2024/6953,Economic,Robbery,2024-12-08,2024-11-19,L01744,Dewas Central Police Station,Lucknow,Pending Trial,Crime Branch,DOC00018,0.95,2024-08-10 18:08:49,2025-02-18 18:04:38
C00377,FIR/2025/6166,Criminal,Illegal Gambling,2025-08-02,2025-07-03,L00764,Ujjain Central Police Station,Bhopal,Closed,Local Police,DOC02990,0.82,2025-10-08 03:33:33,2025-10-26 20:33:33
C00378,FIR/2025/5435,Economic,Money Laundering,2025-03-09,2025-03-06,L02265,Mumbai Central Police Station,Mumbai,Under Investigation,Local Police,DOC01943,0.81,2024-06-14 13:43:57,2024-10-15 08:16:35
C00379,FIR/2024/6619,Organized Crime,Burglary,2024-12-13,2024-12-09,L01444,Delhi Central Police Station,Gurugram,Open,Economic Offences Unit,DOC02152,0.89,2026-08-07 21:32:52,2026-08-24 01:46:42
C00380,FIR/2026/4713,Economic,Burglary,2026-08-29,2026-07-30,L01368,Bengaluru Central Police Station,Hyderabad,Open,Economic Offences Unit,DOC02658,0.94,2025-05-04 12:11:49,2025-05-19 02:11:49
C00381,FIR/2025/6726,Economic,Burglary,2025-11-14,2025-11-07,L01629,Kota Central Police Station,Kota,Under Investigation,Crime Branch,DOC02322,0.96,2026-03-14 22:50:49,2026-03-22 15:50:49
C00382,FIR/2024/0554,Organized Crime,Assault,2024-06-12,2024-05-30,L00911,Bengaluru Central Police Station,Pune,Under Investigation,Crime Branch,DOC01326,0.96,2025-07-15 01:21:03,2025-08-26 14:26:16
C00383,FIR/2024/1444,Organized Crime,Money Laundering,2024-11-03,2024-10-15,L01168,Ujjain Central Police Station,Lucknow,Closed,Crime Branch,DOC02592,0.87,2024-06-14 11:03:23,2026-08-21 10:55:27
C00384,FIR/2024/9227,Cyber,Forgery,2024-11-15,2024-10-31,L02416,Bhopal Central Police Station,Jaipur,Open,Economic Offences Unit,DOC02439,0.8,2025-06-16 16:23:40,2025-06-28 04:23:40
C00385,FIR/2024/3260,Criminal,Cybercrime,2024-11-05,2024-10-30,L02247,Pune Central Police Station,Bhopal,Pending Trial,Cyber Cell,DOC02036,0.87,2024-06-12 14:08:29,2024-07-12 14:08:29
C00386,FIR/2025/7739,Organized Crime,Forgery,2025-12-26,2025-12-02,L02361,Vadodara Central Police Station,Surat,Open,Crime Branch,DOC01754,0.95,2026-04-01 21:28:22,2026-04-24 04:28:22
C00387,FIR/2025/6530,Organized Crime,Assault,2025-06-05,2025-05-17,L02469,Bengaluru Central Police Station,Kanpur,Pending Trial,Crime Branch,DOC01742,0.83,2025-05-08 19:16:38,2026-02-16 04:32:23
C00388,FIR/2024/7126,Economic,Forgery,2024-04-05,2024-03-22,L00046,Ahmedabad Central Police Station,Gurugram,Under Investigation,Local Police,DOC01186,0.8,2026-02-24 15:51:05,2026-02-27 16:51:05
C00389,FIR/2024/6073,Criminal,Illegal Gambling,2024-06-01,2024-05-23,L01944,Pune Central Police Station,Gwalior,Open,Crime Branch,DOC00963,0.94,2025-08-18 11:21:13,2025-09-13 02:21:13
C00390,FIR/2024/7704,Cyber,Burglary,2024-07-11,2024-07-04,L00995,Pune Central Police Station,Delhi,Open,Crime Branch,DOC01332,0.92,2024-12-16 01:36:31,2025-02-16 19:32:19
C00391,FIR/2024/3036,Organized Crime,Robbery,2024-04-11,2024-03-30,L00815,Ahmedabad Central Police Station,Indore,Pending Trial,Cyber Cell,DOC01240,0.93,2024-07-11 14:49:38,2026-03-05 19:26:25
C00392,FIR/2025/5200,Economic,Extortion,2025-04-09,2025-03-28,L01181,Nagpur Central Police Station,Vadodara,Open,Crime Branch,DOC02323,0.83,2024-03-15 17:47:43,2024-04-12 08:47:43
C00393,FIR/2025/0675,Criminal,Money Laundering,2025-06-03,2025-05-10,L02010,Mumbai Central Police Station,Gurugram,Pending Trial,Crime Branch,DOC02563,0.85,2025-11-18 20:16:52,2025-11-27 17:16:52
C00394,FIR/2025/4986,Economic,Burglary,2025-11-24,2025-11-03,L01912,Gurugram Central Police Station,Kota,Under Investigation,Local Police,DOC02186,0.9,2024-10-12 09:08:12,2025-01-22 06:38:32
C00395,FIR/2024/7961,Criminal,Cybercrime,2024-06-19,2024-06-01,L01534,Dewas Central Police Station,Bengaluru,Closed,Cyber Cell,DOC01790,0.9,2024-04-05 04:12:36,2026-05-01 03:11:15
C00396,FIR/2024/3450,Criminal,Fraud,2024-07-27,2024-07-27,L00087,Lucknow Central Police Station,Nagpur,Closed,Economic Offences Unit,DOC01399,0.92,2025-01-29 05:40:34,2025-02-11 16:40:34
C00397,FIR/2024/2430,Cyber,Extortion,2024-08-29,2024-08-20,L00596,Pune Central Police Station,Hyderabad,Closed,Economic Offences Unit,DOC02594,0.81,2024-11-28 14:08:35,2025-12-22 08:54:09
C00398,FIR/2025/6908,Criminal,Vehicle Theft,2025-10-28,2025-10-03,L01339,Lucknow Central Police Station,Lucknow,Closed,Economic Offences Unit,DOC02491,0.83,2025-05-10 19:41:53,2026-04-05 09:43:53
C00399,FIR/2024/3391,Economic,Assault,2024-07-06,2024-06-28,L00542,Gwalior Central Police Station,Kanpur,Closed,Local Police,DOC01142,0.84,2025-04-16 14:54:05,2025-05-15 03:54:05
C00400,FIR/2025/1191,Criminal,Extortion,2025-06-28,2025-06-04,L00459,Hyderabad Central Police Station,Jaipur,Under Investigation,Crime Branch,DOC02610,0.93,2025-07-06 08:04:57,2025-07-21 03:04:57
C00401,FIR/2026/4899,Economic,Smuggling,2026-06-03,2026-05-19,L00291,Nagpur Central Police Station,Mumbai,Under Investigation,Cyber Cell,DOC00783,0.84,2024-04-02 02:21:53,2024-11-18 16:51:04
C00402,FIR/2024/8962,Organized Crime,Robbery,2024-07-04,2024-06-26,L00129,Delhi Central Police Station,Dewas,Open,Economic Offences Unit,DOC01504,0.94,2024-09-12 17:56:15,2025-07-24 03:16:40
C00403,FIR/2024/1617,Organized Crime,Burglary,2024-11-29,2024-11-21,L01693,Gurugram Central Police Station,Hyderabad,Pending Trial,Economic Offences Unit,DOC00838,0.97,2025-04-25 12:04:00,2025-07-19 23:56:17
C00404,FIR/2024/9211,Criminal,Forgery,2024-05-18,2024-05-02,L02249,Dewas Central Police Station,Lucknow,Under Investigation,Crime Branch,DOC00046,0.84,2026-08-26 20:49:41,2026-09-04 14:49:41
C00405,FIR/2025/1782,Economic,Burglary,2025-09-16,2025-09-04,L01679,Hyderabad Central Police Station,Kanpur,Under Investigation,Local Police,DOC02112,0.84,2025-04-23 20:23:06,2026-02-09 10:02:49
C00406,FIR/2024/9564,Cyber,Forgery,2024-10-15,2024-09-25,L02323,Mumbai Central Police Station,Gurugram,Open,Cyber Cell,DOC00431,0.91,2024-06-07 15:49:31,2025-06-01 18:48:45
C00407,FIR/2026/4962,Economic,Robbery,2026-07-14,2026-06-18,L00843,Bhopal Central Police Station,Vadodara,Open,Economic Offences Unit,DOC01758,0.81,2024-12-24 02:11:16,2025-07-03 15:08:49
C00408,FIR/2026/6704,Economic,Vehicle Theft,2026-05-05,2026-04-11,L01898,Gurugram Central Police Station,Jaipur,Closed,Local Police,DOC00096,0.92,2025-04-25 15:46:53,2026-07-13 18:52:51
C00409,FIR/2026/3722,Criminal,Fraud,2026-02-13,2026-02-09,L01150,Bengaluru Central Police Station,Jabalpur,Under Investigation,Cyber Cell,DOC00442,0.86,2026-03-16 22:12:53,2026-03-18 22:12:53
C00410,FIR/2025/3267,Cyber,Cybercrime,2025-02-08,2025-02-08,L00792,Bengaluru Central Police Station,Ahmedabad,Under Investigation,Economic Offences Unit,DOC01799,0.94,2024-10-06 12:44:54,2026-02-15 22:55:10
C00411,FIR/2025/7461,Organized Crime,Smuggling,2025-12-12,2025-12-04,L01958,Gurugram Central Police Station,Gwalior,Pending Trial,Local Police,DOC02966,0.93,2025-02-28 16:58:09,2025-05-30 02:16:08
C00412,FIR/2026/3536,Criminal,Money Laundering,2026-04-23,2026-04-18,L00153,Kota Central Police Station,Indore,Pending Trial,Cyber Cell,DOC01496,0.91,2024-08-12 17:05:38,2024-12-28 05:30:19
C00413,FIR/2025/4102,Criminal,Illegal Gambling,2025-07-03,2025-06-26,L02244,Hyderabad Central Police Station,Surat,Closed,Cyber Cell,DOC01449,0.93,2024-10-05 07:49:44,2024-10-18 02:49:44
C00414,FIR/2024/2745,Organized Crime,Money Laundering,2024-09-25,2024-08-26,L02425,Pune Central Police Station,Gwalior,Open,Local Police,DOC02814,0.84,2025-06-30 13:29:18,2026-07-26 13:15:29
C00415,FIR/2026/0657,Criminal,Forgery,2026-05-08,2026-04-28,L01956,Indore Central Police Station,Kota,Open,Cyber Cell,DOC00210,0.89,2024-11-25 16:30:07,2025-05-15 20:30:25
C00416,FIR/2025/1773,Cyber,Vehicle Theft,2025-09-22,2025-09-16,L01535,Jabalpur Central Police Station,Surat,Closed,Economic Offences Unit,DOC02920,0.89,2026-08-16 18:55:34,2026-09-04 23:59:59
C00417,FIR/2025/8727,Criminal,Assault,2025-03-08,2025-02-07,L00410,Mumbai Central Police Station,Delhi,Pending Trial,Local Police,DOC01641,0.88,2026-04-07 05:35:50,2026-04-17 16:35:50
C00418,FIR/2024/6171,Cyber,Extortion,2025-01-05,2024-12-20,L02099,Vadodara Central Police Station,Ujjain,Open,Local Police,DOC02723,0.82,2025-05-10 07:59:37,2025-05-13 16:59:37
C00419,FIR/2026/2773,Cyber,Fraud,2026-08-06,2026-07-08,L01686,Surat Central Police Station,Mumbai,Under Investigation,Local Police,DOC01953,0.97,2026-01-14 02:04:42,2026-01-19 08:04:42
C00420,FIR/2025/8828,Organized Crime,Cybercrime,2025-12-29,2025-11-29,L01248,Jaipur Central Police Station,Indore,Open,Cyber Cell,DOC01735,0.85,2024-09-15 08:31:48,2026-07-20 20:47:03
C00421,FIR/2026/1748,Organized Crime,Extortion,2026-05-25,2026-05-12,L00144,Jabalpur Central Police Station,Vadodara,Open,Cyber Cell,DOC00427,0.94,2024-06-21 09:02:43,2026-01-25 15:18:27
C00422,FIR/2024/9060,Organized Crime,Extortion,2024-02-11,2024-02-10,L01266,Hyderabad Central Police Station,Mumbai,Open,Crime Branch,DOC01030,0.88,2024-01-19 04:09:31,2024-01-20 04:09:31
C00423,FIR/2024/5568,Cyber,Forgery,2024-03-19,2024-03-18,L01893,Jaipur Central Police Station,Ujjain,Open,Economic Offences Unit,DOC00019,0.84,2025-02-02 07:12:37,2025-07-15 04:39:56
C00424,FIR/2025/5576,Cyber,Illegal Gambling,2026-01-04,2025-12-07,L02056,Lucknow Central Police Station,Nagpur,Under Investigation,Crime Branch,DOC00278,0.94,2025-02-08 02:31:58,2025-11-09 00:47:54
C00425,FIR/2026/0066,Cyber,Smuggling,2026-03-02,2026-02-01,L00004,Vadodara Central Police Station,Gwalior,Open,Crime Branch,DOC01598,0.95,2024-06-15 05:52:11,2024-07-11 08:52:11
C00426,FIR/2026/7012,Organized Crime,Cybercrime,2026-02-28,2026-02-04,L01574,Bengaluru Central Police Station,Lucknow,Pending Trial,Local Police,DOC02735,0.95,2026-02-15 01:06:43,2026-03-10 05:06:43
C00427,FIR/2024/5769,Cyber,Smuggling,2024-03-10,2024-03-10,L02395,Hyderabad Central Police Station,Kota,Under Investigation,Crime Branch,DOC02375,0.95,2026-01-04 13:54:46,2026-02-09 13:07:25
C00428,FIR/2025/2781,Organized Crime,Fraud,2025-06-29,2025-06-13,L00640,Ahmedabad Central Police Station,Jabalpur,Open,Economic Offences Unit,DOC00647,0.87,2026-04-02 03:47:03,2026-04-15 16:47:03
C00429,FIR/2025/8754,Economic,Forgery,2025-09-03,2025-09-03,L01132,Kota Central Police Station,Gwalior,Open,Economic Offences Unit,DOC02917,0.91,2024-10-10 04:06:11,2026-06-21 17:48:21
C00430,FIR/2025/3295,Criminal,Robbery,2026-01-11,2025-12-31,L01791,Kanpur Central Police Station,Kanpur,Pending Trial,Cyber Cell,DOC00916,0.82,2026-02-21 17:59:36,2026-03-18 20:59:36
C00431,FIR/2026/7108,Economic,Cybercrime,2026-03-06,2026-02-12,L01788,Bengaluru Central Police Station,Indore,Pending Trial,Cyber Cell,DOC02771,0.87,2026-02-04 21:08:08,2026-02-05 18:36:51
C00432,FIR/2025/4338,Cyber,Money Laundering,2025-04-12,2025-04-08,L00738,Gurugram Central Police Station,Indore,Pending Trial,Local Police,DOC02726,0.92,2025-06-10 05:27:03,2025-06-29 22:27:03
C00433,FIR/2024/9626,Economic,Robbery,2024-07-09,2024-07-04,L02083,Gurugram Central Police Station,Mumbai,Open,Cyber Cell,DOC02040,0.93,2026-06-07 14:29:30,2026-06-19 20:29:30
C00434,FIR/2024/5976,Organized Crime,Illegal Gambling,2024-07-11,2024-07-07,L00389,Bengaluru Central Police Station,Mumbai,Closed,Cyber Cell,DOC00335,0.93,2025-04-05 22:22:46,2025-04-22 20:22:46
C00435,FIR/2024/6768,Criminal,Smuggling,2024-09-21,2024-08-23,L00072,Lucknow Central Police Station,Pune,Pending Trial,Cyber Cell,DOC01753,0.86,2025-04-04 18:36:59,2025-05-03 23:36:59
C00436,FIR/2024/5344,Economic,Illegal Gambling,2024-01-23,2024-01-21,L01271,Lucknow Central Police Station,Dewas,Under Investigation,Local Police,DOC00894,0.98,2024-08-13 17:12:23,2024-09-09 00:12:23
C00437,FIR/2026/4668,Economic,Cybercrime,2026-07-16,2026-07-07,L02099,Lucknow Central Police Station,Delhi,Pending Trial,Cyber Cell,DOC01642,0.84,2024-10-01 14:10:34,2025-11-19 19:11:36
C00438,FIR/2025/7024,Criminal,Vehicle Theft,2025-12-03,2025-11-14,L01237,Bhopal Central Police Station,Bengaluru,Closed,Crime Branch,DOC01231,0.89,2025-03-02 00:24:11,2026-03-27 08:33:42
C00439,FIR/2025/0497,Organized Crime,Robbery,2026-01-20,2025-12-26,L01988,Gwalior Central Police Station,Ujjain,Pending Trial,Cyber Cell,DOC00668,0.94,2025-07-01 18:11:05,2025-07-02 04:11:05
C00440,FIR/2025/8797,Economic,Smuggling,2026-01-15,2025-12-23,L01960,Pune Central Police Station,Delhi,Closed,Crime Branch,DOC00468,0.91,2025-03-14 16:12:11,2026-07-08 23:06:44
C00441,FIR/2026/9011,Organized Crime,Vehicle Theft,2026-06-06,2026-06-05,L01796,Pune Central Police Station,Jabalpur,Under Investigation,Local Police,DOC01347,0.88,2025-06-28 21:58:08,2025-07-07 10:58:08
C00442,FIR/2025/1799,Economic,Vehicle Theft,2025-10-17,2025-10-08,L00322,Indore Central Police Station,Jaipur,Open,Economic Offences Unit,DOC02535,0.85,2024-11-15 11:26:25,2024-11-29 09:26:25
C00443,FIR/2024/8675,Cyber,Forgery,2024-12-30,2024-12-09,L00371,Delhi Central Police Station,Gurugram,Closed,Cyber Cell,DOC01090,0.94,2025-08-14 14:36:56,2025-09-09 20:36:56
C00444,FIR/2024/7597,Organized Crime,Money Laundering,2024-06-29,2024-06-27,L02495,Gwalior Central Police Station,Ahmedabad,Under Investigation,Local Police,DOC01074,0.9,2025-09-21 19:03:27,2025-09-26 15:03:27
C00445,FIR/2024/3238,Economic,Vehicle Theft,2024-05-06,2024-04-09,L01529,Surat Central Police Station,Vadodara,Open,Economic Offences Unit,DOC02683,0.82,2025-07-09 14:09:40,2025-07-10 18:09:40
C00446,FIR/2026/9256,Organized Crime,Assault,2026-02-09,2026-01-17,L01880,Hyderabad Central Police Station,Surat,Closed,Crime Branch,DOC00127,0.91,2024-07-27 19:17:42,2026-08-27 17:23:36
C00447,FIR/2025/1489,Economic,Extortion,2025-07-08,2025-06-11,L00005,Delhi Central Police Station,Vadodara,Open,Cyber Cell,DOC01435,0.83,2025-08-07 18:32:29,2025-10-20 05:54:51
C00448,FIR/2024/2955,Economic,Money Laundering,2024-06-28,2024-06-07,L00100,Jabalpur Central Police Station,Bhopal,Open,Economic Offences Unit,DOC02335,0.88,2024-05-08 15:39:55,2026-07-04 12:01:24
C00449,FIR/2025/7431,Economic,Illegal Gambling,2025-02-21,2025-02-10,L01519,Bhopal Central Police Station,Pune,Closed,Cyber Cell,DOC02800,0.98,2025-12-10 03:57:18,2026-04-13 01:42:59
C00450,FIR/2024/7749,Criminal,Smuggling,2024-03-21,2024-03-05,L02067,Ahmedabad Central Police Station,Delhi,Closed,Crime Branch,DOC00989,0.85,2025-02-12 12:51:30,2026-04-28 08:35:41
C00451,FIR/2024/3083,Cyber,Fraud,2024-07-03,2024-06-15,L01894,Lucknow Central Police Station,Kota,Open,Cyber Cell,DOC00212,0.94,2025-06-06 20:42:30,2025-12-13 17:13:13
C00452,FIR/2024/5104,Organized Crime,Burglary,2024-02-20,2024-02-14,L02035,Delhi Central Police Station,Bhopal,Under Investigation,Economic Offences Unit,DOC00018,0.86,2025-09-20 15:56:04,2026-06-23 04:19:59
C00453,FIR/2025/1762,Cyber,Money Laundering,2025-05-02,2025-04-11,L00958,Jaipur Central Police Station,Bengaluru,Closed,Cyber Cell,DOC01681,0.85,2024-02-17 01:26:58,2024-10-23 22:24:46
C00454,FIR/2024/3042,Economic,Vehicle Theft,2024-10-20,2024-10-07,L00404,Mumbai Central Police Station,Vadodara,Under Investigation,Cyber Cell,DOC01565,0.86,2024-10-01 11:29:22,2024-10-19 09:29:22
C00455,FIR/2026/9619,Cyber,Forgery,2026-04-01,2026-03-04,L01733,Hyderabad Central Police Station,Nagpur,Under Investigation,Economic Offences Unit,DOC01739,0.83,2026-02-02 07:59:08,2026-06-20 11:48:38
C00456,FIR/2025/3753,Economic,Burglary,2025-04-01,2025-03-17,L02039,Surat Central Police Station,Lucknow,Under Investigation,Economic Offences Unit,DOC00498,0.85,2026-02-11 21:41:11,2026-03-08 12:41:11
C00457,FIR/2024/4154,Criminal,Illegal Gambling,2024-04-15,2024-04-09,L00961,Pune Central Police Station,Surat,Open,Crime Branch,DOC02243,0.89,2024-07-29 06:43:58,2024-08-18 16:43:58
C00458,FIR/2024/0252,Cyber,Fraud,2024-06-26,2024-06-15,L01742,Pune Central Police Station,Surat,Pending Trial,Cyber Cell,DOC02862,0.88,2024-01-28 21:56:56,2024-02-28 08:21:07
C00459,FIR/2026/6741,Organized Crime,Robbery,2026-04-29,2026-04-14,L02314,Ahmedabad Central Police Station,Delhi,Closed,Economic Offences Unit,DOC02061,0.96,2024-06-05 00:01:30,2025-04-24 16:34:46
C00460,FIR/2024/1422,Criminal,Robbery,2024-10-15,2024-09-25,L01707,Hyderabad Central Police Station,Gurugram,Closed,Cyber Cell,DOC00697,0.97,2026-01-29 11:17:22,2026-01-30 00:17:22
C00461,FIR/2024/5127,Cyber,Money Laundering,2024-02-03,2024-02-03,L01498,Ahmedabad Central Police Station,Bengaluru,Under Investigation,Local Police,DOC00234,0.93,2026-07-09 16:59:26,2026-08-05 22:59:26
C00462,FIR/2026/4784,Cyber,Forgery,2026-06-05,2026-05-30,L00880,Lucknow Central Police Station,Gurugram,Open,Local Police,DOC01737,0.8,2024-04-30 16:29:49,2025-03-06 22:17:19
C00463,FIR/2025/9316,Economic,Cybercrime,2025-02-02,2025-01-30,L01997,Kota Central Police Station,Nagpur,Open,Cyber Cell,DOC00376,0.95,2024-04-17 19:12:43,2024-10-11 01:07:50
C00464,FIR/2025/1259,Criminal,Extortion,2025-05-23,2025-05-07,L01904,Surat Central Police Station,Surat,Open,Economic Offences Unit,DOC02699,0.87,2025-08-09 17:10:49,2025-08-21 23:10:49
C00465,FIR/2024/9595,Criminal,Money Laundering,2025-01-21,2024-12-25,L00643,Jaipur Central Police Station,Mumbai,Pending Trial,Cyber Cell,DOC00382,0.98,2025-11-02 18:49:26,2025-11-24 15:49:26
C00466,FIR/2026/5601,Cyber,Burglary,2026-04-27,2026-04-12,L00047,Lucknow Central Police Station,Dewas,Pending Trial,Cyber Cell,DOC02306,0.89,2024-08-20 12:45:09,2024-08-24 22:45:09
C00467,FIR/2026/9933,Organized Crime,Assault,2026-07-11,2026-06-28,L01309,Ujjain Central Police Station,Bengaluru,Under Investigation,Crime Branch,DOC01359,0.87,2024-11-21 17:12:17,2025-12-05 15:30:30
C00468,FIR/2025/4307,Organized Crime,Cybercrime,2025-08-18,2025-07-24,L00399,Gurugram Central Police Station,Ahmedabad,Under Investigation,Economic Offences Unit,DOC01580,0.81,2024-08-24 18:25:59,2024-09-10 09:25:59
C00469,FIR/2026/8064,Cyber,Extortion,2026-02-10,2026-02-02,L01023,Dewas Central Police Station,Bhopal,Closed,Local Police,DOC02024,0.84,2024-07-24 17:09:53,2024-07-29 08:09:53
C00470,FIR/2024/6112,Economic,Illegal Gambling,2024-12-28,2024-12-15,L02281,Ahmedabad Central Police Station,Mumbai,Open,Economic Offences Unit,DOC01788,0.9,2024-11-18 12:01:17,2024-12-18 09:01:17
C00471,FIR/2025/3784,Organized Crime,Cybercrime,2025-02-01,2025-01-15,L00180,Nagpur Central Police Station,Ahmedabad,Closed,Cyber Cell,DOC01442,0.9,2024-09-16 07:02:52,2026-06-14 19:13:09
C00472,FIR/2025/9510,Criminal,Burglary,2025-03-21,2025-03-06,L01388,Gwalior Central Police Station,Jabalpur,Under Investigation,Local Police,DOC00120,0.95,2024-07-07 19:20:47,2024-07-23 06:53:24
C00473,FIR/2025/5966,Criminal,Smuggling,2025-01-28,2025-01-05,L02150,Pune Central Police Station,Pune,Closed,Cyber Cell,DOC00726,0.82,2025-06-14 08:42:39,2025-06-22 04:42:39
C00474,FIR/2026/7026,Criminal,Forgery,2026-05-20,2026-05-20,L00173,Bengaluru Central Police Station,Ujjain,Pending Trial,Economic Offences Unit,DOC02363,0.86,2025-10-03 18:41:36,2025-10-31 10:41:36
C00475,FIR/2024/6805,Economic,Forgery,2024-06-12,2024-06-07,L01106,Dewas Central Police Station,Gwalior,Under Investigation,Local Police,DOC00337,0.81,2026-03-13 21:56:36,2026-03-25 23:56:36
C00476,FIR/2025/8918,Criminal,Fraud,2025-02-09,2025-01-20,L02447,Ahmedabad Central Police Station,Gwalior,Closed,Crime Branch,DOC01969,0.94,2024-10-31 20:48:03,2026-07-27 17:07:58
C00477,FIR/2025/8861,Organized Crime,Fraud,2025-10-08,2025-09-14,L01951,Mumbai Central Police Station,Hyderabad,Under Investigation,Cyber Cell,DOC01941,0.98,2024-03-16 14:14:13,2026-01-20 10:42:49
C00478,FIR/2025/3966,Organized Crime,Vehicle Theft,2026-01-11,2025-12-23,L00290,Gwalior Central Police Station,Surat,Open,Cyber Cell,DOC00723,0.94,2025-02-25 06:02:01,2025-08-01 01:35:49
C00479,FIR/2025/4624,Economic,Extortion,2025-09-28,2025-09-06,L00495,Indore Central Police Station,Delhi,Closed,Cyber Cell,DOC02306,0.93,2026-05-31 21:20:45,2026-06-15 10:20:45
C00480,FIR/2024/7387,Cyber,Forgery,2024-08-12,2024-07-29,L01936,Vadodara Central Police Station,Surat,Closed,Cyber Cell,DOC01447,0.93,2026-07-05 17:30:34,2026-07-23 03:30:34
C00481,FIR/2025/3007,Economic,Burglary,2025-04-29,2025-04-15,L02110,Delhi Central Police Station,Jabalpur,Open,Economic Offences Unit,DOC02339,0.8,2025-09-27 20:40:06,2025-12-24 19:48:38
C00482,FIR/2025/3516,Economic,Forgery,2025-02-02,2025-01-17,L00253,Bengaluru Central Police Station,Kota,Open,Cyber Cell,DOC01263,0.82,2025-09-09 02:34:42,2025-09-26 13:34:42
C00483,FIR/2024/5474,Cyber,Extortion,2024-11-13,2024-11-10,L01712,Kota Central Police Station,Dewas,Open,Crime Branch,DOC02354,0.92,2026-07-12 00:25:21,2026-08-03 23:25:21
C00484,FIR/2024/7862,Cyber,Fraud,2024-02-24,2024-02-03,L01589,Ahmedabad Central Police Station,Jabalpur,Closed,Economic Offences Unit,DOC02677,0.83,2026-02-02 23:57:01,2026-02-03 05:57:01
C00485,FIR/2024/4634,Organized Crime,Assault,2024-07-07,2024-06-12,L01001,Vadodara Central Police Station,Surat,Open,Cyber Cell,DOC02639,0.82,2024-12-03 08:34:10,2024-12-29 16:34:10
C00486,FIR/2024/2025,Criminal,Fraud,2024-07-21,2024-07-21,L00701,Lucknow Central Police Station,Dewas,Open,Local Police,DOC01132,0.91,2024-03-07 09:44:06,2025-07-24 14:08:21
C00487,FIR/2024/0557,Organized Crime,Vehicle Theft,2024-11-24,2024-11-01,L01220,Jaipur Central Police Station,Jabalpur,Open,Local Police,DOC01664,0.87,2024-03-11 11:46:46,2025-04-13 00:36:18
C00488,FIR/2024/4783,Organized Crime,Forgery,2024-12-02,2024-11-12,L02012,Bengaluru Central Police Station,Ahmedabad,Pending Trial,Economic Offences Unit,DOC00374,0.92,2025-03-17 05:21:57,2025-06-25 09:57:41
C00489,FIR/2025/7815,Economic,Cybercrime,2025-11-28,2025-11-23,L01810,Jabalpur Central Police Station,Surat,Under Investigation,Crime Branch,DOC00997,0.86,2025-10-29 18:36:58,2025-11-04 00:36:58
C00490,FIR/2025/3464,Criminal,Fraud,2025-05-03,2025-04-22,L00772,Surat Central Police Station,Ujjain,Pending Trial,Economic Offences Unit,DOC00497,0.97,2026-06-25 02:47:14,2026-07-21 17:47:14
C00491,FIR/2024/4012,Economic,Smuggling,2024-12-05,2024-11-27,L01811,Jaipur Central Police Station,Kanpur,Open,Cyber Cell,DOC02702,0.87,2026-03-18 21:59:01,2026-06-12 11:15:27
C00492,FIR/2025/2672,Economic,Assault,2025-10-15,2025-10-15,L02465,Jaipur Central Police Station,Vadodara,Closed,Local Police,DOC02578,0.92,2025-12-09 04:19:54,2026-07-30 16:21:20
C00493,FIR/2024/0050,Organized Crime,Illegal Gambling,2024-10-20,2024-09-23,L00319,Bengaluru Central Police Station,Ujjain,Closed,Economic Offences Unit,DOC02333,0.84,2025-10-23 12:34:02,2025-10-25 03:34:02
C00494,FIR/2024/7919,Cyber,Burglary,2024-11-19,2024-11-02,L00340,Bengaluru Central Police Station,Jaipur,Closed,Crime Branch,DOC02561,0.86,2024-08-12 07:22:56,2025-01-22 17:45:22
C00495,FIR/2024/4274,Criminal,Fraud,2024-08-27,2024-08-17,L01776,Vadodara Central Police Station,Dewas,Closed,Crime Branch,DOC02794,0.84,2025-04-02 18:47:01,2026-07-23 13:34:46
C00496,FIR/2026/0832,Organized Crime,Cybercrime,2026-04-06,2026-03-09,L00280,Ujjain Central Police Station,Gurugram,Under Investigation,Economic Offences Unit,DOC02787,0.88,2024-05-01 17:05:20,2024-05-19 05:05:20
C00497,FIR/2025/3496,Organized Crime,Burglary,2025-05-21,2025-05-03,L02280,Nagpur Central Police Station,Hyderabad,Pending Trial,Local Police,DOC01396,0.98,2026-01-08 02:12:18,2026-01-25 21:12:18
C00498,FIR/2026/4888,Criminal,Smuggling,2026-01-27,2026-01-19,L00707,Gurugram Central Police Station,Mumbai,Pending Trial,Economic Offences Unit,DOC02197,0.84,2024-02-04 16:38:54,2025-09-03 18:46:13
C00499,FIR/2026/8204,Economic,Burglary,2026-06-24,2026-06-09,L01633,Jabalpur Central Police Station,Indore,Closed,Cyber Cell,DOC01494,0.82,2024-03-21 16:25:14,2024-11-07 02:01:53
C00500,FIR/2024/2429,Criminal,Burglary,2024-06-28,2024-05-30,L02058,Hyderabad Central Police Station,Ujjain,Open,Economic Offences Unit,DOC01876,0.83,2024-10-16 19:59:07,2026-03-30 23:27:14
C00501,FIR/2025/1210,Organized Crime,Vehicle Theft,2025-06-25,2025-06-04,L01221,Bengaluru Central Police Station,Ahmedabad,Pending Trial,Economic Offences Unit,DOC02873,0.93,2025-03-31 06:55:52,2025-08-18 10:04:38
C00502,FIR/2025/9912,Organized Crime,Vehicle Theft,2025-02-10,2025-02-08,L00467,Pune Central Police Station,Ahmedabad,Closed,Cyber Cell,DOC01459,0.82,2026-01-25 06:29:47,2026-02-21 07:29:47
C00503,FIR/2024/3733,Cyber,Vehicle Theft,2024-04-24,2024-04-20,L02236,Indore Central Police Station,Bengaluru,Open,Crime Branch,DOC02781,0.83,2025-04-10 21:30:04,2025-05-08 03:30:04
C00504,FIR/2024/2588,Cyber,Fraud,2024-10-30,2024-10-19,L00756,Gwalior Central Police Station,Kota,Closed,Local Police,DOC02758,0.94,2026-02-24 11:49:35,2026-04-05 15:28:55
C00505,FIR/2025/4653,Economic,Burglary,2026-01-07,2025-12-08,L01541,Bhopal Central Police Station,Pune,Pending Trial,Cyber Cell,DOC00699,0.86,2024-12-12 09:28:41,2026-07-27 14:15:19
C00506,FIR/2025/8070,Cyber,Cybercrime,2025-07-05,2025-06-15,L00055,Gurugram Central Police Station,Gwalior,Pending Trial,Economic Offences Unit,DOC01670,0.9,2024-08-09 16:34:20,2026-01-31 11:11:48
C00507,FIR/2025/7344,Organized Crime,Assault,2025-05-01,2025-04-12,L02139,Ujjain Central Police Station,Pune,Closed,Crime Branch,DOC00481,0.95,2024-05-02 06:56:07,2026-04-24 17:44:33
C00508,FIR/2024/2275,Cyber,Robbery,2024-01-31,2024-01-02,L02240,Gwalior Central Police Station,Dewas,Under Investigation,Local Police,DOC01320,0.81,2025-10-22 10:07:42,2025-11-16 11:07:42
C00509,FIR/2024/9963,Criminal,Smuggling,2024-06-28,2024-06-02,L01368,Ujjain Central Police Station,Vadodara,Under Investigation,Local Police,DOC02513,0.92,2024-01-23 13:56:59,2024-04-04 12:18:50
C00510,FIR/2024/5109,Cyber,Forgery,2024-09-23,2024-09-17,L02455,Mumbai Central Police Station,Pune,Pending Trial,Local Police,DOC01066,0.89,2026-03-24 11:05:53,2026-05-28 12:29:27
C00511,FIR/2025/5916,Organized Crime,Extortion,2025-03-27,2025-03-19,L00612,Kanpur Central Police Station,Ujjain,Pending Trial,Cyber Cell,DOC02006,0.82,2026-01-02 09:39:39,2026-01-26 17:39:39
C00512,FIR/2024/4432,Cyber,Money Laundering,2024-10-11,2024-10-03,L00808,Lucknow Central Police Station,Indore,Pending Trial,Cyber Cell,DOC00141,0.82,2025-10-28 05:04:54,2025-11-22 23:04:54
C00513,FIR/2025/4694,Organized Crime,Illegal Gambling,2025-04-27,2025-04-01,L00140,Vadodara Central Police Station,Gurugram,Open,Economic Offences Unit,DOC01019,0.94,2026-05-27 07:57:10,2026-06-02 20:57:10
C00514,FIR/2024/3965,Economic,Cybercrime,2024-01-17,2024-01-13,L01620,Vadodara Central Police Station,Gwalior,Open,Local Police,DOC00330,0.97,2025-07-06 23:20:06,2025-07-25 13:20:06
C00515,FIR/2025/0172,Criminal,Forgery,2025-05-20,2025-04-28,L01524,Pune Central Police Station,Delhi,Closed,Economic Offences Unit,DOC00159,0.8,2024-04-19 11:49:45,2024-12-14 18:31:34
C00516,FIR/2025/4078,Economic,Extortion,2025-02-24,2025-01-31,L01138,Mumbai Central Police Station,Bhopal,Under Investigation,Local Police,DOC02311,0.82,2025-03-12 01:18:18,2025-09-13 13:46:27
C00517,FIR/2026/5708,Cyber,Forgery,2026-02-27,2026-02-03,L00501,Gwalior Central Police Station,Dewas,Pending Trial,Economic Offences Unit,DOC02130,0.95,2026-04-04 10:35:39,2026-04-08 02:35:39
C00518,FIR/2024/5680,Organized Crime,Fraud,2024-03-17,2024-03-08,L02337,Surat Central Police Station,Dewas,Pending Trial,Crime Branch,DOC01938,0.86,2025-08-17 09:42:27,2025-08-25 09:42:27
C00519,FIR/2026/8962,Criminal,Extortion,2026-03-27,2026-02-28,L01288,Vadodara Central Police Station,Jabalpur,Under Investigation,Cyber Cell,DOC00364,0.82,2026-02-16 22:12:24,2026-06-06 20:48:00
C00520,FIR/2024/0089,Criminal,Assault,2024-05-17,2024-05-15,L01749,Jaipur Central Police Station,Jabalpur,Closed,Crime Branch,DOC02630,0.81,2024-05-12 23:52:13,2025-11-17 18:54:52
C00521,FIR/2024/0232,Organized Crime,Money Laundering,2024-06-23,2024-06-02,L00114,Kota Central Police Station,Surat,Closed,Local Police,DOC02087,0.84,2025-08-18 05:31:49,2025-09-02 06:31:49
C00522,FIR/2024/8092,Cyber,Fraud,2024-02-21,2024-01-29,L00566,Indore Central Police Station,Bengaluru,Pending Trial,Economic Offences Unit,DOC01954,0.86,2024-11-20 20:52:22,2025-07-30 15:10:57
C00523,FIR/2024/6458,Criminal,Illegal Gambling,2024-08-07,2024-07-22,L02318,Vadodara Central Police Station,Jaipur,Closed,Cyber Cell,DOC01093,0.84,2024-03-07 05:48:21,2024-12-19 17:31:36
C00524,FIR/2025/7395,Cyber,Illegal Gambling,2025-09-07,2025-08-13,L01616,Bengaluru Central Police Station,Surat,Open,Local Police,DOC00021,0.81,2025-08-19 20:49:30,2025-08-23 12:49:30
C00525,FIR/2025/1268,Organized Crime,Smuggling,2025-12-06,2025-11-23,L00681,Dewas Central Police Station,Mumbai,Pending Trial,Cyber Cell,DOC01485,0.91,2024-10-30 08:58:07,2026-02-25 03:24:05
C00526,FIR/2024/0119,Economic,Illegal Gambling,2024-07-24,2024-07-11,L02320,Bhopal Central Police Station,Kanpur,Under Investigation,Local Police,DOC02567,0.97,2026-08-29 21:17:04,2026-09-01 01:17:04
C00527,FIR/2025/8220,Cyber,Burglary,2025-04-13,2025-03-31,L00530,Delhi Central Police Station,Bhopal,Open,Cyber Cell,DOC02354,0.9,2025-04-20 05:30:16,2025-04-28 04:30:16
C00528,FIR/2024/7152,Organized Crime,Burglary,2024-12-30,2024-12-17,L02415,Jabalpur Central Police Station,Jabalpur,Pending Trial,Cyber Cell,DOC01403,0.89,2024-04-24 08:04:50,2026-05-04 02:53:35
C00529,FIR/2024/6857,Cyber,Burglary,2024-03-16,2024-03-13,L00666,Gwalior Central Police Station,Kota,Closed,Local Police,DOC01386,0.81,2025-01-08 02:08:48,2025-01-13 04:08:48
C00530,FIR/2026/4937,Cyber,Cybercrime,2026-07-06,2026-06-19,L00908,Gwalior Central Police Station,Bengaluru,Open,Economic Offences Unit,DOC00961,0.82,2024-04-19 02:01:15,2026-01-14 09:02:25
C00531,FIR/2024/7506,Cyber,Assault,2024-10-11,2024-09-20,L02207,Jaipur Central Police Station,Indore,Under Investigation,Economic Offences Unit,DOC02500,0.93,2024-12-05 02:38:11,2026-05-08 01:16:37
C00532,FIR/2024/7072,Cyber,Illegal Gambling,2024-10-03,2024-09-21,L01248,Indore Central Police Station,Dewas,Under Investigation,Cyber Cell,DOC02794,0.92,2024-01-30 21:19:36,2026-06-19 14:52:14
C00533,FIR/2024/0330,Organized Crime,Cybercrime,2024-02-13,2024-02-03,L01370,Delhi Central Police Station,Kota,Open,Economic Offences Unit,DOC00038,0.97,2026-05-31 06:32:12,2026-06-29 09:32:12
C00534,FIR/2025/5920,Cyber,Illegal Gambling,2025-03-21,2025-03-11,L00581,Lucknow Central Police Station,Lucknow,Under Investigation,Crime Branch,DOC00057,0.85,2026-03-06 03:18:36,2026-04-19 22:47:35
C00535,FIR/2025/9032,Economic,Assault,2025-05-10,2025-04-14,L02067,Hyderabad Central Police Station,Ujjain,Pending Trial,Local Police,DOC00581,0.88,2024-11-10 10:48:22,2026-03-09 21:49:59
C00536,FIR/2026/0139,Criminal,Assault,2026-02-27,2026-02-07,L01046,Vadodara Central Police Station,Gurugram,Pending Trial,Crime Branch,DOC02829,0.83,2026-01-06 02:23:25,2026-01-20 12:23:25
C00537,FIR/2024/0127,Cyber,Vehicle Theft,2024-05-30,2024-05-08,L01186,Jabalpur Central Police Station,Hyderabad,Pending Trial,Local Police,DOC00534,0.96,2024-11-10 23:30:14,2024-12-27 18:03:03
C00538,FIR/2024/7432,Cyber,Extortion,2024-04-05,2024-04-04,L01020,Jaipur Central Police Station,Dewas,Pending Trial,Local Police,DOC02494,0.93,2025-05-10 11:28:16,2025-06-08 12:28:16
C00539,FIR/2025/6910,Criminal,Fraud,2025-02-18,2025-01-22,L01114,Bengaluru Central Police Station,Mumbai,Closed,Economic Offences Unit,DOC01730,0.93,2024-01-11 04:52:39,2024-04-27 08:23:08
C00540,FIR/2025/5912,Criminal,Smuggling,2025-12-23,2025-11-27,L01997,Hyderabad Central Police Station,Bengaluru,Open,Crime Branch,DOC01402,0.94,2025-12-24 11:04:18,2026-01-07 08:04:18
C00541,FIR/2024/0775,Cyber,Fraud,2024-02-08,2024-02-07,L00980,Hyderabad Central Police Station,Jaipur,Open,Local Police,DOC02287,0.81,2025-04-16 11:22:11,2025-04-28 06:22:11
C00542,FIR/2024/2033,Organized Crime,Forgery,2024-05-08,2024-04-21,L00026,Ahmedabad Central Police Station,Gurugram,Closed,Crime Branch,DOC02025,0.92,2026-01-08 15:39:34,2026-08-27 07:40:14
C00543,FIR/2026/3423,Criminal,Illegal Gambling,2026-04-27,2026-04-07,L00958,Gurugram Central Police Station,Kota,Closed,Crime Branch,DOC01434,0.93,2026-08-18 22:44:16,2026-08-25 20:44:16
C00544,FIR/2024/9738,Economic,Fraud,2024-04-30,2024-04-17,L00174,Kota Central Police Station,Kota,Closed,Economic Offences Unit,DOC02905,0.89,2025-08-24 16:37:54,2026-03-13 00:37:10
C00545,FIR/2024/9375,Economic,Assault,2024-05-01,2024-04-28,L00246,Kota Central Police Station,Dewas,Closed,Local Police,DOC02694,0.94,2026-07-01 01:17:58,2026-07-16 03:17:58
C00546,FIR/2025/2971,Organized Crime,Smuggling,2025-06-10,2025-06-02,L02361,Nagpur Central Police Station,Delhi,Under Investigation,Cyber Cell,DOC00658,0.87,2024-04-02 20:49:20,2025-07-01 17:05:58
C00547,FIR/2025/8595,Cyber,Cybercrime,2025-05-21,2025-05-11,L00158,Vadodara Central Police Station,Nagpur,Under Investigation,Cyber Cell,DOC00104,0.93,2024-11-19 03:02:07,2026-04-11 13:28:08
C00548,FIR/2025/4847,Organized Crime,Vehicle Theft,2025-07-10,2025-07-09,L01381,Mumbai Central Police Station,Kanpur,Pending Trial,Crime Branch,DOC01788,0.98,2026-05-13 03:23:59,2026-05-27 17:44:07
C00549,FIR/2024/8433,Economic,Assault,2024-12-19,2024-12-03,L02216,Vadodara Central Police Station,Gurugram,Pending Trial,Economic Offences Unit,DOC02819,0.85,2026-07-12 20:29:35,2026-08-10 16:29:35
C00550,FIR/2024/1556,Cyber,Illegal Gambling,2024-11-29,2024-11-23,L00794,Hyderabad Central Police Station,Jaipur,Pending Trial,Crime Branch,DOC02445,0.95,2025-01-12 00:43:59,2026-04-05 11:27:29
C00551,FIR/2025/7119,Economic,Extortion,2025-04-27,2025-04-05,L00836,Gurugram Central Police Station,Ahmedabad,Under Investigation,Economic Offences Unit,DOC00162,0.94,2024-01-26 13:14:50,2024-11-01 18:13:57
C00552,FIR/2024/1551,Economic,Assault,2024-03-10,2024-02-19,L01854,Mumbai Central Police Station,Jaipur,Pending Trial,Local Police,DOC00769,0.82,2026-04-08 03:59:59,2026-05-05 23:59:59
C00553,FIR/2024/1435,Cyber,Cybercrime,2024-05-30,2024-05-09,L01986,Hyderabad Central Police Station,Bhopal,Open,Crime Branch,DOC01111,0.91,2024-07-03 11:50:06,2024-07-14 02:50:06
C00554,FIR/2025/4403,Organized Crime,Illegal Gambling,2025-12-22,2025-12-04,L00732,Pune Central Police Station,Indore,Pending Trial,Crime Branch,DOC00138,0.89,2025-09-24 18:53:19,2025-09-28 07:53:19
C00555,FIR/2024/2923,Organized Crime,Assault,2024-01-27,2024-01-06,L02321,Dewas Central Police Station,Dewas,Pending Trial,Crime Branch,DOC00061,0.9,2024-02-26 20:13:42,2024-03-06 02:12:31
C00556,FIR/2026/1030,Organized Crime,Robbery,2026-07-13,2026-07-01,L01243,Ujjain Central Police Station,Bengaluru,Closed,Crime Branch,DOC01731,0.9,2026-06-15 13:45:58,2026-07-02 19:45:58
C00557,FIR/2025/0672,Cyber,Robbery,2025-06-11,2025-05-31,L02394,Hyderabad Central Police Station,Delhi,Closed,Economic Offences Unit,DOC02915,0.85,2024-11-03 08:12:02,2026-03-25 18:48:56
C00558,FIR/2024/4705,Organized Crime,Illegal Gambling,2024-03-14,2024-02-29,L01949,Kanpur Central Police Station,Kota,Under Investigation,Crime Branch,DOC00667,0.95,2024-02-12 00:08:32,2024-03-01 09:08:32
C00559,FIR/2025/4352,Organized Crime,Illegal Gambling,2025-04-11,2025-03-15,L00101,Lucknow Central Police Station,Gurugram,Closed,Economic Offences Unit,DOC01890,0.84,2025-10-04 07:20:23,2025-10-20 17:20:23
C00560,FIR/2025/3261,Organized Crime,Forgery,2025-02-14,2025-02-06,L00013,Nagpur Central Police Station,Ujjain,Open,Local Police,DOC00489,0.82,2025-05-10 15:32:42,2026-06-21 22:59:01
C00561,FIR/2025/6880,Organized Crime,Cybercrime,2025-04-28,2025-04-25,L00217,Jabalpur Central Police Station,Ujjain,Closed,Cyber Cell,DOC02266,0.92,2024-11-28 17:03:02,2026-07-28 18:10:11
C00562,FIR/2025/7583,Criminal,Robbery,2026-01-13,2025-12-14,L02419,Nagpur Central Police Station,Jaipur,Open,Crime Branch,DOC00888,0.87,2025-08-27 09:24:24,2026-06-09 15:23:45
C00563,FIR/2024/6118,Economic,Assault,2024-12-12,2024-12-04,L01237,Bengaluru Central Police Station,Gurugram,Closed,Cyber Cell,DOC00225,0.81,2024-12-13 17:38:26,2025-07-04 14:00:39
C00564,FIR/2025/4039,Criminal,Robbery,2025-08-17,2025-07-30,L01634,Jabalpur Central Police Station,Gurugram,Pending Trial,Local Police,DOC00279,0.8,2025-11-25 11:57:45,2025-12-24 12:57:45
C00565,FIR/2025/7089,Criminal,Burglary,2025-02-09,2025-01-14,L00533,Nagpur Central Police Station,Bengaluru,Pending Trial,Local Police,DOC02413,0.94,2024-05-09 06:11:38,2024-07-27 23:53:13
C00566,FIR/2025/6213,Cyber,Illegal Gambling,2025-02-09,2025-01-18,L01113,Surat Central Police Station,Pune,Pending Trial,Crime Branch,DOC00093,0.9,2025-12-19 17:19:27,2026-03-09 22:21:43
C00567,FIR/2026/2884,Cyber,Money Laundering,2026-02-06,2026-01-30,L01139,Surat Central Police Station,Surat,Closed,Local Police,DOC00282,0.87,2024-11-17 12:30:35,2024-12-15 13:30:35
C00568,FIR/2026/5250,Economic,Forgery,2026-09-04,2026-08-27,L01127,Jabalpur Central Police Station,Ujjain,Open,Economic Offences Unit,DOC00771,0.9,2026-02-28 18:14:42,2026-03-28 14:14:42
C00569,FIR/2025/6788,Organized Crime,Extortion,2025-03-20,2025-02-22,L00461,Ujjain Central Police Station,Ujjain,Open,Crime Branch,DOC00837,0.98,2025-12-28 04:34:47,2026-01-18 18:34:47
C00570,FIR/2024/2967,Cyber,Forgery,2024-08-13,2024-07-31,L00550,Vadodara Central Police Station,Bhopal,Pending Trial,Crime Branch,DOC00300,0.94,2024-06-29 04:06:22,2024-07-19 13:23:47
C00571,FIR/2026/1459,Cyber,Extortion,2026-05-08,2026-05-06,L02412,Gwalior Central Police Station,Bhopal,Open,Local Police,DOC01351,0.89,2024-07-20 13:45:04,2025-08-17 01:30:08
C00572,FIR/2026/2075,Organized Crime,Smuggling,2026-09-04,2026-08-18,L01579,Delhi Central Police Station,Indore,Under Investigation,Economic Offences Unit,DOC01474,0.97,2024-01-08 00:59:07,2026-07-31 22:57:13
C00573,FIR/2025/5537,Cyber,Vehicle Theft,2025-01-17,2025-01-05,L01831,Hyderabad Central Police Station,Jabalpur,Pending Trial,Crime Branch,DOC02265,0.97,2024-02-05 05:23:02,2024-07-05 20:44:16
C00574,FIR/2026/5052,Criminal,Fraud,2026-01-08,2026-01-05,L01041,Hyderabad Central Police Station,Dewas,Pending Trial,Crime Branch,DOC00375,0.87,2025-09-30 04:17:08,2026-02-03 02:57:07
C00575,FIR/2025/4235,Criminal,Money Laundering,2025-09-03,2025-09-01,L02271,Delhi Central Police Station,Gurugram,Open,Local Police,DOC00780,0.9,2025-01-31 12:04:02,2026-08-03 20:03:24
C00576,FIR/2025/2881,Organized Crime,Burglary,2025-05-03,2025-05-03,L00734,Surat Central Police Station,Kota,Open,Crime Branch,DOC02388,0.88,2026-01-17 16:47:18,2026-02-04 08:47:18
C00577,FIR/2025/9874,Criminal,Assault,2025-03-08,2025-02-06,L00606,Dewas Central Police Station,Pune,Pending Trial,Economic Offences Unit,DOC01333,0.96,2025-03-02 00:59:03,2025-10-12 10:42:08
C00578,FIR/2025/1522,Economic,Cybercrime,2025-10-20,2025-09-22,L01569,Kanpur Central Police Station,Kanpur,Open,Crime Branch,DOC01595,0.88,2025-10-09 13:27:27,2025-11-06 07:27:27
C00579,FIR/2025/9754,Criminal,Vehicle Theft,2025-12-23,2025-11-28,L02395,Bhopal Central Police Station,Indore,Pending Trial,Cyber Cell,DOC02219,0.83,2025-02-28 16:53:27,2025-09-05 16:57:50
C00580,FIR/2024/7536,Organized Crime,Robbery,2024-06-21,2024-05-28,L00485,Hyderabad Central Police Station,Ahmedabad,Closed,Crime Branch,DOC02123,0.92,2026-01-16 14:05:09,2026-02-06 12:05:09
C00581,FIR/2025/6889,Economic,Cybercrime,2025-01-31,2025-01-04,L00856,Dewas Central Police Station,Hyderabad,Under Investigation,Local Police,DOC01008,0.82,2024-11-29 03:57:29,2025-03-14 11:20:16
C00582,FIR/2025/3591,Cyber,Assault,2025-12-28,2025-12-11,L00891,Kanpur Central Police Station,Hyderabad,Pending Trial,Cyber Cell,DOC01280,0.82,2024-06-07 02:45:02,2026-07-18 07:49:12
C00583,FIR/2025/5719,Criminal,Fraud,2025-09-22,2025-09-19,L02291,Hyderabad Central Police Station,Gwalior,Closed,Local Police,DOC01911,0.9,2024-04-14 01:16:25,2025-10-21 11:29:05
C00584,FIR/2024/8831,Economic,Forgery,2024-12-10,2024-12-09,L00719,Ahmedabad Central Police Station,Mumbai,Open,Cyber Cell,DOC00522,0.89,2025-08-18 12:12:25,2025-09-14 07:12:25
C00585,FIR/2024/2229,Criminal,Money Laundering,2024-02-23,2024-02-01,L01238,Kanpur Central Police Station,Mumbai,Pending Trial,Cyber Cell,DOC02393,0.86,2026-02-11 20:10:20,2026-03-06 06:10:20
C00586,FIR/2025/5533,Organized Crime,Smuggling,2025-07-10,2025-06-16,L01832,Indore Central Police Station,Jabalpur,Under Investigation,Cyber Cell,DOC01214,0.84,2026-04-07 09:18:12,2026-04-21 02:18:12
C00587,FIR/2026/7363,Criminal,Burglary,2026-06-16,2026-06-01,L01057,Dewas Central Police Station,Kanpur,Pending Trial,Cyber Cell,DOC02531,0.91,2024-03-29 17:55:49,2024-12-07 19:27:14
C00588,FIR/2026/4642,Criminal,Burglary,2026-05-30,2026-05-05,L00424,Nagpur Central Police Station,Ujjain,Open,Cyber Cell,DOC01695,0.83,2024-03-30 10:43:19,2025-06-08 05:40:21
C00589,FIR/2024/8899,Criminal,Extortion,2024-11-17,2024-11-05,L02468,Gurugram Central Police Station,Bhopal,Open,Local Police,DOC02478,0.87,2025-10-30 07:27:21,2025-11-03 09:27:21
C00590,FIR/2025/1175,Cyber,Smuggling,2025-08-01,2025-07-19,L01158,Hyderabad Central Police Station,Ahmedabad,Closed,Economic Offences Unit,DOC00087,0.88,2026-06-27 00:33:33,2026-07-01 22:33:33
C00591,FIR/2024/4501,Cyber,Illegal Gambling,2024-10-26,2024-10-23,L00274,Indore Central Police Station,Bengaluru,Under Investigation,Economic Offences Unit,DOC01466,0.93,2024-11-08 06:36:50,2025-01-20 22:59:10
C00592,FIR/2025/6930,Criminal,Assault,2025-01-27,2025-01-10,L01174,Pune Central Police Station,Lucknow,Open,Crime Branch,DOC01571,0.91,2024-06-27 12:44:21,2026-06-29 12:23:40
C00593,FIR/2024/5158,Cyber,Smuggling,2024-08-11,2024-08-03,L02265,Indore Central Police Station,Lucknow,Under Investigation,Economic Offences Unit,DOC02550,0.88,2025-10-25 15:01:10,2025-10-28 02:01:10
C00594,FIR/2025/0308,Organized Crime,Assault,2025-10-27,2025-10-20,L01299,Vadodara Central Police Station,Jaipur,Closed,Crime Branch,DOC00925,0.92,2024-01-20 13:11:15,2024-11-12 14:14:36
C00595,FIR/2026/9955,Organized Crime,Robbery,2026-09-04,2026-08-22,L01401,Surat Central Police Station,Jabalpur,Under Investigation,Economic Offences Unit,DOC00896,0.91,2026-08-25 02:46:43,2026-09-04 23:59:59
C00596,FIR/2025/6017,Cyber,Money Laundering,2025-02-19,2025-01-31,L00751,Mumbai Central Police Station,Gwalior,Pending Trial,Economic Offences Unit,DOC00160,0.89,2026-05-30 12:11:05,2026-06-25 06:11:05
C00597,FIR/2025/2318,Organized Crime,Robbery,2025-02-07,2025-02-01,L00432,Indore Central Police Station,Bengaluru,Pending Trial,Local Police,DOC00205,0.87,2024-12-17 12:40:40,2025-01-23 13:53:28
C00598,FIR/2025/4211,Economic,Vehicle Theft,2025-06-25,2025-05-31,L00596,Hyderabad Central Police Station,Ujjain,Under Investigation,Economic Offences Unit,DOC00440,0.87,2024-06-13 03:43:47,2025-08-13 11:57:36
C00599,FIR/2024/8771,Economic,Forgery,2024-02-21,2024-01-28,L01379,Gwalior Central Police Station,Surat,Closed,Economic Offences Unit,DOC01954,0.96,2024-09-29 17:25:12,2025-05-05 23:30:27
C00600,FIR/2025/0087,Organized Crime,Burglary,2025-05-11,2025-05-06,L00542,Kanpur Central Police Station,Bhopal,Pending Trial,Cyber Cell,DOC02081,0.87,2025-11-25 21:53:07,2025-12-01 21:53:07
C00601,FIR/2025/5138,Economic,Money Laundering,2025-08-06,2025-07-22,L00285,Dewas Central Police Station,Lucknow,Closed,Crime Branch,DOC00629,0.9,2025-04-26 20:50:48,2025-05-06 17:50:48
C00602,FIR/2024/4342,Criminal,Extortion,2024-07-04,2024-06-10,L02480,Ujjain Central Police Station,Ahmedabad,Pending Trial,Local Police,DOC00322,0.85,2024-01-09 05:54:45,2025-08-14 19:24:01
C00603,FIR/2024/3752,Cyber,Robbery,2025-01-01,2024-12-22,L01242,Kota Central Police Station,Bhopal,Open,Economic Offences Unit,DOC00513,0.9,2025-04-13 02:09:43,2025-11-02 22:29:05
C00604,FIR/2024/7501,Criminal,Assault,2024-10-15,2024-09-18,L02386,Pune Central Police Station,Pune,Under Investigation,Local Police,DOC00992,0.91,2024-01-08 12:43:13,2024-09-24 18:29:15
C00605,FIR/2025/0422,Criminal,Forgery,2025-12-03,2025-11-18,L00228,Bengaluru Central Police Station,Nagpur,Open,Crime Branch,DOC02231,0.85,2026-06-02 13:13:14,2026-06-08 17:13:14
C00606,FIR/2025/8414,Economic,Cybercrime,2025-04-22,2025-03-28,L02149,Pune Central Police Station,Kota,Closed,Local Police,DOC01580,0.95,2026-04-21 13:24:26,2026-05-12 01:24:26
C00607,FIR/2026/0460,Cyber,Burglary,2026-02-13,2026-02-09,L00641,Kota Central Police Station,Lucknow,Closed,Cyber Cell,DOC01747,0.88,2024-09-07 14:28:44,2024-10-06 20:28:44
C00608,FIR/2024/3887,Criminal,Assault,2024-07-06,2024-06-17,L00462,Vadodara Central Police Station,Kota,Closed,Local Police,DOC01371,0.88,2025-02-07 19:02:43,2025-12-12 02:11:34
C00609,FIR/2024/1963,Organized Crime,Cybercrime,2024-09-24,2024-09-21,L00404,Vadodara Central Police Station,Dewas,Under Investigation,Cyber Cell,DOC00010,0.85,2026-08-21 18:32:24,2026-09-04 23:59:59
C00610,FIR/2024/8511,Criminal,Vehicle Theft,2024-03-20,2024-02-19,L01299,Surat Central Police Station,Kota,Open,Crime Branch,DOC02169,0.91,2025-08-25 18:04:43,2025-09-19 16:04:43
C00611,FIR/2025/6961,Organized Crime,Smuggling,2025-02-17,2025-02-14,L01800,Dewas Central Police Station,Kanpur,Closed,Crime Branch,DOC01601,0.93,2025-03-25 18:05:37,2025-03-29 09:05:37
C00612,FIR/2024/4341,Economic,Forgery,2024-08-16,2024-07-19,L00640,Jabalpur Central Police Station,Dewas,Pending Trial,Cyber Cell,DOC01402,0.95,2026-04-30 02:02:12,2026-05-04 20:02:12
C00613,FIR/2026/7013,Organized Crime,Cybercrime,2026-08-04,2026-07-27,L00704,Hyderabad Central Police Station,Bhopal,Closed,Economic Offences Unit,DOC01038,0.85,2024-02-28 12:40:41,2026-02-05 23:24:31
C00614,FIR/2024/3089,Cyber,Smuggling,2024-08-29,2024-08-20,L02219,Surat Central Police Station,Ahmedabad,Open,Local Police,DOC00422,0.93,2025-06-09 03:02:46,2025-07-04 04:02:46
C00615,FIR/2024/0905,Cyber,Extortion,2024-02-21,2024-02-19,L00528,Gurugram Central Police Station,Jaipur,Under Investigation,Cyber Cell,DOC00754,0.81,2025-07-02 13:09:32,2025-08-29 12:26:41
C00616,FIR/2025/8328,Organized Crime,Forgery,2025-03-17,2025-03-16,L00227,Gurugram Central Police Station,Surat,Open,Economic Offences Unit,DOC02016,0.92,2024-02-01 02:55:22,2024-02-27 16:55:22
C00617,FIR/2025/7137,Criminal,Cybercrime,2025-09-22,2025-09-18,L01942,Bhopal Central Police Station,Indore,Closed,Local Police,DOC00334,0.88,2025-04-11 05:33:30,2025-06-13 20:11:29
C00618,FIR/2024/7086,Organized Crime,Forgery,2024-10-25,2024-10-15,L02007,Kanpur Central Police Station,Nagpur,Under Investigation,Economic Offences Unit,DOC01513,0.93,2024-12-04 00:24:00,2025-04-25 20:51:48
C00619,FIR/2025/9473,Economic,Extortion,2025-08-08,2025-08-01,L02194,Gwalior Central Police Station,Lucknow,Closed,Crime Branch,DOC02914,0.95,2026-06-14 21:32:15,2026-07-04 12:32:15
C00620,FIR/2024/3261,Economic,Vehicle Theft,2024-04-22,2024-04-22,L02227,Jaipur Central Police Station,Kota,Open,Crime Branch,DOC01398,0.86,2025-09-21 03:05:23,2025-10-14 15:05:23
C00621,FIR/2024/3744,Criminal,Forgery,2024-04-18,2024-04-12,L00539,Kanpur Central Police Station,Ujjain,Closed,Economic Offences Unit,DOC01238,0.94,2025-12-12 03:27:36,2025-12-24 20:27:36
C00622,FIR/2025/1415,Economic,Forgery,2025-08-25,2025-08-01,L00054,Nagpur Central Police Station,Kanpur,Pending Trial,Local Police,DOC01868,0.86,2024-01-27 17:50:31,2026-06-25 18:43:47
C00623,FIR/2025/2729,Criminal,Extortion,2025-12-11,2025-12-04,L00363,Gurugram Central Police Station,Ahmedabad,Under Investigation,Local Police,DOC01829,0.82,2026-06-17 22:35:33,2026-07-17 13:35:33
C00624,FIR/2024/4254,Criminal,Extortion,2024-12-01,2024-11-11,L01340,Indore Central Police Station,Vadodara,Under Investigation,Local Police,DOC01858,0.92,2025-04-17 10:52:59,2026-01-13 18:25:38
C00625,FIR/2025/9810,Criminal,Burglary,2025-07-15,2025-07-10,L00642,Kota Central Police Station,Mumbai,Pending Trial,Cyber Cell,DOC00889,0.86,2025-07-12 21:00:21,2025-07-23 06:00:21
C00626,FIR/2025/6756,Organized Crime,Money Laundering,2025-10-05,2025-09-09,L01893,Gwalior Central Police Station,Jabalpur,Under Investigation,Local Police,DOC02299,0.84,2024-11-07 05:56:25,2025-01-19 05:38:04
C00627,FIR/2026/9744,Organized Crime,Illegal Gambling,2026-01-01,2026-01-01,L00665,Bhopal Central Police Station,Bengaluru,Under Investigation,Local Police,DOC01334,0.86,2025-11-06 05:18:13,2025-12-02 13:18:13
C00628,FIR/2024/6626,Organized Crime,Robbery,2024-07-22,2024-06-25,L01126,Kota Central Police Station,Delhi,Pending Trial,Crime Branch,DOC02953,0.9,2025-10-26 16:17:44,2025-11-12 20:17:44
C00629,FIR/2025/7999,Criminal,Vehicle Theft,2025-11-11,2025-11-03,L01345,Delhi Central Police Station,Kanpur,Open,Local Police,DOC01935,0.83,2025-03-18 14:31:53,2025-10-14 19:12:54
C00630,FIR/2024/4575,Cyber,Robbery,2024-07-23,2024-07-15,L01440,Ujjain Central Police Station,Lucknow,Open,Local Police,DOC01524,0.89,2025-01-29 16:09:40,2026-05-08 02:03:57
C00631,FIR/2026/1600,Criminal,Vehicle Theft,2026-02-01,2026-01-23,L01181,Mumbai Central Police Station,Nagpur,Under Investigation,Cyber Cell,DOC02563,0.9,2026-03-14 21:50:55,2026-03-29 06:50:55
C00632,FIR/2025/5999,Economic,Robbery,2025-06-23,2025-05-25,L01194,Nagpur Central Police Station,Dewas,Pending Trial,Crime Branch,DOC02505,0.96,2024-12-22 18:37:06,2025-01-14 12:37:06
C00633,FIR/2026/5878,Economic,Forgery,2026-02-26,2026-02-10,L00089,Jabalpur Central Police Station,Vadodara,Open,Crime Branch,DOC00409,0.93,2025-12-06 04:01:00,2025-12-24 01:01:00
C00634,FIR/2025/1190,Organized Crime,Fraud,2026-01-06,2025-12-17,L01790,Pune Central Police Station,Jaipur,Closed,Cyber Cell,DOC02748,0.85,2025-12-27 08:20:51,2026-01-09 13:20:51
C00635,FIR/2024/7431,Cyber,Robbery,2024-11-25,2024-11-23,L00592,Gurugram Central Police Station,Bengaluru,Closed,Economic Offences Unit,DOC00610,0.86,2024-10-14 19:17:37,2025-10-04 03:27:10
C00636,FIR/2026/1098,Economic,Forgery,2026-05-12,2026-05-07,L00697,Indore Central Police Station,Indore,Under Investigation,Local Police,DOC02300,0.93,2025-04-12 19:50:05,2025-04-28 13:50:05
C00637,FIR/2025/8364,Organized Crime,Assault,2025-06-16,2025-06-05,L00609,Ujjain Central Police Station,Pune,Closed,Cyber Cell,DOC01634,0.87,2024-01-04 04:40:30,2025-02-28 16:02:39
C00638,FIR/2026/3462,Organized Crime,Illegal Gambling,2026-03-31,2026-03-13,L00246,Gwalior Central Police Station,Delhi,Pending Trial,Local Police,DOC00719,0.83,2025-05-15 18:47:59,2026-06-01 11:27:14
C00639,FIR/2025/6889,Criminal,Smuggling,2025-08-29,2025-08-24,L01462,Vadodara Central Police Station,Indore,Open,Economic Offences Unit,DOC00267,0.81,2026-05-29 19:46:04,2026-06-19 02:46:04
C00640,FIR/2025/8654,Criminal,Illegal Gambling,2025-09-24,2025-09-02,L02489,Dewas Central Police Station,Ujjain,Pending Trial,Crime Branch,DOC02170,0.91,2026-05-10 22:51:48,2026-05-28 20:51:48
C00641,FIR/2026/4078,Economic,Assault,2026-08-02,2026-07-16,L02107,Jabalpur Central Police Station,Delhi,Closed,Cyber Cell,DOC00933,0.91,2024-09-21 13:47:03,2024-10-13 07:56:52
C00642,FIR/2024/0041,Organized Crime,Fraud,2024-07-07,2024-07-07,L00795,Surat Central Police Station,Dewas,Open,Economic Offences Unit,DOC02828,0.88,2025-12-14 00:49:19,2026-01-07 20:49:19
C00643,FIR/2025/2617,Criminal,Illegal Gambling,2025-10-28,2025-10-04,L01917,Bengaluru Central Police Station,Pune,Open,Crime Branch,DOC00599,0.98,2026-06-18 18:25:09,2026-07-15 12:25:09
C00644,FIR/2025/7931,Economic,Burglary,2025-03-11,2025-02-23,L01472,Jaipur Central Police Station,Ahmedabad,Under Investigation,Crime Branch,DOC02943,0.93,2026-02-23 21:16:56,2026-04-17 17:23:59
C00645,FIR/2026/0052,Economic,Illegal Gambling,2026-05-26,2026-05-19,L02305,Gwalior Central Police Station,Gurugram,Under Investigation,Cyber Cell,DOC00446,0.84,2025-09-10 06:31:19,2025-09-25 22:31:19
C00646,FIR/2025/8255,Organized Crime,Burglary,2025-12-12,2025-11-21,L02288,Pune Central Police Station,Bengaluru,Under Investigation,Local Police,DOC02211,0.95,2025-04-13 18:17:32,2026-03-13 14:00:29
C00647,FIR/2026/2577,Cyber,Illegal Gambling,2026-09-01,2026-08-18,L01333,Hyderabad Central Police Station,Dewas,Closed,Local Police,DOC02233,0.93,2026-07-19 02:32:45,2026-07-27 19:32:45
C00648,FIR/2026/5003,Criminal,Cybercrime,2026-01-19,2026-01-01,L01924,Bengaluru Central Police Station,Pune,Open,Economic Offences Unit,DOC00639,0.8,2025-03-16 08:16:23,2026-05-18 13:10:51
C00649,FIR/2024/1664,Criminal,Illegal Gambling,2024-05-29,2024-05-09,L00195,Nagpur Central Police Station,Hyderabad,Under Investigation,Economic Offences Unit,DOC01269,0.87,2025-08-11 14:25:37,2026-08-28 22:31:00
C00650,FIR/2025/6955,Economic,Burglary,2025-11-02,2025-10-21,L00787,Ujjain Central Police Station,Bengaluru,Pending Trial,Crime Branch,DOC02049,0.84,2025-01-07 00:46:28,2026-03-22 02:20:07
C00651,FIR/2025/3854,Criminal,Burglary,2025-10-10,2025-09-14,L01798,Kota Central Police Station,Indore,Closed,Crime Branch,DOC01015,0.85,2024-07-01 13:56:01,2026-07-22 00:58:11
C00652,FIR/2024/8695,Organized Crime,Cybercrime,2024-04-17,2024-03-26,L02458,Kota Central Police Station,Nagpur,Closed,Economic Offences Unit,DOC02324,0.9,2024-10-12 05:55:40,2025-10-20 09:40:03
C00653,FIR/2026/3153,Cyber,Fraud,2026-04-04,2026-03-24,L02165,Bengaluru Central Police Station,Delhi,Pending Trial,Crime Branch,DOC00601,0.97,2026-01-18 19:09:20,2026-03-13 10:36:38
C00654,FIR/2026/9824,Economic,Smuggling,2026-01-24,2026-01-18,L00252,Ahmedabad Central Police Station,Kota,Closed,Cyber Cell,DOC01841,0.83,2025-08-10 13:11:07,2025-09-01 09:11:07
C00655,FIR/2025/6423,Cyber,Vehicle Theft,2025-04-21,2025-04-21,L00123,Gwalior Central Police Station,Ujjain,Open,Crime Branch,DOC01677,0.94,2025-02-12 12:02:31,2025-02-15 19:02:31
C00656,FIR/2026/0664,Organized Crime,Money Laundering,2026-04-13,2026-04-02,L01078,Jaipur Central Police Station,Pune,Open,Local Police,DOC00801,0.89,2024-01-15 12:31:22,2025-03-25 00:27:56
C00657,FIR/2024/3556,Economic,Cybercrime,2024-02-09,2024-01-28,L01687,Jaipur Central Police Station,Ujjain,Closed,Local Police,DOC02489,0.9,2025-04-06 10:47:54,2025-11-27 20:45:38
C00658,FIR/2025/0228,Organized Crime,Illegal Gambling,2025-11-25,2025-11-13,L00611,Surat Central Police Station,Kanpur,Closed,Economic Offences Unit,DOC01628,0.83,2025-12-25 18:40:51,2026-01-17 23:40:51
C00659,FIR/2026/7202,Cyber,Burglary,2026-03-25,2026-03-09,L00506,Gwalior Central Police Station,Bengaluru,Pending Trial,Cyber Cell,DOC01990,0.81,2025-04-08 11:52:20,2025-10-12 20:03:34
C00660,FIR/2024/6332,Organized Crime,Illegal Gambling,2024-07-22,2024-06-23,L01422,Hyderabad Central Police Station,Gurugram,Open,Cyber Cell,DOC02010,0.87,2025-03-06 02:10:28,2026-07-27 17:31:06
C00661,FIR/2024/8902,Cyber,Burglary,2024-02-06,2024-01-15,L01539,Gwalior Central Police Station,Bengaluru,Open,Local Police,DOC02976,0.89,2025-04-04 12:28:21,2025-04-24 18:28:21
C00662,FIR/2024/7294,Organized Crime,Fraud,2024-07-07,2024-06-11,L01925,Delhi Central Police Station,Kanpur,Open,Economic Offences Unit,DOC00354,0.84,2024-03-04 16:06:27,2024-09-19 09:47:05
C00663,FIR/2025/7956,Economic,Burglary,2025-02-21,2025-02-15,L01458,Hyderabad Central Police Station,Gurugram,Under Investigation,Economic Offences Unit,DOC02158,0.88,2026-01-05 00:19:01,2026-01-26 04:19:01
C00664,FIR/2025/0915,Organized Crime,Robbery,2025-12-17,2025-11-19,L01992,Nagpur Central Police Station,Gurugram,Pending Trial,Local Police,DOC02405,0.84,2026-05-18 15:15:38,2026-05-22 00:15:38
C00665,FIR/2024/8419,Criminal,Fraud,2024-06-10,2024-05-18,L00884,Delhi Central Police Station,Delhi,Under Investigation,Crime Branch,DOC02637,0.81,2026-01-20 10:41:40,2026-02-14 20:41:40
C00666,FIR/2024/6241,Criminal,Illegal Gambling,2024-09-27,2024-08-31,L02343,Kota Central Police Station,Bhopal,Under Investigation,Economic Offences Unit,DOC02337,0.85,2026-02-15 06:07:17,2026-02-17 16:07:17
C00667,FIR/2024/2009,Cyber,Vehicle Theft,2024-08-25,2024-08-07,L00193,Jabalpur Central Police Station,Delhi,Under Investigation,Cyber Cell,DOC01531,0.89,2024-10-06 08:42:28,2025-01-15 21:19:39
C00668,FIR/2025/6838,Economic,Smuggling,2025-11-25,2025-11-18,L02021,Ujjain Central Police Station,Jaipur,Open,Economic Offences Unit,DOC00436,0.91,2025-06-21 15:23:05,2025-06-22 15:23:05
C00669,FIR/2025/6835,Organized Crime,Extortion,2025-12-12,2025-11-30,L01011,Bhopal Central Police Station,Jabalpur,Under Investigation,Economic Offences Unit,DOC01416,0.84,2024-06-07 07:31:16,2026-08-18 12:30:50
C00670,FIR/2025/5436,Criminal,Vehicle Theft,2025-09-13,2025-09-07,L00757,Ujjain Central Police Station,Pune,Pending Trial,Economic Offences Unit,DOC00157,0.85,2025-10-26 16:51:24,2025-11-08 03:51:24
C00671,FIR/2025/0827,Criminal,Cybercrime,2025-05-03,2025-04-04,L01350,Bhopal Central Police Station,Kota,Under Investigation,Local Police,DOC01154,0.88,2026-02-26 13:08:45,2026-04-04 19:43:31
C00672,FIR/2025/9821,Criminal,Cybercrime,2025-04-29,2025-04-27,L00448,Jabalpur Central Police Station,Gwalior,Open,Crime Branch,DOC02751,0.97,2024-09-27 10:52:12,2024-10-03 11:52:12
C00673,FIR/2026/8430,Organized Crime,Robbery,2026-04-26,2026-04-04,L00110,Bhopal Central Police Station,Bhopal,Under Investigation,Local Police,DOC02876,0.84,2025-11-04 17:52:17,2025-11-20 14:52:17
C00674,FIR/2025/6551,Organized Crime,Assault,2026-01-11,2025-12-24,L00492,Kanpur Central Police Station,Nagpur,Pending Trial,Crime Branch,DOC02581,0.92,2024-09-29 02:46:37,2026-07-09 00:07:12
C00675,FIR/2026/1641,Cyber,Assault,2026-02-19,2026-02-08,L01107,Kanpur Central Police Station,Bengaluru,Closed,Cyber Cell,DOC02994,0.93,2026-03-02 19:14:21,2026-03-27 00:14:21
C00676,FIR/2024/7025,Criminal,Robbery,2024-04-25,2024-04-18,L00653,Surat Central Police Station,Surat,Closed,Economic Offences Unit,DOC02959,0.86,2024-02-21 12:09:05,2025-04-11 02:50:04
C00677,FIR/2026/6213,Criminal,Smuggling,2026-09-04,2026-08-21,L00591,Bhopal Central Police Station,Delhi,Open,Local Police,DOC02814,0.86,2024-05-18 08:15:57,2025-06-03 03:28:22
C00678,FIR/2025/3926,Criminal,Assault,2025-09-15,2025-08-19,L02429,Ujjain Central Police Station,Lucknow,Closed,Cyber Cell,DOC02657,0.85,2024-09-25 13:18:34,2025-06-22 02:59:59
C00679,FIR/2024/9896,Cyber,Burglary,2024-10-02,2024-09-10,L00645,Jabalpur Central Police Station,Ujjain,Closed,Cyber Cell,DOC02789,0.84,2025-03-26 07:46:56,2025-04-04 04:46:56
C00680,FIR/2026/5210,Economic,Robbery,2026-08-19,2026-07-26,L02192,Delhi Central Police Station,Vadodara,Pending Trial,Economic Offences Unit,DOC01324,0.9,2026-01-31 20:22:46,2026-03-18 11:17:37
C00681,FIR/2026/6059,Organized Crime,Vehicle Theft,2026-04-17,2026-04-09,L02238,Pune Central Police Station,Kota,Open,Crime Branch,DOC02574,0.93,2024-04-11 16:45:00,2024-07-29 19:07:56
C00682,FIR/2024/3406,Cyber,Money Laundering,2024-08-29,2024-08-02,L00433,Delhi Central Police Station,Lucknow,Under Investigation,Local Police,DOC01490,0.85,2025-11-19 03:38:34,2025-12-18 05:38:34
C00683,FIR/2024/6886,Cyber,Assault,2024-07-06,2024-06-21,L01402,Surat Central Police Station,Gurugram,Pending Trial,Local Police,DOC01294,0.94,2024-09-19 04:10:51,2025-04-28 14:25:41
C00684,FIR/2025/2172,Cyber,Assault,2025-08-01,2025-07-04,L01825,Pune Central Police Station,Bengaluru,Closed,Local Police,DOC02010,0.91,2024-02-23 06:05:02,2024-08-30 13:18:38
C00685,FIR/2025/7186,Criminal,Money Laundering,2025-11-23,2025-11-21,L02344,Bhopal Central Police Station,Pune,Pending Trial,Local Police,DOC02775,0.94,2024-08-27 20:40:54,2024-08-30 06:40:54
C00686,FIR/2025/2845,Cyber,Vehicle Theft,2025-08-09,2025-07-15,L00478,Dewas Central Police Station,Mumbai,Closed,Local Police,DOC01760,0.81,2026-08-25 11:31:38,2026-09-04 23:59:59
C00687,FIR/2025/8162,Economic,Forgery,2025-04-19,2025-04-17,L01223,Nagpur Central Police Station,Gurugram,Open,Local Police,DOC00682,0.86,2024-03-07 03:33:31,2024-03-29 13:33:31
C00688,FIR/2026/4734,Economic,Robbery,2026-07-19,2026-06-22,L01278,Mumbai Central Police Station,Hyderabad,Open,Economic Offences Unit,DOC01821,0.97,2024-01-27 16:52:21,2026-03-12 20:23:45
C00689,FIR/2025/5382,Organized Crime,Money Laundering,2025-08-29,2025-08-13,L00579,Jabalpur Central Police Station,Jabalpur,Under Investigation,Crime Branch,DOC02163,0.92,2026-04-27 01:33:32,2026-05-10 06:33:32
C00690,FIR/2026/2450,Economic,Forgery,2026-01-22,2026-01-16,L02170,Gwalior Central Police Station,Jabalpur,Closed,Cyber Cell,DOC02868,0.91,2025-12-16 09:53:53,2026-05-05 08:36:21
C00691,FIR/2026/5574,Economic,Forgery,2026-06-27,2026-06-24,L00478,Surat Central Police Station,Pune,Under Investigation,Economic Offences Unit,DOC01722,0.87,2025-01-06 02:06:01,2026-03-22 20:31:31
C00692,FIR/2024/4057,Criminal,Assault,2024-09-24,2024-08-26,L02206,Nagpur Central Police Station,Gurugram,Closed,Local Police,DOC02916,0.94,2025-03-14 18:09:26,2025-04-01 04:09:26
C00693,FIR/2025/8311,Cyber,Extortion,2025-04-02,2025-03-27,L01969,Ujjain Central Police Station,Ujjain,Under Investigation,Economic Offences Unit,DOC00076,0.85,2026-01-15 05:26:37,2026-06-30 23:05:09
C00694,FIR/2025/1165,Organized Crime,Burglary,2025-11-04,2025-10-20,L00492,Gwalior Central Police Station,Jaipur,Open,Crime Branch,DOC01715,0.92,2024-10-21 14:48:43,2024-10-27 17:48:43
C00695,FIR/2024/1899,Economic,Fraud,2024-11-06,2024-11-04,L00611,Jabalpur Central Police Station,Nagpur,Open,Economic Offences Unit,DOC01431,0.81,2026-07-19 11:07:33,2026-07-22 04:07:33
C00696,FIR/2025/1110,Organized Crime,Cybercrime,2025-05-15,2025-05-02,L00181,Ujjain Central Police Station,Dewas,Pending Trial,Crime Branch,DOC01502,0.94,2026-02-07 06:50:52,2026-02-16 05:50:52
C00697,FIR/2025/4693,Criminal,Cybercrime,2025-02-16,2025-01-24,L02112,Surat Central Police Station,Ahmedabad,Under Investigation,Cyber Cell,DOC00730,0.85,2024-09-24 16:58:11,2024-09-29 08:58:11
C00698,FIR/2025/6538,Cyber,Fraud,2025-05-17,2025-05-07,L01443,Indore Central Police Station,Nagpur,Pending Trial,Economic Offences Unit,DOC01239,0.93,2024-05-23 06:30:30,2026-05-05 08:03:14
C00699,FIR/2025/7586,Economic,Burglary,2025-12-10,2025-11-20,L01297,Surat Central Police Station,Jaipur,Pending Trial,Crime Branch,DOC01583,0.9,2024-02-20 15:22:00,2026-06-28 12:04:37
C00700,FIR/2024/6282,Organized Crime,Vehicle Theft,2024-11-14,2024-11-14,L01303,Lucknow Central Police Station,Jabalpur,Under Investigation,Cyber Cell,DOC00051,0.97,2024-07-02 01:31:45,2024-08-28 13:24:53
C00701,FIR/2024/0467,Cyber,Illegal Gambling,2024-04-25,2024-04-19,L01310,Jaipur Central Police Station,Bhopal,Closed,Local Police,DOC01299,0.88,2025-02-07 02:11:49,2026-05-18 07:55:09
C00702,FIR/2026/8090,Organized Crime,Vehicle Theft,2026-04-28,2026-03-31,L00590,Indore Central Police Station,Lucknow,Open,Economic Offences Unit,DOC00664,0.93,2024-03-01 23:01:14,2024-03-12 20:01:14
C00703,FIR/2026/1122,Cyber,Fraud,2026-09-04,2026-08-30,L00296,Pune Central Police Station,Jabalpur,Closed,Local Police,DOC01260,0.86,2024-05-10 13:43:06,2024-12-22 21:46:05
C00704,FIR/2025/5897,Economic,Burglary,2025-05-27,2025-05-01,L01171,Jaipur Central Police Station,Surat,Open,Cyber Cell,DOC02421,0.8,2024-12-05 12:03:47,2024-12-07 06:03:47
C00705,FIR/2026/2165,Organized Crime,Forgery,2026-07-23,2026-07-02,L00885,Vadodara Central Police Station,Delhi,Closed,Economic Offences Unit,DOC02551,0.88,2026-05-17 03:06:41,2026-05-30 09:06:41
C00706,FIR/2026/4451,Cyber,Money Laundering,2026-01-15,2026-01-15,L00165,Pune Central Police Station,Surat,Under Investigation,Economic Offences Unit,DOC02236,0.96,2025-07-26 20:38:59,2025-08-24 23:38:59
C00707,FIR/2026/7855,Cyber,Cybercrime,2026-03-31,2026-03-16,L01848,Indore Central Police Station,Kanpur,Closed,Cyber Cell,DOC00769,0.97,2024-04-11 13:32:28,2024-04-27 13:47:19
C00708,FIR/2026/8737,Economic,Forgery,2026-08-24,2026-07-27,L00481,Vadodara Central Police Station,Hyderabad,Closed,Local Police,DOC02053,0.9,2025-09-27 22:50:04,2025-10-11 11:50:04
C00709,FIR/2026/9563,Cyber,Vehicle Theft,2026-07-06,2026-06-11,L01535,Dewas Central Police Station,Mumbai,Open,Crime Branch,DOC02356,0.94,2024-11-16 19:29:20,2024-12-15 04:29:20
C00710,FIR/2024/6305,Organized Crime,Illegal Gambling,2024-05-29,2024-05-03,L02263,Lucknow Central Police Station,Kota,Open,Crime Branch,DOC00627,0.89,2024-07-21 18:58:12,2025-03-18 08:50:41
C00711,FIR/2024/4989,Criminal,Illegal Gambling,2024-07-05,2024-06-24,L01135,Indore Central Police Station,Mumbai,Under Investigation,Cyber Cell,DOC01987,0.86,2024-12-16 03:13:37,2025-06-05 14:49:12
C00712,FIR/2024/4647,Cyber,Smuggling,2024-12-17,2024-11-24,L00283,Ujjain Central Police Station,Pune,Pending Trial,Crime Branch,DOC01253,0.85,2025-05-10 15:10:53,2025-05-21 17:10:53
C00713,FIR/2025/8588,Cyber,Fraud,2025-09-09,2025-09-05,L01607,Delhi Central Police Station,Lucknow,Pending Trial,Crime Branch,DOC00598,0.94,2026-06-16 12:07:28,2026-07-07 23:07:28
C00714,FIR/2026/9236,Criminal,Illegal Gambling,2026-06-15,2026-06-02,L01048,Indore Central Police Station,Pune,Open,Local Police,DOC01382,0.82,2024-05-27 13:03:17,2024-06-26 11:03:17
C00715,FIR/2026/4650,Economic,Vehicle Theft,2026-07-03,2026-06-18,L00955,Delhi Central Police Station,Pune,Under Investigation,Local Police,DOC02320,0.83,2024-09-04 03:20:42,2024-09-22 13:20:42
C00716,FIR/2024/2059,Cyber,Extortion,2024-05-13,2024-04-19,L01016,Dewas Central Police Station,Kanpur,Closed,Economic Offences Unit,DOC01520,0.96,2024-06-02 03:08:14,2026-07-14 16:01:59
C00717,FIR/2026/2713,Criminal,Forgery,2026-03-09,2026-02-13,L01432,Hyderabad Central Police Station,Jabalpur,Pending Trial,Cyber Cell,DOC00389,0.92,2024-03-30 01:31:42,2024-10-27 07:36:15
C00718,FIR/2026/2075,Economic,Extortion,2026-08-22,2026-07-27,L02027,Bengaluru Central Police Station,Bengaluru,Closed,Economic Offences Unit,DOC02400,0.94,2024-09-08 11:30:35,2026-03-16 18:11:31
C00719,FIR/2024/0016,Economic,Fraud,2024-03-23,2024-03-23,L02380,Dewas Central Police Station,Dewas,Open,Local Police,DOC02440,0.85,2025-04-12 15:49:44,2025-12-13 01:11:41
C00720,FIR/2025/0636,Criminal,Vehicle Theft,2025-11-05,2025-10-28,L00162,Bengaluru Central Police Station,Mumbai,Open,Cyber Cell,DOC01265,0.85,2024-07-04 01:59:23,2024-12-15 09:34:27
C00721,FIR/2025/7120,Economic,Robbery,2025-08-30,2025-08-23,L01000,Ahmedabad Central Police Station,Surat,Open,Crime Branch,DOC01945,0.81,2026-08-05 21:25:52,2026-08-23 22:25:52
C00722,FIR/2024/3479,Economic,Forgery,2024-02-02,2024-01-30,L00363,Surat Central Police Station,Delhi,Open,Local Police,DOC00458,0.81,2024-11-30 04:19:14,2026-06-30 22:20:16
C00723,FIR/2024/6617,Economic,Money Laundering,2024-04-27,2024-04-22,L02394,Lucknow Central Police Station,Vadodara,Open,Local Police,DOC02561,0.96,2025-07-21 05:43:03,2025-08-07 10:43:03
C00724,FIR/2026/6335,Organized Crime,Smuggling,2026-06-24,2026-06-19,L00768,Delhi Central Police Station,Delhi,Pending Trial,Local Police,DOC02849,0.84,2025-10-18 19:37:33,2025-11-14 06:37:33
C00725,FIR/2025/7280,Cyber,Smuggling,2025-08-09,2025-07-31,L00801,Bhopal Central Police Station,Jaipur,Pending Trial,Crime Branch,DOC01572,0.85,2026-04-06 21:54:31,2026-04-29 20:54:31
C00726,FIR/2026/8639,Criminal,Vehicle Theft,2026-07-27,2026-07-20,L01158,Ujjain Central Police Station,Vadodara,Closed,Cyber Cell,DOC01372,0.83,2024-09-24 11:44:58,2026-06-03 01:23:50
C00727,FIR/2025/7866,Cyber,Assault,2025-01-13,2025-01-07,L02280,Hyderabad Central Police Station,Gwalior,Open,Cyber Cell,DOC02838,0.91,2024-06-13 08:08:56,2026-05-09 05:44:16
C00728,FIR/2025/2227,Criminal,Smuggling,2025-06-30,2025-06-10,L00263,Gurugram Central Police Station,Bengaluru,Closed,Crime Branch,DOC02579,0.85,2024-04-02 15:55:59,2024-04-04 13:55:59
C00729,FIR/2025/2646,Criminal,Fraud,2025-01-31,2025-01-13,L02027,Vadodara Central Police Station,Bengaluru,Pending Trial,Economic Offences Unit,DOC01733,0.89,2026-03-06 04:06:23,2026-03-17 06:06:23
C00730,FIR/2026/3297,Cyber,Vehicle Theft,2026-03-20,2026-03-09,L00659,Ahmedabad Central Police Station,Jaipur,Under Investigation,Crime Branch,DOC01647,0.83,2025-03-19 06:36:28,2026-02-28 16:11:18
C00731,FIR/2026/4391,Economic,Cybercrime,2026-07-08,2026-06-20,L01180,Indore Central Police Station,Ahmedabad,Open,Economic Offences Unit,DOC01275,0.86,2024-01-17 15:35:32,2024-06-07 09:29:46
C00732,FIR/2025/2329,Economic,Smuggling,2025-07-11,2025-06-11,L00215,Bengaluru Central Police Station,Jaipur,Closed,Crime Branch,DOC00816,0.94,2026-01-04 19:03:43,2026-02-18 13:36:03
C00733,FIR/2026/5515,Organized Crime,Forgery,2026-08-25,2026-07-31,L00033,Gurugram Central Police Station,Gurugram,Pending Trial,Local Police,DOC00333,0.94,2024-04-25 02:23:20,2026-06-10 12:52:48
C00734,FIR/2026/9583,Organized Crime,Extortion,2026-03-09,2026-02-25,L01226,Surat Central Police Station,Ujjain,Pending Trial,Cyber Cell,DOC00264,0.92,2025-09-24 12:46:30,2026-03-10 16:30:42
C00735,FIR/2025/5121,Cyber,Cybercrime,2025-04-22,2025-03-23,L00289,Pune Central Police Station,Bhopal,Closed,Local Police,DOC02303,0.81,2026-01-07 15:34:28,2026-01-20 16:47:44
C00736,FIR/2024/4715,Criminal,Burglary,2024-10-28,2024-10-27,L00240,Nagpur Central Police Station,Jabalpur,Closed,Crime Branch,DOC02693,0.83,2025-12-27 20:23:44,2026-01-08 06:23:44
C00737,FIR/2025/7786,Organized Crime,Cybercrime,2025-11-06,2025-10-27,L00083,Bhopal Central Police Station,Mumbai,Closed,Economic Offences Unit,DOC01333,0.84,2025-08-18 13:49:29,2025-08-19 14:49:29
C00738,FIR/2025/5763,Criminal,Illegal Gambling,2025-11-12,2025-10-30,L01500,Surat Central Police Station,Surat,Pending Trial,Cyber Cell,DOC01371,0.82,2026-02-27 15:19:15,2026-04-27 15:16:22
C00739,FIR/2025/5753,Organized Crime,Vehicle Theft,2025-05-29,2025-05-15,L01439,Kota Central Police Station,Dewas,Pending Trial,Economic Offences Unit,DOC02799,0.85,2025-06-18 13:12:34,2025-07-16 22:12:34
C00740,FIR/2026/8234,Cyber,Forgery,2026-03-16,2026-02-22,L01364,Hyderabad Central Police Station,Kanpur,Open,Economic Offences Unit,DOC00684,0.91,2025-07-08 12:10:44,2025-07-22 19:10:44
C00741,FIR/2024/6967,Cyber,Extortion,2024-08-30,2024-08-27,L01206,Kanpur Central Police Station,Bhopal,Pending Trial,Local Police,DOC00541,0.86,2026-07-29 21:13:41,2026-08-22 15:13:41
C00742,FIR/2024/5590,Organized Crime,Burglary,2024-12-08,2024-11-09,L01244,Pune Central Police Station,Vadodara,Open,Crime Branch,DOC01086,0.92,2025-06-09 06:26:35,2025-06-22 06:21:08
C00743,FIR/2025/0194,Criminal,Fraud,2025-07-14,2025-07-08,L01617,Jaipur Central Police Station,Dewas,Pending Trial,Crime Branch,DOC00807,0.8,2024-07-03 04:44:34,2026-05-19 12:45:16
C00744,FIR/2024/7739,Cyber,Extortion,2024-11-24,2024-10-30,L00906,Nagpur Central Police Station,Bhopal,Pending Trial,Cyber Cell,DOC00258,0.82,2026-05-31 16:28:34,2026-06-25 14:28:34
C00745,FIR/2025/7084,Cyber,Fraud,2025-07-17,2025-06-28,L00693,Indore Central Police Station,Surat,Pending Trial,Economic Offences Unit,DOC02594,0.87,2025-06-15 22:35:46,2025-07-15 22:35:46
C00746,FIR/2025/0336,Criminal,Vehicle Theft,2025-08-01,2025-07-27,L01854,Delhi Central Police Station,Gurugram,Open,Local Police,DOC00640,0.86,2024-09-22 16:31:16,2025-04-13 00:49:12
C00747,FIR/2025/1384,Economic,Cybercrime,2025-07-20,2025-07-06,L02267,Bengaluru Central Police Station,Nagpur,Open,Local Police,DOC00063,0.9,2024-06-19 15:28:39,2026-06-04 17:34:09
C00748,FIR/2026/3344,Criminal,Forgery,2026-08-11,2026-08-04,L00390,Delhi Central Police Station,Mumbai,Closed,Crime Branch,DOC00791,0.93,2026-07-27 11:49:29,2026-08-04 05:49:29
C00749,FIR/2025/7302,Cyber,Robbery,2025-06-19,2025-06-16,L00746,Delhi Central Police Station,Indore,Open,Local Police,DOC02566,0.93,2025-09-05 13:57:15,2025-09-08 02:57:15
C00750,FIR/2024/8358,Organized Crime,Money Laundering,2024-02-20,2024-02-09,L00923,Gurugram Central Police Station,Ujjain,Open,Local Police,DOC01056,0.88,2026-07-10 13:21:28,2026-08-05 17:21:28
C00751,FIR/2024/2093,Economic,Vehicle Theft,2024-09-20,2024-08-24,L01235,Gurugram Central Police Station,Hyderabad,Pending Trial,Local Police,DOC01718,0.88,2025-05-05 13:11:37,2025-05-25 00:11:37
C00752,FIR/2024/7952,Economic,Robbery,2024-03-21,2024-03-09,L00626,Jaipur Central Police Station,Mumbai,Under Investigation,Crime Branch,DOC00694,0.95,2025-11-11 15:50:43,2025-12-07 04:50:43
C00753,FIR/2025/8028,Economic,Money Laundering,2025-02-24,2025-02-10,L01834,Vadodara Central Police Station,Kanpur,Closed,Crime Branch,DOC00687,0.97,2025-09-14 10:35:53,2025-10-02 07:35:53
C00754,FIR/2024/2473,Organized Crime,Illegal Gambling,2024-04-28,2024-04-26,L00755,Gurugram Central Police Station,Ujjain,Open,Local Police,DOC01312,0.92,2026-06-08 08:50:54,2026-07-05 18:50:54
C00755,FIR/2025/4955,Cyber,Cybercrime,2025-11-03,2025-11-03,L01936,Bhopal Central Police Station,Delhi,Open,Cyber Cell,DOC01411,0.89,2024-07-04 09:12:28,2026-01-18 06:55:40
C00756,FIR/2026/8970,Criminal,Burglary,2026-06-29,2026-06-04,L01732,Delhi Central Police Station,Nagpur,Open,Crime Branch,DOC00144,0.82,2024-01-22 00:56:51,2024-05-13 14:34:52
C00757,FIR/2024/9142,Criminal,Forgery,2024-10-27,2024-10-15,L01660,Kanpur Central Police Station,Kota,Under Investigation,Local Police,DOC01653,0.82,2025-07-30 14:26:59,2025-08-07 00:26:59
C00758,FIR/2026/7230,Cyber,Burglary,2026-04-23,2026-04-01,L01362,Pune Central Police Station,Surat,Pending Trial,Cyber Cell,DOC01269,0.82,2025-04-29 23:11:28,2025-06-04 20:40:50
C00759,FIR/2024/0715,Criminal,Cybercrime,2024-05-21,2024-05-16,L02499,Gwalior Central Police Station,Bhopal,Closed,Economic Offences Unit,DOC00252,0.87,2025-09-03 01:59:32,2025-09-27 18:59:32
C00760,FIR/2024/4185,Cyber,Forgery,2024-04-11,2024-03-16,L01955,Jabalpur Central Police Station,Delhi,Closed,Cyber Cell,DOC02516,0.85,2025-10-08 15:45:46,2025-11-05 05:45:46
C00761,FIR/2026/7816,Economic,Assault,2026-07-26,2026-07-21,L01482,Gurugram Central Police Station,Vadodara,Under Investigation,Crime Branch,DOC00605,0.85,2024-02-04 12:03:52,2025-06-14 11:54:49
C00762,FIR/2024/0835,Organized Crime,Smuggling,2024-09-15,2024-08-20,L00085,Surat Central Police Station,Dewas,Closed,Economic Offences Unit,DOC02090,0.83,2024-06-05 16:51:33,2026-08-22 08:15:40
C00763,FIR/2025/3759,Organized Crime,Extortion,2025-08-09,2025-08-09,L01978,Vadodara Central Police Station,Jabalpur,Under Investigation,Local Police,DOC01221,0.88,2025-12-04 10:43:53,2025-12-31 07:43:53
C00764,FIR/2025/8144,Organized Crime,Assault,2025-01-13,2025-01-04,L00486,Gwalior Central Police Station,Delhi,Open,Cyber Cell,DOC00359,0.92,2024-02-06 02:54:07,2026-08-08 03:43:39
C00765,FIR/2026/5530,Cyber,Money Laundering,2026-01-17,2026-01-03,L01550,Mumbai Central Police Station,Nagpur,Closed,Economic Offences Unit,DOC02918,0.83,2025-04-13 11:25:08,2025-05-12 08:25:08
C00766,FIR/2026/3266,Economic,Illegal Gambling,2026-06-03,2026-05-16,L01369,Mumbai Central Police Station,Nagpur,Open,Economic Offences Unit,DOC01947,0.96,2024-10-01 21:55:05,2024-12-02 14:04:34
C00767,FIR/2025/6735,Economic,Money Laundering,2025-03-13,2025-02-23,L01688,Kanpur Central Police Station,Nagpur,Closed,Crime Branch,DOC01789,0.84,2026-07-05 17:17:34,2026-07-29 02:12:42
C00768,FIR/2024/4477,Criminal,Vehicle Theft,2024-11-01,2024-10-11,L00082,Bhopal Central Police Station,Delhi,Under Investigation,Local Police,DOC02327,0.86,2024-12-23 21:38:12,2025-03-21 17:29:26
C00769,FIR/2024/2366,Cyber,Extortion,2024-03-27,2024-03-05,L01116,Gwalior Central Police Station,Pune,Open,Local Police,DOC02938,0.96,2024-11-16 11:53:46,2024-12-05 19:53:46
C00770,FIR/2024/2995,Economic,Illegal Gambling,2024-01-07,2024-01-02,L01452,Surat Central Police Station,Indore,Pending Trial,Local Police,DOC01790,0.86,2024-05-17 21:58:45,2025-10-20 19:47:40
C00771,FIR/2024/3357,Economic,Money Laundering,2024-12-27,2024-12-14,L00216,Bengaluru Central Police Station,Nagpur,Open,Cyber Cell,DOC02892,0.97,2024-03-22 19:43:56,2025-02-15 12:54:24
C00772,FIR/2025/2226,Organized Crime,Burglary,2025-08-28,2025-08-13,L01291,Lucknow Central Police Station,Bhopal,Open,Cyber Cell,DOC00089,0.88,2026-01-13 08:28:15,2026-01-20 10:28:15
C00773,FIR/2025/9573,Criminal,Extortion,2025-09-05,2025-08-26,L00567,Kanpur Central Police Station,Lucknow,Under Investigation,Crime Branch,DOC00940,0.97,2026-05-25 21:55:01,2026-06-11 00:55:01
C00774,FIR/2025/5031,Cyber,Fraud,2025-01-29,2025-01-08,L02018,Bhopal Central Police Station,Kanpur,Under Investigation,Crime Branch,DOC01429,0.96,2024-01-21 02:23:38,2024-11-02 07:00:04
C00775,FIR/2024/8146,Economic,Cybercrime,2024-12-15,2024-12-11,L00693,Vadodara Central Police Station,Pune,Closed,Local Police,DOC02020,0.84,2024-09-08 06:18:00,2025-05-08 13:56:08
C00776,FIR/2024/9102,Cyber,Cybercrime,2024-08-03,2024-07-24,L00969,Hyderabad Central Police Station,Indore,Closed,Cyber Cell,DOC02357,0.83,2026-05-02 05:06:52,2026-05-04 10:06:52
C00777,FIR/2024/8117,Organized Crime,Burglary,2024-11-12,2024-11-04,L00358,Nagpur Central Police Station,Jabalpur,Closed,Economic Offences Unit,DOC01349,0.95,2026-01-26 20:58:51,2026-01-28 22:58:51
C00778,FIR/2024/1909,Criminal,Smuggling,2025-01-01,2024-12-22,L02407,Kanpur Central Police Station,Lucknow,Pending Trial,Cyber Cell,DOC00261,0.87,2025-01-21 17:03:56,2025-02-13 15:03:56
C00779,FIR/2024/2337,Organized Crime,Illegal Gambling,2024-04-18,2024-03-20,L01588,Jaipur Central Police Station,Mumbai,Under Investigation,Local Police,DOC00493,0.82,2024-08-07 12:51:25,2024-10-11 08:00:12
C00780,FIR/2024/2270,Criminal,Vehicle Theft,2024-12-15,2024-11-28,L00532,Jaipur Central Police Station,Pune,Open,Crime Branch,DOC00958,0.92,2025-04-25 13:35:27,2025-04-28 02:35:27
C00781,FIR/2024/1074,Criminal,Robbery,2024-12-03,2024-11-20,L00197,Bhopal Central Police Station,Mumbai,Under Investigation,Cyber Cell,DOC00145,0.87,2026-05-17 05:27:05,2026-06-10 12:27:05
C00782,FIR/2024/7479,Economic,Vehicle Theft,2024-10-10,2024-10-06,L02205,Bhopal Central Police Station,Vadodara,Pending Trial,Economic Offences Unit,DOC02769,0.89,2025-08-24 08:11:04,2025-09-19 11:11:04
C00783,FIR/2024/2924,Economic,Extortion,2025-01-11,2024-12-23,L02423,Kota Central Police Station,Ujjain,Open,Local Police,DOC01718,0.97,2026-08-11 18:40:55,2026-08-16 08:40:55
C00784,FIR/2025/0248,Criminal,Robbery,2025-10-18,2025-10-12,L02252,Surat Central Police Station,Vadodara,Under Investigation,Local Police,DOC00141,0.86,2024-04-28 10:10:56,2024-11-07 12:33:38
C00785,FIR/2025/1844,Economic,Vehicle Theft,2025-05-16,2025-05-09,L00396,Ujjain Central Police Station,Delhi,Pending Trial,Crime Branch,DOC00277,0.86,2026-07-24 19:32:23,2026-08-17 03:32:23
C00786,FIR/2025/2167,Economic,Vehicle Theft,2025-03-02,2025-02-26,L01968,Gwalior Central Police Station,Indore,Closed,Cyber Cell,DOC00237,0.9,2024-07-30 01:48:00,2025-08-30 23:37:26
C00787,FIR/2025/7031,Criminal,Cybercrime,2025-01-29,2025-01-10,L02157,Surat Central Police Station,Ujjain,Pending Trial,Crime Branch,DOC02810,0.89,2025-01-18 16:18:27,2025-01-23 05:18:27
C00788,FIR/2024/2028,Criminal,Burglary,2024-09-20,2024-09-07,L01813,Ahmedabad Central Police Station,Pune,Closed,Crime Branch,DOC00464,0.89,2026-03-06 09:24:29,2026-03-18 16:24:29
C00789,FIR/2024/0753,Economic,Vehicle Theft,2024-04-06,2024-03-09,L02109,Ahmedabad Central Police Station,Nagpur,Pending Trial,Cyber Cell,DOC00153,0.92,2024-05-02 14:29:54,2026-03-28 20:07:30
C00790,FIR/2024/9508,Criminal,Vehicle Theft,2024-11-27,2024-11-10,L01335,Mumbai Central Police Station,Dewas,Closed,Cyber Cell,DOC01135,0.91,2024-04-14 12:24:29,2026-02-09 14:56:17
C00791,FIR/2024/5560,Criminal,Cybercrime,2024-12-09,2024-11-23,L01734,Dewas Central Police Station,Mumbai,Pending Trial,Cyber Cell,DOC01806,0.82,2026-05-06 19:33:20,2026-05-28 16:33:20
C00792,FIR/2025/7201,Criminal,Money Laundering,2025-10-08,2025-09-08,L00704,Delhi Central Police Station,Delhi,Pending Trial,Local Police,DOC00485,0.81,2026-08-12 06:02:42,2026-08-13 13:02:42
C00793,FIR/2024/7625,Cyber,Burglary,2024-04-11,2024-04-09,L00988,Kota Central Police Station,Bengaluru,Pending Trial,Crime Branch,DOC02332,0.84,2024-11-07 15:12:55,2024-12-04 14:48:10
C00794,FIR/2026/0829,Organized Crime,Forgery,2026-05-13,2026-05-06,L02291,Kota Central Police Station,Nagpur,Pending Trial,Crime Branch,DOC00728,0.9,2024-05-08 14:31:43,2026-04-21 01:10:33
C00795,FIR/2025/8352,Cyber,Assault,2025-09-21,2025-09-07,L01982,Vadodara Central Police Station,Nagpur,Under Investigation,Economic Offences Unit,DOC02090,0.92,2025-06-12 05:51:32,2026-01-11 22:47:25
C00796,FIR/2024/2481,Criminal,Forgery,2024-03-12,2024-02-28,L00020,Nagpur Central Police Station,Vadodara,Pending Trial,Economic Offences Unit,DOC01161,0.83,2026-04-28 13:13:38,2026-07-15 07:36:34
C00797,FIR/2025/2326,Organized Crime,Forgery,2025-05-30,2025-05-09,L01346,Dewas Central Police Station,Indore,Under Investigation,Crime Branch,DOC02277,0.88,2024-05-18 08:52:52,2024-11-01 01:54:05
C00798,FIR/2024/9435,Criminal,Illegal Gambling,2024-09-18,2024-09-07,L00125,Gurugram Central Police Station,Jaipur,Under Investigation,Cyber Cell,DOC01056,0.84,2025-10-25 02:32:36,2025-10-26 17:32:36
C00799,FIR/2024/7573,Organized Crime,Illegal Gambling,2024-03-26,2024-03-11,L01240,Indore Central Police Station,Bengaluru,Pending Trial,Economic Offences Unit,DOC02601,0.91,2024-05-29 08:27:44,2026-01-23 07:07:37
C00800,FIR/2025/8969,Economic,Cybercrime,2025-12-12,2025-11-26,L01431,Kota Central Police Station,Gurugram,Pending Trial,Cyber Cell,DOC02417,0.89,2025-11-08 05:21:50,2026-07-14 22:23:39
C00801,FIR/2026/0112,Organized Crime,Money Laundering,2026-01-11,2026-01-03,L01015,Bengaluru Central Police Station,Gwalior,Pending Trial,Crime Branch,DOC01038,0.91,2024-09-14 19:27:43,2024-09-19 18:27:43
C00802,FIR/2024/8465,Cyber,Money Laundering,2024-04-20,2024-03-30,L00291,Bhopal Central Police Station,Surat,Closed,Local Police,DOC02405,0.82,2025-10-25 13:59:51,2025-11-05 16:59:51
C00803,FIR/2024/8886,Economic,Burglary,2024-04-12,2024-03-17,L02139,Dewas Central Police Station,Pune,Pending Trial,Economic Offences Unit,DOC01045,0.94,2026-03-30 20:25:14,2026-04-13 10:22:51
C00804,FIR/2024/4608,Criminal,Cybercrime,2024-11-06,2024-10-21,L02155,Kota Central Police Station,Surat,Closed,Local Police,DOC01528,0.84,2024-08-10 19:18:46,2026-04-09 13:44:32
C00805,FIR/2024/8001,Economic,Cybercrime,2024-12-01,2024-11-14,L00714,Gurugram Central Police Station,Hyderabad,Closed,Local Police,DOC02516,0.93,2025-02-05 15:01:06,2025-02-22 05:01:06
C00806,FIR/2025/4536,Cyber,Robbery,2025-09-19,2025-09-15,L00106,Dewas Central Police Station,Gurugram,Pending Trial,Economic Offences Unit,DOC02067,0.88,2024-12-03 21:17:13,2024-12-30 03:17:13
C00807,FIR/2025/8202,Cyber,Money Laundering,2025-01-06,2025-01-01,L02333,Kota Central Police Station,Jaipur,Closed,Cyber Cell,DOC01339,0.82,2025-07-20 18:25:41,2025-08-15 19:25:41
C00808,FIR/2024/5888,Cyber,Extortion,2024-03-11,2024-03-05,L01116,Hyderabad Central Police Station,Nagpur,Pending Trial,Cyber Cell,DOC02536,0.91,2026-04-03 15:25:38,2026-05-01 04:25:38
C00809,FIR/2026/6703,Criminal,Fraud,2026-02-19,2026-01-21,L00970,Kota Central Police Station,Pune,Pending Trial,Economic Offences Unit,DOC02726,0.89,2024-06-23 14:09:18,2026-01-21 03:33:29
C00810,FIR/2026/8940,Organized Crime,Smuggling,2026-02-26,2026-02-09,L00907,Jabalpur Central Police Station,Vadodara,Under Investigation,Local Police,DOC00429,0.93,2024-08-23 10:50:25,2024-09-18 01:50:25
C00811,FIR/2024/8887,Organized Crime,Burglary,2024-03-02,2024-02-23,L01699,Lucknow Central Police Station,Hyderabad,Pending Trial,Economic Offences Unit,DOC02694,0.97,2024-04-27 01:25:21,2025-04-29 09:24:48
C00812,FIR/2024/3861,Criminal,Robbery,2024-09-28,2024-09-02,L01808,Mumbai Central Police Station,Mumbai,Closed,Cyber Cell,DOC02036,0.89,2024-02-27 11:08:06,2025-06-13 18:21:11
C00813,FIR/2025/9261,Cyber,Assault,2025-01-21,2025-01-20,L01153,Jaipur Central Police Station,Lucknow,Closed,Cyber Cell,DOC00264,0.95,2025-05-14 16:05:17,2025-05-27 07:05:17
C00814,FIR/2024/6123,Organized Crime,Illegal Gambling,2024-12-15,2024-12-08,L00348,Bengaluru Central Police Station,Pune,Under Investigation,Local Police,DOC00713,0.95,2024-08-02 17:04:59,2024-08-31 06:09:57
C00815,FIR/2026/5998,Economic,Cybercrime,2026-07-21,2026-07-06,L02200,Kota Central Police Station,Kanpur,Under Investigation,Economic Offences Unit,DOC01422,0.97,2025-06-25 12:02:26,2025-06-27 23:02:26
C00816,FIR/2025/9366,Criminal,Cybercrime,2025-01-24,2025-01-10,L01857,Gurugram Central Police Station,Bengaluru,Under Investigation,Crime Branch,DOC02749,0.97,2024-08-21 23:52:16,2024-09-15 19:52:16
C00817,FIR/2025/0644,Economic,Assault,2025-12-18,2025-11-18,L01646,Surat Central Police Station,Bengaluru,Under Investigation,Local Police,DOC01403,0.8,2024-05-13 08:17:44,2025-05-06 18:13:55
C00818,FIR/2024/0314,Criminal,Illegal Gambling,2024-12-17,2024-11-22,L00586,Ujjain Central Police Station,Bhopal,Pending Trial,Crime Branch,DOC02766,0.89,2025-07-06 01:56:34,2025-07-31 00:56:34
C00819,FIR/2025/9591,Cyber,Money Laundering,2025-04-29,2025-03-31,L01363,Ujjain Central Police Station,Dewas,Closed,Local Police,DOC01673,0.88,2024-04-19 17:52:04,2024-04-30 18:52:04
C00820,FIR/2026/2414,Criminal,Robbery,2026-01-17,2026-01-12,L02030,Kota Central Police Station,Vadodara,Pending Trial,Local Police,DOC02577,0.81,2025-08-18 02:32:40,2025-08-19 04:32:40
C00821,FIR/2024/2075,Cyber,Smuggling,2024-11-05,2024-10-21,L01572,Kota Central Police Station,Bhopal,Closed,Crime Branch,DOC00548,0.92,2026-08-19 13:32:15,2026-09-04 23:59:59
C00822,FIR/2025/7058,Economic,Smuggling,2025-03-18,2025-03-05,L01156,Jaipur Central Police Station,Kanpur,Pending Trial,Economic Offences Unit,DOC01530,0.92,2024-04-26 13:35:49,2024-12-12 03:00:40
C00823,FIR/2024/5066,Economic,Illegal Gambling,2024-12-20,2024-12-19,L01310,Ahmedabad Central Police Station,Bhopal,Pending Trial,Cyber Cell,DOC01965,0.82,2024-06-11 02:04:36,2025-06-06 01:30:38
C00824,FIR/2026/1575,Criminal,Robbery,2026-08-15,2026-07-18,L01245,Surat Central Police Station,Vadodara,Under Investigation,Local Police,DOC00373,0.83,2026-04-05 09:12:42,2026-07-12 19:06:30
C00825,FIR/2024/8252,Economic,Illegal Gambling,2024-01-25,2024-01-03,L00438,Pune Central Police Station,Kota,Pending Trial,Cyber Cell,DOC01502,0.83,2024-03-28 08:51:49,2025-05-20 10:31:46
C00826,FIR/2024/3978,Organized Crime,Fraud,2024-04-13,2024-03-29,L02209,Kanpur Central Police Station,Ahmedabad,Under Investigation,Cyber Cell,DOC01196,0.95,2025-03-24 11:39:25,2025-09-22 23:55:39
C00827,FIR/2024/9110,Criminal,Cybercrime,2024-12-09,2024-11-27,L01278,Kanpur Central Police Station,Gurugram,Open,Economic Offences Unit,DOC02143,0.87,2026-04-01 23:02:43,2026-04-13 06:02:43
C00828,FIR/2024/7333,Criminal,Extortion,2024-05-02,2024-04-03,L01030,Delhi Central Police Station,Jaipur,Pending Trial,Cyber Cell,DOC01947,0.81,2025-08-10 06:00:41,2025-08-23 05:00:41
C00829,FIR/2025/4837,Cyber,Extortion,2025-03-01,2025-02-28,L00153,Ahmedabad Central Police Station,Jabalpur,Open,Local Police,DOC00517,0.91,2024-04-10 15:06:41,2025-06-28 21:02:33
C00830,FIR/2024/7506,Criminal,Forgery,2024-02-14,2024-01-23,L02293,Gwalior Central Police Station,Lucknow,Closed,Cyber Cell,DOC01414,0.82,2025-01-15 02:43:32,2026-05-12 12:44:07
C00831,FIR/2024/7926,Cyber,Extortion,2024-06-22,2024-05-31,L00983,Vadodara Central Police Station,Gwalior,Pending Trial,Local Police,DOC02640,0.93,2024-07-16 17:43:36,2026-05-12 15:32:12
C00832,FIR/2024/7184,Organized Crime,Robbery,2024-06-12,2024-05-23,L00631,Mumbai Central Police Station,Lucknow,Under Investigation,Crime Branch,DOC02508,0.95,2026-03-03 16:21:00,2026-05-02 00:26:27
C00833,FIR/2026/8028,Organized Crime,Assault,2026-07-10,2026-06-16,L00910,Ahmedabad Central Police Station,Jaipur,Under Investigation,Cyber Cell,DOC01448,0.95,2025-06-12 20:20:37,2025-11-29 00:13:32
C00834,FIR/2026/4400,Cyber,Smuggling,2026-04-11,2026-04-10,L01346,Hyderabad Central Police Station,Dewas,Pending Trial,Economic Offences Unit,DOC01938,0.84,2026-02-20 20:00:00,2026-03-13 14:00:00
C00835,FIR/2024/8156,Cyber,Burglary,2024-08-16,2024-07-22,L00237,Lucknow Central Police Station,Mumbai,Under Investigation,Economic Offences Unit,DOC02475,0.89,2024-06-16 01:11:28,2026-08-07 05:44:02
C00836,FIR/2025/2850,Organized Crime,Smuggling,2025-12-11,2025-11-19,L01012,Lucknow Central Police Station,Bengaluru,Pending Trial,Crime Branch,DOC00637,0.84,2025-02-01 14:36:21,2025-02-05 03:36:21
C00837,FIR/2026/5150,Economic,Vehicle Theft,2026-04-08,2026-03-28,L01538,Hyderabad Central Police Station,Vadodara,Open,Cyber Cell,DOC01031,0.98,2026-02-04 01:49:30,2026-02-13 08:49:30
C00838,FIR/2024/5908,Cyber,Illegal Gambling,2024-10-12,2024-09-18,L01027,Gwalior Central Police Station,Pune,Under Investigation,Economic Offences Unit,DOC01206,0.82,2024-09-03 13:17:22,2025-10-01 21:49:43
C00839,FIR/2024/9219,Cyber,Burglary,2024-07-05,2024-07-02,L00811,Kota Central Police Station,Bhopal,Pending Trial,Cyber Cell,DOC00247,0.92,2024-11-02 09:18:06,2024-11-03 01:18:06
C00840,FIR/2026/7431,Cyber,Fraud,2026-06-10,2026-05-31,L00661,Ahmedabad Central Police Station,Delhi,Open,Cyber Cell,DOC02079,0.89,2024-10-19 14:03:23,2026-06-29 05:39:52
C00841,FIR/2026/3472,Economic,Assault,2026-03-16,2026-03-06,L01266,Delhi Central Police Station,Indore,Pending Trial,Crime Branch,DOC01075,0.85,2025-03-05 14:33:17,2025-11-07 07:22:05
C00842,FIR/2024/6643,Criminal,Smuggling,2024-05-07,2024-05-05,L01062,Hyderabad Central Police Station,Ujjain,Open,Economic Offences Unit,DOC00233,0.96,2025-07-06 14:28:32,2025-07-30 03:28:32
C00843,FIR/2025/2353,Criminal,Assault,2025-05-02,2025-04-30,L01367,Ahmedabad Central Police Station,Gurugram,Closed,Cyber Cell,DOC02913,0.98,2026-04-24 01:42:31,2026-04-27 03:42:31
C00844,FIR/2024/4098,Organized Crime,Smuggling,2024-03-29,2024-02-28,L00481,Ujjain Central Police Station,Bengaluru,Pending Trial,Economic Offences Unit,DOC01336,0.98,2026-02-09 05:21:06,2026-02-24 18:21:06
C00845,FIR/2025/5239,Cyber,Burglary,2025-05-12,2025-04-28,L00145,Mumbai Central Police Station,Kota,Closed,Cyber Cell,DOC00188,0.86,2024-02-06 14:43:45,2026-01-28 05:15:51
C00846,FIR/2024/2672,Economic,Money Laundering,2024-11-28,2024-11-01,L02446,Dewas Central Police Station,Jaipur,Pending Trial,Local Police,DOC01543,0.93,2025-06-02 23:31:14,2025-06-25 06:31:14
C00847,FIR/2024/5816,Economic,Forgery,2024-12-16,2024-12-16,L02407,Jabalpur Central Police Station,Ahmedabad,Pending Trial,Crime Branch,DOC00686,0.86,2026-06-24 10:45:59,2026-06-25 01:29:08
C00848,FIR/2025/5420,Organized Crime,Illegal Gambling,2025-10-03,2025-09-30,L02069,Ahmedabad Central Police Station,Jaipur,Closed,Economic Offences Unit,DOC01173,0.98,2026-08-09 19:38:32,2026-08-26 19:38:32
C00849,FIR/2025/5774,Cyber,Smuggling,2025-12-14,2025-12-02,L00804,Delhi Central Police Station,Bengaluru,Pending Trial,Economic Offences Unit,DOC01064,0.81,2025-04-06 06:52:21,2025-12-11 19:59:12
C00850,FIR/2024/5424,Criminal,Cybercrime,2024-03-04,2024-02-23,L02156,Vadodara Central Police Station,Kota,Closed,Cyber Cell,DOC02738,0.95,2024-11-22 02:02:08,2024-12-17 15:02:08
C00851,FIR/2024/0587,Cyber,Illegal Gambling,2024-01-21,2024-01-05,L00030,Lucknow Central Police Station,Lucknow,Pending Trial,Local Police,DOC00402,0.93,2025-01-21 08:46:17,2025-03-27 14:41:52
C00852,FIR/2025/9025,Criminal,Forgery,2025-05-11,2025-04-21,L00944,Indore Central Police Station,Lucknow,Under Investigation,Cyber Cell,DOC02237,0.92,2026-07-15 02:38:08,2026-08-12 21:38:08
C00853,FIR/2025/0568,Organized Crime,Illegal Gambling,2025-06-23,2025-06-03,L01164,Ujjain Central Police Station,Dewas,Closed,Economic Offences Unit,DOC00994,0.93,2026-02-19 17:50:24,2026-03-01 01:50:24
C00854,FIR/2024/3367,Criminal,Assault,2024-06-30,2024-06-13,L00211,Mumbai Central Police Station,Delhi,Pending Trial,Crime Branch,DOC01920,0.85,2024-12-02 08:33:24,2025-12-27 01:48:52
C00855,FIR/2025/8757,Criminal,Cybercrime,2025-06-19,2025-06-05,L01458,Gurugram Central Police Station,Kanpur,Closed,Economic Offences Unit,DOC02575,0.86,2024-07-04 05:49:32,2024-08-26 18:39:28
C00856,FIR/2025/1807,Cyber,Cybercrime,2025-05-30,2025-05-06,L02231,Gurugram Central Police Station,Jaipur,Open,Crime Branch,DOC00330,0.86,2026-06-11 20:02:40,2026-06-12 08:02:40
C00857,FIR/2024/2494,Economic,Cybercrime,2024-09-19,2024-09-18,L01599,Ujjain Central Police Station,Pune,Open,Cyber Cell,DOC02559,0.81,2024-04-14 20:09:41,2026-03-06 05:06:08
C00858,FIR/2025/8479,Organized Crime,Robbery,2025-06-21,2025-06-12,L01671,Vadodara Central Police Station,Hyderabad,Under Investigation,Economic Offences Unit,DOC01819,0.96,2024-07-12 15:17:07,2026-05-18 23:32:39
C00859,FIR/2025/3808,Cyber,Burglary,2025-11-29,2025-11-02,L00454,Ahmedabad Central Police Station,Jaipur,Open,Economic Offences Unit,DOC00035,0.89,2025-03-02 03:39:43,2026-02-02 04:35:49
C00860,FIR/2025/7830,Economic,Illegal Gambling,2025-02-10,2025-01-26,L01682,Indore Central Police Station,Gurugram,Closed,Economic Offences Unit,DOC00229,0.92,2025-12-13 00:06:01,2026-08-30 14:25:35
C00861,FIR/2024/0384,Cyber,Money Laundering,2024-11-30,2024-11-27,L00470,Ujjain Central Police Station,Indore,Closed,Crime Branch,DOC00845,0.9,2024-01-06 14:04:14,2024-08-10 08:12:00
C00862,FIR/2025/6384,Criminal,Cybercrime,2025-07-08,2025-06-23,L01026,Dewas Central Police Station,Hyderabad,Closed,Crime Branch,DOC00016,0.82,2025-11-04 12:18:05,2025-12-01 13:18:05
C00863,FIR/2025/4397,Economic,Forgery,2025-06-06,2025-05-25,L01373,Vadodara Central Police Station,Vadodara,Open,Local Police,DOC01415,0.97,2024-10-20 21:51:59,2025-04-02 21:05:41
C00864,FIR/2025/7681,Organized Crime,Money Laundering,2025-08-29,2025-08-23,L00146,Dewas Central Police Station,Kota,Closed,Local Police,DOC02439,0.91,2024-03-25 00:09:58,2025-06-10 01:11:25
C00865,FIR/2024/7502,Cyber,Smuggling,2024-09-23,2024-09-01,L00943,Indore Central Police Station,Indore,Closed,Economic Offences Unit,DOC01640,0.94,2025-06-27 23:51:20,2025-07-16 06:51:20
C00866,FIR/2025/2207,Organized Crime,Money Laundering,2025-03-31,2025-03-19,L01891,Jabalpur Central Police Station,Ahmedabad,Open,Cyber Cell,DOC01517,0.84,2025-05-25 00:55:01,2025-06-05 02:55:01
C00867,FIR/2025/4534,Organized Crime,Illegal Gambling,2025-06-23,2025-06-22,L00101,Jabalpur Central Police Station,Gwalior,Under Investigation,Local Police,DOC02989,0.92,2024-03-08 05:13:08,2025-05-01 09:27:20
C00868,FIR/2024/4190,Economic,Extortion,2024-07-22,2024-07-22,L01907,Bhopal Central Police Station,Indore,Under Investigation,Cyber Cell,DOC01346,0.93,2026-01-04 01:57:11,2026-07-03 13:48:42
C00869,FIR/2026/2716,Organized Crime,Cybercrime,2026-07-24,2026-07-18,L00116,Delhi Central Police Station,Jaipur,Open,Cyber Cell,DOC00837,0.96,2024-03-31 19:07:25,2024-11-14 02:48:58
C00870,FIR/2024/8984,Organized Crime,Illegal Gambling,2024-09-22,2024-09-09,L01025,Lucknow Central Police Station,Ujjain,Pending Trial,Crime Branch,DOC00099,0.89,2026-01-21 13:51:49,2026-02-14 04:51:49
C00871,FIR/2024/0760,Organized Crime,Vehicle Theft,2024-02-06,2024-01-29,L01142,Kota Central Police Station,Pune,Closed,Local Police,DOC00291,0.96,2025-08-18 19:31:22,2025-09-17 13:31:22
C00872,FIR/2025/6216,Organized Crime,Robbery,2025-10-20,2025-09-28,L01606,Surat Central Police Station,Indore,Pending Trial,Local Police,DOC02617,0.83,2025-12-22 03:43:21,2026-01-09 12:43:21
C00873,FIR/2026/3447,Criminal,Vehicle Theft,2026-09-04,2026-08-05,L02093,Kota Central Police Station,Mumbai,Pending Trial,Economic Offences Unit,DOC00294,0.83,2026-07-09 14:12:38,2026-07-14 09:12:38
C00874,FIR/2026/6530,Criminal,Illegal Gambling,2026-02-23,2026-02-12,L01978,Lucknow Central Police Station,Kanpur,Closed,Economic Offences Unit,DOC00536,0.81,2025-10-28 11:19:40,2025-12-13 22:12:55
C00875,FIR/2025/6505,Organized Crime,Fraud,2025-03-10,2025-02-09,L00476,Kanpur Central Police Station,Bhopal,Closed,Cyber Cell,DOC02335,0.86,2026-01-17 12:28:21,2026-08-15 22:48:33
C00876,FIR/2024/7923,Criminal,Robbery,2024-11-21,2024-11-21,L01483,Gwalior Central Police Station,Indore,Open,Crime Branch,DOC01793,0.85,2025-03-25 14:59:14,2025-04-02 18:44:32
C00877,FIR/2025/4064,Criminal,Assault,2025-12-08,2025-11-10,L00910,Bhopal Central Police Station,Kota,Pending Trial,Crime Branch,DOC02146,0.9,2026-03-20 15:50:14,2026-04-14 01:50:14
C00878,FIR/2024/9927,Economic,Extortion,2024-06-16,2024-05-30,L01191,Ujjain Central Police Station,Ujjain,Open,Local Police,DOC01483,0.87,2024-07-26 01:38:15,2025-07-13 19:42:40
C00879,FIR/2026/6336,Economic,Extortion,2026-09-04,2026-08-26,L02086,Pune Central Police Station,Vadodara,Closed,Cyber Cell,DOC01294,0.87,2025-06-29 23:38:04,2026-07-26 16:09:54
C00880,FIR/2025/0060,Organized Crime,Burglary,2025-11-21,2025-11-02,L02456,Mumbai Central Police Station,Kota,Open,Cyber Cell,DOC02561,0.93,2025-05-13 12:11:07,2025-05-25 09:11:07
C00881,FIR/2026/6831,Criminal,Money Laundering,2026-06-20,2026-06-13,L01017,Bengaluru Central Police Station,Ujjain,Under Investigation,Local Police,DOC00632,0.95,2024-02-24 05:44:29,2025-08-14 09:33:24
C00882,FIR/2026/4821,Criminal,Illegal Gambling,2026-04-15,2026-03-21,L01489,Indore Central Police Station,Kanpur,Closed,Cyber Cell,DOC00023,0.97,2025-03-08 16:48:31,2025-04-06 20:48:31
C00883,FIR/2025/0595,Organized Crime,Assault,2025-11-28,2025-11-05,L00482,Ahmedabad Central Police Station,Dewas,Closed,Local Police,DOC01332,0.85,2025-01-28 11:31:36,2025-04-17 04:24:13
C00884,FIR/2026/8564,Cyber,Illegal Gambling,2026-04-23,2026-04-03,L02007,Ujjain Central Police Station,Nagpur,Closed,Economic Offences Unit,DOC02139,0.88,2026-06-20 16:56:43,2026-07-12 10:56:43
C00885,FIR/2025/2382,Criminal,Smuggling,2025-02-27,2025-01-31,L02309,Lucknow Central Police Station,Surat,Under Investigation,Crime Branch,DOC01130,0.92,2025-03-03 16:15:40,2026-06-12 00:41:46
C00886,FIR/2025/5607,Economic,Fraud,2025-04-14,2025-03-26,L02122,Jaipur Central Police Station,Bhopal,Pending Trial,Cyber Cell,DOC00684,0.97,2024-02-09 00:52:54,2025-06-30 18:07:14
C00887,FIR/2024/1696,Organized Crime,Illegal Gambling,2024-12-09,2024-11-15,L01468,Vadodara Central Police Station,Mumbai,Under Investigation,Cyber Cell,DOC02533,0.86,2024-02-01 01:13:48,2025-04-25 19:45:05
C00888,FIR/2025/3613,Economic,Extortion,2025-04-14,2025-03-15,L00101,Indore Central Police Station,Kota,Open,Crime Branch,DOC00025,0.96,2025-10-11 01:43:33,2025-10-11 22:43:33
C00889,FIR/2025/0029,Criminal,Vehicle Theft,2025-04-25,2025-04-04,L02421,Gwalior Central Police Station,Surat,Open,Cyber Cell,DOC01469,0.91,2025-07-19 12:03:02,2025-08-09 09:03:02
C00890,FIR/2024/7247,Organized Crime,Forgery,2024-07-19,2024-06-24,L01891,Gwalior Central Police Station,Bhopal,Pending Trial,Crime Branch,DOC02646,0.86,2024-03-27 04:13:36,2025-08-28 17:04:16
C00891,FIR/2025/6276,Organized Crime,Illegal Gambling,2025-01-09,2025-01-07,L01789,Delhi Central Police Station,Ujjain,Under Investigation,Economic Offences Unit,DOC02979,0.8,2025-05-02 15:55:33,2025-05-17 16:55:33
C00892,FIR/2026/3063,Economic,Money Laundering,2026-07-23,2026-06-24,L00705,Jabalpur Central Police Station,Surat,Under Investigation,Cyber Cell,DOC00671,0.85,2024-04-09 07:12:19,2026-08-25 02:12:52
C00893,FIR/2024/8946,Economic,Forgery,2024-08-10,2024-07-27,L01117,Kota Central Police Station,Ujjain,Pending Trial,Economic Offences Unit,DOC01490,0.89,2026-08-26 14:21:07,2026-08-26 15:21:07
C00894,FIR/2026/5126,Economic,Cybercrime,2026-04-07,2026-03-14,L00339,Bengaluru Central Police Station,Mumbai,Open,Local Police,DOC00521,0.88,2026-04-21 12:58:35,2026-04-25 07:58:35
C00895,FIR/2025/1859,Cyber,Robbery,2025-07-18,2025-07-14,L01642,Nagpur Central Police Station,Gurugram,Pending Trial,Economic Offences Unit,DOC01761,0.93,2026-04-30 14:35:39,2026-05-19 11:14:01
C00896,FIR/2024/3261,Criminal,Fraud,2024-07-20,2024-07-19,L00333,Hyderabad Central Police Station,Gurugram,Pending Trial,Local Police,DOC01478,0.81,2026-06-04 21:14:52,2026-06-18 17:32:47
C00897,FIR/2026/5144,Cyber,Fraud,2026-06-21,2026-06-16,L01921,Kanpur Central Police Station,Dewas,Open,Crime Branch,DOC00216,0.86,2026-08-17 02:56:46,2026-08-29 11:56:46
C00898,FIR/2026/3019,Organized Crime,Assault,2026-07-30,2026-07-21,L00796,Lucknow Central Police Station,Ahmedabad,Closed,Crime Branch,DOC02025,0.88,2026-05-07 09:21:08,2026-05-18 03:21:08
C00899,FIR/2024/0086,Organized Crime,Illegal Gambling,2024-07-08,2024-06-10,L01124,Gurugram Central Police Station,Kota,Pending Trial,Crime Branch,DOC02285,0.92,2025-05-24 11:41:51,2025-06-19 13:41:51
C00900,FIR/2024/6408,Economic,Cybercrime,2024-03-23,2024-03-08,L01534,Kota Central Police Station,Hyderabad,Under Investigation,Crime Branch,DOC01613,0.97,2026-03-24 10:14:20,2026-05-14 07:51:23
C00901,FIR/2024/5886,Criminal,Burglary,2024-05-20,2024-04-26,L01228,Hyderabad Central Police Station,Gurugram,Closed,Cyber Cell,DOC02629,0.81,2025-11-13 20:11:16,2026-05-18 00:30:55
C00902,FIR/2026/6597,Cyber,Robbery,2026-02-19,2026-02-05,L00762,Jaipur Central Police Station,Surat,Under Investigation,Crime Branch,DOC01533,0.81,2026-04-28 02:51:12,2026-04-28 04:51:12
C00903,FIR/2025/9737,Organized Crime,Forgery,2025-12-14,2025-12-07,L00194,Jaipur Central Police Station,Gurugram,Open,Cyber Cell,DOC01984,0.87,2025-10-25 10:16:21,2025-10-29 20:03:54
C00904,FIR/2025/3149,Criminal,Illegal Gambling,2025-04-05,2025-03-25,L01133,Pune Central Police Station,Jabalpur,Pending Trial,Crime Branch,DOC00884,0.9,2025-09-10 03:09:04,2025-10-04 12:09:04
C00905,FIR/2024/6418,Organized Crime,Illegal Gambling,2024-12-14,2024-12-03,L01464,Jaipur Central Police Station,Indore,Open,Local Police,DOC00396,0.81,2024-07-19 18:43:39,2025-10-14 14:51:00
C00906,FIR/2024/9763,Economic,Fraud,2024-02-04,2024-01-05,L00569,Dewas Central Police Station,Delhi,Closed,Cyber Cell,DOC02060,0.89,2024-05-20 10:09:03,2026-05-11 21:43:30
C00907,FIR/2026/7667,Economic,Vehicle Theft,2026-06-18,2026-06-15,L00454,Surat Central Police Station,Ujjain,Under Investigation,Economic Offences Unit,DOC00330,0.93,2026-04-03 02:59:07,2026-04-27 09:59:07
C00908,FIR/2025/0129,Organized Crime,Extortion,2025-08-29,2025-08-15,L01509,Nagpur Central Police Station,Bengaluru,Open,Local Police,DOC00125,0.94,2024-12-20 03:51:36,2024-12-24 08:51:36
C00909,FIR/2024/2311,Criminal,Money Laundering,2024-12-17,2024-11-27,L00924,Hyderabad Central Police Station,Kanpur,Under Investigation,Cyber Cell,DOC02230,0.84,2026-03-13 09:19:12,2026-03-25 08:19:12
C00910,FIR/2026/4876,Organized Crime,Robbery,2026-03-11,2026-02-20,L02411,Nagpur Central Police Station,Bengaluru,Open,Economic Offences Unit,DOC00108,0.95,2026-03-17 03:15:22,2026-03-31 07:15:22
C00911,FIR/2024/5607,Organized Crime,Assault,2024-07-11,2024-06-15,L00873,Kanpur Central Police Station,Ujjain,Pending Trial,Cyber Cell,DOC00218,0.89,2024-01-07 17:13:16,2025-12-20 05:07:18
C00912,FIR/2025/1436,Economic,Fraud,2025-07-05,2025-06-30,L02032,Gurugram Central Police Station,Vadodara,Under Investigation,Economic Offences Unit,DOC02811,0.89,2025-10-09 00:21:55,2026-05-25 08:47:34
C00913,FIR/2025/6665,Organized Crime,Fraud,2025-05-19,2025-05-11,L00616,Kanpur Central Police Station,Kota,Pending Trial,Crime Branch,DOC00387,0.97,2025-04-22 16:35:50,2025-07-31 22:00:31
C00914,FIR/2024/0213,Economic,Smuggling,2024-03-28,2024-03-27,L00330,Bengaluru Central Police Station,Bengaluru,Closed,Cyber Cell,DOC02919,0.88,2024-08-23 15:18:04,2024-10-28 13:16:33
C00915,FIR/2026/6362,Organized Crime,Assault,2026-08-02,2026-07-06,L00369,Gurugram Central Police Station,Kanpur,Under Investigation,Crime Branch,DOC02884,0.94,2024-12-21 12:21:28,2024-12-24 22:21:28
C00916,FIR/2025/0356,Cyber,Money Laundering,2025-04-23,2025-04-10,L00336,Nagpur Central Police Station,Gwalior,Under Investigation,Local Police,DOC01004,0.94,2025-07-28 02:47:54,2025-08-11 04:47:54
C00917,FIR/2025/4186,Economic,Illegal Gambling,2025-10-29,2025-10-27,L01099,Bengaluru Central Police Station,Ahmedabad,Open,Local Police,DOC02645,0.84,2025-03-01 10:05:08,2025-09-25 11:46:12
C00918,FIR/2025/5560,Economic,Extortion,2025-05-07,2025-04-12,L02005,Gurugram Central Police Station,Indore,Pending Trial,Economic Offences Unit,DOC02242,0.87,2024-07-08 04:08:00,2024-12-13 03:57:43
C00919,FIR/2026/6706,Cyber,Illegal Gambling,2026-06-02,2026-05-08,L00576,Kota Central Police Station,Kota,Under Investigation,Cyber Cell,DOC00039,0.85,2024-08-24 13:12:36,2025-09-18 08:04:29
C00920,FIR/2024/6025,Economic,Assault,2024-12-20,2024-12-03,L00209,Bengaluru Central Police Station,Jaipur,Under Investigation,Cyber Cell,DOC02457,0.82,2024-05-01 00:57:44,2024-05-20 08:57:44
C00921,FIR/2025/5658,Economic,Smuggling,2025-05-31,2025-05-28,L00598,Gwalior Central Police Station,Delhi,Pending Trial,Economic Offences Unit,DOC01129,0.98,2025-05-28 22:04:55,2025-06-16 01:04:55
C00922,FIR/2025/0892,Cyber,Cybercrime,2025-09-26,2025-09-04,L01683,Jaipur Central Police Station,Bengaluru,Open,Cyber Cell,DOC01833,0.84,2025-10-21 07:41:58,2025-10-29 13:41:58
C00923,FIR/2024/8687,Criminal,Fraud,2024-03-28,2024-03-13,L01132,Mumbai Central Police Station,Nagpur,Pending Trial,Local Police,DOC01549,0.97,2025-08-18 19:41:24,2025-09-05 23:06:08
C00924,FIR/2025/2942,Cyber,Assault,2025-06-14,2025-05-15,L02146,Ujjain Central Police Station,Surat,Pending Trial,Economic Offences Unit,DOC02488,0.88,2025-05-25 03:52:40,2025-06-04 14:52:40
C00925,FIR/2025/8741,Organized Crime,Vehicle Theft,2025-06-26,2025-06-13,L00402,Pune Central Police Station,Mumbai,Closed,Cyber Cell,DOC00569,0.86,2025-03-16 16:07:20,2025-03-18 05:07:20
C00926,FIR/2025/4474,Organized Crime,Assault,2025-10-02,2025-09-03,L00182,Hyderabad Central Police Station,Kota,Pending Trial,Cyber Cell,DOC02781,0.89,2025-12-07 02:58:07,2025-12-29 03:58:07
C00927,FIR/2025/8870,Economic,Smuggling,2025-10-28,2025-10-19,L02042,Nagpur Central Police Station,Gurugram,Closed,Local Police,DOC00581,0.91,2024-01-03 09:11:24,2024-01-12 22:23:47
C00928,FIR/2026/0059,Organized Crime,Cybercrime,2026-03-30,2026-03-15,L00832,Kota Central Police Station,Bengaluru,Under Investigation,Crime Branch,DOC01999,0.92,2024-11-29 10:30:18,2026-03-03 20:13:00
C00929,FIR/2024/6407,Organized Crime,Cybercrime,2024-09-04,2024-09-04,L01418,Mumbai Central Police Station,Nagpur,Under Investigation,Local Police,DOC00524,0.91,2025-04-01 18:33:12,2025-04-06 09:33:12
C00930,FIR/2024/8024,Criminal,Vehicle Theft,2024-05-16,2024-04-29,L01339,Vadodara Central Police Station,Dewas,Closed,Cyber Cell,DOC00825,0.9,2026-01-14 12:57:54,2026-02-07 04:36:30
C00931,FIR/2025/6135,Economic,Assault,2025-11-18,2025-11-07,L00052,Kota Central Police Station,Gwalior,Open,Cyber Cell,DOC00147,0.98,2024-01-11 12:32:48,2026-08-17 03:05:43
C00932,FIR/2024/5306,Criminal,Cybercrime,2025-01-11,2024-12-15,L00541,Surat Central Police Station,Ahmedabad,Under Investigation,Crime Branch,DOC00352,0.83,2026-07-30 22:05:59,2026-08-02 18:05:59
C00933,FIR/2025/9918,Cyber,Illegal Gambling,2025-11-12,2025-10-29,L01788,Mumbai Central Police Station,Vadodara,Open,Local Police,DOC02060,0.92,2025-01-15 15:34:31,2025-12-25 20:30:09
C00934,FIR/2024/9408,Criminal,Smuggling,2024-10-17,2024-10-02,L01012,Lucknow Central Police Station,Bengaluru,Pending Trial,Cyber Cell,DOC02243,0.93,2024-04-04 14:16:45,2025-11-30 00:48:33
C00935,FIR/2024/8249,Economic,Robbery,2024-09-20,2024-09-03,L01916,Pune Central Police Station,Jabalpur,Open,Local Police,DOC01745,0.87,2025-07-01 08:14:00,2025-12-03 06:11:29
C00936,FIR/2024/2773,Cyber,Extortion,2024-08-14,2024-07-18,L01781,Gurugram Central Police Station,Nagpur,Under Investigation,Cyber Cell,DOC02196,0.92,2024-08-24 04:28:45,2024-08-24 05:28:45
C00937,FIR/2025/2509,Cyber,Cybercrime,2025-05-25,2025-05-12,L00076,Mumbai Central Police Station,Dewas,Pending Trial,Cyber Cell,DOC02634,0.96,2024-05-26 01:32:35,2024-06-16 09:32:35
C00938,FIR/2024/2856,Organized Crime,Assault,2024-07-24,2024-06-28,L01680,Gwalior Central Police Station,Vadodara,Closed,Economic Offences Unit,DOC01086,0.98,2025-06-27 10:54:51,2025-12-02 20:58:26
C00939,FIR/2025/7499,Organized Crime,Assault,2025-02-09,2025-01-10,L02338,Nagpur Central Police Station,Bengaluru,Open,Crime Branch,DOC01727,0.98,2025-10-04 21:29:10,2025-10-18 04:29:10
C00940,FIR/2025/0595,Cyber,Burglary,2025-03-18,2025-03-05,L00745,Mumbai Central Police Station,Ahmedabad,Pending Trial,Economic Offences Unit,DOC00193,0.81,2026-03-14 15:25:33,2026-04-04 08:25:33
C00941,FIR/2024/1777,Economic,Cybercrime,2024-11-11,2024-10-31,L00358,Gwalior Central Police Station,Jabalpur,Open,Economic Offences Unit,DOC02404,0.94,2025-03-08 02:09:13,2026-01-05 20:46:12
C00942,FIR/2025/6047,Organized Crime,Money Laundering,2025-12-31,2025-12-11,L02462,Bhopal Central Police Station,Bhopal,Closed,Crime Branch,DOC01927,0.94,2026-08-27 22:40:21,2026-09-04 23:59:59
C00943,FIR/2025/2098,Criminal,Robbery,2025-11-16,2025-11-12,L00235,Surat Central Police Station,Jabalpur,Closed,Cyber Cell,DOC00849,0.97,2025-04-01 20:32:48,2025-04-11 23:32:48
C00944,FIR/2025/7934,Economic,Fraud,2025-08-08,2025-07-24,L00676,Dewas Central Police Station,Nagpur,Open,Local Police,DOC01023,0.95,2024-11-26 06:14:06,2025-09-19 20:52:08
C00945,FIR/2026/1136,Economic,Smuggling,2026-04-14,2026-03-28,L02471,Bengaluru Central Police Station,Nagpur,Open,Economic Offences Unit,DOC00114,0.82,2026-03-06 12:07:39,2026-03-24 10:07:39
C00946,FIR/2026/1718,Cyber,Forgery,2026-07-17,2026-06-19,L02314,Indore Central Police Station,Surat,Pending Trial,Crime Branch,DOC02748,0.98,2025-12-22 22:06:20,2025-12-25 21:06:20
C00947,FIR/2025/5717,Economic,Cybercrime,2025-01-18,2025-01-03,L00278,Jaipur Central Police Station,Bengaluru,Closed,Cyber Cell,DOC02248,0.94,2024-04-08 18:34:44,2025-12-03 22:37:28
C00948,FIR/2025/2009,Criminal,Illegal Gambling,2025-10-04,2025-09-04,L01773,Gwalior Central Police Station,Delhi,Under Investigation,Cyber Cell,DOC00184,0.88,2026-05-28 23:50:15,2026-05-31 08:50:15
C00949,FIR/2026/1010,Organized Crime,Vehicle Theft,2026-06-28,2026-06-28,L00627,Hyderabad Central Police Station,Delhi,Closed,Economic Offences Unit,DOC00257,0.83,2024-11-12 15:58:19,2025-01-09 09:41:39
C00950,FIR/2025/3221,Criminal,Smuggling,2025-09-21,2025-09-02,L00728,Ahmedabad Central Police Station,Kota,Open,Local Police,DOC01552,0.96,2024-07-05 19:32:34,2024-08-05 13:46:58
C00951,FIR/2025/5789,Cyber,Cybercrime,2025-02-12,2025-01-26,L01079,Delhi Central Police Station,Jabalpur,Open,Crime Branch,DOC00411,0.84,2024-03-15 17:12:53,2025-03-11 18:37:02
C00952,FIR/2025/2069,Cyber,Money Laundering,2025-09-14,2025-09-13,L01360,Delhi Central Police Station,Jaipur,Closed,Local Police,DOC02277,0.9,2025-10-08 07:32:10,2025-11-05 09:32:10
C00953,FIR/2026/2552,Criminal,Burglary,2026-03-27,2026-03-25,L01554,Surat Central Police Station,Surat,Pending Trial,Economic Offences Unit,DOC01649,0.82,2025-03-03 00:38:21,2025-03-25 22:38:21
C00954,FIR/2026/5256,Cyber,Forgery,2026-04-03,2026-03-26,L02017,Surat Central Police Station,Bengaluru,Under Investigation,Local Police,DOC02089,0.83,2024-01-06 23:50:09,2024-10-21 05:33:01
C00955,FIR/2024/0806,Organized Crime,Money Laundering,2024-02-27,2024-02-08,L02488,Kanpur Central Police Station,Surat,Open,Crime Branch,DOC02526,0.84,2024-09-05 14:16:18,2025-08-18 00:14:04
C00956,FIR/2025/1973,Economic,Fraud,2025-06-12,2025-05-31,L01898,Gwalior Central Police Station,Jaipur,Open,Economic Offences Unit,DOC00559,0.84,2025-02-06 16:03:05,2025-11-25 17:57:28
C00957,FIR/2026/6679,Cyber,Smuggling,2026-06-08,2026-05-26,L01755,Jabalpur Central Police Station,Lucknow,Closed,Economic Offences Unit,DOC00219,0.92,2026-01-01 16:06:49,2026-01-23 12:06:49
C00958,FIR/2026/3117,Cyber,Fraud,2026-01-15,2026-01-08,L00590,Pune Central Police Station,Pune,Under Investigation,Economic Offences Unit,DOC00725,0.89,2025-07-05 20:24:39,2025-07-30 19:24:39
C00959,FIR/2026/6338,Criminal,Burglary,2026-01-12,2026-01-08,L01149,Vadodara Central Police Station,Gurugram,Closed,Cyber Cell,DOC02982,0.91,2024-07-06 04:48:38,2026-08-28 23:59:21
C00960,FIR/2024/1721,Organized Crime,Fraud,2024-02-08,2024-01-22,L01391,Jaipur Central Police Station,Vadodara,Closed,Economic Offences Unit,DOC01383,0.84,2026-07-22 03:36:12,2026-08-11 13:36:12
C00961,FIR/2026/2815,Economic,Extortion,2026-07-21,2026-06-24,L01054,Surat Central Police Station,Jaipur,Pending Trial,Local Police,DOC02530,0.89,2025-07-16 03:14:52,2025-08-03 13:14:52
C00962,FIR/2026/1684,Economic,Extortion,2026-06-27,2026-06-24,L00148,Mumbai Central Police Station,Bengaluru,Open,Economic Offences Unit,DOC02420,0.9,2024-02-29 15:27:47,2026-07-16 04:51:03
C00963,FIR/2024/3390,Criminal,Cybercrime,2024-09-03,2024-08-14,L01799,Bhopal Central Police Station,Bhopal,Open,Economic Offences Unit,DOC01085,0.82,2024-10-23 16:41:51,2025-02-06 03:42:44
C00964,FIR/2026/7369,Economic,Cybercrime,2026-02-20,2026-01-21,L01531,Gwalior Central Police Station,Vadodara,Under Investigation,Local Police,DOC00359,0.83,2024-09-20 21:28:48,2026-03-28 23:07:44
C00965,FIR/2025/2289,Organized Crime,Forgery,2025-03-13,2025-03-13,L02021,Ahmedabad Central Police Station,Ujjain,Open,Crime Branch,DOC00360,0.88,2026-03-03 13:33:24,2026-03-05 03:33:24
C00966,FIR/2025/1844,Organized Crime,Fraud,2025-08-21,2025-08-10,L00644,Indore Central Police Station,Vadodara,Closed,Crime Branch,DOC01747,0.94,2026-03-02 03:12:23,2026-03-16 04:12:23
C00967,FIR/2026/0125,Economic,Cybercrime,2026-07-12,2026-07-07,L00120,Jabalpur Central Police Station,Lucknow,Under Investigation,Economic Offences Unit,DOC02253,0.98,2024-01-01 05:48:18,2024-04-09 05:36:48
C00968,FIR/2024/2936,Criminal,Fraud,2024-04-01,2024-03-19,L01764,Gurugram Central Police Station,Jabalpur,Open,Economic Offences Unit,DOC01742,0.97,2025-09-20 17:01:24,2026-08-23 12:15:48
C00969,FIR/2026/8448,Organized Crime,Extortion,2026-07-28,2026-07-13,L00742,Bhopal Central Police Station,Dewas,Under Investigation,Local Police,DOC02384,0.97,2026-04-23 18:33:30,2026-05-06 07:33:30
C00970,FIR/2025/4947,Cyber,Forgery,2025-12-12,2025-11-14,L00830,Surat Central Police Station,Gurugram,Open,Economic Offences Unit,DOC01806,0.88,2025-11-28 22:38:26,2026-02-18 12:02:00
C00971,FIR/2024/2784,Economic,Assault,2024-03-05,2024-02-09,L02004,Hyderabad Central Police Station,Jabalpur,Pending Trial,Local Police,DOC00273,0.82,2025-03-23 13:32:18,2025-03-29 04:32:18
C00972,FIR/2024/9628,Criminal,Extortion,2024-09-06,2024-08-20,L01915,Hyderabad Central Police Station,Dewas,Under Investigation,Local Police,DOC01668,0.88,2026-06-21 06:15:02,2026-07-06 02:15:02
C00973,FIR/2026/3750,Economic,Illegal Gambling,2026-05-30,2026-05-02,L02408,Nagpur Central Police Station,Bengaluru,Closed,Crime Branch,DOC00743,0.84,2025-02-24 12:35:45,2025-04-15 20:20:50
C00974,FIR/2025/9921,Cyber,Forgery,2025-02-14,2025-02-04,L01889,Gwalior Central Police Station,Nagpur,Under Investigation,Cyber Cell,DOC01517,0.91,2024-07-30 03:58:12,2026-08-17 06:54:38
C00975,FIR/2024/2049,Economic,Smuggling,2024-12-01,2024-12-01,L01484,Bhopal Central Police Station,Ujjain,Under Investigation,Local Police,DOC00498,0.91,2025-01-22 20:41:50,2025-07-30 11:01:44
C00976,FIR/2025/5402,Organized Crime,Smuggling,2025-06-24,2025-05-30,L01693,Pune Central Police Station,Delhi,Open,Cyber Cell,DOC02022,0.86,2026-05-24 14:46:03,2026-07-09 13:05:29
C00977,FIR/2025/2795,Economic,Forgery,2025-06-28,2025-06-10,L00154,Pune Central Police Station,Delhi,Under Investigation,Economic Offences Unit,DOC00356,0.9,2024-05-25 00:54:26,2026-06-26 22:47:07
C00978,FIR/2024/4976,Criminal,Illegal Gambling,2024-01-22,2024-01-14,L00457,Lucknow Central Police Station,Pune,Under Investigation,Local Police,DOC02298,0.82,2025-02-27 23:46:36,2025-03-16 12:46:36
C00979,FIR/2025/6860,Organized Crime,Illegal Gambling,2025-09-03,2025-08-29,L00123,Surat Central Police Station,Bengaluru,Under Investigation,Cyber Cell,DOC01324,0.89,2024-12-09 04:19:42,2025-01-08 00:19:42
C00980,FIR/2024/4292,Criminal,Money Laundering,2024-05-17,2024-04-30,L00516,Pune Central Police Station,Ujjain,Open,Cyber Cell,DOC00373,0.83,2024-10-10 04:24:25,2025-05-23 23:02:20
C00981,FIR/2024/5813,Economic,Extortion,2024-05-18,2024-04-19,L02406,Nagpur Central Police Station,Hyderabad,Pending Trial,Economic Offences Unit,DOC01509,0.86,2025-01-01 01:07:31,2025-01-21 18:07:31
C00982,FIR/2024/8072,Economic,Forgery,2024-02-06,2024-01-28,L02404,Jaipur Central Police Station,Indore,Closed,Local Police,DOC00273,0.97,2024-12-03 13:24:39,2025-01-11 00:43:27
C00983,FIR/2025/5588,Economic,Burglary,2025-03-13,2025-02-22,L01979,Nagpur Central Police Station,Gurugram,Closed,Local Police,DOC02963,0.96,2025-09-21 17:52:27,2025-09-25 00:52:27
C00984,FIR/2026/5299,Economic,Money Laundering,2026-08-17,2026-07-24,L01207,Dewas Central Police Station,Pune,Closed,Economic Offences Unit,DOC02362,0.94,2025-12-14 08:39:16,2026-02-23 18:28:56
C00985,FIR/2024/1700,Cyber,Extortion,2024-07-06,2024-06-12,L01015,Pune Central Police Station,Hyderabad,Pending Trial,Cyber Cell,DOC02347,0.82,2025-02-08 05:19:20,2025-02-12 09:19:20
C00986,FIR/2024/6871,Criminal,Forgery,2024-12-26,2024-12-24,L01558,Mumbai Central Police Station,Kanpur,Pending Trial,Cyber Cell,DOC00835,0.82,2025-10-14 04:30:15,2025-11-02 01:30:15
C00987,FIR/2026/0254,Criminal,Forgery,2026-08-31,2026-08-15,L01611,Ujjain Central Police Station,Bengaluru,Under Investigation,Local Police,DOC01272,0.81,2025-11-22 11:30:28,2025-12-07 21:41:44
C00988,FIR/2026/1038,Cyber,Fraud,2026-06-15,2026-05-27,L00494,Mumbai Central Police Station,Bhopal,Under Investigation,Crime Branch,DOC01573,0.96,2025-03-09 02:52:50,2025-08-29 23:31:58
C00989,FIR/2026/6588,Organized Crime,Burglary,2026-06-27,2026-06-04,L00013,Indore Central Police Station,Pune,Under Investigation,Local Police,DOC01998,0.96,2026-04-17 10:58:04,2026-05-10 09:58:04
C00990,FIR/2025/5113,Cyber,Extortion,2025-03-28,2025-03-06,L00049,Mumbai Central Police Station,Indore,Under Investigation,Local Police,DOC01786,0.89,2024-03-23 02:51:40,2024-03-25 02:07:54
C00991,FIR/2026/2596,Criminal,Extortion,2026-08-16,2026-08-02,L01810,Surat Central Police Station,Indore,Under Investigation,Economic Offences Unit,DOC00742,0.9,2024-12-12 07:04:36,2025-01-06 07:04:36
C00992,FIR/2024/3971,Criminal,Burglary,2024-07-26,2024-07-14,L02414,Vadodara Central Police Station,Indore,Pending Trial,Economic Offences Unit,DOC00892,0.88,2025-07-24 12:31:59,2026-07-21 18:40:40
C00993,FIR/2024/7571,Criminal,Forgery,2024-06-03,2024-05-26,L02297,Surat Central Police Station,Gwalior,Pending Trial,Crime Branch,DOC00927,0.81,2026-03-18 12:22:49,2026-04-15 03:22:49
C00994,FIR/2026/7516,Economic,Cybercrime,2026-01-21,2026-01-02,L00772,Bhopal Central Police Station,Dewas,Pending Trial,Economic Offences Unit,DOC00801,0.86,2025-04-18 02:58:04,2025-05-16 08:58:04
C00995,FIR/2026/9211,Criminal,Forgery,2026-07-02,2026-06-21,L02231,Jaipur Central Police Station,Ujjain,Open,Local Police,DOC02823,0.94,2026-07-22 09:02:25,2026-08-03 08:02:25
C00996,FIR/2024/9727,Cyber,Smuggling,2024-09-09,2024-09-07,L02147,Kanpur Central Police Station,Vadodara,Closed,Economic Offences Unit,DOC02061,0.83,2025-02-06 05:00:31,2026-04-29 20:05:55
C00997,FIR/2025/6944,Economic,Vehicle Theft,2025-08-14,2025-07-25,L01170,Vadodara Central Police Station,Nagpur,Closed,Economic Offences Unit,DOC01942,0.86,2025-05-17 22:39:53,2025-06-02 01:39:53
C00998,FIR/2024/7629,Cyber,Burglary,2024-02-25,2024-02-11,L00287,Nagpur Central Police Station,Ujjain,Closed,Crime Branch,DOC02977,0.94,2025-03-25 14:46:09,2026-01-18 19:35:21
C00999,FIR/2026/1076,Criminal,Assault,2026-02-16,2026-01-29,L02477,Bengaluru Central Police Station,Jabalpur,Open,Local Police,DOC00724,0.9,2024-04-17 07:39:46,2024-04-17 20:39:46
C01000,FIR/2025/6856,Criminal,Money Laundering,2025-08-05,2025-07-10,L00046,Kanpur Central Police Station,Bengaluru,Open,Crime Branch,DOC00755,0.89,2026-01-25 06:15:00,2026-07-23 17:25:23
C01001,FIR/2026/3243,Criminal,Smuggling,2026-04-16,2026-04-07,L01314,Gwalior Central Police Station,Delhi,Under Investigation,Local Police,DOC00092,0.91,2025-02-18 13:18:39,2025-09-22 20:50:07
C01002,FIR/2026/2747,Economic,Illegal Gambling,2026-08-26,2026-08-06,L00492,Mumbai Central Police Station,Vadodara,Under Investigation,Local Police,DOC02596,0.84,2024-02-13 22:52:34,2024-07-27 14:46:41
C01003,FIR/2024/5855,Organized Crime,Money Laundering,2024-10-01,2024-09-19,L01444,Gurugram Central Police Station,Gurugram,Closed,Cyber Cell,DOC00728,0.96,2024-09-06 13:13:36,2026-03-06 18:17:03
C01004,FIR/2025/1681,Economic,Assault,2025-11-09,2025-10-20,L00821,Ujjain Central Police Station,Vadodara,Open,Crime Branch,DOC00857,0.92,2024-10-09 02:31:30,2026-02-15 05:02:11
C01005,FIR/2025/3427,Cyber,Assault,2025-04-05,2025-03-09,L02307,Jabalpur Central Police Station,Gwalior,Under Investigation,Local Police,DOC00982,0.93,2024-05-16 21:28:57,2024-07-25 16:49:01
C01006,FIR/2024/8811,Economic,Extortion,2025-01-13,2024-12-29,L00646,Lucknow Central Police Station,Vadodara,Pending Trial,Cyber Cell,DOC02733,0.87,2025-09-26 21:59:23,2025-10-06 21:59:23
C01007,FIR/2024/0952,Criminal,Cybercrime,2024-09-03,2024-08-05,L01955,Ahmedabad Central Police Station,Vadodara,Closed,Crime Branch,DOC00564,0.88,2024-07-08 14:19:13,2026-02-22 01:06:28
C01008,FIR/2024/5589,Cyber,Burglary,2024-04-18,2024-03-22,L01790,Delhi Central Police Station,Ahmedabad,Pending Trial,Economic Offences Unit,DOC01949,0.96,2025-01-20 02:30:01,2025-02-06 01:30:01
C01009,FIR/2024/6371,Economic,Fraud,2024-05-04,2024-04-13,L00476,Surat Central Police Station,Nagpur,Under Investigation,Local Police,DOC00627,0.8,2024-01-17 05:21:59,2025-02-09 21:27:12
C01010,FIR/2024/8970,Criminal,Extortion,2024-05-18,2024-04-29,L02155,Indore Central Police Station,Gwalior,Under Investigation,Local Police,DOC00927,0.8,2026-06-15 00:51:10,2026-07-05 21:51:10
C01011,FIR/2024/5127,Criminal,Robbery,2024-05-14,2024-05-05,L01669,Gurugram Central Police Station,Kanpur,Closed,Cyber Cell,DOC02734,0.89,2026-07-18 05:41:14,2026-07-27 07:41:14
C01012,FIR/2025/4468,Economic,Forgery,2025-09-03,2025-08-23,L00682,Ujjain Central Police Station,Gwalior,Open,Local Police,DOC00301,0.81,2024-12-02 05:59:09,2024-12-23 13:59:09
C01013,FIR/2026/1766,Economic,Smuggling,2026-02-05,2026-01-08,L02364,Jaipur Central Police Station,Gwalior,Pending Trial,Cyber Cell,DOC01106,0.8,2024-11-18 19:26:27,2025-03-04 20:11:40
C01014,FIR/2024/1646,Organized Crime,Illegal Gambling,2024-07-30,2024-07-05,L01609,Gwalior Central Police Station,Kanpur,Under Investigation,Crime Branch,DOC01084,0.92,2025-10-25 13:06:35,2025-10-26 16:06:35
C01015,FIR/2024/9771,Criminal,Money Laundering,2025-01-05,2024-12-17,L02490,Lucknow Central Police Station,Mumbai,Closed,Economic Offences Unit,DOC01518,0.85,2024-02-07 02:16:55,2026-03-29 08:50:06
C01016,FIR/2024/6440,Economic,Robbery,2024-02-25,2024-02-19,L00352,Dewas Central Police Station,Nagpur,Pending Trial,Local Police,DOC01168,0.9,2024-01-29 22:07:37,2026-06-22 18:14:41
C01017,FIR/2025/4329,Cyber,Cybercrime,2025-03-11,2025-02-23,L02493,Ujjain Central Police Station,Delhi,Pending Trial,Cyber Cell,DOC02513,0.94,2025-08-23 15:40:16,2025-09-09 14:40:16
C01018,FIR/2025/6334,Economic,Robbery,2025-01-21,2025-01-05,L02045,Delhi Central Police Station,Vadodara,Under Investigation,Cyber Cell,DOC02267,0.95,2024-09-30 23:58:36,2025-12-10 15:11:29
C01019,FIR/2024/9924,Organized Crime,Cybercrime,2024-04-29,2024-04-16,L00320,Gwalior Central Police Station,Ujjain,Closed,Economic Offences Unit,DOC01797,0.95,2026-01-24 14:03:02,2026-02-16 21:03:02
C01020,FIR/2025/1100,Cyber,Extortion,2025-12-05,2025-11-23,L00522,Jaipur Central Police Station,Jabalpur,Closed,Economic Offences Unit,DOC00880,0.91,2026-05-22 03:55:20,2026-06-16 01:55:20
C01021,FIR/2024/4683,Cyber,Illegal Gambling,2024-01-27,2024-01-11,L01814,Delhi Central Police Station,Lucknow,Open,Local Police,DOC01898,0.87,2026-07-05 18:03:47,2026-07-31 15:03:47
C01022,FIR/2025/2312,Criminal,Extortion,2025-10-17,2025-10-07,L00871,Delhi Central Police Station,Ujjain,Closed,Economic Offences Unit,DOC02917,0.81,2026-05-31 10:07:32,2026-06-25 18:07:32
C01023,FIR/2024/3428,Criminal,Forgery,2024-05-30,2024-05-24,L00801,Bengaluru Central Police Station,Jabalpur,Open,Cyber Cell,DOC01337,0.9,2024-02-28 16:29:19,2024-03-19 10:29:19
C01024,FIR/2024/8256,Organized Crime,Extortion,2024-06-09,2024-05-16,L00535,Vadodara Central Police Station,Jaipur,Pending Trial,Cyber Cell,DOC00284,0.95,2025-08-27 00:54:48,2025-11-14 00:26:53
C01025,FIR/2024/6301,Criminal,Forgery,2024-09-02,2024-08-03,L00415,Hyderabad Central Police Station,Gurugram,Open,Economic Offences Unit,DOC01870,0.82,2026-05-01 06:49:25,2026-05-04 22:49:25
C01026,FIR/2025/9952,Cyber,Vehicle Theft,2025-08-13,2025-07-14,L00742,Nagpur Central Police Station,Gurugram,Open,Crime Branch,DOC00057,0.93,2026-08-22 02:02:43,2026-09-01 01:02:43
C01027,FIR/2025/5006,Organized Crime,Money Laundering,2025-01-07,2025-01-03,L00336,Nagpur Central Police Station,Indore,Pending Trial,Crime Branch,DOC00221,0.94,2025-09-05 00:58:25,2025-09-10 20:58:25
C01028,FIR/2024/0538,Criminal,Fraud,2024-05-06,2024-04-07,L02245,Bhopal Central Police Station,Indore,Open,Economic Offences Unit,DOC01010,0.82,2026-08-20 11:45:27,2026-08-27 06:45:27
C01029,FIR/2024/9133,Economic,Money Laundering,2024-12-18,2024-12-16,L01223,Bhopal Central Police Station,Mumbai,Under Investigation,Cyber Cell,DOC02358,0.83,2026-01-19 12:43:14,2026-02-06 02:43:14
C01030,FIR/2026/7125,Economic,Burglary,2026-07-28,2026-07-17,L00407,Gurugram Central Police Station,Vadodara,Pending Trial,Local Police,DOC00103,0.93,2026-07-02 11:18:14,2026-07-13 09:18:14
C01031,FIR/2024/3021,Economic,Smuggling,2024-12-10,2024-12-09,L01110,Mumbai Central Police Station,Jabalpur,Closed,Local Police,DOC01591,0.85,2025-02-21 03:26:24,2025-03-05 15:26:24
C01032,FIR/2024/2662,Organized Crime,Smuggling,2024-09-09,2024-08-10,L00537,Pune Central Police Station,Hyderabad,Under Investigation,Crime Branch,DOC00710,0.96,2025-10-12 14:54:42,2025-10-16 11:54:42
C01033,FIR/2024/9751,Organized Crime,Smuggling,2024-10-09,2024-09-11,L02289,Mumbai Central Police Station,Delhi,Pending Trial,Crime Branch,DOC02622,0.86,2024-11-27 22:09:24,2024-12-21 16:09:24
C01034,FIR/2024/2113,Cyber,Burglary,2024-02-28,2024-02-06,L01882,Jaipur Central Police Station,Indore,Closed,Crime Branch,DOC02379,0.87,2026-03-30 22:45:32,2026-04-26 12:45:32
C01035,FIR/2024/6173,Criminal,Extortion,2024-01-28,2024-01-24,L01802,Bengaluru Central Police Station,Mumbai,Under Investigation,Economic Offences Unit,DOC01381,0.92,2026-06-13 01:26:13,2026-06-23 23:26:13
C01036,FIR/2025/2684,Criminal,Vehicle Theft,2025-07-31,2025-07-30,L01994,Pune Central Police Station,Vadodara,Under Investigation,Crime Branch,DOC02927,0.86,2024-01-01 16:17:48,2026-04-12 03:52:48
C01037,FIR/2025/6394,Organized Crime,Illegal Gambling,2025-05-29,2025-05-03,L00325,Jaipur Central Police Station,Kanpur,Under Investigation,Economic Offences Unit,DOC02774,0.91,2024-07-03 21:31:50,2024-10-11 23:58:13
C01038,FIR/2026/0042,Economic,Smuggling,2026-03-29,2026-03-14,L01308,Gwalior Central Police Station,Ahmedabad,Closed,Local Police,DOC00400,0.84,2025-08-10 15:29:26,2026-01-27 17:03:02
C01039,FIR/2025/9048,Organized Crime,Cybercrime,2025-09-27,2025-09-01,L01650,Dewas Central Police Station,Lucknow,Pending Trial,Local Police,DOC01308,0.95,2026-06-15 19:38:03,2026-06-21 04:38:03
C01040,FIR/2024/4590,Economic,Money Laundering,2024-09-02,2024-08-13,L00520,Dewas Central Police Station,Pune,Under Investigation,Crime Branch,DOC01483,0.88,2026-06-07 06:35:14,2026-06-07 09:35:14
C01041,FIR/2025/2216,Economic,Illegal Gambling,2025-06-11,2025-06-04,L00764,Ahmedabad Central Police Station,Ujjain,Pending Trial,Local Police,DOC02253,0.85,2026-04-10 21:27:05,2026-04-28 19:27:05
C01042,FIR/2025/6543,Criminal,Assault,2025-03-29,2025-03-03,L02129,Surat Central Police Station,Ahmedabad,Closed,Economic Offences Unit,DOC02420,0.88,2025-12-07 15:12:16,2026-05-05 08:04:30
C01043,FIR/2025/5575,Economic,Fraud,2025-03-20,2025-02-21,L01516,Delhi Central Police Station,Surat,Under Investigation,Local Police,DOC01818,0.92,2024-11-10 07:30:00,2024-12-03 08:30:00
C01044,FIR/2025/9110,Criminal,Assault,2025-09-24,2025-09-22,L01347,Lucknow Central Police Station,Ujjain,Open,Economic Offences Unit,DOC02282,0.97,2024-12-25 19:42:43,2026-05-12 01:27:43
C01045,FIR/2025/1975,Cyber,Money Laundering,2025-03-28,2025-03-06,L00518,Vadodara Central Police Station,Gwalior,Open,Economic Offences Unit,DOC02944,0.8,2024-08-02 06:31:04,2025-02-02 10:06:49
C01046,FIR/2024/8461,Economic,Cybercrime,2024-03-13,2024-02-27,L01225,Pune Central Police Station,Kanpur,Under Investigation,Local Police,DOC02840,0.86,2025-11-23 11:01:21,2025-12-08 22:01:21
C01047,FIR/2026/6357,Economic,Forgery,2026-03-11,2026-03-03,L00496,Jaipur Central Police Station,Kanpur,Open,Economic Offences Unit,DOC02804,0.94,2025-08-01 08:33:18,2025-08-09 20:33:18
C01048,FIR/2026/8613,Economic,Robbery,2026-04-23,2026-04-05,L01528,Dewas Central Police Station,Vadodara,Open,Crime Branch,DOC01361,0.96,2025-09-25 06:59:56,2026-08-21 01:30:41
C01049,FIR/2026/7694,Organized Crime,Vehicle Theft,2026-05-02,2026-05-01,L00551,Gwalior Central Police Station,Delhi,Pending Trial,Cyber Cell,DOC02385,0.93,2026-08-30 10:20:20,2026-09-04 23:59:59
C01050,FIR/2024/5474,Criminal,Money Laundering,2024-09-04,2024-08-06,L00363,Kanpur Central Police Station,Bengaluru,Closed,Cyber Cell,DOC00921,0.98,2025-01-15 22:51:04,2025-02-10 15:51:04
C01051,FIR/2026/9323,Organized Crime,Burglary,2026-03-07,2026-02-24,L01043,Gurugram Central Police Station,Surat,Pending Trial,Economic Offences Unit,DOC01901,0.8,2025-09-29 00:01:47,2025-09-30 13:01:47
C01052,FIR/2025/2282,Economic,Robbery,2025-04-15,2025-04-14,L01073,Ujjain Central Police Station,Dewas,Under Investigation,Cyber Cell,DOC01006,0.93,2026-05-20 06:16:16,2026-08-24 22:38:48
C01053,FIR/2025/7115,Organized Crime,Illegal Gambling,2025-02-07,2025-02-06,L01018,Ahmedabad Central Police Station,Lucknow,Closed,Crime Branch,DOC01576,0.89,2026-01-09 12:08:58,2026-01-22 07:08:58
C01054,FIR/2026/4425,Criminal,Cybercrime,2026-03-09,2026-02-08,L00196,Ujjain Central Police Station,Indore,Pending Trial,Local Police,DOC00920,0.84,2026-01-02 15:28:49,2026-01-22 21:28:49
C01055,FIR/2026/0631,Criminal,Assault,2026-04-22,2026-03-31,L02327,Pune Central Police Station,Mumbai,Under Investigation,Crime Branch,DOC02923,0.96,2026-05-01 10:13:29,2026-05-25 05:13:29
C01056,FIR/2025/5354,Economic,Cybercrime,2025-12-23,2025-12-11,L00167,Kanpur Central Police Station,Ujjain,Under Investigation,Crime Branch,DOC01524,0.8,2025-02-13 19:38:10,2025-08-27 21:20:53
C01057,FIR/2025/6823,Economic,Smuggling,2025-08-07,2025-07-10,L00946,Nagpur Central Police Station,Gurugram,Closed,Local Police,DOC01897,0.97,2024-04-25 15:25:32,2024-05-17 00:25:32
C01058,FIR/2026/0905,Criminal,Burglary,2026-01-23,2026-01-10,L01275,Jaipur Central Police Station,Surat,Pending Trial,Economic Offences Unit,DOC00807,0.84,2026-02-17 12:48:50,2026-02-23 19:48:50
C01059,FIR/2025/6820,Criminal,Burglary,2025-04-12,2025-03-29,L01998,Nagpur Central Police Station,Gurugram,Under Investigation,Economic Offences Unit,DOC01051,0.9,2025-10-21 01:44:17,2026-06-17 13:50:12
C01060,FIR/2026/4721,Organized Crime,Vehicle Theft,2026-01-26,2026-01-21,L00191,Bengaluru Central Police Station,Vadodara,Closed,Cyber Cell,DOC01526,0.85,2024-06-17 22:31:31,2026-04-06 07:47:35
C01061,FIR/2025/8593,Criminal,Robbery,2025-03-05,2025-03-02,L01876,Kota Central Police Station,Ahmedabad,Closed,Crime Branch,DOC00233,0.95,2024-06-05 02:52:03,2024-10-11 15:06:13
C01062,FIR/2025/0820,Cyber,Money Laundering,2025-02-04,2025-01-07,L02171,Delhi Central Police Station,Vadodara,Open,Cyber Cell,DOC00790,0.97,2025-02-21 21:06:21,2025-03-02 20:06:21
C01063,FIR/2025/9529,Criminal,Forgery,2025-05-24,2025-04-29,L00232,Surat Central Police Station,Gurugram,Pending Trial,Crime Branch,DOC01001,0.94,2026-04-14 00:23:00,2026-05-12 17:23:00
C01064,FIR/2024/6446,Cyber,Extortion,2024-04-01,2024-03-06,L02312,Bengaluru Central Police Station,Delhi,Under Investigation,Local Police,DOC02963,0.85,2025-04-05 02:31:26,2025-04-20 00:31:26
C01065,FIR/2024/8016,Economic,Robbery,2024-12-04,2024-11-15,L01710,Gurugram Central Police Station,Delhi,Under Investigation,Cyber Cell,DOC00209,0.86,2026-01-12 22:32:01,2026-04-04 14:33:00
C01066,FIR/2025/1932,Cyber,Vehicle Theft,2025-09-22,2025-08-23,L02052,Bhopal Central Police Station,Lucknow,Closed,Crime Branch,DOC00821,0.89,2024-08-26 20:35:26,2026-04-19 16:31:47
C01067,FIR/2025/3632,Economic,Money Laundering,2025-07-29,2025-07-21,L01779,Bengaluru Central Police Station,Jabalpur,Closed,Economic Offences Unit,DOC02874,0.83,2025-07-05 05:50:59,2026-07-02 13:11:38
C01068,FIR/2024/5075,Economic,Vehicle Theft,2024-12-08,2024-12-08,L00586,Nagpur Central Police Station,Dewas,Pending Trial,Cyber Cell,DOC00923,0.96,2026-06-14 03:40:07,2026-07-11 19:40:07
C01069,FIR/2024/1587,Economic,Money Laundering,2024-11-25,2024-11-15,L02177,Bhopal Central Police Station,Gwalior,Under Investigation,Local Police,DOC00537,0.8,2025-04-26 00:03:47,2026-03-24 15:11:36
C01070,FIR/2024/7904,Criminal,Extortion,2024-10-03,2024-09-20,L01024,Nagpur Central Police Station,Lucknow,Under Investigation,Crime Branch,DOC00327,0.8,2026-05-27 23:13:41,2026-06-12 20:13:41
C01071,FIR/2025/2449,Organized Crime,Money Laundering,2025-05-06,2025-05-03,L02499,Delhi Central Police Station,Hyderabad,Under Investigation,Economic Offences Unit,DOC00331,0.84,2024-03-11 09:16:11,2025-09-19 05:40:12
C01072,FIR/2025/5477,Organized Crime,Cybercrime,2025-11-09,2025-10-19,L01637,Bhopal Central Police Station,Bengaluru,Closed,Local Police,DOC01612,0.92,2026-08-30 09:29:39,2026-09-04 23:59:59
C01073,FIR/2024/0477,Economic,Extortion,2024-05-22,2024-05-16,L00020,Ujjain Central Police Station,Jabalpur,Pending Trial,Crime Branch,DOC00415,0.93,2024-07-30 23:37:15,2026-08-24 23:16:58
C01074,FIR/2025/8660,Cyber,Robbery,2025-11-27,2025-11-24,L00960,Vadodara Central Police Station,Kanpur,Pending Trial,Cyber Cell,DOC01114,0.93,2026-02-11 20:56:14,2026-03-10 11:56:14
C01075,FIR/2025/4056,Criminal,Smuggling,2025-08-17,2025-08-07,L01937,Ujjain Central Police Station,Gurugram,Closed,Economic Offences Unit,DOC01050,0.96,2024-04-23 08:18:27,2025-09-13 17:26:52
C01076,FIR/2025/6458,Cyber,Money Laundering,2025-11-23,2025-11-05,L00405,Indore Central Police Station,Hyderabad,Under Investigation,Cyber Cell,DOC02522,0.96,2024-07-03 06:48:29,2025-06-01 07:29:14
C01077,FIR/2026/0919,Criminal,Burglary,2026-07-10,2026-06-15,L00548,Bhopal Central Police Station,Vadodara,Under Investigation,Local Police,DOC01627,0.85,2024-08-11 23:08:52,2024-08-13 11:08:52
C01078,FIR/2026/6721,Economic,Assault,2026-02-18,2026-02-03,L01904,Bhopal Central Police Station,Surat,Open,Economic Offences Unit,DOC01413,0.92,2025-02-12 20:03:41,2025-02-18 07:03:41
C01079,FIR/2025/6864,Economic,Fraud,2025-06-30,2025-06-07,L01367,Pune Central Police Station,Indore,Under Investigation,Economic Offences Unit,DOC02383,0.92,2024-03-30 12:04:04,2026-06-08 06:46:31
C01080,FIR/2025/9000,Organized Crime,Robbery,2025-04-14,2025-04-04,L01143,Lucknow Central Police Station,Gurugram,Under Investigation,Local Police,DOC01714,0.94,2025-04-12 20:17:36,2026-02-04 13:22:45
C01081,FIR/2025/2854,Economic,Robbery,2025-05-02,2025-04-12,L01289,Surat Central Police Station,Vadodara,Closed,Local Police,DOC01039,0.94,2025-05-08 12:44:55,2026-05-17 22:02:52
C01082,FIR/2024/9599,Criminal,Assault,2024-12-07,2024-11-23,L01047,Hyderabad Central Police Station,Nagpur,Open,Economic Offences Unit,DOC02305,0.94,2024-07-19 11:54:10,2024-08-14 17:54:10
C01083,FIR/2024/4309,Organized Crime,Forgery,2024-08-07,2024-08-03,L00308,Surat Central Police Station,Gwalior,Open,Cyber Cell,DOC02069,0.94,2026-07-11 15:56:21,2026-07-16 06:56:21
C01084,FIR/2025/4350,Organized Crime,Burglary,2025-11-29,2025-10-31,L02006,Gwalior Central Police Station,Kota,Closed,Cyber Cell,DOC02181,0.8,2026-06-20 20:43:24,2026-06-30 23:43:24
C01085,FIR/2026/9888,Criminal,Money Laundering,2026-08-08,2026-08-06,L01373,Hyderabad Central Police Station,Surat,Closed,Local Police,DOC00891,0.87,2024-01-18 20:06:31,2025-11-14 12:38:56
C01086,FIR/2026/1254,Criminal,Extortion,2026-09-01,2026-08-11,L02031,Kanpur Central Police Station,Jaipur,Open,Local Police,DOC00415,0.84,2026-08-10 19:53:57,2026-09-04 18:53:57
C01087,FIR/2026/5533,Economic,Fraud,2026-07-09,2026-06-30,L02162,Delhi Central Police Station,Delhi,Under Investigation,Cyber Cell,DOC02364,0.88,2026-03-02 07:19:32,2026-03-03 22:19:32
C01088,FIR/2025/6466,Economic,Robbery,2025-10-02,2025-09-04,L01893,Ahmedabad Central Police Station,Surat,Closed,Cyber Cell,DOC02476,0.96,2024-04-09 17:01:22,2025-06-20 19:30:25
C01089,FIR/2024/5382,Organized Crime,Money Laundering,2024-02-26,2024-02-24,L02236,Hyderabad Central Police Station,Ujjain,Under Investigation,Cyber Cell,DOC02375,0.83,2025-02-11 08:45:11,2025-02-23 10:45:11
C01090,FIR/2024/2811,Organized Crime,Forgery,2024-05-05,2024-04-22,L01059,Indore Central Police Station,Nagpur,Under Investigation,Cyber Cell,DOC02975,0.91,2024-01-22 05:17:22,2024-05-02 03:43:52
C01091,FIR/2025/9609,Criminal,Money Laundering,2025-11-19,2025-11-12,L02123,Ahmedabad Central Police Station,Lucknow,Open,Economic Offences Unit,DOC01062,0.86,2024-02-07 12:10:07,2024-12-05 22:16:55
C01092,FIR/2025/5389,Organized Crime,Cybercrime,2025-01-30,2025-01-08,L00496,Lucknow Central Police Station,Ahmedabad,Under Investigation,Economic Offences Unit,DOC00290,0.8,2024-03-06 21:30:22,2026-01-17 01:58:04
C01093,FIR/2024/5081,Criminal,Forgery,2024-12-04,2024-11-09,L01340,Delhi Central Police Station,Kota,Pending Trial,Economic Offences Unit,DOC02916,0.86,2025-09-24 04:28:05,2025-10-14 09:28:05
C01094,FIR/2024/0449,Economic,Vehicle Theft,2024-02-20,2024-02-19,L02406,Jabalpur Central Police Station,Ahmedabad,Closed,Local Police,DOC00577,0.83,2024-12-22 15:08:57,2025-11-18 23:50:46
C01095,FIR/2026/9618,Economic,Illegal Gambling,2026-02-21,2026-01-29,L01382,Pune Central Police Station,Ahmedabad,Pending Trial,Crime Branch,DOC01325,0.86,2024-04-10 04:19:49,2025-12-01 00:28:56
C01096,FIR/2026/3260,Cyber,Cybercrime,2026-02-12,2026-02-10,L00302,Lucknow Central Police Station,Indore,Pending Trial,Local Police,DOC00329,0.95,2024-10-26 10:16:50,2025-09-09 11:23:20
C01097,FIR/2025/9780,Organized Crime,Forgery,2025-12-03,2025-11-13,L02015,Bhopal Central Police Station,Bhopal,Open,Cyber Cell,DOC01400,0.97,2025-07-19 07:07:14,2026-01-02 07:07:57
C01098,FIR/2024/2372,Organized Crime,Illegal Gambling,2024-08-11,2024-08-03,L00513,Hyderabad Central Police Station,Gurugram,Pending Trial,Economic Offences Unit,DOC02327,0.83,2025-07-09 11:02:18,2025-10-22 10:36:38
C01099,FIR/2024/5256,Organized Crime,Money Laundering,2024-07-02,2024-06-22,L01744,Kota Central Police Station,Bhopal,Open,Crime Branch,DOC01310,0.97,2026-07-04 10:51:09,2026-07-26 05:51:09
C01100,FIR/2026/1751,Cyber,Cybercrime,2026-01-18,2026-01-05,L02227,Indore Central Police Station,Bhopal,Pending Trial,Crime Branch,DOC01789,0.87,2024-09-21 08:58:46,2024-11-02 20:04:50
C01101,FIR/2024/6225,Cyber,Vehicle Theft,2024-10-28,2024-09-28,L02327,Lucknow Central Police Station,Dewas,Closed,Crime Branch,DOC00781,0.84,2025-07-30 07:25:03,2026-06-23 20:48:45
C01102,FIR/2024/1393,Organized Crime,Forgery,2024-10-31,2024-10-21,L02427,Mumbai Central Police Station,Kanpur,Under Investigation,Crime Branch,DOC02108,0.83,2024-08-14 07:46:35,2025-10-08 01:33:47
C01103,FIR/2025/1956,Organized Crime,Forgery,2025-04-11,2025-03-26,L01031,Vadodara Central Police Station,Kanpur,Under Investigation,Local Police,DOC01784,0.84,2025-10-16 13:41:34,2025-11-05 04:41:34
C01104,FIR/2025/7459,Economic,Smuggling,2025-02-11,2025-01-14,L01670,Surat Central Police Station,Mumbai,Open,Local Police,DOC00640,0.81,2025-02-09 06:23:49,2025-11-24 14:37:10
C01105,FIR/2025/1195,Criminal,Fraud,2025-01-24,2025-01-10,L00968,Delhi Central Police Station,Bhopal,Open,Cyber Cell,DOC02489,0.82,2025-07-11 07:41:56,2025-08-01 23:41:56
C01106,FIR/2025/4029,Cyber,Burglary,2025-04-22,2025-04-18,L00279,Nagpur Central Police Station,Lucknow,Closed,Local Police,DOC00243,0.83,2025-05-18 16:55:46,2025-06-01 17:34:52
C01107,FIR/2026/8243,Economic,Money Laundering,2026-08-15,2026-08-05,L00821,Dewas Central Police Station,Jabalpur,Under Investigation,Local Police,DOC02304,0.94,2024-07-26 19:47:31,2026-07-14 05:11:01
C01108,FIR/2024/0896,Cyber,Cybercrime,2024-11-16,2024-11-06,L00042,Vadodara Central Police Station,Mumbai,Pending Trial,Economic Offences Unit,DOC02058,0.92,2024-10-17 10:52:08,2024-10-25 13:52:08
C01109,FIR/2025/9795,Economic,Fraud,2025-12-21,2025-12-11,L01791,Kota Central Police Station,Lucknow,Under Investigation,Crime Branch,DOC01779,0.94,2026-03-19 02:03:54,2026-04-14 15:03:54
C01110,FIR/2025/8765,Criminal,Burglary,2025-11-29,2025-11-20,L00057,Jaipur Central Police Station,Surat,Open,Crime Branch,DOC00265,0.87,2025-05-03 16:03:48,2025-05-17 11:03:48
C01111,FIR/2025/8966,Economic,Robbery,2025-02-25,2025-02-21,L01908,Hyderabad Central Police Station,Gurugram,Under Investigation,Local Police,DOC00863,0.88,2026-05-26 05:09:37,2026-06-15 15:09:37
C01112,FIR/2025/4766,Economic,Burglary,2025-05-06,2025-04-12,L01993,Kota Central Police Station,Jaipur,Closed,Crime Branch,DOC00765,0.94,2026-04-12 23:08:07,2026-04-22 19:08:07
C01113,FIR/2025/0639,Organized Crime,Illegal Gambling,2025-05-22,2025-05-05,L01516,Ahmedabad Central Police Station,Nagpur,Closed,Local Police,DOC01020,0.92,2024-11-09 10:41:56,2025-11-17 07:02:20
C01114,FIR/2025/4958,Cyber,Robbery,2025-10-14,2025-10-11,L01054,Mumbai Central Police Station,Jaipur,Pending Trial,Crime Branch,DOC01964,0.8,2024-03-07 14:17:00,2026-08-01 03:01:36
C01115,FIR/2025/4086,Organized Crime,Illegal Gambling,2025-05-24,2025-05-01,L02054,Jaipur Central Police Station,Jaipur,Open,Local Police,DOC02057,0.84,2026-06-14 21:10:43,2026-06-15 06:10:43
C01116,FIR/2024/0813,Criminal,Money Laundering,2024-11-02,2024-10-12,L02420,Gurugram Central Police Station,Indore,Pending Trial,Cyber Cell,DOC02482,0.81,2025-09-22 21:45:48,2025-10-10 16:45:48
C01117,FIR/2026/0675,Economic,Vehicle Theft,2026-03-04,2026-02-24,L00548,Mumbai Central Police Station,Surat,Under Investigation,Economic Offences Unit,DOC02105,0.82,2024-11-26 10:30:56,2026-05-28 13:18:03
C01118,FIR/2024/6527,Organized Crime,Vehicle Theft,2025-01-02,2024-12-16,L01041,Gurugram Central Police Station,Jabalpur,Under Investigation,Local Police,DOC02037,0.98,2026-06-12 04:56:01,2026-07-10 05:56:01
C01119,FIR/2026/9156,Economic,Cybercrime,2026-05-26,2026-05-21,L00489,Vadodara Central Police Station,Nagpur,Under Investigation,Economic Offences Unit,DOC02110,0.88,2024-11-07 17:15:56,2026-01-24 08:28:30
C01120,FIR/2024/9816,Criminal,Fraud,2024-07-23,2024-06-25,L02374,Bengaluru Central Police Station,Jabalpur,Pending Trial,Crime Branch,DOC00517,0.89,2024-01-26 22:06:25,2024-07-29 00:39:10
C01121,FIR/2025/4593,Cyber,Cybercrime,2025-10-30,2025-10-28,L00008,Gurugram Central Police Station,Dewas,Under Investigation,Economic Offences Unit,DOC00921,0.92,2026-01-08 07:28:55,2026-07-24 23:28:42
C01122,FIR/2025/4122,Cyber,Cybercrime,2025-11-11,2025-10-16,L00072,Dewas Central Police Station,Vadodara,Under Investigation,Cyber Cell,DOC02147,0.97,2026-07-20 15:26:49,2026-07-30 04:26:49
C01123,FIR/2024/8069,Economic,Assault,2025-01-15,2024-12-29,L02275,Nagpur Central Police Station,Gurugram,Closed,Cyber Cell,DOC02190,0.96,2024-09-22 09:20:27,2025-03-08 22:55:18
C01124,FIR/2024/5840,Economic,Cybercrime,2024-02-10,2024-02-09,L01174,Gurugram Central Police Station,Indore,Closed,Local Police,DOC02491,0.95,2024-10-28 00:49:32,2024-11-19 20:49:32
C01125,FIR/2026/8868,Criminal,Robbery,2026-06-29,2026-06-06,L02296,Dewas Central Police Station,Gwalior,Closed,Economic Offences Unit,DOC00574,0.92,2026-04-04 09:43:20,2026-05-03 16:43:20
C01126,FIR/2024/6829,Criminal,Extortion,2024-07-15,2024-06-27,L00966,Surat Central Police Station,Kota,Open,Economic Offences Unit,DOC02930,0.96,2024-11-03 23:40:20,2026-05-06 10:02:00
C01127,FIR/2025/5356,Criminal,Forgery,2025-11-26,2025-11-18,L02349,Indore Central Police Station,Lucknow,Closed,Cyber Cell,DOC02745,0.88,2026-02-05 12:52:04,2026-02-09 06:52:04
C01128,FIR/2025/5724,Cyber,Assault,2026-01-14,2025-12-17,L01186,Jabalpur Central Police Station,Kanpur,Pending Trial,Cyber Cell,DOC01592,0.8,2025-04-20 16:21:19,2026-04-03 16:38:26
C01129,FIR/2026/3508,Criminal,Money Laundering,2026-03-25,2026-03-11,L01260,Surat Central Police Station,Lucknow,Under Investigation,Crime Branch,DOC01223,0.93,2024-12-23 20:52:59,2025-01-06 00:52:59
C01130,FIR/2024/6509,Organized Crime,Robbery,2024-02-21,2024-02-06,L02294,Ujjain Central Police Station,Delhi,Pending Trial,Local Police,DOC00198,0.84,2025-06-02 19:34:23,2025-06-22 14:05:16
C01131,FIR/2024/8022,Organized Crime,Cybercrime,2025-01-09,2024-12-18,L00307,Ahmedabad Central Police Station,Jabalpur,Under Investigation,Local Police,DOC01858,0.95,2025-09-09 19:42:59,2025-09-22 14:42:59
C01132,FIR/2025/3371,Organized Crime,Illegal Gambling,2025-06-13,2025-06-10,L02308,Nagpur Central Police Station,Kota,Under Investigation,Cyber Cell,DOC00855,0.96,2025-05-02 10:50:43,2025-08-28 06:39:49
C01133,FIR/2025/4589,Economic,Money Laundering,2025-08-12,2025-07-21,L00094,Dewas Central Police Station,Nagpur,Under Investigation,Economic Offences Unit,DOC00286,0.9,2024-09-02 18:49:45,2025-04-18 20:54:52
C01134,FIR/2026/9719,Cyber,Money Laundering,2026-05-28,2026-05-20,L01315,Hyderabad Central Police Station,Surat,Under Investigation,Cyber Cell,DOC01250,0.91,2026-06-19 11:43:48,2026-07-07 05:43:48
C01135,FIR/2025/5902,Cyber,Fraud,2025-07-15,2025-07-13,L01677,Nagpur Central Police Station,Ujjain,Under Investigation,Economic Offences Unit,DOC00064,0.81,2026-04-30 04:26:17,2026-05-28 18:26:17
C01136,FIR/2026/1859,Economic,Illegal Gambling,2026-09-04,2026-08-07,L01786,Kota Central Police Station,Vadodara,Pending Trial,Crime Branch,DOC01851,0.87,2025-12-08 02:42:45,2025-12-25 08:00:47
C01137,FIR/2026/0938,Organized Crime,Robbery,2026-04-12,2026-03-27,L00438,Surat Central Police Station,Delhi,Closed,Local Police,DOC01500,0.91,2026-06-24 07:15:33,2026-06-29 11:15:33
C01138,FIR/2025/4494,Economic,Robbery,2025-02-17,2025-02-06,L00207,Jabalpur Central Police Station,Kota,Open,Cyber Cell,DOC00796,0.94,2024-04-27 23:14:48,2024-05-28 19:01:32
C01139,FIR/2026/2303,Economic,Illegal Gambling,2026-04-07,2026-04-02,L01293,Mumbai Central Police Station,Bhopal,Pending Trial,Local Police,DOC01522,0.96,2024-10-23 06:34:31,2026-02-19 09:58:49
C01140,FIR/2024/4181,Organized Crime,Robbery,2024-12-14,2024-12-14,L01466,Mumbai Central Police Station,Pune,Open,Crime Branch,DOC00392,0.87,2024-01-31 01:00:35,2024-07-31 05:24:55
C01141,FIR/2026/9698,Organized Crime,Assault,2026-01-30,2026-01-19,L01764,Delhi Central Police Station,Kota,Closed,Local Police,DOC02375,0.82,2025-04-16 20:38:36,2026-05-09 04:00:09
C01142,FIR/2024/2509,Cyber,Extortion,2024-03-29,2024-03-08,L00068,Indore Central Police Station,Vadodara,Pending Trial,Cyber Cell,DOC00545,0.86,2024-11-17 04:32:14,2024-11-28 10:32:14
C01143,FIR/2025/2527,Economic,Robbery,2025-10-06,2025-09-26,L01171,Hyderabad Central Police Station,Nagpur,Closed,Economic Offences Unit,DOC00313,0.94,2024-03-29 22:00:46,2026-03-30 07:58:06
C01144,FIR/2024/0108,Cyber,Cybercrime,2024-09-10,2024-08-26,L00331,Mumbai Central Police Station,Jabalpur,Pending Trial,Cyber Cell,DOC01312,0.81,2026-01-12 17:05:09,2026-06-16 13:47:57
C01145,FIR/2024/9093,Organized Crime,Illegal Gambling,2024-10-31,2024-10-07,L00168,Gwalior Central Police Station,Jabalpur,Open,Cyber Cell,DOC02623,0.95,2026-06-27 13:16:50,2026-07-10 10:16:50
C01146,FIR/2024/9294,Organized Crime,Vehicle Theft,2024-01-19,2024-01-06,L00206,Mumbai Central Police Station,Jabalpur,Under Investigation,Crime Branch,DOC02949,0.85,2025-03-27 00:44:05,2025-04-10 23:44:05
C01147,FIR/2024/9356,Cyber,Fraud,2024-04-08,2024-03-19,L02369,Kanpur Central Police Station,Hyderabad,Pending Trial,Local Police,DOC01846,0.85,2026-01-23 01:02:26,2026-01-23 11:52:11
C01148,FIR/2026/0173,Organized Crime,Extortion,2026-03-05,2026-02-26,L02009,Gwalior Central Police Station,Kota,Open,Cyber Cell,DOC00651,0.94,2025-07-02 11:38:12,2026-02-26 08:53:43
C01149,FIR/2025/9262,Cyber,Burglary,2025-01-29,2025-01-18,L01590,Jaipur Central Police Station,Ahmedabad,Pending Trial,Crime Branch,DOC00546,0.83,2024-01-17 13:19:14,2026-07-09 17:22:44
C01150,FIR/2025/7061,Cyber,Smuggling,2025-11-24,2025-11-10,L02213,Jabalpur Central Police Station,Jabalpur,Open,Economic Offences Unit,DOC01319,0.94,2024-11-24 05:53:22,2026-04-22 23:55:17
C01151,FIR/2025/6181,Economic,Assault,2025-10-23,2025-10-14,L02222,Surat Central Police Station,Ahmedabad,Under Investigation,Local Police,DOC01436,0.89,2024-10-03 03:23:20,2025-04-01 04:57:16
C01152,FIR/2026/7435,Organized Crime,Forgery,2026-02-20,2026-02-06,L01747,Bengaluru Central Police Station,Gurugram,Closed,Local Police,DOC01371,0.87,2025-11-01 07:32:23,2025-11-29 06:32:23
C01153,FIR/2025/7114,Cyber,Cybercrime,2025-08-03,2025-07-05,L01873,Lucknow Central Police Station,Gwalior,Closed,Crime Branch,DOC02366,0.93,2024-05-22 13:06:57,2026-02-19 03:33:25
C01154,FIR/2026/3488,Economic,Money Laundering,2026-07-27,2026-07-07,L00507,Pune Central Police Station,Kanpur,Closed,Cyber Cell,DOC01457,0.97,2024-03-20 05:24:54,2024-06-08 17:14:13
C01155,FIR/2024/5247,Cyber,Money Laundering,2025-01-10,2024-12-22,L00146,Jaipur Central Police Station,Pune,Closed,Crime Branch,DOC02001,0.85,2026-01-20 01:10:31,2026-04-23 01:34:51
C01156,FIR/2026/0735,Organized Crime,Illegal Gambling,2026-06-07,2026-05-16,L01753,Jaipur Central Police Station,Mumbai,Open,Cyber Cell,DOC01416,0.81,2026-02-08 11:53:57,2026-03-07 07:53:57
C01157,FIR/2024/8778,Organized Crime,Burglary,2024-06-23,2024-06-10,L01455,Gwalior Central Police Station,Hyderabad,Closed,Crime Branch,DOC00224,0.92,2025-05-23 02:03:11,2026-05-13 21:14:22
C01158,FIR/2026/4906,Organized Crime,Forgery,2026-03-22,2026-03-16,L00332,Jabalpur Central Police Station,Dewas,Open,Crime Branch,DOC02903,0.98,2026-02-07 21:10:14,2026-04-10 04:19:47
C01159,FIR/2024/6960,Economic,Money Laundering,2024-06-27,2024-06-21,L00525,Kota Central Police Station,Mumbai,Under Investigation,Local Police,DOC01329,0.96,2025-09-14 15:11:18,2025-09-18 03:11:18
C01160,FIR/2024/8590,Criminal,Money Laundering,2024-07-27,2024-07-20,L02412,Delhi Central Police Station,Pune,Pending Trial,Local Police,DOC02375,0.82,2026-08-30 16:52:33,2026-09-04 23:59:59
C01161,FIR/2026/1656,Criminal,Fraud,2026-05-06,2026-05-03,L00436,Surat Central Police Station,Lucknow,Closed,Economic Offences Unit,DOC01999,0.88,2024-11-12 19:56:34,2026-03-02 17:53:58
C01162,FIR/2024/6747,Economic,Assault,2024-10-22,2024-10-10,L02400,Hyderabad Central Police Station,Indore,Pending Trial,Economic Offences Unit,DOC02160,0.88,2026-06-02 19:27:29,2026-06-28 11:27:29
C01163,FIR/2025/6508,Criminal,Forgery,2025-08-09,2025-07-19,L02271,Ujjain Central Police Station,Surat,Closed,Local Police,DOC00939,0.93,2024-01-01 21:23:04,2025-09-03 02:41:16
C01164,FIR/2024/3325,Economic,Cybercrime,2024-03-12,2024-02-25,L02469,Lucknow Central Police Station,Nagpur,Pending Trial,Local Police,DOC00133,0.89,2025-10-04 12:10:26,2025-10-11 09:10:26
C01165,FIR/2025/3337,Organized Crime,Money Laundering,2025-11-28,2025-11-04,L02203,Vadodara Central Police Station,Hyderabad,Pending Trial,Economic Offences Unit,DOC01573,0.89,2025-11-23 21:42:57,2025-12-14 06:42:57
C01166,FIR/2025/3922,Organized Crime,Forgery,2025-09-27,2025-09-03,L01008,Dewas Central Police Station,Lucknow,Closed,Crime Branch,DOC00352,0.8,2026-01-08 19:24:56,2026-01-15 13:24:56
C01167,FIR/2025/5345,Economic,Money Laundering,2025-05-04,2025-04-19,L00236,Ahmedabad Central Police Station,Ujjain,Closed,Crime Branch,DOC02171,0.9,2025-08-02 09:32:41,2025-08-05 15:32:41
C01168,FIR/2026/7772,Economic,Smuggling,2026-09-04,2026-08-20,L00350,Ahmedabad Central Police Station,Bhopal,Pending Trial,Cyber Cell,DOC00381,0.92,2024-02-07 18:02:31,2026-07-22 19:35:12
C01169,FIR/2025/3615,Cyber,Assault,2025-05-08,2025-04-25,L00892,Gwalior Central Police Station,Gurugram,Open,Economic Offences Unit,DOC00780,0.94,2025-08-10 23:55:53,2025-12-27 03:52:13
C01170,FIR/2024/9783,Cyber,Assault,2024-01-13,2024-01-09,L00845,Vadodara Central Police Station,Jabalpur,Under Investigation,Crime Branch,DOC00036,0.98,2025-12-04 08:44:48,2025-12-12 08:44:48
C01171,FIR/2024/7415,Cyber,Smuggling,2024-08-31,2024-08-26,L00081,Indore Central Police Station,Jaipur,Pending Trial,Crime Branch,DOC02854,0.81,2024-08-25 12:18:33,2024-09-24 06:18:33
C01172,FIR/2024/0297,Cyber,Robbery,2024-09-11,2024-08-21,L00243,Hyderabad Central Police Station,Delhi,Open,Local Police,DOC01808,0.89,2025-10-12 09:49:08,2025-12-04 02:27:22
C01173,FIR/2024/9161,Organized Crime,Cybercrime,2024-05-06,2024-04-11,L01510,Mumbai Central Police Station,Pune,Closed,Local Police,DOC02802,0.95,2025-04-06 20:35:54,2025-06-21 16:28:48
C01174,FIR/2024/7996,Criminal,Money Laundering,2024-04-19,2024-03-27,L01871,Delhi Central Police Station,Hyderabad,Open,Cyber Cell,DOC02717,0.87,2024-07-25 14:05:25,2025-12-20 23:39:12
C01175,FIR/2025/9220,Economic,Fraud,2025-06-08,2025-05-18,L02261,Bengaluru Central Police Station,Delhi,Under Investigation,Crime Branch,DOC01219,0.97,2024-11-22 10:07:50,2026-01-31 07:46:39
C01176,FIR/2025/4199,Organized Crime,Money Laundering,2025-06-21,2025-06-10,L01578,Kanpur Central Police Station,Indore,Under Investigation,Cyber Cell,DOC01295,0.86,2024-04-18 16:42:20,2025-12-20 04:06:43
C01177,FIR/2026/3741,Organized Crime,Smuggling,2026-03-27,2026-03-22,L01815,Delhi Central Police Station,Nagpur,Pending Trial,Economic Offences Unit,DOC01784,0.95,2025-12-22 11:22:04,2026-01-10 15:22:04
C01178,FIR/2024/0644,Criminal,Smuggling,2024-06-23,2024-06-18,L00738,Bhopal Central Police Station,Bengaluru,Closed,Economic Offences Unit,DOC01684,0.88,2026-04-15 13:37:46,2026-05-08 16:37:46
C01179,FIR/2024/0923,Criminal,Robbery,2024-04-15,2024-03-30,L01427,Lucknow Central Police Station,Bhopal,Under Investigation,Cyber Cell,DOC01048,0.86,2026-01-26 00:59:04,2026-02-08 05:59:04
C01180,FIR/2024/7109,Cyber,Robbery,2024-04-24,2024-03-25,L00459,Surat Central Police Station,Kota,Pending Trial,Cyber Cell,DOC01771,0.8,2026-02-12 09:20:17,2026-02-20 09:20:17
C01181,FIR/2025/6126,Economic,Illegal Gambling,2025-08-10,2025-07-19,L00777,Mumbai Central Police Station,Bhopal,Pending Trial,Crime Branch,DOC01068,0.81,2025-06-27 13:04:51,2025-07-20 16:25:15
C01182,FIR/2025/0801,Economic,Money Laundering,2025-05-07,2025-04-07,L00222,Ujjain Central Police Station,Pune,Closed,Crime Branch,DOC01388,0.87,2024-06-25 21:05:32,2025-03-31 02:03:03
C01183,FIR/2025/1266,Criminal,Smuggling,2025-03-05,2025-02-21,L00503,Indore Central Police Station,Lucknow,Open,Cyber Cell,DOC01572,0.83,2025-01-26 12:08:48,2025-01-28 16:08:48
C01184,FIR/2024/0330,Criminal,Illegal Gambling,2024-07-22,2024-07-09,L00907,Delhi Central Police Station,Pune,Under Investigation,Cyber Cell,DOC01502,0.93,2026-04-29 13:56:00,2026-05-26 04:56:00
C01185,FIR/2024/0494,Cyber,Cybercrime,2024-12-07,2024-11-27,L00852,Jabalpur Central Police Station,Kanpur,Closed,Crime Branch,DOC01363,0.97,2024-07-06 12:14:54,2024-07-20 15:14:54
C01186,FIR/2025/4667,Criminal,Money Laundering,2025-01-27,2025-01-12,L02246,Mumbai Central Police Station,Gurugram,Under Investigation,Crime Branch,DOC01891,0.98,2026-01-30 18:37:20,2026-02-25 04:37:20
C01187,FIR/2024/0364,Economic,Burglary,2024-10-01,2024-09-04,L01788,Kota Central Police Station,Ahmedabad,Open,Crime Branch,DOC00446,0.9,2025-12-18 16:06:43,2026-01-09 23:06:43
C01188,FIR/2025/3928,Criminal,Cybercrime,2025-05-14,2025-04-28,L00052,Indore Central Police Station,Jabalpur,Under Investigation,Cyber Cell,DOC00857,0.87,2024-03-03 10:51:06,2025-06-11 09:19:28
C01189,FIR/2026/0271,Economic,Cybercrime,2026-09-04,2026-08-28,L01567,Kota Central Police Station,Lucknow,Under Investigation,Economic Offences Unit,DOC01370,0.9,2024-05-04 16:43:13,2024-06-08 16:44:08
C01190,FIR/2025/9254,Cyber,Smuggling,2025-07-14,2025-06-25,L02104,Bengaluru Central Police Station,Dewas,Under Investigation,Cyber Cell,DOC01901,0.89,2025-10-26 03:52:05,2025-11-11 23:52:05
C01191,FIR/2026/6651,Cyber,Smuggling,2026-08-06,2026-07-16,L00459,Delhi Central Police Station,Surat,Open,Cyber Cell,DOC01914,0.82,2024-07-03 02:54:33,2025-07-22 03:59:59
C01192,FIR/2026/0622,Criminal,Smuggling,2026-08-29,2026-08-10,L00325,Surat Central Police Station,Pune,Closed,Local Police,DOC01225,0.93,2024-02-18 08:42:23,2024-05-21 02:28:47
C01193,FIR/2025/2783,Criminal,Forgery,2025-09-12,2025-09-04,L00094,Dewas Central Police Station,Bengaluru,Open,Cyber Cell,DOC01050,0.92,2026-03-09 03:11:25,2026-08-19 19:17:24
C01194,FIR/2024/2447,Cyber,Fraud,2024-05-21,2024-05-12,L02142,Bhopal Central Police Station,Kota,Closed,Economic Offences Unit,DOC01254,0.84,2026-02-07 17:36:06,2026-06-27 08:15:53
C01195,FIR/2025/0372,Criminal,Forgery,2025-09-22,2025-09-18,L01653,Pune Central Police Station,Gurugram,Under Investigation,Cyber Cell,DOC02845,0.98,2025-04-05 06:35:48,2025-04-22 01:35:48
C01196,FIR/2024/1936,Criminal,Fraud,2024-02-12,2024-01-19,L00906,Dewas Central Police Station,Vadodara,Pending Trial,Crime Branch,DOC01986,0.98,2024-10-13 10:30:27,2025-04-26 10:52:30
C01197,FIR/2026/2389,Cyber,Assault,2026-07-18,2026-06-20,L01257,Kota Central Police Station,Mumbai,Under Investigation,Cyber Cell,DOC02983,0.84,2025-08-28 16:24:12,2025-09-08 17:24:12
C01198,FIR/2024/4885,Cyber,Robbery,2024-01-22,2024-01-17,L00784,Mumbai Central Police Station,Nagpur,Under Investigation,Local Police,DOC01939,0.91,2024-12-27 01:55:31,2026-08-01 00:04:05
C01199,FIR/2024/5887,Organized Crime,Assault,2025-01-03,2024-12-12,L02249,Vadodara Central Police Station,Gurugram,Under Investigation,Economic Offences Unit,DOC00705,0.92,2025-02-15 16:02:09,2025-03-16 23:02:09
C01200,FIR/2024/2857,Organized Crime,Illegal Gambling,2024-08-02,2024-07-14,L01212,Jabalpur Central Police Station,Nagpur,Open,Cyber Cell,DOC00505,0.81,2025-08-15 19:26:40,2026-02-20 10:57:48
