movement_id,entity_type,entity_id,location_id,arrival_timestamp,departure_timestamp,movement_type,vehicle_id,source_id,confidence_score,evidence_id,created_at
MOV000001,VEHICLE,V00907,L00724,2026-01-04 14:04:50,2026-01-04 16:06:50,VISIT,,SRC014,0.76,EV04876,2025-12-20 09:35:53
MOV000002,ORGANIZATION,O0082,L01796,2025-06-30 22:40:13,2025-07-01 15:05:13,EXIT,V00462,SRC008,0.8,EV03007,2026-04-05 23:31:31
MOV000003,VEHICLE,V00262,L00939,2024-03-19 12:37:58,2024-03-20 05:50:58,ENTRY,,SRC025,0.86,EV02533,2025-05-10 03:47:51
MOV000004,VEHICLE,V00959,L01929,2025-05-08 15:27:36,2025-05-09 00:30:36,VISIT,,SRC017,0.76,EV03563,2024-05-15 20:43:02
MOV000005,PERSON,P00279,L02139,2024-03-04 03:16:22,2024-03-04 12:19:22,EXIT,,SRC009,0.75,EV00992,2026-05-12 03:39:29
MOV000006,VEHICLE,V00841,L01191,2025-08-27 21:18:16,2025-08-28 07:02:16,VISIT,,SRC018,0.85,EV01295,2024-08-12 13:38:13
MOV000007,ORGANIZATION,O0067,L02078,2025-04-26 02:08:19,2025-04-26 03:03:19,TRANSIT,,SRC026,0.93,EV01456,2024-12-22 19:37:12
MOV000008,ORGANIZATION,O0030,L00275,2024-02-25 08:03:32,2024-02-26 04:20:32,ENTRY,,SRC014,0.96,EV04723,2024-08-15 07:43:30
MOV000009,PERSON,P02354,L01003,2026-06-03 22:27:14,2026-06-04 11:48:14,EXIT,,SRC024,0.83,EV01449,2026-08-01 15:21:29
MOV000010,VEHICLE,V00179,L00336,2026-01-05 09:00:45,2026-01-05 16:11:45,TRANSIT,,SRC019,0.98,EV00224,2026-08-03 15:01:27
MOV000011,ORGANIZATION,O0119,L00070,2025-11-22 18:26:50,2025-11-23 01:06:50,EXIT,V00092,SRC011,0.88,EV00306,2026-08-11 06:58:06
MOV000012,ORGANIZATION,O0061,L00843,2026-08-17 22:06:21,2026-08-18 07:00:21,ENTRY,V00420,SRC015,0.88,EV01359,2026-07-21 12:17:57
MOV000013,PERSON,P02971,L00307,2024-02-21 01:46:53,2024-02-21 17:01:53,VISIT,V00362,SRC027,0.82,EV02264,2025-01-15 04:53:59
MOV000014,VEHICLE,V00809,L00122,2024-11-16 18:44:49,2024-11-16 20:04:49,VISIT,V00125,SRC023,0.91,EV00422,2024-05-11 18:55:01
MOV000015,ORGANIZATION,O0459,L01786,2025-04-22 14:11:29,2025-04-23 12:54:29,ENTRY,V00647,SRC023,0.89,EV04982,2025-11-07 18:28:27
MOV000016,PERSON,P03043,L01197,2024-07-11 14:22:58,2024-07-11 17:43:58,TRANSIT,,SRC017,0.89,EV00895,2024-05-09 06:41:54
MOV000017,ORGANIZATION,O0315,L02449,2025-12-15 21:58:42,2025-12-16 10:03:42,ENTRY,,SRC019,0.9,EV03394,2026-03-08 19:15:30
MOV000018,ORGANIZATION,O0331,L02399,2026-06-14 16:35:24,2026-06-14 20:34:24,EXIT,,SRC030,0.89,EV00941,2024-05-21 04:27:12
MOV000019,PERSON,P00619,L01954,2024-07-23 07:59:22,2024-07-23 13:12:22,TRANSIT,V00110,SRC006,0.82,EV01857,2024-06-16 23:44:23
MOV000020,VEHICLE,V01054,L02350,2026-08-20 17:36:54,2026-08-20 20:16:54,EXIT,,SRC003,0.81,EV02620,2026-02-27 03:10:20
MOV000021,ORGANIZATION,O0472,L00718,2025-01-14 19:24:45,2025-01-15 03:00:45,VISIT,,SRC015,0.86,EV04426,2025-07-18 22:26:58
MOV000022,PERSON,P03303,L00600,2024-06-15 06:34:53,2024-06-16 00:26:53,TRANSIT,V00741,SRC021,0.88,EV01241,2025-06-16 03:20:30
MOV000023,PERSON,P03457,L02490,2024-09-05 02:36:33,2024-09-05 10:50:33,EXIT,,SRC012,0.91,EV01790,2026-06-28 23:29:58
MOV000024,ORGANIZATION,O0305,L01344,2025-11-18 17:14:18,2025-11-19 11:17:18,ENTRY,V00722,SRC026,0.87,EV03394,2025-07-01 09:26:59
MOV000025,ORGANIZATION,O0137,L01987,2025-12-01 03:22:18,2025-12-01 04:59:18,VISIT,,SRC005,0.87,EV03860,2025-05-31 06:20:31
MOV000026,ORGANIZATION,O0238,L02082,2026-05-08 00:21:42,2026-05-08 14:39:42,TRANSIT,,SRC030,0.82,EV03500,2025-07-13 19:57:31
MOV000027,VEHICLE,V00161,L02260,2024-05-21 00:32:35,2024-05-21 13:42:35,ENTRY,,SRC011,0.96,EV03765,2025-02-03 02:09:12
MOV000028,VEHICLE,V01096,L00144,2024-09-26 08:59:15,2024-09-26 22:58:15,ENTRY,,SRC003,0.82,EV01829,2025-11-10 19:41:20
MOV000029,VEHICLE,V00443,L01959,2025-09-26 23:00:16,2025-09-27 06:40:16,TRANSIT,V01173,SRC011,0.88,EV04501,2024-07-21 13:41:15
MOV000030,ORGANIZATION,O0096,L00579,2024-02-17 04:50:39,2024-02-17 05:14:39,VISIT,V00366,SRC013,0.89,EV04511,2024-12-30 20:09:08
MOV000031,PERSON,P01687,L00456,2024-09-09 03:45:51,2024-09-10 01:57:51,EXIT,,SRC019,0.97,EV03678,2024-06-09 12:12:10
MOV000032,ORGANIZATION,O0279,L01103,2025-11-30 03:10:31,2025-12-01 00:55:31,EXIT,,SRC026,0.83,EV01359,2024-11-02 01:03:09
MOV000033,VEHICLE,V00651,L02233,2024-04-05 12:32:11,2024-04-06 01:46:11,EXIT,,SRC020,0.9,EV03436,2024-03-24 18:18:09
MOV000034,PERSON,P00792,L01028,2024-02-26 18:57:55,2024-02-26 19:38:55,ENTRY,V00579,SRC028,0.77,EV01252,2024-07-01 09:58:09
MOV000035,PERSON,P02033,L00377,2025-04-12 21:09:53,2025-04-13 03:12:53,EXIT,,SRC016,0.96,EV04708,2024-08-07 18:30:08
MOV000036,PERSON,P02260,L00754,2025-04-12 04:25:23,2025-04-12 05:18:23,VISIT,,SRC010,0.86,EV00209,2025-03-26 23:20:03
MOV000037,VEHICLE,V00556,L00573,2024-05-17 18:19:12,2024-05-18 02:40:12,ENTRY,,SRC022,0.89,EV00015,2026-06-11 18:38:59
MOV000038,PERSON,P03113,L00327,2024-01-21 19:03:38,2024-01-22 05:50:38,EXIT,,SRC020,0.87,EV03723,2024-02-07 21:02:39
MOV000039,PERSON,P03797,L01878,2024-12-11 10:13:27,2024-12-11 23:00:27,EXIT,,SRC015,0.89,EV03821,2025-08-30 03:27:06
MOV000040,VEHICLE,V00660,L01216,2024-12-17 13:27:22,2024-12-17 15:29:22,EXIT,,SRC001,0.91,EV04192,2025-09-14 19:35:47
MOV000041,PERSON,P00238,L02363,2025-08-03 16:56:48,2025-08-03 17:52:48,VISIT,V00581,SRC010,0.94,EV03614,2025-05-19 22:27:54
MOV000042,ORGANIZATION,O0159,L00139,2025-04-22 11:05:25,2025-04-23 00:06:25,ENTRY,,SRC013,0.77,EV04502,2025-05-01 17:49:50
MOV000043,VEHICLE,V01116,L00740,2024-12-15 05:38:40,2024-12-15 14:27:40,TRANSIT,,SRC014,0.85,EV00995,2025-08-20 01:39:26
MOV000044,ORGANIZATION,O0289,L01197,2024-05-29 00:51:30,2024-05-29 12:11:30,TRANSIT,,SRC013,0.83,EV02705,2024-05-15 16:11:11
MOV000045,PERSON,P01907,L01951,2025-08-19 18:15:57,2025-08-19 20:41:57,VISIT,V00513,SRC001,0.86,EV02612,2025-03-12 00:39:42
MOV000046,ORGANIZATION,O0300,L01000,2026-03-31 13:28:44,2026-04-01 11:05:44,VISIT,,SRC021,0.9,EV00242,2026-06-18 13:07:29
MOV000047,PERSON,P01765,L02355,2025-07-11 13:26:12,2025-07-12 05:39:12,EXIT,V00371,SRC005,0.87,EV03636,2025-04-24 07:54:16
MOV000048,PERSON,P02868,L00202,2026-04-13 12:17:09,2026-04-13 18:06:09,VISIT,V01129,SRC011,0.96,EV03026,2025-11-05 11:08:00
MOV000049,ORGANIZATION,O0011,L00337,2024-06-23 22:32:00,2024-06-24 05:14:00,ENTRY,V00071,SRC027,0.75,EV01866,2025-11-22 13:25:07
MOV000050,VEHICLE,V00306,L00792,2025-05-21 16:44:21,2025-05-22 11:54:21,ENTRY,V01187,SRC002,0.87,EV00881,2026-08-14 00:39:04
MOV000051,VEHICLE,V00746,L00907,2026-07-30 10:24:56,2026-07-31 04:48:56,ENTRY,,SRC004,0.9,EV03762,2026-03-11 02:20:47
MOV000052,PERSON,P01594,L01526,2024-12-12 21:36:47,2024-12-13 14:14:47,VISIT,,SRC012,0.88,EV01088,2024-11-19 08:59:38
MOV000053,VEHICLE,V00603,L01712,2026-08-22 08:30:57,2026-08-23 04:42:57,ENTRY,V00080,SRC006,0.95,EV03493,2026-07-25 23:38:42
MOV000054,PERSON,P03924,L01468,2026-03-13 22:00:53,2026-03-14 14:58:53,ENTRY,,SRC011,0.98,EV02193,2026-08-10 02:45:59
MOV000055,VEHICLE,V00054,L01577,2025-12-02 02:51:18,2025-12-02 03:20:18,ENTRY,V00896,SRC024,0.8,EV01597,2024-04-17 11:43:52
MOV000056,PERSON,P00558,L01581,2024-08-13 04:52:50,2024-08-13 09:05:50,TRANSIT,V01072,SRC018,0.84,EV02771,2024-05-20 03:11:14
MOV000057,VEHICLE,V01086,L00797,2025-02-23 20:02:41,2025-02-24 13:58:41,VISIT,,SRC024,0.92,EV01003,2024-01-03 10:50:25
MOV000058,PERSON,P03174,L01015,2024-05-26 18:17:30,2024-05-27 15:50:30,EXIT,,SRC001,0.85,EV00791,2025-02-22 15:38:42
MOV000059,ORGANIZATION,O0042,L00736,2026-03-27 22:05:10,2026-03-28 10:25:10,VISIT,,SRC018,0.9,EV01575,2024-01-01 20:56:14
MOV000060,PERSON,P00072,L00934,2025-04-10 18:21:59,2025-04-11 08:29:59,EXIT,,SRC006,0.88,EV01161,2025-02-19 10:27:03
MOV000061,VEHICLE,V00374,L01368,2025-09-12 14:50:49,2025-09-13 02:53:49,EXIT,,SRC020,0.96,EV04132,2024-06-29 12:58:07
MOV000062,ORGANIZATION,O0454,L02015,2024-03-04 22:13:42,2024-03-05 02:49:42,TRANSIT,,SRC009,0.9,EV00101,2025-10-03 14:27:42
MOV000063,ORGANIZATION,O0325,L01220,2025-01-15 14:11:05,2025-01-15 17:15:05,EXIT,,SRC030,0.9,EV03012,2025-08-10 20:28:10
MOV000064,PERSON,P01700,L00670,2025-04-15 07:33:15,2025-04-16 02:19:15,TRANSIT,V00407,SRC019,0.87,EV02782,2026-06-04 02:31:07
MOV000065,PERSON,P01170,L00901,2026-02-21 02:20:55,2026-02-21 09:25:55,EXIT,,SRC026,0.77,EV04168,2025-06-27 10:10:45
MOV000066,VEHICLE,V00104,L00001,2025-01-14 14:53:59,2025-01-15 12:46:59,VISIT,,SRC010,0.88,EV01217,2025-10-04 13:41:21
MOV000067,VEHICLE,V00420,L01481,2025-01-22 10:57:54,2025-01-22 17:48:54,EXIT,,SRC017,0.91,EV04179,2024-09-10 03:31:36
MOV000068,VEHICLE,V00337,L00290,2024-06-22 11:12:28,2024-06-22 13:37:28,EXIT,,SRC017,0.98,EV02476,2025-03-10 00:13:44
MOV000069,PERSON,P01896,L02178,2025-12-30 00:11:13,2025-12-30 14:37:13,TRANSIT,,SRC011,0.86,EV01869,2026-04-12 17:21:19
MOV000070,VEHICLE,V01017,L01721,2024-11-19 15:45:20,2024-11-20 10:08:20,ENTRY,,SRC008,0.79,EV01582,2024-07-19 11:12:17
MOV000071,PERSON,P01216,L00140,2026-04-09 21:17:21,2026-04-10 16:32:21,VISIT,V00910,SRC019,0.8,EV02984,2026-08-24 04:43:13
MOV000072,VEHICLE,V01010,L00963,2024-12-08 15:01:49,2024-12-08 21:46:49,TRANSIT,,SRC028,0.94,EV04759,2024-10-18 08:21:33
MOV000073,PERSON,P01063,L00529,2024-11-02 21:13:13,2024-11-03 11:00:13,ENTRY,V00504,SRC007,0.78,EV00114,2024-05-08 22:42:10
MOV000074,ORGANIZATION,O0104,L02147,2024-01-11 03:05:49,2024-01-11 18:56:49,VISIT,,SRC013,0.97,EV01978,2025-03-13 22:26:36
MOV000075,ORGANIZATION,O0017,L00539,2024-03-29 10:33:04,2024-03-30 05:52:04,TRANSIT,,SRC002,0.81,EV04785,2024-01-23 10:32:21
MOV000076,VEHICLE,V00970,L01281,2024-07-14 14:47:27,2024-07-14 19:59:27,VISIT,V00478,SRC009,0.89,EV00839,2024-07-15 00:21:55
MOV000077,ORGANIZATION,O0141,L01559,2025-06-13 07:53:04,2025-06-14 06:22:04,TRANSIT,V00913,SRC001,0.78,EV01654,2024-05-26 15:33:18
MOV000078,ORGANIZATION,O0095,L00325,2024-06-11 04:09:18,2024-06-11 05:12:18,TRANSIT,V01157,SRC019,0.79,EV01964,2024-06-16 15:47:13
MOV000079,ORGANIZATION,O0152,L01085,2024-12-02 07:45:13,2024-12-02 08:45:13,TRANSIT,,SRC012,0.8,EV03357,2025-05-02 21:57:27
MOV000080,VEHICLE,V01069,L00689,2025-04-28 04:02:55,2025-04-29 00:40:55,VISIT,V00011,SRC007,0.79,EV00233,2025-01-01 22:22:33
MOV000081,PERSON,P02697,L01554,2026-03-05 10:52:28,2026-03-06 03:16:28,VISIT,V00841,SRC018,0.9,EV03363,2024-11-07 11:59:13
MOV000082,ORGANIZATION,O0214,L02484,2026-06-01 18:39:13,2026-06-02 10:42:13,TRANSIT,V00669,SRC009,0.97,EV04282,2025-07-13 06:45:32
MOV000083,ORGANIZATION,O0394,L00176,2026-06-20 17:26:01,2026-06-21 16:24:01,ENTRY,,SRC030,0.87,EV01267,2024-04-06 08:11:07
MOV000084,PERSON,P02776,L01638,2026-03-20 23:21:01,2026-03-21 01:27:01,VISIT,,SRC018,0.82,EV00229,2026-02-17 08:52:06
MOV000085,ORGANIZATION,O0453,L00544,2024-03-09 22:08:35,2024-03-10 15:09:35,ENTRY,,SRC004,0.95,EV04733,2025-08-12 12:56:36
MOV000086,VEHICLE,V00442,L00475,2025-10-30 00:57:07,2025-10-30 08:49:07,VISIT,,SRC020,0.88,EV03380,2025-05-20 15:53:04
MOV000087,ORGANIZATION,O0377,L02242,2024-04-13 13:35:15,2024-04-13 20:47:15,TRANSIT,V00452,SRC022,0.89,EV03736,2025-11-25 23:41:22
MOV000088,VEHICLE,V00830,L01872,2024-05-29 06:14:48,2024-05-30 04:33:48,EXIT,V00210,SRC024,0.75,EV00710,2026-03-13 04:55:15
MOV000089,PERSON,P02292,L00346,2025-10-23 04:02:50,2025-10-23 16:20:50,VISIT,V01131,SRC018,0.77,EV03066,2024-05-21 10:48:40
MOV000090,VEHICLE,V00973,L01187,2024-02-28 02:07:45,2024-02-29 02:00:45,ENTRY,,SRC009,0.78,EV02412,2025-01-16 03:17:26
MOV000091,ORGANIZATION,O0353,L01177,2024-05-05 03:13:18,2024-05-05 18:24:18,TRANSIT,,SRC005,0.88,EV03848,2026-03-12 02:05:36
MOV000092,PERSON,P01610,L01900,2024-05-15 04:33:42,2024-05-15 11:05:42,ENTRY,,SRC002,0.89,EV02732,2024-02-23 19:12:59
MOV000093,ORGANIZATION,O0329,L01215,2026-03-26 12:13:38,2026-03-26 15:36:38,EXIT,V01103,SRC024,0.8,EV03172,2026-08-13 22:52:34
MOV000094,PERSON,P01598,L00382,2026-08-03 14:58:08,2026-08-03 18:59:08,VISIT,,SRC007,0.79,EV02780,2025-05-30 15:43:54
MOV000095,ORGANIZATION,O0258,L01280,2024-03-07 08:26:21,2024-03-07 18:23:21,TRANSIT,,SRC027,0.83,EV03985,2025-06-09 22:50:27
MOV000096,VEHICLE,V00617,L00208,2026-05-27 02:34:10,2026-05-27 21:35:10,EXIT,,SRC002,0.88,EV02257,2025-07-22 20:53:16
MOV000097,ORGANIZATION,O0116,L00204,2025-10-19 15:53:14,2025-10-20 14:37:14,VISIT,,SRC009,0.86,EV03160,2024-11-07 05:29:25
MOV000098,PERSON,P00746,L00192,2025-04-27 14:45:45,2025-04-27 18:08:45,VISIT,,SRC026,0.83,EV03259,2025-02-17 22:31:26
MOV000099,PERSON,P02736,L00037,2024-03-27 00:40:06,2024-03-27 18:13:06,EXIT,V00920,SRC022,0.93,EV03699,2025-08-21 20:45:34
MOV000100,VEHICLE,V00589,L02149,2026-01-30 17:46:28,2026-01-31 10:38:28,EXIT,,SRC021,0.83,EV04142,2026-07-03 19:07:12
MOV000101,VEHICLE,V00378,L02040,2024-03-23 16:20:22,2024-03-23 17:23:22,EXIT,,SRC015,0.83,EV00711,2026-01-21 12:58:36
MOV000102,VEHICLE,V00461,L00723,2025-07-05 04:57:08,2025-07-05 21:00:08,EXIT,,SRC026,0.81,EV00580,2024-04-11 04:05:29
MOV000103,VEHICLE,V00522,L01720,2025-10-08 23:34:53,2025-10-09 14:46:53,EXIT,,SRC029,0.88,EV00718,2025-02-20 14:53:48
MOV000104,PERSON,P02628,L00438,2024-09-24 08:57:49,2024-09-24 16:35:49,EXIT,V00672,SRC005,0.92,EV02955,2025-05-29 20:02:32
MOV000105,VEHICLE,V00799,L00458,2025-04-01 02:46:47,2025-04-01 11:47:47,ENTRY,V00491,SRC026,0.97,EV03742,2024-06-14 04:23:19
MOV000106,ORGANIZATION,O0207,L00556,2024-10-09 02:13:28,2024-10-09 12:57:28,ENTRY,,SRC018,0.87,EV02363,2025-03-29 00:10:10
MOV000107,VEHICLE,V00517,L01610,2026-07-18 08:32:00,2026-07-18 12:18:00,TRANSIT,,SRC020,0.79,EV03738,2026-08-09 04:47:20
MOV000108,PERSON,P02395,L00472,2024-12-04 17:34:40,2024-12-05 08:36:40,TRANSIT,,SRC022,0.84,EV02818,2026-06-12 08:25:48
MOV000109,PERSON,P00229,L01080,2025-10-11 07:00:38,2025-10-11 13:59:38,ENTRY,V00432,SRC026,0.82,EV01894,2024-08-28 21:45:28
MOV000110,VEHICLE,V00507,L02071,2025-11-23 20:11:43,2025-11-24 12:46:43,EXIT,V00244,SRC026,0.78,EV01746,2026-05-12 17:15:25
MOV000111,PERSON,P02277,L02435,2026-02-12 08:00:13,2026-02-12 17:32:13,VISIT,,SRC012,0.78,EV04046,2024-06-16 00:39:22
MOV000112,ORGANIZATION,O0482,L00976,2025-02-19 07:01:17,2025-02-19 13:44:17,VISIT,,SRC015,0.86,EV00071,2026-08-12 06:08:45
MOV000113,VEHICLE,V00525,L00932,2025-02-04 07:18:59,2025-02-04 17:14:59,EXIT,,SRC023,0.91,EV04246,2025-12-27 17:48:08
MOV000114,PERSON,P02232,L02323,2025-02-27 07:43:08,2025-02-27 09:28:08,EXIT,,SRC009,0.83,EV02161,2025-01-15 10:51:54
MOV000115,ORGANIZATION,O0332,L01551,2025-12-11 18:14:41,2025-12-12 13:28:41,TRANSIT,,SRC013,0.81,EV04272,2026-05-09 16:02:54
MOV000116,VEHICLE,V00582,L01017,2025-02-09 02:52:57,2025-02-09 06:13:57,EXIT,V00930,SRC025,0.94,EV02848,2024-03-21 16:01:07
MOV000117,PERSON,P00376,L02328,2025-05-03 06:18:42,2025-05-04 05:38:42,TRANSIT,,SRC001,0.96,EV04869,2025-11-16 05:16:04
MOV000118,VEHICLE,V01033,L00584,2026-01-25 02:45:01,2026-01-25 21:11:01,VISIT,,SRC004,0.86,EV04706,2025-12-13 04:41:03
MOV000119,PERSON,P01325,L00135,2025-01-22 23:53:02,2025-01-23 08:37:02,TRANSIT,,SRC007,0.96,EV02537,2024-10-23 05:58:58
MOV000120,PERSON,P00744,L01389,2025-03-13 19:05:04,2025-03-14 02:15:04,ENTRY,V00160,SRC022,0.95,EV03502,2026-06-18 02:13:09
MOV000121,ORGANIZATION,O0066,L02378,2025-04-18 15:30:43,2025-04-19 08:48:43,EXIT,,SRC005,0.86,EV03118,2025-08-29 15:47:59
MOV000122,PERSON,P00079,L02243,2024-12-01 21:44:25,2024-12-02 19:55:25,TRANSIT,,SRC002,0.83,EV04223,2026-02-11 20:55:58
MOV000123,VEHICLE,V01151,L01576,2026-05-16 12:16:23,2026-05-17 02:14:23,VISIT,,SRC005,0.87,EV03109,2026-01-25 04:13:56
MOV000124,ORGANIZATION,O0364,L02173,2024-11-15 12:07:59,2024-11-15 20:19:59,EXIT,,SRC022,0.85,EV02741,2025-12-27 23:03:25
MOV000125,ORGANIZATION,O0334,L02108,2026-06-13 15:33:49,2026-06-14 03:11:49,VISIT,,SRC014,0.96,EV03594,2026-03-24 14:46:42
MOV000126,ORGANIZATION,O0238,L02187,2025-09-12 01:34:31,2025-09-12 05:52:31,EXIT,,SRC028,0.91,EV02413,2024-07-30 23:53:10
MOV000127,PERSON,P03463,L00179,2025-04-26 05:59:06,2025-04-27 04:13:06,EXIT,,SRC025,0.84,EV03488,2026-02-12 10:40:10
MOV000128,ORGANIZATION,O0463,L01282,2025-02-27 23:41:29,2025-02-28 17:40:29,ENTRY,,SRC011,0.79,EV01253,2024-08-19 07:09:58
MOV000129,ORGANIZATION,O0210,L01053,2024-05-07 22:03:32,2024-05-08 13:24:32,TRANSIT,,SRC012,0.94,EV01634,2025-06-14 14:49:14
MOV000130,VEHICLE,V00138,L01368,2024-01-03 02:19:43,2024-01-04 00:53:43,ENTRY,V01179,SRC019,0.87,EV02755,2026-02-15 09:23:41
MOV000131,ORGANIZATION,O0282,L02455,2024-08-27 16:12:44,2024-08-27 16:59:44,VISIT,V00624,SRC007,0.85,EV01006,2025-08-22 20:27:10
MOV000132,VEHICLE,V00455,L01486,2025-03-20 07:41:39,2025-03-20 08:56:39,EXIT,V01177,SRC026,0.76,EV04435,2026-05-23 23:22:59
MOV000133,ORGANIZATION,O0016,L01527,2025-03-09 23:45:32,2025-03-10 00:37:32,EXIT,,SRC016,0.85,EV01661,2025-01-12 12:25:03
MOV000134,ORGANIZATION,O0173,L00878,2024-10-29 06:39:50,2024-10-30 00:55:50,VISIT,V00650,SRC012,0.87,EV00931,2026-03-16 01:16:28
MOV000135,VEHICLE,V00486,L01829,2025-11-30 19:30:53,2025-11-30 21:34:53,TRANSIT,,SRC012,0.97,EV02143,2025-12-18 04:12:27
MOV000136,PERSON,P01900,L00948,2026-02-11 14:18:17,2026-02-12 00:37:17,TRANSIT,,SRC020,0.84,EV02531,2025-10-25 14:20:59
MOV000137,ORGANIZATION,O0224,L01837,2024-12-09 20:21:03,2024-12-10 01:21:03,EXIT,,SRC012,0.95,EV00890,2024-09-28 11:14:59
MOV000138,VEHICLE,V01173,L00539,2026-04-09 06:58:47,2026-04-09 16:46:47,VISIT,,SRC007,0.89,EV01930,2025-08-02 01:29:30
MOV000139,PERSON,P01156,L01644,2025-11-07 16:04:39,2025-11-07 19:46:39,TRANSIT,,SRC014,0.76,EV02824,2024-06-30 13:52:19
MOV000140,VEHICLE,V00162,L00652,2026-08-15 12:54:15,2026-08-16 06:46:15,ENTRY,,SRC008,0.88,EV02968,2025-07-08 07:31:24
MOV000141,PERSON,P00686,L01948,2025-07-07 22:00:18,2025-07-08 19:29:18,EXIT,,SRC010,0.97,EV04894,2025-03-12 06:57:35
MOV000142,ORGANIZATION,O0434,L01750,2025-04-30 08:50:20,2025-04-30 13:27:20,VISIT,,SRC028,0.81,EV02313,2026-01-02 07:22:48
MOV000143,ORGANIZATION,O0237,L01591,2026-02-15 10:37:29,2026-02-15 16:52:29,VISIT,V00633,SRC010,0.84,EV03224,2024-04-25 23:56:17
MOV000144,ORGANIZATION,O0408,L02455,2025-12-16 10:04:43,2025-12-16 11:01:43,VISIT,,SRC005,0.83,EV01878,2025-09-24 22:18:44
MOV000145,ORGANIZATION,O0104,L01236,2025-02-17 09:28:57,2025-02-17 23:17:57,ENTRY,,SRC002,0.97,EV04822,2025-10-13 12:28:44
MOV000146,ORGANIZATION,O0077,L00799,2024-10-05 21:57:46,2024-10-06 20:13:46,VISIT,,SRC020,0.91,EV01364,2026-05-05 06:01:55
MOV000147,PERSON,P02491,L00537,2025-05-19 15:38:19,2025-05-20 13:40:19,VISIT,,SRC002,0.79,EV02480,2024-10-22 08:10:27
MOV000148,VEHICLE,V00343,L00573,2026-03-12 17:30:59,2026-03-12 22:52:59,ENTRY,,SRC009,0.9,EV00554,2026-08-10 18:53:47
MOV000149,VEHICLE,V00052,L02178,2025-10-30 10:53:42,2025-10-31 06:58:42,TRANSIT,,SRC022,0.81,EV02818,2024-11-21 04:28:48
MOV000150,VEHICLE,V00036,L01920,2024-09-06 00:20:33,2024-09-06 06:32:33,ENTRY,,SRC004,0.87,EV02848,2025-08-30 20:03:28
MOV000151,VEHICLE,V00821,L00077,2024-10-21 16:25:31,2024-10-22 13:27:31,ENTRY,,SRC015,0.82,EV04720,2026-04-05 14:18:56
MOV000152,PERSON,P01054,L00376,2025-01-13 05:12:17,2025-01-13 16:41:17,ENTRY,V00149,SRC023,0.97,EV02204,2026-04-29 12:04:03
MOV000153,VEHICLE,V00257,L02164,2025-10-14 08:24:37,2025-10-14 23:15:37,EXIT,,SRC010,0.8,EV00657,2026-01-04 21:18:49
MOV000154,VEHICLE,V00164,L00981,2024-11-30 23:42:06,2024-12-01 21:35:06,ENTRY,V00801,SRC012,0.79,EV01857,2025-05-23 04:57:43
MOV000155,PERSON,P03416,L01900,2026-03-15 18:30:02,2026-03-16 02:06:02,TRANSIT,V01112,SRC011,0.95,EV03175,2025-12-27 07:33:26
MOV000156,VEHICLE,V00891,L00396,2024-09-02 06:59:14,2024-09-02 10:26:14,TRANSIT,,SRC014,0.89,EV02903,2026-08-18 14:01:42
MOV000157,PERSON,P03254,L00634,2026-03-14 14:01:24,2026-03-14 20:28:24,ENTRY,,SRC003,0.88,EV01488,2026-08-08 06:35:38
MOV000158,PERSON,P02318,L02079,2024-09-12 07:33:02,2024-09-13 06:15:02,TRANSIT,,SRC007,0.81,EV00911,2024-11-04 15:01:43
MOV000159,PERSON,P00004,L00693,2026-06-01 00:16:50,2026-06-01 15:22:50,ENTRY,V00114,SRC019,0.83,EV00417,2024-03-16 19:46:25
MOV000160,VEHICLE,V00198,L00794,2024-04-10 13:52:35,2024-04-11 03:05:35,VISIT,,SRC012,0.97,EV03601,2025-10-26 23:28:21
MOV000161,VEHICLE,V00814,L00787,2024-06-01 12:38:21,2024-06-01 22:21:21,TRANSIT,V00720,SRC010,0.88,EV01899,2024-06-09 09:00:58
MOV000162,VEHICLE,V00685,L01448,2026-01-04 04:55:30,2026-01-04 09:28:30,ENTRY,,SRC007,0.83,EV03556,2026-04-22 18:44:23
MOV000163,ORGANIZATION,O0178,L01456,2024-01-27 15:17:22,2024-01-28 05:54:22,EXIT,,SRC002,0.86,EV03478,2026-03-07 00:21:05
MOV000164,ORGANIZATION,O0188,L00278,2026-03-10 16:52:33,2026-03-10 20:42:33,VISIT,V00955,SRC027,0.75,EV01913,2024-06-17 06:24:58
MOV000165,VEHICLE,V01176,L00257,2024-02-19 09:02:00,2024-02-20 04:46:00,EXIT,,SRC011,0.96,EV02971,2024-12-08 23:33:30
MOV000166,VEHICLE,V00331,L01454,2025-11-11 20:09:45,2025-11-12 14:09:45,ENTRY,,SRC027,0.97,EV04665,2026-01-28 20:07:59
MOV000167,VEHICLE,V00092,L00846,2026-05-14 14:11:27,2026-05-15 02:29:27,EXIT,V00611,SRC025,0.97,EV01501,2024-01-16 20:43:37
MOV000168,VEHICLE,V00228,L01590,2024-05-06 00:12:40,2024-05-06 09:28:40,ENTRY,,SRC007,0.83,EV00888,2024-12-10 15:44:05
MOV000169,VEHICLE,V00447,L00322,2026-01-30 19:55:08,2026-01-31 02:24:08,EXIT,,SRC009,0.93,EV03232,2026-03-20 06:03:30
MOV000170,VEHICLE,V00117,L02264,2024-03-25 20:49:03,2024-03-25 23:21:03,ENTRY,V00037,SRC011,0.86,EV04464,2025-09-14 20:42:55
MOV000171,ORGANIZATION,O0409,L00545,2025-06-28 20:13:38,2025-06-29 19:06:38,ENTRY,,SRC002,0.82,EV00683,2025-12-04 04:07:59
MOV000172,ORGANIZATION,O0200,L01698,2024-06-10 00:19:41,2024-06-10 16:56:41,VISIT,V00647,SRC027,0.77,EV00834,2025-08-22 17:56:52
MOV000173,ORGANIZATION,O0289,L01242,2025-04-04 11:34:58,2025-04-04 18:25:58,EXIT,,SRC005,0.9,EV04099,2025-02-16 12:43:15
MOV000174,PERSON,P03042,L00581,2025-09-06 03:45:48,2025-09-06 22:29:48,TRANSIT,,SRC014,0.84,EV00899,2024-06-16 01:46:39
MOV000175,VEHICLE,V00425,L01645,2025-06-05 17:18:51,2025-06-06 10:36:51,ENTRY,,SRC006,0.82,EV04292,2025-08-29 10:13:57
MOV000176,PERSON,P03652,L00921,2024-08-18 17:59:22,2024-08-19 10:57:22,VISIT,,SRC023,0.96,EV02704,2026-08-05 18:43:56
MOV000177,VEHICLE,V00212,L00742,2024-05-18 03:45:45,2024-05-18 15:38:45,EXIT,,SRC012,0.97,EV01947,2025-01-19 07:12:59
MOV000178,PERSON,P00505,L00001,2026-05-26 04:20:31,2026-05-26 12:39:31,ENTRY,,SRC005,0.81,EV01742,2025-06-03 18:25:53
MOV000179,PERSON,P03979,L01073,2026-08-25 09:36:09,2026-08-25 11:46:09,ENTRY,,SRC025,0.82,EV00062,2025-09-08 00:53:38
MOV000180,PERSON,P01670,L00010,2025-02-27 10:28:35,2025-02-27 13:51:35,ENTRY,,SRC030,0.91,EV03223,2025-09-20 00:23:11
MOV000181,VEHICLE,V00653,L00263,2024-09-13 19:04:22,2024-09-14 05:29:22,ENTRY,,SRC004,0.82,EV03465,2026-03-19 16:46:37
MOV000182,ORGANIZATION,O0317,L01674,2024-02-13 17:44:59,2024-02-14 12:11:59,TRANSIT,,SRC009,0.86,EV02224,2024-08-15 02:10:55
MOV000183,VEHICLE,V01067,L02195,2024-01-05 06:13:37,2024-01-05 20:35:37,TRANSIT,V01191,SRC027,0.81,EV04341,2025-03-03 02:14:29
MOV000184,VEHICLE,V00845,L01721,2026-08-21 13:15:25,2026-08-21 16:14:25,EXIT,,SRC003,0.84,EV02910,2024-06-01 17:56:46
MOV000185,ORGANIZATION,O0105,L02181,2026-04-21 00:41:47,2026-04-21 20:01:47,TRANSIT,V00738,SRC014,0.86,EV01325,2025-09-22 07:45:58
MOV000186,ORGANIZATION,O0240,L00086,2026-05-12 03:59:23,2026-05-12 08:19:23,EXIT,,SRC012,0.92,EV04111,2024-08-13 22:10:41
MOV000187,VEHICLE,V00058,L02210,2025-03-22 00:38:57,2025-03-22 23:04:57,VISIT,V00913,SRC016,0.95,EV02592,2026-07-22 15:43:46
MOV000188,PERSON,P02340,L02018,2024-10-19 10:03:32,2024-10-19 22:20:32,EXIT,,SRC014,0.9,EV00802,2024-12-25 20:27:50
MOV000189,ORGANIZATION,O0035,L01053,2024-09-06 04:08:39,2024-09-06 06:46:39,ENTRY,V00716,SRC004,0.88,EV00698,2024-10-09 06:47:38
MOV000190,ORGANIZATION,O0221,L01638,2026-04-24 14:46:52,2026-04-25 05:08:52,TRANSIT,V00850,SRC008,0.86,EV04058,2025-05-06 06:35:17
MOV000191,ORGANIZATION,O0387,L01277,2024-12-31 03:10:05,2024-12-31 18:36:05,VISIT,,SRC028,0.77,EV03313,2025-07-26 02:16:11
MOV000192,ORGANIZATION,O0247,L00468,2025-12-26 06:22:43,2025-12-27 01:20:43,EXIT,V00106,SRC009,0.94,EV00952,2024-11-23 15:41:38
MOV000193,PERSON,P01523,L02039,2026-01-26 04:01:18,2026-01-26 11:33:18,ENTRY,V00970,SRC009,0.95,EV01271,2025-02-20 02:59:27
MOV000194,PERSON,P03412,L00495,2024-12-11 23:04:28,2024-12-12 23:04:28,TRANSIT,,SRC004,0.88,EV00480,2025-05-08 22:52:23
MOV000195,PERSON,P03555,L01496,2026-07-18 18:02:04,2026-07-18 22:00:04,TRANSIT,,SRC007,0.97,EV00049,2025-10-11 05:20:57
MOV000196,PERSON,P01755,L01240,2025-04-09 02:59:09,2025-04-09 10:08:09,ENTRY,,SRC002,0.91,EV04038,2025-03-25 11:46:34
MOV000197,PERSON,P00750,L00734,2025-03-07 22:34:58,2025-03-08 02:40:58,TRANSIT,,SRC030,0.78,EV04176,2026-08-03 13:46:18
MOV000198,PERSON,P03898,L00010,2025-12-11 19:18:57,2025-12-12 10:43:57,ENTRY,,SRC013,0.88,EV03239,2026-06-30 17:43:32
MOV000199,ORGANIZATION,O0065,L02413,2025-10-26 15:08:40,2025-10-27 09:50:40,ENTRY,,SRC025,0.79,EV03478,2024-04-30 16:27:04
MOV000200,PERSON,P01951,L02259,2026-04-22 01:38:21,2026-04-22 03:04:21,EXIT,,SRC006,0.91,EV02012,2024-11-29 02:22:16
MOV000201,ORGANIZATION,O0402,L01229,2025-11-10 02:27:21,2025-11-10 04:30:21,VISIT,,SRC014,0.96,EV01493,2024-02-03 07:03:17
MOV000202,ORGANIZATION,O0054,L02114,2024-01-07 07:43:30,2024-01-08 01:19:30,TRANSIT,V00516,SRC016,0.82,EV04712,2025-01-12 18:25:06
MOV000203,PERSON,P01541,L02153,2026-06-06 07:07:23,2026-06-07 03:42:23,ENTRY,V00178,SRC002,0.78,EV03088,2024-07-26 21:35:15
MOV000204,VEHICLE,V00197,L00756,2024-09-25 11:17:14,2024-09-25 15:13:14,TRANSIT,,SRC008,0.82,EV01745,2024-10-25 20:05:28
MOV000205,ORGANIZATION,O0389,L00446,2024-02-27 05:40:50,2024-02-27 13:41:50,TRANSIT,,SRC010,0.94,EV03367,2025-02-14 06:08:45
MOV000206,ORGANIZATION,O0130,L00790,2025-07-25 14:09:40,2025-07-26 11:50:40,VISIT,,SRC009,0.81,EV02904,2024-05-07 06:14:29
MOV000207,VEHICLE,V00047,L01194,2026-04-25 06:41:46,2026-04-25 21:05:46,EXIT,,SRC028,0.79,EV00406,2025-05-04 19:39:58
MOV000208,ORGANIZATION,O0366,L01904,2024-03-06 12:44:18,2024-03-07 05:37:18,TRANSIT,V00638,SRC026,0.97,EV03221,2024-02-08 22:54:43
MOV000209,PERSON,P01261,L00421,2024-11-27 07:03:38,2024-11-27 09:10:38,EXIT,,SRC016,0.78,EV00886,2026-02-13 14:40:33
MOV000210,VEHICLE,V01033,L02354,2025-03-07 14:38:28,2025-03-07 15:01:28,ENTRY,V00576,SRC022,0.83,EV04864,2024-11-28 23:57:22
MOV000211,VEHICLE,V00700,L00662,2026-02-08 05:07:11,2026-02-08 16:44:11,ENTRY,,SRC015,0.85,EV03247,2026-08-24 15:33:20
MOV000212,PERSON,P02897,L01158,2024-10-16 19:50:08,2024-10-16 20:52:08,VISIT,,SRC030,0.96,EV03018,2025-05-18 00:28:18
MOV000213,VEHICLE,V00862,L00985,2024-06-14 20:36:12,2024-06-15 15:04:12,EXIT,,SRC030,0.88,EV00320,2025-11-07 16:02:13
MOV000214,VEHICLE,V00188,L00498,2025-01-05 19:06:16,2025-01-06 15:04:16,VISIT,,SRC030,0.78,EV01380,2026-07-19 16:17:59
MOV000215,PERSON,P01039,L00280,2026-06-21 16:28:08,2026-06-22 02:53:08,TRANSIT,,SRC018,0.95,EV02022,2026-04-05 09:59:38
MOV000216,PERSON,P00367,L01879,2024-03-06 12:32:20,2024-03-06 16:47:20,VISIT,,SRC025,0.86,EV00738,2025-05-22 07:23:11
MOV000217,VEHICLE,V01150,L02329,2025-01-08 21:47:07,2025-01-09 19:32:07,TRANSIT,,SRC003,0.78,EV01160,2024-09-22 14:20:54
MOV000218,ORGANIZATION,O0116,L00317,2025-12-08 20:06:46,2025-12-09 12:13:46,ENTRY,,SRC013,0.96,EV01785,2025-10-14 09:37:53
MOV000219,PERSON,P00867,L00381,2025-07-12 11:04:06,2025-07-12 19:06:06,ENTRY,,SRC022,0.81,EV01127,2024-09-07 03:25:43
MOV000220,PERSON,P03736,L01342,2025-09-26 16:36:36,2025-09-27 12:42:36,VISIT,,SRC016,0.86,EV02878,2024-06-14 09:38:07
MOV000221,VEHICLE,V00408,L00765,2026-03-08 22:50:24,2026-03-09 05:34:24,ENTRY,V00763,SRC012,0.9,EV04702,2024-06-04 21:50:11
MOV000222,PERSON,P03558,L01825,2024-04-03 18:33:47,2024-04-03 19:20:47,EXIT,,SRC029,0.89,EV01199,2024-06-03 16:51:13
MOV000223,VEHICLE,V00492,L01965,2025-06-30 03:05:09,2025-06-30 09:26:09,EXIT,,SRC010,0.98,EV00829,2024-11-30 06:22:54
MOV000224,ORGANIZATION,O0440,L00918,2024-11-08 09:22:36,2024-11-09 02:35:36,EXIT,,SRC007,0.8,EV04530,2024-01-17 22:17:25
MOV000225,VEHICLE,V00942,L01628,2024-06-05 07:58:56,2024-06-06 02:24:56,EXIT,,SRC016,0.91,EV00721,2025-03-27 15:45:50
MOV000226,PERSON,P01066,L02166,2024-04-20 07:28:54,2024-04-20 11:35:54,EXIT,,SRC001,0.95,EV03900,2025-04-01 12:09:21
MOV000227,ORGANIZATION,O0108,L01708,2025-03-11 22:23:42,2025-03-12 08:06:42,VISIT,,SRC018,0.98,EV00523,2024-07-27 12:12:22
MOV000228,PERSON,P03560,L02122,2025-03-29 14:51:01,2025-03-30 01:40:01,VISIT,,SRC010,0.98,EV02572,2025-09-14 00:49:08
MOV000229,ORGANIZATION,O0115,L00112,2025-06-12 07:41:47,2025-06-12 21:37:47,ENTRY,,SRC006,0.79,EV01836,2025-03-23 23:17:01
MOV000230,ORGANIZATION,O0050,L01936,2026-08-04 01:42:37,2026-08-05 01:30:37,EXIT,V00353,SRC012,0.84,EV00732,2025-12-19 10:03:24
MOV000231,ORGANIZATION,O0313,L01507,2025-09-07 08:22:41,2025-09-07 20:31:41,VISIT,V00342,SRC022,0.94,EV02645,2025-06-09 07:25:01
MOV000232,VEHICLE,V00338,L02387,2024-04-24 17:32:19,2024-04-25 04:47:19,EXIT,,SRC014,0.8,EV04880,2025-09-02 08:39:52
MOV000233,VEHICLE,V00171,L00441,2024-06-17 22:28:23,2024-06-17 22:55:23,ENTRY,,SRC002,0.91,EV00193,2025-10-14 10:31:27
MOV000234,ORGANIZATION,O0431,L01889,2024-07-31 08:20:49,2024-07-31 21:27:49,VISIT,V00338,SRC004,0.83,EV04535,2024-01-04 20:08:15
MOV000235,ORGANIZATION,O0063,L00559,2025-09-08 16:23:40,2025-09-08 23:00:40,TRANSIT,,SRC007,0.76,EV02858,2026-07-24 04:50:33
MOV000236,ORGANIZATION,O0081,L02450,2025-12-20 01:34:55,2025-12-20 13:47:55,TRANSIT,V00952,SRC002,0.88,EV02702,2025-01-22 00:28:33
MOV000237,PERSON,P01446,L00774,2026-03-30 20:24:18,2026-03-31 18:30:18,VISIT,,SRC022,0.87,EV03952,2025-08-16 20:44:05
MOV000238,PERSON,P03576,L00746,2025-06-19 07:28:22,2025-06-19 19:23:22,ENTRY,V01080,SRC024,0.94,EV00215,2024-10-19 12:19:11
MOV000239,PERSON,P00493,L00225,2024-01-22 14:17:20,2024-01-23 04:22:20,EXIT,,SRC014,0.76,EV00553,2026-03-29 16:00:25
MOV000240,VEHICLE,V00961,L00624,2025-10-11 10:12:28,2025-10-11 20:08:28,VISIT,V00919,SRC019,0.81,EV04241,2026-04-01 14:30:17
MOV000241,PERSON,P02618,L00666,2026-05-10 00:46:16,2026-05-10 02:44:16,TRANSIT,,SRC027,0.85,EV02259,2024-08-29 18:29:08
MOV000242,PERSON,P02538,L00207,2025-10-12 23:11:34,2025-10-13 19:49:34,ENTRY,,SRC017,0.86,EV03815,2026-05-06 15:13:51
MOV000243,PERSON,P00867,L02315,2024-04-04 23:08:10,2024-04-05 21:36:10,ENTRY,,SRC011,0.85,EV00268,2025-09-18 15:58:45
MOV000244,VEHICLE,V00591,L02261,2024-09-12 04:45:16,2024-09-12 06:38:16,TRANSIT,,SRC002,0.84,EV00292,2025-11-12 16:34:54
MOV000245,ORGANIZATION,O0348,L02436,2024-06-19 23:24:50,2024-06-20 12:24:50,TRANSIT,,SRC011,0.94,EV00048,2025-04-08 22:15:14
MOV000246,ORGANIZATION,O0379,L02303,2026-08-30 11:03:57,2026-08-30 14:04:57,VISIT,,SRC017,0.76,EV01748,2024-09-20 08:39:56
MOV000247,ORGANIZATION,O0217,L00111,2025-09-18 15:40:33,2025-09-18 22:03:33,ENTRY,,SRC014,0.76,EV04718,2024-05-28 19:01:17
MOV000248,ORGANIZATION,O0154,L00081,2025-06-11 03:56:52,2025-06-11 21:32:52,EXIT,,SRC022,0.92,EV03672,2025-08-17 00:04:15
MOV000249,VEHICLE,V00696,L00970,2025-10-28 01:55:12,2025-10-28 17:29:12,TRANSIT,,SRC010,0.82,EV02897,2024-09-29 16:43:05
MOV000250,PERSON,P01563,L00709,2025-06-26 01:35:54,2025-06-26 21:23:54,EXIT,,SRC006,0.96,EV04608,2024-05-02 04:03:54
MOV000251,ORGANIZATION,O0194,L00748,2024-10-18 18:55:06,2024-10-19 16:43:06,TRANSIT,,SRC024,0.88,EV00778,2026-03-11 09:16:28
MOV000252,ORGANIZATION,O0141,L01787,2024-04-08 16:19:35,2024-04-08 22:21:35,TRANSIT,,SRC009,0.94,EV01968,2025-05-04 14:11:26
MOV000253,PERSON,P03394,L00427,2025-12-28 15:08:38,2025-12-29 06:20:38,EXIT,V00490,SRC010,0.84,EV02382,2025-02-09 14:59:25
MOV000254,PERSON,P00617,L02111,2024-09-29 00:58:46,2024-09-29 10:18:46,EXIT,,SRC006,0.92,EV00288,2026-01-23 00:34:00
MOV000255,VEHICLE,V00016,L00480,2024-01-01 23:24:16,2024-01-02 02:52:16,VISIT,,SRC015,0.97,EV03658,2024-04-05 14:17:32
MOV000256,PERSON,P02094,L01399,2026-01-18 08:08:29,2026-01-18 10:52:29,ENTRY,,SRC002,0.81,EV00568,2024-09-20 08:47:33
MOV000257,VEHICLE,V00248,L02407,2024-01-20 21:13:49,2024-01-21 00:22:49,EXIT,,SRC013,0.89,EV01449,2025-12-29 11:44:59
MOV000258,PERSON,P01052,L01371,2025-11-05 07:08:54,2025-11-05 09:22:54,TRANSIT,,SRC006,0.87,EV02907,2025-01-28 01:37:48
MOV000259,VEHICLE,V00811,L00958,2026-02-24 13:22:09,2026-02-24 19:26:09,TRANSIT,,SRC029,0.78,EV00049,2024-07-25 22:31:54
MOV000260,ORGANIZATION,O0240,L00153,2024-07-08 20:31:44,2024-07-09 03:50:44,TRANSIT,V00041,SRC001,0.77,EV00514,2026-08-23 14:37:55
MOV000261,ORGANIZATION,O0040,L01162,2026-04-26 03:24:30,2026-04-27 02:06:30,ENTRY,,SRC005,0.97,EV01053,2024-09-05 07:48:32
MOV000262,VEHICLE,V00576,L01112,2025-09-12 11:13:26,2025-09-13 00:32:26,TRANSIT,V00003,SRC012,0.9,EV00166,2024-05-12 17:23:29
MOV000263,PERSON,P01074,L01387,2026-07-20 21:48:09,2026-07-21 08:16:09,VISIT,,SRC029,0.77,EV00534,2024-03-08 15:27:36
MOV000264,ORGANIZATION,O0072,L01054,2026-08-04 23:39:13,2026-08-05 21:29:13,TRANSIT,V00149,SRC028,0.88,EV00094,2025-02-18 15:29:36
MOV000265,PERSON,P01567,L01471,2025-06-23 20:25:31,2025-06-24 02:47:31,EXIT,V00728,SRC011,0.95,EV03479,2026-01-14 01:33:39
MOV000266,PERSON,P02451,L01725,2025-08-04 14:07:49,2025-08-05 05:49:49,TRANSIT,,SRC025,0.92,EV02802,2026-08-29 08:08:06
MOV000267,PERSON,P02437,L01455,2024-05-19 09:53:24,2024-05-19 14:52:24,TRANSIT,,SRC002,0.9,EV01041,2025-05-09 08:00:47
MOV000268,VEHICLE,V00418,L01210,2024-11-03 23:13:03,2024-11-04 16:29:03,ENTRY,,SRC022,0.87,EV01304,2026-02-11 12:32:17
MOV000269,ORGANIZATION,O0163,L02250,2024-11-17 14:32:54,2024-11-17 18:17:54,VISIT,,SRC013,0.86,EV03141,2025-01-13 08:41:36
MOV000270,ORGANIZATION,O0176,L01274,2024-12-05 11:11:36,2024-12-05 21:33:36,TRANSIT,V00777,SRC014,0.91,EV03671,2026-05-27 15:25:01
MOV000271,ORGANIZATION,O0301,L00948,2024-12-02 09:05:20,2024-12-03 06:46:20,EXIT,,SRC001,0.88,EV04078,2025-02-02 04:34:27
MOV000272,VEHICLE,V00117,L01752,2024-07-28 14:34:39,2024-07-29 00:06:39,VISIT,,SRC004,0.81,EV02919,2026-04-05 03:17:52
MOV000273,VEHICLE,V00308,L00631,2025-11-10 17:47:52,2025-11-11 10:15:52,TRANSIT,,SRC016,0.81,EV01385,2024-09-27 20:43:11
MOV000274,PERSON,P02010,L01620,2025-09-05 18:24:22,2025-09-05 23:31:22,EXIT,,SRC013,0.77,EV03030,2025-04-06 03:56:58
MOV000275,ORGANIZATION,O0233,L00914,2024-09-26 17:28:35,2024-09-27 12:06:35,VISIT,,SRC019,0.94,EV03968,2025-08-06 00:20:17
MOV000276,ORGANIZATION,O0431,L00528,2026-06-15 22:04:29,2026-06-16 05:37:29,VISIT,,SRC010,0.95,EV01964,2026-01-25 10:34:59
MOV000277,PERSON,P02106,L00867,2025-11-27 20:02:38,2025-11-28 04:07:38,TRANSIT,,SRC004,0.76,EV03589,2024-08-22 00:35:36
MOV000278,VEHICLE,V00881,L01902,2026-01-22 20:57:11,2026-01-23 02:03:11,ENTRY,,SRC024,0.94,EV01682,2025-09-25 19:11:24
MOV000279,PERSON,P01095,L00087,2024-01-08 15:51:01,2024-01-09 05:39:01,VISIT,,SRC014,0.96,EV00198,2025-06-17 12:30:31
MOV000280,ORGANIZATION,O0121,L01507,2026-01-31 04:58:32,2026-01-31 17:48:32,EXIT,V01160,SRC003,0.79,EV00061,2025-01-28 15:27:17
MOV000281,ORGANIZATION,O0195,L01636,2025-09-13 09:34:06,2025-09-14 00:37:06,EXIT,,SRC002,0.82,EV04145,2025-01-07 01:21:26
MOV000282,ORGANIZATION,O0075,L00750,2025-08-03 03:14:51,2025-08-03 09:31:51,ENTRY,V00217,SRC023,0.85,EV04615,2026-03-15 03:59:40
MOV000283,PERSON,P02364,L01986,2026-02-15 03:48:49,2026-02-15 19:10:49,ENTRY,V00124,SRC002,0.75,EV02897,2024-03-17 15:31:29
MOV000284,PERSON,P03046,L01039,2024-05-08 03:18:06,2024-05-08 21:48:06,VISIT,,SRC026,0.93,EV00730,2024-06-19 07:49:17
MOV000285,PERSON,P01351,L01601,2024-07-11 02:46:33,2024-07-11 22:24:33,ENTRY,,SRC021,0.79,EV02186,2026-08-21 12:23:13
MOV000286,VEHICLE,V00629,L01903,2025-07-30 03:05:24,2025-07-30 20:31:24,ENTRY,V01024,SRC014,0.77,EV02028,2025-06-11 09:48:45
MOV000287,VEHICLE,V00780,L01989,2024-12-30 14:20:13,2024-12-31 00:11:13,ENTRY,,SRC006,0.81,EV04594,2024-12-28 07:32:19
MOV000288,ORGANIZATION,O0145,L01604,2026-07-25 19:22:59,2026-07-26 18:56:59,VISIT,,SRC030,0.97,EV01229,2025-11-30 14:53:09
MOV000289,ORGANIZATION,O0291,L02330,2024-03-13 11:02:57,2024-03-14 05:12:57,EXIT,V00496,SRC018,0.85,EV01062,2026-05-28 21:44:36
MOV000290,PERSON,P03024,L02228,2025-05-09 07:00:04,2025-05-10 01:20:04,EXIT,V00188,SRC030,0.97,EV01264,2024-12-15 15:55:23
MOV000291,VEHICLE,V00900,L00177,2026-05-05 04:51:14,2026-05-06 03:24:14,VISIT,V00194,SRC005,0.97,EV01949,2026-02-01 00:55:18
MOV000292,VEHICLE,V01034,L00773,2025-02-02 23:00:58,2025-02-03 10:57:58,EXIT,,SRC030,0.86,EV03686,2024-08-16 11:04:13
MOV000293,VEHICLE,V00384,L00239,2024-03-05 22:05:19,2024-03-06 21:01:19,ENTRY,V00497,SRC026,0.94,EV02724,2025-03-24 00:07:53
MOV000294,VEHICLE,V00019,L01426,2025-08-02 23:13:28,2025-08-03 06:59:28,TRANSIT,,SRC019,0.93,EV02413,2024-10-29 06:10:24
MOV000295,VEHICLE,V00019,L02206,2026-04-30 14:29:22,2026-04-30 20:22:22,VISIT,,SRC005,0.81,EV03204,2024-05-08 12:10:09
MOV000296,ORGANIZATION,O0023,L00917,2024-10-27 11:29:23,2024-10-27 22:22:23,ENTRY,,SRC001,0.84,EV01501,2025-11-18 14:29:36
MOV000297,ORGANIZATION,O0330,L01514,2025-03-25 14:42:13,2025-03-26 00:37:13,ENTRY,V01154,SRC029,0.87,EV02674,2025-06-16 14:20:25
MOV000298,PERSON,P00315,L01950,2024-12-02 21:25:15,2024-12-03 05:33:15,ENTRY,,SRC003,0.96,EV04093,2025-06-01 11:16:13
MOV000299,VEHICLE,V00741,L01149,2024-01-10 23:19:58,2024-01-11 22:55:58,EXIT,,SRC014,0.81,EV04781,2026-03-28 19:12:04
MOV000300,PERSON,P01399,L01628,2025-08-21 10:46:48,2025-08-21 13:08:48,VISIT,V01071,SRC025,0.84,EV02484,2024-02-21 08:55:51
MOV000301,VEHICLE,V00427,L01751,2024-01-03 14:36:47,2024-01-04 08:07:47,EXIT,,SRC030,0.83,EV03439,2026-06-06 05:42:33
MOV000302,VEHICLE,V00658,L00356,2024-03-27 19:45:52,2024-03-28 15:15:52,EXIT,V00510,SRC028,0.79,EV01090,2024-05-03 12:11:54
MOV000303,ORGANIZATION,O0306,L00542,2024-11-15 11:10:18,2024-11-16 07:55:18,VISIT,,SRC025,0.86,EV04220,2026-04-06 09:02:53
MOV000304,PERSON,P01038,L02240,2026-03-21 06:19:43,2026-03-22 03:23:43,VISIT,,SRC017,0.82,EV04022,2026-02-07 10:59:21
MOV000305,VEHICLE,V00859,L01529,2026-08-22 21:33:24,2026-08-23 05:10:24,ENTRY,,SRC008,0.87,EV04776,2025-12-22 12:49:25
MOV000306,PERSON,P03865,L00519,2024-04-03 15:39:32,2024-04-04 07:17:32,EXIT,V00998,SRC001,0.86,EV03976,2025-08-01 04:48:30
MOV000307,ORGANIZATION,O0199,L00472,2025-08-10 15:16:32,2025-08-10 18:44:32,EXIT,,SRC003,0.94,EV02039,2026-05-02 06:17:59
MOV000308,PERSON,P03425,L02473,2025-10-06 05:41:48,2025-10-06 14:27:48,VISIT,V00147,SRC005,0.77,EV04249,2024-08-11 10:18:47
MOV000309,PERSON,P00090,L01121,2025-08-14 02:00:33,2025-08-14 19:56:33,TRANSIT,,SRC022,0.87,EV03242,2024-05-26 13:28:11
MOV000310,ORGANIZATION,O0399,L00681,2026-05-14 13:46:32,2026-05-15 01:19:32,VISIT,V00363,SRC012,0.83,EV00712,2024-03-08 19:59:22
MOV000311,ORGANIZATION,O0131,L01051,2026-01-17 06:21:16,2026-01-17 08:27:16,VISIT,,SRC030,0.82,EV03562,2024-12-03 20:44:18
MOV000312,PERSON,P01348,L01705,2026-07-23 17:57:06,2026-07-24 05:17:06,TRANSIT,V00721,SRC014,0.84,EV03839,2026-08-03 16:34:25
MOV000313,ORGANIZATION,O0172,L01638,2025-05-17 05:57:21,2025-05-17 11:45:21,ENTRY,,SRC020,0.78,EV02940,2025-08-29 05:43:00
MOV000314,VEHICLE,V00411,L00073,2024-05-10 21:16:21,2024-05-11 11:51:21,EXIT,,SRC025,0.88,EV02438,2024-10-04 18:06:23
MOV000315,ORGANIZATION,O0402,L01046,2026-03-10 00:07:00,2026-03-10 04:02:00,TRANSIT,V01057,SRC021,0.9,EV02396,2025-02-01 22:32:50
MOV000316,VEHICLE,V00854,L01758,2025-10-27 06:42:41,2025-10-28 04:55:41,EXIT,V00609,SRC019,0.77,EV02847,2026-06-11 03:17:36
MOV000317,PERSON,P02311,L00050,2025-12-11 13:10:32,2025-12-12 03:45:32,EXIT,,SRC012,0.96,EV02577,2024-10-30 00:44:48
MOV000318,PERSON,P00583,L00071,2025-08-27 14:24:11,2025-08-27 15:37:11,ENTRY,V00533,SRC026,0.92,EV02122,2025-04-10 13:51:36
MOV000319,VEHICLE,V00447,L00101,2026-04-18 12:23:12,2026-04-19 04:56:12,VISIT,V00901,SRC013,0.86,EV03096,2025-08-03 12:50:00
MOV000320,PERSON,P01859,L01939,2025-10-12 08:58:19,2025-10-13 05:15:19,EXIT,V00306,SRC009,0.94,EV01907,2025-11-17 04:42:01
MOV000321,PERSON,P02524,L01858,2025-01-19 10:10:08,2025-01-19 21:40:08,ENTRY,,SRC017,0.91,EV01916,2024-04-04 16:47:33
MOV000322,PERSON,P01561,L01818,2025-12-31 02:05:26,2025-12-31 17:52:26,TRANSIT,,SRC010,0.91,EV02790,2024-10-15 21:17:29
MOV000323,PERSON,P00397,L02342,2024-06-16 13:41:00,2024-06-17 02:35:00,TRANSIT,V00616,SRC005,0.82,EV04802,2024-12-13 21:41:35
MOV000324,ORGANIZATION,O0036,L00056,2025-09-30 23:50:53,2025-10-01 19:04:53,TRANSIT,V00628,SRC029,0.85,EV02111,2026-04-17 05:47:22
MOV000325,ORGANIZATION,O0119,L01006,2024-05-31 11:34:11,2024-05-31 15:36:11,ENTRY,,SRC008,0.9,EV00369,2025-08-23 03:03:04
MOV000326,ORGANIZATION,O0295,L02125,2024-01-12 22:05:17,2024-01-13 16:11:17,ENTRY,V01124,SRC025,0.94,EV02175,2026-04-01 08:42:39
MOV000327,ORGANIZATION,O0011,L01625,2024-09-03 22:20:18,2024-09-04 06:40:18,TRANSIT,,SRC026,0.79,EV00580,2025-01-22 03:09:10
MOV000328,VEHICLE,V00002,L01329,2025-09-09 07:50:28,2025-09-10 01:03:28,VISIT,V01039,SRC024,0.86,EV03010,2025-06-17 07:49:46
MOV000329,PERSON,P01238,L02077,2025-01-30 11:01:41,2025-01-31 06:04:41,TRANSIT,V00397,SRC001,0.79,EV04101,2024-03-10 20:30:45
MOV000330,VEHICLE,V00433,L00507,2026-01-08 12:19:01,2026-01-09 12:14:01,EXIT,V00815,SRC023,0.93,EV00449,2026-08-21 16:32:49
MOV000331,VEHICLE,V00360,L00696,2024-08-11 23:05:28,2024-08-12 00:06:28,TRANSIT,V00717,SRC006,0.78,EV04133,2024-12-22 20:44:50
MOV000332,PERSON,P01236,L00892,2025-04-22 05:18:52,2025-04-22 07:08:52,EXIT,,SRC009,0.87,EV01200,2024-12-13 08:57:56
MOV000333,PERSON,P01175,L01876,2026-03-13 08:27:22,2026-03-13 18:59:22,EXIT,,SRC008,0.9,EV04145,2026-03-27 06:54:35
MOV000334,VEHICLE,V00459,L00230,2024-06-29 17:59:13,2024-06-30 15:54:13,EXIT,V00171,SRC027,0.96,EV02567,2026-02-24 20:31:11
MOV000335,VEHICLE,V01073,L01840,2024-04-09 02:05:21,2024-04-09 09:16:21,TRANSIT,V00868,SRC013,0.88,EV04527,2026-05-27 03:02:50
MOV000336,PERSON,P00703,L01028,2026-08-29 01:14:52,2026-08-29 13:57:52,VISIT,V00005,SRC008,0.78,EV04596,2026-06-20 11:29:22
MOV000337,ORGANIZATION,O0261,L00093,2024-09-16 19:33:01,2024-09-17 10:10:01,TRANSIT,,SRC008,0.9,EV01385,2026-02-04 20:25:07
MOV000338,PERSON,P03386,L02311,2026-01-06 17:24:11,2026-01-07 11:57:11,EXIT,V00358,SRC002,0.91,EV00823,2024-07-22 08:49:56
MOV000339,PERSON,P00850,L00336,2024-03-01 16:40:24,2024-03-02 13:28:24,VISIT,,SRC003,0.94,EV00563,2026-01-18 06:00:49
MOV000340,ORGANIZATION,O0441,L00116,2024-02-12 22:31:16,2024-02-13 21:08:16,VISIT,,SRC013,0.93,EV03538,2025-01-26 02:17:08
MOV000341,PERSON,P02413,L00132,2024-05-23 16:52:32,2024-05-24 14:24:32,VISIT,,SRC018,0.97,EV01485,2025-12-11 08:14:42
MOV000342,VEHICLE,V00669,L02247,2024-02-03 01:43:28,2024-02-03 14:09:28,VISIT,,SRC025,0.91,EV02503,2026-05-02 07:42:15
MOV000343,VEHICLE,V00134,L00427,2024-10-20 01:57:38,2024-10-20 14:26:38,EXIT,,SRC027,0.84,EV02331,2025-09-14 10:04:51
MOV000344,VEHICLE,V00211,L02350,2026-05-09 07:45:15,2026-05-09 20:18:15,ENTRY,,SRC012,0.85,EV01674,2024-06-22 16:43:52
MOV000345,PERSON,P03948,L01963,2025-07-24 04:08:59,2025-07-24 15:55:59,VISIT,,SRC010,0.98,EV02890,2026-03-11 23:33:47
MOV000346,PERSON,P03208,L00106,2025-03-01 04:04:21,2025-03-02 03:14:21,VISIT,V00094,SRC005,0.78,EV01516,2026-02-09 03:59:20
MOV000347,PERSON,P03390,L01945,2025-03-26 14:13:36,2025-03-27 13:25:36,ENTRY,,SRC029,0.95,EV03448,2024-07-04 01:01:39
MOV000348,PERSON,P02526,L00950,2024-09-20 15:35:36,2024-09-21 08:24:36,ENTRY,,SRC008,0.95,EV02092,2024-03-22 16:59:11
MOV000349,ORGANIZATION,O0224,L01988,2025-03-28 03:06:44,2025-03-28 19:01:44,TRANSIT,,SRC018,0.81,EV03208,2026-02-24 07:16:30
MOV000350,ORGANIZATION,O0355,L01499,2024-04-15 12:36:02,2024-04-16 01:03:02,ENTRY,V00740,SRC024,0.93,EV02136,2026-03-13 07:02:29
MOV000351,VEHICLE,V00929,L01230,2026-08-07 01:28:18,2026-08-07 02:23:18,ENTRY,,SRC024,0.81,EV03666,2024-05-05 22:26:57
MOV000352,PERSON,P02799,L00292,2024-11-18 19:56:52,2024-11-19 18:20:52,VISIT,,SRC006,0.83,EV02247,2026-02-20 23:36:34
MOV000353,PERSON,P03234,L01537,2024-12-11 07:10:38,2024-12-12 05:50:38,EXIT,V00791,SRC007,0.82,EV02153,2026-02-07 05:52:52
MOV000354,VEHICLE,V00249,L00363,2025-11-06 11:22:39,2025-11-06 22:48:39,VISIT,,SRC019,0.91,EV04560,2024-10-25 17:10:42
MOV000355,ORGANIZATION,O0227,L02058,2024-01-25 10:38:22,2024-01-26 07:31:22,ENTRY,,SRC016,0.81,EV03664,2025-01-05 15:35:26
MOV000356,ORGANIZATION,O0310,L00897,2026-05-13 03:34:42,2026-05-13 08:27:42,EXIT,,SRC007,0.83,EV00102,2024-06-06 23:37:22
MOV000357,VEHICLE,V00430,L02261,2026-08-09 16:51:28,2026-08-10 01:47:28,TRANSIT,V00180,SRC030,0.95,EV00747,2026-01-04 23:26:01
MOV000358,PERSON,P03550,L00647,2025-08-07 08:52:21,2025-08-07 16:59:21,TRANSIT,,SRC015,0.97,EV02524,2024-01-24 12:13:07
MOV000359,VEHICLE,V00267,L00455,2024-09-15 10:52:39,2024-09-16 07:50:39,VISIT,,SRC012,0.75,EV03572,2024-11-05 09:08:35
MOV000360,PERSON,P01131,L01749,2025-08-22 04:38:44,2025-08-23 00:33:44,VISIT,,SRC001,0.9,EV01243,2025-02-16 06:27:03
MOV000361,ORGANIZATION,O0231,L00228,2025-05-02 19:59:39,2025-05-03 05:04:39,VISIT,V00443,SRC005,0.93,EV01332,2025-03-03 14:09:01
MOV000362,PERSON,P00694,L00585,2025-09-10 13:55:57,2025-09-11 03:32:57,EXIT,V00675,SRC015,0.87,EV02636,2025-05-01 02:44:31
MOV000363,ORGANIZATION,O0169,L01230,2024-12-22 23:06:29,2024-12-23 22:51:29,ENTRY,,SRC008,0.78,EV00820,2024-03-09 03:50:01
MOV000364,PERSON,P02871,L00028,2026-08-09 14:03:45,2026-08-10 02:23:45,EXIT,V00048,SRC026,0.9,EV02475,2026-07-07 00:17:03
MOV000365,VEHICLE,V00039,L01916,2024-11-23 08:30:31,2024-11-23 16:24:31,EXIT,,SRC010,0.92,EV02800,2024-08-09 17:32:09
MOV000366,PERSON,P03867,L02024,2026-03-09 16:02:35,2026-03-09 19:17:35,TRANSIT,,SRC020,0.91,EV02888,2024-07-09 20:48:49
MOV000367,ORGANIZATION,O0267,L00873,2024-07-15 08:45:56,2024-07-15 14:39:56,TRANSIT,,SRC026,0.78,EV04207,2026-01-30 13:39:23
MOV000368,VEHICLE,V00896,L02034,2025-03-10 22:03:27,2025-03-11 03:32:27,TRANSIT,V01106,SRC029,0.97,EV04468,2025-12-18 00:03:55
MOV000369,PERSON,P02770,L02464,2026-06-26 22:12:50,2026-06-27 14:52:50,EXIT,,SRC002,0.86,EV00626,2025-08-18 12:13:59
MOV000370,PERSON,P00985,L00493,2024-01-11 22:12:57,2024-01-12 11:32:57,ENTRY,V01193,SRC022,0.83,EV00382,2024-01-28 12:32:38
MOV000371,PERSON,P02485,L00598,2026-06-18 22:03:03,2026-06-19 12:15:03,ENTRY,V00153,SRC015,0.89,EV02665,2024-06-15 23:42:50
MOV000372,VEHICLE,V00239,L00685,2025-04-11 02:33:15,2025-04-11 07:58:15,VISIT,,SRC011,0.91,EV01793,2025-08-26 14:54:17
MOV000373,ORGANIZATION,O0073,L02099,2024-06-15 04:59:04,2024-06-15 12:48:04,EXIT,,SRC023,0.9,EV04013,2026-06-04 18:51:10
MOV000374,ORGANIZATION,O0219,L01259,2024-12-22 14:30:46,2024-12-23 00:49:46,ENTRY,V00168,SRC020,0.85,EV02699,2024-08-30 08:22:52
MOV000375,ORGANIZATION,O0143,L02248,2024-04-05 02:08:18,2024-04-05 11:43:18,TRANSIT,,SRC024,0.9,EV03633,2025-06-26 20:02:33
MOV000376,ORGANIZATION,O0232,L00296,2026-03-18 21:58:13,2026-03-19 08:07:13,VISIT,,SRC011,0.84,EV00686,2025-12-11 20:21:27
MOV000377,ORGANIZATION,O0214,L00183,2025-03-14 15:10:36,2025-03-15 13:58:36,VISIT,V00554,SRC015,0.96,EV03823,2025-01-27 12:16:18
MOV000378,ORGANIZATION,O0212,L01163,2026-04-05 21:00:29,2026-04-06 07:01:29,EXIT,,SRC023,0.84,EV02874,2025-07-10 12:14:39
MOV000379,ORGANIZATION,O0044,L01685,2025-06-26 21:30:59,2025-06-27 09:31:59,EXIT,,SRC030,0.98,EV03136,2024-09-16 14:50:21
MOV000380,ORGANIZATION,O0059,L01682,2025-06-07 17:17:51,2025-06-07 18:24:51,ENTRY,V00743,SRC020,0.82,EV03845,2025-02-11 15:56:24
MOV000381,PERSON,P01490,L00156,2025-11-16 14:04:04,2025-11-17 13:05:04,TRANSIT,,SRC007,0.79,EV04788,2025-03-12 15:47:50
MOV000382,ORGANIZATION,O0231,L01207,2025-05-21 03:29:32,2025-05-21 04:53:32,ENTRY,,SRC017,0.9,EV03089,2024-10-10 05:15:13
MOV000383,ORGANIZATION,O0406,L02039,2024-10-08 17:37:25,2024-10-09 01:39:25,ENTRY,,SRC011,0.78,EV00555,2025-04-19 03:29:17
MOV000384,VEHICLE,V00040,L01583,2025-08-27 02:21:21,2025-08-27 07:53:21,VISIT,V01049,SRC006,0.77,EV02877,2026-08-22 00:52:39
MOV000385,VEHICLE,V00611,L00904,2026-08-10 20:55:01,2026-08-11 11:20:01,ENTRY,V01099,SRC009,0.9,EV02240,2024-12-04 01:52:47
MOV000386,VEHICLE,V00406,L02283,2025-07-01 17:26:32,2025-07-01 19:54:32,VISIT,V00114,SRC020,0.75,EV04461,2024-02-01 10:17:32
MOV000387,PERSON,P00745,L01735,2026-08-17 04:49:58,2026-08-18 00:01:58,ENTRY,V00935,SRC028,0.83,EV02645,2025-03-28 22:21:37
MOV000388,PERSON,P00877,L00713,2024-01-28 20:11:02,2024-01-29 00:45:02,TRANSIT,V00533,SRC029,0.93,EV02466,2026-06-13 16:54:47
MOV000389,PERSON,P03352,L01010,2026-05-02 20:46:06,2026-05-03 03:50:06,TRANSIT,,SRC029,0.98,EV04750,2025-08-20 20:23:18
MOV000390,PERSON,P00746,L00365,2025-09-29 10:41:21,2025-09-30 04:33:21,EXIT,,SRC014,0.8,EV01822,2024-09-23 10:09:26
MOV000391,VEHICLE,V01196,L00216,2026-04-24 17:11:31,2026-04-25 12:36:31,VISIT,,SRC011,0.93,EV01703,2025-05-09 14:22:45
MOV000392,PERSON,P01531,L00444,2026-08-29 03:25:13,2026-08-29 22:41:13,ENTRY,,SRC015,0.84,EV02565,2025-04-29 02:51:38
MOV000393,ORGANIZATION,O0098,L00219,2025-10-11 20:31:35,2025-10-12 00:58:35,ENTRY,,SRC004,0.83,EV03085,2025-12-03 22:30:09
MOV000394,PERSON,P00988,L00215,2024-05-25 15:29:51,2024-05-26 06:29:51,TRANSIT,V00942,SRC011,0.87,EV04249,2024-11-28 16:59:05
MOV000395,ORGANIZATION,O0180,L00815,2026-05-08 03:52:06,2026-05-09 03:18:06,ENTRY,,SRC020,0.89,EV01732,2024-09-13 01:06:56
MOV000396,VEHICLE,V00316,L00178,2025-07-12 04:51:03,2025-07-12 05:47:03,EXIT,V00863,SRC019,0.78,EV02248,2026-02-23 19:31:26
MOV000397,ORGANIZATION,O0014,L01590,2024-02-07 23:46:50,2024-02-08 02:03:50,ENTRY,,SRC007,0.86,EV04751,2026-03-28 15:51:03
MOV000398,VEHICLE,V01167,L02093,2024-04-02 15:23:48,2024-04-02 15:54:48,EXIT,,SRC004,0.83,EV02755,2025-08-13 19:00:11
MOV000399,PERSON,P01354,L02391,2025-06-13 05:15:58,2025-06-13 20:39:58,ENTRY,,SRC011,0.93,EV03329,2025-04-08 10:59:53
MOV000400,VEHICLE,V00827,L01999,2026-03-28 03:48:41,2026-03-28 18:58:41,EXIT,,SRC006,0.93,EV00808,2024-09-15 14:20:29
MOV000401,PERSON,P00663,L01447,2025-05-11 20:09:56,2025-05-12 16:04:56,EXIT,,SRC024,0.9,EV04604,2026-07-06 16:41:25
MOV000402,VEHICLE,V00523,L02038,2024-09-01 12:47:23,2024-09-02 09:02:23,VISIT,,SRC012,0.75,EV03542,2024-07-25 05:05:45
MOV000403,ORGANIZATION,O0176,L01379,2024-05-25 04:09:08,2024-05-25 22:07:08,EXIT,,SRC023,0.93,EV03430,2024-10-13 14:49:27
MOV000404,VEHICLE,V01177,L00627,2024-01-08 08:07:46,2024-01-08 17:06:46,TRANSIT,V00544,SRC028,0.79,EV01902,2024-02-05 13:39:11
MOV000405,VEHICLE,V01085,L00622,2025-05-24 13:15:15,2025-05-25 10:50:15,TRANSIT,,SRC007,0.78,EV00456,2025-01-23 01:39:50
MOV000406,ORGANIZATION,O0179,L01963,2026-03-01 08:17:20,2026-03-02 04:12:20,VISIT,,SRC019,0.94,EV00054,2026-01-03 01:07:36
MOV000407,ORGANIZATION,O0119,L00476,2024-08-28 15:04:12,2024-08-28 19:13:12,ENTRY,,SRC004,0.84,EV03330,2025-01-01 15:19:04
MOV000408,PERSON,P02598,L00308,2025-09-11 08:44:26,2025-09-11 20:39:26,EXIT,V00540,SRC028,0.88,EV00397,2026-08-18 23:37:45
MOV000409,PERSON,P01923,L01012,2025-01-12 09:43:48,2025-01-12 19:23:48,VISIT,,SRC016,0.87,EV03898,2024-02-27 09:06:33
MOV000410,ORGANIZATION,O0262,L01375,2024-12-30 12:33:43,2024-12-31 03:23:43,VISIT,,SRC017,0.78,EV01093,2025-03-14 02:11:02
MOV000411,PERSON,P01636,L01200,2024-03-22 12:02:32,2024-03-22 21:29:32,VISIT,V00306,SRC027,0.8,EV00256,2024-03-06 01:43:04
MOV000412,ORGANIZATION,O0061,L01514,2025-01-04 06:00:14,2025-01-04 11:36:14,ENTRY,,SRC026,0.97,EV02788,2026-01-06 05:35:45
MOV000413,VEHICLE,V00282,L01163,2025-07-04 21:00:36,2025-07-05 09:15:36,VISIT,,SRC026,0.82,EV04198,2024-02-11 03:11:09
MOV000414,PERSON,P01934,L00951,2025-05-01 18:32:09,2025-05-02 18:07:09,VISIT,V00842,SRC011,0.91,EV04221,2024-09-05 18:59:03
MOV000415,ORGANIZATION,O0207,L00949,2024-08-28 06:48:14,2024-08-29 03:53:14,ENTRY,V01037,SRC030,0.79,EV04151,2024-12-01 14:11:04
MOV000416,VEHICLE,V00628,L00547,2026-03-21 07:11:50,2026-03-21 11:54:50,VISIT,,SRC028,0.92,EV00155,2025-04-22 00:59:30
MOV000417,PERSON,P01947,L00808,2024-08-27 17:08:59,2024-08-28 14:27:59,EXIT,,SRC020,0.92,EV01819,2024-02-13 03:04:25
MOV000418,VEHICLE,V00126,L01322,2025-05-19 03:11:54,2025-05-19 05:39:54,EXIT,V00340,SRC009,0.96,EV01795,2024-03-27 08:03:53
MOV000419,PERSON,P01383,L00525,2024-03-07 10:35:42,2024-03-07 11:02:42,ENTRY,,SRC023,0.91,EV02632,2024-09-08 16:37:25
MOV000420,VEHICLE,V00351,L00026,2024-12-01 17:00:57,2024-12-01 22:20:57,VISIT,,SRC010,0.79,EV00792,2025-01-13 21:29:58
MOV000421,ORGANIZATION,O0360,L01255,2026-03-12 03:06:55,2026-03-12 04:05:55,TRANSIT,,SRC028,0.91,EV04518,2025-01-25 03:21:54
MOV000422,PERSON,P02323,L00600,2025-01-14 03:21:41,2025-01-14 15:20:41,EXIT,V00109,SRC029,0.91,EV03690,2025-08-30 20:21:42
MOV000423,VEHICLE,V00235,L02022,2025-08-10 10:25:43,2025-08-11 01:43:43,EXIT,,SRC019,0.76,EV01316,2026-05-31 10:14:59
MOV000424,PERSON,P03762,L01102,2025-09-04 03:46:32,2025-09-04 23:43:32,EXIT,,SRC016,0.85,EV03045,2024-09-30 04:43:22
MOV000425,ORGANIZATION,O0384,L02098,2026-06-10 04:55:44,2026-06-11 01:40:44,VISIT,V00577,SRC006,0.83,EV00632,2025-10-02 04:15:35
MOV000426,PERSON,P03382,L00417,2025-09-25 13:07:36,2025-09-26 09:14:36,TRANSIT,V00125,SRC001,0.94,EV02335,2024-08-17 23:20:53
MOV000427,PERSON,P01767,L00764,2025-04-16 05:07:25,2025-04-17 03:52:25,ENTRY,,SRC022,0.8,EV04547,2024-12-05 21:43:12
MOV000428,VEHICLE,V00280,L01489,2026-01-16 00:08:40,2026-01-16 23:00:40,VISIT,,SRC018,0.77,EV04991,2025-04-10 17:32:58
MOV000429,PERSON,P01319,L00522,2025-08-26 14:24:42,2025-08-27 02:34:42,EXIT,,SRC020,0.8,EV00469,2025-03-18 07:03:54
MOV000430,ORGANIZATION,O0287,L01651,2026-02-08 09:53:29,2026-02-09 05:00:29,TRANSIT,,SRC011,0.98,EV00573,2024-12-25 09:22:52
MOV000431,ORGANIZATION,O0412,L00165,2024-10-28 03:49:48,2024-10-28 10:27:48,TRANSIT,V00872,SRC020,0.95,EV02081,2025-01-04 10:41:31
MOV000432,ORGANIZATION,O0316,L02359,2026-01-01 04:01:56,2026-01-01 09:43:56,TRANSIT,,SRC012,0.95,EV04584,2024-07-03 15:31:20
MOV000433,ORGANIZATION,O0475,L00268,2026-02-11 21:32:30,2026-02-12 16:00:30,VISIT,,SRC001,0.97,EV02353,2026-01-13 13:09:22
MOV000434,PERSON,P03761,L00734,2024-01-01 00:33:39,2024-01-01 09:53:39,VISIT,,SRC029,0.98,EV03270,2026-06-09 11:49:18
MOV000435,VEHICLE,V01128,L00975,2026-05-08 09:09:37,2026-05-08 12:09:37,TRANSIT,,SRC026,0.88,EV01143,2024-10-08 06:48:52
MOV000436,ORGANIZATION,O0170,L01035,2026-01-06 14:20:13,2026-01-07 03:55:13,EXIT,,SRC016,0.92,EV04246,2024-07-19 18:58:35
MOV000437,PERSON,P01970,L01996,2025-12-24 05:12:48,2025-12-25 01:24:48,EXIT,,SRC002,0.79,EV00727,2024-03-07 22:51:14
MOV000438,VEHICLE,V00304,L02066,2024-05-12 15:52:26,2024-05-12 23:39:26,TRANSIT,V01156,SRC008,0.86,EV03734,2026-01-05 23:26:19
MOV000439,PERSON,P00133,L01725,2026-04-07 18:22:15,2026-04-08 14:09:15,ENTRY,,SRC026,0.83,EV02879,2025-09-20 07:47:22
MOV000440,PERSON,P03888,L01247,2026-06-23 15:57:07,2026-06-24 08:04:07,EXIT,,SRC006,0.94,EV00947,2024-11-10 16:29:25
MOV000441,PERSON,P01930,L02068,2025-11-23 15:49:12,2025-11-24 01:15:12,TRANSIT,,SRC005,0.84,EV00240,2025-12-24 22:58:00
MOV000442,ORGANIZATION,O0072,L01931,2024-11-05 23:59:14,2024-11-06 18:17:14,TRANSIT,,SRC015,0.93,EV02201,2025-08-29 01:15:39
MOV000443,ORGANIZATION,O0196,L01588,2024-10-11 11:09:10,2024-10-12 00:04:10,EXIT,,SRC022,0.93,EV02997,2024-10-01 03:15:29
MOV000444,PERSON,P03679,L00063,2024-10-09 03:19:45,2024-10-09 15:46:45,VISIT,V00608,SRC003,0.83,EV03188,2026-05-21 19:22:23
MOV000445,PERSON,P00029,L00684,2024-10-18 15:06:50,2024-10-18 21:40:50,ENTRY,,SRC014,0.78,EV02854,2024-09-01 03:52:39
MOV000446,ORGANIZATION,O0192,L01706,2025-09-28 21:24:15,2025-09-29 00:05:15,EXIT,,SRC007,0.84,EV02251,2025-12-27 16:19:06
MOV000447,PERSON,P02621,L01601,2026-08-06 10:10:21,2026-08-06 16:36:21,VISIT,,SRC019,0.79,EV03600,2025-10-19 06:33:19
MOV000448,VEHICLE,V00882,L00557,2024-05-09 05:27:00,2024-05-10 01:18:00,TRANSIT,V00718,SRC030,0.76,EV01946,2025-12-06 18:42:34
MOV000449,VEHICLE,V01045,L01386,2025-08-03 21:22:38,2025-08-03 23:20:38,TRANSIT,V00904,SRC008,0.91,EV00918,2025-02-27 15:11:15
MOV000450,PERSON,P01722,L02441,2026-04-24 23:01:40,2026-04-25 16:02:40,ENTRY,V00132,SRC029,0.9,EV00400,2025-07-02 19:05:23
MOV000451,ORGANIZATION,O0159,L01304,2024-05-19 02:48:08,2024-05-19 04:17:08,EXIT,V00237,SRC002,0.9,EV00889,2025-02-22 01:12:48
MOV000452,VEHICLE,V00215,L01228,2026-08-11 12:27:33,2026-08-11 18:03:33,EXIT,,SRC009,0.97,EV04530,2026-02-12 17:59:18
MOV000453,ORGANIZATION,O0356,L02436,2024-10-01 09:27:42,2024-10-01 23:04:42,VISIT,,SRC014,0.79,EV00239,2025-07-06 02:20:04
MOV000454,PERSON,P03183,L00735,2026-01-24 12:14:55,2026-01-24 13:07:55,TRANSIT,,SRC027,0.92,EV04807,2025-05-31 02:10:07
MOV000455,VEHICLE,V00966,L02470,2025-03-03 22:06:06,2025-03-03 22:33:06,VISIT,V00258,SRC014,0.83,EV03242,2024-12-23 23:05:58
MOV000456,VEHICLE,V00964,L01380,2024-09-02 19:09:29,2024-09-03 07:27:29,ENTRY,,SRC009,0.8,EV04479,2025-06-24 21:24:05
MOV000457,PERSON,P00399,L01181,2025-07-10 07:40:02,2025-07-11 03:02:02,TRANSIT,,SRC005,0.9,EV00477,2025-07-12 15:13:46
MOV000458,PERSON,P01071,L01548,2024-01-16 04:47:41,2024-01-17 03:05:41,TRANSIT,,SRC025,0.96,EV00746,2024-03-21 21:06:25
MOV000459,ORGANIZATION,O0366,L02065,2025-07-11 02:27:23,2025-07-11 19:54:23,ENTRY,,SRC012,0.91,EV00964,2026-03-10 06:33:48
MOV000460,PERSON,P02774,L01072,2026-01-20 06:44:44,2026-01-21 03:20:44,EXIT,,SRC007,0.98,EV03139,2026-05-01 19:41:59
MOV000461,PERSON,P01277,L02411,2024-12-13 06:34:54,2024-12-14 05:54:54,TRANSIT,,SRC013,0.87,EV03533,2025-09-17 03:19:14
MOV000462,PERSON,P00954,L00927,2024-12-01 00:00:11,2024-12-01 19:25:11,TRANSIT,,SRC008,0.82,EV04507,2024-03-01 12:49:19
MOV000463,ORGANIZATION,O0311,L01322,2024-04-01 14:22:19,2024-04-01 18:34:19,TRANSIT,V00213,SRC013,0.94,EV01045,2024-01-09 16:08:39
MOV000464,PERSON,P01468,L02008,2024-05-25 07:30:35,2024-05-26 07:01:35,EXIT,V00199,SRC010,0.96,EV04716,2025-10-29 16:43:41
MOV000465,VEHICLE,V00495,L00229,2026-06-16 21:10:50,2026-06-17 20:28:50,EXIT,V00799,SRC007,0.86,EV02043,2024-03-16 08:00:47
MOV000466,PERSON,P03176,L01506,2025-05-11 12:24:59,2025-05-12 00:10:59,TRANSIT,V00143,SRC028,0.93,EV01082,2024-02-25 01:43:05
MOV000467,VEHICLE,V00553,L01550,2026-05-01 10:46:08,2026-05-02 07:02:08,VISIT,,SRC021,0.92,EV00195,2025-08-19 20:55:31
MOV000468,ORGANIZATION,O0426,L01097,2024-10-23 15:57:12,2024-10-24 04:44:12,VISIT,,SRC010,0.96,EV02026,2025-10-20 10:28:19
MOV000469,VEHICLE,V00824,L01192,2025-03-08 07:33:29,2025-03-09 04:47:29,TRANSIT,V00208,SRC012,0.78,EV00096,2025-05-07 13:49:20
MOV000470,ORGANIZATION,O0168,L00967,2024-07-28 13:39:19,2024-07-29 13:31:19,TRANSIT,V00383,SRC022,0.84,EV03999,2026-04-09 07:28:58
MOV000471,ORGANIZATION,O0236,L01123,2024-11-11 01:24:45,2024-11-11 15:10:45,ENTRY,,SRC013,0.96,EV00659,2024-02-12 15:28:20
MOV000472,ORGANIZATION,O0180,L01957,2025-02-04 04:51:57,2025-02-04 10:19:57,ENTRY,V01085,SRC028,0.95,EV02149,2025-03-31 02:28:05
MOV000473,PERSON,P00005,L01937,2026-08-21 13:34:20,2026-08-21 22:51:20,EXIT,V00896,SRC026,0.94,EV02598,2025-07-25 01:03:46
MOV000474,VEHICLE,V00585,L00318,2026-03-01 08:37:26,2026-03-02 04:57:26,TRANSIT,V00820,SRC004,0.94,EV04498,2026-06-12 07:59:51
MOV000475,ORGANIZATION,O0383,L02272,2024-02-01 16:04:15,2024-02-02 10:28:15,VISIT,V00510,SRC009,0.84,EV02558,2024-09-09 06:47:09
MOV000476,ORGANIZATION,O0334,L01893,2025-03-29 22:12:06,2025-03-29 23:53:06,ENTRY,,SRC027,0.85,EV04749,2026-01-12 23:24:32
MOV000477,VEHICLE,V00142,L02409,2026-08-19 02:27:18,2026-08-19 05:25:18,TRANSIT,,SRC003,0.8,EV04132,2024-10-29 15:31:09
MOV000478,PERSON,P02683,L02361,2026-01-15 22:02:20,2026-01-16 09:34:20,TRANSIT,,SRC017,0.9,EV00582,2025-09-25 13:20:53
MOV000479,ORGANIZATION,O0037,L00371,2024-12-03 16:36:38,2024-12-03 22:35:38,TRANSIT,,SRC009,0.77,EV00724,2025-10-20 15:37:04
MOV000480,PERSON,P03180,L01700,2026-08-13 10:46:56,2026-08-14 05:14:56,TRANSIT,V00812,SRC008,0.85,EV03479,2026-03-14 14:31:12
MOV000481,PERSON,P01660,L02272,2024-09-06 12:12:25,2024-09-06 16:37:25,EXIT,,SRC014,0.96,EV01717,2025-06-14 10:58:13
MOV000482,VEHICLE,V01183,L00557,2025-11-16 06:49:34,2025-11-16 18:42:34,ENTRY,,SRC001,0.88,EV01435,2026-07-26 15:52:48
MOV000483,VEHICLE,V00640,L01633,2026-06-16 07:52:03,2026-06-16 10:46:03,EXIT,,SRC015,0.8,EV04645,2026-03-09 09:18:28
MOV000484,VEHICLE,V00549,L00931,2026-05-12 15:54:33,2026-05-13 06:31:33,EXIT,,SRC003,0.79,EV04843,2026-07-14 04:10:14
MOV000485,ORGANIZATION,O0066,L00141,2026-02-01 11:12:36,2026-02-02 04:11:36,TRANSIT,,SRC030,0.85,EV01623,2025-10-24 05:07:35
MOV000486,PERSON,P02442,L00125,2024-05-05 17:27:08,2024-05-06 14:42:08,ENTRY,,SRC016,0.88,EV03891,2024-10-11 11:31:31
MOV000487,VEHICLE,V00982,L01934,2026-05-23 02:56:28,2026-05-23 10:26:28,VISIT,V00840,SRC002,0.9,EV04350,2026-07-30 13:13:46
MOV000488,PERSON,P03510,L02185,2026-06-27 05:21:19,2026-06-27 22:00:19,TRANSIT,,SRC010,0.83,EV03793,2025-11-28 12:36:20
MOV000489,VEHICLE,V00690,L00976,2025-07-31 02:00:36,2025-08-01 01:08:36,EXIT,,SRC006,0.78,EV03917,2024-01-09 18:52:53
MOV000490,ORGANIZATION,O0375,L00624,2025-07-06 10:48:10,2025-07-07 08:08:10,ENTRY,,SRC001,0.95,EV03289,2024-02-13 22:38:58
MOV000491,PERSON,P00708,L02360,2025-05-23 03:02:21,2025-05-23 10:02:21,TRANSIT,,SRC020,0.86,EV03716,2025-04-24 03:17:30
MOV000492,ORGANIZATION,O0011,L01493,2024-04-16 01:30:51,2024-04-16 22:12:51,VISIT,V01132,SRC002,0.84,EV01062,2026-05-23 17:45:15
MOV000493,ORGANIZATION,O0412,L01927,2024-10-06 14:28:12,2024-10-07 08:42:12,ENTRY,,SRC026,0.83,EV01113,2024-02-12 00:15:36
MOV000494,ORGANIZATION,O0053,L02421,2025-12-17 05:03:39,2025-12-17 21:46:39,ENTRY,,SRC024,0.83,EV03602,2024-06-23 15:32:12
MOV000495,ORGANIZATION,O0044,L00272,2025-11-11 18:42:52,2025-11-12 05:03:52,EXIT,,SRC002,0.88,EV02587,2025-09-09 01:16:38
MOV000496,VEHICLE,V01080,L01124,2024-06-27 21:01:32,2024-06-28 12:52:32,TRANSIT,V00106,SRC021,0.82,EV04436,2024-06-07 20:04:26
MOV000497,PERSON,P02351,L00728,2024-10-28 21:25:14,2024-10-29 20:28:14,VISIT,,SRC004,0.82,EV04366,2026-07-25 15:52:05
MOV000498,ORGANIZATION,O0407,L00246,2024-01-06 19:59:29,2024-01-06 22:25:29,TRANSIT,V00284,SRC023,0.8,EV01149,2024-04-01 00:49:27
MOV000499,PERSON,P02547,L01380,2026-06-25 12:19:34,2026-06-26 12:00:34,ENTRY,,SRC012,0.84,EV03906,2026-05-28 09:05:00
MOV000500,PERSON,P03117,L01677,2025-07-15 23:09:53,2025-07-16 01:34:53,VISIT,,SRC022,0.76,EV03472,2026-04-19 08:53:18
MOV000501,ORGANIZATION,O0011,L00690,2026-02-04 05:08:25,2026-02-04 11:46:25,EXIT,V01114,SRC001,0.76,EV00390,2026-05-20 06:35:24
MOV000502,VEHICLE,V00629,L02427,2024-06-29 01:48:41,2024-06-29 18:38:41,VISIT,,SRC026,0.88,EV02562,2026-08-07 10:09:16
MOV000503,PERSON,P01883,L02482,2024-03-25 01:05:00,2024-03-25 06:26:00,EXIT,,SRC001,0.86,EV01577,2024-09-27 01:26:36
MOV000504,ORGANIZATION,O0171,L01598,2025-03-11 00:09:13,2025-03-11 12:05:13,TRANSIT,,SRC009,0.86,EV04633,2025-10-02 05:03:28
MOV000505,VEHICLE,V00458,L02162,2026-04-20 12:24:10,2026-04-20 20:58:10,TRANSIT,,SRC017,0.8,EV04937,2025-09-08 04:01:57
MOV000506,VEHICLE,V01126,L01744,2026-01-02 19:27:22,2026-01-02 23:53:22,TRANSIT,V00612,SRC012,0.97,EV04816,2024-05-24 20:12:11
MOV000507,VEHICLE,V00004,L00468,2024-11-19 01:01:37,2024-11-19 18:40:37,VISIT,,SRC024,0.84,EV02324,2025-10-08 13:56:59
MOV000508,VEHICLE,V00447,L01775,2025-07-28 15:53:21,2025-07-28 20:47:21,ENTRY,V01138,SRC024,0.77,EV03655,2026-01-22 11:43:50
MOV000509,ORGANIZATION,O0456,L00964,2025-12-03 11:23:39,2025-12-03 14:13:39,EXIT,,SRC030,0.76,EV03836,2026-06-07 06:30:08
MOV000510,PERSON,P03517,L01112,2025-10-11 16:36:08,2025-10-11 21:21:08,ENTRY,,SRC027,0.95,EV00066,2024-02-23 20:57:53
MOV000511,VEHICLE,V00487,L01097,2025-12-21 13:44:48,2025-12-21 14:44:48,ENTRY,,SRC022,0.97,EV01941,2026-05-25 19:39:35
MOV000512,VEHICLE,V00639,L02308,2026-02-17 02:42:23,2026-02-17 10:39:23,ENTRY,,SRC028,0.96,EV01212,2024-07-30 04:43:02
MOV000513,VEHICLE,V00502,L00025,2026-06-08 06:31:00,2026-06-09 02:06:00,ENTRY,,SRC023,0.95,EV00747,2024-04-25 02:12:41
MOV000514,ORGANIZATION,O0123,L01207,2024-02-05 20:46:54,2024-02-05 22:32:54,ENTRY,,SRC005,0.93,EV03279,2025-09-08 17:23:19
MOV000515,ORGANIZATION,O0152,L01390,2026-02-16 15:48:10,2026-02-17 00:46:10,VISIT,,SRC028,0.81,EV00592,2025-07-17 09:39:06
MOV000516,PERSON,P03816,L00967,2025-11-08 04:26:13,2025-11-08 09:26:13,EXIT,,SRC013,0.89,EV02000,2024-03-28 16:26:47
MOV000517,VEHICLE,V00339,L02325,2026-02-07 12:00:19,2026-02-07 15:41:19,EXIT,,SRC030,0.89,EV01066,2025-02-26 17:19:55
MOV000518,VEHICLE,V01088,L01474,2024-09-21 23:04:28,2024-09-22 02:33:28,VISIT,V00076,SRC024,0.98,EV02570,2024-01-21 05:04:56
MOV000519,ORGANIZATION,O0446,L00422,2026-06-23 05:02:12,2026-06-23 08:08:12,TRANSIT,,SRC007,0.84,EV01818,2024-04-20 11:48:46
MOV000520,ORGANIZATION,O0186,L00093,2025-02-13 15:51:26,2025-02-13 17:51:26,EXIT,V00849,SRC030,0.83,EV01832,2024-03-19 18:53:32
MOV000521,VEHICLE,V00614,L00588,2025-02-19 19:31:41,2025-02-20 17:18:41,ENTRY,,SRC018,0.93,EV00350,2024-02-28 19:36:28
MOV000522,ORGANIZATION,O0199,L02163,2024-04-07 03:56:47,2024-04-08 00:49:47,VISIT,,SRC002,0.94,EV04948,2024-08-24 02:08:07
MOV000523,ORGANIZATION,O0275,L00882,2025-02-27 20:13:43,2025-02-28 08:13:43,ENTRY,,SRC003,0.85,EV01431,2026-07-15 18:00:34
MOV000524,PERSON,P01346,L00923,2024-03-07 12:58:24,2024-03-07 14:30:24,EXIT,,SRC022,0.79,EV03845,2024-04-16 05:51:38
MOV000525,ORGANIZATION,O0219,L00350,2024-10-22 22:01:58,2024-10-23 14:48:58,ENTRY,,SRC014,0.77,EV02461,2024-02-26 13:36:54
MOV000526,PERSON,P00813,L01657,2025-05-09 07:45:52,2025-05-10 02:24:52,TRANSIT,V00473,SRC020,0.87,EV01099,2025-04-29 07:23:00
MOV000527,PERSON,P00549,L00331,2026-07-29 21:13:58,2026-07-30 10:22:58,EXIT,V00156,SRC002,0.97,EV04458,2024-06-13 12:12:27
MOV000528,VEHICLE,V01158,L00487,2025-09-23 16:55:59,2025-09-24 02:26:59,ENTRY,V00619,SRC014,0.75,EV02524,2024-10-21 16:16:07
MOV000529,ORGANIZATION,O0050,L02376,2024-10-22 02:08:17,2024-10-23 01:11:17,VISIT,V00966,SRC029,0.77,EV04834,2024-05-03 05:39:55
MOV000530,PERSON,P02308,L01265,2026-07-21 14:55:40,2026-07-21 20:04:40,VISIT,V00535,SRC030,0.97,EV03491,2024-01-23 12:53:09
MOV000531,VEHICLE,V00878,L01912,2025-05-07 09:42:23,2025-05-08 08:46:23,TRANSIT,V01022,SRC017,0.81,EV03451,2026-06-14 15:33:08
MOV000532,PERSON,P03083,L00926,2024-07-15 07:42:18,2024-07-15 10:35:18,TRANSIT,,SRC024,0.86,EV01944,2026-03-28 00:04:45
MOV000533,PERSON,P03072,L00997,2024-02-15 01:52:30,2024-02-15 17:25:30,EXIT,V00675,SRC001,0.92,EV04520,2025-10-13 15:59:18
MOV000534,ORGANIZATION,O0160,L01488,2026-05-19 00:14:05,2026-05-19 10:35:05,VISIT,,SRC008,0.81,EV04515,2026-08-09 23:11:25
MOV000535,ORGANIZATION,O0287,L01294,2024-10-28 02:50:35,2024-10-29 01:30:35,TRANSIT,V00685,SRC021,0.86,EV01540,2026-05-24 21:00:51
MOV000536,VEHICLE,V00274,L01761,2025-07-12 04:14:59,2025-07-12 08:47:59,VISIT,V00163,SRC013,0.79,EV02172,2024-10-11 22:26:49
MOV000537,PERSON,P00296,L01593,2025-03-25 16:29:59,2025-03-26 13:33:59,TRANSIT,V00053,SRC002,0.97,EV02794,2025-10-05 06:15:30
MOV000538,VEHICLE,V00069,L01637,2024-07-31 23:58:16,2024-08-01 08:08:16,TRANSIT,V00593,SRC020,0.79,EV02296,2025-01-16 07:24:28
MOV000539,ORGANIZATION,O0451,L02258,2025-01-04 19:39:50,2025-01-04 20:47:50,EXIT,V00909,SRC004,0.92,EV03862,2026-01-05 12:49:45
MOV000540,PERSON,P03800,L00503,2025-04-29 13:05:18,2025-04-29 14:07:18,VISIT,V00648,SRC030,0.84,EV02949,2024-11-28 14:55:21
MOV000541,PERSON,P00641,L00094,2026-03-28 09:04:04,2026-03-28 16:04:04,ENTRY,V00216,SRC023,0.79,EV00117,2025-05-11 10:25:42
MOV000542,VEHICLE,V00380,L01302,2025-01-10 09:28:43,2025-01-10 14:37:43,ENTRY,V01011,SRC028,0.98,EV01047,2025-02-28 16:38:16
MOV000543,VEHICLE,V01045,L01047,2024-08-16 01:53:50,2024-08-16 04:40:50,EXIT,,SRC023,0.85,EV03952,2025-10-04 20:02:02
MOV000544,PERSON,P02146,L01432,2026-04-30 20:00:00,2026-05-01 14:15:00,VISIT,V00313,SRC028,0.76,EV03031,2024-09-01 04:00:31
MOV000545,ORGANIZATION,O0135,L01069,2024-12-27 07:59:01,2024-12-28 04:40:01,EXIT,V00597,SRC007,0.87,EV04277,2024-12-09 18:04:46
MOV000546,PERSON,P02660,L01284,2024-08-10 01:34:50,2024-08-10 13:31:50,VISIT,,SRC008,0.94,EV04812,2025-07-09 07:48:23
MOV000547,PERSON,P02777,L01297,2025-12-25 16:30:20,2025-12-26 06:54:20,TRANSIT,V00555,SRC026,0.83,EV04225,2025-06-26 14:41:46
MOV000548,ORGANIZATION,O0082,L00591,2025-10-05 16:52:00,2025-10-06 05:19:00,TRANSIT,V00156,SRC008,0.97,EV04383,2024-01-19 07:15:09
MOV000549,ORGANIZATION,O0023,L01268,2024-05-18 00:35:50,2024-05-18 20:17:50,TRANSIT,,SRC026,0.94,EV00258,2024-11-12 10:16:32
MOV000550,ORGANIZATION,O0153,L00625,2024-02-02 08:23:26,2024-02-03 07:12:26,VISIT,,SRC024,0.83,EV03016,2025-07-08 20:06:05
MOV000551,ORGANIZATION,O0035,L00714,2024-02-04 10:06:04,2024-02-04 14:14:04,ENTRY,,SRC012,0.84,EV02840,2024-03-24 01:35:15
MOV000552,ORGANIZATION,O0486,L02382,2024-04-30 10:39:21,2024-05-01 05:27:21,ENTRY,V01105,SRC020,0.95,EV03099,2024-10-31 03:41:07
MOV000553,ORGANIZATION,O0298,L01494,2026-03-26 08:35:26,2026-03-26 15:44:26,VISIT,,SRC016,0.75,EV02640,2025-06-19 19:50:50
MOV000554,ORGANIZATION,O0114,L00851,2026-03-08 22:33:55,2026-03-09 01:06:55,VISIT,V00203,SRC009,0.85,EV04209,2025-09-24 17:53:41
MOV000555,PERSON,P01360,L01768,2024-01-28 00:52:02,2024-01-29 00:51:02,TRANSIT,,SRC016,0.76,EV02048,2026-05-10 13:16:59
MOV000556,ORGANIZATION,O0127,L00455,2026-02-26 20:04:25,2026-02-27 15:12:25,EXIT,V00097,SRC020,0.86,EV04357,2024-06-20 02:34:07
MOV000557,ORGANIZATION,O0407,L02384,2026-05-17 04:19:52,2026-05-18 00:00:52,VISIT,,SRC002,0.76,EV03559,2025-02-05 04:38:16
MOV000558,PERSON,P00124,L02328,2025-05-15 07:12:27,2025-05-15 15:22:27,ENTRY,,SRC016,0.89,EV00598,2025-10-01 04:06:28
MOV000559,PERSON,P02462,L01074,2024-01-31 00:46:24,2024-01-31 03:43:24,ENTRY,V00845,SRC007,0.89,EV03507,2025-08-02 08:20:48
MOV000560,ORGANIZATION,O0264,L02235,2024-08-16 07:19:51,2024-08-16 08:57:51,TRANSIT,,SRC001,0.84,EV04066,2025-10-13 14:47:59
MOV000561,VEHICLE,V00711,L00598,2025-05-20 20:51:21,2025-05-21 18:36:21,TRANSIT,,SRC017,0.8,EV02648,2026-08-30 00:29:18
MOV000562,ORGANIZATION,O0107,L02265,2024-07-12 07:30:17,2024-07-13 05:43:17,ENTRY,V01050,SRC015,0.75,EV02696,2025-01-13 16:24:01
MOV000563,ORGANIZATION,O0433,L00357,2026-06-13 12:14:24,2026-06-13 22:38:24,VISIT,,SRC007,0.84,EV00445,2024-04-18 20:22:37
MOV000564,VEHICLE,V00465,L00177,2025-03-23 13:49:29,2025-03-23 21:44:29,ENTRY,,SRC023,0.83,EV04826,2025-11-20 09:52:19
MOV000565,PERSON,P02793,L01605,2026-04-06 07:21:16,2026-04-06 21:15:16,VISIT,,SRC011,0.8,EV00372,2024-09-25 00:24:48
MOV000566,PERSON,P00095,L00181,2025-10-05 04:08:55,2025-10-06 03:51:55,TRANSIT,,SRC016,0.97,EV00399,2025-12-10 14:38:06
MOV000567,VEHICLE,V01098,L01475,2024-04-28 16:28:44,2024-04-29 02:17:44,ENTRY,,SRC010,0.87,EV04144,2025-09-14 14:07:40
MOV000568,ORGANIZATION,O0344,L01683,2025-01-10 10:53:57,2025-01-11 00:58:57,VISIT,,SRC005,0.87,EV03990,2024-12-27 04:36:00
MOV000569,PERSON,P00792,L02472,2024-10-31 06:21:41,2024-10-31 16:40:41,VISIT,,SRC008,0.8,EV02816,2026-07-02 22:44:06
MOV000570,ORGANIZATION,O0140,L00747,2024-03-31 21:47:38,2024-04-01 20:44:38,TRANSIT,,SRC024,0.78,EV02083,2026-04-05 20:39:35
MOV000571,PERSON,P03390,L00397,2024-12-27 22:26:32,2024-12-28 04:03:32,VISIT,,SRC029,0.76,EV00687,2026-03-14 14:16:47
MOV000572,VEHICLE,V00660,L01809,2025-02-03 16:52:18,2025-02-04 13:00:18,EXIT,,SRC023,0.89,EV00219,2024-01-31 14:36:32
MOV000573,VEHICLE,V00281,L02167,2024-01-06 08:24:57,2024-01-06 19:15:57,TRANSIT,,SRC009,0.98,EV01126,2024-05-05 06:59:06
MOV000574,VEHICLE,V00609,L02391,2025-05-08 05:24:12,2025-05-08 08:44:12,EXIT,,SRC028,0.81,EV00503,2026-02-17 09:45:14
MOV000575,VEHICLE,V00879,L01732,2025-07-26 07:20:01,2025-07-26 12:22:01,VISIT,V00359,SRC025,0.92,EV01128,2025-08-07 03:49:48
MOV000576,PERSON,P02990,L00130,2024-05-28 20:51:40,2024-05-29 17:14:40,TRANSIT,,SRC013,0.85,EV04687,2026-04-18 12:12:57
MOV000577,VEHICLE,V01072,L00105,2024-03-29 11:33:37,2024-03-29 17:51:37,TRANSIT,V00538,SRC005,0.87,EV02386,2024-11-26 14:48:13
MOV000578,PERSON,P01870,L01216,2025-06-14 12:01:53,2025-06-14 15:38:53,EXIT,V00824,SRC012,0.76,EV04941,2025-02-14 23:30:44
MOV000579,PERSON,P01086,L01035,2024-02-03 22:49:09,2024-02-04 06:14:09,VISIT,V01192,SRC013,0.83,EV01980,2026-05-26 03:51:53
MOV000580,ORGANIZATION,O0227,L02202,2025-04-07 03:05:20,2025-04-07 04:01:20,VISIT,V00636,SRC029,0.78,EV01709,2024-12-31 01:04:14
MOV000581,VEHICLE,V00903,L00064,2025-06-07 23:44:45,2025-06-08 18:56:45,TRANSIT,,SRC028,0.79,EV04240,2024-10-16 01:49:19
MOV000582,ORGANIZATION,O0051,L00666,2024-06-13 21:59:23,2024-06-14 04:13:23,ENTRY,,SRC014,0.86,EV03870,2024-10-22 15:12:57
MOV000583,PERSON,P01585,L01886,2025-01-07 13:58:55,2025-01-08 02:39:55,ENTRY,,SRC004,0.81,EV00589,2025-08-16 02:25:24
MOV000584,VEHICLE,V00911,L00621,2025-03-17 09:22:19,2025-03-17 09:54:19,ENTRY,V01062,SRC022,0.89,EV00409,2026-08-18 18:22:16
MOV000585,ORGANIZATION,O0070,L01488,2025-08-25 09:49:40,2025-08-25 13:43:40,ENTRY,V00030,SRC001,0.87,EV01592,2024-12-19 22:43:25
MOV000586,PERSON,P03412,L01056,2025-09-23 23:00:05,2025-09-24 10:02:05,EXIT,,SRC028,0.93,EV00292,2026-01-16 18:38:47
MOV000587,PERSON,P00879,L01746,2026-03-28 00:19:22,2026-03-28 03:37:22,VISIT,,SRC002,0.97,EV02955,2025-06-19 00:31:20
MOV000588,PERSON,P03103,L01781,2026-06-30 18:04:53,2026-07-01 04:28:53,TRANSIT,,SRC018,0.78,EV00721,2024-05-31 12:06:17
MOV000589,ORGANIZATION,O0401,L00879,2024-02-01 14:00:58,2024-02-02 13:23:58,EXIT,V00957,SRC003,0.96,EV03200,2025-12-09 19:56:35
MOV000590,ORGANIZATION,O0280,L00083,2024-09-13 13:25:23,2024-09-13 16:07:23,TRANSIT,V00057,SRC012,0.79,EV00045,2025-10-30 10:04:07
MOV000591,ORGANIZATION,O0179,L02479,2024-02-09 01:18:28,2024-02-09 07:40:28,VISIT,,SRC027,0.79,EV04294,2026-01-02 18:18:49
MOV000592,ORGANIZATION,O0443,L02353,2024-12-10 10:34:35,2024-12-11 05:14:35,VISIT,,SRC028,0.93,EV00214,2025-08-17 00:38:55
MOV000593,ORGANIZATION,O0139,L00482,2024-05-23 17:06:03,2024-05-24 02:01:03,VISIT,V00045,SRC009,0.91,EV03114,2025-08-17 09:36:57
MOV000594,VEHICLE,V00975,L00434,2024-09-02 06:29:39,2024-09-03 00:08:39,TRANSIT,V00718,SRC027,0.82,EV00945,2024-03-01 02:59:23
MOV000595,VEHICLE,V00362,L01910,2024-11-02 14:08:55,2024-11-02 14:33:55,EXIT,V00653,SRC003,0.95,EV04568,2026-07-11 22:42:47
MOV000596,VEHICLE,V00489,L01994,2025-01-31 02:46:24,2025-01-31 08:08:24,EXIT,V00007,SRC012,0.82,EV02989,2025-06-01 20:45:05
MOV000597,VEHICLE,V01028,L02119,2025-11-19 08:45:44,2025-11-20 02:49:44,TRANSIT,,SRC016,0.95,EV00204,2025-01-22 23:01:35
MOV000598,VEHICLE,V00516,L02487,2026-04-27 23:44:55,2026-04-28 11:22:55,VISIT,,SRC024,0.87,EV00353,2025-07-18 13:05:05
MOV000599,VEHICLE,V00137,L00140,2026-06-30 13:14:01,2026-06-30 20:33:01,TRANSIT,,SRC026,0.79,EV00058,2025-01-17 14:22:56
MOV000600,ORGANIZATION,O0129,L01193,2026-03-19 00:54:38,2026-03-19 12:12:38,EXIT,,SRC012,0.84,EV02423,2025-12-04 16:11:35
MOV000601,ORGANIZATION,O0319,L01819,2025-10-14 06:59:59,2025-10-14 12:00:59,TRANSIT,V01123,SRC028,0.96,EV04748,2024-01-07 08:23:23
MOV000602,ORGANIZATION,O0046,L00775,2024-09-01 08:10:35,2024-09-01 14:31:35,ENTRY,V00120,SRC015,0.79,EV04910,2025-06-01 18:37:33
MOV000603,PERSON,P02618,L00107,2026-03-24 11:02:35,2026-03-24 18:34:35,EXIT,V00525,SRC012,0.79,EV02593,2025-03-24 15:23:44
MOV000604,PERSON,P02933,L00923,2024-06-21 09:14:54,2024-06-21 21:38:54,VISIT,V00937,SRC025,0.95,EV02018,2024-05-05 17:56:08
MOV000605,ORGANIZATION,O0379,L01559,2024-11-20 17:31:15,2024-11-21 04:35:15,EXIT,,SRC024,0.88,EV04915,2026-03-22 21:47:56
MOV000606,ORGANIZATION,O0353,L02448,2025-01-06 05:24:12,2025-01-06 05:41:12,VISIT,V00384,SRC005,0.84,EV02087,2024-06-13 04:15:46
MOV000607,PERSON,P00412,L00181,2026-02-01 21:10:10,2026-02-01 22:59:10,TRANSIT,,SRC001,0.83,EV04124,2025-04-05 17:20:55
MOV000608,PERSON,P02843,L01710,2025-03-24 19:19:30,2025-03-25 07:51:30,TRANSIT,,SRC018,0.96,EV01428,2025-09-18 20:39:31
MOV000609,ORGANIZATION,O0427,L00715,2024-03-16 11:44:27,2024-03-16 18:37:27,TRANSIT,,SRC028,0.93,EV04062,2025-12-13 22:32:46
MOV000610,PERSON,P01666,L01009,2025-09-09 00:10:59,2025-09-09 21:06:59,VISIT,V00909,SRC016,0.86,EV04503,2026-01-17 04:46:36
MOV000611,VEHICLE,V00107,L01874,2025-09-08 13:03:07,2025-09-08 21:33:07,VISIT,,SRC024,0.88,EV03570,2024-04-24 08:16:52
MOV000612,VEHICLE,V00603,L01732,2025-03-11 02:57:17,2025-03-11 21:37:17,VISIT,,SRC009,0.84,EV03768,2024-07-06 12:39:50
MOV000613,VEHICLE,V00255,L01084,2025-08-19 05:13:25,2025-08-19 18:28:25,VISIT,,SRC023,0.9,EV03958,2025-04-25 00:20:28
MOV000614,VEHICLE,V00747,L02003,2024-12-18 14:17:48,2024-12-19 06:22:48,ENTRY,,SRC009,0.95,EV02774,2024-02-04 11:07:25
MOV000615,VEHICLE,V00834,L00741,2025-10-12 15:07:36,2025-10-12 22:42:36,EXIT,,SRC003,0.86,EV00659,2025-10-10 15:23:45
MOV000616,VEHICLE,V00104,L00031,2025-01-31 20:38:05,2025-02-01 15:52:05,ENTRY,,SRC023,0.76,EV02093,2024-10-15 17:19:48
MOV000617,ORGANIZATION,O0171,L00786,2025-04-04 00:08:48,2025-04-04 02:05:48,ENTRY,,SRC013,0.92,EV02014,2025-07-12 23:07:22
MOV000618,VEHICLE,V00056,L02346,2024-11-19 14:12:13,2024-11-20 09:34:13,EXIT,,SRC017,0.93,EV00304,2024-10-15 12:01:35
MOV000619,ORGANIZATION,O0313,L01699,2025-01-20 07:22:41,2025-01-20 16:48:41,ENTRY,V01109,SRC002,0.91,EV02249,2024-03-04 14:24:03
MOV000620,VEHICLE,V00475,L01221,2024-01-31 20:22:33,2024-02-01 15:16:33,EXIT,,SRC002,0.93,EV01382,2026-08-26 17:39:18
MOV000621,ORGANIZATION,O0065,L01373,2024-04-05 02:34:41,2024-04-05 17:13:41,VISIT,,SRC023,0.81,EV02928,2024-04-19 03:39:59
MOV000622,ORGANIZATION,O0047,L01973,2025-09-03 18:59:59,2025-09-04 09:10:59,VISIT,V00283,SRC004,0.79,EV02696,2026-03-02 06:32:49
MOV000623,PERSON,P03889,L00278,2026-01-24 02:16:37,2026-01-24 18:31:37,EXIT,,SRC019,0.79,EV01659,2025-09-16 07:20:08
MOV000624,VEHICLE,V00411,L00542,2024-05-26 23:09:21,2024-05-27 13:08:21,EXIT,V00707,SRC021,0.76,EV02094,2024-09-20 08:49:41
MOV000625,ORGANIZATION,O0264,L02386,2025-01-07 23:04:26,2025-01-08 08:37:26,TRANSIT,V00462,SRC017,0.9,EV03857,2025-04-09 17:46:14
MOV000626,PERSON,P02865,L00548,2024-04-06 23:58:39,2024-04-07 23:35:39,VISIT,V00381,SRC012,0.87,EV02226,2025-05-23 00:39:05
MOV000627,VEHICLE,V00277,L00969,2026-01-22 18:03:26,2026-01-22 19:23:26,TRANSIT,,SRC023,0.9,EV00943,2026-07-04 02:39:57
MOV000628,PERSON,P02994,L02389,2024-02-26 05:54:04,2024-02-26 09:42:04,VISIT,,SRC030,0.76,EV03481,2025-03-08 04:24:23
MOV000629,PERSON,P02204,L00426,2024-04-21 04:49:50,2024-04-21 21:24:50,TRANSIT,V00529,SRC001,0.89,EV04152,2026-06-12 13:58:44
MOV000630,PERSON,P00608,L02343,2024-09-19 21:02:07,2024-09-20 16:18:07,TRANSIT,,SRC016,0.81,EV01331,2025-05-17 19:44:46
MOV000631,PERSON,P03162,L01263,2026-05-21 10:03:32,2026-05-22 02:59:32,EXIT,,SRC019,0.77,EV04575,2024-12-23 03:29:24
MOV000632,VEHICLE,V00847,L00041,2025-10-23 14:59:07,2025-10-24 04:37:07,VISIT,V00857,SRC010,0.95,EV02833,2024-06-22 16:31:09
MOV000633,VEHICLE,V00923,L00103,2025-11-12 18:33:16,2025-11-13 11:02:16,TRANSIT,,SRC026,0.79,EV02654,2026-08-27 07:55:39
MOV000634,ORGANIZATION,O0304,L02449,2025-03-04 10:26:38,2025-03-04 10:45:38,ENTRY,,SRC018,0.77,EV02830,2025-04-19 10:51:31
MOV000635,PERSON,P03792,L00588,2024-08-07 19:09:01,2024-08-08 01:05:01,ENTRY,,SRC017,0.95,EV01094,2024-07-11 08:07:59
MOV000636,VEHICLE,V00390,L01153,2026-04-19 10:31:08,2026-04-19 20:59:08,ENTRY,,SRC016,0.76,EV00724,2024-10-23 07:19:57
MOV000637,PERSON,P03383,L00542,2025-11-03 03:32:17,2025-11-03 10:42:17,ENTRY,,SRC002,0.87,EV02460,2025-02-28 02:14:44
MOV000638,ORGANIZATION,O0446,L02080,2024-11-22 00:48:56,2024-11-22 02:05:56,TRANSIT,V00842,SRC016,0.75,EV03320,2026-05-02 10:59:03
MOV000639,PERSON,P02776,L01633,2025-08-11 22:19:15,2025-08-12 09:30:15,TRANSIT,V00152,SRC029,0.82,EV00315,2024-07-19 00:11:18
MOV000640,PERSON,P00965,L00274,2025-10-04 01:27:59,2025-10-04 02:49:59,EXIT,,SRC013,0.97,EV01755,2024-03-18 21:02:47
MOV000641,VEHICLE,V00115,L00509,2026-02-10 05:14:07,2026-02-10 05:56:07,EXIT,V00711,SRC024,0.84,EV04413,2024-03-25 09:08:24
MOV000642,PERSON,P03468,L00315,2024-03-06 05:15:08,2024-03-06 17:51:08,VISIT,,SRC013,0.78,EV00298,2024-01-02 00:33:55
MOV000643,PERSON,P00415,L00798,2025-12-08 16:30:09,2025-12-09 00:04:09,TRANSIT,,SRC012,0.77,EV04320,2026-07-11 00:23:45
MOV000644,PERSON,P03830,L02174,2024-12-24 11:13:03,2024-12-25 05:41:03,EXIT,,SRC026,0.92,EV01973,2025-12-07 07:32:03
MOV000645,VEHICLE,V00963,L00270,2025-08-10 20:28:36,2025-08-11 06:36:36,TRANSIT,,SRC023,0.83,EV03693,2026-05-01 16:28:36
MOV000646,VEHICLE,V00187,L01143,2025-11-25 12:59:34,2025-11-25 18:28:34,EXIT,,SRC025,0.88,EV04298,2026-01-13 04:43:46
MOV000647,PERSON,P01660,L00343,2024-06-01 14:58:52,2024-06-02 09:43:52,EXIT,V00521,SRC016,0.88,EV04324,2026-06-20 21:27:14
MOV000648,PERSON,P02085,L01255,2026-02-06 19:29:28,2026-02-07 08:24:28,ENTRY,,SRC018,0.82,EV01590,2024-07-13 20:19:37
MOV000649,PERSON,P01542,L01849,2025-04-11 20:52:23,2025-04-12 17:41:23,ENTRY,,SRC002,0.82,EV00431,2026-08-28 04:38:21
MOV000650,VEHICLE,V00296,L01079,2025-09-30 13:10:05,2025-10-01 09:29:05,TRANSIT,,SRC023,0.82,EV04704,2025-05-25 15:09:32
MOV000651,ORGANIZATION,O0190,L01746,2025-12-03 16:00:32,2025-12-04 13:59:32,TRANSIT,,SRC010,0.8,EV02987,2025-11-23 00:10:02
MOV000652,ORGANIZATION,O0370,L02325,2025-08-11 13:02:19,2025-08-12 08:57:19,ENTRY,,SRC028,0.76,EV01434,2025-08-15 10:46:53
MOV000653,VEHICLE,V01086,L00127,2025-08-31 12:45:19,2025-08-31 19:51:19,ENTRY,,SRC004,0.82,EV03736,2024-01-20 04:04:14
MOV000654,PERSON,P00903,L00701,2026-04-09 17:03:21,2026-04-10 09:04:21,ENTRY,,SRC011,0.82,EV01841,2026-08-13 09:06:37
MOV000655,PERSON,P02876,L00874,2026-07-04 15:49:10,2026-07-05 11:51:10,EXIT,,SRC004,0.79,EV02301,2025-01-22 13:18:31
MOV000656,PERSON,P00351,L02102,2025-08-29 19:36:28,2025-08-29 20:32:28,ENTRY,V00017,SRC025,0.96,EV04827,2025-04-05 14:20:28
MOV000657,ORGANIZATION,O0211,L00974,2025-06-26 15:24:14,2025-06-26 18:23:14,EXIT,,SRC028,0.77,EV04216,2025-08-25 03:51:54
MOV000658,VEHICLE,V00600,L01574,2026-02-21 01:39:06,2026-02-21 17:46:06,TRANSIT,,SRC004,0.93,EV03540,2025-11-17 00:40:20
MOV000659,ORGANIZATION,O0117,L01289,2024-11-23 04:55:35,2024-11-23 12:17:35,EXIT,,SRC020,0.9,EV01563,2025-01-31 09:21:32
MOV000660,PERSON,P00964,L01477,2024-10-06 11:12:10,2024-10-06 14:22:10,TRANSIT,V00685,SRC023,0.86,EV02886,2024-07-27 03:06:35
MOV000661,PERSON,P00835,L00972,2025-01-22 11:17:20,2025-01-23 11:15:20,TRANSIT,,SRC019,0.83,EV01651,2024-11-29 16:18:01
MOV000662,ORGANIZATION,O0319,L01216,2025-02-22 07:40:00,2025-02-22 15:27:00,EXIT,,SRC001,0.85,EV01874,2024-06-15 16:40:25
MOV000663,ORGANIZATION,O0439,L00037,2024-10-10 18:23:10,2024-10-11 09:06:10,ENTRY,,SRC003,0.88,EV00143,2024-11-19 23:28:45
MOV000664,ORGANIZATION,O0478,L01506,2024-12-29 12:23:18,2024-12-29 17:53:18,VISIT,,SRC007,0.9,EV00106,2024-12-11 10:37:41
MOV000665,VEHICLE,V00841,L01781,2026-06-14 04:35:42,2026-06-14 05:04:42,EXIT,V00983,SRC027,0.79,EV01759,2025-05-03 15:51:41
MOV000666,ORGANIZATION,O0418,L00179,2025-04-25 03:52:09,2025-04-25 13:23:09,TRANSIT,,SRC028,0.81,EV04946,2025-03-18 21:42:44
MOV000667,VEHICLE,V01134,L00723,2026-06-25 15:31:48,2026-06-26 02:22:48,ENTRY,,SRC013,0.86,EV02778,2025-04-19 02:33:58
MOV000668,PERSON,P02070,L01062,2026-01-14 15:22:27,2026-01-15 05:48:27,TRANSIT,,SRC023,0.97,EV04864,2024-09-20 05:13:09
MOV000669,PERSON,P03477,L00361,2024-08-01 04:23:30,2024-08-02 00:05:30,VISIT,,SRC004,0.77,EV02882,2025-05-16 11:45:05
MOV000670,VEHICLE,V00378,L02186,2026-02-25 21:16:17,2026-02-26 02:40:17,TRANSIT,,SRC005,0.92,EV01805,2024-01-24 18:25:49
MOV000671,PERSON,P02783,L00784,2025-05-18 12:47:30,2025-05-19 04:40:30,EXIT,V00577,SRC015,0.92,EV03003,2026-06-15 21:08:15
MOV000672,ORGANIZATION,O0318,L00018,2025-03-11 16:37:57,2025-03-12 12:16:57,EXIT,,SRC009,0.82,EV00799,2024-12-17 11:51:10
MOV000673,ORGANIZATION,O0108,L00350,2024-08-26 18:25:48,2024-08-26 20:39:48,VISIT,,SRC003,0.78,EV00242,2024-12-08 13:24:20
MOV000674,PERSON,P02431,L00742,2026-04-17 08:13:44,2026-04-17 20:26:44,TRANSIT,V00868,SRC008,0.78,EV04089,2026-01-16 14:48:38
MOV000675,PERSON,P02558,L00085,2024-01-21 01:41:42,2024-01-21 02:07:42,EXIT,V00463,SRC029,0.97,EV01923,2024-05-04 05:00:52
MOV000676,PERSON,P00579,L00225,2025-10-06 20:42:24,2025-10-07 11:12:24,EXIT,,SRC018,0.83,EV02548,2024-04-02 10:02:38
MOV000677,ORGANIZATION,O0114,L02002,2026-06-05 19:05:26,2026-06-06 04:40:26,EXIT,V00890,SRC015,0.97,EV03386,2025-11-29 14:01:40
MOV000678,PERSON,P02500,L00885,2024-01-26 00:21:28,2024-01-26 11:30:28,TRANSIT,V01062,SRC014,0.86,EV04272,2025-08-31 05:26:43
MOV000679,VEHICLE,V00871,L00357,2026-06-17 04:59:55,2026-06-17 21:52:55,ENTRY,,SRC022,0.89,EV04700,2024-09-12 08:50:18
MOV000680,ORGANIZATION,O0481,L01548,2024-11-08 01:51:02,2024-11-08 04:56:02,TRANSIT,V00069,SRC006,0.92,EV01614,2026-01-25 20:06:11
MOV000681,VEHICLE,V01156,L01736,2025-12-02 00:34:37,2025-12-02 22:09:37,TRANSIT,V00646,SRC013,0.9,EV03316,2025-07-29 20:34:26
MOV000682,PERSON,P02643,L02250,2024-08-22 09:45:31,2024-08-22 20:35:31,EXIT,,SRC019,0.86,EV04299,2026-08-01 04:12:02
MOV000683,PERSON,P03557,L01303,2024-09-17 20:25:14,2024-09-18 13:25:14,TRANSIT,,SRC005,0.79,EV04143,2024-11-01 21:41:38
MOV000684,PERSON,P02961,L01617,2026-08-01 03:13:28,2026-08-01 06:42:28,VISIT,,SRC007,0.92,EV02276,2024-02-25 05:15:21
MOV000685,VEHICLE,V00196,L00631,2025-11-08 18:46:06,2025-11-09 08:44:06,ENTRY,V00150,SRC022,0.76,EV00006,2025-06-14 17:20:59
MOV000686,ORGANIZATION,O0282,L02463,2024-12-05 15:02:44,2024-12-06 01:53:44,VISIT,,SRC002,0.96,EV02940,2024-06-10 23:56:33
MOV000687,PERSON,P02136,L00378,2025-03-23 22:35:58,2025-03-24 01:50:58,TRANSIT,V00343,SRC026,0.84,EV00029,2025-11-01 00:54:41
MOV000688,VEHICLE,V00423,L00526,2026-03-01 08:47:40,2026-03-01 21:13:40,ENTRY,V00385,SRC023,0.88,EV02774,2024-10-13 17:44:51
MOV000689,VEHICLE,V00215,L01802,2025-09-09 22:43:40,2025-09-10 10:35:40,EXIT,,SRC026,0.79,EV04778,2026-06-01 17:11:47
MOV000690,VEHICLE,V00573,L01922,2025-08-17 16:05:50,2025-08-18 07:34:50,VISIT,,SRC026,0.82,EV00440,2026-01-13 03:34:47
MOV000691,PERSON,P02311,L00771,2024-10-05 11:39:11,2024-10-06 00:20:11,ENTRY,,SRC008,0.94,EV04853,2025-06-02 14:54:43
MOV000692,PERSON,P02070,L02385,2026-07-23 05:15:01,2026-07-24 03:21:01,TRANSIT,,SRC025,0.93,EV03932,2026-06-23 02:14:56
MOV000693,VEHICLE,V01134,L01638,2025-04-08 08:16:43,2025-04-08 10:22:43,TRANSIT,,SRC017,0.87,EV03985,2024-08-23 12:03:47
MOV000694,VEHICLE,V00346,L00942,2024-08-16 21:40:49,2024-08-17 20:33:49,VISIT,,SRC022,0.89,EV04738,2024-10-07 07:05:12
MOV000695,VEHICLE,V00559,L01924,2024-11-22 13:46:02,2024-11-23 05:00:02,ENTRY,,SRC002,0.98,EV04308,2025-04-09 09:08:43
MOV000696,VEHICLE,V01159,L00126,2024-10-13 22:14:16,2024-10-13 23:42:16,TRANSIT,,SRC004,0.86,EV01378,2024-05-03 08:23:20
MOV000697,PERSON,P00894,L00634,2024-12-27 14:35:36,2024-12-27 15:47:36,VISIT,,SRC009,0.75,EV01672,2025-03-13 14:55:42
MOV000698,PERSON,P02190,L02278,2025-01-26 22:43:57,2025-01-27 20:49:57,ENTRY,,SRC009,0.95,EV00859,2026-08-23 14:03:53
MOV000699,PERSON,P00704,L01788,2026-07-15 19:56:35,2026-07-16 19:37:35,TRANSIT,V00199,SRC030,0.8,EV02281,2026-07-13 16:39:16
MOV000700,PERSON,P01905,L00023,2024-09-17 12:54:25,2024-09-17 23:15:25,VISIT,,SRC015,0.92,EV04369,2026-01-06 02:26:00
MOV000701,PERSON,P00717,L01609,2025-12-16 23:48:56,2025-12-17 21:07:56,TRANSIT,V01151,SRC015,0.98,EV01117,2024-10-14 06:53:17
MOV000702,ORGANIZATION,O0317,L00343,2024-08-23 09:50:52,2024-08-23 23:29:52,TRANSIT,,SRC009,0.78,EV03488,2024-07-06 23:27:52
MOV000703,VEHICLE,V00098,L01403,2024-09-19 09:46:47,2024-09-20 07:06:47,TRANSIT,V00087,SRC002,0.77,EV01620,2024-09-26 07:11:07
MOV000704,VEHICLE,V00725,L01315,2024-06-16 17:41:40,2024-06-17 15:00:40,EXIT,,SRC005,0.95,EV02470,2026-01-22 06:30:28
MOV000705,PERSON,P03749,L01849,2026-06-29 19:40:44,2026-06-30 08:20:44,ENTRY,,SRC030,0.77,EV03021,2026-06-23 15:10:58
MOV000706,ORGANIZATION,O0232,L01842,2025-02-01 17:17:39,2025-02-01 18:21:39,TRANSIT,V00433,SRC002,0.88,EV04733,2026-03-10 09:48:26
MOV000707,ORGANIZATION,O0458,L02201,2024-02-19 00:09:14,2024-02-19 06:41:14,EXIT,V00993,SRC012,0.95,EV01615,2026-08-04 06:41:41
MOV000708,PERSON,P01993,L01113,2026-03-19 20:17:48,2026-03-20 04:05:48,VISIT,,SRC002,0.81,EV02822,2026-04-26 10:51:50
MOV000709,VEHICLE,V00075,L01420,2026-08-05 13:13:03,2026-08-06 09:42:03,EXIT,,SRC025,0.89,EV04881,2025-01-10 22:49:58
MOV000710,ORGANIZATION,O0255,L01965,2024-05-20 10:12:50,2024-05-20 21:42:50,EXIT,V01074,SRC008,0.91,EV03161,2025-07-14 01:41:12
MOV000711,PERSON,P01892,L01929,2026-05-10 12:44:39,2026-05-11 12:26:39,EXIT,,SRC011,0.79,EV02970,2024-06-06 00:50:49
MOV000712,VEHICLE,V00776,L00241,2026-07-11 16:37:49,2026-07-11 17:38:49,TRANSIT,V00296,SRC007,0.75,EV02606,2024-06-09 23:53:05
MOV000713,PERSON,P02109,L02191,2025-05-27 13:39:22,2025-05-27 19:02:22,EXIT,,SRC006,0.95,EV02800,2024-01-10 00:09:55
MOV000714,PERSON,P00846,L01194,2024-12-03 05:47:50,2024-12-03 06:31:50,ENTRY,,SRC002,0.82,EV00693,2024-02-28 01:55:08
MOV000715,VEHICLE,V00164,L01220,2024-12-17 10:35:04,2024-12-17 14:03:04,VISIT,V00549,SRC007,0.78,EV00648,2025-09-13 02:05:12
MOV000716,ORGANIZATION,O0082,L01291,2025-06-15 02:44:15,2025-06-16 01:37:15,TRANSIT,V00968,SRC022,0.95,EV03606,2025-10-10 08:36:56
MOV000717,VEHICLE,V00610,L00188,2025-04-23 11:51:36,2025-04-24 05:18:36,EXIT,V00732,SRC012,0.92,EV03953,2025-05-12 11:58:59
MOV000718,VEHICLE,V00968,L00501,2026-05-27 08:18:50,2026-05-27 16:40:50,EXIT,V00225,SRC023,0.94,EV00923,2025-11-18 14:12:49
MOV000719,ORGANIZATION,O0354,L01671,2025-01-26 12:35:51,2025-01-26 16:35:51,ENTRY,,SRC010,0.89,EV04095,2024-10-16 01:20:08
MOV000720,ORGANIZATION,O0242,L00326,2025-10-11 05:08:05,2025-10-11 21:19:05,ENTRY,,SRC009,0.8,EV01496,2025-02-07 11:23:27
MOV000721,VEHICLE,V00508,L00128,2025-11-01 21:11:29,2025-11-02 14:53:29,EXIT,,SRC010,0.82,EV01742,2025-05-27 12:58:44
MOV000722,ORGANIZATION,O0251,L00341,2025-02-25 12:18:33,2025-02-25 13:38:33,ENTRY,,SRC001,0.93,EV02208,2024-08-01 22:18:24
MOV000723,VEHICLE,V00327,L02381,2024-07-14 19:48:32,2024-07-15 03:59:32,VISIT,V00321,SRC015,0.76,EV02936,2025-07-18 12:07:00
MOV000724,ORGANIZATION,O0016,L00477,2026-07-01 13:08:03,2026-07-02 08:20:03,VISIT,,SRC011,0.93,EV01639,2024-05-16 15:05:57
MOV000725,VEHICLE,V00723,L02368,2024-04-03 13:43:16,2024-04-04 09:55:16,ENTRY,V00242,SRC002,0.89,EV04912,2025-10-01 12:08:18
MOV000726,ORGANIZATION,O0447,L01749,2024-10-25 01:12:25,2024-10-25 13:21:25,VISIT,,SRC025,0.83,EV00724,2026-08-02 17:26:26
MOV000727,PERSON,P03682,L01727,2026-08-11 01:26:24,2026-08-11 20:25:24,VISIT,,SRC016,0.82,EV03902,2025-02-12 19:14:48
MOV000728,ORGANIZATION,O0352,L02458,2026-04-06 21:06:01,2026-04-07 09:12:01,EXIT,,SRC004,0.89,EV01791,2025-02-04 22:33:47
MOV000729,ORGANIZATION,O0051,L01049,2026-04-01 02:01:18,2026-04-01 04:31:18,VISIT,V00800,SRC022,0.8,EV02432,2025-08-01 06:38:35
MOV000730,VEHICLE,V00059,L00013,2026-02-14 16:09:50,2026-02-14 20:15:50,ENTRY,V00636,SRC021,0.75,EV04929,2026-01-16 20:15:14
MOV000731,PERSON,P03440,L00772,2024-11-20 20:52:45,2024-11-20 21:13:45,VISIT,V00151,SRC004,0.94,EV02456,2025-06-16 23:21:31
MOV000732,ORGANIZATION,O0057,L01753,2025-03-06 03:18:36,2025-03-06 15:55:36,ENTRY,V00762,SRC022,0.87,EV00060,2025-03-27 13:52:20
MOV000733,PERSON,P02864,L01908,2024-10-10 21:24:46,2024-10-11 06:07:46,EXIT,,SRC015,0.89,EV04932,2025-04-14 22:35:33
MOV000734,VEHICLE,V00249,L01450,2024-02-26 02:04:57,2024-02-27 00:59:57,EXIT,,SRC005,0.86,EV02615,2025-06-08 01:47:26
MOV000735,ORGANIZATION,O0076,L02233,2025-10-31 15:42:12,2025-10-31 23:00:12,EXIT,,SRC019,0.92,EV00061,2024-08-16 07:10:43
MOV000736,ORGANIZATION,O0386,L01548,2025-04-06 15:25:08,2025-04-07 02:28:08,ENTRY,,SRC017,0.9,EV03287,2024-06-03 00:44:12
MOV000737,ORGANIZATION,O0145,L01946,2024-11-19 07:51:37,2024-11-19 21:27:37,TRANSIT,V00339,SRC027,0.92,EV02840,2026-06-07 22:12:01
MOV000738,PERSON,P02495,L00126,2024-11-12 07:05:02,2024-11-12 18:25:02,TRANSIT,,SRC002,0.85,EV00094,2024-07-05 13:53:54
MOV000739,VEHICLE,V00948,L01981,2025-05-17 12:08:05,2025-05-17 23:40:05,EXIT,,SRC028,0.85,EV03851,2024-10-05 11:31:40
MOV000740,VEHICLE,V00881,L01182,2026-06-26 15:16:53,2026-06-27 13:24:53,VISIT,,SRC023,0.76,EV00312,2025-07-07 13:15:08
MOV000741,VEHICLE,V00969,L00461,2026-03-08 00:42:18,2026-03-08 12:27:18,VISIT,,SRC011,0.87,EV00033,2026-06-20 07:10:44
MOV000742,VEHICLE,V00656,L02247,2025-11-14 04:09:45,2025-11-14 20:58:45,ENTRY,V00567,SRC003,0.94,EV03636,2025-02-02 07:56:57
MOV000743,VEHICLE,V00925,L02368,2024-05-03 20:11:21,2024-05-04 02:21:21,ENTRY,V01161,SRC018,0.81,EV02621,2026-05-25 16:43:33
MOV000744,VEHICLE,V00958,L00248,2025-06-18 04:58:33,2025-06-18 05:23:33,EXIT,V00834,SRC017,0.84,EV00474,2024-10-22 08:30:45
MOV000745,ORGANIZATION,O0353,L01023,2024-12-19 08:23:36,2024-12-19 11:23:36,VISIT,,SRC012,0.81,EV00195,2026-03-29 14:48:09
MOV000746,PERSON,P00174,L00571,2024-10-17 10:34:50,2024-10-17 12:15:50,VISIT,,SRC028,0.96,EV02482,2025-03-29 02:39:52
MOV000747,VEHICLE,V00691,L02298,2026-08-02 00:57:00,2026-08-02 13:02:00,VISIT,V00478,SRC019,0.94,EV01715,2024-05-21 22:06:17
MOV000748,PERSON,P00820,L01448,2024-12-17 07:21:34,2024-12-17 15:24:34,ENTRY,,SRC002,0.93,EV02395,2024-04-09 11:54:04
MOV000749,ORGANIZATION,O0493,L00004,2026-07-19 05:13:39,2026-07-19 16:07:39,EXIT,,SRC012,0.79,EV03719,2025-12-12 19:25:05
MOV000750,PERSON,P03515,L02325,2024-07-31 10:07:41,2024-07-31 10:30:41,TRANSIT,,SRC006,0.83,EV02971,2026-03-03 06:52:02
MOV000751,VEHICLE,V00200,L01336,2024-03-11 17:50:03,2024-03-12 01:19:03,ENTRY,V01101,SRC023,0.86,EV01741,2025-06-25 07:49:36
MOV000752,ORGANIZATION,O0204,L02071,2025-03-13 05:14:08,2025-03-13 18:58:08,TRANSIT,,SRC016,0.85,EV02641,2026-05-31 23:39:21
MOV000753,ORGANIZATION,O0120,L01458,2024-04-16 04:27:25,2024-04-17 03:23:25,ENTRY,,SRC015,0.91,EV00712,2026-04-26 06:34:36
MOV000754,PERSON,P02707,L01673,2026-07-15 19:31:23,2026-07-15 23:35:23,ENTRY,,SRC021,0.92,EV03323,2025-09-09 00:30:20
MOV000755,PERSON,P03426,L02422,2025-08-13 04:40:42,2025-08-14 04:40:42,TRANSIT,,SRC015,0.83,EV04092,2025-12-02 13:18:40
MOV000756,VEHICLE,V00406,L00092,2026-05-03 04:50:21,2026-05-03 19:46:21,ENTRY,,SRC017,0.82,EV03339,2025-07-19 23:36:39
MOV000757,ORGANIZATION,O0204,L01598,2024-12-14 21:25:00,2024-12-15 08:58:00,TRANSIT,,SRC027,0.88,EV02145,2024-11-30 05:55:50
MOV000758,VEHICLE,V00849,L01365,2025-03-20 03:36:59,2025-03-20 22:46:59,ENTRY,,SRC001,0.92,EV01367,2024-11-21 15:42:16
MOV000759,PERSON,P00950,L01379,2024-09-27 00:38:54,2024-09-27 09:45:54,ENTRY,V00927,SRC023,0.76,EV02827,2025-08-26 08:48:07
MOV000760,VEHICLE,V00048,L02102,2024-03-07 07:21:22,2024-03-08 06:30:22,EXIT,,SRC026,0.93,EV02923,2025-12-21 07:21:56
MOV000761,ORGANIZATION,O0259,L00549,2026-07-26 00:43:31,2026-07-26 08:54:31,TRANSIT,,SRC018,0.97,EV00456,2026-06-09 20:03:22
MOV000762,ORGANIZATION,O0013,L01081,2026-01-14 23:31:13,2026-01-15 09:49:13,TRANSIT,,SRC022,0.83,EV00604,2024-10-10 06:14:41
MOV000763,VEHICLE,V00419,L00279,2025-08-22 21:11:18,2025-08-22 23:21:18,VISIT,V00399,SRC008,0.76,EV01306,2025-06-21 06:27:28
MOV000764,ORGANIZATION,O0338,L01340,2024-05-11 14:15:36,2024-05-12 11:29:36,TRANSIT,,SRC016,0.98,EV03103,2025-11-29 14:50:57
MOV000765,PERSON,P00979,L00476,2025-02-20 07:37:58,2025-02-21 03:04:58,TRANSIT,,SRC028,0.75,EV03003,2026-05-31 09:17:13
MOV000766,VEHICLE,V00147,L01120,2025-09-15 07:29:35,2025-09-15 08:53:35,VISIT,V00203,SRC018,0.92,EV02714,2024-10-28 00:54:25
MOV000767,PERSON,P00313,L01644,2025-12-23 22:53:39,2025-12-24 05:12:39,EXIT,,SRC014,0.78,EV00817,2026-01-18 15:45:23
MOV000768,PERSON,P01401,L01304,2024-01-28 02:00:25,2024-01-28 12:44:25,VISIT,,SRC011,0.8,EV03595,2025-01-30 16:33:25
MOV000769,VEHICLE,V01028,L01932,2025-12-27 13:29:44,2025-12-27 20:58:44,TRANSIT,V00670,SRC004,0.86,EV02674,2025-08-18 23:27:28
MOV000770,ORGANIZATION,O0173,L01063,2026-06-12 20:27:42,2026-06-12 21:51:42,TRANSIT,,SRC009,0.79,EV04276,2024-11-06 00:56:13
MOV000771,VEHICLE,V00865,L01617,2024-06-24 09:49:08,2024-06-24 21:06:08,EXIT,,SRC016,0.87,EV03603,2026-04-23 07:38:04
MOV000772,ORGANIZATION,O0190,L02467,2025-12-25 09:18:20,2025-12-25 20:05:20,VISIT,,SRC019,0.93,EV00466,2024-10-15 20:52:29
MOV000773,ORGANIZATION,O0193,L02331,2025-03-10 18:09:30,2025-03-11 04:59:30,ENTRY,,SRC016,0.96,EV03765,2024-12-05 20:46:02
MOV000774,PERSON,P00460,L02094,2025-06-29 17:12:23,2025-06-30 11:15:23,EXIT,,SRC011,0.76,EV04244,2024-06-23 01:43:37
MOV000775,ORGANIZATION,O0417,L00839,2024-08-24 21:45:43,2024-08-25 16:59:43,TRANSIT,V00244,SRC005,0.84,EV02636,2026-03-15 01:24:20
MOV000776,PERSON,P01242,L01231,2024-09-17 17:16:29,2024-09-18 02:09:29,TRANSIT,,SRC008,0.78,EV03602,2026-02-23 20:05:09
MOV000777,PERSON,P02430,L00390,2024-11-18 01:51:15,2024-11-18 10:02:15,VISIT,V01183,SRC030,0.92,EV03704,2025-08-25 03:23:08
MOV000778,ORGANIZATION,O0329,L01823,2025-08-02 17:22:22,2025-08-03 00:05:22,EXIT,V01162,SRC006,0.97,EV04260,2025-07-18 22:03:11
MOV000779,ORGANIZATION,O0089,L01077,2024-12-03 00:53:02,2024-12-03 22:16:02,TRANSIT,,SRC007,0.92,EV00513,2026-04-16 03:19:41
MOV000780,ORGANIZATION,O0467,L01736,2025-06-15 07:48:42,2025-06-15 15:25:42,TRANSIT,V00185,SRC027,0.92,EV04607,2025-11-20 22:22:32
MOV000781,PERSON,P01683,L00345,2024-07-14 08:14:59,2024-07-14 17:41:59,VISIT,V00552,SRC018,0.76,EV03748,2025-03-06 08:29:09
MOV000782,VEHICLE,V00059,L00541,2025-12-01 06:51:29,2025-12-01 21:16:29,ENTRY,,SRC012,0.92,EV00024,2026-03-19 04:45:20
MOV000783,ORGANIZATION,O0201,L00148,2026-06-11 19:52:52,2026-06-12 02:47:52,EXIT,,SRC006,0.89,EV04369,2024-12-21 15:11:27
MOV000784,ORGANIZATION,O0436,L01235,2026-02-27 20:16:05,2026-02-28 12:49:05,TRANSIT,,SRC004,0.84,EV02395,2025-05-17 05:18:19
MOV000785,VEHICLE,V00023,L02062,2026-06-21 13:00:15,2026-06-22 09:44:15,TRANSIT,V00248,SRC013,0.87,EV01221,2025-07-20 08:51:05
MOV000786,ORGANIZATION,O0444,L00351,2024-06-24 09:07:58,2024-06-24 14:43:58,EXIT,,SRC029,0.9,EV00856,2025-07-28 22:03:10
MOV000787,VEHICLE,V00976,L01797,2026-06-21 17:10:16,2026-06-22 03:53:16,VISIT,,SRC019,0.84,EV00728,2025-09-18 16:11:25
MOV000788,VEHICLE,V00195,L02214,2025-08-18 01:20:00,2025-08-18 22:49:00,ENTRY,,SRC030,0.93,EV03723,2025-03-31 20:36:37
MOV000789,PERSON,P03027,L01253,2025-09-24 08:31:38,2025-09-24 20:53:38,ENTRY,V00340,SRC019,0.93,EV00062,2026-08-24 21:43:12
MOV000790,PERSON,P03134,L02471,2025-02-19 22:12:06,2025-02-20 14:58:06,ENTRY,,SRC017,0.8,EV03958,2025-08-04 10:17:43
MOV000791,VEHICLE,V00795,L01795,2024-01-15 15:14:28,2024-01-16 14:26:28,EXIT,V00472,SRC010,0.76,EV03518,2024-08-26 09:27:49
MOV000792,ORGANIZATION,O0340,L00072,2024-08-03 13:10:04,2024-08-04 06:22:04,VISIT,V00380,SRC018,0.91,EV01699,2024-01-10 16:17:13
MOV000793,VEHICLE,V00271,L01136,2024-11-16 02:05:36,2024-11-17 00:45:36,TRANSIT,,SRC015,0.79,EV03771,2024-05-24 21:56:00
MOV000794,PERSON,P00893,L01734,2024-03-17 13:02:30,2024-03-18 10:49:30,TRANSIT,V00230,SRC002,0.91,EV02941,2025-06-18 14:50:24
MOV000795,ORGANIZATION,O0272,L01870,2024-03-19 02:25:45,2024-03-19 10:49:45,TRANSIT,V00757,SRC018,0.87,EV04021,2024-11-26 20:20:54
MOV000796,PERSON,P00388,L00897,2024-03-14 20:36:20,2024-03-14 21:58:20,EXIT,,SRC005,0.86,EV04586,2024-08-25 00:22:07
MOV000797,PERSON,P02521,L02297,2025-07-08 14:51:35,2025-07-08 17:59:35,TRANSIT,,SRC011,0.89,EV01224,2025-09-25 23:09:22
MOV000798,VEHICLE,V00004,L02160,2024-01-22 19:43:58,2024-01-23 08:59:58,EXIT,V00688,SRC002,0.95,EV04209,2024-05-10 08:24:59
MOV000799,PERSON,P02474,L00769,2026-03-29 07:09:31,2026-03-29 11:33:31,ENTRY,V00574,SRC019,0.88,EV00054,2026-05-06 10:33:43
MOV000800,VEHICLE,V00462,L02243,2025-04-03 01:26:25,2025-04-03 19:38:25,EXIT,V00896,SRC010,0.79,EV03003,2025-08-13 16:42:23
MOV000801,ORGANIZATION,O0366,L02322,2026-05-27 04:52:59,2026-05-27 12:34:59,TRANSIT,,SRC024,0.91,EV01150,2026-06-22 00:51:04
MOV000802,ORGANIZATION,O0346,L00798,2024-05-16 13:13:17,2024-05-17 08:30:17,TRANSIT,,SRC009,0.85,EV01029,2025-01-05 22:50:04
MOV000803,ORGANIZATION,O0456,L00417,2026-03-14 08:10:18,2026-03-15 07:29:18,VISIT,V01167,SRC020,0.87,EV03439,2025-04-20 12:04:38
MOV000804,PERSON,P02134,L01470,2025-04-13 02:05:51,2025-04-13 07:49:51,EXIT,,SRC010,0.82,EV03454,2026-02-17 09:13:47
MOV000805,ORGANIZATION,O0102,L01894,2025-12-17 05:23:01,2025-12-18 00:56:01,ENTRY,V01199,SRC004,0.89,EV04442,2024-12-11 21:32:06
MOV000806,VEHICLE,V00925,L00440,2024-12-09 01:53:03,2024-12-09 06:33:03,VISIT,,SRC015,0.96,EV03267,2026-07-28 09:20:13
MOV000807,ORGANIZATION,O0369,L01768,2024-09-30 02:01:10,2024-09-30 13:13:10,VISIT,,SRC023,0.81,EV04150,2024-05-05 17:29:48
MOV000808,VEHICLE,V01107,L02177,2026-05-18 21:49:22,2026-05-19 20:23:22,TRANSIT,,SRC021,0.92,EV02072,2026-01-17 13:11:31
MOV000809,VEHICLE,V00033,L00472,2025-10-12 18:18:41,2025-10-12 22:42:41,VISIT,,SRC010,0.8,EV04795,2025-05-13 11:44:04
MOV000810,VEHICLE,V00911,L00263,2026-07-11 11:56:22,2026-07-12 07:41:22,TRANSIT,V00386,SRC005,0.89,EV03514,2026-08-23 08:13:19
MOV000811,PERSON,P03449,L00938,2025-07-30 16:52:06,2025-07-31 15:36:06,VISIT,V00888,SRC024,0.83,EV04795,2025-10-26 09:06:01
MOV000812,ORGANIZATION,O0241,L00081,2025-11-03 02:00:34,2025-11-03 11:44:34,VISIT,,SRC009,0.93,EV01979,2024-11-24 14:00:13
MOV000813,ORGANIZATION,O0482,L01464,2024-05-08 02:12:54,2024-05-08 23:10:54,ENTRY,,SRC016,0.93,EV03135,2024-03-05 23:22:22
MOV000814,ORGANIZATION,O0156,L00367,2026-04-29 04:31:41,2026-04-30 02:26:41,ENTRY,V00884,SRC026,0.95,EV02226,2025-01-24 02:15:21
MOV000815,PERSON,P03689,L00704,2024-04-04 01:27:47,2024-04-04 02:05:47,ENTRY,,SRC025,0.88,EV01455,2026-02-22 07:20:31
MOV000816,VEHICLE,V01163,L00567,2025-12-10 17:47:20,2025-12-11 04:49:20,EXIT,,SRC009,0.76,EV01953,2026-03-28 08:13:21
MOV000817,PERSON,P01021,L00187,2026-06-06 18:05:30,2026-06-07 13:29:30,ENTRY,,SRC021,0.83,EV01178,2024-06-16 08:04:02
MOV000818,ORGANIZATION,O0023,L01151,2026-05-09 06:12:55,2026-05-09 08:59:55,EXIT,,SRC026,0.9,EV04803,2025-04-22 04:08:43
MOV000819,ORGANIZATION,O0354,L00206,2025-02-26 15:13:20,2025-02-27 02:50:20,ENTRY,V00680,SRC013,0.96,EV01119,2025-11-25 20:05:38
MOV000820,ORGANIZATION,O0217,L01115,2025-09-02 06:53:41,2025-09-02 11:32:41,EXIT,V00591,SRC013,0.91,EV00374,2024-05-28 06:35:27
MOV000821,VEHICLE,V00728,L02300,2026-07-06 08:01:09,2026-07-06 10:27:09,VISIT,,SRC024,0.97,EV00911,2024-04-24 14:48:18
MOV000822,ORGANIZATION,O0380,L01444,2024-04-13 19:54:12,2024-04-14 05:07:12,EXIT,,SRC005,0.76,EV04382,2025-06-24 15:10:18
MOV000823,ORGANIZATION,O0145,L00024,2024-12-23 22:48:07,2024-12-24 01:05:07,TRANSIT,,SRC026,0.83,EV03873,2024-03-07 19:39:31
MOV000824,PERSON,P01432,L01548,2025-03-25 22:54:28,2025-03-26 06:13:28,EXIT,,SRC004,0.79,EV01419,2025-01-23 12:15:43
MOV000825,PERSON,P01491,L01916,2025-08-09 23:37:51,2025-08-10 02:54:51,ENTRY,,SRC006,0.91,EV04152,2024-02-08 22:17:37
MOV000826,PERSON,P02967,L02221,2025-05-04 16:25:24,2025-05-05 06:14:24,EXIT,,SRC002,0.86,EV01028,2024-11-22 19:25:40
MOV000827,PERSON,P01390,L01172,2025-08-12 14:32:36,2025-08-13 02:03:36,VISIT,V00483,SRC012,0.91,EV03811,2024-09-05 20:05:32
MOV000828,PERSON,P01933,L01629,2025-04-07 19:01:28,2025-04-08 01:45:28,EXIT,V00061,SRC024,0.91,EV03810,2024-03-08 03:10:43
MOV000829,ORGANIZATION,O0269,L02365,2026-01-01 15:22:00,2026-01-02 06:59:00,TRANSIT,V01133,SRC025,0.88,EV04355,2024-03-14 07:17:07
MOV000830,ORGANIZATION,O0296,L02143,2026-08-04 15:35:47,2026-08-05 07:03:47,TRANSIT,,SRC013,0.8,EV04486,2025-12-21 01:59:19
MOV000831,ORGANIZATION,O0186,L00721,2025-11-19 22:45:41,2025-11-20 04:45:41,ENTRY,V01005,SRC012,0.98,EV03172,2025-01-16 23:51:33
MOV000832,ORGANIZATION,O0307,L02201,2025-06-17 23:00:43,2025-06-18 01:39:43,ENTRY,,SRC020,0.76,EV00497,2024-10-07 12:55:23
MOV000833,ORGANIZATION,O0219,L01102,2024-06-15 20:12:20,2024-06-16 18:37:20,EXIT,V01140,SRC011,0.82,EV03113,2024-12-15 09:45:54
MOV000834,ORGANIZATION,O0419,L02025,2026-03-03 14:04:43,2026-03-03 23:59:43,ENTRY,,SRC029,0.78,EV01360,2026-04-04 23:36:52
MOV000835,VEHICLE,V00378,L01184,2025-03-08 11:07:38,2025-03-08 12:59:38,ENTRY,,SRC010,0.9,EV00989,2024-06-20 02:19:25
MOV000836,ORGANIZATION,O0007,L01053,2024-11-13 15:52:43,2024-11-14 04:56:43,VISIT,,SRC007,0.85,EV04391,2026-04-02 05:33:49
MOV000837,PERSON,P02343,L00111,2026-04-09 07:24:09,2026-04-09 09:05:09,ENTRY,,SRC027,0.96,EV01987,2026-05-13 12:03:59
MOV000838,VEHICLE,V00455,L02389,2026-02-25 03:13:24,2026-02-25 05:48:24,VISIT,,SRC011,0.97,EV03702,2024-10-22 04:21:48
MOV000839,PERSON,P02026,L01224,2025-11-07 03:33:53,2025-11-08 00:28:53,VISIT,,SRC017,0.88,EV03480,2024-01-17 07:22:29
MOV000840,ORGANIZATION,O0293,L00631,2024-10-03 05:16:51,2024-10-03 12:53:51,TRANSIT,V00967,SRC030,0.92,EV04348,2025-12-11 09:17:05
MOV000841,VEHICLE,V00960,L01762,2024-11-20 02:22:48,2024-11-20 19:12:48,EXIT,,SRC029,0.76,EV04033,2026-03-26 19:59:03
MOV000842,PERSON,P01952,L01670,2025-09-26 00:09:25,2025-09-26 12:36:25,VISIT,V00385,SRC011,0.88,EV01933,2026-07-20 15:25:52
MOV000843,VEHICLE,V00793,L02336,2025-02-20 04:07:30,2025-02-20 12:58:30,VISIT,,SRC028,0.82,EV03500,2026-03-06 17:17:23
MOV000844,PERSON,P00549,L00001,2026-03-17 13:04:47,2026-03-17 17:57:47,ENTRY,,SRC016,0.87,EV00646,2026-08-19 03:52:33
MOV000845,VEHICLE,V00458,L01514,2024-09-09 15:10:31,2024-09-10 00:19:31,TRANSIT,,SRC013,0.82,EV01261,2025-07-05 13:19:48
MOV000846,VEHICLE,V00428,L00212,2024-03-06 19:15:06,2024-03-07 04:29:06,EXIT,,SRC022,0.84,EV04712,2025-04-25 05:17:46
MOV000847,VEHICLE,V00918,L01978,2025-04-15 14:02:39,2025-04-16 11:03:39,ENTRY,,SRC022,0.89,EV01747,2024-12-21 09:02:58
MOV000848,ORGANIZATION,O0134,L02344,2024-09-16 08:38:09,2024-09-16 21:40:09,TRANSIT,V00831,SRC025,0.81,EV00217,2025-02-23 19:35:33
MOV000849,VEHICLE,V00380,L01349,2024-01-30 09:48:20,2024-01-31 07:15:20,ENTRY,,SRC004,0.83,EV00094,2026-03-23 05:38:51
MOV000850,PERSON,P03637,L00437,2026-05-25 03:52:41,2026-05-25 23:49:41,TRANSIT,V00732,SRC024,0.9,EV02096,2026-01-09 07:04:36
MOV000851,ORGANIZATION,O0468,L01160,2024-08-26 16:44:45,2024-08-26 20:26:45,TRANSIT,,SRC008,0.95,EV02514,2024-12-10 17:10:04
MOV000852,VEHICLE,V00589,L00616,2024-10-08 00:20:01,2024-10-08 19:01:01,TRANSIT,,SRC002,0.95,EV03185,2025-08-15 02:49:56
MOV000853,PERSON,P01198,L01058,2025-04-10 05:17:29,2025-04-10 22:23:29,ENTRY,V00225,SRC004,0.97,EV00268,2026-01-27 23:23:33
MOV000854,ORGANIZATION,O0140,L00391,2024-05-20 22:49:10,2024-05-21 22:32:10,VISIT,,SRC019,0.89,EV02131,2026-08-20 21:15:57
MOV000855,PERSON,P03110,L01298,2024-06-05 03:59:44,2024-06-05 08:57:44,TRANSIT,V00001,SRC007,0.83,EV04300,2024-07-26 11:01:35
MOV000856,VEHICLE,V00247,L01709,2024-11-07 02:36:37,2024-11-07 03:04:37,EXIT,V00188,SRC028,0.93,EV04915,2024-11-26 10:57:59
MOV000857,VEHICLE,V00740,L00543,2025-06-25 09:08:21,2025-06-25 18:11:21,TRANSIT,V00652,SRC020,0.98,EV03625,2024-02-11 17:35:08
MOV000858,ORGANIZATION,O0278,L00797,2025-10-22 05:56:04,2025-10-22 18:08:04,EXIT,,SRC002,0.85,EV04918,2024-03-16 09:43:33
MOV000859,PERSON,P00591,L00573,2026-02-10 19:45:46,2026-02-11 12:14:46,VISIT,,SRC004,0.79,EV03399,2025-03-04 07:08:28
MOV000860,VEHICLE,V00779,L01258,2026-03-15 05:52:33,2026-03-15 21:35:33,VISIT,,SRC004,0.79,EV01417,2024-09-28 21:57:04
MOV000861,ORGANIZATION,O0471,L02239,2025-12-12 16:48:43,2025-12-13 06:38:43,VISIT,V00943,SRC010,0.88,EV00577,2025-10-28 15:39:49
MOV000862,ORGANIZATION,O0132,L01362,2026-04-07 04:40:06,2026-04-07 22:00:06,VISIT,V00955,SRC013,0.87,EV03177,2025-12-22 08:18:05
MOV000863,ORGANIZATION,O0185,L02179,2024-10-07 08:13:41,2024-10-07 10:23:41,ENTRY,,SRC005,0.95,EV03288,2024-09-16 10:57:48
MOV000864,VEHICLE,V01180,L01449,2025-04-25 19:19:54,2025-04-26 12:00:54,EXIT,V00151,SRC004,0.79,EV00949,2024-11-01 06:39:10
MOV000865,ORGANIZATION,O0243,L02068,2025-05-20 11:08:47,2025-05-20 18:54:47,VISIT,V01148,SRC011,0.93,EV04502,2024-11-11 13:57:04
MOV000866,PERSON,P01790,L02326,2025-11-22 11:13:53,2025-11-22 12:42:53,TRANSIT,V00701,SRC024,0.95,EV01376,2024-04-03 20:41:51
MOV000867,ORGANIZATION,O0470,L02087,2025-01-10 11:00:17,2025-01-11 04:30:17,VISIT,V00976,SRC024,0.8,EV00988,2026-08-21 02:40:29
MOV000868,VEHICLE,V00031,L00059,2024-08-01 14:35:34,2024-08-02 00:21:34,VISIT,,SRC020,0.93,EV03530,2025-04-18 14:48:59
MOV000869,PERSON,P00904,L00301,2025-12-22 19:47:12,2025-12-23 11:40:12,EXIT,V00638,SRC025,0.95,EV01738,2026-03-03 09:56:06
MOV000870,PERSON,P00119,L01697,2025-01-13 23:12:41,2025-01-14 05:13:41,VISIT,V00408,SRC030,0.75,EV01492,2026-01-13 18:26:09
MOV000871,PERSON,P00705,L01380,2026-04-18 04:25:28,2026-04-19 02:53:28,ENTRY,,SRC014,0.82,EV01784,2025-04-11 12:12:47
MOV000872,ORGANIZATION,O0354,L01611,2024-03-18 07:49:15,2024-03-18 22:15:15,TRANSIT,,SRC013,0.87,EV02209,2025-06-29 08:14:23
MOV000873,PERSON,P00930,L02379,2025-11-04 12:48:35,2025-11-04 20:22:35,EXIT,,SRC029,0.84,EV03250,2026-01-11 05:18:41
MOV000874,VEHICLE,V00908,L00577,2024-01-09 06:45:16,2024-01-09 09:14:16,EXIT,,SRC024,0.96,EV03993,2024-09-01 23:35:53
MOV000875,ORGANIZATION,O0011,L01613,2025-08-17 10:03:48,2025-08-18 01:58:48,ENTRY,,SRC002,0.96,EV00024,2024-12-03 08:01:05
MOV000876,ORGANIZATION,O0367,L01632,2024-12-01 18:01:38,2024-12-02 12:32:38,TRANSIT,,SRC015,0.9,EV02621,2025-01-19 20:10:19
MOV000877,PERSON,P00144,L01808,2025-01-30 17:35:12,2025-01-30 21:58:12,TRANSIT,,SRC004,0.96,EV03489,2025-08-10 00:43:37
MOV000878,PERSON,P02648,L01852,2025-11-14 10:46:07,2025-11-15 04:42:07,EXIT,V01193,SRC002,0.78,EV03977,2025-03-17 18:11:44
MOV000879,ORGANIZATION,O0186,L02233,2024-09-25 04:43:12,2024-09-26 00:21:12,VISIT,,SRC012,0.91,EV02218,2026-08-22 20:29:42
MOV000880,ORGANIZATION,O0270,L00619,2026-05-05 19:44:05,2026-05-06 09:45:05,EXIT,,SRC007,0.82,EV01442,2025-03-29 06:29:57
MOV000881,VEHICLE,V01065,L01891,2024-09-04 13:24:11,2024-09-05 09:21:11,TRANSIT,,SRC027,0.92,EV03754,2024-03-14 19:26:56
MOV000882,ORGANIZATION,O0095,L02136,2026-06-22 14:49:24,2026-06-22 18:59:24,VISIT,V00029,SRC025,0.93,EV01026,2024-01-23 06:45:49
MOV000883,VEHICLE,V01040,L02467,2025-08-01 21:27:34,2025-08-02 05:58:34,ENTRY,,SRC020,0.97,EV00720,2024-11-19 18:11:20
MOV000884,VEHICLE,V00287,L00252,2024-03-02 02:05:05,2024-03-02 10:48:05,ENTRY,V00922,SRC018,0.94,EV01166,2025-05-30 07:41:38
MOV000885,PERSON,P01110,L01482,2024-11-08 17:58:02,2024-11-09 07:39:02,TRANSIT,V00259,SRC003,0.96,EV02444,2025-03-16 01:37:02
MOV000886,ORGANIZATION,O0471,L00373,2026-08-02 01:22:28,2026-08-02 10:31:28,VISIT,V00179,SRC025,0.89,EV02840,2025-08-28 06:33:02
MOV000887,ORGANIZATION,O0029,L01171,2026-08-28 06:15:08,2026-08-29 02:47:08,ENTRY,V00460,SRC009,0.8,EV00640,2026-05-10 05:17:34
MOV000888,VEHICLE,V00715,L01180,2025-12-15 15:02:29,2025-12-15 20:11:29,ENTRY,,SRC007,0.86,EV00447,2025-07-22 19:50:36
MOV000889,VEHICLE,V00174,L00617,2026-02-10 09:11:18,2026-02-11 00:10:18,EXIT,,SRC023,0.96,EV03490,2025-09-07 01:44:39
MOV000890,VEHICLE,V00515,L01249,2024-05-04 22:31:15,2024-05-04 23:10:15,TRANSIT,V00264,SRC029,0.82,EV03461,2025-01-30 05:51:39
MOV000891,ORGANIZATION,O0078,L00446,2026-07-11 17:43:14,2026-07-12 05:28:14,ENTRY,V00191,SRC005,0.79,EV02883,2024-05-08 06:48:03
MOV000892,PERSON,P00666,L01151,2024-04-11 09:29:03,2024-04-11 12:55:03,ENTRY,V00976,SRC028,0.88,EV02268,2024-03-05 10:21:07
MOV000893,ORGANIZATION,O0011,L01587,2024-03-03 20:46:32,2024-03-04 07:43:32,TRANSIT,,SRC019,0.87,EV01979,2025-09-22 03:58:46
MOV000894,ORGANIZATION,O0171,L02269,2024-05-22 05:50:18,2024-05-22 23:21:18,TRANSIT,,SRC026,0.9,EV00237,2024-09-09 17:20:18
MOV000895,ORGANIZATION,O0152,L01296,2026-04-01 00:40:10,2026-04-01 16:06:10,ENTRY,V00975,SRC024,0.83,EV02716,2024-11-07 12:00:54
MOV000896,ORGANIZATION,O0309,L02076,2025-05-07 04:22:43,2025-05-08 01:26:43,VISIT,,SRC023,0.92,EV04432,2025-11-26 10:38:38
MOV000897,PERSON,P01048,L02475,2026-07-07 00:33:23,2026-07-07 16:49:23,ENTRY,,SRC023,0.96,EV01010,2025-07-06 03:24:24
MOV000898,VEHICLE,V01112,L01842,2024-12-05 12:37:31,2024-12-06 07:56:31,VISIT,V00825,SRC013,0.81,EV01685,2025-03-13 13:46:44
MOV000899,PERSON,P01041,L00725,2025-12-01 13:17:44,2025-12-01 15:19:44,ENTRY,V00255,SRC024,0.96,EV04900,2024-10-01 13:51:24
MOV000900,ORGANIZATION,O0360,L02378,2024-08-16 02:00:30,2024-08-16 11:47:30,ENTRY,,SRC017,0.84,EV00461,2025-01-05 09:01:02
MOV000901,ORGANIZATION,O0187,L00609,2024-07-23 15:40:31,2024-07-24 05:59:31,ENTRY,,SRC011,0.89,EV04028,2024-12-31 07:26:51
MOV000902,VEHICLE,V00034,L01686,2026-02-03 20:10:21,2026-02-04 02:23:21,TRANSIT,,SRC024,0.92,EV04211,2026-01-13 06:22:25
MOV000903,PERSON,P01393,L01834,2025-08-13 18:29:00,2025-08-14 14:04:00,EXIT,,SRC021,0.82,EV00531,2025-01-30 18:25:27
MOV000904,PERSON,P03140,L00621,2024-05-07 22:59:32,2024-05-08 12:09:32,VISIT,,SRC014,0.88,EV00630,2024-07-13 20:28:55
MOV000905,VEHICLE,V00455,L00662,2026-02-27 13:22:50,2026-02-28 01:10:50,VISIT,,SRC019,0.85,EV02493,2025-07-03 05:29:57
MOV000906,ORGANIZATION,O0454,L00429,2025-10-18 21:34:44,2025-10-19 10:36:44,ENTRY,V00002,SRC013,0.95,EV03252,2024-05-11 23:54:50
MOV000907,PERSON,P00833,L01234,2025-02-09 21:04:29,2025-02-10 16:29:29,ENTRY,,SRC009,0.89,EV00754,2024-11-03 18:20:06
MOV000908,VEHICLE,V00056,L00205,2024-04-01 17:27:14,2024-04-02 00:13:14,EXIT,,SRC003,0.88,EV00892,2025-12-20 09:31:49
MOV000909,VEHICLE,V00370,L00874,2025-12-17 04:30:56,2025-12-17 13:18:56,ENTRY,V00206,SRC024,0.75,EV00034,2024-04-10 00:54:54
MOV000910,VEHICLE,V00203,L00461,2024-10-20 23:31:10,2024-10-21 01:51:10,ENTRY,,SRC024,0.91,EV03829,2024-11-11 07:43:14
MOV000911,ORGANIZATION,O0158,L02070,2024-04-15 03:05:57,2024-04-15 17:16:57,ENTRY,,SRC008,0.91,EV00089,2025-09-27 14:05:45
MOV000912,ORGANIZATION,O0382,L00084,2026-05-20 04:37:45,2026-05-20 09:54:45,TRANSIT,,SRC010,0.83,EV01792,2024-03-09 04:59:56
MOV000913,PERSON,P03542,L01990,2024-05-20 03:40:15,2024-05-20 05:44:15,VISIT,V00409,SRC027,0.86,EV04732,2024-04-15 00:10:31
MOV000914,PERSON,P01979,L00953,2025-03-04 21:23:36,2025-03-05 12:59:36,EXIT,V00769,SRC009,0.8,EV01055,2024-04-06 20:04:06
MOV000915,ORGANIZATION,O0154,L00981,2025-10-20 05:46:46,2025-10-20 13:07:46,ENTRY,,SRC011,0.86,EV01044,2026-07-31 13:45:08
MOV000916,VEHICLE,V00705,L00271,2025-08-10 01:24:14,2025-08-10 19:26:14,ENTRY,,SRC030,0.89,EV01564,2025-04-30 05:21:44
MOV000917,ORGANIZATION,O0215,L00977,2026-07-11 19:00:55,2026-07-12 03:51:55,TRANSIT,,SRC015,0.86,EV00173,2024-12-03 06:49:42
MOV000918,VEHICLE,V01053,L00760,2025-08-04 21:34:05,2025-08-05 09:24:05,ENTRY,V00747,SRC018,0.75,EV01401,2026-01-15 22:41:28
MOV000919,PERSON,P02599,L00356,2026-08-28 13:44:58,2026-08-29 09:01:58,VISIT,,SRC010,0.83,EV02890,2024-07-10 01:15:16
MOV000920,ORGANIZATION,O0464,L00575,2025-10-31 06:32:51,2025-10-31 15:46:51,ENTRY,,SRC010,0.84,EV04593,2025-07-06 12:10:13
MOV000921,PERSON,P03785,L00478,2024-11-21 00:54:51,2024-11-21 16:50:51,EXIT,,SRC018,0.89,EV02409,2025-08-13 11:59:57
MOV000922,VEHICLE,V00735,L02150,2024-10-30 21:37:11,2024-10-30 23:15:11,ENTRY,,SRC021,0.87,EV01340,2024-02-03 06:15:05
MOV000923,VEHICLE,V00862,L02137,2024-06-01 20:43:32,2024-06-02 00:03:32,VISIT,,SRC001,0.9,EV01969,2025-12-18 18:39:48
MOV000924,ORGANIZATION,O0493,L00632,2024-04-18 22:34:37,2024-04-19 13:24:37,VISIT,V01134,SRC013,0.86,EV04026,2026-06-29 08:55:51
MOV000925,PERSON,P03148,L00179,2024-07-07 04:08:32,2024-07-08 00:55:32,ENTRY,V00198,SRC022,0.92,EV02551,2025-06-08 05:32:05
MOV000926,VEHICLE,V00029,L00218,2024-06-01 14:03:37,2024-06-02 07:33:37,ENTRY,,SRC005,0.97,EV03767,2024-04-26 17:12:03
MOV000927,ORGANIZATION,O0335,L01170,2024-04-13 09:09:57,2024-04-13 15:03:57,VISIT,,SRC020,0.96,EV00819,2025-10-07 15:18:37
MOV000928,PERSON,P01937,L01445,2026-04-11 13:55:59,2026-04-11 15:31:59,EXIT,,SRC023,0.84,EV03153,2026-06-15 15:22:48
MOV000929,PERSON,P02048,L01982,2025-04-06 02:29:37,2025-04-06 10:08:37,ENTRY,,SRC018,0.94,EV02081,2024-04-18 13:30:21
MOV000930,PERSON,P02545,L01478,2024-08-26 00:31:29,2024-08-26 23:43:29,EXIT,V00303,SRC012,0.81,EV04192,2025-11-19 18:43:42
MOV000931,ORGANIZATION,O0307,L02288,2024-08-19 14:30:49,2024-08-20 06:53:49,ENTRY,,SRC001,0.8,EV03514,2025-02-15 23:21:18
MOV000932,PERSON,P01243,L00316,2025-01-03 06:51:06,2025-01-04 02:57:06,ENTRY,,SRC003,0.94,EV03541,2024-12-14 02:08:10
MOV000933,VEHICLE,V00344,L01035,2025-05-25 14:47:50,2025-05-26 11:43:50,ENTRY,V00502,SRC024,0.77,EV00863,2025-06-07 08:46:31
MOV000934,ORGANIZATION,O0322,L01559,2024-10-07 05:59:20,2024-10-07 12:07:20,EXIT,V00316,SRC015,0.84,EV04823,2024-10-25 09:42:23
MOV000935,VEHICLE,V00708,L00371,2024-02-10 04:07:23,2024-02-10 10:24:23,ENTRY,,SRC006,0.96,EV01125,2025-01-30 01:10:14
MOV000936,VEHICLE,V00778,L01918,2025-02-03 01:15:16,2025-02-03 17:30:16,ENTRY,,SRC028,0.9,EV01434,2025-09-05 11:29:15
MOV000937,ORGANIZATION,O0305,L01165,2026-01-22 17:08:14,2026-01-23 11:30:14,VISIT,,SRC021,0.77,EV01121,2026-07-11 09:09:31
MOV000938,PERSON,P03040,L00329,2024-02-09 13:10:48,2024-02-09 22:51:48,TRANSIT,,SRC022,0.89,EV01796,2025-09-06 08:25:37
MOV000939,ORGANIZATION,O0443,L00797,2024-07-10 18:57:02,2024-07-11 08:37:02,ENTRY,,SRC011,0.96,EV04565,2024-03-01 10:37:46
MOV000940,ORGANIZATION,O0440,L01757,2024-12-23 02:42:29,2024-12-23 09:57:29,TRANSIT,V00533,SRC004,0.89,EV00054,2024-06-15 10:32:28
MOV000941,ORGANIZATION,O0256,L00646,2025-12-06 18:54:41,2025-12-07 16:30:41,ENTRY,,SRC030,0.75,EV03767,2026-08-13 03:25:37
MOV000942,PERSON,P02687,L00306,2024-02-24 15:09:18,2024-02-25 10:32:18,TRANSIT,,SRC019,0.95,EV01847,2026-05-08 13:39:15
MOV000943,ORGANIZATION,O0152,L01495,2025-09-13 22:47:26,2025-09-14 02:04:26,EXIT,,SRC017,0.91,EV02286,2025-02-23 00:52:55
MOV000944,ORGANIZATION,O0300,L02250,2025-04-22 13:05:08,2025-04-23 11:21:08,ENTRY,,SRC003,0.84,EV04874,2025-08-19 21:51:15
MOV000945,ORGANIZATION,O0291,L02407,2025-08-15 14:44:39,2025-08-16 06:41:39,ENTRY,V00451,SRC016,0.85,EV01787,2025-02-03 07:39:59
MOV000946,VEHICLE,V00900,L02083,2024-09-19 00:01:07,2024-09-19 19:47:07,EXIT,,SRC024,0.79,EV00871,2026-07-22 14:43:57
MOV000947,ORGANIZATION,O0006,L00919,2025-07-30 22:56:56,2025-07-31 00:47:56,TRANSIT,V00870,SRC028,0.83,EV03072,2024-10-19 10:49:02
MOV000948,ORGANIZATION,O0376,L01844,2025-07-23 15:05:44,2025-07-23 22:22:44,EXIT,,SRC002,0.89,EV01469,2026-01-16 05:06:37
MOV000949,ORGANIZATION,O0033,L02469,2026-03-25 08:54:47,2026-03-26 05:08:47,EXIT,,SRC002,0.96,EV03838,2026-02-24 12:30:50
MOV000950,VEHICLE,V00280,L02218,2024-09-09 17:10:26,2024-09-10 16:15:26,VISIT,,SRC016,0.82,EV00255,2025-10-06 14:34:12
MOV000951,PERSON,P00391,L01760,2024-04-23 00:19:57,2024-04-23 21:59:57,ENTRY,,SRC026,0.97,EV03214,2025-06-22 20:14:52
MOV000952,ORGANIZATION,O0058,L02458,2024-02-07 06:12:56,2024-02-08 02:57:56,EXIT,,SRC004,0.84,EV00841,2025-03-08 23:06:25
MOV000953,ORGANIZATION,O0484,L00410,2025-03-18 23:44:19,2025-03-19 10:29:19,EXIT,V00155,SRC024,0.95,EV00961,2025-04-10 15:33:05
MOV000954,VEHICLE,V00798,L00474,2025-06-03 09:08:57,2025-06-04 02:51:57,VISIT,,SRC003,0.98,EV04287,2025-07-03 15:27:16
MOV000955,ORGANIZATION,O0415,L01834,2024-12-13 07:53:54,2024-12-13 22:17:54,VISIT,,SRC003,0.77,EV04411,2025-07-30 23:51:24
MOV000956,VEHICLE,V00573,L01283,2026-03-02 17:42:45,2026-03-03 11:00:45,VISIT,,SRC005,0.78,EV02678,2026-05-27 02:59:31
MOV000957,PERSON,P00175,L00128,2026-05-13 20:25:08,2026-05-14 03:33:08,TRANSIT,V00426,SRC025,0.89,EV01148,2024-04-10 23:29:47
MOV000958,PERSON,P03657,L02160,2024-10-19 18:31:52,2024-10-20 07:35:52,EXIT,,SRC001,0.87,EV03019,2024-01-10 06:01:01
MOV000959,ORGANIZATION,O0435,L01744,2026-01-13 04:53:28,2026-01-13 23:16:28,EXIT,,SRC013,0.89,EV02005,2025-07-28 08:17:34
MOV000960,VEHICLE,V00210,L02171,2024-06-22 14:21:25,2024-06-23 04:36:25,EXIT,,SRC012,0.9,EV00186,2026-03-15 17:37:53
MOV000961,ORGANIZATION,O0026,L02257,2026-03-02 17:57:07,2026-03-03 08:51:07,VISIT,,SRC011,0.94,EV01366,2025-03-05 03:16:52
MOV000962,ORGANIZATION,O0136,L02351,2025-05-30 16:52:11,2025-05-30 23:07:11,VISIT,V00013,SRC020,0.98,EV02735,2026-03-05 12:01:43
MOV000963,ORGANIZATION,O0071,L01630,2026-07-20 18:55:43,2026-07-20 22:55:43,ENTRY,V00312,SRC020,0.8,EV04830,2024-09-18 23:52:24
MOV000964,VEHICLE,V00411,L01469,2025-10-25 12:20:26,2025-10-25 14:21:26,VISIT,,SRC020,0.83,EV01590,2025-01-08 13:46:34
MOV000965,PERSON,P01748,L01072,2026-01-03 15:23:58,2026-01-03 16:06:58,VISIT,V00476,SRC023,0.86,EV04634,2025-05-10 00:18:07
MOV000966,PERSON,P01281,L00144,2026-08-10 09:15:04,2026-08-10 14:57:04,VISIT,,SRC011,0.93,EV01217,2024-12-20 10:06:11
MOV000967,PERSON,P01311,L00112,2026-08-15 21:04:38,2026-08-16 17:02:38,VISIT,,SRC014,0.9,EV00763,2024-05-21 13:44:00
MOV000968,ORGANIZATION,O0452,L00828,2025-08-16 01:25:21,2025-08-16 19:35:21,VISIT,,SRC001,0.79,EV04979,2024-09-12 15:33:29
MOV000969,ORGANIZATION,O0482,L00835,2025-06-02 09:57:45,2025-06-02 11:28:45,EXIT,V00510,SRC018,0.82,EV01852,2024-12-16 18:07:39
MOV000970,ORGANIZATION,O0399,L00492,2025-08-18 17:10:33,2025-08-19 00:31:33,EXIT,,SRC011,0.93,EV01167,2026-04-26 22:40:08
MOV000971,VEHICLE,V00015,L02278,2025-04-16 10:21:41,2025-04-16 12:31:41,TRANSIT,,SRC018,0.75,EV03838,2024-06-01 07:05:17
MOV000972,PERSON,P02211,L00624,2026-03-29 17:17:43,2026-03-30 11:17:43,TRANSIT,V00391,SRC010,0.92,EV02972,2025-12-09 11:47:28
MOV000973,ORGANIZATION,O0170,L00845,2026-02-15 17:57:51,2026-02-16 16:07:51,TRANSIT,V00512,SRC005,0.93,EV02446,2025-04-28 00:42:55
MOV000974,ORGANIZATION,O0483,L00100,2025-05-05 14:18:35,2025-05-05 23:28:35,TRANSIT,V00133,SRC009,0.81,EV00302,2024-01-15 03:20:11
MOV000975,PERSON,P00115,L02499,2025-10-27 15:35:24,2025-10-28 04:09:24,ENTRY,,SRC007,0.78,EV04850,2026-08-03 22:59:05
MOV000976,ORGANIZATION,O0368,L02369,2024-12-16 09:10:00,2024-12-16 12:30:00,ENTRY,,SRC007,0.96,EV01218,2024-01-18 04:48:18
MOV000977,ORGANIZATION,O0205,L00561,2025-09-16 08:49:29,2025-09-17 04:01:29,TRANSIT,,SRC017,0.96,EV04906,2024-06-13 15:37:03
MOV000978,VEHICLE,V00279,L01368,2026-05-02 09:47:14,2026-05-03 09:14:14,TRANSIT,,SRC004,0.8,EV02902,2025-01-18 15:15:08
MOV000979,VEHICLE,V00610,L01330,2026-05-02 17:46:23,2026-05-03 15:01:23,ENTRY,,SRC013,0.86,EV01090,2024-02-11 13:54:17
MOV000980,PERSON,P02570,L00836,2024-02-22 23:25:35,2024-02-23 03:27:35,EXIT,V00144,SRC030,0.88,EV01106,2024-04-08 13:40:49
MOV000981,PERSON,P00656,L01585,2026-02-19 17:31:45,2026-02-20 12:56:45,VISIT,,SRC027,0.86,EV04936,2026-06-07 08:00:33
MOV000982,ORGANIZATION,O0485,L01548,2026-06-01 15:26:07,2026-06-02 12:13:07,VISIT,V01175,SRC022,0.96,EV01442,2024-05-14 17:39:28
MOV000983,PERSON,P02421,L00210,2024-07-21 21:36:16,2024-07-22 10:49:16,TRANSIT,V01190,SRC001,0.85,EV02869,2025-05-15 21:15:13
MOV000984,PERSON,P02208,L00784,2026-08-14 00:45:20,2026-08-14 13:09:20,VISIT,,SRC006,0.96,EV04145,2024-07-22 22:46:58
MOV000985,VEHICLE,V01102,L01753,2025-12-05 08:21:51,2025-12-05 19:55:51,ENTRY,,SRC030,0.85,EV01636,2026-05-22 14:55:32
MOV000986,PERSON,P03459,L00399,2025-12-05 10:33:33,2025-12-05 23:44:33,EXIT,V00680,SRC020,0.77,EV01046,2024-11-08 01:02:12
MOV000987,VEHICLE,V01075,L01127,2025-09-05 04:50:28,2025-09-06 03:59:28,EXIT,,SRC011,0.82,EV00783,2024-11-12 07:25:14
MOV000988,PERSON,P01079,L01283,2024-03-11 02:56:40,2024-03-11 23:36:40,EXIT,V00909,SRC015,0.92,EV00332,2026-02-07 00:46:16
MOV000989,ORGANIZATION,O0066,L01773,2024-09-02 15:13:58,2024-09-03 06:48:58,EXIT,,SRC015,0.78,EV02804,2025-12-06 11:46:25
MOV000990,VEHICLE,V01192,L01673,2026-07-08 15:38:51,2026-07-09 05:05:51,EXIT,V00075,SRC011,0.98,EV03048,2024-10-31 23:44:18
MOV000991,VEHICLE,V00223,L01908,2025-06-04 13:43:13,2025-06-05 05:31:13,TRANSIT,V00211,SRC019,0.82,EV04335,2025-01-09 04:45:28
MOV000992,PERSON,P00716,L00242,2025-03-27 14:16:53,2025-03-28 06:59:53,TRANSIT,V00590,SRC006,0.8,EV02030,2024-10-10 23:50:54
MOV000993,ORGANIZATION,O0044,L00069,2024-03-31 08:20:20,2024-04-01 00:28:20,ENTRY,,SRC011,0.97,EV04832,2025-02-15 14:08:22
MOV000994,ORGANIZATION,O0084,L00906,2026-08-11 01:58:49,2026-08-11 19:43:49,VISIT,,SRC002,0.94,EV03136,2025-11-13 10:15:12
MOV000995,PERSON,P01604,L00844,2025-01-23 08:07:34,2025-01-24 05:11:34,EXIT,,SRC027,0.92,EV01359,2026-08-17 07:46:18
MOV000996,PERSON,P01271,L00625,2024-05-28 03:35:44,2024-05-28 18:05:44,ENTRY,,SRC008,0.75,EV01343,2024-08-06 23:33:31
MOV000997,VEHICLE,V00829,L00407,2024-09-29 09:37:54,2024-09-30 04:50:54,TRANSIT,,SRC025,0.86,EV03843,2024-05-09 00:30:31
MOV000998,PERSON,P02907,L00774,2024-10-30 10:43:42,2024-10-31 04:22:42,VISIT,,SRC023,0.95,EV04879,2026-01-06 08:56:59
MOV000999,PERSON,P00256,L00737,2025-07-31 17:56:54,2025-08-01 13:09:54,VISIT,V00975,SRC008,0.97,EV02462,2026-07-24 06:18:24
MOV001000,VEHICLE,V01173,L02424,2025-12-27 18:52:43,2025-12-28 12:45:43,VISIT,V00226,SRC010,0.79,EV03047,2024-08-17 22:27:22
MOV001001,ORGANIZATION,O0113,L01766,2024-09-14 16:11:44,2024-09-14 21:03:44,EXIT,,SRC011,0.83,EV01267,2024-01-27 20:54:05
MOV001002,PERSON,P01372,L00905,2025-03-06 22:25:22,2025-03-07 16:03:22,VISIT,,SRC029,0.82,EV02778,2025-03-01 11:11:30
MOV001003,VEHICLE,V00884,L01790,2026-07-02 11:26:11,2026-07-02 21:27:11,ENTRY,,SRC003,0.95,EV03485,2025-08-15 21:06:23
MOV001004,VEHICLE,V00114,L01513,2024-10-31 03:21:38,2024-11-01 03:09:38,EXIT,,SRC023,0.78,EV02539,2025-05-10 09:24:18
MOV001005,ORGANIZATION,O0296,L02323,2024-04-07 03:28:31,2024-04-07 04:22:31,EXIT,,SRC004,0.77,EV04462,2025-11-02 01:05:17
MOV001006,VEHICLE,V00561,L00418,2025-04-08 21:08:26,2025-04-08 21:29:26,EXIT,,SRC005,0.92,EV03190,2025-06-04 12:09:29
MOV001007,VEHICLE,V01189,L02384,2026-06-04 02:57:35,2026-06-04 11:57:35,ENTRY,,SRC019,0.76,EV02732,2025-02-09 03:00:55
MOV001008,ORGANIZATION,O0487,L02370,2024-08-22 11:41:49,2024-08-22 15:43:49,TRANSIT,,SRC029,0.86,EV01100,2026-07-08 04:27:27
MOV001009,ORGANIZATION,O0252,L02215,2025-07-01 04:32:56,2025-07-01 18:42:56,EXIT,,SRC009,0.92,EV03324,2025-04-13 05:11:41
MOV001010,PERSON,P00554,L01920,2025-07-15 15:15:03,2025-07-15 21:57:03,EXIT,V00673,SRC020,0.79,EV02770,2026-04-02 10:06:45
MOV001011,PERSON,P01968,L01449,2024-03-02 02:03:50,2024-03-02 16:27:50,EXIT,,SRC010,0.81,EV01733,2024-03-23 06:32:34
MOV001012,ORGANIZATION,O0478,L01085,2025-04-12 18:00:42,2025-04-13 15:10:42,TRANSIT,,SRC006,0.92,EV03720,2024-05-02 21:27:13
MOV001013,PERSON,P03521,L01665,2025-01-17 11:06:08,2025-01-17 20:46:08,TRANSIT,V00338,SRC027,0.93,EV03043,2025-02-28 15:24:12
MOV001014,VEHICLE,V00586,L00026,2024-05-10 08:28:45,2024-05-10 20:54:45,ENTRY,,SRC029,0.81,EV00169,2025-06-13 11:20:01
MOV001015,VEHICLE,V01115,L02166,2026-08-14 13:18:26,2026-08-15 04:34:26,VISIT,,SRC027,0.91,EV01778,2025-02-03 17:24:24
MOV001016,VEHICLE,V01160,L01188,2025-12-12 13:30:01,2025-12-13 02:37:01,ENTRY,,SRC010,0.8,EV01549,2026-04-14 06:12:29
MOV001017,VEHICLE,V00370,L01770,2024-08-16 08:17:41,2024-08-17 05:30:41,VISIT,,SRC020,0.78,EV01467,2024-09-19 11:54:16
MOV001018,VEHICLE,V00907,L02418,2025-03-13 05:26:29,2025-03-14 04:13:29,ENTRY,,SRC019,0.83,EV01134,2026-02-12 19:24:02
MOV001019,VEHICLE,V00014,L02134,2025-09-21 09:59:48,2025-09-21 17:36:48,ENTRY,V00866,SRC030,0.78,EV00832,2026-08-04 17:54:56
MOV001020,ORGANIZATION,O0234,L00037,2026-07-07 03:07:00,2026-07-07 12:33:00,TRANSIT,,SRC022,0.89,EV01248,2026-07-10 09:40:53
MOV001021,PERSON,P01540,L00305,2026-02-04 03:54:22,2026-02-04 09:44:22,ENTRY,,SRC008,0.91,EV00641,2024-05-17 21:41:02
MOV001022,PERSON,P00849,L01008,2024-12-22 13:24:16,2024-12-23 09:42:16,VISIT,V00407,SRC030,0.77,EV04290,2025-05-18 04:45:49
MOV001023,ORGANIZATION,O0203,L01551,2026-08-22 02:11:09,2026-08-22 23:19:09,ENTRY,V00818,SRC023,0.9,EV00647,2024-09-10 04:35:41
MOV001024,PERSON,P00642,L01332,2025-08-27 05:46:16,2025-08-28 05:20:16,EXIT,,SRC003,0.88,EV02930,2024-06-02 00:45:19
MOV001025,ORGANIZATION,O0067,L01032,2026-02-04 02:30:09,2026-02-04 07:50:09,ENTRY,V00671,SRC025,0.88,EV02379,2025-09-12 07:18:01
MOV001026,PERSON,P01305,L02248,2025-12-03 06:08:06,2025-12-03 18:45:06,VISIT,,SRC010,0.76,EV04316,2025-08-23 03:08:34
MOV001027,PERSON,P01832,L01294,2025-02-08 04:10:33,2025-02-08 14:02:33,ENTRY,V00786,SRC003,0.89,EV00610,2024-04-08 12:57:44
MOV001028,VEHICLE,V00998,L00017,2026-07-27 05:40:46,2026-07-28 02:54:46,VISIT,,SRC012,0.98,EV04324,2025-09-01 18:00:58
MOV001029,PERSON,P00087,L00556,2025-07-15 10:30:15,2025-07-15 13:40:15,EXIT,,SRC004,0.86,EV04192,2024-03-23 22:35:07
MOV001030,VEHICLE,V00055,L00104,2026-02-28 23:30:51,2026-03-01 12:33:51,EXIT,V00794,SRC025,0.83,EV04095,2025-09-12 05:54:06
MOV001031,ORGANIZATION,O0263,L01020,2024-01-21 10:32:41,2024-01-22 06:23:41,TRANSIT,,SRC012,0.88,EV01524,2025-04-19 16:55:13
MOV001032,PERSON,P03796,L02339,2024-06-26 09:07:26,2024-06-26 15:50:26,EXIT,,SRC017,0.9,EV01966,2024-12-08 13:13:44
MOV001033,VEHICLE,V00847,L02434,2026-03-03 23:27:30,2026-03-04 12:42:30,TRANSIT,,SRC027,0.76,EV04472,2025-12-24 10:37:01
MOV001034,PERSON,P00114,L01215,2024-05-02 16:02:41,2024-05-03 14:59:41,VISIT,,SRC026,0.92,EV02410,2025-10-07 08:08:03
MOV001035,VEHICLE,V00221,L01004,2025-07-27 14:47:54,2025-07-28 12:07:54,VISIT,,SRC014,0.89,EV00959,2025-04-26 08:23:52
MOV001036,ORGANIZATION,O0198,L00380,2026-03-21 06:14:46,2026-03-21 14:48:46,EXIT,,SRC002,0.77,EV04898,2025-12-31 19:59:40
MOV001037,ORGANIZATION,O0252,L01264,2025-08-31 23:33:32,2025-09-01 11:04:32,ENTRY,,SRC018,0.98,EV03315,2024-07-30 04:56:45
MOV001038,VEHICLE,V00543,L01628,2025-11-14 07:36:30,2025-11-14 11:55:30,VISIT,V01083,SRC007,0.86,EV00749,2025-12-29 09:55:56
MOV001039,PERSON,P01960,L01411,2026-08-08 10:26:38,2026-08-08 23:21:38,EXIT,,SRC011,0.9,EV04910,2024-02-13 05:58:22
MOV001040,PERSON,P02644,L01944,2024-08-08 00:35:47,2024-08-08 23:49:47,ENTRY,,SRC024,0.84,EV01615,2024-03-27 23:43:47
MOV001041,ORGANIZATION,O0247,L02444,2024-12-14 14:11:40,2024-12-15 06:23:40,VISIT,,SRC027,0.82,EV01706,2024-04-29 08:43:37
MOV001042,PERSON,P01680,L01542,2025-10-15 18:42:55,2025-10-16 04:08:55,TRANSIT,,SRC019,0.83,EV01023,2024-02-07 20:21:12
MOV001043,VEHICLE,V00628,L01543,2025-10-20 11:19:47,2025-10-20 18:40:47,ENTRY,V00222,SRC011,0.84,EV00141,2026-07-21 23:07:04
MOV001044,PERSON,P03004,L00269,2025-05-11 02:41:14,2025-05-12 00:05:14,EXIT,V00169,SRC003,0.81,EV00067,2024-07-20 20:58:29
MOV001045,VEHICLE,V00040,L00927,2026-03-04 13:29:55,2026-03-04 15:13:55,EXIT,,SRC001,0.98,EV00553,2025-03-07 23:09:05
MOV001046,PERSON,P01389,L01280,2025-10-25 23:55:01,2025-10-26 06:38:01,VISIT,,SRC010,0.8,EV00307,2026-06-09 14:57:46
MOV001047,ORGANIZATION,O0030,L01177,2025-10-10 17:47:29,2025-10-10 18:16:29,TRANSIT,,SRC022,0.86,EV02913,2024-09-15 10:02:29
MOV001048,ORGANIZATION,O0168,L01380,2024-04-15 21:51:34,2024-04-16 07:14:34,ENTRY,,SRC005,0.76,EV02629,2026-04-20 07:12:43
MOV001049,VEHICLE,V00951,L01353,2025-05-03 22:29:35,2025-05-04 09:41:35,EXIT,V00594,SRC007,0.95,EV02779,2025-07-09 22:40:06
MOV001050,PERSON,P03627,L00980,2026-02-06 08:10:30,2026-02-06 15:29:30,VISIT,V00349,SRC017,0.97,EV02981,2024-12-25 00:06:33
MOV001051,ORGANIZATION,O0387,L01583,2025-10-11 10:27:43,2025-10-11 11:05:43,EXIT,,SRC014,0.94,EV00129,2026-07-19 22:24:33
MOV001052,VEHICLE,V00748,L01844,2024-09-06 14:03:18,2024-09-06 17:13:18,VISIT,V00940,SRC014,0.8,EV03754,2025-07-09 04:02:43
MOV001053,VEHICLE,V00914,L02171,2025-06-25 01:13:51,2025-06-25 12:24:51,VISIT,,SRC011,0.96,EV01188,2024-07-01 19:57:12
MOV001054,VEHICLE,V00609,L02148,2024-10-24 05:00:57,2024-10-24 09:46:57,EXIT,V01078,SRC003,0.82,EV04040,2026-04-13 08:58:02
MOV001055,ORGANIZATION,O0469,L01173,2024-12-19 17:08:05,2024-12-20 13:02:05,ENTRY,V00508,SRC025,0.87,EV04133,2025-01-03 21:43:33
MOV001056,ORGANIZATION,O0404,L02208,2024-05-07 09:36:11,2024-05-08 04:34:11,VISIT,,SRC012,0.81,EV04241,2024-10-24 04:56:37
MOV001057,PERSON,P01228,L00731,2024-10-29 20:25:49,2024-10-29 21:40:49,ENTRY,,SRC021,0.93,EV02446,2026-02-18 16:19:23
MOV001058,VEHICLE,V00688,L00869,2026-08-06 17:45:59,2026-08-07 10:03:59,VISIT,,SRC011,0.91,EV00429,2025-03-30 08:16:19
MOV001059,VEHICLE,V00277,L00814,2024-04-07 15:26:02,2024-04-08 03:52:02,ENTRY,,SRC017,0.93,EV00898,2024-10-27 15:15:33
MOV001060,PERSON,P03505,L00729,2025-09-15 02:00:09,2025-09-15 17:36:09,VISIT,,SRC001,0.96,EV04423,2024-04-27 20:03:09
MOV001061,PERSON,P02439,L01258,2025-01-27 06:14:26,2025-01-28 01:29:26,EXIT,,SRC020,0.78,EV00075,2024-06-14 17:06:08
MOV001062,VEHICLE,V00663,L01797,2025-09-03 10:30:06,2025-09-04 00:03:06,EXIT,,SRC005,0.96,EV01147,2026-02-08 14:22:56
MOV001063,PERSON,P01574,L01687,2026-03-15 18:46:28,2026-03-15 22:49:28,TRANSIT,,SRC027,0.87,EV00392,2025-04-05 17:14:17
MOV001064,VEHICLE,V00968,L02313,2025-03-06 09:24:40,2025-03-07 02:08:40,ENTRY,V00738,SRC017,0.9,EV00136,2026-07-03 13:31:01
MOV001065,ORGANIZATION,O0229,L01340,2025-09-25 03:31:04,2025-09-25 11:41:04,EXIT,,SRC010,0.8,EV00269,2026-08-06 18:12:38
MOV001066,ORGANIZATION,O0127,L01759,2024-03-12 05:27:50,2024-03-12 19:39:50,TRANSIT,,SRC002,0.85,EV01752,2026-07-26 23:08:10
MOV001067,ORGANIZATION,O0119,L00672,2024-02-26 18:44:11,2024-02-27 02:52:11,EXIT,V00510,SRC002,0.86,EV00507,2024-01-16 06:45:30
MOV001068,PERSON,P03322,L02257,2024-04-09 11:12:46,2024-04-10 02:55:46,EXIT,V00358,SRC028,0.86,EV03911,2024-02-17 15:31:17
MOV001069,PERSON,P03198,L00898,2026-05-04 06:21:53,2026-05-04 07:21:53,ENTRY,,SRC017,0.96,EV02354,2024-08-27 16:00:38
MOV001070,VEHICLE,V00931,L00896,2025-07-20 13:14:48,2025-07-20 22:21:48,EXIT,V00653,SRC013,0.88,EV04277,2026-08-25 01:43:23
MOV001071,PERSON,P00653,L00674,2024-10-15 19:03:28,2024-10-15 21:56:28,ENTRY,,SRC005,0.82,EV02743,2025-12-02 20:00:59
MOV001072,ORGANIZATION,O0020,L00407,2024-07-18 21:57:08,2024-07-19 14:45:08,ENTRY,,SRC018,0.82,EV02915,2024-05-16 06:31:36
MOV001073,PERSON,P02747,L01974,2025-03-28 08:13:28,2025-03-28 08:35:28,EXIT,V01028,SRC011,0.81,EV03199,2026-01-15 17:02:46
MOV001074,ORGANIZATION,O0230,L00435,2026-05-17 20:35:27,2026-05-18 14:32:27,EXIT,V00769,SRC008,0.76,EV02986,2025-12-09 06:00:52
MOV001075,ORGANIZATION,O0216,L01881,2025-12-12 04:27:27,2025-12-12 05:41:27,VISIT,V00128,SRC015,0.91,EV03372,2025-03-08 16:47:16
MOV001076,ORGANIZATION,O0111,L02165,2025-02-27 09:36:29,2025-02-27 10:31:29,EXIT,V00352,SRC005,0.79,EV02136,2026-06-02 06:35:19
MOV001077,PERSON,P02669,L02013,2024-03-13 12:22:24,2024-03-13 15:32:24,ENTRY,,SRC030,0.82,EV02296,2024-04-21 07:40:45
MOV001078,PERSON,P02015,L00234,2024-02-01 19:51:00,2024-02-02 05:04:00,VISIT,V00160,SRC003,0.95,EV01189,2025-09-09 11:51:06
MOV001079,ORGANIZATION,O0315,L00848,2025-02-09 21:12:41,2025-02-10 14:10:41,ENTRY,,SRC030,0.94,EV01266,2025-10-13 03:32:31
MOV001080,VEHICLE,V00344,L00459,2025-11-08 10:26:11,2025-11-08 23:09:11,EXIT,,SRC009,0.79,EV04756,2025-10-06 05:10:57
MOV001081,VEHICLE,V00599,L00464,2025-12-05 18:29:21,2025-12-06 18:19:21,EXIT,,SRC013,0.84,EV01769,2025-04-27 14:04:57
MOV001082,PERSON,P03274,L02488,2024-03-06 05:49:38,2024-03-07 00:08:38,ENTRY,V00694,SRC009,0.96,EV03504,2025-08-28 01:57:13
MOV001083,ORGANIZATION,O0394,L01293,2026-02-27 17:10:42,2026-02-27 18:29:42,EXIT,V00215,SRC009,0.81,EV01950,2025-07-18 20:25:57
MOV001084,VEHICLE,V01036,L00211,2025-07-17 14:59:11,2025-07-17 20:16:11,VISIT,V00659,SRC009,0.82,EV01077,2024-01-25 18:14:01
MOV001085,PERSON,P03817,L01484,2025-07-20 11:29:06,2025-07-21 06:18:06,EXIT,V00165,SRC029,0.97,EV01081,2024-10-09 02:47:58
MOV001086,ORGANIZATION,O0143,L01742,2024-05-04 03:37:35,2024-05-04 08:50:35,EXIT,V00439,SRC029,0.97,EV00306,2026-02-16 07:28:16
MOV001087,PERSON,P01917,L00849,2024-03-21 11:16:58,2024-03-22 11:01:58,ENTRY,,SRC004,0.83,EV00784,2024-04-12 08:17:30
MOV001088,VEHICLE,V00869,L00430,2025-03-15 21:31:59,2025-03-16 05:28:59,EXIT,V00784,SRC027,0.88,EV01673,2025-08-07 21:05:17
MOV001089,PERSON,P00879,L01947,2024-01-06 16:35:24,2024-01-06 23:32:24,TRANSIT,V00674,SRC013,0.86,EV00860,2024-07-09 07:10:37
MOV001090,PERSON,P02119,L01488,2025-04-18 03:26:36,2025-04-18 22:15:36,TRANSIT,V00309,SRC029,0.87,EV04241,2026-05-20 09:08:24
MOV001091,PERSON,P01422,L01366,2026-06-26 05:44:23,2026-06-27 03:42:23,ENTRY,,SRC008,0.86,EV01238,2024-07-04 11:52:37
MOV001092,ORGANIZATION,O0354,L00967,2025-09-20 11:41:44,2025-09-21 03:32:44,EXIT,,SRC009,0.88,EV03782,2025-05-09 02:50:47
MOV001093,VEHICLE,V00391,L02313,2024-06-09 18:50:40,2024-06-10 16:42:40,TRANSIT,,SRC017,0.91,EV03068,2024-11-28 13:30:43
MOV001094,PERSON,P02520,L01653,2024-12-10 04:38:40,2024-12-11 04:28:40,ENTRY,V00179,SRC017,0.86,EV01251,2026-07-14 03:08:08
MOV001095,PERSON,P00784,L01515,2024-10-27 01:50:51,2024-10-27 08:27:51,EXIT,,SRC023,0.79,EV00554,2026-08-21 07:37:28
MOV001096,VEHICLE,V00109,L00544,2024-06-29 13:12:15,2024-06-30 06:42:15,ENTRY,,SRC005,0.96,EV04569,2024-03-06 10:46:28
MOV001097,PERSON,P01214,L00576,2025-04-26 13:57:28,2025-04-26 19:06:28,TRANSIT,V01082,SRC025,0.8,EV04955,2025-04-06 16:32:02
MOV001098,ORGANIZATION,O0474,L01729,2024-05-18 18:57:43,2024-05-18 20:27:43,EXIT,V00615,SRC021,0.85,EV00836,2025-05-16 15:17:19
MOV001099,PERSON,P02340,L01953,2025-08-29 02:11:48,2025-08-30 00:13:48,ENTRY,,SRC007,0.93,EV02234,2024-04-01 13:05:27
MOV001100,ORGANIZATION,O0240,L02250,2025-11-24 04:48:09,2025-11-24 10:05:09,EXIT,V00728,SRC027,0.77,EV04087,2024-05-07 21:27:28
MOV001101,VEHICLE,V01033,L02177,2025-10-19 09:46:56,2025-10-19 21:13:56,TRANSIT,,SRC008,0.91,EV02178,2024-12-17 11:25:40
MOV001102,PERSON,P01016,L02338,2024-07-17 16:21:53,2024-07-17 23:50:53,TRANSIT,,SRC006,0.84,EV00505,2025-07-20 11:42:24
MOV001103,PERSON,P00127,L00331,2026-01-21 11:50:00,2026-01-21 22:44:00,VISIT,,SRC011,0.88,EV04294,2025-11-09 10:49:57
MOV001104,VEHICLE,V01016,L01074,2024-05-11 13:12:17,2024-05-12 01:34:17,EXIT,V00270,SRC005,0.91,EV00605,2024-08-21 00:52:36
MOV001105,VEHICLE,V00372,L02012,2026-06-22 03:03:02,2026-06-22 03:54:02,VISIT,V00555,SRC018,0.91,EV03735,2024-11-10 22:59:03
MOV001106,ORGANIZATION,O0460,L00906,2025-05-21 03:11:07,2025-05-21 15:01:07,ENTRY,V00129,SRC007,0.96,EV02099,2024-05-31 04:28:24
MOV001107,PERSON,P01985,L00022,2025-04-01 07:44:49,2025-04-01 11:01:49,EXIT,,SRC010,0.92,EV00485,2025-06-27 14:52:16
MOV001108,ORGANIZATION,O0489,L01833,2026-07-31 01:47:52,2026-07-31 09:36:52,VISIT,V00788,SRC014,0.83,EV04391,2024-06-10 18:44:11
MOV001109,ORGANIZATION,O0245,L00866,2026-05-27 17:35:55,2026-05-28 06:00:55,ENTRY,,SRC022,0.92,EV03546,2024-08-13 07:10:49
MOV001110,PERSON,P00979,L02406,2025-11-03 03:25:53,2025-11-03 09:43:53,TRANSIT,,SRC019,0.83,EV04877,2024-08-26 18:06:53
MOV001111,ORGANIZATION,O0221,L00594,2024-07-27 19:18:33,2024-07-27 23:27:33,ENTRY,,SRC012,0.84,EV03193,2024-04-20 18:55:19
MOV001112,ORGANIZATION,O0364,L02373,2025-07-14 21:06:26,2025-07-15 09:41:26,ENTRY,,SRC030,0.92,EV03501,2025-06-15 02:50:35
MOV001113,PERSON,P00383,L02498,2025-01-27 02:07:00,2025-01-27 14:18:00,ENTRY,,SRC016,0.88,EV03328,2026-01-15 07:57:08
MOV001114,PERSON,P01936,L00818,2024-05-09 03:01:54,2024-05-09 10:13:54,ENTRY,,SRC005,0.76,EV04797,2025-09-26 08:12:45
MOV001115,ORGANIZATION,O0153,L01426,2025-09-07 10:03:45,2025-09-07 10:31:45,ENTRY,,SRC012,0.82,EV00010,2025-02-28 11:45:06
MOV001116,PERSON,P03123,L00251,2024-07-09 17:30:12,2024-07-09 18:17:12,EXIT,,SRC019,0.83,EV02616,2025-10-16 15:52:00
MOV001117,ORGANIZATION,O0465,L01726,2025-07-16 03:55:16,2025-07-16 14:21:16,ENTRY,,SRC023,0.82,EV03942,2024-02-04 02:55:37
MOV001118,ORGANIZATION,O0433,L01635,2025-08-20 12:02:47,2025-08-20 18:18:47,VISIT,V00944,SRC020,0.82,EV01975,2026-04-09 15:00:16
MOV001119,VEHICLE,V00291,L02239,2026-02-16 17:53:07,2026-02-17 05:44:07,TRANSIT,,SRC026,0.88,EV04066,2025-11-30 15:28:13
MOV001120,VEHICLE,V00182,L01111,2024-10-26 18:03:01,2024-10-27 13:01:01,VISIT,V01184,SRC026,0.85,EV02149,2026-06-02 13:01:44
MOV001121,PERSON,P00423,L01051,2025-12-13 11:20:55,2025-12-14 04:06:55,VISIT,V00638,SRC016,0.88,EV04102,2024-03-15 13:18:10
MOV001122,PERSON,P01983,L00982,2025-06-01 05:14:10,2025-06-01 20:40:10,TRANSIT,,SRC004,0.8,EV04734,2024-04-24 06:46:50
MOV001123,VEHICLE,V01086,L01998,2024-05-16 07:44:16,2024-05-17 04:53:16,EXIT,,SRC024,0.97,EV04406,2026-03-24 20:09:38
MOV001124,PERSON,P02891,L02391,2025-06-05 19:45:59,2025-06-06 17:12:59,EXIT,,SRC018,0.81,EV04664,2025-09-19 17:29:57
MOV001125,PERSON,P02987,L01658,2024-11-16 19:23:29,2024-11-17 11:09:29,ENTRY,,SRC001,0.77,EV04574,2026-03-05 21:10:05
MOV001126,PERSON,P03293,L00213,2025-01-24 05:31:08,2025-01-24 19:56:08,ENTRY,,SRC023,0.84,EV01058,2024-06-23 18:38:59
MOV001127,ORGANIZATION,O0449,L02349,2025-10-14 15:34:10,2025-10-15 10:22:10,EXIT,V00209,SRC029,0.8,EV04429,2024-09-20 22:52:39
MOV001128,VEHICLE,V00947,L02196,2024-01-14 17:22:55,2024-01-15 05:04:55,VISIT,,SRC011,0.84,EV02723,2025-11-04 19:34:32
MOV001129,PERSON,P03465,L01592,2024-11-22 12:45:35,2024-11-23 07:13:35,ENTRY,V01087,SRC025,0.98,EV02184,2026-06-28 13:18:47
MOV001130,VEHICLE,V01027,L00953,2024-03-31 12:38:59,2024-04-01 01:05:59,EXIT,,SRC019,0.8,EV02765,2025-04-13 14:54:47
MOV001131,VEHICLE,V00233,L01253,2025-04-30 23:43:30,2025-05-01 17:37:30,TRANSIT,,SRC002,0.9,EV02290,2024-04-12 04:36:20
MOV001132,PERSON,P00492,L00939,2025-08-15 03:54:44,2025-08-15 11:26:44,TRANSIT,V00451,SRC004,0.9,EV04201,2026-04-21 07:45:33
MOV001133,PERSON,P00242,L01300,2024-01-04 09:08:33,2024-01-05 06:39:33,TRANSIT,,SRC009,0.86,EV03126,2025-12-28 00:02:13
MOV001134,ORGANIZATION,O0047,L01903,2024-11-20 05:51:01,2024-11-21 02:55:01,ENTRY,V00764,SRC020,0.81,EV03503,2024-04-19 01:00:07
MOV001135,ORGANIZATION,O0152,L01601,2025-06-25 09:38:27,2025-06-25 16:41:27,ENTRY,V01083,SRC012,0.78,EV03486,2025-03-01 03:03:05
MOV001136,ORGANIZATION,O0340,L02234,2026-05-20 08:08:05,2026-05-20 14:55:05,TRANSIT,,SRC018,0.86,EV00749,2024-03-14 03:15:36
MOV001137,ORGANIZATION,O0392,L00034,2024-02-27 16:31:02,2024-02-28 14:25:02,ENTRY,,SRC006,0.89,EV03119,2025-04-26 13:46:47
MOV001138,VEHICLE,V01008,L01876,2025-04-07 10:15:46,2025-04-07 10:44:46,TRANSIT,,SRC028,0.84,EV04243,2026-01-15 08:49:57
MOV001139,ORGANIZATION,O0116,L02083,2024-01-26 03:23:48,2024-01-26 18:27:48,ENTRY,,SRC006,0.84,EV04432,2025-05-21 23:04:27
MOV001140,PERSON,P02202,L00572,2026-02-03 01:47:43,2026-02-03 21:21:43,VISIT,,SRC009,0.94,EV04045,2025-02-19 17:01:22
MOV001141,VEHICLE,V00351,L01478,2025-09-13 07:48:13,2025-09-13 18:15:13,ENTRY,,SRC018,0.76,EV01838,2026-07-05 11:08:51
MOV001142,PERSON,P00388,L01757,2026-08-03 12:44:06,2026-08-03 14:25:06,VISIT,,SRC029,0.91,EV04145,2024-12-06 13:25:45
MOV001143,ORGANIZATION,O0256,L01560,2025-09-24 14:03:57,2025-09-24 18:46:57,TRANSIT,,SRC011,0.97,EV04140,2025-09-16 08:08:43
MOV001144,ORGANIZATION,O0281,L00618,2024-06-11 17:11:21,2024-06-12 06:14:21,VISIT,V00537,SRC002,0.87,EV02420,2025-09-15 03:43:59
MOV001145,PERSON,P02867,L01147,2025-02-06 13:11:03,2025-02-06 13:58:03,TRANSIT,,SRC029,0.78,EV04907,2025-04-25 10:49:18
MOV001146,VEHICLE,V00300,L00196,2024-01-28 01:44:23,2024-01-29 00:58:23,VISIT,V00577,SRC025,0.79,EV03474,2024-08-24 15:53:02
MOV001147,VEHICLE,V00276,L00244,2025-07-02 01:07:59,2025-07-02 12:48:59,ENTRY,V00031,SRC013,0.92,EV04346,2025-08-12 20:27:48
MOV001148,PERSON,P00427,L02068,2025-05-25 04:16:21,2025-05-25 17:51:21,TRANSIT,V00597,SRC013,0.82,EV00546,2024-10-25 07:55:22
MOV001149,VEHICLE,V00887,L00007,2026-05-28 14:53:08,2026-05-29 03:51:08,TRANSIT,,SRC013,0.75,EV00576,2025-11-26 01:50:09
MOV001150,PERSON,P00501,L02472,2024-04-20 12:17:10,2024-04-21 10:44:10,TRANSIT,,SRC030,0.97,EV01506,2024-09-21 16:41:09
MOV001151,ORGANIZATION,O0225,L00290,2025-08-05 14:02:10,2025-08-05 15:50:10,VISIT,,SRC028,0.82,EV04558,2024-11-26 20:58:11
MOV001152,ORGANIZATION,O0073,L00790,2024-02-15 12:29:15,2024-02-16 04:24:15,TRANSIT,,SRC011,0.85,EV02147,2025-05-06 08:21:54
MOV001153,VEHICLE,V00036,L01748,2024-07-19 00:03:47,2024-07-19 04:46:47,TRANSIT,,SRC011,0.89,EV01234,2026-07-14 15:59:04
MOV001154,PERSON,P03640,L00456,2026-08-07 17:30:34,2026-08-08 15:41:34,EXIT,,SRC021,0.95,EV03988,2026-01-19 16:17:16
MOV001155,PERSON,P03818,L01105,2025-11-23 23:55:41,2025-11-24 06:56:41,VISIT,V00053,SRC023,0.82,EV02113,2026-04-16 21:05:00
MOV001156,ORGANIZATION,O0455,L01440,2026-08-14 14:36:03,2026-08-14 23:57:03,TRANSIT,,SRC004,0.93,EV02552,2026-01-24 14:34:06
MOV001157,ORGANIZATION,O0067,L01814,2024-04-10 21:14:11,2024-04-11 12:23:11,EXIT,V00594,SRC002,0.96,EV04005,2024-06-14 14:10:29
MOV001158,ORGANIZATION,O0019,L02310,2024-03-09 12:23:30,2024-03-10 00:52:30,VISIT,,SRC024,0.85,EV02676,2025-04-22 04:18:52
MOV001159,PERSON,P02894,L00781,2024-11-29 14:47:23,2024-11-30 10:47:23,TRANSIT,,SRC004,0.88,EV00986,2024-10-21 13:22:56
MOV001160,PERSON,P00710,L02106,2025-04-18 20:38:05,2025-04-19 04:35:05,TRANSIT,,SRC005,0.75,EV00270,2025-01-16 23:27:16
MOV001161,PERSON,P02186,L01129,2025-02-12 19:28:24,2025-02-13 15:52:24,EXIT,,SRC002,0.83,EV04179,2026-05-17 23:24:53
MOV001162,ORGANIZATION,O0196,L02186,2024-08-21 03:38:44,2024-08-21 06:27:44,ENTRY,V00696,SRC017,0.84,EV02831,2025-04-18 16:45:50
MOV001163,PERSON,P01713,L02384,2024-06-15 17:09:52,2024-06-16 00:29:52,ENTRY,,SRC028,0.86,EV02909,2025-07-15 22:13:29
MOV001164,PERSON,P01354,L02343,2024-07-09 12:29:52,2024-07-10 06:25:52,TRANSIT,,SRC001,0.82,EV02593,2025-01-16 23:17:51
MOV001165,VEHICLE,V00405,L01078,2025-03-15 03:06:21,2025-03-16 02:13:21,TRANSIT,V01127,SRC010,0.76,EV00200,2025-04-19 15:23:58
MOV001166,VEHICLE,V00690,L01659,2025-04-30 23:18:23,2025-05-01 22:53:23,VISIT,,SRC014,0.96,EV03486,2025-09-01 12:34:37
MOV001167,PERSON,P00901,L01850,2026-06-27 08:39:13,2026-06-27 09:05:13,TRANSIT,V00279,SRC013,0.94,EV03230,2026-05-21 00:44:23
MOV001168,VEHICLE,V00254,L02035,2025-11-23 12:55:44,2025-11-23 14:35:44,TRANSIT,V00858,SRC023,0.97,EV01933,2024-05-15 03:55:19
MOV001169,ORGANIZATION,O0095,L00547,2024-12-15 10:54:08,2024-12-15 14:52:08,ENTRY,V00344,SRC027,0.75,EV00925,2024-12-01 03:46:09
MOV001170,ORGANIZATION,O0188,L01296,2025-04-05 19:09:05,2025-04-06 06:33:05,EXIT,,SRC014,0.9,EV00049,2024-11-03 15:35:21
MOV001171,PERSON,P02108,L01609,2026-05-25 07:33:19,2026-05-26 06:19:19,ENTRY,,SRC008,0.81,EV01575,2024-10-02 08:52:40
MOV001172,PERSON,P01381,L00941,2025-01-10 23:18:11,2025-01-11 10:18:11,TRANSIT,,SRC003,0.81,EV03295,2025-04-29 06:10:50
MOV001173,ORGANIZATION,O0429,L00742,2026-08-29 15:58:20,2026-08-30 02:54:20,TRANSIT,,SRC003,0.95,EV00842,2026-04-06 11:55:47
MOV001174,PERSON,P00927,L00315,2026-06-12 15:02:55,2026-06-12 16:50:55,ENTRY,,SRC004,0.77,EV04828,2026-08-05 00:51:51
MOV001175,ORGANIZATION,O0106,L00253,2024-02-21 05:11:21,2024-02-21 09:25:21,ENTRY,V01038,SRC029,0.76,EV00042,2025-05-19 07:19:19
MOV001176,VEHICLE,V00692,L01144,2024-06-18 13:45:56,2024-06-19 00:55:56,VISIT,,SRC006,0.93,EV03147,2025-01-03 02:49:48
MOV001177,PERSON,P02982,L01318,2026-02-19 10:18:25,2026-02-20 05:30:25,TRANSIT,V00670,SRC029,0.91,EV03225,2024-01-14 12:49:20
MOV001178,VEHICLE,V00943,L00299,2025-01-28 23:17:07,2025-01-29 12:38:07,VISIT,,SRC013,0.95,EV00128,2024-11-03 21:58:50
MOV001179,ORGANIZATION,O0460,L00774,2026-06-17 02:10:41,2026-06-17 07:27:41,ENTRY,V00279,SRC019,0.92,EV04108,2024-03-13 16:50:03
MOV001180,PERSON,P01156,L02405,2025-10-21 02:15:08,2025-10-21 07:30:08,EXIT,,SRC004,0.8,EV04478,2025-09-11 18:54:45
MOV001181,PERSON,P01140,L00978,2026-02-10 01:51:51,2026-02-10 18:18:51,VISIT,,SRC018,0.84,EV04171,2025-09-22 12:39:43
MOV001182,ORGANIZATION,O0268,L01275,2025-04-08 07:45:43,2025-04-08 08:18:43,EXIT,V00686,SRC007,0.92,EV01886,2026-06-27 19:44:48
MOV001183,VEHICLE,V00421,L00285,2026-07-24 16:49:15,2026-07-25 08:29:15,VISIT,,SRC029,0.82,EV01238,2025-06-25 09:20:31
MOV001184,PERSON,P02132,L01398,2024-03-05 03:51:42,2024-03-05 20:43:42,ENTRY,,SRC001,0.93,EV01615,2025-07-16 00:11:27
MOV001185,VEHICLE,V01034,L00667,2024-08-13 19:44:42,2024-08-14 05:28:42,VISIT,V00768,SRC025,0.87,EV00531,2026-05-02 06:47:51
MOV001186,ORGANIZATION,O0005,L00555,2024-06-06 21:53:59,2024-06-07 21:00:59,VISIT,V00423,SRC020,0.87,EV04518,2024-09-01 06:06:44
MOV001187,PERSON,P00711,L01012,2025-09-06 02:58:11,2025-09-06 21:15:11,EXIT,V00945,SRC017,0.77,EV02303,2026-01-19 05:07:13
MOV001188,VEHICLE,V00098,L01013,2025-05-29 22:44:29,2025-05-30 10:15:29,ENTRY,V00409,SRC022,0.81,EV00027,2024-01-04 06:20:48
MOV001189,PERSON,P03146,L02284,2026-05-11 04:18:37,2026-05-11 08:54:37,ENTRY,V00895,SRC011,0.83,EV04819,2024-01-03 22:43:11
MOV001190,PERSON,P03071,L00512,2025-10-08 13:17:25,2025-10-09 00:54:25,TRANSIT,,SRC013,0.76,EV04895,2025-02-24 12:43:17
MOV001191,ORGANIZATION,O0388,L00693,2026-02-12 22:05:07,2026-02-13 00:49:07,TRANSIT,,SRC022,0.82,EV03480,2026-07-05 22:25:33
MOV001192,VEHICLE,V00644,L00131,2024-11-11 14:02:46,2024-11-12 11:30:46,EXIT,,SRC015,0.79,EV01311,2024-01-14 15:52:24
MOV001193,VEHICLE,V00991,L00554,2024-09-06 23:40:06,2024-09-07 07:05:06,TRANSIT,,SRC004,0.87,EV04669,2025-01-10 23:16:05
MOV001194,ORGANIZATION,O0225,L00475,2025-07-14 18:52:17,2025-07-15 06:53:17,TRANSIT,V01189,SRC022,0.98,EV01919,2026-08-15 21:55:50
MOV001195,VEHICLE,V00245,L00799,2024-08-22 02:20:17,2024-08-22 15:50:17,EXIT,,SRC001,0.89,EV00913,2024-09-19 09:36:54
MOV001196,PERSON,P02074,L01794,2024-04-18 03:16:33,2024-04-18 11:47:33,TRANSIT,,SRC008,0.94,EV01472,2025-06-09 22:30:29
MOV001197,PERSON,P00761,L00218,2025-08-02 01:07:36,2025-08-02 19:00:36,ENTRY,,SRC025,0.86,EV00463,2025-04-04 10:07:30
MOV001198,ORGANIZATION,O0216,L02313,2025-01-25 15:24:25,2025-01-26 02:41:25,ENTRY,V00270,SRC012,0.91,EV03015,2024-12-04 20:19:08
MOV001199,PERSON,P00253,L01575,2026-01-26 15:45:35,2026-01-26 18:07:35,ENTRY,,SRC013,0.92,EV00591,2024-06-12 00:40:17
MOV001200,PERSON,P01008,L02090,2025-06-18 04:30:35,2025-06-18 07:50:35,VISIT,,SRC030,0.92,EV01222,2024-11-09 15:59:44
MOV001201,ORGANIZATION,O0175,L00359,2025-03-27 02:05:58,2025-03-27 16:47:58,EXIT,,SRC020,0.98,EV01579,2025-04-08 00:30:52
MOV001202,VEHICLE,V00451,L00859,2026-05-16 06:44:27,2026-05-17 02:22:27,TRANSIT,,SRC017,0.78,EV03692,2024-05-27 18:49:29
MOV001203,VEHICLE,V00209,L02103,2024-11-19 05:04:47,2024-11-19 10:26:47,VISIT,V00654,SRC029,0.77,EV01113,2026-01-05 10:55:18
MOV001204,ORGANIZATION,O0308,L00658,2026-01-23 06:05:59,2026-01-23 16:58:59,VISIT,,SRC022,0.77,EV02508,2024-12-06 13:04:59
MOV001205,PERSON,P03269,L02343,2024-03-14 14:35:48,2024-03-15 13:51:48,EXIT,,SRC013,0.93,EV02220,2024-01-05 07:30:06
MOV001206,VEHICLE,V00084,L01244,2024-09-13 04:29:26,2024-09-13 06:35:26,ENTRY,,SRC019,0.93,EV01862,2025-10-28 02:55:27
MOV001207,VEHICLE,V00569,L02235,2025-06-12 19:20:08,2025-06-12 23:37:08,VISIT,,SRC022,0.79,EV03469,2025-03-05 07:56:59
MOV001208,PERSON,P01965,L00467,2025-07-20 03:59:07,2025-07-20 19:35:07,TRANSIT,,SRC010,0.92,EV03406,2024-03-27 19:32:22
MOV001209,ORGANIZATION,O0295,L00257,2024-05-06 03:13:11,2024-05-06 05:59:11,EXIT,V00123,SRC025,0.88,EV04175,2024-01-05 03:20:28
MOV001210,VEHICLE,V00527,L00892,2024-02-24 13:42:42,2024-02-24 15:13:42,ENTRY,,SRC025,0.93,EV00238,2024-07-15 03:36:07
MOV001211,PERSON,P03629,L01112,2024-09-05 01:01:21,2024-09-05 19:13:21,EXIT,V00913,SRC020,0.87,EV03650,2025-11-27 08:45:31
MOV001212,PERSON,P02937,L01494,2024-11-07 16:48:55,2024-11-08 08:36:55,ENTRY,,SRC010,0.76,EV00580,2026-07-26 03:40:57
MOV001213,VEHICLE,V00506,L02044,2024-01-03 19:38:53,2024-01-04 16:32:53,EXIT,,SRC030,0.77,EV04959,2025-06-27 08:33:50
MOV001214,VEHICLE,V00463,L02497,2024-03-18 11:40:56,2024-03-18 13:11:56,EXIT,V00302,SRC013,0.84,EV01280,2026-03-03 14:33:40
MOV001215,PERSON,P00879,L00990,2026-01-29 13:20:55,2026-01-30 05:19:55,EXIT,V00233,SRC007,0.97,EV03601,2024-11-06 12:32:12
MOV001216,ORGANIZATION,O0370,L01541,2024-11-04 05:25:00,2024-11-05 02:59:00,EXIT,V00623,SRC007,0.83,EV02932,2025-05-28 13:14:03
MOV001217,PERSON,P00661,L00783,2025-01-26 16:46:13,2025-01-27 11:46:13,ENTRY,V00699,SRC027,0.86,EV00110,2024-03-13 21:50:41
MOV001218,ORGANIZATION,O0266,L00482,2026-04-04 12:14:20,2026-04-05 11:14:20,ENTRY,,SRC019,0.97,EV00738,2024-04-20 21:27:47
MOV001219,VEHICLE,V00754,L01294,2025-10-05 12:20:56,2025-10-06 07:35:56,VISIT,V00478,SRC005,0.92,EV02925,2024-01-04 10:07:32
MOV001220,PERSON,P03536,L01462,2024-06-14 11:49:10,2024-06-15 06:29:10,VISIT,,SRC003,0.94,EV00293,2025-01-03 20:46:55
MOV001221,PERSON,P01531,L00799,2025-05-28 01:40:51,2025-05-28 07:14:51,TRANSIT,,SRC009,0.86,EV02429,2024-05-17 17:31:58
MOV001222,VEHICLE,V00069,L02072,2024-07-22 23:50:40,2024-07-23 01:48:40,VISIT,,SRC023,0.87,EV04233,2025-03-19 07:27:53
MOV001223,VEHICLE,V00414,L01109,2026-07-07 23:25:10,2026-07-08 05:59:10,TRANSIT,,SRC025,0.89,EV04766,2025-03-02 05:37:03
MOV001224,PERSON,P00646,L00587,2024-09-09 23:44:16,2024-09-10 12:45:16,TRANSIT,V00992,SRC009,0.83,EV02803,2025-11-07 12:12:03
MOV001225,PERSON,P00604,L01358,2025-08-14 02:30:18,2025-08-14 13:10:18,ENTRY,,SRC021,0.84,EV01238,2026-04-08 21:15:19
MOV001226,VEHICLE,V00506,L02112,2025-01-14 18:11:17,2025-01-15 05:10:17,ENTRY,V00103,SRC021,0.96,EV03585,2025-01-13 02:56:42
MOV001227,VEHICLE,V00103,L01048,2024-02-29 05:57:21,2024-02-29 17:35:21,VISIT,,SRC012,0.88,EV03851,2024-07-08 19:45:34
MOV001228,VEHICLE,V01089,L00615,2026-07-16 15:16:39,2026-07-17 13:21:39,VISIT,,SRC019,0.97,EV03656,2025-10-07 07:15:38
MOV001229,PERSON,P02066,L02297,2026-05-16 13:21:02,2026-05-16 14:45:02,EXIT,V00752,SRC022,0.95,EV00232,2025-04-14 20:30:54
MOV001230,ORGANIZATION,O0110,L01207,2024-12-18 07:58:48,2024-12-19 00:01:48,VISIT,V01177,SRC001,0.98,EV02523,2024-11-18 01:18:15
MOV001231,PERSON,P00815,L01925,2024-11-12 06:03:15,2024-11-12 19:52:15,ENTRY,V00469,SRC019,0.89,EV00377,2024-09-02 23:26:44
MOV001232,VEHICLE,V00913,L01478,2026-07-22 08:25:26,2026-07-22 09:44:26,ENTRY,V00142,SRC022,0.84,EV04742,2025-09-29 21:53:15
MOV001233,PERSON,P03715,L00583,2025-06-09 20:57:55,2025-06-09 22:14:55,EXIT,V01133,SRC029,0.76,EV03925,2025-09-16 23:36:36
MOV001234,ORGANIZATION,O0258,L00933,2024-04-24 08:09:52,2024-04-25 05:48:52,ENTRY,,SRC017,0.75,EV02522,2025-12-15 17:31:26
MOV001235,PERSON,P02428,L00223,2025-10-07 00:35:42,2025-10-07 21:25:42,TRANSIT,V01185,SRC028,0.83,EV04981,2024-05-13 15:18:03
MOV001236,PERSON,P01772,L00469,2025-12-11 20:33:18,2025-12-12 19:12:18,VISIT,,SRC013,0.85,EV02857,2024-06-08 03:45:37
MOV001237,VEHICLE,V00581,L00150,2025-02-20 08:25:48,2025-02-20 12:00:48,EXIT,,SRC025,0.78,EV03806,2025-03-23 15:47:46
MOV001238,PERSON,P01229,L00834,2024-04-17 04:41:28,2024-04-17 05:38:28,VISIT,,SRC001,0.79,EV01007,2025-02-26 03:24:49
MOV001239,ORGANIZATION,O0360,L00882,2024-01-29 08:16:38,2024-01-29 10:51:38,ENTRY,V00862,SRC020,0.87,EV02672,2024-08-08 07:09:44
MOV001240,VEHICLE,V00276,L01091,2026-04-15 17:22:36,2026-04-16 00:30:36,VISIT,,SRC030,0.84,EV01736,2025-10-05 11:49:43
MOV001241,ORGANIZATION,O0289,L01034,2025-10-07 09:45:48,2025-10-07 20:22:48,VISIT,,SRC024,0.78,EV01820,2025-03-09 18:42:49
MOV001242,VEHICLE,V01091,L00034,2026-05-28 20:11:00,2026-05-28 22:40:00,EXIT,,SRC024,0.87,EV03183,2026-07-31 10:28:26
MOV001243,PERSON,P01656,L01418,2025-11-29 02:56:21,2025-11-29 17:18:21,EXIT,,SRC024,0.9,EV04605,2026-05-12 23:54:33
MOV001244,PERSON,P01999,L00322,2024-05-11 00:38:45,2024-05-11 06:43:45,EXIT,,SRC021,0.79,EV00486,2025-10-20 18:24:52
MOV001245,VEHICLE,V00756,L00358,2025-11-08 19:49:36,2025-11-09 03:02:36,EXIT,V01067,SRC021,0.92,EV00548,2024-11-25 04:14:08
MOV001246,ORGANIZATION,O0297,L01583,2024-08-06 19:49:50,2024-08-07 15:00:50,ENTRY,V00868,SRC010,0.77,EV04063,2024-08-16 22:11:27
MOV001247,ORGANIZATION,O0016,L00775,2025-05-16 10:20:29,2025-05-16 21:03:29,VISIT,,SRC017,0.88,EV03450,2026-02-16 23:10:22
MOV001248,ORGANIZATION,O0062,L02433,2024-10-26 13:07:24,2024-10-27 03:27:24,TRANSIT,,SRC017,0.83,EV03485,2026-07-05 23:42:15
MOV001249,PERSON,P03192,L01856,2024-03-25 09:14:22,2024-03-26 06:16:22,VISIT,,SRC021,0.76,EV02870,2025-05-25 02:52:12
MOV001250,ORGANIZATION,O0251,L00044,2026-06-16 19:37:50,2026-06-16 22:20:50,ENTRY,V00461,SRC021,0.83,EV04519,2024-03-05 06:19:51
MOV001251,PERSON,P00643,L02216,2026-03-11 06:18:23,2026-03-11 12:27:23,ENTRY,,SRC018,0.86,EV01855,2024-11-27 09:42:04
MOV001252,VEHICLE,V00240,L01806,2025-11-16 07:34:36,2025-11-17 03:36:36,TRANSIT,V00161,SRC015,0.89,EV02284,2024-04-13 12:31:16
MOV001253,PERSON,P01251,L01644,2024-09-02 00:52:36,2024-09-02 09:45:36,TRANSIT,,SRC025,0.78,EV00709,2026-07-03 00:47:14
MOV001254,PERSON,P00171,L00745,2025-10-07 04:53:45,2025-10-07 10:53:45,EXIT,V00329,SRC029,0.91,EV01122,2024-05-17 20:32:39
MOV001255,PERSON,P02479,L00560,2024-03-30 16:58:04,2024-03-30 18:30:04,TRANSIT,,SRC007,0.78,EV04345,2024-12-21 14:46:47
MOV001256,VEHICLE,V01109,L02074,2026-02-01 10:41:47,2026-02-01 20:08:47,TRANSIT,V01052,SRC010,0.87,EV00159,2024-08-31 11:41:02
MOV001257,VEHICLE,V00710,L02226,2025-11-24 13:59:10,2025-11-24 20:27:10,ENTRY,,SRC028,0.76,EV04894,2025-02-15 03:51:39
MOV001258,ORGANIZATION,O0255,L02364,2024-12-03 05:43:34,2024-12-03 15:57:34,ENTRY,,SRC021,0.91,EV04437,2024-04-28 18:53:53
MOV001259,VEHICLE,V00693,L01362,2024-01-23 03:25:14,2024-01-23 13:55:14,ENTRY,,SRC015,0.96,EV00074,2024-10-19 19:18:00
MOV001260,VEHICLE,V00159,L00788,2024-07-24 11:40:45,2024-07-25 09:06:45,TRANSIT,,SRC002,0.94,EV00915,2024-07-05 04:10:26
MOV001261,PERSON,P01048,L01388,2025-04-06 18:58:31,2025-04-07 11:05:31,VISIT,,SRC015,0.95,EV02067,2024-11-24 05:26:40
MOV001262,PERSON,P03772,L01160,2025-03-28 18:19:49,2025-03-28 22:48:49,EXIT,V00929,SRC028,0.87,EV04675,2025-03-02 03:56:12
MOV001263,PERSON,P01243,L01636,2026-03-17 08:51:16,2026-03-17 22:21:16,EXIT,V00649,SRC012,0.96,EV00541,2025-07-30 18:58:31
MOV001264,ORGANIZATION,O0056,L00254,2025-01-01 05:55:12,2025-01-01 09:02:12,VISIT,V01031,SRC019,0.88,EV02263,2025-12-22 11:28:22
MOV001265,ORGANIZATION,O0462,L01590,2026-07-03 12:21:57,2026-07-04 10:22:57,EXIT,V00021,SRC015,0.98,EV01229,2025-09-08 20:47:08
MOV001266,VEHICLE,V01014,L01759,2024-05-17 08:15:24,2024-05-18 06:09:24,ENTRY,V00410,SRC027,0.85,EV02606,2024-08-20 23:21:06
MOV001267,VEHICLE,V00485,L01415,2024-02-09 05:17:20,2024-02-10 03:49:20,EXIT,,SRC028,0.78,EV01707,2024-06-30 04:02:37
MOV001268,VEHICLE,V00246,L00874,2024-05-20 16:40:03,2024-05-21 04:22:03,VISIT,,SRC003,0.98,EV02075,2025-05-05 22:38:03
MOV001269,PERSON,P02211,L02139,2026-05-18 21:19:00,2026-05-19 10:18:00,ENTRY,,SRC029,0.85,EV04869,2025-04-09 15:39:35
MOV001270,VEHICLE,V00172,L00070,2024-08-29 03:21:00,2024-08-29 12:00:00,ENTRY,,SRC001,0.83,EV02834,2024-09-06 16:23:18
MOV001271,VEHICLE,V00244,L00874,2026-05-20 02:03:30,2026-05-20 03:59:30,EXIT,,SRC014,0.87,EV02268,2026-06-20 09:15:05
MOV001272,ORGANIZATION,O0376,L00037,2024-11-14 05:36:38,2024-11-14 23:41:38,VISIT,,SRC026,0.91,EV01947,2024-10-30 20:08:02
MOV001273,ORGANIZATION,O0261,L01849,2024-02-20 23:54:49,2024-02-21 23:33:49,VISIT,,SRC011,0.82,EV04546,2024-06-29 17:24:14
MOV001274,VEHICLE,V00322,L01031,2026-06-25 23:33:25,2026-06-26 12:15:25,VISIT,,SRC028,0.82,EV02257,2025-02-07 18:08:45
MOV001275,VEHICLE,V00220,L00316,2025-04-19 04:03:58,2025-04-20 03:53:58,VISIT,V00480,SRC009,0.89,EV01417,2025-01-12 13:42:38
MOV001276,PERSON,P02038,L01825,2024-05-06 22:58:48,2024-05-07 12:40:48,VISIT,,SRC016,0.81,EV00003,2026-07-08 19:01:01
MOV001277,ORGANIZATION,O0002,L01378,2024-10-13 14:05:30,2024-10-14 06:44:30,EXIT,V00396,SRC012,0.93,EV02932,2026-08-04 01:21:13
MOV001278,VEHICLE,V00451,L00333,2024-03-13 03:45:56,2024-03-13 12:37:56,VISIT,,SRC017,0.82,EV01765,2025-02-14 04:35:50
MOV001279,ORGANIZATION,O0372,L01413,2024-11-01 15:41:18,2024-11-02 03:25:18,ENTRY,V00796,SRC012,0.77,EV03282,2025-01-27 22:19:45
MOV001280,PERSON,P01033,L00906,2025-10-12 10:29:52,2025-10-12 22:44:52,TRANSIT,V00608,SRC011,0.94,EV03075,2024-05-30 07:08:25
MOV001281,VEHICLE,V00006,L01045,2025-09-08 06:26:52,2025-09-08 21:36:52,EXIT,,SRC008,0.93,EV03374,2024-09-15 20:37:03
MOV001282,PERSON,P01477,L02114,2026-03-22 16:33:15,2026-03-23 06:22:15,VISIT,V00166,SRC016,0.84,EV02531,2025-04-14 23:04:55
MOV001283,ORGANIZATION,O0283,L01171,2025-08-03 23:33:27,2025-08-04 02:07:27,TRANSIT,,SRC011,0.92,EV04888,2025-03-28 09:07:55
MOV001284,PERSON,P02914,L02146,2024-03-07 03:52:28,2024-03-07 23:16:28,ENTRY,V00838,SRC008,0.77,EV04220,2025-10-06 22:41:08
MOV001285,PERSON,P02113,L01970,2026-07-12 08:50:59,2026-07-12 14:56:59,ENTRY,,SRC006,0.77,EV01131,2024-12-17 08:17:40
MOV001286,PERSON,P01222,L00022,2024-05-15 16:13:09,2024-05-16 15:41:09,ENTRY,,SRC018,0.85,EV04663,2024-06-07 14:47:02
MOV001287,ORGANIZATION,O0237,L02384,2025-11-24 12:16:20,2025-11-24 21:55:20,VISIT,,SRC016,0.87,EV04388,2025-01-17 01:28:19
MOV001288,VEHICLE,V00773,L01608,2026-01-26 08:17:45,2026-01-26 11:16:45,EXIT,,SRC023,0.79,EV03431,2024-03-26 21:12:11
MOV001289,ORGANIZATION,O0043,L02206,2024-07-19 06:59:33,2024-07-19 14:41:33,ENTRY,,SRC008,0.82,EV03579,2024-06-19 03:16:58
MOV001290,PERSON,P01734,L01024,2026-02-24 14:16:36,2026-02-25 09:10:36,VISIT,,SRC013,0.78,EV03866,2025-11-15 02:40:31
MOV001291,VEHICLE,V00311,L00905,2025-01-21 07:14:19,2025-01-21 21:02:19,ENTRY,V00129,SRC005,0.93,EV03355,2025-12-02 23:10:42
MOV001292,ORGANIZATION,O0416,L01686,2025-06-15 02:54:07,2025-06-15 16:13:07,TRANSIT,V00574,SRC019,0.83,EV02629,2024-09-13 20:56:26
MOV001293,VEHICLE,V00317,L01496,2026-07-24 10:13:47,2026-07-25 07:40:47,EXIT,,SRC007,0.79,EV00134,2024-12-30 06:25:27
MOV001294,PERSON,P02488,L00137,2025-11-20 20:18:37,2025-11-21 13:40:37,EXIT,,SRC003,0.9,EV03646,2024-09-25 17:41:46
MOV001295,PERSON,P01212,L01763,2025-03-03 18:00:56,2025-03-04 13:27:56,VISIT,,SRC026,0.89,EV00340,2025-04-02 00:46:25
MOV001296,VEHICLE,V00710,L01795,2025-09-17 14:47:39,2025-09-18 12:28:39,TRANSIT,V00180,SRC008,0.92,EV01352,2024-10-10 17:43:56
MOV001297,PERSON,P01804,L01826,2025-08-28 09:05:37,2025-08-28 18:42:37,TRANSIT,,SRC027,0.87,EV04787,2025-08-17 12:02:21
MOV001298,VEHICLE,V00296,L02366,2024-03-25 21:35:13,2024-03-26 10:05:13,TRANSIT,V01159,SRC027,0.93,EV04656,2026-05-20 21:15:59
MOV001299,VEHICLE,V00408,L01521,2024-09-06 05:22:33,2024-09-07 00:48:33,ENTRY,,SRC028,0.96,EV01595,2026-04-14 11:10:57
MOV001300,PERSON,P00242,L01889,2024-09-14 17:07:27,2024-09-15 06:48:27,TRANSIT,V00151,SRC007,0.95,EV04766,2025-01-26 22:31:05
MOV001301,ORGANIZATION,O0242,L01285,2024-12-06 10:14:05,2024-12-07 01:18:05,EXIT,V00683,SRC009,0.78,EV00255,2026-02-27 13:06:41
MOV001302,VEHICLE,V00693,L00345,2024-04-06 04:20:22,2024-04-06 05:29:22,VISIT,V00089,SRC015,0.88,EV04356,2024-11-16 13:53:32
MOV001303,VEHICLE,V00776,L02012,2025-01-08 18:31:48,2025-01-09 13:29:48,ENTRY,,SRC015,0.87,EV03831,2026-01-21 11:04:44
MOV001304,VEHICLE,V00069,L01237,2024-08-19 11:00:57,2024-08-20 04:18:57,VISIT,,SRC016,0.77,EV03287,2024-08-22 00:48:00
MOV001305,ORGANIZATION,O0396,L01915,2025-09-07 18:07:18,2025-09-08 06:30:18,EXIT,,SRC018,0.98,EV01938,2025-10-20 16:10:12
MOV001306,VEHICLE,V00329,L02291,2025-08-03 20:19:07,2025-08-03 23:49:07,ENTRY,V00710,SRC022,0.8,EV01987,2024-11-20 21:45:51
MOV001307,PERSON,P02620,L01657,2025-09-24 05:31:45,2025-09-24 21:33:45,EXIT,,SRC006,0.94,EV01422,2025-05-31 05:56:59
MOV001308,ORGANIZATION,O0451,L00415,2026-08-19 11:24:50,2026-08-20 01:59:50,ENTRY,V01094,SRC005,0.84,EV03674,2024-04-06 10:10:35
MOV001309,ORGANIZATION,O0238,L01525,2024-08-07 03:35:27,2024-08-08 02:56:27,VISIT,,SRC029,0.92,EV00368,2024-02-06 01:20:28
MOV001310,PERSON,P03015,L00231,2026-08-02 13:24:48,2026-08-03 04:33:48,VISIT,V00374,SRC018,0.91,EV01858,2026-03-10 14:30:54
MOV001311,ORGANIZATION,O0091,L01621,2026-05-13 10:31:54,2026-05-14 06:55:54,TRANSIT,,SRC025,0.88,EV03205,2025-08-13 16:49:20
MOV001312,VEHICLE,V00852,L01943,2024-02-05 12:43:16,2024-02-06 07:39:16,TRANSIT,,SRC001,0.84,EV03070,2026-03-24 07:01:18
MOV001313,VEHICLE,V00510,L01906,2025-06-05 20:11:35,2025-06-05 21:04:35,VISIT,,SRC021,0.94,EV03613,2026-07-24 16:53:56
MOV001314,PERSON,P00414,L00726,2025-02-12 07:05:30,2025-02-13 06:54:30,ENTRY,V01116,SRC012,0.91,EV02234,2025-02-11 20:49:04
MOV001315,PERSON,P03252,L00641,2025-06-21 19:10:33,2025-06-22 12:27:33,EXIT,,SRC019,0.91,EV01718,2024-08-14 14:39:41
MOV001316,PERSON,P03364,L01691,2024-12-07 12:25:07,2024-12-08 00:03:07,ENTRY,,SRC016,0.79,EV02250,2024-04-14 09:09:29
MOV001317,ORGANIZATION,O0263,L00203,2025-09-14 05:29:59,2025-09-15 00:37:59,VISIT,,SRC027,0.86,EV00005,2024-01-21 20:09:52
MOV001318,PERSON,P03526,L00947,2025-05-12 15:23:32,2025-05-12 21:01:32,EXIT,V00289,SRC014,0.75,EV00537,2026-05-24 21:22:34
MOV001319,VEHICLE,V01144,L00235,2024-10-16 11:17:35,2024-10-16 18:05:35,VISIT,,SRC014,0.84,EV00801,2024-05-05 20:46:37
MOV001320,VEHICLE,V01005,L01157,2025-08-05 21:54:18,2025-08-06 12:21:18,VISIT,V01189,SRC023,0.83,EV03307,2025-01-10 07:22:11
MOV001321,PERSON,P01433,L00200,2026-04-04 03:24:12,2026-04-04 18:41:12,ENTRY,,SRC025,0.95,EV00380,2025-03-14 22:32:51
MOV001322,VEHICLE,V00665,L01747,2025-02-25 22:52:48,2025-02-26 07:42:48,ENTRY,V00536,SRC019,0.86,EV02502,2026-01-15 01:49:05
MOV001323,ORGANIZATION,O0438,L01251,2026-05-14 23:23:25,2026-05-15 23:20:25,VISIT,,SRC005,0.95,EV04281,2025-01-30 10:50:26
MOV001324,VEHICLE,V00541,L00381,2025-12-25 09:31:32,2025-12-26 09:16:32,VISIT,V00417,SRC022,0.77,EV00462,2025-12-12 07:45:10
MOV001325,ORGANIZATION,O0293,L00837,2025-12-22 12:13:19,2025-12-22 13:45:19,EXIT,,SRC024,0.94,EV03038,2025-03-05 06:29:13
MOV001326,VEHICLE,V00316,L02099,2024-10-24 15:01:37,2024-10-24 17:42:37,EXIT,,SRC020,0.83,EV00202,2025-08-09 14:19:38
MOV001327,VEHICLE,V00191,L02429,2026-04-14 20:51:27,2026-04-15 10:03:27,TRANSIT,,SRC009,0.82,EV00866,2024-03-22 02:11:44
MOV001328,ORGANIZATION,O0106,L00424,2025-03-24 01:04:06,2025-03-24 22:14:06,EXIT,V00488,SRC006,0.94,EV00894,2024-07-03 13:21:19
MOV001329,PERSON,P01011,L01485,2025-09-17 02:37:42,2025-09-17 19:47:42,TRANSIT,V00845,SRC029,0.77,EV02242,2025-12-10 15:33:21
MOV001330,ORGANIZATION,O0162,L02383,2025-09-21 11:33:54,2025-09-21 21:50:54,VISIT,V00236,SRC028,0.88,EV00438,2024-12-05 20:56:19
MOV001331,PERSON,P03981,L00804,2025-03-27 05:48:21,2025-03-27 10:03:21,TRANSIT,,SRC023,0.93,EV04053,2026-04-12 04:02:52
MOV001332,ORGANIZATION,O0316,L02027,2026-03-14 12:37:03,2026-03-15 06:48:03,ENTRY,,SRC030,0.81,EV02366,2026-07-19 02:33:38
MOV001333,ORGANIZATION,O0038,L00807,2025-05-09 20:00:15,2025-05-10 00:52:15,EXIT,,SRC002,0.86,EV01434,2026-07-29 22:34:23
MOV001334,ORGANIZATION,O0426,L01773,2026-06-19 06:29:19,2026-06-20 05:08:19,EXIT,V00152,SRC002,0.84,EV01886,2024-03-20 12:50:05
MOV001335,VEHICLE,V00701,L00489,2024-12-24 08:43:32,2024-12-24 11:52:32,VISIT,,SRC015,0.84,EV03098,2024-02-07 11:52:52
MOV001336,VEHICLE,V00501,L00816,2026-04-28 02:44:51,2026-04-28 14:00:51,EXIT,V00105,SRC022,0.85,EV00753,2024-10-20 10:55:01
MOV001337,PERSON,P01523,L01502,2025-04-28 19:48:21,2025-04-28 20:37:21,ENTRY,,SRC006,0.94,EV02681,2024-09-11 15:32:38
MOV001338,VEHICLE,V00825,L01623,2025-01-27 10:13:10,2025-01-28 00:25:10,TRANSIT,,SRC019,0.92,EV00704,2026-07-21 18:19:19
MOV001339,PERSON,P01874,L01680,2026-05-22 20:49:29,2026-05-23 17:26:29,ENTRY,,SRC026,0.84,EV03569,2024-05-15 04:46:30
MOV001340,VEHICLE,V00129,L00806,2024-10-16 03:25:57,2024-10-16 14:50:57,VISIT,,SRC030,0.87,EV04271,2024-04-15 18:31:46
MOV001341,ORGANIZATION,O0022,L01712,2026-04-20 13:06:16,2026-04-21 11:45:16,VISIT,,SRC016,0.78,EV00262,2025-01-30 22:33:01
MOV001342,VEHICLE,V00057,L01895,2026-06-04 11:50:29,2026-06-05 04:13:29,ENTRY,,SRC003,0.76,EV03091,2025-01-15 22:34:32
MOV001343,PERSON,P00257,L00520,2024-08-28 14:12:46,2024-08-28 22:46:46,TRANSIT,,SRC012,0.94,EV04840,2024-08-01 01:13:36
MOV001344,ORGANIZATION,O0340,L02196,2024-02-26 02:54:44,2024-02-26 20:50:44,EXIT,V00145,SRC027,0.92,EV01956,2025-09-30 00:28:55
MOV001345,PERSON,P03027,L02293,2025-11-13 07:16:52,2025-11-13 23:09:52,VISIT,,SRC019,0.93,EV00535,2025-09-02 14:55:56
MOV001346,VEHICLE,V00747,L00774,2026-02-13 20:13:05,2026-02-14 18:50:05,VISIT,,SRC019,0.77,EV04593,2026-05-26 14:25:37
MOV001347,ORGANIZATION,O0106,L01658,2024-11-14 03:26:20,2024-11-14 11:00:20,ENTRY,V00687,SRC001,0.95,EV02058,2025-06-04 13:00:02
MOV001348,ORGANIZATION,O0469,L01154,2025-01-30 07:33:29,2025-01-30 17:09:29,VISIT,,SRC012,0.91,EV04367,2026-01-21 12:42:06
MOV001349,ORGANIZATION,O0181,L02106,2025-06-25 19:40:23,2025-06-26 10:23:23,TRANSIT,,SRC009,0.9,EV02132,2026-05-01 23:36:53
MOV001350,VEHICLE,V00459,L02079,2025-08-06 13:41:02,2025-08-07 04:23:02,TRANSIT,,SRC028,0.87,EV04965,2024-08-13 12:00:11
MOV001351,PERSON,P00568,L01205,2026-02-18 22:09:44,2026-02-19 14:26:44,EXIT,,SRC020,0.92,EV00134,2025-12-26 16:02:57
MOV001352,PERSON,P02537,L00094,2025-05-28 02:33:22,2025-05-28 11:51:22,ENTRY,,SRC028,0.91,EV02559,2025-06-13 18:35:42
MOV001353,PERSON,P01146,L01528,2026-04-17 00:58:39,2026-04-17 10:37:39,TRANSIT,,SRC017,0.92,EV03821,2026-02-25 15:54:14
MOV001354,VEHICLE,V00371,L01879,2026-02-01 04:42:12,2026-02-01 13:48:12,TRANSIT,,SRC023,0.85,EV02476,2024-04-13 22:04:21
MOV001355,ORGANIZATION,O0194,L02156,2025-08-08 10:21:07,2025-08-09 05:25:07,EXIT,V00030,SRC002,0.78,EV04033,2026-02-13 22:27:17
MOV001356,VEHICLE,V00987,L01083,2025-10-16 23:09:33,2025-10-17 22:08:33,VISIT,V00178,SRC030,0.86,EV02706,2024-04-22 20:09:52
MOV001357,VEHICLE,V00446,L01943,2026-03-21 22:08:00,2026-03-22 21:47:00,ENTRY,,SRC021,0.84,EV03442,2024-05-26 12:28:33
MOV001358,ORGANIZATION,O0286,L00584,2024-12-13 22:45:27,2024-12-14 10:49:27,TRANSIT,V00905,SRC010,0.88,EV01540,2024-02-01 19:06:42
MOV001359,PERSON,P00611,L01542,2026-06-27 22:03:35,2026-06-28 10:35:35,EXIT,,SRC003,0.94,EV04170,2024-04-21 10:30:58
MOV001360,VEHICLE,V00562,L02182,2024-07-25 06:58:17,2024-07-25 19:00:17,VISIT,V00413,SRC026,0.84,EV00868,2025-06-20 15:58:53
MOV001361,VEHICLE,V00167,L00523,2025-07-02 16:18:51,2025-07-03 13:27:51,TRANSIT,V00633,SRC018,0.91,EV04227,2026-08-05 11:07:40
MOV001362,PERSON,P02777,L00685,2026-03-20 06:14:57,2026-03-20 14:05:57,ENTRY,V00668,SRC007,0.94,EV04846,2026-01-13 17:08:21
MOV001363,ORGANIZATION,O0313,L02385,2026-07-22 19:03:25,2026-07-22 20:32:25,ENTRY,,SRC003,0.82,EV02644,2026-01-20 18:46:28
MOV001364,ORGANIZATION,O0283,L01273,2026-04-28 11:22:49,2026-04-29 00:51:49,ENTRY,,SRC029,0.84,EV00811,2025-06-23 12:11:52
MOV001365,PERSON,P00180,L00579,2024-10-30 20:30:34,2024-10-31 12:39:34,EXIT,,SRC026,0.81,EV00428,2026-03-23 14:43:06
MOV001366,PERSON,P01687,L02321,2024-10-31 06:15:00,2024-11-01 02:53:00,ENTRY,,SRC011,0.84,EV02593,2025-03-29 01:44:24
MOV001367,PERSON,P01777,L01731,2024-09-01 05:04:04,2024-09-02 04:43:04,ENTRY,,SRC002,0.83,EV00740,2024-11-05 21:14:54
MOV001368,ORGANIZATION,O0356,L00463,2024-01-22 00:09:37,2024-01-22 13:44:37,VISIT,,SRC016,0.82,EV00192,2025-09-21 09:49:46
MOV001369,PERSON,P00257,L01525,2026-04-20 20:24:45,2026-04-21 12:50:45,ENTRY,,SRC025,0.98,EV04705,2026-05-23 15:09:26
MOV001370,PERSON,P02886,L01384,2025-08-14 02:12:48,2025-08-14 16:48:48,ENTRY,V00218,SRC013,0.97,EV01302,2024-09-24 06:14:36
MOV001371,PERSON,P02608,L01935,2024-09-04 00:26:29,2024-09-04 03:56:29,VISIT,V01160,SRC014,0.91,EV03455,2025-04-26 21:21:03
MOV001372,PERSON,P01829,L01767,2025-09-12 11:09:43,2025-09-12 17:48:43,EXIT,,SRC002,0.88,EV03585,2025-10-13 05:38:30
MOV001373,VEHICLE,V00111,L02121,2024-10-01 09:13:27,2024-10-01 20:43:27,TRANSIT,V00308,SRC012,0.95,EV00693,2025-01-24 14:57:02
MOV001374,ORGANIZATION,O0270,L00495,2025-04-04 15:44:31,2025-04-04 21:45:31,TRANSIT,V00731,SRC016,0.81,EV02315,2024-08-22 11:47:26
MOV001375,ORGANIZATION,O0047,L01212,2026-01-19 09:06:46,2026-01-19 18:07:46,VISIT,,SRC016,0.82,EV04179,2024-10-12 08:22:44
MOV001376,ORGANIZATION,O0103,L02283,2024-12-11 21:33:19,2024-12-12 19:42:19,VISIT,V00108,SRC014,0.96,EV02969,2026-04-03 08:19:10
MOV001377,ORGANIZATION,O0069,L01088,2026-01-01 03:18:50,2026-01-01 15:59:50,TRANSIT,V00147,SRC007,0.78,EV00053,2025-03-18 07:04:23
MOV001378,ORGANIZATION,O0269,L00420,2024-11-14 06:49:30,2024-11-15 01:44:30,ENTRY,,SRC029,0.92,EV03925,2026-06-13 16:20:58
MOV001379,PERSON,P01719,L00693,2024-09-24 13:10:48,2024-09-24 18:31:48,VISIT,V00010,SRC004,0.81,EV04365,2026-05-04 17:50:58
MOV001380,PERSON,P00402,L02396,2024-05-30 22:08:59,2024-05-31 16:22:59,EXIT,,SRC015,0.88,EV03646,2025-10-29 15:56:26
MOV001381,VEHICLE,V00198,L00841,2026-04-17 00:33:02,2026-04-17 22:56:02,EXIT,,SRC030,0.91,EV03945,2024-06-14 14:49:17
MOV001382,VEHICLE,V01089,L00248,2025-02-01 20:47:19,2025-02-02 19:10:19,VISIT,V00122,SRC005,0.82,EV00083,2025-10-25 22:44:12
MOV001383,ORGANIZATION,O0152,L01726,2026-08-12 10:18:37,2026-08-13 05:19:37,ENTRY,V00086,SRC024,0.97,EV02035,2026-04-27 17:13:01
MOV001384,VEHICLE,V00500,L01752,2025-07-08 23:54:27,2025-07-09 23:22:27,VISIT,V00714,SRC023,0.86,EV02199,2024-03-03 03:48:48
MOV001385,VEHICLE,V00118,L01052,2025-02-14 03:20:17,2025-02-14 14:22:17,EXIT,V00999,SRC028,0.92,EV02668,2024-11-26 09:06:57
MOV001386,ORGANIZATION,O0375,L01238,2026-05-06 12:43:50,2026-05-07 07:34:50,EXIT,V00911,SRC010,0.9,EV02205,2025-06-26 08:57:43
MOV001387,PERSON,P02796,L02097,2025-10-17 21:01:48,2025-10-18 03:05:48,TRANSIT,V00930,SRC017,0.92,EV01693,2025-08-10 23:16:20
MOV001388,PERSON,P01474,L02372,2026-06-08 03:15:18,2026-06-08 09:54:18,EXIT,,SRC022,0.95,EV02116,2024-09-10 13:04:21
MOV001389,ORGANIZATION,O0153,L01327,2024-04-28 07:22:50,2024-04-28 08:54:50,EXIT,,SRC014,0.93,EV01919,2024-03-27 16:45:19
MOV001390,VEHICLE,V00077,L00685,2025-02-24 12:24:49,2025-02-25 03:40:49,VISIT,,SRC025,0.85,EV00360,2026-01-13 02:32:35
MOV001391,ORGANIZATION,O0105,L01718,2024-11-14 23:44:48,2024-11-15 20:39:48,VISIT,V00733,SRC010,0.97,EV03236,2025-06-07 20:54:53
MOV001392,PERSON,P01647,L00624,2024-05-12 03:35:44,2024-05-12 13:34:44,TRANSIT,V00917,SRC029,0.89,EV02330,2026-08-06 10:11:19
MOV001393,PERSON,P01496,L01747,2024-07-23 04:02:41,2024-07-24 00:29:41,TRANSIT,,SRC026,0.83,EV00408,2025-09-15 07:30:09
MOV001394,PERSON,P02365,L02248,2025-08-12 23:29:24,2025-08-13 15:40:24,EXIT,,SRC025,0.92,EV01778,2024-04-05 22:34:15
MOV001395,PERSON,P01101,L01915,2024-02-26 05:39:58,2024-02-26 13:43:58,EXIT,V00533,SRC013,0.77,EV01574,2026-03-27 10:17:07
MOV001396,ORGANIZATION,O0390,L00784,2026-03-23 08:53:20,2026-03-23 22:59:20,TRANSIT,,SRC028,0.97,EV01490,2025-09-03 11:39:57
MOV001397,PERSON,P01823,L01178,2026-06-18 03:49:27,2026-06-18 18:24:27,EXIT,,SRC007,0.82,EV02909,2024-01-07 02:22:17
MOV001398,PERSON,P01554,L02235,2026-02-04 19:09:46,2026-02-04 22:43:46,EXIT,,SRC022,0.82,EV02743,2025-08-25 02:09:32
MOV001399,ORGANIZATION,O0038,L01629,2024-07-12 09:41:39,2024-07-13 03:01:39,VISIT,,SRC012,0.97,EV04977,2026-02-20 23:24:16
MOV001400,VEHICLE,V00086,L00238,2025-05-16 06:04:26,2025-05-17 00:31:26,TRANSIT,V00851,SRC027,0.79,EV04356,2026-02-27 04:38:28
MOV001401,PERSON,P01295,L02431,2025-08-26 02:23:45,2025-08-26 05:25:45,ENTRY,V00588,SRC026,0.88,EV03789,2024-02-23 23:48:59
MOV001402,PERSON,P00105,L00660,2024-11-17 16:48:32,2024-11-17 18:42:32,ENTRY,,SRC024,0.78,EV02466,2024-12-22 17:04:43
MOV001403,PERSON,P00372,L00323,2026-02-22 08:50:29,2026-02-23 03:03:29,ENTRY,V00635,SRC010,0.89,EV01477,2025-03-04 01:20:50
MOV001404,VEHICLE,V00792,L01855,2025-09-11 12:24:36,2025-09-11 23:20:36,VISIT,,SRC003,0.97,EV00795,2025-09-02 19:50:07
MOV001405,PERSON,P01487,L00823,2024-10-05 04:36:57,2024-10-05 19:37:57,TRANSIT,,SRC020,0.79,EV03613,2025-05-26 05:37:52
MOV001406,PERSON,P03771,L01036,2025-02-02 10:20:53,2025-02-03 09:40:53,VISIT,,SRC022,0.92,EV00015,2024-08-25 03:52:36
MOV001407,VEHICLE,V00678,L01189,2024-07-20 06:07:33,2024-07-20 18:33:33,ENTRY,V00987,SRC012,0.88,EV01527,2026-07-09 14:51:21
MOV001408,VEHICLE,V00143,L01796,2025-11-22 12:44:26,2025-11-23 00:37:26,EXIT,V00959,SRC023,0.89,EV00863,2025-04-07 08:10:52
MOV001409,ORGANIZATION,O0448,L01402,2026-04-23 08:44:13,2026-04-24 07:38:13,TRANSIT,,SRC015,0.95,EV04564,2025-03-08 22:41:45
MOV001410,PERSON,P02426,L00870,2026-07-25 06:39:36,2026-07-25 07:23:36,ENTRY,,SRC023,0.98,EV03912,2025-08-29 08:38:00
MOV001411,VEHICLE,V00754,L00043,2026-02-19 05:17:55,2026-02-19 19:27:55,VISIT,,SRC003,0.85,EV01492,2026-08-21 10:04:08
MOV001412,ORGANIZATION,O0113,L01651,2024-09-30 11:25:43,2024-09-30 15:22:43,EXIT,,SRC025,0.79,EV02151,2025-10-18 10:08:10
MOV001413,VEHICLE,V00144,L00597,2025-02-08 11:14:19,2025-02-08 13:03:19,ENTRY,,SRC006,0.85,EV00281,2025-02-22 15:35:28
MOV001414,ORGANIZATION,O0073,L00779,2024-07-10 07:33:46,2024-07-10 21:38:46,VISIT,V00829,SRC005,0.76,EV03146,2025-01-23 05:40:46
MOV001415,ORGANIZATION,O0301,L01757,2026-01-03 23:38:48,2026-01-04 17:32:48,TRANSIT,,SRC015,0.92,EV04942,2026-05-25 05:40:06
MOV001416,VEHICLE,V00127,L02016,2024-07-19 01:10:30,2024-07-19 21:02:30,EXIT,,SRC021,0.81,EV03691,2024-10-23 07:54:23
MOV001417,PERSON,P03010,L00281,2025-09-27 03:57:58,2025-09-27 16:13:58,ENTRY,,SRC013,0.86,EV00510,2024-05-06 08:09:33
MOV001418,PERSON,P01358,L01980,2024-10-25 14:09:18,2024-10-25 23:03:18,TRANSIT,,SRC012,0.81,EV02965,2026-02-16 11:06:30
MOV001419,PERSON,P02638,L01309,2024-12-25 06:57:47,2024-12-26 00:44:47,EXIT,V00896,SRC022,0.75,EV03303,2025-05-07 15:35:15
MOV001420,PERSON,P03257,L00980,2025-04-24 17:47:19,2025-04-25 17:35:19,TRANSIT,,SRC013,0.85,EV03167,2025-04-01 10:40:21
MOV001421,ORGANIZATION,O0337,L02364,2024-04-03 01:35:05,2024-04-03 19:33:05,VISIT,,SRC008,0.78,EV04858,2025-06-14 17:33:33
MOV001422,PERSON,P01876,L01239,2025-10-25 21:40:50,2025-10-26 03:31:50,VISIT,V00224,SRC021,0.79,EV03181,2026-02-27 23:26:58
MOV001423,VEHICLE,V00930,L01422,2024-03-08 13:49:02,2024-03-08 16:01:02,TRANSIT,,SRC003,0.81,EV03978,2024-10-18 06:26:54
MOV001424,ORGANIZATION,O0045,L01245,2026-06-04 01:09:10,2026-06-04 20:17:10,EXIT,V00936,SRC021,0.95,EV02262,2024-05-17 16:22:55
MOV001425,VEHICLE,V00644,L01662,2024-01-20 19:09:59,2024-01-21 18:54:59,EXIT,V00158,SRC020,0.8,EV03848,2025-08-20 08:15:53
MOV001426,ORGANIZATION,O0204,L00231,2026-01-28 06:25:44,2026-01-29 03:48:44,TRANSIT,,SRC016,0.91,EV02758,2024-09-18 08:39:29
MOV001427,ORGANIZATION,O0384,L01693,2026-05-27 10:24:24,2026-05-27 12:02:24,VISIT,V00432,SRC014,0.93,EV00447,2024-11-23 00:22:39
MOV001428,VEHICLE,V00031,L00037,2025-06-14 11:06:20,2025-06-15 04:55:20,EXIT,V00592,SRC009,0.82,EV02701,2025-04-21 19:14:18
MOV001429,ORGANIZATION,O0075,L02302,2024-10-19 22:28:42,2024-10-20 22:02:42,VISIT,V00368,SRC029,0.75,EV03506,2025-09-04 14:29:17
MOV001430,ORGANIZATION,O0183,L01413,2024-04-24 20:21:51,2024-04-25 19:21:51,TRANSIT,,SRC005,0.93,EV02669,2024-10-16 09:03:08
MOV001431,VEHICLE,V00482,L01656,2025-09-30 03:30:37,2025-09-30 05:23:37,ENTRY,,SRC009,0.76,EV03545,2024-07-23 07:37:35
MOV001432,PERSON,P00698,L01654,2025-07-11 16:28:57,2025-07-11 20:28:57,ENTRY,,SRC001,0.96,EV02319,2025-12-11 14:38:54
MOV001433,PERSON,P01656,L01443,2024-08-03 09:06:41,2024-08-04 01:18:41,TRANSIT,V00396,SRC013,0.83,EV04515,2024-11-04 19:51:55
MOV001434,PERSON,P03252,L01663,2024-11-30 11:17:40,2024-11-30 23:04:40,TRANSIT,,SRC022,0.96,EV00265,2026-02-20 15:48:50
MOV001435,ORGANIZATION,O0018,L00516,2024-01-29 10:26:34,2024-01-29 11:43:34,EXIT,,SRC008,0.76,EV00947,2024-10-22 13:28:24
MOV001436,PERSON,P03120,L02083,2024-04-24 16:17:59,2024-04-25 13:29:59,ENTRY,V00344,SRC015,0.94,EV01737,2024-05-21 13:37:32
MOV001437,ORGANIZATION,O0244,L02470,2025-07-26 09:01:10,2025-07-27 06:03:10,VISIT,V00106,SRC012,0.8,EV00206,2024-04-14 15:29:42
MOV001438,VEHICLE,V01169,L02037,2024-11-02 00:47:02,2024-11-02 09:24:02,ENTRY,V00064,SRC013,0.81,EV02662,2026-06-08 12:52:35
MOV001439,VEHICLE,V00978,L00274,2026-03-08 16:19:53,2026-03-09 07:29:53,VISIT,V00605,SRC004,0.78,EV03130,2025-07-08 09:45:10
MOV001440,PERSON,P02923,L01563,2026-01-08 12:56:57,2026-01-09 12:52:57,VISIT,V00924,SRC005,0.84,EV01689,2026-03-23 06:28:05
MOV001441,VEHICLE,V00836,L02247,2025-10-05 14:31:12,2025-10-05 18:40:12,EXIT,,SRC001,0.86,EV01450,2025-07-05 02:47:31
MOV001442,ORGANIZATION,O0003,L01597,2024-10-09 05:54:35,2024-10-09 10:21:35,ENTRY,,SRC030,0.97,EV02153,2026-04-04 01:29:37
MOV001443,VEHICLE,V00041,L00034,2025-10-09 12:00:12,2025-10-10 02:03:12,VISIT,V00551,SRC025,0.87,EV03679,2025-10-02 01:00:52
MOV001444,ORGANIZATION,O0215,L01326,2024-03-11 17:53:02,2024-03-11 23:29:02,ENTRY,,SRC020,0.94,EV04169,2026-03-09 21:28:05
MOV001445,ORGANIZATION,O0438,L01573,2026-08-18 06:42:57,2026-08-19 00:32:57,VISIT,,SRC019,0.83,EV00037,2025-06-07 01:30:28
MOV001446,ORGANIZATION,O0399,L00727,2025-02-09 21:20:58,2025-02-10 09:35:58,VISIT,,SRC013,0.75,EV03311,2025-12-28 10:44:31
MOV001447,PERSON,P01131,L01419,2025-11-19 02:51:24,2025-11-19 13:08:24,EXIT,,SRC021,0.94,EV02765,2025-10-12 01:07:17
MOV001448,ORGANIZATION,O0331,L00882,2026-01-01 09:41:59,2026-01-01 19:15:59,TRANSIT,,SRC003,0.94,EV02029,2024-01-11 06:51:57
MOV001449,VEHICLE,V00906,L01967,2025-11-03 00:59:37,2025-11-03 01:26:37,TRANSIT,,SRC011,0.75,EV02033,2025-01-14 05:52:39
MOV001450,PERSON,P01856,L02372,2026-08-11 23:13:53,2026-08-12 21:52:53,ENTRY,V00351,SRC025,0.85,EV00148,2024-06-05 11:17:35
MOV001451,VEHICLE,V00762,L01670,2024-08-08 03:04:52,2024-08-08 22:52:52,VISIT,,SRC020,0.79,EV01266,2026-06-03 04:31:20
MOV001452,ORGANIZATION,O0337,L01759,2025-08-27 23:34:19,2025-08-28 06:13:19,ENTRY,,SRC023,0.95,EV03826,2024-05-24 09:20:53
MOV001453,ORGANIZATION,O0213,L01453,2026-07-10 20:48:48,2026-07-11 06:25:48,EXIT,V00595,SRC026,0.9,EV03888,2024-09-09 15:25:33
MOV001454,ORGANIZATION,O0192,L01993,2024-04-13 10:18:15,2024-04-14 08:34:15,ENTRY,,SRC012,0.98,EV04913,2025-04-01 13:33:55
MOV001455,PERSON,P00857,L00703,2025-06-11 07:30:21,2025-06-11 09:14:21,EXIT,,SRC023,0.92,EV03654,2024-03-06 23:21:56
MOV001456,VEHICLE,V00670,L01074,2026-08-24 14:29:18,2026-08-25 05:26:18,ENTRY,,SRC005,0.89,EV03473,2025-10-02 08:59:15
MOV001457,VEHICLE,V00864,L00586,2025-06-26 10:10:29,2025-06-27 06:57:29,EXIT,,SRC007,0.96,EV04313,2025-04-02 13:44:39
MOV001458,PERSON,P00132,L00525,2025-09-21 12:14:00,2025-09-21 20:50:00,ENTRY,,SRC007,0.82,EV00095,2025-10-11 08:38:31
MOV001459,ORGANIZATION,O0323,L00217,2025-02-07 07:17:01,2025-02-07 17:12:01,EXIT,,SRC016,0.91,EV03155,2024-06-06 15:51:09
MOV001460,PERSON,P01643,L00470,2024-07-21 03:12:09,2024-07-21 21:46:09,VISIT,V00599,SRC024,0.85,EV03228,2024-09-29 20:34:02
MOV001461,ORGANIZATION,O0158,L00045,2024-01-24 04:26:32,2024-01-24 11:09:32,EXIT,V00118,SRC020,0.96,EV04869,2024-04-14 15:22:58
MOV001462,VEHICLE,V01078,L02275,2024-12-29 11:05:37,2024-12-29 14:07:37,VISIT,V01151,SRC026,0.95,EV00315,2025-05-11 21:12:51
MOV001463,ORGANIZATION,O0498,L02476,2024-08-02 01:30:20,2024-08-02 07:23:20,TRANSIT,,SRC002,0.89,EV01434,2024-05-22 23:59:08
MOV001464,VEHICLE,V00103,L00721,2025-01-10 00:02:40,2025-01-10 11:54:40,EXIT,,SRC009,0.97,EV04168,2026-02-19 15:12:01
MOV001465,PERSON,P02486,L01609,2024-04-30 15:51:55,2024-05-01 02:14:55,ENTRY,,SRC023,0.92,EV04479,2026-08-14 10:23:44
MOV001466,ORGANIZATION,O0329,L02444,2025-08-18 10:33:36,2025-08-19 04:33:36,VISIT,,SRC018,0.89,EV01892,2024-08-30 11:35:33
MOV001467,ORGANIZATION,O0332,L01129,2025-12-27 19:09:14,2025-12-28 08:53:14,ENTRY,,SRC023,0.81,EV04063,2024-06-22 07:53:42
MOV001468,VEHICLE,V01028,L02110,2024-08-09 17:44:24,2024-08-10 14:42:24,TRANSIT,,SRC002,0.86,EV03404,2024-10-04 15:42:42
MOV001469,ORGANIZATION,O0101,L01649,2025-07-02 21:42:39,2025-07-03 14:14:39,TRANSIT,,SRC012,0.84,EV02674,2026-01-02 17:50:06
MOV001470,VEHICLE,V00190,L00405,2024-04-15 05:29:05,2024-04-16 03:13:05,VISIT,V00337,SRC025,0.87,EV02603,2024-07-02 20:37:55
MOV001471,PERSON,P00152,L00290,2025-02-13 21:43:15,2025-02-14 07:22:15,ENTRY,,SRC014,0.93,EV02676,2024-06-01 22:47:22
MOV001472,ORGANIZATION,O0092,L00809,2024-10-16 11:03:35,2024-10-16 21:08:35,VISIT,V00988,SRC023,0.92,EV04099,2025-12-17 17:37:41
MOV001473,ORGANIZATION,O0284,L02474,2026-03-25 03:07:58,2026-03-25 23:43:58,TRANSIT,,SRC010,0.95,EV00436,2026-04-28 06:00:43
MOV001474,ORGANIZATION,O0114,L02023,2026-03-06 13:46:58,2026-03-06 16:53:58,ENTRY,,SRC026,0.91,EV03550,2026-02-26 03:28:30
MOV001475,VEHICLE,V00464,L00928,2025-06-06 04:42:09,2025-06-06 15:04:09,VISIT,,SRC024,0.91,EV04752,2026-03-28 04:00:33
MOV001476,VEHICLE,V01085,L01883,2026-05-12 02:48:41,2026-05-12 21:22:41,EXIT,,SRC024,0.92,EV00898,2024-06-06 22:48:14
MOV001477,VEHICLE,V01018,L00947,2024-04-16 21:57:11,2024-04-17 15:13:11,EXIT,,SRC023,0.84,EV03902,2026-08-17 05:43:57
MOV001478,VEHICLE,V00595,L02190,2025-07-25 08:51:58,2025-07-25 21:32:58,EXIT,,SRC014,0.98,EV01493,2025-12-03 21:31:13
MOV001479,VEHICLE,V00079,L02442,2025-09-28 02:26:39,2025-09-28 15:58:39,VISIT,,SRC011,0.83,EV00297,2024-02-06 05:19:24
MOV001480,PERSON,P02091,L00822,2024-07-06 18:12:38,2024-07-06 23:56:38,EXIT,,SRC011,0.86,EV04374,2025-04-19 02:25:44
MOV001481,VEHICLE,V00237,L00118,2025-08-22 23:01:59,2025-08-23 07:54:59,TRANSIT,,SRC017,0.81,EV02238,2024-02-27 03:26:09
MOV001482,VEHICLE,V01066,L00783,2025-10-18 15:42:10,2025-10-18 21:17:10,EXIT,,SRC021,0.94,EV04294,2026-08-16 09:30:56
MOV001483,VEHICLE,V00348,L00210,2026-01-27 02:49:29,2026-01-27 08:23:29,TRANSIT,,SRC028,0.87,EV04514,2025-01-25 02:43:32
MOV001484,PERSON,P03702,L01245,2026-07-29 17:36:13,2026-07-30 17:29:13,TRANSIT,,SRC021,0.82,EV00814,2026-06-25 10:23:35
MOV001485,ORGANIZATION,O0403,L00956,2026-01-15 07:41:44,2026-01-15 09:33:44,EXIT,V00215,SRC012,0.8,EV03461,2024-01-31 03:22:54
MOV001486,PERSON,P01806,L00185,2026-05-03 13:43:40,2026-05-03 16:22:40,VISIT,V01058,SRC014,0.88,EV01481,2024-12-21 08:46:26
MOV001487,ORGANIZATION,O0254,L02360,2024-07-30 00:02:34,2024-07-30 17:23:34,TRANSIT,,SRC006,0.79,EV03237,2026-05-03 00:10:24
MOV001488,VEHICLE,V01011,L01702,2025-07-09 15:26:47,2025-07-09 22:15:47,VISIT,,SRC029,0.93,EV01513,2024-11-13 14:09:12
MOV001489,ORGANIZATION,O0218,L01029,2026-01-08 21:04:14,2026-01-09 12:17:14,EXIT,V00651,SRC027,0.84,EV04118,2025-12-09 03:29:38
MOV001490,ORGANIZATION,O0390,L00294,2024-02-29 13:17:07,2024-03-01 04:42:07,ENTRY,,SRC010,0.84,EV02214,2026-01-07 10:04:03
MOV001491,VEHICLE,V00627,L01609,2024-11-04 03:49:30,2024-11-04 21:47:30,TRANSIT,,SRC014,0.92,EV02951,2025-02-10 04:02:03
MOV001492,VEHICLE,V00064,L02400,2025-06-29 09:02:56,2025-06-29 13:04:56,ENTRY,,SRC010,0.9,EV02984,2024-06-10 19:20:01
MOV001493,PERSON,P02338,L02443,2025-05-14 03:08:44,2025-05-14 03:40:44,EXIT,,SRC021,0.77,EV03661,2025-02-18 15:37:45
MOV001494,ORGANIZATION,O0201,L00737,2024-12-20 20:46:51,2024-12-21 06:50:51,TRANSIT,V00586,SRC019,0.79,EV01432,2024-10-28 19:06:33
MOV001495,ORGANIZATION,O0317,L00523,2025-11-23 10:15:58,2025-11-23 20:36:58,EXIT,,SRC008,0.78,EV02178,2025-01-14 10:58:33
MOV001496,PERSON,P03431,L00922,2024-07-13 17:30:45,2024-07-14 11:47:45,VISIT,,SRC009,0.79,EV00180,2026-08-23 23:31:09
MOV001497,VEHICLE,V00914,L02314,2024-11-23 11:05:43,2024-11-23 22:11:43,VISIT,,SRC007,0.85,EV00603,2025-08-28 12:01:16
MOV001498,ORGANIZATION,O0164,L00513,2024-05-01 03:42:12,2024-05-02 00:38:12,EXIT,,SRC001,0.96,EV03040,2025-05-22 01:52:51
MOV001499,VEHICLE,V00073,L01395,2025-04-24 04:08:46,2025-04-24 11:41:46,ENTRY,,SRC014,0.92,EV00649,2026-08-25 07:56:49
MOV001500,VEHICLE,V00444,L00183,2025-12-24 20:20:50,2025-12-25 14:47:50,ENTRY,,SRC007,0.95,EV04171,2024-08-16 06:22:26
MOV001501,PERSON,P01167,L01344,2026-02-10 23:49:23,2026-02-11 18:32:23,VISIT,,SRC006,0.93,EV02242,2024-02-21 16:40:43
MOV001502,VEHICLE,V00650,L00389,2025-07-04 20:59:14,2025-07-05 05:59:14,VISIT,V00290,SRC020,0.93,EV01724,2024-09-30 15:35:11
MOV001503,PERSON,P03347,L01994,2025-09-08 14:30:07,2025-09-08 19:01:07,TRANSIT,,SRC002,0.88,EV00423,2024-03-13 23:43:32
MOV001504,ORGANIZATION,O0403,L00318,2024-08-22 02:13:39,2024-08-22 04:59:39,ENTRY,,SRC023,0.76,EV04959,2024-12-22 02:16:08
MOV001505,VEHICLE,V01023,L00650,2025-12-08 23:15:00,2025-12-09 22:00:00,VISIT,,SRC004,0.81,EV00789,2024-10-22 07:37:41
MOV001506,VEHICLE,V00696,L01343,2026-04-26 21:03:35,2026-04-27 04:53:35,EXIT,,SRC010,0.89,EV02352,2024-06-06 14:34:33
MOV001507,PERSON,P01274,L01970,2024-03-17 20:01:52,2024-03-17 21:36:52,EXIT,,SRC006,0.95,EV00094,2026-02-22 21:21:13
MOV001508,ORGANIZATION,O0083,L00802,2026-04-01 17:44:28,2026-04-02 16:53:28,ENTRY,,SRC018,0.94,EV01376,2025-05-06 12:29:06
MOV001509,PERSON,P00125,L00617,2026-03-05 18:34:07,2026-03-06 05:09:07,VISIT,,SRC001,0.92,EV01796,2026-05-02 07:57:36
MOV001510,VEHICLE,V00706,L01942,2026-03-01 11:38:33,2026-03-01 13:41:33,VISIT,V01029,SRC030,0.89,EV03243,2025-03-27 01:45:49
MOV001511,VEHICLE,V01136,L02140,2025-06-15 23:46:38,2025-06-16 14:00:38,TRANSIT,,SRC007,0.83,EV04680,2025-09-29 14:48:55
MOV001512,PERSON,P02729,L02209,2024-06-03 22:15:28,2024-06-04 02:10:28,EXIT,,SRC027,0.76,EV01923,2025-06-06 17:46:11
MOV001513,ORGANIZATION,O0016,L00148,2024-11-17 22:52:49,2024-11-18 04:52:49,EXIT,V00745,SRC021,0.86,EV01740,2024-06-02 23:55:29
MOV001514,VEHICLE,V00254,L01587,2025-06-05 10:10:48,2025-06-05 19:25:48,ENTRY,V00180,SRC026,0.77,EV01826,2026-04-07 05:15:17
MOV001515,PERSON,P03574,L01400,2025-04-13 05:46:12,2025-04-13 14:25:12,VISIT,,SRC020,0.8,EV00213,2026-03-21 14:17:24
MOV001516,ORGANIZATION,O0469,L01192,2025-08-30 03:47:03,2025-08-30 07:58:03,VISIT,,SRC015,0.88,EV02604,2025-03-10 06:48:24
MOV001517,PERSON,P02185,L01787,2025-12-02 00:03:54,2025-12-02 05:27:54,TRANSIT,V00207,SRC029,0.96,EV03085,2025-06-10 21:56:40
MOV001518,VEHICLE,V00436,L01348,2026-08-13 21:28:54,2026-08-14 12:41:54,TRANSIT,,SRC009,0.93,EV03674,2024-03-03 18:49:30
MOV001519,ORGANIZATION,O0084,L00814,2024-09-16 19:24:42,2024-09-17 02:34:42,EXIT,V00517,SRC016,0.95,EV01489,2025-03-20 19:48:31
MOV001520,ORGANIZATION,O0474,L00466,2024-05-14 21:21:37,2024-05-15 14:32:37,VISIT,,SRC027,0.78,EV04397,2024-03-31 22:36:42
MOV001521,PERSON,P02877,L02349,2025-01-27 05:58:07,2025-01-27 10:21:07,TRANSIT,V00195,SRC028,0.75,EV00061,2024-09-29 23:24:07
MOV001522,ORGANIZATION,O0206,L00598,2024-02-11 17:13:55,2024-02-12 08:43:55,ENTRY,,SRC014,0.86,EV00660,2024-02-18 13:09:06
MOV001523,ORGANIZATION,O0201,L02293,2025-06-21 20:56:15,2025-06-22 00:29:15,VISIT,,SRC030,0.94,EV04514,2026-05-29 05:18:11
MOV001524,ORGANIZATION,O0008,L01867,2024-09-04 03:27:21,2024-09-04 16:01:21,ENTRY,V01142,SRC016,0.82,EV00548,2024-03-29 07:23:22
MOV001525,PERSON,P01879,L02278,2025-12-01 02:52:57,2025-12-01 22:25:57,EXIT,,SRC015,0.83,EV00155,2025-05-24 05:42:19
MOV001526,VEHICLE,V00833,L01366,2024-09-01 06:53:09,2024-09-01 14:55:09,EXIT,V00604,SRC014,0.81,EV03335,2025-09-24 05:10:31
MOV001527,ORGANIZATION,O0387,L00963,2024-03-12 01:16:18,2024-03-12 19:51:18,VISIT,V00143,SRC007,0.83,EV02333,2025-03-21 13:36:50
MOV001528,ORGANIZATION,O0107,L01473,2025-12-26 18:12:26,2025-12-27 17:00:26,ENTRY,V00251,SRC013,0.83,EV00880,2025-06-14 03:12:15
MOV001529,ORGANIZATION,O0346,L00351,2024-08-06 07:54:30,2024-08-06 14:58:30,ENTRY,,SRC010,0.8,EV00575,2025-07-17 02:10:49
MOV001530,PERSON,P01528,L01528,2024-07-29 05:04:00,2024-07-29 10:04:00,TRANSIT,V00085,SRC018,0.85,EV00154,2025-03-12 07:11:40
MOV001531,VEHICLE,V00833,L02467,2026-07-25 07:52:12,2026-07-25 20:29:12,ENTRY,,SRC016,0.96,EV04472,2026-05-30 00:52:13
MOV001532,ORGANIZATION,O0179,L00895,2024-04-14 12:17:50,2024-04-14 14:41:50,ENTRY,,SRC017,0.83,EV00683,2025-09-29 01:13:52
MOV001533,VEHICLE,V00972,L01788,2025-03-08 12:55:25,2025-03-08 18:25:25,EXIT,,SRC007,0.84,EV03669,2026-05-21 17:38:04
MOV001534,ORGANIZATION,O0378,L00948,2025-02-14 15:26:57,2025-02-14 20:19:57,TRANSIT,,SRC027,0.86,EV03851,2026-07-31 10:27:12
MOV001535,VEHICLE,V00313,L01221,2025-12-01 17:50:14,2025-12-02 08:58:14,VISIT,,SRC026,0.95,EV00614,2025-04-15 13:07:11
MOV001536,ORGANIZATION,O0125,L00505,2024-09-20 00:31:42,2024-09-20 13:35:42,TRANSIT,,SRC009,0.83,EV01276,2025-07-21 19:25:42
MOV001537,ORGANIZATION,O0285,L01791,2024-05-17 04:26:07,2024-05-17 13:44:07,ENTRY,,SRC023,0.85,EV02302,2025-06-25 08:15:34
MOV001538,VEHICLE,V01158,L00559,2025-07-07 02:04:07,2025-07-08 01:04:07,EXIT,,SRC002,0.9,EV03054,2026-02-26 18:58:58
MOV001539,PERSON,P01722,L01298,2025-07-11 11:43:33,2025-07-11 13:15:33,TRANSIT,,SRC029,0.88,EV01491,2024-11-19 07:30:35
MOV001540,ORGANIZATION,O0246,L02376,2025-07-17 07:23:44,2025-07-17 08:51:44,TRANSIT,,SRC015,0.83,EV02210,2025-02-05 17:34:00
MOV001541,ORGANIZATION,O0084,L01661,2025-02-08 12:33:37,2025-02-08 19:11:37,EXIT,,SRC027,0.78,EV01732,2026-06-20 15:00:00
MOV001542,ORGANIZATION,O0051,L00645,2024-03-23 20:03:39,2024-03-24 05:12:39,VISIT,,SRC016,0.9,EV02726,2025-05-11 15:53:01
MOV001543,ORGANIZATION,O0251,L02252,2024-12-06 11:16:03,2024-12-07 09:02:03,TRANSIT,V00401,SRC014,0.78,EV02800,2025-07-02 23:43:17
MOV001544,PERSON,P02957,L01172,2025-09-12 00:46:27,2025-09-12 07:29:27,ENTRY,V00491,SRC015,0.94,EV03181,2025-04-16 17:30:07
MOV001545,ORGANIZATION,O0440,L01703,2024-10-04 13:56:10,2024-10-05 06:23:10,ENTRY,,SRC008,0.93,EV01160,2025-07-28 07:56:53
MOV001546,VEHICLE,V00043,L02013,2025-03-30 00:26:41,2025-03-30 12:00:41,TRANSIT,V00952,SRC015,0.88,EV00986,2024-07-15 05:42:31
MOV001547,ORGANIZATION,O0359,L01630,2024-07-26 23:25:51,2024-07-27 11:31:51,VISIT,,SRC004,0.97,EV04011,2024-10-25 04:32:52
MOV001548,VEHICLE,V00814,L00531,2024-10-16 02:36:46,2024-10-16 11:55:46,TRANSIT,V00325,SRC015,0.8,EV02937,2024-10-16 14:13:17
MOV001549,VEHICLE,V00824,L02203,2024-01-28 03:32:47,2024-01-28 18:03:47,TRANSIT,,SRC005,0.98,EV00116,2026-04-18 03:47:49
MOV001550,PERSON,P01381,L01139,2024-12-17 10:41:06,2024-12-18 05:03:06,ENTRY,,SRC025,0.79,EV03683,2025-12-14 19:12:17
MOV001551,PERSON,P03153,L01676,2024-01-19 18:14:20,2024-01-20 16:44:20,TRANSIT,,SRC020,0.92,EV00551,2025-01-19 12:58:24
MOV001552,PERSON,P00982,L00124,2024-02-28 10:22:25,2024-02-28 13:53:25,ENTRY,V00866,SRC021,0.83,EV03868,2026-04-28 00:59:50
MOV001553,VEHICLE,V01000,L00803,2025-10-04 18:20:37,2025-10-05 02:30:37,ENTRY,,SRC001,0.88,EV02004,2025-06-02 06:10:28
MOV001554,PERSON,P02249,L01258,2024-04-27 05:19:22,2024-04-28 01:58:22,VISIT,,SRC020,0.9,EV01583,2024-08-28 00:07:28
MOV001555,ORGANIZATION,O0122,L01155,2025-02-11 06:48:09,2025-02-11 14:09:09,EXIT,,SRC008,0.86,EV03874,2024-11-05 00:41:45
MOV001556,VEHICLE,V00364,L02074,2025-10-07 18:15:07,2025-10-07 23:20:07,EXIT,V00497,SRC005,0.86,EV04215,2024-11-17 12:42:51
MOV001557,ORGANIZATION,O0291,L01377,2026-03-07 01:46:02,2026-03-07 09:28:02,ENTRY,,SRC005,0.93,EV02477,2026-07-05 01:36:52
MOV001558,ORGANIZATION,O0486,L00769,2026-04-20 18:32:31,2026-04-20 19:03:31,EXIT,,SRC011,0.87,EV00483,2024-12-04 19:59:36
MOV001559,VEHICLE,V00122,L00418,2026-04-27 08:54:09,2026-04-27 17:07:09,TRANSIT,,SRC022,0.86,EV00596,2024-08-17 11:35:18
MOV001560,VEHICLE,V00243,L01035,2025-06-26 09:25:55,2025-06-26 23:13:55,VISIT,V00020,SRC002,0.83,EV03707,2026-02-16 05:05:19
MOV001561,PERSON,P02359,L02493,2026-02-27 21:00:52,2026-02-28 08:55:52,ENTRY,,SRC021,0.87,EV02171,2024-04-10 20:31:15
MOV001562,ORGANIZATION,O0478,L01364,2025-09-29 19:49:20,2025-09-29 20:48:20,ENTRY,V00727,SRC007,0.79,EV02642,2025-07-28 17:39:26
MOV001563,PERSON,P02990,L02020,2024-02-08 22:45:29,2024-02-09 02:40:29,VISIT,,SRC020,0.85,EV00360,2024-03-13 00:20:09
MOV001564,ORGANIZATION,O0117,L01432,2025-08-09 21:01:25,2025-08-10 19:13:25,ENTRY,,SRC019,0.96,EV02121,2024-03-21 14:00:01
MOV001565,VEHICLE,V01080,L01802,2024-12-30 15:51:20,2024-12-31 02:07:20,EXIT,,SRC007,0.94,EV02428,2025-05-17 19:38:14
MOV001566,VEHICLE,V01032,L01379,2026-03-25 23:17:03,2026-03-26 11:48:03,VISIT,,SRC029,0.75,EV02901,2025-02-17 03:31:45
MOV001567,ORGANIZATION,O0254,L01028,2025-03-30 14:56:05,2025-03-30 22:50:05,ENTRY,V00521,SRC013,0.85,EV01858,2026-05-18 12:46:00
MOV001568,VEHICLE,V00637,L00627,2024-05-02 04:10:15,2024-05-03 00:23:15,EXIT,,SRC014,0.77,EV01059,2025-08-24 04:58:06
MOV001569,ORGANIZATION,O0026,L01874,2026-01-24 03:01:07,2026-01-24 04:07:07,EXIT,,SRC028,0.95,EV02985,2024-07-29 12:42:39
MOV001570,PERSON,P00238,L00481,2025-06-28 17:21:14,2025-06-29 03:49:14,ENTRY,V00451,SRC016,0.8,EV04628,2024-07-12 12:24:35
MOV001571,ORGANIZATION,O0464,L00546,2026-04-25 18:37:08,2026-04-26 10:08:08,VISIT,,SRC017,0.85,EV00389,2024-04-28 08:24:32
MOV001572,ORGANIZATION,O0039,L00438,2025-10-01 13:46:09,2025-10-01 19:57:09,EXIT,,SRC020,0.96,EV03982,2025-06-12 09:51:02
MOV001573,VEHICLE,V01046,L02157,2026-03-28 09:15:40,2026-03-28 18:57:40,VISIT,,SRC008,0.82,EV00842,2025-04-25 22:52:29
MOV001574,ORGANIZATION,O0011,L01341,2024-03-11 13:35:55,2024-03-12 09:14:55,EXIT,,SRC001,0.92,EV04807,2024-01-23 16:04:56
MOV001575,VEHICLE,V00998,L00687,2024-02-20 10:01:02,2024-02-20 16:30:02,TRANSIT,V00712,SRC004,0.77,EV03222,2025-10-15 05:45:16
MOV001576,PERSON,P01616,L02406,2025-01-30 12:30:56,2025-01-30 15:08:56,TRANSIT,,SRC020,0.9,EV04786,2026-06-29 00:08:36
MOV001577,ORGANIZATION,O0191,L00385,2025-09-11 13:09:16,2025-09-11 13:46:16,VISIT,,SRC008,0.98,EV01643,2024-07-15 13:47:05
MOV001578,VEHICLE,V00432,L00158,2025-07-16 02:35:02,2025-07-16 07:28:02,ENTRY,V00884,SRC005,0.98,EV03600,2025-11-11 23:56:57
MOV001579,PERSON,P02358,L01017,2025-12-28 08:55:58,2025-12-29 02:59:58,VISIT,V00220,SRC001,0.91,EV04146,2025-03-09 20:22:31
MOV001580,ORGANIZATION,O0053,L01261,2024-10-27 21:42:27,2024-10-28 18:39:27,EXIT,,SRC011,0.87,EV02703,2025-11-16 20:34:27
MOV001581,PERSON,P02695,L02370,2025-11-23 03:04:51,2025-11-23 19:44:51,VISIT,,SRC018,0.82,EV01996,2024-08-15 04:18:11
MOV001582,PERSON,P02527,L01511,2024-07-07 23:44:34,2024-07-08 07:55:34,EXIT,,SRC026,0.93,EV01523,2025-05-11 18:43:17
MOV001583,VEHICLE,V00604,L00347,2024-09-06 08:37:01,2024-09-06 19:29:01,TRANSIT,,SRC006,0.85,EV04321,2026-04-25 20:02:30
MOV001584,ORGANIZATION,O0163,L00231,2026-04-23 09:40:38,2026-04-23 10:42:38,ENTRY,V00332,SRC001,0.78,EV04217,2025-06-26 09:59:44
MOV001585,ORGANIZATION,O0109,L02418,2025-06-19 11:10:21,2025-06-20 06:30:21,TRANSIT,,SRC028,0.86,EV03755,2024-11-18 16:36:41
MOV001586,ORGANIZATION,O0021,L00645,2025-09-07 13:02:52,2025-09-08 08:18:52,VISIT,,SRC025,0.86,EV02271,2026-03-24 23:41:03
MOV001587,PERSON,P01695,L02412,2026-06-05 23:02:14,2026-06-06 19:44:14,ENTRY,,SRC027,0.86,EV02738,2024-09-03 02:51:27
MOV001588,VEHICLE,V00501,L02197,2024-10-24 12:10:13,2024-10-25 06:49:13,VISIT,,SRC020,0.89,EV03117,2025-12-21 06:38:36
MOV001589,ORGANIZATION,O0365,L00834,2025-07-31 08:29:42,2025-08-01 02:21:42,TRANSIT,V00881,SRC012,0.9,EV00254,2026-01-13 22:07:59
MOV001590,PERSON,P03111,L00844,2026-02-17 11:12:44,2026-02-17 14:18:44,VISIT,,SRC028,0.87,EV04981,2024-11-12 07:20:17
MOV001591,ORGANIZATION,O0131,L00407,2024-03-26 15:54:20,2024-03-27 15:39:20,ENTRY,,SRC025,0.94,EV01584,2026-02-23 15:29:17
MOV001592,PERSON,P00413,L00735,2026-01-17 23:50:33,2026-01-18 07:22:33,TRANSIT,,SRC030,0.79,EV02590,2026-04-17 09:13:00
MOV001593,PERSON,P03407,L00459,2025-03-14 08:13:23,2025-03-14 21:30:23,EXIT,,SRC012,0.92,EV03029,2025-10-04 14:49:49
MOV001594,VEHICLE,V00304,L01852,2026-06-18 09:16:26,2026-06-18 17:46:26,TRANSIT,V00972,SRC023,0.81,EV03255,2024-11-19 07:08:02
MOV001595,ORGANIZATION,O0214,L00469,2026-07-22 15:56:19,2026-07-22 16:55:19,TRANSIT,V00952,SRC012,0.88,EV03383,2026-03-10 21:51:44
MOV001596,PERSON,P02699,L01972,2026-02-09 23:28:36,2026-02-10 09:32:36,VISIT,V00436,SRC028,0.87,EV00473,2024-11-17 19:21:03
MOV001597,VEHICLE,V00552,L00586,2024-05-31 17:39:13,2024-05-31 19:09:13,ENTRY,V00840,SRC023,0.81,EV00492,2026-06-03 20:29:34
MOV001598,VEHICLE,V00780,L02252,2024-10-07 07:32:47,2024-10-08 01:31:47,ENTRY,,SRC030,0.78,EV01600,2024-10-10 10:06:40
MOV001599,PERSON,P02791,L01280,2024-02-24 18:30:42,2024-02-25 12:13:42,VISIT,V01136,SRC022,0.94,EV04250,2026-08-29 17:13:46
MOV001600,VEHICLE,V00997,L01595,2026-03-17 19:39:55,2026-03-18 06:12:55,VISIT,V00713,SRC007,0.89,EV02896,2026-07-08 05:05:28
MOV001601,ORGANIZATION,O0339,L00814,2026-01-05 21:50:34,2026-01-06 21:13:34,TRANSIT,V00756,SRC030,0.91,EV01737,2024-06-11 03:51:06
MOV001602,VEHICLE,V01168,L00779,2024-05-31 19:40:50,2024-06-01 10:34:50,ENTRY,,SRC020,0.93,EV02474,2026-08-25 22:04:49
MOV001603,PERSON,P01857,L00822,2025-08-11 19:46:28,2025-08-12 11:35:28,EXIT,,SRC015,0.75,EV00529,2024-02-02 19:32:34
MOV001604,PERSON,P01014,L02196,2024-09-27 10:43:53,2024-09-28 00:18:53,EXIT,V00728,SRC011,0.8,EV00154,2024-06-05 03:37:09
MOV001605,VEHICLE,V00192,L01098,2024-01-19 13:24:57,2024-01-20 11:44:57,TRANSIT,,SRC025,0.93,EV04919,2024-03-16 20:06:29
MOV001606,ORGANIZATION,O0275,L01989,2026-01-06 00:23:37,2026-01-06 00:53:37,TRANSIT,,SRC018,0.82,EV02351,2024-10-23 06:49:46
MOV001607,PERSON,P01823,L00020,2025-10-11 23:09:38,2025-10-12 15:50:38,TRANSIT,,SRC020,0.93,EV01894,2025-08-29 20:05:14
MOV001608,PERSON,P03272,L02013,2025-08-20 09:21:47,2025-08-20 13:36:47,EXIT,,SRC005,0.86,EV04435,2025-12-04 21:16:53
MOV001609,ORGANIZATION,O0339,L02316,2026-05-02 04:09:47,2026-05-02 07:51:47,TRANSIT,,SRC003,0.93,EV00616,2024-04-28 08:46:57
MOV001610,PERSON,P03728,L00223,2024-08-20 15:20:03,2024-08-20 23:12:03,ENTRY,,SRC026,0.95,EV00166,2024-02-12 13:57:32
MOV001611,PERSON,P02517,L00817,2024-04-12 09:01:26,2024-04-12 20:40:26,TRANSIT,V00634,SRC024,0.96,EV04083,2026-06-11 07:42:03
MOV001612,VEHICLE,V00986,L02420,2025-03-20 00:13:25,2025-03-20 05:21:25,VISIT,V00190,SRC027,0.83,EV01483,2024-07-21 11:47:08
MOV001613,ORGANIZATION,O0229,L01970,2024-03-19 04:02:35,2024-03-19 09:34:35,ENTRY,V01005,SRC011,0.75,EV00310,2024-06-22 04:54:33
MOV001614,PERSON,P00543,L00095,2024-06-13 10:41:28,2024-06-14 10:37:28,ENTRY,,SRC020,0.82,EV02155,2025-07-17 06:21:37
MOV001615,ORGANIZATION,O0466,L01366,2026-06-18 07:25:45,2026-06-18 16:50:45,VISIT,,SRC027,0.81,EV04223,2024-08-03 05:57:50
MOV001616,VEHICLE,V00959,L00963,2025-09-02 16:26:02,2025-09-03 10:47:02,ENTRY,V00079,SRC019,0.75,EV04629,2025-10-28 20:13:56
MOV001617,PERSON,P00065,L00254,2024-08-08 06:49:43,2024-08-08 19:19:43,EXIT,,SRC004,0.8,EV03251,2024-09-05 12:00:05
MOV001618,VEHICLE,V00605,L02154,2025-04-23 18:05:12,2025-04-24 13:29:12,EXIT,V01111,SRC027,0.86,EV03679,2025-03-28 22:13:31
MOV001619,ORGANIZATION,O0134,L01488,2025-01-22 10:29:14,2025-01-22 13:25:14,VISIT,,SRC007,0.79,EV02052,2025-02-25 03:06:44
MOV001620,PERSON,P03107,L01999,2025-12-30 22:49:40,2025-12-31 02:21:40,TRANSIT,,SRC018,0.91,EV04188,2024-03-30 01:00:14
MOV001621,VEHICLE,V00906,L00551,2024-05-16 12:19:30,2024-05-16 12:49:30,ENTRY,,SRC025,0.9,EV04072,2024-04-30 10:26:12
MOV001622,PERSON,P02366,L02017,2024-10-26 22:21:53,2024-10-27 05:45:53,VISIT,,SRC020,0.78,EV02700,2026-03-26 00:29:49
MOV001623,PERSON,P00412,L01667,2025-02-28 05:21:17,2025-02-28 11:18:17,EXIT,,SRC015,0.86,EV01820,2024-03-18 00:13:33
MOV001624,VEHICLE,V01030,L00054,2025-06-17 22:01:24,2025-06-18 06:48:24,EXIT,V00579,SRC010,0.88,EV04900,2024-07-03 23:34:25
MOV001625,PERSON,P01375,L01285,2026-03-20 02:02:22,2026-03-20 19:59:22,TRANSIT,,SRC001,0.77,EV03564,2024-07-15 08:11:02
MOV001626,PERSON,P00597,L01827,2025-05-13 11:41:01,2025-05-14 00:41:01,ENTRY,V00458,SRC005,0.88,EV03266,2024-01-08 10:38:07
MOV001627,VEHICLE,V00873,L00774,2026-01-21 05:05:09,2026-01-21 11:17:09,TRANSIT,,SRC011,0.92,EV00635,2026-04-26 01:55:51
MOV001628,PERSON,P00396,L00279,2025-02-23 01:21:46,2025-02-24 01:15:46,ENTRY,,SRC016,0.86,EV01318,2026-06-15 01:26:35
MOV001629,PERSON,P02206,L00375,2026-03-13 15:00:38,2026-03-14 14:02:38,TRANSIT,,SRC008,0.94,EV03956,2024-10-20 23:27:00
MOV001630,PERSON,P00757,L02236,2025-12-11 21:52:17,2025-12-12 13:28:17,TRANSIT,,SRC013,0.82,EV02980,2024-01-21 08:59:20
MOV001631,PERSON,P00621,L00827,2025-10-02 19:14:26,2025-10-03 07:40:26,ENTRY,,SRC007,0.78,EV01782,2025-12-02 00:25:55
MOV001632,PERSON,P01262,L00513,2024-08-29 13:59:25,2024-08-29 22:31:25,VISIT,V00624,SRC014,0.91,EV02243,2024-01-29 11:24:04
MOV001633,PERSON,P01144,L00418,2024-07-13 14:55:40,2024-07-14 12:33:40,EXIT,,SRC023,0.92,EV04036,2024-02-01 17:04:21
MOV001634,PERSON,P00116,L01246,2024-12-08 23:15:30,2024-12-09 12:44:30,TRANSIT,V00825,SRC001,0.9,EV00859,2025-12-03 15:56:16
MOV001635,VEHICLE,V01002,L02281,2026-03-06 10:11:23,2026-03-06 14:23:23,EXIT,,SRC028,0.88,EV03932,2025-10-19 02:58:38
MOV001636,VEHICLE,V00103,L02393,2025-04-29 11:39:36,2025-04-30 00:27:36,VISIT,,SRC002,0.83,EV02014,2026-03-21 15:37:04
MOV001637,ORGANIZATION,O0300,L01362,2024-11-05 00:02:12,2024-11-06 00:01:12,EXIT,V00125,SRC026,0.77,EV00605,2026-02-04 04:35:57
MOV001638,ORGANIZATION,O0088,L00979,2026-06-04 03:58:07,2026-06-04 16:01:07,EXIT,,SRC012,0.87,EV03795,2025-10-20 11:25:17
MOV001639,VEHICLE,V01169,L01202,2024-02-03 21:16:41,2024-02-04 07:29:41,TRANSIT,,SRC016,0.98,EV03367,2026-03-09 00:24:41
MOV001640,ORGANIZATION,O0317,L01426,2024-09-09 10:50:40,2024-09-10 03:31:40,ENTRY,,SRC015,0.89,EV04788,2024-11-05 12:23:49
MOV001641,VEHICLE,V00767,L00266,2025-03-14 12:37:27,2025-03-14 13:58:27,EXIT,V00604,SRC020,0.87,EV03130,2025-06-02 12:06:48
MOV001642,PERSON,P01376,L01304,2025-06-01 15:02:42,2025-06-01 20:26:42,VISIT,V00178,SRC023,0.89,EV02634,2025-01-13 13:08:00
MOV001643,PERSON,P02620,L00177,2024-03-16 16:23:03,2024-03-16 17:54:03,ENTRY,,SRC011,0.93,EV01885,2026-01-27 00:03:46
MOV001644,PERSON,P02229,L00344,2024-02-09 12:14:08,2024-02-10 01:14:08,TRANSIT,,SRC020,0.86,EV00895,2026-07-22 12:58:13
MOV001645,VEHICLE,V00192,L00024,2026-04-11 23:07:59,2026-04-12 08:14:59,ENTRY,,SRC002,0.79,EV02116,2024-03-10 05:53:06
MOV001646,ORGANIZATION,O0207,L00063,2025-03-17 04:22:57,2025-03-17 12:31:57,EXIT,,SRC029,0.97,EV02124,2026-05-19 03:31:42
MOV001647,ORGANIZATION,O0341,L00376,2025-06-24 08:57:21,2025-06-24 19:52:21,EXIT,V01148,SRC026,0.85,EV00209,2024-05-20 11:57:32
MOV001648,ORGANIZATION,O0073,L02058,2024-06-06 22:52:25,2024-06-06 23:51:25,VISIT,,SRC029,0.83,EV03825,2025-08-09 08:14:00
MOV001649,PERSON,P00617,L01597,2026-01-11 12:00:48,2026-01-12 09:21:48,EXIT,V00280,SRC012,0.97,EV02761,2026-03-30 03:50:35
MOV001650,ORGANIZATION,O0259,L01726,2024-09-29 14:56:08,2024-09-30 03:35:08,VISIT,V01175,SRC007,0.77,EV03112,2024-11-07 08:35:46
MOV001651,ORGANIZATION,O0155,L00478,2024-06-28 10:51:48,2024-06-28 15:34:48,VISIT,V00416,SRC028,0.78,EV01434,2026-08-18 15:24:31
MOV001652,PERSON,P01306,L02143,2025-07-24 00:19:38,2025-07-24 20:26:38,TRANSIT,,SRC020,0.75,EV01083,2024-12-26 10:04:15
MOV001653,ORGANIZATION,O0309,L02012,2026-07-28 09:30:33,2026-07-28 20:14:33,VISIT,V00899,SRC018,0.94,EV04280,2024-06-01 11:33:47
MOV001654,ORGANIZATION,O0141,L02329,2024-05-29 00:34:46,2024-05-29 08:21:46,ENTRY,,SRC006,0.86,EV00015,2024-05-18 19:17:28
MOV001655,PERSON,P02934,L01189,2026-03-19 09:31:10,2026-03-19 16:12:10,EXIT,,SRC028,0.91,EV03498,2024-10-11 21:39:12
MOV001656,PERSON,P02876,L01248,2025-08-17 02:02:39,2025-08-17 14:47:39,VISIT,,SRC006,0.81,EV01030,2025-08-12 17:53:51
MOV001657,PERSON,P03139,L01109,2025-07-16 01:44:36,2025-07-16 19:19:36,TRANSIT,V00555,SRC012,0.8,EV04955,2024-04-08 17:06:13
MOV001658,VEHICLE,V01019,L01743,2025-02-19 20:11:39,2025-02-20 02:34:39,EXIT,,SRC028,0.79,EV00035,2024-01-03 08:40:14
MOV001659,PERSON,P00240,L02251,2026-03-17 13:19:58,2026-03-17 20:00:58,VISIT,,SRC025,0.94,EV00866,2024-12-31 02:35:23
MOV001660,ORGANIZATION,O0351,L01848,2026-08-01 01:19:54,2026-08-01 16:48:54,TRANSIT,,SRC013,0.79,EV04010,2025-06-23 07:39:28
MOV001661,PERSON,P02148,L01933,2025-03-14 22:08:57,2025-03-15 02:44:57,EXIT,,SRC009,0.97,EV00608,2025-10-16 14:10:31
MOV001662,VEHICLE,V00171,L01085,2026-06-08 09:16:38,2026-06-08 13:11:38,ENTRY,V00680,SRC020,0.9,EV03520,2025-06-23 13:40:20
MOV001663,VEHICLE,V01082,L02121,2024-05-27 22:05:51,2024-05-28 10:46:51,EXIT,V00299,SRC015,0.9,EV00673,2024-01-28 03:37:27
MOV001664,PERSON,P00709,L01360,2025-12-15 15:55:09,2025-12-15 19:09:09,TRANSIT,,SRC005,0.86,EV01470,2026-02-17 01:13:36
MOV001665,PERSON,P03603,L01575,2024-06-11 20:21:06,2024-06-12 07:11:06,VISIT,,SRC005,0.96,EV01830,2026-05-06 14:59:55
MOV001666,VEHICLE,V00241,L01495,2026-04-23 03:50:44,2026-04-24 02:01:44,VISIT,,SRC008,0.89,EV01446,2026-01-07 22:00:15
MOV001667,VEHICLE,V00191,L00668,2025-12-13 21:33:50,2025-12-14 20:29:50,EXIT,,SRC013,0.87,EV03791,2024-07-13 07:23:57
MOV001668,PERSON,P00807,L02148,2024-04-08 08:52:26,2024-04-08 13:54:26,EXIT,,SRC004,0.83,EV01525,2024-12-23 09:35:18
MOV001669,ORGANIZATION,O0449,L00689,2024-05-15 17:51:35,2024-05-16 15:14:35,ENTRY,V00549,SRC029,0.92,EV00837,2026-03-17 02:14:56
MOV001670,VEHICLE,V00829,L01375,2025-12-08 23:13:43,2025-12-09 00:44:43,ENTRY,,SRC026,0.94,EV04711,2026-07-16 22:24:44
MOV001671,VEHICLE,V00731,L00627,2025-10-09 09:26:23,2025-10-10 07:59:23,EXIT,,SRC022,0.87,EV04125,2025-05-08 22:53:55
MOV001672,VEHICLE,V00879,L01205,2026-07-10 12:05:11,2026-07-10 20:55:11,ENTRY,,SRC015,0.82,EV00328,2025-01-20 09:36:11
MOV001673,PERSON,P00770,L00671,2025-09-24 21:37:38,2025-09-25 18:59:38,VISIT,,SRC019,0.81,EV00179,2026-08-21 22:04:03
MOV001674,ORGANIZATION,O0123,L01246,2025-06-10 08:16:30,2025-06-11 06:07:30,TRANSIT,V00215,SRC008,0.87,EV02718,2024-12-25 00:43:52
MOV001675,ORGANIZATION,O0302,L01069,2024-06-07 07:53:06,2024-06-07 08:48:06,EXIT,,SRC017,0.76,EV01435,2024-12-18 13:41:46
MOV001676,PERSON,P03216,L01108,2024-11-16 15:29:18,2024-11-16 18:53:18,EXIT,,SRC018,0.85,EV04839,2026-05-12 11:38:14
MOV001677,VEHICLE,V00055,L01060,2024-10-12 04:40:31,2024-10-12 07:58:31,ENTRY,,SRC006,0.86,EV03822,2025-04-05 23:38:43
MOV001678,VEHICLE,V01072,L00430,2024-03-28 22:15:10,2024-03-29 16:35:10,TRANSIT,V01048,SRC007,0.77,EV01516,2025-05-27 18:16:42
MOV001679,ORGANIZATION,O0403,L02164,2025-09-01 14:29:34,2025-09-01 17:06:34,EXIT,,SRC007,0.77,EV01131,2025-03-15 03:55:01
MOV001680,ORGANIZATION,O0348,L00714,2025-09-20 21:19:26,2025-09-21 21:07:26,EXIT,,SRC002,0.92,EV04973,2026-01-20 21:37:20
MOV001681,VEHICLE,V00541,L01580,2025-05-06 05:10:28,2025-05-06 05:25:28,TRANSIT,,SRC018,0.85,EV02669,2025-02-18 02:56:10
MOV001682,VEHICLE,V00886,L01503,2024-02-16 14:43:43,2024-02-16 14:58:43,ENTRY,,SRC022,0.88,EV02484,2024-08-26 09:46:34
MOV001683,VEHICLE,V00670,L02055,2024-11-23 17:59:25,2024-11-24 00:47:25,ENTRY,,SRC028,0.81,EV03353,2025-04-21 06:38:29
MOV001684,ORGANIZATION,O0313,L01101,2025-04-24 10:48:54,2025-04-24 17:09:54,EXIT,,SRC014,0.98,EV00947,2024-03-02 05:31:53
MOV001685,PERSON,P01438,L01307,2025-10-25 04:57:04,2025-10-25 20:16:04,ENTRY,V01032,SRC011,0.79,EV04559,2026-08-21 09:38:58
MOV001686,ORGANIZATION,O0216,L01535,2025-10-17 10:20:14,2025-10-17 22:14:14,TRANSIT,,SRC022,0.92,EV04001,2025-12-25 20:55:51
MOV001687,PERSON,P03291,L00486,2026-06-30 21:53:59,2026-07-01 02:51:59,TRANSIT,V00278,SRC007,0.97,EV00371,2024-09-11 10:25:03
MOV001688,VEHICLE,V00924,L00582,2024-04-12 08:22:36,2024-04-12 10:14:36,EXIT,V01104,SRC010,0.96,EV04507,2026-02-06 07:32:34
MOV001689,ORGANIZATION,O0069,L01130,2026-04-06 05:57:01,2026-04-06 12:38:01,ENTRY,V00833,SRC023,0.85,EV03629,2024-01-19 05:47:06
MOV001690,VEHICLE,V00580,L00698,2024-07-20 15:58:51,2024-07-21 08:17:51,VISIT,V00479,SRC005,0.79,EV03560,2026-08-17 01:09:35
MOV001691,VEHICLE,V00643,L00748,2024-09-09 08:17:32,2024-09-10 03:32:32,TRANSIT,,SRC018,0.8,EV00888,2025-01-15 20:22:35
MOV001692,VEHICLE,V00956,L00926,2024-04-22 08:15:51,2024-04-22 15:56:51,ENTRY,V00082,SRC020,0.9,EV03734,2024-07-11 12:52:53
MOV001693,VEHICLE,V00829,L01231,2025-08-24 14:29:49,2025-08-25 09:51:49,EXIT,,SRC028,0.82,EV04359,2025-04-06 16:30:15
MOV001694,PERSON,P00412,L01622,2024-08-03 14:20:56,2024-08-04 08:23:56,TRANSIT,,SRC009,0.86,EV04249,2024-03-04 17:39:33
MOV001695,ORGANIZATION,O0313,L02029,2025-06-16 03:11:42,2025-06-16 06:16:42,TRANSIT,V00908,SRC026,0.76,EV01643,2025-01-09 05:37:09
MOV001696,ORGANIZATION,O0153,L01982,2026-05-08 19:04:28,2026-05-09 14:38:28,ENTRY,,SRC023,0.86,EV00614,2025-09-21 15:07:50
MOV001697,ORGANIZATION,O0389,L02259,2024-05-10 12:28:16,2024-05-10 15:19:16,EXIT,,SRC009,0.88,EV02995,2024-06-09 12:38:36
MOV001698,VEHICLE,V00239,L01091,2024-02-14 03:26:50,2024-02-14 14:32:50,ENTRY,,SRC029,0.78,EV04405,2024-09-20 07:49:57
MOV001699,ORGANIZATION,O0096,L01025,2024-12-23 16:43:49,2024-12-23 23:23:49,TRANSIT,V00891,SRC024,0.97,EV04902,2025-08-25 21:12:40
MOV001700,VEHICLE,V01090,L01713,2024-06-04 02:54:26,2024-06-04 10:15:26,VISIT,,SRC018,0.96,EV01195,2025-04-14 08:06:59
MOV001701,VEHICLE,V01058,L01330,2024-10-31 00:42:35,2024-10-31 08:35:35,EXIT,,SRC026,0.77,EV04693,2025-07-30 08:57:44
MOV001702,PERSON,P00623,L00529,2025-04-01 15:29:33,2025-04-02 01:37:33,ENTRY,V00755,SRC025,0.86,EV04514,2025-06-16 19:57:14
MOV001703,VEHICLE,V00967,L01738,2025-06-11 01:14:36,2025-06-11 14:28:36,ENTRY,V00544,SRC021,0.81,EV04065,2026-03-20 22:44:28
MOV001704,ORGANIZATION,O0419,L01397,2025-01-05 16:25:56,2025-01-06 10:16:56,VISIT,V00897,SRC025,0.77,EV03311,2024-01-27 11:44:00
MOV001705,VEHICLE,V00208,L01953,2024-11-23 15:35:02,2024-11-23 20:42:02,ENTRY,,SRC004,0.88,EV04818,2024-11-19 14:43:26
MOV001706,PERSON,P02691,L00549,2024-07-13 20:35:16,2024-07-14 05:51:16,VISIT,V00180,SRC014,0.85,EV00992,2026-08-25 20:51:18
MOV001707,VEHICLE,V00479,L02392,2024-06-10 08:56:20,2024-06-10 21:25:20,TRANSIT,V00178,SRC012,0.76,EV02317,2024-03-05 14:23:59
MOV001708,VEHICLE,V00244,L00362,2026-05-23 01:07:33,2026-05-23 12:37:33,EXIT,,SRC002,0.85,EV00957,2024-01-05 05:05:58
MOV001709,VEHICLE,V01176,L00816,2025-08-20 09:56:20,2025-08-20 14:51:20,EXIT,V00280,SRC023,0.8,EV03587,2024-12-03 14:37:45
MOV001710,VEHICLE,V01010,L01282,2025-04-04 16:29:51,2025-04-05 03:30:51,VISIT,V00093,SRC017,0.97,EV03551,2025-02-02 15:37:42
MOV001711,ORGANIZATION,O0157,L01780,2025-04-11 14:52:04,2025-04-12 06:17:04,TRANSIT,,SRC004,0.88,EV04460,2025-02-05 04:57:26
MOV001712,VEHICLE,V00271,L00791,2024-11-01 14:48:22,2024-11-02 05:06:22,TRANSIT,V00808,SRC007,0.76,EV00344,2024-02-11 19:27:35
MOV001713,VEHICLE,V00392,L02159,2024-03-08 21:43:22,2024-03-09 03:29:22,TRANSIT,,SRC011,0.89,EV00920,2026-01-30 10:31:47
MOV001714,VEHICLE,V00831,L00982,2024-09-04 10:08:00,2024-09-05 01:45:00,EXIT,,SRC020,0.79,EV03512,2026-03-06 05:39:09
MOV001715,ORGANIZATION,O0499,L01599,2025-06-22 17:13:15,2025-06-22 17:46:15,ENTRY,,SRC028,0.81,EV00744,2024-10-03 10:25:32
MOV001716,ORGANIZATION,O0034,L01873,2026-01-28 11:31:57,2026-01-28 12:07:57,EXIT,,SRC019,0.79,EV01075,2024-07-13 02:06:09
MOV001717,ORGANIZATION,O0362,L01968,2024-07-27 10:04:33,2024-07-28 05:13:33,VISIT,,SRC017,0.92,EV00548,2025-02-19 17:57:10
MOV001718,VEHICLE,V00237,L01048,2024-04-03 16:34:40,2024-04-04 07:28:40,VISIT,,SRC023,0.9,EV03072,2026-05-10 16:07:59
MOV001719,VEHICLE,V00133,L02089,2025-11-05 18:02:10,2025-11-05 19:06:10,EXIT,V00745,SRC012,0.82,EV00509,2025-03-29 02:34:59
MOV001720,VEHICLE,V00852,L02234,2026-06-14 04:54:00,2026-06-14 09:50:00,VISIT,V00885,SRC002,0.87,EV00962,2025-04-06 08:26:37
MOV001721,VEHICLE,V00634,L00402,2026-08-06 18:13:05,2026-08-07 06:38:05,TRANSIT,V00043,SRC006,0.81,EV01624,2025-05-28 06:02:37
MOV001722,VEHICLE,V00151,L02433,2026-03-01 12:24:19,2026-03-02 06:10:19,TRANSIT,V00243,SRC001,0.85,EV04910,2025-03-04 21:54:28
MOV001723,PERSON,P02767,L01876,2025-07-18 14:19:03,2025-07-18 23:48:03,EXIT,V00462,SRC016,0.88,EV03055,2026-03-19 05:33:19
MOV001724,ORGANIZATION,O0029,L02029,2025-09-21 08:10:51,2025-09-21 19:09:51,EXIT,,SRC013,0.82,EV01245,2024-03-28 22:30:38
MOV001725,VEHICLE,V01106,L02152,2026-05-03 19:34:09,2026-05-04 04:11:09,EXIT,V00944,SRC010,0.75,EV02156,2024-04-19 04:07:52
MOV001726,PERSON,P00343,L01383,2025-09-14 07:52:35,2025-09-14 18:44:35,VISIT,V00807,SRC025,0.9,EV01068,2025-01-27 21:25:06
MOV001727,ORGANIZATION,O0108,L00459,2026-06-25 04:16:36,2026-06-25 08:33:36,EXIT,,SRC017,0.88,EV00278,2024-04-16 19:05:59
MOV001728,PERSON,P02640,L02008,2024-12-26 08:15:24,2024-12-26 10:04:24,TRANSIT,,SRC020,0.85,EV01678,2024-10-18 10:08:20
MOV001729,VEHICLE,V00101,L00213,2024-03-16 16:28:42,2024-03-17 10:23:42,ENTRY,V01003,SRC024,0.83,EV04016,2024-07-22 21:55:43
MOV001730,VEHICLE,V00646,L01771,2025-06-30 19:08:05,2025-07-01 11:16:05,EXIT,,SRC023,0.75,EV02565,2024-07-03 09:55:17
MOV001731,ORGANIZATION,O0290,L02401,2026-07-08 21:19:52,2026-07-09 16:50:52,EXIT,V00356,SRC012,0.81,EV02039,2026-06-09 20:05:47
MOV001732,VEHICLE,V00717,L00233,2025-10-30 04:22:48,2025-10-30 09:06:48,VISIT,,SRC027,0.8,EV03410,2024-03-14 05:32:14
MOV001733,ORGANIZATION,O0396,L00359,2024-11-29 00:31:01,2024-11-29 12:53:01,VISIT,,SRC006,0.91,EV02422,2024-03-03 16:20:59
MOV001734,ORGANIZATION,O0239,L00629,2024-04-08 16:57:06,2024-04-09 09:17:06,EXIT,,SRC017,0.88,EV04724,2024-05-26 13:09:50
MOV001735,ORGANIZATION,O0316,L01363,2026-05-26 01:32:42,2026-05-26 05:59:42,TRANSIT,,SRC006,0.91,EV04253,2024-03-21 23:07:38
MOV001736,PERSON,P01791,L02286,2026-03-13 17:29:17,2026-03-14 08:24:17,EXIT,,SRC001,0.82,EV00748,2025-09-17 17:53:56
MOV001737,PERSON,P02383,L02379,2024-10-07 15:10:19,2024-10-08 11:46:19,ENTRY,,SRC003,0.83,EV01918,2026-07-06 03:18:13
MOV001738,ORGANIZATION,O0346,L01991,2025-12-13 23:15:20,2025-12-14 02:07:20,EXIT,,SRC023,0.93,EV00407,2024-01-12 00:42:16
MOV001739,VEHICLE,V00851,L01435,2024-07-17 03:05:52,2024-07-17 22:33:52,VISIT,,SRC009,0.84,EV03651,2026-03-03 01:19:23
MOV001740,VEHICLE,V00556,L01805,2025-05-26 07:16:12,2025-05-27 03:54:12,ENTRY,,SRC004,0.86,EV02294,2026-01-26 01:32:22
MOV001741,VEHICLE,V00092,L02156,2025-02-10 22:00:06,2025-02-11 12:39:06,EXIT,,SRC019,0.86,EV00883,2025-11-17 00:15:44
MOV001742,PERSON,P00978,L01352,2024-12-02 09:17:30,2024-12-02 22:19:30,ENTRY,,SRC001,0.83,EV02888,2025-01-11 18:00:48
MOV001743,ORGANIZATION,O0463,L00872,2026-02-12 04:12:47,2026-02-13 02:54:47,TRANSIT,,SRC016,0.93,EV00704,2025-12-28 09:43:44
MOV001744,PERSON,P02069,L01235,2025-10-26 15:05:59,2025-10-26 19:26:59,VISIT,,SRC014,0.77,EV01775,2026-05-22 06:31:37
MOV001745,VEHICLE,V00928,L00561,2025-06-23 14:43:02,2025-06-24 03:11:02,EXIT,,SRC024,0.92,EV03555,2024-03-24 21:59:39
MOV001746,VEHICLE,V00040,L01458,2026-07-12 11:55:58,2026-07-13 01:36:58,TRANSIT,,SRC009,0.86,EV01791,2025-05-03 15:41:45
MOV001747,PERSON,P00924,L00738,2024-09-11 18:44:46,2024-09-11 21:16:46,TRANSIT,,SRC011,0.9,EV04317,2026-06-23 02:06:08
MOV001748,PERSON,P00689,L00755,2024-09-08 05:33:01,2024-09-09 01:30:01,VISIT,,SRC001,0.86,EV03153,2025-10-13 18:44:01
MOV001749,ORGANIZATION,O0268,L00112,2024-01-07 14:28:09,2024-01-07 20:44:09,ENTRY,,SRC014,0.97,EV02619,2024-01-16 18:50:53
MOV001750,VEHICLE,V00381,L00542,2024-04-01 16:42:54,2024-04-01 23:32:54,ENTRY,V00661,SRC014,0.76,EV03271,2024-04-07 20:41:54
MOV001751,VEHICLE,V00474,L01414,2024-09-08 09:46:16,2024-09-08 21:14:16,ENTRY,,SRC029,0.84,EV04642,2024-08-29 19:49:17
MOV001752,ORGANIZATION,O0477,L02219,2025-06-21 19:01:27,2025-06-22 18:01:27,TRANSIT,,SRC009,0.8,EV01177,2024-08-27 09:07:12
MOV001753,VEHICLE,V00118,L00304,2025-08-02 17:49:52,2025-08-02 22:28:52,ENTRY,,SRC003,0.8,EV04089,2026-03-08 09:15:09
MOV001754,PERSON,P02204,L01591,2026-08-06 04:23:18,2026-08-06 22:30:18,ENTRY,,SRC008,0.9,EV02128,2026-02-19 07:02:29
MOV001755,VEHICLE,V00755,L00467,2025-12-30 02:37:59,2025-12-30 12:43:59,EXIT,V00753,SRC026,0.9,EV00636,2026-01-19 20:02:47
MOV001756,PERSON,P02776,L00602,2024-02-28 15:48:28,2024-02-29 02:13:28,TRANSIT,V01044,SRC024,0.78,EV02688,2025-08-23 02:55:20
MOV001757,VEHICLE,V01002,L01000,2026-04-21 05:03:46,2026-04-21 19:43:46,EXIT,,SRC017,0.84,EV00139,2025-04-17 15:34:31
MOV001758,ORGANIZATION,O0255,L00774,2025-08-07 07:34:23,2025-08-08 06:15:23,TRANSIT,,SRC025,0.86,EV01685,2024-08-29 03:26:27
MOV001759,ORGANIZATION,O0267,L01265,2025-06-17 09:14:51,2025-06-17 16:49:51,ENTRY,,SRC020,0.81,EV02790,2026-03-28 23:37:57
MOV001760,VEHICLE,V00290,L00135,2024-08-01 15:40:52,2024-08-02 07:05:52,EXIT,,SRC019,0.91,EV01847,2025-04-03 05:48:24
MOV001761,PERSON,P01171,L02367,2026-03-21 04:16:29,2026-03-21 23:40:29,ENTRY,,SRC018,0.92,EV01184,2025-02-08 06:31:50
MOV001762,PERSON,P02913,L02030,2025-11-11 21:23:34,2025-11-12 06:36:34,EXIT,,SRC015,0.78,EV02679,2024-02-08 17:25:48
MOV001763,PERSON,P00456,L02440,2025-08-21 08:05:17,2025-08-21 13:37:17,EXIT,,SRC008,0.86,EV02302,2025-10-14 19:51:50
MOV001764,ORGANIZATION,O0270,L00877,2024-04-02 08:02:07,2024-04-02 13:18:07,EXIT,V00258,SRC027,0.92,EV02283,2024-02-13 19:26:18
MOV001765,ORGANIZATION,O0169,L01383,2025-11-15 05:15:31,2025-11-16 05:12:31,EXIT,V01197,SRC011,0.81,EV02236,2024-12-17 04:47:51
MOV001766,ORGANIZATION,O0410,L01049,2026-03-21 08:27:41,2026-03-21 12:04:41,VISIT,V00530,SRC002,0.79,EV01315,2025-10-06 22:46:55
MOV001767,PERSON,P00542,L01522,2024-09-23 18:19:18,2024-09-24 04:39:18,EXIT,V00422,SRC028,0.88,EV04196,2024-07-09 01:06:05
MOV001768,VEHICLE,V00731,L02102,2024-09-16 19:56:06,2024-09-17 17:22:06,EXIT,,SRC026,0.95,EV02895,2025-03-03 09:04:49
MOV001769,PERSON,P01572,L01915,2025-01-16 09:59:08,2025-01-17 00:21:08,VISIT,,SRC030,0.95,EV01852,2025-11-24 05:28:55
MOV001770,ORGANIZATION,O0022,L02260,2026-03-09 05:08:17,2026-03-09 10:13:17,EXIT,V00279,SRC008,0.82,EV03359,2024-05-20 22:18:52
MOV001771,ORGANIZATION,O0431,L01056,2025-12-07 16:22:20,2025-12-08 05:59:20,VISIT,V00538,SRC018,0.93,EV01713,2025-07-13 20:06:11
MOV001772,PERSON,P01690,L00925,2025-06-10 14:29:45,2025-06-11 01:06:45,ENTRY,V01061,SRC029,0.79,EV01010,2024-06-10 17:50:59
MOV001773,PERSON,P01900,L02141,2024-09-07 22:23:25,2024-09-08 00:49:25,TRANSIT,V00815,SRC018,0.8,EV03506,2024-02-03 14:10:53
MOV001774,VEHICLE,V00062,L00233,2024-06-24 23:48:40,2024-06-25 10:16:40,ENTRY,V00401,SRC024,0.83,EV03751,2024-09-20 05:30:17
MOV001775,VEHICLE,V00615,L01905,2025-07-19 08:39:05,2025-07-20 06:31:05,ENTRY,V00618,SRC019,0.78,EV01078,2024-09-04 14:22:05
MOV001776,ORGANIZATION,O0166,L02107,2024-09-04 05:47:56,2024-09-04 11:21:56,EXIT,V00011,SRC002,0.91,EV02248,2025-04-26 16:15:59
MOV001777,ORGANIZATION,O0016,L02337,2025-04-17 20:08:44,2025-04-18 06:01:44,ENTRY,V01158,SRC019,0.82,EV04101,2026-07-12 20:05:45
MOV001778,ORGANIZATION,O0063,L00633,2026-07-28 17:03:04,2026-07-28 22:39:04,EXIT,,SRC004,0.91,EV00935,2026-06-19 01:37:06
MOV001779,ORGANIZATION,O0398,L01654,2024-07-21 16:14:15,2024-07-21 17:08:15,ENTRY,V00141,SRC010,0.91,EV03525,2024-02-21 20:45:17
MOV001780,PERSON,P00458,L01530,2025-10-02 18:49:49,2025-10-03 05:56:49,EXIT,V00840,SRC013,0.86,EV04476,2025-09-06 22:48:13
MOV001781,PERSON,P00128,L02236,2025-11-26 23:13:47,2025-11-27 14:29:47,VISIT,,SRC019,0.91,EV04634,2024-09-14 06:39:27
MOV001782,VEHICLE,V00498,L00302,2024-06-04 05:54:32,2024-06-04 07:12:32,ENTRY,V00463,SRC020,0.97,EV03272,2026-07-29 19:12:12
MOV001783,PERSON,P00284,L00308,2025-10-23 06:52:57,2025-10-24 05:06:57,VISIT,V00533,SRC002,0.97,EV01426,2024-04-26 15:11:39
MOV001784,PERSON,P00325,L02108,2025-02-26 12:22:50,2025-02-26 18:28:50,TRANSIT,,SRC027,0.93,EV02816,2024-09-01 17:55:25
MOV001785,VEHICLE,V00261,L01941,2025-06-12 10:20:42,2025-06-12 19:09:42,TRANSIT,,SRC020,0.78,EV03940,2025-03-29 13:29:32
MOV001786,PERSON,P02143,L01845,2025-07-24 05:10:24,2025-07-24 13:08:24,TRANSIT,,SRC020,0.78,EV00790,2025-05-10 03:46:02
MOV001787,ORGANIZATION,O0358,L00274,2026-08-30 21:21:01,2026-08-31 03:05:01,TRANSIT,V00795,SRC006,0.82,EV03491,2024-11-16 04:36:04
MOV001788,ORGANIZATION,O0311,L01420,2025-10-25 08:06:45,2025-10-25 19:51:45,TRANSIT,,SRC024,0.92,EV01826,2025-12-06 04:13:51
MOV001789,PERSON,P02301,L00303,2025-12-20 02:17:08,2025-12-20 13:46:08,TRANSIT,,SRC009,0.94,EV00926,2026-08-22 23:36:23
MOV001790,VEHICLE,V00037,L00775,2025-10-12 02:41:43,2025-10-12 13:16:43,ENTRY,,SRC004,0.78,EV04202,2026-06-13 02:15:03
MOV001791,VEHICLE,V00155,L02298,2025-05-23 14:38:02,2025-05-24 01:19:02,ENTRY,V00240,SRC005,0.77,EV04851,2024-10-29 20:29:50
MOV001792,PERSON,P00111,L01344,2024-02-12 10:01:55,2024-02-13 09:18:55,EXIT,V00072,SRC022,0.87,EV04130,2025-10-25 01:58:29
MOV001793,VEHICLE,V00916,L01518,2024-11-17 16:34:42,2024-11-17 20:12:42,EXIT,,SRC020,0.95,EV02797,2026-01-24 22:22:28
MOV001794,VEHICLE,V00345,L01387,2025-05-03 00:38:34,2025-05-03 04:50:34,VISIT,V00236,SRC006,0.95,EV01885,2024-05-13 20:40:19
MOV001795,PERSON,P01641,L00945,2025-04-28 08:53:58,2025-04-29 00:05:58,VISIT,,SRC008,0.82,EV04851,2025-07-01 20:11:53
MOV001796,VEHICLE,V01034,L00002,2025-01-24 09:02:59,2025-01-25 00:44:59,ENTRY,V01173,SRC028,0.9,EV02554,2025-10-11 01:04:29
MOV001797,ORGANIZATION,O0150,L01982,2026-06-10 21:57:19,2026-06-11 05:55:19,TRANSIT,V00009,SRC014,0.8,EV04846,2025-04-24 07:28:03
MOV001798,PERSON,P02879,L01881,2025-06-16 07:04:53,2025-06-17 01:34:53,ENTRY,,SRC029,0.75,EV00982,2026-07-21 10:06:48
MOV001799,ORGANIZATION,O0483,L01610,2024-09-08 15:32:16,2024-09-08 20:35:16,ENTRY,V00468,SRC002,0.81,EV03063,2024-06-16 14:35:44
MOV001800,PERSON,P01453,L00212,2026-05-05 08:59:50,2026-05-05 17:48:50,TRANSIT,,SRC003,0.79,EV03387,2024-09-05 09:54:11
MOV001801,ORGANIZATION,O0294,L00905,2025-04-26 04:40:03,2025-04-27 01:30:03,TRANSIT,,SRC003,0.95,EV00075,2025-07-03 03:27:09
MOV001802,VEHICLE,V01153,L00767,2025-10-11 13:27:07,2025-10-12 09:12:07,ENTRY,,SRC010,0.79,EV01512,2026-05-26 00:59:47
MOV001803,PERSON,P02217,L00238,2024-01-10 21:51:06,2024-01-11 03:09:06,EXIT,,SRC018,0.98,EV03046,2025-08-12 09:42:53
MOV001804,VEHICLE,V00122,L00021,2024-02-03 21:16:03,2024-02-04 06:24:03,TRANSIT,,SRC028,0.87,EV00880,2024-04-21 11:41:24
MOV001805,VEHICLE,V00109,L00793,2025-12-16 22:30:51,2025-12-17 07:46:51,VISIT,V00147,SRC011,0.76,EV01522,2025-02-03 16:57:25
MOV001806,VEHICLE,V00009,L02485,2025-05-08 16:56:44,2025-05-09 14:50:44,ENTRY,V00563,SRC014,0.77,EV04222,2024-04-10 02:34:08
MOV001807,PERSON,P01437,L01482,2025-07-04 01:28:27,2025-07-04 21:38:27,ENTRY,,SRC015,0.82,EV01974,2026-02-19 05:14:49
MOV001808,PERSON,P00096,L00052,2025-08-07 01:20:39,2025-08-08 00:52:39,EXIT,,SRC022,0.83,EV03018,2026-08-18 06:13:40
MOV001809,VEHICLE,V00674,L02343,2025-01-04 10:52:56,2025-01-05 08:38:56,TRANSIT,V00659,SRC021,0.79,EV03786,2024-08-03 09:20:17
MOV001810,ORGANIZATION,O0482,L01799,2026-05-09 15:58:41,2026-05-10 03:57:41,ENTRY,V01169,SRC021,0.9,EV03607,2024-09-11 18:03:50
MOV001811,ORGANIZATION,O0250,L01314,2024-10-10 07:35:25,2024-10-11 07:01:25,ENTRY,V00181,SRC011,0.97,EV00624,2024-06-15 22:24:48
MOV001812,PERSON,P01755,L00193,2025-05-08 12:26:22,2025-05-08 12:54:22,ENTRY,V00636,SRC021,0.94,EV04967,2024-12-31 01:12:40
MOV001813,VEHICLE,V00758,L02370,2024-02-27 17:47:48,2024-02-28 10:26:48,ENTRY,V00630,SRC004,0.82,EV00379,2025-12-26 19:29:35
MOV001814,VEHICLE,V00108,L01186,2025-02-27 04:25:26,2025-02-27 14:42:26,VISIT,,SRC012,0.85,EV02138,2024-10-09 21:03:07
MOV001815,ORGANIZATION,O0019,L00395,2024-02-04 03:34:44,2024-02-05 02:09:44,TRANSIT,V00194,SRC011,0.86,EV04125,2024-01-30 23:02:39
MOV001816,VEHICLE,V00563,L02338,2024-11-28 06:12:25,2024-11-28 18:03:25,VISIT,V00907,SRC008,0.81,EV03688,2026-01-11 06:50:49
MOV001817,PERSON,P02352,L01449,2026-04-06 19:41:53,2026-04-07 17:15:53,ENTRY,,SRC014,0.98,EV02855,2024-05-26 08:08:16
MOV001818,PERSON,P00126,L00287,2024-01-15 10:33:34,2024-01-15 15:40:34,VISIT,V00320,SRC003,0.85,EV00193,2025-08-05 02:17:52
MOV001819,VEHICLE,V00781,L00983,2025-12-19 15:24:44,2025-12-20 06:08:44,VISIT,V00925,SRC024,0.84,EV04931,2024-01-27 08:00:39
MOV001820,PERSON,P02227,L00398,2026-03-24 03:15:55,2026-03-24 14:46:55,VISIT,,SRC023,0.91,EV00563,2026-04-11 05:22:13
MOV001821,PERSON,P01796,L01038,2025-08-03 22:43:25,2025-08-04 19:20:25,TRANSIT,,SRC022,0.83,EV00620,2025-12-04 07:09:18
MOV001822,VEHICLE,V00452,L02327,2024-02-02 04:52:44,2024-02-02 06:55:44,ENTRY,V00978,SRC028,0.98,EV00168,2026-03-29 11:09:39
MOV001823,PERSON,P00962,L02202,2024-09-22 12:13:32,2024-09-22 13:28:32,ENTRY,,SRC016,0.77,EV03873,2026-02-02 15:48:50
MOV001824,VEHICLE,V00453,L00996,2026-01-22 07:51:33,2026-01-22 17:31:33,EXIT,V00976,SRC015,0.89,EV01353,2026-06-28 21:44:57
MOV001825,ORGANIZATION,O0184,L00527,2024-08-14 11:01:06,2024-08-14 12:19:06,ENTRY,,SRC022,0.96,EV04884,2026-02-16 12:13:26
MOV001826,ORGANIZATION,O0173,L01149,2024-03-02 14:19:13,2024-03-03 00:58:13,TRANSIT,,SRC019,0.78,EV02795,2024-04-14 22:53:39
MOV001827,ORGANIZATION,O0089,L00082,2024-06-09 00:15:02,2024-06-09 03:31:02,ENTRY,,SRC013,0.79,EV02799,2025-07-03 23:29:29
MOV001828,ORGANIZATION,O0233,L00400,2026-03-04 01:38:14,2026-03-04 08:24:14,TRANSIT,V00171,SRC006,0.81,EV03695,2024-06-12 12:54:14
MOV001829,VEHICLE,V00148,L01427,2025-07-07 12:41:30,2025-07-07 22:57:30,TRANSIT,,SRC002,0.86,EV04010,2025-06-01 12:27:53
MOV001830,VEHICLE,V00254,L00591,2024-09-21 02:49:47,2024-09-22 00:35:47,EXIT,,SRC012,0.86,EV03845,2024-05-15 06:06:47
MOV001831,VEHICLE,V00011,L02005,2024-08-22 15:30:42,2024-08-23 10:14:42,VISIT,,SRC022,0.94,EV00114,2024-03-02 12:10:15
MOV001832,PERSON,P03570,L01765,2024-11-17 22:41:34,2024-11-18 14:03:34,ENTRY,V00433,SRC016,0.8,EV02646,2024-05-11 20:15:24
MOV001833,VEHICLE,V00643,L00052,2025-07-16 09:14:24,2025-07-16 13:02:24,VISIT,,SRC023,0.81,EV02556,2024-10-11 18:13:06
MOV001834,ORGANIZATION,O0011,L01157,2024-04-27 20:00:06,2024-04-28 08:50:06,ENTRY,,SRC021,0.97,EV03122,2026-03-14 03:03:01
MOV001835,VEHICLE,V00705,L02264,2026-01-16 03:38:44,2026-01-16 07:30:44,TRANSIT,V00851,SRC019,0.84,EV02687,2024-06-25 14:56:51
MOV001836,PERSON,P03559,L01368,2026-02-01 16:32:52,2026-02-02 10:48:52,ENTRY,V00437,SRC024,0.81,EV03552,2025-07-22 12:45:21
MOV001837,PERSON,P03502,L01738,2025-03-05 16:50:51,2025-03-06 02:26:51,VISIT,,SRC004,0.87,EV01681,2024-12-16 16:25:22
MOV001838,ORGANIZATION,O0374,L00873,2024-11-11 09:53:01,2024-11-12 07:45:01,ENTRY,,SRC013,0.8,EV00472,2025-03-18 12:18:18
MOV001839,ORGANIZATION,O0303,L00412,2024-09-25 05:16:20,2024-09-25 13:22:20,ENTRY,,SRC005,0.85,EV03958,2024-02-03 23:55:30
MOV001840,PERSON,P00789,L01538,2025-04-30 02:34:59,2025-04-30 21:11:59,EXIT,,SRC003,0.79,EV00304,2026-06-22 02:40:12
MOV001841,PERSON,P03193,L00577,2025-09-13 14:04:53,2025-09-14 06:24:53,EXIT,,SRC016,0.94,EV04544,2024-07-27 18:39:44
MOV001842,ORGANIZATION,O0463,L02103,2025-08-13 09:47:30,2025-08-14 02:26:30,VISIT,,SRC026,0.96,EV01058,2025-10-24 19:04:50
MOV001843,VEHICLE,V00414,L02262,2024-09-09 14:50:58,2024-09-10 05:48:58,ENTRY,,SRC026,0.79,EV03617,2026-01-02 03:38:49
MOV001844,ORGANIZATION,O0342,L02075,2024-06-30 12:31:33,2024-07-01 11:56:33,EXIT,,SRC006,0.88,EV00098,2024-07-01 04:44:40
MOV001845,PERSON,P03736,L01996,2025-12-13 22:22:01,2025-12-14 10:29:01,ENTRY,V01023,SRC010,0.86,EV01136,2026-04-12 16:07:57
MOV001846,VEHICLE,V01095,L02305,2025-06-05 09:22:56,2025-06-06 07:19:56,EXIT,V00582,SRC011,0.92,EV04627,2024-12-13 13:58:55
MOV001847,VEHICLE,V00380,L00583,2024-09-03 04:03:35,2024-09-03 21:01:35,EXIT,,SRC003,0.77,EV01600,2025-02-25 16:52:39
MOV001848,ORGANIZATION,O0147,L00142,2025-08-31 16:52:49,2025-08-31 19:35:49,EXIT,V00100,SRC030,0.81,EV04281,2025-12-07 19:28:38
MOV001849,VEHICLE,V00162,L00206,2026-06-17 16:57:25,2026-06-18 10:55:25,TRANSIT,,SRC024,0.83,EV01708,2025-09-15 16:26:19
MOV001850,ORGANIZATION,O0230,L00375,2024-02-27 22:09:30,2024-02-28 02:24:30,EXIT,,SRC014,0.81,EV02144,2026-02-20 00:21:31
MOV001851,ORGANIZATION,O0311,L00049,2024-05-09 18:21:01,2024-05-10 00:16:01,ENTRY,,SRC023,0.76,EV03615,2024-09-27 19:54:14
MOV001852,VEHICLE,V00974,L01798,2025-11-17 20:20:59,2025-11-17 22:17:59,ENTRY,V00936,SRC021,0.91,EV01761,2026-08-29 05:05:06
MOV001853,PERSON,P00973,L02149,2024-08-19 00:28:54,2024-08-19 22:00:54,VISIT,V00176,SRC006,0.86,EV03200,2025-07-21 11:02:20
MOV001854,VEHICLE,V00701,L01878,2026-04-23 04:39:41,2026-04-24 01:59:41,TRANSIT,,SRC004,0.96,EV01723,2026-08-27 18:46:31
MOV001855,PERSON,P01163,L00478,2024-12-09 23:22:02,2024-12-10 17:51:02,ENTRY,V00925,SRC024,0.9,EV00656,2025-04-05 16:57:17
MOV001856,VEHICLE,V00858,L01203,2026-08-15 15:22:34,2026-08-15 18:35:34,TRANSIT,,SRC009,0.86,EV03397,2026-08-08 04:44:07
MOV001857,PERSON,P01027,L01632,2024-04-22 14:21:33,2024-04-22 20:40:33,EXIT,V00759,SRC008,0.87,EV01609,2026-05-27 12:04:44
MOV001858,PERSON,P03096,L00276,2025-05-19 06:30:36,2025-05-20 01:08:36,EXIT,,SRC007,0.8,EV01481,2024-02-04 06:25:32
MOV001859,ORGANIZATION,O0013,L00790,2024-05-26 02:54:34,2024-05-26 05:12:34,VISIT,,SRC013,0.89,EV02349,2026-05-12 17:28:04
MOV001860,PERSON,P02943,L00118,2025-01-04 11:30:57,2025-01-05 11:28:57,EXIT,V00999,SRC002,0.77,EV02594,2024-12-21 16:37:00
MOV001861,ORGANIZATION,O0393,L01448,2024-10-08 14:36:27,2024-10-09 14:30:27,TRANSIT,,SRC019,0.76,EV00139,2026-05-02 07:09:53
MOV001862,VEHICLE,V00894,L01400,2025-02-27 07:55:42,2025-02-28 02:33:42,ENTRY,V01036,SRC019,0.98,EV03880,2024-05-05 16:12:08
MOV001863,ORGANIZATION,O0262,L01764,2025-07-17 20:52:19,2025-07-18 11:14:19,VISIT,,SRC022,0.96,EV04510,2026-05-05 02:50:33
MOV001864,VEHICLE,V00023,L01821,2024-06-09 01:34:43,2024-06-10 01:24:43,VISIT,,SRC003,0.91,EV01757,2025-10-18 07:22:12
MOV001865,VEHICLE,V01159,L01591,2025-03-31 11:10:29,2025-04-01 04:49:29,TRANSIT,,SRC022,0.87,EV03702,2025-02-19 04:39:06
MOV001866,VEHICLE,V00310,L02180,2025-12-12 17:55:14,2025-12-12 23:18:14,ENTRY,,SRC014,0.89,EV01826,2026-01-21 08:11:40
MOV001867,PERSON,P03180,L00544,2025-04-20 22:51:57,2025-04-21 19:17:57,ENTRY,,SRC030,0.87,EV04551,2025-04-25 13:27:34
MOV001868,PERSON,P03823,L00225,2026-06-23 15:02:01,2026-06-23 21:33:01,VISIT,,SRC017,0.87,EV02065,2025-06-25 03:05:54
MOV001869,ORGANIZATION,O0019,L00974,2026-05-26 08:04:46,2026-05-26 16:14:46,VISIT,,SRC019,0.8,EV02593,2025-07-21 12:46:47
MOV001870,VEHICLE,V01055,L02442,2026-06-06 16:12:56,2026-06-07 06:28:56,VISIT,V00464,SRC018,0.79,EV04976,2024-12-30 06:19:23
MOV001871,ORGANIZATION,O0490,L02245,2024-08-25 13:30:52,2024-08-26 03:56:52,ENTRY,,SRC030,0.84,EV01784,2025-04-28 01:15:00
MOV001872,ORGANIZATION,O0198,L01348,2026-06-09 05:25:43,2026-06-09 10:58:43,ENTRY,V00791,SRC019,0.84,EV03552,2025-08-22 00:22:12
MOV001873,PERSON,P03794,L00712,2024-06-20 17:40:45,2024-06-21 09:50:45,TRANSIT,V00998,SRC014,0.91,EV03833,2024-11-09 21:30:54
MOV001874,VEHICLE,V00191,L00058,2025-08-04 18:43:38,2025-08-05 15:17:38,TRANSIT,,SRC030,0.8,EV03626,2025-05-04 01:21:23
MOV001875,PERSON,P02032,L00830,2024-03-22 10:43:24,2024-03-23 05:17:24,TRANSIT,V00600,SRC029,0.94,EV02120,2025-04-16 03:00:59
MOV001876,ORGANIZATION,O0439,L01110,2026-06-19 13:18:04,2026-06-20 12:50:04,ENTRY,V00984,SRC008,0.93,EV00034,2026-05-12 06:01:52
MOV001877,PERSON,P01843,L01507,2024-05-11 14:07:38,2024-05-12 05:29:38,TRANSIT,V01054,SRC017,0.75,EV03358,2026-03-08 16:14:49
MOV001878,PERSON,P01903,L02237,2024-06-09 12:03:12,2024-06-09 19:43:12,ENTRY,,SRC029,0.79,EV03806,2026-06-09 23:43:05
MOV001879,PERSON,P02488,L00362,2024-08-08 19:26:50,2024-08-09 17:23:50,EXIT,,SRC018,0.83,EV00582,2026-08-10 08:22:04
MOV001880,PERSON,P02410,L01172,2026-05-20 23:34:09,2026-05-21 12:04:09,ENTRY,,SRC020,0.82,EV00678,2026-02-09 09:31:08
MOV001881,ORGANIZATION,O0254,L00737,2025-02-09 10:05:18,2025-02-09 18:08:18,ENTRY,,SRC001,0.96,EV04215,2025-03-03 23:00:01
MOV001882,VEHICLE,V00453,L02130,2026-01-16 13:53:55,2026-01-17 13:53:55,VISIT,,SRC001,0.93,EV00524,2026-03-07 17:08:58
MOV001883,VEHICLE,V00735,L00867,2026-01-30 10:31:23,2026-01-31 01:15:23,TRANSIT,V01152,SRC022,0.88,EV04367,2025-09-15 18:20:19
MOV001884,ORGANIZATION,O0095,L00467,2026-04-10 13:36:54,2026-04-10 14:49:54,ENTRY,V01066,SRC017,0.92,EV04872,2024-07-17 01:28:40
MOV001885,ORGANIZATION,O0305,L02141,2025-09-02 00:32:58,2025-09-02 04:12:58,EXIT,,SRC024,0.85,EV01571,2026-05-03 05:28:47
MOV001886,PERSON,P01455,L01345,2025-05-06 04:35:44,2025-05-06 11:59:44,ENTRY,V00843,SRC020,0.77,EV03750,2026-07-04 00:59:39
MOV001887,PERSON,P02520,L00292,2024-09-23 21:05:15,2024-09-23 23:42:15,VISIT,,SRC029,0.82,EV03337,2024-02-05 11:19:35
MOV001888,VEHICLE,V00589,L02267,2025-02-25 00:25:08,2025-02-25 01:03:08,TRANSIT,,SRC002,0.85,EV02951,2024-06-30 18:37:52
MOV001889,VEHICLE,V00946,L00158,2024-05-23 20:54:35,2024-05-24 18:21:35,VISIT,V00414,SRC005,0.78,EV00244,2024-09-27 08:54:47
MOV001890,PERSON,P02669,L00116,2025-08-15 04:19:48,2025-08-15 13:18:48,VISIT,V00284,SRC014,0.85,EV02835,2024-03-08 04:54:04
MOV001891,PERSON,P03921,L00631,2026-07-10 19:42:05,2026-07-10 23:22:05,ENTRY,V01147,SRC020,0.88,EV03857,2026-02-03 02:55:11
MOV001892,PERSON,P01227,L00793,2026-02-05 03:31:40,2026-02-05 11:18:40,ENTRY,V01100,SRC026,0.81,EV04943,2024-10-10 02:03:59
MOV001893,PERSON,P00362,L01883,2025-11-21 09:07:53,2025-11-21 12:44:53,ENTRY,,SRC008,0.84,EV00483,2026-08-04 01:18:22
MOV001894,VEHICLE,V01082,L01626,2026-02-18 00:25:44,2026-02-18 12:22:44,TRANSIT,,SRC018,0.83,EV03358,2026-04-07 07:03:08
MOV001895,ORGANIZATION,O0162,L01474,2025-06-18 16:54:08,2025-06-19 02:01:08,ENTRY,V00448,SRC025,0.98,EV00736,2025-07-29 01:16:23
MOV001896,PERSON,P02665,L01898,2024-06-09 08:44:11,2024-06-09 22:16:11,TRANSIT,,SRC004,0.93,EV02900,2026-07-29 09:08:46
MOV001897,PERSON,P01127,L00643,2026-01-01 15:11:23,2026-01-02 01:54:23,VISIT,V00219,SRC024,0.97,EV00741,2024-11-11 12:40:29
MOV001898,PERSON,P02165,L01030,2024-06-24 13:25:58,2024-06-25 00:33:58,EXIT,,SRC027,0.76,EV03040,2024-11-01 03:49:35
MOV001899,ORGANIZATION,O0402,L01999,2025-10-22 22:00:54,2025-10-23 04:38:54,ENTRY,,SRC025,0.77,EV00679,2026-04-02 04:37:28
MOV001900,ORGANIZATION,O0072,L01001,2024-08-16 02:40:09,2024-08-16 20:24:09,TRANSIT,,SRC020,0.8,EV00991,2024-04-14 08:22:26
MOV001901,PERSON,P01415,L00795,2026-06-24 05:38:56,2026-06-24 10:20:56,TRANSIT,,SRC014,0.95,EV01762,2025-11-30 12:17:09
MOV001902,PERSON,P02164,L01612,2025-02-07 08:40:54,2025-02-07 17:00:54,EXIT,,SRC017,0.84,EV00894,2025-10-06 12:08:40
MOV001903,PERSON,P00604,L01905,2026-04-11 02:39:19,2026-04-11 07:51:19,TRANSIT,,SRC015,0.95,EV02919,2024-08-09 10:50:30
MOV001904,VEHICLE,V01182,L00723,2025-01-15 14:33:53,2025-01-15 18:22:53,VISIT,V00613,SRC010,0.83,EV01397,2025-05-24 09:15:25
MOV001905,PERSON,P03894,L01270,2024-09-21 18:36:42,2024-09-22 13:05:42,EXIT,V00886,SRC016,0.95,EV01985,2025-05-10 15:08:26
MOV001906,VEHICLE,V00744,L01257,2024-09-19 19:23:55,2024-09-20 12:16:55,VISIT,,SRC026,0.75,EV01990,2025-08-01 17:57:59
MOV001907,VEHICLE,V00530,L02212,2025-06-06 12:00:38,2025-06-07 03:39:38,EXIT,,SRC022,0.76,EV04171,2024-11-06 06:49:13
MOV001908,PERSON,P01955,L00755,2026-01-31 19:03:57,2026-02-01 01:26:57,TRANSIT,,SRC021,0.8,EV02973,2025-03-07 09:44:58
MOV001909,PERSON,P01346,L01306,2025-01-25 11:38:27,2025-01-26 00:24:27,ENTRY,,SRC020,0.89,EV01808,2026-06-24 15:08:48
MOV001910,ORGANIZATION,O0442,L01913,2025-10-21 03:52:11,2025-10-21 23:18:11,VISIT,V00582,SRC023,0.89,EV04347,2025-02-01 06:44:30
MOV001911,VEHICLE,V00320,L01672,2026-03-14 07:36:38,2026-03-15 06:38:38,VISIT,,SRC028,0.89,EV04477,2025-06-01 03:04:30
MOV001912,ORGANIZATION,O0336,L00780,2024-06-04 19:34:41,2024-06-05 14:26:41,TRANSIT,,SRC015,0.84,EV03683,2024-04-11 10:01:16
MOV001913,ORGANIZATION,O0367,L01404,2024-09-22 12:38:05,2024-09-22 21:47:05,EXIT,,SRC028,0.89,EV03967,2024-09-16 05:54:11
MOV001914,ORGANIZATION,O0475,L02222,2025-06-03 17:00:20,2025-06-04 15:43:20,ENTRY,V01150,SRC001,0.98,EV04810,2026-01-25 11:28:48
MOV001915,PERSON,P00430,L01382,2025-03-27 03:28:47,2025-03-27 09:48:47,TRANSIT,V00560,SRC023,0.84,EV03893,2024-02-04 07:07:11
MOV001916,ORGANIZATION,O0197,L00263,2024-08-22 15:14:54,2024-08-23 01:23:54,TRANSIT,,SRC024,0.98,EV00844,2025-10-26 18:53:42
MOV001917,PERSON,P02448,L02170,2025-04-24 15:11:06,2025-04-24 16:00:06,VISIT,,SRC002,0.9,EV03508,2025-03-13 10:13:15
MOV001918,PERSON,P02627,L02471,2025-03-13 17:01:43,2025-03-14 02:39:43,ENTRY,V00172,SRC003,0.85,EV01297,2025-08-30 06:45:40
MOV001919,VEHICLE,V01154,L02480,2024-11-22 18:37:00,2024-11-23 08:39:00,TRANSIT,,SRC025,0.9,EV04099,2025-03-31 07:55:09
MOV001920,PERSON,P02179,L00120,2024-01-20 19:21:58,2024-01-21 03:35:58,VISIT,V00683,SRC028,0.85,EV02229,2026-04-23 18:14:52
MOV001921,PERSON,P03396,L00502,2025-05-05 17:23:14,2025-05-06 05:15:14,TRANSIT,V00606,SRC029,0.84,EV04315,2026-04-20 18:36:12
MOV001922,VEHICLE,V01140,L01359,2026-04-24 17:27:54,2026-04-25 03:59:54,VISIT,V00148,SRC003,0.97,EV00464,2024-11-19 01:03:17
MOV001923,PERSON,P00455,L01524,2026-05-24 05:26:20,2026-05-24 16:45:20,EXIT,V00634,SRC011,0.76,EV03343,2024-08-19 03:09:15
MOV001924,VEHICLE,V00317,L00690,2024-02-06 06:06:46,2024-02-07 02:24:46,VISIT,,SRC030,0.93,EV02394,2024-04-03 15:12:48
MOV001925,ORGANIZATION,O0383,L01330,2024-08-23 14:42:00,2024-08-23 15:04:00,ENTRY,,SRC022,0.82,EV01686,2025-08-10 01:11:21
MOV001926,VEHICLE,V00946,L02021,2024-10-11 13:02:41,2024-10-12 12:30:41,ENTRY,,SRC019,0.94,EV00527,2025-01-24 23:33:36
MOV001927,PERSON,P01028,L01034,2025-08-22 16:50:48,2025-08-23 16:30:48,TRANSIT,,SRC025,0.94,EV00736,2024-01-09 21:14:10
MOV001928,ORGANIZATION,O0071,L00625,2025-10-21 17:26:05,2025-10-21 23:32:05,VISIT,,SRC011,0.94,EV02633,2025-08-14 03:56:54
MOV001929,ORGANIZATION,O0415,L00810,2025-03-11 16:51:06,2025-03-12 09:11:06,EXIT,V00298,SRC011,0.86,EV02159,2024-06-30 13:05:53
MOV001930,PERSON,P03705,L00802,2025-11-11 14:36:36,2025-11-12 07:11:36,VISIT,,SRC011,0.89,EV04389,2025-07-13 16:29:57
MOV001931,VEHICLE,V00820,L00022,2024-03-06 23:36:08,2024-03-07 16:51:08,ENTRY,V00732,SRC017,0.84,EV00314,2025-02-12 09:00:03
MOV001932,ORGANIZATION,O0193,L00454,2024-10-25 11:09:19,2024-10-26 08:42:19,ENTRY,,SRC013,0.9,EV00312,2024-10-16 10:58:11
MOV001933,PERSON,P00064,L00175,2025-07-07 02:20:12,2025-07-07 03:48:12,ENTRY,,SRC026,0.75,EV01810,2026-06-07 03:17:32
MOV001934,VEHICLE,V00639,L00416,2026-03-03 12:58:06,2026-03-03 22:45:06,ENTRY,V00974,SRC020,0.85,EV04278,2025-11-02 17:54:24
MOV001935,ORGANIZATION,O0484,L01188,2024-11-15 00:42:20,2024-11-15 11:03:20,TRANSIT,V00328,SRC007,0.84,EV02809,2025-09-10 03:33:04
MOV001936,VEHICLE,V00985,L01287,2026-07-21 05:07:45,2026-07-21 16:06:45,ENTRY,V00965,SRC001,0.88,EV04707,2025-05-30 09:35:34
MOV001937,PERSON,P01838,L00879,2024-10-11 00:08:33,2024-10-11 09:54:33,EXIT,,SRC023,0.88,EV01888,2024-06-18 05:18:43
MOV001938,PERSON,P03499,L01372,2025-11-18 20:02:41,2025-11-19 13:50:41,VISIT,,SRC015,0.97,EV04238,2025-11-13 06:20:03
MOV001939,PERSON,P02399,L00433,2026-07-08 23:55:52,2026-07-09 02:42:52,TRANSIT,,SRC017,0.93,EV01430,2025-08-13 11:08:16
MOV001940,ORGANIZATION,O0420,L01205,2025-03-06 08:14:45,2025-03-06 22:55:45,VISIT,,SRC010,0.84,EV00480,2024-04-14 23:11:17
MOV001941,VEHICLE,V00582,L01875,2026-01-08 13:42:25,2026-01-08 21:53:25,EXIT,V00596,SRC016,0.88,EV00862,2024-08-26 04:54:08
MOV001942,VEHICLE,V01025,L01432,2024-11-24 01:37:37,2024-11-24 05:55:37,VISIT,,SRC028,0.93,EV01342,2026-03-17 15:35:17
MOV001943,ORGANIZATION,O0020,L00288,2024-11-06 19:50:48,2024-11-06 20:56:48,ENTRY,V00030,SRC010,0.91,EV02589,2025-12-22 23:07:24
MOV001944,ORGANIZATION,O0001,L01536,2025-06-17 17:07:45,2025-06-18 16:56:45,EXIT,,SRC027,0.8,EV02056,2024-04-19 10:58:07
MOV001945,ORGANIZATION,O0370,L00826,2025-11-02 19:00:14,2025-11-03 06:15:14,TRANSIT,,SRC004,0.87,EV01419,2025-12-10 19:44:11
MOV001946,VEHICLE,V00736,L01328,2026-08-10 22:15:08,2026-08-11 16:25:08,ENTRY,V00081,SRC018,0.82,EV02723,2024-02-03 07:14:45
MOV001947,VEHICLE,V00660,L00604,2024-08-18 05:53:26,2024-08-18 19:12:26,EXIT,V00303,SRC016,0.89,EV02911,2026-03-13 13:34:55
MOV001948,ORGANIZATION,O0396,L01894,2025-11-27 01:35:59,2025-11-27 15:56:59,ENTRY,,SRC027,0.78,EV01019,2024-05-03 22:33:20
MOV001949,PERSON,P01596,L02351,2025-07-09 23:34:30,2025-07-10 04:15:30,TRANSIT,,SRC018,0.91,EV00448,2024-12-21 06:06:03
MOV001950,PERSON,P01473,L01960,2025-05-21 01:36:48,2025-05-21 12:58:48,EXIT,,SRC018,0.91,EV01386,2024-12-07 09:27:50
MOV001951,VEHICLE,V00295,L01959,2025-01-17 19:23:38,2025-01-18 03:02:38,EXIT,,SRC003,0.84,EV01289,2025-01-29 05:18:11
MOV001952,VEHICLE,V01187,L02254,2025-05-06 20:10:15,2025-05-07 20:09:15,TRANSIT,,SRC010,0.79,EV00141,2024-03-24 18:05:42
MOV001953,VEHICLE,V00507,L00692,2026-03-25 09:41:02,2026-03-25 15:41:02,ENTRY,V00403,SRC028,0.84,EV01066,2024-02-18 03:50:36
MOV001954,ORGANIZATION,O0447,L00252,2026-06-11 10:10:02,2026-06-12 09:32:02,VISIT,V00012,SRC027,0.97,EV01377,2026-02-06 03:35:13
MOV001955,ORGANIZATION,O0089,L00842,2024-05-31 17:27:47,2024-06-01 17:14:47,VISIT,,SRC003,0.78,EV04263,2025-10-28 21:03:36
MOV001956,PERSON,P00174,L00927,2025-06-03 14:59:21,2025-06-04 02:53:21,TRANSIT,,SRC024,0.87,EV02945,2025-01-25 12:09:48
MOV001957,VEHICLE,V00832,L01184,2025-11-03 08:43:11,2025-11-03 13:26:11,TRANSIT,,SRC015,0.89,EV03182,2026-01-25 02:42:35
MOV001958,ORGANIZATION,O0047,L01988,2025-08-09 13:15:21,2025-08-10 05:53:21,TRANSIT,V00406,SRC024,0.84,EV02150,2025-01-13 08:04:08
MOV001959,VEHICLE,V00257,L01925,2025-01-07 07:04:07,2025-01-07 14:37:07,ENTRY,V00425,SRC013,0.81,EV00180,2025-07-08 00:54:05
MOV001960,ORGANIZATION,O0034,L02145,2025-04-27 15:35:27,2025-04-28 12:34:27,TRANSIT,V00386,SRC025,0.81,EV00573,2025-09-01 17:21:13
MOV001961,VEHICLE,V00839,L00731,2024-06-20 18:26:46,2024-06-20 22:26:46,ENTRY,,SRC023,0.76,EV04326,2026-08-28 23:04:30
MOV001962,PERSON,P02302,L00529,2025-10-06 15:09:45,2025-10-06 17:04:45,ENTRY,,SRC024,0.83,EV02720,2024-12-26 19:14:20
MOV001963,PERSON,P02577,L00224,2024-03-15 18:23:13,2024-03-16 15:29:13,ENTRY,V00529,SRC004,0.78,EV03152,2025-07-08 23:08:15
MOV001964,VEHICLE,V00116,L00713,2024-04-10 03:12:14,2024-04-10 08:45:14,EXIT,,SRC012,0.94,EV03403,2024-07-24 00:45:04
MOV001965,ORGANIZATION,O0174,L01170,2026-05-09 10:16:17,2026-05-09 17:13:17,TRANSIT,,SRC011,0.75,EV01211,2024-02-04 00:34:11
MOV001966,ORGANIZATION,O0216,L01723,2025-11-23 18:02:50,2025-11-24 15:50:50,ENTRY,,SRC012,0.88,EV04858,2025-07-02 16:14:49
MOV001967,PERSON,P03743,L02475,2024-03-30 09:50:54,2024-03-30 17:26:54,TRANSIT,,SRC023,0.81,EV03895,2026-03-07 22:15:38
MOV001968,PERSON,P00853,L01752,2024-01-24 13:10:33,2024-01-25 02:53:33,TRANSIT,,SRC017,0.9,EV02050,2025-11-09 07:21:54
MOV001969,PERSON,P03571,L02405,2025-10-22 16:00:00,2025-10-23 07:58:00,TRANSIT,V00830,SRC023,0.93,EV02116,2026-02-15 07:58:11
MOV001970,ORGANIZATION,O0053,L01538,2025-05-30 17:50:05,2025-05-31 04:24:05,EXIT,V00587,SRC001,0.82,EV04501,2024-01-07 10:29:37
MOV001971,ORGANIZATION,O0284,L00842,2025-10-26 12:13:24,2025-10-27 10:42:24,ENTRY,,SRC016,0.87,EV00476,2024-12-26 15:39:08
MOV001972,VEHICLE,V00773,L01769,2025-04-18 06:40:23,2025-04-18 15:11:23,TRANSIT,,SRC027,0.87,EV03880,2024-02-15 12:06:33
MOV001973,PERSON,P01487,L00646,2026-07-06 02:26:52,2026-07-06 09:47:52,ENTRY,V00909,SRC022,0.93,EV03166,2024-04-29 11:55:24
MOV001974,PERSON,P02547,L01346,2026-03-21 16:12:48,2026-03-22 03:48:48,VISIT,,SRC004,0.92,EV02443,2024-10-04 04:04:17
MOV001975,ORGANIZATION,O0345,L01267,2025-05-09 01:45:40,2025-05-10 01:02:40,TRANSIT,,SRC001,0.86,EV01596,2025-04-23 05:53:32
MOV001976,VEHICLE,V00475,L02221,2026-08-26 07:23:25,2026-08-26 09:13:25,VISIT,,SRC015,0.86,EV01654,2024-06-09 01:19:20
MOV001977,ORGANIZATION,O0344,L00225,2025-01-23 07:59:23,2025-01-23 14:33:23,EXIT,V00634,SRC024,0.93,EV02253,2024-10-24 08:00:38
MOV001978,VEHICLE,V00717,L00253,2025-08-10 22:18:48,2025-08-11 10:09:48,VISIT,V00962,SRC006,0.8,EV03360,2026-03-19 15:08:20
MOV001979,PERSON,P01065,L00347,2025-04-22 02:55:44,2025-04-22 07:56:44,ENTRY,,SRC027,0.87,EV00429,2026-08-25 11:39:06
MOV001980,PERSON,P00098,L02103,2026-03-02 16:19:03,2026-03-03 08:48:03,EXIT,V01013,SRC015,0.79,EV04234,2025-06-08 14:03:41
MOV001981,PERSON,P01841,L01693,2026-06-22 20:32:04,2026-06-23 14:53:04,EXIT,,SRC009,0.79,EV00016,2025-11-30 00:14:27
MOV001982,PERSON,P00155,L02190,2025-04-27 18:39:59,2025-04-27 21:07:59,VISIT,V00567,SRC014,0.94,EV03073,2025-07-15 07:14:26
MOV001983,ORGANIZATION,O0103,L01101,2024-07-29 07:04:06,2024-07-29 12:29:06,ENTRY,V00525,SRC006,0.93,EV04219,2025-09-14 02:41:26
MOV001984,PERSON,P03744,L00337,2025-01-05 21:47:06,2025-01-06 21:11:06,ENTRY,V00390,SRC018,0.82,EV01940,2025-12-12 13:50:13
MOV001985,ORGANIZATION,O0447,L00866,2024-07-18 07:44:44,2024-07-18 10:12:44,VISIT,V00801,SRC019,0.81,EV04995,2026-02-01 22:32:05
MOV001986,ORGANIZATION,O0027,L00501,2025-12-17 10:16:31,2025-12-18 05:25:31,EXIT,V00647,SRC025,0.85,EV04914,2024-12-14 12:13:22
MOV001987,VEHICLE,V00993,L01822,2026-01-08 04:44:34,2026-01-08 09:26:34,VISIT,,SRC027,0.92,EV03502,2025-04-04 09:34:08
MOV001988,VEHICLE,V00362,L01014,2025-09-12 19:48:21,2025-09-13 05:44:21,VISIT,,SRC004,0.77,EV04407,2026-08-20 11:30:49
MOV001989,ORGANIZATION,O0408,L02099,2024-08-10 02:03:24,2024-08-10 11:17:24,TRANSIT,V00631,SRC013,0.78,EV04130,2026-05-15 04:37:27
MOV001990,VEHICLE,V00765,L01743,2024-01-07 23:07:05,2024-01-08 00:50:05,EXIT,,SRC022,0.91,EV01029,2026-02-09 02:14:20
MOV001991,VEHICLE,V00522,L00832,2025-06-04 05:24:13,2025-06-04 12:44:13,EXIT,V01113,SRC006,0.97,EV01810,2024-07-29 21:22:09
MOV001992,PERSON,P02472,L01653,2025-04-12 04:08:54,2025-04-12 11:22:54,ENTRY,,SRC012,0.97,EV02429,2024-07-25 08:57:57
MOV001993,PERSON,P00489,L00685,2025-08-07 22:25:32,2025-08-08 19:16:32,ENTRY,,SRC024,0.87,EV04191,2024-09-04 02:39:24
MOV001994,ORGANIZATION,O0413,L00185,2026-06-25 15:48:12,2026-06-25 22:05:12,TRANSIT,V00855,SRC008,0.84,EV00453,2024-03-21 06:09:56
MOV001995,ORGANIZATION,O0127,L00971,2024-04-11 14:28:32,2024-04-12 14:25:32,EXIT,,SRC013,0.88,EV04400,2025-10-07 06:57:58
MOV001996,ORGANIZATION,O0061,L00016,2024-09-08 18:35:54,2024-09-08 18:56:54,TRANSIT,,SRC014,0.95,EV03383,2026-08-26 22:26:23
MOV001997,PERSON,P03884,L02003,2026-08-06 05:23:01,2026-08-07 01:58:01,ENTRY,V00634,SRC008,0.83,EV02988,2025-06-07 11:36:15
MOV001998,PERSON,P03533,L00815,2024-03-31 07:16:18,2024-03-31 20:25:18,ENTRY,,SRC028,0.9,EV02411,2025-01-17 12:23:43
MOV001999,VEHICLE,V00277,L01366,2026-05-26 23:44:58,2026-05-27 17:04:58,VISIT,V00850,SRC008,0.75,EV02263,2024-10-18 06:51:01
MOV002000,ORGANIZATION,O0032,L01711,2025-12-30 18:37:13,2025-12-31 16:46:13,TRANSIT,V00501,SRC008,0.96,EV02695,2024-10-12 06:47:18
MOV002001,ORGANIZATION,O0497,L00085,2025-03-06 00:28:49,2025-03-06 03:02:49,VISIT,,SRC003,0.87,EV00812,2024-01-21 22:45:49
MOV002002,ORGANIZATION,O0335,L00103,2025-12-22 20:38:54,2025-12-23 14:52:54,TRANSIT,,SRC017,0.93,EV04523,2024-04-17 09:45:36
MOV002003,PERSON,P03214,L00118,2025-12-03 19:26:47,2025-12-04 19:20:47,VISIT,V00725,SRC004,0.91,EV00250,2025-10-10 01:29:47
MOV002004,PERSON,P00245,L00319,2024-06-17 08:42:39,2024-06-17 14:27:39,TRANSIT,,SRC021,0.79,EV00381,2026-05-31 12:35:00
MOV002005,PERSON,P01418,L02210,2024-12-14 12:04:36,2024-12-14 17:58:36,TRANSIT,,SRC025,0.75,EV02237,2026-02-06 07:34:45
MOV002006,ORGANIZATION,O0008,L01717,2024-05-23 15:37:08,2024-05-23 23:31:08,EXIT,V00982,SRC006,0.76,EV03850,2025-06-30 17:50:25
MOV002007,VEHICLE,V00798,L00140,2025-10-18 11:55:25,2025-10-19 08:36:25,ENTRY,V00571,SRC022,0.9,EV00652,2026-06-12 09:31:32
MOV002008,PERSON,P02581,L01150,2024-03-13 09:51:52,2024-03-14 04:34:52,EXIT,,SRC025,0.83,EV02543,2024-04-02 13:18:00
MOV002009,PERSON,P01343,L01601,2025-08-26 00:44:24,2025-08-26 23:48:24,VISIT,,SRC024,0.85,EV03549,2025-01-21 18:25:02
MOV002010,ORGANIZATION,O0175,L00682,2025-08-25 16:54:29,2025-08-26 02:42:29,TRANSIT,V00781,SRC026,0.95,EV02039,2024-06-04 09:28:31
MOV002011,ORGANIZATION,O0213,L00765,2025-09-02 00:47:41,2025-09-02 10:03:41,TRANSIT,V00038,SRC026,0.92,EV04994,2025-05-19 12:58:22
MOV002012,ORGANIZATION,O0044,L00351,2024-09-20 01:36:02,2024-09-20 05:39:02,TRANSIT,,SRC029,0.88,EV02054,2026-06-03 05:26:06
MOV002013,ORGANIZATION,O0113,L01552,2026-01-28 06:49:30,2026-01-28 12:58:30,TRANSIT,V00546,SRC017,0.95,EV00616,2024-12-03 05:49:20
MOV002014,ORGANIZATION,O0380,L00159,2024-01-18 19:14:50,2024-01-19 00:15:50,VISIT,V00526,SRC020,0.96,EV01658,2026-06-03 06:09:24
MOV002015,PERSON,P00066,L02019,2026-03-09 01:40:13,2026-03-09 15:43:13,EXIT,,SRC023,0.95,EV01782,2025-06-05 13:24:49
MOV002016,ORGANIZATION,O0120,L02297,2026-02-16 02:49:05,2026-02-16 21:28:05,TRANSIT,,SRC005,0.98,EV03261,2024-09-17 06:58:56
MOV002017,PERSON,P03891,L01295,2025-09-05 06:55:21,2025-09-05 22:20:21,VISIT,,SRC006,0.82,EV00220,2024-11-19 23:08:11
MOV002018,ORGANIZATION,O0010,L02256,2024-09-09 12:28:30,2024-09-09 20:41:30,ENTRY,,SRC002,0.89,EV00206,2026-02-04 23:25:26
MOV002019,VEHICLE,V00420,L00862,2025-07-19 13:48:58,2025-07-20 07:53:58,TRANSIT,,SRC026,0.88,EV04369,2025-02-19 19:30:51
MOV002020,PERSON,P00158,L00435,2024-01-13 17:12:38,2024-01-14 09:54:38,ENTRY,V00010,SRC019,0.76,EV01743,2024-09-27 01:22:28
MOV002021,VEHICLE,V00033,L00768,2025-11-09 12:16:56,2025-11-10 04:55:56,ENTRY,,SRC004,0.81,EV04399,2025-04-14 17:51:27
MOV002022,VEHICLE,V00374,L02443,2026-02-08 06:47:34,2026-02-09 05:01:34,EXIT,,SRC015,0.88,EV01826,2024-10-16 06:11:52
MOV002023,PERSON,P02409,L00950,2024-07-27 07:13:25,2024-07-27 13:45:25,EXIT,,SRC027,0.88,EV02782,2025-02-04 16:24:20
MOV002024,ORGANIZATION,O0027,L01171,2024-07-17 13:06:19,2024-07-17 22:24:19,ENTRY,V00091,SRC009,0.77,EV01184,2024-11-18 09:24:57
MOV002025,ORGANIZATION,O0192,L01113,2024-07-05 02:32:22,2024-07-05 03:57:22,VISIT,,SRC009,0.82,EV00242,2025-02-17 06:42:04
MOV002026,ORGANIZATION,O0007,L01166,2025-04-13 10:42:51,2025-04-13 23:18:51,ENTRY,,SRC018,0.88,EV02579,2025-06-11 23:20:04
MOV002027,PERSON,P02840,L00620,2026-07-14 09:45:32,2026-07-15 09:07:32,ENTRY,,SRC010,0.82,EV04730,2024-11-09 13:49:09
MOV002028,PERSON,P03433,L00925,2024-03-02 16:45:28,2024-03-03 09:31:28,EXIT,V01128,SRC020,0.85,EV00674,2025-06-22 06:42:01
MOV002029,ORGANIZATION,O0394,L01420,2024-01-16 21:20:50,2024-01-17 06:41:50,TRANSIT,,SRC014,0.97,EV03363,2025-05-05 12:35:50
MOV002030,ORGANIZATION,O0259,L02454,2024-11-14 19:09:24,2024-11-15 11:33:24,TRANSIT,V00962,SRC001,0.96,EV03309,2025-11-03 01:14:12
MOV002031,ORGANIZATION,O0423,L02073,2025-06-14 04:21:01,2025-06-14 04:43:01,VISIT,,SRC001,0.89,EV00127,2024-10-14 04:41:40
MOV002032,PERSON,P01488,L00775,2026-06-30 11:27:31,2026-06-30 20:32:31,EXIT,,SRC019,0.96,EV00674,2025-05-07 06:57:42
MOV002033,PERSON,P01519,L00110,2024-06-14 07:05:18,2024-06-14 13:51:18,TRANSIT,V00062,SRC027,0.85,EV01926,2024-05-27 14:06:57
MOV002034,VEHICLE,V01027,L01192,2024-01-24 15:36:50,2024-01-25 09:27:50,TRANSIT,,SRC016,0.87,EV04878,2026-02-25 07:25:48
MOV002035,PERSON,P02466,L02285,2025-07-14 19:15:15,2025-07-14 23:56:15,VISIT,V00981,SRC002,0.87,EV04015,2025-05-07 21:18:10
MOV002036,PERSON,P03663,L01957,2024-06-30 00:58:53,2024-06-30 03:42:53,ENTRY,,SRC021,0.78,EV01685,2024-01-28 09:09:49
MOV002037,ORGANIZATION,O0446,L01216,2024-05-13 19:45:45,2024-05-13 21:26:45,EXIT,,SRC015,0.79,EV02146,2026-07-01 20:45:26
MOV002038,PERSON,P01531,L00160,2024-10-01 13:05:52,2024-10-02 07:31:52,EXIT,,SRC023,0.93,EV01911,2025-01-21 14:51:48
MOV002039,ORGANIZATION,O0315,L01114,2025-03-06 02:48:42,2025-03-06 14:32:42,VISIT,,SRC014,0.88,EV02989,2026-07-01 06:12:32
MOV002040,PERSON,P01361,L00281,2025-06-06 04:25:42,2025-06-06 04:47:42,EXIT,V00144,SRC010,0.97,EV00833,2026-02-12 04:52:47
MOV002041,PERSON,P00953,L02256,2024-10-08 13:24:33,2024-10-08 16:33:33,TRANSIT,,SRC021,0.83,EV03494,2026-06-01 14:28:39
MOV002042,PERSON,P01655,L02455,2025-09-17 19:27:59,2025-09-18 01:58:59,TRANSIT,,SRC027,0.9,EV03938,2025-07-22 04:47:48
MOV002043,VEHICLE,V00712,L02166,2024-12-27 19:32:26,2024-12-28 12:01:26,ENTRY,,SRC016,0.78,EV01105,2024-04-28 02:36:00
MOV002044,ORGANIZATION,O0046,L00360,2025-12-30 04:55:58,2025-12-31 01:34:58,EXIT,,SRC002,0.79,EV04140,2024-01-04 17:29:15
MOV002045,ORGANIZATION,O0420,L00265,2024-07-22 12:29:49,2024-07-23 10:17:49,ENTRY,,SRC007,0.75,EV00101,2026-01-17 05:55:48
MOV002046,ORGANIZATION,O0061,L01311,2025-09-14 20:33:50,2025-09-15 11:00:50,EXIT,V00156,SRC019,0.8,EV01832,2024-09-05 18:26:00
MOV002047,PERSON,P01711,L00218,2025-05-22 19:31:31,2025-05-23 14:42:31,EXIT,,SRC021,0.76,EV01472,2025-12-02 04:18:43
MOV002048,VEHICLE,V00248,L00134,2025-09-24 23:45:09,2025-09-25 03:51:09,VISIT,V00615,SRC025,0.86,EV01713,2024-07-05 03:38:30
MOV002049,PERSON,P00347,L01164,2024-06-17 10:06:53,2024-06-17 19:35:53,VISIT,,SRC019,0.96,EV03752,2024-09-28 02:44:22
MOV002050,VEHICLE,V00243,L01984,2025-07-05 13:55:49,2025-07-05 16:30:49,VISIT,,SRC026,0.93,EV04324,2024-04-16 23:39:18
MOV002051,PERSON,P00165,L00413,2025-03-08 04:32:44,2025-03-08 12:10:44,ENTRY,V00949,SRC030,0.85,EV01616,2026-05-29 08:01:52
MOV002052,ORGANIZATION,O0084,L01157,2026-03-04 23:23:56,2026-03-05 01:01:56,VISIT,,SRC005,0.75,EV04344,2025-02-13 06:31:45
MOV002053,VEHICLE,V01016,L00150,2024-11-29 10:21:36,2024-11-29 14:34:36,EXIT,,SRC011,0.95,EV02009,2025-08-11 19:07:33
MOV002054,VEHICLE,V00905,L02010,2026-05-01 00:53:36,2026-05-01 03:16:36,EXIT,,SRC029,0.8,EV03584,2024-07-30 09:35:17
MOV002055,PERSON,P01109,L00307,2024-12-29 21:39:36,2024-12-30 15:42:36,EXIT,,SRC003,0.86,EV02458,2025-06-26 22:13:36
MOV002056,PERSON,P02919,L01692,2024-05-23 22:56:29,2024-05-24 19:26:29,TRANSIT,,SRC027,0.88,EV02484,2025-11-14 05:35:47
MOV002057,ORGANIZATION,O0122,L02441,2026-04-11 19:11:33,2026-04-12 10:40:33,VISIT,,SRC003,0.82,EV04218,2026-04-24 14:07:23
MOV002058,VEHICLE,V00841,L01354,2026-05-31 14:34:20,2026-05-31 17:58:20,ENTRY,V00172,SRC010,0.83,EV00761,2025-04-09 00:22:22
MOV002059,ORGANIZATION,O0310,L00337,2026-05-04 08:32:15,2026-05-04 20:32:15,VISIT,,SRC021,0.94,EV02026,2025-08-10 01:47:42
MOV002060,ORGANIZATION,O0434,L00656,2024-03-21 21:04:49,2024-03-22 10:18:49,VISIT,,SRC012,0.9,EV02474,2024-05-05 00:33:58
MOV002061,ORGANIZATION,O0293,L01270,2024-03-10 01:22:55,2024-03-10 01:57:55,EXIT,V00238,SRC027,0.76,EV04450,2024-05-06 20:40:31
MOV002062,ORGANIZATION,O0165,L00364,2024-11-26 00:08:22,2024-11-26 18:37:22,VISIT,V00189,SRC002,0.91,EV02472,2024-03-13 05:53:22
MOV002063,VEHICLE,V00852,L02203,2024-08-26 02:13:23,2024-08-26 05:05:23,EXIT,V00220,SRC015,0.92,EV01725,2024-10-30 12:44:58
MOV002064,VEHICLE,V01016,L02302,2025-04-17 20:40:58,2025-04-18 02:53:58,ENTRY,,SRC012,0.79,EV00150,2025-05-13 17:53:12
MOV002065,PERSON,P00590,L01965,2025-04-07 10:38:47,2025-04-07 23:27:47,VISIT,,SRC017,0.93,EV02900,2025-03-27 15:11:38
MOV002066,PERSON,P03823,L00062,2024-12-04 15:20:24,2024-12-05 10:29:24,ENTRY,,SRC026,0.9,EV04404,2026-07-15 20:40:53
MOV002067,ORGANIZATION,O0092,L00467,2025-02-17 20:50:26,2025-02-18 20:47:26,EXIT,,SRC011,0.76,EV02419,2025-11-20 04:36:31
MOV002068,PERSON,P03675,L01815,2026-02-02 20:17:41,2026-02-03 02:03:41,ENTRY,,SRC009,0.93,EV00879,2025-03-12 06:40:00
MOV002069,ORGANIZATION,O0484,L02133,2024-11-13 15:00:06,2024-11-13 15:40:06,ENTRY,,SRC030,0.89,EV03049,2024-03-25 06:12:48
MOV002070,VEHICLE,V00307,L01053,2025-01-15 02:02:38,2025-01-15 23:07:38,EXIT,,SRC021,0.85,EV01277,2026-06-10 16:42:41
MOV002071,VEHICLE,V00257,L01111,2025-08-28 06:13:52,2025-08-28 09:22:52,TRANSIT,V00367,SRC013,0.82,EV03991,2024-08-01 01:12:09
MOV002072,VEHICLE,V00672,L00876,2026-03-09 14:09:42,2026-03-10 00:32:42,ENTRY,V00483,SRC015,0.77,EV03685,2026-01-24 17:04:13
MOV002073,ORGANIZATION,O0101,L00130,2026-07-11 13:07:42,2026-07-12 11:14:42,VISIT,,SRC010,0.96,EV02676,2026-01-11 10:17:24
MOV002074,PERSON,P01835,L01731,2025-07-01 07:13:53,2025-07-01 09:32:53,ENTRY,,SRC015,0.91,EV04586,2024-04-10 04:51:19
MOV002075,ORGANIZATION,O0072,L00979,2024-02-22 17:50:01,2024-02-23 09:42:01,VISIT,,SRC011,0.91,EV04784,2024-04-09 04:30:29
MOV002076,PERSON,P01054,L01164,2025-09-11 21:43:59,2025-09-12 17:27:59,TRANSIT,,SRC027,0.92,EV02584,2024-04-25 01:15:17
MOV002077,PERSON,P03210,L01522,2026-04-06 04:39:30,2026-04-06 20:18:30,ENTRY,,SRC024,0.82,EV00502,2025-08-20 00:09:43
MOV002078,PERSON,P00013,L00173,2024-03-31 23:29:26,2024-04-01 16:29:26,VISIT,,SRC007,0.94,EV00738,2025-05-21 20:36:30
MOV002079,PERSON,P02097,L02163,2024-02-28 23:54:58,2024-02-29 17:25:58,VISIT,,SRC016,0.8,EV01330,2025-06-01 08:39:52
MOV002080,ORGANIZATION,O0406,L02097,2024-04-24 09:15:06,2024-04-24 11:48:06,ENTRY,V00732,SRC002,0.94,EV03620,2025-03-10 02:08:36
MOV002081,PERSON,P03572,L02096,2024-05-06 15:05:16,2024-05-07 12:27:16,ENTRY,V00272,SRC017,0.78,EV02021,2024-06-02 13:11:00
MOV002082,PERSON,P01072,L01654,2026-07-06 01:17:53,2026-07-06 07:26:53,VISIT,V00209,SRC015,0.81,EV00224,2025-10-16 07:39:24
MOV002083,VEHICLE,V00894,L00610,2025-12-08 10:37:06,2025-12-08 20:52:06,TRANSIT,,SRC017,0.81,EV04106,2024-08-07 17:15:57
MOV002084,VEHICLE,V01120,L00293,2025-02-18 04:32:55,2025-02-19 00:11:55,ENTRY,,SRC003,0.97,EV03978,2026-05-21 21:56:02
MOV002085,VEHICLE,V00638,L00547,2024-11-08 13:01:06,2024-11-09 12:00:06,VISIT,,SRC028,0.79,EV02941,2026-07-12 15:22:21
MOV002086,PERSON,P01598,L00786,2024-03-02 22:30:27,2024-03-03 04:21:27,TRANSIT,,SRC019,0.77,EV01149,2025-11-26 06:02:41
MOV002087,ORGANIZATION,O0368,L01298,2025-11-03 18:50:47,2025-11-04 14:37:47,VISIT,,SRC026,0.84,EV01955,2024-05-09 10:29:23
MOV002088,PERSON,P00259,L02229,2024-10-05 16:53:10,2024-10-06 00:32:10,TRANSIT,,SRC012,0.95,EV01379,2024-11-22 11:08:40
MOV002089,ORGANIZATION,O0021,L01715,2025-03-05 22:44:26,2025-03-06 07:41:26,VISIT,V00234,SRC005,0.8,EV02703,2025-01-31 13:32:40
MOV002090,PERSON,P03578,L02446,2026-05-17 07:23:06,2026-05-18 05:38:06,TRANSIT,,SRC014,0.81,EV03882,2025-10-22 01:11:17
MOV002091,PERSON,P01740,L01433,2025-08-10 01:31:06,2025-08-10 17:47:06,TRANSIT,,SRC005,0.84,EV03838,2026-03-14 22:05:05
MOV002092,PERSON,P01879,L02137,2026-01-09 00:33:12,2026-01-09 20:06:12,EXIT,,SRC030,0.85,EV01494,2025-10-15 12:45:41
MOV002093,VEHICLE,V00679,L01358,2025-11-17 08:53:59,2025-11-18 06:41:59,EXIT,,SRC010,0.93,EV02319,2025-05-29 11:18:13
MOV002094,ORGANIZATION,O0168,L01171,2024-10-26 03:53:06,2024-10-26 18:22:06,EXIT,,SRC012,0.94,EV03850,2024-12-20 06:32:22
MOV002095,VEHICLE,V00733,L02458,2025-06-11 17:40:29,2025-06-12 06:59:29,TRANSIT,V00811,SRC006,0.92,EV03715,2025-08-01 14:30:46
MOV002096,PERSON,P01770,L01775,2024-11-15 06:42:03,2024-11-15 09:43:03,VISIT,V00018,SRC015,0.83,EV00004,2024-04-29 21:35:41
MOV002097,PERSON,P02929,L01414,2026-08-28 07:48:25,2026-08-28 22:37:25,TRANSIT,,SRC011,0.95,EV03397,2024-06-06 21:18:56
MOV002098,PERSON,P00332,L00885,2024-08-30 03:56:09,2024-08-31 03:18:09,EXIT,,SRC025,0.75,EV04838,2025-01-08 03:47:28
MOV002099,VEHICLE,V00173,L01828,2024-10-10 21:43:05,2024-10-11 08:34:05,EXIT,,SRC002,0.81,EV01989,2024-05-22 22:34:50
MOV002100,PERSON,P02990,L01194,2024-05-08 01:18:49,2024-05-08 20:06:49,TRANSIT,V00700,SRC029,0.93,EV03187,2025-01-03 08:44:45
MOV002101,PERSON,P03045,L00022,2024-04-13 15:10:04,2024-04-14 11:19:04,ENTRY,,SRC004,0.81,EV03513,2026-01-13 03:39:29
MOV002102,PERSON,P02245,L00410,2024-02-04 16:55:46,2024-02-05 04:27:46,TRANSIT,,SRC007,0.84,EV02604,2024-01-05 16:40:25
MOV002103,PERSON,P03751,L00773,2026-08-06 05:51:14,2026-08-06 15:21:14,EXIT,V01071,SRC016,0.97,EV01368,2024-04-01 00:55:40
MOV002104,VEHICLE,V00146,L02029,2024-09-03 10:00:24,2024-09-03 12:20:24,VISIT,,SRC018,0.93,EV02695,2026-01-08 08:19:01
MOV002105,PERSON,P01844,L00299,2026-03-05 03:55:01,2026-03-06 01:40:01,EXIT,V00002,SRC015,0.82,EV04867,2025-05-14 17:12:33
MOV002106,ORGANIZATION,O0397,L01567,2025-10-24 20:53:09,2025-10-25 01:04:09,EXIT,,SRC027,0.81,EV02669,2025-04-26 03:09:21
MOV002107,PERSON,P03857,L02209,2025-04-22 11:05:14,2025-04-23 01:49:14,VISIT,,SRC018,0.93,EV03658,2026-04-02 07:24:55
MOV002108,VEHICLE,V00473,L00270,2026-01-23 16:24:12,2026-01-24 14:52:12,EXIT,V00905,SRC022,0.95,EV04797,2025-05-20 18:55:00
MOV002109,PERSON,P02400,L00747,2026-05-26 06:16:03,2026-05-26 23:05:03,ENTRY,,SRC022,0.86,EV03122,2025-04-04 10:59:09
MOV002110,ORGANIZATION,O0253,L00530,2025-12-08 20:00:14,2025-12-09 00:46:14,EXIT,,SRC008,0.93,EV00007,2026-04-30 09:19:16
MOV002111,VEHICLE,V00377,L02044,2026-04-01 12:50:00,2026-04-01 18:14:00,TRANSIT,V00426,SRC025,0.98,EV03833,2025-05-19 11:45:03
MOV002112,ORGANIZATION,O0483,L00552,2024-10-28 02:30:16,2024-10-29 02:09:16,TRANSIT,,SRC027,0.81,EV01689,2024-12-01 20:08:16
MOV002113,VEHICLE,V00891,L00274,2024-09-02 03:23:18,2024-09-02 18:07:18,TRANSIT,,SRC002,0.96,EV01424,2024-09-12 22:06:51
MOV002114,ORGANIZATION,O0044,L00234,2024-03-23 09:16:20,2024-03-23 17:37:20,ENTRY,,SRC027,0.89,EV03343,2026-01-05 16:17:04
MOV002115,ORGANIZATION,O0176,L00798,2025-03-03 07:35:04,2025-03-03 21:32:04,VISIT,,SRC010,0.83,EV01387,2024-06-22 11:36:56
MOV002116,ORGANIZATION,O0402,L00674,2024-05-17 01:36:14,2024-05-18 00:59:14,TRANSIT,,SRC020,0.83,EV02050,2024-02-28 07:16:32
MOV002117,ORGANIZATION,O0337,L02073,2024-02-26 00:15:09,2024-02-26 18:45:09,TRANSIT,,SRC027,0.97,EV02540,2025-01-27 05:37:01
MOV002118,ORGANIZATION,O0124,L00137,2025-08-09 13:07:33,2025-08-10 06:42:33,EXIT,,SRC004,0.79,EV03013,2024-09-10 21:36:24
MOV002119,VEHICLE,V00121,L00516,2026-03-08 13:07:26,2026-03-09 02:43:26,VISIT,,SRC014,0.94,EV01091,2024-08-12 03:33:33
MOV002120,ORGANIZATION,O0243,L00401,2026-04-25 19:55:47,2026-04-26 05:19:47,VISIT,,SRC007,0.9,EV00376,2025-04-09 06:13:13
MOV002121,PERSON,P02742,L01246,2025-12-02 02:08:18,2025-12-02 10:20:18,ENTRY,,SRC008,0.94,EV00852,2025-01-03 04:15:40
MOV002122,PERSON,P00761,L00624,2024-03-13 06:57:07,2024-03-13 08:42:07,EXIT,,SRC001,0.8,EV04530,2025-08-18 21:09:16
MOV002123,VEHICLE,V00687,L00614,2024-01-27 02:33:23,2024-01-27 05:05:23,EXIT,,SRC028,0.8,EV00807,2025-04-16 02:55:20
MOV002124,VEHICLE,V00262,L00039,2025-01-11 22:35:40,2025-01-12 01:37:40,TRANSIT,,SRC012,0.93,EV04437,2025-04-16 04:41:50
MOV002125,VEHICLE,V00346,L01064,2024-05-03 06:45:31,2024-05-03 16:08:31,TRANSIT,V00209,SRC003,0.82,EV00827,2026-06-02 02:02:34
MOV002126,ORGANIZATION,O0459,L00913,2024-08-31 14:12:45,2024-09-01 00:21:45,TRANSIT,,SRC019,0.78,EV00921,2025-12-19 05:29:16
MOV002127,ORGANIZATION,O0072,L01912,2025-01-17 22:52:33,2025-01-18 09:07:33,EXIT,,SRC021,0.97,EV00842,2025-03-16 22:39:23
MOV002128,VEHICLE,V00902,L01006,2025-09-20 10:43:08,2025-09-20 20:37:08,ENTRY,V00857,SRC022,0.86,EV04425,2024-05-18 00:56:08
MOV002129,PERSON,P01652,L01966,2025-07-27 08:10:03,2025-07-28 02:49:03,ENTRY,,SRC012,0.86,EV01346,2026-05-10 00:02:10
MOV002130,VEHICLE,V01050,L01789,2025-01-12 15:15:02,2025-01-13 10:59:02,EXIT,,SRC024,0.98,EV00020,2024-12-29 19:48:00
MOV002131,VEHICLE,V00898,L00424,2026-04-19 06:11:55,2026-04-19 21:43:55,EXIT,,SRC030,0.87,EV04828,2025-02-26 09:20:11
MOV002132,ORGANIZATION,O0016,L01609,2025-04-02 13:14:17,2025-04-03 06:31:17,ENTRY,,SRC006,0.82,EV03651,2026-04-23 13:15:09
MOV002133,VEHICLE,V00279,L02264,2024-08-23 14:07:19,2024-08-24 11:45:19,TRANSIT,,SRC014,0.88,EV01443,2026-02-21 12:26:41
MOV002134,VEHICLE,V00777,L00951,2024-11-05 19:25:29,2024-11-06 01:28:29,ENTRY,,SRC008,0.76,EV03032,2025-11-15 07:18:27
MOV002135,VEHICLE,V00556,L00661,2024-04-06 21:11:47,2024-04-07 04:36:47,EXIT,,SRC023,0.89,EV04410,2026-04-10 12:28:44
MOV002136,ORGANIZATION,O0117,L01005,2026-04-08 07:42:10,2026-04-08 10:52:10,EXIT,,SRC005,0.95,EV01413,2024-05-26 02:52:58
MOV002137,ORGANIZATION,O0455,L01182,2025-09-23 15:38:17,2025-09-24 00:39:17,VISIT,,SRC010,0.75,EV01206,2025-06-20 21:20:27
MOV002138,VEHICLE,V01139,L01081,2024-06-21 00:49:27,2024-06-21 02:22:27,ENTRY,V00902,SRC005,0.91,EV01277,2024-04-25 09:59:07
MOV002139,ORGANIZATION,O0350,L01659,2025-04-19 01:34:56,2025-04-19 04:28:56,EXIT,,SRC016,0.86,EV02996,2026-03-14 07:15:12
MOV002140,VEHICLE,V01160,L01960,2024-04-29 03:38:29,2024-04-29 16:30:29,EXIT,V01147,SRC002,0.8,EV01048,2025-09-22 22:00:16
MOV002141,VEHICLE,V00633,L00928,2025-06-19 20:08:24,2025-06-20 08:38:24,EXIT,V00997,SRC006,0.78,EV03083,2026-04-03 12:09:05
MOV002142,PERSON,P02692,L01505,2026-08-13 10:40:05,2026-08-14 02:44:05,VISIT,,SRC030,0.95,EV01244,2026-07-07 17:09:20
MOV002143,PERSON,P01799,L01826,2025-04-29 00:31:44,2025-04-29 18:02:44,TRANSIT,,SRC020,0.84,EV04535,2026-05-23 20:24:59
MOV002144,PERSON,P00489,L01088,2026-05-29 01:08:39,2026-05-30 00:26:39,EXIT,V00899,SRC003,0.98,EV02375,2026-08-27 02:21:38
MOV002145,ORGANIZATION,O0168,L01470,2025-05-01 03:00:49,2025-05-01 05:13:49,EXIT,,SRC011,0.83,EV00241,2025-08-26 05:41:09
MOV002146,PERSON,P01275,L02325,2025-03-01 12:15:11,2025-03-01 19:24:11,EXIT,,SRC004,0.94,EV04435,2025-06-24 02:24:33
MOV002147,ORGANIZATION,O0069,L01265,2025-06-05 15:16:14,2025-06-06 00:26:14,ENTRY,,SRC007,0.85,EV00368,2025-11-15 10:07:31
MOV002148,VEHICLE,V00899,L00169,2024-02-03 19:02:28,2024-02-04 14:40:28,VISIT,,SRC030,0.94,EV00789,2025-04-17 21:24:45
MOV002149,VEHICLE,V00083,L00787,2025-04-22 09:04:44,2025-04-22 19:26:44,TRANSIT,,SRC027,0.78,EV02823,2024-10-12 16:06:04
MOV002150,VEHICLE,V00901,L02001,2024-02-23 03:23:40,2024-02-23 22:31:40,EXIT,,SRC028,0.84,EV00246,2026-02-20 07:00:32
MOV002151,ORGANIZATION,O0275,L01389,2024-04-20 15:39:47,2024-04-21 04:23:47,EXIT,,SRC008,0.79,EV04525,2024-08-19 10:26:09
MOV002152,PERSON,P01735,L01452,2024-02-03 12:28:15,2024-02-04 00:06:15,EXIT,V01196,SRC027,0.94,EV01411,2024-02-17 03:00:55
MOV002153,ORGANIZATION,O0312,L01667,2024-05-29 02:38:04,2024-05-29 14:33:04,ENTRY,,SRC001,0.79,EV03878,2025-05-18 22:54:10
MOV002154,ORGANIZATION,O0485,L02195,2026-01-11 04:33:38,2026-01-11 14:29:38,TRANSIT,,SRC017,0.82,EV02964,2025-11-07 07:14:00
MOV002155,VEHICLE,V00562,L00425,2024-05-25 11:23:06,2024-05-25 14:39:06,VISIT,V01139,SRC028,0.85,EV01791,2024-08-17 03:40:35
MOV002156,VEHICLE,V00189,L01828,2024-01-28 03:39:27,2024-01-28 10:48:27,VISIT,,SRC013,0.76,EV03284,2024-02-28 14:19:43
MOV002157,PERSON,P02632,L01622,2025-05-03 11:52:07,2025-05-04 02:42:07,ENTRY,V00238,SRC013,0.88,EV04805,2025-05-29 03:12:44
MOV002158,ORGANIZATION,O0443,L00229,2024-04-22 05:09:49,2024-04-22 15:12:49,VISIT,,SRC022,0.95,EV03159,2026-02-03 07:10:38
MOV002159,ORGANIZATION,O0021,L01564,2025-02-18 04:42:44,2025-02-18 14:46:44,EXIT,,SRC026,0.92,EV02753,2025-09-07 12:03:04
MOV002160,PERSON,P03936,L00431,2024-05-27 08:04:32,2024-05-28 06:46:32,VISIT,,SRC027,0.79,EV02277,2024-08-11 13:25:53
MOV002161,VEHICLE,V00203,L00947,2026-02-26 08:56:26,2026-02-27 05:17:26,ENTRY,,SRC028,0.77,EV00569,2025-09-23 12:57:36
MOV002162,PERSON,P01304,L02287,2025-03-17 07:01:43,2025-03-17 09:26:43,TRANSIT,,SRC015,0.86,EV01564,2026-01-24 02:02:39
MOV002163,VEHICLE,V00131,L00613,2025-06-06 15:01:27,2025-06-06 22:22:27,ENTRY,,SRC012,0.88,EV01950,2024-10-29 12:53:53
MOV002164,VEHICLE,V00429,L01254,2024-12-07 09:23:50,2024-12-07 20:46:50,ENTRY,,SRC013,0.78,EV04294,2024-06-21 20:18:44
MOV002165,ORGANIZATION,O0340,L00914,2026-05-19 07:19:42,2026-05-20 03:52:42,EXIT,V00099,SRC029,0.85,EV03337,2025-02-24 08:14:17
MOV002166,PERSON,P02043,L01693,2024-11-29 01:31:49,2024-11-29 14:36:49,TRANSIT,,SRC014,0.94,EV00302,2025-02-09 22:18:26
MOV002167,ORGANIZATION,O0101,L01577,2024-02-10 17:28:40,2024-02-11 09:29:40,EXIT,,SRC020,0.85,EV01841,2026-08-10 09:09:08
MOV002168,VEHICLE,V00353,L00649,2025-02-02 12:34:37,2025-02-02 19:04:37,ENTRY,,SRC022,0.8,EV03037,2025-11-20 12:49:11
MOV002169,VEHICLE,V00498,L01504,2024-04-24 16:04:13,2024-04-25 03:33:13,VISIT,,SRC009,0.8,EV01206,2024-10-20 02:31:27
MOV002170,VEHICLE,V01051,L01888,2025-12-23 02:40:10,2025-12-23 13:34:10,TRANSIT,,SRC021,0.97,EV03828,2025-08-01 20:55:15
MOV002171,VEHICLE,V00288,L01323,2025-08-28 20:26:11,2025-08-28 22:43:11,EXIT,V01113,SRC010,0.88,EV03815,2024-09-24 03:49:52
MOV002172,VEHICLE,V00455,L02032,2024-04-28 03:04:12,2024-04-29 00:33:12,TRANSIT,,SRC016,0.75,EV00341,2024-04-21 03:48:33
MOV002173,VEHICLE,V00745,L02171,2024-01-18 20:08:10,2024-01-19 04:47:10,EXIT,,SRC024,0.76,EV01348,2025-01-05 09:08:48
MOV002174,ORGANIZATION,O0328,L00151,2024-11-11 05:33:04,2024-11-11 16:54:04,VISIT,V01047,SRC010,0.84,EV00892,2026-08-02 19:44:55
MOV002175,PERSON,P00964,L01569,2025-11-25 10:20:02,2025-11-26 06:45:02,EXIT,V00664,SRC022,0.79,EV04940,2026-02-28 13:12:25
MOV002176,ORGANIZATION,O0152,L02352,2024-07-08 21:40:57,2024-07-09 09:57:57,ENTRY,V00139,SRC006,0.86,EV04431,2025-04-28 02:15:17
MOV002177,PERSON,P02972,L01391,2025-05-17 01:20:31,2025-05-17 19:10:31,VISIT,,SRC005,0.9,EV02524,2025-04-07 13:55:20
MOV002178,ORGANIZATION,O0388,L01716,2024-07-13 04:46:24,2024-07-13 13:04:24,ENTRY,,SRC025,0.86,EV00925,2025-08-26 06:44:45
MOV002179,VEHICLE,V01168,L01845,2024-11-09 18:30:19,2024-11-10 08:26:19,EXIT,,SRC013,0.9,EV03760,2025-02-01 15:51:27
MOV002180,ORGANIZATION,O0344,L02367,2025-12-17 12:16:49,2025-12-17 16:50:49,EXIT,V00449,SRC013,0.77,EV02395,2025-12-24 22:59:14
MOV002181,ORGANIZATION,O0125,L00619,2024-10-18 05:59:22,2024-10-19 02:20:22,ENTRY,V00745,SRC011,0.82,EV03037,2024-12-09 13:09:34
MOV002182,VEHICLE,V00508,L01642,2026-08-05 18:43:29,2026-08-06 10:49:29,TRANSIT,V00319,SRC013,0.86,EV01950,2025-08-24 06:22:47
MOV002183,VEHICLE,V00587,L00485,2024-05-27 02:59:08,2024-05-27 13:33:08,TRANSIT,V00693,SRC009,0.83,EV03422,2025-09-05 19:48:20
MOV002184,VEHICLE,V00378,L00285,2024-10-03 10:22:53,2024-10-04 04:51:53,EXIT,,SRC014,0.8,EV00406,2026-01-24 05:25:56
MOV002185,ORGANIZATION,O0485,L00877,2025-05-06 17:00:33,2025-05-07 15:03:33,VISIT,,SRC023,0.91,EV03476,2026-03-08 13:21:13
MOV002186,PERSON,P01530,L00096,2026-07-19 01:47:09,2026-07-19 20:40:09,TRANSIT,,SRC011,0.98,EV01254,2025-10-05 07:11:35
MOV002187,VEHICLE,V00502,L00467,2024-10-29 23:32:21,2024-10-30 16:55:21,EXIT,,SRC007,0.86,EV00212,2026-05-08 19:28:26
MOV002188,ORGANIZATION,O0128,L01661,2024-12-15 20:44:03,2024-12-16 03:13:03,VISIT,,SRC002,0.88,EV04963,2025-10-03 04:16:26
MOV002189,ORGANIZATION,O0168,L01951,2024-01-13 01:10:10,2024-01-13 15:13:10,TRANSIT,,SRC005,0.96,EV04472,2025-01-27 03:15:55
MOV002190,PERSON,P02774,L00944,2025-01-19 13:46:17,2025-01-19 22:54:17,ENTRY,V00502,SRC024,0.9,EV04339,2026-01-08 06:21:29
MOV002191,ORGANIZATION,O0250,L02007,2025-08-13 15:20:03,2025-08-14 06:01:03,EXIT,V00260,SRC001,0.86,EV04058,2026-06-21 17:32:33
MOV002192,PERSON,P03432,L00661,2024-10-25 13:02:48,2024-10-25 15:43:48,VISIT,V00274,SRC014,0.95,EV02000,2026-04-18 09:50:13
MOV002193,PERSON,P03545,L02349,2026-03-02 18:39:46,2026-03-02 21:36:46,EXIT,,SRC021,0.88,EV00849,2024-06-08 23:23:01
MOV002194,PERSON,P01298,L02239,2024-09-27 05:02:54,2024-09-27 09:49:54,EXIT,,SRC003,0.77,EV04314,2026-07-06 08:17:03
MOV002195,ORGANIZATION,O0198,L01498,2024-03-24 07:17:13,2024-03-25 04:21:13,ENTRY,V00433,SRC028,0.85,EV04546,2026-03-24 23:35:15
MOV002196,ORGANIZATION,O0321,L01851,2024-10-22 08:30:59,2024-10-22 11:04:59,TRANSIT,,SRC011,0.89,EV04247,2024-12-04 14:43:09
MOV002197,PERSON,P02312,L01948,2025-11-23 17:19:49,2025-11-24 13:29:49,EXIT,V00603,SRC006,0.9,EV02725,2026-08-11 23:17:22
MOV002198,ORGANIZATION,O0161,L01916,2024-05-27 13:26:52,2024-05-28 09:55:52,TRANSIT,,SRC020,0.86,EV04562,2026-06-04 08:11:19
MOV002199,VEHICLE,V00059,L01265,2024-02-18 08:33:48,2024-02-18 12:44:48,TRANSIT,,SRC022,0.95,EV01796,2025-06-17 15:02:53
MOV002200,ORGANIZATION,O0118,L00170,2025-02-28 08:32:15,2025-03-01 03:39:15,ENTRY,V00266,SRC022,0.84,EV00640,2026-04-25 17:33:59
MOV002201,VEHICLE,V00015,L01015,2024-12-19 21:20:19,2024-12-19 22:59:19,EXIT,,SRC026,0.85,EV04323,2024-02-13 13:31:31
MOV002202,VEHICLE,V00559,L02453,2026-04-10 17:28:14,2026-04-10 23:16:14,ENTRY,V01024,SRC002,0.97,EV00206,2026-08-14 16:53:35
MOV002203,VEHICLE,V00804,L01712,2026-07-10 09:36:13,2026-07-10 17:18:13,EXIT,,SRC029,0.93,EV02449,2025-05-11 08:38:23
MOV002204,ORGANIZATION,O0101,L00783,2024-02-12 00:21:52,2024-02-12 06:27:52,ENTRY,,SRC013,0.95,EV03763,2026-01-31 14:08:01
MOV002205,VEHICLE,V01002,L01834,2025-07-26 22:36:03,2025-07-27 09:33:03,TRANSIT,V01181,SRC027,0.85,EV03319,2024-03-10 07:23:26
MOV002206,VEHICLE,V00250,L01656,2025-06-17 19:47:24,2025-06-17 23:20:24,ENTRY,,SRC010,0.92,EV01949,2024-10-05 09:51:25
MOV002207,ORGANIZATION,O0114,L02424,2025-07-27 17:06:01,2025-07-28 11:48:01,TRANSIT,V00975,SRC021,0.87,EV02045,2024-03-18 05:56:39
MOV002208,PERSON,P00289,L00058,2024-01-27 00:26:37,2024-01-27 05:11:37,ENTRY,,SRC019,0.87,EV00067,2026-07-11 16:57:39
MOV002209,VEHICLE,V00539,L02068,2025-03-21 08:02:17,2025-03-21 19:27:17,TRANSIT,,SRC012,0.82,EV02154,2024-03-31 03:43:13
MOV002210,ORGANIZATION,O0124,L01786,2026-06-07 04:21:35,2026-06-07 17:59:35,VISIT,,SRC022,0.85,EV03233,2025-04-21 21:29:43
MOV002211,PERSON,P02475,L01850,2024-06-29 14:34:26,2024-06-29 15:41:26,VISIT,,SRC015,0.79,EV00226,2024-01-25 12:30:04
MOV002212,ORGANIZATION,O0147,L01806,2025-05-09 15:00:22,2025-05-10 10:10:22,TRANSIT,V00033,SRC013,0.95,EV04633,2025-09-23 07:53:12
MOV002213,PERSON,P00708,L00991,2026-03-14 22:24:20,2026-03-15 11:41:20,VISIT,,SRC015,0.82,EV04712,2024-06-23 06:16:14
MOV002214,PERSON,P01638,L02314,2025-05-21 06:41:05,2025-05-21 22:20:05,VISIT,V00986,SRC016,0.77,EV00324,2025-10-09 13:39:38
MOV002215,PERSON,P02435,L02023,2025-05-03 20:57:06,2025-05-04 19:52:06,VISIT,,SRC026,0.91,EV01238,2026-04-28 11:31:52
MOV002216,VEHICLE,V01036,L00515,2026-07-26 19:27:05,2026-07-27 04:56:05,ENTRY,,SRC009,0.96,EV04272,2025-03-11 19:16:34
MOV002217,ORGANIZATION,O0067,L01348,2025-09-27 11:25:43,2025-09-28 01:36:43,ENTRY,,SRC027,0.85,EV02838,2024-10-14 11:19:11
MOV002218,ORGANIZATION,O0456,L00369,2025-06-29 04:43:57,2025-06-29 13:48:57,VISIT,,SRC013,0.85,EV01286,2024-01-09 11:49:21
MOV002219,VEHICLE,V00493,L01608,2026-06-22 20:24:20,2026-06-23 00:29:20,TRANSIT,,SRC015,0.8,EV00820,2024-06-09 15:38:37
MOV002220,PERSON,P01030,L00298,2024-08-29 20:07:32,2024-08-30 00:41:32,VISIT,V00032,SRC003,0.81,EV00129,2026-01-02 01:56:24
MOV002221,VEHICLE,V00568,L00917,2024-07-20 09:29:21,2024-07-20 11:45:21,VISIT,V00046,SRC015,0.83,EV04694,2026-04-14 21:26:51
MOV002222,VEHICLE,V00036,L01425,2025-12-03 03:09:52,2025-12-03 14:28:52,ENTRY,,SRC019,0.87,EV01467,2026-01-23 13:05:48
MOV002223,ORGANIZATION,O0225,L02390,2024-06-21 11:50:46,2024-06-22 08:14:46,EXIT,V00025,SRC022,0.88,EV04895,2025-10-27 17:25:16
MOV002224,VEHICLE,V00420,L00521,2025-10-17 09:56:45,2025-10-18 06:58:45,EXIT,V01048,SRC004,0.79,EV01716,2024-12-10 02:43:54
MOV002225,VEHICLE,V01085,L00571,2025-02-10 07:14:44,2025-02-10 18:48:44,TRANSIT,,SRC009,0.95,EV02768,2025-10-23 05:51:07
MOV002226,PERSON,P03520,L01559,2025-08-14 17:39:41,2025-08-14 18:00:41,ENTRY,,SRC011,0.98,EV00457,2024-09-05 15:52:57
MOV002227,VEHICLE,V00451,L02373,2025-06-26 03:00:16,2025-06-27 00:53:16,VISIT,V00935,SRC010,0.81,EV02414,2024-03-23 01:59:59
MOV002228,ORGANIZATION,O0125,L02111,2025-05-30 20:28:04,2025-05-31 16:46:04,ENTRY,,SRC006,0.94,EV00732,2024-05-01 23:22:13
MOV002229,VEHICLE,V00087,L02255,2024-07-05 07:21:08,2024-07-05 20:33:08,ENTRY,V00795,SRC008,0.84,EV00179,2024-06-25 12:40:08
MOV002230,PERSON,P02050,L00925,2025-08-19 03:29:00,2025-08-19 05:25:00,TRANSIT,,SRC008,0.82,EV04225,2024-07-10 04:32:30
MOV002231,PERSON,P01550,L00939,2026-06-13 21:55:31,2026-06-14 14:26:31,ENTRY,V00066,SRC021,0.82,EV02353,2026-06-05 23:51:44
MOV002232,PERSON,P03301,L01374,2026-04-03 18:08:38,2026-04-04 03:45:38,ENTRY,V00261,SRC001,0.95,EV02123,2026-05-23 03:35:25
MOV002233,ORGANIZATION,O0004,L01697,2024-02-12 01:53:32,2024-02-12 11:14:32,TRANSIT,V01083,SRC024,0.97,EV01678,2026-05-24 22:57:08
MOV002234,PERSON,P00411,L00981,2026-06-04 18:11:48,2026-06-04 19:07:48,EXIT,,SRC027,0.9,EV01613,2024-06-20 17:18:41
MOV002235,ORGANIZATION,O0262,L01966,2025-01-31 03:10:54,2025-01-31 12:43:54,ENTRY,V01083,SRC010,0.9,EV02474,2025-02-15 07:06:30
MOV002236,VEHICLE,V00419,L00950,2024-08-06 17:21:31,2024-08-07 11:22:31,EXIT,,SRC010,0.9,EV01266,2025-11-11 09:18:10
MOV002237,PERSON,P02508,L02008,2024-02-17 19:47:04,2024-02-18 04:13:04,TRANSIT,,SRC015,0.81,EV04413,2025-03-15 16:24:07
MOV002238,ORGANIZATION,O0285,L01474,2024-12-09 12:29:41,2024-12-10 05:06:41,VISIT,,SRC007,0.75,EV00013,2025-06-27 23:11:19
MOV002239,VEHICLE,V00615,L02196,2026-01-01 16:52:33,2026-01-01 23:32:33,VISIT,,SRC016,0.79,EV03334,2024-12-25 01:33:35
MOV002240,PERSON,P00438,L00779,2025-07-31 09:31:44,2025-07-31 21:17:44,ENTRY,,SRC018,0.84,EV04251,2024-08-04 19:29:39
MOV002241,VEHICLE,V00849,L01036,2025-10-18 16:37:28,2025-10-19 10:03:28,VISIT,,SRC026,0.95,EV02438,2024-10-10 21:13:49
MOV002242,PERSON,P03461,L01078,2025-08-19 18:21:03,2025-08-20 08:44:03,VISIT,,SRC002,0.93,EV04223,2026-06-21 18:19:35
MOV002243,PERSON,P02215,L01155,2025-05-07 14:05:11,2025-05-07 16:47:11,EXIT,,SRC024,0.97,EV04470,2025-07-12 15:42:43
MOV002244,ORGANIZATION,O0068,L00269,2024-08-14 10:28:16,2024-08-14 19:14:16,ENTRY,,SRC023,0.91,EV00533,2024-07-14 02:41:54
MOV002245,PERSON,P03675,L02198,2025-08-22 20:52:31,2025-08-23 12:33:31,ENTRY,V00356,SRC015,0.81,EV02370,2025-04-08 17:48:30
MOV002246,VEHICLE,V00862,L01998,2025-09-27 22:26:13,2025-09-28 15:44:13,EXIT,,SRC013,0.9,EV01404,2026-06-16 18:31:48
MOV002247,ORGANIZATION,O0309,L00281,2025-04-26 05:57:40,2025-04-26 16:46:40,ENTRY,,SRC002,0.85,EV00225,2026-07-04 19:28:54
MOV002248,VEHICLE,V00654,L02492,2024-05-08 18:41:00,2024-05-09 07:38:00,ENTRY,,SRC009,0.93,EV02839,2024-05-17 11:56:04
MOV002249,ORGANIZATION,O0159,L02295,2025-06-07 21:54:22,2025-06-08 02:48:22,VISIT,,SRC016,0.79,EV02577,2025-05-12 21:50:31
MOV002250,VEHICLE,V00147,L01137,2025-04-01 09:26:24,2025-04-01 20:06:24,EXIT,,SRC003,0.84,EV03623,2024-10-25 05:32:07
MOV002251,ORGANIZATION,O0247,L01278,2026-04-13 23:39:07,2026-04-14 17:35:07,TRANSIT,,SRC024,0.78,EV03888,2026-08-29 21:38:02
MOV002252,VEHICLE,V01055,L00070,2024-10-28 14:47:41,2024-10-29 14:16:41,TRANSIT,V00955,SRC017,0.82,EV04795,2024-01-27 06:22:11
MOV002253,VEHICLE,V00096,L01650,2024-08-27 06:02:24,2024-08-27 12:57:24,ENTRY,V00729,SRC002,0.79,EV03897,2025-10-09 09:42:11
MOV002254,VEHICLE,V00527,L02049,2026-05-02 15:29:18,2026-05-02 16:36:18,TRANSIT,,SRC011,0.75,EV03452,2025-06-01 07:02:39
MOV002255,ORGANIZATION,O0114,L00852,2024-08-12 17:17:02,2024-08-13 03:11:02,VISIT,V01087,SRC002,0.91,EV00314,2025-10-13 01:53:06
MOV002256,ORGANIZATION,O0350,L00835,2024-03-10 15:11:58,2024-03-10 15:31:58,VISIT,,SRC013,0.82,EV03839,2024-12-01 02:58:10
MOV002257,VEHICLE,V01128,L01654,2025-02-23 05:42:37,2025-02-23 14:19:37,TRANSIT,,SRC015,0.85,EV02649,2024-06-13 10:33:19
MOV002258,ORGANIZATION,O0424,L01504,2026-02-12 19:43:07,2026-02-13 07:06:07,VISIT,,SRC014,0.83,EV02319,2024-12-04 03:37:31
MOV002259,ORGANIZATION,O0215,L00132,2025-08-05 18:10:35,2025-08-05 21:22:35,EXIT,,SRC023,0.79,EV00560,2024-09-27 06:52:27
MOV002260,VEHICLE,V00862,L01345,2025-12-18 10:06:20,2025-12-19 02:10:20,VISIT,,SRC017,0.96,EV02806,2026-02-21 10:44:28
MOV002261,VEHICLE,V00881,L00844,2024-09-03 21:32:19,2024-09-04 19:47:19,VISIT,V00046,SRC026,0.77,EV00708,2024-01-28 23:24:13
MOV002262,VEHICLE,V00413,L02423,2024-07-07 22:58:21,2024-07-08 09:54:21,VISIT,V01064,SRC024,0.83,EV01903,2026-07-12 20:52:32
MOV002263,VEHICLE,V00476,L00876,2026-06-12 02:31:44,2026-06-12 06:36:44,TRANSIT,V00377,SRC001,0.97,EV02692,2024-07-03 01:39:09
MOV002264,VEHICLE,V00904,L01967,2026-03-17 04:55:38,2026-03-17 20:18:38,ENTRY,V00927,SRC015,0.93,EV00952,2026-05-19 14:01:00
MOV002265,PERSON,P02349,L02303,2025-07-02 05:44:07,2025-07-02 14:44:07,EXIT,V00767,SRC029,0.92,EV03886,2024-10-04 01:43:19
MOV002266,VEHICLE,V00485,L01819,2024-12-23 19:21:51,2024-12-24 06:32:51,TRANSIT,,SRC001,0.92,EV01162,2024-11-13 00:20:48
MOV002267,ORGANIZATION,O0302,L00964,2024-09-21 20:28:42,2024-09-22 12:50:42,ENTRY,V01119,SRC021,0.83,EV01300,2025-01-27 03:05:40
MOV002268,VEHICLE,V00283,L00763,2026-01-31 15:32:31,2026-02-01 09:18:31,VISIT,,SRC029,0.89,EV00840,2025-02-28 17:45:50
MOV002269,ORGANIZATION,O0479,L01065,2026-06-22 19:51:26,2026-06-23 08:00:26,EXIT,,SRC016,0.85,EV02146,2024-08-07 10:09:03
MOV002270,ORGANIZATION,O0435,L00493,2026-06-18 18:39:16,2026-06-18 21:51:16,TRANSIT,,SRC026,0.92,EV03706,2025-07-31 21:14:35
MOV002271,ORGANIZATION,O0083,L02379,2024-05-11 14:50:34,2024-05-12 14:19:34,TRANSIT,,SRC018,0.93,EV02736,2024-05-16 12:46:59
MOV002272,VEHICLE,V00523,L02052,2025-02-01 09:04:54,2025-02-01 14:34:54,EXIT,,SRC008,0.94,EV03817,2026-07-01 22:29:19
MOV002273,VEHICLE,V01046,L00948,2024-05-17 12:34:43,2024-05-17 19:26:43,EXIT,,SRC026,0.88,EV04245,2025-03-13 12:06:23
MOV002274,PERSON,P00960,L00826,2026-01-04 05:37:23,2026-01-05 01:35:23,TRANSIT,V00956,SRC018,0.95,EV00573,2024-10-04 05:15:55
MOV002275,ORGANIZATION,O0202,L00867,2026-03-01 16:54:15,2026-03-02 07:50:15,EXIT,,SRC019,0.79,EV02859,2025-08-03 02:45:48
MOV002276,VEHICLE,V00697,L01514,2025-10-16 07:36:34,2025-10-16 11:34:34,TRANSIT,,SRC002,0.84,EV01203,2026-01-28 21:54:58
MOV002277,ORGANIZATION,O0115,L00925,2026-04-28 22:51:23,2026-04-29 22:39:23,EXIT,,SRC011,0.86,EV04862,2026-04-18 17:18:56
MOV002278,VEHICLE,V00903,L02417,2025-09-14 12:15:49,2025-09-15 11:01:49,ENTRY,V00535,SRC018,0.79,EV04636,2025-04-01 01:17:19
MOV002279,VEHICLE,V00993,L00839,2024-07-25 20:28:10,2024-07-25 22:43:10,VISIT,V00874,SRC002,0.96,EV02123,2025-02-01 13:02:01
MOV002280,VEHICLE,V00171,L01375,2024-12-25 12:05:35,2024-12-26 04:53:35,ENTRY,,SRC021,0.8,EV01080,2024-09-06 19:52:07
MOV002281,ORGANIZATION,O0213,L00085,2026-08-15 03:05:49,2026-08-15 08:45:49,VISIT,,SRC012,0.88,EV01166,2026-06-22 21:48:45
MOV002282,PERSON,P03562,L01455,2025-07-17 04:00:54,2025-07-17 22:11:54,EXIT,,SRC002,0.96,EV03782,2024-08-15 08:48:06
MOV002283,VEHICLE,V00238,L01232,2024-04-22 22:35:15,2024-04-23 16:31:15,VISIT,V00126,SRC027,0.86,EV00269,2026-02-09 16:33:02
MOV002284,PERSON,P00596,L01531,2025-06-10 00:05:40,2025-06-10 19:08:40,TRANSIT,,SRC030,0.89,EV04579,2025-10-02 05:55:16
MOV002285,ORGANIZATION,O0342,L01352,2025-11-30 15:37:50,2025-11-30 17:49:50,VISIT,,SRC027,0.81,EV00364,2026-06-29 04:48:44
MOV002286,PERSON,P02911,L00989,2025-07-03 09:57:00,2025-07-03 22:27:00,TRANSIT,,SRC021,0.94,EV02201,2025-04-14 14:16:26
MOV002287,ORGANIZATION,O0406,L01607,2024-10-20 09:13:47,2024-10-20 15:53:47,VISIT,,SRC011,0.96,EV01956,2024-04-24 11:40:08
MOV002288,ORGANIZATION,O0451,L00163,2024-11-13 03:52:30,2024-11-13 18:39:30,VISIT,V00840,SRC011,0.83,EV04592,2026-03-28 05:15:34
MOV002289,PERSON,P02927,L01193,2026-03-28 06:23:33,2026-03-28 15:40:33,TRANSIT,,SRC007,0.78,EV03187,2025-10-29 12:19:50
MOV002290,VEHICLE,V00764,L01913,2026-01-24 00:36:18,2026-01-24 20:51:18,ENTRY,,SRC011,0.91,EV02283,2025-01-16 13:17:34
MOV002291,VEHICLE,V00604,L00958,2025-07-26 22:29:45,2025-07-27 12:49:45,EXIT,,SRC009,0.85,EV00841,2024-01-17 23:42:05
MOV002292,VEHICLE,V00516,L01280,2025-03-18 20:21:48,2025-03-19 18:25:48,EXIT,,SRC009,0.79,EV03450,2024-09-20 14:48:03
MOV002293,PERSON,P02330,L01719,2024-06-21 07:59:10,2024-06-21 20:06:10,ENTRY,,SRC028,0.83,EV03074,2026-08-08 13:10:22
MOV002294,PERSON,P00898,L00282,2024-06-28 22:48:52,2024-06-29 04:24:52,ENTRY,,SRC015,0.84,EV04333,2026-06-22 00:34:58
MOV002295,ORGANIZATION,O0359,L01423,2026-07-04 05:32:37,2026-07-04 14:38:37,EXIT,,SRC009,0.98,EV01666,2025-04-08 20:46:51
MOV002296,ORGANIZATION,O0485,L00738,2024-08-09 23:46:45,2024-08-10 06:23:45,ENTRY,,SRC016,0.91,EV02384,2024-02-24 14:03:04
MOV002297,VEHICLE,V00200,L01520,2025-10-23 09:01:00,2025-10-24 01:20:00,VISIT,,SRC001,0.81,EV00101,2024-02-16 14:36:11
MOV002298,PERSON,P01801,L01367,2024-09-29 02:54:35,2024-09-29 17:05:35,ENTRY,V00615,SRC002,0.83,EV01499,2024-11-04 16:53:41
MOV002299,PERSON,P02090,L01192,2024-06-20 07:11:50,2024-06-20 09:30:50,VISIT,,SRC007,0.92,EV04977,2025-12-18 09:01:54
MOV002300,ORGANIZATION,O0480,L01874,2026-05-15 06:46:57,2026-05-16 05:56:57,ENTRY,V00329,SRC011,0.94,EV00962,2026-07-10 14:24:37
MOV002301,VEHICLE,V00769,L00756,2024-01-06 10:29:59,2024-01-07 06:27:59,VISIT,V00132,SRC027,0.98,EV00831,2026-04-24 22:17:53
MOV002302,PERSON,P01465,L02014,2024-04-13 20:17:45,2024-04-14 19:13:45,EXIT,V00463,SRC029,0.79,EV01758,2026-08-12 18:21:06
MOV002303,VEHICLE,V00734,L00907,2024-06-15 20:19:59,2024-06-15 20:44:59,ENTRY,,SRC022,0.86,EV03127,2024-06-14 11:47:08
MOV002304,PERSON,P00270,L01902,2025-09-17 21:33:31,2025-09-18 11:33:31,VISIT,V00941,SRC007,0.97,EV03854,2025-12-04 19:35:06
MOV002305,VEHICLE,V00509,L01806,2024-07-28 11:52:49,2024-07-29 01:26:49,VISIT,V00957,SRC009,0.96,EV00898,2024-10-04 20:23:59
MOV002306,VEHICLE,V00210,L00672,2025-02-27 14:31:07,2025-02-28 12:43:07,EXIT,V01169,SRC029,0.98,EV00983,2024-06-14 20:27:27
MOV002307,ORGANIZATION,O0182,L00194,2024-12-05 22:03:39,2024-12-06 07:49:39,ENTRY,,SRC030,0.9,EV02949,2025-12-31 15:13:13
MOV002308,PERSON,P03787,L01170,2025-02-11 14:05:22,2025-02-12 03:21:22,ENTRY,V00560,SRC024,0.94,EV02184,2024-02-20 23:26:06
MOV002309,VEHICLE,V00676,L00844,2024-04-20 00:34:03,2024-04-20 05:04:03,VISIT,,SRC006,0.96,EV04508,2024-10-29 21:12:36
MOV002310,VEHICLE,V01042,L01291,2024-01-31 05:59:10,2024-01-31 15:21:10,EXIT,,SRC019,0.93,EV00848,2024-12-28 15:31:53
MOV002311,ORGANIZATION,O0292,L00377,2025-02-21 21:34:20,2025-02-22 06:27:20,ENTRY,V00337,SRC002,0.87,EV03024,2025-01-15 11:23:55
MOV002312,VEHICLE,V00762,L01990,2025-12-09 02:08:57,2025-12-09 12:49:57,ENTRY,V00356,SRC023,0.92,EV00588,2026-03-13 08:06:25
MOV002313,VEHICLE,V00141,L01014,2025-12-28 11:29:34,2025-12-28 21:07:34,ENTRY,,SRC020,0.83,EV04164,2025-02-23 20:26:54
MOV002314,VEHICLE,V01180,L00281,2026-07-09 17:04:39,2026-07-09 22:09:39,EXIT,,SRC013,0.89,EV00964,2024-02-23 08:38:45
MOV002315,PERSON,P02528,L00088,2025-08-24 02:15:38,2025-08-24 20:52:38,ENTRY,,SRC004,0.75,EV01437,2025-06-26 04:08:18
MOV002316,PERSON,P00858,L02212,2025-02-12 06:20:57,2025-02-12 09:00:57,ENTRY,,SRC003,0.87,EV04417,2025-03-16 03:16:07
MOV002317,VEHICLE,V00586,L01449,2025-09-19 13:21:20,2025-09-20 05:02:20,ENTRY,,SRC029,0.88,EV00089,2026-01-25 23:29:30
MOV002318,VEHICLE,V01137,L00675,2025-12-15 18:07:01,2025-12-15 18:22:01,VISIT,V01200,SRC003,0.85,EV03513,2026-01-07 01:01:27
MOV002319,PERSON,P03124,L01421,2024-08-10 17:15:56,2024-08-11 11:22:56,EXIT,,SRC020,0.77,EV00074,2026-03-27 21:54:31
MOV002320,ORGANIZATION,O0247,L02041,2025-06-30 10:06:54,2025-06-30 15:14:54,TRANSIT,,SRC017,0.97,EV01291,2025-09-03 21:10:52
MOV002321,PERSON,P01379,L00814,2026-05-07 06:48:37,2026-05-07 18:12:37,TRANSIT,V00615,SRC001,0.88,EV00170,2024-08-03 17:12:33
MOV002322,PERSON,P02210,L01981,2024-05-01 07:11:06,2024-05-02 01:26:06,TRANSIT,,SRC019,0.86,EV03013,2025-10-16 07:15:51
MOV002323,ORGANIZATION,O0060,L01942,2025-09-30 07:50:16,2025-09-30 23:47:16,EXIT,V01124,SRC028,0.75,EV04605,2026-02-15 12:45:03
MOV002324,ORGANIZATION,O0441,L01411,2025-04-06 21:16:38,2025-04-07 05:43:38,VISIT,,SRC005,0.92,EV00487,2025-09-02 07:59:38
MOV002325,PERSON,P00990,L00872,2025-01-18 09:07:37,2025-01-18 19:53:37,TRANSIT,,SRC006,0.8,EV03650,2026-03-28 16:31:39
MOV002326,VEHICLE,V01013,L01317,2024-10-12 09:42:21,2024-10-12 19:50:21,TRANSIT,,SRC007,0.82,EV00254,2025-12-07 07:21:40
MOV002327,VEHICLE,V00084,L00543,2025-08-15 16:55:01,2025-08-15 23:56:01,TRANSIT,,SRC008,0.85,EV00994,2024-10-10 20:51:03
MOV002328,ORGANIZATION,O0492,L02269,2024-09-24 21:59:33,2024-09-25 18:47:33,EXIT,,SRC010,0.77,EV04107,2024-06-23 16:10:04
MOV002329,VEHICLE,V00802,L00636,2025-03-09 19:49:41,2025-03-10 11:20:41,ENTRY,V00327,SRC011,0.9,EV02855,2026-07-26 19:11:12
MOV002330,VEHICLE,V00473,L00725,2025-03-30 20:02:00,2025-03-31 00:10:00,ENTRY,,SRC025,0.88,EV01776,2024-07-26 23:07:20
MOV002331,VEHICLE,V00150,L02410,2025-09-01 15:32:40,2025-09-02 13:54:40,ENTRY,V00183,SRC024,0.96,EV01190,2024-12-05 04:29:44
MOV002332,PERSON,P03025,L00154,2026-04-17 07:28:49,2026-04-17 14:14:49,TRANSIT,,SRC013,0.8,EV00912,2024-05-23 04:44:00
MOV002333,ORGANIZATION,O0357,L02182,2024-12-29 20:00:50,2024-12-30 14:17:50,VISIT,,SRC015,0.93,EV04269,2025-03-31 21:54:45
MOV002334,VEHICLE,V00577,L02337,2026-03-09 21:08:26,2026-03-10 21:07:26,EXIT,,SRC021,0.92,EV04423,2025-08-05 22:10:19
MOV002335,PERSON,P01877,L01202,2025-02-26 15:21:09,2025-02-27 14:52:09,TRANSIT,V00336,SRC024,0.76,EV00852,2025-07-29 17:17:17
MOV002336,PERSON,P00032,L01488,2024-01-10 16:33:01,2024-01-10 17:09:01,TRANSIT,V00984,SRC005,0.83,EV01995,2024-12-21 08:34:17
MOV002337,VEHICLE,V00250,L02021,2026-05-18 16:54:35,2026-05-19 04:03:35,EXIT,,SRC030,0.91,EV04329,2025-03-14 19:26:19
MOV002338,ORGANIZATION,O0162,L01412,2026-01-02 23:26:54,2026-01-03 15:31:54,ENTRY,V00825,SRC018,0.81,EV01111,2025-07-04 19:28:39
MOV002339,ORGANIZATION,O0381,L00789,2024-10-23 05:32:58,2024-10-23 16:34:58,EXIT,V00658,SRC029,0.91,EV04045,2025-05-20 01:59:46
MOV002340,ORGANIZATION,O0431,L01436,2024-09-29 07:49:02,2024-09-29 22:09:02,ENTRY,,SRC028,0.89,EV02977,2025-03-28 15:28:07
MOV002341,VEHICLE,V00889,L01271,2025-10-15 08:27:28,2025-10-15 19:55:28,ENTRY,V00179,SRC024,0.83,EV02752,2024-06-02 03:46:17
MOV002342,ORGANIZATION,O0337,L01186,2026-02-23 04:09:03,2026-02-23 23:04:03,ENTRY,V00338,SRC013,0.87,EV00429,2025-07-20 08:23:31
MOV002343,PERSON,P02699,L02477,2026-02-02 17:46:20,2026-02-03 13:07:20,TRANSIT,,SRC012,0.77,EV00575,2024-06-08 04:49:27
MOV002344,VEHICLE,V00119,L00366,2024-09-05 12:37:23,2024-09-05 16:53:23,VISIT,V00408,SRC010,0.88,EV02104,2026-04-27 17:16:16
MOV002345,ORGANIZATION,O0139,L00583,2026-05-11 15:11:54,2026-05-12 07:34:54,VISIT,,SRC008,0.97,EV03650,2026-06-23 20:46:15
MOV002346,PERSON,P00674,L01168,2025-04-21 15:20:44,2025-04-22 07:47:44,VISIT,,SRC020,0.81,EV00742,2024-07-17 03:51:08
MOV002347,VEHICLE,V01089,L01374,2024-06-20 00:54:20,2024-06-20 06:22:20,ENTRY,,SRC008,0.77,EV01916,2024-10-02 21:06:39
MOV002348,VEHICLE,V01123,L00134,2025-12-12 10:14:41,2025-12-12 19:24:41,TRANSIT,,SRC010,0.83,EV02685,2026-02-05 22:25:44
MOV002349,ORGANIZATION,O0066,L00979,2024-09-19 03:00:34,2024-09-19 21:18:34,VISIT,,SRC027,0.75,EV00946,2024-03-30 18:54:45
MOV002350,VEHICLE,V00346,L01460,2026-08-06 23:19:51,2026-08-07 04:52:51,EXIT,,SRC028,0.85,EV03025,2025-07-24 23:30:17
MOV002351,PERSON,P01413,L00129,2025-05-24 14:03:56,2025-05-25 10:04:56,TRANSIT,V00414,SRC029,0.78,EV02759,2025-09-08 02:25:07
MOV002352,PERSON,P01917,L01179,2025-07-17 04:06:15,2025-07-17 17:09:15,ENTRY,,SRC018,0.97,EV03512,2025-07-16 16:56:18
MOV002353,ORGANIZATION,O0453,L00085,2026-02-14 21:22:00,2026-02-15 07:07:00,ENTRY,,SRC013,0.78,EV01326,2025-01-12 14:05:16
MOV002354,PERSON,P00914,L00939,2024-06-02 04:26:53,2024-06-02 19:11:53,TRANSIT,,SRC028,0.95,EV00020,2026-01-05 10:05:10
MOV002355,VEHICLE,V00532,L01017,2024-05-31 06:55:53,2024-05-31 16:12:53,EXIT,,SRC015,0.8,EV03024,2024-10-18 13:58:03
MOV002356,VEHICLE,V00416,L00707,2026-01-30 06:05:52,2026-01-31 06:01:52,ENTRY,,SRC029,0.94,EV03046,2026-08-21 22:49:12
MOV002357,PERSON,P03466,L01778,2024-07-07 23:00:06,2024-07-08 16:06:06,VISIT,,SRC020,0.76,EV00988,2025-12-30 12:15:49
MOV002358,VEHICLE,V00739,L02309,2025-06-26 03:54:03,2025-06-26 22:53:03,ENTRY,V00504,SRC016,0.77,EV02379,2025-12-22 23:55:34
MOV002359,PERSON,P02836,L00987,2024-02-12 14:25:03,2024-02-12 22:30:03,ENTRY,,SRC013,0.97,EV04489,2024-10-17 13:11:01
MOV002360,ORGANIZATION,O0388,L00876,2025-09-24 19:08:58,2025-09-24 19:35:58,ENTRY,,SRC003,0.8,EV03168,2025-11-19 18:18:21
MOV002361,ORGANIZATION,O0495,L00731,2025-07-14 11:06:01,2025-07-15 06:51:01,ENTRY,,SRC008,0.94,EV04722,2026-02-05 15:58:08
MOV002362,PERSON,P00852,L02033,2024-10-12 10:27:53,2024-10-12 17:29:53,ENTRY,V01056,SRC019,0.88,EV02644,2026-04-09 17:07:31
MOV002363,VEHICLE,V00030,L01381,2024-03-06 19:34:12,2024-03-06 20:57:12,VISIT,,SRC030,0.78,EV02678,2024-05-21 02:31:57
MOV002364,VEHICLE,V01031,L01922,2024-06-19 05:14:18,2024-06-19 07:58:18,EXIT,V00350,SRC020,0.9,EV03926,2024-12-18 16:50:19
MOV002365,PERSON,P01934,L01426,2026-02-15 15:06:30,2026-02-16 04:20:30,VISIT,V00049,SRC021,0.77,EV02691,2026-05-05 06:49:56
MOV002366,VEHICLE,V00168,L01648,2025-04-25 09:14:42,2025-04-25 16:00:42,EXIT,,SRC025,0.82,EV03666,2024-07-11 22:28:51
MOV002367,ORGANIZATION,O0035,L00307,2025-10-21 10:06:17,2025-10-21 15:49:17,ENTRY,V00320,SRC011,0.83,EV04512,2025-09-19 04:04:59
MOV002368,PERSON,P01514,L00725,2026-02-27 18:31:14,2026-02-27 21:49:14,VISIT,,SRC001,0.83,EV00819,2024-12-31 21:32:07
MOV002369,ORGANIZATION,O0325,L00003,2024-08-05 04:44:33,2024-08-05 08:22:33,VISIT,,SRC028,0.84,EV01981,2025-12-31 07:14:57
MOV002370,PERSON,P01364,L01299,2026-07-24 00:22:55,2026-07-24 23:42:55,TRANSIT,V00565,SRC029,0.9,EV01129,2026-08-25 14:40:58
MOV002371,PERSON,P00856,L01871,2025-11-06 13:18:13,2025-11-06 14:09:13,EXIT,,SRC015,0.92,EV01607,2026-03-19 16:10:09
MOV002372,VEHICLE,V00773,L01889,2026-06-03 07:15:36,2026-06-03 13:55:36,EXIT,V00625,SRC027,0.9,EV01899,2024-02-10 06:23:54
MOV002373,ORGANIZATION,O0476,L00512,2024-12-07 13:31:55,2024-12-07 14:46:55,TRANSIT,V01096,SRC005,0.93,EV03920,2026-04-08 04:26:02
MOV002374,PERSON,P02746,L02029,2024-10-05 07:39:35,2024-10-05 10:06:35,ENTRY,V00188,SRC009,0.89,EV04202,2024-08-10 16:56:34
MOV002375,VEHICLE,V00643,L00781,2026-04-07 16:01:07,2026-04-08 04:28:07,EXIT,,SRC026,0.85,EV01083,2024-08-03 01:56:04
MOV002376,PERSON,P03622,L02053,2024-08-27 12:44:49,2024-08-28 04:18:49,EXIT,V00747,SRC005,0.78,EV04809,2025-09-03 17:42:51
MOV002377,PERSON,P01359,L02040,2026-04-07 20:23:15,2026-04-08 00:30:15,EXIT,,SRC005,0.76,EV04959,2024-06-08 06:13:53
MOV002378,VEHICLE,V00366,L00904,2024-03-23 03:49:53,2024-03-23 07:08:53,TRANSIT,V00579,SRC018,0.9,EV03477,2024-05-24 11:53:21
MOV002379,PERSON,P00885,L01145,2026-08-27 11:14:44,2026-08-27 17:10:44,EXIT,V00196,SRC024,0.81,EV03784,2024-12-23 23:11:12
MOV002380,VEHICLE,V00208,L01054,2026-05-09 19:17:56,2026-05-10 06:25:56,EXIT,,SRC020,0.94,EV04336,2026-08-11 22:36:42
MOV002381,PERSON,P03678,L00887,2025-11-23 18:25:08,2025-11-24 03:26:08,TRANSIT,,SRC009,0.92,EV01015,2025-02-25 08:23:00
MOV002382,PERSON,P02428,L00626,2025-06-25 13:40:18,2025-06-26 07:12:18,TRANSIT,V00520,SRC019,0.96,EV04268,2026-08-23 14:57:49
MOV002383,PERSON,P01107,L01634,2026-04-22 01:50:12,2026-04-22 12:21:12,VISIT,,SRC007,0.96,EV00534,2026-04-28 18:58:53
MOV002384,ORGANIZATION,O0369,L02046,2024-06-07 21:07:38,2024-06-08 04:25:38,TRANSIT,V00223,SRC002,0.86,EV01548,2024-05-26 07:16:34
MOV002385,VEHICLE,V00562,L00608,2024-06-02 06:33:43,2024-06-03 03:20:43,EXIT,,SRC007,0.8,EV00014,2024-04-19 22:13:02
MOV002386,VEHICLE,V00732,L00507,2025-01-19 15:02:03,2025-01-19 20:40:03,VISIT,,SRC019,0.93,EV02895,2025-08-03 22:15:31
MOV002387,PERSON,P03030,L00908,2026-08-29 18:41:24,2026-08-30 09:18:24,EXIT,,SRC012,0.82,EV04525,2024-03-25 19:44:43
MOV002388,VEHICLE,V00799,L01281,2026-01-16 15:10:28,2026-01-17 08:45:28,ENTRY,,SRC008,0.76,EV03538,2026-08-28 11:33:36
MOV002389,ORGANIZATION,O0207,L01070,2024-09-19 14:12:33,2024-09-19 22:15:33,VISIT,V00553,SRC006,0.89,EV01437,2025-09-09 09:58:43
MOV002390,PERSON,P02239,L00982,2025-01-24 17:33:48,2025-01-25 00:49:48,ENTRY,V01096,SRC019,0.95,EV00721,2025-03-24 01:50:51
MOV002391,VEHICLE,V00809,L01614,2024-06-12 13:46:09,2024-06-13 02:45:09,VISIT,,SRC018,0.97,EV00225,2025-03-25 23:44:55
MOV002392,PERSON,P02787,L00025,2026-04-23 13:34:34,2026-04-24 07:56:34,VISIT,,SRC013,0.87,EV02276,2025-04-29 04:51:04
MOV002393,PERSON,P02923,L02136,2025-11-29 17:53:55,2025-11-30 16:57:55,VISIT,V00114,SRC025,0.89,EV00264,2025-04-23 02:16:00
MOV002394,VEHICLE,V01185,L00212,2025-07-18 12:44:40,2025-07-18 20:10:40,TRANSIT,,SRC022,0.95,EV00190,2025-09-21 10:52:07
MOV002395,VEHICLE,V00640,L01058,2024-05-28 15:31:22,2024-05-29 07:01:22,EXIT,,SRC007,0.76,EV00904,2026-08-28 09:13:48
MOV002396,PERSON,P00721,L01414,2024-05-10 03:18:31,2024-05-10 14:10:31,EXIT,,SRC022,0.92,EV02291,2026-05-23 07:26:00
MOV002397,ORGANIZATION,O0148,L00839,2024-01-24 19:24:22,2024-01-25 16:20:22,TRANSIT,V00684,SRC009,0.75,EV00882,2024-11-05 13:48:57
MOV002398,ORGANIZATION,O0022,L01232,2025-07-15 01:24:10,2025-07-15 12:43:10,ENTRY,,SRC004,0.96,EV02738,2025-10-10 02:50:39
MOV002399,PERSON,P00036,L00914,2026-02-02 13:40:04,2026-02-03 05:04:04,EXIT,V00562,SRC007,0.79,EV04893,2025-04-06 02:58:17
MOV002400,PERSON,P00091,L01998,2024-06-02 12:37:38,2024-06-03 08:43:38,VISIT,,SRC023,0.79,EV01691,2026-07-03 08:44:03
MOV002401,VEHICLE,V01087,L01568,2024-03-04 12:15:07,2024-03-05 07:50:07,VISIT,V00128,SRC008,0.8,EV04829,2026-08-06 04:38:30
MOV002402,ORGANIZATION,O0312,L01100,2026-05-30 17:52:55,2026-05-31 09:13:55,EXIT,V00149,SRC001,0.88,EV00846,2025-12-21 17:10:30
MOV002403,ORGANIZATION,O0160,L01497,2024-07-16 21:53:32,2024-07-17 02:44:32,TRANSIT,,SRC001,0.94,EV03151,2024-10-27 17:00:13
MOV002404,VEHICLE,V00710,L00548,2025-09-15 14:18:49,2025-09-16 01:23:49,VISIT,V00954,SRC005,0.83,EV03533,2025-02-10 13:30:22
MOV002405,VEHICLE,V01193,L01211,2024-06-22 10:23:30,2024-06-22 18:10:30,ENTRY,,SRC026,0.88,EV00327,2025-08-24 10:19:43
MOV002406,ORGANIZATION,O0344,L01660,2024-12-30 11:15:33,2024-12-31 06:24:33,TRANSIT,,SRC002,0.81,EV04911,2025-07-21 18:36:37
MOV002407,ORGANIZATION,O0214,L01384,2026-02-24 18:40:23,2026-02-25 03:26:23,VISIT,,SRC024,0.77,EV03863,2024-08-28 20:03:06
MOV002408,PERSON,P03709,L00191,2024-08-08 17:28:38,2024-08-09 07:50:38,ENTRY,,SRC009,0.97,EV01772,2026-08-06 08:15:34
MOV002409,ORGANIZATION,O0106,L00891,2026-03-07 18:01:17,2026-03-08 10:21:17,VISIT,V00222,SRC022,0.84,EV03420,2026-06-15 00:35:19
MOV002410,ORGANIZATION,O0426,L01152,2026-08-30 17:46:53,2026-08-31 06:57:53,EXIT,,SRC028,0.83,EV01249,2024-10-23 01:38:14
MOV002411,VEHICLE,V00123,L01889,2024-12-13 14:50:41,2024-12-13 16:28:41,ENTRY,,SRC006,0.96,EV03565,2024-06-26 14:16:14
MOV002412,ORGANIZATION,O0431,L01878,2025-12-30 18:42:40,2025-12-31 02:57:40,EXIT,V00331,SRC014,0.87,EV03068,2026-05-14 16:18:52
MOV002413,VEHICLE,V00601,L01662,2024-02-17 12:09:22,2024-02-18 06:41:22,VISIT,,SRC019,0.79,EV03488,2026-08-13 09:04:18
MOV002414,ORGANIZATION,O0427,L00263,2024-02-26 06:33:10,2024-02-27 00:10:10,VISIT,V00517,SRC016,0.78,EV00765,2025-05-05 13:41:53
MOV002415,PERSON,P03257,L02049,2025-01-22 02:05:31,2025-01-22 09:38:31,TRANSIT,,SRC009,0.92,EV02559,2024-04-26 16:30:56
MOV002416,PERSON,P03672,L02029,2025-02-24 08:11:57,2025-02-24 19:06:57,ENTRY,,SRC009,0.78,EV01840,2024-11-18 11:17:32
MOV002417,PERSON,P03155,L02084,2024-12-24 19:15:54,2024-12-25 07:38:54,ENTRY,V00315,SRC001,0.82,EV01985,2024-08-17 12:32:55
MOV002418,ORGANIZATION,O0372,L01530,2026-03-30 16:13:13,2026-03-31 09:03:13,TRANSIT,,SRC023,0.78,EV02412,2024-01-03 01:18:33
MOV002419,VEHICLE,V00559,L01157,2025-05-08 07:49:19,2025-05-09 02:45:19,TRANSIT,,SRC012,0.84,EV03115,2024-12-13 02:42:20
MOV002420,PERSON,P01649,L01386,2026-04-23 11:38:35,2026-04-23 16:19:35,ENTRY,,SRC016,0.76,EV01797,2024-02-23 01:14:39
MOV002421,VEHICLE,V00768,L01123,2025-05-17 20:11:34,2025-05-18 00:13:34,VISIT,,SRC022,0.79,EV02952,2026-03-25 16:53:39
MOV002422,VEHICLE,V00630,L01587,2024-04-24 16:32:34,2024-04-25 09:52:34,ENTRY,,SRC027,0.79,EV02939,2024-12-07 22:52:00
MOV002423,ORGANIZATION,O0198,L00262,2026-07-07 22:39:24,2026-07-08 21:02:24,EXIT,,SRC006,0.79,EV04964,2026-06-30 10:13:56
MOV002424,PERSON,P01446,L02313,2025-09-14 08:28:54,2025-09-14 15:13:54,ENTRY,V01054,SRC023,0.87,EV01826,2025-09-08 08:57:08
MOV002425,VEHICLE,V00959,L00533,2024-04-08 23:39:43,2024-04-09 19:42:43,ENTRY,V00159,SRC020,0.78,EV02831,2024-03-30 14:49:07
MOV002426,PERSON,P01329,L00610,2024-06-04 14:09:56,2024-06-05 00:37:56,TRANSIT,,SRC030,0.89,EV03260,2025-05-04 00:38:15
MOV002427,VEHICLE,V00839,L01541,2026-08-16 20:08:32,2026-08-17 10:56:32,TRANSIT,,SRC024,0.93,EV02170,2024-10-31 16:13:07
MOV002428,ORGANIZATION,O0491,L01174,2024-06-06 09:00:43,2024-06-06 15:48:43,TRANSIT,,SRC014,0.77,EV03821,2025-10-29 06:19:28
MOV002429,ORGANIZATION,O0157,L00936,2024-05-21 17:02:09,2024-05-22 10:33:09,TRANSIT,,SRC013,0.9,EV01030,2025-12-30 07:00:30
MOV002430,ORGANIZATION,O0443,L02047,2024-07-25 17:52:39,2024-07-26 03:27:39,ENTRY,,SRC023,0.78,EV04225,2026-05-07 08:49:08
MOV002431,PERSON,P02673,L02119,2026-01-26 07:46:29,2026-01-26 13:21:29,ENTRY,V00500,SRC024,0.89,EV04817,2025-07-18 16:21:54
MOV002432,ORGANIZATION,O0048,L02043,2025-06-30 14:09:57,2025-07-01 03:53:57,EXIT,V00658,SRC019,0.79,EV02890,2024-04-19 07:58:29
MOV002433,VEHICLE,V00147,L00518,2025-05-01 23:03:18,2025-05-02 20:35:18,ENTRY,,SRC024,0.95,EV03203,2026-08-07 08:58:35
MOV002434,ORGANIZATION,O0360,L02073,2025-12-25 15:00:01,2025-12-26 04:13:01,ENTRY,V00690,SRC029,0.88,EV01135,2024-07-18 01:53:12
MOV002435,VEHICLE,V00873,L00626,2024-12-19 19:01:36,2024-12-20 16:14:36,VISIT,,SRC023,0.93,EV01426,2025-03-24 17:14:08
MOV002436,PERSON,P00753,L02169,2025-12-01 03:20:40,2025-12-02 01:30:40,ENTRY,V00666,SRC026,0.89,EV00331,2025-08-31 01:40:20
MOV002437,VEHICLE,V00476,L01622,2025-02-03 01:15:07,2025-02-03 16:03:07,TRANSIT,V00166,SRC010,0.86,EV02885,2024-10-24 14:45:40
MOV002438,VEHICLE,V00031,L00294,2024-10-10 15:00:38,2024-10-10 19:42:38,ENTRY,V00668,SRC004,0.97,EV00413,2024-04-17 14:39:54
MOV002439,PERSON,P03812,L01957,2024-04-02 20:07:05,2024-04-03 15:07:05,EXIT,,SRC030,0.75,EV02561,2026-05-31 16:33:10
MOV002440,VEHICLE,V00630,L01730,2026-06-07 04:09:23,2026-06-08 03:07:23,ENTRY,V00718,SRC030,0.97,EV00599,2024-05-17 10:39:50
MOV002441,PERSON,P03914,L01170,2025-01-17 12:42:04,2025-01-17 16:50:04,EXIT,V00407,SRC030,0.96,EV02982,2026-06-01 04:44:54
MOV002442,VEHICLE,V00577,L01223,2026-05-08 03:48:43,2026-05-08 17:12:43,VISIT,V00702,SRC012,0.93,EV02187,2025-05-25 23:00:46
MOV002443,ORGANIZATION,O0276,L00310,2025-02-13 09:00:30,2025-02-13 22:38:30,ENTRY,,SRC026,0.95,EV03113,2025-03-22 20:41:49
MOV002444,PERSON,P02037,L02044,2024-08-09 00:03:08,2024-08-09 17:29:08,EXIT,V00764,SRC019,0.88,EV03389,2025-05-18 00:00:46
MOV002445,ORGANIZATION,O0028,L00658,2025-09-18 15:44:22,2025-09-19 11:11:22,ENTRY,,SRC030,0.81,EV04856,2024-12-31 19:19:51
MOV002446,PERSON,P03027,L01920,2024-06-05 21:20:24,2024-06-06 07:37:24,TRANSIT,V00023,SRC029,0.95,EV01690,2025-07-17 23:44:06
MOV002447,ORGANIZATION,O0052,L01133,2024-02-03 22:50:35,2024-02-04 20:54:35,ENTRY,,SRC002,0.83,EV00825,2026-01-08 06:12:21
MOV002448,VEHICLE,V00443,L00803,2024-10-08 06:33:51,2024-10-09 02:04:51,ENTRY,,SRC021,0.78,EV01479,2025-07-03 02:39:55
MOV002449,PERSON,P03843,L00470,2026-03-27 13:10:58,2026-03-27 15:51:58,ENTRY,,SRC023,0.83,EV00532,2026-08-04 14:49:56
MOV002450,VEHICLE,V00083,L00504,2025-07-19 20:31:18,2025-07-20 15:25:18,TRANSIT,,SRC001,0.77,EV01615,2025-07-14 12:17:36
MOV002451,PERSON,P01090,L00439,2026-05-21 17:13:37,2026-05-22 17:02:37,TRANSIT,,SRC026,0.84,EV01444,2025-03-29 16:34:18
MOV002452,VEHICLE,V01023,L01225,2025-04-28 07:56:31,2025-04-28 19:03:31,EXIT,,SRC021,0.88,EV02787,2026-01-13 17:11:58
MOV002453,VEHICLE,V00383,L02178,2026-04-25 12:27:10,2026-04-26 01:52:10,EXIT,,SRC016,0.84,EV00105,2025-04-26 20:03:27
MOV002454,PERSON,P00154,L01185,2024-01-31 02:42:59,2024-01-31 06:58:59,ENTRY,,SRC005,0.91,EV00289,2025-03-13 16:28:02
MOV002455,ORGANIZATION,O0316,L02166,2024-12-05 02:39:42,2024-12-05 11:51:42,EXIT,V00319,SRC022,0.85,EV00064,2024-03-07 19:52:33
MOV002456,PERSON,P01339,L00664,2025-01-25 10:25:50,2025-01-25 11:11:50,EXIT,V00812,SRC025,0.87,EV02281,2024-04-27 13:37:04
MOV002457,VEHICLE,V00149,L01037,2025-11-09 07:25:04,2025-11-09 22:09:04,EXIT,V00658,SRC029,0.78,EV04404,2026-06-08 22:19:37
MOV002458,ORGANIZATION,O0396,L02119,2025-02-04 17:51:09,2025-02-05 07:54:09,ENTRY,V00846,SRC016,0.95,EV04707,2024-08-25 18:35:14
MOV002459,PERSON,P01458,L01802,2026-08-23 01:48:07,2026-08-23 15:13:07,ENTRY,,SRC012,0.84,EV00961,2024-08-12 21:35:13
MOV002460,PERSON,P03288,L01162,2024-10-14 11:36:35,2024-10-15 03:39:35,EXIT,V00448,SRC008,0.89,EV04101,2025-06-05 22:21:47
MOV002461,ORGANIZATION,O0373,L01308,2026-03-06 01:20:12,2026-03-06 23:21:12,ENTRY,,SRC011,0.96,EV01992,2026-02-12 13:09:56
MOV002462,PERSON,P01960,L01272,2026-03-16 15:14:49,2026-03-16 19:48:49,VISIT,,SRC006,0.76,EV01130,2026-05-17 08:47:29
MOV002463,ORGANIZATION,O0203,L01518,2025-07-13 18:16:49,2025-07-13 21:25:49,VISIT,,SRC013,0.92,EV03500,2024-12-27 03:56:10
MOV002464,VEHICLE,V01057,L01596,2026-08-23 12:21:20,2026-08-23 21:08:20,TRANSIT,,SRC009,0.76,EV00079,2025-06-20 16:05:59
MOV002465,PERSON,P00304,L01137,2025-02-26 11:52:24,2025-02-26 17:45:24,EXIT,,SRC028,0.97,EV00608,2025-04-15 03:46:31
MOV002466,VEHICLE,V00400,L01306,2026-07-29 12:04:52,2026-07-29 21:02:52,EXIT,,SRC023,0.93,EV03578,2026-04-29 19:59:02
MOV002467,PERSON,P00700,L02165,2024-09-26 00:03:19,2024-09-26 02:02:19,TRANSIT,V00403,SRC028,0.92,EV01455,2025-10-04 10:00:18
MOV002468,ORGANIZATION,O0484,L00211,2025-10-16 07:17:05,2025-10-16 09:54:05,EXIT,,SRC015,0.91,EV04510,2024-04-18 18:46:25
MOV002469,VEHICLE,V01121,L02426,2025-04-17 04:50:50,2025-04-18 04:36:50,VISIT,V00107,SRC017,0.9,EV03170,2024-03-04 04:03:35
MOV002470,PERSON,P00881,L00846,2024-01-31 01:22:47,2024-02-01 00:40:47,ENTRY,V00335,SRC023,0.96,EV02126,2024-06-21 07:22:15
MOV002471,VEHICLE,V00184,L00516,2026-01-07 20:12:14,2026-01-07 22:43:14,EXIT,V00530,SRC018,0.93,EV04344,2025-05-26 05:44:08
MOV002472,VEHICLE,V01126,L02444,2024-02-21 23:30:16,2024-02-22 05:53:16,EXIT,,SRC010,0.79,EV00383,2025-08-28 04:36:00
MOV002473,VEHICLE,V00056,L00945,2025-04-27 22:02:45,2025-04-28 15:47:45,ENTRY,,SRC005,0.95,EV04993,2025-06-30 08:37:49
MOV002474,ORGANIZATION,O0124,L00885,2024-02-11 22:09:37,2024-02-12 20:36:37,EXIT,,SRC011,0.93,EV01723,2025-03-10 01:11:57
MOV002475,PERSON,P02637,L02254,2026-05-22 10:09:15,2026-05-23 04:51:15,EXIT,,SRC017,0.95,EV01190,2025-04-18 00:40:52
MOV002476,ORGANIZATION,O0040,L00062,2025-09-23 21:43:54,2025-09-24 03:01:54,ENTRY,V00294,SRC020,0.76,EV01525,2024-02-29 03:59:26
MOV002477,VEHICLE,V00054,L02068,2024-12-22 09:24:00,2024-12-22 18:35:00,ENTRY,,SRC027,0.98,EV03163,2025-11-18 19:45:43
MOV002478,PERSON,P02328,L01321,2025-09-02 02:27:32,2025-09-02 04:06:32,ENTRY,,SRC022,0.85,EV04372,2025-03-27 01:00:00
MOV002479,PERSON,P00985,L01695,2026-03-21 06:43:55,2026-03-21 09:08:55,EXIT,,SRC028,0.97,EV01625,2026-06-06 11:09:29
MOV002480,ORGANIZATION,O0212,L01057,2025-01-06 19:06:10,2025-01-07 10:48:10,ENTRY,,SRC024,0.76,EV04316,2026-08-14 04:32:04
MOV002481,ORGANIZATION,O0313,L00475,2026-08-12 20:55:34,2026-08-13 18:13:34,VISIT,,SRC017,0.76,EV02957,2025-07-23 19:18:56
MOV002482,PERSON,P02088,L00526,2024-05-02 13:56:45,2024-05-03 10:04:45,ENTRY,,SRC020,0.94,EV00622,2025-10-25 19:52:26
MOV002483,ORGANIZATION,O0470,L00493,2026-08-11 09:05:14,2026-08-11 11:35:14,TRANSIT,V00712,SRC007,0.86,EV01589,2025-12-03 10:29:24
MOV002484,ORGANIZATION,O0083,L00659,2024-02-10 19:52:02,2024-02-11 00:55:02,ENTRY,V00742,SRC015,0.76,EV02927,2025-01-01 17:52:24
MOV002485,ORGANIZATION,O0475,L01123,2024-05-08 05:36:11,2024-05-09 03:58:11,TRANSIT,V01059,SRC005,0.82,EV01796,2026-05-05 00:14:09
MOV002486,PERSON,P00493,L01874,2024-05-26 17:21:10,2024-05-27 11:12:10,VISIT,,SRC012,0.98,EV00871,2024-07-19 18:57:49
MOV002487,VEHICLE,V00807,L02440,2024-09-27 15:59:01,2024-09-27 17:38:01,VISIT,,SRC005,0.91,EV02419,2025-07-28 05:05:05
MOV002488,VEHICLE,V00027,L02388,2025-03-08 17:39:49,2025-03-09 16:21:49,EXIT,,SRC014,0.9,EV03840,2025-06-13 11:33:54
MOV002489,VEHICLE,V01052,L02466,2024-03-29 07:14:47,2024-03-29 23:25:47,ENTRY,,SRC001,0.96,EV00147,2024-06-21 17:44:40
MOV002490,PERSON,P02676,L01585,2025-02-20 20:41:12,2025-02-21 11:06:12,VISIT,V00984,SRC007,0.87,EV03753,2024-05-22 09:33:25
MOV002491,ORGANIZATION,O0448,L01609,2024-10-24 16:28:57,2024-10-24 22:44:57,TRANSIT,V01033,SRC023,0.86,EV02214,2025-02-15 16:24:26
MOV002492,VEHICLE,V00799,L02101,2024-11-02 19:57:28,2024-11-03 19:21:28,TRANSIT,,SRC002,0.83,EV04126,2025-04-27 03:18:43
MOV002493,PERSON,P03443,L00393,2026-03-07 13:24:40,2026-03-07 20:42:40,EXIT,,SRC015,0.77,EV03832,2024-01-07 07:22:21
MOV002494,PERSON,P03848,L00622,2025-11-18 13:15:10,2025-11-19 07:23:10,VISIT,V00179,SRC030,0.8,EV01884,2025-01-01 13:44:48
MOV002495,PERSON,P00574,L02248,2025-09-02 22:59:58,2025-09-03 12:36:58,VISIT,,SRC028,0.95,EV03354,2026-02-07 12:55:55
MOV002496,ORGANIZATION,O0269,L00612,2024-07-20 20:43:50,2024-07-21 20:42:50,EXIT,,SRC010,0.79,EV01695,2025-11-04 13:32:12
MOV002497,VEHICLE,V01055,L00320,2024-11-15 20:11:08,2024-11-16 05:38:08,ENTRY,,SRC013,0.81,EV04171,2025-05-24 10:20:49
MOV002498,ORGANIZATION,O0160,L01757,2024-01-25 19:40:06,2024-01-25 20:53:06,TRANSIT,,SRC006,0.87,EV00661,2024-01-26 05:07:04
MOV002499,ORGANIZATION,O0385,L01404,2025-05-12 03:25:08,2025-05-12 22:22:08,TRANSIT,V00318,SRC017,0.94,EV03794,2025-11-16 11:29:12
MOV002500,ORGANIZATION,O0149,L02448,2025-03-10 13:55:14,2025-03-10 21:00:14,EXIT,,SRC019,0.82,EV03860,2025-05-07 01:23:13
MOV002501,VEHICLE,V00106,L00365,2026-03-14 12:51:29,2026-03-15 03:02:29,ENTRY,,SRC022,0.92,EV02735,2025-09-26 07:22:07
MOV002502,ORGANIZATION,O0336,L02413,2024-12-06 01:16:42,2024-12-06 01:53:42,TRANSIT,V00654,SRC021,0.97,EV00057,2024-04-25 12:45:26
MOV002503,VEHICLE,V00012,L01928,2026-03-07 09:28:37,2026-03-08 03:35:37,EXIT,V00775,SRC027,0.85,EV00865,2025-10-22 18:42:38
MOV002504,VEHICLE,V00271,L01828,2026-08-11 11:23:13,2026-08-12 02:34:13,EXIT,,SRC003,0.82,EV04309,2025-12-07 23:37:26
MOV002505,PERSON,P00898,L00541,2025-05-23 05:59:06,2025-05-23 17:39:06,TRANSIT,,SRC006,0.89,EV00176,2025-06-02 07:03:43
MOV002506,ORGANIZATION,O0336,L01195,2026-04-27 08:32:24,2026-04-28 08:11:24,VISIT,,SRC023,0.82,EV01658,2024-05-19 12:26:15
MOV002507,ORGANIZATION,O0318,L01163,2025-08-30 16:21:48,2025-08-31 00:31:48,ENTRY,,SRC008,0.94,EV00628,2024-03-21 22:38:04
MOV002508,ORGANIZATION,O0265,L02006,2026-02-02 12:12:22,2026-02-03 07:25:22,TRANSIT,,SRC019,0.81,EV02221,2025-04-15 04:31:04
MOV002509,ORGANIZATION,O0385,L01887,2025-05-02 11:38:29,2025-05-03 07:12:29,VISIT,V00917,SRC004,0.9,EV02930,2026-07-08 11:03:18
MOV002510,ORGANIZATION,O0351,L00834,2025-01-08 20:16:09,2025-01-09 15:53:09,TRANSIT,V00921,SRC002,0.8,EV04950,2025-02-06 20:08:01
MOV002511,ORGANIZATION,O0412,L01085,2024-10-11 16:52:30,2024-10-11 23:09:30,VISIT,,SRC016,0.97,EV02434,2025-06-16 11:11:17
MOV002512,ORGANIZATION,O0348,L01555,2024-08-13 05:44:15,2024-08-14 01:16:15,EXIT,,SRC006,0.84,EV00875,2025-05-05 16:43:43
MOV002513,PERSON,P00551,L00675,2026-05-24 15:51:37,2026-05-25 11:36:37,EXIT,V01063,SRC005,0.86,EV03324,2024-12-16 19:11:27
MOV002514,VEHICLE,V01171,L00927,2025-07-15 17:36:03,2025-07-15 22:03:03,VISIT,,SRC016,0.86,EV02301,2024-04-09 01:44:43
MOV002515,PERSON,P00080,L01331,2025-08-10 01:27:44,2025-08-10 19:06:44,ENTRY,,SRC005,0.78,EV04412,2024-04-01 08:20:56
MOV002516,VEHICLE,V00639,L00066,2026-06-09 07:41:02,2026-06-09 23:00:02,VISIT,,SRC022,0.91,EV01644,2026-02-16 10:44:23
MOV002517,VEHICLE,V00952,L01431,2025-10-30 08:45:25,2025-10-31 08:17:25,TRANSIT,V00871,SRC027,0.83,EV02487,2026-05-07 00:38:53
MOV002518,VEHICLE,V00962,L00176,2025-02-28 17:04:18,2025-02-28 22:13:18,EXIT,,SRC013,0.92,EV00644,2025-01-03 01:52:57
MOV002519,PERSON,P00671,L00224,2024-02-01 16:35:59,2024-02-02 06:33:59,TRANSIT,,SRC027,0.92,EV02812,2026-02-13 13:52:23
MOV002520,ORGANIZATION,O0243,L02348,2024-10-07 23:46:51,2024-10-08 23:16:51,EXIT,,SRC007,0.83,EV04114,2026-01-14 08:36:24
MOV002521,VEHICLE,V01060,L00878,2026-03-08 06:10:53,2026-03-09 04:04:53,VISIT,,SRC013,0.92,EV00168,2025-12-22 08:49:00
MOV002522,VEHICLE,V00230,L01327,2025-04-05 15:31:24,2025-04-06 02:43:24,TRANSIT,,SRC012,0.85,EV04537,2024-11-09 23:39:08
MOV002523,VEHICLE,V00710,L00882,2025-02-07 06:22:26,2025-02-07 09:36:26,VISIT,V00161,SRC027,0.97,EV03247,2024-02-28 13:34:26
MOV002524,VEHICLE,V00055,L01090,2024-04-03 13:47:44,2024-04-03 22:24:44,ENTRY,V00831,SRC024,0.93,EV02349,2025-08-21 21:48:29
MOV002525,ORGANIZATION,O0376,L00113,2024-04-10 19:05:31,2024-04-11 00:30:31,TRANSIT,,SRC028,0.78,EV01938,2025-08-10 14:00:25
MOV002526,ORGANIZATION,O0224,L01922,2026-07-11 12:26:29,2026-07-11 21:25:29,EXIT,V00434,SRC029,0.88,EV01802,2024-08-16 12:04:31
MOV002527,ORGANIZATION,O0447,L01415,2026-03-14 21:57:10,2026-03-15 16:09:10,EXIT,,SRC006,0.89,EV01936,2024-01-12 22:35:15
MOV002528,ORGANIZATION,O0495,L00224,2025-09-06 20:02:37,2025-09-06 22:58:37,TRANSIT,V00068,SRC025,0.79,EV04659,2024-04-29 01:55:20
MOV002529,PERSON,P02993,L01258,2024-09-19 22:03:44,2024-09-19 22:59:44,VISIT,,SRC014,0.83,EV03507,2024-06-26 23:48:32
MOV002530,VEHICLE,V01182,L02008,2025-01-05 23:43:28,2025-01-06 22:05:28,EXIT,V00097,SRC014,0.94,EV01158,2026-04-29 21:43:18
MOV002531,VEHICLE,V00240,L01690,2024-12-18 21:01:54,2024-12-19 18:35:54,VISIT,,SRC001,0.82,EV01337,2025-07-06 11:46:10
MOV002532,VEHICLE,V00117,L00988,2025-11-10 01:35:50,2025-11-10 12:07:50,ENTRY,,SRC029,0.87,EV03684,2024-11-14 02:57:58
MOV002533,VEHICLE,V00233,L00699,2024-05-09 08:23:07,2024-05-09 16:33:07,ENTRY,,SRC001,0.86,EV02904,2026-05-09 12:09:38
MOV002534,ORGANIZATION,O0204,L02089,2024-01-19 03:08:24,2024-01-19 15:34:24,TRANSIT,V00628,SRC012,0.83,EV02846,2025-06-08 12:30:36
MOV002535,ORGANIZATION,O0348,L00291,2025-04-20 08:45:45,2025-04-20 12:22:45,ENTRY,V00555,SRC025,0.79,EV01032,2026-05-28 22:30:42
MOV002536,ORGANIZATION,O0059,L01003,2025-12-08 20:22:22,2025-12-09 17:43:22,VISIT,,SRC019,0.91,EV02049,2024-07-29 19:14:03
MOV002537,ORGANIZATION,O0481,L01187,2025-09-28 19:42:39,2025-09-29 09:21:39,ENTRY,V01184,SRC009,0.75,EV00061,2025-08-23 17:24:34
MOV002538,VEHICLE,V00498,L01729,2026-02-15 15:24:14,2026-02-16 00:58:14,ENTRY,,SRC024,0.91,EV03020,2024-01-06 15:15:21
MOV002539,PERSON,P00579,L01047,2026-08-09 04:10:09,2026-08-09 18:52:09,VISIT,V01179,SRC009,0.88,EV03048,2024-08-01 20:48:48
MOV002540,VEHICLE,V00929,L01266,2024-10-20 16:10:54,2024-10-20 17:27:54,TRANSIT,V00915,SRC004,0.8,EV00305,2025-08-03 20:38:15
MOV002541,ORGANIZATION,O0327,L00606,2026-08-29 06:09:08,2026-08-30 03:59:08,TRANSIT,,SRC022,0.79,EV00272,2024-12-31 15:35:49
MOV002542,VEHICLE,V00038,L00253,2024-09-14 01:04:43,2024-09-14 01:29:43,ENTRY,V00039,SRC022,0.79,EV02980,2025-05-13 07:59:46
MOV002543,VEHICLE,V01054,L02325,2024-09-23 04:32:46,2024-09-23 15:27:46,EXIT,V00677,SRC008,0.79,EV03997,2026-05-21 23:06:27
MOV002544,PERSON,P01027,L01668,2024-07-03 01:43:02,2024-07-03 06:24:02,VISIT,,SRC005,0.95,EV01536,2026-03-09 13:04:55
MOV002545,ORGANIZATION,O0170,L01969,2025-02-26 15:23:26,2025-02-27 03:18:26,EXIT,V01102,SRC002,0.97,EV01124,2026-01-27 01:11:07
MOV002546,VEHICLE,V00193,L00194,2025-03-24 23:35:00,2025-03-25 00:29:00,EXIT,V00092,SRC011,0.77,EV02074,2024-07-27 14:03:28
MOV002547,PERSON,P03476,L00704,2025-05-30 16:28:09,2025-05-31 10:44:09,TRANSIT,,SRC012,0.93,EV03372,2025-06-15 13:54:24
MOV002548,ORGANIZATION,O0175,L01977,2025-06-07 02:35:01,2025-06-07 08:26:01,VISIT,,SRC009,0.76,EV00224,2025-08-22 12:13:16
MOV002549,ORGANIZATION,O0294,L00952,2026-08-17 09:07:28,2026-08-17 12:55:28,ENTRY,V00804,SRC008,0.87,EV02594,2025-10-14 18:27:41
MOV002550,VEHICLE,V00584,L00115,2024-07-29 00:00:59,2024-07-29 09:10:59,TRANSIT,,SRC016,0.79,EV02562,2025-09-23 01:08:14
MOV002551,PERSON,P00828,L01662,2024-02-12 23:01:33,2024-02-12 23:42:33,TRANSIT,,SRC011,0.78,EV03974,2024-12-07 13:12:05
MOV002552,PERSON,P01175,L01614,2025-10-06 20:26:06,2025-10-07 17:52:06,VISIT,,SRC005,0.79,EV04283,2024-04-23 20:30:05
MOV002553,ORGANIZATION,O0490,L00241,2026-07-18 14:04:02,2026-07-19 08:39:02,TRANSIT,,SRC002,0.78,EV02348,2024-03-13 14:54:37
MOV002554,VEHICLE,V00339,L01635,2024-12-22 22:07:42,2024-12-23 01:00:42,EXIT,V00376,SRC024,0.76,EV01814,2025-09-19 17:50:10
MOV002555,PERSON,P02111,L01876,2024-11-01 02:53:24,2024-11-01 10:43:24,EXIT,,SRC027,0.83,EV03146,2025-10-10 15:52:02
MOV002556,ORGANIZATION,O0039,L00557,2025-07-03 01:50:55,2025-07-03 18:24:55,EXIT,,SRC001,0.84,EV00258,2024-07-02 10:35:49
MOV002557,ORGANIZATION,O0069,L01667,2026-07-27 19:30:35,2026-07-28 08:43:35,EXIT,V00216,SRC018,0.83,EV01233,2025-02-10 13:13:38
MOV002558,VEHICLE,V00151,L02144,2026-03-11 13:28:08,2026-03-12 12:20:08,TRANSIT,,SRC002,0.96,EV00136,2024-07-26 20:55:27
MOV002559,PERSON,P01468,L00070,2025-04-27 14:41:40,2025-04-28 02:12:40,EXIT,V00223,SRC021,0.96,EV02855,2026-06-11 13:52:50
MOV002560,PERSON,P01251,L01466,2025-06-14 21:28:32,2025-06-15 05:13:32,TRANSIT,,SRC015,0.94,EV00199,2025-12-02 21:00:54
MOV002561,PERSON,P02421,L01337,2026-02-06 20:40:40,2026-02-07 00:34:40,ENTRY,,SRC017,0.91,EV04522,2024-06-09 22:06:13
MOV002562,ORGANIZATION,O0027,L00140,2026-05-14 12:39:57,2026-05-15 05:19:57,ENTRY,,SRC023,0.77,EV02149,2025-05-25 05:38:55
MOV002563,VEHICLE,V00054,L00663,2024-08-17 10:46:07,2024-08-18 00:07:07,EXIT,,SRC015,0.76,EV02825,2024-09-07 09:51:12
MOV002564,VEHICLE,V00009,L01481,2024-12-11 22:56:41,2024-12-12 06:39:41,ENTRY,,SRC020,0.79,EV02019,2025-08-11 22:33:19
MOV002565,ORGANIZATION,O0277,L01166,2026-06-17 04:44:10,2026-06-17 09:58:10,VISIT,,SRC012,0.89,EV01759,2025-12-06 00:28:26
MOV002566,ORGANIZATION,O0421,L01140,2025-04-09 22:23:02,2025-04-10 14:16:02,EXIT,,SRC025,0.94,EV01842,2026-03-19 13:25:05
MOV002567,VEHICLE,V00415,L01048,2024-03-22 22:51:05,2024-03-23 14:58:05,ENTRY,,SRC020,0.97,EV01157,2025-07-08 02:07:03
MOV002568,ORGANIZATION,O0394,L00828,2025-04-04 21:27:04,2025-04-05 17:17:04,ENTRY,,SRC001,0.78,EV01161,2024-12-13 23:47:07
MOV002569,PERSON,P02466,L00093,2024-10-06 17:37:02,2024-10-07 05:48:02,ENTRY,,SRC013,0.93,EV04130,2024-05-16 03:24:40
MOV002570,PERSON,P00741,L02351,2025-12-19 22:31:10,2025-12-20 09:42:10,TRANSIT,,SRC013,0.79,EV03516,2024-01-09 08:58:50
MOV002571,PERSON,P01373,L00222,2025-11-23 23:12:14,2025-11-24 02:25:14,ENTRY,V00698,SRC013,0.76,EV00558,2025-07-05 16:29:35
MOV002572,ORGANIZATION,O0187,L01639,2024-12-27 04:53:45,2024-12-27 09:19:45,EXIT,,SRC022,0.87,EV02352,2024-12-21 09:01:22
MOV002573,VEHICLE,V00558,L02107,2026-08-01 04:48:53,2026-08-01 14:42:53,EXIT,V01188,SRC012,0.95,EV00596,2024-11-10 14:18:56
MOV002574,ORGANIZATION,O0416,L01881,2024-02-20 21:59:37,2024-02-21 20:14:37,VISIT,V01060,SRC015,0.77,EV00600,2025-08-07 22:26:50
MOV002575,VEHICLE,V00094,L01952,2024-07-18 16:45:43,2024-07-18 23:20:43,VISIT,,SRC016,0.93,EV01152,2025-06-27 02:56:20
MOV002576,PERSON,P03015,L01537,2025-02-24 22:27:18,2025-02-25 09:40:18,TRANSIT,V00149,SRC028,0.89,EV01667,2024-08-27 06:39:33
MOV002577,ORGANIZATION,O0105,L00511,2025-05-13 07:52:48,2025-05-13 23:33:48,VISIT,V00065,SRC005,0.81,EV00607,2026-02-22 13:07:09
MOV002578,PERSON,P03983,L00726,2024-10-17 12:53:43,2024-10-18 11:18:43,ENTRY,,SRC014,0.89,EV02915,2025-04-14 23:55:15
MOV002579,VEHICLE,V00015,L02433,2026-07-13 09:16:41,2026-07-14 01:30:41,EXIT,V00553,SRC013,0.8,EV02743,2025-12-09 00:35:59
MOV002580,VEHICLE,V00495,L01602,2025-02-22 18:57:39,2025-02-23 04:11:39,VISIT,,SRC026,0.9,EV02393,2025-04-11 14:29:19
MOV002581,PERSON,P03300,L01935,2024-11-30 05:18:51,2024-11-30 22:15:51,EXIT,V01125,SRC024,0.86,EV02092,2025-12-28 19:26:24
MOV002582,VEHICLE,V00429,L02449,2025-11-09 15:06:33,2025-11-09 21:30:33,ENTRY,,SRC023,0.91,EV03312,2025-12-08 11:11:23
MOV002583,VEHICLE,V01094,L00383,2026-05-01 22:59:25,2026-05-02 17:00:25,ENTRY,,SRC015,0.75,EV04539,2025-01-06 19:20:32
MOV002584,VEHICLE,V00204,L02208,2026-02-22 22:31:59,2026-02-23 21:07:59,ENTRY,,SRC015,0.85,EV03901,2025-09-11 18:51:28
MOV002585,VEHICLE,V00539,L00650,2026-07-12 09:47:13,2026-07-12 10:29:13,VISIT,V00805,SRC003,0.83,EV00450,2025-01-18 20:01:48
MOV002586,PERSON,P00848,L00553,2024-07-12 23:20:30,2024-07-13 20:40:30,ENTRY,V00371,SRC008,0.89,EV01264,2025-12-16 12:29:03
MOV002587,ORGANIZATION,O0112,L01696,2024-08-01 03:59:09,2024-08-02 03:11:09,EXIT,,SRC009,0.84,EV04973,2026-01-06 12:52:22
MOV002588,ORGANIZATION,O0113,L00995,2025-07-13 22:52:14,2025-07-14 08:29:14,TRANSIT,V00691,SRC015,0.96,EV00012,2024-09-26 10:20:50
MOV002589,ORGANIZATION,O0342,L01157,2025-08-13 00:41:28,2025-08-13 05:42:28,VISIT,V00128,SRC008,0.89,EV03179,2025-03-02 10:44:15
MOV002590,ORGANIZATION,O0435,L02228,2025-09-16 02:02:19,2025-09-16 09:04:19,VISIT,,SRC007,0.94,EV04644,2025-10-27 21:47:41
MOV002591,PERSON,P03879,L01416,2024-01-25 08:22:01,2024-01-26 00:41:01,EXIT,V00480,SRC016,0.89,EV02676,2024-11-03 11:45:44
MOV002592,VEHICLE,V00896,L00225,2025-08-20 10:54:08,2025-08-21 04:46:08,TRANSIT,,SRC024,0.81,EV03337,2024-02-25 13:46:59
MOV002593,VEHICLE,V01142,L00289,2026-06-17 00:13:03,2026-06-17 16:08:03,EXIT,V00374,SRC003,0.93,EV01152,2026-06-17 13:10:39
MOV002594,VEHICLE,V00769,L01788,2024-10-29 19:19:32,2024-10-30 17:06:32,VISIT,V00754,SRC019,0.81,EV03510,2025-12-25 08:42:50
MOV002595,ORGANIZATION,O0132,L01222,2025-03-16 12:03:56,2025-03-17 03:58:56,EXIT,,SRC004,0.78,EV01718,2025-04-08 05:06:52
MOV002596,PERSON,P03838,L00043,2025-10-26 12:49:14,2025-10-27 05:54:14,VISIT,,SRC012,0.96,EV02593,2024-10-30 15:36:12
MOV002597,ORGANIZATION,O0178,L00330,2024-07-31 23:57:19,2024-08-01 18:08:19,TRANSIT,V00508,SRC010,0.76,EV03429,2026-07-27 21:02:09
MOV002598,PERSON,P03021,L01476,2025-07-07 14:41:55,2025-07-08 07:25:55,ENTRY,V00270,SRC009,0.79,EV00554,2025-05-26 12:47:38
MOV002599,PERSON,P02642,L01069,2025-04-14 01:07:21,2025-04-14 07:19:21,VISIT,,SRC001,0.9,EV02043,2025-03-18 05:36:38
MOV002600,VEHICLE,V00322,L01446,2026-06-27 21:40:28,2026-06-28 08:18:28,VISIT,,SRC018,0.79,EV00463,2026-02-02 04:05:28
MOV002601,ORGANIZATION,O0140,L00918,2026-08-28 14:23:28,2026-08-29 08:41:28,ENTRY,,SRC007,0.79,EV03354,2024-02-18 01:50:25
MOV002602,PERSON,P02198,L00087,2025-03-14 16:41:30,2025-03-14 19:33:30,ENTRY,V00645,SRC022,0.82,EV01910,2024-08-02 20:19:41
MOV002603,PERSON,P03484,L00649,2024-01-06 05:31:03,2024-01-06 05:57:03,ENTRY,V00637,SRC019,0.77,EV01645,2025-10-02 09:46:01
MOV002604,PERSON,P02567,L01923,2025-01-20 05:52:46,2025-01-20 20:26:46,EXIT,V00226,SRC024,0.95,EV03921,2026-01-06 07:11:23
MOV002605,ORGANIZATION,O0454,L01531,2024-11-28 01:15:16,2024-11-28 17:43:16,TRANSIT,,SRC023,0.93,EV01495,2025-08-20 04:06:27
MOV002606,VEHICLE,V00542,L01426,2024-01-22 17:52:21,2024-01-22 23:29:21,EXIT,,SRC008,0.8,EV01940,2025-12-26 20:09:01
MOV002607,VEHICLE,V00924,L00622,2025-08-10 10:52:52,2025-08-10 23:46:52,ENTRY,V00613,SRC019,0.95,EV03452,2024-11-09 22:09:44
MOV002608,VEHICLE,V00316,L02229,2025-06-06 16:38:02,2025-06-07 12:38:02,ENTRY,V00069,SRC006,0.78,EV03945,2025-04-28 12:17:25
MOV002609,ORGANIZATION,O0111,L00208,2025-05-02 23:59:20,2025-05-03 01:35:20,ENTRY,,SRC010,0.76,EV00618,2025-05-24 03:43:47
MOV002610,ORGANIZATION,O0284,L01457,2025-04-04 14:04:30,2025-04-05 11:11:30,ENTRY,,SRC011,0.91,EV00774,2026-07-01 14:55:58
MOV002611,VEHICLE,V00995,L00110,2025-05-25 01:27:12,2025-05-26 00:14:12,ENTRY,,SRC020,0.85,EV00554,2026-06-29 22:38:31
MOV002612,PERSON,P01599,L01208,2024-06-02 02:18:51,2024-06-02 03:47:51,TRANSIT,,SRC008,0.88,EV02040,2025-05-04 10:08:02
MOV002613,VEHICLE,V00700,L01915,2024-07-08 00:21:55,2024-07-08 17:48:55,VISIT,V00145,SRC009,0.97,EV00632,2025-05-20 20:01:50
MOV002614,PERSON,P01157,L02023,2026-08-11 19:26:28,2026-08-12 07:36:28,EXIT,V00776,SRC001,0.91,EV02400,2024-05-29 13:25:54
MOV002615,PERSON,P02156,L00569,2024-02-03 23:14:34,2024-02-04 08:23:34,TRANSIT,,SRC003,0.91,EV00573,2026-05-25 23:42:39
MOV002616,PERSON,P03402,L00610,2026-04-06 04:00:41,2026-04-07 03:37:41,ENTRY,V00776,SRC010,0.85,EV03644,2025-02-24 01:37:46
MOV002617,ORGANIZATION,O0178,L00415,2025-08-31 07:06:30,2025-08-31 08:38:30,VISIT,,SRC014,0.9,EV03275,2024-06-17 08:54:19
MOV002618,ORGANIZATION,O0058,L00461,2025-06-15 01:57:12,2025-06-15 19:09:12,ENTRY,,SRC008,0.96,EV02870,2024-02-23 19:46:22
MOV002619,VEHICLE,V00002,L02382,2024-06-17 14:39:02,2024-06-18 02:38:02,TRANSIT,,SRC014,0.85,EV02690,2024-05-04 10:32:45
MOV002620,ORGANIZATION,O0432,L02061,2024-12-17 05:53:40,2024-12-17 15:22:40,TRANSIT,,SRC005,0.92,EV00019,2025-10-29 15:04:33
MOV002621,VEHICLE,V00032,L00777,2024-02-01 18:18:26,2024-02-02 12:59:26,ENTRY,V00610,SRC007,0.87,EV03134,2025-03-12 21:15:12
MOV002622,PERSON,P00906,L01338,2026-06-12 00:24:18,2026-06-12 20:20:18,TRANSIT,,SRC004,0.77,EV03102,2025-07-18 19:59:48
MOV002623,ORGANIZATION,O0320,L01007,2024-06-13 22:16:02,2024-06-14 12:12:02,EXIT,,SRC022,0.81,EV02348,2025-03-21 06:44:23
MOV002624,VEHICLE,V00689,L00451,2026-08-12 10:38:50,2026-08-13 07:57:50,VISIT,V00874,SRC006,0.88,EV04654,2024-09-18 12:11:40
MOV002625,PERSON,P02358,L01867,2025-02-08 10:38:31,2025-02-08 16:40:31,TRANSIT,,SRC026,0.87,EV04475,2024-12-23 13:39:21
MOV002626,VEHICLE,V00193,L00768,2025-01-31 06:27:12,2025-02-01 04:25:12,TRANSIT,V01160,SRC003,0.88,EV03716,2025-07-30 11:12:52
MOV002627,VEHICLE,V00183,L02400,2025-06-03 00:13:52,2025-06-03 18:48:52,EXIT,,SRC016,0.96,EV03723,2024-06-18 16:06:40
MOV002628,VEHICLE,V00923,L00778,2024-07-02 20:32:38,2024-07-03 10:44:38,EXIT,,SRC022,0.87,EV04420,2025-09-23 19:52:36
MOV002629,PERSON,P01167,L01939,2024-05-18 04:45:02,2024-05-18 12:56:02,EXIT,V00125,SRC001,0.8,EV02059,2026-01-27 16:24:34
MOV002630,PERSON,P03500,L01028,2025-12-02 00:03:32,2025-12-02 22:30:32,ENTRY,V01003,SRC023,0.76,EV04178,2026-01-14 19:23:49
MOV002631,PERSON,P01758,L00591,2025-06-26 14:33:17,2025-06-26 17:32:17,TRANSIT,V01063,SRC004,0.79,EV03778,2026-01-27 20:00:40
MOV002632,VEHICLE,V00194,L00784,2026-05-03 10:10:19,2026-05-03 23:18:19,TRANSIT,V00523,SRC023,0.84,EV02798,2025-04-10 07:03:13
MOV002633,ORGANIZATION,O0379,L01124,2024-11-22 13:43:20,2024-11-22 19:02:20,EXIT,,SRC026,0.83,EV02281,2024-01-03 16:42:52
MOV002634,VEHICLE,V00921,L01488,2025-07-10 01:53:06,2025-07-10 03:22:06,VISIT,V01103,SRC020,0.81,EV03204,2025-06-03 19:55:53
MOV002635,VEHICLE,V00620,L00105,2024-07-15 13:36:05,2024-07-16 13:16:05,VISIT,,SRC014,0.98,EV03697,2026-02-18 05:50:46
MOV002636,ORGANIZATION,O0154,L01371,2024-07-26 18:21:37,2024-07-27 00:54:37,VISIT,,SRC026,0.97,EV02164,2025-03-09 02:24:34
MOV002637,VEHICLE,V00194,L02062,2025-12-21 21:40:03,2025-12-22 17:37:03,EXIT,,SRC015,0.93,EV01307,2026-02-17 22:42:14
MOV002638,PERSON,P00285,L01021,2026-06-12 09:04:26,2026-06-12 10:07:26,ENTRY,V00802,SRC011,0.92,EV02332,2025-02-11 17:48:12
MOV002639,ORGANIZATION,O0457,L02345,2025-11-25 16:45:35,2025-11-26 12:22:35,ENTRY,,SRC007,0.89,EV04185,2024-11-07 11:26:29
MOV002640,VEHICLE,V00094,L00756,2024-08-10 21:49:08,2024-08-11 19:18:08,TRANSIT,,SRC030,0.91,EV02173,2025-11-12 15:48:54
MOV002641,PERSON,P02827,L01712,2024-05-04 08:34:31,2024-05-04 14:40:31,VISIT,V00875,SRC014,0.88,EV01186,2024-09-15 05:43:57
MOV002642,VEHICLE,V01025,L01152,2025-08-27 23:47:03,2025-08-28 15:39:03,VISIT,,SRC004,0.9,EV00923,2026-04-25 05:19:35
MOV002643,VEHICLE,V01135,L00962,2026-05-16 18:14:34,2026-05-17 09:57:34,ENTRY,,SRC023,0.98,EV03922,2026-07-23 22:40:36
MOV002644,ORGANIZATION,O0135,L01527,2024-07-15 01:23:13,2024-07-15 05:58:13,TRANSIT,,SRC026,0.86,EV02397,2026-08-07 11:42:32
MOV002645,PERSON,P01182,L02477,2026-01-09 23:09:01,2026-01-09 23:58:01,EXIT,,SRC018,0.95,EV03905,2025-06-26 20:25:07
MOV002646,ORGANIZATION,O0093,L01136,2025-11-06 11:24:00,2025-11-06 16:13:00,EXIT,V00429,SRC026,0.93,EV04800,2026-01-25 06:42:53
MOV002647,PERSON,P03255,L00252,2024-02-01 15:16:32,2024-02-02 07:00:32,VISIT,V00934,SRC008,0.91,EV03282,2024-12-04 12:21:55
MOV002648,PERSON,P00084,L01813,2024-06-15 11:47:12,2024-06-15 13:51:12,EXIT,V01132,SRC009,0.89,EV02913,2024-04-19 19:32:56
MOV002649,VEHICLE,V00421,L00687,2026-08-02 16:51:43,2026-08-03 16:29:43,EXIT,,SRC006,0.93,EV04765,2024-05-12 07:04:45
MOV002650,VEHICLE,V00803,L01545,2024-09-29 22:45:26,2024-09-30 21:16:26,TRANSIT,,SRC010,0.94,EV03198,2025-01-19 02:37:43
MOV002651,PERSON,P00334,L01502,2024-07-28 18:25:06,2024-07-29 13:02:06,VISIT,,SRC010,0.84,EV04357,2025-06-26 01:58:41
MOV002652,PERSON,P02452,L01806,2024-11-19 04:58:04,2024-11-19 06:43:04,VISIT,V00156,SRC022,0.87,EV02604,2025-08-17 06:57:30
MOV002653,ORGANIZATION,O0086,L00389,2025-02-05 10:29:02,2025-02-05 22:15:02,TRANSIT,,SRC016,0.93,EV00827,2025-10-25 10:40:04
MOV002654,ORGANIZATION,O0285,L01490,2026-06-10 23:59:57,2026-06-11 06:27:57,TRANSIT,V00654,SRC018,0.83,EV04965,2025-08-12 07:27:01
MOV002655,PERSON,P02760,L02312,2025-09-24 23:23:13,2025-09-25 21:36:13,TRANSIT,,SRC025,0.97,EV00485,2024-01-03 09:09:40
MOV002656,ORGANIZATION,O0484,L00158,2025-10-01 16:14:42,2025-10-02 06:57:42,EXIT,V00783,SRC016,0.91,EV02059,2025-01-01 18:35:15
MOV002657,PERSON,P00766,L00874,2024-03-13 11:05:19,2024-03-14 06:24:19,ENTRY,,SRC001,0.86,EV04655,2024-05-14 10:49:24
MOV002658,PERSON,P00818,L01240,2026-07-18 21:39:21,2026-07-19 00:15:21,VISIT,,SRC005,0.93,EV00457,2025-10-26 07:08:48
MOV002659,PERSON,P01839,L01181,2026-04-02 18:38:04,2026-04-03 08:09:04,VISIT,,SRC006,0.84,EV03908,2026-02-04 21:30:09
MOV002660,PERSON,P01913,L00373,2024-09-05 01:59:26,2024-09-05 14:38:26,VISIT,,SRC001,0.9,EV03373,2025-12-17 17:04:51
MOV002661,ORGANIZATION,O0096,L01167,2024-02-26 10:50:41,2024-02-27 02:52:41,VISIT,,SRC008,0.82,EV03731,2025-12-09 20:08:58
MOV002662,ORGANIZATION,O0236,L02044,2025-12-01 14:02:56,2025-12-02 00:22:56,VISIT,,SRC016,0.88,EV00589,2025-10-25 22:09:39
MOV002663,ORGANIZATION,O0200,L01315,2025-12-28 13:57:25,2025-12-28 16:12:25,ENTRY,,SRC028,0.96,EV04698,2024-02-11 06:09:50
MOV002664,PERSON,P00973,L00739,2025-11-01 09:57:38,2025-11-01 22:56:38,EXIT,V00952,SRC014,0.89,EV04853,2024-04-05 03:50:41
MOV002665,ORGANIZATION,O0392,L02404,2024-01-14 13:54:55,2024-01-15 04:23:55,VISIT,,SRC012,0.89,EV01255,2025-09-24 22:57:34
MOV002666,PERSON,P01489,L00936,2025-04-15 03:39:40,2025-04-15 18:27:40,TRANSIT,,SRC009,0.89,EV00472,2025-11-24 04:46:15
MOV002667,ORGANIZATION,O0307,L01148,2024-07-16 13:47:45,2024-07-17 10:03:45,TRANSIT,,SRC001,0.8,EV03288,2025-10-04 09:29:59
MOV002668,VEHICLE,V00492,L02395,2025-06-18 14:20:58,2025-06-18 21:10:58,TRANSIT,,SRC026,0.76,EV04693,2025-06-26 03:38:01
MOV002669,PERSON,P01547,L00904,2024-04-04 00:53:01,2024-04-04 19:31:01,EXIT,V00412,SRC022,0.91,EV00733,2024-04-29 19:15:12
MOV002670,ORGANIZATION,O0202,L00339,2024-09-29 15:15:53,2024-09-29 20:23:53,ENTRY,V00478,SRC006,0.94,EV01725,2025-11-09 01:18:34
MOV002671,VEHICLE,V00325,L01765,2024-05-27 20:41:08,2024-05-28 19:39:08,VISIT,,SRC027,0.86,EV01952,2024-01-31 10:11:37
MOV002672,PERSON,P00461,L00370,2024-11-22 21:33:30,2024-11-23 10:16:30,ENTRY,,SRC011,0.77,EV04658,2025-09-04 21:43:18
MOV002673,VEHICLE,V01159,L01377,2025-08-24 07:52:12,2025-08-24 13:48:12,EXIT,V00398,SRC012,0.87,EV04337,2026-07-10 01:17:40
MOV002674,PERSON,P03448,L00018,2025-12-22 08:31:33,2025-12-22 08:59:33,TRANSIT,,SRC004,0.85,EV02901,2025-02-24 11:18:26
MOV002675,VEHICLE,V00073,L01329,2025-02-14 14:30:39,2025-02-14 18:41:39,TRANSIT,,SRC017,0.76,EV03905,2024-08-04 03:36:33
MOV002676,PERSON,P01397,L00708,2025-07-27 09:33:24,2025-07-27 20:27:24,ENTRY,V00831,SRC003,0.84,EV02013,2024-07-28 05:25:16
MOV002677,VEHICLE,V00430,L00901,2024-08-25 07:14:13,2024-08-26 04:43:13,EXIT,,SRC006,0.8,EV00932,2025-11-04 20:12:24
MOV002678,ORGANIZATION,O0453,L02171,2024-12-28 17:39:28,2024-12-29 09:14:28,VISIT,,SRC016,0.76,EV00457,2025-01-05 22:33:42
MOV002679,ORGANIZATION,O0270,L00515,2026-05-11 18:45:34,2026-05-12 12:45:34,TRANSIT,,SRC019,0.91,EV01422,2025-03-18 13:08:32
MOV002680,VEHICLE,V01156,L00441,2025-04-10 01:36:55,2025-04-10 09:18:55,VISIT,V01044,SRC021,0.77,EV03203,2025-03-13 10:05:48
MOV002681,VEHICLE,V00693,L02149,2026-03-25 19:36:02,2026-03-26 10:01:02,ENTRY,,SRC028,0.86,EV02937,2026-08-01 17:56:36
MOV002682,ORGANIZATION,O0235,L00209,2025-06-28 07:52:03,2025-06-28 23:27:03,ENTRY,,SRC014,0.94,EV01345,2026-04-19 03:40:31
MOV002683,PERSON,P00879,L01460,2024-10-04 14:26:19,2024-10-04 17:24:19,TRANSIT,,SRC014,0.91,EV02440,2025-03-30 17:19:25
MOV002684,PERSON,P01815,L02312,2026-05-29 06:45:22,2026-05-29 21:36:22,EXIT,V01091,SRC003,0.78,EV01603,2025-12-09 12:22:18
MOV002685,PERSON,P01287,L01029,2025-12-02 00:35:34,2025-12-02 16:52:34,EXIT,,SRC024,0.83,EV04765,2024-10-23 04:26:36
MOV002686,ORGANIZATION,O0052,L02225,2026-06-28 14:10:44,2026-06-29 02:23:44,TRANSIT,,SRC028,0.88,EV03771,2026-03-09 21:11:24
MOV002687,VEHICLE,V00588,L01885,2025-05-25 17:23:04,2025-05-26 16:49:04,VISIT,,SRC029,0.9,EV01039,2026-03-21 01:14:29
MOV002688,PERSON,P03589,L00800,2024-07-31 11:47:13,2024-08-01 04:19:13,VISIT,,SRC005,0.9,EV01058,2025-10-06 01:21:02
MOV002689,ORGANIZATION,O0092,L01431,2024-03-05 03:21:11,2024-03-05 14:56:11,EXIT,,SRC029,0.9,EV04735,2024-08-14 10:51:42
MOV002690,ORGANIZATION,O0148,L00900,2026-04-20 22:43:16,2026-04-21 20:59:16,EXIT,V00116,SRC027,0.76,EV02188,2024-01-09 04:05:55
MOV002691,PERSON,P03653,L02469,2026-07-10 04:12:26,2026-07-10 06:24:26,EXIT,V00509,SRC006,0.8,EV03703,2025-07-26 22:05:45
MOV002692,PERSON,P01510,L01629,2025-06-30 06:34:14,2025-06-30 19:12:14,TRANSIT,V00047,SRC020,0.81,EV01960,2024-06-12 05:32:08
MOV002693,PERSON,P01779,L01413,2024-10-31 02:52:54,2024-10-31 20:44:54,VISIT,V01198,SRC018,0.9,EV03292,2024-02-12 00:11:40
MOV002694,PERSON,P00899,L00702,2025-07-08 04:41:33,2025-07-08 21:11:33,VISIT,,SRC001,0.82,EV01637,2025-01-23 19:11:26
MOV002695,PERSON,P02996,L00597,2026-08-18 03:19:31,2026-08-18 20:25:31,VISIT,,SRC015,0.79,EV01607,2025-06-22 06:57:57
MOV002696,PERSON,P01882,L01952,2026-05-03 19:49:21,2026-05-04 07:11:21,EXIT,V00629,SRC023,0.79,EV02429,2024-02-08 12:57:56
MOV002697,VEHICLE,V00650,L00559,2025-07-02 15:01:47,2025-07-03 01:04:47,EXIT,,SRC025,0.82,EV04483,2024-03-01 22:15:16
MOV002698,VEHICLE,V01090,L00714,2025-06-22 20:06:15,2025-06-23 11:46:15,TRANSIT,,SRC016,0.95,EV01785,2026-06-28 03:55:48
MOV002699,PERSON,P02197,L01753,2025-12-08 22:41:53,2025-12-09 06:32:53,ENTRY,V00655,SRC024,0.94,EV00789,2025-03-09 07:20:55
MOV002700,ORGANIZATION,O0080,L01610,2024-08-11 05:23:48,2024-08-11 15:16:48,TRANSIT,V01043,SRC015,0.84,EV01896,2025-01-26 03:32:33
MOV002701,PERSON,P00655,L00828,2025-07-14 13:25:10,2025-07-15 00:41:10,TRANSIT,,SRC010,0.89,EV01080,2024-01-27 05:44:07
MOV002702,ORGANIZATION,O0043,L00179,2025-08-25 12:18:54,2025-08-26 10:25:54,TRANSIT,,SRC014,0.82,EV03306,2024-12-03 07:41:07
MOV002703,ORGANIZATION,O0207,L01501,2025-11-27 23:38:32,2025-11-28 08:22:32,VISIT,V01138,SRC026,0.88,EV02099,2024-09-17 18:07:34
MOV002704,PERSON,P03477,L02427,2024-01-19 10:07:42,2024-01-20 01:58:42,EXIT,,SRC017,0.97,EV01359,2024-03-26 08:47:09
MOV002705,VEHICLE,V00796,L02460,2024-08-20 22:36:56,2024-08-21 18:27:56,EXIT,,SRC004,0.77,EV01248,2024-05-11 06:47:33
MOV002706,PERSON,P01048,L00065,2026-04-30 15:53:29,2026-04-30 22:50:29,EXIT,V00650,SRC010,0.77,EV01757,2025-01-04 16:09:11
MOV002707,ORGANIZATION,O0263,L00722,2025-09-06 01:27:00,2025-09-06 23:07:00,ENTRY,,SRC024,0.81,EV00986,2025-01-25 13:33:01
MOV002708,ORGANIZATION,O0237,L02217,2025-02-04 01:47:40,2025-02-05 00:30:40,EXIT,V00598,SRC002,0.87,EV00877,2025-06-01 18:37:15
MOV002709,VEHICLE,V00077,L00736,2024-09-13 04:45:02,2024-09-13 07:22:02,TRANSIT,,SRC029,0.75,EV02222,2026-04-11 04:40:28
MOV002710,PERSON,P03867,L00583,2025-04-03 09:19:39,2025-04-04 07:26:39,ENTRY,,SRC017,0.9,EV03739,2024-05-02 02:20:49
MOV002711,ORGANIZATION,O0160,L00654,2024-06-17 05:39:38,2024-06-17 16:15:38,EXIT,V00391,SRC008,0.98,EV03676,2026-05-13 16:26:47
MOV002712,VEHICLE,V00646,L00638,2026-01-19 17:56:36,2026-01-20 14:50:36,ENTRY,,SRC003,0.82,EV02325,2024-03-27 17:34:31
MOV002713,VEHICLE,V01008,L01493,2025-12-17 21:52:17,2025-12-18 02:16:17,VISIT,,SRC019,0.87,EV04034,2024-09-20 10:06:48
MOV002714,VEHICLE,V01154,L01969,2026-02-15 07:05:59,2026-02-15 20:36:59,EXIT,,SRC027,0.83,EV04758,2024-08-30 10:45:12
MOV002715,ORGANIZATION,O0488,L00544,2026-08-02 05:54:54,2026-08-02 20:40:54,ENTRY,V00452,SRC022,0.96,EV03399,2025-03-02 01:02:00
MOV002716,VEHICLE,V00270,L01187,2024-10-02 00:58:38,2024-10-02 22:57:38,TRANSIT,,SRC030,0.82,EV04641,2025-06-14 07:54:14
MOV002717,PERSON,P00331,L02451,2026-03-27 07:55:31,2026-03-28 07:17:31,VISIT,,SRC019,0.77,EV04634,2024-04-25 00:45:49
MOV002718,ORGANIZATION,O0492,L01135,2024-05-06 03:30:41,2024-05-06 03:54:41,TRANSIT,,SRC014,0.79,EV04536,2025-10-15 22:40:31
MOV002719,ORGANIZATION,O0327,L00847,2024-06-26 10:32:37,2024-06-26 19:02:37,ENTRY,,SRC021,0.84,EV01742,2024-12-26 02:37:27
MOV002720,ORGANIZATION,O0484,L01647,2026-05-29 06:23:45,2026-05-29 08:04:45,EXIT,V00034,SRC018,0.93,EV02760,2025-09-19 20:29:32
MOV002721,ORGANIZATION,O0416,L00906,2024-11-16 10:09:31,2024-11-17 01:27:31,VISIT,V00656,SRC013,0.96,EV02229,2024-04-22 13:35:31
MOV002722,ORGANIZATION,O0394,L01491,2026-01-09 20:50:25,2026-01-10 14:59:25,TRANSIT,V00954,SRC026,0.89,EV04113,2024-03-29 14:18:31
MOV002723,PERSON,P00720,L01658,2026-04-24 00:55:15,2026-04-24 22:33:15,EXIT,,SRC017,0.91,EV02684,2024-03-06 13:30:20
MOV002724,ORGANIZATION,O0420,L01627,2026-04-13 14:47:14,2026-04-14 04:04:14,ENTRY,,SRC003,0.84,EV03557,2025-06-18 00:15:12
MOV002725,VEHICLE,V00247,L00202,2024-02-23 16:03:32,2024-02-24 12:46:32,VISIT,,SRC016,0.82,EV03919,2026-08-13 03:55:08
MOV002726,PERSON,P01023,L01530,2025-06-17 07:21:10,2025-06-17 19:05:10,ENTRY,,SRC006,0.83,EV00356,2024-11-10 05:30:15
MOV002727,PERSON,P02435,L00369,2024-12-22 12:37:52,2024-12-23 06:55:52,EXIT,V01199,SRC008,0.81,EV01913,2025-08-15 13:56:15
MOV002728,PERSON,P00903,L00884,2025-05-12 06:47:31,2025-05-13 03:32:31,EXIT,,SRC014,0.83,EV03732,2026-04-20 14:30:09
MOV002729,PERSON,P00634,L01314,2025-02-25 09:20:31,2025-02-26 05:34:31,EXIT,,SRC009,0.91,EV03600,2026-05-28 03:17:31
MOV002730,PERSON,P00425,L00007,2025-01-16 07:51:43,2025-01-16 14:53:43,TRANSIT,,SRC014,0.78,EV01624,2024-07-19 17:02:52
MOV002731,ORGANIZATION,O0330,L00129,2024-09-30 00:24:14,2024-09-30 03:54:14,ENTRY,V00172,SRC027,0.85,EV04101,2026-07-28 17:55:07
MOV002732,VEHICLE,V00372,L02449,2026-07-02 21:48:12,2026-07-03 18:56:12,ENTRY,V00039,SRC026,0.77,EV02276,2025-05-19 17:28:18
MOV002733,VEHICLE,V00885,L02374,2025-03-25 05:11:44,2025-03-25 14:23:44,EXIT,V00304,SRC007,0.85,EV01359,2024-09-23 22:47:57
MOV002734,ORGANIZATION,O0404,L00935,2024-04-09 23:06:52,2024-04-10 17:25:52,EXIT,,SRC008,0.8,EV00683,2024-04-21 06:55:26
MOV002735,VEHICLE,V01102,L00894,2025-08-14 00:18:26,2025-08-14 23:06:26,VISIT,V00617,SRC001,0.93,EV03568,2024-10-16 12:54:19
MOV002736,PERSON,P03034,L02144,2025-07-30 19:36:08,2025-07-31 05:36:08,EXIT,,SRC005,0.92,EV04033,2024-04-06 00:41:17
MOV002737,VEHICLE,V00086,L01693,2025-02-11 14:54:29,2025-02-12 13:53:29,VISIT,V00702,SRC019,0.85,EV04904,2024-07-22 04:51:53
MOV002738,PERSON,P00149,L00959,2024-05-19 06:19:17,2024-05-19 11:32:17,VISIT,,SRC009,0.83,EV01905,2025-11-05 06:28:38
MOV002739,VEHICLE,V00604,L02111,2024-08-22 03:00:26,2024-08-22 16:48:26,VISIT,V00462,SRC015,0.88,EV02975,2024-09-27 00:26:01
MOV002740,VEHICLE,V00067,L00908,2026-06-24 16:07:36,2026-06-25 03:55:36,TRANSIT,,SRC027,0.88,EV01469,2024-10-17 01:23:04
MOV002741,PERSON,P03517,L00735,2024-06-16 15:18:39,2024-06-17 00:57:39,TRANSIT,V00965,SRC001,0.88,EV00643,2026-01-29 18:59:41
MOV002742,PERSON,P02579,L00437,2025-03-18 10:01:23,2025-03-19 02:44:23,TRANSIT,,SRC011,0.79,EV02980,2024-11-16 04:33:05
MOV002743,ORGANIZATION,O0048,L01760,2025-02-26 13:02:24,2025-02-27 07:19:24,ENTRY,,SRC009,0.87,EV01333,2024-01-06 14:15:02
MOV002744,VEHICLE,V00862,L02293,2026-02-11 00:58:00,2026-02-11 22:54:00,EXIT,,SRC020,0.9,EV02752,2025-03-15 09:07:08
MOV002745,ORGANIZATION,O0409,L00181,2026-08-17 10:00:48,2026-08-17 17:39:48,TRANSIT,V00436,SRC002,0.98,EV01629,2026-04-23 09:09:39
MOV002746,VEHICLE,V00048,L00088,2025-11-26 15:35:05,2025-11-27 00:05:05,TRANSIT,,SRC012,0.78,EV04478,2025-08-05 21:05:20
MOV002747,ORGANIZATION,O0035,L02211,2024-12-15 03:56:21,2024-12-15 16:55:21,ENTRY,V01003,SRC004,0.83,EV04250,2025-09-12 19:25:14
MOV002748,PERSON,P02991,L01019,2025-11-11 16:25:44,2025-11-11 18:33:44,TRANSIT,,SRC020,0.87,EV00925,2024-11-12 01:20:43
MOV002749,ORGANIZATION,O0279,L02495,2026-01-19 23:32:06,2026-01-20 13:11:06,VISIT,V00543,SRC024,0.83,EV00062,2025-07-09 02:50:46
MOV002750,VEHICLE,V00110,L01096,2025-08-15 01:46:21,2025-08-15 17:23:21,EXIT,V00872,SRC013,0.83,EV03031,2025-04-15 10:26:04
MOV002751,ORGANIZATION,O0014,L02435,2024-06-18 19:59:29,2024-06-19 09:05:29,EXIT,,SRC004,0.88,EV01977,2025-01-24 07:20:04
MOV002752,VEHICLE,V00659,L01812,2025-11-27 23:15:46,2025-11-28 16:27:46,EXIT,V00142,SRC021,0.76,EV01769,2024-07-13 15:37:43
MOV002753,ORGANIZATION,O0147,L01577,2025-05-28 06:33:25,2025-05-28 23:04:25,TRANSIT,,SRC017,0.87,EV02466,2024-07-08 18:16:16
MOV002754,ORGANIZATION,O0426,L00153,2025-07-04 13:17:59,2025-07-05 12:40:59,VISIT,V01184,SRC030,0.89,EV00078,2024-11-20 05:02:00
MOV002755,ORGANIZATION,O0194,L01410,2025-12-29 15:25:14,2025-12-29 17:39:14,TRANSIT,,SRC004,0.92,EV03612,2026-06-16 09:27:14
MOV002756,PERSON,P02180,L00991,2024-03-19 06:14:53,2024-03-20 03:52:53,EXIT,,SRC013,0.89,EV03761,2026-06-19 21:20:30
MOV002757,VEHICLE,V00158,L01024,2026-04-22 03:19:33,2026-04-22 11:04:33,ENTRY,,SRC007,0.82,EV01404,2024-11-19 01:50:05
MOV002758,PERSON,P02435,L01892,2024-10-17 06:16:50,2024-10-17 13:47:50,TRANSIT,,SRC001,0.95,EV04111,2024-01-15 11:45:14
MOV002759,VEHICLE,V00315,L02446,2026-01-01 19:45:10,2026-01-02 17:05:10,TRANSIT,,SRC020,0.98,EV02255,2024-01-10 21:23:42
MOV002760,PERSON,P02113,L00437,2025-11-27 09:07:02,2025-11-27 09:54:02,EXIT,,SRC001,0.9,EV03249,2026-08-30 21:49:07
MOV002761,PERSON,P00808,L01068,2026-02-20 14:30:57,2026-02-20 17:42:57,ENTRY,,SRC026,0.83,EV04975,2024-12-05 07:09:59
MOV002762,VEHICLE,V00136,L01040,2024-04-06 14:06:14,2024-04-06 17:43:14,VISIT,,SRC006,0.93,EV03039,2025-04-14 07:05:08
MOV002763,PERSON,P00272,L00960,2024-08-18 22:39:10,2024-08-19 01:34:10,VISIT,V00651,SRC020,0.79,EV01391,2025-11-15 16:19:28
MOV002764,PERSON,P02967,L02436,2026-05-01 07:40:42,2026-05-01 08:56:42,EXIT,V00288,SRC003,0.78,EV01015,2026-08-18 16:06:52
MOV002765,ORGANIZATION,O0381,L01676,2025-10-24 22:23:15,2025-10-25 00:38:15,TRANSIT,,SRC021,0.98,EV03583,2025-08-06 08:23:13
MOV002766,PERSON,P02947,L01501,2024-06-25 22:08:20,2024-06-26 12:42:20,ENTRY,,SRC012,0.79,EV00661,2025-11-22 11:13:30
MOV002767,ORGANIZATION,O0447,L02496,2026-07-22 13:11:51,2026-07-23 04:46:51,EXIT,,SRC020,0.89,EV04149,2024-02-19 09:58:14
MOV002768,ORGANIZATION,O0152,L01192,2025-06-30 10:47:55,2025-06-30 21:35:55,ENTRY,,SRC011,0.81,EV03542,2024-02-22 20:59:09
MOV002769,VEHICLE,V01057,L02026,2025-04-02 12:29:23,2025-04-03 03:16:23,ENTRY,,SRC014,0.95,EV03020,2024-11-22 13:24:52
MOV002770,VEHICLE,V01055,L00355,2024-10-28 00:57:37,2024-10-28 06:56:37,VISIT,,SRC012,0.79,EV02691,2025-10-06 23:03:54
MOV002771,VEHICLE,V01169,L01325,2026-08-19 10:32:34,2026-08-19 19:25:34,ENTRY,,SRC006,0.78,EV03585,2025-08-24 07:19:14
MOV002772,ORGANIZATION,O0332,L00293,2024-04-02 17:20:21,2024-04-03 17:12:21,VISIT,V00525,SRC013,0.9,EV01543,2024-02-06 11:46:48
MOV002773,VEHICLE,V00621,L00637,2024-06-28 03:33:03,2024-06-28 17:52:03,VISIT,,SRC015,0.93,EV00007,2024-03-01 06:26:08
MOV002774,VEHICLE,V00838,L02096,2024-04-29 06:09:01,2024-04-29 09:39:01,ENTRY,V00325,SRC029,0.84,EV00279,2025-04-13 06:07:52
MOV002775,ORGANIZATION,O0256,L00752,2025-10-31 23:33:21,2025-11-01 16:42:21,TRANSIT,V00075,SRC020,0.92,EV04061,2025-09-14 17:29:00
MOV002776,ORGANIZATION,O0327,L00749,2025-05-23 18:18:54,2025-05-24 01:30:54,EXIT,V01030,SRC022,0.8,EV01232,2026-02-13 19:17:52
MOV002777,VEHICLE,V00506,L01130,2024-01-30 22:02:01,2024-01-31 09:58:01,VISIT,V00689,SRC003,0.85,EV00056,2024-12-13 20:58:24
MOV002778,PERSON,P00466,L02243,2024-09-05 00:01:20,2024-09-05 22:32:20,VISIT,,SRC013,0.89,EV02700,2025-03-16 16:45:56
MOV002779,PERSON,P00745,L00023,2024-07-07 22:34:43,2024-07-08 04:30:43,VISIT,,SRC028,0.83,EV03869,2025-04-16 23:29:56
MOV002780,ORGANIZATION,O0278,L00486,2024-02-18 20:52:41,2024-02-19 01:44:41,TRANSIT,,SRC030,0.96,EV04059,2025-06-24 13:46:07
MOV002781,VEHICLE,V00748,L00568,2026-01-04 20:43:40,2026-01-04 23:24:40,EXIT,,SRC022,0.89,EV03328,2026-07-08 02:48:22
MOV002782,VEHICLE,V01004,L00203,2026-06-11 02:35:55,2026-06-11 19:17:55,ENTRY,,SRC026,0.77,EV00427,2024-05-14 01:30:52
MOV002783,PERSON,P03448,L00645,2024-01-19 08:13:13,2024-01-19 23:12:13,ENTRY,,SRC023,0.82,EV03395,2024-08-29 13:49:45
MOV002784,ORGANIZATION,O0407,L00407,2024-04-11 23:49:49,2024-04-12 14:59:49,VISIT,,SRC005,0.85,EV03497,2024-10-29 06:14:12
MOV002785,VEHICLE,V00642,L02143,2025-12-08 02:03:49,2025-12-08 22:49:49,EXIT,,SRC026,0.78,EV03722,2024-08-09 08:30:02
MOV002786,VEHICLE,V00529,L01233,2025-02-18 21:00:51,2025-02-19 12:43:51,TRANSIT,,SRC009,0.87,EV00620,2026-07-06 06:34:48
MOV002787,VEHICLE,V00864,L01713,2024-01-09 05:16:29,2024-01-10 04:56:29,VISIT,,SRC011,0.9,EV04170,2024-11-13 02:23:21
MOV002788,PERSON,P02668,L00357,2025-02-07 00:26:39,2025-02-07 16:37:39,EXIT,V00940,SRC008,0.97,EV02183,2026-08-15 12:23:50
MOV002789,PERSON,P01501,L01760,2024-06-25 21:16:55,2024-06-26 05:29:55,TRANSIT,,SRC013,0.97,EV04401,2025-04-06 18:44:33
MOV002790,PERSON,P01840,L01278,2024-03-12 15:56:39,2024-03-13 12:37:39,ENTRY,V00731,SRC003,0.97,EV00116,2025-07-28 18:13:34
MOV002791,ORGANIZATION,O0495,L00459,2026-06-29 00:38:28,2026-06-29 23:34:28,VISIT,V00982,SRC006,0.94,EV04007,2026-08-07 05:27:55
MOV002792,ORGANIZATION,O0316,L01322,2026-05-13 10:58:32,2026-05-14 08:13:32,EXIT,V01139,SRC003,0.85,EV03702,2025-01-02 07:19:48
MOV002793,ORGANIZATION,O0196,L02311,2024-10-31 14:14:00,2024-10-31 21:48:00,TRANSIT,V00534,SRC006,0.91,EV01716,2025-06-13 06:35:51
MOV002794,VEHICLE,V00665,L01097,2025-02-08 05:24:03,2025-02-09 00:35:03,ENTRY,,SRC029,0.9,EV03479,2024-03-07 21:09:40
MOV002795,PERSON,P00190,L00317,2026-03-08 21:03:46,2026-03-09 09:35:46,EXIT,,SRC008,0.81,EV01877,2025-01-10 22:31:50
MOV002796,PERSON,P00928,L02276,2024-02-14 11:19:11,2024-02-14 20:56:11,ENTRY,,SRC015,0.95,EV02736,2026-06-21 22:47:08
MOV002797,VEHICLE,V00517,L01600,2026-04-26 19:12:21,2026-04-26 23:21:21,EXIT,V00573,SRC009,0.81,EV01106,2026-01-23 02:43:24
MOV002798,PERSON,P01422,L00192,2024-10-30 13:27:46,2024-10-31 13:00:46,EXIT,,SRC023,0.93,EV01864,2024-01-04 20:32:53
MOV002799,PERSON,P00267,L00443,2025-05-20 08:19:18,2025-05-20 09:34:18,EXIT,,SRC029,0.85,EV02956,2026-04-23 22:05:48
MOV002800,VEHICLE,V00142,L01153,2025-09-10 21:34:17,2025-09-11 14:22:17,VISIT,V01070,SRC014,0.96,EV01250,2024-07-13 18:44:01
MOV002801,PERSON,P00884,L01852,2025-05-08 12:06:58,2025-05-08 20:12:58,EXIT,,SRC024,0.86,EV03611,2025-10-18 03:52:42
MOV002802,VEHICLE,V00437,L00945,2024-04-06 04:43:47,2024-04-06 18:08:47,VISIT,,SRC014,0.97,EV00653,2025-07-28 10:16:01
MOV002803,PERSON,P03699,L01855,2026-05-12 03:20:29,2026-05-13 02:58:29,VISIT,V00096,SRC028,0.77,EV01955,2025-09-11 23:04:06
MOV002804,VEHICLE,V00089,L00549,2026-03-08 15:33:05,2026-03-09 10:36:05,VISIT,,SRC010,0.8,EV03488,2025-06-01 10:59:47
MOV002805,ORGANIZATION,O0143,L01460,2025-09-29 22:01:48,2025-09-30 05:46:48,TRANSIT,,SRC020,0.95,EV02152,2026-07-03 09:54:29
MOV002806,ORGANIZATION,O0281,L00288,2025-06-28 05:11:54,2025-06-28 23:31:54,ENTRY,,SRC007,0.81,EV04953,2026-01-05 09:22:37
MOV002807,PERSON,P00790,L00952,2025-01-30 19:47:09,2025-01-31 18:51:09,VISIT,,SRC011,0.91,EV02075,2024-05-31 20:10:39
MOV002808,PERSON,P00324,L01349,2024-01-30 22:06:34,2024-01-31 07:00:34,VISIT,,SRC030,0.98,EV03350,2026-07-25 11:18:05
MOV002809,PERSON,P00704,L01622,2026-05-17 00:44:15,2026-05-17 12:27:15,TRANSIT,,SRC005,0.91,EV03363,2026-02-18 11:07:07
MOV002810,PERSON,P01932,L01898,2026-05-15 10:24:21,2026-05-15 10:42:21,ENTRY,,SRC017,0.85,EV04595,2024-11-23 15:25:38
MOV002811,ORGANIZATION,O0284,L01684,2026-06-15 02:16:13,2026-06-15 03:47:13,ENTRY,,SRC010,0.83,EV00386,2026-08-15 06:24:32
MOV002812,VEHICLE,V00717,L00342,2025-08-21 00:27:54,2025-08-21 20:42:54,EXIT,,SRC021,0.76,EV01100,2024-03-11 17:35:21
MOV002813,PERSON,P01256,L02133,2026-03-31 18:07:14,2026-03-31 18:39:14,EXIT,,SRC018,0.97,EV03747,2024-11-22 10:43:57
MOV002814,VEHICLE,V00159,L00680,2025-04-16 04:46:04,2025-04-17 04:45:04,EXIT,V01090,SRC008,0.96,EV00875,2025-12-19 02:17:35
MOV002815,VEHICLE,V00935,L00209,2024-05-25 18:21:36,2024-05-26 16:34:36,TRANSIT,,SRC025,0.91,EV00412,2025-08-15 09:33:19
MOV002816,PERSON,P01714,L00754,2024-01-26 06:41:24,2024-01-26 10:50:24,EXIT,,SRC022,0.85,EV04149,2025-08-18 17:28:26
MOV002817,ORGANIZATION,O0167,L00987,2025-08-23 04:37:10,2025-08-24 03:38:10,EXIT,V00987,SRC001,0.97,EV02904,2026-01-26 18:28:52
MOV002818,PERSON,P00314,L00788,2024-07-02 14:50:51,2024-07-03 07:03:51,TRANSIT,V01072,SRC014,0.86,EV04225,2025-08-28 22:21:57
MOV002819,PERSON,P01672,L00650,2025-12-29 14:14:54,2025-12-29 22:18:54,TRANSIT,,SRC018,0.94,EV00115,2025-11-30 09:19:17
MOV002820,PERSON,P01376,L00935,2025-04-26 08:36:09,2025-04-27 04:36:09,VISIT,,SRC013,0.84,EV02180,2024-04-21 02:37:19
MOV002821,VEHICLE,V00945,L02344,2024-04-29 19:13:23,2024-04-30 17:36:23,EXIT,,SRC003,0.75,EV04484,2024-06-15 17:06:04
MOV002822,VEHICLE,V01028,L01801,2024-05-17 07:03:38,2024-05-17 16:45:38,EXIT,,SRC008,0.9,EV03963,2024-11-23 10:28:24
MOV002823,PERSON,P02677,L02396,2024-03-18 04:24:21,2024-03-19 02:54:21,EXIT,,SRC029,0.98,EV04377,2025-04-24 00:07:33
MOV002824,PERSON,P00315,L01771,2024-02-18 04:58:33,2024-02-18 19:25:33,VISIT,,SRC005,0.84,EV04489,2025-05-20 05:25:25
MOV002825,PERSON,P03507,L01602,2025-03-13 19:57:22,2025-03-14 14:16:22,VISIT,V01137,SRC005,0.97,EV01917,2024-07-11 11:51:51
MOV002826,PERSON,P01128,L00307,2024-04-26 01:50:18,2024-04-26 06:22:18,TRANSIT,,SRC019,0.94,EV04827,2024-11-27 06:15:57
MOV002827,ORGANIZATION,O0219,L00787,2025-02-21 10:08:25,2025-02-21 20:11:25,ENTRY,,SRC006,0.91,EV02538,2026-06-29 21:42:12
MOV002828,PERSON,P03182,L01695,2025-10-31 06:09:16,2025-10-31 22:49:16,ENTRY,,SRC008,0.85,EV04717,2024-02-27 22:37:12
MOV002829,VEHICLE,V01138,L01739,2026-07-24 02:22:32,2026-07-24 23:10:32,EXIT,V01106,SRC023,0.81,EV02169,2025-05-26 13:22:00
MOV002830,VEHICLE,V00651,L01969,2026-05-14 06:06:10,2026-05-14 20:39:10,EXIT,,SRC010,0.83,EV01543,2025-10-11 08:23:21
MOV002831,PERSON,P03079,L01580,2026-01-04 19:38:09,2026-01-05 11:30:09,VISIT,,SRC019,0.92,EV02682,2024-08-28 00:46:28
MOV002832,PERSON,P01960,L01868,2026-03-19 11:36:53,2026-03-19 13:11:53,ENTRY,,SRC024,0.83,EV01035,2024-12-06 18:01:26
MOV002833,ORGANIZATION,O0458,L00435,2025-08-03 06:53:10,2025-08-03 23:49:10,ENTRY,V00843,SRC030,0.84,EV00635,2026-01-16 21:00:15
MOV002834,VEHICLE,V00233,L02115,2024-06-14 08:20:06,2024-06-14 15:57:06,EXIT,,SRC028,0.78,EV03543,2024-10-24 22:44:13
MOV002835,ORGANIZATION,O0099,L01946,2025-06-11 17:00:20,2025-06-12 07:23:20,VISIT,V00881,SRC030,0.79,EV03786,2025-06-18 08:51:48
MOV002836,VEHICLE,V00118,L02399,2026-08-29 20:36:48,2026-08-30 16:22:48,EXIT,V01191,SRC007,0.92,EV00713,2024-12-04 13:49:08
MOV002837,PERSON,P00885,L02107,2024-11-06 02:51:22,2024-11-06 15:17:22,ENTRY,,SRC014,0.85,EV02394,2026-04-18 04:24:05
MOV002838,PERSON,P01391,L01394,2025-11-20 20:42:49,2025-11-21 15:42:49,TRANSIT,V01076,SRC010,0.95,EV00727,2025-07-05 19:42:24
MOV002839,ORGANIZATION,O0421,L00380,2025-10-04 01:02:56,2025-10-04 09:40:56,ENTRY,,SRC014,0.76,EV03211,2025-06-26 06:31:27
MOV002840,VEHICLE,V00306,L02058,2026-04-25 15:18:32,2026-04-26 04:03:32,VISIT,,SRC005,0.81,EV03664,2026-04-11 21:44:18
MOV002841,VEHICLE,V00119,L00463,2024-05-12 06:09:21,2024-05-12 20:29:21,EXIT,V00646,SRC030,0.82,EV01025,2025-05-15 10:49:59
MOV002842,VEHICLE,V00685,L01290,2025-11-20 15:47:44,2025-11-20 21:11:44,VISIT,V00752,SRC019,0.87,EV04357,2024-04-09 06:40:04
MOV002843,PERSON,P03815,L00421,2026-07-13 05:42:32,2026-07-13 09:00:32,VISIT,,SRC024,0.83,EV02791,2024-04-29 05:51:46
MOV002844,PERSON,P03346,L01254,2025-01-17 01:59:00,2025-01-17 12:16:00,EXIT,,SRC003,0.9,EV02609,2024-04-13 22:52:07
MOV002845,PERSON,P02522,L01511,2024-12-04 11:30:37,2024-12-04 13:14:37,ENTRY,,SRC030,0.9,EV04834,2026-05-02 05:05:17
MOV002846,VEHICLE,V00425,L00204,2025-09-28 07:07:57,2025-09-28 21:43:57,TRANSIT,,SRC026,0.8,EV01378,2024-12-04 05:09:33
MOV002847,VEHICLE,V01018,L01651,2024-02-23 16:23:41,2024-02-24 04:48:41,EXIT,,SRC017,0.82,EV04333,2025-10-15 23:33:18
MOV002848,ORGANIZATION,O0293,L00523,2026-06-11 00:29:29,2026-06-11 02:33:29,EXIT,,SRC023,0.77,EV00388,2024-06-18 15:57:25
MOV002849,PERSON,P01582,L00384,2024-09-27 17:30:16,2024-09-28 04:50:16,EXIT,V00629,SRC011,0.85,EV02437,2025-10-14 17:39:40
MOV002850,VEHICLE,V00908,L00659,2024-04-03 02:53:09,2024-04-03 11:31:09,VISIT,V00712,SRC003,0.84,EV01312,2025-08-08 11:52:04
MOV002851,VEHICLE,V00702,L00356,2025-04-13 21:14:12,2025-04-14 08:33:12,VISIT,,SRC015,0.87,EV01402,2025-11-11 13:07:02
MOV002852,PERSON,P01874,L00145,2024-01-10 04:12:21,2024-01-10 09:09:21,TRANSIT,,SRC028,0.97,EV01634,2024-06-17 06:30:25
MOV002853,VEHICLE,V01152,L01094,2024-06-04 10:23:39,2024-06-04 18:18:39,TRANSIT,,SRC010,0.89,EV04822,2024-02-21 10:10:09
MOV002854,PERSON,P02741,L02268,2024-07-04 23:17:18,2024-07-05 20:10:18,VISIT,V00488,SRC012,0.8,EV02615,2026-02-27 12:19:58
MOV002855,PERSON,P02264,L01979,2025-08-18 21:03:35,2025-08-18 22:45:35,EXIT,V00109,SRC006,0.85,EV01539,2025-07-25 10:36:00
MOV002856,ORGANIZATION,O0229,L01483,2024-04-16 13:57:46,2024-04-17 09:50:46,ENTRY,,SRC003,0.95,EV02886,2025-07-30 09:52:08
MOV002857,VEHICLE,V00235,L01634,2025-11-29 16:08:01,2025-11-30 14:40:01,ENTRY,V00487,SRC017,0.81,EV04940,2026-04-18 07:41:52
MOV002858,VEHICLE,V00230,L01115,2025-12-29 07:06:51,2025-12-29 12:13:51,VISIT,V00806,SRC007,0.76,EV00865,2026-06-26 21:53:49
MOV002859,PERSON,P03902,L01723,2025-04-11 05:18:34,2025-04-12 00:33:34,EXIT,V00619,SRC021,0.84,EV04832,2025-04-24 05:12:22
MOV002860,ORGANIZATION,O0143,L00536,2024-11-26 09:54:22,2024-11-27 08:04:22,ENTRY,,SRC013,0.78,EV00536,2024-12-09 23:31:41
MOV002861,VEHICLE,V00161,L00887,2024-05-27 20:10:43,2024-05-27 22:18:43,ENTRY,,SRC002,0.91,EV02432,2025-01-24 14:56:52
MOV002862,ORGANIZATION,O0211,L00644,2025-07-20 15:47:50,2025-07-21 06:01:50,VISIT,,SRC011,0.79,EV01880,2025-12-02 17:43:48
MOV002863,ORGANIZATION,O0472,L00969,2024-04-26 16:21:08,2024-04-27 16:01:08,TRANSIT,,SRC019,0.91,EV04536,2025-02-13 21:15:36
MOV002864,PERSON,P02028,L00584,2026-05-12 04:06:39,2026-05-12 12:25:39,TRANSIT,,SRC010,0.76,EV03501,2025-11-01 22:30:57
MOV002865,VEHICLE,V00253,L00714,2024-02-11 16:08:51,2024-02-12 01:23:51,TRANSIT,V00114,SRC018,0.76,EV03404,2025-08-12 20:56:22
MOV002866,PERSON,P03739,L00094,2024-07-29 16:32:25,2024-07-30 07:34:25,ENTRY,V00637,SRC019,0.94,EV00856,2024-04-24 00:16:38
MOV002867,ORGANIZATION,O0320,L01555,2026-03-12 09:46:22,2026-03-12 14:40:22,VISIT,,SRC001,0.95,EV03461,2024-12-26 19:24:22
MOV002868,ORGANIZATION,O0217,L00891,2024-11-24 02:58:30,2024-11-24 12:18:30,ENTRY,,SRC017,0.98,EV02636,2025-09-27 23:37:38
MOV002869,VEHICLE,V00128,L00590,2026-04-11 22:46:54,2026-04-12 11:23:54,EXIT,V00995,SRC016,0.77,EV02490,2026-06-21 17:53:12
MOV002870,PERSON,P01263,L00565,2026-01-13 06:43:49,2026-01-13 18:21:49,ENTRY,,SRC009,0.9,EV03993,2026-02-05 21:56:09
MOV002871,ORGANIZATION,O0358,L01773,2024-04-19 06:58:46,2024-04-19 19:13:46,VISIT,,SRC028,0.81,EV00735,2025-03-22 17:39:13
MOV002872,ORGANIZATION,O0159,L01341,2024-05-05 05:09:49,2024-05-05 22:39:49,VISIT,,SRC030,0.94,EV04479,2024-05-19 08:37:38
MOV002873,PERSON,P02537,L00290,2024-01-12 14:40:29,2024-01-12 17:55:29,TRANSIT,,SRC021,0.88,EV03808,2025-04-30 11:04:45
MOV002874,PERSON,P02411,L00602,2024-05-04 14:30:15,2024-05-05 05:18:15,ENTRY,,SRC015,0.9,EV03167,2025-11-11 21:46:32
MOV002875,PERSON,P00213,L01323,2024-03-13 01:59:11,2024-03-13 17:57:11,TRANSIT,,SRC019,0.92,EV03654,2026-01-15 09:41:00
MOV002876,ORGANIZATION,O0334,L00882,2025-08-31 00:55:26,2025-08-31 06:39:26,VISIT,,SRC018,0.89,EV02437,2026-08-09 22:43:47
MOV002877,PERSON,P02664,L01737,2024-10-15 14:31:57,2024-10-15 17:54:57,EXIT,V00175,SRC023,0.86,EV04345,2024-11-23 14:31:43
MOV002878,ORGANIZATION,O0219,L01010,2025-01-03 12:42:43,2025-01-03 13:02:43,TRANSIT,,SRC008,0.84,EV00027,2026-05-18 21:32:45
MOV002879,VEHICLE,V00067,L00984,2025-06-20 20:18:36,2025-06-21 04:31:36,EXIT,V00805,SRC025,0.88,EV01070,2025-02-09 04:24:37
MOV002880,VEHICLE,V00599,L02121,2025-02-28 01:34:36,2025-02-28 07:37:36,ENTRY,V00324,SRC013,0.95,EV02154,2025-11-17 10:01:06
MOV002881,PERSON,P02141,L00687,2026-05-22 21:03:11,2026-05-23 10:19:11,EXIT,,SRC004,0.93,EV03037,2026-07-13 06:55:28
MOV002882,VEHICLE,V00647,L02289,2026-05-24 11:20:14,2026-05-24 13:26:14,EXIT,V00143,SRC015,0.86,EV03112,2025-04-07 02:19:37
MOV002883,ORGANIZATION,O0102,L02215,2026-04-09 09:52:48,2026-04-09 15:40:48,VISIT,,SRC030,0.84,EV01895,2025-07-30 10:18:14
MOV002884,VEHICLE,V00826,L02224,2026-05-02 00:00:25,2026-05-02 19:54:25,VISIT,,SRC018,0.82,EV01235,2024-06-21 03:04:00
MOV002885,PERSON,P03260,L00706,2024-08-30 18:23:26,2024-08-30 23:06:26,ENTRY,V00832,SRC028,0.85,EV00686,2024-12-28 03:42:41
MOV002886,ORGANIZATION,O0449,L01211,2025-04-03 22:08:51,2025-04-04 19:53:51,VISIT,,SRC009,0.82,EV04669,2024-03-09 22:51:43
MOV002887,ORGANIZATION,O0164,L00207,2024-01-27 15:38:53,2024-01-28 00:14:53,TRANSIT,,SRC009,0.96,EV01357,2025-03-29 06:13:30
MOV002888,PERSON,P01623,L02165,2025-01-16 23:11:38,2025-01-17 11:20:38,VISIT,V00283,SRC026,0.75,EV01576,2025-12-08 16:40:08
MOV002889,PERSON,P02603,L00848,2024-12-04 23:01:00,2024-12-05 22:02:00,VISIT,V00660,SRC026,0.92,EV01180,2024-10-19 18:08:29
MOV002890,VEHICLE,V00877,L01638,2024-01-11 20:47:07,2024-01-12 17:05:07,EXIT,,SRC012,0.8,EV02226,2026-08-13 18:41:17
MOV002891,PERSON,P02028,L01857,2024-11-29 06:24:35,2024-11-29 10:39:35,TRANSIT,V00812,SRC004,0.96,EV02889,2024-07-05 07:34:04
MOV002892,PERSON,P03873,L01790,2024-04-12 23:32:16,2024-04-13 17:57:16,TRANSIT,,SRC026,0.91,EV04841,2024-03-01 08:17:47
MOV002893,ORGANIZATION,O0477,L00820,2025-11-15 05:33:09,2025-11-15 14:00:09,EXIT,V00339,SRC021,0.94,EV00656,2025-06-30 20:28:09
MOV002894,PERSON,P00938,L00029,2025-02-03 17:48:17,2025-02-04 12:23:17,EXIT,,SRC026,0.8,EV02674,2025-06-02 18:06:17
MOV002895,VEHICLE,V00668,L00090,2024-04-02 13:34:58,2024-04-03 04:13:58,ENTRY,,SRC010,0.88,EV04718,2025-03-02 19:41:53
MOV002896,ORGANIZATION,O0365,L02294,2025-05-26 01:15:26,2025-05-26 22:03:26,TRANSIT,,SRC021,0.76,EV03219,2025-03-13 05:33:31
MOV002897,VEHICLE,V00182,L00150,2026-06-08 15:07:10,2026-06-08 18:32:10,ENTRY,V00945,SRC011,0.81,EV04944,2024-04-07 13:24:08
MOV002898,VEHICLE,V00927,L02357,2025-09-05 22:57:07,2025-09-06 18:07:07,VISIT,,SRC020,0.86,EV04476,2024-12-09 09:38:39
MOV002899,PERSON,P02899,L00855,2025-06-10 15:47:31,2025-06-11 14:25:31,VISIT,V00405,SRC020,0.97,EV00773,2024-07-05 15:16:54
MOV002900,VEHICLE,V00946,L00689,2025-02-26 21:34:50,2025-02-27 06:49:50,ENTRY,V00702,SRC010,0.98,EV04527,2026-05-19 04:09:50
MOV002901,PERSON,P01487,L01785,2026-05-08 18:51:09,2026-05-09 15:27:09,VISIT,,SRC003,0.92,EV02792,2025-04-03 06:23:06
MOV002902,VEHICLE,V00119,L00323,2026-02-21 07:47:58,2026-02-21 17:44:58,EXIT,,SRC018,0.97,EV04161,2024-11-15 02:43:24
MOV002903,ORGANIZATION,O0446,L00787,2024-02-24 01:32:19,2024-02-24 22:17:19,TRANSIT,V00802,SRC015,0.8,EV02269,2025-07-18 06:22:18
MOV002904,ORGANIZATION,O0447,L00304,2025-10-04 09:12:50,2025-10-04 15:30:50,TRANSIT,,SRC027,0.79,EV03115,2024-09-19 18:24:40
MOV002905,ORGANIZATION,O0142,L01486,2025-08-04 05:17:11,2025-08-04 10:36:11,TRANSIT,V00723,SRC003,0.96,EV00151,2025-02-20 14:07:26
MOV002906,ORGANIZATION,O0343,L02353,2024-06-05 11:11:34,2024-06-05 21:09:34,TRANSIT,,SRC009,0.93,EV04996,2024-03-08 17:46:03
MOV002907,ORGANIZATION,O0183,L00164,2026-07-06 22:21:14,2026-07-06 22:51:14,EXIT,V01080,SRC004,0.79,EV03627,2024-02-28 00:35:12
MOV002908,VEHICLE,V01193,L02065,2025-12-26 13:23:51,2025-12-26 15:43:51,TRANSIT,,SRC019,0.97,EV03666,2026-08-29 15:37:32
MOV002909,VEHICLE,V00040,L02496,2026-03-10 10:32:25,2026-03-10 12:29:25,ENTRY,V00177,SRC029,0.8,EV01137,2025-09-05 08:44:37
MOV002910,ORGANIZATION,O0470,L01123,2026-05-03 21:15:37,2026-05-04 00:47:37,TRANSIT,V01159,SRC006,0.94,EV03498,2024-05-01 03:33:24
MOV002911,ORGANIZATION,O0435,L00955,2026-05-26 10:55:03,2026-05-27 07:43:03,VISIT,V00304,SRC017,0.78,EV04404,2025-04-01 13:39:54
MOV002912,ORGANIZATION,O0340,L00391,2024-08-14 01:48:45,2024-08-14 17:21:45,EXIT,V01088,SRC028,0.78,EV04336,2025-12-15 20:02:19
MOV002913,PERSON,P01247,L00248,2025-06-03 19:39:17,2025-06-04 09:55:17,EXIT,,SRC021,0.78,EV03994,2025-08-07 03:21:23
MOV002914,VEHICLE,V00112,L02357,2024-08-14 11:19:30,2024-08-15 06:04:30,TRANSIT,V00878,SRC014,0.92,EV02774,2025-10-28 17:19:15
MOV002915,ORGANIZATION,O0396,L01424,2026-06-18 04:51:56,2026-06-18 23:00:56,TRANSIT,V00447,SRC003,0.91,EV04809,2025-11-07 17:42:41
MOV002916,VEHICLE,V00956,L01157,2024-12-18 11:47:05,2024-12-18 23:42:05,ENTRY,,SRC009,0.97,EV04826,2025-10-15 09:10:25
MOV002917,VEHICLE,V01146,L02318,2026-05-12 02:41:05,2026-05-12 22:37:05,VISIT,,SRC011,0.8,EV03994,2024-10-10 05:23:48
MOV002918,ORGANIZATION,O0068,L01379,2026-06-20 13:22:30,2026-06-20 16:23:30,VISIT,V00434,SRC008,0.83,EV00423,2026-05-31 20:53:32
MOV002919,PERSON,P00429,L01402,2026-01-10 01:54:06,2026-01-10 22:26:06,ENTRY,V00879,SRC030,0.97,EV00107,2024-09-14 08:56:50
MOV002920,PERSON,P02630,L01764,2025-02-13 19:11:54,2025-02-14 01:17:54,VISIT,,SRC029,0.93,EV02872,2025-12-27 23:43:16
MOV002921,PERSON,P00890,L00906,2026-05-27 20:06:25,2026-05-28 03:37:25,TRANSIT,,SRC017,0.96,EV03973,2024-05-05 00:21:18
MOV002922,PERSON,P02582,L01616,2025-12-05 06:28:56,2025-12-05 23:37:56,VISIT,,SRC005,0.81,EV02558,2026-04-29 11:44:51
MOV002923,PERSON,P00001,L01011,2024-07-10 18:44:10,2024-07-10 20:10:10,VISIT,,SRC001,0.95,EV00977,2024-04-07 08:02:55
MOV002924,ORGANIZATION,O0462,L02256,2024-09-14 07:10:51,2024-09-14 16:21:51,VISIT,V00162,SRC004,0.89,EV01906,2024-02-10 08:45:05
MOV002925,ORGANIZATION,O0432,L00142,2024-06-17 13:17:59,2024-06-17 14:56:59,VISIT,V00148,SRC021,0.91,EV00320,2024-03-19 06:30:04
MOV002926,PERSON,P01308,L01182,2025-02-07 03:57:51,2025-02-07 20:18:51,TRANSIT,,SRC022,0.84,EV03021,2024-01-09 08:26:13
MOV002927,VEHICLE,V00859,L01667,2026-07-24 18:04:04,2026-07-24 22:06:04,TRANSIT,V00429,SRC030,0.82,EV02933,2026-07-04 03:52:04
MOV002928,ORGANIZATION,O0483,L01396,2026-05-27 03:19:24,2026-05-27 08:44:24,TRANSIT,,SRC021,0.89,EV03373,2025-09-14 13:14:51
MOV002929,VEHICLE,V00295,L00807,2026-01-04 10:37:34,2026-01-04 13:19:34,EXIT,V00529,SRC018,0.97,EV03941,2024-01-10 05:48:56
MOV002930,ORGANIZATION,O0437,L00451,2024-10-12 21:24:46,2024-10-13 15:01:46,TRANSIT,,SRC005,0.89,EV04791,2026-03-27 21:44:38
MOV002931,PERSON,P02699,L01104,2026-02-04 18:06:26,2026-02-05 17:16:26,EXIT,,SRC020,0.97,EV03991,2025-04-15 05:10:07
MOV002932,ORGANIZATION,O0208,L02440,2025-02-28 03:21:29,2025-02-28 20:08:29,ENTRY,,SRC024,0.98,EV04488,2025-08-11 14:42:15
MOV002933,ORGANIZATION,O0403,L00009,2025-03-17 01:53:44,2025-03-18 00:30:44,VISIT,V01119,SRC030,0.78,EV00162,2026-07-31 02:54:51
MOV002934,PERSON,P03537,L00984,2025-09-26 23:04:59,2025-09-27 13:50:59,VISIT,V00894,SRC005,0.9,EV04580,2026-01-03 18:06:28
MOV002935,PERSON,P03564,L02484,2025-08-19 06:07:50,2025-08-19 21:00:50,EXIT,,SRC013,0.96,EV01758,2024-01-29 16:56:45
MOV002936,ORGANIZATION,O0330,L02315,2025-12-28 05:22:17,2025-12-29 03:27:17,TRANSIT,,SRC016,0.81,EV01090,2025-05-23 18:36:32
MOV002937,PERSON,P00666,L00699,2024-08-17 05:22:39,2024-08-17 17:21:39,EXIT,,SRC012,0.97,EV00189,2025-02-03 11:58:15
MOV002938,VEHICLE,V00315,L01555,2024-06-03 04:06:07,2024-06-03 23:18:07,VISIT,V00746,SRC028,0.86,EV04318,2026-03-03 17:02:29
MOV002939,VEHICLE,V01193,L00887,2024-10-17 09:58:22,2024-10-18 08:08:22,TRANSIT,,SRC013,0.93,EV02851,2025-04-12 08:45:11
MOV002940,VEHICLE,V00402,L00255,2025-12-01 22:11:27,2025-12-02 21:44:27,VISIT,,SRC022,0.86,EV02305,2024-08-16 06:07:06
MOV002941,PERSON,P03059,L02320,2025-09-01 21:36:11,2025-09-02 17:22:11,EXIT,V00755,SRC026,0.81,EV00750,2024-06-26 14:46:24
MOV002942,ORGANIZATION,O0330,L02353,2025-09-26 09:42:42,2025-09-26 21:43:42,EXIT,,SRC001,0.77,EV02542,2024-01-15 10:48:14
MOV002943,VEHICLE,V00361,L00596,2026-07-25 18:25:56,2026-07-25 18:52:56,ENTRY,,SRC020,0.81,EV01640,2024-04-03 07:59:08
MOV002944,ORGANIZATION,O0119,L00310,2025-09-19 12:29:16,2025-09-19 23:02:16,EXIT,,SRC022,0.87,EV01457,2026-04-16 20:14:57
MOV002945,PERSON,P02554,L01726,2025-04-17 10:10:26,2025-04-18 04:01:26,VISIT,V00485,SRC020,0.89,EV03611,2025-05-21 10:38:42
MOV002946,ORGANIZATION,O0270,L01274,2026-06-08 23:15:10,2026-06-09 10:25:10,EXIT,,SRC010,0.95,EV01989,2025-07-06 16:53:14
MOV002947,ORGANIZATION,O0138,L00645,2024-08-24 23:40:50,2024-08-25 02:50:50,VISIT,V00468,SRC002,0.81,EV03424,2026-06-20 14:58:04
MOV002948,VEHICLE,V00994,L00162,2026-08-25 05:54:26,2026-08-25 16:16:26,EXIT,,SRC003,0.78,EV03490,2026-04-30 01:38:38
MOV002949,VEHICLE,V00236,L00062,2025-02-14 09:32:53,2025-02-14 17:40:53,ENTRY,,SRC008,0.81,EV04467,2025-08-03 04:23:09
MOV002950,ORGANIZATION,O0138,L02040,2025-11-04 14:14:31,2025-11-04 22:05:31,VISIT,,SRC009,0.84,EV02133,2026-08-07 00:49:11
MOV002951,VEHICLE,V00375,L00656,2025-06-13 19:55:05,2025-06-14 06:42:05,TRANSIT,V00751,SRC022,0.93,EV00949,2024-12-13 19:17:18
MOV002952,ORGANIZATION,O0398,L01677,2024-01-06 12:37:52,2024-01-07 01:11:52,EXIT,,SRC003,0.84,EV04523,2025-12-09 04:27:55
MOV002953,PERSON,P03723,L00375,2025-01-19 15:53:05,2025-01-19 18:45:05,EXIT,,SRC030,0.9,EV01346,2024-01-22 14:44:30
MOV002954,PERSON,P02333,L00423,2025-07-13 00:35:32,2025-07-14 00:11:32,TRANSIT,,SRC004,0.79,EV00286,2024-10-24 03:18:02
MOV002955,PERSON,P01620,L00509,2024-09-16 20:41:06,2024-09-17 08:47:06,ENTRY,V00663,SRC016,0.9,EV02184,2026-08-09 02:24:20
MOV002956,PERSON,P01903,L02050,2024-08-07 13:47:05,2024-08-07 21:38:05,EXIT,,SRC017,0.82,EV02034,2024-10-04 21:43:20
MOV002957,ORGANIZATION,O0138,L00345,2024-04-02 03:20:24,2024-04-02 12:41:24,VISIT,,SRC017,0.96,EV03884,2025-07-28 18:39:25
MOV002958,ORGANIZATION,O0224,L00410,2025-07-19 10:10:41,2025-07-19 15:45:41,EXIT,,SRC003,0.75,EV03534,2026-02-17 16:41:01
MOV002959,VEHICLE,V00402,L01921,2024-12-26 15:26:32,2024-12-27 06:29:32,EXIT,V01114,SRC004,0.94,EV04879,2024-02-03 00:18:34
MOV002960,ORGANIZATION,O0239,L01178,2024-06-20 10:59:27,2024-06-20 22:13:27,ENTRY,,SRC014,0.97,EV04821,2025-12-25 02:17:07
MOV002961,ORGANIZATION,O0378,L01124,2024-04-07 10:53:54,2024-04-07 12:27:54,TRANSIT,V01059,SRC017,0.75,EV00294,2024-01-19 17:32:38
MOV002962,ORGANIZATION,O0155,L01174,2026-04-20 19:05:38,2026-04-21 09:57:38,TRANSIT,,SRC011,0.87,EV03269,2024-05-31 13:29:11
MOV002963,VEHICLE,V00229,L00619,2024-04-22 01:02:30,2024-04-22 18:29:30,TRANSIT,,SRC018,0.92,EV03093,2026-01-26 04:56:47
MOV002964,ORGANIZATION,O0201,L02300,2025-02-01 08:18:05,2025-02-01 20:33:05,ENTRY,,SRC005,0.87,EV03220,2024-07-12 19:56:14
MOV002965,ORGANIZATION,O0197,L00327,2025-12-13 08:00:51,2025-12-14 03:24:51,TRANSIT,,SRC022,0.8,EV00668,2026-06-02 07:28:15
MOV002966,PERSON,P00808,L00204,2026-05-19 21:10:22,2026-05-20 21:00:22,EXIT,,SRC019,0.92,EV01604,2024-05-06 11:33:38
MOV002967,ORGANIZATION,O0445,L02169,2024-10-04 02:31:37,2024-10-04 08:09:37,ENTRY,,SRC013,0.84,EV04377,2025-10-15 00:00:01
MOV002968,PERSON,P01075,L01184,2025-06-22 20:48:29,2025-06-23 09:41:29,TRANSIT,,SRC018,0.92,EV01510,2025-01-26 08:16:36
MOV002969,VEHICLE,V00552,L00456,2026-01-28 10:15:24,2026-01-29 08:01:24,EXIT,,SRC020,0.8,EV04956,2025-03-30 16:30:31
MOV002970,PERSON,P03217,L00177,2024-12-20 23:48:12,2024-12-21 02:41:12,TRANSIT,V00642,SRC022,0.88,EV03028,2025-01-12 13:56:29
MOV002971,ORGANIZATION,O0402,L02011,2024-06-29 01:06:35,2024-06-29 23:18:35,EXIT,V00279,SRC001,0.97,EV04752,2026-08-03 19:49:54
MOV002972,VEHICLE,V00175,L01823,2026-07-21 09:05:55,2026-07-21 17:57:55,ENTRY,,SRC026,0.93,EV00345,2025-10-03 09:10:38
MOV002973,ORGANIZATION,O0492,L01598,2025-12-02 22:51:47,2025-12-03 15:20:47,TRANSIT,,SRC004,0.86,EV03961,2024-07-05 11:38:44
MOV002974,ORGANIZATION,O0422,L02102,2024-02-08 20:17:05,2024-02-09 19:09:05,EXIT,V00868,SRC021,0.91,EV00466,2024-03-04 03:26:02
MOV002975,ORGANIZATION,O0258,L02402,2024-04-17 19:11:01,2024-04-17 22:44:01,TRANSIT,,SRC006,0.78,EV00164,2025-06-22 05:56:38
MOV002976,VEHICLE,V01072,L01566,2025-01-07 17:48:29,2025-01-07 20:06:29,TRANSIT,,SRC017,0.87,EV00426,2024-01-16 20:04:33
MOV002977,PERSON,P00418,L01640,2025-05-04 15:14:43,2025-05-05 06:12:43,TRANSIT,,SRC008,0.76,EV04684,2026-01-21 17:28:40
MOV002978,PERSON,P00249,L01442,2024-10-11 04:42:09,2024-10-11 16:59:09,TRANSIT,,SRC018,0.8,EV01580,2025-08-17 23:35:59
MOV002979,PERSON,P02572,L00958,2025-11-22 13:06:44,2025-11-22 18:12:44,ENTRY,,SRC014,0.85,EV00568,2025-07-04 16:36:59
MOV002980,PERSON,P03732,L02091,2025-06-05 11:36:35,2025-06-05 18:00:35,ENTRY,,SRC009,0.86,EV03239,2024-12-02 20:20:05
MOV002981,VEHICLE,V00238,L00489,2024-07-06 00:59:30,2024-07-06 20:09:30,TRANSIT,,SRC001,0.96,EV03449,2025-05-05 15:21:56
MOV002982,VEHICLE,V00316,L01534,2024-10-16 04:50:18,2024-10-16 21:25:18,ENTRY,V00561,SRC026,0.85,EV02389,2025-09-19 04:43:34
MOV002983,ORGANIZATION,O0103,L01378,2025-05-29 00:44:11,2025-05-29 04:41:11,TRANSIT,,SRC012,0.97,EV02634,2026-06-20 12:35:48
MOV002984,PERSON,P01393,L00645,2026-05-23 10:42:19,2026-05-24 04:29:19,ENTRY,V00142,SRC014,0.86,EV02516,2026-01-30 03:18:40
MOV002985,PERSON,P01125,L00043,2025-06-09 16:20:56,2025-06-10 04:27:56,ENTRY,V00849,SRC029,0.93,EV00338,2024-08-01 16:38:16
MOV002986,VEHICLE,V00041,L00339,2024-01-19 09:14:17,2024-01-20 01:39:17,ENTRY,V00262,SRC030,0.9,EV02873,2025-05-13 15:49:16
MOV002987,PERSON,P02337,L00498,2024-04-05 15:19:09,2024-04-06 08:17:09,VISIT,,SRC005,0.85,EV03911,2026-07-08 00:06:01
MOV002988,ORGANIZATION,O0327,L01191,2026-08-03 22:24:03,2026-08-04 09:21:03,VISIT,V00071,SRC022,0.93,EV02980,2025-11-23 16:56:33
MOV002989,VEHICLE,V01008,L01836,2025-08-26 04:00:47,2025-08-26 07:16:47,EXIT,,SRC018,0.83,EV04473,2024-08-04 02:32:43
MOV002990,ORGANIZATION,O0200,L01520,2026-03-27 12:53:44,2026-03-27 15:12:44,EXIT,V00559,SRC007,0.81,EV01137,2026-05-19 04:02:42
MOV002991,PERSON,P01501,L02071,2024-10-09 03:09:41,2024-10-09 21:57:41,VISIT,V00427,SRC003,0.82,EV04103,2024-02-18 20:27:30
MOV002992,ORGANIZATION,O0293,L00032,2026-05-21 00:28:08,2026-05-21 18:37:08,VISIT,V01166,SRC022,0.78,EV01010,2024-08-29 04:07:52
MOV002993,VEHICLE,V00299,L02428,2024-11-11 09:38:36,2024-11-12 00:11:36,TRANSIT,,SRC024,0.91,EV03704,2025-08-27 18:55:42
MOV002994,ORGANIZATION,O0255,L01696,2025-10-25 21:23:43,2025-10-26 08:09:43,VISIT,V00736,SRC029,0.83,EV00873,2024-11-04 20:26:43
MOV002995,ORGANIZATION,O0095,L01009,2024-07-30 06:25:52,2024-07-30 17:49:52,ENTRY,V01076,SRC012,0.89,EV01990,2024-12-14 03:02:52
MOV002996,VEHICLE,V00915,L02388,2024-05-25 04:33:52,2024-05-25 23:13:52,ENTRY,,SRC003,0.87,EV02635,2025-12-13 20:24:02
MOV002997,PERSON,P01500,L00986,2024-05-18 21:42:05,2024-05-19 16:00:05,ENTRY,V00756,SRC011,0.82,EV00319,2025-11-03 14:16:54
MOV002998,PERSON,P00279,L00904,2026-05-09 19:07:23,2026-05-10 07:57:23,ENTRY,,SRC019,0.95,EV04914,2024-02-26 00:51:31
MOV002999,ORGANIZATION,O0131,L01527,2026-02-26 20:46:33,2026-02-27 00:40:33,VISIT,,SRC027,0.83,EV03870,2026-06-07 22:24:17
MOV003000,VEHICLE,V00987,L01825,2026-01-16 18:34:40,2026-01-17 07:33:40,TRANSIT,,SRC019,0.8,EV00883,2025-01-15 17:04:45
MOV003001,VEHICLE,V00630,L02137,2026-03-18 01:28:55,2026-03-18 22:59:55,VISIT,V00072,SRC009,0.85,EV02232,2024-10-09 05:54:07
MOV003002,VEHICLE,V00391,L00594,2024-12-29 06:52:31,2024-12-29 07:54:31,TRANSIT,V00259,SRC029,0.82,EV01628,2025-03-17 23:54:17
MOV003003,ORGANIZATION,O0262,L00778,2025-10-31 08:44:22,2025-10-31 13:08:22,TRANSIT,V00760,SRC001,0.85,EV00632,2024-10-06 20:24:02
MOV003004,VEHICLE,V00512,L00898,2025-11-16 08:51:56,2025-11-16 13:30:56,EXIT,,SRC021,0.89,EV01735,2025-05-19 15:05:37
MOV003005,VEHICLE,V01099,L01075,2024-09-01 16:53:10,2024-09-02 07:37:10,TRANSIT,,SRC009,0.92,EV02960,2025-12-29 14:53:05
MOV003006,VEHICLE,V00834,L02130,2024-07-22 10:11:21,2024-07-22 14:57:21,TRANSIT,,SRC020,0.94,EV03903,2026-06-20 10:19:29
MOV003007,VEHICLE,V00069,L00815,2024-08-02 20:47:45,2024-08-03 03:22:45,ENTRY,,SRC020,0.92,EV03536,2026-06-15 06:53:59
MOV003008,VEHICLE,V01059,L00208,2026-03-27 21:21:16,2026-03-28 02:13:16,EXIT,,SRC003,0.81,EV01550,2026-04-14 03:34:36
MOV003009,VEHICLE,V00078,L00901,2025-06-14 23:17:33,2025-06-15 04:51:33,EXIT,,SRC002,0.97,EV04951,2024-09-02 14:34:32
MOV003010,PERSON,P02936,L02032,2024-10-02 16:08:57,2024-10-03 11:17:57,ENTRY,,SRC029,0.85,EV01134,2024-09-03 12:02:33
MOV003011,PERSON,P03403,L02077,2024-01-29 03:37:43,2024-01-29 16:20:43,TRANSIT,V00580,SRC024,0.77,EV00233,2025-04-11 17:37:32
MOV003012,PERSON,P02124,L01494,2024-08-12 06:22:09,2024-08-13 01:39:09,EXIT,,SRC009,0.83,EV00498,2026-08-27 12:55:53
MOV003013,ORGANIZATION,O0330,L01217,2024-12-17 19:15:28,2024-12-18 16:57:28,EXIT,,SRC020,0.77,EV03755,2026-08-03 04:49:39
MOV003014,VEHICLE,V00318,L01071,2024-05-04 14:09:40,2024-05-04 17:13:40,EXIT,,SRC025,0.82,EV03709,2025-01-23 04:00:38
MOV003015,VEHICLE,V00328,L00471,2026-01-21 16:21:06,2026-01-22 02:03:06,VISIT,,SRC007,0.9,EV03130,2025-08-25 16:46:56
MOV003016,PERSON,P02853,L02036,2026-03-29 22:33:50,2026-03-30 10:15:50,TRANSIT,,SRC004,0.79,EV02375,2025-04-07 19:19:03
MOV003017,ORGANIZATION,O0389,L00378,2024-01-22 20:41:18,2024-01-23 19:58:18,TRANSIT,,SRC002,0.77,EV00446,2025-04-16 10:08:21
MOV003018,ORGANIZATION,O0188,L00432,2024-03-28 06:09:13,2024-03-28 18:57:13,ENTRY,,SRC009,0.91,EV00864,2025-12-13 02:13:31
MOV003019,PERSON,P03949,L00642,2025-06-23 09:30:18,2025-06-24 04:50:18,VISIT,V00291,SRC018,0.86,EV04616,2026-07-30 16:46:48
MOV003020,PERSON,P02329,L02068,2026-03-16 17:46:24,2026-03-16 20:08:24,VISIT,,SRC018,0.87,EV02538,2024-05-01 02:16:48
MOV003021,ORGANIZATION,O0206,L01357,2025-05-20 07:22:11,2025-05-20 22:17:11,VISIT,V00769,SRC016,0.89,EV02315,2026-04-17 08:59:36
MOV003022,PERSON,P01629,L02117,2025-12-12 13:42:01,2025-12-13 03:17:01,TRANSIT,,SRC017,0.76,EV02128,2026-05-03 23:24:59
MOV003023,ORGANIZATION,O0199,L01807,2025-09-11 23:15:00,2025-09-12 18:51:00,VISIT,V00286,SRC008,0.96,EV03371,2024-07-20 00:00:10
MOV003024,VEHICLE,V00107,L02177,2024-08-06 01:32:12,2024-08-07 01:13:12,VISIT,V01162,SRC010,0.96,EV03687,2024-08-14 21:42:08
MOV003025,ORGANIZATION,O0065,L01576,2026-01-30 08:39:57,2026-01-31 05:44:57,VISIT,,SRC014,0.77,EV02386,2024-10-15 08:55:55
MOV003026,VEHICLE,V00964,L01535,2025-05-31 05:01:14,2025-05-31 09:11:14,VISIT,,SRC006,0.85,EV02478,2025-06-10 08:47:24
MOV003027,VEHICLE,V00935,L00660,2024-12-23 21:19:25,2024-12-24 19:41:25,VISIT,,SRC019,0.96,EV04928,2025-04-08 04:05:12
MOV003028,ORGANIZATION,O0194,L02133,2024-12-09 01:28:00,2024-12-09 10:43:00,VISIT,,SRC012,0.97,EV01521,2024-04-05 09:49:10
MOV003029,ORGANIZATION,O0294,L00054,2025-09-18 04:33:25,2025-09-18 06:07:25,ENTRY,,SRC030,0.95,EV01088,2024-08-27 23:58:14
MOV003030,VEHICLE,V00721,L02239,2025-07-08 03:08:56,2025-07-08 11:57:56,ENTRY,,SRC009,0.81,EV04931,2026-05-10 00:37:28
MOV003031,PERSON,P02017,L00403,2025-12-26 03:51:05,2025-12-26 22:54:05,TRANSIT,,SRC013,0.94,EV04344,2025-01-03 15:20:14
MOV003032,VEHICLE,V00866,L00905,2026-01-11 15:45:29,2026-01-11 16:01:29,TRANSIT,V00677,SRC027,0.77,EV01695,2024-07-17 09:20:54
MOV003033,VEHICLE,V00923,L02022,2026-03-06 04:07:40,2026-03-07 02:20:40,TRANSIT,,SRC029,0.81,EV04074,2026-03-31 04:57:05
MOV003034,VEHICLE,V00913,L02189,2025-03-30 13:48:59,2025-03-30 18:04:59,EXIT,V00112,SRC026,0.96,EV04935,2026-01-05 17:59:43
MOV003035,VEHICLE,V00281,L01777,2024-08-19 06:35:21,2024-08-19 15:52:21,TRANSIT,V01192,SRC006,0.81,EV02327,2026-04-04 10:04:18
MOV003036,ORGANIZATION,O0344,L00653,2026-01-04 07:30:07,2026-01-04 13:39:07,VISIT,V00275,SRC001,0.89,EV00465,2025-04-12 12:51:24
MOV003037,VEHICLE,V00194,L00118,2026-03-01 21:34:54,2026-03-01 23:50:54,EXIT,,SRC014,0.93,EV04217,2025-06-21 00:57:14
MOV003038,VEHICLE,V00147,L00471,2026-08-08 14:16:52,2026-08-08 16:18:52,TRANSIT,V00508,SRC007,0.75,EV01668,2026-03-29 17:57:13
MOV003039,PERSON,P03147,L01259,2026-04-29 15:45:50,2026-04-30 14:07:50,TRANSIT,V01034,SRC022,0.75,EV03209,2025-02-26 18:08:17
MOV003040,VEHICLE,V00307,L00250,2025-05-12 17:28:20,2025-05-12 20:38:20,TRANSIT,,SRC009,0.75,EV04988,2024-11-20 02:11:21
MOV003041,VEHICLE,V01137,L01096,2026-01-12 11:06:04,2026-01-13 07:40:04,VISIT,,SRC029,0.95,EV03322,2025-01-19 07:04:02
MOV003042,VEHICLE,V00099,L00461,2024-07-31 08:44:00,2024-08-01 03:41:00,TRANSIT,,SRC020,0.86,EV00746,2026-06-10 18:25:24
MOV003043,ORGANIZATION,O0013,L01465,2025-07-16 08:51:57,2025-07-16 10:40:57,VISIT,,SRC024,0.78,EV04779,2024-06-05 00:20:45
MOV003044,ORGANIZATION,O0026,L00027,2025-01-16 13:41:39,2025-01-16 17:50:39,EXIT,V00728,SRC024,0.86,EV00534,2025-11-09 09:15:37
MOV003045,ORGANIZATION,O0049,L00961,2026-01-21 16:07:09,2026-01-22 02:50:09,ENTRY,,SRC002,0.93,EV02169,2025-10-24 16:42:09
MOV003046,PERSON,P01223,L01814,2026-02-09 02:11:52,2026-02-09 17:27:52,ENTRY,,SRC023,0.83,EV01931,2024-02-08 11:34:02
MOV003047,PERSON,P02982,L01769,2026-07-13 15:17:21,2026-07-14 06:34:21,EXIT,V00105,SRC024,0.87,EV02133,2024-03-27 00:40:53
MOV003048,VEHICLE,V00032,L00347,2026-04-25 22:21:17,2026-04-26 18:24:17,ENTRY,,SRC013,0.96,EV04481,2026-03-10 15:52:19
MOV003049,PERSON,P03168,L01224,2026-08-04 03:34:08,2026-08-04 23:36:08,EXIT,,SRC016,0.98,EV00998,2025-08-31 14:14:17
MOV003050,PERSON,P03493,L00178,2025-10-24 14:05:27,2025-10-25 06:46:27,ENTRY,,SRC030,0.8,EV04315,2025-08-22 00:58:31
MOV003051,VEHICLE,V01195,L02428,2025-07-28 00:31:43,2025-07-28 08:51:43,TRANSIT,,SRC014,0.76,EV03833,2025-12-08 12:40:07
MOV003052,PERSON,P01396,L02120,2025-06-03 11:14:59,2025-06-03 13:38:59,VISIT,V01180,SRC007,0.79,EV02580,2024-09-11 04:37:43
MOV003053,PERSON,P02632,L01482,2026-06-01 01:01:23,2026-06-01 18:04:23,TRANSIT,V00475,SRC027,0.95,EV00565,2025-06-26 23:38:37
MOV003054,VEHICLE,V00930,L02184,2025-11-24 22:58:24,2025-11-25 01:56:24,TRANSIT,V00926,SRC015,0.87,EV03136,2026-04-10 18:38:34
MOV003055,ORGANIZATION,O0054,L01579,2024-10-15 04:48:45,2024-10-15 17:19:45,EXIT,V00327,SRC001,0.77,EV02569,2025-09-21 03:19:37
MOV003056,VEHICLE,V00947,L00768,2026-08-05 12:27:29,2026-08-06 01:25:29,VISIT,,SRC013,0.9,EV04465,2026-01-05 04:58:12
MOV003057,PERSON,P00548,L00937,2026-07-23 19:10:42,2026-07-23 22:38:42,ENTRY,,SRC004,0.92,EV00405,2024-08-07 21:35:02
MOV003058,VEHICLE,V00937,L01364,2025-12-28 22:56:12,2025-12-29 11:46:12,ENTRY,,SRC024,0.86,EV02974,2024-08-01 22:44:16
MOV003059,VEHICLE,V01187,L00130,2024-09-09 23:02:05,2024-09-10 18:54:05,VISIT,,SRC012,0.9,EV00831,2024-04-08 07:20:22
MOV003060,ORGANIZATION,O0033,L00888,2024-01-15 06:12:10,2024-01-15 20:18:10,TRANSIT,,SRC014,0.78,EV00115,2026-05-23 09:02:20
MOV003061,PERSON,P00217,L00901,2024-09-23 03:42:59,2024-09-24 02:52:59,ENTRY,,SRC013,0.83,EV03325,2025-12-31 09:47:06
MOV003062,PERSON,P00424,L00704,2026-06-14 11:25:10,2026-06-15 09:05:10,TRANSIT,,SRC001,0.86,EV04271,2024-07-22 07:55:50
MOV003063,PERSON,P02694,L00752,2025-11-03 21:13:48,2025-11-04 08:30:48,TRANSIT,,SRC029,0.8,EV00254,2025-11-15 18:06:22
MOV003064,PERSON,P00252,L01014,2026-06-11 20:53:19,2026-06-12 07:24:19,VISIT,,SRC001,0.84,EV04394,2024-07-24 23:00:33
MOV003065,ORGANIZATION,O0188,L01852,2026-04-23 13:25:39,2026-04-24 09:29:39,VISIT,,SRC020,0.87,EV00354,2025-10-11 12:05:31
MOV003066,VEHICLE,V00762,L02324,2025-10-05 14:05:04,2025-10-05 16:23:04,TRANSIT,,SRC009,0.76,EV01023,2024-04-12 21:33:01
MOV003067,PERSON,P02261,L01437,2025-05-03 19:05:25,2025-05-04 02:03:25,VISIT,,SRC001,0.93,EV04270,2025-05-20 10:03:55
MOV003068,VEHICLE,V00286,L00882,2024-11-26 20:15:05,2024-11-27 11:29:05,ENTRY,V00702,SRC006,0.93,EV00243,2024-02-21 10:15:18
MOV003069,ORGANIZATION,O0396,L00747,2024-12-25 21:21:09,2024-12-26 20:07:09,VISIT,V00066,SRC020,0.87,EV03742,2024-07-28 00:29:53
MOV003070,ORGANIZATION,O0331,L00355,2025-05-12 03:06:00,2025-05-12 15:57:00,ENTRY,,SRC001,0.83,EV04977,2024-01-22 20:36:23
MOV003071,PERSON,P01388,L00966,2024-06-19 03:33:19,2024-06-19 21:33:19,TRANSIT,,SRC012,0.96,EV03439,2026-03-05 19:49:04
MOV003072,PERSON,P03344,L01400,2025-03-25 14:02:54,2025-03-26 09:45:54,ENTRY,V00813,SRC025,0.86,EV02643,2026-03-28 11:39:59
MOV003073,VEHICLE,V00413,L01871,2026-06-17 22:54:02,2026-06-18 02:52:02,ENTRY,,SRC012,0.98,EV04582,2025-08-13 19:57:09
MOV003074,ORGANIZATION,O0223,L00327,2024-04-19 23:50:44,2024-04-20 12:14:44,VISIT,,SRC028,0.82,EV00042,2025-04-29 23:53:32
MOV003075,PERSON,P02758,L02163,2026-01-21 11:22:06,2026-01-21 14:23:06,EXIT,,SRC021,0.89,EV00242,2026-07-27 08:13:30
MOV003076,PERSON,P02133,L01226,2025-07-01 00:37:42,2025-07-02 00:19:42,TRANSIT,,SRC011,0.86,EV03828,2026-05-01 00:42:21
MOV003077,PERSON,P03860,L01976,2024-09-03 22:56:31,2024-09-04 13:33:31,TRANSIT,,SRC008,0.8,EV00327,2025-02-11 14:39:16
MOV003078,PERSON,P03816,L00846,2025-11-13 06:11:23,2025-11-13 14:23:23,ENTRY,,SRC012,0.85,EV02496,2024-04-27 18:35:57
MOV003079,ORGANIZATION,O0124,L00486,2026-02-28 18:48:20,2026-03-01 13:18:20,EXIT,,SRC001,0.78,EV04658,2025-04-18 06:53:15
MOV003080,VEHICLE,V00410,L00471,2025-09-03 23:38:23,2025-09-04 09:29:23,ENTRY,,SRC001,0.75,EV03067,2026-08-07 01:18:55
MOV003081,VEHICLE,V00239,L02306,2025-08-14 03:18:18,2025-08-14 12:39:18,ENTRY,,SRC007,0.87,EV02746,2026-01-17 02:16:14
MOV003082,VEHICLE,V00663,L00963,2025-05-28 15:41:39,2025-05-28 16:59:39,VISIT,V00320,SRC005,0.79,EV03005,2024-01-14 17:06:55
MOV003083,ORGANIZATION,O0497,L00351,2025-06-06 09:43:14,2025-06-06 17:25:14,EXIT,,SRC019,0.9,EV01032,2026-03-11 00:12:08
MOV003084,PERSON,P00788,L00031,2025-02-03 06:40:42,2025-02-03 22:42:42,ENTRY,,SRC024,0.9,EV04139,2025-02-20 21:09:32
MOV003085,PERSON,P00725,L00634,2025-12-11 02:33:08,2025-12-12 01:35:08,VISIT,,SRC008,0.79,EV02774,2025-09-28 03:54:00
MOV003086,PERSON,P01108,L00932,2025-05-17 16:13:52,2025-05-18 11:52:52,VISIT,,SRC003,0.82,EV03027,2026-03-28 19:09:21
MOV003087,VEHICLE,V00758,L00254,2025-04-29 22:42:54,2025-04-30 15:22:54,TRANSIT,,SRC027,0.85,EV00929,2024-06-09 00:28:33
MOV003088,PERSON,P00228,L01136,2025-07-21 15:38:28,2025-07-21 21:41:28,VISIT,V00840,SRC024,0.86,EV00906,2025-08-10 00:48:05
MOV003089,PERSON,P00005,L01707,2026-07-18 07:26:11,2026-07-18 18:41:11,EXIT,,SRC001,0.84,EV04070,2026-06-24 15:30:50
MOV003090,PERSON,P01741,L01245,2024-03-23 01:42:46,2024-03-23 15:43:46,VISIT,,SRC004,0.85,EV04163,2026-03-31 04:35:51
MOV003091,PERSON,P02498,L01469,2024-01-28 09:00:42,2024-01-28 19:56:42,TRANSIT,V00395,SRC016,0.89,EV03215,2024-01-15 01:05:41
MOV003092,ORGANIZATION,O0494,L00355,2026-05-17 11:10:49,2026-05-18 00:54:49,EXIT,,SRC018,0.9,EV00840,2026-03-09 14:53:52
MOV003093,VEHICLE,V00159,L00944,2026-08-19 07:51:53,2026-08-20 03:09:53,TRANSIT,V00574,SRC024,0.95,EV00146,2025-03-07 15:04:13
MOV003094,ORGANIZATION,O0163,L01528,2025-10-14 07:13:27,2025-10-14 17:53:27,TRANSIT,,SRC024,0.81,EV01533,2025-12-21 20:49:38
MOV003095,VEHICLE,V00246,L01938,2025-10-17 02:04:21,2025-10-17 09:47:21,TRANSIT,,SRC009,0.78,EV02369,2026-04-12 03:18:21
MOV003096,PERSON,P01548,L02111,2025-03-16 02:04:56,2025-03-16 23:20:56,ENTRY,V01063,SRC007,0.97,EV04143,2024-12-15 22:14:21
MOV003097,VEHICLE,V00488,L02264,2026-07-06 04:13:44,2026-07-06 08:36:44,TRANSIT,,SRC014,0.77,EV01615,2026-06-16 05:02:45
MOV003098,PERSON,P03204,L01866,2026-04-24 01:01:36,2026-04-24 16:10:36,ENTRY,,SRC018,0.95,EV02270,2026-07-06 17:17:50
MOV003099,VEHICLE,V00867,L02008,2024-05-18 07:34:37,2024-05-19 04:39:37,VISIT,V00414,SRC015,0.95,EV00286,2025-03-06 04:34:56
MOV003100,VEHICLE,V00634,L01073,2025-01-06 06:40:43,2025-01-06 09:41:43,EXIT,V00376,SRC028,0.92,EV03917,2024-04-06 09:51:09
MOV003101,PERSON,P03843,L01480,2025-02-14 12:49:14,2025-02-15 10:52:14,ENTRY,V00787,SRC019,0.95,EV03978,2026-04-08 05:52:36
MOV003102,VEHICLE,V00189,L02037,2025-02-14 19:06:19,2025-02-15 01:11:19,VISIT,V00121,SRC012,0.87,EV01179,2026-03-02 18:07:17
MOV003103,ORGANIZATION,O0276,L00041,2024-08-25 01:58:38,2024-08-25 02:50:38,ENTRY,,SRC019,0.82,EV01507,2026-01-18 10:56:08
MOV003104,ORGANIZATION,O0422,L01192,2026-03-29 21:28:46,2026-03-30 06:44:46,ENTRY,,SRC005,0.9,EV03974,2024-10-09 00:36:14
MOV003105,VEHICLE,V01005,L00704,2024-02-22 16:45:17,2024-02-22 21:14:17,VISIT,,SRC001,0.83,EV00817,2026-08-10 04:40:10
MOV003106,PERSON,P02608,L01610,2024-08-05 08:58:24,2024-08-05 10:33:24,VISIT,,SRC022,0.94,EV01330,2025-01-04 22:01:14
MOV003107,VEHICLE,V00949,L00797,2025-03-16 05:57:15,2025-03-16 07:12:15,TRANSIT,V01098,SRC018,0.88,EV03989,2024-09-19 17:13:54
MOV003108,VEHICLE,V00395,L00068,2025-04-25 22:11:19,2025-04-26 19:11:19,VISIT,V00305,SRC021,0.98,EV02758,2024-12-20 11:42:57
MOV003109,VEHICLE,V00389,L02380,2024-11-07 21:07:20,2024-11-08 01:22:20,TRANSIT,,SRC001,0.94,EV00524,2024-02-18 00:46:17
MOV003110,PERSON,P00277,L01501,2025-01-03 14:13:02,2025-01-03 18:20:02,EXIT,,SRC006,0.77,EV00109,2024-03-12 11:05:03
MOV003111,PERSON,P01871,L00875,2026-04-11 14:26:59,2026-04-12 03:26:59,TRANSIT,,SRC017,0.79,EV02804,2025-11-12 23:44:52
MOV003112,VEHICLE,V00070,L00459,2025-04-26 19:36:55,2025-04-27 17:21:55,EXIT,V00674,SRC018,0.84,EV04382,2026-03-21 18:21:59
MOV003113,ORGANIZATION,O0385,L00835,2025-05-25 06:27:14,2025-05-26 02:16:14,ENTRY,,SRC005,0.89,EV03016,2024-07-05 00:54:42
MOV003114,VEHICLE,V00344,L01274,2024-11-05 22:46:26,2024-11-06 01:09:26,ENTRY,,SRC020,0.92,EV01845,2024-03-18 00:09:29
MOV003115,ORGANIZATION,O0205,L02028,2024-12-10 09:00:26,2024-12-10 21:58:26,TRANSIT,,SRC020,0.92,EV01976,2026-08-15 17:36:31
MOV003116,PERSON,P02394,L02161,2025-05-04 11:11:04,2025-05-05 08:49:04,ENTRY,,SRC023,0.96,EV00852,2026-03-22 03:07:04
MOV003117,VEHICLE,V00150,L01959,2024-12-25 10:19:28,2024-12-26 07:03:28,EXIT,,SRC016,0.91,EV00657,2025-07-21 03:18:16
MOV003118,PERSON,P02485,L00873,2024-08-29 18:23:03,2024-08-30 13:45:03,TRANSIT,V00025,SRC029,0.85,EV02592,2026-07-29 22:29:26
MOV003119,VEHICLE,V00184,L00881,2025-08-21 16:31:04,2025-08-21 23:02:04,ENTRY,,SRC009,0.79,EV01589,2025-09-18 08:16:24
MOV003120,ORGANIZATION,O0004,L00879,2026-01-02 19:14:48,2026-01-02 22:51:48,EXIT,,SRC003,0.85,EV04852,2026-02-20 10:40:04
MOV003121,VEHICLE,V00729,L00685,2025-04-01 11:45:42,2025-04-01 14:25:42,ENTRY,V00276,SRC021,0.82,EV00140,2025-07-27 09:16:24
MOV003122,VEHICLE,V00117,L02259,2024-06-01 21:29:37,2024-06-02 05:03:37,VISIT,V01064,SRC029,0.86,EV04439,2024-08-18 23:50:32
MOV003123,PERSON,P00600,L02143,2024-07-25 19:42:02,2024-07-25 21:28:02,VISIT,,SRC025,0.81,EV00256,2026-05-06 10:03:13
MOV003124,VEHICLE,V00825,L00353,2025-07-18 09:15:37,2025-07-18 22:25:37,TRANSIT,,SRC026,0.87,EV02208,2025-10-07 15:44:20
MOV003125,PERSON,P00470,L02161,2026-03-13 06:09:37,2026-03-14 00:40:37,EXIT,V00403,SRC030,0.88,EV04461,2025-10-20 11:27:46
MOV003126,ORGANIZATION,O0246,L00432,2025-11-08 10:19:56,2025-11-08 15:00:56,TRANSIT,V00797,SRC003,0.97,EV02692,2025-05-04 09:04:48
MOV003127,ORGANIZATION,O0085,L01839,2026-02-01 14:58:20,2026-02-01 21:32:20,VISIT,V00670,SRC022,0.78,EV02153,2025-12-12 14:49:02
MOV003128,VEHICLE,V00184,L02063,2026-02-14 04:24:50,2026-02-14 10:04:50,TRANSIT,,SRC014,0.88,EV02673,2025-06-09 21:16:24
MOV003129,ORGANIZATION,O0384,L00780,2024-11-23 12:24:44,2024-11-24 02:37:44,TRANSIT,,SRC020,0.89,EV02682,2025-08-01 01:52:49
MOV003130,ORGANIZATION,O0160,L01422,2025-01-04 11:02:37,2025-01-05 04:42:37,VISIT,,SRC018,0.94,EV03366,2026-01-11 12:16:46
MOV003131,VEHICLE,V01083,L02369,2025-06-09 07:54:38,2025-06-10 03:53:38,TRANSIT,V00247,SRC024,0.88,EV00511,2024-12-15 15:02:19
MOV003132,PERSON,P00262,L00706,2025-11-20 10:25:07,2025-11-20 17:39:07,VISIT,,SRC030,0.92,EV02692,2024-11-02 19:13:57
MOV003133,PERSON,P03444,L02102,2024-09-19 16:07:55,2024-09-20 07:45:55,TRANSIT,,SRC007,0.83,EV03846,2025-03-27 10:41:57
MOV003134,PERSON,P01651,L01399,2024-01-08 08:13:13,2024-01-08 16:27:13,EXIT,V00844,SRC023,0.89,EV02598,2025-01-15 19:24:41
MOV003135,ORGANIZATION,O0407,L01992,2024-09-12 00:32:32,2024-09-12 07:13:32,VISIT,,SRC004,0.78,EV04649,2024-06-26 12:19:37
MOV003136,VEHICLE,V00654,L00335,2025-10-19 07:50:46,2025-10-19 23:09:46,ENTRY,V01128,SRC022,0.98,EV01426,2025-01-22 10:14:01
MOV003137,PERSON,P03196,L00101,2024-05-26 17:59:27,2024-05-27 14:57:27,VISIT,,SRC022,0.95,EV00220,2025-07-12 19:42:16
MOV003138,PERSON,P02230,L00971,2025-03-22 08:02:33,2025-03-23 03:33:33,ENTRY,,SRC009,0.76,EV04998,2025-11-04 08:47:00
MOV003139,PERSON,P03882,L01346,2026-06-01 21:27:27,2026-06-02 03:02:27,EXIT,,SRC001,0.81,EV03818,2024-09-13 18:20:17
MOV003140,PERSON,P03145,L00489,2026-02-18 02:25:45,2026-02-18 21:09:45,VISIT,,SRC017,0.91,EV01701,2026-03-19 20:15:37
MOV003141,PERSON,P01697,L01965,2024-11-29 02:35:20,2024-11-29 08:43:20,VISIT,V00767,SRC003,0.76,EV01406,2025-10-13 17:32:56
MOV003142,VEHICLE,V00503,L02237,2025-06-22 18:31:09,2025-06-23 09:30:09,ENTRY,,SRC001,0.98,EV01436,2026-07-08 12:47:32
MOV003143,PERSON,P00286,L00715,2024-10-10 10:41:24,2024-10-11 06:19:24,ENTRY,,SRC007,0.86,EV00107,2025-10-22 05:48:08
MOV003144,PERSON,P00329,L01052,2024-10-08 12:15:09,2024-10-09 10:31:09,TRANSIT,,SRC017,0.9,EV01211,2024-08-21 22:20:44
MOV003145,ORGANIZATION,O0028,L00705,2024-03-12 02:01:37,2024-03-12 11:51:37,EXIT,V01062,SRC013,0.79,EV01653,2025-01-10 03:06:45
MOV003146,ORGANIZATION,O0398,L02004,2026-07-11 11:49:27,2026-07-12 02:13:27,ENTRY,V01059,SRC019,0.83,EV02764,2024-02-17 03:13:38
MOV003147,VEHICLE,V00969,L00599,2025-11-15 04:47:00,2025-11-16 00:08:00,TRANSIT,V00591,SRC023,0.88,EV00986,2025-04-02 21:07:18
MOV003148,ORGANIZATION,O0494,L01588,2025-10-17 07:27:50,2025-10-17 10:04:50,EXIT,,SRC029,0.98,EV04096,2025-05-08 07:00:24
MOV003149,VEHICLE,V00020,L00239,2025-07-17 08:06:25,2025-07-18 02:30:25,ENTRY,,SRC017,0.92,EV04071,2024-08-09 17:13:40
MOV003150,VEHICLE,V01096,L00687,2025-09-16 02:01:34,2025-09-16 14:42:34,TRANSIT,,SRC015,0.8,EV04050,2025-02-04 10:15:38
MOV003151,ORGANIZATION,O0270,L02460,2024-06-21 15:56:48,2024-06-22 05:14:48,TRANSIT,,SRC027,0.92,EV03464,2024-07-06 19:02:07
MOV003152,ORGANIZATION,O0124,L01637,2026-03-26 18:59:22,2026-03-27 18:22:22,ENTRY,,SRC024,0.88,EV00788,2026-02-07 23:00:16
MOV003153,PERSON,P00231,L00288,2025-10-11 09:08:29,2025-10-11 10:01:29,ENTRY,,SRC028,0.92,EV03298,2026-08-04 15:20:47
MOV003154,PERSON,P01008,L01510,2024-01-21 15:06:39,2024-01-21 20:43:39,TRANSIT,,SRC030,0.96,EV01641,2026-01-17 12:43:48
MOV003155,VEHICLE,V00600,L02418,2026-04-01 00:22:02,2026-04-01 20:21:02,ENTRY,V01100,SRC028,0.95,EV04807,2026-05-19 00:09:32
MOV003156,PERSON,P00184,L02198,2025-10-24 11:19:39,2025-10-25 00:01:39,TRANSIT,,SRC005,0.94,EV04377,2024-01-05 13:51:28
MOV003157,ORGANIZATION,O0143,L01270,2024-07-29 16:08:18,2024-07-30 06:19:18,VISIT,,SRC011,0.76,EV03650,2026-05-07 23:45:34
MOV003158,VEHICLE,V00624,L02402,2026-06-09 23:27:15,2026-06-10 16:58:15,ENTRY,V00656,SRC013,0.82,EV00040,2025-10-27 13:29:07
MOV003159,VEHICLE,V00538,L00070,2025-11-18 06:43:04,2025-11-18 10:53:04,EXIT,,SRC026,0.92,EV00387,2026-02-01 17:14:57
MOV003160,ORGANIZATION,O0032,L01023,2026-08-06 21:57:05,2026-08-07 00:32:05,TRANSIT,V00061,SRC004,0.78,EV02879,2024-02-22 01:11:20
MOV003161,PERSON,P01916,L00755,2025-05-29 23:12:43,2025-05-30 11:40:43,ENTRY,,SRC010,0.97,EV04846,2024-09-08 01:40:00
MOV003162,PERSON,P02362,L00659,2025-05-24 21:55:09,2025-05-25 01:20:09,VISIT,,SRC030,0.96,EV03724,2025-06-14 14:56:52
MOV003163,ORGANIZATION,O0338,L01685,2024-11-01 00:52:47,2024-11-01 07:28:47,VISIT,V01014,SRC001,0.85,EV01048,2024-03-12 10:17:18
MOV003164,VEHICLE,V00675,L01970,2024-10-07 01:12:39,2024-10-07 05:02:39,ENTRY,V01139,SRC020,0.76,EV02429,2024-11-21 06:27:52
MOV003165,PERSON,P02057,L00965,2024-04-16 14:16:49,2024-04-17 10:46:49,VISIT,V00550,SRC003,0.81,EV03914,2024-11-08 19:35:32
MOV003166,ORGANIZATION,O0102,L01848,2024-05-06 02:48:24,2024-05-06 13:56:24,ENTRY,V00515,SRC027,0.77,EV01759,2025-02-17 14:19:17
MOV003167,VEHICLE,V00161,L00912,2024-12-28 22:44:24,2024-12-29 10:39:24,VISIT,,SRC022,0.78,EV03225,2025-12-14 06:19:27
MOV003168,PERSON,P00962,L00436,2026-04-01 19:33:05,2026-04-01 23:31:05,EXIT,,SRC004,0.97,EV03156,2025-04-10 17:38:41
MOV003169,PERSON,P01330,L00345,2024-11-22 23:36:18,2024-11-23 23:14:18,TRANSIT,V00052,SRC014,0.96,EV02948,2024-09-07 20:53:42
MOV003170,ORGANIZATION,O0391,L01103,2025-02-11 07:31:53,2025-02-11 18:12:53,VISIT,,SRC003,0.77,EV01597,2025-02-23 12:06:31
MOV003171,VEHICLE,V00906,L00403,2025-12-13 06:06:03,2025-12-13 21:15:03,EXIT,,SRC010,0.83,EV02764,2024-11-03 16:31:41
MOV003172,VEHICLE,V00506,L00725,2025-12-17 15:45:15,2025-12-18 07:36:15,VISIT,,SRC013,0.76,EV00018,2025-02-21 04:57:55
MOV003173,VEHICLE,V00355,L01418,2026-03-25 02:37:48,2026-03-25 13:02:48,ENTRY,,SRC022,0.78,EV00173,2026-07-24 12:11:36
MOV003174,VEHICLE,V00281,L02075,2025-03-25 19:06:14,2025-03-26 06:08:14,ENTRY,V00010,SRC014,0.97,EV04791,2026-06-17 09:02:01
MOV003175,ORGANIZATION,O0171,L01576,2024-04-15 14:42:25,2024-04-15 18:03:25,TRANSIT,,SRC028,0.92,EV04727,2025-04-25 11:47:37
MOV003176,VEHICLE,V00600,L00820,2025-03-28 21:01:21,2025-03-28 21:48:21,TRANSIT,,SRC016,0.92,EV04033,2024-05-31 16:03:38
MOV003177,VEHICLE,V00608,L00732,2024-03-27 14:23:00,2024-03-28 14:02:00,TRANSIT,,SRC008,0.87,EV04340,2026-02-21 18:36:33
MOV003178,VEHICLE,V00011,L01532,2025-02-24 04:13:09,2025-02-24 05:30:09,TRANSIT,,SRC010,0.88,EV03715,2024-03-15 02:50:23
MOV003179,VEHICLE,V00253,L00854,2024-01-21 07:56:50,2024-01-21 09:36:50,ENTRY,,SRC030,0.82,EV03699,2025-05-03 01:08:04
MOV003180,VEHICLE,V00698,L01895,2024-07-24 12:50:06,2024-07-24 21:12:06,EXIT,,SRC029,0.94,EV04332,2025-06-02 23:25:09
MOV003181,VEHICLE,V00089,L01440,2025-08-04 20:57:29,2025-08-05 02:29:29,VISIT,V01188,SRC003,0.9,EV00269,2025-05-24 00:15:46
MOV003182,ORGANIZATION,O0248,L02332,2025-04-20 05:29:14,2025-04-20 18:39:14,TRANSIT,V01029,SRC001,0.94,EV00050,2024-09-23 04:29:13
MOV003183,VEHICLE,V00740,L00535,2026-06-12 10:44:10,2026-06-13 03:48:10,ENTRY,V01036,SRC028,0.84,EV00939,2024-12-10 04:32:30
MOV003184,ORGANIZATION,O0098,L01418,2026-08-19 04:30:25,2026-08-19 21:02:25,VISIT,,SRC029,0.76,EV02263,2025-01-12 01:05:53
MOV003185,ORGANIZATION,O0013,L02347,2024-11-30 21:31:43,2024-12-01 16:22:43,ENTRY,V00235,SRC015,0.84,EV02807,2024-06-21 02:52:46
MOV003186,PERSON,P02722,L00718,2026-04-30 05:27:23,2026-04-30 13:11:23,VISIT,,SRC025,0.82,EV04110,2026-06-05 03:38:55
MOV003187,ORGANIZATION,O0452,L01910,2024-10-06 06:34:16,2024-10-06 22:54:16,ENTRY,,SRC023,0.86,EV01948,2026-04-08 11:41:16
MOV003188,PERSON,P02546,L01246,2024-05-28 16:03:35,2024-05-28 21:39:35,ENTRY,,SRC021,0.95,EV02243,2025-08-01 06:11:04
MOV003189,ORGANIZATION,O0335,L01272,2025-06-07 21:02:37,2025-06-08 11:10:37,VISIT,,SRC027,0.75,EV03013,2025-08-11 13:46:41
MOV003190,PERSON,P02027,L00824,2024-06-04 16:56:52,2024-06-05 07:06:52,VISIT,V01003,SRC020,0.86,EV00868,2026-01-09 00:39:28
MOV003191,ORGANIZATION,O0496,L01752,2025-11-12 03:53:48,2025-11-12 14:39:48,VISIT,,SRC015,0.89,EV04433,2024-11-04 06:45:54
MOV003192,PERSON,P02413,L01610,2024-06-24 20:47:38,2024-06-25 07:44:38,ENTRY,,SRC004,0.83,EV02563,2024-06-26 14:34:53
MOV003193,ORGANIZATION,O0169,L02275,2024-01-11 13:53:54,2024-01-11 19:18:54,TRANSIT,,SRC003,0.91,EV04482,2025-04-24 01:00:12
MOV003194,VEHICLE,V00495,L01414,2024-06-21 23:43:21,2024-06-22 05:57:21,ENTRY,,SRC007,0.9,EV02197,2026-05-27 23:14:25
MOV003195,ORGANIZATION,O0114,L01512,2025-05-03 20:54:32,2025-05-04 04:10:32,VISIT,,SRC016,0.95,EV03550,2025-07-31 18:49:21
MOV003196,VEHICLE,V00977,L02051,2025-09-03 15:04:18,2025-09-03 20:36:18,ENTRY,V01065,SRC029,0.95,EV04809,2024-02-10 13:22:08
MOV003197,PERSON,P02868,L00599,2024-07-31 20:40:08,2024-07-31 21:42:08,ENTRY,,SRC004,0.82,EV02870,2024-09-19 19:43:31
MOV003198,PERSON,P03404,L01820,2024-05-11 00:47:42,2024-05-11 02:14:42,ENTRY,,SRC016,0.84,EV03660,2025-10-25 12:40:24
MOV003199,ORGANIZATION,O0136,L00495,2025-10-17 06:02:57,2025-10-17 09:19:57,TRANSIT,V00241,SRC015,0.95,EV00515,2025-11-27 06:09:11
MOV003200,ORGANIZATION,O0222,L01299,2024-12-28 15:49:44,2024-12-29 05:54:44,TRANSIT,,SRC008,0.83,EV04723,2025-08-24 07:31:10
MOV003201,VEHICLE,V00799,L01400,2025-04-26 00:53:56,2025-04-26 21:29:56,EXIT,,SRC018,0.79,EV01648,2024-05-19 03:26:32
MOV003202,ORGANIZATION,O0248,L01370,2026-07-06 06:10:51,2026-07-06 19:40:51,EXIT,V00943,SRC020,0.83,EV04847,2026-02-12 07:59:13
MOV003203,VEHICLE,V00074,L01925,2026-08-07 12:26:38,2026-08-08 05:24:38,EXIT,,SRC002,0.93,EV03565,2026-07-30 14:33:35
MOV003204,PERSON,P01831,L00107,2026-02-06 17:09:13,2026-02-06 21:52:13,TRANSIT,V01011,SRC029,0.87,EV03394,2025-04-13 09:34:59
MOV003205,ORGANIZATION,O0117,L00531,2025-06-27 01:50:38,2025-06-27 13:25:38,VISIT,V00686,SRC030,0.9,EV00708,2024-11-17 17:51:34
MOV003206,ORGANIZATION,O0496,L00552,2025-02-15 10:45:45,2025-02-15 14:26:45,VISIT,V00761,SRC018,0.97,EV02740,2024-01-10 11:47:50
MOV003207,ORGANIZATION,O0096,L01342,2025-02-20 22:22:58,2025-02-21 18:33:58,EXIT,V01110,SRC004,0.86,EV04540,2024-05-09 10:46:49
MOV003208,ORGANIZATION,O0218,L00527,2026-04-03 18:21:50,2026-04-04 08:08:50,TRANSIT,,SRC002,0.93,EV00903,2026-03-21 12:16:46
MOV003209,PERSON,P03336,L02379,2025-02-14 11:03:38,2025-02-14 11:30:38,ENTRY,V01094,SRC019,0.96,EV01601,2024-08-29 02:24:10
MOV003210,PERSON,P03157,L02418,2024-11-23 13:07:35,2024-11-23 21:46:35,TRANSIT,,SRC005,0.8,EV04275,2025-02-15 11:32:10
MOV003211,VEHICLE,V00287,L01821,2025-08-14 21:43:37,2025-08-15 00:53:37,TRANSIT,,SRC029,0.81,EV03344,2024-07-21 20:33:02
MOV003212,PERSON,P03972,L01117,2024-07-30 10:22:49,2024-07-31 04:25:49,VISIT,,SRC024,0.81,EV01925,2025-01-12 00:58:20
MOV003213,VEHICLE,V00037,L01027,2026-08-21 17:26:03,2026-08-21 18:40:03,EXIT,,SRC013,0.9,EV04639,2026-01-28 22:19:23
MOV003214,ORGANIZATION,O0377,L02167,2025-04-05 05:40:35,2025-04-05 08:59:35,ENTRY,V01057,SRC012,0.81,EV03990,2024-08-29 13:57:26
MOV003215,ORGANIZATION,O0009,L02486,2024-12-15 06:57:40,2024-12-16 06:08:40,VISIT,,SRC014,0.94,EV02305,2024-07-20 20:49:09
MOV003216,VEHICLE,V00852,L02039,2024-10-26 12:49:36,2024-10-27 04:56:36,EXIT,,SRC025,0.84,EV03785,2024-11-25 02:08:10
MOV003217,PERSON,P00504,L02430,2026-04-20 23:21:12,2026-04-21 12:37:12,VISIT,,SRC022,0.92,EV00037,2024-02-27 10:28:32
MOV003218,ORGANIZATION,O0437,L02051,2024-07-24 21:47:45,2024-07-25 10:00:45,EXIT,,SRC004,0.91,EV04704,2026-05-08 22:56:51
MOV003219,PERSON,P00702,L00707,2025-10-20 01:28:16,2025-10-20 06:09:16,ENTRY,,SRC022,0.8,EV01547,2025-08-07 14:02:54
MOV003220,VEHICLE,V00839,L01567,2025-05-23 10:35:01,2025-05-23 18:50:01,EXIT,V00573,SRC013,0.83,EV04137,2025-08-06 03:33:41
MOV003221,ORGANIZATION,O0490,L00810,2025-04-17 23:05:03,2025-04-18 18:15:03,TRANSIT,V00184,SRC015,0.89,EV00012,2025-07-24 06:06:59
MOV003222,VEHICLE,V00809,L00359,2026-04-15 19:21:44,2026-04-16 06:16:44,VISIT,,SRC030,0.82,EV00361,2025-03-02 03:01:17
MOV003223,PERSON,P03043,L01524,2024-12-18 00:18:18,2024-12-18 09:13:18,EXIT,,SRC019,0.95,EV02042,2025-10-05 14:55:26
MOV003224,VEHICLE,V00970,L01122,2024-04-13 02:52:40,2024-04-13 12:28:40,ENTRY,,SRC003,0.97,EV02627,2026-06-15 13:11:11
MOV003225,VEHICLE,V00285,L01739,2025-04-28 21:35:59,2025-04-29 15:34:59,VISIT,,SRC019,0.78,EV04916,2024-02-06 21:16:02
MOV003226,PERSON,P01079,L01589,2024-04-02 21:30:26,2024-04-03 07:44:26,TRANSIT,,SRC008,0.83,EV04527,2024-03-31 13:52:35
MOV003227,PERSON,P02704,L01651,2024-11-29 06:41:51,2024-11-29 13:54:51,TRANSIT,,SRC027,0.96,EV01882,2024-02-29 05:35:42
MOV003228,VEHICLE,V00674,L02351,2025-10-30 11:49:33,2025-10-30 14:20:33,ENTRY,V01123,SRC016,0.79,EV02782,2025-04-09 06:05:06
MOV003229,PERSON,P03691,L00876,2026-01-18 09:52:02,2026-01-19 01:47:02,EXIT,V00516,SRC013,0.93,EV04683,2025-11-04 22:19:17
MOV003230,VEHICLE,V00528,L01213,2025-09-06 15:10:56,2025-09-07 06:35:56,ENTRY,V00416,SRC012,0.85,EV04183,2025-10-19 12:24:04
MOV003231,VEHICLE,V00407,L00956,2024-12-12 11:23:37,2024-12-13 09:02:37,ENTRY,,SRC025,0.78,EV03446,2025-01-25 18:33:49
MOV003232,ORGANIZATION,O0305,L01985,2026-05-11 22:59:22,2026-05-12 14:31:22,TRANSIT,,SRC002,0.88,EV01512,2025-01-18 10:53:07
MOV003233,ORGANIZATION,O0207,L00443,2026-08-29 05:40:33,2026-08-29 14:35:33,EXIT,,SRC004,0.8,EV03030,2024-06-12 02:56:19
MOV003234,PERSON,P02908,L00895,2024-09-16 22:12:21,2024-09-17 20:21:21,EXIT,,SRC008,0.91,EV04601,2024-02-17 03:55:05
MOV003235,PERSON,P02353,L02169,2025-04-19 16:46:23,2025-04-19 17:04:23,EXIT,V00633,SRC017,0.91,EV01244,2026-06-05 10:59:59
MOV003236,PERSON,P03672,L02179,2025-06-11 12:46:42,2025-06-12 12:06:42,EXIT,V00574,SRC018,0.87,EV03925,2024-04-24 14:43:28
MOV003237,VEHICLE,V01058,L01927,2026-04-23 22:14:34,2026-04-24 16:13:34,TRANSIT,V00793,SRC021,0.93,EV02486,2025-02-18 17:59:49
MOV003238,PERSON,P02272,L02233,2025-06-13 13:13:31,2025-06-14 06:58:31,ENTRY,V01105,SRC020,0.97,EV03326,2025-07-29 10:42:35
MOV003239,PERSON,P02573,L01423,2026-02-05 09:32:56,2026-02-06 03:16:56,ENTRY,V00350,SRC006,0.96,EV04299,2024-03-25 05:51:47
MOV003240,VEHICLE,V00185,L02037,2025-01-24 20:26:44,2025-01-25 06:40:44,VISIT,,SRC024,0.85,EV02454,2026-01-03 22:38:29
MOV003241,VEHICLE,V00766,L01590,2024-08-30 16:58:10,2024-08-31 08:27:10,ENTRY,,SRC009,0.91,EV03938,2024-10-25 18:22:59
MOV003242,VEHICLE,V00682,L02098,2025-03-29 09:23:52,2025-03-29 19:12:52,VISIT,,SRC023,0.9,EV00495,2025-09-13 10:20:03
MOV003243,ORGANIZATION,O0142,L00281,2025-01-20 06:20:52,2025-01-20 16:21:52,VISIT,V01172,SRC017,0.9,EV03644,2024-08-07 08:23:44
MOV003244,VEHICLE,V00234,L01835,2024-04-12 07:46:42,2024-04-13 04:09:42,EXIT,V00741,SRC022,0.87,EV04897,2025-10-08 16:05:57
MOV003245,VEHICLE,V00086,L02169,2024-01-23 05:40:19,2024-01-24 02:12:19,VISIT,,SRC024,0.96,EV01891,2024-08-17 04:36:21
MOV003246,PERSON,P03643,L00114,2025-12-04 08:24:59,2025-12-04 18:38:59,ENTRY,V00954,SRC011,0.89,EV00446,2024-08-24 17:04:57
MOV003247,PERSON,P03829,L01733,2025-09-19 03:50:15,2025-09-19 23:25:15,EXIT,,SRC018,0.79,EV00481,2025-03-04 21:37:05
MOV003248,PERSON,P01921,L01963,2025-09-06 16:36:46,2025-09-07 08:20:46,EXIT,,SRC021,0.83,EV03858,2024-11-22 21:56:20
MOV003249,VEHICLE,V00230,L01149,2024-03-12 04:25:30,2024-03-13 01:24:30,TRANSIT,,SRC006,0.92,EV00904,2026-02-20 15:29:30
MOV003250,VEHICLE,V00891,L01733,2026-06-30 01:29:43,2026-06-30 05:44:43,ENTRY,,SRC013,0.84,EV02430,2026-07-02 02:14:30
MOV003251,ORGANIZATION,O0076,L01196,2025-02-17 00:46:07,2025-02-17 08:21:07,TRANSIT,,SRC003,0.78,EV00671,2025-12-28 12:07:50
MOV003252,ORGANIZATION,O0245,L02415,2024-04-12 06:19:53,2024-04-12 13:39:53,VISIT,,SRC030,0.88,EV04847,2026-04-25 00:41:30
MOV003253,VEHICLE,V00676,L01085,2025-05-09 23:11:40,2025-05-10 00:39:40,ENTRY,V00109,SRC028,0.97,EV04815,2024-09-17 17:38:49
MOV003254,ORGANIZATION,O0398,L01117,2024-03-15 05:56:53,2024-03-15 19:01:53,TRANSIT,V00493,SRC004,0.86,EV01444,2024-02-19 02:14:25
MOV003255,ORGANIZATION,O0160,L02121,2025-10-09 08:37:27,2025-10-10 05:04:27,TRANSIT,V00333,SRC029,0.83,EV04202,2025-04-02 11:40:34
MOV003256,ORGANIZATION,O0195,L00011,2025-07-29 13:30:10,2025-07-30 04:12:10,TRANSIT,V00610,SRC014,0.89,EV01340,2025-06-20 13:33:05
MOV003257,PERSON,P00319,L01608,2025-09-15 23:11:52,2025-09-16 19:21:52,TRANSIT,V00173,SRC014,0.93,EV00348,2026-06-06 16:44:38
MOV003258,PERSON,P00511,L01767,2026-02-25 21:59:48,2026-02-26 12:45:48,TRANSIT,,SRC026,0.95,EV00130,2026-04-16 00:20:47
MOV003259,PERSON,P01216,L00823,2025-11-18 03:26:32,2025-11-18 15:07:32,TRANSIT,,SRC022,0.8,EV04288,2024-08-01 06:28:59
MOV003260,PERSON,P03794,L01296,2025-11-28 21:30:40,2025-11-29 03:24:40,ENTRY,,SRC003,0.77,EV00951,2025-01-02 05:03:01
MOV003261,PERSON,P02090,L02169,2025-12-29 03:42:53,2025-12-29 11:51:53,VISIT,,SRC016,0.79,EV01237,2024-01-05 18:09:31
MOV003262,ORGANIZATION,O0300,L01497,2025-04-04 12:04:17,2025-04-04 22:30:17,ENTRY,,SRC013,0.83,EV00326,2025-02-22 06:58:36
MOV003263,PERSON,P01954,L00345,2026-04-24 12:50:42,2026-04-24 18:27:42,ENTRY,,SRC017,0.97,EV03097,2024-12-22 11:04:24
MOV003264,PERSON,P00356,L00603,2024-10-02 07:09:52,2024-10-02 14:33:52,VISIT,,SRC015,0.95,EV00003,2024-07-27 07:41:13
MOV003265,PERSON,P00807,L01115,2025-06-10 20:32:53,2025-06-11 15:58:53,EXIT,,SRC021,0.76,EV03303,2025-12-27 09:16:06
MOV003266,PERSON,P02646,L00940,2024-06-27 14:56:16,2024-06-28 14:32:16,EXIT,,SRC026,0.81,EV00913,2025-05-09 18:26:16
MOV003267,VEHICLE,V00463,L00108,2025-10-01 02:46:23,2025-10-01 20:32:23,VISIT,V00360,SRC022,0.96,EV03145,2025-04-29 14:32:45
MOV003268,ORGANIZATION,O0380,L01796,2026-03-30 05:45:11,2026-03-30 15:08:11,VISIT,,SRC026,0.85,EV00511,2024-04-16 00:19:09
MOV003269,ORGANIZATION,O0112,L00054,2026-05-26 02:00:07,2026-05-26 13:51:07,VISIT,V00637,SRC030,0.85,EV00079,2025-06-02 10:09:20
MOV003270,VEHICLE,V01009,L00012,2025-07-21 16:44:07,2025-07-22 12:52:07,ENTRY,,SRC003,0.8,EV03844,2024-06-15 02:09:33
MOV003271,ORGANIZATION,O0061,L00557,2025-05-08 23:51:03,2025-05-09 22:24:03,VISIT,,SRC014,0.77,EV03989,2025-11-26 05:53:24
MOV003272,VEHICLE,V00839,L00288,2024-06-17 05:15:56,2024-06-18 04:27:56,VISIT,,SRC002,0.75,EV02943,2024-04-24 17:23:39
MOV003273,ORGANIZATION,O0363,L02006,2025-06-29 12:11:55,2025-06-29 14:06:55,TRANSIT,,SRC004,0.97,EV00685,2025-04-30 17:09:17
MOV003274,ORGANIZATION,O0330,L01340,2026-08-03 03:15:40,2026-08-03 14:37:40,EXIT,,SRC024,0.91,EV02831,2024-05-28 13:46:55
MOV003275,VEHICLE,V00023,L01366,2025-12-09 18:29:55,2025-12-10 13:29:55,EXIT,,SRC016,0.8,EV01359,2026-07-11 12:39:49
MOV003276,VEHICLE,V01034,L00208,2026-08-05 20:02:01,2026-08-06 09:38:01,TRANSIT,,SRC017,0.85,EV00007,2025-05-15 12:33:15
MOV003277,VEHICLE,V00723,L01928,2025-08-08 10:20:10,2025-08-08 21:02:10,TRANSIT,,SRC006,0.95,EV03149,2026-08-09 21:22:57
MOV003278,PERSON,P03584,L02307,2026-05-27 17:04:21,2026-05-28 11:51:21,VISIT,V00316,SRC001,0.95,EV03390,2024-01-29 20:35:47
MOV003279,VEHICLE,V00907,L01641,2024-05-01 06:03:34,2024-05-01 10:55:34,TRANSIT,,SRC010,0.9,EV02273,2025-03-23 17:39:29
MOV003280,ORGANIZATION,O0216,L00698,2026-08-12 13:31:15,2026-08-13 11:53:15,TRANSIT,V00705,SRC009,0.89,EV02900,2024-01-13 12:56:05
MOV003281,ORGANIZATION,O0068,L01021,2026-04-06 00:09:43,2026-04-06 17:24:43,TRANSIT,V00579,SRC005,0.83,EV01955,2026-03-31 02:49:12
MOV003282,VEHICLE,V00014,L01494,2024-05-27 10:55:47,2024-05-27 17:16:47,EXIT,,SRC020,0.77,EV00511,2024-09-21 11:24:39
MOV003283,PERSON,P00601,L02307,2025-01-15 11:50:08,2025-01-15 23:28:08,EXIT,,SRC016,0.95,EV04160,2024-02-25 11:31:37
MOV003284,ORGANIZATION,O0277,L01703,2024-12-25 09:28:09,2024-12-25 22:12:09,ENTRY,V00065,SRC001,0.92,EV02324,2025-06-28 18:22:10
MOV003285,VEHICLE,V00248,L01402,2025-10-23 18:06:30,2025-10-24 02:52:30,ENTRY,,SRC021,0.87,EV02354,2024-12-18 06:38:11
MOV003286,ORGANIZATION,O0233,L00628,2025-02-17 23:10:28,2025-02-18 09:21:28,EXIT,,SRC008,0.85,EV03598,2024-03-03 04:44:53
MOV003287,VEHICLE,V00516,L00276,2025-05-10 04:46:45,2025-05-10 22:40:45,VISIT,,SRC013,0.83,EV01395,2025-12-26 07:55:03
MOV003288,VEHICLE,V00649,L02246,2024-04-23 23:03:58,2024-04-24 21:50:58,EXIT,V01081,SRC024,0.84,EV02328,2025-08-16 00:47:14
MOV003289,VEHICLE,V00697,L00075,2024-01-08 10:09:48,2024-01-09 05:16:48,TRANSIT,,SRC002,0.95,EV03605,2025-10-09 11:01:52
MOV003290,ORGANIZATION,O0241,L00199,2025-09-04 03:39:10,2025-09-04 10:14:10,VISIT,V00828,SRC014,0.88,EV02086,2024-10-28 22:09:20
MOV003291,ORGANIZATION,O0167,L01824,2025-08-24 21:30:52,2025-08-25 17:47:52,VISIT,V00021,SRC026,0.83,EV01639,2024-09-23 22:42:37
MOV003292,VEHICLE,V00111,L00907,2025-06-28 22:09:47,2025-06-29 21:23:47,TRANSIT,,SRC021,0.94,EV00345,2024-04-19 23:42:11
MOV003293,PERSON,P03400,L01019,2026-04-07 12:40:45,2026-04-08 02:06:45,TRANSIT,V00854,SRC012,0.97,EV03336,2026-05-09 20:44:09
MOV003294,VEHICLE,V00900,L01810,2026-03-14 03:14:30,2026-03-14 12:11:30,ENTRY,,SRC001,0.95,EV02987,2024-10-04 10:19:56
MOV003295,PERSON,P00047,L00533,2025-06-14 09:12:14,2025-06-15 00:10:14,ENTRY,,SRC010,0.81,EV03393,2024-04-18 02:17:22
MOV003296,PERSON,P01860,L00043,2025-02-06 16:07:13,2025-02-07 03:22:13,EXIT,V00287,SRC001,0.79,EV04881,2024-12-29 10:29:41
MOV003297,VEHICLE,V00161,L01537,2024-07-04 21:44:52,2024-07-05 06:47:52,VISIT,,SRC009,0.97,EV03826,2024-09-14 00:10:03
MOV003298,PERSON,P03514,L00482,2025-10-24 12:18:58,2025-10-25 09:42:58,VISIT,V00313,SRC025,0.94,EV03517,2026-04-29 20:40:41
MOV003299,VEHICLE,V00507,L01516,2025-04-12 07:17:35,2025-04-13 00:51:35,EXIT,V01183,SRC002,0.83,EV03620,2025-03-11 23:34:17
MOV003300,VEHICLE,V00241,L02010,2024-12-19 18:09:43,2024-12-20 03:59:43,EXIT,,SRC021,0.96,EV03771,2025-09-23 23:52:29
MOV003301,ORGANIZATION,O0017,L01536,2025-02-18 08:08:18,2025-02-19 02:40:18,ENTRY,,SRC017,0.77,EV01069,2026-01-30 00:23:53
MOV003302,VEHICLE,V00124,L01533,2025-01-06 17:15:27,2025-01-06 23:44:27,VISIT,,SRC001,0.81,EV01891,2026-06-21 12:30:57
MOV003303,PERSON,P02827,L00087,2026-01-08 19:08:35,2026-01-09 05:07:35,TRANSIT,,SRC018,0.91,EV03565,2025-01-19 15:33:21
MOV003304,VEHICLE,V00434,L01505,2025-01-08 23:47:49,2025-01-09 06:05:49,EXIT,,SRC025,0.85,EV02975,2026-03-04 04:35:33
MOV003305,PERSON,P03801,L01910,2026-05-07 00:05:10,2026-05-07 04:35:10,EXIT,,SRC011,0.92,EV00996,2024-10-20 02:52:19
MOV003306,PERSON,P00798,L01279,2024-12-01 05:36:33,2024-12-02 05:35:33,VISIT,,SRC010,0.89,EV04632,2024-08-25 15:21:22
MOV003307,ORGANIZATION,O0047,L02196,2024-05-16 04:22:51,2024-05-17 04:01:51,VISIT,V00487,SRC003,0.88,EV04588,2025-02-26 17:04:38
MOV003308,VEHICLE,V00245,L01673,2024-04-06 19:49:32,2024-04-07 13:14:32,TRANSIT,V00810,SRC006,0.96,EV03731,2025-08-26 19:09:18
MOV003309,ORGANIZATION,O0233,L01218,2026-05-10 13:48:07,2026-05-11 03:29:07,EXIT,,SRC006,0.97,EV03275,2025-05-29 00:47:42
MOV003310,ORGANIZATION,O0289,L02006,2026-05-14 00:35:22,2026-05-14 20:16:22,TRANSIT,,SRC023,0.96,EV02252,2024-02-24 16:23:00
MOV003311,ORGANIZATION,O0403,L01158,2025-09-29 12:25:52,2025-09-29 21:26:52,ENTRY,,SRC002,0.77,EV04101,2025-09-11 10:34:11
MOV003312,PERSON,P01254,L02316,2024-03-24 02:35:11,2024-03-24 14:43:11,TRANSIT,V00562,SRC007,0.95,EV01895,2024-02-24 15:59:56
MOV003313,ORGANIZATION,O0070,L00036,2024-11-13 15:06:03,2024-11-14 10:58:03,TRANSIT,,SRC014,0.82,EV00330,2024-01-18 12:56:33
MOV003314,VEHICLE,V00574,L02099,2026-08-30 03:13:21,2026-08-30 16:47:21,VISIT,,SRC014,0.9,EV03643,2025-06-20 12:12:31
MOV003315,PERSON,P01932,L01564,2025-09-19 11:29:39,2025-09-19 14:52:39,VISIT,V00968,SRC027,0.81,EV00401,2024-06-25 05:00:09
MOV003316,PERSON,P03197,L02017,2025-05-26 06:44:43,2025-05-26 19:54:43,ENTRY,V00758,SRC008,0.95,EV01718,2024-02-02 03:30:37
MOV003317,ORGANIZATION,O0121,L02137,2025-06-03 05:17:44,2025-06-03 11:44:44,EXIT,V00143,SRC011,0.91,EV04636,2025-08-26 22:57:41
MOV003318,PERSON,P01401,L00275,2024-11-06 23:45:28,2024-11-07 07:57:28,VISIT,,SRC020,0.88,EV02599,2026-06-04 12:08:34
MOV003319,ORGANIZATION,O0045,L00963,2025-01-16 00:01:21,2025-01-16 22:38:21,VISIT,,SRC011,0.87,EV01780,2025-11-15 02:24:25
MOV003320,VEHICLE,V00831,L02169,2024-02-13 17:47:47,2024-02-14 12:12:47,ENTRY,,SRC009,0.9,EV00173,2024-04-11 00:30:51
MOV003321,VEHICLE,V00106,L02467,2025-12-17 07:35:22,2025-12-17 19:03:22,TRANSIT,V00240,SRC029,0.81,EV02304,2026-03-05 08:56:52
MOV003322,VEHICLE,V00710,L00756,2026-05-28 09:22:45,2026-05-28 17:18:45,VISIT,,SRC029,0.77,EV02708,2024-07-13 21:42:50
MOV003323,VEHICLE,V00590,L01412,2025-09-22 04:56:27,2025-09-22 20:24:27,ENTRY,,SRC022,0.88,EV02721,2026-04-21 22:48:48
MOV003324,PERSON,P02097,L00840,2024-06-01 10:31:41,2024-06-02 10:18:41,TRANSIT,V00360,SRC010,0.88,EV03965,2026-08-23 06:50:47
MOV003325,ORGANIZATION,O0199,L01976,2024-01-09 07:09:56,2024-01-10 00:13:56,ENTRY,,SRC021,0.97,EV04610,2025-10-24 21:36:43
MOV003326,PERSON,P01944,L01928,2026-01-30 22:15:36,2026-01-30 23:37:36,EXIT,V00088,SRC030,0.98,EV03516,2025-07-16 00:51:47
MOV003327,ORGANIZATION,O0387,L01224,2024-02-24 14:05:34,2024-02-24 19:52:34,TRANSIT,,SRC002,0.75,EV00337,2025-01-26 13:52:09
MOV003328,PERSON,P01966,L00106,2025-11-01 01:10:48,2025-11-01 10:24:48,VISIT,V00233,SRC025,0.91,EV04886,2026-08-08 16:28:50
MOV003329,ORGANIZATION,O0168,L00899,2026-01-27 11:17:13,2026-01-27 14:10:13,ENTRY,,SRC005,0.92,EV01964,2026-01-31 03:48:02
MOV003330,ORGANIZATION,O0055,L01008,2025-11-09 11:02:17,2025-11-09 18:39:17,VISIT,V01165,SRC008,0.86,EV01377,2024-11-04 04:53:24
MOV003331,VEHICLE,V00364,L01792,2026-06-10 11:12:04,2026-06-10 17:24:04,TRANSIT,,SRC015,0.84,EV04166,2025-09-30 23:58:01
MOV003332,VEHICLE,V00119,L00079,2024-06-28 15:48:39,2024-06-29 04:47:39,EXIT,V00491,SRC004,0.98,EV00744,2025-10-17 15:53:44
MOV003333,ORGANIZATION,O0282,L01238,2026-04-02 23:56:15,2026-04-03 18:59:15,ENTRY,,SRC010,0.91,EV00252,2024-04-09 21:32:05
MOV003334,VEHICLE,V00905,L01528,2024-09-18 10:46:20,2024-09-19 10:33:20,VISIT,,SRC019,0.91,EV02635,2026-04-10 05:12:26
MOV003335,VEHICLE,V00558,L01135,2024-12-18 02:27:15,2024-12-18 14:49:15,VISIT,,SRC010,0.82,EV04308,2026-03-22 16:29:52
MOV003336,VEHICLE,V00593,L02397,2025-05-16 18:28:13,2025-05-17 02:17:13,EXIT,,SRC026,0.92,EV03969,2026-01-29 07:30:23
MOV003337,PERSON,P00327,L00348,2024-05-25 00:58:18,2024-05-25 03:54:18,VISIT,V00666,SRC027,0.92,EV03572,2024-07-19 18:30:21
MOV003338,ORGANIZATION,O0271,L00822,2026-04-08 02:43:05,2026-04-09 00:03:05,ENTRY,V00789,SRC004,0.86,EV00650,2024-12-30 06:33:36
MOV003339,ORGANIZATION,O0351,L00473,2024-11-14 06:16:36,2024-11-15 04:35:36,VISIT,,SRC003,0.81,EV03721,2026-01-21 17:08:51
MOV003340,VEHICLE,V00841,L01172,2025-11-23 00:29:35,2025-11-23 16:50:35,VISIT,,SRC011,0.83,EV01449,2025-02-28 19:59:26
MOV003341,ORGANIZATION,O0429,L02107,2024-05-05 08:22:45,2024-05-05 16:54:45,ENTRY,,SRC014,0.94,EV04467,2024-04-07 23:04:49
MOV003342,VEHICLE,V00534,L01070,2024-02-27 23:04:44,2024-02-28 04:45:44,EXIT,V00397,SRC014,0.83,EV02679,2026-05-31 05:04:15
MOV003343,ORGANIZATION,O0125,L01684,2024-06-25 23:55:01,2024-06-26 01:46:01,TRANSIT,V00513,SRC010,0.96,EV00359,2026-01-16 14:49:59
MOV003344,ORGANIZATION,O0347,L00261,2026-05-17 00:46:34,2026-05-17 17:14:34,TRANSIT,,SRC008,0.83,EV00314,2025-05-03 07:45:36
MOV003345,ORGANIZATION,O0210,L01997,2025-03-25 20:32:31,2025-03-26 00:00:31,VISIT,,SRC021,0.78,EV04855,2025-04-14 02:13:38
MOV003346,ORGANIZATION,O0376,L02325,2026-02-05 19:16:15,2026-02-06 00:10:15,ENTRY,V00607,SRC013,0.83,EV00978,2024-12-09 20:16:56
MOV003347,PERSON,P02060,L01040,2025-03-22 21:31:54,2025-03-23 09:50:54,VISIT,V01027,SRC016,0.87,EV01059,2024-02-25 21:42:25
MOV003348,ORGANIZATION,O0367,L00122,2025-09-27 10:36:34,2025-09-27 20:46:34,VISIT,,SRC010,0.94,EV00192,2025-08-28 22:21:05
MOV003349,ORGANIZATION,O0280,L01427,2025-12-03 14:34:32,2025-12-04 11:30:32,TRANSIT,,SRC026,0.75,EV03520,2026-04-20 07:44:21
MOV003350,PERSON,P02298,L01963,2025-11-03 02:51:36,2025-11-03 15:42:36,ENTRY,V01045,SRC024,0.79,EV03679,2025-05-21 08:19:26
MOV003351,ORGANIZATION,O0188,L00773,2026-07-05 10:42:13,2026-07-06 03:57:13,ENTRY,,SRC006,0.75,EV00789,2025-05-11 14:37:01
MOV003352,PERSON,P01568,L01537,2024-02-03 04:46:27,2024-02-03 22:10:27,VISIT,,SRC001,0.92,EV04835,2024-09-15 06:43:54
MOV003353,ORGANIZATION,O0384,L01573,2025-10-11 01:44:04,2025-10-11 02:16:04,VISIT,,SRC009,0.79,EV02766,2024-08-30 05:08:36
MOV003354,ORGANIZATION,O0090,L00739,2024-04-20 11:23:11,2024-04-20 23:45:11,ENTRY,V00656,SRC020,0.95,EV04815,2024-08-27 06:19:07
MOV003355,ORGANIZATION,O0089,L00666,2024-07-10 10:22:53,2024-07-11 02:54:53,EXIT,,SRC019,0.97,EV02143,2026-01-26 03:04:58
MOV003356,PERSON,P01258,L00811,2026-07-03 10:22:01,2026-07-04 01:20:01,VISIT,,SRC004,0.86,EV01819,2026-06-30 21:50:06
MOV003357,VEHICLE,V00084,L01495,2024-11-20 08:27:08,2024-11-20 23:57:08,VISIT,V00402,SRC029,0.91,EV04531,2025-01-05 20:50:26
MOV003358,PERSON,P03793,L01558,2024-11-20 22:54:46,2024-11-21 00:44:46,ENTRY,,SRC001,0.81,EV00633,2025-08-09 16:47:48
MOV003359,ORGANIZATION,O0410,L02101,2026-02-20 02:02:08,2026-02-20 11:39:08,ENTRY,,SRC005,0.91,EV01252,2025-12-24 06:37:39
MOV003360,ORGANIZATION,O0232,L00306,2026-03-08 14:46:41,2026-03-09 07:27:41,ENTRY,,SRC003,0.95,EV04114,2025-06-19 02:57:37
MOV003361,PERSON,P00370,L01109,2025-11-14 07:13:48,2025-11-14 14:26:48,VISIT,V00228,SRC030,0.93,EV00007,2025-12-11 16:09:53
MOV003362,VEHICLE,V00406,L01205,2025-01-19 09:58:46,2025-01-19 20:36:46,TRANSIT,V00930,SRC029,0.95,EV00888,2024-10-24 10:25:40
MOV003363,VEHICLE,V00183,L01664,2024-08-16 23:25:09,2024-08-17 00:03:09,ENTRY,V01022,SRC010,0.8,EV00161,2024-04-10 14:09:00
MOV003364,PERSON,P03371,L01567,2025-12-27 12:59:13,2025-12-28 00:55:13,VISIT,,SRC028,0.94,EV02730,2024-07-28 15:25:48
MOV003365,VEHICLE,V00345,L00123,2026-05-09 10:33:26,2026-05-10 01:51:26,EXIT,V00262,SRC006,0.88,EV02996,2024-02-18 19:13:23
MOV003366,PERSON,P03630,L00978,2025-08-10 03:02:38,2025-08-10 07:53:38,ENTRY,,SRC011,0.92,EV02146,2024-11-19 00:07:04
MOV003367,VEHICLE,V01025,L00077,2024-09-13 02:16:23,2024-09-13 07:10:23,EXIT,V00374,SRC027,0.9,EV00572,2025-12-02 17:18:55
MOV003368,VEHICLE,V00126,L01743,2026-02-22 01:43:38,2026-02-22 07:48:38,TRANSIT,,SRC010,0.93,EV00403,2026-08-26 18:47:32
MOV003369,ORGANIZATION,O0373,L00205,2025-07-02 17:23:46,2025-07-03 11:31:46,VISIT,,SRC030,0.81,EV00822,2025-05-21 19:07:51
MOV003370,PERSON,P00178,L01791,2026-07-07 20:09:21,2026-07-08 05:23:21,EXIT,,SRC027,0.97,EV03209,2025-09-02 16:46:57
MOV003371,PERSON,P00488,L00393,2025-09-10 22:38:35,2025-09-11 12:14:35,TRANSIT,,SRC016,0.83,EV01777,2026-06-25 03:58:40
MOV003372,VEHICLE,V00079,L01915,2025-06-11 09:53:20,2025-06-11 23:53:20,VISIT,,SRC009,0.91,EV00369,2024-09-08 07:52:30
MOV003373,PERSON,P01885,L00811,2025-08-11 11:47:31,2025-08-11 21:58:31,TRANSIT,V00836,SRC005,0.77,EV03212,2025-02-04 21:57:40
MOV003374,PERSON,P00371,L02299,2025-11-08 03:10:02,2025-11-08 15:20:02,EXIT,,SRC019,0.8,EV03337,2025-06-27 03:16:51
MOV003375,PERSON,P03782,L00208,2024-05-17 14:18:06,2024-05-17 21:39:06,TRANSIT,,SRC002,0.77,EV00600,2024-02-02 15:01:49
MOV003376,ORGANIZATION,O0471,L01380,2024-03-04 15:57:16,2024-03-05 14:04:16,TRANSIT,V00328,SRC007,0.81,EV01377,2025-05-19 02:46:36
MOV003377,ORGANIZATION,O0033,L02451,2026-01-19 05:55:37,2026-01-19 08:16:37,EXIT,V00738,SRC002,0.89,EV04477,2024-02-12 15:25:39
MOV003378,VEHICLE,V00791,L00343,2024-05-18 18:32:11,2024-05-18 18:52:11,ENTRY,,SRC008,0.88,EV04108,2024-03-08 12:31:21
MOV003379,VEHICLE,V00151,L01422,2024-09-10 20:11:29,2024-09-11 00:57:29,ENTRY,V00455,SRC019,0.97,EV00507,2025-06-08 22:38:10
MOV003380,VEHICLE,V00528,L00496,2025-12-27 21:04:01,2025-12-28 02:41:01,EXIT,,SRC006,0.82,EV01791,2025-09-16 14:00:37
MOV003381,ORGANIZATION,O0318,L01634,2026-03-29 19:22:24,2026-03-30 07:05:24,VISIT,V00925,SRC013,0.93,EV00457,2025-06-03 04:26:10
MOV003382,ORGANIZATION,O0137,L01483,2025-04-18 05:03:21,2025-04-18 21:28:21,ENTRY,,SRC016,0.76,EV00867,2024-10-27 11:54:46
MOV003383,ORGANIZATION,O0352,L01220,2024-05-05 06:40:07,2024-05-05 16:50:07,TRANSIT,V00950,SRC015,0.91,EV03422,2025-05-11 15:53:52
MOV003384,PERSON,P01794,L00452,2026-08-20 09:36:44,2026-08-21 01:15:44,TRANSIT,,SRC003,0.9,EV00146,2024-01-18 07:26:48
MOV003385,ORGANIZATION,O0179,L00645,2026-03-03 03:10:39,2026-03-03 16:49:39,EXIT,V01199,SRC009,0.91,EV03630,2025-10-18 05:26:24
MOV003386,VEHICLE,V00747,L00217,2026-03-14 09:30:07,2026-03-14 16:04:07,VISIT,,SRC026,0.91,EV02770,2024-10-25 21:16:26
MOV003387,ORGANIZATION,O0287,L00936,2024-10-02 00:31:17,2024-10-02 05:04:17,EXIT,,SRC016,0.89,EV00981,2024-04-14 15:19:45
MOV003388,PERSON,P01096,L01133,2025-03-01 09:33:07,2025-03-01 14:11:07,EXIT,,SRC004,0.94,EV01400,2025-04-30 19:39:57
MOV003389,VEHICLE,V01137,L01515,2024-08-18 07:39:59,2024-08-19 03:14:59,ENTRY,,SRC013,0.81,EV00003,2024-05-03 15:31:14
MOV003390,VEHICLE,V00993,L01439,2025-08-24 12:51:43,2025-08-25 09:54:43,VISIT,,SRC029,0.94,EV04058,2026-07-26 18:55:11
MOV003391,VEHICLE,V01027,L00349,2025-02-25 13:44:53,2025-02-26 06:17:53,VISIT,,SRC021,0.79,EV00378,2024-11-17 11:34:20
MOV003392,ORGANIZATION,O0076,L00197,2024-08-04 01:00:08,2024-08-04 15:20:08,VISIT,,SRC019,0.89,EV04737,2025-07-18 18:09:07
MOV003393,VEHICLE,V00580,L00084,2025-01-31 05:14:14,2025-01-31 18:34:14,EXIT,,SRC013,0.81,EV02853,2025-01-10 18:21:41
MOV003394,ORGANIZATION,O0357,L02435,2025-04-13 08:17:29,2025-04-13 09:12:29,EXIT,,SRC024,0.86,EV02127,2024-11-05 08:35:54
MOV003395,PERSON,P01080,L00830,2024-09-09 07:28:58,2024-09-10 00:43:58,ENTRY,V00902,SRC030,0.76,EV02170,2026-05-18 19:55:29
MOV003396,ORGANIZATION,O0230,L01813,2026-03-06 19:05:14,2026-03-07 01:37:14,VISIT,,SRC030,0.94,EV03566,2025-05-05 00:58:42
MOV003397,PERSON,P00505,L01774,2026-06-01 18:04:57,2026-06-02 01:11:57,VISIT,V00073,SRC012,0.81,EV04243,2025-06-03 20:51:58
MOV003398,VEHICLE,V00149,L00022,2024-08-23 01:18:54,2024-08-23 11:17:54,TRANSIT,,SRC017,0.97,EV02041,2024-03-13 02:46:06
MOV003399,PERSON,P03241,L01474,2024-03-25 15:11:50,2024-03-26 12:56:50,EXIT,,SRC006,0.95,EV02695,2025-09-12 20:35:51
MOV003400,PERSON,P01142,L00920,2026-02-08 05:22:17,2026-02-08 18:20:17,VISIT,V00410,SRC009,0.83,EV02812,2024-11-30 06:48:22
MOV003401,VEHICLE,V00069,L00444,2024-07-31 06:14:42,2024-07-31 10:51:42,ENTRY,,SRC021,0.9,EV01565,2025-06-02 05:40:48
MOV003402,VEHICLE,V00827,L00542,2026-02-21 16:24:22,2026-02-22 06:51:22,ENTRY,V00618,SRC002,0.85,EV03859,2024-08-08 16:06:40
MOV003403,VEHICLE,V01191,L01800,2025-09-18 20:09:13,2025-09-19 16:56:13,TRANSIT,V00803,SRC003,0.82,EV00675,2026-03-31 17:48:35
MOV003404,PERSON,P00224,L01370,2025-03-13 11:16:41,2025-03-14 08:37:41,TRANSIT,,SRC010,0.88,EV02913,2025-07-31 04:59:19
MOV003405,VEHICLE,V00362,L01337,2025-04-06 16:56:28,2025-04-06 23:29:28,EXIT,V00929,SRC025,0.97,EV02500,2025-06-06 07:28:10
MOV003406,PERSON,P01009,L01039,2024-05-26 05:01:12,2024-05-27 02:02:12,TRANSIT,,SRC007,0.92,EV02570,2026-03-10 23:57:24
MOV003407,VEHICLE,V00812,L00931,2025-10-11 00:24:54,2025-10-11 13:10:54,TRANSIT,V00091,SRC007,0.9,EV03847,2026-04-09 13:43:44
MOV003408,ORGANIZATION,O0217,L01977,2024-05-21 16:12:25,2024-05-22 12:11:25,TRANSIT,V01073,SRC012,0.96,EV00416,2025-03-27 12:35:20
MOV003409,VEHICLE,V00750,L01738,2024-04-30 17:34:50,2024-05-01 00:10:50,VISIT,,SRC025,0.88,EV01616,2025-05-06 11:43:05
MOV003410,ORGANIZATION,O0051,L02271,2024-08-19 12:57:49,2024-08-20 12:29:49,EXIT,V00383,SRC024,0.91,EV01848,2025-12-26 05:21:28
MOV003411,ORGANIZATION,O0303,L01178,2025-01-13 18:38:40,2025-01-13 22:17:40,ENTRY,V00123,SRC030,0.86,EV02066,2024-04-17 06:20:44
MOV003412,VEHICLE,V00071,L02258,2024-07-08 17:02:08,2024-07-08 18:21:08,TRANSIT,,SRC029,0.93,EV01368,2024-12-27 01:47:00
MOV003413,PERSON,P00422,L00874,2025-06-25 08:34:07,2025-06-25 19:01:07,EXIT,V01147,SRC020,0.77,EV04949,2025-01-04 10:46:46
MOV003414,PERSON,P00901,L01827,2024-06-23 14:38:08,2024-06-24 04:34:08,VISIT,,SRC017,0.95,EV01813,2026-07-27 09:56:19
MOV003415,PERSON,P01051,L01630,2026-08-08 16:57:28,2026-08-09 07:59:28,ENTRY,,SRC002,0.92,EV03535,2024-02-24 01:37:47
MOV003416,VEHICLE,V00554,L02110,2024-06-15 01:49:23,2024-06-15 15:39:23,VISIT,,SRC004,0.83,EV00703,2025-07-09 14:28:51
MOV003417,VEHICLE,V00781,L01120,2025-12-27 19:18:31,2025-12-28 13:46:31,TRANSIT,,SRC004,0.75,EV04991,2025-07-21 04:09:14
MOV003418,ORGANIZATION,O0321,L01026,2024-09-28 09:21:22,2024-09-28 10:37:22,TRANSIT,,SRC011,0.91,EV02121,2026-07-19 08:48:59
MOV003419,VEHICLE,V00020,L01059,2025-03-07 12:26:45,2025-03-07 22:41:45,EXIT,,SRC002,0.97,EV01541,2025-09-15 14:05:40
MOV003420,ORGANIZATION,O0445,L02148,2025-06-30 12:49:59,2025-06-30 14:23:59,EXIT,V00005,SRC015,0.94,EV02591,2026-04-12 01:01:18
MOV003421,PERSON,P01595,L00469,2025-04-07 05:42:57,2025-04-07 21:24:57,TRANSIT,V00247,SRC023,0.8,EV00343,2024-12-29 11:56:34
MOV003422,VEHICLE,V00560,L00778,2026-06-10 17:10:28,2026-06-11 11:04:28,VISIT,,SRC010,0.8,EV01653,2026-08-12 09:52:36
MOV003423,VEHICLE,V00686,L00819,2024-04-23 12:16:37,2024-04-23 21:19:37,EXIT,V00127,SRC019,0.87,EV00508,2026-08-07 05:45:20
MOV003424,ORGANIZATION,O0001,L00545,2025-10-03 00:24:04,2025-10-03 19:22:04,TRANSIT,V00090,SRC029,0.94,EV03106,2025-04-19 17:22:00
MOV003425,ORGANIZATION,O0470,L01371,2026-08-29 12:01:18,2026-08-29 22:10:18,TRANSIT,V00523,SRC007,0.91,EV01034,2025-02-13 04:40:11
MOV003426,PERSON,P03515,L01766,2025-10-06 07:48:57,2025-10-06 21:04:57,VISIT,,SRC005,0.96,EV04855,2024-08-28 22:47:36
MOV003427,PERSON,P00285,L02112,2024-02-23 23:18:40,2024-02-24 13:02:40,ENTRY,,SRC009,0.94,EV04079,2026-02-04 14:37:15
MOV003428,ORGANIZATION,O0150,L00922,2024-10-15 10:16:15,2024-10-16 05:37:15,TRANSIT,V00601,SRC007,0.76,EV02747,2024-05-09 14:45:42
MOV003429,ORGANIZATION,O0140,L00472,2026-07-11 05:34:13,2026-07-11 15:04:13,TRANSIT,,SRC004,0.9,EV01352,2024-08-13 16:53:35
MOV003430,PERSON,P01388,L00849,2025-07-28 15:56:20,2025-07-28 20:09:20,VISIT,V01020,SRC005,0.86,EV01916,2024-10-30 01:18:24
MOV003431,ORGANIZATION,O0170,L00384,2024-10-05 17:49:58,2024-10-06 12:04:58,ENTRY,V00824,SRC028,0.81,EV02507,2025-07-24 22:56:43
MOV003432,ORGANIZATION,O0347,L01476,2025-06-23 16:07:14,2025-06-24 14:26:14,ENTRY,V00564,SRC013,0.86,EV01598,2025-10-24 13:41:20
MOV003433,PERSON,P00552,L00506,2024-02-12 11:52:15,2024-02-13 03:00:15,EXIT,V00706,SRC001,0.82,EV00405,2024-07-10 02:12:25
MOV003434,PERSON,P00989,L00584,2026-07-16 20:28:34,2026-07-17 08:01:34,ENTRY,,SRC029,0.92,EV03251,2024-07-26 12:47:41
MOV003435,PERSON,P02126,L01144,2024-05-21 19:45:43,2024-05-22 02:32:43,TRANSIT,V00514,SRC028,0.82,EV02610,2025-06-12 00:08:15
MOV003436,VEHICLE,V00750,L00298,2024-09-04 19:03:54,2024-09-04 20:04:54,VISIT,,SRC024,0.9,EV00322,2024-02-12 04:06:23
MOV003437,ORGANIZATION,O0174,L01714,2025-03-31 05:52:22,2025-03-31 09:06:22,TRANSIT,,SRC002,0.96,EV02306,2025-08-10 07:32:34
MOV003438,PERSON,P03148,L01849,2026-06-23 23:21:22,2026-06-24 07:58:22,EXIT,V00847,SRC014,0.91,EV04163,2024-12-15 15:39:01
MOV003439,VEHICLE,V01110,L01544,2025-04-04 19:08:34,2025-04-05 16:53:34,ENTRY,V01011,SRC019,0.81,EV01606,2025-09-20 14:58:40
MOV003440,ORGANIZATION,O0076,L00805,2024-11-01 21:23:41,2024-11-02 19:18:41,ENTRY,,SRC010,0.97,EV00616,2024-07-04 21:55:26
MOV003441,PERSON,P03966,L01374,2025-06-25 23:33:34,2025-06-26 05:33:34,VISIT,,SRC006,0.96,EV02256,2026-02-20 03:59:07
MOV003442,VEHICLE,V00224,L01887,2024-11-16 04:04:55,2024-11-16 12:56:55,ENTRY,V00563,SRC026,0.91,EV02096,2026-03-08 20:45:26
MOV003443,ORGANIZATION,O0237,L00499,2024-12-30 01:55:20,2024-12-30 13:32:20,ENTRY,,SRC024,0.76,EV01472,2024-03-28 16:20:44
MOV003444,VEHICLE,V00258,L01712,2024-10-31 19:50:32,2024-11-01 00:15:32,ENTRY,,SRC025,0.75,EV03569,2026-02-10 16:38:06
MOV003445,VEHICLE,V00711,L01740,2025-05-20 06:57:04,2025-05-21 01:23:04,ENTRY,,SRC014,0.94,EV03106,2026-02-05 11:11:20
MOV003446,ORGANIZATION,O0403,L01169,2024-11-22 21:25:14,2024-11-23 14:50:14,TRANSIT,,SRC028,0.89,EV04434,2024-10-06 12:01:10
MOV003447,VEHICLE,V00799,L02370,2026-02-19 09:14:19,2026-02-20 07:44:19,TRANSIT,V00611,SRC004,0.92,EV03792,2025-10-03 13:21:58
MOV003448,ORGANIZATION,O0338,L00507,2025-06-07 08:51:58,2025-06-08 01:16:58,TRANSIT,,SRC007,0.96,EV02121,2024-08-29 05:15:45
MOV003449,PERSON,P00434,L00841,2026-06-11 13:28:37,2026-06-11 23:59:37,EXIT,,SRC007,0.87,EV01260,2025-11-02 03:52:08
MOV003450,VEHICLE,V00583,L01954,2025-04-15 08:32:16,2025-04-15 10:01:16,TRANSIT,,SRC015,0.98,EV04046,2024-04-11 20:51:03
MOV003451,ORGANIZATION,O0379,L01304,2026-08-05 19:48:53,2026-08-06 15:53:53,VISIT,V01123,SRC003,0.91,EV01127,2026-01-27 14:25:58
MOV003452,ORGANIZATION,O0368,L01814,2024-10-24 15:44:41,2024-10-25 00:21:41,EXIT,V00114,SRC024,0.8,EV02492,2024-08-21 21:38:37
MOV003453,PERSON,P00201,L00154,2025-11-01 06:12:14,2025-11-01 07:11:14,ENTRY,,SRC008,0.76,EV03386,2026-02-13 09:50:04
MOV003454,PERSON,P02707,L01314,2026-07-06 13:59:11,2026-07-07 01:53:11,ENTRY,,SRC005,0.9,EV01440,2025-11-29 07:33:42
MOV003455,VEHICLE,V00905,L01876,2024-08-11 17:35:58,2024-08-12 15:04:58,VISIT,V00686,SRC028,0.82,EV03533,2025-12-20 01:27:25
MOV003456,PERSON,P02972,L01055,2026-06-24 21:41:38,2026-06-25 02:37:38,ENTRY,,SRC004,0.92,EV01349,2026-02-24 06:17:54
MOV003457,ORGANIZATION,O0439,L02476,2025-01-10 13:21:55,2025-01-10 21:44:55,EXIT,V00845,SRC009,0.76,EV01952,2024-01-21 14:48:35
MOV003458,ORGANIZATION,O0174,L02157,2025-04-22 03:26:36,2025-04-22 05:08:36,VISIT,V00030,SRC008,0.8,EV03024,2024-09-01 17:47:08
MOV003459,PERSON,P03928,L02029,2025-09-17 09:45:00,2025-09-18 03:55:00,ENTRY,,SRC007,0.85,EV02537,2024-10-10 17:31:45
MOV003460,ORGANIZATION,O0458,L02279,2026-08-05 06:53:47,2026-08-05 12:32:47,VISIT,,SRC006,0.78,EV03824,2026-05-27 20:24:33
MOV003461,PERSON,P00561,L00425,2026-02-12 15:21:22,2026-02-12 21:37:22,VISIT,,SRC002,0.82,EV03098,2024-09-18 14:54:32
MOV003462,VEHICLE,V00193,L00289,2025-08-29 01:45:39,2025-08-29 13:05:39,ENTRY,,SRC028,0.78,EV03690,2025-01-27 17:13:15
MOV003463,ORGANIZATION,O0234,L01792,2025-03-25 18:08:34,2025-03-25 21:06:34,TRANSIT,,SRC023,0.77,EV00407,2024-09-30 04:14:53
MOV003464,VEHICLE,V00608,L02175,2026-08-01 17:22:37,2026-08-02 07:09:37,ENTRY,V00071,SRC017,0.86,EV01400,2026-05-12 11:26:15
MOV003465,VEHICLE,V00204,L02046,2025-02-16 22:22:06,2025-02-17 05:24:06,TRANSIT,,SRC014,0.9,EV01826,2026-07-30 08:28:50
MOV003466,ORGANIZATION,O0221,L01774,2024-05-17 01:37:32,2024-05-17 21:30:32,ENTRY,V00364,SRC025,0.92,EV04136,2026-03-18 23:38:38
MOV003467,PERSON,P02689,L01362,2025-02-06 13:00:37,2025-02-06 21:02:37,TRANSIT,,SRC029,0.75,EV02972,2024-08-28 14:14:10
MOV003468,VEHICLE,V00555,L01984,2024-03-14 20:30:27,2024-03-15 07:20:27,ENTRY,V01102,SRC023,0.78,EV00508,2026-06-23 11:51:41
MOV003469,VEHICLE,V01161,L02251,2025-10-11 05:51:25,2025-10-11 22:23:25,VISIT,,SRC028,0.83,EV04359,2025-08-05 17:45:08
MOV003470,ORGANIZATION,O0018,L00548,2024-08-12 23:29:52,2024-08-13 08:42:52,EXIT,V00389,SRC015,0.83,EV04868,2026-07-18 09:22:04
MOV003471,VEHICLE,V00935,L00752,2024-10-20 03:17:00,2024-10-20 04:27:00,TRANSIT,,SRC015,0.88,EV04068,2024-02-06 00:12:08
MOV003472,VEHICLE,V00404,L01705,2025-07-23 18:06:00,2025-07-24 13:43:00,TRANSIT,V00683,SRC008,0.77,EV04567,2024-02-01 12:51:44
MOV003473,VEHICLE,V00290,L00469,2025-05-28 21:10:50,2025-05-29 15:54:50,EXIT,,SRC022,0.75,EV01755,2026-01-08 16:50:23
MOV003474,PERSON,P00929,L00804,2025-05-13 05:44:36,2025-05-14 03:31:36,ENTRY,V00407,SRC020,0.83,EV04277,2024-06-10 22:23:48
MOV003475,ORGANIZATION,O0176,L00069,2026-05-28 02:35:08,2026-05-28 07:59:08,TRANSIT,V00570,SRC018,0.84,EV01463,2024-03-18 14:25:45
MOV003476,VEHICLE,V00338,L01992,2024-06-10 13:57:27,2024-06-11 02:59:27,ENTRY,V00226,SRC002,0.86,EV01690,2025-12-21 13:48:52
MOV003477,VEHICLE,V00038,L00950,2025-06-23 04:08:17,2025-06-23 12:19:17,TRANSIT,V00827,SRC013,0.82,EV02754,2026-01-17 10:42:51
MOV003478,PERSON,P01020,L01297,2024-03-02 14:36:07,2024-03-03 13:50:07,EXIT,V00041,SRC013,0.84,EV01460,2024-03-08 10:48:08
MOV003479,VEHICLE,V00078,L01191,2025-08-23 15:43:43,2025-08-24 01:38:43,ENTRY,,SRC017,0.81,EV03905,2024-08-03 12:17:30
MOV003480,PERSON,P03123,L02268,2025-01-25 17:38:18,2025-01-26 11:42:18,ENTRY,V00029,SRC011,0.86,EV04183,2024-01-01 23:26:32
MOV003481,ORGANIZATION,O0134,L02376,2024-10-02 04:44:53,2024-10-02 12:17:53,ENTRY,V00593,SRC008,0.76,EV04584,2025-02-13 20:15:28
MOV003482,ORGANIZATION,O0111,L01550,2025-04-21 11:55:33,2025-04-21 17:09:33,EXIT,,SRC012,0.77,EV01160,2025-10-26 15:01:18
MOV003483,PERSON,P01803,L01504,2024-04-10 18:20:57,2024-04-11 09:34:57,EXIT,V00230,SRC023,0.79,EV02871,2024-07-31 06:08:57
MOV003484,PERSON,P02769,L01416,2024-10-26 08:58:44,2024-10-27 05:07:44,VISIT,,SRC013,0.77,EV02443,2024-05-16 17:29:19
MOV003485,ORGANIZATION,O0176,L00958,2025-10-31 02:26:39,2025-10-31 22:43:39,EXIT,V01187,SRC002,0.81,EV01415,2024-01-06 20:25:18
MOV003486,ORGANIZATION,O0453,L02236,2026-07-24 18:26:29,2026-07-25 02:11:29,EXIT,,SRC012,0.83,EV02732,2025-02-03 23:53:48
MOV003487,PERSON,P00771,L00530,2026-06-02 18:15:45,2026-06-03 02:52:45,EXIT,,SRC010,0.91,EV03234,2026-02-13 12:32:47
MOV003488,PERSON,P00070,L01979,2024-01-13 21:49:00,2024-01-14 13:42:00,ENTRY,,SRC009,0.79,EV04776,2025-06-27 03:16:42
MOV003489,ORGANIZATION,O0217,L00975,2026-03-30 04:20:16,2026-03-30 18:44:16,EXIT,,SRC006,0.92,EV02681,2026-05-31 06:23:14
MOV003490,VEHICLE,V00812,L00394,2024-11-14 21:40:10,2024-11-15 06:06:10,EXIT,,SRC020,0.86,EV04892,2025-02-23 00:06:33
MOV003491,VEHICLE,V00295,L00327,2024-10-02 11:59:37,2024-10-02 23:13:37,VISIT,,SRC006,0.82,EV04041,2025-03-11 13:18:09
MOV003492,VEHICLE,V01189,L00142,2025-02-27 17:48:00,2025-02-27 22:27:00,ENTRY,,SRC006,0.91,EV04083,2024-05-10 09:08:09
MOV003493,PERSON,P03758,L02132,2024-11-11 23:35:04,2024-11-12 13:08:04,TRANSIT,V00781,SRC023,0.82,EV01099,2026-04-14 18:57:52
MOV003494,VEHICLE,V00582,L01652,2024-07-22 17:08:06,2024-07-23 00:19:06,TRANSIT,,SRC029,0.91,EV00194,2025-11-19 08:02:26
MOV003495,ORGANIZATION,O0229,L00824,2024-02-18 19:40:44,2024-02-19 17:01:44,ENTRY,,SRC011,0.98,EV03317,2024-05-16 11:24:43
MOV003496,VEHICLE,V00968,L00565,2025-03-05 16:25:29,2025-03-06 12:53:29,EXIT,,SRC008,0.85,EV04866,2024-11-27 13:12:39
MOV003497,PERSON,P02625,L00069,2026-08-12 13:30:09,2026-08-12 17:00:09,TRANSIT,V00539,SRC020,0.82,EV04644,2026-05-16 16:37:17
MOV003498,ORGANIZATION,O0326,L00887,2024-12-25 05:18:09,2024-12-25 19:54:09,EXIT,,SRC024,0.78,EV01991,2025-11-27 01:54:21
MOV003499,VEHICLE,V00549,L01563,2024-10-08 06:32:30,2024-10-08 14:45:30,ENTRY,,SRC010,0.9,EV00169,2026-07-05 06:57:27
MOV003500,VEHICLE,V00381,L02174,2025-12-30 09:09:25,2025-12-30 20:56:25,ENTRY,V01081,SRC020,0.96,EV03314,2025-05-07 18:58:54
