account_id,account_number_hash,account_type,account_holder_person_id,account_holder_organization_id,financial_institution,branch_code,account_opening_date,account_closing_date,status,source_id,confidence_score,created_at,updated_at
A00001,ACCT4194830158,Savings,,O0397,HDFC Bank,BR6143,2020-06-15,,Dormant,SRC020,0.84,2024-07-02 02:09:16,2026-04-30 19:47:24
A00002,ACCT9650481209,Business,P03792,,ICICI Bank,BR4589,2023-10-22,,Closed,SRC016,0.96,2024-10-22 16:11:29,2025-01-23 05:59:04
A00003,ACCT2209413623,Savings,,O0452,Punjab National Bank,BR3210,2024-01-21,,Dormant,SRC026,0.91,2024-01-21 22:40:49,2025-09-09 07:51:39
A00004,ACCT5578857503,Business,,O0164,State Bank of India,BR2790,2023-01-31,,Dormant,SRC022,0.98,2025-06-04 09:28:32,2026-01-10 01:57:05
A00005,ACCT5107474974,Business,P03238,,State Bank of India,BR1750,2019-03-27,,Active,SRC002,0.97,2026-06-13 13:07:39,2026-07-06 06:07:39
A00006,ACCT9686881798,Current,P02041,,State Bank of India,BR2301,2017-09-30,,Active,SRC029,0.83,2025-07-19 01:58:00,2025-10-28 01:04:29
A00007,ACCT3304512685,Business,P03321,,Punjab National Bank,BR9064,2025-06-16,,Closed,SRC020,0.88,2024-08-29 08:58:13,2025-12-08 22:41:07
A00008,ACCT1587241842,Savings,P03972,,ICICI Bank,BR4093,2017-08-26,,Under Review,SRC009,0.9,2026-06-15 04:39:59,2026-07-09 01:39:59
A00009,ACCT2262030472,Business,P00621,,State Bank of India,BR4566,2019-05-27,,Dormant,SRC028,0.93,2025-11-04 17:11:18,2025-11-09 16:11:18
A00010,ACCT4435098266,Business,,O0136,Bank of Baroda,BR1454,2024-03-12,2025-06-04,Dormant,SRC010,0.94,2025-03-16 05:18:38,2025-03-20 08:33:00
A00011,ACCT4993887339,Current,P02296,,State Bank of India,BR8513,2024-03-17,,Under Review,SRC009,0.85,2025-07-27 18:58:33,2026-01-17 16:50:03
A00012,ACCT5008764282,Business,P03693,,ICICI Bank,BR5433,2021-04-02,,Active,SRC022,0.84,2024-11-28 23:21:29,2026-02-02 05:00:01
A00013,ACCT9192924928,Savings,P00231,,Punjab National Bank,BR3714,2017-04-23,,Active,SRC016,0.96,2025-06-28 01:04:20,2025-07-20 09:04:20
A00014,ACCT8914361754,Business,P00771,,ICICI Bank,BR9664,2018-10-04,,Active,SRC027,0.87,2024-05-06 15:34:36,2025-07-19 23:05:31
A00015,ACCT9081792722,Business,P01361,,HDFC Bank,BR8944,2018-10-10,,Active,SRC001,0.87,2025-02-25 17:50:58,2025-04-08 09:28:33
A00016,ACCT8987751033,Savings,,O0291,HDFC Bank,BR4766,2024-07-20,,Dormant,SRC008,0.89,2024-11-28 03:40:06,2024-12-13 16:27:20
A00017,ACCT8472009542,Business,P00137,,Punjab National Bank,BR6011,2021-05-26,,Closed,SRC021,0.89,2024-04-24 10:31:12,2025-12-19 03:54:02
A00018,ACCT8095897879,Current,,O0183,State Bank of India,BR1621,2022-09-08,,Dormant,SRC012,0.82,2024-06-02 17:13:58,2024-08-07 10:01:30
A00019,ACCT6065028701,Business,P00410,,HDFC Bank,BR2091,2018-01-27,,Dormant,SRC027,0.83,2024-09-10 01:34:47,2025-09-05 12:40:30
A00020,ACCT2458218795,Savings,P02306,,Punjab National Bank,BR9705,2017-04-14,,Closed,SRC025,0.84,2024-10-10 22:42:56,2026-04-16 10:57:13
A00021,ACCT7437427355,Current,P01398,,State Bank of India,BR6436,2019-04-05,,Dormant,SRC017,0.95,2026-03-23 15:40:01,2026-04-14 11:40:01
A00022,ACCT7702993856,Savings,P01056,,ICICI Bank,BR9612,2023-03-02,,Under Review,SRC005,0.99,2025-09-28 15:38:40,2025-10-21 13:38:40
A00023,ACCT9925483661,Current,P03136,,ICICI Bank,BR1186,2019-06-16,,Active,SRC026,0.93,2025-03-13 11:22:31,2025-10-10 19:56:47
A00024,ACCT3782009152,Business,,O0442,State Bank of India,BR5921,2024-10-21,,Dormant,SRC022,0.96,2026-01-17 21:07:55,2026-05-18 17:53:57
A00025,ACCT5313886364,Savings,P03482,,Punjab National Bank,BR9056,2018-12-03,,Closed,SRC028,0.83,2025-10-06 10:09:01,2026-05-05 22:07:37
A00026,ACCT1261689750,Savings,P00986,,ICICI Bank,BR6597,2022-03-09,2026-02-15,Dormant,SRC007,0.89,2024-07-27 14:00:33,2024-08-24 19:00:33
A00027,ACCT5255071671,Savings,P01300,,Bank of Baroda,BR9309,2019-11-25,,Closed,SRC025,0.8,2026-01-08 03:30:10,2026-02-02 06:30:10
A00028,ACCT2759369064,Savings,P00554,,HDFC Bank,BR4347,2021-02-23,,Dormant,SRC001,0.82,2025-08-31 20:38:53,2025-09-04 02:38:53
A00029,ACCT4266260284,Current,P01050,,HDFC Bank,BR1880,2017-01-21,,Closed,SRC028,0.93,2025-10-09 17:28:48,2026-06-30 02:27:31
A00030,ACCT1578603771,Business,P02741,,Punjab National Bank,BR3114,2023-04-09,,Dormant,SRC013,0.93,2026-08-05 10:14:03,2026-08-19 11:05:59
A00031,ACCT2902627693,Savings,P00263,,State Bank of India,BR9636,2017-10-08,,Closed,SRC012,0.81,2026-05-10 11:33:53,2026-06-03 10:33:53
A00032,ACCT6546235234,Business,P02300,,State Bank of India,BR7133,2023-07-07,,Dormant,SRC015,0.86,2024-07-19 21:46:44,2026-04-20 21:49:04
A00033,ACCT1035215242,Business,P00945,,Punjab National Bank,BR2581,2019-03-02,,Closed,SRC024,0.91,2024-10-31 08:44:08,2024-11-01 08:44:08
A00034,ACCT4380821276,Current,P00616,,Punjab National Bank,BR2080,2017-01-02,,Closed,SRC016,0.93,2026-07-02 17:28:37,2026-07-05 19:28:37
A00035,ACCT8467845513,Current,P03257,,Punjab National Bank,BR1127,2026-03-08,,Dormant,SRC010,0.81,2026-05-16 13:37:46,2026-05-23 22:37:46
A00036,ACCT1679498092,Savings,P03688,,HDFC Bank,BR8491,2025-04-05,2025-08-22,Active,SRC030,0.93,2026-06-24 05:29:06,2026-07-08 13:29:06
A00037,ACCT1141485726,Business,,O0055,HDFC Bank,BR3472,2022-08-10,,Active,SRC006,0.94,2025-12-22 06:11:23,2026-01-20 04:11:23
A00038,ACCT3604267409,Savings,,O0411,Bank of Baroda,BR9490,2017-01-20,,Dormant,SRC017,0.85,2024-06-20 16:59:25,2024-10-05 03:01:27
A00039,ACCT4795133047,Savings,P01113,,Bank of Baroda,BR9292,2026-08-23,2025-05-18,Under Review,SRC003,0.87,2026-08-03 09:55:51,2026-08-27 15:55:51
A00040,ACCT8142976537,Savings,P03857,,Punjab National Bank,BR3891,2017-11-03,,Closed,SRC008,0.84,2024-08-24 05:22:58,2024-08-24 13:22:58
A00041,ACCT6714404332,Current,P03867,,Bank of Baroda,BR3816,2023-08-01,,Dormant,SRC015,0.81,2024-01-18 06:12:29,2026-07-20 20:16:10
A00042,ACCT2744910590,Savings,P00634,,Bank of Baroda,BR6689,2018-09-23,,Active,SRC015,0.96,2025-04-08 07:11:51,2025-05-06 21:11:51
A00043,ACCT4279451302,Savings,P03246,,ICICI Bank,BR5378,2018-03-17,,Closed,SRC021,0.91,2024-07-04 14:36:48,2025-08-15 01:46:54
A00044,ACCT9250722872,Savings,P01178,,HDFC Bank,BR6343,2025-06-24,,Closed,SRC010,0.86,2024-05-22 21:25:59,2024-06-20 15:25:59
A00045,ACCT5110265971,Current,P00204,,State Bank of India,BR5984,2021-10-03,,Active,SRC021,0.84,2024-02-02 01:21:41,2025-06-05 00:24:36
A00046,ACCT7912443554,Current,,O0309,HDFC Bank,BR3261,2023-02-16,,Under Review,SRC018,0.94,2026-04-22 16:49:24,2026-04-30 08:49:24
A00047,ACCT4661268061,Business,P03528,,Punjab National Bank,BR1407,2024-07-17,,Active,SRC029,0.85,2025-03-03 08:01:45,2025-03-27 17:01:45
A00048,ACCT3695253594,Business,P01259,,HDFC Bank,BR9207,2019-07-11,,Dormant,SRC017,0.86,2026-03-22 11:47:04,2026-03-23 11:47:04
A00049,ACCT1031001369,Current,,O0476,ICICI Bank,BR1213,2023-02-17,,Under Review,SRC016,0.92,2024-07-11 23:47:39,2026-08-10 00:07:38
A00050,ACCT3488352322,Business,P02399,,Bank of Baroda,BR2595,2025-01-16,,Active,SRC004,0.95,2025-01-07 08:11:14,2025-01-22 23:11:14
A00051,ACCT8240558688,Business,,O0066,HDFC Bank,BR8800,2024-11-30,2025-01-11,Dormant,SRC021,0.8,2024-02-13 15:20:50,2026-08-24 21:49:58
A00052,ACCT7778058189,Savings,P00061,,Bank of Baroda,BR4135,2017-10-26,,Under Review,SRC025,0.96,2024-12-25 22:29:53,2026-02-23 04:24:15
A00053,ACCT3301561619,Current,P00983,,HDFC Bank,BR5463,2022-10-09,,Closed,SRC009,0.99,2025-05-21 01:57:41,2025-06-01 19:20:26
A00054,ACCT3944405600,Business,P01084,,Bank of Baroda,BR5460,2021-03-17,,Under Review,SRC030,0.9,2024-01-02 01:29:13,2024-02-03 20:42:53
A00055,ACCT4799933267,Savings,P02240,,Bank of Baroda,BR1817,2026-05-28,2025-06-29,Under Review,SRC012,0.86,2024-05-21 16:20:16,2024-05-22 10:20:16
A00056,ACCT8490768983,Current,P01055,,Punjab National Bank,BR5856,2024-07-21,,Closed,SRC021,0.85,2024-10-13 07:01:08,2026-06-08 23:18:07
A00057,ACCT8647084527,Savings,P03906,,State Bank of India,BR9129,2022-05-27,,Active,SRC016,0.89,2024-11-21 18:03:10,2025-08-18 08:32:50
A00058,ACCT4126105274,Savings,P00405,,ICICI Bank,BR5940,2026-05-14,,Under Review,SRC011,0.91,2025-08-10 13:51:47,2025-08-18 03:51:47
A00059,ACCT9943422317,Current,P00823,,HDFC Bank,BR8435,2026-08-14,,Under Review,SRC013,0.89,2024-01-15 07:28:01,2026-01-01 14:19:39
A00060,ACCT4743081496,Business,P01151,,HDFC Bank,BR5090,2019-04-08,,Closed,SRC013,0.82,2025-10-14 02:44:01,2025-11-07 15:44:01
A00061,ACCT3955338248,Savings,P03931,,ICICI Bank,BR9756,2024-02-23,,Dormant,SRC025,0.89,2026-07-30 08:51:39,2026-08-08 14:51:39
A00062,ACCT7071901321,Business,,O0021,State Bank of India,BR9716,2019-09-30,,Active,SRC017,0.99,2025-02-13 22:21:23,2025-02-22 04:21:23
A00063,ACCT9417524891,Current,,O0491,HDFC Bank,BR3760,2017-07-25,,Dormant,SRC004,0.84,2024-12-17 00:10:24,2024-12-21 02:10:24
A00064,ACCT5517501743,Current,P00450,,Axis Bank,BR5199,2023-06-09,,Active,SRC007,0.95,2025-05-25 14:10:52,2025-06-22 01:10:52
A00065,ACCT9202489054,Current,P02624,,State Bank of India,BR2499,2019-09-11,,Active,SRC022,0.95,2024-09-18 01:14:46,2025-11-16 22:37:21
A00066,ACCT5547568729,Savings,P03749,,Axis Bank,BR8998,2018-08-27,2024-11-12,Active,SRC015,0.85,2025-01-01 13:23:59,2025-08-27 10:49:15
A00067,ACCT6533990246,Business,P01319,,State Bank of India,BR6543,2025-03-02,,Closed,SRC015,0.97,2025-10-23 07:23:16,2026-01-28 17:55:54
A00068,ACCT5993236267,Business,P03645,,Axis Bank,BR7888,2021-12-11,,Dormant,SRC024,0.81,2026-07-23 00:46:13,2026-08-17 19:46:13
A00069,ACCT9315084147,Business,P01772,,State Bank of India,BR9709,2019-12-18,,Active,SRC008,0.95,2024-03-22 00:33:40,2024-04-14 05:33:40
A00070,ACCT2524769592,Business,,O0418,State Bank of India,BR7286,2019-07-22,2025-11-25,Active,SRC017,0.87,2026-03-05 15:53:07,2026-03-27 17:53:07
A00071,ACCT7757691833,Savings,P01874,,ICICI Bank,BR9321,2017-10-31,,Dormant,SRC001,0.83,2024-04-04 13:19:18,2024-05-17 01:09:30
A00072,ACCT7265912868,Current,P03825,,Axis Bank,BR2527,2023-05-28,,Dormant,SRC019,0.9,2024-06-20 12:08:08,2026-08-13 22:49:34
A00073,ACCT5822644981,Current,P00897,,Punjab National Bank,BR1963,2016-10-30,,Under Review,SRC021,0.94,2025-04-20 16:50:29,2026-08-21 10:17:49
A00074,ACCT9043269250,Current,,O0378,Punjab National Bank,BR6552,2026-06-25,,Active,SRC028,0.83,2025-07-30 15:33:55,2026-08-06 22:59:18
A00075,ACCT6159791300,Savings,,O0054,Punjab National Bank,BR1553,2023-09-24,,Active,SRC014,0.91,2026-07-13 08:09:00,2026-07-27 15:09:00
A00076,ACCT1390443721,Savings,P03259,,Bank of Baroda,BR2830,2016-09-11,2026-07-02,Under Review,SRC026,0.88,2024-06-04 11:16:48,2024-12-07 06:04:35
A00077,ACCT4739594766,Savings,,O0055,HDFC Bank,BR2787,2020-07-27,,Active,SRC001,0.83,2025-05-24 01:33:40,2025-08-09 00:00:17
A00078,ACCT3438734140,Current,P02442,,Punjab National Bank,BR8586,2023-12-26,,Under Review,SRC014,0.99,2026-03-03 07:50:12,2026-06-17 08:54:13
A00079,ACCT2769352802,Savings,P03777,,Bank of Baroda,BR7436,2020-05-01,,Active,SRC026,0.94,2024-10-17 02:14:15,2024-11-13 16:14:15
A00080,ACCT8620495435,Savings,P02045,,Bank of Baroda,BR1660,2021-02-04,2025-01-26,Under Review,SRC005,0.91,2026-04-10 03:09:23,2026-05-04 20:09:23
A00081,ACCT2385224583,Savings,P03894,,ICICI Bank,BR7199,2025-09-18,,Closed,SRC009,0.93,2026-03-30 18:02:44,2026-04-03 13:02:44
A00082,ACCT1191338554,Current,,O0016,Bank of Baroda,BR9357,2020-05-28,,Active,SRC028,0.82,2024-02-20 09:10:27,2024-07-31 16:28:52
A00083,ACCT1293069449,Business,P00103,,ICICI Bank,BR1203,2023-04-17,,Closed,SRC010,0.86,2025-09-28 15:59:50,2026-08-23 06:42:03
A00084,ACCT1247014069,Current,P00183,,ICICI Bank,BR6130,2018-01-14,,Active,SRC009,0.92,2024-08-07 13:28:59,2024-12-20 03:02:05
A00085,ACCT6540314352,Current,P01046,,Axis Bank,BR5548,2022-02-04,2026-02-07,Dormant,SRC016,0.89,2026-07-10 04:14:45,2026-08-02 07:14:45
A00086,ACCT6508951017,Savings,,O0070,Punjab National Bank,BR8663,2024-08-09,,Dormant,SRC002,0.98,2024-03-25 09:56:50,2024-04-07 21:56:50
A00087,ACCT2446140265,Savings,P00263,,State Bank of India,BR5155,2019-11-23,,Dormant,SRC029,0.84,2024-08-25 02:33:08,2025-01-30 01:17:18
A00088,ACCT6227549423,Business,P00876,,ICICI Bank,BR3070,2025-01-03,,Closed,SRC029,0.86,2025-01-15 19:37:47,2025-03-20 13:45:40
A00089,ACCT2824647567,Savings,P00918,,Punjab National Bank,BR8805,2017-08-03,,Active,SRC018,0.8,2026-03-25 09:07:46,2026-04-19 01:07:46
A00090,ACCT3888817634,Business,,O0101,HDFC Bank,BR9771,2019-07-22,,Dormant,SRC017,0.93,2025-04-12 01:12:40,2025-04-16 06:12:40
A00091,ACCT4608919028,Business,P00113,,HDFC Bank,BR7958,2020-07-29,,Closed,SRC022,0.81,2024-11-28 15:58:10,2025-03-29 14:51:11
A00092,ACCT7395894266,Current,P03442,,Punjab National Bank,BR8609,2017-12-03,,Under Review,SRC006,0.92,2025-07-27 09:41:54,2025-08-26 13:21:49
A00093,ACCT3525725194,Savings,P02650,,State Bank of India,BR1935,2019-05-26,,Closed,SRC018,0.95,2025-07-05 23:29:01,2025-07-09 03:29:01
A00094,ACCT4038222681,Current,P00359,,Punjab National Bank,BR4299,2023-02-04,,Dormant,SRC016,0.87,2025-08-23 00:31:37,2025-09-01 12:31:37
A00095,ACCT6191020135,Business,P00173,,ICICI Bank,BR8406,2025-11-20,2024-12-07,Active,SRC028,0.95,2025-09-16 03:09:57,2025-09-22 10:09:57
A00096,ACCT9019168741,Current,P00717,,State Bank of India,BR3869,2020-08-09,,Under Review,SRC015,0.83,2024-04-11 14:09:17,2026-03-26 21:24:24
A00097,ACCT1733816232,Savings,P02997,,Bank of Baroda,BR1880,2024-07-21,,Closed,SRC014,0.87,2024-03-01 22:22:48,2025-03-15 17:38:08
A00098,ACCT7872847484,Business,,O0019,ICICI Bank,BR3895,2022-09-20,,Closed,SRC007,0.95,2024-06-21 21:02:37,2025-07-31 19:20:29
A00099,ACCT5655160080,Business,P00360,,ICICI Bank,BR8219,2024-12-02,2025-01-17,Active,SRC010,0.8,2026-06-18 04:05:44,2026-06-20 09:05:44
A00100,ACCT7814006904,Current,P03608,,Punjab National Bank,BR2566,2023-06-23,,Closed,SRC011,0.84,2026-03-07 02:07:42,2026-04-03 21:07:42
A00101,ACCT9249903300,Savings,P00824,,Axis Bank,BR7211,2016-11-19,,Closed,SRC018,0.95,2025-10-01 08:06:28,2025-10-03 12:06:28
A00102,ACCT3355033553,Business,P00022,,Punjab National Bank,BR4263,2018-07-19,,Active,SRC016,0.87,2024-05-14 09:43:43,2024-08-18 13:36:54
A00103,ACCT5127905501,Business,P03017,,Axis Bank,BR2079,2018-01-05,,Closed,SRC015,0.95,2024-01-22 20:22:06,2025-05-23 06:48:47
A00104,ACCT6540489466,Savings,P00793,,Punjab National Bank,BR4449,2020-04-24,,Under Review,SRC026,0.87,2024-10-31 05:12:57,2024-11-05 23:45:48
A00105,ACCT7802791489,Savings,P03406,,HDFC Bank,BR3238,2024-09-26,,Active,SRC021,0.93,2024-04-03 01:02:52,2025-04-20 17:00:09
A00106,ACCT5676331285,Savings,P02108,,Bank of Baroda,BR5495,2017-08-23,,Under Review,SRC010,0.86,2026-03-14 03:29:19,2026-05-14 09:07:32
A00107,ACCT2961956579,Business,,O0328,Axis Bank,BR7046,2022-12-02,,Active,SRC018,0.87,2025-08-04 20:04:42,2026-08-02 07:00:08
A00108,ACCT1795051473,Current,P03096,,ICICI Bank,BR7289,2017-07-12,,Dormant,SRC016,0.85,2025-02-22 12:22:05,2025-03-02 22:22:05
A00109,ACCT5633332453,Business,,O0416,Bank of Baroda,BR9555,2024-11-14,,Dormant,SRC019,0.82,2025-07-18 05:49:33,2025-11-13 00:35:04
A00110,ACCT3195094815,Business,P03167,,Punjab National Bank,BR1910,2024-02-23,2025-01-02,Under Review,SRC023,0.96,2025-07-22 01:18:33,2025-08-12 17:18:33
A00111,ACCT6060834911,Savings,P01815,,Axis Bank,BR3734,2024-06-07,2024-12-20,Under Review,SRC022,0.92,2024-10-18 23:44:30,2024-12-26 01:56:40
A00112,ACCT1279209532,Savings,P03338,,State Bank of India,BR2064,2021-06-20,,Closed,SRC021,0.97,2026-08-06 17:18:49,2026-08-07 05:18:49
A00113,ACCT8343011815,Business,,O0007,Bank of Baroda,BR3804,2024-09-05,,Dormant,SRC003,0.85,2025-01-02 15:22:12,2025-10-15 03:22:58
A00114,ACCT3839044311,Current,P02079,,HDFC Bank,BR2768,2022-01-03,,Closed,SRC030,0.89,2024-12-21 16:08:30,2025-07-15 21:46:43
A00115,ACCT9690055636,Business,P01463,,ICICI Bank,BR7770,2025-12-21,2025-06-12,Active,SRC015,0.87,2026-02-22 09:51:12,2026-03-13 15:51:12
A00116,ACCT7147047513,Business,P03253,,ICICI Bank,BR8541,2025-09-27,,Closed,SRC005,0.82,2026-04-13 19:26:55,2026-08-11 11:07:55
A00117,ACCT3913147992,Current,P03768,,Punjab National Bank,BR6224,2018-07-29,,Active,SRC014,0.83,2025-02-18 14:26:57,2025-03-13 12:26:57
A00118,ACCT3068798715,Savings,P01874,,HDFC Bank,BR1742,2020-07-02,,Under Review,SRC030,0.92,2026-07-25 07:23:12,2026-07-31 15:23:12
A00119,ACCT9088524124,Current,P03339,,Punjab National Bank,BR9231,2024-09-07,,Dormant,SRC006,0.84,2024-02-13 13:11:18,2024-11-10 13:16:58
A00120,ACCT9256953105,Savings,P00509,,State Bank of India,BR1074,2026-06-30,,Dormant,SRC005,0.93,2024-10-02 23:03:59,2025-06-22 00:55:00
A00121,ACCT8924317037,Current,P03030,,Axis Bank,BR5574,2024-03-15,,Under Review,SRC007,0.86,2026-07-13 22:07:16,2026-07-24 09:07:16
A00122,ACCT6411888532,Current,,O0017,Punjab National Bank,BR5447,2018-11-06,,Active,SRC018,0.96,2024-08-27 16:33:27,2025-06-20 18:04:20
A00123,ACCT8508573548,Savings,P00943,,HDFC Bank,BR7888,2024-08-31,,Dormant,SRC024,0.88,2025-08-01 16:12:36,2025-08-21 03:12:36
A00124,ACCT1825204850,Current,P02166,,State Bank of India,BR5268,2025-01-29,,Dormant,SRC013,0.89,2024-11-11 17:46:52,2025-10-16 09:26:20
A00125,ACCT7604131255,Current,P00866,,HDFC Bank,BR8152,2023-05-13,,Active,SRC012,0.88,2026-03-10 09:52:30,2026-03-18 10:52:30
A00126,ACCT3644084365,Savings,P02280,,ICICI Bank,BR2069,2016-10-01,,Active,SRC003,0.91,2024-01-19 18:09:03,2026-03-05 18:44:40
A00127,ACCT4775325141,Business,P02918,,Punjab National Bank,BR3732,2018-08-03,,Closed,SRC028,0.83,2024-01-30 21:08:42,2026-07-13 08:29:58
A00128,ACCT7374601869,Savings,P03245,,Bank of Baroda,BR8343,2024-06-18,,Active,SRC020,0.93,2025-04-17 04:49:32,2025-11-23 06:11:27
A00129,ACCT3460902034,Business,,O0017,State Bank of India,BR9171,2026-02-18,,Closed,SRC004,0.92,2024-09-12 21:51:02,2025-02-21 02:44:55
A00130,ACCT8078653912,Business,,O0013,ICICI Bank,BR2152,2020-02-21,,Active,SRC016,0.84,2026-08-09 02:09:26,2026-08-18 10:09:26
A00131,ACCT4057197298,Current,P00282,,Punjab National Bank,BR9904,2017-12-19,,Active,SRC028,0.91,2026-08-19 14:35:45,2026-09-04 03:35:45
A00132,ACCT8735253518,Business,,O0362,Bank of Baroda,BR1560,2018-11-15,,Under Review,SRC023,0.86,2026-02-25 00:42:00,2026-03-19 05:42:00
A00133,ACCT1097689202,Business,P01644,,Punjab National Bank,BR7996,2023-09-01,,Dormant,SRC010,0.96,2024-12-27 12:13:01,2025-01-12 16:13:01
A00134,ACCT7289920673,Business,P03382,,Axis Bank,BR9680,2025-03-10,,Closed,SRC002,0.94,2026-03-27 00:29:15,2026-03-31 21:29:15
A00135,ACCT8096780455,Savings,,O0092,Punjab National Bank,BR5528,2017-09-30,,Active,SRC011,0.83,2024-07-29 20:48:10,2026-06-05 14:58:02
A00136,ACCT1217889235,Savings,P03488,,ICICI Bank,BR2158,2026-08-07,,Active,SRC020,0.99,2024-12-14 16:19:22,2024-12-28 19:19:22
A00137,ACCT4660054411,Current,P00336,,Punjab National Bank,BR9142,2020-04-26,,Closed,SRC011,0.86,2026-02-24 21:03:00,2026-03-14 00:03:00
A00138,ACCT7639175100,Savings,P02541,,Bank of Baroda,BR2055,2018-09-10,2025-03-09,Active,SRC028,0.94,2024-05-24 01:32:11,2025-02-17 02:06:05
A00139,ACCT5394265387,Current,P03168,,Axis Bank,BR8921,2018-06-28,2025-12-10,Active,SRC026,0.86,2025-10-09 05:24:06,2025-10-14 11:24:06
A00140,ACCT5765315796,Current,P01635,,Bank of Baroda,BR9340,2024-02-23,,Dormant,SRC016,0.97,2024-03-28 07:37:12,2026-04-05 23:56:19
A00141,ACCT9037230441,Current,P03428,,HDFC Bank,BR4750,2019-06-09,2026-06-17,Closed,SRC023,0.88,2024-12-25 07:10:32,2025-05-13 23:08:25
A00142,ACCT7762124028,Business,P01504,,Bank of Baroda,BR9824,2021-06-08,,Closed,SRC011,0.87,2026-04-27 04:17:23,2026-05-08 06:17:23
A00143,ACCT3917974639,Current,P00398,,State Bank of India,BR5834,2019-05-12,,Closed,SRC008,0.97,2024-10-27 22:46:06,2025-10-24 17:06:54
A00144,ACCT3663184893,Savings,P00631,,State Bank of India,BR6227,2021-04-06,,Active,SRC029,0.87,2026-04-04 17:50:35,2026-04-11 17:50:35
A00145,ACCT2940296483,Business,P01994,,HDFC Bank,BR1057,2023-06-25,,Under Review,SRC028,0.85,2026-01-29 21:41:31,2026-02-07 22:41:31
A00146,ACCT9082368485,Current,P03357,,Punjab National Bank,BR6635,2020-03-13,,Active,SRC008,0.92,2025-04-25 08:24:30,2025-12-18 01:46:12
A00147,ACCT2888436665,Business,,O0169,State Bank of India,BR1989,2022-08-08,,Dormant,SRC007,0.94,2025-02-25 00:44:44,2026-03-13 03:28:11
A00148,ACCT2228302837,Savings,P00361,,HDFC Bank,BR6666,2017-02-10,,Closed,SRC012,0.92,2026-03-11 00:59:40,2026-03-22 20:59:40
A00149,ACCT9135002053,Business,P00444,,HDFC Bank,BR1268,2024-08-15,,Dormant,SRC018,0.97,2025-10-13 11:17:43,2026-06-24 02:39:11
A00150,ACCT9647586518,Current,P02450,,Axis Bank,BR1204,2019-03-03,,Dormant,SRC024,0.88,2025-07-06 12:36:53,2025-10-21 06:58:22
A00151,ACCT2309019830,Current,P01287,,Bank of Baroda,BR7753,2018-09-15,,Under Review,SRC026,0.87,2025-06-22 19:45:38,2025-07-17 01:45:38
A00152,ACCT8016951495,Savings,P00342,,State Bank of India,BR9988,2018-08-28,,Dormant,SRC025,0.91,2026-08-01 01:24:23,2026-08-26 01:24:23
A00153,ACCT6501078293,Current,,O0036,ICICI Bank,BR5549,2022-04-17,,Dormant,SRC023,0.85,2024-02-28 23:14:18,2024-03-08 20:11:52
A00154,ACCT9684033622,Business,P00663,,Punjab National Bank,BR9670,2022-05-12,2026-01-31,Under Review,SRC022,0.87,2025-04-18 07:13:45,2025-06-11 16:03:27
A00155,ACCT4455029377,Current,P02853,,Axis Bank,BR3842,2019-07-07,,Closed,SRC026,0.81,2025-02-20 03:14:24,2026-01-28 12:24:52
A00156,ACCT6385246519,Savings,P00454,,State Bank of India,BR1581,2024-12-28,,Dormant,SRC011,0.83,2026-04-30 17:16:09,2026-05-26 23:16:09
A00157,ACCT1849023850,Business,P01595,,Punjab National Bank,BR9861,2017-06-17,,Active,SRC002,0.96,2025-03-04 10:31:24,2025-05-01 09:09:59
A00158,ACCT4235337686,Savings,P02005,,HDFC Bank,BR2900,2023-12-15,,Closed,SRC027,0.98,2025-01-18 23:41:44,2026-04-10 13:15:45
A00159,ACCT2601243372,Savings,,O0144,ICICI Bank,BR7742,2020-12-08,,Under Review,SRC021,0.93,2024-04-23 17:13:18,2026-02-10 11:48:15
A00160,ACCT7633920784,Savings,,O0047,Bank of Baroda,BR6809,2026-04-09,,Closed,SRC013,0.9,2025-09-07 20:46:01,2025-09-10 21:46:01
A00161,ACCT4293529102,Current,P03327,,ICICI Bank,BR1468,2025-01-01,,Under Review,SRC026,0.97,2025-09-12 08:45:48,2025-09-20 14:45:48
A00162,ACCT2335285368,Business,P00236,,Punjab National Bank,BR9635,2024-02-22,,Dormant,SRC006,0.94,2024-10-02 16:03:51,2024-12-18 17:49:36
A00163,ACCT8484226996,Business,P01884,,HDFC Bank,BR1846,2019-04-22,,Dormant,SRC010,0.9,2025-05-07 00:23:19,2026-08-09 05:26:23
A00164,ACCT1270043530,Business,P03642,,Punjab National Bank,BR9760,2019-07-09,,Under Review,SRC014,0.92,2026-05-11 15:25:50,2026-05-25 07:25:50
A00165,ACCT1749867883,Current,P03906,,Punjab National Bank,BR7842,2017-04-12,2026-02-22,Active,SRC022,0.98,2026-02-12 05:39:31,2026-03-29 20:00:02
A00166,ACCT7700553920,Current,P00092,,Punjab National Bank,BR8573,2025-10-04,2026-05-13,Active,SRC019,0.86,2025-04-03 12:26:56,2025-04-22 04:26:56
A00167,ACCT8827871137,Savings,P00610,,Axis Bank,BR2872,2018-01-04,,Closed,SRC016,0.88,2026-08-09 22:34:32,2026-08-17 22:34:32
A00168,ACCT3296364529,Business,P00673,,Bank of Baroda,BR4194,2023-09-10,,Active,SRC012,0.86,2025-09-24 15:52:38,2026-03-07 01:32:43
A00169,ACCT5312419523,Savings,P01900,,ICICI Bank,BR4630,2023-06-28,,Dormant,SRC023,0.91,2026-05-20 03:14:07,2026-05-28 02:14:07
A00170,ACCT1950923324,Savings,P01594,,State Bank of India,BR9409,2024-02-27,2025-11-21,Active,SRC026,0.96,2024-05-29 16:23:21,2025-01-15 04:45:54
A00171,ACCT5221958704,Business,P00969,,Bank of Baroda,BR4143,2018-12-29,,Dormant,SRC022,0.89,2026-05-24 12:59:39,2026-05-31 06:59:39
A00172,ACCT8356564486,Current,,O0418,HDFC Bank,BR8901,2019-08-31,,Dormant,SRC025,0.86,2026-08-04 03:50:51,2026-08-17 15:50:51
A00173,ACCT2765805742,Business,P00826,,ICICI Bank,BR1007,2025-03-07,,Under Review,SRC024,0.94,2024-12-02 08:33:12,2026-03-02 17:35:12
A00174,ACCT1648033227,Savings,P01892,,HDFC Bank,BR7962,2019-05-05,,Closed,SRC026,0.87,2024-07-06 08:13:26,2026-04-05 04:22:35
A00175,ACCT9071681757,Business,,O0244,State Bank of India,BR6406,2024-09-23,,Under Review,SRC018,0.96,2024-04-02 21:30:14,2026-04-13 16:29:56
A00176,ACCT2270257857,Current,P01097,,Axis Bank,BR8719,2025-06-09,,Active,SRC005,0.98,2025-04-27 02:57:21,2026-02-28 03:35:34
A00177,ACCT5995080527,Current,P03305,,State Bank of India,BR5930,2024-03-01,,Under Review,SRC027,0.93,2024-10-26 20:50:45,2024-11-04 17:09:14
A00178,ACCT6089151995,Current,P03079,,Axis Bank,BR7117,2022-01-16,,Dormant,SRC019,0.84,2024-07-15 18:16:00,2024-11-25 23:14:00
A00179,ACCT6483099938,Current,P00876,,Axis Bank,BR2868,2022-01-13,,Closed,SRC027,0.96,2025-10-16 18:15:02,2025-10-30 02:15:02
A00180,ACCT6376889929,Business,P01790,,ICICI Bank,BR1617,2020-02-26,,Active,SRC012,0.88,2024-10-19 02:09:42,2025-02-21 15:39:56
A00181,ACCT6528510606,Current,P02146,,Bank of Baroda,BR8221,2022-08-06,,Under Review,SRC021,0.81,2026-03-04 06:30:42,2026-04-19 09:12:18
A00182,ACCT9777715441,Current,P02345,,HDFC Bank,BR3538,2026-02-26,,Under Review,SRC021,0.83,2026-01-24 12:00:31,2026-02-14 00:00:31
A00183,ACCT9830238214,Business,P02621,,State Bank of India,BR1203,2023-02-19,,Dormant,SRC007,0.9,2024-11-06 01:02:13,2024-12-05 07:02:13
A00184,ACCT5416338823,Current,P02998,,State Bank of India,BR5787,2019-10-27,,Active,SRC013,0.95,2024-11-05 07:07:52,2024-11-23 15:07:52
A00185,ACCT5432469460,Business,P03735,,Axis Bank,BR4185,2021-11-16,2025-09-04,Under Review,SRC006,0.85,2024-04-05 18:01:59,2024-12-08 16:53:11
A00186,ACCT7015646746,Current,P02347,,Bank of Baroda,BR1197,2019-03-04,2025-03-20,Closed,SRC016,0.9,2024-03-09 13:38:00,2024-07-16 14:41:58
A00187,ACCT1488949215,Savings,,O0294,Axis Bank,BR7924,2021-12-12,,Under Review,SRC022,0.8,2026-07-10 07:57:14,2026-07-21 16:57:14
A00188,ACCT1924232914,Current,P00770,,HDFC Bank,BR7596,2018-11-11,,Dormant,SRC007,0.89,2024-09-18 01:27:33,2025-05-24 00:17:08
A00189,ACCT8716467234,Business,P01076,,State Bank of India,BR9686,2025-03-06,2025-09-24,Under Review,SRC005,0.94,2024-05-16 14:16:53,2026-03-13 00:28:49
A00190,ACCT8439820261,Business,P01069,,ICICI Bank,BR5770,2019-03-23,,Dormant,SRC017,0.94,2026-06-04 01:39:08,2026-07-02 15:39:08
A00191,ACCT6751952005,Current,P03513,,Punjab National Bank,BR6322,2019-09-04,,Closed,SRC008,0.8,2026-02-01 05:39:30,2026-02-14 18:39:30
A00192,ACCT6140603314,Business,P02796,,ICICI Bank,BR5204,2025-04-01,,Active,SRC006,0.97,2024-03-10 20:17:45,2026-08-24 16:30:28
A00193,ACCT7311390263,Savings,P03596,,ICICI Bank,BR9225,2018-09-24,,Dormant,SRC029,0.89,2026-04-02 21:24:08,2026-04-27 02:24:08
A00194,ACCT6645300946,Savings,P01975,,Punjab National Bank,BR5593,2023-04-15,,Active,SRC007,0.83,2026-06-23 02:49:49,2026-07-15 09:49:49
A00195,ACCT5636945549,Savings,,O0466,HDFC Bank,BR8364,2020-12-16,,Active,SRC023,0.85,2024-09-06 19:51:35,2025-08-20 14:38:30
A00196,ACCT7141003844,Business,P01355,,Axis Bank,BR6648,2019-09-11,,Dormant,SRC009,0.87,2025-08-26 20:18:06,2026-04-15 16:40:17
A00197,ACCT4392427710,Business,,O0331,State Bank of India,BR4831,2026-05-27,,Dormant,SRC008,0.93,2024-02-13 21:50:20,2024-09-03 07:55:14
A00198,ACCT9596260412,Current,P00627,,Axis Bank,BR7096,2018-09-11,,Active,SRC003,0.99,2026-01-10 23:39:08,2026-02-07 05:39:08
A00199,ACCT2941850379,Business,P00894,,HDFC Bank,BR8678,2019-09-29,,Dormant,SRC028,0.94,2024-03-02 14:37:58,2024-03-08 10:37:58
A00200,ACCT3975459940,Savings,,O0462,Axis Bank,BR6028,2023-05-11,,Under Review,SRC013,0.93,2024-11-21 21:34:10,2025-06-06 23:32:56
A00201,ACCT9342725282,Current,P00929,,Punjab National Bank,BR7098,2025-02-14,,Under Review,SRC015,0.94,2025-02-16 03:06:53,2025-03-03 12:06:53
A00202,ACCT4833736521,Current,P02775,,State Bank of India,BR4452,2024-09-24,,Active,SRC022,0.97,2024-06-21 11:16:53,2024-07-08 02:16:53
A00203,ACCT7783680734,Savings,P02972,,ICICI Bank,BR7124,2018-07-12,2026-02-09,Under Review,SRC021,0.82,2024-03-21 04:38:13,2024-12-31 06:46:02
A00204,ACCT3406940534,Current,P02804,,State Bank of India,BR9329,2019-04-18,2026-06-26,Dormant,SRC023,0.82,2025-12-31 11:33:59,2026-01-12 05:33:59
A00205,ACCT5371689302,Savings,P02539,,Punjab National Bank,BR2628,2020-01-15,,Closed,SRC023,0.92,2025-02-24 23:16:40,2025-09-20 06:28:33
A00206,ACCT7385280225,Current,,O0160,State Bank of India,BR1308,2023-09-08,,Active,SRC017,0.93,2024-02-18 14:23:29,2025-03-17 18:30:56
A00207,ACCT3422017386,Business,P00567,,ICICI Bank,BR1423,2020-12-10,,Dormant,SRC019,0.93,2025-04-10 05:00:16,2025-04-16 15:00:16
A00208,ACCT1038743175,Business,P00057,,ICICI Bank,BR5824,2018-05-31,,Dormant,SRC024,0.82,2026-08-09 09:59:27,2026-08-23 02:59:27
A00209,ACCT3785721032,Savings,P01918,,Punjab National Bank,BR3884,2021-06-06,,Dormant,SRC020,0.84,2026-07-31 16:32:21,2026-08-26 07:03:32
A00210,ACCT6592599643,Current,P01666,,Bank of Baroda,BR3330,2018-11-04,,Under Review,SRC002,0.95,2024-03-16 06:35:43,2024-11-09 14:06:00
A00211,ACCT6792446352,Savings,P02634,,HDFC Bank,BR1374,2025-05-24,,Under Review,SRC003,0.89,2026-02-11 19:29:11,2026-05-17 23:35:24
A00212,ACCT1121073667,Savings,,O0226,Bank of Baroda,BR5883,2019-01-22,2025-03-20,Closed,SRC010,0.81,2026-06-18 06:11:22,2026-07-13 19:11:22
A00213,ACCT2954398132,Business,,O0246,Bank of Baroda,BR3082,2020-12-21,,Active,SRC004,0.91,2024-02-10 08:16:46,2025-06-25 10:57:12
A00214,ACCT8761363012,Business,P02280,,HDFC Bank,BR8062,2021-10-21,2025-01-03,Active,SRC024,0.87,2026-04-19 15:52:52,2026-05-16 03:52:52
A00215,ACCT5313267397,Business,P03289,,Bank of Baroda,BR8695,2025-03-19,,Dormant,SRC017,0.81,2026-05-12 15:17:51,2026-06-02 14:17:51
A00216,ACCT8586424759,Current,P03172,,Punjab National Bank,BR9421,2021-05-15,,Closed,SRC004,0.81,2024-01-05 14:21:33,2024-10-15 00:10:54
A00217,ACCT6027967960,Current,P03961,,ICICI Bank,BR2445,2023-08-13,,Active,SRC004,0.91,2024-07-12 22:12:28,2024-07-30 18:12:28
A00218,ACCT7613548868,Business,,O0031,State Bank of India,BR4652,2017-08-27,,Active,SRC013,0.8,2026-03-27 14:23:38,2026-08-07 10:46:43
A00219,ACCT4139540669,Current,P00941,,State Bank of India,BR2212,2018-10-20,,Under Review,SRC030,0.8,2025-12-15 03:46:55,2026-05-24 12:22:49
A00220,ACCT7585659394,Business,P00838,,ICICI Bank,BR8353,2017-09-28,,Dormant,SRC004,0.85,2025-06-07 19:55:55,2026-04-14 03:56:28
A00221,ACCT5942064351,Business,P01959,,Axis Bank,BR2987,2025-04-03,,Dormant,SRC029,0.8,2024-05-10 16:32:21,2026-02-02 11:00:22
A00222,ACCT8376911672,Current,,O0383,ICICI Bank,BR7741,2021-01-07,,Under Review,SRC030,0.95,2024-02-01 11:47:44,2026-08-10 14:38:09
A00223,ACCT3792457129,Business,P01280,,Bank of Baroda,BR8889,2022-05-24,,Dormant,SRC003,0.82,2026-07-20 07:23:33,2026-07-25 14:23:33
A00224,ACCT8703834431,Savings,P00382,,Axis Bank,BR9091,2018-07-01,,Dormant,SRC030,0.87,2025-04-30 16:45:36,2025-09-10 05:28:56
A00225,ACCT1148395709,Current,,O0046,Bank of Baroda,BR2724,2020-02-01,,Closed,SRC013,0.87,2025-06-04 20:42:38,2025-06-18 07:42:38
A00226,ACCT8735222348,Savings,P02084,,Bank of Baroda,BR2650,2018-05-18,,Closed,SRC022,0.89,2025-05-25 08:03:43,2025-06-09 20:03:43
A00227,ACCT2920351451,Savings,P03687,,State Bank of India,BR2724,2017-08-08,,Under Review,SRC005,0.8,2026-05-20 19:45:41,2026-05-28 14:45:41
A00228,ACCT4412999337,Savings,,O0191,Punjab National Bank,BR9195,2024-08-07,,Closed,SRC020,0.88,2025-11-18 09:13:37,2025-12-07 03:13:37
A00229,ACCT1837600909,Current,P01081,,State Bank of India,BR7358,2020-07-04,,Closed,SRC024,0.88,2024-08-06 09:50:55,2025-06-15 13:08:50
A00230,ACCT5659664860,Current,P02403,,HDFC Bank,BR2840,2023-08-22,,Under Review,SRC008,0.81,2025-06-06 09:43:30,2025-06-11 05:43:30
A00231,ACCT9531662430,Current,P03804,,Punjab National Bank,BR4984,2023-05-28,,Dormant,SRC024,0.83,2026-03-10 16:15:09,2026-04-06 02:15:09
A00232,ACCT8275425793,Current,P02854,,Punjab National Bank,BR4376,2021-11-21,,Closed,SRC011,0.96,2024-06-02 22:31:47,2026-05-10 06:40:54
A00233,ACCT6670716356,Savings,,O0067,Axis Bank,BR5895,2021-08-15,2024-10-09,Closed,SRC021,0.99,2025-10-14 13:38:54,2025-11-12 20:38:54
A00234,ACCT5258025548,Savings,P02485,,ICICI Bank,BR8390,2020-07-08,,Dormant,SRC002,0.98,2025-06-22 01:38:14,2025-07-02 15:38:14
A00235,ACCT5870749776,Current,P02744,,ICICI Bank,BR8653,2018-01-12,,Active,SRC004,0.8,2025-11-06 23:30:46,2025-11-28 20:30:46
A00236,ACCT8859340632,Current,P01732,,HDFC Bank,BR1399,2017-10-16,,Under Review,SRC020,0.86,2025-09-05 03:42:39,2025-09-28 17:42:39
A00237,ACCT4935664626,Current,P02542,,Bank of Baroda,BR9477,2019-08-22,,Dormant,SRC029,0.95,2024-07-19 21:06:12,2026-08-08 11:54:07
A00238,ACCT4669976585,Business,,O0441,Axis Bank,BR6263,2025-05-13,,Active,SRC024,0.91,2025-05-12 03:56:48,2026-01-07 13:33:20
A00239,ACCT5561240526,Business,P03483,,Axis Bank,BR8038,2017-04-26,,Closed,SRC005,0.87,2025-12-06 02:39:16,2025-12-24 22:39:16
A00240,ACCT4697417980,Current,P01954,,Axis Bank,BR9332,2025-01-09,,Under Review,SRC009,0.92,2025-02-11 17:15:14,2025-02-21 16:15:14
A00241,ACCT7702435323,Current,P03339,,HDFC Bank,BR4464,2017-10-10,,Closed,SRC012,0.87,2024-03-19 05:59:28,2025-07-12 04:33:08
A00242,ACCT8715732769,Savings,,O0446,HDFC Bank,BR7470,2025-06-28,,Active,SRC014,0.84,2025-01-13 19:41:57,2025-12-15 00:52:19
A00243,ACCT9270571882,Current,P00383,,Punjab National Bank,BR3836,2021-05-16,,Closed,SRC011,0.84,2026-02-22 17:46:28,2026-02-27 11:46:28
A00244,ACCT7988472020,Current,P00558,,Punjab National Bank,BR2626,2024-06-01,,Dormant,SRC013,0.91,2026-03-27 13:54:46,2026-03-27 18:54:46
A00245,ACCT9095494379,Current,,O0208,State Bank of India,BR9662,2024-12-19,,Under Review,SRC028,0.87,2024-10-19 02:18:19,2026-03-26 01:17:33
A00246,ACCT1600770033,Business,P01690,,HDFC Bank,BR9011,2025-06-06,,Active,SRC026,0.83,2024-10-02 12:24:59,2026-05-22 11:05:22
A00247,ACCT5300927330,Business,P00458,,Axis Bank,BR5340,2016-10-20,,Closed,SRC019,0.87,2025-01-26 09:09:03,2025-12-22 08:57:06
A00248,ACCT1881543027,Current,P03758,,Bank of Baroda,BR7901,2020-11-12,,Dormant,SRC005,0.86,2026-05-04 12:03:55,2026-05-21 19:03:55
A00249,ACCT9903158477,Savings,,O0075,HDFC Bank,BR2941,2016-09-05,,Closed,SRC004,0.95,2024-03-06 22:31:37,2025-12-17 12:43:53
A00250,ACCT1514218251,Business,P02037,,State Bank of India,BR7706,2025-12-08,,Dormant,SRC030,0.91,2024-09-04 00:04:15,2025-12-21 13:59:35
A00251,ACCT1736408246,Savings,P03506,,HDFC Bank,BR8788,2020-06-12,,Under Review,SRC025,0.81,2025-02-27 02:20:39,2026-06-21 16:40:48
A00252,ACCT4238576622,Business,P03742,,State Bank of India,BR6642,2021-05-07,,Closed,SRC012,0.94,2026-04-01 13:17:28,2026-04-26 11:17:28
A00253,ACCT6192674501,Savings,P00935,,Punjab National Bank,BR7237,2025-04-30,,Under Review,SRC023,0.92,2024-05-08 19:43:15,2024-12-30 03:31:19
A00254,ACCT5637359383,Savings,P00935,,Axis Bank,BR8096,2022-01-10,,Dormant,SRC011,0.96,2025-01-07 02:46:36,2026-02-27 18:37:42
A00255,ACCT8114535983,Current,P03075,,Axis Bank,BR6796,2025-06-15,,Dormant,SRC029,0.99,2026-07-29 22:04:06,2026-08-04 21:04:06
A00256,ACCT1049871981,Savings,,O0041,State Bank of India,BR9049,2019-07-29,,Dormant,SRC002,0.95,2025-07-23 03:35:18,2025-07-27 17:35:18
A00257,ACCT1834376244,Current,P01903,,HDFC Bank,BR4880,2023-10-17,,Dormant,SRC023,0.94,2024-07-12 06:10:13,2024-08-11 06:10:13
A00258,ACCT1349410984,Current,,O0006,Axis Bank,BR5163,2025-06-13,,Dormant,SRC016,0.86,2025-05-14 00:46:17,2026-07-24 03:03:36
A00259,ACCT2184451947,Current,P01633,,Bank of Baroda,BR9196,2022-04-03,,Active,SRC029,0.91,2024-04-01 01:42:14,2024-07-04 15:39:05
A00260,ACCT7195587850,Business,P01914,,Bank of Baroda,BR6696,2018-10-18,2025-06-02,Under Review,SRC001,0.91,2024-04-15 02:01:23,2025-02-12 21:33:46
A00261,ACCT1175635775,Savings,P02044,,State Bank of India,BR5512,2025-08-08,,Active,SRC005,0.82,2025-11-07 05:31:44,2025-11-26 16:31:44
A00262,ACCT6330427069,Current,P03151,,ICICI Bank,BR5115,2018-08-08,,Dormant,SRC028,0.92,2024-07-01 12:25:35,2024-07-24 06:25:35
A00263,ACCT7968186711,Business,P00965,,Axis Bank,BR5847,2020-03-23,,Dormant,SRC028,0.85,2024-07-10 14:34:45,2024-09-07 15:39:35
A00264,ACCT2969282294,Savings,P02014,,Axis Bank,BR2158,2026-08-04,,Closed,SRC007,0.84,2025-06-28 04:15:17,2025-11-07 07:50:20
A00265,ACCT6224162784,Savings,P02679,,Bank of Baroda,BR9363,2021-02-03,,Closed,SRC007,0.94,2026-07-14 13:42:21,2026-07-19 11:42:21
A00266,ACCT1145212868,Current,P00784,,Axis Bank,BR8643,2023-02-10,,Active,SRC025,0.91,2024-02-02 02:49:41,2026-05-06 21:06:35
A00267,ACCT8905731430,Business,P02612,,State Bank of India,BR4612,2024-08-02,,Under Review,SRC003,0.84,2025-12-18 08:32:47,2026-01-02 23:32:47
A00268,ACCT2313869160,Savings,P00010,,Punjab National Bank,BR4198,2017-01-01,,Active,SRC004,0.96,2026-04-17 07:49:16,2026-05-10 22:49:16
A00269,ACCT1201060627,Business,P02652,,ICICI Bank,BR6693,2026-05-29,,Closed,SRC014,0.86,2024-05-27 09:25:44,2025-05-15 09:45:13
A00270,ACCT7321681216,Current,P03532,,ICICI Bank,BR9423,2019-02-26,,Closed,SRC009,0.83,2025-09-25 08:29:53,2025-12-07 15:32:41
A00271,ACCT9550899509,Savings,P00282,,ICICI Bank,BR9550,2021-12-15,,Dormant,SRC013,0.88,2025-11-06 00:30:06,2025-11-20 16:30:06
A00272,ACCT9487334414,Current,P03949,,Axis Bank,BR3545,2020-02-27,,Active,SRC012,0.97,2026-03-11 19:26:57,2026-03-30 10:26:57
A00273,ACCT1478174964,Savings,P01362,,Punjab National Bank,BR1688,2025-01-16,,Dormant,SRC011,0.84,2024-11-02 02:40:44,2026-05-09 08:39:11
A00274,ACCT3928545045,Savings,P00407,,Axis Bank,BR9072,2021-05-23,,Dormant,SRC008,0.82,2025-09-04 17:29:19,2025-09-13 00:29:19
A00275,ACCT4799141688,Business,P03066,,ICICI Bank,BR7465,2017-10-22,,Active,SRC019,0.8,2025-04-29 02:39:57,2025-06-04 19:53:13
A00276,ACCT3355082786,Savings,P01184,,Axis Bank,BR3939,2022-11-25,,Active,SRC015,0.85,2024-11-23 08:49:59,2025-04-04 03:35:34
A00277,ACCT1741436574,Savings,,O0373,Axis Bank,BR7075,2025-05-24,,Under Review,SRC019,0.83,2025-10-14 23:25:05,2025-10-26 10:25:05
A00278,ACCT5031315001,Savings,,O0440,Axis Bank,BR1820,2021-07-14,,Dormant,SRC017,0.95,2025-03-20 04:56:21,2026-02-07 14:47:45
A00279,ACCT4889429965,Current,P01729,,ICICI Bank,BR9056,2017-12-21,,Active,SRC009,0.99,2025-10-29 01:30:06,2026-03-08 05:10:00
A00280,ACCT9855364414,Savings,,O0095,State Bank of India,BR4735,2019-05-03,2026-05-15,Closed,SRC023,0.81,2026-05-11 03:02:47,2026-05-24 01:02:47
A00281,ACCT9772733858,Savings,P01441,,Axis Bank,BR7229,2017-08-05,,Active,SRC021,0.95,2024-12-02 20:42:10,2024-12-17 08:42:10
A00282,ACCT6552970653,Savings,P03216,,ICICI Bank,BR2249,2021-07-03,,Under Review,SRC007,0.87,2025-05-13 00:23:45,2025-05-19 01:23:45
A00283,ACCT2578453835,Savings,P03823,,Punjab National Bank,BR4785,2022-11-21,,Under Review,SRC010,0.82,2025-02-02 20:44:53,2025-03-03 02:44:53
A00284,ACCT2221177867,Business,P00689,,HDFC Bank,BR4998,2016-10-17,2025-05-11,Dormant,SRC002,0.88,2026-01-16 14:19:24,2026-01-30 08:19:24
A00285,ACCT2457584657,Business,P02164,,State Bank of India,BR4116,2024-04-05,,Active,SRC018,0.97,2024-05-05 11:58:45,2024-12-24 20:03:57
A00286,ACCT1048782226,Business,,O0072,Bank of Baroda,BR5834,2024-04-17,,Closed,SRC027,0.85,2026-07-14 04:55:21,2026-08-01 03:55:21
A00287,ACCT9975341584,Business,P00501,,Axis Bank,BR3262,2024-11-11,,Dormant,SRC016,0.87,2024-11-19 12:25:51,2024-11-26 11:25:51
A00288,ACCT6990579893,Business,,O0081,ICICI Bank,BR1768,2026-07-09,,Dormant,SRC013,0.91,2024-06-02 11:08:05,2026-05-04 10:20:28
A00289,ACCT6483882594,Savings,P00920,,State Bank of India,BR9328,2022-05-21,2026-07-24,Closed,SRC014,0.87,2025-11-18 16:03:06,2025-11-28 13:03:06
A00290,ACCT5306820886,Savings,P02852,,Punjab National Bank,BR4577,2016-10-23,,Closed,SRC021,0.85,2024-11-29 17:03:52,2025-01-10 09:37:19
A00291,ACCT2710631629,Business,P02554,,HDFC Bank,BR5103,2017-06-10,,Active,SRC029,0.97,2024-01-25 14:54:19,2026-06-18 01:01:42
A00292,ACCT7402003273,Current,P03540,,ICICI Bank,BR1739,2021-05-21,,Under Review,SRC018,0.88,2025-03-22 00:57:05,2025-03-31 23:57:05
A00293,ACCT7406610523,Current,P01865,,Axis Bank,BR5426,2024-06-12,,Closed,SRC026,0.96,2024-10-05 23:04:14,2025-01-23 19:45:00
A00294,ACCT5994311338,Current,P02720,,Bank of Baroda,BR3043,2017-08-30,,Dormant,SRC013,0.83,2026-01-25 17:53:41,2026-02-28 18:03:55
A00295,ACCT3166709675,Savings,P00074,,Axis Bank,BR6852,2017-02-15,,Closed,SRC014,0.95,2026-05-24 01:21:04,2026-05-28 05:21:04
A00296,ACCT6743254509,Savings,P03946,,Bank of Baroda,BR6913,2019-08-13,,Closed,SRC002,0.96,2025-02-28 09:17:47,2025-03-12 16:17:47
A00297,ACCT9089817310,Savings,P00552,,ICICI Bank,BR2616,2018-12-02,,Active,SRC014,0.97,2024-08-27 17:41:13,2024-09-22 04:41:13
A00298,ACCT4314879951,Savings,,O0444,HDFC Bank,BR6103,2026-06-16,,Active,SRC013,0.91,2025-07-14 20:11:18,2025-07-22 02:11:18
A00299,ACCT3704591569,Savings,P00250,,ICICI Bank,BR3743,2018-01-17,,Closed,SRC020,0.9,2026-02-12 21:33:21,2026-03-14 02:33:21
A00300,ACCT2387418082,Business,P01213,,Axis Bank,BR4291,2025-10-28,,Closed,SRC018,0.87,2024-09-16 05:35:27,2025-04-12 19:55:12
A00301,ACCT4063885119,Savings,P01434,,Punjab National Bank,BR4996,2023-06-26,,Active,SRC019,0.98,2024-02-23 07:49:58,2024-08-21 15:55:01
A00302,ACCT6436305819,Current,P03844,,Punjab National Bank,BR9138,2026-02-19,,Dormant,SRC020,0.98,2025-01-27 11:35:15,2025-09-11 05:07:43
A00303,ACCT8053773391,Savings,P01591,,State Bank of India,BR3462,2018-07-24,,Dormant,SRC017,0.86,2025-07-14 11:21:35,2025-12-10 05:03:08
A00304,ACCT5075635074,Savings,P02185,,Punjab National Bank,BR3803,2017-10-18,,Closed,SRC024,0.98,2026-06-03 21:47:39,2026-06-19 13:47:39
A00305,ACCT8054287166,Current,P01259,,HDFC Bank,BR8905,2025-07-05,,Dormant,SRC004,0.96,2026-07-24 16:13:18,2026-08-09 13:13:18
A00306,ACCT3716283341,Business,P01671,,HDFC Bank,BR5232,2022-07-17,,Under Review,SRC030,0.96,2024-12-24 22:10:08,2025-01-18 03:10:08
A00307,ACCT7547398876,Business,P02117,,Axis Bank,BR8466,2017-07-31,,Closed,SRC028,0.8,2025-04-11 07:59:32,2026-05-03 10:42:18
A00308,ACCT2262711421,Current,P02734,,State Bank of India,BR2393,2018-10-08,,Dormant,SRC026,0.91,2026-04-23 21:58:40,2026-05-20 08:58:40
A00309,ACCT6849700671,Current,P02114,,Punjab National Bank,BR3384,2018-09-26,,Under Review,SRC023,0.81,2024-11-14 02:37:27,2026-06-30 20:25:51
A00310,ACCT2830682650,Business,P03025,,State Bank of India,BR6667,2019-01-07,,Active,SRC029,0.89,2024-01-09 19:51:41,2024-10-07 05:24:36
A00311,ACCT4164263634,Current,P01746,,Bank of Baroda,BR7848,2022-05-08,,Active,SRC006,0.9,2026-06-05 13:32:32,2026-07-01 19:32:32
A00312,ACCT1756309930,Savings,P00572,,Axis Bank,BR5789,2022-09-17,,Dormant,SRC025,0.86,2025-07-01 08:38:32,2025-07-09 05:38:32
A00313,ACCT3317719076,Business,P02380,,Punjab National Bank,BR8820,2023-10-19,,Under Review,SRC016,0.95,2025-02-24 01:18:51,2025-03-16 19:18:51
A00314,ACCT4844833818,Current,P01163,,Bank of Baroda,BR2214,2021-11-12,,Active,SRC025,0.95,2024-01-29 19:51:57,2025-03-18 21:58:12
A00315,ACCT2444920194,Current,P01334,,ICICI Bank,BR3818,2021-06-27,2025-03-07,Active,SRC009,0.82,2025-02-17 01:26:11,2025-09-26 18:35:31
A00316,ACCT5584125923,Current,,O0488,Punjab National Bank,BR1608,2016-11-29,,Active,SRC023,0.85,2024-08-03 04:44:44,2024-08-04 03:06:06
A00317,ACCT6686730112,Business,P00502,,HDFC Bank,BR1210,2024-01-10,,Under Review,SRC004,0.98,2024-09-07 12:10:50,2025-01-19 06:13:18
A00318,ACCT8666081768,Current,P01307,,HDFC Bank,BR7265,2025-05-18,,Under Review,SRC012,0.97,2026-08-28 01:29:47,2026-09-04 23:59:59
A00319,ACCT6164360122,Savings,P01741,,HDFC Bank,BR4691,2019-02-16,,Active,SRC009,0.83,2024-03-31 05:01:06,2025-07-23 03:58:37
A00320,ACCT3293019999,Business,P01219,,Punjab National Bank,BR2112,2018-03-01,,Under Review,SRC002,0.91,2024-06-08 11:06:09,2024-12-27 00:27:49
A00321,ACCT6379821693,Business,P01248,,ICICI Bank,BR4570,2018-12-20,,Closed,SRC022,0.89,2024-05-15 07:49:12,2025-06-28 23:34:40
A00322,ACCT4089546787,Savings,,O0034,HDFC Bank,BR3122,2017-12-27,2025-02-28,Dormant,SRC009,0.91,2026-04-05 00:38:41,2026-07-08 00:24:08
A00323,ACCT9910877134,Current,P02378,,Bank of Baroda,BR3981,2022-09-24,,Active,SRC029,0.98,2024-11-14 04:34:14,2025-06-18 09:35:17
A00324,ACCT7094567896,Current,,O0187,ICICI Bank,BR4517,2022-07-28,2026-08-12,Dormant,SRC014,0.83,2024-01-04 12:31:01,2024-09-30 05:39:36
A00325,ACCT4081924531,Business,P03705,,HDFC Bank,BR6042,2017-05-09,2024-11-08,Dormant,SRC029,0.92,2024-01-10 06:54:27,2026-08-09 19:42:42
A00326,ACCT6468236760,Current,P03673,,Axis Bank,BR9934,2019-05-10,2025-07-11,Active,SRC024,0.95,2026-08-08 16:06:46,2026-08-25 06:06:46
A00327,ACCT9982132249,Savings,,O0323,Axis Bank,BR4837,2023-09-08,,Dormant,SRC025,0.89,2024-11-03 13:53:46,2026-06-11 12:57:40
A00328,ACCT8185318738,Business,,O0099,State Bank of India,BR1098,2024-02-02,,Dormant,SRC010,0.84,2025-03-30 16:54:52,2025-08-16 05:00:58
A00329,ACCT5866504972,Business,P02916,,Axis Bank,BR4319,2016-12-04,,Under Review,SRC018,0.82,2024-12-30 02:13:27,2025-04-17 20:21:46
A00330,ACCT9158404171,Business,P03950,,HDFC Bank,BR2724,2018-11-02,,Dormant,SRC006,0.92,2025-04-23 01:53:13,2026-05-26 23:02:53
A00331,ACCT7832372274,Savings,P03149,,Axis Bank,BR6602,2018-03-29,,Active,SRC018,0.82,2024-03-15 02:16:11,2026-04-08 21:18:49
A00332,ACCT4124723290,Business,P00739,,ICICI Bank,BR5499,2023-01-02,,Dormant,SRC023,0.98,2026-03-27 07:51:45,2026-03-28 22:51:45
A00333,ACCT5054120686,Current,,O0384,Punjab National Bank,BR2429,2026-03-26,,Closed,SRC030,0.87,2025-10-19 11:29:14,2025-11-05 15:29:14
A00334,ACCT6357843810,Business,P03478,,ICICI Bank,BR7731,2024-03-05,,Under Review,SRC021,0.81,2025-09-11 17:57:53,2025-09-28 18:57:53
A00335,ACCT6339398758,Savings,P03460,,Punjab National Bank,BR2066,2019-06-14,,Under Review,SRC018,0.98,2025-09-12 19:24:12,2026-01-07 08:34:52
A00336,ACCT6229494956,Current,,O0152,Axis Bank,BR8462,2019-06-18,,Under Review,SRC022,0.94,2025-01-08 23:39:44,2026-05-28 09:50:00
A00337,ACCT8798941782,Business,P02840,,HDFC Bank,BR3309,2021-07-18,,Dormant,SRC028,0.98,2025-10-14 19:16:10,2026-03-11 06:22:09
A00338,ACCT8894042893,Business,P02911,,HDFC Bank,BR4707,2026-02-09,2025-02-14,Active,SRC007,0.95,2026-08-22 09:09:09,2026-09-04 23:59:59
A00339,ACCT5035955016,Savings,P02231,,HDFC Bank,BR6841,2025-04-21,,Dormant,SRC007,0.88,2024-08-04 11:34:02,2025-11-28 17:20:07
A00340,ACCT9708464987,Business,P01213,,Punjab National Bank,BR2268,2021-08-01,,Dormant,SRC008,0.86,2024-04-07 16:26:40,2025-06-19 09:00:05
A00341,ACCT5146732923,Savings,P00715,,ICICI Bank,BR2609,2020-12-18,,Closed,SRC028,0.97,2024-06-05 23:33:56,2025-12-06 03:46:52
A00342,ACCT1223970683,Current,P02990,,Punjab National Bank,BR4757,2021-08-05,,Under Review,SRC014,0.98,2024-12-18 13:10:48,2025-08-11 14:10:21
A00343,ACCT8110065302,Savings,P03629,,State Bank of India,BR7323,2018-09-10,,Active,SRC005,0.92,2026-02-19 06:48:03,2026-03-21 04:48:03
A00344,ACCT1392402944,Current,P01973,,HDFC Bank,BR1084,2018-09-13,,Active,SRC013,0.86,2024-07-22 07:16:47,2024-12-03 03:29:10
A00345,ACCT3853549700,Savings,P00793,,HDFC Bank,BR2410,2022-08-07,,Active,SRC007,0.92,2026-05-23 01:13:00,2026-05-30 17:13:00
A00346,ACCT8254638923,Savings,P02708,,HDFC Bank,BR1348,2022-08-10,,Closed,SRC012,0.89,2025-02-06 14:35:06,2025-03-05 00:35:06
A00347,ACCT5526459629,Current,,O0253,State Bank of India,BR6689,2026-01-24,,Under Review,SRC018,0.95,2024-01-15 10:45:25,2025-09-27 01:53:18
A00348,ACCT2925763895,Current,P00716,,ICICI Bank,BR3219,2024-07-16,,Active,SRC014,0.95,2024-04-23 05:37:15,2025-08-05 11:03:38
A00349,ACCT9555146959,Current,P02661,,Punjab National Bank,BR8858,2025-12-24,,Closed,SRC002,0.96,2025-03-08 06:13:58,2025-03-28 03:13:58
A00350,ACCT2146574251,Business,P02500,,Axis Bank,BR8569,2026-02-06,,Closed,SRC020,0.95,2025-11-21 13:55:39,2025-12-03 08:55:39
A00351,ACCT6242192474,Business,,O0303,Punjab National Bank,BR3305,2019-01-10,,Dormant,SRC010,0.96,2024-03-20 07:19:17,2026-03-12 04:44:08
A00352,ACCT3280640954,Savings,,O0053,State Bank of India,BR4163,2020-08-14,,Dormant,SRC011,0.88,2024-02-18 11:02:24,2026-07-25 04:09:14
A00353,ACCT8038814099,Business,,O0440,HDFC Bank,BR2540,2020-01-02,,Closed,SRC009,0.85,2024-10-31 23:34:27,2025-10-03 06:30:48
A00354,ACCT5491518887,Savings,P01753,,State Bank of India,BR4159,2023-12-17,,Under Review,SRC008,0.97,2024-02-22 23:18:42,2024-03-21 00:28:20
A00355,ACCT1496183576,Business,P02414,,Bank of Baroda,BR7331,2021-06-10,,Closed,SRC018,0.84,2025-06-28 21:53:53,2026-06-30 19:15:13
A00356,ACCT5488108408,Business,P02413,,HDFC Bank,BR1713,2018-01-04,,Under Review,SRC012,0.95,2024-07-30 22:09:13,2024-07-31 00:01:24
A00357,ACCT6239222928,Current,,O0099,Punjab National Bank,BR8780,2017-08-13,,Closed,SRC007,0.99,2024-07-22 19:19:45,2024-11-17 05:08:07
A00358,ACCT2108493006,Business,,O0319,State Bank of India,BR3011,2021-08-31,,Under Review,SRC001,0.92,2026-04-29 18:28:55,2026-05-18 09:28:55
A00359,ACCT1893206946,Business,,O0178,Bank of Baroda,BR7576,2025-04-14,,Dormant,SRC004,0.94,2025-04-23 06:24:50,2025-12-17 23:26:53
A00360,ACCT5114824312,Current,P02877,,Punjab National Bank,BR9114,2022-12-03,,Closed,SRC030,0.98,2025-03-01 16:18:26,2025-06-10 21:03:47
A00361,ACCT9797835871,Savings,P02675,,Axis Bank,BR4309,2019-01-04,,Active,SRC001,0.89,2025-10-15 09:15:10,2026-01-12 20:41:53
A00362,ACCT3737788306,Savings,P00473,,Axis Bank,BR7288,2023-12-05,,Closed,SRC028,0.94,2025-03-09 14:51:29,2025-12-07 09:59:43
A00363,ACCT3263184451,Savings,P01861,,Axis Bank,BR4979,2025-01-13,,Active,SRC016,0.81,2026-04-22 13:26:36,2026-05-16 14:26:36
A00364,ACCT7746092148,Current,P02102,,ICICI Bank,BR3815,2020-04-01,,Active,SRC010,0.97,2025-11-08 18:15:11,2025-12-07 20:15:11
A00365,ACCT4118611437,Savings,,O0218,Axis Bank,BR2370,2025-02-04,,Closed,SRC029,0.88,2026-02-03 17:58:14,2026-03-29 20:08:52
A00366,ACCT4103870277,Current,P01903,,Axis Bank,BR1708,2020-09-10,,Closed,SRC004,0.84,2024-09-09 02:11:17,2025-08-10 23:25:07
A00367,ACCT8140943467,Business,P01234,,ICICI Bank,BR4291,2016-11-15,,Under Review,SRC002,0.89,2026-03-16 20:31:28,2026-04-02 02:31:28
A00368,ACCT1638277579,Business,P03231,,HDFC Bank,BR4423,2024-07-04,,Dormant,SRC015,0.98,2026-05-13 11:18:09,2026-06-07 03:18:09
A00369,ACCT8672677636,Business,P03112,,Bank of Baroda,BR8689,2018-09-12,,Closed,SRC025,0.86,2024-02-20 22:07:41,2025-08-14 09:04:05
A00370,ACCT1998075067,Savings,P02919,,Punjab National Bank,BR3208,2020-07-23,,Under Review,SRC023,0.93,2024-10-10 13:44:46,2025-02-21 14:06:51
A00371,ACCT7218812724,Business,P01519,,Axis Bank,BR7326,2017-07-18,,Under Review,SRC029,0.83,2024-04-24 20:13:00,2024-05-01 13:13:00
A00372,ACCT1659360038,Business,P00301,,Bank of Baroda,BR4332,2018-01-27,2026-07-04,Under Review,SRC026,0.82,2025-03-09 16:12:26,2026-07-02 11:35:37
A00373,ACCT7157555242,Business,,O0497,Axis Bank,BR7802,2019-10-05,,Dormant,SRC022,0.93,2024-10-11 04:09:03,2026-01-11 15:50:17
A00374,ACCT6835680092,Business,P01833,,Axis Bank,BR2294,2023-01-29,,Dormant,SRC021,0.82,2025-04-26 04:32:57,2026-06-06 14:52:15
A00375,ACCT8155914132,Business,,O0004,Axis Bank,BR9307,2022-08-12,,Dormant,SRC027,0.9,2024-12-20 12:03:23,2025-01-11 11:03:23
A00376,ACCT2356289194,Current,P00691,,Axis Bank,BR2322,2024-04-18,,Closed,SRC002,0.81,2025-12-25 14:29:49,2026-01-08 08:29:49
A00377,ACCT1052577889,Current,P03283,,HDFC Bank,BR1287,2017-08-19,2025-12-02,Closed,SRC015,0.91,2024-01-01 06:06:48,2024-08-25 15:06:45
A00378,ACCT4483927067,Current,P01169,,HDFC Bank,BR7488,2024-01-10,,Dormant,SRC019,0.87,2026-08-26 04:32:49,2026-08-27 04:32:49
A00379,ACCT9230558415,Current,P01806,,Punjab National Bank,BR5456,2024-06-06,,Closed,SRC010,0.86,2026-01-19 21:18:55,2026-02-16 22:18:55
A00380,ACCT5886586276,Savings,,O0245,HDFC Bank,BR6591,2023-04-15,,Closed,SRC009,0.94,2026-01-31 06:30:01,2026-08-26 04:02:53
A00381,ACCT3955596453,Business,P02394,,Axis Bank,BR9284,2016-09-25,,Under Review,SRC022,0.89,2024-07-09 20:27:59,2025-05-06 19:23:18
A00382,ACCT2247048874,Business,,O0126,Bank of Baroda,BR9088,2023-03-26,,Closed,SRC026,0.95,2024-06-01 00:51:17,2024-09-30 18:39:16
A00383,ACCT6108079695,Business,P03774,,Axis Bank,BR9947,2020-01-04,,Closed,SRC006,0.89,2024-10-22 06:24:59,2024-11-09 06:24:59
A00384,ACCT7505488174,Business,P00445,,Axis Bank,BR3435,2019-08-07,,Dormant,SRC020,0.92,2024-04-25 01:51:32,2026-01-21 23:54:39
A00385,ACCT6333284828,Current,P02231,,Bank of Baroda,BR7354,2023-10-11,,Closed,SRC003,0.94,2025-12-10 07:00:49,2025-12-12 19:00:49
A00386,ACCT9787950613,Business,P00924,,Punjab National Bank,BR4046,2019-10-20,,Dormant,SRC018,0.87,2024-01-13 19:09:49,2025-12-20 09:02:33
A00387,ACCT9135473068,Savings,P03517,,State Bank of India,BR6263,2022-07-22,,Dormant,SRC020,0.91,2026-02-21 12:30:42,2026-03-13 23:30:42
A00388,ACCT5829161290,Savings,P03115,,Bank of Baroda,BR1813,2025-04-10,,Active,SRC004,0.84,2024-07-30 16:45:36,2025-08-27 23:29:42
A00389,ACCT9555912211,Current,P03994,,HDFC Bank,BR1370,2021-12-08,,Active,SRC009,0.84,2024-02-21 18:07:53,2025-11-30 11:16:18
A00390,ACCT1268667548,Savings,P03406,,Punjab National Bank,BR1131,2024-02-17,,Active,SRC024,0.98,2025-03-30 06:37:52,2025-04-17 20:37:52
A00391,ACCT9187903794,Savings,P00916,,HDFC Bank,BR7582,2017-12-26,,Dormant,SRC016,0.94,2024-07-24 02:28:25,2025-12-19 07:48:56
A00392,ACCT1218667830,Savings,P01284,,Bank of Baroda,BR7965,2023-08-22,,Under Review,SRC024,0.89,2026-07-17 03:22:46,2026-08-01 18:22:46
A00393,ACCT8648510068,Current,P03687,,State Bank of India,BR8201,2019-02-10,,Dormant,SRC014,0.82,2024-11-09 16:22:23,2024-12-04 13:22:23
A00394,ACCT2972017344,Current,,O0001,HDFC Bank,BR5137,2026-08-18,,Active,SRC021,0.9,2026-07-31 05:56:02,2026-08-25 03:56:02
A00395,ACCT5678382116,Business,P01064,,Bank of Baroda,BR6260,2020-11-10,,Closed,SRC008,0.87,2025-07-24 12:19:54,2025-08-07 02:19:54
A00396,ACCT9020658682,Current,P02272,,ICICI Bank,BR2829,2022-10-10,,Closed,SRC003,0.89,2025-04-21 14:09:46,2025-12-20 11:52:05
A00397,ACCT2144364553,Savings,P01963,,Bank of Baroda,BR5517,2018-10-04,,Under Review,SRC027,0.94,2024-10-23 19:35:51,2024-11-22 07:35:51
A00398,ACCT6041378365,Business,,O0277,Axis Bank,BR8352,2023-04-21,,Dormant,SRC006,0.81,2024-09-29 21:25:09,2025-09-24 10:22:35
A00399,ACCT5340733299,Savings,P00209,,Bank of Baroda,BR8557,2023-03-02,,Closed,SRC016,0.82,2024-10-01 01:11:57,2025-11-06 11:10:21
A00400,ACCT8643980231,Savings,P02562,,Axis Bank,BR8255,2026-06-13,,Active,SRC005,0.93,2026-08-18 00:42:33,2026-08-29 04:42:33
A00401,ACCT5975001519,Business,P01726,,Punjab National Bank,BR4311,2022-05-15,,Under Review,SRC017,0.87,2024-02-15 16:51:57,2024-04-28 04:39:02
A00402,ACCT6403427650,Current,P02585,,HDFC Bank,BR8413,2024-06-30,,Dormant,SRC007,0.92,2026-04-22 18:59:53,2026-05-13 22:59:53
A00403,ACCT7913644020,Savings,P03388,,HDFC Bank,BR9813,2025-11-06,,Under Review,SRC024,0.88,2024-04-11 16:22:46,2024-11-24 16:11:14
A00404,ACCT3717284447,Current,,O0376,ICICI Bank,BR9185,2021-07-24,,Closed,SRC023,0.89,2025-04-02 00:47:01,2026-06-26 02:22:04
A00405,ACCT1589524185,Business,P03883,,Punjab National Bank,BR9033,2019-06-16,,Dormant,SRC023,0.83,2025-08-05 22:26:43,2025-08-25 01:26:43
A00406,ACCT4818042892,Current,P02624,,Bank of Baroda,BR2121,2021-10-23,,Active,SRC025,0.84,2024-09-11 06:13:36,2025-04-29 01:01:23
A00407,ACCT5397748122,Savings,P00263,,Bank of Baroda,BR6969,2018-04-03,,Active,SRC010,0.87,2025-08-31 05:30:15,2025-09-16 00:30:15
A00408,ACCT3881808668,Savings,P02068,,Bank of Baroda,BR8348,2025-10-31,,Under Review,SRC028,0.94,2024-02-08 14:09:08,2026-08-19 00:05:53
A00409,ACCT9608994080,Business,P00533,,ICICI Bank,BR1312,2018-01-30,,Dormant,SRC021,0.93,2025-08-27 14:48:26,2025-08-31 18:48:26
A00410,ACCT5812057849,Current,P03096,,Punjab National Bank,BR6713,2018-08-19,,Under Review,SRC024,0.81,2024-08-11 22:11:20,2025-03-05 21:52:50
A00411,ACCT7433604349,Business,P02016,,Bank of Baroda,BR6235,2019-10-14,,Active,SRC025,0.96,2024-12-17 16:23:35,2026-02-02 03:17:10
A00412,ACCT9578470978,Business,P03138,,Punjab National Bank,BR6379,2023-12-04,2025-01-15,Dormant,SRC010,0.93,2024-10-16 10:58:53,2025-03-17 15:23:10
A00413,ACCT3230266941,Current,P02683,,Axis Bank,BR7652,2021-04-01,2025-04-15,Closed,SRC012,0.99,2025-04-03 12:51:04,2026-05-12 17:19:53
A00414,ACCT3190061037,Savings,P03132,,Axis Bank,BR4752,2020-03-27,,Active,SRC028,0.99,2025-02-26 08:43:26,2026-08-19 18:35:40
A00415,ACCT6606797194,Current,P02784,,Punjab National Bank,BR3413,2025-10-11,,Closed,SRC012,0.88,2024-10-19 14:23:44,2026-08-27 17:37:20
A00416,ACCT6779449964,Current,,O0107,ICICI Bank,BR9775,2017-06-29,,Dormant,SRC001,0.87,2025-03-11 16:13:51,2025-03-26 19:13:51
A00417,ACCT8369971067,Business,P00063,,Axis Bank,BR4990,2024-09-16,,Under Review,SRC026,0.84,2024-10-19 09:30:41,2026-03-26 14:23:34
A00418,ACCT4383088808,Savings,P01579,,State Bank of India,BR2157,2024-08-29,,Under Review,SRC020,0.82,2024-12-22 15:07:14,2025-12-29 17:29:11
A00419,ACCT6417781943,Current,P01236,,Axis Bank,BR1273,2017-07-21,,Dormant,SRC027,0.84,2026-03-25 02:29:22,2026-04-20 02:29:22
A00420,ACCT5352843328,Savings,P00791,,HDFC Bank,BR3215,2021-06-19,,Dormant,SRC010,0.91,2024-04-19 00:31:36,2026-05-28 22:02:01
A00421,ACCT9698215028,Current,P01364,,Axis Bank,BR3947,2020-10-29,,Dormant,SRC028,0.97,2025-04-10 14:45:53,2026-05-24 00:02:03
A00422,ACCT4345724598,Current,,O0066,State Bank of India,BR7488,2025-11-20,,Dormant,SRC002,0.93,2024-01-06 22:35:07,2024-06-02 04:41:09
A00423,ACCT5724729780,Business,P02256,,State Bank of India,BR2308,2023-07-05,,Active,SRC024,0.92,2026-07-03 00:42:18,2026-07-29 18:42:18
A00424,ACCT3013299702,Business,P00893,,HDFC Bank,BR6124,2025-06-10,,Dormant,SRC006,0.92,2024-05-24 01:14:32,2026-07-10 07:22:16
A00425,ACCT5641205630,Current,,O0311,ICICI Bank,BR7045,2019-08-21,,Under Review,SRC014,0.83,2025-04-10 17:55:05,2025-04-25 09:05:12
A00426,ACCT2943123317,Savings,P03829,,State Bank of India,BR4819,2018-01-05,,Dormant,SRC021,0.84,2026-03-16 02:06:21,2026-04-13 10:06:21
A00427,ACCT2169117906,Business,,O0067,Bank of Baroda,BR6426,2018-03-06,,Closed,SRC008,0.82,2026-08-11 17:06:20,2026-08-28 03:06:20
A00428,ACCT3482706937,Savings,,O0434,Punjab National Bank,BR5770,2022-11-23,,Closed,SRC020,0.94,2025-04-10 15:37:51,2025-05-02 19:37:51
A00429,ACCT7044563038,Current,P00466,,HDFC Bank,BR5776,2026-01-14,,Dormant,SRC018,0.81,2024-11-13 00:17:24,2024-12-09 21:17:24
A00430,ACCT2112076201,Business,P01290,,HDFC Bank,BR6114,2017-07-01,,Under Review,SRC003,0.92,2026-06-19 02:08:43,2026-06-29 22:08:43
A00431,ACCT4188004429,Current,P02759,,Bank of Baroda,BR1528,2026-06-03,,Under Review,SRC013,0.99,2024-05-14 01:38:01,2026-02-27 10:54:10
A00432,ACCT8009697281,Current,P02558,,HDFC Bank,BR8101,2017-10-13,2025-03-11,Under Review,SRC005,0.89,2025-06-21 20:29:48,2025-06-30 02:29:48
A00433,ACCT6048096198,Business,P02455,,ICICI Bank,BR9555,2018-12-04,,Dormant,SRC001,0.99,2026-06-11 10:42:25,2026-06-25 08:42:25
A00434,ACCT7461039056,Business,P02972,,State Bank of India,BR7158,2020-01-13,2025-05-31,Dormant,SRC021,0.81,2024-06-12 04:36:49,2025-04-12 12:31:08
A00435,ACCT1471991947,Business,P00340,,HDFC Bank,BR8505,2020-04-06,,Dormant,SRC024,0.85,2024-11-26 03:19:40,2025-10-17 01:05:42
A00436,ACCT3796731760,Savings,P00005,,Bank of Baroda,BR8362,2017-03-07,,Active,SRC010,0.85,2026-03-02 21:31:06,2026-03-13 11:31:06
A00437,ACCT9094956935,Business,P01534,,Punjab National Bank,BR7962,2023-08-09,,Dormant,SRC008,0.94,2025-06-10 20:12:36,2025-07-06 04:12:36
A00438,ACCT1835583744,Savings,P01115,,State Bank of India,BR7040,2025-04-17,,Dormant,SRC011,0.88,2026-02-09 10:37:57,2026-03-09 10:37:57
A00439,ACCT3565009326,Business,,O0134,HDFC Bank,BR2839,2022-04-07,,Closed,SRC020,0.94,2024-11-04 18:36:55,2026-04-10 03:17:20
A00440,ACCT5685330983,Business,P00151,,Bank of Baroda,BR1804,2017-08-15,,Under Review,SRC006,0.9,2026-08-29 11:38:45,2026-09-03 12:38:45
A00441,ACCT9542973769,Current,,O0342,Bank of Baroda,BR6090,2022-08-21,,Under Review,SRC016,0.96,2024-01-01 11:19:11,2024-09-04 08:36:32
A00442,ACCT3032818599,Savings,,O0385,State Bank of India,BR7488,2018-07-23,,Under Review,SRC014,0.89,2024-09-23 18:17:07,2026-04-14 16:34:26
A00443,ACCT1510611031,Current,P02277,,Axis Bank,BR6632,2022-07-18,,Dormant,SRC022,0.96,2024-12-22 15:39:52,2026-04-30 11:41:42
A00444,ACCT3693072922,Current,P03291,,Punjab National Bank,BR1815,2020-05-28,,Under Review,SRC013,0.99,2024-03-26 10:57:22,2024-03-29 14:57:22
A00445,ACCT7003219069,Savings,P03832,,Bank of Baroda,BR9523,2020-05-25,2026-03-10,Active,SRC017,0.82,2025-08-18 19:08:19,2025-09-11 03:08:19
A00446,ACCT4650698423,Current,,O0281,Bank of Baroda,BR3345,2022-04-11,,Dormant,SRC011,0.91,2024-11-19 00:08:51,2025-03-31 02:36:32
A00447,ACCT9737189825,Savings,P02420,,Punjab National Bank,BR8776,2023-09-02,,Closed,SRC011,0.96,2024-02-13 00:11:08,2025-12-10 20:09:39
A00448,ACCT8183069999,Business,P02537,,HDFC Bank,BR4870,2020-12-01,,Dormant,SRC008,0.87,2025-01-26 06:18:42,2026-07-16 17:15:27
A00449,ACCT2646900346,Savings,P02609,,Bank of Baroda,BR2335,2017-01-02,,Under Review,SRC021,0.96,2025-10-20 22:25:14,2025-10-29 04:25:14
A00450,ACCT8534103016,Savings,P00850,,Punjab National Bank,BR9271,2020-12-03,,Dormant,SRC001,0.92,2024-09-07 22:13:49,2024-09-08 17:13:49
A00451,ACCT8911133082,Business,P01714,,State Bank of India,BR4040,2023-03-19,,Active,SRC023,0.86,2024-09-29 11:28:53,2025-07-24 07:42:21
A00452,ACCT3525112314,Savings,P01429,,Bank of Baroda,BR9405,2016-10-17,,Closed,SRC021,0.83,2025-02-28 17:09:14,2026-03-30 04:14:15
A00453,ACCT3624669319,Savings,P02019,,HDFC Bank,BR3083,2023-06-19,,Under Review,SRC004,0.83,2026-08-05 20:40:52,2026-08-22 13:40:52
A00454,ACCT5608330476,Current,P01017,,State Bank of India,BR9886,2020-06-07,,Active,SRC016,0.92,2025-05-20 21:02:15,2025-05-30 17:02:15
A00455,ACCT2812753763,Current,P00425,,Punjab National Bank,BR5197,2022-07-01,,Active,SRC011,0.92,2024-01-24 21:40:02,2025-06-13 01:12:55
A00456,ACCT4226376679,Savings,,O0161,Axis Bank,BR8073,2019-11-23,,Closed,SRC021,0.91,2024-12-15 13:52:05,2025-01-12 16:52:05
A00457,ACCT7786285262,Business,P02415,,Punjab National Bank,BR4598,2026-02-28,2025-03-14,Under Review,SRC017,0.89,2024-02-04 10:11:17,2025-09-07 11:01:34
A00458,ACCT7263654367,Current,,O0236,ICICI Bank,BR5048,2020-08-26,,Active,SRC028,0.99,2025-09-19 13:24:42,2025-09-20 03:24:42
A00459,ACCT2126965141,Current,P03005,,Axis Bank,BR8932,2018-10-16,,Under Review,SRC015,0.96,2024-04-22 19:41:14,2025-09-21 12:44:40
A00460,ACCT5181746467,Current,P01696,,State Bank of India,BR4759,2023-06-20,2025-02-05,Dormant,SRC012,0.92,2024-09-08 04:52:15,2025-10-13 00:17:22
A00461,ACCT7396779812,Current,P01610,,Punjab National Bank,BR3790,2024-06-20,,Dormant,SRC027,0.95,2024-04-22 12:59:02,2024-04-26 23:59:02
A00462,ACCT2400601557,Business,P03049,,Bank of Baroda,BR9172,2022-03-24,,Closed,SRC028,0.89,2025-04-04 20:48:03,2025-08-09 11:59:37
A00463,ACCT2130375174,Current,P01546,,HDFC Bank,BR5953,2019-05-28,,Active,SRC026,0.94,2024-03-24 13:34:40,2026-06-25 01:56:04
A00464,ACCT3587588933,Business,P03575,,ICICI Bank,BR3000,2022-12-19,,Dormant,SRC010,0.88,2024-11-06 04:26:37,2024-11-08 18:26:37
A00465,ACCT5705204006,Business,P00944,,Punjab National Bank,BR9071,2020-02-20,,Closed,SRC006,0.92,2024-12-07 16:56:50,2025-01-21 06:56:21
A00466,ACCT1812130731,Current,P03122,,Bank of Baroda,BR2011,2017-05-08,,Dormant,SRC007,0.9,2025-11-20 23:36:57,2025-11-21 03:36:57
A00467,ACCT5399214632,Current,P00314,,Bank of Baroda,BR6065,2025-01-11,,Active,SRC004,0.88,2024-08-09 14:31:14,2025-06-06 05:20:53
A00468,ACCT4389277678,Savings,P03666,,HDFC Bank,BR3176,2023-06-19,2026-04-27,Closed,SRC019,0.95,2026-06-11 21:08:08,2026-06-23 15:08:08
A00469,ACCT2551417444,Savings,P01173,,Punjab National Bank,BR9269,2021-12-27,,Closed,SRC006,0.81,2026-01-12 12:07:03,2026-02-02 16:07:03
A00470,ACCT1280114721,Current,P03765,,Punjab National Bank,BR5551,2022-02-27,,Dormant,SRC012,0.89,2024-07-16 21:07:12,2024-07-25 17:07:12
A00471,ACCT3617568755,Current,P02293,,Punjab National Bank,BR8604,2021-03-04,,Dormant,SRC008,0.96,2024-06-17 09:21:57,2024-07-12 01:21:57
A00472,ACCT9139604633,Business,P00977,,HDFC Bank,BR1377,2017-12-02,,Closed,SRC026,0.91,2024-08-25 23:40:19,2024-09-21 13:40:19
A00473,ACCT2286356508,Business,P00115,,Bank of Baroda,BR7038,2018-08-31,,Active,SRC024,0.96,2025-10-17 03:12:35,2026-03-24 10:50:33
A00474,ACCT1919757113,Savings,P03313,,HDFC Bank,BR4275,2021-07-30,,Under Review,SRC008,0.8,2026-08-20 04:20:44,2026-08-31 04:20:44
A00475,ACCT9911306793,Savings,P03070,,Axis Bank,BR8831,2025-03-04,,Closed,SRC023,0.9,2025-03-05 08:08:06,2025-03-09 08:16:10
A00476,ACCT9513293258,Current,P01069,,State Bank of India,BR9377,2019-07-29,,Active,SRC011,0.83,2025-05-17 00:10:22,2025-05-21 03:27:11
A00477,ACCT5499366144,Current,P01531,,Punjab National Bank,BR5432,2025-01-26,,Active,SRC001,0.89,2025-01-04 06:00:53,2025-01-27 01:00:53
A00478,ACCT1564691782,Current,P00044,,Bank of Baroda,BR7218,2016-09-24,,Under Review,SRC012,0.83,2025-10-10 18:38:19,2025-10-21 21:38:19
A00479,ACCT7997592855,Savings,P02611,,State Bank of India,BR1950,2022-05-29,,Active,SRC008,0.87,2026-05-08 22:49:02,2026-05-23 21:49:02
A00480,ACCT1230851165,Current,P03642,,ICICI Bank,BR7352,2021-09-21,,Active,SRC027,0.98,2024-12-13 11:18:04,2026-06-17 10:26:15
A00481,ACCT8974922996,Savings,P00599,,Punjab National Bank,BR4470,2017-12-31,,Closed,SRC029,0.85,2024-03-11 03:19:32,2024-04-02 22:16:26
A00482,ACCT8736705150,Current,P01934,,Bank of Baroda,BR9718,2023-03-26,,Under Review,SRC029,0.84,2025-02-06 14:25:50,2025-05-15 12:11:22
A00483,ACCT5806041283,Business,P00714,,Punjab National Bank,BR5790,2021-09-01,,Closed,SRC006,0.92,2025-01-13 15:14:35,2025-11-14 18:03:26
A00484,ACCT9247117049,Business,P02691,,Axis Bank,BR1845,2025-10-19,,Closed,SRC005,0.88,2025-04-06 16:03:32,2025-04-13 21:03:32
A00485,ACCT6915177571,Current,P01145,,Axis Bank,BR4493,2017-05-24,,Under Review,SRC026,0.97,2026-08-15 05:18:46,2026-09-01 17:18:46
A00486,ACCT8592068727,Savings,P03354,,HDFC Bank,BR5250,2024-11-08,,Under Review,SRC022,0.86,2025-02-27 14:59:49,2025-07-12 01:44:04
A00487,ACCT3525700244,Business,P02192,,Bank of Baroda,BR1229,2023-07-25,,Closed,SRC023,0.94,2025-10-21 05:16:05,2026-08-02 20:06:44
A00488,ACCT4997654498,Current,,O0489,HDFC Bank,BR8993,2021-12-13,,Closed,SRC006,0.8,2026-02-21 07:39:36,2026-03-15 15:39:36
A00489,ACCT7958911780,Business,P01088,,Punjab National Bank,BR4285,2019-07-20,,Under Review,SRC016,0.85,2025-09-23 20:30:45,2025-12-12 08:39:59
A00490,ACCT3948281293,Current,P03016,,HDFC Bank,BR2920,2022-11-09,,Closed,SRC029,0.98,2024-11-20 07:42:23,2024-12-06 07:42:23
A00491,ACCT9799988651,Current,,O0389,ICICI Bank,BR3388,2026-05-16,,Active,SRC003,0.85,2025-08-05 17:57:36,2025-08-27 11:57:36
A00492,ACCT7878592787,Savings,P00901,,ICICI Bank,BR7114,2026-02-15,,Active,SRC013,0.8,2025-02-17 18:24:29,2025-03-08 21:24:29
A00493,ACCT3969917159,Current,P03590,,Bank of Baroda,BR3425,2024-06-26,,Under Review,SRC008,0.95,2026-07-01 01:31:39,2026-07-07 17:31:39
A00494,ACCT7945002609,Current,P00191,,State Bank of India,BR7056,2023-08-14,,Active,SRC007,0.96,2025-10-07 14:15:40,2025-10-17 01:15:40
A00495,ACCT1549761147,Business,P02222,,State Bank of India,BR4146,2018-05-14,2026-01-09,Active,SRC011,0.96,2025-05-06 08:38:44,2026-02-15 06:43:25
A00496,ACCT2191852152,Savings,P01385,,Axis Bank,BR6745,2021-12-23,,Under Review,SRC022,0.94,2024-11-14 00:25:17,2025-10-05 19:17:09
A00497,ACCT7732124485,Current,P01346,,Bank of Baroda,BR6174,2020-03-21,,Active,SRC003,0.98,2025-11-20 01:32:47,2025-12-15 21:32:47
A00498,ACCT9235584562,Savings,P03257,,Axis Bank,BR7356,2017-03-23,,Under Review,SRC011,0.9,2024-04-27 01:46:59,2026-03-19 18:12:26
A00499,ACCT2514330422,Current,P02940,,Bank of Baroda,BR5769,2017-10-20,,Under Review,SRC026,0.92,2025-11-18 15:20:18,2025-12-11 17:20:18
A00500,ACCT3322961667,Current,P00080,,HDFC Bank,BR9039,2026-02-26,,Dormant,SRC026,0.86,2025-09-07 02:23:36,2025-10-05 00:23:36
A00501,ACCT5972595944,Current,P02487,,Bank of Baroda,BR6901,2018-06-24,,Dormant,SRC008,0.93,2024-03-20 11:17:37,2024-12-09 15:25:38
A00502,ACCT4947440152,Current,,O0486,State Bank of India,BR5418,2021-07-21,2025-09-23,Under Review,SRC030,0.9,2026-08-30 14:35:51,2026-09-04 23:59:59
A00503,ACCT6563348992,Savings,P03143,,Axis Bank,BR1688,2020-03-15,,Dormant,SRC028,0.81,2025-06-06 07:42:03,2026-01-18 13:30:06
A00504,ACCT4451636029,Business,P01662,,HDFC Bank,BR1242,2018-07-02,,Active,SRC018,0.91,2026-06-16 00:41:40,2026-06-23 05:41:40
A00505,ACCT7414678887,Business,P00624,,Punjab National Bank,BR2358,2024-08-14,,Dormant,SRC026,0.93,2024-12-07 16:51:20,2025-09-29 20:01:13
A00506,ACCT3927812263,Savings,P03618,,Bank of Baroda,BR4876,2025-06-04,,Active,SRC017,0.81,2025-02-20 16:25:08,2026-01-08 00:14:51
A00507,ACCT5502570910,Business,P00413,,Punjab National Bank,BR1979,2017-11-09,2024-10-26,Dormant,SRC026,0.97,2026-02-09 03:08:37,2026-02-28 01:08:37
A00508,ACCT6074553311,Business,P01278,,Axis Bank,BR5481,2021-05-18,,Dormant,SRC003,0.97,2024-10-31 13:26:46,2024-11-21 10:26:46
A00509,ACCT4685592445,Business,P00531,,Bank of Baroda,BR6437,2024-05-21,,Active,SRC025,0.88,2024-11-05 22:42:01,2024-11-21 09:42:01
A00510,ACCT1722727491,Savings,P00254,,Bank of Baroda,BR3018,2020-07-18,,Closed,SRC024,0.9,2025-02-13 08:24:30,2025-03-07 00:24:30
A00511,ACCT8817636486,Business,P00858,,HDFC Bank,BR1776,2019-10-30,2025-10-18,Active,SRC025,0.91,2024-08-14 01:34:19,2025-05-07 00:31:09
A00512,ACCT3190146585,Business,P03450,,ICICI Bank,BR3737,2024-08-23,,Closed,SRC013,0.84,2024-08-23 03:02:50,2024-11-22 09:38:28
A00513,ACCT2252271073,Current,P01387,,Bank of Baroda,BR3127,2025-05-08,,Dormant,SRC009,0.87,2024-02-15 23:17:16,2025-09-06 17:01:26
A00514,ACCT5635283141,Current,P01306,,Bank of Baroda,BR3346,2019-08-11,,Under Review,SRC011,0.98,2026-05-02 09:04:37,2026-05-05 09:04:37
A00515,ACCT5049756190,Savings,P02840,,Punjab National Bank,BR5437,2022-02-16,,Active,SRC006,0.86,2025-08-04 21:54:35,2025-08-12 06:54:35
A00516,ACCT4372384981,Current,P00486,,Punjab National Bank,BR1326,2025-08-04,,Under Review,SRC028,0.85,2025-11-18 02:13:24,2025-12-04 18:13:24
A00517,ACCT7152797391,Savings,P02958,,Bank of Baroda,BR6306,2024-05-12,2026-08-31,Closed,SRC022,0.97,2024-02-10 10:14:13,2026-04-05 16:43:17
A00518,ACCT5650897452,Business,P02299,,ICICI Bank,BR3089,2022-06-29,,Active,SRC018,0.84,2024-05-12 22:25:26,2025-02-27 16:36:13
A00519,ACCT6496595020,Current,P00796,,HDFC Bank,BR2544,2021-10-07,,Closed,SRC009,0.88,2025-05-24 08:08:38,2026-01-07 15:51:20
A00520,ACCT5041714672,Current,P02813,,HDFC Bank,BR4612,2019-09-20,,Active,SRC022,0.83,2025-04-22 06:21:41,2025-04-26 19:21:41
A00521,ACCT7519965635,Savings,P03290,,ICICI Bank,BR4267,2020-09-05,,Dormant,SRC025,0.86,2024-02-05 03:02:51,2026-03-23 18:08:53
A00522,ACCT5804743332,Savings,P03237,,ICICI Bank,BR9267,2025-02-06,,Dormant,SRC027,0.88,2025-10-15 07:29:15,2026-05-18 09:16:27
A00523,ACCT3580422022,Current,P02159,,Axis Bank,BR6212,2025-07-10,,Under Review,SRC010,0.83,2026-07-02 13:57:32,2026-07-15 18:57:32
A00524,ACCT7062915568,Current,P00569,,Axis Bank,BR8290,2018-07-22,,Under Review,SRC030,0.84,2024-02-26 04:14:39,2025-09-15 00:07:34
A00525,ACCT1224051369,Savings,P01067,,Axis Bank,BR9277,2022-08-23,,Active,SRC002,0.93,2025-03-14 14:01:40,2026-07-27 15:43:01
A00526,ACCT7943736742,Current,,O0238,Axis Bank,BR4421,2022-12-05,,Dormant,SRC012,0.81,2025-02-26 10:08:24,2025-02-27 15:08:24
A00527,ACCT6293339905,Current,P00551,,HDFC Bank,BR1809,2018-05-30,,Under Review,SRC021,0.97,2024-11-20 09:42:08,2024-12-18 02:42:08
A00528,ACCT7992025409,Current,P00180,,Bank of Baroda,BR8481,2019-07-12,,Closed,SRC025,0.89,2024-06-08 18:36:56,2025-06-10 21:20:35
A00529,ACCT4487526090,Current,P00484,,State Bank of India,BR3810,2025-12-28,,Active,SRC022,0.82,2025-04-30 02:19:49,2025-07-18 19:58:35
A00530,ACCT2676923215,Business,P02088,,ICICI Bank,BR4848,2023-10-22,,Under Review,SRC028,0.83,2024-07-12 15:37:55,2024-07-14 13:37:55
A00531,ACCT7328281768,Savings,P01564,,ICICI Bank,BR1828,2021-06-23,,Dormant,SRC022,0.82,2026-07-23 20:07:40,2026-08-12 05:07:40
A00532,ACCT3393318843,Business,P00301,,ICICI Bank,BR5200,2025-06-21,,Dormant,SRC022,0.9,2024-10-10 21:22:12,2024-10-24 06:22:12
A00533,ACCT3023424249,Current,P02530,,HDFC Bank,BR6458,2020-02-04,,Under Review,SRC002,0.92,2024-02-27 19:09:17,2025-05-13 13:07:39
A00534,ACCT7286607829,Savings,P03815,,Bank of Baroda,BR9660,2021-04-07,,Active,SRC004,0.97,2024-07-18 02:07:48,2024-08-11 17:07:48
A00535,ACCT5184949490,Current,P03176,,HDFC Bank,BR8648,2016-11-25,,Under Review,SRC009,0.91,2025-11-28 05:01:41,2025-12-10 14:01:41
A00536,ACCT7960021143,Business,P01026,,Bank of Baroda,BR3804,2026-04-18,,Under Review,SRC006,0.9,2026-08-27 19:06:41,2026-09-04 23:59:59
A00537,ACCT5200675693,Business,,O0192,HDFC Bank,BR1174,2021-07-15,,Active,SRC005,0.81,2025-09-28 12:14:39,2025-10-15 21:14:39
A00538,ACCT4541856256,Business,P02439,,HDFC Bank,BR5530,2025-07-10,,Active,SRC026,0.96,2025-04-21 06:26:44,2026-06-03 12:20:38
A00539,ACCT6459013872,Savings,,O0322,HDFC Bank,BR9401,2023-04-16,,Under Review,SRC006,0.8,2026-01-30 04:53:03,2026-02-06 06:53:03
A00540,ACCT3840444522,Current,P01158,,State Bank of India,BR8889,2017-12-21,,Closed,SRC023,0.87,2026-06-18 03:42:07,2026-06-28 01:42:07
A00541,ACCT4725874248,Current,P02129,,Punjab National Bank,BR6086,2019-10-26,,Under Review,SRC016,0.9,2025-07-21 18:58:59,2026-02-03 07:14:29
A00542,ACCT6782649681,Savings,P02341,,Punjab National Bank,BR9555,2026-03-27,,Closed,SRC006,0.83,2025-09-01 17:16:16,2026-04-05 15:29:04
A00543,ACCT9003141944,Savings,P00253,,Axis Bank,BR9709,2023-12-03,,Active,SRC001,0.87,2025-08-17 01:05:38,2025-09-01 08:05:38
A00544,ACCT5306006305,Savings,P02362,,Punjab National Bank,BR5741,2017-10-03,,Dormant,SRC018,0.91,2026-08-18 01:39:52,2026-08-19 03:39:52
A00545,ACCT8709067012,Current,,O0330,Axis Bank,BR9192,2019-10-07,,Closed,SRC006,0.95,2026-08-25 20:58:16,2026-09-04 23:59:59
A00546,ACCT3348760832,Savings,P03084,,Punjab National Bank,BR5218,2026-04-02,,Active,SRC007,0.89,2025-09-13 09:24:15,2025-09-19 15:24:15
A00547,ACCT1199726928,Business,P02844,,Axis Bank,BR3300,2018-04-13,,Under Review,SRC017,0.98,2026-01-05 11:07:30,2026-01-24 02:07:30
A00548,ACCT4571014863,Savings,P02740,,HDFC Bank,BR9211,2021-05-13,,Under Review,SRC027,0.89,2024-10-30 12:43:21,2025-06-27 09:37:59
A00549,ACCT9957936587,Savings,,O0126,Punjab National Bank,BR5853,2025-04-01,,Closed,SRC017,0.89,2024-06-01 00:06:05,2025-10-05 10:38:56
A00550,ACCT9492136364,Business,P03161,,ICICI Bank,BR3680,2020-11-19,,Dormant,SRC011,0.9,2026-06-02 12:04:30,2026-06-30 23:04:30
A00551,ACCT4690515510,Savings,P02515,,HDFC Bank,BR7504,2021-01-11,2026-01-18,Active,SRC017,0.97,2026-08-15 06:44:41,2026-09-04 23:59:59
A00552,ACCT7606885285,Savings,,O0135,ICICI Bank,BR7215,2025-03-20,,Under Review,SRC009,0.95,2026-02-12 14:44:21,2026-03-01 06:44:21
A00553,ACCT2032145839,Business,P02587,,ICICI Bank,BR9497,2025-11-28,,Under Review,SRC013,0.93,2024-11-30 17:14:57,2026-03-26 21:58:09
A00554,ACCT5819295494,Savings,P00808,,Bank of Baroda,BR2546,2018-11-30,,Under Review,SRC013,0.97,2026-07-22 15:53:43,2026-08-11 00:53:43
A00555,ACCT7095004525,Savings,P02783,,HDFC Bank,BR7714,2021-01-25,,Dormant,SRC014,0.93,2026-08-28 02:21:39,2026-09-04 23:59:59
A00556,ACCT4346709526,Current,,O0486,HDFC Bank,BR5451,2022-08-22,,Under Review,SRC011,0.98,2024-04-16 00:34:29,2026-05-06 17:56:02
A00557,ACCT7935301342,Business,P01433,,Axis Bank,BR3161,2020-09-29,,Active,SRC019,0.83,2025-09-12 06:12:04,2026-04-05 22:03:02
A00558,ACCT7891290772,Current,P02421,,HDFC Bank,BR1520,2022-07-17,,Dormant,SRC015,0.91,2026-05-18 01:08:20,2026-06-07 10:08:20
A00559,ACCT6442916055,Business,P01388,,ICICI Bank,BR1328,2018-09-10,,Dormant,SRC026,0.84,2026-03-06 05:14:15,2026-03-25 18:14:15
A00560,ACCT6342386721,Savings,P01550,,ICICI Bank,BR2626,2018-04-20,,Closed,SRC028,0.96,2025-02-21 09:15:18,2026-06-12 07:31:32
A00561,ACCT1184634338,Current,P02372,,HDFC Bank,BR6806,2023-04-26,,Dormant,SRC021,0.86,2025-07-17 12:32:06,2025-07-29 13:32:06
A00562,ACCT3777503358,Business,P02639,,HDFC Bank,BR3585,2025-12-12,,Dormant,SRC018,0.9,2024-05-11 10:55:09,2025-03-13 19:55:12
A00563,ACCT8318589479,Business,P00913,,ICICI Bank,BR2446,2022-05-04,,Closed,SRC005,0.91,2024-11-25 07:08:13,2024-12-24 16:08:13
A00564,ACCT5653680742,Current,P02661,,Axis Bank,BR6005,2019-11-07,2026-04-10,Active,SRC004,0.9,2025-01-23 07:43:13,2025-02-11 20:43:13
A00565,ACCT6816402266,Business,P03421,,Axis Bank,BR2837,2026-06-30,,Dormant,SRC010,0.99,2024-07-08 01:15:20,2024-07-25 15:08:06
A00566,ACCT2303687567,Business,P02842,,Bank of Baroda,BR8272,2021-07-23,2025-11-28,Dormant,SRC029,0.86,2024-06-12 10:05:44,2025-10-27 15:03:58
A00567,ACCT9421413729,Savings,P02223,,HDFC Bank,BR8828,2020-05-03,,Active,SRC023,0.93,2024-09-23 06:53:43,2024-10-04 21:53:43
A00568,ACCT3974409813,Current,,O0375,HDFC Bank,BR5269,2017-12-30,,Dormant,SRC008,0.84,2024-05-11 00:23:57,2026-03-17 10:06:35
A00569,ACCT9421121570,Savings,P02189,,ICICI Bank,BR1965,2023-09-07,,Active,SRC023,0.83,2024-04-15 08:38:35,2024-09-11 07:13:23
A00570,ACCT5586698674,Current,P03726,,Axis Bank,BR8084,2023-05-16,,Under Review,SRC030,0.85,2024-04-06 08:04:41,2024-04-08 21:04:41
A00571,ACCT3603287382,Business,,O0355,Axis Bank,BR1394,2023-08-02,,Dormant,SRC012,0.87,2026-01-01 07:34:03,2026-01-04 06:34:03
A00572,ACCT2123536351,Current,P00190,,HDFC Bank,BR8010,2026-02-27,,Active,SRC010,0.92,2025-02-28 18:48:26,2025-11-28 13:36:33
A00573,ACCT3842358680,Current,P02535,,ICICI Bank,BR3574,2019-03-29,,Active,SRC026,0.9,2026-08-20 03:27:53,2026-09-04 23:59:59
A00574,ACCT7193781020,Business,,O0225,Punjab National Bank,BR8871,2021-07-20,,Dormant,SRC019,0.92,2025-04-25 08:51:44,2025-05-23 03:51:44
A00575,ACCT1383485300,Current,P03833,,State Bank of India,BR1844,2023-05-07,,Active,SRC030,0.81,2026-02-25 23:27:13,2026-05-17 02:35:39
A00576,ACCT5959416096,Savings,P01546,,Axis Bank,BR6677,2020-11-05,,Closed,SRC019,0.99,2024-06-26 16:12:52,2026-06-20 20:15:11
A00577,ACCT1144130729,Savings,P01974,,Bank of Baroda,BR6162,2019-05-27,,Dormant,SRC015,0.91,2026-04-23 09:04:19,2026-05-06 22:04:19
A00578,ACCT8132931580,Current,P01288,,State Bank of India,BR3542,2023-07-06,2025-08-28,Active,SRC013,0.87,2025-04-22 05:28:25,2025-09-12 22:07:35
A00579,ACCT9798490311,Current,P00827,,Axis Bank,BR9216,2021-05-18,,Active,SRC008,0.9,2025-12-04 10:14:24,2025-12-16 06:14:24
A00580,ACCT3481738950,Business,P00858,,HDFC Bank,BR2515,2017-11-24,,Active,SRC010,0.91,2025-03-27 16:00:51,2025-09-29 17:09:25
A00581,ACCT1014714883,Current,P00520,,Axis Bank,BR4067,2022-06-30,,Under Review,SRC003,0.83,2024-08-28 23:48:47,2025-12-29 06:30:14
A00582,ACCT1822850752,Business,,O0241,State Bank of India,BR8468,2026-06-24,2024-11-16,Active,SRC030,0.97,2025-02-17 03:40:34,2026-03-21 14:32:55
A00583,ACCT6765059256,Savings,P01406,,Axis Bank,BR9109,2023-04-09,2025-11-15,Dormant,SRC006,0.98,2025-06-29 11:03:55,2026-06-20 10:41:49
A00584,ACCT8874766449,Current,,O0461,Bank of Baroda,BR6044,2021-01-15,,Active,SRC029,0.84,2024-04-09 04:58:55,2024-11-27 04:17:12
A00585,ACCT4515729363,Savings,P00574,,HDFC Bank,BR7020,2017-01-25,,Dormant,SRC022,0.89,2024-01-21 07:33:39,2025-08-25 08:17:14
A00586,ACCT1422527851,Current,P02894,,ICICI Bank,BR2699,2021-12-27,2025-04-18,Dormant,SRC030,0.87,2024-03-25 09:10:40,2025-05-29 12:56:09
A00587,ACCT5706499300,Savings,P03590,,ICICI Bank,BR7723,2022-10-03,,Closed,SRC004,0.88,2024-11-13 22:18:13,2024-12-01 19:18:13
A00588,ACCT2993662994,Current,P00711,,Axis Bank,BR4572,2017-09-22,,Active,SRC002,0.92,2026-04-27 12:04:58,2026-04-28 22:04:58
A00589,ACCT8272567373,Business,P00154,,State Bank of India,BR3592,2025-10-10,,Closed,SRC014,0.88,2026-01-15 20:24:08,2026-08-07 03:17:52
A00590,ACCT2845053041,Current,,O0218,State Bank of India,BR4144,2024-04-14,,Closed,SRC028,0.94,2025-03-26 16:02:31,2025-03-31 21:02:31
A00591,ACCT6983368250,Savings,P02564,,Axis Bank,BR5189,2022-10-04,,Dormant,SRC007,0.88,2026-06-08 10:05:45,2026-06-24 22:05:45
A00592,ACCT8207439779,Savings,P02750,,Punjab National Bank,BR8951,2020-05-20,,Dormant,SRC012,0.98,2025-01-17 02:24:49,2025-04-25 01:32:20
A00593,ACCT3819164324,Business,P00351,,State Bank of India,BR7971,2021-02-04,,Closed,SRC001,0.96,2025-04-24 09:15:47,2025-08-06 01:38:57
A00594,ACCT2955831288,Business,P02635,,State Bank of India,BR9089,2022-03-04,,Dormant,SRC015,0.83,2024-06-07 14:13:43,2025-12-01 22:18:11
A00595,ACCT6522110440,Current,P00217,,HDFC Bank,BR2547,2017-02-11,,Active,SRC009,0.92,2025-03-20 15:07:39,2026-03-10 20:31:53
A00596,ACCT9664602501,Business,P00103,,Axis Bank,BR7754,2024-03-24,,Under Review,SRC027,0.87,2024-12-02 01:33:29,2026-05-10 01:56:37
A00597,ACCT8746378118,Savings,P00061,,Punjab National Bank,BR4162,2025-08-01,,Under Review,SRC004,0.81,2024-09-30 09:50:48,2025-06-26 19:25:53
A00598,ACCT4767635480,Savings,P02673,,Bank of Baroda,BR1369,2022-05-16,,Closed,SRC002,0.82,2024-09-07 03:26:06,2025-11-29 10:23:00
A00599,ACCT7069691494,Business,P01323,,Axis Bank,BR6225,2023-05-14,,Dormant,SRC016,0.94,2026-05-18 15:30:08,2026-05-20 01:30:08
A00600,ACCT5978415556,Savings,P03309,,Axis Bank,BR7349,2018-08-30,,Under Review,SRC006,0.95,2024-01-07 19:49:25,2024-06-24 06:55:39
A00601,ACCT6905078920,Savings,P01612,,Axis Bank,BR3851,2026-03-07,2025-05-09,Closed,SRC016,0.84,2024-01-11 20:59:41,2025-09-17 04:54:33
A00602,ACCT1254348587,Savings,,O0015,Bank of Baroda,BR4217,2024-05-14,,Dormant,SRC027,0.94,2025-10-15 21:50:55,2025-10-18 15:50:55
A00603,ACCT6879778495,Business,,O0111,Punjab National Bank,BR2516,2024-07-03,,Under Review,SRC018,0.89,2024-02-02 17:06:29,2026-04-25 18:15:32
A00604,ACCT1187108397,Current,,O0189,Bank of Baroda,BR2346,2020-08-07,,Dormant,SRC030,0.95,2024-07-23 04:01:46,2026-03-15 12:50:45
A00605,ACCT7208108816,Savings,P01429,,State Bank of India,BR5607,2025-01-25,,Under Review,SRC019,0.9,2024-04-06 04:53:29,2025-10-16 15:25:11
A00606,ACCT3772114544,Savings,P02314,,ICICI Bank,BR7116,2024-09-15,,Dormant,SRC005,0.91,2026-06-21 01:54:56,2026-07-10 11:54:56
A00607,ACCT9225032591,Current,P02335,,Bank of Baroda,BR1509,2024-08-03,,Active,SRC006,0.86,2026-04-07 07:01:35,2026-04-29 06:01:35
A00608,ACCT5338963726,Current,P01790,,Punjab National Bank,BR5377,2020-09-21,,Closed,SRC013,0.86,2024-04-28 06:39:44,2026-05-08 23:00:59
A00609,ACCT6945948202,Business,P02999,,Axis Bank,BR9334,2019-08-23,,Closed,SRC019,0.97,2024-01-17 04:51:53,2024-07-08 13:48:17
A00610,ACCT3865380414,Savings,P03501,,Bank of Baroda,BR8494,2026-04-27,,Dormant,SRC009,0.92,2026-04-07 21:52:43,2026-04-15 19:52:43
A00611,ACCT6107792717,Business,P02849,,HDFC Bank,BR6235,2019-05-14,,Dormant,SRC006,0.97,2026-05-21 12:27:18,2026-06-04 02:27:18
A00612,ACCT2119624322,Business,P01747,,Axis Bank,BR4863,2021-08-31,,Dormant,SRC015,0.98,2025-01-28 16:20:54,2026-05-08 08:05:12
A00613,ACCT3494562558,Savings,P00816,,Axis Bank,BR1309,2022-04-12,2025-01-02,Active,SRC027,0.92,2024-06-05 17:02:04,2024-11-26 23:23:50
A00614,ACCT1499767415,Current,,O0400,State Bank of India,BR3529,2018-09-26,,Active,SRC009,0.96,2025-04-25 09:51:23,2026-08-27 17:03:47
A00615,ACCT4338508451,Savings,P02417,,Axis Bank,BR8553,2017-11-13,,Dormant,SRC006,0.85,2025-07-05 14:05:14,2026-08-01 13:54:51
A00616,ACCT7166714228,Business,P01384,,HDFC Bank,BR3178,2022-07-08,,Active,SRC014,0.93,2026-05-21 23:20:43,2026-06-20 10:20:43
A00617,ACCT5387972123,Savings,,O0083,HDFC Bank,BR8111,2021-11-16,2026-02-15,Dormant,SRC004,0.85,2024-05-27 07:47:14,2024-06-15 08:47:14
A00618,ACCT8504629316,Savings,,O0409,Axis Bank,BR9450,2020-05-14,,Closed,SRC005,0.8,2025-09-23 13:01:28,2026-06-12 19:44:35
A00619,ACCT4266637889,Savings,P01893,,HDFC Bank,BR3744,2021-01-31,2026-08-05,Active,SRC009,0.96,2026-07-21 15:13:51,2026-08-06 16:13:51
A00620,ACCT2475004084,Business,P02577,,Bank of Baroda,BR3221,2024-07-01,,Under Review,SRC029,0.97,2026-07-28 16:29:18,2026-08-15 08:29:18
A00621,ACCT4826225410,Business,P01661,,HDFC Bank,BR6258,2019-11-06,,Dormant,SRC006,0.86,2025-02-13 07:19:04,2026-02-08 11:03:21
A00622,ACCT3095360208,Business,P03740,,State Bank of India,BR9651,2022-01-11,,Under Review,SRC021,0.95,2025-05-21 19:56:11,2026-05-17 02:53:33
A00623,ACCT3569898451,Business,,O0351,Bank of Baroda,BR3399,2024-09-16,,Active,SRC006,0.86,2024-08-03 07:38:35,2024-08-27 18:38:35
A00624,ACCT1544563823,Business,P01638,,Axis Bank,BR7503,2019-03-14,2025-05-05,Under Review,SRC027,0.86,2024-08-05 02:12:19,2025-03-26 12:08:09
A00625,ACCT9329574606,Current,P00340,,Punjab National Bank,BR3526,2018-12-24,2025-03-10,Closed,SRC004,0.88,2024-10-17 21:04:11,2025-06-08 21:38:08
A00626,ACCT6610317416,Business,,O0196,Punjab National Bank,BR9031,2017-06-15,,Dormant,SRC006,0.88,2026-07-24 23:56:59,2026-08-20 01:56:59
A00627,ACCT3575286587,Current,P02471,,ICICI Bank,BR4147,2025-08-03,,Closed,SRC027,0.84,2024-11-20 10:32:46,2026-05-12 23:54:03
A00628,ACCT8591894418,Current,P01712,,Axis Bank,BR7897,2025-06-02,,Dormant,SRC025,0.91,2026-06-07 06:27:51,2026-06-16 21:27:51
A00629,ACCT6502040602,Business,P01280,,Punjab National Bank,BR3923,2022-11-05,,Dormant,SRC008,0.88,2025-06-16 18:33:42,2025-06-25 04:09:47
A00630,ACCT5035713624,Business,P02678,,State Bank of India,BR4413,2022-12-28,,Dormant,SRC001,0.87,2024-11-02 06:04:36,2026-07-12 07:19:49
A00631,ACCT1311005897,Savings,P02748,,Bank of Baroda,BR6465,2019-08-22,2024-10-13,Under Review,SRC019,0.96,2026-02-26 13:33:15,2026-03-06 15:33:15
A00632,ACCT7073302697,Current,P00397,,HDFC Bank,BR1757,2024-02-23,,Active,SRC015,0.98,2025-03-08 05:44:28,2025-11-26 11:54:40
A00633,ACCT5095300119,Savings,P00688,,ICICI Bank,BR7192,2023-09-16,,Under Review,SRC010,0.82,2025-07-17 09:35:26,2025-08-30 04:25:43
A00634,ACCT3335091218,Savings,P00568,,Bank of Baroda,BR4100,2017-07-24,,Closed,SRC010,0.86,2025-08-28 05:00:54,2025-09-25 12:00:54
A00635,ACCT8837069850,Savings,P03731,,ICICI Bank,BR9280,2024-08-29,2025-08-09,Dormant,SRC022,0.87,2025-01-05 13:11:09,2025-01-13 16:01:37
A00636,ACCT4018814085,Savings,P03504,,Punjab National Bank,BR8315,2019-11-10,,Dormant,SRC004,0.89,2026-04-07 01:15:38,2026-04-19 16:15:38
A00637,ACCT3796945664,Current,P02102,,HDFC Bank,BR2015,2020-04-02,,Closed,SRC003,0.95,2024-07-15 18:24:50,2024-09-04 22:42:14
A00638,ACCT6378166719,Business,P02103,,Axis Bank,BR3329,2023-12-18,,Active,SRC007,0.87,2025-03-30 21:37:42,2025-11-11 11:55:34
A00639,ACCT3334478426,Current,P01682,,Axis Bank,BR6581,2020-11-26,2024-12-27,Dormant,SRC014,0.87,2025-01-12 19:39:29,2025-01-28 23:39:29
A00640,ACCT9346009751,Business,P03366,,Axis Bank,BR3494,2025-06-12,,Active,SRC029,0.98,2025-12-03 01:15:43,2025-12-13 13:15:43
A00641,ACCT7377790846,Current,P00660,,Bank of Baroda,BR8163,2025-09-17,2025-10-04,Under Review,SRC013,0.94,2026-05-04 21:00:05,2026-05-10 10:00:05
A00642,ACCT3827208181,Business,P00727,,HDFC Bank,BR9507,2020-04-28,,Active,SRC028,0.9,2025-02-07 03:52:20,2025-03-02 14:52:20
A00643,ACCT2197829936,Savings,P01034,,ICICI Bank,BR2443,2017-10-01,,Under Review,SRC026,0.81,2024-09-06 17:41:59,2026-06-08 06:27:18
A00644,ACCT7378990589,Current,P01363,,State Bank of India,BR5324,2026-04-13,,Active,SRC021,0.81,2024-02-08 02:31:48,2024-11-21 13:22:42
A00645,ACCT2474913220,Current,P03608,,HDFC Bank,BR8504,2017-01-22,2026-02-28,Closed,SRC018,0.82,2025-10-13 21:45:58,2025-12-06 08:47:58
A00646,ACCT8917040288,Current,P03052,,HDFC Bank,BR5239,2020-11-23,,Under Review,SRC006,0.95,2025-12-16 07:40:57,2025-12-16 09:40:57
A00647,ACCT2239108748,Savings,P01818,,HDFC Bank,BR7030,2025-09-20,,Closed,SRC020,0.87,2025-11-22 21:40:03,2025-12-02 21:40:03
A00648,ACCT2064987829,Current,P00663,,ICICI Bank,BR1007,2020-02-14,,Under Review,SRC011,0.84,2024-04-05 12:25:09,2025-02-27 21:48:23
A00649,ACCT5208133723,Savings,P00679,,Punjab National Bank,BR7888,2023-08-20,,Under Review,SRC027,0.97,2025-05-06 02:49:35,2025-05-29 13:49:35
A00650,ACCT6358639414,Savings,,O0379,ICICI Bank,BR2311,2026-04-11,,Active,SRC024,0.98,2025-09-20 14:41:31,2025-10-13 22:41:31
A00651,ACCT8756338328,Current,P02279,,Axis Bank,BR8193,2021-10-27,,Active,SRC019,0.94,2024-02-05 23:12:18,2025-04-19 11:28:01
A00652,ACCT5207014538,Savings,P01630,,Bank of Baroda,BR9338,2024-09-28,,Under Review,SRC005,0.87,2026-01-09 21:32:42,2026-02-04 18:32:42
A00653,ACCT1759733187,Current,P02709,,HDFC Bank,BR6072,2025-04-13,,Dormant,SRC006,0.93,2025-02-12 12:35:14,2025-03-08 00:35:14
A00654,ACCT2958996503,Current,P00402,,ICICI Bank,BR1421,2022-09-26,,Closed,SRC029,0.94,2025-05-21 15:03:56,2025-06-08 23:03:56
A00655,ACCT4719246381,Savings,P00584,,Punjab National Bank,BR5882,2023-10-18,,Dormant,SRC021,0.8,2024-06-12 01:50:23,2025-01-29 05:13:25
A00656,ACCT4263293931,Business,,O0305,State Bank of India,BR7026,2016-11-18,,Closed,SRC021,0.98,2024-09-23 13:51:25,2025-05-21 05:17:40
A00657,ACCT1408747555,Current,P02181,,Axis Bank,BR2172,2022-01-01,,Under Review,SRC005,0.96,2025-06-26 05:41:53,2025-07-24 21:41:53
A00658,ACCT1745894425,Business,P01793,,Bank of Baroda,BR6144,2020-06-28,,Closed,SRC006,0.95,2024-05-21 17:29:33,2025-12-18 09:10:46
A00659,ACCT4837530393,Savings,,O0472,Axis Bank,BR4964,2018-06-15,,Active,SRC023,0.96,2024-07-08 10:01:19,2024-10-24 00:30:29
A00660,ACCT2536996956,Business,,O0211,Bank of Baroda,BR2460,2019-04-03,,Closed,SRC026,0.83,2024-09-15 10:40:29,2024-12-05 07:03:19
A00661,ACCT7349796652,Business,,O0254,Bank of Baroda,BR5681,2020-03-12,,Active,SRC002,0.89,2024-03-23 10:37:50,2025-11-22 18:06:38
A00662,ACCT2924298184,Current,P03798,,ICICI Bank,BR8243,2016-12-21,2026-06-08,Active,SRC007,0.85,2026-07-14 23:32:49,2026-08-08 16:32:49
A00663,ACCT8376562111,Current,P00518,,Bank of Baroda,BR4559,2024-07-24,,Closed,SRC030,0.88,2026-03-07 01:38:55,2026-08-14 13:16:22
A00664,ACCT9079947185,Current,P01950,,ICICI Bank,BR5127,2023-03-08,,Dormant,SRC008,0.93,2026-07-11 21:10:41,2026-07-15 16:10:41
A00665,ACCT5709344151,Savings,P03355,,HDFC Bank,BR2559,2018-04-16,,Under Review,SRC011,0.84,2025-06-27 03:59:57,2025-07-24 20:59:57
A00666,ACCT5979219746,Current,P00678,,Bank of Baroda,BR4019,2025-08-08,,Closed,SRC007,0.86,2025-07-21 16:58:54,2025-08-13 20:58:54
A00667,ACCT7122935426,Current,P03945,,Axis Bank,BR2835,2025-01-30,2024-09-22,Closed,SRC028,0.88,2024-09-08 10:08:35,2026-01-13 18:02:00
A00668,ACCT9064648024,Savings,P03285,,State Bank of India,BR9108,2026-04-21,,Closed,SRC001,0.98,2025-03-26 12:21:45,2025-04-18 12:21:45
A00669,ACCT2110536966,Savings,P02036,,ICICI Bank,BR8080,2019-08-31,,Closed,SRC005,0.94,2025-07-18 04:30:14,2026-05-11 12:59:17
A00670,ACCT9651687928,Savings,,O0493,HDFC Bank,BR1425,2022-01-27,,Under Review,SRC010,0.94,2025-02-11 09:11:00,2025-05-29 21:53:41
A00671,ACCT6031257053,Current,P02475,,State Bank of India,BR7503,2024-06-02,,Dormant,SRC028,0.85,2025-06-05 03:09:17,2025-06-12 12:09:17
A00672,ACCT7033755998,Current,P01068,,State Bank of India,BR9950,2026-05-27,2026-02-19,Dormant,SRC024,0.83,2026-02-11 12:06:44,2026-02-18 23:06:44
A00673,ACCT2823867430,Current,P00713,,Punjab National Bank,BR8450,2020-12-23,,Under Review,SRC001,0.85,2024-11-10 01:29:26,2025-08-15 14:41:02
A00674,ACCT2532830904,Savings,,O0304,ICICI Bank,BR5287,2017-10-16,,Active,SRC019,0.95,2026-02-09 04:42:34,2026-04-21 21:02:42
A00675,ACCT9655334930,Current,P03171,,HDFC Bank,BR3365,2023-04-26,,Under Review,SRC011,0.84,2026-05-12 01:27:32,2026-05-15 17:27:32
A00676,ACCT2060041238,Business,,O0321,ICICI Bank,BR4214,2026-02-23,2026-08-26,Active,SRC020,0.97,2024-02-19 10:39:15,2024-09-09 07:03:21
A00677,ACCT4066755308,Current,P00413,,Bank of Baroda,BR6065,2023-04-25,,Under Review,SRC011,0.9,2024-07-27 20:41:45,2025-06-16 13:24:54
A00678,ACCT7354226684,Business,P01849,,Bank of Baroda,BR1695,2021-08-06,,Dormant,SRC002,0.85,2024-11-28 21:35:51,2024-12-08 01:35:51
A00679,ACCT5407208933,Savings,P03786,,State Bank of India,BR6364,2023-10-28,,Closed,SRC017,0.8,2025-12-05 18:18:29,2026-01-02 15:18:29
A00680,ACCT7222405891,Business,P01698,,Axis Bank,BR7249,2020-06-07,,Closed,SRC004,0.99,2025-07-21 10:24:06,2025-08-18 05:24:06
A00681,ACCT8325074536,Savings,P01774,,State Bank of India,BR2261,2025-01-16,,Active,SRC016,0.96,2025-03-26 02:08:31,2025-09-14 10:39:04
A00682,ACCT9726750160,Savings,P02846,,Punjab National Bank,BR8244,2020-03-15,,Active,SRC002,0.97,2025-06-25 06:22:41,2025-06-28 05:22:41
A00683,ACCT6779984072,Savings,P02089,,State Bank of India,BR8181,2023-10-29,,Closed,SRC014,0.9,2025-11-27 01:45:57,2025-12-05 09:45:57
A00684,ACCT4804018906,Business,P02128,,State Bank of India,BR6083,2024-10-18,,Under Review,SRC023,0.93,2025-06-20 07:38:54,2025-11-06 14:27:48
A00685,ACCT5186291066,Savings,,O0232,ICICI Bank,BR4193,2023-06-15,,Active,SRC005,0.81,2024-03-16 05:51:19,2024-04-03 17:51:19
A00686,ACCT9236342062,Savings,P01286,,State Bank of India,BR8798,2019-04-09,,Closed,SRC009,0.88,2024-05-27 16:46:19,2024-06-09 20:46:19
A00687,ACCT3757683274,Business,P01098,,ICICI Bank,BR9156,2018-09-26,,Active,SRC003,0.82,2026-01-06 11:23:06,2026-01-23 06:23:06
A00688,ACCT8808426376,Current,P02838,,Bank of Baroda,BR1366,2018-04-28,,Active,SRC026,0.86,2026-01-29 02:47:48,2026-02-06 13:47:48
A00689,ACCT5225962501,Savings,P00241,,HDFC Bank,BR6003,2025-08-29,,Active,SRC030,0.97,2025-10-06 08:48:44,2025-10-24 11:11:39
A00690,ACCT8587670471,Current,P01525,,Punjab National Bank,BR1360,2017-12-25,2025-06-20,Closed,SRC002,0.86,2026-01-28 06:31:15,2026-02-23 07:31:15
A00691,ACCT5930232245,Current,P03468,,Punjab National Bank,BR4007,2020-11-26,,Under Review,SRC023,0.83,2026-08-23 17:04:09,2026-09-02 14:04:09
A00692,ACCT9413255227,Savings,P01942,,ICICI Bank,BR1957,2021-08-03,,Under Review,SRC002,0.81,2024-03-27 22:15:59,2025-05-19 01:42:33
A00693,ACCT5060983222,Business,P01218,,Axis Bank,BR1851,2016-11-20,,Active,SRC017,0.92,2025-05-09 21:33:59,2026-05-01 23:57:34
A00694,ACCT5409091248,Savings,P01852,,Bank of Baroda,BR8135,2024-10-12,,Active,SRC009,0.81,2025-07-30 11:20:54,2026-03-30 13:19:49
A00695,ACCT4547388397,Current,P03539,,ICICI Bank,BR6560,2019-02-17,,Under Review,SRC023,0.84,2025-09-07 19:56:55,2026-02-11 23:16:33
A00696,ACCT5634246422,Savings,P03287,,State Bank of India,BR3120,2019-07-03,,Dormant,SRC019,0.95,2024-07-30 10:56:55,2025-10-07 03:04:55
A00697,ACCT3176924728,Savings,,O0338,Punjab National Bank,BR1788,2023-09-01,,Active,SRC009,0.81,2024-07-10 18:04:29,2026-06-29 07:57:22
A00698,ACCT1218484340,Savings,P00399,,ICICI Bank,BR9525,2026-04-03,,Dormant,SRC009,0.87,2024-07-06 03:19:03,2026-05-14 03:27:50
A00699,ACCT1325848941,Savings,P00192,,HDFC Bank,BR4083,2021-04-28,,Closed,SRC024,0.93,2025-06-04 16:38:19,2025-06-06 11:38:19
A00700,ACCT8360335695,Current,P00706,,State Bank of India,BR2580,2023-06-15,,Dormant,SRC017,0.99,2026-05-09 16:27:13,2026-05-19 23:27:13
A00701,ACCT7086100591,Savings,,O0350,State Bank of India,BR1050,2026-07-02,,Closed,SRC005,0.92,2026-04-04 14:08:30,2026-04-10 11:08:30
A00702,ACCT8838796304,Current,P00553,,HDFC Bank,BR5251,2021-11-11,,Dormant,SRC024,0.86,2026-03-17 00:53:57,2026-04-15 10:53:57
A00703,ACCT8720842201,Current,P02092,,Punjab National Bank,BR6988,2024-01-25,,Active,SRC022,0.83,2024-04-22 04:16:53,2024-10-01 11:08:10
A00704,ACCT5590629579,Business,P01916,,Axis Bank,BR1419,2024-07-24,,Closed,SRC013,0.83,2026-01-14 04:43:28,2026-08-16 01:41:07
A00705,ACCT7815803618,Business,P01479,,State Bank of India,BR6501,2021-04-04,,Active,SRC010,0.93,2024-06-15 13:52:26,2026-04-23 21:58:13
A00706,ACCT4180717067,Business,P03315,,Axis Bank,BR8646,2018-06-05,,Closed,SRC002,0.81,2026-05-12 04:31:42,2026-05-24 16:31:42
A00707,ACCT2476403659,Current,P01123,,HDFC Bank,BR2064,2025-06-12,,Dormant,SRC025,0.81,2024-03-30 23:08:30,2024-12-10 18:36:37
A00708,ACCT6987938802,Savings,P02580,,HDFC Bank,BR8693,2025-06-24,,Active,SRC006,0.9,2024-02-18 12:09:06,2025-10-20 09:13:19
A00709,ACCT5556338309,Current,P03036,,ICICI Bank,BR7136,2024-03-31,,Dormant,SRC028,0.8,2025-04-14 00:00:47,2026-07-14 20:55:05
A00710,ACCT8900390591,Current,P02264,,Punjab National Bank,BR8301,2026-06-19,,Closed,SRC019,0.96,2024-02-04 16:03:48,2024-07-26 13:20:52
A00711,ACCT7584064731,Savings,,O0435,State Bank of India,BR8840,2021-09-11,,Under Review,SRC027,0.81,2024-03-26 16:11:12,2024-04-14 04:11:12
A00712,ACCT9344916875,Business,P03606,,Axis Bank,BR8166,2017-06-19,,Dormant,SRC029,0.83,2025-12-21 16:18:30,2026-05-02 08:20:13
A00713,ACCT7831464398,Current,P01290,,Bank of Baroda,BR1188,2019-07-18,,Dormant,SRC016,0.96,2026-01-17 11:36:05,2026-01-29 17:36:05
A00714,ACCT6330027081,Current,P00884,,Bank of Baroda,BR9952,2017-09-20,,Under Review,SRC025,0.93,2026-06-23 02:40:57,2026-07-22 14:40:57
A00715,ACCT6154801996,Business,P03367,,State Bank of India,BR1151,2024-08-04,,Active,SRC015,0.81,2025-08-13 06:31:55,2025-10-22 23:19:21
A00716,ACCT4651810016,Current,P01548,,HDFC Bank,BR9225,2021-02-02,,Closed,SRC023,0.95,2024-11-19 07:59:42,2025-07-12 10:51:53
A00717,ACCT5394623983,Current,P01178,,HDFC Bank,BR7830,2023-01-08,2024-12-06,Closed,SRC025,0.93,2025-09-20 13:11:18,2026-01-01 11:25:30
A00718,ACCT9911179318,Business,P03922,,ICICI Bank,BR3076,2022-12-28,,Under Review,SRC005,0.82,2024-04-10 09:12:29,2025-02-16 11:43:16
A00719,ACCT6349119339,Current,P02442,,HDFC Bank,BR7362,2024-04-25,,Under Review,SRC025,0.85,2025-06-11 19:39:17,2025-06-15 04:39:17
A00720,ACCT2115764480,Business,P03410,,Bank of Baroda,BR3833,2018-04-25,,Active,SRC008,0.82,2026-05-21 11:23:31,2026-05-24 22:23:31
A00721,ACCT9739716045,Business,P01386,,Punjab National Bank,BR1111,2026-05-14,2026-07-13,Active,SRC001,0.92,2025-01-01 14:45:31,2026-05-22 07:15:50
A00722,ACCT1154289612,Business,P01365,,HDFC Bank,BR8079,2025-07-15,,Dormant,SRC008,0.82,2025-05-09 17:26:37,2025-06-05 00:26:37
A00723,ACCT8867508015,Current,P03420,,Axis Bank,BR1302,2017-11-13,2025-09-23,Under Review,SRC027,0.87,2026-03-30 01:44:31,2026-04-02 01:44:31
A00724,ACCT3872679997,Business,P02307,,ICICI Bank,BR9643,2022-10-04,,Closed,SRC016,0.91,2024-05-29 14:39:47,2024-06-21 16:39:47
A00725,ACCT6996165953,Current,P02706,,Punjab National Bank,BR9469,2026-01-04,,Dormant,SRC002,0.84,2026-03-10 14:01:58,2026-03-27 22:01:58
A00726,ACCT6041545319,Savings,P03648,,Bank of Baroda,BR2607,2024-12-14,,Under Review,SRC009,0.93,2026-01-01 06:21:45,2026-01-16 01:21:45
A00727,ACCT8576073724,Savings,,O0053,Bank of Baroda,BR5527,2025-08-29,,Dormant,SRC007,0.97,2024-09-27 17:22:18,2026-01-19 18:55:17
A00728,ACCT1952336143,Business,P01153,,Bank of Baroda,BR4660,2026-05-22,,Dormant,SRC020,0.82,2024-03-26 13:35:39,2025-11-07 22:48:05
A00729,ACCT3452913110,Business,P01229,,HDFC Bank,BR4589,2024-10-02,,Dormant,SRC026,0.86,2024-12-31 17:07:03,2025-11-11 17:31:47
A00730,ACCT3909427777,Savings,P02075,,ICICI Bank,BR1025,2020-07-01,,Dormant,SRC018,0.93,2025-05-23 01:19:22,2025-06-15 17:19:22
A00731,ACCT9603454468,Business,P02677,,Axis Bank,BR2213,2023-09-23,,Active,SRC015,0.96,2024-02-28 10:18:41,2024-09-18 04:43:50
A00732,ACCT5614322381,Business,P02315,,Axis Bank,BR8046,2016-09-10,,Under Review,SRC003,0.91,2024-01-06 00:22:49,2024-03-16 09:38:07
A00733,ACCT1856146595,Current,P00405,,Bank of Baroda,BR8239,2021-01-29,,Under Review,SRC014,0.98,2026-05-03 07:01:46,2026-05-23 02:01:46
A00734,ACCT6035134702,Business,P03517,,State Bank of India,BR5892,2024-04-21,,Dormant,SRC021,0.87,2025-11-12 23:32:26,2026-06-16 04:59:51
A00735,ACCT6433452962,Current,P02754,,State Bank of India,BR3398,2018-07-15,,Under Review,SRC029,0.87,2025-09-14 20:48:57,2026-03-24 14:49:51
A00736,ACCT1013733178,Savings,P03580,,ICICI Bank,BR6057,2023-02-03,2026-07-18,Under Review,SRC014,0.83,2025-11-03 05:43:37,2025-11-15 02:43:37
A00737,ACCT6259541378,Business,P02192,,Axis Bank,BR6860,2018-10-23,,Closed,SRC023,0.9,2024-01-16 07:03:27,2025-04-10 02:54:44
A00738,ACCT7515117920,Business,P02541,,Bank of Baroda,BR5909,2025-10-02,,Active,SRC020,0.92,2024-05-07 12:58:46,2025-06-23 12:02:35
A00739,ACCT2675973669,Savings,P02396,,Bank of Baroda,BR6583,2017-04-27,,Under Review,SRC016,0.9,2026-01-06 08:16:56,2026-03-27 22:54:24
A00740,ACCT4373904839,Current,P01600,,HDFC Bank,BR5657,2018-08-24,,Closed,SRC016,0.92,2025-10-09 21:48:00,2025-10-24 10:25:30
A00741,ACCT3727004315,Business,P01521,,HDFC Bank,BR1129,2024-04-01,,Active,SRC012,0.88,2025-12-30 13:24:23,2026-01-18 17:24:23
A00742,ACCT7551901381,Savings,P00557,,ICICI Bank,BR9038,2024-03-02,2024-10-12,Under Review,SRC009,0.86,2024-01-22 17:30:08,2024-04-07 23:12:07
A00743,ACCT5068736210,Business,P00313,,Bank of Baroda,BR6889,2024-11-10,,Active,SRC028,0.96,2025-04-06 22:24:39,2026-01-05 22:56:37
A00744,ACCT3278028184,Current,P02156,,Axis Bank,BR2987,2017-07-16,,Under Review,SRC004,0.87,2026-01-30 07:07:59,2026-02-15 18:25:00
A00745,ACCT6405419683,Savings,,O0365,Punjab National Bank,BR6224,2021-11-05,,Active,SRC025,0.96,2024-03-09 11:13:01,2025-06-29 19:52:51
A00746,ACCT8593080688,Business,P01048,,HDFC Bank,BR3607,2019-05-13,,Active,SRC026,0.89,2026-02-20 17:50:26,2026-03-01 04:50:26
A00747,ACCT4176772157,Savings,P01942,,Bank of Baroda,BR4110,2017-11-07,,Closed,SRC019,0.97,2024-10-19 20:13:21,2024-11-02 20:13:21
A00748,ACCT4023194697,Current,P01819,,Punjab National Bank,BR7430,2018-07-30,2026-07-13,Under Review,SRC007,0.85,2025-12-12 07:32:12,2025-12-16 22:32:12
A00749,ACCT5375630333,Current,P00062,,Axis Bank,BR5756,2025-05-25,,Active,SRC013,0.93,2025-03-16 02:45:39,2026-08-19 20:45:14
A00750,ACCT9387762310,Current,P01572,,Axis Bank,BR9809,2018-01-19,,Under Review,SRC014,0.89,2024-08-16 21:26:10,2024-09-08 18:26:10
A00751,ACCT7969218038,Current,P02746,,Bank of Baroda,BR2713,2020-07-09,,Dormant,SRC013,0.98,2025-06-23 10:09:19,2025-11-10 15:59:16
A00752,ACCT2851904181,Savings,P03918,,HDFC Bank,BR4885,2024-11-25,2026-05-21,Active,SRC018,0.91,2026-02-08 23:29:56,2026-05-06 12:15:20
A00753,ACCT7882799512,Current,P00301,,Bank of Baroda,BR9610,2023-04-07,,Active,SRC003,0.9,2024-09-10 13:31:21,2025-10-30 07:44:05
A00754,ACCT1097310100,Current,P00004,,ICICI Bank,BR6040,2019-03-17,,Under Review,SRC007,0.81,2025-03-28 12:29:25,2026-08-18 17:04:30
A00755,ACCT8232900626,Business,P02603,,ICICI Bank,BR3751,2022-06-07,,Closed,SRC004,0.86,2026-01-13 01:24:02,2026-01-17 18:24:02
A00756,ACCT7743267547,Current,P00497,,State Bank of India,BR6970,2020-04-29,,Under Review,SRC005,0.8,2024-10-01 07:34:08,2025-03-13 02:19:57
A00757,ACCT4976533444,Savings,P01328,,Bank of Baroda,BR1988,2020-06-18,,Active,SRC008,0.82,2024-11-29 03:16:22,2024-12-01 01:16:22
A00758,ACCT6501372456,Business,P02334,,HDFC Bank,BR7638,2026-02-14,2025-02-15,Under Review,SRC030,0.83,2024-01-12 16:39:29,2025-07-16 20:24:29
A00759,ACCT1568750302,Savings,P03209,,Bank of Baroda,BR3504,2018-08-16,,Active,SRC011,0.93,2025-10-23 20:12:28,2026-01-09 09:12:54
A00760,ACCT1611865160,Current,P01384,,Axis Bank,BR4732,2021-01-21,,Active,SRC005,0.93,2026-01-12 12:49:59,2026-01-25 13:42:28
A00761,ACCT1370430488,Business,P02854,,Axis Bank,BR4805,2021-06-11,,Under Review,SRC021,0.82,2024-06-22 21:18:38,2026-03-04 14:59:57
A00762,ACCT5521180668,Current,P02846,,Axis Bank,BR9442,2017-01-09,,Dormant,SRC019,0.87,2024-02-15 21:30:01,2025-09-14 21:07:38
A00763,ACCT4579764118,Current,P03693,,ICICI Bank,BR6933,2018-02-20,,Dormant,SRC029,0.87,2025-02-24 14:01:50,2026-01-25 05:55:36
A00764,ACCT8211245276,Current,P01653,,HDFC Bank,BR5082,2022-06-15,,Under Review,SRC010,0.82,2024-12-08 19:24:11,2024-12-21 19:24:11
A00765,ACCT4335346908,Current,P02099,,Punjab National Bank,BR8182,2016-10-11,,Active,SRC001,0.82,2025-02-18 19:03:19,2025-11-02 07:06:41
A00766,ACCT8078035256,Business,P02405,,Punjab National Bank,BR7058,2022-07-28,,Under Review,SRC028,0.94,2026-02-11 11:27:16,2026-05-11 04:28:53
A00767,ACCT9389598158,Savings,,O0324,Bank of Baroda,BR8205,2018-03-05,,Dormant,SRC005,0.86,2024-12-21 10:46:12,2026-05-15 05:48:46
A00768,ACCT2292396951,Current,,O0268,State Bank of India,BR9238,2019-09-24,2026-07-02,Active,SRC013,0.85,2026-06-24 20:41:21,2026-07-14 19:41:21
A00769,ACCT2664267768,Current,,O0329,State Bank of India,BR8262,2020-09-10,,Under Review,SRC016,0.86,2024-11-19 17:19:49,2024-11-22 09:19:49
A00770,ACCT5307449995,Business,P02723,,HDFC Bank,BR7921,2022-06-19,,Closed,SRC021,0.99,2026-04-19 08:58:10,2026-04-24 17:58:10
A00771,ACCT9973094040,Savings,P00373,,HDFC Bank,BR1159,2017-04-09,,Active,SRC018,0.85,2025-06-13 16:21:39,2026-04-14 09:06:21
A00772,ACCT5596989300,Business,P01443,,HDFC Bank,BR1102,2021-08-11,,Active,SRC006,0.93,2025-05-06 05:49:56,2025-05-28 18:49:56
A00773,ACCT3623444070,Business,P01645,,Axis Bank,BR7391,2022-05-12,,Active,SRC009,0.87,2025-04-16 08:57:58,2025-05-16 06:57:58
A00774,ACCT9356675033,Business,P00197,,Punjab National Bank,BR6492,2018-04-21,,Active,SRC009,0.83,2024-12-10 00:07:45,2026-03-10 04:30:19
A00775,ACCT2683007120,Current,,O0432,Bank of Baroda,BR9474,2023-02-04,,Under Review,SRC002,0.83,2024-01-17 00:34:23,2024-04-17 02:09:33
A00776,ACCT2697272106,Current,P01899,,Punjab National Bank,BR7640,2018-11-13,,Dormant,SRC016,0.85,2024-11-26 15:42:59,2026-06-09 23:32:08
A00777,ACCT1823721122,Current,P02121,,HDFC Bank,BR7502,2025-01-02,,Active,SRC012,0.92,2025-08-01 17:43:27,2025-08-05 08:43:27
A00778,ACCT4999191270,Savings,P02311,,State Bank of India,BR2912,2024-10-30,,Under Review,SRC027,0.86,2026-02-22 14:56:24,2026-03-09 18:56:24
A00779,ACCT8190804221,Business,P02154,,State Bank of India,BR6599,2020-06-27,,Under Review,SRC008,0.81,2024-05-20 10:03:05,2026-06-06 06:58:18
A00780,ACCT2991548932,Savings,P01793,,Punjab National Bank,BR6977,2019-08-16,,Active,SRC011,0.86,2026-06-08 23:48:20,2026-06-27 09:48:20
A00781,ACCT1136515088,Savings,P01976,,State Bank of India,BR6727,2020-04-07,,Dormant,SRC023,0.81,2025-11-27 13:51:40,2025-11-30 01:51:40
A00782,ACCT2425866193,Business,P02856,,HDFC Bank,BR3557,2026-05-22,,Closed,SRC013,0.86,2025-09-17 14:31:40,2026-03-13 03:58:12
A00783,ACCT5248527197,Savings,,O0156,Axis Bank,BR9018,2017-02-02,,Active,SRC020,0.94,2024-08-17 14:49:09,2024-09-04 14:49:09
A00784,ACCT2270321583,Business,P00321,,ICICI Bank,BR9557,2022-01-14,2026-06-28,Dormant,SRC009,0.84,2024-07-08 12:10:09,2025-02-22 21:32:07
A00785,ACCT7231969608,Business,P00542,,ICICI Bank,BR8450,2025-06-11,,Under Review,SRC023,0.93,2025-03-08 08:37:05,2025-04-02 11:37:05
A00786,ACCT6993463238,Savings,P03452,,HDFC Bank,BR8272,2025-04-06,,Under Review,SRC024,0.94,2026-03-05 06:59:56,2026-03-05 14:59:56
A00787,ACCT6844878053,Current,P00803,,Bank of Baroda,BR6331,2020-10-17,,Under Review,SRC020,0.88,2025-01-11 09:54:25,2025-02-14 16:44:41
A00788,ACCT5597354387,Business,P03097,,ICICI Bank,BR8145,2024-11-09,,Active,SRC027,0.82,2026-02-19 14:53:10,2026-02-22 11:53:10
A00789,ACCT7216336891,Current,P03565,,Axis Bank,BR9147,2018-09-07,,Active,SRC021,0.91,2026-01-04 09:15:02,2026-03-14 05:20:07
A00790,ACCT5110978547,Business,P00830,,Bank of Baroda,BR4888,2025-03-30,,Closed,SRC030,0.9,2024-03-05 03:30:40,2024-10-15 02:56:24
A00791,ACCT3229202147,Current,P00950,,State Bank of India,BR4342,2021-11-05,,Closed,SRC024,0.95,2025-09-26 18:37:47,2026-04-26 10:04:42
A00792,ACCT6883638531,Savings,P00959,,State Bank of India,BR1868,2025-11-26,,Under Review,SRC014,0.88,2025-08-18 21:27:28,2025-08-30 06:27:28
A00793,ACCT1631358765,Current,P03138,,ICICI Bank,BR2106,2016-10-13,,Under Review,SRC013,0.93,2024-08-09 01:23:03,2025-05-23 02:54:04
A00794,ACCT9875257337,Business,P02223,,HDFC Bank,BR1374,2024-02-28,,Under Review,SRC017,0.94,2026-06-13 11:54:49,2026-07-07 17:54:49
A00795,ACCT5232119267,Current,P00700,,HDFC Bank,BR6833,2023-07-22,,Dormant,SRC010,0.92,2026-01-16 11:27:55,2026-01-30 01:27:55
A00796,ACCT4001374248,Savings,P03827,,HDFC Bank,BR9881,2022-06-24,,Closed,SRC005,0.81,2025-04-30 12:55:25,2025-08-23 00:14:10
A00797,ACCT7616145943,Current,P00475,,Bank of Baroda,BR6451,2018-04-14,,Active,SRC029,0.99,2025-04-20 07:22:35,2025-05-07 15:22:35
A00798,ACCT5029899681,Current,P02943,,State Bank of India,BR6075,2021-11-17,,Under Review,SRC015,0.83,2024-12-14 09:26:13,2025-08-02 05:47:53
A00799,ACCT1235538813,Business,P02933,,Bank of Baroda,BR9827,2022-10-15,2026-04-02,Dormant,SRC017,0.93,2025-03-05 22:40:15,2025-11-10 22:35:36
A00800,ACCT1725769609,Current,P01003,,State Bank of India,BR5636,2017-02-07,2025-12-15,Active,SRC001,0.83,2024-08-31 15:12:08,2024-09-23 14:12:08
A00801,ACCT7368373520,Savings,P01079,,ICICI Bank,BR4425,2023-03-16,,Active,SRC013,0.92,2024-07-06 04:35:45,2026-05-24 04:38:06
A00802,ACCT4659096979,Current,P02183,,Bank of Baroda,BR8064,2024-12-31,,Dormant,SRC003,0.85,2025-04-15 09:46:10,2026-08-08 22:39:16
A00803,ACCT9390990755,Business,P02395,,Axis Bank,BR3224,2021-07-03,,Dormant,SRC030,0.97,2024-01-12 07:47:05,2025-03-01 16:27:03
A00804,ACCT3028487018,Savings,P00781,,Axis Bank,BR4863,2020-11-03,,Closed,SRC008,0.98,2024-06-09 10:33:31,2025-05-19 17:59:05
A00805,ACCT4134114426,Savings,P00424,,Axis Bank,BR3583,2019-01-12,,Closed,SRC028,0.95,2025-07-28 16:24:08,2025-10-04 11:48:11
A00806,ACCT1087875862,Business,P03075,,HDFC Bank,BR3087,2017-01-26,,Active,SRC019,0.99,2026-04-16 02:17:47,2026-04-22 02:17:47
A00807,ACCT8480367038,Business,P01296,,ICICI Bank,BR5647,2020-04-19,,Active,SRC009,0.82,2024-12-16 09:36:24,2026-07-17 18:38:48
A00808,ACCT3224742522,Current,P02305,,ICICI Bank,BR3189,2018-01-04,,Active,SRC011,0.84,2024-11-21 15:08:20,2024-11-30 14:43:43
A00809,ACCT5048265253,Savings,P01309,,HDFC Bank,BR5277,2024-12-09,,Under Review,SRC026,0.88,2025-08-02 18:16:20,2025-08-14 17:16:20
A00810,ACCT7387609295,Current,P02226,,Axis Bank,BR3928,2023-12-16,,Closed,SRC014,0.98,2025-01-07 00:46:08,2025-08-29 04:55:16
A00811,ACCT5738356185,Business,P00555,,Punjab National Bank,BR4795,2025-08-19,2024-09-08,Active,SRC009,0.98,2026-03-03 14:50:56,2026-03-31 14:02:25
A00812,ACCT3640710239,Business,,O0305,Punjab National Bank,BR9857,2024-02-22,,Under Review,SRC028,0.8,2025-06-19 00:36:20,2025-06-29 20:36:20
A00813,ACCT8469153083,Business,,O0500,Axis Bank,BR5499,2023-02-04,,Active,SRC003,0.88,2024-03-05 17:23:33,2024-10-20 19:24:39
A00814,ACCT8752165769,Current,P02866,,HDFC Bank,BR6026,2023-10-04,2025-02-18,Dormant,SRC023,0.84,2025-05-05 08:02:14,2025-05-08 03:02:14
A00815,ACCT3940350528,Current,P01091,,Axis Bank,BR8184,2017-07-24,,Active,SRC007,0.85,2025-07-22 04:14:33,2025-08-19 02:14:33
A00816,ACCT4664470589,Business,P02036,,HDFC Bank,BR2753,2026-06-22,,Dormant,SRC014,0.81,2024-04-28 07:39:49,2026-05-30 10:51:33
A00817,ACCT3538036854,Savings,P02074,,HDFC Bank,BR8970,2025-05-15,,Dormant,SRC006,0.85,2024-02-03 09:57:25,2026-03-21 10:53:02
A00818,ACCT4053422372,Business,P00713,,ICICI Bank,BR9900,2017-03-28,,Under Review,SRC016,0.99,2025-05-06 16:16:37,2026-06-20 15:38:28
A00819,ACCT4224152624,Business,,O0142,ICICI Bank,BR1038,2020-06-26,,Under Review,SRC001,0.96,2025-09-12 17:51:55,2025-10-07 21:51:55
A00820,ACCT5523480789,Savings,P03571,,HDFC Bank,BR3412,2024-02-23,,Under Review,SRC016,0.98,2025-09-10 08:41:27,2025-09-23 15:41:27
A00821,ACCT5334185106,Business,P03596,,Punjab National Bank,BR8084,2023-03-12,,Under Review,SRC007,0.96,2026-07-22 20:56:29,2026-08-16 19:56:29
A00822,ACCT8776129355,Savings,P02464,,Bank of Baroda,BR5378,2016-12-28,,Under Review,SRC001,0.83,2025-05-31 22:56:26,2025-06-17 22:11:06
A00823,ACCT8433110178,Current,P01643,,Axis Bank,BR1652,2022-06-19,,Active,SRC016,0.86,2026-08-04 05:04:28,2026-08-20 01:04:28
A00824,ACCT2631264757,Current,P02489,,Punjab National Bank,BR1896,2020-08-15,2025-01-08,Closed,SRC002,0.97,2024-12-14 08:37:25,2024-12-26 21:21:19
A00825,ACCT6562510119,Current,P00649,,ICICI Bank,BR9651,2020-05-13,,Dormant,SRC023,0.81,2025-12-22 23:30:04,2026-01-19 17:30:04
A00826,ACCT8272690748,Savings,P03245,,HDFC Bank,BR5816,2021-09-27,,Closed,SRC007,0.87,2025-07-20 11:05:48,2025-10-05 16:30:16
A00827,ACCT7469171209,Current,,O0478,Axis Bank,BR6042,2021-09-04,,Under Review,SRC028,0.98,2024-05-13 07:55:32,2024-08-02 06:20:50
A00828,ACCT5924790666,Business,P01990,,Axis Bank,BR9721,2022-07-29,,Active,SRC014,0.95,2026-06-25 18:01:54,2026-07-09 23:01:54
A00829,ACCT4398640402,Current,,O0233,State Bank of India,BR4754,2021-08-10,,Dormant,SRC002,0.88,2025-01-28 21:26:02,2025-05-31 02:33:58
A00830,ACCT8321794529,Current,P03053,,Punjab National Bank,BR9104,2026-06-04,,Closed,SRC026,0.89,2025-07-22 19:05:01,2026-08-03 06:36:46
A00831,ACCT3771079306,Business,P00343,,State Bank of India,BR3614,2023-07-01,,Under Review,SRC003,0.84,2025-10-27 08:08:05,2026-08-25 13:04:44
A00832,ACCT1897938064,Business,P00976,,ICICI Bank,BR8223,2025-07-08,,Dormant,SRC012,0.81,2024-01-29 06:03:44,2026-04-14 15:43:28
A00833,ACCT4142520978,Current,P02572,,HDFC Bank,BR7029,2021-08-08,,Closed,SRC001,0.91,2026-05-05 02:48:03,2026-05-27 03:48:03
A00834,ACCT3725395394,Savings,P03964,,State Bank of India,BR2406,2022-03-04,,Active,SRC018,0.81,2024-07-21 05:00:03,2026-05-08 11:06:07
A00835,ACCT3227875129,Business,,O0296,Punjab National Bank,BR1359,2017-04-27,,Active,SRC004,0.86,2024-06-23 14:53:26,2025-10-04 09:58:59
A00836,ACCT4659702366,Savings,P03782,,Axis Bank,BR4643,2025-01-14,,Active,SRC020,0.95,2025-09-20 17:27:22,2025-09-27 11:27:22
A00837,ACCT4846285393,Business,P02540,,ICICI Bank,BR8668,2021-10-24,,Closed,SRC028,0.9,2024-08-10 14:07:53,2026-03-26 10:59:10
A00838,ACCT6376313776,Current,,O0046,Punjab National Bank,BR9233,2026-08-10,,Dormant,SRC007,0.9,2024-07-01 22:02:53,2025-10-27 11:57:16
A00839,ACCT8453563696,Savings,P00746,,State Bank of India,BR6127,2022-10-05,,Active,SRC021,0.85,2024-07-01 17:48:26,2025-04-24 01:53:23
A00840,ACCT5030669624,Current,P00926,,HDFC Bank,BR7967,2021-05-15,,Dormant,SRC011,0.82,2026-05-19 11:45:26,2026-05-30 18:45:26
A00841,ACCT3473602204,Savings,P02715,,State Bank of India,BR2644,2024-05-14,,Dormant,SRC028,0.92,2026-01-17 20:07:13,2026-01-25 08:07:13
A00842,ACCT3764166191,Current,P02071,,ICICI Bank,BR9436,2025-02-07,,Active,SRC009,0.86,2026-04-22 16:00:20,2026-05-08 04:00:20
A00843,ACCT7900309141,Current,P00034,,Bank of Baroda,BR5800,2020-09-03,,Active,SRC026,0.91,2024-10-26 01:32:05,2024-10-29 20:32:05
A00844,ACCT7508519018,Business,P00558,,HDFC Bank,BR8681,2023-07-12,2025-01-31,Active,SRC023,0.85,2025-12-18 05:40:34,2026-01-14 07:40:34
A00845,ACCT5630025118,Business,P01963,,Punjab National Bank,BR4720,2016-09-22,,Under Review,SRC009,0.99,2025-07-22 15:08:58,2026-01-26 23:11:42
A00846,ACCT2710270854,Current,,O0415,Punjab National Bank,BR7256,2021-01-19,,Dormant,SRC018,0.87,2026-06-16 08:18:28,2026-07-03 10:18:28
A00847,ACCT1648871095,Business,,O0154,Axis Bank,BR4940,2017-01-05,,Dormant,SRC030,0.86,2024-07-31 12:08:28,2024-09-01 10:13:19
A00848,ACCT2914477706,Current,P01022,,Punjab National Bank,BR3696,2024-12-21,,Closed,SRC012,0.84,2026-01-17 03:27:50,2026-02-10 22:27:50
A00849,ACCT2531305689,Savings,P01124,,Punjab National Bank,BR2451,2018-09-12,,Active,SRC018,0.82,2025-12-19 13:38:09,2026-01-12 07:38:09
A00850,ACCT1890671898,Savings,P03509,,HDFC Bank,BR7231,2021-10-24,,Closed,SRC006,0.88,2025-04-02 14:51:58,2025-05-02 09:51:58
A00851,ACCT1675810849,Savings,P01611,,HDFC Bank,BR4214,2021-04-21,,Closed,SRC015,0.88,2026-01-29 23:33:50,2026-01-30 22:33:50
A00852,ACCT5687030020,Current,P02788,,Bank of Baroda,BR5032,2025-07-22,,Dormant,SRC019,0.94,2025-10-19 03:58:36,2025-11-05 04:58:36
A00853,ACCT8608222640,Business,P03568,,Punjab National Bank,BR3777,2019-09-13,,Dormant,SRC022,0.81,2024-03-09 04:25:17,2024-04-07 11:25:17
A00854,ACCT2048706761,Business,P01883,,HDFC Bank,BR9325,2025-07-25,,Dormant,SRC027,0.89,2025-07-24 21:58:06,2026-06-02 13:43:58
A00855,ACCT9249713997,Business,P03127,,HDFC Bank,BR6812,2017-09-11,,Dormant,SRC020,0.96,2026-01-21 07:52:57,2026-02-12 04:52:57
A00856,ACCT3137494700,Current,P01758,,Punjab National Bank,BR5194,2018-06-08,2025-10-29,Closed,SRC026,0.92,2024-01-30 19:34:46,2024-09-18 02:44:11
A00857,ACCT8242158235,Current,P00090,,State Bank of India,BR8748,2022-08-29,,Under Review,SRC028,0.85,2026-08-12 06:06:46,2026-09-03 09:06:46
A00858,ACCT8335878450,Current,P03149,,State Bank of India,BR1896,2018-04-01,,Dormant,SRC014,0.99,2025-09-28 10:52:48,2026-08-12 05:35:43
A00859,ACCT6860069523,Savings,,O0461,State Bank of India,BR5056,2026-08-29,,Under Review,SRC010,0.98,2025-05-27 10:06:08,2025-06-16 16:06:08
A00860,ACCT7330062085,Savings,P02784,,HDFC Bank,BR5672,2023-07-13,,Dormant,SRC012,0.98,2025-03-11 03:11:56,2025-03-18 09:11:56
A00861,ACCT8032680852,Business,P01605,,State Bank of India,BR2733,2019-07-13,,Closed,SRC002,0.9,2024-08-09 05:53:54,2024-10-17 19:14:10
A00862,ACCT2520721124,Savings,P01933,,HDFC Bank,BR3897,2016-11-16,,Closed,SRC030,0.84,2024-12-02 05:12:10,2025-12-31 09:18:23
A00863,ACCT2401497211,Savings,,O0490,Punjab National Bank,BR3677,2019-09-02,,Active,SRC021,0.91,2024-10-28 04:42:21,2025-02-07 18:29:21
A00864,ACCT2459282654,Current,,O0307,ICICI Bank,BR2156,2017-09-27,,Under Review,SRC022,0.93,2026-07-19 08:53:16,2026-08-04 06:53:16
A00865,ACCT7060207211,Current,P02924,,State Bank of India,BR8339,2023-05-17,,Dormant,SRC030,0.85,2025-04-15 07:34:51,2025-05-06 09:53:57
A00866,ACCT2432244059,Current,,O0185,ICICI Bank,BR3322,2019-12-22,,Active,SRC009,0.92,2025-04-09 22:45:37,2026-08-29 12:04:30
A00867,ACCT3901307066,Savings,P00466,,State Bank of India,BR5420,2022-03-07,,Under Review,SRC013,0.93,2026-03-12 01:43:20,2026-03-20 12:43:20
A00868,ACCT3352282152,Current,,O0270,Bank of Baroda,BR1892,2022-05-14,,Dormant,SRC008,0.95,2026-05-06 18:48:12,2026-06-01 07:48:12
A00869,ACCT3047935597,Savings,P00548,,ICICI Bank,BR1778,2017-12-08,,Under Review,SRC004,0.89,2024-02-23 00:59:31,2026-07-29 11:43:32
A00870,ACCT3858808350,Current,P01351,,ICICI Bank,BR5846,2017-08-28,,Dormant,SRC003,0.97,2026-02-10 17:56:13,2026-02-23 00:56:13
A00871,ACCT5915175377,Current,P01019,,Punjab National Bank,BR1934,2018-09-19,,Under Review,SRC012,0.82,2024-10-24 22:38:10,2026-06-13 06:33:40
A00872,ACCT2962953945,Savings,P01024,,ICICI Bank,BR1448,2025-06-11,,Dormant,SRC010,0.99,2025-02-01 23:22:15,2026-07-03 22:05:55
A00873,ACCT4696366868,Business,P01838,,ICICI Bank,BR5298,2023-01-14,,Active,SRC021,0.81,2024-06-30 05:59:06,2025-07-16 03:57:36
A00874,ACCT5414311874,Current,P03103,,Punjab National Bank,BR4026,2016-09-25,,Active,SRC009,0.82,2024-11-19 17:51:26,2024-12-13 03:53:52
A00875,ACCT2599221414,Savings,P01723,,Axis Bank,BR7155,2022-06-17,,Closed,SRC015,0.87,2024-08-22 01:12:26,2026-01-10 20:50:33
A00876,ACCT7605526806,Business,P02559,,HDFC Bank,BR5201,2019-04-21,,Closed,SRC013,0.94,2025-11-28 22:03:12,2025-12-21 09:03:12
A00877,ACCT3920240605,Savings,P00957,,Axis Bank,BR9506,2023-05-13,,Dormant,SRC006,0.96,2024-03-20 00:25:54,2024-05-13 06:29:37
A00878,ACCT2678887741,Current,P00871,,Bank of Baroda,BR3725,2020-04-26,,Under Review,SRC012,0.83,2025-12-16 08:14:00,2026-05-07 12:50:14
A00879,ACCT2706743611,Business,,O0297,Punjab National Bank,BR9212,2023-08-22,2025-08-25,Closed,SRC023,0.97,2024-11-06 09:12:57,2024-11-10 03:12:57
A00880,ACCT2903019412,Savings,P02173,,HDFC Bank,BR9161,2023-10-13,,Dormant,SRC014,0.86,2024-01-29 08:55:50,2024-09-03 11:52:59
A00881,ACCT2864126807,Savings,P03877,,HDFC Bank,BR2628,2018-10-26,,Active,SRC020,0.98,2025-11-25 14:42:39,2025-11-30 07:42:39
A00882,ACCT2229221150,Savings,,O0495,Axis Bank,BR9456,2023-03-08,,Dormant,SRC008,0.86,2025-08-11 20:03:42,2026-06-04 00:22:50
A00883,ACCT4570186523,Business,P01730,,Axis Bank,BR6411,2021-05-18,,Dormant,SRC011,0.8,2025-10-18 01:43:23,2026-06-22 15:02:10
A00884,ACCT7409969756,Current,P02038,,Bank of Baroda,BR6327,2023-11-04,,Dormant,SRC008,0.87,2024-01-13 15:08:44,2026-02-07 14:31:57
A00885,ACCT6475740038,Savings,P00847,,Punjab National Bank,BR7948,2019-04-12,,Dormant,SRC022,0.82,2025-12-05 01:58:56,2025-12-22 17:58:56
A00886,ACCT2437973464,Savings,,O0127,ICICI Bank,BR2990,2026-06-05,,Under Review,SRC003,0.82,2025-12-08 06:43:15,2026-05-02 21:16:08
A00887,ACCT1211088075,Savings,P02913,,Punjab National Bank,BR4135,2025-06-09,,Dormant,SRC003,0.9,2025-10-08 22:54:24,2026-07-15 15:15:28
A00888,ACCT4832142632,Savings,P02854,,State Bank of India,BR8983,2020-07-17,,Dormant,SRC015,0.95,2025-01-25 09:00:51,2025-02-10 19:00:51
A00889,ACCT4282833763,Business,P02731,,Bank of Baroda,BR1315,2025-03-12,,Under Review,SRC026,0.92,2025-06-07 19:58:29,2025-08-15 13:48:24
A00890,ACCT4471925892,Business,P00183,,HDFC Bank,BR7530,2025-02-18,,Closed,SRC001,0.93,2025-02-14 14:15:58,2026-05-14 20:16:11
A00891,ACCT7212440745,Savings,P03564,,Bank of Baroda,BR4999,2024-10-05,,Active,SRC008,0.85,2024-01-07 22:26:45,2024-09-12 08:28:25
A00892,ACCT4416754429,Savings,,O0162,ICICI Bank,BR8557,2018-03-04,,Under Review,SRC009,0.99,2024-12-05 10:26:33,2026-08-14 08:02:12
A00893,ACCT2512915203,Savings,P00346,,Axis Bank,BR4628,2025-07-14,,Dormant,SRC006,0.85,2024-09-19 08:34:46,2024-10-01 09:34:46
A00894,ACCT9048901850,Current,P02551,,Bank of Baroda,BR2962,2022-11-09,,Closed,SRC025,0.97,2026-05-01 15:34:36,2026-05-02 03:34:36
A00895,ACCT2447908145,Business,P02101,,ICICI Bank,BR8720,2023-03-12,2025-04-25,Active,SRC030,0.91,2024-12-05 17:25:26,2024-12-29 21:25:26
A00896,ACCT8395191733,Business,P03642,,Punjab National Bank,BR9323,2019-02-15,,Under Review,SRC014,0.83,2025-07-01 09:20:25,2025-07-18 19:20:25
A00897,ACCT3789908529,Current,,O0448,Axis Bank,BR5291,2022-08-11,,Under Review,SRC026,0.93,2024-04-12 00:57:55,2024-04-27 12:37:29
A00898,ACCT1261406234,Current,P00895,,State Bank of India,BR5096,2019-02-21,,Closed,SRC027,0.96,2025-05-19 23:31:11,2026-08-29 02:01:10
A00899,ACCT8428228483,Savings,P01465,,ICICI Bank,BR2769,2020-08-01,,Under Review,SRC014,0.97,2024-03-02 00:07:43,2025-09-22 08:39:20
A00900,ACCT2079884011,Current,P00184,,Punjab National Bank,BR6773,2019-05-25,,Closed,SRC028,0.91,2026-05-22 06:49:44,2026-06-13 11:49:44
A00901,ACCT4869136057,Business,,O0290,HDFC Bank,BR8424,2017-02-24,,Dormant,SRC001,0.98,2024-12-18 11:19:18,2025-10-16 13:33:54
A00902,ACCT9449438315,Business,P01402,,HDFC Bank,BR1674,2018-06-08,,Closed,SRC028,0.83,2024-08-06 21:12:31,2024-08-31 04:12:31
A00903,ACCT1837058413,Current,P01599,,Punjab National Bank,BR5022,2024-05-19,,Active,SRC002,0.8,2025-12-09 10:27:56,2025-12-25 06:27:56
A00904,ACCT7309286351,Current,P02249,,ICICI Bank,BR1749,2024-10-15,,Under Review,SRC009,0.97,2026-01-28 16:49:48,2026-01-30 18:49:48
A00905,ACCT2153022056,Business,P00661,,HDFC Bank,BR2369,2018-06-10,,Under Review,SRC011,0.95,2025-04-03 00:04:38,2026-06-23 07:24:33
A00906,ACCT4690568974,Savings,P02873,,HDFC Bank,BR9800,2018-11-22,,Closed,SRC026,0.92,2024-04-01 18:55:43,2025-03-28 05:42:16
A00907,ACCT8782679106,Business,P02882,,Punjab National Bank,BR6246,2021-04-24,,Dormant,SRC023,0.93,2024-03-02 17:46:48,2024-07-24 09:37:22
A00908,ACCT2772668195,Current,P00556,,Axis Bank,BR4610,2021-03-10,,Active,SRC025,0.96,2024-10-24 00:31:06,2025-05-18 21:23:46
A00909,ACCT6165834922,Current,,O0150,ICICI Bank,BR6909,2024-11-12,,Dormant,SRC016,0.8,2026-07-17 00:26:47,2026-08-06 16:26:47
A00910,ACCT6620329248,Business,P01488,,Punjab National Bank,BR6624,2021-06-02,,Active,SRC004,0.85,2025-09-12 16:04:07,2025-09-20 10:04:07
A00911,ACCT2560191187,Savings,P01250,,Axis Bank,BR1037,2017-09-01,,Active,SRC029,0.83,2024-02-18 19:04:45,2025-06-19 20:18:16
A00912,ACCT7109224573,Current,P01408,,State Bank of India,BR4138,2023-07-25,,Under Review,SRC016,0.8,2024-10-09 20:51:35,2025-12-29 07:18:28
A00913,ACCT9266017445,Business,P02613,,ICICI Bank,BR3263,2020-02-24,,Under Review,SRC022,0.89,2024-08-17 11:17:23,2025-08-29 13:34:26
A00914,ACCT5941649344,Business,P03210,,Bank of Baroda,BR5401,2019-12-20,,Closed,SRC018,0.96,2024-05-26 05:40:00,2024-09-11 20:05:42
A00915,ACCT2346802357,Business,P01624,,State Bank of India,BR8545,2025-03-22,,Closed,SRC029,0.86,2025-12-02 06:42:34,2025-12-05 04:42:34
A00916,ACCT1126336876,Current,,O0126,Axis Bank,BR3281,2020-07-01,,Active,SRC017,0.84,2025-04-17 06:18:05,2025-04-30 23:18:05
A00917,ACCT7869895293,Business,P00880,,ICICI Bank,BR1623,2025-02-25,,Dormant,SRC016,0.91,2024-09-24 00:14:49,2025-10-07 06:59:30
A00918,ACCT9236041323,Business,P03210,,ICICI Bank,BR5035,2018-02-08,,Active,SRC030,0.95,2025-02-04 13:29:27,2026-01-20 04:18:09
A00919,ACCT5954527129,Savings,P01786,,Axis Bank,BR4862,2017-04-25,,Dormant,SRC005,0.95,2024-04-07 15:20:00,2024-07-22 21:48:22
A00920,ACCT8401938041,Current,P03862,,ICICI Bank,BR8670,2019-02-21,,Dormant,SRC013,0.92,2026-05-23 11:51:04,2026-06-07 19:51:04
A00921,ACCT4542714222,Business,P01977,,Bank of Baroda,BR2520,2017-01-14,,Under Review,SRC004,0.84,2024-03-27 04:39:30,2025-03-24 00:14:28
A00922,ACCT7947856397,Current,P01912,,State Bank of India,BR1468,2017-11-30,,Dormant,SRC012,0.87,2026-08-17 19:14:01,2026-08-22 17:14:01
A00923,ACCT4696311094,Business,P00037,,Bank of Baroda,BR5954,2017-09-10,,Active,SRC006,0.88,2025-11-23 08:43:56,2025-11-27 05:43:56
A00924,ACCT1211713385,Current,P03836,,ICICI Bank,BR9814,2019-02-21,,Closed,SRC015,0.95,2026-03-02 13:09:50,2026-05-02 11:53:40
A00925,ACCT2945672353,Business,P00573,,ICICI Bank,BR2866,2021-09-02,,Under Review,SRC023,0.82,2025-04-25 03:47:05,2025-04-30 21:47:05
A00926,ACCT2122403957,Current,,O0436,Axis Bank,BR5225,2025-08-30,,Closed,SRC008,0.98,2025-05-23 06:05:30,2025-06-03 19:05:30
A00927,ACCT4320845319,Savings,,O0101,State Bank of India,BR7043,2024-08-30,2025-09-12,Active,SRC029,0.89,2024-02-16 09:52:43,2024-08-01 11:55:50
A00928,ACCT1501974541,Current,P03699,,Bank of Baroda,BR3228,2025-08-25,,Closed,SRC013,0.95,2026-07-28 04:15:30,2026-08-13 00:15:30
A00929,ACCT9839500204,Current,P03721,,HDFC Bank,BR1390,2020-12-26,,Active,SRC021,0.95,2024-01-13 15:30:28,2026-02-18 01:28:02
A00930,ACCT8105261325,Business,P01175,,Axis Bank,BR8073,2017-10-02,2026-03-18,Closed,SRC011,0.87,2024-06-12 02:12:49,2025-06-24 15:58:12
A00931,ACCT1503522589,Savings,P02015,,Axis Bank,BR2810,2024-06-23,,Active,SRC003,0.98,2024-04-12 19:12:38,2026-02-03 01:16:16
A00932,ACCT9510344726,Savings,P03793,,State Bank of India,BR7287,2017-06-30,,Under Review,SRC001,0.84,2025-04-17 13:33:36,2025-05-11 21:33:36
A00933,ACCT3555724170,Current,P01759,,Axis Bank,BR4815,2021-04-13,,Under Review,SRC029,0.87,2024-04-24 03:02:40,2025-03-09 04:36:21
A00934,ACCT3982793593,Business,,O0093,State Bank of India,BR9156,2022-08-06,2026-01-27,Dormant,SRC005,0.92,2024-10-29 11:06:59,2026-06-28 11:37:24
A00935,ACCT6559325544,Savings,P03583,,ICICI Bank,BR4716,2024-06-25,,Dormant,SRC022,0.88,2026-03-19 16:10:34,2026-04-10 21:10:34
A00936,ACCT9385842494,Current,P03745,,Axis Bank,BR8951,2018-08-12,,Closed,SRC008,0.91,2025-04-24 09:12:37,2026-08-11 15:42:40
A00937,ACCT9248225202,Current,P03117,,ICICI Bank,BR2046,2021-03-05,,Dormant,SRC025,0.95,2025-06-30 09:51:32,2025-09-01 23:18:05
A00938,ACCT2911140570,Current,P03032,,Bank of Baroda,BR2175,2016-10-30,2025-03-25,Under Review,SRC021,0.87,2025-06-22 12:40:41,2025-07-03 09:40:41
A00939,ACCT2124531581,Savings,P03025,,Axis Bank,BR4647,2018-06-16,,Active,SRC014,0.9,2025-02-27 11:05:39,2025-03-29 06:05:39
A00940,ACCT6349176188,Current,P03264,,Punjab National Bank,BR4391,2026-06-25,,Under Review,SRC016,0.98,2025-10-11 08:36:21,2025-10-29 12:36:21
A00941,ACCT8686391742,Current,P00613,,Axis Bank,BR7122,2026-02-04,,Closed,SRC007,0.96,2025-06-08 03:04:54,2026-04-02 12:03:40
A00942,ACCT5368910461,Savings,,O0218,State Bank of India,BR7035,2022-03-24,,Dormant,SRC021,0.82,2026-01-28 21:47:41,2026-02-15 03:47:41
A00943,ACCT7753822625,Savings,P02507,,Punjab National Bank,BR8616,2018-03-10,,Closed,SRC022,0.89,2024-02-27 08:10:10,2024-04-26 16:00:00
A00944,ACCT5908895162,Business,P02174,,Bank of Baroda,BR4894,2017-04-20,,Under Review,SRC030,0.94,2026-07-15 10:37:22,2026-07-16 03:37:22
A00945,ACCT3414111932,Current,P03870,,Punjab National Bank,BR3482,2019-09-11,,Under Review,SRC005,0.98,2024-06-29 02:51:38,2024-07-10 23:51:38
A00946,ACCT4504682254,Business,P01282,,Bank of Baroda,BR6099,2026-05-01,,Dormant,SRC026,0.84,2025-02-12 07:37:43,2025-08-24 22:23:41
A00947,ACCT7393656468,Business,P01552,,State Bank of India,BR3778,2021-07-28,,Under Review,SRC021,0.89,2024-04-22 22:01:28,2025-02-26 23:15:10
A00948,ACCT1849824699,Business,,O0444,HDFC Bank,BR3850,2017-02-17,,Under Review,SRC024,0.89,2026-01-15 07:23:50,2026-04-28 01:17:02
A00949,ACCT7302194346,Business,,O0386,Bank of Baroda,BR1863,2016-09-08,,Active,SRC022,0.8,2025-08-11 22:10:57,2025-08-28 18:10:57
A00950,ACCT6660403926,Savings,P03184,,ICICI Bank,BR5037,2019-12-08,,Closed,SRC028,0.94,2024-08-26 22:16:52,2025-08-15 12:32:17
A00951,ACCT6556900308,Savings,P01812,,Punjab National Bank,BR8873,2019-02-14,,Active,SRC030,0.91,2026-06-18 08:20:50,2026-07-04 16:20:50
A00952,ACCT4085436868,Business,P03609,,State Bank of India,BR7629,2023-04-26,,Dormant,SRC027,0.87,2026-02-28 13:45:48,2026-03-09 18:45:48
A00953,ACCT5356201965,Business,P03212,,Punjab National Bank,BR7591,2025-05-27,,Dormant,SRC001,0.89,2024-07-28 02:37:50,2026-03-21 22:52:05
A00954,ACCT6417227439,Business,P03144,,ICICI Bank,BR9580,2021-06-01,,Active,SRC014,0.81,2024-04-22 06:07:16,2024-05-15 06:07:16
A00955,ACCT4925520648,Business,P01443,,Punjab National Bank,BR3079,2021-05-14,2024-11-23,Dormant,SRC017,0.83,2026-05-22 08:18:39,2026-05-23 21:18:39
A00956,ACCT4623127118,Business,P01344,,State Bank of India,BR1595,2021-01-26,2024-09-26,Closed,SRC029,0.86,2026-02-05 10:25:12,2026-03-03 05:25:12
A00957,ACCT4864091971,Current,P03888,,Bank of Baroda,BR5244,2019-09-09,,Closed,SRC026,0.95,2025-08-11 00:54:45,2025-09-01 23:54:45
A00958,ACCT6422533044,Current,P03087,,Axis Bank,BR3748,2025-11-21,,Dormant,SRC029,0.86,2025-08-13 19:20:49,2025-08-16 17:20:49
A00959,ACCT7565338198,Business,,O0296,State Bank of India,BR2651,2023-10-05,,Active,SRC010,0.97,2024-01-15 02:39:17,2025-01-16 00:04:01
A00960,ACCT3138318483,Current,P02459,,Bank of Baroda,BR7244,2021-05-28,,Closed,SRC024,0.92,2026-06-22 05:06:23,2026-07-13 20:06:23
A00961,ACCT1497868556,Savings,P03815,,ICICI Bank,BR4317,2018-05-29,,Active,SRC027,0.91,2026-03-14 17:48:31,2026-03-30 02:48:31
A00962,ACCT6719282927,Savings,P01528,,HDFC Bank,BR8628,2023-11-08,,Dormant,SRC026,0.87,2025-02-27 19:32:05,2025-03-19 06:32:05
A00963,ACCT3364349654,Savings,P03960,,Punjab National Bank,BR5601,2019-02-18,2025-03-10,Dormant,SRC020,0.91,2024-11-21 18:13:25,2025-04-05 08:45:42
A00964,ACCT3092361656,Savings,P00880,,HDFC Bank,BR2703,2018-11-18,,Active,SRC025,0.82,2024-02-22 05:21:34,2025-04-01 04:51:29
A00965,ACCT7835270783,Current,,O0471,HDFC Bank,BR7780,2018-08-10,,Dormant,SRC012,0.99,2024-12-04 19:29:45,2024-12-18 17:29:45
A00966,ACCT3916713665,Current,P01819,,HDFC Bank,BR5790,2018-09-08,,Under Review,SRC007,0.81,2025-06-14 04:20:36,2026-08-28 22:03:19
A00967,ACCT4922694089,Business,P00682,,HDFC Bank,BR3853,2017-12-20,,Closed,SRC024,0.89,2025-10-24 14:11:19,2025-10-28 03:11:19
A00968,ACCT1665616543,Current,P01515,,Bank of Baroda,BR8422,2020-04-07,,Dormant,SRC018,0.87,2024-02-08 10:06:45,2024-12-04 14:28:56
A00969,ACCT2681115873,Current,P02273,,Axis Bank,BR8264,2020-11-16,,Closed,SRC003,0.82,2025-06-08 19:55:25,2025-06-23 10:55:25
A00970,ACCT5288550884,Business,P03215,,State Bank of India,BR4355,2020-09-01,,Dormant,SRC028,0.83,2026-04-20 00:37:50,2026-05-01 12:37:50
A00971,ACCT4364562547,Savings,P02888,,State Bank of India,BR1288,2023-01-19,,Closed,SRC003,0.86,2026-04-05 14:58:19,2026-04-17 08:58:19
A00972,ACCT4884142774,Business,P00685,,Bank of Baroda,BR2280,2026-03-03,,Active,SRC005,0.93,2025-01-22 02:10:47,2026-07-24 12:09:05
A00973,ACCT5534075211,Business,P00123,,HDFC Bank,BR5398,2022-10-13,,Dormant,SRC014,0.96,2025-04-24 11:10:26,2025-05-22 14:10:26
A00974,ACCT9546281371,Current,P00563,,Bank of Baroda,BR4907,2019-06-17,,Dormant,SRC005,0.95,2024-12-18 14:54:48,2025-09-24 04:26:30
A00975,ACCT6096526728,Business,P01134,,Axis Bank,BR6711,2024-05-26,,Under Review,SRC018,0.82,2026-02-23 03:07:19,2026-03-07 20:07:19
A00976,ACCT6772556727,Business,P01078,,Bank of Baroda,BR4871,2025-06-07,,Under Review,SRC026,0.81,2026-07-02 13:39:58,2026-07-06 01:39:58
A00977,ACCT5886121921,Current,P02385,,ICICI Bank,BR8427,2025-06-14,,Dormant,SRC021,0.84,2024-01-16 01:37:55,2025-08-18 18:55:38
A00978,ACCT4059620061,Current,P02553,,State Bank of India,BR6649,2023-11-07,,Dormant,SRC014,0.96,2025-05-16 07:23:26,2025-06-07 03:23:26
A00979,ACCT5249309413,Current,P01699,,ICICI Bank,BR5410,2018-08-15,,Active,SRC005,0.84,2026-01-03 11:13:40,2026-01-13 13:13:40
A00980,ACCT8115972436,Business,P01429,,Axis Bank,BR2279,2025-09-11,,Dormant,SRC006,0.89,2025-04-06 03:42:57,2026-08-19 10:18:48
A00981,ACCT8421029230,Current,,O0035,HDFC Bank,BR5856,2017-11-10,,Active,SRC010,0.97,2025-08-23 03:25:25,2026-07-14 03:28:40
A00982,ACCT2613889744,Business,P03198,,ICICI Bank,BR6923,2026-07-21,2025-11-23,Under Review,SRC013,0.92,2025-08-25 01:37:48,2025-09-06 23:37:48
A00983,ACCT4792540042,Current,P00712,,HDFC Bank,BR3284,2023-12-28,,Closed,SRC016,0.98,2026-08-11 02:32:31,2026-08-11 13:32:31
A00984,ACCT3256898598,Savings,P00511,,Punjab National Bank,BR7953,2023-12-02,,Active,SRC017,0.98,2024-02-18 06:18:44,2024-07-26 05:00:08
A00985,ACCT4681115141,Savings,,O0355,Axis Bank,BR1934,2020-09-09,,Under Review,SRC013,0.86,2026-02-27 18:57:02,2026-03-16 20:57:02
A00986,ACCT1008292588,Business,P03777,,Axis Bank,BR2516,2023-10-16,,Dormant,SRC023,0.89,2025-04-05 11:52:34,2025-11-18 22:25:34
A00987,ACCT1864507379,Current,,O0052,HDFC Bank,BR2226,2019-08-11,,Dormant,SRC006,0.92,2025-10-30 07:37:41,2025-11-29 02:37:41
A00988,ACCT6637956307,Current,P03719,,Punjab National Bank,BR9828,2020-01-10,2026-01-06,Under Review,SRC027,0.96,2024-09-07 17:10:58,2025-05-11 14:16:49
A00989,ACCT6283731822,Current,P01336,,Axis Bank,BR2065,2026-05-31,,Dormant,SRC030,0.94,2024-04-22 03:12:05,2024-04-28 15:12:05
A00990,ACCT9747565044,Current,P01118,,Punjab National Bank,BR5588,2025-01-29,,Under Review,SRC024,0.83,2024-01-01 19:57:00,2025-10-22 13:49:46
A00991,ACCT9940474907,Savings,P01974,,Axis Bank,BR1636,2017-10-04,,Dormant,SRC008,0.87,2024-04-19 02:47:56,2026-07-10 15:11:02
A00992,ACCT2527196716,Current,,O0449,ICICI Bank,BR2044,2017-03-21,,Active,SRC027,0.86,2024-07-14 21:57:02,2024-10-05 21:16:18
A00993,ACCT2357232877,Savings,P00601,,Bank of Baroda,BR4380,2024-01-03,,Under Review,SRC028,0.81,2024-08-22 21:25:27,2025-11-08 00:01:11
A00994,ACCT9495967213,Business,P02697,,Punjab National Bank,BR3766,2024-08-29,,Closed,SRC019,0.91,2026-02-11 09:43:26,2026-03-09 23:43:26
A00995,ACCT7521996998,Current,P00617,,Punjab National Bank,BR6876,2017-07-25,,Dormant,SRC020,0.83,2026-02-18 02:51:09,2026-04-09 17:17:15
A00996,ACCT1294894847,Savings,P00288,,ICICI Bank,BR5982,2025-03-05,,Active,SRC009,0.94,2025-02-17 10:48:47,2025-03-04 06:48:47
A00997,ACCT4848691221,Current,P01126,,HDFC Bank,BR2620,2025-11-21,2026-05-31,Dormant,SRC009,0.9,2025-08-11 08:12:27,2025-08-27 17:12:27
A00998,ACCT8614902486,Savings,P01135,,Punjab National Bank,BR2179,2017-06-15,,Active,SRC022,0.93,2025-07-01 05:10:38,2025-07-11 07:10:38
A00999,ACCT6981132662,Business,P03365,,Punjab National Bank,BR9508,2016-10-17,,Active,SRC002,0.8,2024-07-10 16:57:58,2024-07-16 05:57:58
A01000,ACCT3443895493,Business,P02236,,HDFC Bank,BR1646,2021-02-08,,Under Review,SRC026,0.86,2026-05-04 12:43:38,2026-06-02 06:43:38
A01001,ACCT2316232262,Business,P00929,,HDFC Bank,BR1886,2023-08-14,,Active,SRC026,0.85,2024-10-01 17:10:08,2024-10-14 15:10:08
A01002,ACCT6689146795,Business,P03451,,State Bank of India,BR8968,2018-05-17,,Dormant,SRC017,0.86,2024-04-13 20:08:25,2024-10-25 23:27:19
A01003,ACCT5728008646,Savings,,O0370,Bank of Baroda,BR7239,2023-08-05,,Closed,SRC030,0.97,2026-02-10 01:31:59,2026-02-23 12:31:59
A01004,ACCT4304304257,Business,P00367,,Punjab National Bank,BR3708,2019-07-30,,Active,SRC025,0.86,2024-09-05 00:28:11,2026-01-28 19:17:51
A01005,ACCT2025301582,Current,P02903,,HDFC Bank,BR9606,2019-09-25,,Closed,SRC030,0.87,2024-02-14 15:22:30,2025-06-01 22:51:43
A01006,ACCT2536088109,Savings,P01886,,Punjab National Bank,BR8716,2021-12-29,,Closed,SRC004,0.85,2026-03-06 00:24:21,2026-03-22 16:24:21
A01007,ACCT4198180390,Current,P01534,,Axis Bank,BR9960,2023-01-20,,Active,SRC004,0.99,2024-06-11 23:29:05,2025-01-29 04:54:34
A01008,ACCT8617792057,Business,P03495,,Bank of Baroda,BR7083,2026-07-21,,Active,SRC024,0.98,2026-05-14 16:01:29,2026-05-31 02:01:29
A01009,ACCT9170348378,Business,P00309,,Axis Bank,BR4382,2020-07-04,,Closed,SRC018,0.91,2025-10-20 17:22:42,2025-11-02 13:22:42
A01010,ACCT5919349011,Current,P01904,,Axis Bank,BR4509,2025-11-11,,Dormant,SRC014,0.85,2024-08-18 15:56:14,2024-12-19 05:25:03
A01011,ACCT9490207580,Savings,P01279,,Bank of Baroda,BR6698,2024-10-06,,Dormant,SRC018,0.92,2025-01-29 20:04:28,2026-02-25 15:43:39
A01012,ACCT9500188097,Current,P03919,,Bank of Baroda,BR3469,2022-05-21,,Closed,SRC014,0.96,2024-06-13 04:45:05,2026-05-16 21:03:49
A01013,ACCT4076745574,Current,P01393,,State Bank of India,BR1745,2021-09-23,,Under Review,SRC017,0.82,2026-04-22 04:06:06,2026-05-19 08:06:06
A01014,ACCT5456134773,Business,P03876,,State Bank of India,BR3946,2021-03-25,,Active,SRC002,0.89,2026-05-04 07:12:25,2026-05-17 08:12:25
A01015,ACCT8406852554,Business,P00539,,Punjab National Bank,BR4060,2020-10-25,,Closed,SRC024,0.97,2024-07-20 02:15:48,2026-07-10 01:47:34
A01016,ACCT7734816386,Business,P00008,,Bank of Baroda,BR2671,2023-08-14,,Closed,SRC007,0.85,2024-09-26 13:43:59,2024-09-28 09:43:59
A01017,ACCT9918003607,Business,P01364,,Axis Bank,BR4022,2026-03-25,,Closed,SRC013,0.83,2024-03-04 05:38:55,2024-12-25 08:15:32
A01018,ACCT2204900206,Current,,O0073,State Bank of India,BR2918,2026-01-24,,Under Review,SRC030,0.82,2025-03-30 18:12:18,2025-04-19 16:12:18
A01019,ACCT9654968792,Current,P00360,,Bank of Baroda,BR1473,2024-06-21,,Under Review,SRC015,0.91,2025-06-18 18:17:17,2025-06-25 23:17:17
A01020,ACCT3529983888,Business,P02163,,HDFC Bank,BR7380,2023-07-30,,Dormant,SRC027,0.92,2025-10-14 17:29:44,2026-02-14 12:51:47
A01021,ACCT3939478805,Savings,,O0427,Axis Bank,BR5719,2026-01-02,,Under Review,SRC023,0.88,2025-12-27 19:39:20,2026-02-02 01:20:26
A01022,ACCT2726850633,Savings,P02955,,Punjab National Bank,BR1696,2018-10-06,,Dormant,SRC002,0.96,2024-07-31 04:01:04,2024-12-19 03:03:32
A01023,ACCT6781474260,Current,P03481,,Bank of Baroda,BR5704,2020-04-15,,Under Review,SRC001,0.85,2025-03-27 13:42:37,2026-07-27 19:17:07
A01024,ACCT8979046428,Business,P00764,,Bank of Baroda,BR9136,2024-04-22,,Closed,SRC026,0.83,2025-07-18 06:32:24,2025-10-28 00:31:09
A01025,ACCT8985890719,Savings,P00219,,Bank of Baroda,BR1245,2026-07-01,,Dormant,SRC013,0.87,2024-10-08 10:19:37,2024-10-17 13:19:37
A01026,ACCT1178935043,Current,P01081,,Axis Bank,BR1874,2022-02-02,,Dormant,SRC022,0.82,2025-03-10 17:09:06,2025-03-26 05:09:06
A01027,ACCT7252693125,Savings,P02725,,Bank of Baroda,BR4530,2018-01-02,,Dormant,SRC030,0.91,2026-03-26 06:14:49,2026-04-01 00:14:49
A01028,ACCT5092896520,Savings,P01707,,Punjab National Bank,BR5722,2025-10-28,,Closed,SRC017,0.96,2026-02-11 18:37:03,2026-03-09 23:37:03
A01029,ACCT7458262044,Business,P01336,,Punjab National Bank,BR6302,2022-02-01,2025-10-24,Closed,SRC013,0.93,2024-11-27 03:57:55,2024-11-28 05:57:55
A01030,ACCT4156294469,Savings,P01531,,State Bank of India,BR7825,2025-07-28,,Dormant,SRC022,0.92,2025-06-22 05:47:10,2026-03-31 03:16:08
A01031,ACCT7519348999,Savings,P02511,,Punjab National Bank,BR5152,2025-02-26,2024-12-18,Active,SRC027,0.83,2026-04-11 07:54:05,2026-04-15 11:54:05
A01032,ACCT2314902684,Savings,P00484,,Axis Bank,BR5681,2019-08-11,,Active,SRC030,0.86,2024-08-05 08:45:14,2026-06-19 03:40:26
A01033,ACCT5236282520,Business,P02585,,State Bank of India,BR5954,2018-06-28,,Dormant,SRC018,0.86,2024-03-17 23:18:50,2026-06-30 03:42:40
A01034,ACCT9375216428,Savings,P01109,,State Bank of India,BR8498,2017-01-22,,Closed,SRC004,0.9,2024-06-05 23:35:31,2024-12-17 05:22:53
A01035,ACCT2005775635,Savings,P01651,,State Bank of India,BR4313,2020-10-31,,Active,SRC010,0.92,2026-01-17 01:54:11,2026-05-21 19:22:42
A01036,ACCT4876487173,Business,,O0473,ICICI Bank,BR5829,2017-06-27,,Closed,SRC006,0.86,2024-07-21 12:13:27,2024-08-01 07:13:27
A01037,ACCT4985319763,Current,,O0185,HDFC Bank,BR9288,2024-06-18,,Closed,SRC016,0.96,2025-01-25 18:38:38,2025-02-21 06:38:38
A01038,ACCT7180852867,Current,P01426,,Axis Bank,BR7743,2021-04-29,,Active,SRC030,0.87,2025-05-06 19:49:13,2026-05-18 23:48:28
A01039,ACCT1976392072,Business,P02139,,ICICI Bank,BR7355,2023-12-23,,Closed,SRC014,0.85,2025-03-12 13:57:41,2025-03-20 02:57:41
A01040,ACCT4440320238,Business,P01163,,Axis Bank,BR2296,2023-05-10,,Dormant,SRC013,0.83,2024-01-02 16:46:51,2025-05-08 14:27:18
A01041,ACCT4491643558,Business,P03982,,HDFC Bank,BR4982,2021-08-07,,Dormant,SRC009,0.91,2026-02-23 17:54:22,2026-03-01 07:54:22
A01042,ACCT5593452616,Business,P02317,,State Bank of India,BR2496,2017-05-17,2025-11-10,Under Review,SRC002,0.89,2024-05-02 00:40:48,2025-06-14 16:47:03
A01043,ACCT1022915804,Savings,P00379,,State Bank of India,BR9837,2017-10-23,,Closed,SRC017,0.93,2025-12-22 00:47:41,2026-05-30 23:12:43
A01044,ACCT1737147585,Current,P02158,,State Bank of India,BR4914,2024-09-07,,Under Review,SRC026,0.93,2026-07-19 10:02:16,2026-07-28 15:02:16
A01045,ACCT4198521723,Savings,,O0106,ICICI Bank,BR3248,2024-11-23,,Dormant,SRC005,0.88,2024-02-01 20:26:47,2026-08-24 21:36:59
A01046,ACCT3320595357,Savings,P01399,,Axis Bank,BR7195,2024-07-31,2026-02-18,Dormant,SRC003,0.9,2024-12-04 02:05:03,2025-03-18 13:18:51
A01047,ACCT4093314516,Savings,P03740,,Bank of Baroda,BR3060,2016-10-02,,Active,SRC012,0.85,2024-03-23 03:38:11,2025-05-01 19:23:40
A01048,ACCT4716588698,Savings,P01486,,Punjab National Bank,BR7986,2026-04-28,,Dormant,SRC011,0.86,2024-06-01 16:19:20,2026-05-18 22:29:17
A01049,ACCT9897645543,Current,P03037,,Punjab National Bank,BR5141,2021-03-18,,Closed,SRC006,0.85,2025-06-22 03:33:50,2026-06-17 03:30:45
A01050,ACCT4128713902,Current,P03412,,Bank of Baroda,BR3343,2022-01-31,,Dormant,SRC002,0.87,2026-05-29 07:13:42,2026-06-05 12:13:42
A01051,ACCT2285957288,Current,P00759,,ICICI Bank,BR6660,2024-05-01,,Closed,SRC002,0.96,2026-05-09 13:07:17,2026-05-10 02:07:17
A01052,ACCT3579569620,Business,P00711,,HDFC Bank,BR2795,2025-03-28,,Active,SRC021,0.88,2025-08-27 02:49:34,2025-09-18 19:49:34
A01053,ACCT4752604132,Business,P03071,,HDFC Bank,BR2460,2021-03-22,,Closed,SRC028,0.9,2025-04-20 13:56:15,2025-05-18 23:56:15
A01054,ACCT9201418834,Business,,O0220,Axis Bank,BR7572,2022-04-20,,Under Review,SRC005,0.91,2026-08-24 06:46:24,2026-08-28 14:46:24
A01055,ACCT1278107987,Savings,P00579,,Bank of Baroda,BR9786,2018-05-01,,Active,SRC030,0.88,2025-04-05 20:52:40,2026-01-10 16:56:57
A01056,ACCT7627993316,Business,,O0204,Punjab National Bank,BR3574,2018-07-21,,Under Review,SRC006,0.92,2025-11-13 22:11:24,2026-06-07 10:00:54
A01057,ACCT9804526872,Business,P01529,,ICICI Bank,BR9702,2018-03-21,,Closed,SRC016,0.82,2025-07-28 13:53:36,2026-06-23 00:32:57
A01058,ACCT9531014959,Current,,O0496,State Bank of India,BR8887,2020-08-06,,Active,SRC015,0.97,2024-08-23 23:27:54,2025-10-26 12:41:27
A01059,ACCT3490284248,Savings,,O0005,Punjab National Bank,BR1980,2024-08-25,,Active,SRC006,0.96,2025-06-05 03:06:01,2025-06-30 06:06:01
A01060,ACCT7563934831,Current,P03526,,Axis Bank,BR2003,2023-02-28,,Closed,SRC001,0.8,2024-03-11 00:32:33,2025-12-25 00:23:20
A01061,ACCT9089741112,Business,,O0320,Bank of Baroda,BR8349,2022-08-10,,Under Review,SRC008,0.9,2026-07-21 09:55:54,2026-08-07 23:55:54
A01062,ACCT2917742332,Savings,P02479,,Axis Bank,BR4222,2026-02-10,,Dormant,SRC004,0.87,2026-07-27 07:43:58,2026-08-04 06:43:58
A01063,ACCT1989846771,Current,P00303,,Bank of Baroda,BR7592,2019-10-10,,Closed,SRC024,0.83,2025-05-15 05:23:05,2025-06-02 04:23:05
A01064,ACCT4329888275,Business,P00407,,Bank of Baroda,BR3548,2025-10-02,,Active,SRC026,0.83,2024-12-15 20:19:34,2024-12-17 00:19:34
A01065,ACCT4700166606,Business,P02592,,ICICI Bank,BR6272,2019-12-09,,Under Review,SRC023,0.86,2024-01-13 20:07:36,2024-09-11 03:05:32
A01066,ACCT9107135592,Current,P02998,,Punjab National Bank,BR7786,2018-05-05,,Dormant,SRC014,0.9,2024-06-24 02:20:39,2026-06-05 12:42:09
A01067,ACCT7317227847,Savings,P00214,,Axis Bank,BR6370,2019-11-09,,Closed,SRC018,0.87,2024-03-24 06:03:35,2024-11-05 23:19:41
A01068,ACCT6373355807,Current,,O0434,Bank of Baroda,BR5964,2022-08-22,,Active,SRC006,0.93,2026-03-03 15:46:58,2026-03-23 21:46:58
A01069,ACCT9449622398,Current,P02367,,HDFC Bank,BR2494,2019-02-06,,Dormant,SRC029,0.83,2026-02-20 23:10:41,2026-04-08 02:33:14
A01070,ACCT5686767165,Savings,P03622,,ICICI Bank,BR4786,2022-08-26,,Dormant,SRC008,0.95,2025-06-27 16:59:07,2026-05-19 02:21:06
A01071,ACCT2503489408,Savings,P02215,,HDFC Bank,BR5416,2025-06-05,,Active,SRC010,0.81,2025-12-29 05:57:30,2026-01-04 14:57:30
A01072,ACCT1277648166,Current,P00146,,Punjab National Bank,BR4531,2023-02-24,,Closed,SRC005,0.81,2024-07-10 23:17:03,2024-10-08 16:25:40
A01073,ACCT9821850846,Business,P02942,,Punjab National Bank,BR1355,2018-07-12,,Under Review,SRC023,0.92,2026-02-22 15:11:20,2026-03-17 00:11:20
A01074,ACCT9356509189,Savings,P03683,,Axis Bank,BR3405,2019-07-04,,Active,SRC023,0.98,2024-05-07 19:00:54,2025-08-14 18:52:36
A01075,ACCT5306139210,Current,P00093,,HDFC Bank,BR3806,2021-07-29,,Dormant,SRC005,0.8,2024-08-21 20:18:51,2025-12-18 15:14:33
A01076,ACCT8495981490,Savings,P01918,,State Bank of India,BR8168,2016-11-02,,Closed,SRC027,0.83,2026-08-11 19:00:03,2026-09-04 23:59:59
A01077,ACCT3482356240,Savings,P00070,,Bank of Baroda,BR5007,2022-01-06,,Dormant,SRC030,0.96,2025-11-10 14:30:24,2025-11-18 11:30:24
A01078,ACCT6931417903,Current,P01830,,Axis Bank,BR3950,2025-07-29,2025-11-15,Under Review,SRC007,0.92,2025-08-22 04:34:53,2026-03-29 09:04:02
A01079,ACCT8974591967,Savings,P01053,,ICICI Bank,BR5196,2026-04-01,,Active,SRC027,0.92,2024-07-31 11:22:50,2024-10-31 13:07:00
A01080,ACCT3429789698,Savings,P03399,,ICICI Bank,BR6299,2023-02-15,,Closed,SRC023,0.84,2026-08-17 19:23:35,2026-09-04 23:59:59
A01081,ACCT2798015519,Savings,P02611,,HDFC Bank,BR1339,2025-08-09,,Dormant,SRC001,0.84,2025-06-23 03:24:08,2025-07-07 07:24:08
A01082,ACCT5030396382,Business,P03647,,Punjab National Bank,BR6222,2025-06-23,,Closed,SRC007,0.96,2024-11-10 14:53:38,2025-02-04 05:48:36
A01083,ACCT4108488369,Savings,P02160,,Punjab National Bank,BR3647,2019-12-04,,Dormant,SRC020,0.82,2024-01-28 13:13:54,2024-07-07 00:11:28
A01084,ACCT1271212902,Savings,P01263,,HDFC Bank,BR2322,2022-05-03,,Closed,SRC014,0.93,2025-09-07 05:15:11,2026-07-13 12:11:19
A01085,ACCT8830222631,Business,P02201,,HDFC Bank,BR1608,2025-03-01,,Dormant,SRC028,0.92,2025-04-17 22:10:08,2025-08-24 02:55:53
A01086,ACCT5280379412,Current,,O0126,Bank of Baroda,BR5225,2023-03-24,,Under Review,SRC006,0.92,2026-08-06 19:34:33,2026-08-18 21:34:33
A01087,ACCT4351828608,Current,,O0225,ICICI Bank,BR3539,2023-05-12,,Active,SRC029,0.9,2025-10-20 21:47:35,2025-10-26 05:47:35
A01088,ACCT3355176822,Business,P02793,,Axis Bank,BR5886,2017-11-07,,Active,SRC023,0.83,2025-08-09 20:00:15,2025-08-28 15:00:15
A01089,ACCT7491319314,Savings,P00760,,State Bank of India,BR6541,2025-05-05,,Dormant,SRC010,0.89,2026-01-02 22:03:51,2026-01-09 00:03:51
A01090,ACCT9418009259,Current,P00530,,Punjab National Bank,BR9782,2017-12-29,,Active,SRC025,0.97,2026-02-02 13:41:49,2026-02-27 08:41:49
A01091,ACCT3681914033,Business,P03009,,Axis Bank,BR8122,2019-04-29,,Closed,SRC027,0.87,2026-06-03 00:06:34,2026-06-17 04:06:34
A01092,ACCT7824191007,Current,P03850,,Bank of Baroda,BR7892,2017-03-22,,Closed,SRC025,0.82,2025-01-08 11:08:02,2025-07-27 15:39:50
A01093,ACCT1451935984,Savings,P02046,,Punjab National Bank,BR8138,2024-09-30,,Under Review,SRC015,0.95,2026-05-31 10:05:40,2026-06-06 11:05:40
A01094,ACCT4109956593,Business,P02172,,ICICI Bank,BR1113,2025-02-07,,Under Review,SRC009,0.98,2026-03-08 23:56:33,2026-04-24 07:23:52
A01095,ACCT3140912256,Current,,O0002,State Bank of India,BR7000,2023-10-26,,Dormant,SRC027,0.9,2024-11-05 12:42:49,2026-05-15 21:11:44
A01096,ACCT2065411147,Business,P01898,,HDFC Bank,BR6521,2022-03-14,,Active,SRC027,0.94,2025-08-20 05:41:16,2025-10-08 02:57:45
A01097,ACCT8876782597,Savings,,O0328,HDFC Bank,BR2688,2023-08-08,,Closed,SRC005,0.86,2026-04-24 08:55:36,2026-05-05 07:55:36
A01098,ACCT9717305577,Current,P02990,,Axis Bank,BR1257,2021-08-09,,Under Review,SRC028,0.86,2024-10-06 01:42:29,2025-10-02 12:48:47
A01099,ACCT1133689751,Business,P03986,,ICICI Bank,BR2486,2021-06-26,,Under Review,SRC025,0.9,2026-07-27 06:25:41,2026-08-02 01:25:41
A01100,ACCT5652747912,Current,P03720,,ICICI Bank,BR4674,2018-05-13,,Closed,SRC024,0.89,2024-02-21 01:55:15,2025-04-29 14:13:35
A01101,ACCT9977111928,Current,P02827,,Axis Bank,BR8735,2021-05-14,,Closed,SRC010,0.83,2025-09-01 16:19:00,2025-09-12 04:19:00
A01102,ACCT2012759357,Savings,P03371,,ICICI Bank,BR4754,2026-07-28,2025-09-12,Active,SRC007,0.89,2026-05-25 03:49:33,2026-06-11 17:49:33
A01103,ACCT7517481777,Savings,P03218,,ICICI Bank,BR7955,2019-03-25,,Closed,SRC013,0.92,2025-06-22 02:01:11,2025-07-03 21:01:11
A01104,ACCT3956881936,Current,P01027,,Punjab National Bank,BR3071,2019-07-15,,Closed,SRC008,0.9,2025-05-05 16:11:37,2025-06-13 19:52:08
A01105,ACCT4832681521,Business,P00919,,Bank of Baroda,BR3177,2024-05-21,2024-12-18,Closed,SRC007,0.86,2024-09-25 07:53:15,2024-09-28 11:53:15
A01106,ACCT7124749445,Savings,P00402,,HDFC Bank,BR9557,2017-01-01,,Dormant,SRC015,0.83,2024-07-21 00:43:14,2025-11-04 23:40:00
A01107,ACCT5867115787,Current,P01607,,Axis Bank,BR1184,2018-12-16,,Active,SRC010,0.87,2024-12-17 03:19:16,2025-12-22 07:44:50
A01108,ACCT7080817683,Current,P03202,,State Bank of India,BR9987,2022-03-18,,Under Review,SRC002,0.84,2025-12-14 15:36:47,2026-01-12 18:36:47
A01109,ACCT8265513730,Business,P00037,,HDFC Bank,BR2494,2016-10-08,,Under Review,SRC025,0.82,2026-05-29 03:09:25,2026-05-31 01:09:25
A01110,ACCT4852725986,Current,P03297,,Punjab National Bank,BR4672,2026-08-03,,Active,SRC016,0.84,2025-09-02 05:56:08,2025-09-29 19:51:07
A01111,ACCT5852693013,Savings,,O0074,Axis Bank,BR5176,2021-03-15,,Active,SRC026,0.89,2025-02-23 23:35:29,2025-04-13 11:11:00
A01112,ACCT6679101146,Current,P00988,,Bank of Baroda,BR8814,2023-09-05,,Closed,SRC024,0.9,2025-03-17 06:52:55,2025-03-21 19:09:34
A01113,ACCT4949441226,Savings,P00029,,ICICI Bank,BR2370,2018-05-29,,Under Review,SRC017,0.93,2024-08-07 01:27:24,2026-05-13 04:42:46
A01114,ACCT7891592577,Business,P02681,,Axis Bank,BR3328,2017-11-12,2026-06-13,Active,SRC003,0.88,2025-03-11 20:52:44,2026-03-17 15:44:48
A01115,ACCT5710222415,Current,P02821,,Axis Bank,BR5983,2023-05-24,,Closed,SRC010,0.97,2026-03-04 13:25:33,2026-05-10 06:41:24
A01116,ACCT5103112584,Business,P02990,,State Bank of India,BR2120,2017-02-11,,Active,SRC018,0.83,2025-10-23 00:57:44,2025-11-03 18:57:44
A01117,ACCT4974355950,Business,P01043,,HDFC Bank,BR6099,2019-11-14,,Active,SRC003,0.99,2026-05-16 05:56:47,2026-05-20 08:56:47
A01118,ACCT4801075660,Business,P00110,,State Bank of India,BR7115,2025-03-20,,Active,SRC025,0.95,2024-06-20 00:02:18,2026-04-27 11:54:11
A01119,ACCT9014652427,Business,P01015,,ICICI Bank,BR5290,2019-04-02,2025-09-06,Dormant,SRC018,0.88,2026-07-08 12:03:01,2026-07-13 11:03:01
A01120,ACCT2825710475,Savings,P00669,,Punjab National Bank,BR2279,2025-07-07,,Active,SRC002,0.92,2024-10-27 17:01:51,2025-02-22 04:50:04
A01121,ACCT8919031666,Current,P02467,,Bank of Baroda,BR9551,2024-02-11,,Dormant,SRC021,0.81,2024-06-20 09:30:18,2026-07-13 16:44:55
A01122,ACCT5929365782,Savings,,O0383,Bank of Baroda,BR7177,2018-06-02,,Under Review,SRC009,0.82,2024-03-15 10:53:47,2026-02-03 11:44:16
A01123,ACCT3411435960,Business,P03878,,HDFC Bank,BR1445,2017-11-10,2025-12-30,Dormant,SRC004,0.96,2025-02-27 04:47:18,2025-06-05 07:03:26
A01124,ACCT2304662961,Savings,P01993,,ICICI Bank,BR8216,2023-03-14,,Active,SRC025,0.87,2024-07-28 08:47:23,2024-09-02 21:50:04
A01125,ACCT8719088627,Business,P00667,,HDFC Bank,BR1103,2018-02-19,2025-08-22,Active,SRC014,0.97,2025-02-25 22:15:06,2025-12-25 20:05:22
A01126,ACCT2423788954,Business,,O0197,ICICI Bank,BR5116,2023-05-07,2025-06-08,Closed,SRC013,0.82,2024-07-01 13:25:38,2025-01-09 23:13:13
A01127,ACCT5655568619,Savings,P02896,,HDFC Bank,BR7266,2019-11-07,,Active,SRC009,0.88,2025-12-13 21:39:33,2026-01-01 12:39:33
A01128,ACCT3465001145,Business,P02176,,State Bank of India,BR4835,2025-01-26,,Dormant,SRC018,0.93,2026-02-27 02:10:49,2026-03-22 06:10:49
A01129,ACCT4974369788,Current,P02147,,State Bank of India,BR5529,2021-02-16,,Active,SRC020,0.88,2025-03-20 22:18:06,2025-04-04 15:18:06
A01130,ACCT2001399476,Savings,P03356,,HDFC Bank,BR9902,2026-07-29,,Under Review,SRC012,0.91,2024-08-23 12:42:12,2024-09-18 14:42:12
A01131,ACCT2745579570,Business,P01811,,ICICI Bank,BR7662,2020-03-10,,Active,SRC008,0.99,2025-04-27 05:48:18,2025-09-01 13:56:27
A01132,ACCT6526309355,Current,P01994,,ICICI Bank,BR3396,2019-01-22,,Active,SRC022,0.93,2024-03-01 05:37:11,2025-04-09 03:12:56
A01133,ACCT9448958760,Business,P00832,,State Bank of India,BR6336,2020-12-08,,Closed,SRC008,0.91,2026-02-28 14:52:05,2026-03-11 20:52:05
A01134,ACCT4241154438,Business,P02099,,Axis Bank,BR5814,2018-03-22,2025-07-04,Active,SRC014,0.81,2024-12-25 20:20:43,2026-01-01 02:34:33
A01135,ACCT6587984843,Current,P00811,,Punjab National Bank,BR1524,2017-01-29,,Under Review,SRC004,0.96,2024-02-19 21:42:44,2024-11-30 03:48:02
A01136,ACCT1764268119,Savings,P00022,,Punjab National Bank,BR5506,2018-03-26,,Under Review,SRC010,0.92,2024-09-05 10:46:17,2025-02-18 16:15:13
A01137,ACCT1864587984,Savings,P02714,,Punjab National Bank,BR9286,2017-10-23,2025-11-30,Closed,SRC022,0.86,2026-04-01 19:31:12,2026-04-04 13:31:12
A01138,ACCT4471191142,Savings,P02189,,State Bank of India,BR3084,2016-11-09,,Active,SRC026,0.94,2026-07-10 09:22:14,2026-08-07 02:22:14
A01139,ACCT7611223572,Current,P01455,,Axis Bank,BR4483,2019-07-12,,Dormant,SRC002,0.96,2026-05-07 02:30:10,2026-05-24 02:30:10
A01140,ACCT9215006096,Savings,,O0350,HDFC Bank,BR4128,2025-04-19,,Closed,SRC025,0.83,2024-04-13 05:07:16,2024-11-07 07:28:09
A01141,ACCT9046121683,Business,P03538,,ICICI Bank,BR4292,2019-03-11,,Under Review,SRC020,0.83,2024-06-16 12:06:33,2025-05-19 00:37:14
A01142,ACCT2839051138,Business,P02135,,HDFC Bank,BR5878,2025-11-21,,Closed,SRC029,0.93,2024-05-24 18:27:38,2025-04-26 22:58:29
A01143,ACCT2301834520,Business,P03791,,Axis Bank,BR6869,2024-11-11,,Active,SRC007,0.91,2026-08-27 05:46:41,2026-09-04 23:59:59
A01144,ACCT8292571251,Current,P00108,,Bank of Baroda,BR1105,2018-03-07,,Active,SRC021,0.92,2025-07-12 17:19:52,2026-06-03 02:40:32
A01145,ACCT6871357765,Savings,,O0287,State Bank of India,BR9866,2025-12-23,,Dormant,SRC005,0.89,2026-08-08 09:56:56,2026-08-19 11:56:56
A01146,ACCT1537652651,Savings,P03573,,Punjab National Bank,BR5788,2025-10-29,,Closed,SRC014,0.84,2024-08-01 14:27:34,2024-08-05 06:27:34
A01147,ACCT6649560141,Savings,P01974,,Axis Bank,BR9155,2017-01-16,,Active,SRC004,0.89,2024-10-04 12:50:01,2025-06-12 10:46:43
A01148,ACCT5541408751,Savings,P00758,,Bank of Baroda,BR1217,2022-08-09,,Under Review,SRC010,0.83,2025-02-14 17:17:05,2026-03-21 07:04:24
A01149,ACCT2287827098,Business,P02190,,ICICI Bank,BR5348,2023-01-03,,Under Review,SRC017,0.98,2025-11-27 08:43:25,2025-12-14 04:43:25
A01150,ACCT5543551559,Savings,P02000,,HDFC Bank,BR6874,2021-08-26,,Active,SRC015,0.91,2024-01-02 14:45:07,2025-01-07 08:07:40
A01151,ACCT3563963066,Current,P01183,,HDFC Bank,BR2991,2019-10-26,,Under Review,SRC016,0.95,2025-01-20 10:46:29,2025-05-14 14:26:38
A01152,ACCT9522365904,Savings,P01127,,Bank of Baroda,BR6551,2022-03-13,,Closed,SRC020,0.87,2026-02-03 12:44:16,2026-02-26 21:44:16
A01153,ACCT3820736252,Business,P03652,,ICICI Bank,BR8005,2026-02-27,,Dormant,SRC017,0.85,2024-01-06 20:47:19,2025-11-10 09:38:59
A01154,ACCT4123511024,Savings,P01624,,Axis Bank,BR1574,2026-05-27,,Under Review,SRC005,0.97,2025-02-01 10:59:38,2025-02-21 08:59:38
A01155,ACCT9567716956,Savings,,O0307,HDFC Bank,BR5869,2019-02-24,,Closed,SRC015,0.96,2026-01-21 23:33:29,2026-02-16 12:33:29
A01156,ACCT4537547807,Business,P01856,,ICICI Bank,BR9790,2017-04-19,2026-05-19,Under Review,SRC007,0.82,2026-02-18 04:08:43,2026-03-06 05:08:43
A01157,ACCT8951487937,Business,P03899,,State Bank of India,BR9252,2022-03-27,,Active,SRC027,0.92,2025-06-13 01:38:46,2025-07-04 01:38:46
A01158,ACCT4435393769,Business,P00539,,Axis Bank,BR6034,2025-12-05,,Under Review,SRC017,0.9,2026-08-20 22:58:04,2026-08-23 21:58:04
A01159,ACCT3293055839,Savings,P03896,,State Bank of India,BR9395,2022-10-25,,Active,SRC003,0.92,2025-03-04 19:13:26,2025-03-19 02:13:26
A01160,ACCT7120477719,Business,P03202,,State Bank of India,BR3662,2021-01-24,,Dormant,SRC011,0.98,2025-05-14 09:06:22,2025-05-26 00:06:22
A01161,ACCT2624229203,Business,P03283,,Punjab National Bank,BR8897,2022-08-13,,Active,SRC012,0.83,2025-10-22 08:41:56,2025-11-11 16:41:56
A01162,ACCT3139115705,Savings,P02891,,Axis Bank,BR4177,2026-07-15,,Closed,SRC030,0.88,2025-02-12 08:29:30,2025-02-24 10:29:30
A01163,ACCT2963391722,Current,P00225,,ICICI Bank,BR6273,2026-01-07,,Under Review,SRC017,0.93,2025-08-23 08:52:22,2025-09-15 18:52:22
A01164,ACCT9554926719,Current,P02519,,Axis Bank,BR4781,2018-09-28,,Closed,SRC023,0.94,2025-04-01 06:49:12,2025-04-14 01:49:12
A01165,ACCT9691288583,Savings,P02482,,HDFC Bank,BR4489,2024-10-16,,Active,SRC023,0.91,2025-10-20 12:24:01,2025-11-08 16:24:01
A01166,ACCT6263400882,Business,P02739,,Axis Bank,BR6444,2019-10-09,,Active,SRC001,0.92,2025-06-15 02:50:26,2025-07-10 09:50:26
A01167,ACCT4910915702,Savings,,O0240,Punjab National Bank,BR7837,2017-08-02,,Under Review,SRC024,0.94,2024-09-13 00:07:37,2025-04-20 09:17:45
A01168,ACCT6814614710,Current,P01414,,HDFC Bank,BR4800,2026-04-15,,Active,SRC020,0.98,2025-05-07 11:29:05,2025-06-03 15:29:26
A01169,ACCT8587254516,Business,P03302,,ICICI Bank,BR8764,2025-05-06,,Dormant,SRC023,0.93,2025-09-10 19:22:38,2025-09-24 12:22:38
A01170,ACCT1638745947,Savings,P02431,,Bank of Baroda,BR4807,2018-10-31,,Dormant,SRC016,0.96,2026-08-25 21:24:25,2026-08-31 01:24:25
A01171,ACCT5647445323,Business,P00761,,Punjab National Bank,BR6969,2017-05-09,2025-12-03,Closed,SRC005,0.86,2024-02-06 13:54:18,2024-10-03 02:14:09
A01172,ACCT4985388444,Current,P00058,,Bank of Baroda,BR4386,2021-11-01,,Dormant,SRC029,0.84,2025-05-11 07:09:18,2025-05-18 15:09:18
A01173,ACCT8245063295,Business,P01583,,HDFC Bank,BR5419,2017-07-08,,Dormant,SRC009,0.97,2024-10-07 19:56:54,2024-10-23 20:56:54
A01174,ACCT1493558413,Current,P01323,,Punjab National Bank,BR5474,2016-11-11,,Under Review,SRC004,0.94,2024-11-06 16:12:34,2025-10-23 21:55:47
A01175,ACCT8283815486,Current,P01747,,ICICI Bank,BR2308,2022-06-16,,Under Review,SRC022,0.93,2025-04-15 07:38:27,2025-04-27 12:38:27
A01176,ACCT4320639718,Current,,O0126,ICICI Bank,BR9467,2025-10-24,,Closed,SRC004,0.85,2025-05-08 01:34:41,2025-06-02 20:34:41
A01177,ACCT9461666236,Current,P00281,,ICICI Bank,BR6699,2016-10-29,,Under Review,SRC025,0.92,2024-03-10 13:31:55,2025-03-23 13:40:52
A01178,ACCT6786172913,Savings,P03516,,Bank of Baroda,BR8805,2016-09-04,,Under Review,SRC011,0.89,2024-06-10 16:52:57,2024-10-09 12:22:41
A01179,ACCT5906684929,Savings,P03220,,HDFC Bank,BR1117,2018-07-11,,Closed,SRC019,0.8,2025-02-22 23:13:02,2025-03-03 21:13:02
A01180,ACCT5028603215,Business,P01932,,Punjab National Bank,BR6516,2020-12-04,2026-06-09,Dormant,SRC023,0.97,2024-09-02 01:58:28,2025-11-05 22:37:03
A01181,ACCT7172859619,Business,P03025,,Punjab National Bank,BR4481,2022-02-16,2025-05-05,Dormant,SRC010,0.88,2024-12-21 09:15:43,2025-12-12 20:39:17
A01182,ACCT3448311000,Current,P02711,,ICICI Bank,BR6890,2023-11-06,,Closed,SRC027,0.87,2024-07-21 17:28:39,2026-01-10 20:05:46
A01183,ACCT7568146769,Business,P01444,,Bank of Baroda,BR5636,2019-04-28,,Under Review,SRC020,0.89,2024-07-26 19:44:37,2024-08-03 23:44:37
A01184,ACCT8550439354,Business,,O0482,Axis Bank,BR8859,2022-10-01,,Dormant,SRC011,0.85,2024-11-10 14:12:15,2025-07-07 05:10:29
A01185,ACCT9151703536,Savings,P01463,,ICICI Bank,BR2528,2023-03-08,,Closed,SRC013,0.87,2025-03-10 03:00:36,2026-03-31 14:35:05
A01186,ACCT2933257076,Business,,O0156,State Bank of India,BR5942,2021-05-19,,Under Review,SRC009,0.91,2024-09-20 14:24:49,2024-10-14 04:24:49
A01187,ACCT6777295566,Current,,O0452,Bank of Baroda,BR2498,2020-09-06,,Active,SRC007,0.91,2024-04-04 00:02:05,2024-12-29 03:25:29
A01188,ACCT6887945386,Current,P03409,,HDFC Bank,BR1043,2022-06-07,,Under Review,SRC009,0.94,2024-07-16 14:36:42,2026-06-09 00:59:05
A01189,ACCT6513562033,Business,P02599,,Bank of Baroda,BR5014,2025-11-06,,Under Review,SRC029,0.9,2024-10-07 17:54:47,2026-08-14 17:52:08
A01190,ACCT4955936127,Business,P00608,,ICICI Bank,BR7899,2020-01-01,,Under Review,SRC030,0.94,2026-07-08 18:15:11,2026-07-19 21:15:11
A01191,ACCT6606063337,Savings,P01854,,Axis Bank,BR7615,2024-08-30,,Under Review,SRC001,0.87,2024-01-24 04:20:39,2024-01-28 12:20:39
A01192,ACCT3283805724,Savings,P00264,,HDFC Bank,BR3132,2023-07-10,,Under Review,SRC007,0.88,2026-04-16 19:16:04,2026-05-15 12:16:04
A01193,ACCT8681019777,Current,P02768,,Punjab National Bank,BR6854,2025-04-19,,Active,SRC002,0.94,2025-01-01 03:16:19,2026-07-27 22:25:59
A01194,ACCT2923642102,Savings,P00648,,ICICI Bank,BR9274,2021-06-27,,Active,SRC010,0.83,2024-02-23 06:00:41,2024-05-15 01:51:50
A01195,ACCT8882138062,Savings,P00483,,Punjab National Bank,BR5632,2026-03-31,,Closed,SRC012,0.89,2025-03-29 14:14:50,2025-04-11 11:14:50
A01196,ACCT2720641921,Business,P03333,,Punjab National Bank,BR2608,2025-03-30,,Active,SRC007,0.92,2025-01-02 07:11:22,2025-01-21 06:11:22
A01197,ACCT8553253769,Current,P03337,,Axis Bank,BR5354,2022-11-14,,Closed,SRC002,0.84,2025-03-03 02:13:01,2026-07-25 03:34:10
A01198,ACCT8130811464,Business,,O0082,State Bank of India,BR9765,2017-06-19,,Dormant,SRC001,0.93,2025-05-28 10:29:09,2025-06-05 07:29:09
A01199,ACCT2965346357,Current,P03540,,ICICI Bank,BR1323,2020-03-04,,Closed,SRC009,0.97,2025-04-14 06:28:07,2026-01-24 20:05:04
A01200,ACCT5988214873,Business,P03519,,Bank of Baroda,BR3385,2016-09-28,,Under Review,SRC012,0.81,2024-02-14 14:59:36,2024-10-14 14:43:23
A01201,ACCT7401554108,Business,P01171,,State Bank of India,BR8089,2025-07-18,,Active,SRC019,0.93,2025-12-30 10:12:47,2026-01-05 12:12:47
A01202,ACCT3324389209,Business,P03923,,Axis Bank,BR9296,2020-04-13,,Dormant,SRC005,0.84,2025-01-04 16:12:05,2026-03-10 19:28:03
A01203,ACCT1573789994,Savings,P03609,,State Bank of India,BR9333,2023-04-24,,Dormant,SRC021,0.98,2025-11-28 03:52:43,2025-12-04 15:52:43
A01204,ACCT1252687410,Current,,O0116,State Bank of India,BR8082,2025-10-22,,Active,SRC007,0.95,2025-11-04 10:15:49,2026-07-29 05:43:19
A01205,ACCT1929663946,Current,P03480,,HDFC Bank,BR1734,2024-07-04,,Closed,SRC004,0.81,2024-11-19 18:55:58,2025-07-13 22:29:52
A01206,ACCT3621363801,Business,,O0460,ICICI Bank,BR9719,2019-03-05,2025-11-27,Active,SRC028,0.81,2025-12-04 19:23:45,2025-12-30 11:23:45
A01207,ACCT3343004901,Savings,,O0212,Bank of Baroda,BR1976,2025-05-01,,Closed,SRC007,0.92,2024-07-12 20:37:14,2024-09-02 01:50:03
A01208,ACCT3623450418,Business,,O0310,ICICI Bank,BR7011,2025-12-11,,Active,SRC003,0.95,2026-02-14 17:27:19,2026-02-15 07:27:19
A01209,ACCT1488530539,Savings,P01726,,Punjab National Bank,BR6910,2020-10-04,,Active,SRC022,0.92,2026-07-31 18:59:27,2026-08-06 02:43:25
A01210,ACCT2299781530,Current,P01196,,Punjab National Bank,BR2223,2023-05-04,,Active,SRC012,0.87,2025-10-16 21:16:03,2025-10-21 04:16:03
A01211,ACCT9928206018,Savings,P03481,,ICICI Bank,BR6396,2020-01-20,,Active,SRC007,0.85,2025-11-12 01:58:03,2025-11-19 16:58:03
A01212,ACCT4693925313,Business,P03346,,State Bank of India,BR3307,2021-06-24,,Dormant,SRC003,0.99,2026-02-03 09:16:54,2026-03-04 02:16:54
A01213,ACCT3179239061,Savings,P02003,,Punjab National Bank,BR3617,2025-02-14,,Dormant,SRC013,0.92,2025-08-11 12:01:37,2026-05-23 03:35:35
A01214,ACCT4142160965,Current,P00601,,Bank of Baroda,BR5884,2025-05-18,,Dormant,SRC015,0.89,2024-05-18 16:54:33,2024-11-30 20:56:21
A01215,ACCT7166696685,Savings,P02443,,HDFC Bank,BR6953,2025-09-02,,Dormant,SRC002,0.85,2024-11-18 21:54:22,2024-12-04 20:54:22
A01216,ACCT5883930067,Savings,P03081,,State Bank of India,BR6963,2023-02-05,,Under Review,SRC023,0.92,2024-10-07 15:54:08,2025-09-04 13:37:51
A01217,ACCT5544263617,Current,P02355,,HDFC Bank,BR4992,2017-09-09,,Closed,SRC013,0.89,2025-03-08 08:56:38,2025-03-16 16:56:38
A01218,ACCT8889763992,Current,P02494,,ICICI Bank,BR5478,2024-12-02,,Dormant,SRC014,0.87,2024-11-03 06:36:51,2025-03-07 11:03:27
A01219,ACCT4360570209,Savings,P01910,,Bank of Baroda,BR5914,2017-01-28,,Closed,SRC001,0.91,2025-09-02 03:51:02,2026-06-17 19:01:49
A01220,ACCT5868302174,Business,P02631,,Punjab National Bank,BR2291,2025-01-29,2026-08-20,Active,SRC026,0.96,2025-05-18 20:29:23,2025-05-26 02:29:23
A01221,ACCT6264173017,Current,P00257,,Bank of Baroda,BR3911,2022-01-22,,Active,SRC007,0.94,2025-09-02 02:53:46,2026-06-22 07:54:53
A01222,ACCT3923506159,Current,P03918,,ICICI Bank,BR2712,2022-01-07,,Dormant,SRC017,0.84,2026-01-05 11:05:35,2026-01-28 06:55:10
A01223,ACCT5227123508,Business,P00971,,State Bank of India,BR9558,2025-06-20,,Closed,SRC011,0.87,2025-06-06 06:42:50,2026-02-14 20:39:44
A01224,ACCT5714620723,Current,P02482,,Punjab National Bank,BR4079,2025-01-09,,Closed,SRC003,0.88,2025-04-12 10:12:20,2025-04-27 06:12:20
A01225,ACCT4523271650,Business,P02587,,ICICI Bank,BR8312,2016-10-21,,Dormant,SRC013,0.91,2024-02-17 14:34:26,2025-11-23 08:29:51
A01226,ACCT1812690845,Business,P03181,,ICICI Bank,BR7063,2022-12-06,2026-01-03,Dormant,SRC025,0.91,2024-07-21 07:00:00,2025-12-16 08:39:25
A01227,ACCT9697466962,Savings,P01548,,ICICI Bank,BR5554,2016-09-25,,Under Review,SRC028,0.95,2025-03-03 13:55:25,2025-04-29 18:54:03
A01228,ACCT3894255320,Current,P03716,,Bank of Baroda,BR6334,2021-09-24,,Active,SRC010,0.95,2024-10-12 16:30:31,2025-09-09 15:44:47
A01229,ACCT6321084577,Savings,P01325,,Bank of Baroda,BR7510,2017-04-19,,Dormant,SRC019,0.85,2024-07-21 18:52:35,2024-09-26 03:57:12
A01230,ACCT6180808228,Savings,P03276,,Punjab National Bank,BR6751,2026-02-24,,Closed,SRC012,0.8,2025-10-04 20:43:12,2026-06-17 18:16:58
A01231,ACCT3901600668,Savings,P03346,,State Bank of India,BR3424,2020-06-21,,Under Review,SRC008,0.94,2025-02-28 09:16:14,2025-03-03 21:16:14
A01232,ACCT7829733133,Business,,O0135,ICICI Bank,BR6298,2024-06-20,2026-03-13,Under Review,SRC003,0.82,2026-03-08 20:39:24,2026-03-11 13:39:24
A01233,ACCT2120808211,Savings,,O0383,Punjab National Bank,BR2924,2020-02-25,,Closed,SRC001,0.85,2024-09-02 16:17:39,2026-04-05 11:00:23
A01234,ACCT6236500470,Savings,,O0430,State Bank of India,BR6049,2026-01-01,,Closed,SRC014,0.82,2024-05-07 07:54:34,2026-03-03 09:44:06
A01235,ACCT3134296152,Current,P03309,,ICICI Bank,BR3425,2018-09-18,2026-03-29,Dormant,SRC006,0.95,2026-08-19 02:24:13,2026-09-04 23:59:59
A01236,ACCT5472980062,Business,P00436,,HDFC Bank,BR2470,2017-06-15,,Active,SRC009,0.93,2026-08-12 03:16:16,2026-08-12 13:16:16
A01237,ACCT7342839665,Savings,P01230,,Axis Bank,BR5409,2019-11-06,,Under Review,SRC027,0.96,2024-08-30 07:24:44,2024-09-19 09:24:44
A01238,ACCT6531044187,Current,P02791,,Axis Bank,BR9088,2025-11-08,,Under Review,SRC019,0.98,2025-06-23 03:48:11,2025-07-16 12:36:27
A01239,ACCT1191315112,Current,P02403,,HDFC Bank,BR5067,2017-07-18,,Under Review,SRC030,0.96,2024-09-06 04:49:06,2024-09-19 23:49:06
A01240,ACCT8205174151,Savings,,O0384,Axis Bank,BR2622,2020-08-10,,Dormant,SRC023,0.98,2025-07-09 19:47:07,2026-02-13 12:53:22
A01241,ACCT3868081287,Savings,P02304,,State Bank of India,BR8969,2018-09-05,,Closed,SRC010,0.85,2026-03-06 15:09:44,2026-03-16 00:09:44
A01242,ACCT8869465537,Business,P02845,,State Bank of India,BR4702,2017-06-07,,Under Review,SRC012,0.94,2026-06-02 07:00:37,2026-06-09 22:00:37
A01243,ACCT8472830917,Savings,P03497,,ICICI Bank,BR1657,2025-10-06,,Under Review,SRC021,0.88,2026-08-05 03:35:53,2026-09-03 04:35:53
A01244,ACCT6511812982,Current,,O0453,State Bank of India,BR5321,2023-03-15,2025-10-21,Active,SRC012,0.85,2026-05-19 17:45:34,2026-05-28 06:45:34
A01245,ACCT1516065164,Savings,,O0223,Punjab National Bank,BR7679,2020-11-23,2026-07-12,Under Review,SRC016,0.93,2025-05-28 03:41:06,2025-06-18 03:41:06
A01246,ACCT8311255543,Business,P01614,,Punjab National Bank,BR6639,2017-01-05,,Dormant,SRC026,0.94,2026-08-07 04:31:13,2026-08-10 20:31:13
A01247,ACCT7561520276,Savings,P00631,,HDFC Bank,BR9118,2021-03-26,,Dormant,SRC010,0.85,2025-11-07 14:53:17,2025-11-08 19:53:17
A01248,ACCT8789794017,Current,P00812,,Bank of Baroda,BR4154,2025-05-30,2024-09-16,Active,SRC013,0.96,2025-01-16 18:13:06,2025-05-14 00:56:03
A01249,ACCT8852132227,Business,,O0254,ICICI Bank,BR9804,2017-02-05,2024-12-24,Closed,SRC021,0.9,2024-06-18 10:11:39,2024-07-06 12:11:39
A01250,ACCT6688241124,Savings,P00415,,ICICI Bank,BR1549,2017-02-14,,Dormant,SRC028,0.92,2025-05-30 04:06:36,2025-06-12 02:06:36
A01251,ACCT7401382777,Business,P00269,,Axis Bank,BR6220,2021-01-08,,Closed,SRC001,0.86,2025-03-23 10:46:52,2025-04-06 15:43:15
A01252,ACCT3792930179,Current,P02133,,Axis Bank,BR5100,2017-03-14,,Dormant,SRC003,0.97,2024-04-19 17:21:16,2025-08-21 23:16:14
A01253,ACCT5066894484,Current,,O0025,State Bank of India,BR4594,2024-08-15,,Dormant,SRC017,0.86,2025-06-02 05:33:22,2025-06-09 06:33:22
A01254,ACCT9201793359,Savings,P03462,,ICICI Bank,BR3454,2023-06-22,,Under Review,SRC001,0.96,2025-12-30 22:47:06,2026-01-12 08:47:06
A01255,ACCT6180914265,Business,P00331,,ICICI Bank,BR9880,2018-07-13,,Under Review,SRC003,0.85,2025-01-20 03:07:37,2025-07-03 08:38:21
A01256,ACCT4215434927,Current,P01240,,ICICI Bank,BR4319,2021-08-27,,Closed,SRC020,0.86,2024-01-11 14:34:32,2024-08-10 02:27:25
A01257,ACCT6155242346,Current,P00245,,Bank of Baroda,BR7939,2021-08-15,,Closed,SRC006,0.91,2024-04-08 05:21:37,2026-08-21 14:10:53
A01258,ACCT8519423637,Business,P01644,,Punjab National Bank,BR6524,2019-01-24,,Dormant,SRC023,0.91,2026-08-24 10:50:49,2026-08-28 06:50:49
A01259,ACCT2836230410,Current,P01719,,State Bank of India,BR3576,2025-03-28,,Under Review,SRC023,0.81,2024-03-08 19:18:42,2024-04-01 17:29:38
A01260,ACCT2026549874,Business,P03969,,State Bank of India,BR6280,2024-02-23,,Active,SRC026,0.83,2025-05-30 21:56:43,2025-09-14 01:43:59
A01261,ACCT4969458627,Current,,O0157,HDFC Bank,BR1679,2018-03-01,,Dormant,SRC017,0.97,2024-06-11 08:05:42,2025-08-13 18:21:58
A01262,ACCT3402275139,Business,P01359,,HDFC Bank,BR1167,2026-06-03,,Closed,SRC001,0.92,2025-02-12 14:06:06,2025-02-24 01:06:06
A01263,ACCT9485977482,Savings,P01883,,State Bank of India,BR5267,2024-11-07,,Active,SRC012,0.9,2024-12-31 20:48:28,2025-04-11 14:47:51
A01264,ACCT3643384817,Business,,O0440,Axis Bank,BR8127,2020-06-12,2025-04-18,Active,SRC024,0.81,2024-02-06 22:14:47,2026-05-15 23:02:22
A01265,ACCT7638626947,Current,P02045,,Bank of Baroda,BR1199,2021-11-14,,Active,SRC025,0.82,2026-06-18 13:51:02,2026-07-15 14:51:02
A01266,ACCT1455052913,Current,,O0281,Axis Bank,BR4677,2024-04-01,,Closed,SRC018,0.89,2025-01-13 02:48:47,2025-07-14 02:51:33
A01267,ACCT1679508590,Current,,O0107,Bank of Baroda,BR1873,2025-12-09,2025-10-18,Active,SRC024,0.87,2024-07-23 06:38:15,2025-06-10 01:26:32
A01268,ACCT2761091046,Business,P00512,,Punjab National Bank,BR2379,2018-02-03,,Closed,SRC021,0.88,2025-07-22 12:38:51,2025-08-14 14:38:51
A01269,ACCT1886711297,Current,P03069,,ICICI Bank,BR9371,2023-07-06,,Active,SRC029,0.94,2024-07-07 09:23:50,2025-06-11 05:54:01
A01270,ACCT6476390955,Savings,P03423,,Axis Bank,BR6354,2022-07-26,,Active,SRC029,0.91,2025-08-22 01:42:00,2025-09-10 04:42:00
A01271,ACCT8867831688,Savings,,O0200,ICICI Bank,BR1013,2022-05-19,,Under Review,SRC010,0.81,2025-07-24 21:51:12,2025-08-04 15:51:12
A01272,ACCT6511142050,Savings,P00716,,HDFC Bank,BR7590,2026-07-09,,Under Review,SRC028,0.97,2024-01-23 14:23:59,2024-04-27 11:19:53
A01273,ACCT1877929112,Business,P00006,,ICICI Bank,BR5159,2024-01-29,,Under Review,SRC017,0.88,2025-03-23 22:43:20,2025-04-19 10:43:20
A01274,ACCT1261833505,Current,,O0240,HDFC Bank,BR3660,2024-03-10,,Dormant,SRC013,0.92,2024-10-19 09:43:31,2024-11-11 19:09:36
A01275,ACCT2248125058,Business,P00938,,HDFC Bank,BR2155,2018-05-28,,Dormant,SRC001,0.86,2025-02-28 14:30:15,2026-08-29 18:45:13
A01276,ACCT9422759758,Business,P01961,,HDFC Bank,BR2533,2019-05-14,,Dormant,SRC005,0.87,2025-04-02 21:53:43,2025-04-18 07:53:43
A01277,ACCT9042131271,Savings,P01722,,HDFC Bank,BR3472,2019-12-07,,Active,SRC004,0.87,2024-03-28 23:38:50,2024-08-27 00:09:14
A01278,ACCT7546519990,Business,P01056,,Axis Bank,BR2463,2022-07-21,,Active,SRC029,0.99,2026-03-24 23:48:10,2026-04-16 02:48:10
A01279,ACCT9734503986,Current,,O0485,Axis Bank,BR9602,2023-06-10,2024-11-18,Dormant,SRC020,0.9,2025-07-16 07:07:56,2026-05-07 06:09:54
A01280,ACCT6366213644,Current,P02667,,Punjab National Bank,BR2346,2019-01-11,,Closed,SRC015,0.97,2025-04-05 13:05:50,2026-02-16 03:55:44
A01281,ACCT7307071348,Current,P02580,,State Bank of India,BR9151,2022-03-11,,Closed,SRC018,0.89,2026-02-27 10:14:31,2026-03-10 09:14:31
A01282,ACCT5184238131,Current,,O0344,Axis Bank,BR5852,2026-01-18,,Dormant,SRC010,0.93,2024-05-21 10:58:58,2025-09-16 05:48:54
A01283,ACCT2483618468,Savings,P01094,,State Bank of India,BR6672,2025-01-02,,Under Review,SRC022,0.9,2024-04-23 13:58:35,2026-05-07 09:25:58
A01284,ACCT5476851657,Business,P02549,,HDFC Bank,BR3574,2017-01-17,,Closed,SRC025,0.9,2025-12-21 04:30:00,2026-01-18 03:30:00
A01285,ACCT1553971959,Current,P01072,,Punjab National Bank,BR4207,2019-07-21,,Closed,SRC008,0.85,2024-11-29 23:50:07,2024-12-12 14:50:07
A01286,ACCT8985556052,Savings,,O0081,State Bank of India,BR6619,2024-02-04,,Active,SRC030,0.8,2024-01-17 04:58:45,2024-12-27 06:06:55
A01287,ACCT7847498585,Current,,O0242,HDFC Bank,BR5697,2025-05-18,,Active,SRC021,0.95,2025-05-15 13:13:31,2025-05-23 22:13:31
A01288,ACCT6397140046,Current,P00189,,Axis Bank,BR3350,2018-09-08,,Under Review,SRC008,0.9,2026-02-07 03:37:18,2026-02-12 08:48:01
A01289,ACCT7770604055,Savings,P01028,,HDFC Bank,BR3463,2022-08-19,,Closed,SRC024,0.97,2024-06-16 10:10:28,2025-06-08 02:00:35
A01290,ACCT4091898578,Current,P01970,,HDFC Bank,BR6011,2018-05-05,,Dormant,SRC020,0.91,2026-03-08 02:51:28,2026-03-09 03:51:28
A01291,ACCT4327292625,Business,P00463,,Bank of Baroda,BR1127,2019-12-05,2025-12-05,Active,SRC012,0.9,2024-07-30 06:46:08,2024-08-23 09:51:22
A01292,ACCT5232605875,Savings,P01964,,ICICI Bank,BR4388,2018-08-05,,Active,SRC008,0.87,2024-06-13 08:00:29,2025-02-05 03:46:45
A01293,ACCT3594924958,Business,,O0358,ICICI Bank,BR3057,2022-08-07,,Under Review,SRC014,0.87,2024-08-22 03:21:27,2025-09-18 14:04:30
A01294,ACCT9228608043,Savings,P00122,,Axis Bank,BR6628,2019-05-07,,Under Review,SRC026,0.92,2025-08-27 04:49:54,2025-09-01 08:49:54
A01295,ACCT3286783447,Business,P00906,,State Bank of India,BR5218,2023-01-23,,Under Review,SRC021,0.87,2026-04-21 13:40:36,2026-05-03 00:40:36
A01296,ACCT1345183318,Business,P00380,,HDFC Bank,BR9822,2024-01-02,,Dormant,SRC021,0.83,2026-02-28 11:08:06,2026-03-10 04:08:06
A01297,ACCT1381563266,Savings,P00542,,ICICI Bank,BR4471,2020-12-15,,Closed,SRC004,0.9,2026-08-23 03:15:04,2026-09-04 23:59:59
A01298,ACCT3451703690,Current,P03980,,ICICI Bank,BR2122,2023-08-13,,Active,SRC004,0.99,2026-07-06 16:17:29,2026-07-18 07:17:29
A01299,ACCT3551044629,Business,P01758,,Punjab National Bank,BR6179,2021-09-24,,Closed,SRC024,0.8,2025-03-10 13:37:58,2026-02-04 20:28:03
A01300,ACCT4871033932,Savings,,O0372,HDFC Bank,BR2247,2025-04-02,,Active,SRC027,0.84,2024-11-06 22:39:17,2026-06-28 07:56:33
